2026-09-30T21:47:55Z INFO Logging to /tmp/logs/update_2026-09-30T21-47-55Z.log.
2026-09-30T21:47:55Z INFO Update qualifying-lfp-content-ids (base directory /tmp).
2026-09-30T21:47:56Z INFO Processing 363 items (60602 already recorded).
2026-09-30T21:47:56Z WARNING 2032a3f6-f75d-4db2-9850-533673a89d46: failed while reading the ElectricalSeries rates (AttributeError: module 'spikeinterface.extractors' has no attribute 'NwbRecordingExtractor')
2026-09-30T21:47:56Z WARNING [1/363] 2032a3f6-f75d-4db2-9850-533673a89d46: leaving unrecorded for a later run to retry.
2026-09-30T21:47:57Z WARNING 203439c8-de6c-414d-ad0b-1846d725f774: failed while reading the ElectricalSeries rates (AttributeError: module 'spikeinterface.extractors' has no attribute 'NwbRecordingExtractor')
2026-09-30T21:47:57Z WARNING [2/363] 203439c8-de6c-414d-ad0b-1846d725f774: leaving unrecorded for a later run to retry.
2026-09-30T21:47:57Z WARNING 203447e7-0e7b-4c7f-b957-0dccf4473443: failed while reading the ElectricalSeries rates (AttributeError: module 'spikeinterface.extractors' has no attribute 'NwbRecordingExtractor')
2026-09-30T21:47:57Z WARNING [3/363] 203447e7-0e7b-4c7f-b957-0dccf4473443: leaving unrecorded for a later run to retry.
2026-09-30T21:47:57Z WARNING 203582d2-c68d-43cb-9d95-ee18765469c6: failed while reading the ElectricalSeries rates (AttributeError: module 'spikeinterface.extractors' has no attribute 'NwbRecordingExtractor')
2026-09-30T21:47:57Z WARNING [4/363] 203582d2-c68d-43cb-9d95-ee18765469c6: leaving unrecorded for a later run to retry.
2026-09-30T21:47:57Z WARNING 203594f7-864e-4acd-b2ad-1181c759bb4a: failed while reading the ElectricalSeries rates (AttributeError: module 'spikeinterface.extractors' has no attribute 'NwbRecordingExtractor')
2026-09-30T21:47:57Z WARNING [5/363] 203594f7-864e-4acd-b2ad-1181c759bb4a: leaving unrecorded for a later run to retry.
2026-09-30T21:47:57Z WARNING 20364ec2-4d1e-4dc0-9b67-eb6e865fcc11: failed while reading the ElectricalSeries rates (AttributeError: module 'spikeinterface.extractors' has no attribute 'NwbRecordingExtractor')
2026-09-30T21:47:57Z WARNING [6/363] 20364ec2-4d1e-4dc0-9b67-eb6e865fcc11: leaving unrecorded for a later run to retry.
2026-09-30T21:47:58Z WARNING 2036786f-6b50-437e-a12a-c3cdf4f8c503: failed while reading the ElectricalSeries rates (AttributeError: module 'spikeinterface.extractors' has no attribute 'NwbRecordingExtractor')
2026-09-30T21:47:58Z WARNING [7/363] 2036786f-6b50-437e-a12a-c3cdf4f8c503: leaving unrecorded for a later run to retry.
2026-09-30T21:47:58Z WARNING 20375507-d31c-4dd1-bff2-99d23d7de818: failed while reading the ElectricalSeries rates (AttributeError: module 'spikeinterface.extractors' has no attribute 'NwbRecordingExtractor')
2026-09-30T21:47:58Z WARNING [8/363] 20375507-d31c-4dd1-bff2-99d23d7de818: leaving unrecorded for a later run to retry.
2026-09-30T21:47:58Z WARNING 203797a1-8c24-4d97-a6a9-d78e1e4761df: failed while reading the ElectricalSeries rates (AttributeError: module 'spikeinterface.extractors' has no attribute 'NwbRecordingExtractor')
2026-09-30T21:47:58Z WARNING [9/363] 203797a1-8c24-4d97-a6a9-d78e1e4761df: leaving unrecorded for a later run to retry.
2026-09-30T21:47:58Z WARNING 2037ae1d-1398-4ad4-96d2-bd32c85ae51b: failed while reading the ElectricalSeries rates (AttributeError: module 'spikeinterface.extractors' has no attribute 'NwbRecordingExtractor')
2026-09-30T21:47:58Z WARNING [10/363] 2037ae1d-1398-4ad4-96d2-bd32c85ae51b: leaving unrecorded for a later run to retry.
2026-09-30T21:47:58Z WARNING 2037cf86-5043-43a7-9427-a7bb07d00b0f: failed while reading the ElectricalSeries rates (AttributeError: module 'spikeinterface.extractors' has no attribute 'NwbRecordingExtractor')
2026-09-30T21:47:58Z WARNING [11/363] 2037cf86-5043-43a7-9427-a7bb07d00b0f: leaving unrecorded for a later run to retry.
2026-09-30T21:47:58Z WARNING 203902b6-51dc-490f-8155-8af2ce0cbeaf: failed while reading the ElectricalSeries rates (AttributeError: module 'spikeinterface.extractors' has no attribute 'NwbRecordingExtractor')
2026-09-30T21:47:58Z WARNING [12/363] 203902b6-51dc-490f-8155-8af2ce0cbeaf: leaving unrecorded for a later run to retry.
2026-09-30T21:47:58Z WARNING 20393534-cb5c-4c68-8bce-6bfcae1c9a91: failed while reading the ElectricalSeries rates (AttributeError: module 'spikeinterface.extractors' has no attribute 'NwbRecordingExtractor')
2026-09-30T21:47:58Z WARNING [13/363] 20393534-cb5c-4c68-8bce-6bfcae1c9a91: leaving unrecorded for a later run to retry.
2026-09-30T21:47:58Z WARNING 2039d379-4498-43d1-8e51-74242c9239ce: failed while reading the ElectricalSeries rates (AttributeError: module 'spikeinterface.extractors' has no attribute 'NwbRecordingExtractor')
2026-09-30T21:47:58Z WARNING [14/363] 2039d379-4498-43d1-8e51-74242c9239ce: leaving unrecorded for a later run to retry.
2026-09-30T21:47:58Z WARNING 203b32d4-5523-44b4-81c3-882061443ab8: failed while reading the ElectricalSeries rates (AttributeError: module 'spikeinterface.extractors' has no attribute 'NwbRecordingExtractor')
2026-09-30T21:47:58Z WARNING [15/363] 203b32d4-5523-44b4-81c3-882061443ab8: leaving unrecorded for a later run to retry.
2026-09-30T21:47:58Z WARNING 203c6599-aedd-423f-837b-d08f88d391af: failed while reading the ElectricalSeries rates (AttributeError: module 'spikeinterface.extractors' has no attribute 'NwbRecordingExtractor')
2026-09-30T21:47:58Z WARNING [16/363] 203c6599-aedd-423f-837b-d08f88d391af: leaving unrecorded for a later run to retry.
2026-09-30T21:47:58Z WARNING 203c7fae-8b50-4298-9697-d1638facc267: failed while reading the ElectricalSeries rates (AttributeError: module 'spikeinterface.extractors' has no attribute 'NwbRecordingExtractor')
2026-09-30T21:47:58Z WARNING [17/363] 203c7fae-8b50-4298-9697-d1638facc267: leaving unrecorded for a later run to retry.
2026-09-30T21:47:59Z WARNING 203cd54c-c843-43d1-9322-87adcbda9842: failed while reading the ElectricalSeries rates (AttributeError: module 'spikeinterface.extractors' has no attribute 'NwbRecordingExtractor')
2026-09-30T21:47:59Z WARNING [18/363] 203cd54c-c843-43d1-9322-87adcbda9842: leaving unrecorded for a later run to retry.
2026-09-30T21:47:59Z WARNING 203d56e3-4525-47f4-a2d5-6076b203a4b3: failed while reading the ElectricalSeries rates (AttributeError: module 'spikeinterface.extractors' has no attribute 'NwbRecordingExtractor')
2026-09-30T21:47:59Z WARNING [19/363] 203d56e3-4525-47f4-a2d5-6076b203a4b3: leaving unrecorded for a later run to retry.
2026-09-30T21:48:00Z WARNING 203d6b48-2d7a-4831-b8ed-0fdb21e0d1a1: failed while reading the ElectricalSeries rates (AttributeError: module 'spikeinterface.extractors' has no attribute 'NwbRecordingExtractor')
2026-09-30T21:48:00Z WARNING [20/363] 203d6b48-2d7a-4831-b8ed-0fdb21e0d1a1: leaving unrecorded for a later run to retry.
2026-09-30T21:48:00Z WARNING 203dc6eb-ae67-4dc7-a4b2-d0ddc7f4cc08: failed while reading the ElectricalSeries rates (AttributeError: module 'spikeinterface.extractors' has no attribute 'NwbRecordingExtractor')
2026-09-30T21:48:00Z WARNING [21/363] 203dc6eb-ae67-4dc7-a4b2-d0ddc7f4cc08: leaving unrecorded for a later run to retry.
2026-09-30T21:48:01Z WARNING 203df233-eaca-4f45-ab11-8b5842f7fad0: failed while reading the ElectricalSeries rates (AttributeError: module 'spikeinterface.extractors' has no attribute 'NwbRecordingExtractor')
2026-09-30T21:48:01Z WARNING [22/363] 203df233-eaca-4f45-ab11-8b5842f7fad0: leaving unrecorded for a later run to retry.
2026-09-30T21:48:01Z WARNING 203e9dc7-b56e-4283-9b79-8f74fe57fc9c: failed while reading the ElectricalSeries rates (AttributeError: module 'spikeinterface.extractors' has no attribute 'NwbRecordingExtractor')
2026-09-30T21:48:01Z WARNING [23/363] 203e9dc7-b56e-4283-9b79-8f74fe57fc9c: leaving unrecorded for a later run to retry.
2026-09-30T21:48:01Z WARNING 203eb9b4-d2d2-44a6-9bbe-ad28bb8008d0: failed while reading the ElectricalSeries rates (AttributeError: module 'spikeinterface.extractors' has no attribute 'NwbRecordingExtractor')
2026-09-30T21:48:01Z WARNING [24/363] 203eb9b4-d2d2-44a6-9bbe-ad28bb8008d0: leaving unrecorded for a later run to retry.
2026-09-30T21:48:01Z WARNING 203f3987-8c3f-4611-b4e2-a7e071024079: failed while reading the ElectricalSeries rates (AttributeError: module 'spikeinterface.extractors' has no attribute 'NwbRecordingExtractor')
2026-09-30T21:48:01Z WARNING [25/363] 203f3987-8c3f-4611-b4e2-a7e071024079: leaving unrecorded for a later run to retry.
2026-09-30T21:48:01Z WARNING 20406238-fdd2-4744-9f0e-c006e6e2abd8: failed while reading the ElectricalSeries rates (AttributeError: module 'spikeinterface.extractors' has no attribute 'NwbRecordingExtractor')
2026-09-30T21:48:01Z WARNING [26/363] 20406238-fdd2-4744-9f0e-c006e6e2abd8: leaving unrecorded for a later run to retry.
2026-09-30T21:48:01Z WARNING 20407de7-0066-4590-ae1c-1bffc44a0490: failed while reading the ElectricalSeries rates (AttributeError: module 'spikeinterface.extractors' has no attribute 'NwbRecordingExtractor')
2026-09-30T21:48:01Z WARNING [27/363] 20407de7-0066-4590-ae1c-1bffc44a0490: leaving unrecorded for a later run to retry.
2026-09-30T21:48:01Z WARNING 2040d2af-91ee-46bf-bdac-8f3083928ce5: failed while reading the ElectricalSeries rates (AttributeError: module 'spikeinterface.extractors' has no attribute 'NwbRecordingExtractor')
2026-09-30T21:48:01Z WARNING [28/363] 2040d2af-91ee-46bf-bdac-8f3083928ce5: leaving unrecorded for a later run to retry.
2026-09-30T21:48:01Z WARNING 204153d7-8de2-4088-a58e-e80f450ca403: failed while reading the ElectricalSeries rates (AttributeError: module 'spikeinterface.extractors' has no attribute 'NwbRecordingExtractor')
2026-09-30T21:48:01Z WARNING [29/363] 204153d7-8de2-4088-a58e-e80f450ca403: leaving unrecorded for a later run to retry.
2026-09-30T21:48:01Z WARNING 2043fc46-45be-49b0-a14e-ef7618132819: failed while reading the ElectricalSeries rates (AttributeError: module 'spikeinterface.extractors' has no attribute 'NwbRecordingExtractor')
2026-09-30T21:48:01Z WARNING [30/363] 2043fc46-45be-49b0-a14e-ef7618132819: leaving unrecorded for a later run to retry.
2026-09-30T21:48:01Z WARNING 20444315-4680-49e8-8c1c-5a7f3c519b46: failed while reading the ElectricalSeries rates (AttributeError: module 'spikeinterface.extractors' has no attribute 'NwbRecordingExtractor')
2026-09-30T21:48:01Z WARNING [31/363] 20444315-4680-49e8-8c1c-5a7f3c519b46: leaving unrecorded for a later run to retry.
2026-09-30T21:48:01Z WARNING 2044bc3b-d2c4-46c1-8e16-7d78e8884770: failed while reading the ElectricalSeries rates (AttributeError: module 'spikeinterface.extractors' has no attribute 'NwbRecordingExtractor')
2026-09-30T21:48:01Z WARNING [32/363] 2044bc3b-d2c4-46c1-8e16-7d78e8884770: leaving unrecorded for a later run to retry.
2026-09-30T21:48:01Z WARNING 2044d7dc-ca9c-4daa-b126-7d12fea6ee2b: failed while reading the ElectricalSeries rates (AttributeError: module 'spikeinterface.extractors' has no attribute 'NwbRecordingExtractor')
2026-09-30T21:48:01Z WARNING [33/363] 2044d7dc-ca9c-4daa-b126-7d12fea6ee2b: leaving unrecorded for a later run to retry.
2026-09-30T21:48:01Z WARNING 2044e3cb-ed0b-4e97-8a8a-a6d244c739d4: failed while reading the ElectricalSeries rates (AttributeError: module 'spikeinterface.extractors' has no attribute 'NwbRecordingExtractor')
2026-09-30T21:48:01Z WARNING [34/363] 2044e3cb-ed0b-4e97-8a8a-a6d244c739d4: leaving unrecorded for a later run to retry.
2026-09-30T21:48:02Z WARNING 20454c2b-406b-4f99-8f06-b8193aa31a4d: failed while reading the ElectricalSeries rates (AttributeError: module 'spikeinterface.extractors' has no attribute 'NwbRecordingExtractor')
2026-09-30T21:48:02Z WARNING [35/363] 20454c2b-406b-4f99-8f06-b8193aa31a4d: leaving unrecorded for a later run to retry.
2026-09-30T21:48:02Z WARNING 204566f6-4eba-4997-b5e0-9392814c4659: failed while reading the ElectricalSeries rates (AttributeError: module 'spikeinterface.extractors' has no attribute 'NwbRecordingExtractor')
2026-09-30T21:48:02Z WARNING [36/363] 204566f6-4eba-4997-b5e0-9392814c4659: leaving unrecorded for a later run to retry.
2026-09-30T21:48:02Z WARNING 204632a0-52f6-41c8-ada2-f0251e678e15: failed while reading the ElectricalSeries rates (AttributeError: module 'spikeinterface.extractors' has no attribute 'NwbRecordingExtractor')
2026-09-30T21:48:02Z WARNING [37/363] 204632a0-52f6-41c8-ada2-f0251e678e15: leaving unrecorded for a later run to retry.
2026-09-30T21:48:02Z WARNING 20463720-5ac1-4cd7-9067-52ebcd5e69ea: failed while reading the ElectricalSeries rates (AttributeError: module 'spikeinterface.extractors' has no attribute 'NwbRecordingExtractor')
2026-09-30T21:48:02Z WARNING [38/363] 20463720-5ac1-4cd7-9067-52ebcd5e69ea: leaving unrecorded for a later run to retry.
2026-09-30T21:48:02Z WARNING 20464a16-cf7c-4069-a52e-8877b89b6111: failed while reading the ElectricalSeries rates (AttributeError: module 'spikeinterface.extractors' has no attribute 'NwbRecordingExtractor')
2026-09-30T21:48:02Z WARNING [39/363] 20464a16-cf7c-4069-a52e-8877b89b6111: leaving unrecorded for a later run to retry.
2026-09-30T21:48:02Z WARNING 20465271-7513-4c8d-af01-059a27ebc923: failed while reading the ElectricalSeries rates (AttributeError: module 'spikeinterface.extractors' has no attribute 'NwbRecordingExtractor')
2026-09-30T21:48:02Z WARNING [40/363] 20465271-7513-4c8d-af01-059a27ebc923: leaving unrecorded for a later run to retry.
2026-09-30T21:48:02Z WARNING 20467e57-d60a-43e4-89d7-2c8b7832f40d: failed while reading the ElectricalSeries rates (AttributeError: module 'spikeinterface.extractors' has no attribute 'NwbRecordingExtractor')
2026-09-30T21:48:02Z WARNING [41/363] 20467e57-d60a-43e4-89d7-2c8b7832f40d: leaving unrecorded for a later run to retry.
2026-09-30T21:48:03Z WARNING 2046fac3-173b-4768-80fe-cff6a1b5ff8e: failed while reading the ElectricalSeries rates (AttributeError: module 'spikeinterface.extractors' has no attribute 'NwbRecordingExtractor')
2026-09-30T21:48:03Z WARNING [42/363] 2046fac3-173b-4768-80fe-cff6a1b5ff8e: leaving unrecorded for a later run to retry.
2026-09-30T21:48:03Z WARNING 20476015-10c3-4c90-9d42-d9816ba1c864: failed while reading the ElectricalSeries rates (AttributeError: module 'spikeinterface.extractors' has no attribute 'NwbRecordingExtractor')
2026-09-30T21:48:03Z WARNING [43/363] 20476015-10c3-4c90-9d42-d9816ba1c864: leaving unrecorded for a later run to retry.
2026-09-30T21:48:03Z WARNING 20480087-7c8d-4fb3-8399-b61c50c40960: failed while reading the ElectricalSeries rates (AttributeError: module 'spikeinterface.extractors' has no attribute 'NwbRecordingExtractor')
2026-09-30T21:48:03Z WARNING [44/363] 20480087-7c8d-4fb3-8399-b61c50c40960: leaving unrecorded for a later run to retry.
2026-09-30T21:48:03Z WARNING 2048d53b-d41a-4761-8425-3fd0c1904f15: failed while reading the ElectricalSeries rates (AttributeError: module 'spikeinterface.extractors' has no attribute 'NwbRecordingExtractor')
2026-09-30T21:48:03Z WARNING [45/363] 2048d53b-d41a-4761-8425-3fd0c1904f15: leaving unrecorded for a later run to retry.
2026-09-30T21:48:03Z WARNING 2048f323-ade4-430e-ad2c-5c936ca2396a: failed while reading the ElectricalSeries rates (AttributeError: module 'spikeinterface.extractors' has no attribute 'NwbRecordingExtractor')
2026-09-30T21:48:03Z WARNING [46/363] 2048f323-ade4-430e-ad2c-5c936ca2396a: leaving unrecorded for a later run to retry.
2026-09-30T21:48:03Z WARNING 204982b5-d148-4d3c-abca-4c966d17c1b4: failed while reading the ElectricalSeries rates (AttributeError: module 'spikeinterface.extractors' has no attribute 'NwbRecordingExtractor')
2026-09-30T21:48:03Z WARNING [47/363] 204982b5-d148-4d3c-abca-4c966d17c1b4: leaving unrecorded for a later run to retry.
2026-09-30T21:48:03Z WARNING 20499306-0dd1-408d-99d3-66fab884d133: failed while reading the ElectricalSeries rates (AttributeError: module 'spikeinterface.extractors' has no attribute 'NwbRecordingExtractor')
2026-09-30T21:48:03Z WARNING [48/363] 20499306-0dd1-408d-99d3-66fab884d133: leaving unrecorded for a later run to retry.
2026-09-30T21:48:03Z WARNING 204a7247-6737-4b37-a7d6-131edb43a807: failed while reading the ElectricalSeries rates (AttributeError: module 'spikeinterface.extractors' has no attribute 'NwbRecordingExtractor')
2026-09-30T21:48:03Z WARNING [49/363] 204a7247-6737-4b37-a7d6-131edb43a807: leaving unrecorded for a later run to retry.
2026-09-30T21:48:03Z WARNING 204ad1d0-edd5-4971-83db-d69531a84d35: failed while reading the ElectricalSeries rates (AttributeError: module 'spikeinterface.extractors' has no attribute 'NwbRecordingExtractor')
2026-09-30T21:48:03Z WARNING [50/363] 204ad1d0-edd5-4971-83db-d69531a84d35: leaving unrecorded for a later run to retry.
2026-09-30T21:48:03Z INFO [50/363] 204ad1d0-edd5-4971-83db-d69531a84d35: checkpointed 60602 records.
2026-09-30T21:48:03Z WARNING 204bf96d-6367-4631-bd06-29af924a8841: failed while reading the ElectricalSeries rates (AttributeError: module 'spikeinterface.extractors' has no attribute 'NwbRecordingExtractor')
2026-09-30T21:48:03Z WARNING [51/363] 204bf96d-6367-4631-bd06-29af924a8841: leaving unrecorded for a later run to retry.
2026-09-30T21:48:03Z WARNING 204d80ff-76df-47f4-82ef-6036fd62c64b: failed while reading the ElectricalSeries rates (AttributeError: module 'spikeinterface.extractors' has no attribute 'NwbRecordingExtractor')
2026-09-30T21:48:03Z WARNING [52/363] 204d80ff-76df-47f4-82ef-6036fd62c64b: leaving unrecorded for a later run to retry.
2026-09-30T21:48:03Z WARNING 204e2583-922c-4bc5-a30f-b2ef8a26150d: failed while reading the ElectricalSeries rates (AttributeError: module 'spikeinterface.extractors' has no attribute 'NwbRecordingExtractor')
2026-09-30T21:48:03Z WARNING [53/363] 204e2583-922c-4bc5-a30f-b2ef8a26150d: leaving unrecorded for a later run to retry.
2026-09-30T21:48:04Z WARNING 204e2df9-51c1-45db-bf9f-e45ef81ba3da: failed while reading the ElectricalSeries rates (AttributeError: module 'spikeinterface.extractors' has no attribute 'NwbRecordingExtractor')
2026-09-30T21:48:04Z WARNING [54/363] 204e2df9-51c1-45db-bf9f-e45ef81ba3da: leaving unrecorded for a later run to retry.
2026-09-30T21:48:04Z WARNING 204eb818-2a1b-4937-9029-c6df7209834b: failed while reading the ElectricalSeries rates (AttributeError: module 'spikeinterface.extractors' has no attribute 'NwbRecordingExtractor')
2026-09-30T21:48:04Z WARNING [55/363] 204eb818-2a1b-4937-9029-c6df7209834b: leaving unrecorded for a later run to retry.
2026-09-30T21:48:04Z WARNING 204eca07-1bdf-4df8-9ee4-82ab6a068511: failed while reading the ElectricalSeries rates (AttributeError: module 'spikeinterface.extractors' has no attribute 'NwbRecordingExtractor')
2026-09-30T21:48:04Z WARNING [56/363] 204eca07-1bdf-4df8-9ee4-82ab6a068511: leaving unrecorded for a later run to retry.
2026-09-30T21:48:04Z WARNING 204f5a98-6843-47c4-97a8-055f1cb1cb1e: failed while reading the ElectricalSeries rates (AttributeError: module 'spikeinterface.extractors' has no attribute 'NwbRecordingExtractor')
2026-09-30T21:48:04Z WARNING [57/363] 204f5a98-6843-47c4-97a8-055f1cb1cb1e: leaving unrecorded for a later run to retry.
2026-09-30T21:48:04Z WARNING 20501a6b-2ae5-47b3-9aea-14e873a43d15: failed while reading the ElectricalSeries rates (AttributeError: module 'spikeinterface.extractors' has no attribute 'NwbRecordingExtractor')
2026-09-30T21:48:04Z WARNING [58/363] 20501a6b-2ae5-47b3-9aea-14e873a43d15: leaving unrecorded for a later run to retry.
2026-09-30T21:48:04Z WARNING 205062a4-7ff0-4709-bd2d-b669e3bbd8c1: failed while reading the ElectricalSeries rates (AttributeError: module 'spikeinterface.extractors' has no attribute 'NwbRecordingExtractor')
2026-09-30T21:48:04Z WARNING [59/363] 205062a4-7ff0-4709-bd2d-b669e3bbd8c1: leaving unrecorded for a later run to retry.
2026-09-30T21:48:04Z WARNING 2050ac1b-ae04-4435-8c85-ceec3f107aae: failed while reading the ElectricalSeries rates (AttributeError: module 'spikeinterface.extractors' has no attribute 'NwbRecordingExtractor')
2026-09-30T21:48:04Z WARNING [60/363] 2050ac1b-ae04-4435-8c85-ceec3f107aae: leaving unrecorded for a later run to retry.
2026-09-30T21:48:04Z WARNING 2050d6b2-bc42-4a95-ac0a-1b478d5d74c2: failed while reading the ElectricalSeries rates (AttributeError: module 'spikeinterface.extractors' has no attribute 'NwbRecordingExtractor')
2026-09-30T21:48:04Z WARNING [61/363] 2050d6b2-bc42-4a95-ac0a-1b478d5d74c2: leaving unrecorded for a later run to retry.
2026-09-30T21:48:04Z WARNING 2051839b-98cb-4220-b6e6-50a346492367: failed while reading the ElectricalSeries rates (AttributeError: module 'spikeinterface.extractors' has no attribute 'NwbRecordingExtractor')
2026-09-30T21:48:04Z WARNING [62/363] 2051839b-98cb-4220-b6e6-50a346492367: leaving unrecorded for a later run to retry.
2026-09-30T21:48:04Z WARNING 2052fb31-15f0-4292-9c2d-80c512d0fd8e: failed while reading the ElectricalSeries rates (AttributeError: module 'spikeinterface.extractors' has no attribute 'NwbRecordingExtractor')
2026-09-30T21:48:04Z WARNING [63/363] 2052fb31-15f0-4292-9c2d-80c512d0fd8e: leaving unrecorded for a later run to retry.
2026-09-30T21:48:04Z WARNING 20532cb6-838c-47c6-8dda-2cdd4a9a2472: failed while reading the ElectricalSeries rates (AttributeError: module 'spikeinterface.extractors' has no attribute 'NwbRecordingExtractor')
2026-09-30T21:48:04Z WARNING [64/363] 20532cb6-838c-47c6-8dda-2cdd4a9a2472: leaving unrecorded for a later run to retry.
2026-09-30T21:48:04Z WARNING 2053a1b3-078a-4821-a46f-66e6511a9f39: failed while reading the ElectricalSeries rates (AttributeError: module 'spikeinterface.extractors' has no attribute 'NwbRecordingExtractor')
2026-09-30T21:48:04Z WARNING [65/363] 2053a1b3-078a-4821-a46f-66e6511a9f39: leaving unrecorded for a later run to retry.
2026-09-30T21:48:04Z WARNING 2053bd29-2de1-4038-837e-48f69a2ade42: failed while reading the ElectricalSeries rates (AttributeError: module 'spikeinterface.extractors' has no attribute 'NwbRecordingExtractor')
2026-09-30T21:48:04Z WARNING [66/363] 2053bd29-2de1-4038-837e-48f69a2ade42: leaving unrecorded for a later run to retry.
2026-09-30T21:48:04Z WARNING 205407a7-3d93-4ec1-85a7-0e449aed8571: failed while reading the ElectricalSeries rates (AttributeError: module 'spikeinterface.extractors' has no attribute 'NwbRecordingExtractor')
2026-09-30T21:48:04Z WARNING [67/363] 205407a7-3d93-4ec1-85a7-0e449aed8571: leaving unrecorded for a later run to retry.
2026-09-30T21:48:04Z WARNING 2054446c-a9fd-433c-a54f-129d57ed04c0: failed while reading the ElectricalSeries rates (AttributeError: module 'spikeinterface.extractors' has no attribute 'NwbRecordingExtractor')
2026-09-30T21:48:04Z WARNING [68/363] 2054446c-a9fd-433c-a54f-129d57ed04c0: leaving unrecorded for a later run to retry.
2026-09-30T21:48:05Z WARNING 20547bcd-5f4c-4d1d-82a4-e8bdcc49b401: failed while reading the ElectricalSeries rates (AttributeError: module 'spikeinterface.extractors' has no attribute 'NwbRecordingExtractor')
2026-09-30T21:48:05Z WARNING [69/363] 20547bcd-5f4c-4d1d-82a4-e8bdcc49b401: leaving unrecorded for a later run to retry.
2026-09-30T21:48:05Z WARNING 20551047-37dc-4f6f-9652-07864cb6fb1d: failed while reading the ElectricalSeries rates (AttributeError: module 'spikeinterface.extractors' has no attribute 'NwbRecordingExtractor')
2026-09-30T21:48:05Z WARNING [70/363] 20551047-37dc-4f6f-9652-07864cb6fb1d: leaving unrecorded for a later run to retry.
2026-09-30T21:48:05Z WARNING 2055843e-5327-4c13-ba1f-83c6fad65c6d: failed while reading the ElectricalSeries rates (AttributeError: module 'spikeinterface.extractors' has no attribute 'NwbRecordingExtractor')
2026-09-30T21:48:05Z WARNING [71/363] 2055843e-5327-4c13-ba1f-83c6fad65c6d: leaving unrecorded for a later run to retry.
2026-09-30T21:48:05Z WARNING 205617f0-5b53-40e5-b472-cf72abd582e0: failed while reading the ElectricalSeries rates (AttributeError: module 'spikeinterface.extractors' has no attribute 'NwbRecordingExtractor')
2026-09-30T21:48:05Z WARNING [72/363] 205617f0-5b53-40e5-b472-cf72abd582e0: leaving unrecorded for a later run to retry.
2026-09-30T21:48:05Z WARNING 2056f2c6-eacb-4a4d-b80e-bcd27ee2ec0a: failed while reading the ElectricalSeries rates (AttributeError: module 'spikeinterface.extractors' has no attribute 'NwbRecordingExtractor')
2026-09-30T21:48:05Z WARNING [73/363] 2056f2c6-eacb-4a4d-b80e-bcd27ee2ec0a: leaving unrecorded for a later run to retry.
2026-09-30T21:48:05Z WARNING 2057229d-3d05-4b73-b07e-611c12345803: failed while reading the ElectricalSeries rates (AttributeError: module 'spikeinterface.extractors' has no attribute 'NwbRecordingExtractor')
2026-09-30T21:48:05Z WARNING [74/363] 2057229d-3d05-4b73-b07e-611c12345803: leaving unrecorded for a later run to retry.
2026-09-30T21:48:05Z WARNING 2057d785-9d56-4232-84c9-2435d761be01: failed while reading the ElectricalSeries rates (AttributeError: module 'spikeinterface.extractors' has no attribute 'NwbRecordingExtractor')
2026-09-30T21:48:05Z WARNING [75/363] 2057d785-9d56-4232-84c9-2435d761be01: leaving unrecorded for a later run to retry.
2026-09-30T21:48:05Z WARNING 20589c0e-f11a-4c74-84b8-e4f16fadb153: failed while reading the ElectricalSeries rates (AttributeError: module 'spikeinterface.extractors' has no attribute 'NwbRecordingExtractor')
2026-09-30T21:48:05Z WARNING [76/363] 20589c0e-f11a-4c74-84b8-e4f16fadb153: leaving unrecorded for a later run to retry.
2026-09-30T21:48:05Z WARNING 2058c101-95cc-458b-8795-6171fdd36716: failed while reading the ElectricalSeries rates (AttributeError: module 'spikeinterface.extractors' has no attribute 'NwbRecordingExtractor')
2026-09-30T21:48:05Z WARNING [77/363] 2058c101-95cc-458b-8795-6171fdd36716: leaving unrecorded for a later run to retry.
2026-09-30T21:48:05Z WARNING 205995b6-3dd5-4123-9ca0-d622122e780e: failed while reading the ElectricalSeries rates (AttributeError: module 'spikeinterface.extractors' has no attribute 'NwbRecordingExtractor')
2026-09-30T21:48:05Z WARNING [78/363] 205995b6-3dd5-4123-9ca0-d622122e780e: leaving unrecorded for a later run to retry.
2026-09-30T21:48:05Z WARNING 205a2b17-476b-464d-af02-2adbe1bce913: failed while reading the ElectricalSeries rates (AttributeError: module 'spikeinterface.extractors' has no attribute 'NwbRecordingExtractor')
2026-09-30T21:48:05Z WARNING [79/363] 205a2b17-476b-464d-af02-2adbe1bce913: leaving unrecorded for a later run to retry.
2026-09-30T21:48:05Z WARNING 205ca96b-b009-438a-92fb-9d4a45ee36c6: failed while reading the ElectricalSeries rates (AttributeError: module 'spikeinterface.extractors' has no attribute 'NwbRecordingExtractor')
2026-09-30T21:48:05Z WARNING [80/363] 205ca96b-b009-438a-92fb-9d4a45ee36c6: leaving unrecorded for a later run to retry.
2026-09-30T21:48:06Z WARNING 205cd5ad-6334-4771-b5ca-3af9dfac66ce: failed while reading the ElectricalSeries rates (AttributeError: module 'spikeinterface.extractors' has no attribute 'NwbRecordingExtractor')
2026-09-30T21:48:06Z WARNING [81/363] 205cd5ad-6334-4771-b5ca-3af9dfac66ce: leaving unrecorded for a later run to retry.
2026-09-30T21:48:06Z WARNING 205d0627-550c-41b5-9873-b46fc271e410: failed while reading the ElectricalSeries rates (AttributeError: module 'spikeinterface.extractors' has no attribute 'NwbRecordingExtractor')
2026-09-30T21:48:06Z WARNING [82/363] 205d0627-550c-41b5-9873-b46fc271e410: leaving unrecorded for a later run to retry.
2026-09-30T21:48:06Z WARNING 205d73db-bbc7-4ca2-8400-26c0f3b12419: failed while reading the ElectricalSeries rates (AttributeError: module 'spikeinterface.extractors' has no attribute 'NwbRecordingExtractor')
2026-09-30T21:48:06Z WARNING [83/363] 205d73db-bbc7-4ca2-8400-26c0f3b12419: leaving unrecorded for a later run to retry.
2026-09-30T21:48:06Z WARNING 205fea38-87d9-4ccc-997a-2c6c0848d003: failed while reading the ElectricalSeries rates (AttributeError: module 'spikeinterface.extractors' has no attribute 'NwbRecordingExtractor')
2026-09-30T21:48:06Z WARNING [84/363] 205fea38-87d9-4ccc-997a-2c6c0848d003: leaving unrecorded for a later run to retry.
2026-09-30T21:48:06Z WARNING 206053f5-0ada-4549-ae0a-cf7ad7162a7c: failed while reading the ElectricalSeries rates (AttributeError: module 'spikeinterface.extractors' has no attribute 'NwbRecordingExtractor')
2026-09-30T21:48:06Z WARNING [85/363] 206053f5-0ada-4549-ae0a-cf7ad7162a7c: leaving unrecorded for a later run to retry.
2026-09-30T21:48:06Z WARNING 20608100-2b61-4051-8c00-bb6f008fcd77: failed while reading the ElectricalSeries rates (AttributeError: module 'spikeinterface.extractors' has no attribute 'NwbRecordingExtractor')
2026-09-30T21:48:06Z WARNING [86/363] 20608100-2b61-4051-8c00-bb6f008fcd77: leaving unrecorded for a later run to retry.
2026-09-30T21:48:06Z WARNING 2061a426-1d0c-4174-bf6e-f8f24878b994: failed while reading the ElectricalSeries rates (AttributeError: module 'spikeinterface.extractors' has no attribute 'NwbRecordingExtractor')
2026-09-30T21:48:06Z WARNING [87/363] 2061a426-1d0c-4174-bf6e-f8f24878b994: leaving unrecorded for a later run to retry.
2026-09-30T21:48:06Z WARNING 2061ad33-fff2-4c10-a2ab-0ff88755fabb: failed while reading the ElectricalSeries rates (AttributeError: module 'spikeinterface.extractors' has no attribute 'NwbRecordingExtractor')
2026-09-30T21:48:06Z WARNING [88/363] 2061ad33-fff2-4c10-a2ab-0ff88755fabb: leaving unrecorded for a later run to retry.
2026-09-30T21:48:06Z WARNING 20620afa-142d-4478-883c-4638914df772: failed while reading the ElectricalSeries rates (AttributeError: module 'spikeinterface.extractors' has no attribute 'NwbRecordingExtractor')
2026-09-30T21:48:06Z WARNING [89/363] 20620afa-142d-4478-883c-4638914df772: leaving unrecorded for a later run to retry.
2026-09-30T21:48:06Z WARNING 2063d9e0-7226-47b2-8144-10f48753bbb6: failed while reading the ElectricalSeries rates (AttributeError: module 'spikeinterface.extractors' has no attribute 'NwbRecordingExtractor')
2026-09-30T21:48:06Z WARNING [90/363] 2063d9e0-7226-47b2-8144-10f48753bbb6: leaving unrecorded for a later run to retry.
2026-09-30T21:48:06Z WARNING 20655caf-f734-42d0-9f0b-d1f1f442d958: failed while reading the ElectricalSeries rates (AttributeError: module 'spikeinterface.extractors' has no attribute 'NwbRecordingExtractor')
2026-09-30T21:48:06Z WARNING [91/363] 20655caf-f734-42d0-9f0b-d1f1f442d958: leaving unrecorded for a later run to retry.
2026-09-30T21:48:06Z WARNING 2065ab79-7d3b-4fdd-9b67-932c2a82698b: failed while reading the ElectricalSeries rates (AttributeError: module 'spikeinterface.extractors' has no attribute 'NwbRecordingExtractor')
2026-09-30T21:48:06Z WARNING [92/363] 2065ab79-7d3b-4fdd-9b67-932c2a82698b: leaving unrecorded for a later run to retry.
2026-09-30T21:48:07Z WARNING 206603d8-f8f8-44c0-98ae-339e90c4e006: failed while reading the ElectricalSeries rates (AttributeError: module 'spikeinterface.extractors' has no attribute 'NwbRecordingExtractor')
2026-09-30T21:48:07Z WARNING [93/363] 206603d8-f8f8-44c0-98ae-339e90c4e006: leaving unrecorded for a later run to retry.
2026-09-30T21:48:07Z WARNING 2066bb72-7c97-4762-997e-214a4fd21ccb: failed while reading the ElectricalSeries rates (AttributeError: module 'spikeinterface.extractors' has no attribute 'NwbRecordingExtractor')
2026-09-30T21:48:07Z WARNING [94/363] 2066bb72-7c97-4762-997e-214a4fd21ccb: leaving unrecorded for a later run to retry.
2026-09-30T21:48:07Z WARNING 206734c4-61ab-49c0-9206-d83898669d92: failed while reading the ElectricalSeries rates (AttributeError: module 'spikeinterface.extractors' has no attribute 'NwbRecordingExtractor')
2026-09-30T21:48:07Z WARNING [95/363] 206734c4-61ab-49c0-9206-d83898669d92: leaving unrecorded for a later run to retry.
2026-09-30T21:48:07Z WARNING 2067360f-7163-4d40-a61e-5f1579f36b75: failed while reading the ElectricalSeries rates (AttributeError: module 'spikeinterface.extractors' has no attribute 'NwbRecordingExtractor')
2026-09-30T21:48:07Z WARNING [96/363] 2067360f-7163-4d40-a61e-5f1579f36b75: leaving unrecorded for a later run to retry.
2026-09-30T21:48:07Z WARNING 206821ed-0909-4654-89f9-0b28541ca057: failed while reading the ElectricalSeries rates (AttributeError: module 'spikeinterface.extractors' has no attribute 'NwbRecordingExtractor')
2026-09-30T21:48:07Z WARNING [97/363] 206821ed-0909-4654-89f9-0b28541ca057: leaving unrecorded for a later run to retry.
2026-09-30T21:48:07Z WARNING 206842ad-7106-412c-8ebc-5101f2f17fee: failed while reading the ElectricalSeries rates (AttributeError: module 'spikeinterface.extractors' has no attribute 'NwbRecordingExtractor')
2026-09-30T21:48:07Z WARNING [98/363] 206842ad-7106-412c-8ebc-5101f2f17fee: leaving unrecorded for a later run to retry.
2026-09-30T21:48:07Z WARNING 2068b939-153f-4d6e-a8ab-806771ae4bd4: failed while reading the ElectricalSeries rates (AttributeError: module 'spikeinterface.extractors' has no attribute 'NwbRecordingExtractor')
2026-09-30T21:48:07Z WARNING [99/363] 2068b939-153f-4d6e-a8ab-806771ae4bd4: leaving unrecorded for a later run to retry.
2026-09-30T21:48:07Z WARNING 20693b27-388f-4bcb-b01a-09f14137de4b: failed while reading the ElectricalSeries rates (AttributeError: module 'spikeinterface.extractors' has no attribute 'NwbRecordingExtractor')
2026-09-30T21:48:07Z WARNING [100/363] 20693b27-388f-4bcb-b01a-09f14137de4b: leaving unrecorded for a later run to retry.
2026-09-30T21:48:07Z INFO [100/363] 20693b27-388f-4bcb-b01a-09f14137de4b: checkpointed 60602 records.
2026-09-30T21:48:07Z WARNING 2069439e-bf39-4d3d-9422-d78ff2435d2a: failed while reading the ElectricalSeries rates (AttributeError: module 'spikeinterface.extractors' has no attribute 'NwbRecordingExtractor')
2026-09-30T21:48:07Z WARNING [101/363] 2069439e-bf39-4d3d-9422-d78ff2435d2a: leaving unrecorded for a later run to retry.
2026-09-30T21:48:07Z WARNING 2069ae01-16f3-4dd4-9403-a224e77e5a34: failed while reading the ElectricalSeries rates (AttributeError: module 'spikeinterface.extractors' has no attribute 'NwbRecordingExtractor')
2026-09-30T21:48:07Z WARNING [102/363] 2069ae01-16f3-4dd4-9403-a224e77e5a34: leaving unrecorded for a later run to retry.
2026-09-30T21:48:07Z WARNING 2069bf45-7051-4717-845d-08db380a9430: failed while reading the ElectricalSeries rates (AttributeError: module 'spikeinterface.extractors' has no attribute 'NwbRecordingExtractor')
2026-09-30T21:48:07Z WARNING [103/363] 2069bf45-7051-4717-845d-08db380a9430: leaving unrecorded for a later run to retry.
2026-09-30T21:48:07Z WARNING 2069f4c1-29a4-42f6-979a-1fbd27d12c94: failed while reading the ElectricalSeries rates (AttributeError: module 'spikeinterface.extractors' has no attribute 'NwbRecordingExtractor')
2026-09-30T21:48:07Z WARNING [104/363] 2069f4c1-29a4-42f6-979a-1fbd27d12c94: leaving unrecorded for a later run to retry.
2026-09-30T21:48:08Z WARNING 206c4c96-7fa8-47d9-894c-45ca6d03cd29: failed while reading the ElectricalSeries rates (AttributeError: module 'spikeinterface.extractors' has no attribute 'NwbRecordingExtractor')
2026-09-30T21:48:08Z WARNING [105/363] 206c4c96-7fa8-47d9-894c-45ca6d03cd29: leaving unrecorded for a later run to retry.
2026-09-30T21:48:08Z WARNING 206d0e34-6c5c-4b0f-af98-4d545a401e83: failed while reading the ElectricalSeries rates (AttributeError: module 'spikeinterface.extractors' has no attribute 'NwbRecordingExtractor')
2026-09-30T21:48:08Z WARNING [106/363] 206d0e34-6c5c-4b0f-af98-4d545a401e83: leaving unrecorded for a later run to retry.
2026-09-30T21:48:08Z WARNING 206d7a81-d148-4808-b366-9900d6f5d000: failed while reading the ElectricalSeries rates (AttributeError: module 'spikeinterface.extractors' has no attribute 'NwbRecordingExtractor')
2026-09-30T21:48:08Z WARNING [107/363] 206d7a81-d148-4808-b366-9900d6f5d000: leaving unrecorded for a later run to retry.
2026-09-30T21:48:08Z WARNING 206e12d3-27a1-4d29-9012-4a0795bc7e95: failed while reading the ElectricalSeries rates (AttributeError: module 'spikeinterface.extractors' has no attribute 'NwbRecordingExtractor')
2026-09-30T21:48:08Z WARNING [108/363] 206e12d3-27a1-4d29-9012-4a0795bc7e95: leaving unrecorded for a later run to retry.
2026-09-30T21:48:08Z WARNING 206eeeec-44e1-4dee-8720-c9bcd74ce56f: failed while reading the ElectricalSeries rates (AttributeError: module 'spikeinterface.extractors' has no attribute 'NwbRecordingExtractor')
2026-09-30T21:48:08Z WARNING [109/363] 206eeeec-44e1-4dee-8720-c9bcd74ce56f: leaving unrecorded for a later run to retry.
2026-09-30T21:48:08Z WARNING 206f6634-baf8-4995-b428-9216a6abdd96: failed while reading the ElectricalSeries rates (AttributeError: module 'spikeinterface.extractors' has no attribute 'NwbRecordingExtractor')
2026-09-30T21:48:08Z WARNING [110/363] 206f6634-baf8-4995-b428-9216a6abdd96: leaving unrecorded for a later run to retry.
2026-09-30T21:48:08Z WARNING 206f870b-7f74-465f-bc3a-6f03cd516036: failed while reading the ElectricalSeries rates (AttributeError: module 'spikeinterface.extractors' has no attribute 'NwbRecordingExtractor')
2026-09-30T21:48:08Z WARNING [111/363] 206f870b-7f74-465f-bc3a-6f03cd516036: leaving unrecorded for a later run to retry.
2026-09-30T21:48:08Z WARNING 206f905b-fa87-4099-87da-d7e728a57ae4: failed while reading the ElectricalSeries rates (AttributeError: module 'spikeinterface.extractors' has no attribute 'NwbRecordingExtractor')
2026-09-30T21:48:08Z WARNING [112/363] 206f905b-fa87-4099-87da-d7e728a57ae4: leaving unrecorded for a later run to retry.
2026-09-30T21:48:08Z WARNING 206fe122-e174-486c-af1d-7187d5340582: failed while reading the ElectricalSeries rates (AttributeError: module 'spikeinterface.extractors' has no attribute 'NwbRecordingExtractor')
2026-09-30T21:48:08Z WARNING [113/363] 206fe122-e174-486c-af1d-7187d5340582: leaving unrecorded for a later run to retry.
2026-09-30T21:48:08Z WARNING 206feb02-6388-4fef-9aa5-4a654b865be3: failed while reading the ElectricalSeries rates (AttributeError: module 'spikeinterface.extractors' has no attribute 'NwbRecordingExtractor')
2026-09-30T21:48:08Z WARNING [114/363] 206feb02-6388-4fef-9aa5-4a654b865be3: leaving unrecorded for a later run to retry.
2026-09-30T21:48:08Z WARNING 20702c27-5d19-4db3-948e-a530284ae1d8: failed while reading the ElectricalSeries rates (AttributeError: module 'spikeinterface.extractors' has no attribute 'NwbRecordingExtractor')
2026-09-30T21:48:08Z WARNING [115/363] 20702c27-5d19-4db3-948e-a530284ae1d8: leaving unrecorded for a later run to retry.
2026-09-30T21:48:08Z WARNING 20704302-130c-4b71-adc4-7fa68e3b18cf: failed while reading the ElectricalSeries rates (AttributeError: module 'spikeinterface.extractors' has no attribute 'NwbRecordingExtractor')
2026-09-30T21:48:08Z WARNING [116/363] 20704302-130c-4b71-adc4-7fa68e3b18cf: leaving unrecorded for a later run to retry.
2026-09-30T21:48:08Z WARNING 20711286-f694-46e9-a3ba-0e90dc929815: failed while reading the ElectricalSeries rates (AttributeError: module 'spikeinterface.extractors' has no attribute 'NwbRecordingExtractor')
2026-09-30T21:48:08Z WARNING [117/363] 20711286-f694-46e9-a3ba-0e90dc929815: leaving unrecorded for a later run to retry.
2026-09-30T21:48:08Z WARNING 20728762-d5d0-4261-981e-ef2fc60f054a: failed while reading the ElectricalSeries rates (AttributeError: module 'spikeinterface.extractors' has no attribute 'NwbRecordingExtractor')
2026-09-30T21:48:08Z WARNING [118/363] 20728762-d5d0-4261-981e-ef2fc60f054a: leaving unrecorded for a later run to retry.
2026-09-30T21:48:08Z WARNING 2072b41d-f987-4fb0-ab0e-baf4c9776896: failed while reading the ElectricalSeries rates (AttributeError: module 'spikeinterface.extractors' has no attribute 'NwbRecordingExtractor')
2026-09-30T21:48:08Z WARNING [119/363] 2072b41d-f987-4fb0-ab0e-baf4c9776896: leaving unrecorded for a later run to retry.
2026-09-30T21:48:09Z WARNING 2073a741-47b7-4d9e-a063-e12478b608f7: failed while reading the ElectricalSeries rates (AttributeError: module 'spikeinterface.extractors' has no attribute 'NwbRecordingExtractor')
2026-09-30T21:48:09Z WARNING [120/363] 2073a741-47b7-4d9e-a063-e12478b608f7: leaving unrecorded for a later run to retry.
2026-09-30T21:48:09Z WARNING 2073eb3a-4522-4ae5-a6aa-ed1e5b56f3df: failed while reading the ElectricalSeries rates (AttributeError: module 'spikeinterface.extractors' has no attribute 'NwbRecordingExtractor')
2026-09-30T21:48:09Z WARNING [121/363] 2073eb3a-4522-4ae5-a6aa-ed1e5b56f3df: leaving unrecorded for a later run to retry.
2026-09-30T21:48:09Z WARNING 20750227-745c-4e68-8e2f-55eccf1270a4: failed while reading the ElectricalSeries rates (AttributeError: module 'spikeinterface.extractors' has no attribute 'NwbRecordingExtractor')
2026-09-30T21:48:09Z WARNING [122/363] 20750227-745c-4e68-8e2f-55eccf1270a4: leaving unrecorded for a later run to retry.
2026-09-30T21:48:09Z WARNING 2075756f-7a4f-437b-8fd5-bf28b0a2db2e: failed while reading the ElectricalSeries rates (AttributeError: module 'spikeinterface.extractors' has no attribute 'NwbRecordingExtractor')
2026-09-30T21:48:09Z WARNING [123/363] 2075756f-7a4f-437b-8fd5-bf28b0a2db2e: leaving unrecorded for a later run to retry.
2026-09-30T21:48:09Z WARNING 2076369a-747d-4cef-93ca-0f17f60ddd71: failed while reading the ElectricalSeries rates (AttributeError: module 'spikeinterface.extractors' has no attribute 'NwbRecordingExtractor')
2026-09-30T21:48:09Z WARNING [124/363] 2076369a-747d-4cef-93ca-0f17f60ddd71: leaving unrecorded for a later run to retry.
2026-09-30T21:48:09Z WARNING 20767ee0-0250-4a1d-9283-45f07c724d92: failed while reading the ElectricalSeries rates (AttributeError: module 'spikeinterface.extractors' has no attribute 'NwbRecordingExtractor')
2026-09-30T21:48:09Z WARNING [125/363] 20767ee0-0250-4a1d-9283-45f07c724d92: leaving unrecorded for a later run to retry.
2026-09-30T21:48:09Z WARNING 2076aa5f-4c86-4608-b86f-903352046046: failed while reading the ElectricalSeries rates (AttributeError: module 'spikeinterface.extractors' has no attribute 'NwbRecordingExtractor')
2026-09-30T21:48:09Z WARNING [126/363] 2076aa5f-4c86-4608-b86f-903352046046: leaving unrecorded for a later run to retry.
2026-09-30T21:48:09Z WARNING 2076c3d6-2788-47ff-b477-e7d049eb7e7e: failed while reading the ElectricalSeries rates (AttributeError: module 'spikeinterface.extractors' has no attribute 'NwbRecordingExtractor')
2026-09-30T21:48:09Z WARNING [127/363] 2076c3d6-2788-47ff-b477-e7d049eb7e7e: leaving unrecorded for a later run to retry.
2026-09-30T21:48:09Z WARNING 20783248-03ec-4a89-bd80-0723eadd34e3: failed while reading the ElectricalSeries rates (AttributeError: module 'spikeinterface.extractors' has no attribute 'NwbRecordingExtractor')
2026-09-30T21:48:09Z WARNING [128/363] 20783248-03ec-4a89-bd80-0723eadd34e3: leaving unrecorded for a later run to retry.
2026-09-30T21:48:09Z WARNING 2078794c-b9b4-432b-9e21-79689307aaaf: failed while reading the ElectricalSeries rates (AttributeError: module 'spikeinterface.extractors' has no attribute 'NwbRecordingExtractor')
2026-09-30T21:48:09Z WARNING [129/363] 2078794c-b9b4-432b-9e21-79689307aaaf: leaving unrecorded for a later run to retry.
2026-09-30T21:48:09Z WARNING 2078c28b-00a5-45f1-abd6-e0cef36e7da4: failed while reading the ElectricalSeries rates (AttributeError: module 'spikeinterface.extractors' has no attribute 'NwbRecordingExtractor')
2026-09-30T21:48:09Z WARNING [130/363] 2078c28b-00a5-45f1-abd6-e0cef36e7da4: leaving unrecorded for a later run to retry.
2026-09-30T21:48:09Z WARNING 207a1616-1960-45cf-a680-d5bb2b88f89a: failed while reading the ElectricalSeries rates (AttributeError: module 'spikeinterface.extractors' has no attribute 'NwbRecordingExtractor')
2026-09-30T21:48:09Z WARNING [131/363] 207a1616-1960-45cf-a680-d5bb2b88f89a: leaving unrecorded for a later run to retry.
2026-09-30T21:48:09Z WARNING 207a19d2-1673-494f-ba6b-b1bafee60fc2: failed while reading the ElectricalSeries rates (AttributeError: module 'spikeinterface.extractors' has no attribute 'NwbRecordingExtractor')
2026-09-30T21:48:09Z WARNING [132/363] 207a19d2-1673-494f-ba6b-b1bafee60fc2: leaving unrecorded for a later run to retry.
2026-09-30T21:48:09Z WARNING 207a4e08-ff6f-4bea-a7b8-79fa855aa9e6: failed while reading the ElectricalSeries rates (AttributeError: module 'spikeinterface.extractors' has no attribute 'NwbRecordingExtractor')
2026-09-30T21:48:09Z WARNING [133/363] 207a4e08-ff6f-4bea-a7b8-79fa855aa9e6: leaving unrecorded for a later run to retry.
2026-09-30T21:48:10Z WARNING 207aba2b-4c0e-4bd7-a3e0-91dfa4608afe: failed while reading the ElectricalSeries rates (AttributeError: module 'spikeinterface.extractors' has no attribute 'NwbRecordingExtractor')
2026-09-30T21:48:10Z WARNING [134/363] 207aba2b-4c0e-4bd7-a3e0-91dfa4608afe: leaving unrecorded for a later run to retry.
2026-09-30T21:48:10Z WARNING 207ad8e0-1f21-4d7e-979b-90f520caa9cf: failed while reading the ElectricalSeries rates (AttributeError: module 'spikeinterface.extractors' has no attribute 'NwbRecordingExtractor')
2026-09-30T21:48:10Z WARNING [135/363] 207ad8e0-1f21-4d7e-979b-90f520caa9cf: leaving unrecorded for a later run to retry.
2026-09-30T21:48:10Z WARNING 207af058-c48d-4e03-87b1-35f69d44713f: failed while reading the ElectricalSeries rates (AttributeError: module 'spikeinterface.extractors' has no attribute 'NwbRecordingExtractor')
2026-09-30T21:48:10Z WARNING [136/363] 207af058-c48d-4e03-87b1-35f69d44713f: leaving unrecorded for a later run to retry.
2026-09-30T21:48:10Z WARNING 207b1d86-f563-4fea-af73-64c892f26ffd: failed while reading the ElectricalSeries rates (AttributeError: module 'spikeinterface.extractors' has no attribute 'NwbRecordingExtractor')
2026-09-30T21:48:10Z WARNING [137/363] 207b1d86-f563-4fea-af73-64c892f26ffd: leaving unrecorded for a later run to retry.
2026-09-30T21:48:10Z WARNING 207bb2e2-cdd1-4497-b514-7da5177f9dda: failed while reading the ElectricalSeries rates (AttributeError: module 'spikeinterface.extractors' has no attribute 'NwbRecordingExtractor')
2026-09-30T21:48:10Z WARNING [138/363] 207bb2e2-cdd1-4497-b514-7da5177f9dda: leaving unrecorded for a later run to retry.
2026-09-30T21:48:10Z WARNING 207c0a8e-47b8-42ab-8a19-219f958c6eba: failed while reading the ElectricalSeries rates (AttributeError: module 'spikeinterface.extractors' has no attribute 'NwbRecordingExtractor')
2026-09-30T21:48:10Z WARNING [139/363] 207c0a8e-47b8-42ab-8a19-219f958c6eba: leaving unrecorded for a later run to retry.
2026-09-30T21:48:10Z WARNING 207d0c1d-ecaf-44f7-8f84-e4ce9ba52791: failed while reading the ElectricalSeries rates (AttributeError: module 'spikeinterface.extractors' has no attribute 'NwbRecordingExtractor')
2026-09-30T21:48:10Z WARNING [140/363] 207d0c1d-ecaf-44f7-8f84-e4ce9ba52791: leaving unrecorded for a later run to retry.
2026-09-30T21:48:10Z WARNING 207de00f-b4a2-4606-9cb8-e1c01939932c: failed while reading the ElectricalSeries rates (AttributeError: module 'spikeinterface.extractors' has no attribute 'NwbRecordingExtractor')
2026-09-30T21:48:10Z WARNING [141/363] 207de00f-b4a2-4606-9cb8-e1c01939932c: leaving unrecorded for a later run to retry.
2026-09-30T21:48:10Z WARNING 207eedcd-5058-43fc-ac68-3d5ba83b3f7e: failed while reading the ElectricalSeries rates (AttributeError: module 'spikeinterface.extractors' has no attribute 'NwbRecordingExtractor')
2026-09-30T21:48:10Z WARNING [142/363] 207eedcd-5058-43fc-ac68-3d5ba83b3f7e: leaving unrecorded for a later run to retry.
2026-09-30T21:48:10Z WARNING 207f60f3-4c34-49c1-86f9-658b8443efae: failed while reading the ElectricalSeries rates (AttributeError: module 'spikeinterface.extractors' has no attribute 'NwbRecordingExtractor')
2026-09-30T21:48:10Z WARNING [143/363] 207f60f3-4c34-49c1-86f9-658b8443efae: leaving unrecorded for a later run to retry.
2026-09-30T21:48:10Z WARNING 207f6263-bff2-4aae-9b37-259577199d2d: failed while reading the ElectricalSeries rates (AttributeError: module 'spikeinterface.extractors' has no attribute 'NwbRecordingExtractor')
2026-09-30T21:48:10Z WARNING [144/363] 207f6263-bff2-4aae-9b37-259577199d2d: leaving unrecorded for a later run to retry.
2026-09-30T21:48:10Z WARNING 207f8b33-f695-4924-b36c-b4ddd1003dfd: failed while reading the ElectricalSeries rates (AttributeError: module 'spikeinterface.extractors' has no attribute 'NwbRecordingExtractor')
2026-09-30T21:48:10Z WARNING [145/363] 207f8b33-f695-4924-b36c-b4ddd1003dfd: leaving unrecorded for a later run to retry.
2026-09-30T21:48:10Z WARNING 20812a01-7102-45d9-b702-b9d984af6b1c: failed while reading the ElectricalSeries rates (AttributeError: module 'spikeinterface.extractors' has no attribute 'NwbRecordingExtractor')
2026-09-30T21:48:10Z WARNING [146/363] 20812a01-7102-45d9-b702-b9d984af6b1c: leaving unrecorded for a later run to retry.
2026-09-30T21:48:10Z WARNING 20821f39-16d9-49f7-9566-10f5aded2b28: failed while reading the ElectricalSeries rates (AttributeError: module 'spikeinterface.extractors' has no attribute 'NwbRecordingExtractor')
2026-09-30T21:48:10Z WARNING [147/363] 20821f39-16d9-49f7-9566-10f5aded2b28: leaving unrecorded for a later run to retry.
2026-09-30T21:48:11Z WARNING 208220a5-8501-4a99-ab3b-69ecba3627fb: failed while reading the ElectricalSeries rates (AttributeError: module 'spikeinterface.extractors' has no attribute 'NwbRecordingExtractor')
2026-09-30T21:48:11Z WARNING [148/363] 208220a5-8501-4a99-ab3b-69ecba3627fb: leaving unrecorded for a later run to retry.
2026-09-30T21:48:11Z WARNING 208276d9-84c2-4827-9b46-02a60cea5ef9: failed while reading the ElectricalSeries rates (AttributeError: module 'spikeinterface.extractors' has no attribute 'NwbRecordingExtractor')
2026-09-30T21:48:11Z WARNING [149/363] 208276d9-84c2-4827-9b46-02a60cea5ef9: leaving unrecorded for a later run to retry.
2026-09-30T21:48:11Z WARNING 20835ae8-c99e-4c3f-9e85-3ed008883447: failed while reading the ElectricalSeries rates (AttributeError: module 'spikeinterface.extractors' has no attribute 'NwbRecordingExtractor')
2026-09-30T21:48:11Z WARNING [150/363] 20835ae8-c99e-4c3f-9e85-3ed008883447: leaving unrecorded for a later run to retry.
2026-09-30T21:48:11Z INFO [150/363] 20835ae8-c99e-4c3f-9e85-3ed008883447: checkpointed 60602 records.
2026-09-30T21:48:11Z WARNING 2083cd01-1090-4885-af44-922ac62b887e: failed while reading the ElectricalSeries rates (AttributeError: module 'spikeinterface.extractors' has no attribute 'NwbRecordingExtractor')
2026-09-30T21:48:11Z WARNING [151/363] 2083cd01-1090-4885-af44-922ac62b887e: leaving unrecorded for a later run to retry.
2026-09-30T21:48:11Z WARNING 2084609f-afb5-4dc4-80f4-7eee4c11f102: failed while reading the ElectricalSeries rates (AttributeError: module 'spikeinterface.extractors' has no attribute 'NwbRecordingExtractor')
2026-09-30T21:48:11Z WARNING [152/363] 2084609f-afb5-4dc4-80f4-7eee4c11f102: leaving unrecorded for a later run to retry.
2026-09-30T21:48:11Z WARNING 20853f16-592e-4b8d-98e9-6eba951bca71: failed while reading the ElectricalSeries rates (AttributeError: module 'spikeinterface.extractors' has no attribute 'NwbRecordingExtractor')
2026-09-30T21:48:11Z WARNING [153/363] 20853f16-592e-4b8d-98e9-6eba951bca71: leaving unrecorded for a later run to retry.
2026-09-30T21:48:11Z WARNING 20856110-83a9-4746-9a78-dad754f12064: failed while reading the ElectricalSeries rates (AttributeError: module 'spikeinterface.extractors' has no attribute 'NwbRecordingExtractor')
2026-09-30T21:48:11Z WARNING [154/363] 20856110-83a9-4746-9a78-dad754f12064: leaving unrecorded for a later run to retry.
2026-09-30T21:48:11Z WARNING 2085720e-75c8-4045-b46c-bb3b991d0da6: failed while reading the ElectricalSeries rates (AttributeError: module 'spikeinterface.extractors' has no attribute 'NwbRecordingExtractor')
2026-09-30T21:48:11Z WARNING [155/363] 2085720e-75c8-4045-b46c-bb3b991d0da6: leaving unrecorded for a later run to retry.
2026-09-30T21:48:11Z WARNING 2085e157-5f38-4f99-8b59-9d6832ea1da6: failed while reading the ElectricalSeries rates (AttributeError: module 'spikeinterface.extractors' has no attribute 'NwbRecordingExtractor')
2026-09-30T21:48:11Z WARNING [156/363] 2085e157-5f38-4f99-8b59-9d6832ea1da6: leaving unrecorded for a later run to retry.
2026-09-30T21:48:11Z WARNING 2085ed7e-770a-4da5-9891-de963274a9aa: failed while reading the ElectricalSeries rates (AttributeError: module 'spikeinterface.extractors' has no attribute 'NwbRecordingExtractor')
2026-09-30T21:48:11Z WARNING [157/363] 2085ed7e-770a-4da5-9891-de963274a9aa: leaving unrecorded for a later run to retry.
2026-09-30T21:48:11Z WARNING 2086fa10-46bb-486a-8646-7adb0cda92c8: failed while reading the ElectricalSeries rates (AttributeError: module 'spikeinterface.extractors' has no attribute 'NwbRecordingExtractor')
2026-09-30T21:48:11Z WARNING [158/363] 2086fa10-46bb-486a-8646-7adb0cda92c8: leaving unrecorded for a later run to retry.
2026-09-30T21:48:11Z WARNING 208847ad-0dad-44ff-9ceb-14a6a09eedd3: failed while reading the ElectricalSeries rates (AttributeError: module 'spikeinterface.extractors' has no attribute 'NwbRecordingExtractor')
2026-09-30T21:48:11Z WARNING [159/363] 208847ad-0dad-44ff-9ceb-14a6a09eedd3: leaving unrecorded for a later run to retry.
2026-09-30T21:48:11Z WARNING 20884be9-214e-4e0b-bde2-3333ce4354f4: failed while reading the ElectricalSeries rates (AttributeError: module 'spikeinterface.extractors' has no attribute 'NwbRecordingExtractor')
2026-09-30T21:48:11Z WARNING [160/363] 20884be9-214e-4e0b-bde2-3333ce4354f4: leaving unrecorded for a later run to retry.
2026-09-30T21:48:12Z WARNING 20895b90-d1d7-44cb-8fff-06ee5048b31f: failed while reading the ElectricalSeries rates (AttributeError: module 'spikeinterface.extractors' has no attribute 'NwbRecordingExtractor')
2026-09-30T21:48:12Z WARNING [161/363] 20895b90-d1d7-44cb-8fff-06ee5048b31f: leaving unrecorded for a later run to retry.
2026-09-30T21:48:12Z WARNING 208967cc-8181-4ef5-b2bf-12e97008cd99: failed while reading the ElectricalSeries rates (AttributeError: module 'spikeinterface.extractors' has no attribute 'NwbRecordingExtractor')
2026-09-30T21:48:12Z WARNING [162/363] 208967cc-8181-4ef5-b2bf-12e97008cd99: leaving unrecorded for a later run to retry.
2026-09-30T21:48:12Z WARNING 2089de89-83c1-4bc8-830c-b7d737fe170b: failed while reading the ElectricalSeries rates (AttributeError: module 'spikeinterface.extractors' has no attribute 'NwbRecordingExtractor')
2026-09-30T21:48:12Z WARNING [163/363] 2089de89-83c1-4bc8-830c-b7d737fe170b: leaving unrecorded for a later run to retry.
2026-09-30T21:48:12Z WARNING 208abab4-7734-4373-81a9-82d68a5c35f9: failed while reading the ElectricalSeries rates (AttributeError: module 'spikeinterface.extractors' has no attribute 'NwbRecordingExtractor')
2026-09-30T21:48:12Z WARNING [164/363] 208abab4-7734-4373-81a9-82d68a5c35f9: leaving unrecorded for a later run to retry.
2026-09-30T21:48:12Z WARNING 208b16b6-93a8-46ef-bac1-1bc99a951090: failed while reading the ElectricalSeries rates (AttributeError: module 'spikeinterface.extractors' has no attribute 'NwbRecordingExtractor')
2026-09-30T21:48:12Z WARNING [165/363] 208b16b6-93a8-46ef-bac1-1bc99a951090: leaving unrecorded for a later run to retry.
2026-09-30T21:48:12Z WARNING 208b2c71-48f5-4dd4-9af9-d49b944f7a1e: failed while reading the ElectricalSeries rates (AttributeError: module 'spikeinterface.extractors' has no attribute 'NwbRecordingExtractor')
2026-09-30T21:48:12Z WARNING [166/363] 208b2c71-48f5-4dd4-9af9-d49b944f7a1e: leaving unrecorded for a later run to retry.
2026-09-30T21:48:12Z WARNING 208b92a0-c1d8-4683-96b8-8019769ffb3a: failed while reading the ElectricalSeries rates (AttributeError: module 'spikeinterface.extractors' has no attribute 'NwbRecordingExtractor')
2026-09-30T21:48:12Z WARNING [167/363] 208b92a0-c1d8-4683-96b8-8019769ffb3a: leaving unrecorded for a later run to retry.
2026-09-30T21:48:12Z WARNING 208ba5c4-f29c-4faa-bfb5-28a371412ca0: failed while reading the ElectricalSeries rates (AttributeError: module 'spikeinterface.extractors' has no attribute 'NwbRecordingExtractor')
2026-09-30T21:48:12Z WARNING [168/363] 208ba5c4-f29c-4faa-bfb5-28a371412ca0: leaving unrecorded for a later run to retry.
2026-09-30T21:48:12Z WARNING 208c9e16-146a-4e7c-98d4-a3da515976ac: failed while reading the ElectricalSeries rates (AttributeError: module 'spikeinterface.extractors' has no attribute 'NwbRecordingExtractor')
2026-09-30T21:48:12Z WARNING [169/363] 208c9e16-146a-4e7c-98d4-a3da515976ac: leaving unrecorded for a later run to retry.
2026-09-30T21:48:12Z WARNING 208dd029-e43a-470c-a05f-1879d4b89822: failed while reading the ElectricalSeries rates (AttributeError: module 'spikeinterface.extractors' has no attribute 'NwbRecordingExtractor')
2026-09-30T21:48:12Z WARNING [170/363] 208dd029-e43a-470c-a05f-1879d4b89822: leaving unrecorded for a later run to retry.
2026-09-30T21:48:12Z WARNING 208e263e-16d8-4d23-8237-be1787bb1799: failed while reading the ElectricalSeries rates (AttributeError: module 'spikeinterface.extractors' has no attribute 'NwbRecordingExtractor')
2026-09-30T21:48:12Z WARNING [171/363] 208e263e-16d8-4d23-8237-be1787bb1799: leaving unrecorded for a later run to retry.
2026-09-30T21:48:12Z WARNING 208e822f-5aa8-461f-8122-8a5d479bb5a5: failed while reading the ElectricalSeries rates (AttributeError: module 'spikeinterface.extractors' has no attribute 'NwbRecordingExtractor')
2026-09-30T21:48:12Z WARNING [172/363] 208e822f-5aa8-461f-8122-8a5d479bb5a5: leaving unrecorded for a later run to retry.
2026-09-30T21:48:12Z WARNING 208f1094-dd56-4be6-8627-28972b367ad1: failed while reading the ElectricalSeries rates (AttributeError: module 'spikeinterface.extractors' has no attribute 'NwbRecordingExtractor')
2026-09-30T21:48:12Z WARNING [173/363] 208f1094-dd56-4be6-8627-28972b367ad1: leaving unrecorded for a later run to retry.
2026-09-30T21:48:12Z WARNING 20902427-07a2-4bb3-9c3e-c69bfbf0d99e: failed while reading the ElectricalSeries rates (AttributeError: module 'spikeinterface.extractors' has no attribute 'NwbRecordingExtractor')
2026-09-30T21:48:12Z WARNING [174/363] 20902427-07a2-4bb3-9c3e-c69bfbf0d99e: leaving unrecorded for a later run to retry.
2026-09-30T21:48:12Z WARNING 20908db3-ba85-4469-99ff-1dab08289f84: failed while reading the ElectricalSeries rates (AttributeError: module 'spikeinterface.extractors' has no attribute 'NwbRecordingExtractor')
2026-09-30T21:48:12Z WARNING [175/363] 20908db3-ba85-4469-99ff-1dab08289f84: leaving unrecorded for a later run to retry.
2026-09-30T21:48:12Z WARNING 2091157f-d7d8-4215-8564-1e21f21891a8: failed while reading the ElectricalSeries rates (AttributeError: module 'spikeinterface.extractors' has no attribute 'NwbRecordingExtractor')
2026-09-30T21:48:12Z WARNING [176/363] 2091157f-d7d8-4215-8564-1e21f21891a8: leaving unrecorded for a later run to retry.
2026-09-30T21:48:12Z WARNING 20919bcb-3693-4f99-8cbc-342ebd150d31: failed while reading the ElectricalSeries rates (AttributeError: module 'spikeinterface.extractors' has no attribute 'NwbRecordingExtractor')
2026-09-30T21:48:12Z WARNING [177/363] 20919bcb-3693-4f99-8cbc-342ebd150d31: leaving unrecorded for a later run to retry.
2026-09-30T21:48:13Z WARNING 209428e1-08f7-4c05-afbc-36f7bf6f74f1: failed while reading the ElectricalSeries rates (AttributeError: module 'spikeinterface.extractors' has no attribute 'NwbRecordingExtractor')
2026-09-30T21:48:13Z WARNING [178/363] 209428e1-08f7-4c05-afbc-36f7bf6f74f1: leaving unrecorded for a later run to retry.
2026-09-30T21:48:13Z WARNING 2095117e-b3cf-42f3-9197-9edb20ba557d: failed while reading the ElectricalSeries rates (AttributeError: module 'spikeinterface.extractors' has no attribute 'NwbRecordingExtractor')
2026-09-30T21:48:13Z WARNING [179/363] 2095117e-b3cf-42f3-9197-9edb20ba557d: leaving unrecorded for a later run to retry.
2026-09-30T21:48:13Z WARNING 20959f3b-ad98-4564-8517-bb099c289501: failed while reading the ElectricalSeries rates (AttributeError: module 'spikeinterface.extractors' has no attribute 'NwbRecordingExtractor')
2026-09-30T21:48:13Z WARNING [180/363] 20959f3b-ad98-4564-8517-bb099c289501: leaving unrecorded for a later run to retry.
2026-09-30T21:48:13Z WARNING 2095c5a8-17a3-4446-b3dc-7235e2dd4e9f: failed while reading the ElectricalSeries rates (AttributeError: module 'spikeinterface.extractors' has no attribute 'NwbRecordingExtractor')
2026-09-30T21:48:13Z WARNING [181/363] 2095c5a8-17a3-4446-b3dc-7235e2dd4e9f: leaving unrecorded for a later run to retry.
2026-09-30T21:48:13Z WARNING 2096e471-a575-4988-bf56-e61d8d98f295: failed while reading the ElectricalSeries rates (AttributeError: module 'spikeinterface.extractors' has no attribute 'NwbRecordingExtractor')
2026-09-30T21:48:13Z WARNING [182/363] 2096e471-a575-4988-bf56-e61d8d98f295: leaving unrecorded for a later run to retry.
2026-09-30T21:48:13Z WARNING 20970ea7-ccdb-40e8-95e8-25a8c409dd8d: failed while reading the ElectricalSeries rates (AttributeError: module 'spikeinterface.extractors' has no attribute 'NwbRecordingExtractor')
2026-09-30T21:48:13Z WARNING [183/363] 20970ea7-ccdb-40e8-95e8-25a8c409dd8d: leaving unrecorded for a later run to retry.
2026-09-30T21:48:13Z WARNING 209780e9-6192-436c-9f3f-997be23120cb: failed while reading the ElectricalSeries rates (AttributeError: module 'spikeinterface.extractors' has no attribute 'NwbRecordingExtractor')
2026-09-30T21:48:13Z WARNING [184/363] 209780e9-6192-436c-9f3f-997be23120cb: leaving unrecorded for a later run to retry.
2026-09-30T21:48:13Z WARNING 2098d1c5-98d6-4566-83aa-e38da6113ebf: failed while reading the ElectricalSeries rates (AttributeError: module 'spikeinterface.extractors' has no attribute 'NwbRecordingExtractor')
2026-09-30T21:48:13Z WARNING [185/363] 2098d1c5-98d6-4566-83aa-e38da6113ebf: leaving unrecorded for a later run to retry.
2026-09-30T21:48:13Z WARNING 20990b79-d6b9-49fa-b95e-e051c930a76b: failed while reading the ElectricalSeries rates (AttributeError: module 'spikeinterface.extractors' has no attribute 'NwbRecordingExtractor')
2026-09-30T21:48:13Z WARNING [186/363] 20990b79-d6b9-49fa-b95e-e051c930a76b: leaving unrecorded for a later run to retry.
2026-09-30T21:48:13Z WARNING 209976fa-0465-422b-8c1e-a878bbf4e153: failed while reading the ElectricalSeries rates (AttributeError: module 'spikeinterface.extractors' has no attribute 'NwbRecordingExtractor')
2026-09-30T21:48:13Z WARNING [187/363] 209976fa-0465-422b-8c1e-a878bbf4e153: leaving unrecorded for a later run to retry.
2026-09-30T21:48:13Z WARNING 209a7259-c5c6-42bd-b21c-dfd7613390ca: failed while reading the ElectricalSeries rates (AttributeError: module 'spikeinterface.extractors' has no attribute 'NwbRecordingExtractor')
2026-09-30T21:48:13Z WARNING [188/363] 209a7259-c5c6-42bd-b21c-dfd7613390ca: leaving unrecorded for a later run to retry.
2026-09-30T21:48:13Z WARNING 209aaaea-ddfd-4f31-8d5d-4b79ccb1fc39: failed while reading the ElectricalSeries rates (AttributeError: module 'spikeinterface.extractors' has no attribute 'NwbRecordingExtractor')
2026-09-30T21:48:13Z WARNING [189/363] 209aaaea-ddfd-4f31-8d5d-4b79ccb1fc39: leaving unrecorded for a later run to retry.
2026-09-30T21:48:13Z WARNING 209ad3d0-0fff-408d-9426-85a8752a8553: failed while reading the ElectricalSeries rates (AttributeError: module 'spikeinterface.extractors' has no attribute 'NwbRecordingExtractor')
2026-09-30T21:48:13Z WARNING [190/363] 209ad3d0-0fff-408d-9426-85a8752a8553: leaving unrecorded for a later run to retry.
2026-09-30T21:48:13Z WARNING 209b794b-15b8-4bd0-9868-d22c0d4d8e47: failed while reading the ElectricalSeries rates (AttributeError: module 'spikeinterface.extractors' has no attribute 'NwbRecordingExtractor')
2026-09-30T21:48:13Z WARNING [191/363] 209b794b-15b8-4bd0-9868-d22c0d4d8e47: leaving unrecorded for a later run to retry.
2026-09-30T21:48:13Z WARNING 209be6d0-f24e-4181-8354-ed671a150235: failed while reading the ElectricalSeries rates (AttributeError: module 'spikeinterface.extractors' has no attribute 'NwbRecordingExtractor')
2026-09-30T21:48:13Z WARNING [192/363] 209be6d0-f24e-4181-8354-ed671a150235: leaving unrecorded for a later run to retry.
2026-09-30T21:48:13Z WARNING 209ca129-d21c-42b2-933e-9210bcbb9623: failed while reading the ElectricalSeries rates (AttributeError: module 'spikeinterface.extractors' has no attribute 'NwbRecordingExtractor')
2026-09-30T21:48:13Z WARNING [193/363] 209ca129-d21c-42b2-933e-9210bcbb9623: leaving unrecorded for a later run to retry.
2026-09-30T21:48:14Z WARNING 209cfcd4-f9b7-4dab-9955-9d4c1593ae2d: failed while reading the ElectricalSeries rates (AttributeError: module 'spikeinterface.extractors' has no attribute 'NwbRecordingExtractor')
2026-09-30T21:48:14Z WARNING [194/363] 209cfcd4-f9b7-4dab-9955-9d4c1593ae2d: leaving unrecorded for a later run to retry.
2026-09-30T21:48:14Z WARNING 209d786c-2ca0-4c7c-94fe-8ef6c854175d: failed while reading the ElectricalSeries rates (AttributeError: module 'spikeinterface.extractors' has no attribute 'NwbRecordingExtractor')
2026-09-30T21:48:14Z WARNING [195/363] 209d786c-2ca0-4c7c-94fe-8ef6c854175d: leaving unrecorded for a later run to retry.
2026-09-30T21:48:14Z WARNING 209d7dd1-4efe-4e20-8610-05a1e99944fb: failed while reading the ElectricalSeries rates (AttributeError: module 'spikeinterface.extractors' has no attribute 'NwbRecordingExtractor')
2026-09-30T21:48:14Z WARNING [196/363] 209d7dd1-4efe-4e20-8610-05a1e99944fb: leaving unrecorded for a later run to retry.
2026-09-30T21:48:14Z WARNING 209eb427-e3c1-4b25-a3ff-47866165763d: failed while reading the ElectricalSeries rates (AttributeError: module 'spikeinterface.extractors' has no attribute 'NwbRecordingExtractor')
2026-09-30T21:48:14Z WARNING [197/363] 209eb427-e3c1-4b25-a3ff-47866165763d: leaving unrecorded for a later run to retry.
2026-09-30T21:48:14Z WARNING 209fba6f-f30c-4957-b611-405800ad2962: failed while reading the ElectricalSeries rates (AttributeError: module 'spikeinterface.extractors' has no attribute 'NwbRecordingExtractor')
2026-09-30T21:48:14Z WARNING [198/363] 209fba6f-f30c-4957-b611-405800ad2962: leaving unrecorded for a later run to retry.
2026-09-30T21:48:14Z WARNING 209fca75-07e3-4ae4-8625-21681dbcf30e: failed while reading the ElectricalSeries rates (AttributeError: module 'spikeinterface.extractors' has no attribute 'NwbRecordingExtractor')
2026-09-30T21:48:14Z WARNING [199/363] 209fca75-07e3-4ae4-8625-21681dbcf30e: leaving unrecorded for a later run to retry.
2026-09-30T21:48:14Z WARNING 20a0af9a-a16f-4e08-84b5-1825960d6a63: failed while reading the ElectricalSeries rates (AttributeError: module 'spikeinterface.extractors' has no attribute 'NwbRecordingExtractor')
2026-09-30T21:48:14Z WARNING [200/363] 20a0af9a-a16f-4e08-84b5-1825960d6a63: leaving unrecorded for a later run to retry.
2026-09-30T21:48:14Z INFO [200/363] 20a0af9a-a16f-4e08-84b5-1825960d6a63: checkpointed 60602 records.
2026-09-30T21:48:14Z WARNING 20a0bf25-c827-4f64-9c2e-6c13f228bb99: failed while reading the ElectricalSeries rates (AttributeError: module 'spikeinterface.extractors' has no attribute 'NwbRecordingExtractor')
2026-09-30T21:48:14Z WARNING [201/363] 20a0bf25-c827-4f64-9c2e-6c13f228bb99: leaving unrecorded for a later run to retry.
2026-09-30T21:48:14Z WARNING 20a1a965-c75d-4984-94a5-541f37d768e2: failed while reading the ElectricalSeries rates (AttributeError: module 'spikeinterface.extractors' has no attribute 'NwbRecordingExtractor')
2026-09-30T21:48:14Z WARNING [202/363] 20a1a965-c75d-4984-94a5-541f37d768e2: leaving unrecorded for a later run to retry.
2026-09-30T21:48:14Z WARNING 20a1d4a3-12c0-4d3c-9851-67297f5d5a3e: failed while reading the ElectricalSeries rates (AttributeError: module 'spikeinterface.extractors' has no attribute 'NwbRecordingExtractor')
2026-09-30T21:48:14Z WARNING [203/363] 20a1d4a3-12c0-4d3c-9851-67297f5d5a3e: leaving unrecorded for a later run to retry.
2026-09-30T21:48:14Z WARNING 20a2761c-5ccb-4f88-a353-d52c53909859: failed while reading the ElectricalSeries rates (AttributeError: module 'spikeinterface.extractors' has no attribute 'NwbRecordingExtractor')
2026-09-30T21:48:14Z WARNING [204/363] 20a2761c-5ccb-4f88-a353-d52c53909859: leaving unrecorded for a later run to retry.
2026-09-30T21:48:14Z WARNING 20a2a816-f21e-4e11-aa73-00c866bd43dd: failed while reading the ElectricalSeries rates (AttributeError: module 'spikeinterface.extractors' has no attribute 'NwbRecordingExtractor')
2026-09-30T21:48:14Z WARNING [205/363] 20a2a816-f21e-4e11-aa73-00c866bd43dd: leaving unrecorded for a later run to retry.
2026-09-30T21:48:14Z WARNING 20a34b22-380f-48de-9f25-8167b9d956de: failed while reading the ElectricalSeries rates (AttributeError: module 'spikeinterface.extractors' has no attribute 'NwbRecordingExtractor')
2026-09-30T21:48:14Z WARNING [206/363] 20a34b22-380f-48de-9f25-8167b9d956de: leaving unrecorded for a later run to retry.
2026-09-30T21:48:14Z WARNING 20a419ef-2a4c-47c5-8cdc-10604343acfc: failed while reading the ElectricalSeries rates (AttributeError: module 'spikeinterface.extractors' has no attribute 'NwbRecordingExtractor')
2026-09-30T21:48:14Z WARNING [207/363] 20a419ef-2a4c-47c5-8cdc-10604343acfc: leaving unrecorded for a later run to retry.
2026-09-30T21:48:15Z WARNING 20a543df-c723-4813-a010-e2d7b5138499: failed while reading the ElectricalSeries rates (AttributeError: module 'spikeinterface.extractors' has no attribute 'NwbRecordingExtractor')
2026-09-30T21:48:15Z WARNING [208/363] 20a543df-c723-4813-a010-e2d7b5138499: leaving unrecorded for a later run to retry.
2026-09-30T21:48:15Z WARNING 20a55384-769c-4c15-bf67-b1013572c869: failed while reading the ElectricalSeries rates (AttributeError: module 'spikeinterface.extractors' has no attribute 'NwbRecordingExtractor')
2026-09-30T21:48:15Z WARNING [209/363] 20a55384-769c-4c15-bf67-b1013572c869: leaving unrecorded for a later run to retry.
2026-09-30T21:48:15Z WARNING 20a613ce-85ee-4b11-a870-a72460301006: failed while reading the ElectricalSeries rates (AttributeError: module 'spikeinterface.extractors' has no attribute 'NwbRecordingExtractor')
2026-09-30T21:48:15Z WARNING [210/363] 20a613ce-85ee-4b11-a870-a72460301006: leaving unrecorded for a later run to retry.
2026-09-30T21:48:15Z WARNING 20a6f365-c56f-45ca-83d4-0ca459cc00fe: failed while reading the ElectricalSeries rates (AttributeError: module 'spikeinterface.extractors' has no attribute 'NwbRecordingExtractor')
2026-09-30T21:48:15Z WARNING [211/363] 20a6f365-c56f-45ca-83d4-0ca459cc00fe: leaving unrecorded for a later run to retry.
2026-09-30T21:48:15Z WARNING 20a6fd02-161f-4d4f-af04-e1edb4c93d91: failed while reading the ElectricalSeries rates (AttributeError: module 'spikeinterface.extractors' has no attribute 'NwbRecordingExtractor')
2026-09-30T21:48:15Z WARNING [212/363] 20a6fd02-161f-4d4f-af04-e1edb4c93d91: leaving unrecorded for a later run to retry.
2026-09-30T21:48:15Z WARNING 20a7230b-94f6-4435-8db1-52f6a4993a3f: failed while reading the ElectricalSeries rates (AttributeError: module 'spikeinterface.extractors' has no attribute 'NwbRecordingExtractor')
2026-09-30T21:48:15Z WARNING [213/363] 20a7230b-94f6-4435-8db1-52f6a4993a3f: leaving unrecorded for a later run to retry.
2026-09-30T21:48:15Z WARNING 20a76c5b-e300-4092-832c-2f3441ef2010: failed while reading the ElectricalSeries rates (AttributeError: module 'spikeinterface.extractors' has no attribute 'NwbRecordingExtractor')
2026-09-30T21:48:15Z WARNING [214/363] 20a76c5b-e300-4092-832c-2f3441ef2010: leaving unrecorded for a later run to retry.
2026-09-30T21:48:15Z WARNING 20a7ec4a-0669-49f5-888a-0f5b7e250e60: failed while reading the ElectricalSeries rates (AttributeError: module 'spikeinterface.extractors' has no attribute 'NwbRecordingExtractor')
2026-09-30T21:48:15Z WARNING [215/363] 20a7ec4a-0669-49f5-888a-0f5b7e250e60: leaving unrecorded for a later run to retry.
2026-09-30T21:48:15Z WARNING 20a80851-41cc-41b8-bace-07107be9d15d: failed while reading the ElectricalSeries rates (AttributeError: module 'spikeinterface.extractors' has no attribute 'NwbRecordingExtractor')
2026-09-30T21:48:15Z WARNING [216/363] 20a80851-41cc-41b8-bace-07107be9d15d: leaving unrecorded for a later run to retry.
2026-09-30T21:48:15Z WARNING 20a8a897-dd3b-4d58-9c10-1e646b17ddba: failed while reading the ElectricalSeries rates (AttributeError: module 'spikeinterface.extractors' has no attribute 'NwbRecordingExtractor')
2026-09-30T21:48:15Z WARNING [217/363] 20a8a897-dd3b-4d58-9c10-1e646b17ddba: leaving unrecorded for a later run to retry.
2026-09-30T21:48:15Z WARNING 20a8e1b7-41b8-47ae-bb7e-fca8242f1fa0: failed while reading the ElectricalSeries rates (AttributeError: module 'spikeinterface.extractors' has no attribute 'NwbRecordingExtractor')
2026-09-30T21:48:15Z WARNING [218/363] 20a8e1b7-41b8-47ae-bb7e-fca8242f1fa0: leaving unrecorded for a later run to retry.
2026-09-30T21:48:15Z WARNING 20a97d2c-7b23-4304-9dd3-84d955c3d2f5: failed while reading the ElectricalSeries rates (AttributeError: module 'spikeinterface.extractors' has no attribute 'NwbRecordingExtractor')
2026-09-30T21:48:15Z WARNING [219/363] 20a97d2c-7b23-4304-9dd3-84d955c3d2f5: leaving unrecorded for a later run to retry.
2026-09-30T21:48:15Z WARNING 20a9d155-499d-4ba4-8f96-a75750e426ca: failed while reading the ElectricalSeries rates (AttributeError: module 'spikeinterface.extractors' has no attribute 'NwbRecordingExtractor')
2026-09-30T21:48:15Z WARNING [220/363] 20a9d155-499d-4ba4-8f96-a75750e426ca: leaving unrecorded for a later run to retry.
2026-09-30T21:48:15Z WARNING 20ab14a5-2d33-49e3-a908-b308e16fc006: failed while reading the ElectricalSeries rates (AttributeError: module 'spikeinterface.extractors' has no attribute 'NwbRecordingExtractor')
2026-09-30T21:48:15Z WARNING [221/363] 20ab14a5-2d33-49e3-a908-b308e16fc006: leaving unrecorded for a later run to retry.
2026-09-30T21:48:15Z WARNING 20ab4ea7-98cc-43ce-b9d4-078a0256cb99: failed while reading the ElectricalSeries rates (AttributeError: module 'spikeinterface.extractors' has no attribute 'NwbRecordingExtractor')
2026-09-30T21:48:15Z WARNING [222/363] 20ab4ea7-98cc-43ce-b9d4-078a0256cb99: leaving unrecorded for a later run to retry.
2026-09-30T21:48:15Z WARNING 20abc756-b9ed-49af-976d-53db6169018b: failed while reading the ElectricalSeries rates (AttributeError: module 'spikeinterface.extractors' has no attribute 'NwbRecordingExtractor')
2026-09-30T21:48:15Z WARNING [223/363] 20abc756-b9ed-49af-976d-53db6169018b: leaving unrecorded for a later run to retry.
2026-09-30T21:48:16Z WARNING 20abf11c-800b-41b7-aadc-d476d15a757f: failed while reading the ElectricalSeries rates (AttributeError: module 'spikeinterface.extractors' has no attribute 'NwbRecordingExtractor')
2026-09-30T21:48:16Z WARNING [224/363] 20abf11c-800b-41b7-aadc-d476d15a757f: leaving unrecorded for a later run to retry.
2026-09-30T21:48:16Z WARNING 20accf91-e528-4d9d-a8ed-8bac6fd5ccec: failed while reading the ElectricalSeries rates (AttributeError: module 'spikeinterface.extractors' has no attribute 'NwbRecordingExtractor')
2026-09-30T21:48:16Z WARNING [225/363] 20accf91-e528-4d9d-a8ed-8bac6fd5ccec: leaving unrecorded for a later run to retry.
2026-09-30T21:48:16Z WARNING 20acd42b-3844-4ee8-8d82-f1c4e75ed070: failed while reading the ElectricalSeries rates (AttributeError: module 'spikeinterface.extractors' has no attribute 'NwbRecordingExtractor')
2026-09-30T21:48:16Z WARNING [226/363] 20acd42b-3844-4ee8-8d82-f1c4e75ed070: leaving unrecorded for a later run to retry.
2026-09-30T21:48:16Z WARNING 20ae0ea5-1197-4b8f-9a85-e073da897561: failed while reading the ElectricalSeries rates (AttributeError: module 'spikeinterface.extractors' has no attribute 'NwbRecordingExtractor')
2026-09-30T21:48:16Z WARNING [227/363] 20ae0ea5-1197-4b8f-9a85-e073da897561: leaving unrecorded for a later run to retry.
2026-09-30T21:48:16Z WARNING 20ae6bd0-35fe-43c7-acf3-16499ed26618: failed while reading the ElectricalSeries rates (AttributeError: module 'spikeinterface.extractors' has no attribute 'NwbRecordingExtractor')
2026-09-30T21:48:16Z WARNING [228/363] 20ae6bd0-35fe-43c7-acf3-16499ed26618: leaving unrecorded for a later run to retry.
2026-09-30T21:48:16Z WARNING 20aec471-f397-442c-858a-4df39a1de60a: failed while reading the ElectricalSeries rates (AttributeError: module 'spikeinterface.extractors' has no attribute 'NwbRecordingExtractor')
2026-09-30T21:48:16Z WARNING [229/363] 20aec471-f397-442c-858a-4df39a1de60a: leaving unrecorded for a later run to retry.
2026-09-30T21:48:16Z WARNING 20b00958-4e6d-4c04-9945-35197ebfe839: failed while reading the ElectricalSeries rates (AttributeError: module 'spikeinterface.extractors' has no attribute 'NwbRecordingExtractor')
2026-09-30T21:48:16Z WARNING [230/363] 20b00958-4e6d-4c04-9945-35197ebfe839: leaving unrecorded for a later run to retry.
2026-09-30T21:48:16Z WARNING 20b0da3b-c799-4dc3-9ae3-3541ec7c668e: failed while reading the ElectricalSeries rates (AttributeError: module 'spikeinterface.extractors' has no attribute 'NwbRecordingExtractor')
2026-09-30T21:48:16Z WARNING [231/363] 20b0da3b-c799-4dc3-9ae3-3541ec7c668e: leaving unrecorded for a later run to retry.
2026-09-30T21:48:16Z WARNING 20b0e71a-f9d6-426e-b967-24c3749b04bc: failed while reading the ElectricalSeries rates (AttributeError: module 'spikeinterface.extractors' has no attribute 'NwbRecordingExtractor')
2026-09-30T21:48:16Z WARNING [232/363] 20b0e71a-f9d6-426e-b967-24c3749b04bc: leaving unrecorded for a later run to retry.
2026-09-30T21:48:16Z WARNING 20b10724-46ae-4805-a097-9bda8ccc0b3c: failed while reading the ElectricalSeries rates (AttributeError: module 'spikeinterface.extractors' has no attribute 'NwbRecordingExtractor')
2026-09-30T21:48:16Z WARNING [233/363] 20b10724-46ae-4805-a097-9bda8ccc0b3c: leaving unrecorded for a later run to retry.
2026-09-30T21:48:16Z WARNING 20b1a664-084a-4406-96b2-8bad0e1fdf22: failed while reading the ElectricalSeries rates (AttributeError: module 'spikeinterface.extractors' has no attribute 'NwbRecordingExtractor')
2026-09-30T21:48:16Z WARNING [234/363] 20b1a664-084a-4406-96b2-8bad0e1fdf22: leaving unrecorded for a later run to retry.
2026-09-30T21:48:16Z WARNING 20b20ec1-cab0-4591-8cb7-56e7706acff7: failed while reading the ElectricalSeries rates (AttributeError: module 'spikeinterface.extractors' has no attribute 'NwbRecordingExtractor')
2026-09-30T21:48:16Z WARNING [235/363] 20b20ec1-cab0-4591-8cb7-56e7706acff7: leaving unrecorded for a later run to retry.
2026-09-30T21:48:16Z WARNING 20b233a4-317d-4e72-9b46-0870f991052e: failed while reading the ElectricalSeries rates (AttributeError: module 'spikeinterface.extractors' has no attribute 'NwbRecordingExtractor')
2026-09-30T21:48:16Z WARNING [236/363] 20b233a4-317d-4e72-9b46-0870f991052e: leaving unrecorded for a later run to retry.
2026-09-30T21:48:16Z WARNING 20b292bf-1548-4ce2-bcc7-6756370c7aef: failed while reading the ElectricalSeries rates (AttributeError: module 'spikeinterface.extractors' has no attribute 'NwbRecordingExtractor')
2026-09-30T21:48:16Z WARNING [237/363] 20b292bf-1548-4ce2-bcc7-6756370c7aef: leaving unrecorded for a later run to retry.
2026-09-30T21:48:16Z WARNING 20b3179f-2fe7-4c17-acb6-531a5615b2e3: failed while reading the ElectricalSeries rates (AttributeError: module 'spikeinterface.extractors' has no attribute 'NwbRecordingExtractor')
2026-09-30T21:48:16Z WARNING [238/363] 20b3179f-2fe7-4c17-acb6-531a5615b2e3: leaving unrecorded for a later run to retry.
2026-09-30T21:48:16Z WARNING 20b48698-7883-4d9e-894d-f5ce2e6c1701: failed while reading the ElectricalSeries rates (AttributeError: module 'spikeinterface.extractors' has no attribute 'NwbRecordingExtractor')
2026-09-30T21:48:16Z WARNING [239/363] 20b48698-7883-4d9e-894d-f5ce2e6c1701: leaving unrecorded for a later run to retry.
2026-09-30T21:48:16Z WARNING 20b5d1f9-bde7-428d-a41d-51b5b3deb666: failed while reading the ElectricalSeries rates (AttributeError: module 'spikeinterface.extractors' has no attribute 'NwbRecordingExtractor')
2026-09-30T21:48:16Z WARNING [240/363] 20b5d1f9-bde7-428d-a41d-51b5b3deb666: leaving unrecorded for a later run to retry.
2026-09-30T21:48:17Z WARNING 20b5d243-5a61-4246-a5d5-ac9d9068183d: failed while reading the ElectricalSeries rates (AttributeError: module 'spikeinterface.extractors' has no attribute 'NwbRecordingExtractor')
2026-09-30T21:48:17Z WARNING [241/363] 20b5d243-5a61-4246-a5d5-ac9d9068183d: leaving unrecorded for a later run to retry.
2026-09-30T21:48:17Z WARNING 20b64d33-7a8d-4966-aeac-0a1aecdc66b5: failed while reading the ElectricalSeries rates (AttributeError: module 'spikeinterface.extractors' has no attribute 'NwbRecordingExtractor')
2026-09-30T21:48:17Z WARNING [242/363] 20b64d33-7a8d-4966-aeac-0a1aecdc66b5: leaving unrecorded for a later run to retry.
2026-09-30T21:48:17Z WARNING 20b69528-1ea2-4a2d-9712-8b3be5c0bd42: failed while reading the ElectricalSeries rates (AttributeError: module 'spikeinterface.extractors' has no attribute 'NwbRecordingExtractor')
2026-09-30T21:48:17Z WARNING [243/363] 20b69528-1ea2-4a2d-9712-8b3be5c0bd42: leaving unrecorded for a later run to retry.
2026-09-30T21:48:17Z WARNING 20b6c7f2-9b7e-4a24-87e3-d3fb6740975a: failed while reading the ElectricalSeries rates (AttributeError: module 'spikeinterface.extractors' has no attribute 'NwbRecordingExtractor')
2026-09-30T21:48:17Z WARNING [244/363] 20b6c7f2-9b7e-4a24-87e3-d3fb6740975a: leaving unrecorded for a later run to retry.
2026-09-30T21:48:17Z WARNING 20b76737-3915-4bc3-a817-fe66eaee72cd: failed while reading the ElectricalSeries rates (AttributeError: module 'spikeinterface.extractors' has no attribute 'NwbRecordingExtractor')
2026-09-30T21:48:17Z WARNING [245/363] 20b76737-3915-4bc3-a817-fe66eaee72cd: leaving unrecorded for a later run to retry.
2026-09-30T21:48:17Z WARNING 20b8bf70-befb-4d41-9856-bf5a9f786786: failed while reading the ElectricalSeries rates (AttributeError: module 'spikeinterface.extractors' has no attribute 'NwbRecordingExtractor')
2026-09-30T21:48:17Z WARNING [246/363] 20b8bf70-befb-4d41-9856-bf5a9f786786: leaving unrecorded for a later run to retry.
2026-09-30T21:48:17Z WARNING 20b8f1d0-aa64-47f9-84f2-e54ce385de05: failed while reading the ElectricalSeries rates (AttributeError: module 'spikeinterface.extractors' has no attribute 'NwbRecordingExtractor')
2026-09-30T21:48:17Z WARNING [247/363] 20b8f1d0-aa64-47f9-84f2-e54ce385de05: leaving unrecorded for a later run to retry.
2026-09-30T21:48:17Z WARNING 20bb334b-133b-4954-955f-0e802fb8a289: failed while reading the ElectricalSeries rates (AttributeError: module 'spikeinterface.extractors' has no attribute 'NwbRecordingExtractor')
2026-09-30T21:48:17Z WARNING [248/363] 20bb334b-133b-4954-955f-0e802fb8a289: leaving unrecorded for a later run to retry.
2026-09-30T21:48:17Z WARNING 20bb4f88-c21c-41fb-809f-34bd305f66b4: failed while reading the ElectricalSeries rates (AttributeError: module 'spikeinterface.extractors' has no attribute 'NwbRecordingExtractor')
2026-09-30T21:48:17Z WARNING [249/363] 20bb4f88-c21c-41fb-809f-34bd305f66b4: leaving unrecorded for a later run to retry.
2026-09-30T21:48:17Z WARNING 20bc42b4-9199-4f42-a405-76aab2501855: failed while reading the ElectricalSeries rates (AttributeError: module 'spikeinterface.extractors' has no attribute 'NwbRecordingExtractor')
2026-09-30T21:48:17Z WARNING [250/363] 20bc42b4-9199-4f42-a405-76aab2501855: leaving unrecorded for a later run to retry.
2026-09-30T21:48:17Z INFO [250/363] 20bc42b4-9199-4f42-a405-76aab2501855: checkpointed 60602 records.
2026-09-30T21:48:17Z WARNING 20bc929a-4687-4a01-a251-516d6f7529f1: failed while reading the ElectricalSeries rates (AttributeError: module 'spikeinterface.extractors' has no attribute 'NwbRecordingExtractor')
2026-09-30T21:48:17Z WARNING [251/363] 20bc929a-4687-4a01-a251-516d6f7529f1: leaving unrecorded for a later run to retry.
2026-09-30T21:48:17Z WARNING 20bd8a6d-947d-4864-a655-cfcc2080c389: failed while reading the ElectricalSeries rates (AttributeError: module 'spikeinterface.extractors' has no attribute 'NwbRecordingExtractor')
2026-09-30T21:48:17Z WARNING [252/363] 20bd8a6d-947d-4864-a655-cfcc2080c389: leaving unrecorded for a later run to retry.
2026-09-30T21:48:17Z WARNING 20bdb4f9-8d2b-4735-9a17-8f28dcd80398: failed while reading the ElectricalSeries rates (AttributeError: module 'spikeinterface.extractors' has no attribute 'NwbRecordingExtractor')
2026-09-30T21:48:17Z WARNING [253/363] 20bdb4f9-8d2b-4735-9a17-8f28dcd80398: leaving unrecorded for a later run to retry.
2026-09-30T21:48:18Z WARNING 20bdfc90-64fe-4d90-991c-9d347c9cb5ae: failed while reading the ElectricalSeries rates (AttributeError: module 'spikeinterface.extractors' has no attribute 'NwbRecordingExtractor')
2026-09-30T21:48:18Z WARNING [254/363] 20bdfc90-64fe-4d90-991c-9d347c9cb5ae: leaving unrecorded for a later run to retry.
2026-09-30T21:48:18Z WARNING 20be0872-3bd7-432c-baf4-400ac752349e: failed while reading the ElectricalSeries rates (AttributeError: module 'spikeinterface.extractors' has no attribute 'NwbRecordingExtractor')
2026-09-30T21:48:18Z WARNING [255/363] 20be0872-3bd7-432c-baf4-400ac752349e: leaving unrecorded for a later run to retry.
2026-09-30T21:48:18Z WARNING 20be0a26-0485-49e9-affa-a85560ed1979: failed while reading the ElectricalSeries rates (AttributeError: module 'spikeinterface.extractors' has no attribute 'NwbRecordingExtractor')
2026-09-30T21:48:18Z WARNING [256/363] 20be0a26-0485-49e9-affa-a85560ed1979: leaving unrecorded for a later run to retry.
2026-09-30T21:48:18Z WARNING 20be4b54-2b39-49c6-a05b-33fdbef20abd: failed while reading the ElectricalSeries rates (AttributeError: module 'spikeinterface.extractors' has no attribute 'NwbRecordingExtractor')
2026-09-30T21:48:18Z WARNING [257/363] 20be4b54-2b39-49c6-a05b-33fdbef20abd: leaving unrecorded for a later run to retry.
2026-09-30T21:48:18Z WARNING 20bea5f2-29bf-4c94-89ac-77f921532582: failed while reading the ElectricalSeries rates (AttributeError: module 'spikeinterface.extractors' has no attribute 'NwbRecordingExtractor')
2026-09-30T21:48:18Z WARNING [258/363] 20bea5f2-29bf-4c94-89ac-77f921532582: leaving unrecorded for a later run to retry.
2026-09-30T21:48:18Z WARNING 20bec433-2c1a-4012-b182-a4623bdc353d: failed while reading the ElectricalSeries rates (AttributeError: module 'spikeinterface.extractors' has no attribute 'NwbRecordingExtractor')
2026-09-30T21:48:18Z WARNING [259/363] 20bec433-2c1a-4012-b182-a4623bdc353d: leaving unrecorded for a later run to retry.
2026-09-30T21:48:18Z WARNING 20bf0387-04b0-4450-999a-fa926bcb30a8: failed while reading the ElectricalSeries rates (AttributeError: module 'spikeinterface.extractors' has no attribute 'NwbRecordingExtractor')
2026-09-30T21:48:18Z WARNING [260/363] 20bf0387-04b0-4450-999a-fa926bcb30a8: leaving unrecorded for a later run to retry.
2026-09-30T21:48:18Z WARNING 20bf848f-7266-45a3-abcc-5a14e4abe59f: failed while reading the ElectricalSeries rates (AttributeError: module 'spikeinterface.extractors' has no attribute 'NwbRecordingExtractor')
2026-09-30T21:48:18Z WARNING [261/363] 20bf848f-7266-45a3-abcc-5a14e4abe59f: leaving unrecorded for a later run to retry.
2026-09-30T21:48:18Z WARNING 20c0375b-4aa0-479b-b06d-6149322905a2: failed while reading the ElectricalSeries rates (AttributeError: module 'spikeinterface.extractors' has no attribute 'NwbRecordingExtractor')
2026-09-30T21:48:18Z WARNING [262/363] 20c0375b-4aa0-479b-b06d-6149322905a2: leaving unrecorded for a later run to retry.
2026-09-30T21:48:18Z WARNING 20c1b884-bf2f-4fdb-a7de-20271bc67592: failed while reading the ElectricalSeries rates (AttributeError: module 'spikeinterface.extractors' has no attribute 'NwbRecordingExtractor')
2026-09-30T21:48:18Z WARNING [263/363] 20c1b884-bf2f-4fdb-a7de-20271bc67592: leaving unrecorded for a later run to retry.
2026-09-30T21:48:18Z WARNING 20c26283-76ee-4a56-bdf4-c8ae6bb91efb: failed while reading the ElectricalSeries rates (AttributeError: module 'spikeinterface.extractors' has no attribute 'NwbRecordingExtractor')
2026-09-30T21:48:18Z WARNING [264/363] 20c26283-76ee-4a56-bdf4-c8ae6bb91efb: leaving unrecorded for a later run to retry.
2026-09-30T21:48:18Z WARNING 20c2c3ea-6789-4c0f-b06e-25b78e904048: failed while reading the ElectricalSeries rates (AttributeError: module 'spikeinterface.extractors' has no attribute 'NwbRecordingExtractor')
2026-09-30T21:48:18Z WARNING [265/363] 20c2c3ea-6789-4c0f-b06e-25b78e904048: leaving unrecorded for a later run to retry.
2026-09-30T21:48:18Z WARNING 20c3ca95-2f38-4544-972a-bcb0b78136c6: failed while reading the ElectricalSeries rates (AttributeError: module 'spikeinterface.extractors' has no attribute 'NwbRecordingExtractor')
2026-09-30T21:48:18Z WARNING [266/363] 20c3ca95-2f38-4544-972a-bcb0b78136c6: leaving unrecorded for a later run to retry.
2026-09-30T21:48:18Z WARNING 20c50d6f-acc0-4556-af41-0713fbd2f58b: failed while reading the ElectricalSeries rates (AttributeError: module 'spikeinterface.extractors' has no attribute 'NwbRecordingExtractor')
2026-09-30T21:48:18Z WARNING [267/363] 20c50d6f-acc0-4556-af41-0713fbd2f58b: leaving unrecorded for a later run to retry.
2026-09-30T21:48:18Z WARNING 20c5932b-ef95-41fa-bb45-a659d60121c9: failed while reading the ElectricalSeries rates (AttributeError: module 'spikeinterface.extractors' has no attribute 'NwbRecordingExtractor')
2026-09-30T21:48:18Z WARNING [268/363] 20c5932b-ef95-41fa-bb45-a659d60121c9: leaving unrecorded for a later run to retry.
2026-09-30T21:48:19Z WARNING 20c758fb-4f6c-4ab2-b637-e20d693b37d9: failed while reading the ElectricalSeries rates (AttributeError: module 'spikeinterface.extractors' has no attribute 'NwbRecordingExtractor')
2026-09-30T21:48:19Z WARNING [269/363] 20c758fb-4f6c-4ab2-b637-e20d693b37d9: leaving unrecorded for a later run to retry.
2026-09-30T21:48:19Z WARNING 20c778c6-0710-4efb-98fd-5ae8e3ff3d8e: failed while reading the ElectricalSeries rates (AttributeError: module 'spikeinterface.extractors' has no attribute 'NwbRecordingExtractor')
2026-09-30T21:48:19Z WARNING [270/363] 20c778c6-0710-4efb-98fd-5ae8e3ff3d8e: leaving unrecorded for a later run to retry.
2026-09-30T21:48:19Z WARNING 20c78c5d-9eda-4d8a-8ffa-92d1b0ce5bb4: failed while reading the ElectricalSeries rates (AttributeError: module 'spikeinterface.extractors' has no attribute 'NwbRecordingExtractor')
2026-09-30T21:48:19Z WARNING [271/363] 20c78c5d-9eda-4d8a-8ffa-92d1b0ce5bb4: leaving unrecorded for a later run to retry.
2026-09-30T21:48:19Z WARNING 20c80762-d4a8-48fa-860c-81ae4be467c0: failed while reading the ElectricalSeries rates (AttributeError: module 'spikeinterface.extractors' has no attribute 'NwbRecordingExtractor')
2026-09-30T21:48:19Z WARNING [272/363] 20c80762-d4a8-48fa-860c-81ae4be467c0: leaving unrecorded for a later run to retry.
2026-09-30T21:48:19Z WARNING 20c84172-13e6-40e0-835b-19211a8da500: failed while reading the ElectricalSeries rates (AttributeError: module 'spikeinterface.extractors' has no attribute 'NwbRecordingExtractor')
2026-09-30T21:48:19Z WARNING [273/363] 20c84172-13e6-40e0-835b-19211a8da500: leaving unrecorded for a later run to retry.
2026-09-30T21:48:19Z WARNING 20c86655-eeb1-4b84-878f-3ba0031d910f: failed while reading the ElectricalSeries rates (AttributeError: module 'spikeinterface.extractors' has no attribute 'NwbRecordingExtractor')
2026-09-30T21:48:19Z WARNING [274/363] 20c86655-eeb1-4b84-878f-3ba0031d910f: leaving unrecorded for a later run to retry.
2026-09-30T21:48:19Z WARNING 20c8cfc0-91c4-4380-9e67-826ff4b1bbba: failed while reading the ElectricalSeries rates (AttributeError: module 'spikeinterface.extractors' has no attribute 'NwbRecordingExtractor')
2026-09-30T21:48:19Z WARNING [275/363] 20c8cfc0-91c4-4380-9e67-826ff4b1bbba: leaving unrecorded for a later run to retry.
2026-09-30T21:48:19Z WARNING 20c8e7d6-e2fd-496a-a715-af3674e2c046: failed while reading the ElectricalSeries rates (AttributeError: module 'spikeinterface.extractors' has no attribute 'NwbRecordingExtractor')
2026-09-30T21:48:19Z WARNING [276/363] 20c8e7d6-e2fd-496a-a715-af3674e2c046: leaving unrecorded for a later run to retry.
2026-09-30T21:48:19Z WARNING 20c97d11-13f7-4fd0-a6f3-1ae63389f65a: failed while reading the ElectricalSeries rates (AttributeError: module 'spikeinterface.extractors' has no attribute 'NwbRecordingExtractor')
2026-09-30T21:48:19Z WARNING [277/363] 20c97d11-13f7-4fd0-a6f3-1ae63389f65a: leaving unrecorded for a later run to retry.
2026-09-30T21:48:19Z WARNING 20c9efc9-a645-4117-a59d-b05713d1b5ec: failed while reading the ElectricalSeries rates (AttributeError: module 'spikeinterface.extractors' has no attribute 'NwbRecordingExtractor')
2026-09-30T21:48:19Z WARNING [278/363] 20c9efc9-a645-4117-a59d-b05713d1b5ec: leaving unrecorded for a later run to retry.
2026-09-30T21:48:19Z WARNING 20ca0c21-48d5-4056-b76f-3597443a1bf8: failed while reading the ElectricalSeries rates (AttributeError: module 'spikeinterface.extractors' has no attribute 'NwbRecordingExtractor')
2026-09-30T21:48:19Z WARNING [279/363] 20ca0c21-48d5-4056-b76f-3597443a1bf8: leaving unrecorded for a later run to retry.
2026-09-30T21:48:19Z WARNING 20cb189d-f38e-4791-abea-5de7b9640337: failed while reading the ElectricalSeries rates (AttributeError: module 'spikeinterface.extractors' has no attribute 'NwbRecordingExtractor')
2026-09-30T21:48:19Z WARNING [280/363] 20cb189d-f38e-4791-abea-5de7b9640337: leaving unrecorded for a later run to retry.
2026-09-30T21:48:19Z WARNING 20cc5f75-b657-4829-999f-93d04b6e292e: failed while reading the ElectricalSeries rates (AttributeError: module 'spikeinterface.extractors' has no attribute 'NwbRecordingExtractor')
2026-09-30T21:48:19Z WARNING [281/363] 20cc5f75-b657-4829-999f-93d04b6e292e: leaving unrecorded for a later run to retry.
2026-09-30T21:48:19Z WARNING 20cd508e-5894-4f36-aa1b-2f60f9deb7f6: failed while reading the ElectricalSeries rates (AttributeError: module 'spikeinterface.extractors' has no attribute 'NwbRecordingExtractor')
2026-09-30T21:48:19Z WARNING [282/363] 20cd508e-5894-4f36-aa1b-2f60f9deb7f6: leaving unrecorded for a later run to retry.
2026-09-30T21:48:19Z WARNING 20ce44b0-f772-44d9-a7e5-f411aba42b72: failed while reading the ElectricalSeries rates (AttributeError: module 'spikeinterface.extractors' has no attribute 'NwbRecordingExtractor')
2026-09-30T21:48:19Z WARNING [283/363] 20ce44b0-f772-44d9-a7e5-f411aba42b72: leaving unrecorded for a later run to retry.
2026-09-30T21:48:19Z WARNING 20cebf90-faba-4412-a90f-a4851987a882: failed while reading the ElectricalSeries rates (AttributeError: module 'spikeinterface.extractors' has no attribute 'NwbRecordingExtractor')
2026-09-30T21:48:19Z WARNING [284/363] 20cebf90-faba-4412-a90f-a4851987a882: leaving unrecorded for a later run to retry.
2026-09-30T21:48:20Z WARNING 20cf6edd-2bd4-4b22-88d4-cad8f83f48ee: failed while reading the ElectricalSeries rates (AttributeError: module 'spikeinterface.extractors' has no attribute 'NwbRecordingExtractor')
2026-09-30T21:48:20Z WARNING [285/363] 20cf6edd-2bd4-4b22-88d4-cad8f83f48ee: leaving unrecorded for a later run to retry.
2026-09-30T21:48:20Z WARNING 20d08a6a-9a0f-4dea-877e-88b5e5576e3e: failed while reading the ElectricalSeries rates (AttributeError: module 'spikeinterface.extractors' has no attribute 'NwbRecordingExtractor')
2026-09-30T21:48:20Z WARNING [286/363] 20d08a6a-9a0f-4dea-877e-88b5e5576e3e: leaving unrecorded for a later run to retry.
2026-09-30T21:48:20Z WARNING 20d0bd63-3414-4018-a2fd-f8c6f999c19b: failed while reading the ElectricalSeries rates (AttributeError: module 'spikeinterface.extractors' has no attribute 'NwbRecordingExtractor')
2026-09-30T21:48:20Z WARNING [287/363] 20d0bd63-3414-4018-a2fd-f8c6f999c19b: leaving unrecorded for a later run to retry.
2026-09-30T21:48:20Z WARNING 20d14776-1eb7-4053-bfce-adcf49b47211: failed while reading the ElectricalSeries rates (AttributeError: module 'spikeinterface.extractors' has no attribute 'NwbRecordingExtractor')
2026-09-30T21:48:20Z WARNING [288/363] 20d14776-1eb7-4053-bfce-adcf49b47211: leaving unrecorded for a later run to retry.
2026-09-30T21:48:20Z WARNING 20d1b64f-107a-4d3b-b05f-19d747dc7031: failed while reading the ElectricalSeries rates (AttributeError: module 'spikeinterface.extractors' has no attribute 'NwbRecordingExtractor')
2026-09-30T21:48:20Z WARNING [289/363] 20d1b64f-107a-4d3b-b05f-19d747dc7031: leaving unrecorded for a later run to retry.
2026-09-30T21:48:20Z WARNING 20d215fe-1d61-4675-9681-1c669f4c13de: failed while reading the ElectricalSeries rates (AttributeError: module 'spikeinterface.extractors' has no attribute 'NwbRecordingExtractor')
2026-09-30T21:48:20Z WARNING [290/363] 20d215fe-1d61-4675-9681-1c669f4c13de: leaving unrecorded for a later run to retry.
2026-09-30T21:48:20Z WARNING 20d23c63-a94b-480a-8df6-2c3110fdd2bc: failed while reading the ElectricalSeries rates (AttributeError: module 'spikeinterface.extractors' has no attribute 'NwbRecordingExtractor')
2026-09-30T21:48:20Z WARNING [291/363] 20d23c63-a94b-480a-8df6-2c3110fdd2bc: leaving unrecorded for a later run to retry.
2026-09-30T21:48:20Z WARNING 20d266c9-e393-4ca6-9c90-265869efe701: failed while reading the ElectricalSeries rates (AttributeError: module 'spikeinterface.extractors' has no attribute 'NwbRecordingExtractor')
2026-09-30T21:48:20Z WARNING [292/363] 20d266c9-e393-4ca6-9c90-265869efe701: leaving unrecorded for a later run to retry.
2026-09-30T21:48:20Z WARNING 20d268db-5ae4-43ae-a6e0-a45c2486b97c: failed while reading the ElectricalSeries rates (AttributeError: module 'spikeinterface.extractors' has no attribute 'NwbRecordingExtractor')
2026-09-30T21:48:20Z WARNING [293/363] 20d268db-5ae4-43ae-a6e0-a45c2486b97c: leaving unrecorded for a later run to retry.
2026-09-30T21:48:20Z WARNING 20d2f72f-bab9-4edf-a202-178c521c1d8e: failed while reading the ElectricalSeries rates (AttributeError: module 'spikeinterface.extractors' has no attribute 'NwbRecordingExtractor')
2026-09-30T21:48:20Z WARNING [294/363] 20d2f72f-bab9-4edf-a202-178c521c1d8e: leaving unrecorded for a later run to retry.
2026-09-30T21:48:20Z WARNING 20d3c598-5e48-4a19-8a9e-7a23fe80d040: failed while reading the ElectricalSeries rates (AttributeError: module 'spikeinterface.extractors' has no attribute 'NwbRecordingExtractor')
2026-09-30T21:48:20Z WARNING [295/363] 20d3c598-5e48-4a19-8a9e-7a23fe80d040: leaving unrecorded for a later run to retry.
2026-09-30T21:48:20Z WARNING 20d405d1-b152-4998-abc0-17eb344e0a26: failed while reading the ElectricalSeries rates (AttributeError: module 'spikeinterface.extractors' has no attribute 'NwbRecordingExtractor')
2026-09-30T21:48:20Z WARNING [296/363] 20d405d1-b152-4998-abc0-17eb344e0a26: leaving unrecorded for a later run to retry.
2026-09-30T21:48:20Z WARNING 20d4f5fe-d595-4ee2-9882-bd29e89611de: failed while reading the ElectricalSeries rates (AttributeError: module 'spikeinterface.extractors' has no attribute 'NwbRecordingExtractor')
2026-09-30T21:48:20Z WARNING [297/363] 20d4f5fe-d595-4ee2-9882-bd29e89611de: leaving unrecorded for a later run to retry.
2026-09-30T21:48:20Z WARNING 20d64ab2-24e4-43c6-8753-ef45fd38cc0f: failed while reading the ElectricalSeries rates (AttributeError: module 'spikeinterface.extractors' has no attribute 'NwbRecordingExtractor')
2026-09-30T21:48:20Z WARNING [298/363] 20d64ab2-24e4-43c6-8753-ef45fd38cc0f: leaving unrecorded for a later run to retry.
2026-09-30T21:48:20Z WARNING 20d6bb13-9ab4-4367-9305-4e587718e5fd: failed while reading the ElectricalSeries rates (AttributeError: module 'spikeinterface.extractors' has no attribute 'NwbRecordingExtractor')
2026-09-30T21:48:20Z WARNING [299/363] 20d6bb13-9ab4-4367-9305-4e587718e5fd: leaving unrecorded for a later run to retry.
2026-09-30T21:48:20Z WARNING 20d6eeb4-42a5-40f2-8ec9-04995105ef1a: failed while reading the ElectricalSeries rates (AttributeError: module 'spikeinterface.extractors' has no attribute 'NwbRecordingExtractor')
2026-09-30T21:48:20Z WARNING [300/363] 20d6eeb4-42a5-40f2-8ec9-04995105ef1a: leaving unrecorded for a later run to retry.
2026-09-30T21:48:21Z INFO [300/363] 20d6eeb4-42a5-40f2-8ec9-04995105ef1a: checkpointed 60602 records.
2026-09-30T21:48:21Z WARNING 20d7162a-4221-4aca-9cb4-2b22c5d24dc7: failed while reading the ElectricalSeries rates (AttributeError: module 'spikeinterface.extractors' has no attribute 'NwbRecordingExtractor')
2026-09-30T21:48:21Z WARNING [301/363] 20d7162a-4221-4aca-9cb4-2b22c5d24dc7: leaving unrecorded for a later run to retry.
2026-09-30T21:48:21Z WARNING 20d84147-63d6-4c6e-83bc-6a8a6314ccd8: failed while reading the ElectricalSeries rates (AttributeError: module 'spikeinterface.extractors' has no attribute 'NwbRecordingExtractor')
2026-09-30T21:48:21Z WARNING [302/363] 20d84147-63d6-4c6e-83bc-6a8a6314ccd8: leaving unrecorded for a later run to retry.
2026-09-30T21:48:21Z WARNING 20d8dd31-6af9-492d-a65c-8285ccff8f4e: failed while reading the ElectricalSeries rates (AttributeError: module 'spikeinterface.extractors' has no attribute 'NwbRecordingExtractor')
2026-09-30T21:48:21Z WARNING [303/363] 20d8dd31-6af9-492d-a65c-8285ccff8f4e: leaving unrecorded for a later run to retry.
2026-09-30T21:48:21Z WARNING 20d94f85-48be-42fa-9ebb-db4134655cff: failed while reading the ElectricalSeries rates (AttributeError: module 'spikeinterface.extractors' has no attribute 'NwbRecordingExtractor')
2026-09-30T21:48:21Z WARNING [304/363] 20d94f85-48be-42fa-9ebb-db4134655cff: leaving unrecorded for a later run to retry.
2026-09-30T21:48:21Z WARNING 20da7b2f-e540-48b5-bbd8-59b280d0dfd9: failed while reading the ElectricalSeries rates (AttributeError: module 'spikeinterface.extractors' has no attribute 'NwbRecordingExtractor')
2026-09-30T21:48:21Z WARNING [305/363] 20da7b2f-e540-48b5-bbd8-59b280d0dfd9: leaving unrecorded for a later run to retry.
2026-09-30T21:48:21Z WARNING 20daf99e-3d4d-4f62-abdd-1aebc37a9dbf: failed while reading the ElectricalSeries rates (AttributeError: module 'spikeinterface.extractors' has no attribute 'NwbRecordingExtractor')
2026-09-30T21:48:21Z WARNING [306/363] 20daf99e-3d4d-4f62-abdd-1aebc37a9dbf: leaving unrecorded for a later run to retry.
2026-09-30T21:48:21Z WARNING 20db3825-7a8c-4f12-9e7d-ce91a4fa6498: failed while reading the ElectricalSeries rates (AttributeError: module 'spikeinterface.extractors' has no attribute 'NwbRecordingExtractor')
2026-09-30T21:48:21Z WARNING [307/363] 20db3825-7a8c-4f12-9e7d-ce91a4fa6498: leaving unrecorded for a later run to retry.
2026-09-30T21:48:21Z WARNING 20db7394-aea0-4292-b27b-a3732354760b: failed while reading the ElectricalSeries rates (AttributeError: module 'spikeinterface.extractors' has no attribute 'NwbRecordingExtractor')
2026-09-30T21:48:21Z WARNING [308/363] 20db7394-aea0-4292-b27b-a3732354760b: leaving unrecorded for a later run to retry.
2026-09-30T21:48:21Z WARNING 20dbbd71-0c3e-4ff3-97f7-eb6a220095d8: failed while reading the ElectricalSeries rates (AttributeError: module 'spikeinterface.extractors' has no attribute 'NwbRecordingExtractor')
2026-09-30T21:48:21Z WARNING [309/363] 20dbbd71-0c3e-4ff3-97f7-eb6a220095d8: leaving unrecorded for a later run to retry.
2026-09-30T21:48:21Z WARNING 20dbe4a1-8c69-49b1-aea9-661c2aad2721: failed while reading the ElectricalSeries rates (AttributeError: module 'spikeinterface.extractors' has no attribute 'NwbRecordingExtractor')
2026-09-30T21:48:21Z WARNING [310/363] 20dbe4a1-8c69-49b1-aea9-661c2aad2721: leaving unrecorded for a later run to retry.
2026-09-30T21:48:21Z WARNING 20dc8709-fa56-47c0-b09d-4c13f967d415: failed while reading the ElectricalSeries rates (AttributeError: module 'spikeinterface.extractors' has no attribute 'NwbRecordingExtractor')
2026-09-30T21:48:21Z WARNING [311/363] 20dc8709-fa56-47c0-b09d-4c13f967d415: leaving unrecorded for a later run to retry.
2026-09-30T21:48:21Z WARNING 20dcbae1-9873-4048-8651-a7614f7cd2dd: failed while reading the ElectricalSeries rates (AttributeError: module 'spikeinterface.extractors' has no attribute 'NwbRecordingExtractor')
2026-09-30T21:48:21Z WARNING [312/363] 20dcbae1-9873-4048-8651-a7614f7cd2dd: leaving unrecorded for a later run to retry.
2026-09-30T21:48:22Z WARNING 20dd5515-46eb-419c-ac6f-7a5054e5833a: failed while reading the ElectricalSeries rates (AttributeError: module 'spikeinterface.extractors' has no attribute 'NwbRecordingExtractor')
2026-09-30T21:48:22Z WARNING [313/363] 20dd5515-46eb-419c-ac6f-7a5054e5833a: leaving unrecorded for a later run to retry.
2026-09-30T21:48:22Z WARNING 20dd6193-3788-45a0-9945-2632966297c5: failed while reading the ElectricalSeries rates (AttributeError: module 'spikeinterface.extractors' has no attribute 'NwbRecordingExtractor')
2026-09-30T21:48:22Z WARNING [314/363] 20dd6193-3788-45a0-9945-2632966297c5: leaving unrecorded for a later run to retry.
2026-09-30T21:48:22Z WARNING 20de6258-817c-4eee-acde-cfcc19d0cbd9: failed while reading the ElectricalSeries rates (AttributeError: module 'spikeinterface.extractors' has no attribute 'NwbRecordingExtractor')
2026-09-30T21:48:22Z WARNING [315/363] 20de6258-817c-4eee-acde-cfcc19d0cbd9: leaving unrecorded for a later run to retry.
2026-09-30T21:48:22Z WARNING 20dea5c4-af4e-48f7-9fbd-4136efa7e30b: failed while reading the ElectricalSeries rates (AttributeError: module 'spikeinterface.extractors' has no attribute 'NwbRecordingExtractor')
2026-09-30T21:48:22Z WARNING [316/363] 20dea5c4-af4e-48f7-9fbd-4136efa7e30b: leaving unrecorded for a later run to retry.
2026-09-30T21:48:22Z WARNING 20e2c85c-d070-4e33-9401-4fcdccec1ff6: failed while reading the ElectricalSeries rates (AttributeError: module 'spikeinterface.extractors' has no attribute 'NwbRecordingExtractor')
2026-09-30T21:48:22Z WARNING [317/363] 20e2c85c-d070-4e33-9401-4fcdccec1ff6: leaving unrecorded for a later run to retry.
2026-09-30T21:48:22Z WARNING 20e46fe6-5704-40e9-b9f5-c76cb1707d48: failed while reading the ElectricalSeries rates (AttributeError: module 'spikeinterface.extractors' has no attribute 'NwbRecordingExtractor')
2026-09-30T21:48:22Z WARNING [318/363] 20e46fe6-5704-40e9-b9f5-c76cb1707d48: leaving unrecorded for a later run to retry.
2026-09-30T21:48:22Z WARNING 20e4b649-b593-4ee3-bd02-f0645aad7021: failed while reading the ElectricalSeries rates (AttributeError: module 'spikeinterface.extractors' has no attribute 'NwbRecordingExtractor')
2026-09-30T21:48:22Z WARNING [319/363] 20e4b649-b593-4ee3-bd02-f0645aad7021: leaving unrecorded for a later run to retry.
2026-09-30T21:48:22Z WARNING 20e51ad9-819b-46a4-91fe-09c1c17a8f02: failed while reading the ElectricalSeries rates (AttributeError: module 'spikeinterface.extractors' has no attribute 'NwbRecordingExtractor')
2026-09-30T21:48:22Z WARNING [320/363] 20e51ad9-819b-46a4-91fe-09c1c17a8f02: leaving unrecorded for a later run to retry.
2026-09-30T21:48:22Z WARNING 20e5329f-1cb9-4d41-9502-5d0ba2179f4c: failed while reading the ElectricalSeries rates (AttributeError: module 'spikeinterface.extractors' has no attribute 'NwbRecordingExtractor')
2026-09-30T21:48:22Z WARNING [321/363] 20e5329f-1cb9-4d41-9502-5d0ba2179f4c: leaving unrecorded for a later run to retry.
2026-09-30T21:48:22Z WARNING 20e5aba8-5ab3-47af-8511-94f5c6da08ca: failed while reading the ElectricalSeries rates (AttributeError: module 'spikeinterface.extractors' has no attribute 'NwbRecordingExtractor')
2026-09-30T21:48:22Z WARNING [322/363] 20e5aba8-5ab3-47af-8511-94f5c6da08ca: leaving unrecorded for a later run to retry.
2026-09-30T21:48:22Z WARNING 20e5f42d-e6de-45be-9cb0-d033b580db54: failed while reading the ElectricalSeries rates (AttributeError: module 'spikeinterface.extractors' has no attribute 'NwbRecordingExtractor')
2026-09-30T21:48:22Z WARNING [323/363] 20e5f42d-e6de-45be-9cb0-d033b580db54: leaving unrecorded for a later run to retry.
2026-09-30T21:48:22Z WARNING 20e60060-898a-4cb1-a96c-f61903af5bbe: failed while reading the ElectricalSeries rates (AttributeError: module 'spikeinterface.extractors' has no attribute 'NwbRecordingExtractor')
2026-09-30T21:48:22Z WARNING [324/363] 20e60060-898a-4cb1-a96c-f61903af5bbe: leaving unrecorded for a later run to retry.
2026-09-30T21:48:22Z WARNING 20e66bd1-9945-4dbf-af08-4965eccb1d7c: failed while reading the ElectricalSeries rates (AttributeError: module 'spikeinterface.extractors' has no attribute 'NwbRecordingExtractor')
2026-09-30T21:48:22Z WARNING [325/363] 20e66bd1-9945-4dbf-af08-4965eccb1d7c: leaving unrecorded for a later run to retry.
2026-09-30T21:48:22Z WARNING 20e67ddf-15b3-4144-b230-d755248e662d: failed while reading the ElectricalSeries rates (AttributeError: module 'spikeinterface.extractors' has no attribute 'NwbRecordingExtractor')
2026-09-30T21:48:22Z WARNING [326/363] 20e67ddf-15b3-4144-b230-d755248e662d: leaving unrecorded for a later run to retry.
2026-09-30T21:48:22Z WARNING 20e714fe-0660-48b1-85e5-b2c6f39307b3: failed while reading the ElectricalSeries rates (AttributeError: module 'spikeinterface.extractors' has no attribute 'NwbRecordingExtractor')
2026-09-30T21:48:22Z WARNING [327/363] 20e714fe-0660-48b1-85e5-b2c6f39307b3: leaving unrecorded for a later run to retry.
2026-09-30T21:48:22Z WARNING 20e74e59-c26d-4a6a-a88d-526471fcf5fe: failed while reading the ElectricalSeries rates (AttributeError: module 'spikeinterface.extractors' has no attribute 'NwbRecordingExtractor')
2026-09-30T21:48:22Z WARNING [328/363] 20e74e59-c26d-4a6a-a88d-526471fcf5fe: leaving unrecorded for a later run to retry.
2026-09-30T21:48:23Z WARNING 20e8eef5-5404-455a-98aa-262b5f2681b9: failed while reading the ElectricalSeries rates (AttributeError: module 'spikeinterface.extractors' has no attribute 'NwbRecordingExtractor')
2026-09-30T21:48:23Z WARNING [329/363] 20e8eef5-5404-455a-98aa-262b5f2681b9: leaving unrecorded for a later run to retry.
2026-09-30T21:48:23Z WARNING 20e90e98-54bb-457b-9509-e1b9373d800a: failed while reading the ElectricalSeries rates (AttributeError: module 'spikeinterface.extractors' has no attribute 'NwbRecordingExtractor')
2026-09-30T21:48:23Z WARNING [330/363] 20e90e98-54bb-457b-9509-e1b9373d800a: leaving unrecorded for a later run to retry.
2026-09-30T21:48:23Z WARNING 20e98d85-6d8f-4ac8-8c98-d8cb8a26a209: failed while reading the ElectricalSeries rates (AttributeError: module 'spikeinterface.extractors' has no attribute 'NwbRecordingExtractor')
2026-09-30T21:48:23Z WARNING [331/363] 20e98d85-6d8f-4ac8-8c98-d8cb8a26a209: leaving unrecorded for a later run to retry.
2026-09-30T21:48:23Z WARNING 20e9e71d-fdda-4926-b63a-bb20548d0ee3: failed while reading the ElectricalSeries rates (AttributeError: module 'spikeinterface.extractors' has no attribute 'NwbRecordingExtractor')
2026-09-30T21:48:23Z WARNING [332/363] 20e9e71d-fdda-4926-b63a-bb20548d0ee3: leaving unrecorded for a later run to retry.
2026-09-30T21:48:23Z WARNING 20eacf97-ef36-4768-8b0c-06e601ddeed6: failed while reading the ElectricalSeries rates (AttributeError: module 'spikeinterface.extractors' has no attribute 'NwbRecordingExtractor')
2026-09-30T21:48:23Z WARNING [333/363] 20eacf97-ef36-4768-8b0c-06e601ddeed6: leaving unrecorded for a later run to retry.
2026-09-30T21:48:23Z WARNING 20eb34f5-359f-4095-8606-83c8ad4369f1: failed while reading the ElectricalSeries rates (AttributeError: module 'spikeinterface.extractors' has no attribute 'NwbRecordingExtractor')
2026-09-30T21:48:23Z WARNING [334/363] 20eb34f5-359f-4095-8606-83c8ad4369f1: leaving unrecorded for a later run to retry.
2026-09-30T21:48:23Z WARNING 20eb7f1b-3690-4d4d-89a3-251912c1cb7f: failed while reading the ElectricalSeries rates (AttributeError: module 'spikeinterface.extractors' has no attribute 'NwbRecordingExtractor')
2026-09-30T21:48:23Z WARNING [335/363] 20eb7f1b-3690-4d4d-89a3-251912c1cb7f: leaving unrecorded for a later run to retry.
2026-09-30T21:48:23Z WARNING 20ebcc6c-afdd-4ea5-a61f-83111c96c772: failed while reading the ElectricalSeries rates (AttributeError: module 'spikeinterface.extractors' has no attribute 'NwbRecordingExtractor')
2026-09-30T21:48:23Z WARNING [336/363] 20ebcc6c-afdd-4ea5-a61f-83111c96c772: leaving unrecorded for a later run to retry.
2026-09-30T21:48:23Z WARNING 20ec1018-989f-47f6-b23a-8a4d222f2480: failed while reading the ElectricalSeries rates (AttributeError: module 'spikeinterface.extractors' has no attribute 'NwbRecordingExtractor')
2026-09-30T21:48:23Z WARNING [337/363] 20ec1018-989f-47f6-b23a-8a4d222f2480: leaving unrecorded for a later run to retry.
2026-09-30T21:48:23Z WARNING 20ec1ea7-e441-4404-acd4-06712fdc10e9: failed while reading the ElectricalSeries rates (AttributeError: module 'spikeinterface.extractors' has no attribute 'NwbRecordingExtractor')
2026-09-30T21:48:23Z WARNING [338/363] 20ec1ea7-e441-4404-acd4-06712fdc10e9: leaving unrecorded for a later run to retry.
2026-09-30T21:48:23Z WARNING 20ec8bb4-ed6d-430a-9648-21c9a182737b: failed while reading the ElectricalSeries rates (AttributeError: module 'spikeinterface.extractors' has no attribute 'NwbRecordingExtractor')
2026-09-30T21:48:23Z WARNING [339/363] 20ec8bb4-ed6d-430a-9648-21c9a182737b: leaving unrecorded for a later run to retry.
2026-09-30T21:48:23Z WARNING 20ed9dc6-2341-4c5f-9a44-f173758280c0: failed while reading the ElectricalSeries rates (AttributeError: module 'spikeinterface.extractors' has no attribute 'NwbRecordingExtractor')
2026-09-30T21:48:23Z WARNING [340/363] 20ed9dc6-2341-4c5f-9a44-f173758280c0: leaving unrecorded for a later run to retry.
2026-09-30T21:48:23Z WARNING 20ee1f40-7d95-4bf3-8fd9-3e58a836e681: failed while reading the ElectricalSeries rates (AttributeError: module 'spikeinterface.extractors' has no attribute 'NwbRecordingExtractor')
2026-09-30T21:48:23Z WARNING [341/363] 20ee1f40-7d95-4bf3-8fd9-3e58a836e681: leaving unrecorded for a later run to retry.
2026-09-30T21:48:23Z WARNING 20ee563e-113e-469b-a2de-e1a9a065d1cb: failed while reading the ElectricalSeries rates (AttributeError: module 'spikeinterface.extractors' has no attribute 'NwbRecordingExtractor')
2026-09-30T21:48:23Z WARNING [342/363] 20ee563e-113e-469b-a2de-e1a9a065d1cb: leaving unrecorded for a later run to retry.
2026-09-30T21:48:24Z WARNING 20eed207-dea2-4245-b1f5-f17b3a73949d: failed while reading the ElectricalSeries rates (AttributeError: module 'spikeinterface.extractors' has no attribute 'NwbRecordingExtractor')
2026-09-30T21:48:24Z WARNING [343/363] 20eed207-dea2-4245-b1f5-f17b3a73949d: leaving unrecorded for a later run to retry.
2026-09-30T21:48:24Z WARNING 20f0dbef-bea2-43a1-bed5-5ab3f756a21a: failed while reading the ElectricalSeries rates (AttributeError: module 'spikeinterface.extractors' has no attribute 'NwbRecordingExtractor')
2026-09-30T21:48:24Z WARNING [344/363] 20f0dbef-bea2-43a1-bed5-5ab3f756a21a: leaving unrecorded for a later run to retry.
2026-09-30T21:48:24Z WARNING 20f238bc-fa39-43a6-949a-645b4fc40857: failed while reading the ElectricalSeries rates (AttributeError: module 'spikeinterface.extractors' has no attribute 'NwbRecordingExtractor')
2026-09-30T21:48:24Z WARNING [345/363] 20f238bc-fa39-43a6-949a-645b4fc40857: leaving unrecorded for a later run to retry.
2026-09-30T21:48:24Z WARNING 20f27754-8118-417b-adfc-cb9b73e8065d: failed while reading the ElectricalSeries rates (AttributeError: module 'spikeinterface.extractors' has no attribute 'NwbRecordingExtractor')
2026-09-30T21:48:24Z WARNING [346/363] 20f27754-8118-417b-adfc-cb9b73e8065d: leaving unrecorded for a later run to retry.
2026-09-30T21:48:24Z WARNING 20f27d09-b864-410c-a0ba-d081d9283cf8: failed while reading the ElectricalSeries rates (AttributeError: module 'spikeinterface.extractors' has no attribute 'NwbRecordingExtractor')
2026-09-30T21:48:24Z WARNING [347/363] 20f27d09-b864-410c-a0ba-d081d9283cf8: leaving unrecorded for a later run to retry.
2026-09-30T21:48:24Z WARNING 20f36085-3c98-4118-8118-0a4c632c7c16: failed while reading the ElectricalSeries rates (AttributeError: module 'spikeinterface.extractors' has no attribute 'NwbRecordingExtractor')
2026-09-30T21:48:24Z WARNING [348/363] 20f36085-3c98-4118-8118-0a4c632c7c16: leaving unrecorded for a later run to retry.
2026-09-30T21:48:24Z WARNING 20f37975-8453-438d-bbe3-810d6ec57ff9: failed while reading the ElectricalSeries rates (AttributeError: module 'spikeinterface.extractors' has no attribute 'NwbRecordingExtractor')
2026-09-30T21:48:24Z WARNING [349/363] 20f37975-8453-438d-bbe3-810d6ec57ff9: leaving unrecorded for a later run to retry.
2026-09-30T21:48:24Z WARNING 20f3beff-6380-4043-abe7-dfd8110d1e02: failed while reading the ElectricalSeries rates (AttributeError: module 'spikeinterface.extractors' has no attribute 'NwbRecordingExtractor')
2026-09-30T21:48:24Z WARNING [350/363] 20f3beff-6380-4043-abe7-dfd8110d1e02: leaving unrecorded for a later run to retry.
2026-09-30T21:48:24Z INFO [350/363] 20f3beff-6380-4043-abe7-dfd8110d1e02: checkpointed 60602 records.
2026-09-30T21:48:24Z WARNING 20f44680-6809-4d75-b584-675efd6c1c2d: failed while reading the ElectricalSeries rates (AttributeError: module 'spikeinterface.extractors' has no attribute 'NwbRecordingExtractor')
2026-09-30T21:48:24Z WARNING [351/363] 20f44680-6809-4d75-b584-675efd6c1c2d: leaving unrecorded for a later run to retry.
2026-09-30T21:48:24Z WARNING 20f4ee9f-38f7-4e31-9747-57895a429779: failed while reading the ElectricalSeries rates (AttributeError: module 'spikeinterface.extractors' has no attribute 'NwbRecordingExtractor')
2026-09-30T21:48:24Z WARNING [352/363] 20f4ee9f-38f7-4e31-9747-57895a429779: leaving unrecorded for a later run to retry.
2026-09-30T21:48:24Z WARNING 20f54000-5f79-4777-a708-b7aea4b54be2: failed while reading the ElectricalSeries rates (AttributeError: module 'spikeinterface.extractors' has no attribute 'NwbRecordingExtractor')
2026-09-30T21:48:24Z WARNING [353/363] 20f54000-5f79-4777-a708-b7aea4b54be2: leaving unrecorded for a later run to retry.
2026-09-30T21:48:24Z WARNING 20f5b1d8-20db-4d2a-b0ce-8b507716d770: failed while reading the ElectricalSeries rates (AttributeError: module 'spikeinterface.extractors' has no attribute 'NwbRecordingExtractor')
2026-09-30T21:48:24Z WARNING [354/363] 20f5b1d8-20db-4d2a-b0ce-8b507716d770: leaving unrecorded for a later run to retry.
2026-09-30T21:48:24Z WARNING 20f5b740-4bd3-4e58-9778-14dab90e9921: failed while reading the ElectricalSeries rates (AttributeError: module 'spikeinterface.extractors' has no attribute 'NwbRecordingExtractor')
2026-09-30T21:48:24Z WARNING [355/363] 20f5b740-4bd3-4e58-9778-14dab90e9921: leaving unrecorded for a later run to retry.
2026-09-30T21:48:24Z WARNING 20f5ff1f-2a60-4654-9d69-262e5767f9ea: failed while reading the ElectricalSeries rates (AttributeError: module 'spikeinterface.extractors' has no attribute 'NwbRecordingExtractor')
2026-09-30T21:48:24Z WARNING [356/363] 20f5ff1f-2a60-4654-9d69-262e5767f9ea: leaving unrecorded for a later run to retry.
2026-09-30T21:48:25Z WARNING 20f641a4-0fb2-4a75-9ecd-92b12c9cadd5: failed while reading the ElectricalSeries rates (AttributeError: module 'spikeinterface.extractors' has no attribute 'NwbRecordingExtractor')
2026-09-30T21:48:25Z WARNING [357/363] 20f641a4-0fb2-4a75-9ecd-92b12c9cadd5: leaving unrecorded for a later run to retry.
2026-09-30T21:48:25Z WARNING 20f68f8b-cbab-4c07-94ef-1c45c73a815d: failed while reading the ElectricalSeries rates (AttributeError: module 'spikeinterface.extractors' has no attribute 'NwbRecordingExtractor')
2026-09-30T21:48:25Z WARNING [358/363] 20f68f8b-cbab-4c07-94ef-1c45c73a815d: leaving unrecorded for a later run to retry.
2026-09-30T21:48:25Z WARNING 20f9007e-e43c-45cf-95b3-f2c0f07b6968: failed while reading the ElectricalSeries rates (AttributeError: module 'spikeinterface.extractors' has no attribute 'NwbRecordingExtractor')
2026-09-30T21:48:25Z WARNING [359/363] 20f9007e-e43c-45cf-95b3-f2c0f07b6968: leaving unrecorded for a later run to retry.
2026-09-30T21:48:25Z WARNING 20f93032-dc8d-45f6-bfbd-0e04c0265395: failed while reading the ElectricalSeries rates (AttributeError: module 'spikeinterface.extractors' has no attribute 'NwbRecordingExtractor')
2026-09-30T21:48:25Z WARNING [360/363] 20f93032-dc8d-45f6-bfbd-0e04c0265395: leaving unrecorded for a later run to retry.
2026-09-30T21:48:25Z WARNING 20f96918-31a3-4a01-ae48-60966ae8a559: failed while reading the ElectricalSeries rates (AttributeError: module 'spikeinterface.extractors' has no attribute 'NwbRecordingExtractor')
2026-09-30T21:48:25Z WARNING [361/363] 20f96918-31a3-4a01-ae48-60966ae8a559: leaving unrecorded for a later run to retry.
2026-09-30T21:48:25Z WARNING 20f9c20d-ba7c-4030-a095-cb9dee8ef30c: failed while reading the ElectricalSeries rates (AttributeError: module 'spikeinterface.extractors' has no attribute 'NwbRecordingExtractor')
2026-09-30T21:48:25Z WARNING [362/363] 20f9c20d-ba7c-4030-a095-cb9dee8ef30c: leaving unrecorded for a later run to retry.
2026-09-30T21:48:25Z WARNING 20fa5424-458e-4b58-b3e8-2b53ff954b84: failed while reading the ElectricalSeries rates (AttributeError: module 'spikeinterface.extractors' has no attribute 'NwbRecordingExtractor')
2026-09-30T21:48:25Z WARNING [363/363] 20fa5424-458e-4b58-b3e8-2b53ff954b84: leaving unrecorded for a later run to retry.
2026-09-30T21:48:25Z INFO Wrote 60602 records to /tmp/derivatives/qualifying_lfp_content_ids.jsonl (0 new, 363 failed) in 0.5 min (peak memory 213 MiB).
