2026-10-06T06:28:49Z INFO Logging to /tmp/logs/update_2026-10-06T06-28-49Z.log.
2026-10-06T06:28:49Z INFO Update qualifying-lfp-content-ids (base directory /tmp).
2026-10-06T06:28:51Z INFO Processing 1826 items (79031 already recorded).
2026-10-06T06:29:10Z INFO [1/1826] 02b2d176-0fa0-455e-a8dc-196655254ae0: does not qualify; 19.1 s; peak memory 260 MiB.
2026-10-06T06:29:30Z INFO [2/1826] 10951cd6-3ceb-4525-bd9e-c839e5c121ba: does not qualify; 20.1 s; peak memory 260 MiB.
2026-10-06T06:29:51Z INFO [3/1826] 15c470da-0137-41d8-af56-dbb1b6a59d97: does not qualify; 20.4 s; peak memory 260 MiB.
2026-10-06T06:29:59Z INFO [4/1826] 1b407e00-750e-47b6-aa8f-e05af0a008a4: does not qualify; 8.6 s; peak memory 260 MiB.
2026-10-06T06:30:03Z INFO [5/1826] 2003ac16-bbe6-4d4c-bcd9-a51cae8feb47: does not qualify; 3.3 s; peak memory 260 MiB.
2026-10-06T06:30:21Z INFO [6/1826] 23179822-a192-45c0-a661-477405effb5c: does not qualify; 18.0 s; peak memory 260 MiB.
2026-10-06T06:30:41Z INFO [7/1826] 298e4b54-e4fa-4537-a1cd-9e1d7e3f4602: does not qualify; 20.0 s; peak memory 260 MiB.
2026-10-06T06:30:59Z INFO [8/1826] 3867b653-3f82-40e6-9e7d-4f469bdf1904: does not qualify; 18.4 s; peak memory 261 MiB.
2026-10-06T06:31:19Z INFO [9/1826] 45ddc51d-5298-4217-ae69-a4dc22689dff: does not qualify; 20.4 s; peak memory 261 MiB.
2026-10-06T06:31:38Z INFO [10/1826] 47e94006-f42c-4ad0-8341-e23ca28b0244: does not qualify; 19.2 s; peak memory 261 MiB.
2026-10-06T06:31:47Z INFO [11/1826] 4ef8e600-6f5b-4ab3-8d42-199852911a00: does not qualify; 8.9 s; peak memory 261 MiB.
2026-10-06T06:32:08Z INFO [12/1826] 51390b38-ea0e-42b9-931d-b6831e2bca53: does not qualify; 20.9 s; peak memory 262 MiB.
2026-10-06T06:32:16Z INFO [13/1826] 575eac9d-836c-4acf-9c9f-01a9cd40b208: does not qualify; 8.2 s; peak memory 262 MiB.
2026-10-06T06:32:36Z INFO [14/1826] 59be38c1-f1d5-4944-9b2e-1682c4594a53: does not qualify; 19.8 s; peak memory 262 MiB.
2026-10-06T06:32:57Z INFO [15/1826] 5f43d965-3a81-46b5-ac07-65b7105df1fb: does not qualify; 20.4 s; peak memory 263 MiB.
2026-10-06T06:33:02Z INFO [16/1826] 6951ab04-1822-4245-882d-db7cb5bf299d: does not qualify; 5.4 s; peak memory 263 MiB.
2026-10-06T06:33:05Z INFO [17/1826] 6951ab23-d24d-4c91-863e-1dc3f6ad8ba4: does not qualify; 3.1 s; peak memory 263 MiB.
2026-10-06T06:33:07Z INFO [18/1826] 6951e0d6-b597-4ee5-bbdb-bbb1ff7e63cb: does not qualify; 2.1 s; peak memory 263 MiB.
2026-10-06T06:33:09Z INFO [19/1826] 695230e4-515a-473d-a636-6d813e1223a5: does not qualify; 2.2 s; peak memory 263 MiB.
2026-10-06T06:33:11Z INFO [20/1826] 69531824-4bab-48b1-bc1d-856d187fc051: does not qualify; 1.7 s; peak memory 263 MiB.
2026-10-06T06:33:12Z INFO [21/1826] 695321d8-a525-4a77-9a3a-f3e7a7adeaf1: does not qualify; 1.2 s; peak memory 263 MiB.
2026-10-06T06:33:21Z INFO [22/1826] 69532cc8-1da7-49ea-8b8c-bffdd3e93d45: does not qualify; 8.5 s; peak memory 608 MiB.
2026-10-06T06:33:24Z INFO [23/1826] 6954f512-f980-4b96-af2f-44e2747f0b6c: does not qualify; 3.1 s; peak memory 608 MiB.
2026-10-06T06:33:26Z INFO [24/1826] 695529c6-1b4c-4cc3-a689-a7a6acb6e269: does not qualify; 2.1 s; peak memory 608 MiB.
2026-10-06T06:33:28Z INFO [25/1826] 6955a446-1a21-40da-bec5-468a6baf648b: does not qualify; 2.3 s; peak memory 608 MiB.
2026-10-06T06:33:35Z INFO [26/1826] 6955db41-914b-416a-8ea2-1593028b8b73: does not qualify; 7.1 s; peak memory 608 MiB.
2026-10-06T06:33:44Z INFO [27/1826] 695756cd-dd3e-44aa-af64-d5562ae71a1d: does not qualify; 8.8 s; peak memory 608 MiB.
2026-10-06T06:33:47Z INFO [28/1826] 69581d3b-29d2-49ec-887a-3b5f3b938d3c: does not qualify; 2.8 s; peak memory 608 MiB.
2026-10-06T06:33:50Z INFO [29/1826] 69582b3c-bc20-4fdc-9865-b8b0aac0969a: does not qualify; 3.0 s; peak memory 608 MiB.
2026-10-06T06:33:54Z INFO [30/1826] 69585807-a0d3-412f-a157-c8ef5e1cb21b: does not qualify; 3.5 s; peak memory 608 MiB.
2026-10-06T06:33:56Z INFO [31/1826] 6958c998-f1e7-4ef8-a8dc-df22534ea21e: does not qualify; 2.8 s; peak memory 608 MiB.
2026-10-06T06:33:58Z INFO [32/1826] 69590725-62b5-4810-b747-34654eedfd29: does not qualify; 1.8 s; peak memory 608 MiB.
2026-10-06T06:34:00Z INFO [33/1826] 69591f8e-408e-4b13-ae7f-a23f0cdb41a4: does not qualify; 2.0 s; peak memory 608 MiB.
2026-10-06T06:34:02Z INFO [34/1826] 695ae643-e844-4908-a23d-48f6c9b804b3: does not qualify; 2.0 s; peak memory 608 MiB.
2026-10-06T06:34:03Z INFO [35/1826] 695b7713-3012-4a14-8b44-91f5d265a11b: does not qualify; 1.4 s; peak memory 608 MiB.
2026-10-06T06:34:05Z INFO [36/1826] 695ba7dc-7a10-487b-9bd7-14f5a16b608d: does not qualify; 1.3 s; peak memory 608 MiB.
2026-10-06T06:34:06Z INFO [37/1826] 695bff75-c880-4882-b101-d49b8b6eba4f: does not qualify; 1.5 s; peak memory 608 MiB.
2026-10-06T06:34:08Z INFO [38/1826] 695c97b1-efc0-47a8-aa18-957f12d94885: does not qualify; 1.9 s; peak memory 608 MiB.
2026-10-06T06:34:10Z INFO [39/1826] 695cbec2-ba4f-4a4c-8ca5-306aa2b4b847: does not qualify; 1.3 s; peak memory 608 MiB.
2026-10-06T06:34:13Z INFO [40/1826] 695cf10c-7e0f-49a4-9fbe-8cedc92d1036: does not qualify; 3.7 s; peak memory 608 MiB.
2026-10-06T06:34:15Z INFO [41/1826] 695d4384-a073-4bb8-8a11-0922d67bff67: does not qualify; 2.1 s; peak memory 608 MiB.
2026-10-06T06:34:17Z INFO [42/1826] 695d5075-13e6-4f88-90ec-00911acf1798: does not qualify; 1.8 s; peak memory 608 MiB.
2026-10-06T06:34:19Z INFO [43/1826] 695dbfd6-c649-4e2d-b4f0-43c397776210: does not qualify; 1.5 s; peak memory 608 MiB.
2026-10-06T06:34:20Z INFO [44/1826] 695ddb76-cf4f-4327-a634-d6d81b1d4bfe: does not qualify; 1.6 s; peak memory 608 MiB.
2026-10-06T06:34:22Z INFO [45/1826] 695dea0d-b0f3-4626-b472-3f5a358260a0: does not qualify; 1.6 s; peak memory 608 MiB.
2026-10-06T06:34:23Z INFO [46/1826] 695e0530-858f-4e62-9b87-c3309acd7bb5: does not qualify; 1.4 s; peak memory 608 MiB.
2026-10-06T06:34:25Z INFO [47/1826] 695f0715-ff68-4dec-aafe-39c3f1c970f1: does not qualify; 1.7 s; peak memory 608 MiB.
2026-10-06T06:34:27Z INFO [48/1826] 696045de-f5c6-48d3-a82b-9ba60035003f: does not qualify; 1.6 s; peak memory 608 MiB.
2026-10-06T06:34:28Z INFO [49/1826] 69605f0c-4265-4b0f-962a-8d8934bdbcce: does not qualify; 1.7 s; peak memory 608 MiB.
2026-10-06T06:34:30Z INFO [50/1826] 6960ad28-4dab-40b4-a6b4-339f537ebc52: does not qualify; 1.8 s; peak memory 608 MiB.
2026-10-06T06:34:30Z INFO [50/1826] 6960ad28-4dab-40b4-a6b4-339f537ebc52: checkpointed 79081 records.
2026-10-06T06:34:32Z INFO [51/1826] 6960d239-bb97-43ee-a184-eda77d18b93b: does not qualify; 1.7 s; peak memory 608 MiB.
2026-10-06T06:34:33Z INFO [52/1826] 6962fe5e-c896-45ef-8a41-2907415933f2: does not qualify; 1.6 s; peak memory 608 MiB.
2026-10-06T06:34:35Z INFO [53/1826] 6963ab89-438d-4f42-80f5-57614f62fa40: does not qualify; 1.4 s; peak memory 608 MiB.
2026-10-06T06:34:36Z INFO [54/1826] 6963f2db-afba-4746-ae4e-0456d70e5cc5: does not qualify; 1.3 s; peak memory 608 MiB.
2026-10-06T06:34:37Z INFO [55/1826] 69645c6d-42bd-4b17-9331-3af627d77bd2: does not qualify; 1.1 s; peak memory 608 MiB.
2026-10-06T06:34:39Z INFO [56/1826] 6964c039-7c2d-44e9-8ce9-fdf40256a3e5: does not qualify; 1.5 s; peak memory 608 MiB.
2026-10-06T06:34:40Z INFO [57/1826] 69655f8c-9342-42d7-979e-f760b67ca212: does not qualify; 1.4 s; peak memory 608 MiB.
2026-10-06T06:34:42Z INFO [58/1826] 69668461-0caa-4f5c-8902-1b00ab69ee52: does not qualify; 2.2 s; peak memory 608 MiB.
2026-10-06T06:34:44Z INFO [59/1826] 69672e7d-070a-4005-bb0b-0bb1bfae0afd: does not qualify; 1.8 s; peak memory 608 MiB.
2026-10-06T06:34:46Z INFO [60/1826] 69689a3c-f304-4616-9cc6-c4b0913d765e: does not qualify; 2.0 s; peak memory 608 MiB.
2026-10-06T06:34:48Z INFO [61/1826] 69699612-39ba-4b6a-bcf1-a2b7cdec8a92: does not qualify; 2.2 s; peak memory 608 MiB.
2026-10-06T06:34:49Z INFO [62/1826] 696a16d1-6203-4e34-82ae-c77e2baf25d7: does not qualify; 1.1 s; peak memory 608 MiB.
2026-10-06T06:34:53Z INFO [63/1826] 696a8d85-d8c0-4bd7-90e5-ac8e89b9565a: qualifies; 3.2 s; peak memory 608 MiB.
2026-10-06T06:34:54Z INFO [64/1826] 696aaff8-49df-4e49-b177-608877dcad63: does not qualify; 1.5 s; peak memory 608 MiB.
2026-10-06T06:34:56Z INFO [65/1826] 696b6738-5b1c-456d-a7d8-78224d041078: does not qualify; 1.5 s; peak memory 608 MiB.
2026-10-06T06:34:57Z INFO [66/1826] 696c0829-badb-44e4-ab65-a1656b245438: does not qualify; 1.5 s; peak memory 608 MiB.
2026-10-06T06:34:59Z INFO [67/1826] 696cae03-758e-4ee3-bc13-39306405de58: does not qualify; 1.8 s; peak memory 608 MiB.
2026-10-06T06:35:01Z INFO [68/1826] 696cba6e-844c-4066-b551-4bd24864ec3c: does not qualify; 1.7 s; peak memory 608 MiB.
2026-10-06T06:35:08Z INFO [69/1826] 696cf35e-a67e-4508-9ee6-80970b1eadc4: does not qualify; 7.8 s; peak memory 608 MiB.
2026-10-06T06:35:10Z INFO [70/1826] 696e17ef-88bb-4642-a76a-3ec3185c6623: does not qualify; 1.6 s; peak memory 608 MiB.
2026-10-06T06:35:11Z INFO [71/1826] 696ef4b8-7564-4594-ac26-634e7e1b8789: does not qualify; 1.3 s; peak memory 608 MiB.
2026-10-06T06:35:16Z INFO [72/1826] 696efd89-ff7c-4cff-a7da-58428cced4ba: does not qualify; 4.3 s; peak memory 608 MiB.
2026-10-06T06:35:17Z INFO [73/1826] 696f0911-11f9-4d96-b279-b8378a9a4313: does not qualify; 1.5 s; peak memory 608 MiB.
2026-10-06T06:35:19Z INFO [74/1826] 696f0d51-5d32-4083-8ec2-686a2ba0ef1e: does not qualify; 1.4 s; peak memory 608 MiB.
2026-10-06T06:35:20Z INFO [75/1826] 696fe36b-4783-4e24-82ae-62f7f4f705fc: does not qualify; 1.3 s; peak memory 608 MiB.
2026-10-06T06:35:21Z INFO [76/1826] 6970129a-8726-4bcb-80a9-7a96e84144a7: does not qualify; 1.4 s; peak memory 608 MiB.
2026-10-06T06:35:23Z INFO [77/1826] 6970c5ca-ff24-4535-9560-b50f16c04cfe: does not qualify; 1.5 s; peak memory 608 MiB.
2026-10-06T06:35:24Z INFO [78/1826] 6970e570-3780-43d4-bf67-f470c1ed8fa7: does not qualify; 1.3 s; peak memory 608 MiB.
2026-10-06T06:35:26Z INFO [79/1826] 6971132c-6216-4d77-aa23-84eb71fd778b: does not qualify; 1.8 s; peak memory 608 MiB.
2026-10-06T06:35:28Z INFO [80/1826] 69716ce0-b046-4f5d-98d3-a744e02cb2ed: does not qualify; 2.0 s; peak memory 608 MiB.
2026-10-06T06:35:30Z INFO [81/1826] 69723684-4928-455a-8ce3-0573a724582e: does not qualify; 1.7 s; peak memory 608 MiB.
2026-10-06T06:35:37Z INFO [82/1826] 6972584f-d4ef-4703-a39b-dc5b8fd0bcf2: does not qualify; 7.3 s; peak memory 608 MiB.
2026-10-06T06:35:39Z INFO [83/1826] 69738825-6512-476b-a7b4-ea5a4e210ee2: does not qualify; 2.4 s; peak memory 608 MiB.
2026-10-06T06:35:41Z INFO [84/1826] 69738f00-c6b4-490a-b951-6a4d290900b0: does not qualify; 2.0 s; peak memory 608 MiB.
2026-10-06T06:35:43Z INFO [85/1826] 69746918-dd5c-4250-80ff-3cfcfed883af: does not qualify; 1.7 s; peak memory 608 MiB.
2026-10-06T06:35:45Z INFO [86/1826] 6975e509-2ece-4e23-8b1c-53c0416edd4d: does not qualify; 1.8 s; peak memory 608 MiB.
2026-10-06T06:35:53Z INFO [87/1826] 6976b84f-1261-4d37-ac7c-3276291e4ab0: does not qualify; 7.8 s; peak memory 608 MiB.
2026-10-06T06:35:54Z INFO [88/1826] 6976c4eb-9d23-401b-8a07-d1eab86ee903: does not qualify; 1.5 s; peak memory 608 MiB.
2026-10-06T06:35:55Z INFO [89/1826] 6976c60b-25e8-4108-9065-f6655416f56b: does not qualify; 1.3 s; peak memory 608 MiB.
2026-10-06T06:35:59Z INFO [90/1826] 6977fbba-a551-4f16-bddd-5ec0dbda7cdf: does not qualify; 3.1 s; peak memory 608 MiB.
2026-10-06T06:36:00Z INFO [91/1826] 6978c625-9303-437b-83da-dec19fbdfdd4: does not qualify; 1.4 s; peak memory 608 MiB.
2026-10-06T06:36:01Z INFO [92/1826] 69797d3b-8257-4803-9eb4-6a16ecca1e05: does not qualify; 1.4 s; peak memory 608 MiB.
2026-10-06T06:36:11Z INFO [93/1826] 6979ca26-b243-4ead-a315-ae916889f7e9: does not qualify; 9.3 s; peak memory 608 MiB.
2026-10-06T06:36:18Z INFO [94/1826] 697b1866-05bb-49e6-ac7e-6d5739b11789: does not qualify; 7.3 s; peak memory 608 MiB.
2026-10-06T06:36:19Z INFO [95/1826] 697b5cc8-d88a-43b6-bd58-5cd7ec392f8d: does not qualify; 1.5 s; peak memory 608 MiB.
2026-10-06T06:36:23Z INFO [96/1826] 697b6ccd-e2e7-4d62-bca1-c1556527d00e: does not qualify; 4.0 s; peak memory 608 MiB.
2026-10-06T06:36:27Z INFO [97/1826] 697c9cd6-e3e2-4fb8-8156-ca748a4ef14d: does not qualify; 3.1 s; peak memory 608 MiB.
2026-10-06T06:36:28Z INFO [98/1826] 697e2888-935a-414f-956e-829e0d11d169: does not qualify; 1.4 s; peak memory 608 MiB.
2026-10-06T06:36:32Z INFO [99/1826] 697fd92e-6ec8-45d9-8932-520ff4057974: does not qualify; 3.6 s; peak memory 608 MiB.
2026-10-06T06:36:33Z INFO [100/1826] 697feb52-f411-47fa-a2ec-5a60bf7b79f2: does not qualify; 1.6 s; peak memory 608 MiB.
2026-10-06T06:36:33Z INFO [100/1826] 697feb52-f411-47fa-a2ec-5a60bf7b79f2: checkpointed 79131 records.
2026-10-06T06:36:41Z INFO [101/1826] 698023be-780f-4a33-95fc-5f5d41c82b28: does not qualify; 7.6 s; peak memory 608 MiB.
2026-10-06T06:36:43Z INFO [102/1826] 69804a3d-8a92-470a-aaa8-9fcfc7b4f4af: does not qualify; 1.7 s; peak memory 608 MiB.
2026-10-06T06:36:44Z INFO [103/1826] 69810868-2fd8-466e-a64d-7b16794f7229: does not qualify; 1.1 s; peak memory 608 MiB.
2026-10-06T06:36:45Z INFO [104/1826] 69829c86-e4e7-430f-b263-d84c27bab8f8: does not qualify; 1.6 s; peak memory 608 MiB.
2026-10-06T06:36:49Z INFO [105/1826] 6982baa8-96c6-4b1e-85e7-3b8fde382f9f: does not qualify; 3.5 s; peak memory 608 MiB.
2026-10-06T06:36:50Z INFO [106/1826] 69837356-68b0-4c2e-a95e-fdbf18b516f0: does not qualify; 1.3 s; peak memory 608 MiB.
2026-10-06T06:36:52Z INFO [107/1826] 6983fc1a-39b9-4276-b11a-a24cf9a05422: does not qualify; 1.6 s; peak memory 608 MiB.
2026-10-06T06:36:53Z INFO [108/1826] 69859386-6c10-42fd-83e5-3ec5d66d840c: does not qualify; 1.4 s; peak memory 608 MiB.
2026-10-06T06:36:55Z INFO [109/1826] 6985cc8e-f4dd-45d4-b0aa-3335c83a1502: does not qualify; 2.1 s; peak memory 608 MiB.
2026-10-06T06:36:57Z INFO [110/1826] 69866e1e-5962-483b-b730-34b357931eb5: does not qualify; 1.7 s; peak memory 608 MiB.
2026-10-06T06:36:58Z INFO [111/1826] 6986f028-4760-4393-b1c1-ae286a9ffeae: does not qualify; 1.4 s; peak memory 608 MiB.
2026-10-06T06:37:00Z INFO [112/1826] 69876166-d558-4d9e-aaed-f5514cb28570: does not qualify; 1.3 s; peak memory 608 MiB.
2026-10-06T06:37:07Z INFO [113/1826] 69879a01-53a8-4a8b-8cd4-7da1bed361e5: does not qualify; 7.5 s; peak memory 608 MiB.
2026-10-06T06:37:09Z INFO [114/1826] 6987f33a-53a2-4da1-b2f6-a965ccca584a: does not qualify; 1.5 s; peak memory 608 MiB.
2026-10-06T06:37:13Z INFO [115/1826] 698841f9-aed3-40e8-ac6d-9f9c3c24f3fc: does not qualify; 4.2 s; peak memory 608 MiB.
2026-10-06T06:39:18Z INFO [116/1826] 698cfdb3-ce71-4941-b016-d9f999750005: does not qualify; 125.2 s; peak memory 608 MiB.
2026-10-06T06:39:20Z INFO [117/1826] 698da168-3476-4e8c-a91e-45eb201f6055: does not qualify; 1.6 s; peak memory 608 MiB.
2026-10-06T06:39:21Z INFO [118/1826] 698e2ec0-d7f6-42e8-aaf0-f3cb7067784a: does not qualify; 1.5 s; peak memory 608 MiB.
2026-10-06T06:39:23Z INFO [119/1826] 698ecac6-9cce-4be5-9081-f002cc60730a: does not qualify; 1.9 s; peak memory 608 MiB.
2026-10-06T06:39:25Z INFO [120/1826] 69905ba2-fc71-48a2-838e-f45ff4135104: does not qualify; 2.5 s; peak memory 608 MiB.
2026-10-06T06:39:34Z INFO [121/1826] 6990766f-5f69-424b-a608-206680b3a4ef: does not qualify; 8.9 s; peak memory 638 MiB.
2026-10-06T06:39:38Z INFO [122/1826] 69910dbe-3320-46c2-8046-ee1057ea3aa0: qualifies; 3.4 s; peak memory 638 MiB.
2026-10-06T06:39:40Z INFO [123/1826] 6991555a-383f-4efa-a58c-bfb83c6e64c0: does not qualify; 2.0 s; peak memory 638 MiB.
2026-10-06T06:39:44Z INFO [124/1826] 699176a7-4987-41fd-91b6-e8ff6ba404bf: does not qualify; 3.9 s; peak memory 638 MiB.
2026-10-06T06:39:45Z INFO [125/1826] 69919900-4466-4a83-88da-b65977a8bdc4: does not qualify; 1.7 s; peak memory 638 MiB.
2026-10-06T06:39:47Z INFO [126/1826] 69924748-9dab-4abc-8cbb-03f572ad66f2: does not qualify; 1.4 s; peak memory 638 MiB.
2026-10-06T06:39:48Z INFO [127/1826] 6992b2a0-4797-4a70-b210-277347aaf977: does not qualify; 1.5 s; peak memory 638 MiB.
2026-10-06T06:39:55Z INFO [128/1826] 6993146a-6232-4f45-8888-51833333c5d4: does not qualify; 6.6 s; peak memory 638 MiB.
2026-10-06T06:39:56Z INFO [129/1826] 69936be5-cbfd-4124-8e6d-418b1193b1d9: does not qualify; 1.3 s; peak memory 638 MiB.
2026-10-06T06:39:58Z INFO [130/1826] 6993867f-bc0c-4d35-a8a0-7264a978b33b: does not qualify; 1.9 s; peak memory 638 MiB.
2026-10-06T06:40:01Z INFO [131/1826] 6993b390-1adf-4219-8e85-016eb6791e5c: does not qualify; 2.5 s; peak memory 638 MiB.
2026-10-06T06:40:02Z INFO [132/1826] 699457a7-b2c2-4a76-a8d4-e95b67780de6: does not qualify; 1.7 s; peak memory 638 MiB.
2026-10-06T06:40:04Z INFO [133/1826] 699544e3-92f2-46b9-abcb-15077cdd6e4d: does not qualify; 1.5 s; peak memory 638 MiB.
2026-10-06T06:40:09Z INFO [134/1826] 69971fdd-83c0-47ad-813e-29b7b85fe3d1: does not qualify; 4.9 s; peak memory 638 MiB.
2026-10-06T06:40:11Z INFO [135/1826] 699729e9-5d58-4638-9fc8-17d4db9c7875: does not qualify; 2.1 s; peak memory 638 MiB.
2026-10-06T06:40:13Z INFO [136/1826] 69977899-297f-41f2-8f19-39e3d0962f60: does not qualify; 2.5 s; peak memory 638 MiB.
2026-10-06T06:40:25Z INFO [137/1826] 6997c856-637e-43bf-95d6-cb3ba6056dbf: does not qualify; 11.7 s; peak memory 638 MiB.
2026-10-06T06:40:37Z INFO [138/1826] 6997fcc3-eb48-404c-945c-efbf1224d6a9: does not qualify; 12.0 s; peak memory 638 MiB.
2026-10-06T06:40:39Z INFO [139/1826] 699a0439-6710-4ce0-ac5f-53f7d5e6c61c: does not qualify; 1.7 s; peak memory 638 MiB.
2026-10-06T06:40:40Z INFO [140/1826] 699a35af-6607-407c-b73b-e8d0dae8af23: does not qualify; 1.4 s; peak memory 638 MiB.
2026-10-06T06:40:49Z INFO [141/1826] 699c9554-1b28-432e-a958-f0f2f30043d5: does not qualify; 8.6 s; peak memory 638 MiB.
2026-10-06T06:40:51Z INFO [142/1826] 699cac31-111b-4052-8ebe-438e8a91c08f: does not qualify; 2.0 s; peak memory 638 MiB.
2026-10-06T06:40:52Z INFO [143/1826] 699d0a22-5b21-405a-b43d-a681326b1823: does not qualify; 1.3 s; peak memory 638 MiB.
2026-10-06T06:40:54Z INFO [144/1826] 699d3e0e-ce51-46ad-8c7b-760cad494263: does not qualify; 2.0 s; peak memory 638 MiB.
2026-10-06T06:40:55Z INFO [145/1826] 699e4069-058b-4146-a6b1-d5677631ef56: does not qualify; 1.3 s; peak memory 638 MiB.
2026-10-06T06:40:56Z INFO [146/1826] 699eed67-6c9d-479e-bbab-393f63dee93c: does not qualify; 1.2 s; peak memory 638 MiB.
2026-10-06T06:41:00Z INFO [147/1826] 699fcc93-c551-4650-9a54-f60a9e5e4420: does not qualify; 3.2 s; peak memory 638 MiB.
2026-10-06T06:41:02Z INFO [148/1826] 699fcc9a-83f8-44b4-aa9f-e7345f3b18e7: does not qualify; 2.2 s; peak memory 638 MiB.
2026-10-06T06:41:03Z INFO [149/1826] 69a0e6d9-bd5a-416c-bb1f-318a07efde84: does not qualify; 1.2 s; peak memory 638 MiB.
2026-10-06T06:41:04Z INFO [150/1826] 69a19253-1775-4cbd-a39e-6d02a7b998c4: does not qualify; 1.1 s; peak memory 638 MiB.
2026-10-06T06:41:04Z INFO [150/1826] 69a19253-1775-4cbd-a39e-6d02a7b998c4: checkpointed 79181 records.
2026-10-06T06:41:05Z INFO [151/1826] 69a1eba5-e8af-4777-b3d3-895c97c001e7: does not qualify; 1.3 s; peak memory 638 MiB.
2026-10-06T06:41:07Z INFO [152/1826] 69a2395d-cddc-483b-8edb-5f42484753c5: does not qualify; 2.0 s; peak memory 638 MiB.
2026-10-06T06:41:09Z INFO [153/1826] 69a330a3-0577-4d23-880c-d2dfed11d1ac: does not qualify; 1.2 s; peak memory 638 MiB.
2026-10-06T06:41:10Z INFO [154/1826] 69a368d5-b718-4bf7-b59c-bfcfc475fc8a: does not qualify; 1.5 s; peak memory 638 MiB.
2026-10-06T06:41:19Z INFO [155/1826] 69a39149-8279-43d0-b229-a96d88142c76: does not qualify; 8.5 s; peak memory 638 MiB.
2026-10-06T06:41:20Z INFO [156/1826] 69a40eba-3b9a-4199-9cbe-e0e811dbee8c: does not qualify; 1.1 s; peak memory 638 MiB.
2026-10-06T06:41:22Z INFO [157/1826] 69a440b1-ce18-412f-b5b9-b4a2390304ae: does not qualify; 2.1 s; peak memory 638 MiB.
2026-10-06T06:41:27Z INFO [158/1826] 69a45f1c-f633-45ea-8a11-07f31ec9e600: does not qualify; 5.1 s; peak memory 638 MiB.
2026-10-06T06:41:29Z INFO [159/1826] 69a47db9-288c-48d5-9ab6-877a7cd18930: does not qualify; 2.1 s; peak memory 638 MiB.
2026-10-06T06:41:31Z INFO [160/1826] 69a481db-b209-4c7c-a24e-2e2f89a7245a: does not qualify; 2.1 s; peak memory 638 MiB.
2026-10-06T06:41:36Z INFO [161/1826] 69a48311-50d7-4875-8e3d-0376bb5c686d: does not qualify; 4.5 s; peak memory 638 MiB.
2026-10-06T06:41:38Z INFO [162/1826] 69a52991-c7a6-4b6c-99d8-7e4a45185aed: does not qualify; 2.0 s; peak memory 638 MiB.
2026-10-06T06:41:41Z INFO [163/1826] 69a5b9eb-0288-400b-93c0-20c1dd032e4a: does not qualify; 3.2 s; peak memory 638 MiB.
2026-10-06T06:41:42Z INFO [164/1826] 69a6a486-fefa-4194-a710-b21e8e270df4: does not qualify; 1.4 s; peak memory 638 MiB.
2026-10-06T06:41:43Z INFO [165/1826] 69a754f2-c377-44a9-95ab-3e09a121fd08: does not qualify; 1.0 s; peak memory 638 MiB.
2026-10-06T06:41:45Z INFO [166/1826] 69a791fe-8d80-42c1-af05-586308c58f7e: does not qualify; 2.0 s; peak memory 638 MiB.
2026-10-06T06:41:47Z INFO [167/1826] 69a808a5-a549-402f-89b4-2c973298f815: does not qualify; 1.7 s; peak memory 638 MiB.
2026-10-06T06:41:50Z INFO [168/1826] 69a90980-c1c3-4ca7-a2d8-07b2b564a64d: does not qualify; 3.1 s; peak memory 638 MiB.
2026-10-06T06:41:53Z INFO [169/1826] 69a98e6b-d6ab-48d8-b096-0dfa17d636a0: does not qualify; 2.6 s; peak memory 638 MiB.
2026-10-06T06:41:54Z INFO [170/1826] 69a9a922-173f-459b-809b-8bff5ca2e2ab: does not qualify; 1.3 s; peak memory 638 MiB.
2026-10-06T06:42:03Z INFO [171/1826] 69aa7165-10c7-4a88-92d1-10037e5bbf00: does not qualify; 8.6 s; peak memory 638 MiB.
2026-10-06T06:42:06Z INFO [172/1826] 69aacb4e-3373-47a6-8741-fca958d998a0: does not qualify; 3.3 s; peak memory 638 MiB.
2026-10-06T06:42:15Z INFO [173/1826] 69abb1e8-a9b5-47bc-b3b7-694e05516e4c: does not qualify; 9.5 s; peak memory 638 MiB.
2026-10-06T06:42:17Z INFO [174/1826] 69ac0b0c-b0ed-4c6c-88b5-7af9ac9afe53: does not qualify; 1.4 s; peak memory 638 MiB.
2026-10-06T06:42:18Z INFO [175/1826] 69ac4bfd-cf60-4b95-8989-cbb71bf7b79f: does not qualify; 1.6 s; peak memory 638 MiB.
2026-10-06T06:42:20Z INFO [176/1826] 69ad1cdd-1235-4135-b79d-5b32ab43a9ac: does not qualify; 1.9 s; peak memory 638 MiB.
2026-10-06T06:42:22Z INFO [177/1826] 69adc5b4-1b76-45f6-a386-67abcfd2db3a: does not qualify; 1.8 s; peak memory 638 MiB.
2026-10-06T06:42:24Z INFO [178/1826] 69ae2052-451c-4238-af4c-ee90f61c1701: does not qualify; 1.6 s; peak memory 638 MiB.
2026-10-06T06:42:26Z INFO [179/1826] 69aeb414-a5cf-4978-ae1f-1cf7f9738fe4: does not qualify; 2.2 s; peak memory 638 MiB.
2026-10-06T06:42:34Z INFO [180/1826] 69af8459-2a98-4fa2-ba22-a9e9ce280cb1: does not qualify; 8.3 s; peak memory 638 MiB.
2026-10-06T06:42:42Z INFO [181/1826] 69b0320a-8b54-4e54-bb16-68808adad71e: does not qualify; 7.9 s; peak memory 638 MiB.
2026-10-06T06:42:51Z INFO [182/1826] 69b05a0a-252e-4727-a9ad-5b113c2e0feb: does not qualify; 9.3 s; peak memory 638 MiB.
2026-10-06T06:42:52Z INFO [183/1826] 69b10fc3-e8f7-4eb7-822d-255d039afcaf: does not qualify; 1.0 s; peak memory 638 MiB.
2026-10-06T06:42:55Z INFO [184/1826] 69b1c0fe-b953-417e-98c7-0d129a09a2de: does not qualify; 2.6 s; peak memory 638 MiB.
2026-10-06T06:42:57Z INFO [185/1826] 69b20a43-7736-4da8-b334-52d9db329ab6: does not qualify; 1.5 s; peak memory 638 MiB.
2026-10-06T06:43:01Z INFO [186/1826] 69b29f38-c039-4ce1-ad90-b780508b7e68: does not qualify; 4.4 s; peak memory 638 MiB.
2026-10-06T06:43:03Z INFO [187/1826] 69b2be5f-0ef5-45f6-be56-c48970c02969: does not qualify; 1.6 s; peak memory 638 MiB.
2026-10-06T06:43:04Z INFO [188/1826] 69b37908-9b78-4a5e-8417-ed0a7a8da284: does not qualify; 1.7 s; peak memory 638 MiB.
2026-10-06T06:43:05Z INFO [189/1826] 69b3a48c-94ce-43ec-87ed-5157bf71c00d: does not qualify; 1.0 s; peak memory 638 MiB.
2026-10-06T06:45:18Z INFO [190/1826] 69b3f93e-502a-4d62-994b-e82718435829: does not qualify; 132.6 s; peak memory 638 MiB.
2026-10-06T06:45:23Z INFO [191/1826] 69b41de8-832a-41df-9fd7-0589ba981782: does not qualify; 5.1 s; peak memory 638 MiB.
2026-10-06T06:45:25Z INFO [192/1826] 69b4215f-1e78-49b0-947c-7b01e8133637: does not qualify; 1.8 s; peak memory 638 MiB.
2026-10-06T06:45:26Z INFO [193/1826] 69b4b3ab-1b1f-4a84-9636-0471236c7c7f: does not qualify; 1.6 s; peak memory 638 MiB.
2026-10-06T06:45:29Z INFO [194/1826] 69b4d29f-f2be-47a9-b350-6575fa87ae6a: does not qualify; 2.8 s; peak memory 638 MiB.
2026-10-06T06:45:31Z INFO [195/1826] 69b565db-d72b-4df1-b1c8-bdeef97663ff: does not qualify; 1.6 s; peak memory 638 MiB.
2026-10-06T06:45:32Z INFO [196/1826] 69b66426-7ee0-4422-b33f-b0fd975d5493: does not qualify; 1.1 s; peak memory 638 MiB.
2026-10-06T06:45:33Z INFO [197/1826] 69b6a953-91bf-4d53-a59a-58c7afbd2108: does not qualify; 1.1 s; peak memory 638 MiB.
2026-10-06T06:45:35Z INFO [198/1826] 69b6adb0-680c-403b-ad85-1d8b4c156a03: does not qualify; 2.0 s; peak memory 638 MiB.
2026-10-06T06:45:36Z INFO [199/1826] 69b6b044-69b5-4955-975e-385d84f265ba: does not qualify; 1.3 s; peak memory 638 MiB.
2026-10-06T06:45:38Z INFO [200/1826] 69b744c5-21b8-4ba4-8962-f40bc5a1b821: does not qualify; 1.6 s; peak memory 638 MiB.
2026-10-06T06:45:38Z INFO [200/1826] 69b744c5-21b8-4ba4-8962-f40bc5a1b821: checkpointed 79231 records.
2026-10-06T06:45:40Z INFO [201/1826] 69b7854d-9417-4333-a56a-cc9aa9cbf598: does not qualify; 2.0 s; peak memory 638 MiB.
2026-10-06T06:45:41Z INFO [202/1826] 69b7f3d6-7725-4de8-b654-cd3bb2765420: does not qualify; 1.3 s; peak memory 638 MiB.
2026-10-06T06:45:42Z INFO [203/1826] 69b85dcb-9cc3-4c0c-8ac3-44c2e4b35517: does not qualify; 1.1 s; peak memory 638 MiB.
2026-10-06T06:45:44Z INFO [204/1826] 69b9965e-750a-4833-ae82-65ba4ca9083a: does not qualify; 1.5 s; peak memory 638 MiB.
2026-10-06T06:45:45Z INFO [205/1826] 69b9ebb5-25fa-47af-9244-28e33433d286: does not qualify; 1.4 s; peak memory 638 MiB.
2026-10-06T06:45:46Z INFO [206/1826] 69ba817c-ff53-420c-ba6e-a36e33fc85a7: does not qualify; 1.0 s; peak memory 638 MiB.
2026-10-06T06:45:48Z INFO [207/1826] 69bb6bfb-3406-469a-9a2d-b4712bf8c775: does not qualify; 1.8 s; peak memory 638 MiB.
2026-10-06T06:45:49Z INFO [208/1826] 69bcb6b2-1bb3-45bf-b189-6110661939fe: does not qualify; 1.3 s; peak memory 638 MiB.
2026-10-06T06:45:51Z INFO [209/1826] 69bcc7db-5b68-43b5-953d-e95400283850: does not qualify; 1.7 s; peak memory 638 MiB.
2026-10-06T06:45:56Z INFO [210/1826] 69bd194a-97c4-4c4c-b50f-94754fc356e2: does not qualify; 5.3 s; peak memory 638 MiB.
2026-10-06T06:45:58Z INFO [211/1826] 69bd4249-2d51-4853-8868-f586fb697968: does not qualify; 1.4 s; peak memory 638 MiB.
2026-10-06T06:45:59Z INFO [212/1826] 69bd5513-9782-471d-b53e-0d09365fcb68: does not qualify; 1.7 s; peak memory 638 MiB.
2026-10-06T06:46:01Z INFO [213/1826] 69bd9bce-d0e3-4236-a7a5-399ee503ff56: does not qualify; 1.9 s; peak memory 638 MiB.
2026-10-06T06:46:02Z INFO [214/1826] 69bdfa0b-2586-4b5d-bce9-eea9340c51da: does not qualify; 1.1 s; peak memory 638 MiB.
2026-10-06T06:46:09Z INFO [215/1826] 69beac87-e3e2-457f-9520-bc48b13d5262: does not qualify; 7.0 s; peak memory 638 MiB.
2026-10-06T06:46:11Z INFO [216/1826] 69bf8b49-27ad-4930-991a-43e3f84051b1: does not qualify; 2.1 s; peak memory 638 MiB.
2026-10-06T06:46:14Z INFO [217/1826] 69c00bef-87a4-4e62-b285-4b4880a82b3a: does not qualify; 2.1 s; peak memory 638 MiB.
2026-10-06T06:46:22Z INFO [218/1826] 69c01087-5ec6-4aeb-bdf8-2e9726084e32: does not qualify; 8.2 s; peak memory 638 MiB.
2026-10-06T06:46:33Z INFO [219/1826] 69c022b6-2b18-4f35-a901-1e4ce586b839: does not qualify; 11.3 s; peak memory 638 MiB.
2026-10-06T06:46:34Z INFO [220/1826] 69c047b8-6d93-4caa-b2fc-7556cebedc80: does not qualify; 1.3 s; peak memory 638 MiB.
2026-10-06T06:46:36Z INFO [221/1826] 69c144c7-3ec5-4d57-affa-bd7239dea2ad: does not qualify; 1.3 s; peak memory 638 MiB.
2026-10-06T06:46:37Z INFO [222/1826] 69c1539e-0eee-469c-8088-686cc5068823: does not qualify; 1.1 s; peak memory 638 MiB.
2026-10-06T06:46:45Z INFO [223/1826] 69c168f9-573c-437e-a016-dd96f733d2fe: does not qualify; 7.8 s; peak memory 638 MiB.
2026-10-06T06:46:46Z INFO [224/1826] 69c1ca76-2efb-4daf-b4b4-0e5e51cb264e: does not qualify; 1.8 s; peak memory 638 MiB.
2026-10-06T06:46:48Z INFO [225/1826] 69c24735-096e-4393-b31f-f0262462f5bd: does not qualify; 1.3 s; peak memory 638 MiB.
2026-10-06T06:46:50Z INFO [226/1826] 69c315ab-fc00-4710-bcee-810b6f2bb336: does not qualify; 2.1 s; peak memory 638 MiB.
2026-10-06T06:47:01Z INFO [227/1826] 69c31d3c-34b5-4cab-bdea-c4c8f476886c: does not qualify; 11.4 s; peak memory 638 MiB.
2026-10-06T06:47:03Z INFO [228/1826] 69c323a7-668a-425f-9d76-d68e130d1278: does not qualify; 1.4 s; peak memory 638 MiB.
2026-10-06T06:47:04Z INFO [229/1826] 69c345d1-500a-4931-98ec-5f8c090cf261: does not qualify; 1.5 s; peak memory 638 MiB.
2026-10-06T06:47:12Z INFO [230/1826] 69c3b54c-7180-4d54-9bcb-3f1941bde1a3: does not qualify; 7.5 s; peak memory 638 MiB.
2026-10-06T06:47:13Z INFO [231/1826] 69c3be06-69d1-4e51-b9a9-c9a1ccc5d3f6: does not qualify; 1.8 s; peak memory 638 MiB.
2026-10-06T06:47:17Z INFO [232/1826] 69c424a6-eb0b-495b-920c-b9e6217c3bf3: does not qualify; 3.5 s; peak memory 638 MiB.
2026-10-06T06:47:27Z INFO [233/1826] 69c4e7c6-ff9c-4cbc-a90d-8b7a80679d23: does not qualify; 10.2 s; peak memory 638 MiB.
2026-10-06T06:47:29Z INFO [234/1826] 69c694d7-9552-4559-be26-e70217a53fd1: does not qualify; 2.2 s; peak memory 638 MiB.
2026-10-06T06:47:31Z INFO [235/1826] 69c69ba3-44b2-4760-a6a9-83b592a45c85: does not qualify; 2.1 s; peak memory 638 MiB.
2026-10-06T06:47:32Z INFO [236/1826] 69c77513-71d3-4599-b515-bea6b6d99d53: does not qualify; 1.0 s; peak memory 638 MiB.
2026-10-06T06:47:34Z INFO [237/1826] 69c81f24-b085-49c2-88b2-edf2dfb21612: does not qualify; 2.1 s; peak memory 638 MiB.
2026-10-06T06:47:37Z INFO [238/1826] 69c82053-ccff-47ac-b807-0ed22124cde4: does not qualify; 2.3 s; peak memory 638 MiB.
2026-10-06T06:47:39Z INFO [239/1826] 69c8cbd7-d7a7-48bd-bc48-cfb751232dcb: does not qualify; 1.8 s; peak memory 638 MiB.
2026-10-06T06:47:40Z INFO [240/1826] 69c8cf9c-0009-4039-a1e5-ed3e0fc0d11d: does not qualify; 1.7 s; peak memory 638 MiB.
2026-10-06T06:47:42Z INFO [241/1826] 69c90025-46bf-4365-8984-dd355e690c33: does not qualify; 1.4 s; peak memory 638 MiB.
2026-10-06T06:47:45Z INFO [242/1826] 69c92a7c-25eb-4618-a609-70612fbb5537: does not qualify; 3.7 s; peak memory 638 MiB.
2026-10-06T06:47:47Z INFO [243/1826] 69ca3c93-e87b-475c-b87e-9e1f290d556e: does not qualify; 2.1 s; peak memory 638 MiB.
2026-10-06T06:47:49Z INFO [244/1826] 69cb999f-995a-4475-af68-42bf3c2c959b: does not qualify; 2.0 s; peak memory 638 MiB.
2026-10-06T06:47:52Z INFO [245/1826] 69cc022c-7ed7-487c-aaf9-a8ad11135f97: does not qualify; 2.4 s; peak memory 638 MiB.
2026-10-06T06:47:55Z INFO [246/1826] 69cc119d-2800-4acc-af12-6e40cc0434bb: does not qualify; 3.6 s; peak memory 638 MiB.
2026-10-06T06:48:05Z INFO [247/1826] 69cee972-4fa6-4016-ba14-6c2b377fccce: does not qualify; 9.1 s; peak memory 638 MiB.
2026-10-06T06:48:06Z INFO [248/1826] 69cf2235-656c-4434-8ce2-a928e2599ea0: does not qualify; 1.7 s; peak memory 638 MiB.
2026-10-06T06:48:11Z INFO [249/1826] 69cf5217-9b43-45a4-9942-639bb852fcfd: does not qualify; 4.4 s; peak memory 638 MiB.
2026-10-06T06:48:13Z INFO [250/1826] 69cf8f6f-729c-4c56-9845-ae6df8779c80: does not qualify; 1.9 s; peak memory 638 MiB.
2026-10-06T06:48:13Z INFO [250/1826] 69cf8f6f-729c-4c56-9845-ae6df8779c80: checkpointed 79281 records.
2026-10-06T06:48:16Z INFO [251/1826] 69cfae01-9f2b-4f4e-a5c5-267c7afd4274: does not qualify; 3.1 s; peak memory 638 MiB.
2026-10-06T06:48:17Z INFO [252/1826] 69d00264-d8be-458e-8fa0-b025cff2ce1a: does not qualify; 1.4 s; peak memory 638 MiB.
2026-10-06T06:48:19Z INFO [253/1826] 69d076c9-9d13-4378-a406-84daf183ad1c: does not qualify; 2.2 s; peak memory 638 MiB.
2026-10-06T06:48:50Z INFO [254/1826] 69d0f48f-1de0-48c4-9957-1425f5f4ed2b: does not qualify; 30.6 s; peak memory 732 MiB.
2026-10-06T06:48:52Z INFO [255/1826] 69d25509-cf97-4c5d-a020-7872104cad18: does not qualify; 2.0 s; peak memory 732 MiB.
2026-10-06T06:48:54Z INFO [256/1826] 69d311d1-9c05-4db7-825d-042156c39162: does not qualify; 1.8 s; peak memory 732 MiB.
2026-10-06T06:48:55Z INFO [257/1826] 69d36eb0-125b-47e9-8e55-77d7d4c0a08c: does not qualify; 1.4 s; peak memory 732 MiB.
2026-10-06T06:48:59Z INFO [258/1826] 69d3b04a-af6d-499f-9793-47b2e13524c0: does not qualify; 3.4 s; peak memory 732 MiB.
2026-10-06T06:49:02Z INFO [259/1826] 69d3eee4-7674-4ab1-93f8-0496cc97be19: does not qualify; 3.0 s; peak memory 732 MiB.
2026-10-06T06:49:03Z INFO [260/1826] 69d43440-3cf6-46a8-b7b8-13d8f8697593: does not qualify; 1.9 s; peak memory 732 MiB.
2026-10-06T06:49:05Z INFO [261/1826] 69d45de8-aff3-466e-b03b-6cdf771f6e7c: does not qualify; 1.3 s; peak memory 732 MiB.
2026-10-06T06:49:16Z INFO [262/1826] 69d51e72-5cbd-4ab9-a079-cf9d056e00ce: does not qualify; 10.8 s; peak memory 732 MiB.
2026-10-06T06:49:18Z INFO [263/1826] 69d539d6-9fe7-4ae0-9194-96806fbe7ebe: does not qualify; 2.6 s; peak memory 732 MiB.
2026-10-06T06:49:20Z INFO [264/1826] 69d55812-27b8-4079-9928-044426dbbdd1: does not qualify; 1.8 s; peak memory 732 MiB.
2026-10-06T06:49:22Z INFO [265/1826] 69d5b0af-cc38-4c56-8a2e-88451f53eec7: does not qualify; 1.7 s; peak memory 732 MiB.
2026-10-06T06:49:40Z INFO [266/1826] 69d628aa-229e-48f8-912e-8e80c38e1773: does not qualify; 18.0 s; peak memory 732 MiB.
2026-10-06T06:49:41Z INFO [267/1826] 69d62ad8-870e-4ce0-9178-03d6787e21d8: does not qualify; 1.5 s; peak memory 732 MiB.
2026-10-06T06:49:43Z INFO [268/1826] 69d74b59-16cb-4ad3-9ba3-7b95861082ca: does not qualify; 2.1 s; peak memory 732 MiB.
2026-10-06T06:49:46Z INFO [269/1826] 69d7e231-7853-488a-b034-b1652c6b00c2: does not qualify; 2.2 s; peak memory 732 MiB.
2026-10-06T06:49:47Z INFO [270/1826] 69d821b1-99bc-4680-8ca6-174760302a26: does not qualify; 1.3 s; peak memory 732 MiB.
2026-10-06T06:49:48Z INFO [271/1826] 69d844fa-65e6-4c4c-a1f0-93cff66cbb2a: does not qualify; 1.3 s; peak memory 732 MiB.
2026-10-06T06:49:50Z INFO [272/1826] 69d86573-bfb8-48c0-ba71-fc1c2a9dc4f4: does not qualify; 1.9 s; peak memory 732 MiB.
2026-10-06T06:49:57Z INFO [273/1826] 69d99c47-3a0a-4fc5-8acb-de9159a98a2b: does not qualify; 7.3 s; peak memory 732 MiB.
2026-10-06T06:49:59Z INFO [274/1826] 69db09a6-5029-453a-be13-315b7929b1a6: does not qualify; 1.4 s; peak memory 732 MiB.
2026-10-06T06:50:01Z INFO [275/1826] 69db482c-fa5c-47f9-9e69-beec30981f84: does not qualify; 2.1 s; peak memory 732 MiB.
2026-10-06T06:50:03Z INFO [276/1826] 69dbeec8-c5b3-46e7-bd0d-de49ebe6f0bd: does not qualify; 1.9 s; peak memory 732 MiB.
2026-10-06T06:50:04Z INFO [277/1826] 69dc7330-5463-452a-9467-f9c9e7f73a9f: does not qualify; 1.5 s; peak memory 732 MiB.
2026-10-06T06:50:06Z INFO [278/1826] 69dd0f14-70d4-412e-ac18-79f361024601: does not qualify; 1.3 s; peak memory 732 MiB.
2026-10-06T06:50:09Z INFO [279/1826] 69de4ea8-a659-4eea-bb71-71dd17eee22b: does not qualify; 3.2 s; peak memory 732 MiB.
2026-10-06T06:50:10Z INFO [280/1826] 69decc4a-5cd0-4a8f-9cfa-4a859161e9c9: does not qualify; 1.1 s; peak memory 732 MiB.
2026-10-06T06:50:11Z INFO [281/1826] 69ded1e5-6134-4103-8e09-6f9c697b2940: does not qualify; 1.4 s; peak memory 732 MiB.
2026-10-06T06:50:13Z INFO [282/1826] 69dee0cf-4bc1-4ace-b444-6b936fa33532: does not qualify; 1.8 s; peak memory 732 MiB.
2026-10-06T06:50:15Z INFO [283/1826] 69df4175-c9c5-4cbe-aafe-bb31978e11fa: does not qualify; 1.8 s; peak memory 732 MiB.
2026-10-06T06:50:17Z INFO [284/1826] 69df5d5d-5cc4-4d24-9fca-0e45d3f09083: does not qualify; 2.0 s; peak memory 732 MiB.
2026-10-06T06:50:18Z INFO [285/1826] 69df89e5-bb09-4b33-a3ee-6d5fbe943524: does not qualify; 1.3 s; peak memory 732 MiB.
2026-10-06T06:50:32Z INFO [286/1826] 69dfa2f6-edf3-42e6-bf64-9c75bcef9e04: does not qualify; 13.4 s; peak memory 732 MiB.
2026-10-06T06:50:33Z INFO [287/1826] 69e007eb-74f8-4417-862c-519382f35ce7: does not qualify; 1.5 s; peak memory 732 MiB.
2026-10-06T06:50:34Z INFO [288/1826] 69e06005-8b58-45f1-87b3-b4aa53c1cca8: does not qualify; 1.3 s; peak memory 732 MiB.
2026-10-06T06:50:41Z INFO [289/1826] 69e07913-3e93-400f-8d0a-a802c7fc1f38: does not qualify; 6.7 s; peak memory 732 MiB.
2026-10-06T06:50:43Z INFO [290/1826] 69e0da65-6417-4dd5-83b9-76d25c9161ec: does not qualify; 1.5 s; peak memory 732 MiB.
2026-10-06T06:50:53Z INFO [291/1826] 69e1a95f-6c0f-4203-86aa-6ec1054ed1ce: does not qualify; 10.5 s; peak memory 732 MiB.
2026-10-06T06:50:55Z INFO [292/1826] 69e31b11-0146-4cf0-a78a-470ffd9ed570: does not qualify; 1.7 s; peak memory 732 MiB.
2026-10-06T06:50:56Z INFO [293/1826] 69e45aee-6079-4e0c-9d0d-b52eead32b95: does not qualify; 1.3 s; peak memory 732 MiB.
2026-10-06T06:50:59Z INFO [294/1826] 69e4e701-bb9e-4a57-9c60-88a3f8541ff7: does not qualify; 3.1 s; peak memory 732 MiB.
2026-10-06T06:51:01Z INFO [295/1826] 69e502bd-5717-4bbc-bcbc-617fd924c567: does not qualify; 1.5 s; peak memory 732 MiB.
2026-10-06T06:51:03Z INFO [296/1826] 69e5ac0e-2d01-4372-90a9-d05ad260781b: does not qualify; 1.8 s; peak memory 732 MiB.
2026-10-06T06:51:06Z INFO [297/1826] 69e60f96-93b4-44ee-8c91-1f5f41cb2be1: does not qualify; 3.1 s; peak memory 732 MiB.
2026-10-06T06:51:07Z INFO [298/1826] 69e615dc-a7da-49a7-9b63-42628dbed59d: does not qualify; 1.7 s; peak memory 732 MiB.
2026-10-06T06:51:15Z INFO [299/1826] 69e63434-988f-4baa-af39-1558617926a6: does not qualify; 7.3 s; peak memory 732 MiB.
2026-10-06T06:51:16Z INFO [300/1826] 69e6802c-bbbc-40cb-a036-2ec4d86fe472: does not qualify; 1.4 s; peak memory 732 MiB.
2026-10-06T06:51:16Z INFO [300/1826] 69e6802c-bbbc-40cb-a036-2ec4d86fe472: checkpointed 79331 records.
2026-10-06T06:51:19Z INFO [301/1826] 69e69e33-1ec2-4303-95c8-2f6c8575a9c6: does not qualify; 2.6 s; peak memory 732 MiB.
2026-10-06T06:51:20Z INFO [302/1826] 69e6a6a0-4395-4554-9f8d-0fb983ba1786: does not qualify; 1.1 s; peak memory 732 MiB.
2026-10-06T06:51:23Z INFO [303/1826] 69e7865d-aebe-48cc-b1e5-b6b620c58541: does not qualify; 2.9 s; peak memory 732 MiB.
2026-10-06T06:51:26Z INFO [304/1826] 69e7c245-d0da-4192-8f3c-d871bf01a8e3: does not qualify; 2.6 s; peak memory 732 MiB.
2026-10-06T06:51:28Z INFO [305/1826] 69e7de35-706e-4394-8a77-fd255b488bbf: does not qualify; 2.1 s; peak memory 732 MiB.
2026-10-06T06:51:31Z INFO [306/1826] 69e82dd2-1f30-466c-bfbd-5469c798d845: does not qualify; 3.3 s; peak memory 732 MiB.
2026-10-06T06:51:33Z INFO [307/1826] 69e866d2-030e-4c1a-8087-adfc753682e3: does not qualify; 1.7 s; peak memory 732 MiB.
2026-10-06T06:51:46Z INFO [308/1826] 69e8b6b7-0c4e-485a-bbf6-23bcbcc7c0a9: does not qualify; 13.4 s; peak memory 732 MiB.
2026-10-06T06:51:47Z INFO [309/1826] 69e95bf4-3028-4f1c-af6f-f89ad1dcdbd9: does not qualify; 1.4 s; peak memory 732 MiB.
2026-10-06T06:51:49Z INFO [310/1826] 69ea6438-5305-424f-a203-6efa1677f421: does not qualify; 1.4 s; peak memory 732 MiB.
2026-10-06T06:52:07Z INFO [311/1826] 69ea8fef-3cc2-4700-ac8e-ea328fe6cc73: does not qualify; 18.0 s; peak memory 732 MiB.
2026-10-06T06:52:08Z INFO [312/1826] 69eb811f-6cae-449a-980c-770ec07cbed0: does not qualify; 1.4 s; peak memory 732 MiB.
2026-10-06T06:52:10Z INFO [313/1826] 69ec5005-1f32-4fd4-b2e3-42775dd54f54: does not qualify; 1.6 s; peak memory 732 MiB.
2026-10-06T06:52:11Z INFO [314/1826] 69ec5730-a9b7-4dfa-a72f-be2f3981817b: does not qualify; 1.6 s; peak memory 732 MiB.
2026-10-06T06:52:14Z INFO [315/1826] 69ece7f8-1d2c-4cd6-b101-8d230c40d34e: does not qualify; 2.4 s; peak memory 732 MiB.
2026-10-06T06:52:15Z INFO [316/1826] 69ed8838-7019-4915-85bc-256372e620de: does not qualify; 1.7 s; peak memory 732 MiB.
2026-10-06T06:52:17Z INFO [317/1826] 69ee35d5-9426-4dd2-bc5f-339e71635174: does not qualify; 1.4 s; peak memory 732 MiB.
2026-10-06T06:52:18Z INFO [318/1826] 69ee989f-0bdc-4ee0-85ea-ad5da2ad4325: does not qualify; 1.3 s; peak memory 732 MiB.
2026-10-06T06:52:19Z INFO [319/1826] 69efd54e-03a1-40cb-8c05-b1b4d340933f: does not qualify; 1.0 s; peak memory 732 MiB.
2026-10-06T06:52:22Z INFO [320/1826] 69f02570-207c-40fd-bc45-ad7d92f255dd: does not qualify; 2.5 s; peak memory 732 MiB.
2026-10-06T06:52:29Z INFO [321/1826] 69f1ac36-a2ae-414c-9fd8-191407638a0b: does not qualify; 7.2 s; peak memory 732 MiB.
2026-10-06T06:52:30Z INFO [322/1826] 69f253b2-7673-4986-807c-fe3c433ed506: does not qualify; 1.6 s; peak memory 732 MiB.
2026-10-06T06:52:31Z INFO [323/1826] 69f32cb6-60ee-4dc0-a100-74f41a05756e: does not qualify; 1.2 s; peak memory 732 MiB.
2026-10-06T06:52:33Z INFO [324/1826] 69f33201-185c-480b-9b72-d956458291d6: does not qualify; 1.2 s; peak memory 732 MiB.
2026-10-06T06:52:35Z INFO [325/1826] 69f3da78-0468-4ea1-8eb5-e3593f8e9962: does not qualify; 2.4 s; peak memory 732 MiB.
2026-10-06T06:52:37Z INFO [326/1826] 69f492c1-8348-4071-9276-e5de29941fab: does not qualify; 2.2 s; peak memory 732 MiB.
2026-10-06T06:52:39Z INFO [327/1826] 69f531e6-842f-4af1-8e5f-ae02f2a71f3b: does not qualify; 1.5 s; peak memory 732 MiB.
2026-10-06T06:52:40Z INFO [328/1826] 69f54f19-67a7-4012-8d16-4681998267d1: does not qualify; 1.3 s; peak memory 732 MiB.
2026-10-06T06:52:48Z INFO [329/1826] 69f5f073-073f-44d6-ab2f-59016fb4abfb: does not qualify; 8.1 s; peak memory 732 MiB.
2026-10-06T06:52:49Z INFO [330/1826] 69f5ffb9-f722-4059-99d6-9a35ba9fa3dc: does not qualify; 1.0 s; peak memory 732 MiB.
2026-10-06T06:55:51Z INFO [331/1826] 69f60ecc-93e2-473b-b542-e03c8c2849cc: qualifies; 182.2 s; peak memory 8263 MiB.
2026-10-06T06:55:54Z INFO [332/1826] 69f62431-14a2-428c-bb3b-ba49124f66c7: qualifies; 2.7 s; peak memory 8263 MiB.
2026-10-06T06:55:55Z INFO [333/1826] 69f7a6a3-3792-4d7e-9ea0-9e0df6f363f8: does not qualify; 1.4 s; peak memory 8263 MiB.
2026-10-06T06:55:57Z INFO [334/1826] 69f8dd7a-fc9e-4561-8711-8b17f9704a95: does not qualify; 1.5 s; peak memory 8263 MiB.
2026-10-06T06:55:59Z INFO [335/1826] 69f95649-914c-4e15-ab63-c8dcebbcdb30: does not qualify; 1.9 s; peak memory 8263 MiB.
2026-10-06T06:56:01Z INFO [336/1826] 69f99ea3-4152-4dce-a867-99afb4e55d3f: does not qualify; 1.7 s; peak memory 8263 MiB.
2026-10-06T06:56:09Z INFO [337/1826] 69f9b5f9-92ea-4673-bfa1-a554157430fd: does not qualify; 8.4 s; peak memory 8263 MiB.
2026-10-06T06:56:11Z INFO [338/1826] 69fa1726-2516-4758-81c6-36154d609b17: does not qualify; 2.2 s; peak memory 8263 MiB.
2026-10-06T06:56:13Z INFO [339/1826] 69fbc571-1f95-4ab4-8cb8-83b928a2b8b1: does not qualify; 1.6 s; peak memory 8263 MiB.
2026-10-06T06:56:16Z INFO [340/1826] 69fc8dc4-2a4c-49e5-b01a-72b006a5a1d3: does not qualify; 2.8 s; peak memory 8263 MiB.
2026-10-06T06:56:17Z INFO [341/1826] 69fc957a-d7de-47ff-bd7a-39be24faa3f7: does not qualify; 1.2 s; peak memory 8263 MiB.
2026-10-06T06:56:24Z INFO [342/1826] 69fcbb12-fc07-4f4e-a425-f82db2915c4a: does not qualify; 7.0 s; peak memory 8263 MiB.
2026-10-06T06:56:25Z INFO [343/1826] 69fdcd1f-8a16-40c3-a2ea-5996d68de2fc: does not qualify; 1.1 s; peak memory 8263 MiB.
2026-10-06T06:56:27Z INFO [344/1826] 69fdfd80-6861-444b-b777-36d7a9114245: does not qualify; 1.7 s; peak memory 8263 MiB.
2026-10-06T06:56:34Z INFO [345/1826] 69fedb5f-0114-440e-a2c4-844f0303190e: does not qualify; 7.0 s; peak memory 8263 MiB.
2026-10-06T06:56:35Z INFO [346/1826] 69feef59-0cfd-4fb8-8c97-c81937675c5b: does not qualify; 1.4 s; peak memory 8263 MiB.
2026-10-06T06:56:37Z INFO [347/1826] 69ffaa1b-278a-4920-aa9a-0796fc3a68dc: does not qualify; 2.0 s; peak memory 8263 MiB.
2026-10-06T06:56:50Z INFO [348/1826] 6a00c753-49fe-4852-aa40-b92844cc97df: does not qualify; 13.3 s; peak memory 8263 MiB.
2026-10-06T06:57:07Z INFO [349/1826] 6a016131-817f-4d13-94db-168590dc5b85: does not qualify; 16.8 s; peak memory 8263 MiB.
2026-10-06T06:57:09Z INFO [350/1826] 6a01790e-4e7a-412f-b953-561001a4c348: does not qualify; 1.5 s; peak memory 8263 MiB.
2026-10-06T06:57:09Z INFO [350/1826] 6a01790e-4e7a-412f-b953-561001a4c348: checkpointed 79381 records.
2026-10-06T06:57:10Z INFO [351/1826] 6a0185fa-6cde-443f-aadc-66f8c2f37964: does not qualify; 1.4 s; peak memory 8263 MiB.
2026-10-06T06:57:11Z INFO [352/1826] 6a01fbe8-1b9e-4be3-9799-309cdf598227: does not qualify; 1.3 s; peak memory 8263 MiB.
2026-10-06T06:57:13Z INFO [353/1826] 6a033776-88e8-4868-a13d-903a8b62a4ef: does not qualify; 1.2 s; peak memory 8263 MiB.
2026-10-06T06:57:14Z INFO [354/1826] 6a038bac-7db0-440e-8c32-8f46ab1250a7: does not qualify; 1.3 s; peak memory 8263 MiB.
2026-10-06T06:59:31Z INFO [355/1826] 6a03ef58-e8c6-4a4a-b145-b48ab902ce09: does not qualify; 137.2 s; peak memory 8263 MiB.
2026-10-06T06:59:33Z INFO [356/1826] 6a043849-d6af-47fb-ad83-4fc5ff41c9eb: does not qualify; 1.5 s; peak memory 8263 MiB.
2026-10-06T06:59:34Z INFO [357/1826] 6a055d31-bd41-4991-936d-135cf2a65b6f: does not qualify; 1.6 s; peak memory 8263 MiB.
2026-10-06T06:59:35Z INFO [358/1826] 6a05dd9b-e24d-4305-9665-06c8fcbc7bdf: does not qualify; 1.3 s; peak memory 8263 MiB.
2026-10-06T06:59:40Z INFO [359/1826] 6a062666-c1b8-4b51-bff4-44ee0bc48b50: does not qualify; 4.4 s; peak memory 8263 MiB.
2026-10-06T06:59:41Z INFO [360/1826] 6a071d8e-c115-4684-ae5c-567c0cc7570b: does not qualify; 1.1 s; peak memory 8263 MiB.
2026-10-06T06:59:44Z INFO [361/1826] 6a07e824-f3db-496f-b1e2-578f59e81368: does not qualify; 2.9 s; peak memory 8263 MiB.
2026-10-06T06:59:46Z INFO [362/1826] 6a090d28-c33e-434b-8a4a-e2622f94ec29: does not qualify; 2.0 s; peak memory 8263 MiB.
2026-10-06T06:59:49Z INFO [363/1826] 6a09ce94-b73f-48fb-82df-8e779c64cd27: does not qualify; 2.9 s; peak memory 8263 MiB.
2026-10-06T06:59:51Z INFO [364/1826] 6a0a68dc-587d-44d9-896b-ed8e7e522a1d: does not qualify; 1.9 s; peak memory 8263 MiB.
2026-10-06T06:59:53Z INFO [365/1826] 6a0a6af5-2969-4820-a2e5-db4e4210bdcf: does not qualify; 1.9 s; peak memory 8263 MiB.
2026-10-06T06:59:56Z INFO [366/1826] 6a0a934e-8ca9-427b-8d71-c3b68b47684b: does not qualify; 3.7 s; peak memory 8263 MiB.
2026-10-06T06:59:58Z INFO [367/1826] 6a0abfb9-f5e9-4986-af79-9d29b0c01aea: does not qualify; 1.9 s; peak memory 8263 MiB.
2026-10-06T07:00:00Z INFO [368/1826] 6a0bae93-d288-4838-b49c-7c060ec2c37e: does not qualify; 2.3 s; peak memory 8263 MiB.
2026-10-06T07:00:02Z INFO [369/1826] 6a0c756a-c043-425c-a361-cf88c21da28a: does not qualify; 1.7 s; peak memory 8263 MiB.
2026-10-06T07:00:11Z INFO [370/1826] 6a0d6ef1-e768-4785-bdcc-ba14558c5663: does not qualify; 8.6 s; peak memory 8263 MiB.
2026-10-06T07:00:13Z INFO [371/1826] 6a0d7f89-ea64-41f9-9808-e1c0e8c1638a: does not qualify; 1.8 s; peak memory 8263 MiB.
2026-10-06T07:00:15Z INFO [372/1826] 6a0de414-282d-4df1-8b30-1a0c65d835eb: does not qualify; 2.3 s; peak memory 8263 MiB.
2026-10-06T07:00:16Z INFO [373/1826] 6a0e19ee-5ceb-4756-957e-e699029ab2a1: does not qualify; 1.3 s; peak memory 8263 MiB.
2026-10-06T07:00:18Z INFO [374/1826] 6a0f552b-07e3-44bc-8e7b-69a9a36f7cd5: does not qualify; 2.1 s; peak memory 8263 MiB.
2026-10-06T07:00:27Z INFO [375/1826] 6a0f698d-d588-4247-a5cb-ec117b6b00a0: does not qualify; 8.5 s; peak memory 8263 MiB.
2026-10-06T07:00:28Z INFO [376/1826] 6a0f9370-2cd5-4893-81c2-4cb268049126: does not qualify; 1.3 s; peak memory 8263 MiB.
2026-10-06T07:00:30Z INFO [377/1826] 6a101e39-ce85-4346-8f23-a8f9ea582c8a: does not qualify; 1.7 s; peak memory 8263 MiB.
2026-10-06T07:00:32Z INFO [378/1826] 6a109229-e122-4ce3-a70c-7dd1a86b7656: does not qualify; 1.8 s; peak memory 8263 MiB.
2026-10-06T07:00:35Z INFO [379/1826] 6a1169a0-dde8-4115-b34b-6c40f225da02: does not qualify; 3.0 s; peak memory 8263 MiB.
2026-10-06T07:00:57Z INFO [380/1826] 6a11b7c7-549d-43ea-816e-7c5b96c76c2d: does not qualify; 22.0 s; peak memory 8263 MiB.
2026-10-06T07:00:58Z INFO [381/1826] 6a122346-5fb0-4a59-b039-7a2bc51e5420: does not qualify; 1.9 s; peak memory 8263 MiB.
2026-10-06T07:01:04Z INFO [382/1826] 6a12511d-a52d-4f72-b02c-63b6b0103623: does not qualify; 5.7 s; peak memory 8263 MiB.
2026-10-06T07:01:11Z INFO [383/1826] 6a13e315-91c9-40bb-8bbe-e2735382048a: does not qualify; 7.0 s; peak memory 8263 MiB.
2026-10-06T07:01:13Z INFO [384/1826] 6a1424b8-d1d1-4e2c-89fd-f2070d95a53c: does not qualify; 1.5 s; peak memory 8263 MiB.
2026-10-06T07:01:14Z INFO [385/1826] 6a155aa7-ddf5-456b-8784-e99ed8545540: does not qualify; 1.5 s; peak memory 8263 MiB.
2026-10-06T07:01:15Z INFO [386/1826] 6a15a4f0-8a3b-4127-8076-f4e02cdf0d4f: does not qualify; 1.3 s; peak memory 8263 MiB.
2026-10-06T07:01:17Z INFO [387/1826] 6a15ecf6-45ca-4fd3-8a7d-bb4714447212: does not qualify; 1.4 s; peak memory 8263 MiB.
2026-10-06T07:01:21Z INFO [388/1826] 6a168b5c-a10e-4051-982b-c004e8ca0695: does not qualify; 4.4 s; peak memory 8263 MiB.
2026-10-06T07:01:30Z INFO [389/1826] 6a16ad4d-997d-4ab0-ac94-3abf409574f3: does not qualify; 8.6 s; peak memory 8263 MiB.
2026-10-06T07:01:33Z INFO [390/1826] 6a176d6a-6651-46a8-a3af-63483e062b5e: does not qualify; 3.1 s; peak memory 8263 MiB.
2026-10-06T07:01:41Z INFO [391/1826] 6a1787f2-53e2-40ea-a7a1-022bda800e30: does not qualify; 8.3 s; peak memory 8263 MiB.
2026-10-06T07:01:45Z INFO [392/1826] 6a183e01-e09a-4fdb-9938-61ec5d598fdc: does not qualify; 3.3 s; peak memory 8263 MiB.
2026-10-06T07:01:46Z INFO [393/1826] 6a18ab5c-2b4c-4eab-801e-fad224c6ccc9: does not qualify; 1.6 s; peak memory 8263 MiB.
2026-10-06T07:01:48Z INFO [394/1826] 6a19321a-df3a-45b6-b8d5-7616f3884b04: does not qualify; 1.7 s; peak memory 8263 MiB.
2026-10-06T07:01:49Z INFO [395/1826] 6a1b09a8-2b75-4895-9b65-03573eb03a0a: does not qualify; 1.3 s; peak memory 8263 MiB.
2026-10-06T07:01:53Z INFO [396/1826] 6a1bb1e1-97f1-4c9b-b0c4-d3ee9035325a: does not qualify; 4.2 s; peak memory 8263 MiB.
2026-10-06T07:01:55Z INFO [397/1826] 6a1c6531-5cbd-4580-bf93-83c26c33da38: does not qualify; 1.5 s; peak memory 8263 MiB.
2026-10-06T07:01:57Z INFO [398/1826] 6a1da37f-2e81-4ccb-87ad-0933f264ed89: does not qualify; 2.4 s; peak memory 8263 MiB.
2026-10-06T07:01:59Z INFO [399/1826] 6a1da62f-ae0d-4210-811e-6b4c082d7408: does not qualify; 1.9 s; peak memory 8263 MiB.
2026-10-06T07:02:00Z INFO [400/1826] 6a1ebf25-3819-4261-87ab-7c6b08bcf774: does not qualify; 1.2 s; peak memory 8263 MiB.
2026-10-06T07:02:01Z INFO [400/1826] 6a1ebf25-3819-4261-87ab-7c6b08bcf774: checkpointed 79431 records.
2026-10-06T07:02:03Z INFO [401/1826] 6a2004a2-dcaa-45a0-bacc-5b420b6935e8: does not qualify; 2.1 s; peak memory 8263 MiB.
2026-10-06T07:02:14Z INFO [402/1826] 6a20225a-399b-48fd-add6-0735963bfd7e: does not qualify; 11.8 s; peak memory 8263 MiB.
2026-10-06T07:02:16Z INFO [403/1826] 6a203b5a-cd7d-4289-8c80-11f95ed6f743: does not qualify; 1.6 s; peak memory 8263 MiB.
2026-10-06T07:02:18Z INFO [404/1826] 6a20935c-9f38-4aaf-ab93-a13b770fbe70: does not qualify; 1.7 s; peak memory 8263 MiB.
2026-10-06T07:02:20Z INFO [405/1826] 6a20ffe3-5942-40db-8d8a-28cd0f94062b: does not qualify; 2.1 s; peak memory 8263 MiB.
2026-10-06T07:02:22Z INFO [406/1826] 6a213ead-4b39-43fd-a9a7-942a26b68cee: does not qualify; 2.1 s; peak memory 8263 MiB.
2026-10-06T07:02:24Z INFO [407/1826] 6a2173cd-f872-4394-b5f1-89cc3c30e670: does not qualify; 2.3 s; peak memory 8263 MiB.
2026-10-06T07:02:26Z INFO [408/1826] 6a223310-5304-4ef4-8fd8-b43a12a9b43d: does not qualify; 1.4 s; peak memory 8263 MiB.
2026-10-06T07:02:27Z INFO [409/1826] 6a2297cb-007b-446c-97ba-52824b6a4319: does not qualify; 1.5 s; peak memory 8263 MiB.
2026-10-06T07:02:28Z INFO [410/1826] 6a22e5ff-427a-4297-a266-b9f277e7040f: does not qualify; 1.2 s; peak memory 8263 MiB.
2026-10-06T07:02:30Z INFO [411/1826] 6a24d46a-7086-433a-9e16-705036f5babb: does not qualify; 2.0 s; peak memory 8263 MiB.
2026-10-06T07:02:32Z INFO [412/1826] 6a25126a-1a67-4eda-a704-7562e3509d13: does not qualify; 1.4 s; peak memory 8263 MiB.
2026-10-06T07:02:35Z INFO [413/1826] 6a25bcaa-20d7-40fb-8b4f-93e71ef782dd: does not qualify; 3.6 s; peak memory 8263 MiB.
2026-10-06T07:02:37Z INFO [414/1826] 6a25f3ac-47d3-4d13-b48c-7668e7fbe60a: does not qualify; 1.4 s; peak memory 8263 MiB.
2026-10-06T07:02:39Z INFO [415/1826] 6a274bd5-b254-4b50-b1f8-3ae1b3e5ca2b: does not qualify; 2.0 s; peak memory 8263 MiB.
2026-10-06T07:02:40Z INFO [416/1826] 6a27812d-d23e-4c92-9753-405725d86a7f: does not qualify; 1.6 s; peak memory 8263 MiB.
2026-10-06T07:02:41Z INFO [417/1826] 6a281127-892f-47cd-a0d4-078d5bb4577d: does not qualify; 1.2 s; peak memory 8263 MiB.
2026-10-06T07:02:55Z INFO [418/1826] 6a284f68-f445-4e11-ab9f-c9036ade162a: does not qualify; 13.7 s; peak memory 8263 MiB.
2026-10-06T07:03:06Z INFO [419/1826] 6a29c76c-6f9a-4af5-8b5a-e10d6599fbdb: qualifies; 11.3 s; peak memory 8263 MiB.
2026-10-06T07:03:08Z INFO [420/1826] 6a2a1282-c0cb-4cf4-a5dc-658bd67cd18f: does not qualify; 1.4 s; peak memory 8263 MiB.
2026-10-06T07:03:10Z INFO [421/1826] 6a2aa26b-7e1c-4dc5-ae4d-9563d3d94790: does not qualify; 1.7 s; peak memory 8263 MiB.
2026-10-06T07:03:14Z INFO [422/1826] 6a2b4806-9851-4605-8693-21627c49747d: does not qualify; 4.2 s; peak memory 8263 MiB.
2026-10-06T07:03:17Z INFO [423/1826] 6a2e65a3-9483-443b-aed1-70f7e14eb80b: does not qualify; 3.2 s; peak memory 8263 MiB.
2026-10-06T07:03:18Z INFO [424/1826] 6a2f96ac-584f-4094-bca7-e8ec32b245b0: does not qualify; 1.5 s; peak memory 8263 MiB.
2026-10-06T07:03:20Z INFO [425/1826] 6a300115-03c1-482f-8550-98395bfaec1b: does not qualify; 1.8 s; peak memory 8263 MiB.
2026-10-06T07:03:22Z INFO [426/1826] 6a30830e-01f4-4dfb-a273-71a8c10a0e08: does not qualify; 2.1 s; peak memory 8263 MiB.
2026-10-06T07:03:29Z INFO [427/1826] 6a318393-8a89-4e44-a79c-b1ebf4b9f1c2: does not qualify; 7.1 s; peak memory 8263 MiB.
2026-10-06T07:03:32Z INFO [428/1826] 6a32093a-0bce-4b6f-9da0-5b28a32bbbad: does not qualify; 2.8 s; peak memory 8263 MiB.
2026-10-06T07:03:33Z INFO [429/1826] 6a32620d-fc37-443b-aa62-83154ff05f73: does not qualify; 1.4 s; peak memory 8263 MiB.
2026-10-06T07:03:36Z INFO [430/1826] 6a339079-6814-4228-bf11-9f029ce5d02e: does not qualify; 2.6 s; peak memory 8263 MiB.
2026-10-06T07:03:37Z INFO [431/1826] 6a34057d-234e-4700-b5e4-347297082953: does not qualify; 1.4 s; peak memory 8263 MiB.
2026-10-06T07:03:40Z INFO [432/1826] 6a341db8-a890-43a7-b825-bb15e7b699a9: does not qualify; 2.8 s; peak memory 8263 MiB.
2026-10-06T07:03:43Z INFO [433/1826] 6a342292-b108-46f0-91ac-7e86845e310d: does not qualify; 2.5 s; peak memory 8263 MiB.
2026-10-06T07:03:44Z INFO [434/1826] 6a34b1bd-a408-42d0-8c85-b0b358297c3c: does not qualify; 1.4 s; peak memory 8263 MiB.
2026-10-06T07:03:45Z INFO [435/1826] 6a34d0e7-dc7d-407a-ba57-b166fe6bfc73: does not qualify; 1.1 s; peak memory 8263 MiB.
2026-10-06T07:03:47Z INFO [436/1826] 6a350200-cf65-4fc2-bd8c-462ecbff5d35: does not qualify; 1.6 s; peak memory 8263 MiB.
2026-10-06T07:04:02Z INFO [437/1826] 6a3514c4-e34d-464b-8ac6-a98a40577082: does not qualify; 15.6 s; peak memory 8263 MiB.
2026-10-06T07:04:07Z INFO [438/1826] 6a3528bc-45f6-4d0a-80bc-3f2e7f37d4d6: does not qualify; 5.1 s; peak memory 8263 MiB.
2026-10-06T07:04:15Z INFO [439/1826] 6a35f0c2-d6fe-4491-be48-f5b74a7c3eac: does not qualify; 7.5 s; peak memory 8263 MiB.
2026-10-06T07:04:17Z INFO [440/1826] 6a362949-fa9b-47b3-9fc4-a734b5f6033c: does not qualify; 1.8 s; peak memory 8263 MiB.
2026-10-06T07:04:19Z INFO [441/1826] 6a3629fb-2d6a-42fb-bacb-278fea214acf: does not qualify; 1.9 s; peak memory 8263 MiB.
2026-10-06T07:04:21Z INFO [442/1826] 6a36950b-ada3-4c1c-8ef4-fdee04267ba1: does not qualify; 1.8 s; peak memory 8263 MiB.
2026-10-06T07:04:22Z INFO [443/1826] 6a36c35b-11f6-49cf-a809-83cf177e47f6: does not qualify; 1.4 s; peak memory 8263 MiB.
2026-10-06T07:04:24Z INFO [444/1826] 6a36fa0e-5b50-4bbf-9981-9c76cb79d352: does not qualify; 1.9 s; peak memory 8263 MiB.
2026-10-06T07:04:25Z INFO [445/1826] 6a377dd3-0c82-45e0-8153-4c15a8335fa5: does not qualify; 1.5 s; peak memory 8263 MiB.
2026-10-06T07:04:27Z INFO [446/1826] 6a378723-468f-47eb-9609-496a00f6aa08: does not qualify; 1.4 s; peak memory 8263 MiB.
2026-10-06T07:04:28Z INFO [447/1826] 6a37ca15-c48b-47c2-99dd-e14ad3a7e6d0: does not qualify; 1.2 s; peak memory 8263 MiB.
2026-10-06T07:04:30Z INFO [448/1826] 6a387c55-d8e6-46f6-8ff1-25a91501491e: does not qualify; 2.1 s; peak memory 8263 MiB.
2026-10-06T07:04:31Z INFO [449/1826] 6a3a43f5-ffb1-477a-ad69-682b4794bd06: does not qualify; 1.2 s; peak memory 8263 MiB.
2026-10-06T07:04:33Z INFO [450/1826] 6a3a8292-7fc5-4037-b2e0-597db0ae9e16: does not qualify; 1.3 s; peak memory 8263 MiB.
2026-10-06T07:04:33Z INFO [450/1826] 6a3a8292-7fc5-4037-b2e0-597db0ae9e16: checkpointed 79481 records.
2026-10-06T07:04:35Z INFO [451/1826] 6a3b34ef-24a6-4f6b-901b-461a8918c77e: does not qualify; 2.1 s; peak memory 8263 MiB.
2026-10-06T07:04:38Z INFO [452/1826] 6a3b3d51-b2d9-45e6-8791-5f470a18b0a5: does not qualify; 2.9 s; peak memory 8263 MiB.
2026-10-06T07:04:46Z INFO [453/1826] 6a3bce68-9bda-4b81-9b5d-8b30a930bbae: does not qualify; 8.4 s; peak memory 8263 MiB.
2026-10-06T07:04:54Z INFO [454/1826] 6a3c0708-c1b3-4e8f-8c76-9f5bd463dd26: does not qualify; 8.4 s; peak memory 8263 MiB.
2026-10-06T07:04:56Z INFO [455/1826] 6a3ca8fd-b747-4431-98c6-04e0991771f9: does not qualify; 1.2 s; peak memory 8263 MiB.
2026-10-06T07:04:58Z INFO [456/1826] 6a3e67d0-4495-4ce0-b591-d4bb09fca34a: does not qualify; 2.1 s; peak memory 8263 MiB.
2026-10-06T07:05:00Z INFO [457/1826] 6a3e7ff9-4be1-4928-b540-27dffd0c16ba: does not qualify; 2.5 s; peak memory 8263 MiB.
2026-10-06T07:05:02Z INFO [458/1826] 6a3e87f6-e3fd-4fb0-b3a1-9ae035b2dc58: does not qualify; 1.4 s; peak memory 8263 MiB.
2026-10-06T07:05:03Z INFO [459/1826] 6a3ebeba-9d9f-40fb-b79f-e90a604f5b29: does not qualify; 1.9 s; peak memory 8263 MiB.
2026-10-06T07:05:06Z INFO [460/1826] 6a3ed00d-904d-47fa-884b-504eeac9ed3f: does not qualify; 2.8 s; peak memory 8263 MiB.
2026-10-06T07:05:14Z INFO [461/1826] 6a3f967d-2cbf-49d5-98b6-4afb5ed952f4: does not qualify; 8.0 s; peak memory 8263 MiB.
2026-10-06T07:05:16Z INFO [462/1826] 6a4006a5-eed5-4de2-a3fb-c0eee16bf7e1: does not qualify; 1.7 s; peak memory 8263 MiB.
2026-10-06T07:05:18Z INFO [463/1826] 6a40219e-674a-4dd8-940c-2508176e237c: does not qualify; 2.3 s; peak memory 8263 MiB.
2026-10-06T07:05:20Z INFO [464/1826] 6a41a037-3825-40c1-828b-a28f16bf819e: does not qualify; 2.1 s; peak memory 8263 MiB.
2026-10-06T07:05:30Z INFO [465/1826] 6a420305-2fef-4e08-be5b-25447feac917: does not qualify; 9.4 s; peak memory 8263 MiB.
2026-10-06T07:05:34Z INFO [466/1826] 6a4275f9-68bd-45d8-bce2-17743d8de3f4: does not qualify; 4.4 s; peak memory 8263 MiB.
2026-10-06T07:05:36Z INFO [467/1826] 6a42a010-0807-4050-9f52-753ba18dcfeb: does not qualify; 1.4 s; peak memory 8263 MiB.
2026-10-06T07:05:37Z INFO [468/1826] 6a42ffa3-bb46-4ec9-9f48-9c789a94d15f: does not qualify; 1.1 s; peak memory 8263 MiB.
2026-10-06T07:05:48Z INFO [469/1826] 6a432634-e206-4811-9b09-5f3c7a5d681a: does not qualify; 11.6 s; peak memory 8263 MiB.
2026-10-06T07:05:51Z INFO [470/1826] 6a4358e4-ebfc-47b2-a8c3-60ef925413fe: does not qualify; 2.5 s; peak memory 8263 MiB.
2026-10-06T07:05:52Z INFO [471/1826] 6a43a65d-f181-4fae-8ac5-60fd4217770c: does not qualify; 1.2 s; peak memory 8263 MiB.
2026-10-06T07:05:54Z INFO [472/1826] 6a450167-b33e-4adc-855d-62663f6d2bcc: does not qualify; 1.9 s; peak memory 8263 MiB.
2026-10-06T07:05:56Z INFO [473/1826] 6a45be7c-283e-4bef-864d-e236061474a1: does not qualify; 2.0 s; peak memory 8263 MiB.
2026-10-06T07:05:58Z INFO [474/1826] 6a4737e1-fa5b-4807-803d-9a5d390a34d2: does not qualify; 1.7 s; peak memory 8263 MiB.
2026-10-06T07:06:11Z INFO [475/1826] 6a476aa9-02e1-48db-91df-ee01bc7d08c1: does not qualify; 13.6 s; peak memory 8263 MiB.
2026-10-06T07:06:17Z INFO [476/1826] 6a476bae-6554-4508-b022-173d08f4c069: does not qualify; 6.1 s; peak memory 8263 MiB.
2026-10-06T07:06:20Z INFO [477/1826] 6a48d605-c739-433d-a30e-f971b281891b: does not qualify; 2.2 s; peak memory 8263 MiB.
2026-10-06T07:06:21Z INFO [478/1826] 6a48ebfa-86ed-4925-a630-312a519afbfa: does not qualify; 1.8 s; peak memory 8263 MiB.
2026-10-06T07:06:29Z INFO [479/1826] 6a491b4b-cbf6-46e0-9c19-ff620159946c: does not qualify; 7.3 s; peak memory 8263 MiB.
2026-10-06T07:06:31Z INFO [480/1826] 6a493718-aae7-47c9-8c22-c04f7d6411cb: does not qualify; 2.0 s; peak memory 8263 MiB.
2026-10-06T07:06:32Z INFO [481/1826] 6a49c161-8272-4388-ba53-1cabb56f8cc2: does not qualify; 1.2 s; peak memory 8263 MiB.
2026-10-06T07:06:34Z INFO [482/1826] 6a4c97fb-8006-4a19-91f7-73d7791e1baf: does not qualify; 1.6 s; peak memory 8263 MiB.
2026-10-06T07:06:35Z INFO [483/1826] 6a4ce5ab-1747-4463-99ff-41307d30b49e: does not qualify; 1.7 s; peak memory 8263 MiB.
2026-10-06T07:06:40Z INFO [484/1826] 6a4d4c63-1216-4da4-80cc-b39f1d2b6ca4: does not qualify; 5.2 s; peak memory 8263 MiB.
2026-10-06T07:06:44Z INFO [485/1826] 6a4e5525-9144-420d-adf0-3dbad6807dd5: does not qualify; 3.6 s; peak memory 8263 MiB.
2026-10-06T07:06:46Z INFO [486/1826] 6a4e8213-bf27-49fb-ad95-0df4a185c432: does not qualify; 1.6 s; peak memory 8263 MiB.
2026-10-06T07:06:47Z INFO [487/1826] 6a4e8d1c-bec1-4a3e-87a2-646efec97af0: does not qualify; 1.8 s; peak memory 8263 MiB.
2026-10-06T07:06:49Z INFO [488/1826] 6a500178-3747-4972-872d-635495c37020: does not qualify; 1.6 s; peak memory 8263 MiB.
2026-10-06T07:06:53Z INFO [489/1826] 6a5060cc-506f-4061-b3d0-79c2af07ecd8: qualifies; 3.6 s; peak memory 8263 MiB.
2026-10-06T07:06:56Z INFO [490/1826] 6a50651a-7743-42f4-a35f-9569482fd607: does not qualify; 3.0 s; peak memory 8263 MiB.
2026-10-06T07:06:58Z INFO [491/1826] 6a51a279-1ad4-48fe-97bd-8fe26231400a: does not qualify; 2.9 s; peak memory 8263 MiB.
2026-10-06T07:07:01Z INFO [492/1826] 6a52541e-eb99-4b70-8f36-b31e23c26c1d: does not qualify; 2.1 s; peak memory 8263 MiB.
2026-10-06T07:07:02Z INFO [493/1826] 6a52e7c4-0c3f-4372-95b0-be81c887f442: does not qualify; 1.5 s; peak memory 8263 MiB.
2026-10-06T07:07:03Z INFO [494/1826] 6a53752d-eefb-470c-b164-27755a4c6cc7: does not qualify; 1.4 s; peak memory 8263 MiB.
2026-10-06T07:07:05Z INFO [495/1826] 6a53d6bd-1f18-4166-84ca-09e6c25221d4: does not qualify; 1.3 s; peak memory 8263 MiB.
2026-10-06T07:07:06Z INFO [496/1826] 6a540205-c60b-4a99-b945-a7337cc77419: does not qualify; 1.1 s; peak memory 8263 MiB.
2026-10-06T07:07:13Z INFO [497/1826] 6a5446b0-b352-4f4d-ba97-65bf85d2d376: does not qualify; 7.0 s; peak memory 8263 MiB.
2026-10-06T07:07:15Z INFO [498/1826] 6a54bfba-5eab-463a-80c5-abf05dc3d7ff: does not qualify; 2.0 s; peak memory 8263 MiB.
2026-10-06T07:07:17Z INFO [499/1826] 6a54e297-b12a-4217-8896-ee35776107e3: does not qualify; 1.8 s; peak memory 8263 MiB.
2026-10-06T07:07:20Z INFO [500/1826] 6a55039c-7f18-4007-af12-6e0175ed7bf3: does not qualify; 3.8 s; peak memory 8263 MiB.
2026-10-06T07:07:21Z INFO [500/1826] 6a55039c-7f18-4007-af12-6e0175ed7bf3: checkpointed 79531 records.
2026-10-06T07:07:23Z INFO [501/1826] 6a5537f3-8d71-43b2-9394-e0ce6a12ccbe: does not qualify; 2.3 s; peak memory 8263 MiB.
2026-10-06T07:07:25Z INFO [502/1826] 6a574ab3-2dc5-4d8d-9e76-4ae414def54e: does not qualify; 2.0 s; peak memory 8263 MiB.
2026-10-06T07:07:27Z INFO [503/1826] 6a578ba9-fa89-4eda-9f0a-611c5caed9fe: does not qualify; 1.9 s; peak memory 8263 MiB.
2026-10-06T07:07:28Z INFO [504/1826] 6a57b789-1a65-416f-aee2-1d40d33722d6: does not qualify; 1.1 s; peak memory 8263 MiB.
2026-10-06T07:07:29Z INFO [505/1826] 6a57c8e7-3c6f-45cc-9a7f-b92b18cea82a: does not qualify; 1.5 s; peak memory 8263 MiB.
2026-10-06T07:07:31Z INFO [506/1826] 6a58006a-4062-4f7c-bdeb-817815c0ef36: does not qualify; 1.9 s; peak memory 8263 MiB.
2026-10-06T07:07:32Z INFO [507/1826] 6a582b95-7943-4c7c-bcb5-19c4da02ed5b: does not qualify; 1.1 s; peak memory 8263 MiB.
2026-10-06T07:07:34Z INFO [508/1826] 6a58486a-6fd0-48ba-80e0-97080bc4056e: does not qualify; 1.4 s; peak memory 8263 MiB.
2026-10-06T07:07:37Z INFO [509/1826] 6a586681-2cc6-49bc-a729-1b077d071266: does not qualify; 3.1 s; peak memory 8263 MiB.
2026-10-06T07:07:45Z INFO [510/1826] 6a58c98a-40bf-4ed7-aa9a-49cff32fcd80: does not qualify; 8.5 s; peak memory 8263 MiB.
2026-10-06T07:07:47Z INFO [511/1826] 6a590ee0-4c2f-483e-9738-7d197310c1c8: does not qualify; 1.6 s; peak memory 8263 MiB.
2026-10-06T07:07:48Z INFO [512/1826] 6a593fb8-c3dd-4313-bb12-f7296fcb42f1: does not qualify; 1.0 s; peak memory 8263 MiB.
2026-10-06T07:07:49Z INFO [513/1826] 6a5969ba-6da3-4e89-a525-3115374b50ed: does not qualify; 1.3 s; peak memory 8263 MiB.
2026-10-06T07:07:51Z INFO [514/1826] 6a598ae7-3cb7-4574-b012-ef27bece8108: does not qualify; 2.0 s; peak memory 8263 MiB.
2026-10-06T07:07:54Z INFO [515/1826] 6a5a5d0c-778b-4c0f-bd7d-0dd732301524: does not qualify; 2.4 s; peak memory 8263 MiB.
2026-10-06T07:07:55Z INFO [516/1826] 6a5b0d18-37c3-45d3-bfa1-f23c67651b4b: does not qualify; 1.4 s; peak memory 8263 MiB.
2026-10-06T07:07:57Z INFO [517/1826] 6a5b12f1-77f5-471b-b54e-6ab1dbbf8b7f: does not qualify; 1.6 s; peak memory 8263 MiB.
2026-10-06T07:07:59Z INFO [518/1826] 6a5ba54b-6cee-4e95-980c-0e44123d06b7: does not qualify; 1.9 s; peak memory 8263 MiB.
2026-10-06T07:08:01Z INFO [519/1826] 6a5c47b0-b601-4b43-bce0-0314958379ca: does not qualify; 2.1 s; peak memory 8263 MiB.
2026-10-06T07:08:02Z INFO [520/1826] 6a5cbcef-50b5-41c5-96dc-ae02f65e342f: does not qualify; 1.3 s; peak memory 8263 MiB.
2026-10-06T07:08:05Z INFO [521/1826] 6a5cbe1d-d429-41d4-9360-00819cb27fe3: does not qualify; 3.1 s; peak memory 8263 MiB.
2026-10-06T07:08:07Z INFO [522/1826] 6a5ef9c1-320f-4ad3-b2cd-a83a3e3791af: does not qualify; 1.3 s; peak memory 8263 MiB.
2026-10-06T07:08:08Z INFO [523/1826] 6a5ff6eb-71fa-41e0-8ab8-d5d38a785d9e: does not qualify; 1.9 s; peak memory 8263 MiB.
2026-10-06T07:08:10Z INFO [524/1826] 6a60b34c-1d51-45ca-9a08-e1ae7353ea42: does not qualify; 2.0 s; peak memory 8263 MiB.
2026-10-06T07:08:12Z INFO [525/1826] 6a60fc0d-c802-44a5-a9b5-fbbbe8a53455: does not qualify; 1.4 s; peak memory 8263 MiB.
2026-10-06T07:08:15Z INFO [526/1826] 6a611c70-7c70-47a4-9728-baa8fa56ad02: does not qualify; 3.7 s; peak memory 8263 MiB.
2026-10-06T07:08:17Z INFO [527/1826] 6a61296f-0864-42b8-addc-95b9c378fbce: does not qualify; 1.2 s; peak memory 8263 MiB.
2026-10-06T07:08:23Z INFO [528/1826] 6a612cc2-3268-4e41-898f-ff7f17a932f7: does not qualify; 6.2 s; peak memory 8263 MiB.
2026-10-06T07:08:24Z INFO [529/1826] 6a61666f-b2b5-4177-b6f0-ef657d6e7116: does not qualify; 1.4 s; peak memory 8263 MiB.
2026-10-06T07:08:27Z INFO [530/1826] 6a616b76-c7ff-4107-90c1-16d570c1fa75: does not qualify; 2.9 s; peak memory 8263 MiB.
2026-10-06T07:08:29Z INFO [531/1826] 6a640e50-f595-48ae-a581-aad35dc0c634: does not qualify; 1.3 s; peak memory 8263 MiB.
2026-10-06T07:08:30Z INFO [532/1826] 6a642b75-35ec-4383-bc74-b09c6525ff45: does not qualify; 1.7 s; peak memory 8263 MiB.
2026-10-06T07:08:32Z INFO [533/1826] 6a643997-b3ad-4ff7-ab80-5635e9ab5d8b: does not qualify; 1.4 s; peak memory 8263 MiB.
2026-10-06T07:08:58Z INFO [534/1826] 6a644f26-ba8e-4b4b-a9fe-891c3576032c: does not qualify; 26.1 s; peak memory 8263 MiB.
2026-10-06T07:09:00Z INFO [535/1826] 6a64594d-4169-49a7-a2ad-3a8f2d3aeb60: does not qualify; 1.7 s; peak memory 8263 MiB.
2026-10-06T07:09:21Z INFO [536/1826] 6a64873b-d6c1-442f-b0c3-5de700586cc1: does not qualify; 21.9 s; peak memory 8263 MiB.
2026-10-06T07:09:23Z INFO [537/1826] 6a648f76-7941-4c78-82a8-c535d5a3bce7: does not qualify; 1.4 s; peak memory 8263 MiB.
2026-10-06T07:09:24Z INFO [538/1826] 6a64dbbc-9f7d-4a08-9f85-e178725d1b1b: does not qualify; 1.5 s; peak memory 8263 MiB.
2026-10-06T07:09:26Z INFO [539/1826] 6a651234-23b0-4d6a-a961-a8dc5c1a7c8f: does not qualify; 1.4 s; peak memory 8263 MiB.
2026-10-06T07:09:27Z INFO [540/1826] 6a661051-4682-4448-bae1-da8dbf16c8ae: does not qualify; 1.1 s; peak memory 8263 MiB.
2026-10-06T07:09:28Z INFO [541/1826] 6a663e85-8f41-4e5c-a391-ce6f080bc4c4: does not qualify; 1.3 s; peak memory 8263 MiB.
2026-10-06T07:09:29Z INFO [542/1826] 6a667a6c-908c-4bb3-9365-dfc9e893c5ba: does not qualify; 1.0 s; peak memory 8263 MiB.
2026-10-06T07:09:37Z INFO [543/1826] 6a66baea-cd43-4718-982f-0f96db32f971: does not qualify; 7.9 s; peak memory 8263 MiB.
2026-10-06T07:09:45Z INFO [544/1826] 6a66ff49-1919-424b-9cf6-e7364d551df5: does not qualify; 8.1 s; peak memory 8263 MiB.
2026-10-06T07:09:47Z INFO [545/1826] 6a670f40-dbc6-4a44-a45d-e550f995d871: does not qualify; 1.3 s; peak memory 8263 MiB.
2026-10-06T07:09:48Z INFO [546/1826] 6a67ff3b-610a-4f80-894c-abafcd598642: does not qualify; 1.5 s; peak memory 8263 MiB.
2026-10-06T07:09:49Z INFO [547/1826] 6a694234-88f8-48d1-999a-7b8459ff765f: does not qualify; 1.3 s; peak memory 8263 MiB.
2026-10-06T07:09:51Z INFO [548/1826] 6a696084-fce1-4018-8357-0da81ba5f2ab: does not qualify; 1.5 s; peak memory 8263 MiB.
2026-10-06T07:09:53Z INFO [549/1826] 6a699389-3fbc-4aa6-ba5c-bc9bd6cfc5e8: does not qualify; 1.6 s; peak memory 8263 MiB.
2026-10-06T07:12:52Z INFO [550/1826] 6a69fc07-32d5-4fb5-b41c-15dc786ba02f: does not qualify; 179.7 s; peak memory 8263 MiB.
2026-10-06T07:12:52Z INFO [550/1826] 6a69fc07-32d5-4fb5-b41c-15dc786ba02f: checkpointed 79581 records.
2026-10-06T07:12:55Z INFO [551/1826] 6a6a2879-961c-4229-93c2-fa57d79c07c0: does not qualify; 2.3 s; peak memory 8263 MiB.
2026-10-06T07:12:56Z INFO [552/1826] 6a6a6760-e76b-44bf-b4e4-2f724c41e12e: does not qualify; 1.3 s; peak memory 8263 MiB.
2026-10-06T07:12:57Z INFO [553/1826] 6a6aacb6-e8ce-485c-9e25-0114386a3134: does not qualify; 1.3 s; peak memory 8263 MiB.
2026-10-06T07:13:01Z INFO [554/1826] 6a6b5df5-cfdd-4bc5-bd7c-2103c247ec6c: does not qualify; 3.2 s; peak memory 8263 MiB.
2026-10-06T07:13:06Z INFO [555/1826] 6a6c7f52-e929-4665-afc5-3a19ca1dbd04: does not qualify; 5.6 s; peak memory 8263 MiB.
2026-10-06T07:13:11Z INFO [556/1826] 6a6da1b6-316d-4d11-bbbc-d800d4878645: does not qualify; 5.1 s; peak memory 8263 MiB.
2026-10-06T07:13:13Z INFO [557/1826] 6a6da8e5-8dce-4969-a0e2-497706257856: does not qualify; 1.8 s; peak memory 8263 MiB.
2026-10-06T07:13:24Z INFO [558/1826] 6a6dd3be-57d8-45e4-8c34-52bccfee8f77: does not qualify; 11.3 s; peak memory 8263 MiB.
2026-10-06T07:13:26Z INFO [559/1826] 6a6e0884-4803-42bb-81d6-8456e0a6a2c0: does not qualify; 1.5 s; peak memory 8263 MiB.
2026-10-06T07:13:27Z INFO [560/1826] 6a6e1e85-af8b-4ba3-b401-bffd9f40f3d6: does not qualify; 1.6 s; peak memory 8263 MiB.
2026-10-06T07:13:29Z INFO [561/1826] 6a6ef932-e46b-4fb8-9302-0f8802df0232: does not qualify; 1.3 s; peak memory 8263 MiB.
2026-10-06T07:13:30Z INFO [562/1826] 6a709252-d6ba-47a1-a88d-0c30951149ab: does not qualify; 1.8 s; peak memory 8263 MiB.
2026-10-06T07:13:32Z INFO [563/1826] 6a7145cc-0c31-4acf-8e56-dc26de1c6d79: does not qualify; 1.6 s; peak memory 8263 MiB.
2026-10-06T07:13:33Z INFO [564/1826] 6a714ad6-fa33-454c-a064-8c6b9f2ed6cf: does not qualify; 1.3 s; peak memory 8263 MiB.
2026-10-06T07:13:37Z INFO [565/1826] 6a727357-8564-4d62-b16e-0356a25a7c4d: does not qualify; 3.4 s; peak memory 8263 MiB.
2026-10-06T07:13:39Z INFO [566/1826] 6a727fe7-3591-47f9-8290-bda88b80f4f6: does not qualify; 2.0 s; peak memory 8263 MiB.
2026-10-06T07:13:48Z INFO [567/1826] 6a733b9b-dcae-4d68-a106-89da8b113ef9: does not qualify; 8.7 s; peak memory 8263 MiB.
2026-10-06T07:13:49Z INFO [568/1826] 6a73bfb2-52ad-4c4f-8cd2-d395d61aaa1e: does not qualify; 1.0 s; peak memory 8263 MiB.
2026-10-06T07:13:51Z INFO [569/1826] 6a73ee82-b047-4e6e-af26-89e38e48ef17: does not qualify; 2.2 s; peak memory 8263 MiB.
2026-10-06T07:13:58Z INFO [570/1826] 6a747b09-91b9-43ce-b8d9-9384fee6c2fc: does not qualify; 7.0 s; peak memory 8263 MiB.
2026-10-06T07:14:00Z INFO [571/1826] 6a74e13a-4513-4696-a40d-9b4c3bcd7306: does not qualify; 1.8 s; peak memory 8263 MiB.
2026-10-06T07:14:02Z INFO [572/1826] 6a75b672-ef14-4433-8d67-6180bb0be580: does not qualify; 2.4 s; peak memory 8263 MiB.
2026-10-06T07:14:16Z INFO [573/1826] 6a75fe56-eac2-425b-88e2-9525696308ca: does not qualify; 14.0 s; peak memory 8263 MiB.
2026-10-06T07:14:19Z INFO [574/1826] 6a77919d-1933-4e85-af07-de0d667b3073: does not qualify; 2.9 s; peak memory 8263 MiB.
2026-10-06T07:14:20Z INFO [575/1826] 6a7862cd-5c65-4e3f-b218-a446948f6e26: does not qualify; 1.7 s; peak memory 8263 MiB.
2026-10-06T07:14:27Z INFO [576/1826] 6a795498-9874-4797-9c8f-45744995a5b0: qualifies; 6.1 s; peak memory 8263 MiB.
2026-10-06T07:14:28Z INFO [577/1826] 6a7b745d-fe23-404a-93c3-96b6815310e0: does not qualify; 1.8 s; peak memory 8263 MiB.
2026-10-06T07:14:30Z INFO [578/1826] 6a7bba91-0a66-494f-8cc1-1c4849c2a181: does not qualify; 1.6 s; peak memory 8263 MiB.
2026-10-06T07:14:31Z INFO [579/1826] 6a7c3956-7833-47af-b1a1-7107f59bfca6: does not qualify; 1.4 s; peak memory 8263 MiB.
2026-10-06T07:14:33Z INFO [580/1826] 6a7e2eb4-35cb-439f-a259-60eafa0c8f01: does not qualify; 1.2 s; peak memory 8263 MiB.
2026-10-06T07:14:34Z INFO [581/1826] 6a7e3121-13ee-4fb3-bbdf-54727fdc9355: does not qualify; 1.3 s; peak memory 8263 MiB.
2026-10-06T07:14:36Z INFO [582/1826] 6a7f053e-77e6-4edd-9ec6-8551e2ccdbb8: does not qualify; 2.2 s; peak memory 8263 MiB.
2026-10-06T07:14:38Z INFO [583/1826] 6a7fe741-0a9d-421d-b89a-3af1138f41bd: does not qualify; 1.6 s; peak memory 8263 MiB.
2026-10-06T07:14:40Z INFO [584/1826] 6a80154c-9938-4cf4-85d2-cd1016431690: does not qualify; 1.8 s; peak memory 8263 MiB.
2026-10-06T07:14:41Z INFO [585/1826] 6a80e5c3-d1dc-40e1-97e2-0b491af3c2ea: does not qualify; 1.3 s; peak memory 8263 MiB.
2026-10-06T07:14:44Z INFO [586/1826] 6a81d8ee-f660-49d5-b017-9164c69394ca: does not qualify; 2.7 s; peak memory 8263 MiB.
2026-10-06T07:14:45Z INFO [587/1826] 6a81e763-db06-4cee-ad46-17c6845c2494: does not qualify; 1.6 s; peak memory 8263 MiB.
2026-10-06T07:14:47Z INFO [588/1826] 6a82445d-48e9-40b8-bda9-0736454e3b84: does not qualify; 1.3 s; peak memory 8263 MiB.
2026-10-06T07:14:53Z INFO [589/1826] 6a8354c0-5bed-4416-8370-29929cbb849f: does not qualify; 6.2 s; peak memory 8263 MiB.
2026-10-06T07:14:55Z INFO [590/1826] 6a838d46-e434-49b8-b5a0-2fbdd55d6f9a: does not qualify; 1.8 s; peak memory 8263 MiB.
2026-10-06T07:14:57Z INFO [591/1826] 6a84d730-d2a7-47c2-a9b5-937fcb91394b: does not qualify; 2.7 s; peak memory 8263 MiB.
2026-10-06T07:14:59Z INFO [592/1826] 6a84e4e1-2e03-46f7-9ccd-117ef7066917: does not qualify; 1.6 s; peak memory 8263 MiB.
2026-10-06T07:15:01Z INFO [593/1826] 6a859c63-9cda-4189-a85e-ce462399e0bf: does not qualify; 1.7 s; peak memory 8263 MiB.
2026-10-06T07:15:02Z INFO [594/1826] 6a875bee-06b9-476e-9f73-a8612b18d8ec: does not qualify; 1.3 s; peak memory 8263 MiB.
2026-10-06T07:15:03Z INFO [595/1826] 6a881135-8741-40f1-82d2-daafbed0adcc: does not qualify; 1.3 s; peak memory 8263 MiB.
2026-10-06T07:15:05Z INFO [596/1826] 6a881868-90fd-4228-920e-2b6d69f77abd: does not qualify; 1.7 s; peak memory 8263 MiB.
2026-10-06T07:15:07Z INFO [597/1826] 6a885919-50e4-4c2a-8507-957aaf4d1619: does not qualify; 2.1 s; peak memory 8263 MiB.
2026-10-06T07:15:16Z INFO [598/1826] 6a8903e8-3d5d-44f4-8459-5b21f99161af: does not qualify; 8.8 s; peak memory 8263 MiB.
2026-10-06T07:15:17Z INFO [599/1826] 6a8a2b92-d77f-49c2-a515-f19e6ed08c1f: does not qualify; 1.4 s; peak memory 8263 MiB.
2026-10-06T07:15:19Z INFO [600/1826] 6a8af27c-4c52-4015-a8b6-a3feed431e5b: does not qualify; 1.4 s; peak memory 8263 MiB.
2026-10-06T07:15:19Z INFO [600/1826] 6a8af27c-4c52-4015-a8b6-a3feed431e5b: checkpointed 79631 records.
2026-10-06T07:15:21Z INFO [601/1826] 6a8b1636-ef7e-4306-9c6a-65c77d214bcf: does not qualify; 1.9 s; peak memory 8263 MiB.
2026-10-06T07:15:25Z INFO [602/1826] 6a8b57e2-5cf0-4968-95c2-7cf943603786: does not qualify; 4.6 s; peak memory 8263 MiB.
2026-10-06T07:15:27Z INFO [603/1826] 6a8ba9a1-a980-4467-9208-26538a23fe74: does not qualify; 1.3 s; peak memory 8263 MiB.
2026-10-06T07:15:34Z INFO [604/1826] 6a8bda43-2c2e-4cb2-a74d-7bb7431d5e8a: does not qualify; 7.3 s; peak memory 8263 MiB.
2026-10-06T07:15:35Z INFO [605/1826] 6a8c7c61-0ca3-4495-bbf0-d6e719c3c2d9: does not qualify; 1.4 s; peak memory 8263 MiB.
2026-10-06T07:15:37Z INFO [606/1826] 6a8cbc30-0835-4b75-870c-37a1e0c57602: does not qualify; 1.9 s; peak memory 8263 MiB.
2026-10-06T07:15:39Z INFO [607/1826] 6a8d39f2-b6fe-4b74-a5de-556f4a7cd4ca: does not qualify; 1.5 s; peak memory 8263 MiB.
2026-10-06T07:15:54Z INFO [608/1826] 6a8d8236-ccd0-406c-8005-dcc598a1b355: does not qualify; 14.8 s; peak memory 8263 MiB.
2026-10-06T07:15:55Z INFO [609/1826] 6a8da1f8-34a8-43f0-8b0b-2acdfd819517: does not qualify; 1.7 s; peak memory 8263 MiB.
2026-10-06T07:15:58Z INFO [610/1826] 6a8dccdd-2f54-4a40-8d00-9739d66b3c3a: does not qualify; 2.6 s; peak memory 8263 MiB.
2026-10-06T07:16:02Z INFO [611/1826] 6a8dd4cc-f263-46de-b6cb-093f55cd39e6: does not qualify; 4.5 s; peak memory 8263 MiB.
2026-10-06T07:16:10Z INFO [612/1826] 6a8de07b-7ca9-4d31-a8e9-8723cdbc5b15: does not qualify; 7.6 s; peak memory 8263 MiB.
2026-10-06T07:16:12Z INFO [613/1826] 6a8e60ed-37b2-4779-9fa6-0dea5d56b84e: does not qualify; 2.1 s; peak memory 8263 MiB.
2026-10-06T07:16:13Z INFO [614/1826] 6a8e92d2-7487-4878-b7e5-42a16c2d5bf4: does not qualify; 1.2 s; peak memory 8263 MiB.
2026-10-06T07:16:15Z INFO [615/1826] 6a8ef1f7-f337-401e-9918-02dba772b065: does not qualify; 2.0 s; peak memory 8263 MiB.
2026-10-06T07:16:17Z INFO [616/1826] 6a8f0bb6-3b94-4a74-b5ec-ea419db11e07: does not qualify; 1.8 s; peak memory 8263 MiB.
2026-10-06T07:16:19Z INFO [617/1826] 6a91096a-16b5-4a1e-9e53-d188e97e18de: does not qualify; 1.8 s; peak memory 8263 MiB.
2026-10-06T07:16:21Z INFO [618/1826] 6a9109ed-7cbe-4ac6-9f1a-82393a2feac3: does not qualify; 1.7 s; peak memory 8263 MiB.
2026-10-06T07:16:29Z INFO [619/1826] 6a911d61-ef05-4a42-85f6-525a6c24590e: does not qualify; 8.8 s; peak memory 8263 MiB.
2026-10-06T07:16:33Z INFO [620/1826] 6a9127f2-b764-41f9-b72d-0e0012820c14: does not qualify; 3.6 s; peak memory 8263 MiB.
2026-10-06T07:16:42Z INFO [621/1826] 6a91c11b-d9e6-4e9e-a062-210a2bbcbef0: does not qualify; 8.9 s; peak memory 8263 MiB.
2026-10-06T07:16:43Z INFO [622/1826] 6a91f212-ed22-4c85-b26d-0a0afb5c8e90: does not qualify; 1.2 s; peak memory 8263 MiB.
2026-10-06T07:16:45Z INFO [623/1826] 6a924887-a256-4887-a332-b942fe781d4f: does not qualify; 1.5 s; peak memory 8263 MiB.
2026-10-06T07:16:47Z INFO [624/1826] 6a92b48f-fcd4-4ccc-aad2-120de9e933e2: does not qualify; 2.0 s; peak memory 8263 MiB.
2026-10-06T07:16:49Z INFO [625/1826] 6a92e25d-2f18-4e32-a18f-f0464c229b19: does not qualify; 2.4 s; peak memory 8263 MiB.
2026-10-06T07:16:58Z INFO [626/1826] 6a9340c6-4a9a-4d09-9f89-fd273fe3d99d: does not qualify; 9.0 s; peak memory 8263 MiB.
2026-10-06T07:17:00Z INFO [627/1826] 6a936e03-2c54-40f7-a3c8-e94a2437168d: does not qualify; 1.5 s; peak memory 8263 MiB.
2026-10-06T07:17:07Z INFO [628/1826] 6a944de1-3d64-4752-b8cf-d3f31636b681: qualifies; 7.0 s; peak memory 8263 MiB.
2026-10-06T07:17:16Z INFO [629/1826] 6a949a3a-78f6-4475-b07a-f772b05b63f2: does not qualify; 9.3 s; peak memory 8263 MiB.
2026-10-06T07:17:18Z INFO [630/1826] 6a94a1c7-aa41-4042-9325-17594cf0f7f1: does not qualify; 1.7 s; peak memory 8263 MiB.
2026-10-06T07:17:19Z INFO [631/1826] 6a94c6b2-a2eb-45cc-b382-890e0bf5ef23: does not qualify; 1.2 s; peak memory 8263 MiB.
2026-10-06T07:17:21Z INFO [632/1826] 6a957dc3-69e0-4877-9326-8ef8f3cbebd5: does not qualify; 2.1 s; peak memory 8263 MiB.
2026-10-06T07:17:23Z INFO [633/1826] 6a95dadf-ec42-41f1-b678-6d250c5b4305: does not qualify; 2.0 s; peak memory 8263 MiB.
2026-10-06T07:17:24Z INFO [634/1826] 6a95f51d-da63-4088-b08d-fa896c191a89: does not qualify; 1.6 s; peak memory 8263 MiB.
2026-10-06T07:17:26Z INFO [635/1826] 6a9619bb-7a7a-4096-95ba-899bc1c72d97: does not qualify; 1.3 s; peak memory 8263 MiB.
2026-10-06T07:17:29Z INFO [636/1826] 6a964e1f-4289-48ad-bb20-aec1e17179d1: does not qualify; 3.5 s; peak memory 8263 MiB.
2026-10-06T07:17:31Z INFO [637/1826] 6a967bd8-ccb8-46e9-8391-af431db200c7: does not qualify; 1.5 s; peak memory 8263 MiB.
2026-10-06T07:17:32Z INFO [638/1826] 6a97147d-c327-4000-bf18-231f1471c172: does not qualify; 1.3 s; peak memory 8263 MiB.
2026-10-06T07:17:33Z INFO [639/1826] 6a97366f-bb6d-428f-ae54-4978bc52fc2b: does not qualify; 1.1 s; peak memory 8263 MiB.
2026-10-06T07:17:34Z INFO [640/1826] 6a975d73-065b-4e4a-809e-00ec1a2dce8c: does not qualify; 1.3 s; peak memory 8263 MiB.
2026-10-06T07:17:36Z INFO [641/1826] 6a97ca5e-003d-4d9a-afa2-2fd476b571db: does not qualify; 1.1 s; peak memory 8263 MiB.
2026-10-06T07:17:37Z INFO [642/1826] 6a980184-702c-4581-9a62-ec3c4e357408: does not qualify; 1.5 s; peak memory 8263 MiB.
2026-10-06T07:17:40Z INFO [643/1826] 6a997180-d683-4d9d-9b90-05b7dc97c11c: does not qualify; 2.6 s; peak memory 8263 MiB.
2026-10-06T07:17:41Z INFO [644/1826] 6a9a91ee-00c8-4a9f-8c3f-570cb1b1d402: does not qualify; 1.5 s; peak memory 8263 MiB.
2026-10-06T07:17:43Z INFO [645/1826] 6a9aaa15-943c-40ec-b7d0-39b63cdaa61c: does not qualify; 2.0 s; peak memory 8263 MiB.
2026-10-06T07:17:44Z INFO [646/1826] 6a9ac982-6d28-48a2-8190-c8cfc92b71e0: does not qualify; 1.1 s; peak memory 8263 MiB.
2026-10-06T07:17:46Z INFO [647/1826] 6a9baed3-8df9-48ac-9b3e-1ef9dd8a7708: does not qualify; 2.1 s; peak memory 8263 MiB.
2026-10-06T07:17:48Z INFO [648/1826] 6a9bb4ed-9c6c-4375-9b6d-6b1292649d88: does not qualify; 1.7 s; peak memory 8263 MiB.
2026-10-06T07:17:58Z INFO [649/1826] 6a9bca79-b943-449e-b98c-c6e440b04380: does not qualify; 10.1 s; peak memory 8263 MiB.
2026-10-06T07:18:00Z INFO [650/1826] 6a9c6d59-f0a6-49af-8eb9-b4d929036213: does not qualify; 1.3 s; peak memory 8263 MiB.
2026-10-06T07:18:00Z INFO [650/1826] 6a9c6d59-f0a6-49af-8eb9-b4d929036213: checkpointed 79681 records.
2026-10-06T07:18:09Z INFO [651/1826] 6a9c9732-ecb8-415a-8f0b-b26df83b46e8: does not qualify; 9.2 s; peak memory 8263 MiB.
2026-10-06T07:18:11Z INFO [652/1826] 6a9d5c7f-ac17-4f13-8284-4485c39621c5: does not qualify; 1.7 s; peak memory 8263 MiB.
2026-10-06T07:18:12Z INFO [653/1826] 6a9e09e7-ee76-4899-b07e-56f6b3d91dfc: does not qualify; 1.7 s; peak memory 8263 MiB.
2026-10-06T07:18:14Z INFO [654/1826] 6a9e13ac-89e4-4539-9195-7d23f8c1d3c9: does not qualify; 1.3 s; peak memory 8263 MiB.
2026-10-06T07:18:15Z INFO [655/1826] 6a9e7171-197a-4176-8178-3aad1c9e339b: does not qualify; 1.3 s; peak memory 8263 MiB.
2026-10-06T07:18:24Z INFO [656/1826] 6a9e7196-2ee3-4e64-aed4-5be1781b1b4f: does not qualify; 8.8 s; peak memory 8263 MiB.
2026-10-06T07:18:25Z INFO [657/1826] 6a9e853f-175d-4290-900c-dbf339b7624d: does not qualify; 1.3 s; peak memory 8263 MiB.
2026-10-06T07:18:27Z INFO [658/1826] 6a9f0986-f280-4e73-959a-83a2beb37bd3: does not qualify; 1.4 s; peak memory 8263 MiB.
2026-10-06T07:18:38Z INFO [659/1826] 6a9fe132-6273-4cf9-b592-48791a49b0db: does not qualify; 11.9 s; peak memory 8263 MiB.
2026-10-06T07:18:51Z INFO [660/1826] 6aa0d1f9-abc9-42ac-b4e0-437c867f34f8: does not qualify; 12.7 s; peak memory 8263 MiB.
2026-10-06T07:18:54Z INFO [661/1826] 6aa11544-8c21-4c97-9432-c52406459d18: does not qualify; 2.6 s; peak memory 8263 MiB.
2026-10-06T07:18:55Z INFO [662/1826] 6aa1d314-0e30-4361-901c-54fba5627361: does not qualify; 1.6 s; peak memory 8263 MiB.
2026-10-06T07:18:59Z INFO [663/1826] 6aa24786-1753-4900-8b3a-13e461f7f0fa: does not qualify; 3.3 s; peak memory 8263 MiB.
2026-10-06T07:19:01Z INFO [664/1826] 6aa2d4c9-9069-4c03-b158-68f7eb380c93: does not qualify; 2.1 s; peak memory 8263 MiB.
2026-10-06T07:19:03Z INFO [665/1826] 6aa5fe7d-f61f-43a1-aa12-f328e8bf9ebb: does not qualify; 2.2 s; peak memory 8263 MiB.
2026-10-06T07:19:12Z INFO [666/1826] 6aa62ec0-a1b5-437b-8b03-8d3e6c0950c4: does not qualify; 9.3 s; peak memory 8263 MiB.
2026-10-06T07:19:14Z INFO [667/1826] 6aa6b56f-7bcf-4264-9cfa-8844b56e6cda: does not qualify; 1.9 s; peak memory 8263 MiB.
2026-10-06T07:19:17Z INFO [668/1826] 6aa6bd0b-2ee9-4b1c-ae04-8288b68d12ff: does not qualify; 2.7 s; peak memory 8263 MiB.
2026-10-06T07:19:27Z INFO [669/1826] 6aa6f300-4a85-4dd7-810a-33e9b70e1ecf: does not qualify; 9.8 s; peak memory 8263 MiB.
2026-10-06T07:19:28Z INFO [670/1826] 6aa70126-6f69-4e04-8364-28424dff5682: does not qualify; 1.3 s; peak memory 8263 MiB.
2026-10-06T07:19:29Z INFO [671/1826] 6aa73762-1f3a-4452-8291-041388f4e2c1: does not qualify; 1.6 s; peak memory 8263 MiB.
2026-10-06T07:19:31Z INFO [672/1826] 6aa74275-adb9-4622-9352-b808417b62f2: does not qualify; 1.9 s; peak memory 8263 MiB.
2026-10-06T07:19:34Z INFO [673/1826] 6aa797e4-c16d-4c4a-881a-3bc9097480a8: does not qualify; 2.2 s; peak memory 8263 MiB.
2026-10-06T07:19:35Z INFO [674/1826] 6aa7a880-ea33-4543-99eb-20fd78ee6b96: does not qualify; 1.3 s; peak memory 8263 MiB.
2026-10-06T07:19:46Z INFO [675/1826] 6aa7e541-90a2-4ef0-ba83-4b5ccb1d2d7c: does not qualify; 10.7 s; peak memory 8263 MiB.
2026-10-06T07:19:47Z INFO [676/1826] 6aa8e4f6-d406-4d21-874d-989d9deccbaa: does not qualify; 1.7 s; peak memory 8263 MiB.
2026-10-06T07:19:52Z INFO [677/1826] 6aa98ddc-32de-4159-8b44-224c95aef57b: does not qualify; 4.2 s; peak memory 8263 MiB.
2026-10-06T07:19:53Z INFO [678/1826] 6aaa36ea-d4e5-4fa3-904d-616f0a1140bc: does not qualify; 1.4 s; peak memory 8263 MiB.
2026-10-06T07:19:54Z INFO [679/1826] 6aaa7fe7-e7cb-4cc5-87c1-ed145759c926: does not qualify; 1.2 s; peak memory 8263 MiB.
2026-10-06T07:19:56Z INFO [680/1826] 6aaafb98-47e9-4c9c-b80a-0a5bb833a7a5: does not qualify; 1.5 s; peak memory 8263 MiB.
2026-10-06T07:19:57Z INFO [681/1826] 6aab5387-f2d3-4f09-a861-9f22895474eb: does not qualify; 1.4 s; peak memory 8263 MiB.
2026-10-06T07:19:58Z INFO [682/1826] 6aabc63e-a915-4156-9195-c30182cc6643: does not qualify; 1.3 s; peak memory 8263 MiB.
2026-10-06T07:19:59Z INFO [683/1826] 6aac0592-7bf7-4632-8d42-3f0cabcd04de: does not qualify; 1.1 s; peak memory 8263 MiB.
2026-10-06T07:20:01Z INFO [684/1826] 6aac9c17-bbc5-4502-a32d-d2a9473f06f1: does not qualify; 1.4 s; peak memory 8263 MiB.
2026-10-06T07:20:03Z INFO [685/1826] 6aacade7-a9ba-40ae-baa7-9a9436538314: does not qualify; 2.1 s; peak memory 8263 MiB.
2026-10-06T07:20:05Z INFO [686/1826] 6aad0aac-7726-4847-ae19-0436ff7188ff: does not qualify; 2.2 s; peak memory 8263 MiB.
2026-10-06T07:20:07Z INFO [687/1826] 6aad1c2f-c139-4397-9d60-8c64eb9f1051: does not qualify; 1.6 s; peak memory 8263 MiB.
2026-10-06T07:20:08Z INFO [688/1826] 6aad62db-5c99-4139-8a05-8af1f175afa8: does not qualify; 1.3 s; peak memory 8263 MiB.
2026-10-06T07:20:10Z INFO [689/1826] 6aad859b-8d1d-4557-859e-b2da277e1a14: does not qualify; 1.7 s; peak memory 8263 MiB.
2026-10-06T07:20:12Z INFO [690/1826] 6aae1939-4782-4088-b5f7-42ef42d4db39: does not qualify; 2.6 s; peak memory 8263 MiB.
2026-10-06T07:20:14Z INFO [691/1826] 6aae6651-554d-4b37-9ca5-45803eccd42c: does not qualify; 1.4 s; peak memory 8263 MiB.
2026-10-06T07:20:16Z INFO [692/1826] 6aaeb2ea-6de7-44d0-8631-e16aec9fbd1f: does not qualify; 1.9 s; peak memory 8263 MiB.
2026-10-06T07:20:17Z INFO [693/1826] 6aaf4165-f614-4ef6-8c54-791d5749ba19: does not qualify; 1.4 s; peak memory 8263 MiB.
2026-10-06T07:20:18Z INFO [694/1826] 6aaffbfc-75f3-4812-8375-acdab08340f3: does not qualify; 1.3 s; peak memory 8263 MiB.
2026-10-06T07:20:20Z INFO [695/1826] 6ab0cca9-0db9-4c59-8c1a-f2845e1f9486: does not qualify; 1.9 s; peak memory 8263 MiB.
2026-10-06T07:20:22Z INFO [696/1826] 6ab1289b-8659-4195-a4cc-0b355d21738e: does not qualify; 2.1 s; peak memory 8263 MiB.
2026-10-06T07:20:24Z INFO [697/1826] 6ab13fdd-11b0-40e3-9496-994e76de91bc: does not qualify; 1.7 s; peak memory 8263 MiB.
2026-10-06T07:20:26Z INFO [698/1826] 6ab17da4-d9f0-45c0-befa-175e24ee7fd7: does not qualify; 2.3 s; peak memory 8263 MiB.
2026-10-06T07:20:28Z INFO [699/1826] 6ab1c815-93c0-40e1-862a-aac1e7945768: does not qualify; 1.2 s; peak memory 8263 MiB.
2026-10-06T07:20:29Z INFO [700/1826] 6ab239b2-cee4-4ad3-abde-f3a724607d5f: does not qualify; 1.8 s; peak memory 8263 MiB.
2026-10-06T07:20:30Z INFO [700/1826] 6ab239b2-cee4-4ad3-abde-f3a724607d5f: checkpointed 79731 records.
2026-10-06T07:20:36Z INFO [701/1826] 6ab32b5c-624d-4239-8872-37f72fe1ca69: does not qualify; 6.7 s; peak memory 8263 MiB.
2026-10-06T07:20:39Z INFO [702/1826] 6ab3dd6e-9529-4410-8f77-6a269fa7a477: does not qualify; 3.2 s; peak memory 8263 MiB.
2026-10-06T07:20:41Z INFO [703/1826] 6ab41ae2-1433-478e-be93-53dc4aa9130b: does not qualify; 2.1 s; peak memory 8263 MiB.
2026-10-06T07:20:43Z INFO [704/1826] 6ab4bdca-c2a7-4c39-b76c-c1c792f0955c: does not qualify; 1.9 s; peak memory 8263 MiB.
2026-10-06T07:20:45Z INFO [705/1826] 6ab53786-79a0-4e12-b9d3-6ce2bb2bdc93: does not qualify; 1.8 s; peak memory 8263 MiB.
2026-10-06T07:20:46Z INFO [706/1826] 6ab5a0d3-a274-464e-a897-e5201bd43de3: does not qualify; 1.3 s; peak memory 8263 MiB.
2026-10-06T07:20:48Z INFO [707/1826] 6ab60fe8-ac55-4220-87d5-35a226940132: does not qualify; 1.5 s; peak memory 8263 MiB.
2026-10-06T07:20:49Z INFO [708/1826] 6ab76ef3-767c-4d5c-861a-5237b7e4793b: does not qualify; 1.4 s; peak memory 8263 MiB.
2026-10-06T07:20:59Z INFO [709/1826] 6ab79a4e-d8f4-444e-8cb5-f8adcab1f955: does not qualify; 9.5 s; peak memory 8263 MiB.
2026-10-06T07:21:00Z INFO [710/1826] 6ab7a8b8-88c1-488e-bb4f-cdb2b3e7055c: does not qualify; 1.3 s; peak memory 8263 MiB.
2026-10-06T07:21:02Z INFO [711/1826] 6ab85ca2-acc9-4142-8230-0f6fb5ab0aed: does not qualify; 2.2 s; peak memory 8263 MiB.
2026-10-06T07:21:04Z INFO [712/1826] 6ab9056b-dd15-4084-805e-339b5f6c70fc: does not qualify; 1.5 s; peak memory 8263 MiB.
2026-10-06T07:21:06Z INFO [713/1826] 6ab993c1-07b3-4aeb-bec9-d1d2dd195d2e: does not qualify; 1.8 s; peak memory 8263 MiB.
2026-10-06T07:21:07Z INFO [714/1826] 6ab9d82f-eb2c-433b-b043-b8e09a749639: does not qualify; 1.5 s; peak memory 8263 MiB.
2026-10-06T07:21:10Z INFO [715/1826] 6aba624b-04d8-4b9b-8038-6ebae225ad52: does not qualify; 3.2 s; peak memory 8263 MiB.
2026-10-06T07:21:12Z INFO [716/1826] 6abaaf46-0df5-4278-ac6f-0dbce052f5bb: does not qualify; 1.3 s; peak memory 8263 MiB.
2026-10-06T07:21:14Z INFO [717/1826] 6abb0bf2-d9b2-4488-b7a6-b93177947480: does not qualify; 1.9 s; peak memory 8263 MiB.
2026-10-06T07:21:15Z INFO [718/1826] 6abbaee8-825e-4e6b-b667-4cc5cca3d3ae: does not qualify; 1.4 s; peak memory 8263 MiB.
2026-10-06T07:21:16Z INFO [719/1826] 6abc331f-76bd-45fe-a64e-85b92117c07f: does not qualify; 1.0 s; peak memory 8263 MiB.
2026-10-06T07:21:28Z INFO [720/1826] 6abc7f02-ebe6-476b-bdf5-3d39a4898159: does not qualify; 11.9 s; peak memory 8263 MiB.
2026-10-06T07:21:29Z INFO [721/1826] 6abddd36-563b-4583-97a7-26088b0a5e9c: does not qualify; 1.3 s; peak memory 8263 MiB.
2026-10-06T07:21:32Z INFO [722/1826] 6abfe0f5-88ac-4219-b40a-4d801982aca7: does not qualify; 3.1 s; peak memory 8263 MiB.
2026-10-06T07:21:34Z INFO [723/1826] 6abffd6e-f5a4-42cd-a146-96250e62ea86: does not qualify; 1.8 s; peak memory 8263 MiB.
2026-10-06T07:21:41Z INFO [724/1826] 6ac101bb-45f1-4a70-8ddf-59c12dc9a4f3: does not qualify; 7.3 s; peak memory 8263 MiB.
2026-10-06T07:21:44Z INFO [725/1826] 6ac15dc3-b1da-49ba-a330-8cbcc0b4ddff: does not qualify; 3.1 s; peak memory 8263 MiB.
2026-10-06T07:21:47Z INFO [726/1826] 6ac1bae4-73cb-4d7f-a068-a2776229aab4: does not qualify; 2.8 s; peak memory 8263 MiB.
2026-10-06T07:21:49Z INFO [727/1826] 6ac1f9fd-8eda-4e3b-bf59-c7243748248e: does not qualify; 1.7 s; peak memory 8263 MiB.
2026-10-06T07:21:51Z INFO [728/1826] 6ac2c11d-5f13-458f-b34b-6cce5c273cb8: does not qualify; 1.6 s; peak memory 8263 MiB.
2026-10-06T07:21:53Z INFO [729/1826] 6ac30518-3731-4aac-8aa4-ebf3b398306d: does not qualify; 2.4 s; peak memory 8263 MiB.
2026-10-06T07:21:55Z INFO [730/1826] 6ac3369a-1ad8-4532-866a-d0b405c5b183: does not qualify; 1.8 s; peak memory 8263 MiB.
2026-10-06T07:21:56Z INFO [731/1826] 6ac47f62-31e6-4625-96a8-5657a44a6e69: does not qualify; 1.2 s; peak memory 8263 MiB.
2026-10-06T07:21:57Z INFO [732/1826] 6ac5859c-69bb-4649-8854-2d81b4459f93: does not qualify; 1.4 s; peak memory 8263 MiB.
2026-10-06T07:22:00Z INFO [733/1826] 6ac5e439-1fee-434f-86d9-d93105c9ad05: qualifies; 2.4 s; peak memory 8263 MiB.
2026-10-06T07:22:02Z INFO [734/1826] 6ac6496f-23ea-4562-9865-e786d802c87e: does not qualify; 1.9 s; peak memory 8263 MiB.
2026-10-06T07:22:03Z INFO [735/1826] 6ac658f4-2f1d-4b38-8158-f02540e5d84e: does not qualify; 1.5 s; peak memory 8263 MiB.
2026-10-06T07:22:04Z INFO [736/1826] 6ac76eb4-d008-4c96-a441-9b100cd2cda8: does not qualify; 1.1 s; peak memory 8263 MiB.
2026-10-06T07:22:09Z INFO [737/1826] 6ac7964e-0ded-436f-abff-7fe809234824: does not qualify; 5.1 s; peak memory 8263 MiB.
2026-10-06T07:22:11Z INFO [738/1826] 6ac7ceb1-c549-4a39-bd9c-81da382d33c7: does not qualify; 1.3 s; peak memory 8263 MiB.
2026-10-06T07:22:18Z INFO [739/1826] 6ac7dd0a-f0ba-4b41-b080-402d494a0a3c: does not qualify; 7.8 s; peak memory 8263 MiB.
2026-10-06T07:22:20Z INFO [740/1826] 6ac8c42a-9d46-4f8d-8541-2b9ea8f008e2: does not qualify; 1.6 s; peak memory 8263 MiB.
2026-10-06T07:22:22Z INFO [741/1826] 6aca1fe7-be80-40b3-86ab-c5a2dcf6b33c: does not qualify; 1.7 s; peak memory 8263 MiB.
2026-10-06T07:22:26Z INFO [742/1826] 6acafd6d-83fa-44e4-a5c8-2a5f4697b06f: does not qualify; 4.1 s; peak memory 8263 MiB.
2026-10-06T07:22:27Z INFO [743/1826] 6acb1f0f-2dc6-42e1-a822-1c6ab6dc7351: does not qualify; 1.5 s; peak memory 8263 MiB.
2026-10-06T07:22:29Z INFO [744/1826] 6acbf27b-3a01-4722-9e23-c8c55103846c: does not qualify; 1.5 s; peak memory 8263 MiB.
2026-10-06T07:22:30Z INFO [745/1826] 6acbf33b-752e-4edf-932e-d4a42688e88a: does not qualify; 1.2 s; peak memory 8263 MiB.
2026-10-06T07:22:31Z INFO [746/1826] 6acbfa7a-656e-46ac-adf1-eb33234cb7e4: does not qualify; 1.4 s; peak memory 8263 MiB.
2026-10-06T07:22:34Z INFO [747/1826] 6acc2201-1ab6-4a4e-baf0-fac407d89d5b: does not qualify; 2.2 s; peak memory 8263 MiB.
2026-10-06T07:22:35Z INFO [748/1826] 6acc4217-b779-45c6-8726-a9556d22f09f: does not qualify; 1.8 s; peak memory 8263 MiB.
2026-10-06T07:22:37Z INFO [749/1826] 6acc4d32-cf4d-41bc-964f-55d63b638100: does not qualify; 1.4 s; peak memory 8263 MiB.
2026-10-06T07:22:38Z INFO [750/1826] 6accef6a-dbf7-4e62-9ff8-88c849f92635: does not qualify; 1.6 s; peak memory 8263 MiB.
2026-10-06T07:22:39Z INFO [750/1826] 6accef6a-dbf7-4e62-9ff8-88c849f92635: checkpointed 79781 records.
2026-10-06T07:22:40Z INFO [751/1826] 6accfa3e-436f-4346-9a3a-8523f4c8a445: does not qualify; 1.4 s; peak memory 8263 MiB.
2026-10-06T07:22:42Z INFO [752/1826] 6acd0901-c5a6-423e-83b3-7d845f175d69: does not qualify; 2.0 s; peak memory 8263 MiB.
2026-10-06T07:22:49Z INFO [753/1826] 6acd4364-8cef-4c4b-8d08-4f175ff0f0bb: does not qualify; 7.5 s; peak memory 8263 MiB.
2026-10-06T07:22:51Z INFO [754/1826] 6acd63e7-3ddc-46df-a827-99da8b4e671a: does not qualify; 1.6 s; peak memory 8263 MiB.
2026-10-06T07:22:55Z INFO [755/1826] 6ace9119-3c49-4e43-8535-216d093ddb7f: does not qualify; 3.6 s; peak memory 8263 MiB.
2026-10-06T07:22:57Z INFO [756/1826] 6ace9a4f-4037-49f2-913b-2964642ca47f: does not qualify; 1.9 s; peak memory 8263 MiB.
2026-10-06T07:23:00Z INFO [757/1826] 6acea976-8269-4ec5-bb61-a217727f448a: does not qualify; 3.1 s; peak memory 8263 MiB.
2026-10-06T07:23:01Z INFO [758/1826] 6ad1526d-33d2-43a0-b6dd-c92ca51b56f1: does not qualify; 1.5 s; peak memory 8263 MiB.
2026-10-06T07:23:03Z INFO [759/1826] 6ad1b19d-fbbb-4b67-87c3-94a2ae1f5461: does not qualify; 1.3 s; peak memory 8263 MiB.
2026-10-06T07:23:04Z INFO [760/1826] 6ad1b34f-5e41-4bb6-bdf3-c9215d9566d2: does not qualify; 1.4 s; peak memory 8263 MiB.
2026-10-06T07:23:05Z INFO [761/1826] 6ad2c5b5-1289-4f68-90a2-eee3221f112c: does not qualify; 1.4 s; peak memory 8263 MiB.
2026-10-06T07:23:07Z INFO [762/1826] 6ad2f1f0-4020-4a48-ab18-701e68fb505a: does not qualify; 1.6 s; peak memory 8263 MiB.
2026-10-06T07:23:15Z INFO [763/1826] 6ad4a044-729d-4f25-b63a-0ec24db44406: does not qualify; 8.4 s; peak memory 8263 MiB.
2026-10-06T07:23:17Z INFO [764/1826] 6ad4a2fc-e94e-43c1-9e83-03b84033e3ee: does not qualify; 1.3 s; peak memory 8263 MiB.
2026-10-06T07:23:20Z INFO [765/1826] 6ad4eab5-6b6d-4009-a5c1-043534a9a099: does not qualify; 3.6 s; peak memory 8263 MiB.
2026-10-06T07:23:32Z INFO [766/1826] 6ad5da65-c0cb-4ecc-85b5-23fd4ff27171: does not qualify; 11.2 s; peak memory 8263 MiB.
2026-10-06T07:23:35Z INFO [767/1826] 6ad607e1-e3b6-4b1e-9598-5fb00a762d19: does not qualify; 3.2 s; peak memory 8263 MiB.
2026-10-06T07:23:36Z INFO [768/1826] 6ad63fac-0206-4652-99c2-b0dcd938d49d: does not qualify; 1.6 s; peak memory 8263 MiB.
2026-10-06T07:23:39Z INFO [769/1826] 6ad6a270-efc2-40d9-8317-95b2919b523f: does not qualify; 3.0 s; peak memory 8263 MiB.
2026-10-06T07:23:41Z INFO [770/1826] 6ad86b17-d490-458e-bc2e-14b5e4ca74b3: does not qualify; 1.4 s; peak memory 8263 MiB.
2026-10-06T07:23:42Z INFO [771/1826] 6ad88e30-8167-4184-a6f0-4cfa9332b88b: does not qualify; 1.5 s; peak memory 8263 MiB.
2026-10-06T07:23:49Z INFO [772/1826] 6ad8a21f-5376-43c3-85e4-4fb8cb272f70: does not qualify; 6.4 s; peak memory 8263 MiB.
2026-10-06T07:23:50Z INFO [773/1826] 6ad8ff8b-a0c9-4378-aeee-638bc1f20fcf: does not qualify; 1.7 s; peak memory 8263 MiB.
2026-10-06T07:23:52Z INFO [774/1826] 6ad9109c-a9c0-4319-bd53-0079786ab2f5: does not qualify; 1.5 s; peak memory 8263 MiB.
2026-10-06T07:23:53Z INFO [775/1826] 6ad9a8dd-7b3f-4352-9e53-5e4489eae5b4: does not qualify; 1.5 s; peak memory 8263 MiB.
2026-10-06T07:23:55Z INFO [776/1826] 6adb5ee4-338b-4db8-b0ff-1e9b245f8e01: does not qualify; 1.9 s; peak memory 8263 MiB.
2026-10-06T07:24:03Z INFO [777/1826] 6adb70ff-5bdf-48e8-8397-93502f4e2f41: does not qualify; 7.6 s; peak memory 8263 MiB.
2026-10-06T07:24:04Z INFO [778/1826] 6adbf7dd-a5c6-4e59-9fba-9ebfb3b3ce0f: does not qualify; 1.3 s; peak memory 8263 MiB.
2026-10-06T07:24:07Z INFO [779/1826] 6adc5c62-4ee2-45b0-9b0a-43c33f018bb0: does not qualify; 2.4 s; peak memory 8263 MiB.
2026-10-06T07:24:11Z INFO [780/1826] 6adcbeb1-5795-4de3-8e5a-f91dab01ec2d: does not qualify; 4.1 s; peak memory 8263 MiB.
2026-10-06T07:24:14Z INFO [781/1826] 6add4001-43cc-475b-b1ec-73e9a12a8e6a: does not qualify; 3.6 s; peak memory 8263 MiB.
2026-10-06T07:24:16Z INFO [782/1826] 6add7961-a134-4ea9-8c92-0ec67a890d5b: does not qualify; 1.4 s; peak memory 8263 MiB.
2026-10-06T07:24:17Z INFO [783/1826] 6adfad72-d1ce-4405-96df-13384e13ffc5: does not qualify; 1.1 s; peak memory 8263 MiB.
2026-10-06T07:24:18Z INFO [784/1826] 6ae07cfe-03b8-4563-bf60-bb5ff5b3158e: does not qualify; 1.3 s; peak memory 8263 MiB.
2026-10-06T07:24:20Z INFO [785/1826] 6ae086a0-87df-40f8-878a-f875bfe5afcc: does not qualify; 1.7 s; peak memory 8263 MiB.
2026-10-06T07:24:22Z INFO [786/1826] 6ae22ea4-50ac-45fa-94a6-c98e32c4a610: does not qualify; 1.8 s; peak memory 8263 MiB.
2026-10-06T07:24:23Z INFO [787/1826] 6ae23f99-98ff-436a-9b23-cf3a1c59014d: does not qualify; 1.4 s; peak memory 8263 MiB.
2026-10-06T07:24:24Z INFO [788/1826] 6ae26070-c558-4abb-a004-10ca5a3ad1b5: does not qualify; 1.4 s; peak memory 8263 MiB.
2026-10-06T07:24:26Z INFO [789/1826] 6ae29965-ed8a-43fc-9baa-6858954c8ac0: does not qualify; 1.4 s; peak memory 8263 MiB.
2026-10-06T07:24:27Z INFO [790/1826] 6ae2b1d4-f704-4171-ba53-2a93f73bf555: does not qualify; 1.6 s; peak memory 8263 MiB.
2026-10-06T07:24:29Z INFO [791/1826] 6ae2c727-fad7-415f-a0f3-7814030026a5: does not qualify; 1.5 s; peak memory 8263 MiB.
2026-10-06T07:24:31Z INFO [792/1826] 6ae3505d-b0b1-4bea-932a-a09d844236ef: does not qualify; 1.8 s; peak memory 8263 MiB.
2026-10-06T07:24:32Z INFO [793/1826] 6ae4b4a0-5afa-4094-922f-9aae40720e41: does not qualify; 1.7 s; peak memory 8263 MiB.
2026-10-06T07:24:34Z INFO [794/1826] 6ae4b926-06b1-423c-88d2-83c827844450: does not qualify; 1.3 s; peak memory 8263 MiB.
2026-10-06T07:24:35Z INFO [795/1826] 6ae4fa3d-49b3-459b-9106-d162e8e6f99a: does not qualify; 1.4 s; peak memory 8263 MiB.
2026-10-06T07:24:37Z INFO [796/1826] 6ae545bd-0c24-41be-a20d-a471622bba98: does not qualify; 2.3 s; peak memory 8263 MiB.
2026-10-06T07:24:48Z INFO [797/1826] 6ae77a67-4209-45c6-b0c0-746765eab109: does not qualify; 10.2 s; peak memory 8263 MiB.
2026-10-06T07:24:51Z INFO [798/1826] 6ae7e659-dc70-4e57-95e3-ebca599988fa: does not qualify; 3.4 s; peak memory 8263 MiB.
2026-10-06T07:24:52Z INFO [799/1826] 6ae7e6e7-f841-48f0-b569-e04b3b96323c: does not qualify; 1.4 s; peak memory 8263 MiB.
2026-10-06T07:24:54Z INFO [800/1826] 6ae82587-88dc-4791-9c08-8977989309af: does not qualify; 1.4 s; peak memory 8263 MiB.
2026-10-06T07:24:54Z INFO [800/1826] 6ae82587-88dc-4791-9c08-8977989309af: checkpointed 79831 records.
2026-10-06T07:24:56Z INFO [801/1826] 6ae86523-d434-40b0-82ab-b72b7b30f26a: does not qualify; 2.0 s; peak memory 8263 MiB.
2026-10-06T07:25:00Z INFO [802/1826] 6ae8b421-abee-4359-9ccb-41d806da19e4: does not qualify; 4.5 s; peak memory 8263 MiB.
2026-10-06T07:25:02Z INFO [803/1826] 6ae8e7e6-a2e9-446d-880a-aa7e9d11befb: does not qualify; 1.5 s; peak memory 8263 MiB.
2026-10-06T07:25:03Z INFO [804/1826] 6ae91359-57eb-4f02-9412-b69d15ec10a9: does not qualify; 1.3 s; peak memory 8263 MiB.
2026-10-06T07:25:06Z INFO [805/1826] 6aea0675-8771-4674-ba3e-05dbad5436c5: qualifies; 3.4 s; peak memory 8263 MiB.
2026-10-06T07:25:08Z INFO [806/1826] 6aea73c1-03dc-4ce0-9c04-fb9a4b0d2c7b: does not qualify; 1.9 s; peak memory 8263 MiB.
2026-10-06T07:25:11Z INFO [807/1826] 6aea99e3-225a-411c-8842-a2c64d4d339c: does not qualify; 2.6 s; peak memory 8263 MiB.
2026-10-06T07:25:13Z INFO [808/1826] 6aeba2ec-be37-4a90-8c5e-6e969afcf3d2: does not qualify; 1.7 s; peak memory 8263 MiB.
2026-10-06T07:25:15Z INFO [809/1826] 6aebbeee-6915-493b-9b81-2f7ccbc8c721: does not qualify; 2.2 s; peak memory 8263 MiB.
2026-10-06T07:25:17Z INFO [810/1826] 6aebcb44-00cc-42c1-ba0f-a5f3ea7542e8: does not qualify; 1.7 s; peak memory 8263 MiB.
2026-10-06T07:25:24Z INFO [811/1826] 6aed0f3d-9d56-4c39-8eff-0e131c4ffaba: does not qualify; 7.0 s; peak memory 8263 MiB.
2026-10-06T07:25:25Z INFO [812/1826] 6aed68f2-d0da-4cfd-8a1e-871618afd592: does not qualify; 1.7 s; peak memory 8263 MiB.
2026-10-06T07:25:27Z INFO [813/1826] 6aefa992-b346-40a8-b92a-cd363c24c1d3: does not qualify; 2.0 s; peak memory 8263 MiB.
2026-10-06T07:25:46Z INFO [814/1826] 6aefae66-6516-4705-bd7d-4f737cab484d: does not qualify; 18.3 s; peak memory 8263 MiB.
2026-10-06T07:25:52Z INFO [815/1826] 6af2422c-1f7f-4f7c-8fa8-d9fd7456b90a: does not qualify; 6.8 s; peak memory 8263 MiB.
2026-10-06T07:25:55Z INFO [816/1826] 6af24315-47f1-4606-82f1-7a1eb0e93072: does not qualify; 2.6 s; peak memory 8263 MiB.
2026-10-06T07:25:57Z INFO [817/1826] 6af2701d-e7c2-4373-969c-c10eca1091c2: does not qualify; 1.7 s; peak memory 8263 MiB.
2026-10-06T07:25:58Z INFO [818/1826] 6af2c580-21e8-4385-9715-140c4c00ab32: does not qualify; 1.5 s; peak memory 8263 MiB.
2026-10-06T07:26:02Z INFO [819/1826] 6af3a96b-627d-46a6-80f8-c0c979172054: does not qualify; 3.8 s; peak memory 8263 MiB.
2026-10-06T07:26:09Z INFO [820/1826] 6af47a8d-2cfe-4039-a3aa-74c8e18686c5: does not qualify; 7.2 s; peak memory 8263 MiB.
2026-10-06T07:26:11Z INFO [821/1826] 6af48a8b-e09c-4e4c-8cb8-765399484343: does not qualify; 1.6 s; peak memory 8263 MiB.
2026-10-06T07:26:17Z INFO [822/1826] 6af48f90-147f-48d2-b6d5-8c626bc46aa2: does not qualify; 6.4 s; peak memory 8263 MiB.
2026-10-06T07:26:18Z INFO [823/1826] 6af4c30a-e23b-495c-bf7d-45eaf1f15e8d: does not qualify; 1.2 s; peak memory 8263 MiB.
2026-10-06T07:26:27Z INFO [824/1826] 6af55ab5-2025-4f1c-8051-6730d72b155c: does not qualify; 8.6 s; peak memory 8263 MiB.
2026-10-06T07:26:29Z INFO [825/1826] 6af59f99-da47-483c-b47f-1815f36085de: does not qualify; 1.8 s; peak memory 8263 MiB.
2026-10-06T07:26:30Z INFO [826/1826] 6af6f402-1119-4797-a38d-8fde98e5738b: does not qualify; 1.4 s; peak memory 8263 MiB.
2026-10-06T07:26:32Z INFO [827/1826] 6af745d1-7219-4f2b-83f7-b18a1a746dc1: does not qualify; 1.7 s; peak memory 8263 MiB.
2026-10-06T07:26:35Z INFO [828/1826] 6af7d5c7-1de3-49b0-8c65-30c2fd360c0b: does not qualify; 2.5 s; peak memory 8263 MiB.
2026-10-06T07:26:36Z INFO [829/1826] 6af94eef-2381-48e7-9f0b-fe77dbad7c99: does not qualify; 1.6 s; peak memory 8263 MiB.
2026-10-06T07:26:38Z INFO [830/1826] 6af9c4b7-ce45-4287-9760-8b6b64361529: does not qualify; 1.9 s; peak memory 8263 MiB.
2026-10-06T07:26:40Z INFO [831/1826] 6afa1bfe-1237-44cf-9c12-17c04ad33290: does not qualify; 1.8 s; peak memory 8263 MiB.
2026-10-06T07:26:50Z INFO [832/1826] 6afa5e42-b821-4330-8b88-5b9ada9b5d72: does not qualify; 10.2 s; peak memory 8263 MiB.
2026-10-06T07:26:52Z INFO [833/1826] 6afa63af-3baf-47ef-bb67-6b3a966a644b: does not qualify; 1.7 s; peak memory 8263 MiB.
2026-10-06T07:26:54Z INFO [834/1826] 6afb571e-e0d9-4b95-be6a-840912b41ddc: does not qualify; 2.0 s; peak memory 8263 MiB.
2026-10-06T07:26:55Z INFO [835/1826] 6afca364-f00c-4a8d-aa27-9b1326f2ee8d: does not qualify; 1.7 s; peak memory 8263 MiB.
2026-10-06T07:27:13Z INFO [836/1826] 6afd158c-6d26-4a1f-9e8c-e7a478a2b6f3: does not qualify; 17.2 s; peak memory 8263 MiB.
2026-10-06T07:27:15Z INFO [837/1826] 6afd417b-9f80-427d-b26d-290a34196a1a: qualifies; 2.7 s; peak memory 8263 MiB.
2026-10-06T07:27:17Z INFO [838/1826] 6afd5230-fc70-47bb-ae42-608b0835a22a: does not qualify; 1.4 s; peak memory 8263 MiB.
2026-10-06T07:27:18Z INFO [839/1826] 6afd8a66-724a-462c-88b8-fae5b7cb028c: does not qualify; 1.7 s; peak memory 8263 MiB.
2026-10-06T07:27:21Z INFO [840/1826] 6afe2168-911b-4b66-bc46-312ec618b4cd: does not qualify; 3.1 s; peak memory 8263 MiB.
2026-10-06T07:27:24Z INFO [841/1826] 6afea254-ebe4-48e7-a0c0-398d22a482af: does not qualify; 2.2 s; peak memory 8263 MiB.
2026-10-06T07:27:25Z INFO [842/1826] 6afecd5f-c815-4df7-b6ed-15007131bb65: does not qualify; 1.4 s; peak memory 8263 MiB.
2026-10-06T07:27:26Z INFO [843/1826] 6b00b5d5-dd59-4041-aead-9c4ea872fefd: does not qualify; 1.3 s; peak memory 8263 MiB.
2026-10-06T07:27:27Z INFO [844/1826] 6b01f9eb-2456-43a5-8951-f8f506cb7343: does not qualify; 1.1 s; peak memory 8263 MiB.
2026-10-06T07:27:36Z INFO [845/1826] 6b023df1-aa0f-476c-ab21-1a9e58c49f51: does not qualify; 8.7 s; peak memory 8263 MiB.
2026-10-06T07:27:38Z INFO [846/1826] 6b03a18c-2622-46e4-9e26-a4d2983ab563: does not qualify; 1.6 s; peak memory 8263 MiB.
2026-10-06T07:27:45Z INFO [847/1826] 6b042a8f-09de-4d54-a8fb-9a66eb80e5de: does not qualify; 7.5 s; peak memory 8263 MiB.
2026-10-06T07:27:49Z INFO [848/1826] 6b06e80d-3ed6-4b71-8a1c-e5a0f90bf461: does not qualify; 3.4 s; peak memory 8263 MiB.
2026-10-06T07:27:55Z INFO [849/1826] 6b073be2-87a9-44a8-977f-27360d47f434: does not qualify; 6.0 s; peak memory 8263 MiB.
2026-10-06T07:27:56Z INFO [850/1826] 6b0744ee-720c-47a5-a82b-c4ca5289f8ad: does not qualify; 1.7 s; peak memory 8263 MiB.
2026-10-06T07:27:56Z INFO [850/1826] 6b0744ee-720c-47a5-a82b-c4ca5289f8ad: checkpointed 79881 records.
2026-10-06T07:27:58Z INFO [851/1826] 6b07cedc-fcf1-4451-886a-e319947124fe: does not qualify; 1.7 s; peak memory 8263 MiB.
2026-10-06T07:27:59Z INFO [852/1826] 6b0829f7-e214-4d54-b197-b1c1a2fa929b: does not qualify; 1.0 s; peak memory 8263 MiB.
2026-10-06T07:28:00Z INFO [853/1826] 6b09a040-8193-43db-93c1-110cc40b3ed1: does not qualify; 1.3 s; peak memory 8263 MiB.
2026-10-06T07:28:02Z INFO [854/1826] 6b09d389-5021-4352-8712-c7f756117077: does not qualify; 1.3 s; peak memory 8263 MiB.
2026-10-06T07:28:03Z INFO [855/1826] 6b0ae72f-16e4-4965-97e4-11b599d60a2d: does not qualify; 1.4 s; peak memory 8263 MiB.
2026-10-06T07:28:05Z INFO [856/1826] 6b0b66eb-e7fc-4b22-a891-d7ff814e94ad: does not qualify; 1.7 s; peak memory 8263 MiB.
2026-10-06T07:28:06Z INFO [857/1826] 6b0c5db4-15b9-4cbd-b4e4-5acfeb5e20f3: does not qualify; 1.5 s; peak memory 8263 MiB.
2026-10-06T07:28:08Z INFO [858/1826] 6b0d1968-8dd9-4d1a-b21b-a5e42d47c295: does not qualify; 1.7 s; peak memory 8263 MiB.
2026-10-06T07:28:09Z INFO [859/1826] 6b0d8f2d-ea63-4c1a-ab87-b78b0f4be799: does not qualify; 1.1 s; peak memory 8263 MiB.
2026-10-06T07:28:11Z INFO [860/1826] 6b0df919-5829-4dfe-9f73-6f90a00471e6: does not qualify; 1.8 s; peak memory 8263 MiB.
2026-10-06T07:28:12Z INFO [861/1826] 6b0e7fc4-5b43-425c-a227-86e1e1f725ef: does not qualify; 1.7 s; peak memory 8263 MiB.
2026-10-06T07:28:19Z INFO [862/1826] 6b0e9aad-0c0c-452f-9b4a-79920c086d2a: does not qualify; 6.4 s; peak memory 8263 MiB.
2026-10-06T07:28:28Z INFO [863/1826] 6b0f2314-e6ab-40f3-af48-f22bdf90661c: does not qualify; 9.1 s; peak memory 8263 MiB.
2026-10-06T07:28:29Z INFO [864/1826] 6b100e2c-5d7d-4ec8-8e5c-6adf20926b03: does not qualify; 1.3 s; peak memory 8263 MiB.
2026-10-06T07:28:32Z INFO [865/1826] 6b103be9-3877-45be-91f4-250bd799c87a: does not qualify; 3.0 s; peak memory 8263 MiB.
2026-10-06T07:28:34Z INFO [866/1826] 6b10f8f7-9be7-4b81-b1a3-30a9f556132c: does not qualify; 1.7 s; peak memory 8263 MiB.
2026-10-06T07:28:35Z INFO [867/1826] 6b115ebd-068e-40ee-904e-e0286f992a6e: does not qualify; 1.5 s; peak memory 8263 MiB.
2026-10-06T07:28:48Z INFO [868/1826] 6b11ea29-deb4-413e-a480-afc5caa88ce9: does not qualify; 12.5 s; peak memory 8263 MiB.
2026-10-06T07:28:49Z INFO [869/1826] 6b130d08-6fde-42e0-b722-b4ad03213f9a: does not qualify; 1.1 s; peak memory 8263 MiB.
2026-10-06T07:28:51Z INFO [870/1826] 6b1327e5-449b-4b5a-9fcf-21670e4511e5: does not qualify; 1.8 s; peak memory 8263 MiB.
2026-10-06T07:29:04Z INFO [871/1826] 6b13a3d9-5bb9-4d34-98fd-6e08fb2f3120: does not qualify; 12.9 s; peak memory 8263 MiB.
2026-10-06T07:29:10Z INFO [872/1826] 6b13b853-6e33-4370-8ead-8baaabac2332: does not qualify; 6.7 s; peak memory 8263 MiB.
2026-10-06T07:29:12Z INFO [873/1826] 6b13bed0-0b0c-4b9e-8d31-ff33e6838be5: does not qualify; 1.7 s; peak memory 8263 MiB.
2026-10-06T07:29:14Z INFO [874/1826] 6b145350-a401-4d56-a417-f26a34645a3f: does not qualify; 1.5 s; peak memory 8263 MiB.
2026-10-06T07:29:17Z INFO [875/1826] 6b1463df-caf8-46a0-96e6-2c4821a85650: does not qualify; 3.3 s; peak memory 8263 MiB.
2026-10-06T07:29:19Z INFO [876/1826] 6b14e4e3-9f78-456f-9466-621993efba9a: qualifies; 2.1 s; peak memory 8263 MiB.
2026-10-06T07:29:32Z INFO [877/1826] 6b1604db-f2ff-4d59-a897-ad27b744f1ec: does not qualify; 12.6 s; peak memory 8263 MiB.
2026-10-06T07:29:41Z INFO [878/1826] 6b16bc6b-e20e-45c6-8a42-93dfb9909433: does not qualify; 9.6 s; peak memory 8263 MiB.
2026-10-06T07:29:43Z INFO [879/1826] 6b171663-0c46-465a-9857-e344f09c889e: does not qualify; 2.1 s; peak memory 8263 MiB.
2026-10-06T07:29:45Z INFO [880/1826] 6b175d86-fbfd-4d3f-ba37-b3f4d9f4165b: does not qualify; 1.5 s; peak memory 8263 MiB.
2026-10-06T07:29:57Z INFO [881/1826] 6b18621f-cc50-4c42-98e8-b8a8f57db9fb: does not qualify; 11.9 s; peak memory 8263 MiB.
2026-10-06T07:29:58Z INFO [882/1826] 6b18b9cb-aeac-495a-ad35-ea81cd2561cc: does not qualify; 1.3 s; peak memory 8263 MiB.
2026-10-06T07:29:59Z INFO [883/1826] 6b194db0-fe55-441d-a3ef-736c0a2370b7: does not qualify; 1.1 s; peak memory 8263 MiB.
2026-10-06T07:30:00Z INFO [884/1826] 6b1a42e7-53ec-445c-ac7b-5a1ff0c4c635: does not qualify; 1.1 s; peak memory 8263 MiB.
2026-10-06T07:30:03Z INFO [885/1826] 6b1a532f-411e-4ab3-99bb-db1cef68f4e3: does not qualify; 2.7 s; peak memory 8263 MiB.
2026-10-06T07:30:19Z INFO [886/1826] 6b1add40-a6ae-4143-bacb-84f3ed9f5dec: does not qualify; 15.6 s; peak memory 8263 MiB.
2026-10-06T07:30:20Z INFO [887/1826] 6b1afebc-677f-4c39-8c4e-7087daa90754: does not qualify; 1.8 s; peak memory 8263 MiB.
2026-10-06T07:30:22Z INFO [888/1826] 6b1b7389-c6d7-4421-bb0c-d59ec1411c63: does not qualify; 2.2 s; peak memory 8263 MiB.
2026-10-06T07:30:24Z INFO [889/1826] 6b1b8904-2abb-4c25-b5fa-dd2495138028: does not qualify; 1.7 s; peak memory 8263 MiB.
2026-10-06T07:30:28Z INFO [890/1826] 6b1ce9ce-6ab8-4c01-afe5-42ec292e8eaf: does not qualify; 3.4 s; peak memory 8263 MiB.
2026-10-06T07:30:29Z INFO [891/1826] 6b1d150b-6256-4553-b055-eaa0c0fb26d4: does not qualify; 1.2 s; peak memory 8263 MiB.
2026-10-06T07:30:30Z INFO [892/1826] 6b1ec896-cacf-4d30-80da-41b88d9098c9: does not qualify; 1.6 s; peak memory 8263 MiB.
2026-10-06T07:30:32Z INFO [893/1826] 6b200d3e-4d52-4680-be94-90ffb2470e2e: does not qualify; 1.5 s; peak memory 8263 MiB.
2026-10-06T07:30:34Z INFO [894/1826] 6b20b0d2-ebc8-46c2-a5ef-bba75021b9eb: does not qualify; 1.9 s; peak memory 8263 MiB.
2026-10-06T07:30:36Z INFO [895/1826] 6b2125fb-2c47-43af-9715-bd4911ce776b: does not qualify; 1.8 s; peak memory 8263 MiB.
2026-10-06T07:30:37Z INFO [896/1826] 6b213f8b-30f9-4d8e-9b6a-d6afa013222a: does not qualify; 1.4 s; peak memory 8263 MiB.
2026-10-06T07:30:38Z INFO [897/1826] 6b22a717-0b8f-4901-b89b-28366afb4725: does not qualify; 1.3 s; peak memory 8263 MiB.
2026-10-06T07:30:40Z INFO [898/1826] 6b22c618-7c1e-445b-acb5-59b8dd21feab: does not qualify; 1.7 s; peak memory 8263 MiB.
2026-10-06T07:30:48Z INFO [899/1826] 6b22dba8-bc11-401d-a638-76dfb5e1f78a: does not qualify; 7.8 s; peak memory 8263 MiB.
2026-10-06T07:30:52Z INFO [900/1826] 6b233824-c87c-4f65-b3ad-c7901bb54da7: does not qualify; 4.2 s; peak memory 8263 MiB.
2026-10-06T07:30:52Z INFO [900/1826] 6b233824-c87c-4f65-b3ad-c7901bb54da7: checkpointed 79931 records.
2026-10-06T07:30:53Z INFO [901/1826] 6b234fc0-cb86-4108-891d-dec8c4421f75: does not qualify; 1.2 s; peak memory 8263 MiB.
2026-10-06T07:30:55Z INFO [902/1826] 6b238a83-f98c-4013-97d4-2d9357d0725d: does not qualify; 1.7 s; peak memory 8263 MiB.
2026-10-06T07:30:57Z INFO [903/1826] 6b23e454-210a-41c2-b622-6c1f4f56c1b6: does not qualify; 2.1 s; peak memory 8263 MiB.
2026-10-06T07:30:59Z INFO [904/1826] 6b23fb22-0453-412d-baa1-6080cf57c5b6: does not qualify; 1.4 s; peak memory 8263 MiB.
2026-10-06T07:31:00Z INFO [905/1826] 6b258c43-b7d6-40de-872f-c609f59fb442: does not qualify; 1.6 s; peak memory 8263 MiB.
2026-10-06T07:31:07Z INFO [906/1826] 6b25eda2-2739-46df-9364-dbbcd73ba7f6: does not qualify; 7.3 s; peak memory 8263 MiB.
2026-10-06T07:31:09Z INFO [907/1826] 6b26bb1e-e915-44be-8d0c-afd1b9659163: does not qualify; 1.7 s; peak memory 8263 MiB.
2026-10-06T07:31:12Z INFO [908/1826] 6b275de7-ad8f-477f-b8f3-1ecc0684ac68: does not qualify; 3.1 s; peak memory 8263 MiB.
2026-10-06T07:31:15Z INFO [909/1826] 6b278d2c-8e76-4498-92fe-98444ff9b51d: does not qualify; 2.3 s; peak memory 8263 MiB.
2026-10-06T07:31:17Z INFO [910/1826] 6b27ea7a-8e17-4bc1-bacf-0d23aa412cf3: does not qualify; 1.9 s; peak memory 8263 MiB.
2026-10-06T07:31:18Z INFO [911/1826] 6b29186b-753e-476b-b231-9daa97544788: does not qualify; 1.6 s; peak memory 8263 MiB.
2026-10-06T07:31:20Z INFO [912/1826] 6b2b003d-503f-436c-97e2-31b717ff58ce: does not qualify; 1.4 s; peak memory 8263 MiB.
2026-10-06T07:31:21Z INFO [913/1826] 6b2b357e-87bc-423b-a240-f80133ee3800: does not qualify; 1.4 s; peak memory 8263 MiB.
2026-10-06T07:31:23Z INFO [914/1826] 6b2c54cb-ab8a-489c-a825-ed29783cc8a8: does not qualify; 2.4 s; peak memory 8263 MiB.
2026-10-06T07:31:28Z INFO [915/1826] 6b2ca30f-4554-4795-80fd-35eb976c8b49: does not qualify; 4.4 s; peak memory 8263 MiB.
2026-10-06T07:31:29Z INFO [916/1826] 6b2d7d9b-e08a-4559-b902-4f5cab666566: does not qualify; 1.5 s; peak memory 8263 MiB.
2026-10-06T07:31:30Z INFO [917/1826] 6b2ef159-5e41-4af4-ab66-c79e20c4a277: does not qualify; 1.1 s; peak memory 8263 MiB.
2026-10-06T07:31:33Z INFO [918/1826] 6b2f9940-089b-4801-9cfd-a2a1e119694f: does not qualify; 2.9 s; peak memory 8263 MiB.
2026-10-06T07:31:35Z INFO [919/1826] 6b303803-6e0a-481e-a2f8-d0b151c06d78: does not qualify; 1.6 s; peak memory 8263 MiB.
2026-10-06T07:31:37Z INFO [920/1826] 6b31508b-0879-47c8-a095-43e83c17af5a: does not qualify; 1.8 s; peak memory 8263 MiB.
2026-10-06T07:31:42Z INFO [921/1826] 6b332af2-2786-4ae3-a9f7-531f0c51a240: does not qualify; 5.5 s; peak memory 8263 MiB.
2026-10-06T07:31:44Z INFO [922/1826] 6b3334c8-30b3-46fa-a90e-a515d1875450: does not qualify; 1.6 s; peak memory 8263 MiB.
2026-10-06T07:31:45Z INFO [923/1826] 6b3395cf-32b0-4cc3-98a5-b1fce5c34508: does not qualify; 1.5 s; peak memory 8263 MiB.
2026-10-06T07:31:47Z INFO [924/1826] 6b33aa67-b345-49e6-b4e8-b309b7e414cb: does not qualify; 1.7 s; peak memory 8263 MiB.
2026-10-06T07:32:12Z INFO [925/1826] 6b353512-f41e-429a-b44d-19cd1d7492fa: does not qualify; 25.4 s; peak memory 8263 MiB.
2026-10-06T07:32:13Z INFO [926/1826] 6b3621c4-c1c1-4d40-b26a-f88a417babed: does not qualify; 1.1 s; peak memory 8263 MiB.
2026-10-06T07:32:24Z INFO [927/1826] 6b36a510-4252-48a3-b86d-c499893ac4f2: does not qualify; 10.2 s; peak memory 8263 MiB.
2026-10-06T07:32:25Z INFO [928/1826] 6b36c9b4-b7ab-41c6-97f3-178182b5d783: does not qualify; 1.0 s; peak memory 8263 MiB.
2026-10-06T07:32:26Z INFO [929/1826] 6b370cba-a0e2-46a0-a76c-b6e1599a6bed: does not qualify; 1.7 s; peak memory 8263 MiB.
2026-10-06T07:32:29Z INFO [930/1826] 6b389973-660a-408f-8c68-1dc71f5a3b8e: does not qualify; 3.0 s; peak memory 8263 MiB.
2026-10-06T07:32:38Z INFO [931/1826] 6b39b5e5-eba6-40f3-bdd4-6c050066b0ae: does not qualify; 8.9 s; peak memory 8263 MiB.
2026-10-06T07:32:53Z INFO [932/1826] 6b3a61cd-3ea6-49fd-9e36-e80a1b9bce43: does not qualify; 14.8 s; peak memory 8263 MiB.
2026-10-06T07:32:54Z INFO [933/1826] 6b3a8ec3-691c-4fe9-991e-5a82b6564fc0: does not qualify; 1.4 s; peak memory 8263 MiB.
2026-10-06T07:32:56Z INFO [934/1826] 6b3a9c4b-fb8f-49ba-8daa-e459ccf19655: does not qualify; 1.8 s; peak memory 8263 MiB.
2026-10-06T07:32:57Z INFO [935/1826] 6b3ae75c-e6bc-402e-a76a-b571796502fb: does not qualify; 1.4 s; peak memory 8263 MiB.
2026-10-06T07:33:00Z INFO [936/1826] 6b3b0e01-4325-474f-9553-08b0f190f486: qualifies; 2.4 s; peak memory 8263 MiB.
2026-10-06T07:33:02Z INFO [937/1826] 6b3b32aa-8d67-49b9-a9eb-59bef64261e5: does not qualify; 2.3 s; peak memory 8263 MiB.
2026-10-06T07:33:09Z INFO [938/1826] 6b3b5380-21f2-4671-b1fc-0a20cf979ce9: does not qualify; 6.3 s; peak memory 8263 MiB.
2026-10-06T07:33:11Z INFO [939/1826] 6b3c8ba5-2217-40d5-b8bf-2da19f9ec89e: does not qualify; 2.4 s; peak memory 8263 MiB.
2026-10-06T07:33:12Z INFO [940/1826] 6b3c9610-e486-479c-9608-e83c80c35e8f: does not qualify; 1.1 s; peak memory 8263 MiB.
2026-10-06T07:33:14Z INFO [941/1826] 6b3ca086-41d0-428a-8dc6-7de4fc5170bb: does not qualify; 1.8 s; peak memory 8263 MiB.
2026-10-06T07:33:15Z INFO [942/1826] 6b3cd3b1-c169-4ef1-a26a-2cf293e1631e: does not qualify; 1.6 s; peak memory 8263 MiB.
2026-10-06T07:33:18Z INFO [943/1826] 6b3dabeb-da68-45dd-9b3f-b7a88c1bcde0: qualifies; 2.3 s; peak memory 8263 MiB.
2026-10-06T07:33:19Z INFO [944/1826] 6b3e2858-4611-43f5-9723-44900d91a8e9: does not qualify; 1.3 s; peak memory 8263 MiB.
2026-10-06T07:33:21Z INFO [945/1826] 6b3e5c66-c62c-4940-bcbe-55cc82d2ae12: does not qualify; 1.7 s; peak memory 8263 MiB.
2026-10-06T07:33:22Z INFO [946/1826] 6b3eed8b-71ef-4b7a-ad08-e70a38b0c956: does not qualify; 1.1 s; peak memory 8263 MiB.
2026-10-06T07:33:24Z INFO [947/1826] 6b3f914d-4e1a-4efa-9c09-1799a65a12a7: does not qualify; 1.7 s; peak memory 8263 MiB.
2026-10-06T07:33:31Z INFO [948/1826] 6b3fd65f-b126-4010-8c6b-e1afadf2db87: does not qualify; 7.1 s; peak memory 8263 MiB.
2026-10-06T07:33:32Z INFO [949/1826] 6b405934-b9cd-4551-8ffe-a814aa9d038e: does not qualify; 1.8 s; peak memory 8263 MiB.
2026-10-06T07:33:45Z INFO [950/1826] 6b405af9-48d7-4b7e-8a4c-1a0a93f37d76: does not qualify; 12.1 s; peak memory 8263 MiB.
2026-10-06T07:33:45Z INFO [950/1826] 6b405af9-48d7-4b7e-8a4c-1a0a93f37d76: checkpointed 79981 records.
2026-10-06T07:33:47Z INFO [951/1826] 6b407447-69ac-459f-bb77-142a87d8d11a: does not qualify; 2.0 s; peak memory 8263 MiB.
2026-10-06T07:33:48Z INFO [952/1826] 6b4170b9-cbca-45b8-9672-03c1b1cf6465: does not qualify; 1.4 s; peak memory 8263 MiB.
2026-10-06T07:33:50Z INFO [953/1826] 6b432286-8c4e-4b1b-be9c-fb5c8b657ed8: does not qualify; 2.2 s; peak memory 8263 MiB.
2026-10-06T07:33:59Z INFO [954/1826] 6b43868a-4276-49cc-bbe6-7d7dcde6755c: does not qualify; 8.5 s; peak memory 8263 MiB.
2026-10-06T07:34:00Z INFO [955/1826] 6b43a2b3-3ae5-4cce-a2a5-4fa35354412a: does not qualify; 1.3 s; peak memory 8263 MiB.
2026-10-06T07:34:09Z INFO [956/1826] 6b43dbc6-52c1-4149-94c5-3c15186c7e43: does not qualify; 8.5 s; peak memory 8263 MiB.
2026-10-06T07:34:10Z INFO [957/1826] 6b440cc1-4a1b-4a1f-8254-e89ed4d9429e: does not qualify; 1.4 s; peak memory 8263 MiB.
2026-10-06T07:34:11Z INFO [958/1826] 6b44a5de-5e9c-476f-9dab-735b7f82d973: does not qualify; 1.4 s; peak memory 8263 MiB.
2026-10-06T07:34:13Z INFO [959/1826] 6b4513bb-e221-464b-80b3-2335254ae96e: does not qualify; 1.1 s; peak memory 8263 MiB.
2026-10-06T07:34:14Z INFO [960/1826] 6b45cb86-e8f8-420d-9c81-fb87484e62f0: does not qualify; 1.9 s; peak memory 8263 MiB.
2026-10-06T07:34:17Z INFO [961/1826] 6b45d431-011b-42ae-8d55-26b28c54585c: does not qualify; 2.1 s; peak memory 8263 MiB.
2026-10-06T07:34:19Z INFO [962/1826] 6b463cda-95d7-4e93-85b9-9291eafe9cde: does not qualify; 1.9 s; peak memory 8263 MiB.
2026-10-06T07:34:20Z INFO [963/1826] 6b464bde-85ac-4375-8b6f-a3d880fe3c5c: does not qualify; 1.2 s; peak memory 8263 MiB.
2026-10-06T07:34:21Z INFO [964/1826] 6b4706ee-f7f1-49ae-a2f0-21724ee47aaa: does not qualify; 1.4 s; peak memory 8263 MiB.
2026-10-06T07:34:24Z INFO [965/1826] 6b4712f6-1587-4915-9642-74ef217285fb: does not qualify; 2.4 s; peak memory 8263 MiB.
2026-10-06T07:34:38Z INFO [966/1826] 6b47185d-14c4-4520-9360-1ee4650a6854: does not qualify; 14.7 s; peak memory 8263 MiB.
2026-10-06T07:34:40Z INFO [967/1826] 6b4797f9-484d-4794-87fb-da7c6acdd6ee: does not qualify; 1.7 s; peak memory 8263 MiB.
2026-10-06T07:34:41Z INFO [968/1826] 6b47d8df-8195-43f8-9afa-c2498ba9ff5b: does not qualify; 1.4 s; peak memory 8263 MiB.
2026-10-06T07:34:44Z INFO [969/1826] 6b482904-dc05-4052-9c87-21e196cf8b55: qualifies; 2.6 s; peak memory 8263 MiB.
2026-10-06T07:34:45Z INFO [970/1826] 6b489b15-bdb3-4210-a3dd-d98950387e82: does not qualify; 1.3 s; peak memory 8263 MiB.
2026-10-06T07:34:47Z INFO [971/1826] 6b48abf4-8ce0-4287-a592-19ca8bc7e532: does not qualify; 1.3 s; peak memory 8263 MiB.
2026-10-06T07:34:48Z INFO [972/1826] 6b48c5fd-0408-4ddb-947f-4c8ddabfb337: does not qualify; 1.2 s; peak memory 8263 MiB.
2026-10-06T07:34:49Z INFO [973/1826] 6b49b768-d293-48d6-a4a9-061440b0cf8a: does not qualify; 1.4 s; peak memory 8263 MiB.
2026-10-06T07:34:51Z INFO [974/1826] 6b4aad39-3a27-4eaa-9312-c4710d181bf0: does not qualify; 1.8 s; peak memory 8263 MiB.
2026-10-06T07:34:53Z INFO [975/1826] 6b4afc65-9bcc-4172-86c9-05c97ba689d4: does not qualify; 1.8 s; peak memory 8263 MiB.
2026-10-06T07:34:54Z INFO [976/1826] 6b4b7763-4d15-4372-b035-42c7c9e4a44a: does not qualify; 1.3 s; peak memory 8263 MiB.
2026-10-06T07:35:01Z INFO [977/1826] 6b4bec42-1eb5-4238-8669-2a45c42bd5d4: does not qualify; 7.5 s; peak memory 8263 MiB.
2026-10-06T07:35:03Z INFO [978/1826] 6b4c056d-d695-4cdf-9f2c-0efea0da92f0: does not qualify; 1.4 s; peak memory 8263 MiB.
2026-10-06T07:35:04Z INFO [979/1826] 6b4d1b23-d93c-4553-9a4f-5f6980f194a6: does not qualify; 1.2 s; peak memory 8263 MiB.
2026-10-06T07:35:07Z INFO [980/1826] 6b4d3e19-4878-4be0-8468-5a231a7e97bb: does not qualify; 2.4 s; peak memory 8263 MiB.
2026-10-06T07:35:08Z INFO [981/1826] 6b4d44f0-8442-428d-976b-e05736b7da9e: does not qualify; 1.6 s; peak memory 8263 MiB.
2026-10-06T07:35:10Z INFO [982/1826] 6b4e7bf2-897b-45c1-b90b-ba7017e9e580: does not qualify; 1.7 s; peak memory 8263 MiB.
2026-10-06T07:35:13Z INFO [983/1826] 6b4f5cc5-8c24-4322-84c0-50ee03a71b5f: does not qualify; 3.0 s; peak memory 8263 MiB.
2026-10-06T07:35:19Z INFO [984/1826] 6b4fe683-51f4-4d9e-807d-a56c6a4e1150: does not qualify; 5.9 s; peak memory 8263 MiB.
2026-10-06T07:35:20Z INFO [985/1826] 6b505b74-1468-4794-bdbb-e6a205a02806: does not qualify; 1.3 s; peak memory 8263 MiB.
2026-10-06T07:35:27Z INFO [986/1826] 6b5194a9-b75d-42fd-8b18-bda4ad367bd4: does not qualify; 6.9 s; peak memory 8263 MiB.
2026-10-06T07:35:29Z INFO [987/1826] 6b51bb68-e9fe-4c18-9fd6-ee6839177098: does not qualify; 1.7 s; peak memory 8263 MiB.
2026-10-06T07:35:31Z INFO [988/1826] 6b51bffc-17b4-496a-b8a8-66477d95fb2b: does not qualify; 2.1 s; peak memory 8263 MiB.
2026-10-06T07:35:33Z INFO [989/1826] 6b52e4ab-27e0-4636-8e8a-1197b260ee79: does not qualify; 2.5 s; peak memory 8263 MiB.
2026-10-06T07:35:35Z INFO [990/1826] 6b539367-20b9-4d5b-812f-dfa087c9e10c: does not qualify; 1.8 s; peak memory 8263 MiB.
2026-10-06T07:35:36Z INFO [991/1826] 6b53bc60-33b2-42b9-81c4-d92272c3baa0: does not qualify; 1.4 s; peak memory 8263 MiB.
2026-10-06T07:35:38Z INFO [992/1826] 6b5589b4-d378-4874-8b41-73160ce0224a: does not qualify; 1.9 s; peak memory 8263 MiB.
2026-10-06T07:35:40Z INFO [993/1826] 6b5797e7-5374-4cfc-bbaa-bbf14f992a5b: does not qualify; 1.4 s; peak memory 8263 MiB.
2026-10-06T07:35:41Z INFO [994/1826] 6b57dd62-7751-458b-b3cf-87c654b76a42: does not qualify; 1.7 s; peak memory 8263 MiB.
2026-10-06T07:35:54Z INFO [995/1826] 6b582373-fb08-474f-a2d5-47b415e89286: does not qualify; 12.5 s; peak memory 8263 MiB.
2026-10-06T07:35:58Z INFO [996/1826] 6b5895a7-f2d8-406d-a143-f3a05769726f: does not qualify; 3.9 s; peak memory 8263 MiB.
2026-10-06T07:35:59Z INFO [997/1826] 6b58df7d-916e-4862-9f37-66f58cc9f931: does not qualify; 1.1 s; peak memory 8263 MiB.
2026-10-06T07:36:01Z INFO [998/1826] 6b591f60-564c-40da-b631-b8571af47cf8: does not qualify; 1.7 s; peak memory 8263 MiB.
2026-10-06T07:36:02Z INFO [999/1826] 6b5960a0-7f7e-4c8e-b9cb-9c0755d1b9ed: does not qualify; 1.3 s; peak memory 8263 MiB.
2026-10-06T07:36:04Z INFO [1000/1826] 6b59eeb0-5326-406a-baf4-b9abb550bc8e: does not qualify; 2.3 s; peak memory 8263 MiB.
2026-10-06T07:36:04Z INFO [1000/1826] 6b59eeb0-5326-406a-baf4-b9abb550bc8e: checkpointed 80031 records.
2026-10-06T07:36:06Z INFO [1001/1826] 6b5ae1be-d066-4ec4-b3b8-686631f90fab: does not qualify; 1.7 s; peak memory 8263 MiB.
2026-10-06T07:36:07Z INFO [1002/1826] 6b5b005e-f6e4-4347-b221-6aa54962916d: does not qualify; 1.5 s; peak memory 8263 MiB.
2026-10-06T07:36:10Z INFO [1003/1826] 6b5be40a-9a3d-47e7-9150-70686f85fd5d: does not qualify; 2.6 s; peak memory 8263 MiB.
2026-10-06T07:36:13Z INFO [1004/1826] 6b5befdb-fff5-47c5-b419-41eed1318251: does not qualify; 2.9 s; peak memory 8263 MiB.
2026-10-06T07:36:21Z INFO [1005/1826] 6b5bf411-4675-4309-81e2-d9c03884271a: does not qualify; 7.8 s; peak memory 8263 MiB.
2026-10-06T07:36:22Z INFO [1006/1826] 6b5c2bb7-db21-4dda-ab15-f1a73d16febf: does not qualify; 1.5 s; peak memory 8263 MiB.
2026-10-06T07:36:24Z INFO [1007/1826] 6b5ceb38-bd9f-428f-8450-b421ad20ee2f: does not qualify; 1.3 s; peak memory 8263 MiB.
2026-10-06T07:36:25Z INFO [1008/1826] 6b5cf9d7-6b84-4258-bac4-74d22889bbb2: does not qualify; 1.6 s; peak memory 8263 MiB.
2026-10-06T07:36:31Z INFO [1009/1826] 6b5d4cd9-2276-431d-bd87-ef4c2d0647fd: does not qualify; 5.9 s; peak memory 8263 MiB.
2026-10-06T07:36:33Z INFO [1010/1826] 6b5d898e-7168-4f80-a32d-c3d287bb5f31: does not qualify; 1.8 s; peak memory 8263 MiB.
2026-10-06T07:36:34Z INFO [1011/1826] 6b5db24a-eb00-4ed4-b50e-5a6e4352006f: does not qualify; 1.6 s; peak memory 8263 MiB.
2026-10-06T07:36:35Z INFO [1012/1826] 6b5ddfc7-0223-416c-99b4-c1d16a476612: does not qualify; 1.1 s; peak memory 8263 MiB.
2026-10-06T07:36:37Z INFO [1013/1826] 6b5e4e67-04f9-4db4-a613-069743a1bb2c: does not qualify; 1.8 s; peak memory 8263 MiB.
2026-10-06T07:36:39Z INFO [1014/1826] 6b5e540b-ffd1-4429-8b83-9f5de2d2d7c1: does not qualify; 2.0 s; peak memory 8263 MiB.
2026-10-06T07:36:41Z INFO [1015/1826] 6b5e7034-1312-4192-8c49-fca5516f71e8: does not qualify; 1.7 s; peak memory 8263 MiB.
2026-10-06T07:36:43Z INFO [1016/1826] 6b5ee055-6d01-4c76-935a-e1b33ff5df6b: does not qualify; 1.6 s; peak memory 8263 MiB.
2026-10-06T07:36:44Z INFO [1017/1826] 6b5ff914-3181-4679-9972-c6e433883d90: does not qualify; 1.7 s; peak memory 8263 MiB.
2026-10-06T07:36:46Z INFO [1018/1826] 6b60a00c-e3b7-4b79-a1ea-e2cc23739ed4: does not qualify; 1.3 s; peak memory 8263 MiB.
2026-10-06T07:38:53Z INFO [1019/1826] 6b60b812-004a-4d4f-8348-b744519aa318: qualifies; 127.1 s; peak memory 14333 MiB.
2026-10-06T07:38:55Z INFO [1020/1826] 6b61132f-0a38-48c8-b654-1ddbc90c8ee9: does not qualify; 1.9 s; peak memory 14333 MiB.
2026-10-06T07:38:56Z INFO [1021/1826] 6b6114da-2fdd-4bb5-8328-bb8230a243f9: does not qualify; 1.9 s; peak memory 14333 MiB.
2026-10-06T07:38:58Z INFO [1022/1826] 6b61a459-3a2d-4afd-adb5-6994c740fe64: does not qualify; 1.7 s; peak memory 14333 MiB.
2026-10-06T07:39:00Z INFO [1023/1826] 6b61ac1a-73ed-4b4b-ae9d-4845b2f9417a: does not qualify; 1.5 s; peak memory 14333 MiB.
2026-10-06T07:39:01Z INFO [1024/1826] 6b61d4bb-e129-4288-9ba7-51cbb465863e: does not qualify; 1.4 s; peak memory 14333 MiB.
2026-10-06T07:39:10Z INFO [1025/1826] 6b62e2e4-d253-4f56-818f-37cfcbe3dba1: does not qualify; 8.8 s; peak memory 14333 MiB.
2026-10-06T07:39:15Z INFO [1026/1826] 6b63513a-43dd-4f29-87e0-9a99db62910c: does not qualify; 5.5 s; peak memory 14333 MiB.
2026-10-06T07:39:17Z INFO [1027/1826] 6b63d61d-77bf-43b1-b778-e6f2ece8cc48: does not qualify; 1.4 s; peak memory 14333 MiB.
2026-10-06T07:39:20Z INFO [1028/1826] 6b63f90d-6056-4d6a-bb1f-b1eaf3545a3d: does not qualify; 3.0 s; peak memory 14333 MiB.
2026-10-06T07:39:21Z INFO [1029/1826] 6b63f9aa-ca74-47d5-8728-c9e36bd6d07c: does not qualify; 1.5 s; peak memory 14333 MiB.
2026-10-06T07:39:23Z INFO [1030/1826] 6b6420e1-5d34-453c-b2f1-98802dc0f744: does not qualify; 1.6 s; peak memory 14333 MiB.
2026-10-06T07:39:25Z INFO [1031/1826] 6b6496b4-20e5-484c-b366-bf0d37097328: does not qualify; 2.2 s; peak memory 14333 MiB.
2026-10-06T07:39:41Z INFO [1032/1826] 6b65dc8e-7467-4f7a-aab4-091215e8d0b5: does not qualify; 15.6 s; peak memory 14333 MiB.
2026-10-06T07:39:42Z INFO [1033/1826] 6b6671b0-2826-4a77-bd48-d17f5c0e2eae: does not qualify; 1.6 s; peak memory 14333 MiB.
2026-10-06T07:39:46Z INFO [1034/1826] 6b676738-297a-4be2-8462-8ac0621507f2: does not qualify; 3.6 s; peak memory 14333 MiB.
2026-10-06T07:39:47Z INFO [1035/1826] 6b68480a-de8a-4d6f-abba-643f8922ac7b: does not qualify; 1.1 s; peak memory 14333 MiB.
2026-10-06T07:39:48Z INFO [1036/1826] 6b69bb91-4173-4e83-9771-3cd37a2a26c6: does not qualify; 1.3 s; peak memory 14333 MiB.
2026-10-06T07:39:50Z INFO [1037/1826] 6b6b1657-0eee-43bc-9a52-ea084797c86d: does not qualify; 1.7 s; peak memory 14333 MiB.
2026-10-06T07:39:51Z INFO [1038/1826] 6b6b2100-d751-4adc-bedd-b03bb5791427: does not qualify; 1.1 s; peak memory 14333 MiB.
2026-10-06T07:39:53Z INFO [1039/1826] 6b6c492f-b19a-40d5-a703-02422bef8896: does not qualify; 1.4 s; peak memory 14333 MiB.
2026-10-06T07:40:03Z INFO [1040/1826] 6b6c5335-807c-4acc-9cbe-92529ae0381a: does not qualify; 10.8 s; peak memory 14333 MiB.
2026-10-06T07:40:05Z INFO [1041/1826] 6b6cbb12-2da6-4ffe-9386-7ed039152695: does not qualify; 1.3 s; peak memory 14333 MiB.
2026-10-06T07:40:06Z INFO [1042/1826] 6b6d2e3b-0e53-4470-b4d7-b8c15182cf92: does not qualify; 1.4 s; peak memory 14333 MiB.
2026-10-06T07:40:08Z INFO [1043/1826] 6b6e2591-4395-4aca-884a-005df67524b6: does not qualify; 1.7 s; peak memory 14333 MiB.
2026-10-06T07:40:09Z INFO [1044/1826] 6b6f49bb-f1d2-4d17-bdcf-53e796c1e34d: does not qualify; 1.2 s; peak memory 14333 MiB.
2026-10-06T07:40:11Z INFO [1045/1826] 6b709994-52e3-4f8c-898b-7813fd971607: does not qualify; 1.8 s; peak memory 14333 MiB.
2026-10-06T07:40:19Z INFO [1046/1826] 6b70c49c-6df6-4f86-8f1d-08f87af826dc: does not qualify; 8.7 s; peak memory 14333 MiB.
2026-10-06T07:40:21Z INFO [1047/1826] 6b70fb59-b311-4deb-b746-16cd4fb9b839: does not qualify; 1.7 s; peak memory 14333 MiB.
2026-10-06T07:40:28Z INFO [1048/1826] 6b722c84-6b4a-4dc1-9974-8265097afcbe: does not qualify; 7.0 s; peak memory 14333 MiB.
2026-10-06T07:40:30Z INFO [1049/1826] 6b7231de-e0c5-4a69-8644-e795c12b6567: does not qualify; 1.4 s; peak memory 14333 MiB.
2026-10-06T07:40:31Z INFO [1050/1826] 6b730503-1b6a-4cfb-8047-1d23213e7887: does not qualify; 1.3 s; peak memory 14333 MiB.
2026-10-06T07:40:31Z INFO [1050/1826] 6b730503-1b6a-4cfb-8047-1d23213e7887: checkpointed 80081 records.
2026-10-06T07:40:32Z INFO [1051/1826] 6b730942-ddad-47c7-ae5e-17c8ddeadc01: does not qualify; 1.4 s; peak memory 14333 MiB.
2026-10-06T07:40:34Z INFO [1052/1826] 6b73ae82-05dd-45c5-a83a-2d015c2c2fc0: does not qualify; 1.4 s; peak memory 14333 MiB.
2026-10-06T07:40:36Z INFO [1053/1826] 6b741504-0cb0-435e-b96d-36f021c96433: does not qualify; 2.3 s; peak memory 14333 MiB.
2026-10-06T07:40:39Z INFO [1054/1826] 6b7482d9-7dd2-471a-9170-63b16080c6d9: does not qualify; 2.5 s; peak memory 14333 MiB.
2026-10-06T07:40:40Z INFO [1055/1826] 6b7502c9-9f6c-4d54-9148-c8d2a783a3c9: does not qualify; 1.6 s; peak memory 14333 MiB.
2026-10-06T07:40:42Z INFO [1056/1826] 6b75c83b-305d-4607-bb0f-bf09185801e2: does not qualify; 1.3 s; peak memory 14333 MiB.
2026-10-06T07:40:43Z INFO [1057/1826] 6b7643e8-838b-432c-b040-a3bb23583974: does not qualify; 1.3 s; peak memory 14333 MiB.
2026-10-06T07:40:45Z INFO [1058/1826] 6b766d44-192e-46b0-9a29-53ebc2bf835d: does not qualify; 1.8 s; peak memory 14333 MiB.
2026-10-06T07:40:49Z INFO [1059/1826] 6b77bbf4-778f-48b6-a0b0-18b728a90e3a: does not qualify; 4.1 s; peak memory 14333 MiB.
2026-10-06T07:40:51Z INFO [1060/1826] 6b77fce6-c413-4562-946b-d823417d4f20: does not qualify; 2.6 s; peak memory 14333 MiB.
2026-10-06T07:40:53Z INFO [1061/1826] 6b786e35-aecf-4e02-a216-d4d592798bf7: does not qualify; 1.4 s; peak memory 14333 MiB.
2026-10-06T07:40:54Z INFO [1062/1826] 6b7aa5e8-2878-426f-a738-9da32379d47f: does not qualify; 1.5 s; peak memory 14333 MiB.
2026-10-06T07:40:56Z INFO [1063/1826] 6b7af0cb-1497-4a9f-91ed-8b727a56248b: does not qualify; 1.3 s; peak memory 14333 MiB.
2026-10-06T07:40:57Z INFO [1064/1826] 6b7bc28e-bf53-45b2-bee1-f207d49c4388: does not qualify; 1.4 s; peak memory 14333 MiB.
2026-10-06T07:40:59Z INFO [1065/1826] 6b7bd41e-e443-48a3-9d19-934e150f1970: does not qualify; 1.7 s; peak memory 14333 MiB.
2026-10-06T07:41:02Z INFO [1066/1826] 6b7cae28-884d-4737-bdcf-6540200795de: does not qualify; 3.5 s; peak memory 14333 MiB.
2026-10-06T07:41:04Z INFO [1067/1826] 6b7cb179-e7f4-4324-8c84-2e064996a985: does not qualify; 1.7 s; peak memory 14333 MiB.
2026-10-06T07:41:08Z INFO [1068/1826] 6b7d1a9e-d3e1-491e-8a92-053fd665e091: does not qualify; 3.6 s; peak memory 14333 MiB.
2026-10-06T07:41:12Z INFO [1069/1826] 6b7d4e48-9ff9-4ca6-b9f8-eb4346f73fc5: does not qualify; 4.0 s; peak memory 14333 MiB.
2026-10-06T07:41:13Z INFO [1070/1826] 6b7de3e0-1dcd-4533-b3d9-c71ce87ac9c3: does not qualify; 1.7 s; peak memory 14333 MiB.
2026-10-06T07:41:15Z INFO [1071/1826] 6b7debac-3a72-4c49-8fc5-a50061600b1c: does not qualify; 1.2 s; peak memory 14333 MiB.
2026-10-06T07:41:16Z INFO [1072/1826] 6b7e090b-5226-4c15-b9ff-9d7e6b73295f: does not qualify; 1.5 s; peak memory 14333 MiB.
2026-10-06T07:41:18Z INFO [1073/1826] 6b7e76d4-5599-4644-b258-2d2aa8ff2f62: does not qualify; 1.5 s; peak memory 14333 MiB.
2026-10-06T07:41:19Z INFO [1074/1826] 6b7febc7-1380-4468-b25a-d0d2f2ca7667: does not qualify; 1.8 s; peak memory 14333 MiB.
2026-10-06T07:41:21Z INFO [1075/1826] 6b8206bd-2829-48d9-95fc-e713cb3d363a: does not qualify; 1.9 s; peak memory 14333 MiB.
2026-10-06T07:41:23Z INFO [1076/1826] 6b820739-6955-4ea0-80ea-0cad36269e92: does not qualify; 1.3 s; peak memory 14333 MiB.
2026-10-06T07:41:26Z INFO [1077/1826] 6b8483aa-7076-4489-95c2-2d86a85d1fa0: does not qualify; 3.1 s; peak memory 14333 MiB.
2026-10-06T07:41:37Z INFO [1078/1826] 6b84e62a-c6e1-4d74-8546-84656e3e6bf8: does not qualify; 11.0 s; peak memory 14333 MiB.
2026-10-06T07:41:38Z INFO [1079/1826] 6b860524-1054-4e45-88b2-d7e0748d828a: does not qualify; 1.7 s; peak memory 14333 MiB.
2026-10-06T07:41:40Z INFO [1080/1826] 6b86309d-58a2-461b-97ed-bc4671a94379: does not qualify; 1.3 s; peak memory 14333 MiB.
2026-10-06T07:41:42Z INFO [1081/1826] 6b8666f9-1096-46c8-8359-b565729fcb72: does not qualify; 2.1 s; peak memory 14333 MiB.
2026-10-06T07:41:43Z INFO [1082/1826] 6b86825e-7b75-49c8-ad7f-ebdf19e08827: does not qualify; 1.4 s; peak memory 14333 MiB.
2026-10-06T07:41:46Z INFO [1083/1826] 6b869de8-73f1-4261-ae79-12b47e290013: does not qualify; 2.6 s; peak memory 14333 MiB.
2026-10-06T07:41:52Z INFO [1084/1826] 6b86a1f1-d1b2-4a54-9360-71195fbc5796: qualifies; 6.8 s; peak memory 14333 MiB.
2026-10-06T07:41:54Z INFO [1085/1826] 6b86b978-af7a-400e-803f-d0d8330198ea: does not qualify; 1.4 s; peak memory 14333 MiB.
2026-10-06T07:41:55Z INFO [1086/1826] 6b86c5a2-bc64-416a-ab32-0795ef56298d: does not qualify; 1.4 s; peak memory 14333 MiB.
2026-10-06T07:42:00Z INFO [1087/1826] 6b86d9f2-151e-435f-8d89-30ae93fc15b5: does not qualify; 4.4 s; peak memory 14333 MiB.
2026-10-06T07:42:05Z INFO [1088/1826] 6b877e72-275d-4ca5-b1db-d178ce4c044d: does not qualify; 5.3 s; peak memory 14333 MiB.
2026-10-06T07:42:13Z INFO [1089/1826] 6b885355-f306-4572-99dd-15ad6e316325: does not qualify; 7.8 s; peak memory 14333 MiB.
2026-10-06T07:42:15Z INFO [1090/1826] 6b88705b-ef85-4732-8a24-7473cf1877d4: does not qualify; 2.3 s; peak memory 14333 MiB.
2026-10-06T07:42:17Z INFO [1091/1826] 6b88b0a3-70b8-499c-a860-01dc65391768: does not qualify; 2.3 s; peak memory 14333 MiB.
2026-10-06T07:42:19Z INFO [1092/1826] 6b88e80e-4745-4164-8a0b-e806b85139dc: does not qualify; 1.7 s; peak memory 14333 MiB.
2026-10-06T07:42:22Z INFO [1093/1826] 6b8948ba-6744-4797-a757-afc2bc140385: does not qualify; 3.2 s; peak memory 14333 MiB.
2026-10-06T07:42:24Z INFO [1094/1826] 6b89ee4a-1312-4a1f-aa77-46771ff14de5: does not qualify; 2.0 s; peak memory 14333 MiB.
2026-10-06T07:42:37Z INFO [1095/1826] 6b8a0d60-7207-4ed1-aeee-1f9dba76d9eb: does not qualify; 13.5 s; peak memory 14333 MiB.
2026-10-06T07:42:40Z INFO [1096/1826] 6b8aca98-e773-4e30-b38f-c464caa150dd: does not qualify; 2.3 s; peak memory 14333 MiB.
2026-10-06T07:42:41Z INFO [1097/1826] 6b8ad16f-ea6d-4318-b1e7-9a190d06438a: does not qualify; 1.3 s; peak memory 14333 MiB.
2026-10-06T07:42:42Z INFO [1098/1826] 6b8b5fd2-25b5-4d74-9be4-b55d62c88d9e: does not qualify; 1.2 s; peak memory 14333 MiB.
2026-10-06T07:42:44Z INFO [1099/1826] 6b8c0387-8015-41b0-a89d-1cb7c9fbccdc: does not qualify; 1.7 s; peak memory 14333 MiB.
2026-10-06T07:42:55Z INFO [1100/1826] 6b8c0a56-6f04-42ee-9254-0d4eb11b2e65: does not qualify; 11.2 s; peak memory 14333 MiB.
2026-10-06T07:42:55Z INFO [1100/1826] 6b8c0a56-6f04-42ee-9254-0d4eb11b2e65: checkpointed 80131 records.
2026-10-06T07:42:57Z INFO [1101/1826] 6b8cb62a-950f-49e8-94ec-20cdc9c6db91: does not qualify; 1.7 s; peak memory 14333 MiB.
2026-10-06T07:42:58Z INFO [1102/1826] 6b8d37dc-6dc0-460c-a5e8-e981c866d02c: does not qualify; 1.4 s; peak memory 14333 MiB.
2026-10-06T07:43:00Z INFO [1103/1826] 6b8e2d52-b621-4db6-aa3b-ce2f16d478d4: does not qualify; 1.3 s; peak memory 14333 MiB.
2026-10-06T07:43:02Z INFO [1104/1826] 6b8f3ac1-f116-48f3-9a33-e1ac8d8ed81e: does not qualify; 1.9 s; peak memory 14333 MiB.
2026-10-06T07:43:03Z INFO [1105/1826] 6b8f8fca-0c4f-464a-8c45-eeca748909c9: does not qualify; 1.6 s; peak memory 14333 MiB.
2026-10-06T07:43:06Z INFO [1106/1826] 6b8fa281-2683-44b4-9a76-3b63033bfbe1: does not qualify; 2.4 s; peak memory 14333 MiB.
2026-10-06T07:43:08Z INFO [1107/1826] 6b8fddf3-611b-4d7f-aaf1-2335b8ae9a24: does not qualify; 1.9 s; peak memory 14333 MiB.
2026-10-06T07:43:09Z INFO [1108/1826] 6b918f93-3a75-4edc-a28a-f2bbba5827ba: does not qualify; 1.8 s; peak memory 14333 MiB.
2026-10-06T07:43:11Z INFO [1109/1826] 6b919321-e64b-41cc-b381-f4cfdf8ca590: does not qualify; 1.2 s; peak memory 14333 MiB.
2026-10-06T07:43:12Z INFO [1110/1826] 6b922757-2db6-4275-b1ee-d3e33c768d33: does not qualify; 1.7 s; peak memory 14333 MiB.
2026-10-06T07:43:14Z INFO [1111/1826] 6b923b2e-426f-4be1-83e1-93db25849c2b: does not qualify; 1.4 s; peak memory 14333 MiB.
2026-10-06T07:43:17Z INFO [1112/1826] 6b9248ec-f0c6-4c1d-b220-6e55d6eaa842: does not qualify; 3.3 s; peak memory 14333 MiB.
2026-10-06T07:43:19Z INFO [1113/1826] 6b928ab8-5e28-4e5f-ad47-39ae0f4f5cd5: does not qualify; 2.5 s; peak memory 14333 MiB.
2026-10-06T07:53:52Z INFO [1114/1826] 6b933fdc-7db3-45d2-994f-29f8af0ebc4b: qualifies; 632.3 s; peak memory 14333 MiB.
2026-10-06T07:53:59Z INFO [1115/1826] 6b935144-2456-4849-88fb-3707941250c8: does not qualify; 7.5 s; peak memory 14333 MiB.
2026-10-06T07:54:01Z INFO [1116/1826] 6b940410-9954-45f1-a64b-bbb11c3a7037: does not qualify; 1.6 s; peak memory 14333 MiB.
2026-10-06T07:54:06Z INFO [1117/1826] 6b941cc0-eb71-490a-acb0-07e4e4bd95bc: does not qualify; 5.4 s; peak memory 14333 MiB.
2026-10-06T07:54:08Z INFO [1118/1826] 6b946181-3387-48eb-ba31-b7057f626b66: does not qualify; 1.5 s; peak memory 14333 MiB.
2026-10-06T07:54:11Z INFO [1119/1826] 6b946a10-48ac-40e1-a4c7-c882f0dc4261: does not qualify; 2.7 s; peak memory 14333 MiB.
2026-10-06T07:54:12Z INFO [1120/1826] 6b94c304-c2ef-4ebd-bd70-6a5093ec3968: does not qualify; 2.0 s; peak memory 14333 MiB.
2026-10-06T07:54:14Z INFO [1121/1826] 6b951585-6efc-4b58-a717-018ae4ac9d7e: does not qualify; 1.4 s; peak memory 14333 MiB.
2026-10-06T07:54:22Z INFO [1122/1826] 6b96c86b-c07d-4bb0-8c8f-ea43d179dabf: does not qualify; 8.1 s; peak memory 14333 MiB.
2026-10-06T07:54:27Z INFO [1123/1826] 6b97af46-11aa-4e03-bfc0-e92d05b61cc6: does not qualify; 4.6 s; peak memory 14333 MiB.
2026-10-06T07:54:29Z INFO [1124/1826] 6b97cc4e-8204-4eb3-ad34-c02e057342e9: does not qualify; 2.9 s; peak memory 14333 MiB.
2026-10-06T07:54:31Z INFO [1125/1826] 6b981312-b003-487d-be1c-79fd1205432b: does not qualify; 1.8 s; peak memory 14333 MiB.
2026-10-06T07:54:33Z INFO [1126/1826] 6b987d87-9e40-421d-9452-150e1eec7ebb: does not qualify; 1.4 s; peak memory 14333 MiB.
2026-10-06T07:54:35Z INFO [1127/1826] 6b99aaa8-8a9d-4a07-82a0-d4547df4d650: does not qualify; 2.0 s; peak memory 14333 MiB.
2026-10-06T07:56:06Z INFO [1128/1826] 6b9a9fb5-6b1c-4790-9430-07c5fb4c178b: does not qualify; 91.7 s; peak memory 14333 MiB.
2026-10-06T07:56:08Z INFO [1129/1826] 6b9ad49f-d0e0-4155-a24d-e20c584726e3: does not qualify; 1.6 s; peak memory 14333 MiB.
2026-10-06T07:56:10Z INFO [1130/1826] 6b9b956d-6066-420f-bc0d-d354e2b8f1e3: does not qualify; 1.8 s; peak memory 14333 MiB.
2026-10-06T07:56:12Z INFO [1131/1826] 6b9c24dd-72b6-4df1-a3c1-66d1dd0c7fbf: does not qualify; 1.7 s; peak memory 14333 MiB.
2026-10-06T07:56:13Z INFO [1132/1826] 6b9c42bc-584b-4bfe-9d95-6249e5ca07d2: does not qualify; 1.7 s; peak memory 14333 MiB.
2026-10-06T07:56:14Z INFO [1133/1826] 6b9def6a-b491-48a4-98fc-bc6b977427cd: does not qualify; 1.2 s; peak memory 14333 MiB.
2026-10-06T07:56:23Z INFO [1134/1826] 6b9f5781-3626-44a8-83c6-f6b4789f1110: does not qualify; 8.2 s; peak memory 14333 MiB.
2026-10-06T07:56:25Z INFO [1135/1826] 6b9fa861-6ecc-476d-ae0f-823dff2e5f0c: does not qualify; 2.7 s; peak memory 14333 MiB.
2026-10-06T07:56:28Z INFO [1136/1826] 6ba03fb2-7f54-4c91-885e-42d00f2df6c4: does not qualify; 2.6 s; peak memory 14333 MiB.
2026-10-06T07:56:43Z INFO [1137/1826] 6ba048e4-6c75-4953-b307-bb674f142e1d: does not qualify; 14.6 s; peak memory 14333 MiB.
2026-10-06T07:56:44Z INFO [1138/1826] 6ba15dd9-aeba-4558-ae27-5f37e7b76e53: does not qualify; 1.5 s; peak memory 14333 MiB.
2026-10-06T07:56:45Z INFO [1139/1826] 6ba2d8cb-e2d9-4ea1-a13a-fb85ea25157e: does not qualify; 1.3 s; peak memory 14333 MiB.
2026-10-06T07:56:53Z INFO [1140/1826] 6ba3659d-b64a-4aee-a628-d716df437e99: does not qualify; 7.4 s; peak memory 14333 MiB.
2026-10-06T07:56:55Z INFO [1141/1826] 6ba49a88-6369-40f5-ac09-ed8c0ca3c6a5: does not qualify; 1.9 s; peak memory 14333 MiB.
2026-10-06T07:56:56Z INFO [1142/1826] 6ba4ab2e-4635-4e40-ba71-87abce7001f3: does not qualify; 1.3 s; peak memory 14333 MiB.
2026-10-06T07:56:58Z INFO [1143/1826] 6ba50b60-1f72-4473-af8e-9f4829941ed0: does not qualify; 2.3 s; peak memory 14333 MiB.
2026-10-06T07:57:00Z INFO [1144/1826] 6ba5bb8d-ced4-4495-beb4-b6c69e3373df: does not qualify; 1.6 s; peak memory 14333 MiB.
2026-10-06T07:57:03Z INFO [1145/1826] 6ba5f98a-811d-44df-8ad1-c01b053c4e5e: does not qualify; 3.3 s; peak memory 14333 MiB.
2026-10-06T07:57:10Z INFO [1146/1826] 6ba6793c-bb02-42ce-859c-a37084ebf334: does not qualify; 7.3 s; peak memory 14333 MiB.
2026-10-06T07:57:12Z INFO [1147/1826] 6ba6a959-d252-4654-bb85-f5410f9221c4: does not qualify; 1.4 s; peak memory 14333 MiB.
2026-10-06T07:57:20Z INFO [1148/1826] 6ba8712f-bbc9-43a7-946f-50fb14c08ee7: does not qualify; 7.7 s; peak memory 14333 MiB.
2026-10-06T07:57:21Z INFO [1149/1826] 6ba89308-9ae5-4d84-8356-c86370650403: does not qualify; 1.9 s; peak memory 14333 MiB.
2026-10-06T07:57:25Z INFO [1150/1826] 6ba8ee4a-d19c-48b0-be15-a2059875e863: does not qualify; 3.9 s; peak memory 14333 MiB.
2026-10-06T07:57:26Z INFO [1150/1826] 6ba8ee4a-d19c-48b0-be15-a2059875e863: checkpointed 80181 records.
2026-10-06T07:57:27Z INFO [1151/1826] 6ba98d8b-7f2b-4a3c-8abc-53600d35b242: does not qualify; 1.1 s; peak memory 14333 MiB.
2026-10-06T07:57:29Z INFO [1152/1826] 6baa42de-e7b1-49e2-b243-1dfa29b7d505: does not qualify; 2.0 s; peak memory 14333 MiB.
2026-10-06T07:58:03Z INFO [1153/1826] 6baa5384-00c2-491e-b74d-7dd08d77d73d: does not qualify; 34.7 s; peak memory 14333 MiB.
2026-10-06T07:58:15Z INFO [1154/1826] 6bab9a47-0c63-40d5-ba63-3dc6e81fe4e3: does not qualify; 11.5 s; peak memory 14333 MiB.
2026-10-06T07:58:17Z INFO [1155/1826] 6babd29d-d25c-4d93-b408-b5f01b7ada27: does not qualify; 2.0 s; peak memory 14333 MiB.
2026-10-06T07:58:18Z INFO [1156/1826] 6babe22f-67f5-4e89-b217-75d03b343967: does not qualify; 1.3 s; peak memory 14333 MiB.
2026-10-06T07:58:20Z INFO [1157/1826] 6bacefce-8c83-4e2d-841e-c6d43d7eb499: does not qualify; 2.3 s; peak memory 14333 MiB.
2026-10-06T07:58:27Z INFO [1158/1826] 6bad2517-cf24-47b5-9ab6-2b9152c6df2f: does not qualify; 6.1 s; peak memory 14333 MiB.
2026-10-06T07:58:28Z INFO [1159/1826] 6bad6a46-6b74-420c-9687-d257d5af0212: does not qualify; 1.3 s; peak memory 14333 MiB.
2026-10-06T07:58:30Z INFO [1160/1826] 6bae1d76-8888-492b-84e3-00bc03688b32: does not qualify; 2.5 s; peak memory 14333 MiB.
2026-10-06T07:58:32Z INFO [1161/1826] 6baf02d6-96f9-4abb-90fc-34499f99298f: does not qualify; 1.2 s; peak memory 14333 MiB.
2026-10-06T07:58:33Z INFO [1162/1826] 6baf2151-2601-4933-81dd-9437e0b34a41: does not qualify; 1.8 s; peak memory 14333 MiB.
2026-10-06T07:58:44Z INFO [1163/1826] 6baf2808-f9f1-46d3-8e0e-02b1fe9fc9c3: does not qualify; 10.3 s; peak memory 14333 MiB.
2026-10-06T07:58:47Z INFO [1164/1826] 6bafd69e-e5ca-4979-9236-ac3bb203ce3d: does not qualify; 3.7 s; peak memory 14333 MiB.
2026-10-06T07:58:56Z INFO [1165/1826] 6bb3ce54-b614-45a6-ae63-5f58c2b7eed0: does not qualify; 8.3 s; peak memory 14333 MiB.
2026-10-06T07:58:58Z INFO [1166/1826] 6bb3facd-458b-4226-a20a-ae242e0708a8: does not qualify; 2.2 s; peak memory 14333 MiB.
2026-10-06T07:58:59Z INFO [1167/1826] 6bb4c92d-1f42-42a1-9a6c-eec95601255d: does not qualify; 1.0 s; peak memory 14333 MiB.
2026-10-06T07:59:12Z INFO [1168/1826] 6bb4cfbf-6d1a-4b4d-ab16-30f70fd9c513: does not qualify; 12.7 s; peak memory 14333 MiB.
2026-10-06T07:59:13Z INFO [1169/1826] 6bb5dc16-4047-44f4-91ef-6bdaaa0565e9: does not qualify; 1.5 s; peak memory 14333 MiB.
2026-10-06T07:59:15Z INFO [1170/1826] 6bb6d913-f32b-4429-b56d-ad0c7c0417c8: does not qualify; 2.1 s; peak memory 14333 MiB.
2026-10-06T07:59:17Z INFO [1171/1826] 6bb6eea7-00ab-42ac-bbe2-07787dae4447: does not qualify; 1.5 s; peak memory 14333 MiB.
2026-10-06T07:59:18Z INFO [1172/1826] 6bb83b31-2c44-4cd4-b478-2725266e4158: does not qualify; 1.3 s; peak memory 14333 MiB.
2026-10-06T07:59:20Z INFO [1173/1826] 6bb86225-1620-4338-878f-ae66400eb494: does not qualify; 1.6 s; peak memory 14333 MiB.
2026-10-06T07:59:22Z INFO [1174/1826] 6bb8a07a-1928-498e-9a8d-28b64145156d: does not qualify; 2.2 s; peak memory 14333 MiB.
2026-10-06T07:59:24Z INFO [1175/1826] 6bb95f58-e9c6-448e-ad8b-290684ebbbfd: does not qualify; 1.8 s; peak memory 14333 MiB.
2026-10-06T07:59:27Z INFO [1176/1826] 6bb99b90-35a9-498b-8b1a-e9e56cf8ee8d: does not qualify; 3.5 s; peak memory 14333 MiB.
2026-10-06T07:59:28Z INFO [1177/1826] 6bb9d079-ff84-4797-9549-d36b2c21ccf8: does not qualify; 1.1 s; peak memory 14333 MiB.
2026-10-06T07:59:30Z INFO [1178/1826] 6bba248a-05f9-49f9-b487-5ced5ee075e6: does not qualify; 1.9 s; peak memory 14333 MiB.
2026-10-06T07:59:34Z INFO [1179/1826] 6bbb2a7b-1ed1-4cc3-8683-6efc946e1c3e: does not qualify; 3.4 s; peak memory 14333 MiB.
2026-10-06T07:59:35Z INFO [1180/1826] 6bbb74c5-1825-440d-a2f0-bd122ab290f4: does not qualify; 1.5 s; peak memory 14333 MiB.
2026-10-06T08:01:54Z INFO [1181/1826] 6bbc1017-97ce-4a82-abf6-b1625fbef736: qualifies; 138.9 s; peak memory 14333 MiB.
2026-10-06T08:02:00Z INFO [1182/1826] 6bbcae98-c422-4088-87e1-c212fe640ac1: does not qualify; 6.3 s; peak memory 14333 MiB.
2026-10-06T08:02:02Z INFO [1183/1826] 6bbcb043-0afe-421d-8f98-de99c40c880e: does not qualify; 1.6 s; peak memory 14333 MiB.
2026-10-06T08:02:03Z INFO [1184/1826] 6bbdcb6f-6109-4de3-8a5c-e8ec033090b6: does not qualify; 1.3 s; peak memory 14333 MiB.
2026-10-06T08:02:06Z INFO [1185/1826] 6bbe7f4f-feb7-45dc-bf54-bd05ef39cd49: does not qualify; 3.0 s; peak memory 14333 MiB.
2026-10-06T08:02:08Z INFO [1186/1826] 6bbf9ac8-1fba-491c-87bf-4f54bf20ac3f: does not qualify; 1.7 s; peak memory 14333 MiB.
2026-10-06T08:02:20Z INFO [1187/1826] 6bc08d74-14ed-49b7-9a3d-1ae37cb1a8ea: does not qualify; 11.6 s; peak memory 14333 MiB.
2026-10-06T08:02:21Z INFO [1188/1826] 6bc09710-8eb0-4a01-90c8-19a5f378bf06: does not qualify; 1.4 s; peak memory 14333 MiB.
2026-10-06T08:02:23Z INFO [1189/1826] 6bc15a67-5882-4643-9de4-fa63b659b177: does not qualify; 1.8 s; peak memory 14333 MiB.
2026-10-06T08:02:25Z INFO [1190/1826] 6bc1b766-7ff1-4cab-b121-ff58ce46b12f: does not qualify; 1.9 s; peak memory 14333 MiB.
2026-10-06T08:02:26Z INFO [1191/1826] 6bc249f5-76b4-440d-b695-fd88b581ac67: does not qualify; 1.6 s; peak memory 14333 MiB.
2026-10-06T08:02:28Z INFO [1192/1826] 6bc28a48-fa07-484a-b9d4-1f75cac9df1b: does not qualify; 1.8 s; peak memory 14333 MiB.
2026-10-06T08:02:37Z INFO [1193/1826] 6bc2e0a3-ba6e-4670-9d58-4e4af41b1fd4: does not qualify; 9.2 s; peak memory 14333 MiB.
2026-10-06T08:02:40Z INFO [1194/1826] 6bc36aa7-64dd-45a5-a4bb-67195fc13ae0: does not qualify; 2.3 s; peak memory 14333 MiB.
2026-10-06T08:02:41Z INFO [1195/1826] 6bc3f768-341a-49e8-a834-31f0e91674e4: does not qualify; 1.2 s; peak memory 14333 MiB.
2026-10-06T08:02:42Z INFO [1196/1826] 6bc410b7-1125-49dc-ad45-f6e2441da111: does not qualify; 1.3 s; peak memory 14333 MiB.
2026-10-06T08:02:43Z INFO [1197/1826] 6bc4d27a-96d0-45ca-8ad9-d69037ac13a3: does not qualify; 1.4 s; peak memory 14333 MiB.
2026-10-06T08:02:45Z INFO [1198/1826] 6bc5726e-9e24-4a65-bd2e-d6f289b4a895: does not qualify; 1.1 s; peak memory 14333 MiB.
2026-10-06T08:02:50Z INFO [1199/1826] 6bc68651-4218-42bb-a779-19a04d58d266: does not qualify; 5.2 s; peak memory 14333 MiB.
2026-10-06T08:02:52Z INFO [1200/1826] 6bc74c0d-d75c-4174-8d61-7bce5b47b6ae: does not qualify; 1.8 s; peak memory 14333 MiB.
2026-10-06T08:02:52Z INFO [1200/1826] 6bc74c0d-d75c-4174-8d61-7bce5b47b6ae: checkpointed 80231 records.
2026-10-06T08:03:04Z INFO [1201/1826] 6bc87301-7731-437a-ba27-66b7f4d1ea27: does not qualify; 12.0 s; peak memory 14333 MiB.
2026-10-06T08:03:06Z INFO [1202/1826] 6bc95c24-a6c6-4be4-8297-f3bc32c8141f: does not qualify; 2.2 s; peak memory 14333 MiB.
2026-10-06T08:03:08Z INFO [1203/1826] 6bc97691-871f-4f5b-85a3-d6363d2400b4: does not qualify; 1.6 s; peak memory 14333 MiB.
2026-10-06T08:03:18Z INFO [1204/1826] 6bc9d39c-daff-4cfe-9399-35c9f33e4302: does not qualify; 10.2 s; peak memory 14333 MiB.
2026-10-06T08:03:20Z INFO [1205/1826] 6bc9e01d-bfea-4268-83cc-d6059350e0f3: does not qualify; 1.7 s; peak memory 14333 MiB.
2026-10-06T08:03:21Z INFO [1206/1826] 6bc9f75d-3a0e-49f6-860e-159adf4ec918: does not qualify; 1.0 s; peak memory 14333 MiB.
2026-10-06T08:03:23Z INFO [1207/1826] 6bcabdd1-090d-4b1d-8e54-ad3ccad0975b: does not qualify; 2.1 s; peak memory 14333 MiB.
2026-10-06T08:03:24Z INFO [1208/1826] 6bcb78b8-ac9d-4ac4-98e2-0a8d3a217b19: does not qualify; 1.7 s; peak memory 14333 MiB.
2026-10-06T08:03:26Z INFO [1209/1826] 6bcba4fb-9899-43ec-8b72-f53f7dabb63c: does not qualify; 1.7 s; peak memory 14333 MiB.
2026-10-06T08:03:28Z INFO [1210/1826] 6bcc9274-3ab6-4147-b762-67ff3cf7ff5a: does not qualify; 1.6 s; peak memory 14333 MiB.
2026-10-06T08:03:29Z INFO [1211/1826] 6bcd5bf7-020b-47ab-bb7c-d0d6302e9213: does not qualify; 1.4 s; peak memory 14333 MiB.
2026-10-06T08:03:34Z INFO [1212/1826] 6bcd7b81-f11b-4549-aa45-2ededb11e1b3: does not qualify; 4.7 s; peak memory 14333 MiB.
2026-10-06T08:03:35Z INFO [1213/1826] 6bce3236-ba26-4af5-af04-ad0112adc92f: does not qualify; 1.4 s; peak memory 14333 MiB.
2026-10-06T08:03:37Z INFO [1214/1826] 6bce4db4-44fc-4c7a-b508-c4fd8c583f68: does not qualify; 1.4 s; peak memory 14333 MiB.
2026-10-06T08:03:39Z INFO [1215/1826] 6bceeb16-34b9-4ab5-ad86-c10a22ab0cb6: does not qualify; 2.2 s; peak memory 14333 MiB.
2026-10-06T08:03:41Z INFO [1216/1826] 6bcf024b-f7b6-453b-8cff-a86bb4809775: does not qualify; 2.4 s; peak memory 14333 MiB.
2026-10-06T08:04:07Z INFO [1217/1826] 6bcf4f82-d53f-4814-af86-6fd8ced3419d: does not qualify; 25.4 s; peak memory 14333 MiB.
2026-10-06T08:04:08Z INFO [1218/1826] 6bcf69cd-64b0-4c0d-bc77-2d20e2772d39: does not qualify; 1.6 s; peak memory 14333 MiB.
2026-10-06T08:04:10Z INFO [1219/1826] 6bcf736d-0e7d-4056-8585-d8675f8f652f: does not qualify; 1.5 s; peak memory 14333 MiB.
2026-10-06T08:04:12Z INFO [1220/1826] 6bcf9b4b-1c96-436f-9534-5dc12e465248: does not qualify; 1.8 s; peak memory 14333 MiB.
2026-10-06T08:04:13Z INFO [1221/1826] 6bd03a23-cc69-411b-9016-3dbab13f864d: does not qualify; 1.5 s; peak memory 14333 MiB.
2026-10-06T08:04:15Z INFO [1222/1826] 6bd17ebb-7e10-443f-a7aa-50e3c3034e1a: does not qualify; 2.1 s; peak memory 14333 MiB.
2026-10-06T08:04:16Z INFO [1223/1826] 6bd1a457-eadb-40a3-804a-cb5c976be0b7: does not qualify; 1.3 s; peak memory 14333 MiB.
2026-10-06T08:04:18Z INFO [1224/1826] 6bd26ca8-1edf-4a24-86e1-50a4911a0dfa: does not qualify; 2.0 s; peak memory 14333 MiB.
2026-10-06T08:04:20Z INFO [1225/1826] 6bd33851-fa7b-447e-843d-d81429d921cc: does not qualify; 1.7 s; peak memory 14333 MiB.
2026-10-06T08:04:24Z INFO [1226/1826] 6bd3994b-4471-4a3b-9268-8ea7ba614fc5: does not qualify; 3.9 s; peak memory 14333 MiB.
2026-10-06T08:04:30Z INFO [1227/1826] 6bd4a24b-7386-4750-b234-acfa77c80aaf: does not qualify; 5.8 s; peak memory 14333 MiB.
2026-10-06T08:04:31Z INFO [1228/1826] 6bd4c309-6c54-4b45-bf93-75816b158725: does not qualify; 1.3 s; peak memory 14333 MiB.
2026-10-06T08:04:33Z INFO [1229/1826] 6bd4d41e-bc94-4a0d-a7c3-4d64961e2da7: does not qualify; 1.6 s; peak memory 14333 MiB.
2026-10-06T08:04:35Z INFO [1230/1826] 6bd57257-7f1b-42cb-a942-04ed050bc999: does not qualify; 2.0 s; peak memory 14333 MiB.
2026-10-06T08:04:36Z INFO [1231/1826] 6bd65f5b-bbeb-44a3-b523-d5237454751a: does not qualify; 1.4 s; peak memory 14333 MiB.
2026-10-06T08:04:37Z INFO [1232/1826] 6bd6f364-85ef-46cb-aa00-24e68b582c4f: does not qualify; 1.0 s; peak memory 14333 MiB.
2026-10-06T08:04:44Z INFO [1233/1826] 6bd6f570-8142-4baa-b2db-fecddf399a96: does not qualify; 7.1 s; peak memory 14333 MiB.
2026-10-06T08:04:46Z INFO [1234/1826] 6bd83e47-0ef4-46dd-a0cc-dbd4b42200d9: does not qualify; 2.0 s; peak memory 14333 MiB.
2026-10-06T08:04:47Z INFO [1235/1826] 6bd93426-d53f-44ad-8ff3-e81e0fa071b0: does not qualify; 1.3 s; peak memory 14333 MiB.
2026-10-06T08:04:49Z INFO [1236/1826] 6bd93f71-5ad8-4182-90a4-d17160212e74: does not qualify; 1.4 s; peak memory 14333 MiB.
2026-10-06T08:04:50Z INFO [1237/1826] 6bd9c34a-578c-4c1b-8391-7eeacc987579: does not qualify; 1.2 s; peak memory 14333 MiB.
2026-10-06T08:04:53Z INFO [1238/1826] 6bd9d052-a83b-4fdb-a7ce-9112a9e0093f: does not qualify; 2.7 s; peak memory 14333 MiB.
2026-10-06T08:19:17Z INFO [1239/1826] 6bd9eef8-0c35-4d61-8712-1975e61e7d85: qualifies; 864.4 s; peak memory 14333 MiB.
2026-10-06T08:19:19Z INFO [1240/1826] 6bd9f555-b4d8-443d-9a37-04f711b5bcba: does not qualify; 1.8 s; peak memory 14333 MiB.
2026-10-06T08:19:28Z INFO [1241/1826] 6bdb8cbc-21c2-420a-8e41-546c231e64bb: does not qualify; 8.9 s; peak memory 14333 MiB.
2026-10-06T08:19:29Z INFO [1242/1826] 6bdbf84f-df7d-4f0f-8098-79a0dd0e31fe: does not qualify; 1.7 s; peak memory 14333 MiB.
2026-10-06T08:19:32Z INFO [1243/1826] 6bdc4ee6-0baf-4ecb-8b1c-a43f47ccb55b: does not qualify; 2.2 s; peak memory 14333 MiB.
2026-10-06T08:19:33Z INFO [1244/1826] 6bdf154e-2f93-4dde-968d-aba59b3b5909: does not qualify; 1.7 s; peak memory 14333 MiB.
2026-10-06T08:19:35Z INFO [1245/1826] 6bdf4d87-dbe2-489c-9bbb-ebfef8691ab8: does not qualify; 1.6 s; peak memory 14333 MiB.
2026-10-06T08:19:36Z INFO [1246/1826] 6bdf6738-1d6f-4b40-b1e8-7effdec4b9c6: does not qualify; 1.6 s; peak memory 14333 MiB.
2026-10-06T08:19:45Z INFO [1247/1826] 6bdfb82b-3411-4ed8-8aff-53d1b1927a7a: does not qualify; 8.1 s; peak memory 14333 MiB.
2026-10-06T08:19:46Z INFO [1248/1826] 6bdfbdc8-85fb-4d0f-adc4-a4925ab5e587: does not qualify; 1.6 s; peak memory 14333 MiB.
2026-10-06T08:19:48Z INFO [1249/1826] 6bdff057-4284-46a1-afff-dfcd07ffedb6: does not qualify; 1.7 s; peak memory 14333 MiB.
2026-10-06T08:20:02Z INFO [1250/1826] 6bdff742-2091-4412-b478-983c6dfb9dd8: does not qualify; 14.6 s; peak memory 14333 MiB.
2026-10-06T08:20:03Z INFO [1250/1826] 6bdff742-2091-4412-b478-983c6dfb9dd8: checkpointed 80281 records.
2026-10-06T08:20:04Z INFO [1251/1826] 6bdffb44-d50f-4253-8016-05d183dc6946: does not qualify; 1.4 s; peak memory 14333 MiB.
2026-10-06T08:20:05Z INFO [1252/1826] 6be1633c-838c-4aa8-83c5-c8be779333a7: does not qualify; 1.4 s; peak memory 14333 MiB.
2026-10-06T08:20:07Z INFO [1253/1826] 6be19a99-6c6e-4a58-871a-b6fdb40182d6: does not qualify; 1.4 s; peak memory 14333 MiB.
2026-10-06T08:20:11Z INFO [1254/1826] 6be1d6be-4343-4cf3-8bd4-c43afb4defc9: does not qualify; 4.6 s; peak memory 14333 MiB.
2026-10-06T08:20:13Z INFO [1255/1826] 6be248d5-ec85-40ce-b55a-6c76e1239109: does not qualify; 1.6 s; peak memory 14333 MiB.
2026-10-06T08:20:14Z INFO [1256/1826] 6be29164-c4f8-4cc6-a6ab-c3f1808eed60: does not qualify; 1.3 s; peak memory 14333 MiB.
2026-10-06T08:20:16Z INFO [1257/1826] 6be339ab-ca70-42aa-b60d-7f1147dbc924: does not qualify; 1.9 s; peak memory 14333 MiB.
2026-10-06T08:20:17Z INFO [1258/1826] 6be49809-3664-4280-865b-87a03e62d9a1: does not qualify; 1.3 s; peak memory 14333 MiB.
2026-10-06T08:20:19Z INFO [1259/1826] 6be513cb-2cab-4644-86a9-d90b576de3eb: does not qualify; 2.0 s; peak memory 14333 MiB.
2026-10-06T08:20:26Z INFO [1260/1826] 6be534fe-2bd0-443c-88db-8a3a07a316ef: does not qualify; 6.3 s; peak memory 14333 MiB.
2026-10-06T08:20:27Z INFO [1261/1826] 6be59879-fffc-4187-b279-7897a64dc82c: does not qualify; 1.6 s; peak memory 14333 MiB.
2026-10-06T08:20:29Z INFO [1262/1826] 6be5f668-e265-4f39-9438-d50a4a823549: does not qualify; 1.7 s; peak memory 14333 MiB.
2026-10-06T08:20:30Z INFO [1263/1826] 6be67ec2-4762-4fa1-92d1-d1739896b3b6: does not qualify; 1.1 s; peak memory 14333 MiB.
2026-10-06T08:20:32Z INFO [1264/1826] 6be68c6b-72ba-40ef-87a4-5af60d9606f5: does not qualify; 1.7 s; peak memory 14333 MiB.
2026-10-06T08:20:33Z INFO [1265/1826] 6be6df0e-27d2-4ede-9cdd-61281f32f859: does not qualify; 1.5 s; peak memory 14333 MiB.
2026-10-06T08:20:35Z INFO [1266/1826] 6be91a72-4b41-4fd0-8b56-8b12ce46b4f8: does not qualify; 1.4 s; peak memory 14333 MiB.
2026-10-06T08:20:52Z INFO [1267/1826] 6be96433-e14a-42cb-8fd5-0dae29e17ccf: does not qualify; 17.3 s; peak memory 14333 MiB.
2026-10-06T08:20:56Z INFO [1268/1826] 6bea1bf9-f7ee-4f3d-8a07-f8bce9860d8a: does not qualify; 3.6 s; peak memory 14333 MiB.
2026-10-06T08:20:58Z INFO [1269/1826] 6beae538-faab-4e2f-8854-07842369eb09: does not qualify; 1.9 s; peak memory 14333 MiB.
2026-10-06T08:20:59Z INFO [1270/1826] 6beb1637-2bf6-4baf-b8d1-cf83d80a33b3: does not qualify; 1.2 s; peak memory 14333 MiB.
2026-10-06T08:21:01Z INFO [1271/1826] 6bed4bf7-9591-4eb9-93ca-cc972d63890c: does not qualify; 2.2 s; peak memory 14333 MiB.
2026-10-06T08:21:03Z INFO [1272/1826] 6beda88c-48c5-4200-8024-8b0638fd7233: does not qualify; 1.8 s; peak memory 14333 MiB.
2026-10-06T08:21:04Z INFO [1273/1826] 6bedadc8-a653-4558-952c-da3af7502c31: does not qualify; 1.5 s; peak memory 14333 MiB.
2026-10-06T08:21:06Z INFO [1274/1826] 6bee1bd9-c652-4aa1-a51f-93d95df7e9e0: does not qualify; 1.3 s; peak memory 14333 MiB.
2026-10-06T08:21:07Z INFO [1275/1826] 6beee11c-d18a-4f82-9c65-87f4aa8daae1: does not qualify; 1.3 s; peak memory 14333 MiB.
2026-10-06T08:21:09Z INFO [1276/1826] 6beee930-9181-4321-a47d-ee2824fe4ec6: does not qualify; 2.1 s; peak memory 14333 MiB.
2026-10-06T08:21:11Z INFO [1277/1826] 6bef7130-b18a-4841-a6ac-e04e50860600: does not qualify; 1.5 s; peak memory 14333 MiB.
2026-10-06T08:21:13Z INFO [1278/1826] 6bf024a6-8809-492c-8d90-885e00231fd7: does not qualify; 2.0 s; peak memory 14333 MiB.
2026-10-06T08:21:15Z INFO [1279/1826] 6bf23b39-2194-4868-b6b7-3aff7e23f1e3: does not qualify; 2.0 s; peak memory 14333 MiB.
2026-10-06T08:21:16Z INFO [1280/1826] 6bf2f26e-d896-4f90-9306-904c3e904787: does not qualify; 1.4 s; peak memory 14333 MiB.
2026-10-06T08:21:24Z INFO [1281/1826] 6bf4bfb4-7d3e-4f2f-846b-6f57f3b927c1: does not qualify; 7.7 s; peak memory 14333 MiB.
2026-10-06T08:21:26Z INFO [1282/1826] 6bf560a0-9f85-4171-84ee-57dd85bf55de: does not qualify; 2.1 s; peak memory 14333 MiB.
2026-10-06T08:21:35Z INFO [1283/1826] 6bf57f9d-85ee-403e-ad6a-3e4471193ff9: does not qualify; 9.5 s; peak memory 14333 MiB.
2026-10-06T08:21:37Z INFO [1284/1826] 6bf62c73-ac1e-4f18-88be-2873909ee413: does not qualify; 2.1 s; peak memory 14333 MiB.
2026-10-06T08:21:39Z INFO [1285/1826] 6bf6f409-4cea-4554-aeff-597c7ba5f375: does not qualify; 1.8 s; peak memory 14333 MiB.
2026-10-06T08:21:41Z INFO [1286/1826] 6bf7c1af-bf47-45aa-ac31-f6fb07f309d6: does not qualify; 1.6 s; peak memory 14333 MiB.
2026-10-06T08:21:49Z INFO [1287/1826] 6bf87925-beb0-4e26-9f79-72bad1834ef6: does not qualify; 8.2 s; peak memory 14333 MiB.
2026-10-06T08:21:52Z INFO [1288/1826] 6bf8a45e-1ac2-4092-b0cb-6f4c1d70ad28: does not qualify; 3.4 s; peak memory 14333 MiB.
2026-10-06T08:21:54Z INFO [1289/1826] 6bf8dced-d430-46a8-82b3-c3c785a8bf9b: does not qualify; 1.7 s; peak memory 14333 MiB.
2026-10-06T08:21:56Z INFO [1290/1826] 6bf94511-35a0-49e7-9de9-a204ad304301: does not qualify; 1.8 s; peak memory 14333 MiB.
2026-10-06T08:21:57Z INFO [1291/1826] 6bf99c9a-af3a-4436-b896-8e139933b4a1: does not qualify; 1.1 s; peak memory 14333 MiB.
2026-10-06T08:22:04Z INFO [1292/1826] 6bfa0b57-3b5a-4683-ad75-e4f5ccf27369: does not qualify; 7.5 s; peak memory 14333 MiB.
2026-10-06T08:22:06Z INFO [1293/1826] 6bfa81fe-752a-464b-9777-fe2e78c19efe: does not qualify; 1.5 s; peak memory 14333 MiB.
2026-10-06T08:22:08Z INFO [1294/1826] 6bfa8de7-2265-47cd-a3a2-c01051f528c7: does not qualify; 1.6 s; peak memory 14333 MiB.
2026-10-06T08:22:12Z INFO [1295/1826] 6bfab6ef-6a48-4c67-ae08-06c6a41dc687: does not qualify; 4.3 s; peak memory 14333 MiB.
2026-10-06T08:22:14Z INFO [1296/1826] 6bfb10f6-eea8-4839-9d0a-0aa5a588d21b: does not qualify; 1.8 s; peak memory 14333 MiB.
2026-10-06T08:22:16Z INFO [1297/1826] 6bfd17e9-a455-48e0-8b30-ca9297f51e05: does not qualify; 1.9 s; peak memory 14333 MiB.
2026-10-06T08:22:49Z INFO [1298/1826] 6bfd3255-1373-4de8-afc7-5f03aafe0a54: does not qualify; 33.2 s; peak memory 14333 MiB.
2026-10-06T08:22:50Z INFO [1299/1826] 6bfd6d23-c917-49a2-94aa-3a6c797f9865: does not qualify; 1.3 s; peak memory 14333 MiB.
2026-10-06T08:22:52Z INFO [1300/1826] 6bfd7ba8-788e-4d61-b695-e63e4697e34c: does not qualify; 1.6 s; peak memory 14333 MiB.
2026-10-06T08:22:52Z INFO [1300/1826] 6bfd7ba8-788e-4d61-b695-e63e4697e34c: checkpointed 80331 records.
2026-10-06T08:22:54Z INFO [1301/1826] 6bfddb76-ea3a-447f-9d76-b3c812cdf2ec: does not qualify; 2.0 s; peak memory 14333 MiB.
2026-10-06T08:22:55Z INFO [1302/1826] 6bfe58be-f2ed-42ef-b133-72b9859c485b: does not qualify; 1.1 s; peak memory 14333 MiB.
2026-10-06T08:23:02Z INFO [1303/1826] 6bff14cb-f829-4295-9509-2648f6b6b417: does not qualify; 6.8 s; peak memory 14333 MiB.
2026-10-06T08:23:03Z INFO [1304/1826] 6bff38e9-9ffa-4f06-9cd9-234a3f1d525a: does not qualify; 1.5 s; peak memory 14333 MiB.
2026-10-06T08:23:05Z INFO [1305/1826] 6c0084c2-e2b7-4e88-8631-ee17d76fcc70: does not qualify; 1.6 s; peak memory 14333 MiB.
2026-10-06T08:23:13Z INFO [1306/1826] 6c00c3a5-b495-4cfa-88c0-a56b180a743b: does not qualify; 8.3 s; peak memory 14333 MiB.
2026-10-06T08:23:17Z INFO [1307/1826] 6c00d7b1-7f08-475f-ba0d-40083f1286f7: qualifies; 3.5 s; peak memory 14333 MiB.
2026-10-06T08:23:25Z INFO [1308/1826] 6c0130fb-5d67-437a-b027-fb4bc6086c72: does not qualify; 8.4 s; peak memory 14333 MiB.
2026-10-06T08:23:27Z INFO [1309/1826] 6c01a9e8-9927-42ec-8927-e641c88da307: does not qualify; 1.4 s; peak memory 14333 MiB.
2026-10-06T08:23:28Z INFO [1310/1826] 6c02a72f-6440-44b5-90cc-85bad6aae894: does not qualify; 1.4 s; peak memory 14333 MiB.
2026-10-06T08:23:30Z INFO [1311/1826] 6c02cd5c-7911-46e7-8641-25396a50edf5: does not qualify; 1.9 s; peak memory 14333 MiB.
2026-10-06T08:23:36Z INFO [1312/1826] 6c02f4e7-6a37-49a2-b25c-17c47f857b16: does not qualify; 6.4 s; peak memory 14333 MiB.
2026-10-06T08:23:52Z INFO [1313/1826] 6c032261-6cef-4ce0-a2b8-1a3662535718: does not qualify; 15.6 s; peak memory 14333 MiB.
2026-10-06T08:23:53Z INFO [1314/1826] 6c0394d9-072b-4f2e-9b89-3ff502aeebf5: does not qualify; 1.4 s; peak memory 14333 MiB.
2026-10-06T08:23:54Z INFO [1315/1826] 6c03c6fe-9c7a-4a3b-8d2f-46edf8239387: does not qualify; 1.1 s; peak memory 14333 MiB.
2026-10-06T08:23:59Z INFO [1316/1826] 6c043ee1-13ff-4f7a-8fa0-d77ab9520695: does not qualify; 4.4 s; peak memory 14333 MiB.
2026-10-06T08:24:02Z INFO [1317/1826] 6c06d8d7-ba63-4e62-a333-51e1c4d879d0: does not qualify; 3.1 s; peak memory 14333 MiB.
2026-10-06T08:24:03Z INFO [1318/1826] 6c0b0d22-d302-4aa2-a818-f27f12e2b0b5: does not qualify; 1.5 s; peak memory 14333 MiB.
2026-10-06T08:24:05Z INFO [1319/1826] 6c0b2de9-b30b-4101-b070-a990e94f1b8f: does not qualify; 1.4 s; peak memory 14333 MiB.
2026-10-06T08:24:07Z INFO [1320/1826] 6c0b4ac9-1dde-47c8-9b54-dbb033f474ff: does not qualify; 1.8 s; peak memory 14333 MiB.
2026-10-06T08:24:08Z INFO [1321/1826] 6c0b4d68-4dae-48bc-ad13-77934c0a36ad: does not qualify; 1.8 s; peak memory 14333 MiB.
2026-10-06T08:24:09Z INFO [1322/1826] 6c0b5216-6c00-4e45-a062-8d9e7da3b7fb: does not qualify; 1.0 s; peak memory 14333 MiB.
2026-10-06T08:24:11Z INFO [1323/1826] 6c0b61f2-0143-425e-ac22-2dac2428e929: does not qualify; 1.2 s; peak memory 14333 MiB.
2026-10-06T08:24:12Z INFO [1324/1826] 6c0c7d05-f067-42d1-9bd9-d2b9197f6ff5: does not qualify; 1.5 s; peak memory 14333 MiB.
2026-10-06T08:24:21Z INFO [1325/1826] 6c0c8528-1eb8-465e-942c-e4f46fe7def7: does not qualify; 9.2 s; peak memory 14333 MiB.
2026-10-06T08:24:23Z INFO [1326/1826] 6c0e09d4-5b00-4803-a143-e01a3dc5d530: does not qualify; 1.7 s; peak memory 14333 MiB.
2026-10-06T08:24:25Z INFO [1327/1826] 6c0eba01-6471-4c4b-a256-0be48d8e7d3b: does not qualify; 1.5 s; peak memory 14333 MiB.
2026-10-06T08:24:26Z INFO [1328/1826] 6c0ed951-9b98-476e-9e7a-23dadb297870: does not qualify; 1.3 s; peak memory 14333 MiB.
2026-10-06T08:24:27Z INFO [1329/1826] 6c0f3901-01c8-4314-82eb-d4de3f753688: does not qualify; 1.6 s; peak memory 14333 MiB.
2026-10-06T08:24:29Z INFO [1330/1826] 6c0f4e64-d978-4141-8656-d3b132eb9d2c: does not qualify; 1.6 s; peak memory 14333 MiB.
2026-10-06T08:24:31Z INFO [1331/1826] 6c0f81fe-e785-468a-b84b-6ad1c893851e: does not qualify; 1.5 s; peak memory 14333 MiB.
2026-10-06T08:24:32Z INFO [1332/1826] 6c0fef0b-c9a1-4f2c-93b3-6f7d4262fe9b: does not qualify; 1.4 s; peak memory 14333 MiB.
2026-10-06T08:24:40Z INFO [1333/1826] 6c10bdff-992f-44d7-abbc-5378a1f33f2b: does not qualify; 8.2 s; peak memory 14333 MiB.
2026-10-06T08:24:42Z INFO [1334/1826] 6c10ec29-339a-4966-b02e-682864c95e12: does not qualify; 1.8 s; peak memory 14333 MiB.
2026-10-06T08:24:43Z INFO [1335/1826] 6c113b16-061b-4b1e-a114-f18144cca839: does not qualify; 1.5 s; peak memory 14333 MiB.
2026-10-06T08:24:45Z INFO [1336/1826] 6c11a5ed-d0c7-4ff4-b99a-9ba9644ed85c: does not qualify; 1.3 s; peak memory 14333 MiB.
2026-10-06T08:24:46Z INFO [1337/1826] 6c121d9c-416c-4add-bf81-c012a6192407: does not qualify; 1.8 s; peak memory 14333 MiB.
2026-10-06T08:24:48Z INFO [1338/1826] 6c130112-0625-498d-807a-992c1f857c5e: does not qualify; 1.4 s; peak memory 14333 MiB.
2026-10-06T08:24:50Z INFO [1339/1826] 6c13afbd-3055-42bd-a984-89c7d5521570: does not qualify; 1.9 s; peak memory 14333 MiB.
2026-10-06T08:24:57Z INFO [1340/1826] 6c13fe28-3510-4fe3-a9dc-b41e7d2812b5: does not qualify; 7.7 s; peak memory 14333 MiB.
2026-10-06T08:24:59Z INFO [1341/1826] 6c140b74-8521-4a65-b91f-73be0cdcb135: does not qualify; 1.4 s; peak memory 14333 MiB.
2026-10-06T08:25:00Z INFO [1342/1826] 6c1413c4-418b-423a-9625-6b59f9c81845: does not qualify; 1.4 s; peak memory 14333 MiB.
2026-10-06T08:25:25Z INFO [1343/1826] 6c1425c4-0d47-41a2-be7f-8f9824d3f31c: does not qualify; 24.6 s; peak memory 14333 MiB.
2026-10-06T08:25:26Z INFO [1344/1826] 6c144627-4bc8-4190-91e8-6fab97b364ff: does not qualify; 1.5 s; peak memory 14333 MiB.
2026-10-06T08:25:28Z INFO [1345/1826] 6c14776e-a21a-4924-804b-df8dba1564e4: does not qualify; 1.8 s; peak memory 14333 MiB.
2026-10-06T08:25:30Z INFO [1346/1826] 6c14b597-b940-4823-b3f4-a1e5d76bb7d1: does not qualify; 1.3 s; peak memory 14333 MiB.
2026-10-06T08:25:40Z INFO [1347/1826] 6c153ee3-867a-40f1-97c7-2d8e9594995a: does not qualify; 10.8 s; peak memory 14333 MiB.
2026-10-06T08:25:42Z INFO [1348/1826] 6c15894b-3d17-4e21-b36e-388f4f8bbbaf: does not qualify; 1.7 s; peak memory 14333 MiB.
2026-10-06T08:25:44Z INFO [1349/1826] 6c15dccd-3073-48c7-8489-acc7114ac8fc: does not qualify; 1.6 s; peak memory 14333 MiB.
2026-10-06T08:26:28Z INFO [1350/1826] 6c173ffa-79c9-4768-b977-aed0d6f515d4: does not qualify; 44.8 s; peak memory 14333 MiB.
2026-10-06T08:26:29Z INFO [1350/1826] 6c173ffa-79c9-4768-b977-aed0d6f515d4: checkpointed 80381 records.
2026-10-06T08:26:34Z INFO [1351/1826] 6c1928ae-cc0d-4e92-a3a8-9313fb68b13f: does not qualify; 5.1 s; peak memory 14333 MiB.
2026-10-06T08:26:35Z INFO [1352/1826] 6c19295e-c580-4004-ba37-7a85b2b4a8a8: does not qualify; 1.1 s; peak memory 14333 MiB.
2026-10-06T08:26:36Z INFO [1353/1826] 6c195317-d55a-4888-a64d-08a345757b7b: does not qualify; 1.7 s; peak memory 14333 MiB.
2026-10-06T08:26:38Z INFO [1354/1826] 6c196b39-59b1-4c2b-bdf7-995bf9128221: does not qualify; 1.4 s; peak memory 14333 MiB.
2026-10-06T08:26:41Z INFO [1355/1826] 6c1a14a8-6e44-4ac0-8faa-4d112710fae7: qualifies; 2.8 s; peak memory 14333 MiB.
2026-10-06T08:26:42Z INFO [1356/1826] 6c1a285f-36cb-4bfa-baa4-c243e7eda415: does not qualify; 1.6 s; peak memory 14333 MiB.
2026-10-06T08:26:45Z INFO [1357/1826] 6c1abd58-8965-4f42-927f-f1c804a5d162: does not qualify; 2.6 s; peak memory 14333 MiB.
2026-10-06T08:26:47Z INFO [1358/1826] 6c1c5ad6-9e07-4d77-9ee1-037ffa2c002c: does not qualify; 2.4 s; peak memory 14333 MiB.
2026-10-06T08:26:49Z INFO [1359/1826] 6c1c6fe3-c1c9-42d2-a15e-44b771ad10c0: does not qualify; 1.3 s; peak memory 14333 MiB.
2026-10-06T08:26:50Z INFO [1360/1826] 6c1c8f32-2312-4662-be78-ff5671942e0a: does not qualify; 1.3 s; peak memory 14333 MiB.
2026-10-06T08:26:58Z INFO [1361/1826] 6c1db4e9-3eb3-4002-a308-427cfe49bf97: does not qualify; 8.2 s; peak memory 14333 MiB.
2026-10-06T08:27:00Z INFO [1362/1826] 6c1dd9e7-e62f-44cd-a954-9a7168ab26df: does not qualify; 1.6 s; peak memory 14333 MiB.
2026-10-06T08:27:01Z INFO [1363/1826] 6c1e570b-5db6-46a2-850c-341fec71efe0: does not qualify; 1.2 s; peak memory 14333 MiB.
2026-10-06T08:27:03Z INFO [1364/1826] 6c1ec14c-94ca-40f7-8584-d3f75f3653d7: does not qualify; 1.8 s; peak memory 14333 MiB.
2026-10-06T08:27:06Z INFO [1365/1826] 6c1f6698-00c1-4d9f-a7b2-a434a21321f3: does not qualify; 3.4 s; peak memory 14333 MiB.
2026-10-06T08:27:17Z INFO [1366/1826] 6c1f94d4-7eaf-41b2-a801-9fc924a1cc9b: does not qualify; 11.4 s; peak memory 14333 MiB.
2026-10-06T08:27:19Z INFO [1367/1826] 6c1fee2d-bdf1-45a6-ac8a-ccecdce6cf1d: does not qualify; 1.7 s; peak memory 14333 MiB.
2026-10-06T08:27:20Z INFO [1368/1826] 6c1ff262-1181-4606-a62f-ec8081f6e2ac: does not qualify; 1.3 s; peak memory 14333 MiB.
2026-10-06T08:27:22Z INFO [1369/1826] 6c209c4c-d934-431f-8eeb-dc0cb44216d9: does not qualify; 1.6 s; peak memory 14333 MiB.
2026-10-06T08:27:29Z INFO [1370/1826] 6c218c80-e32b-4c7e-b474-a39d0d5b542b: does not qualify; 6.5 s; peak memory 14333 MiB.
2026-10-06T08:27:34Z INFO [1371/1826] 6c21a70b-9cf8-403b-8994-6bc415a7cb38: does not qualify; 5.2 s; peak memory 14333 MiB.
2026-10-06T08:27:36Z INFO [1372/1826] 6c21b9dd-c39e-426d-a151-abaf8d546ea4: does not qualify; 1.9 s; peak memory 14333 MiB.
2026-10-06T08:27:38Z INFO [1373/1826] 6c2216a0-0470-43ac-bc5a-343fdd02ff6d: does not qualify; 2.0 s; peak memory 14333 MiB.
2026-10-06T08:29:34Z INFO [1374/1826] 6c2335e2-5ffd-48f6-b5c3-af3849b2591b: does not qualify; 116.3 s; peak memory 14333 MiB.
2026-10-06T08:29:36Z INFO [1375/1826] 6c23e641-34b3-461b-8b1f-2dce1a7511d0: does not qualify; 1.7 s; peak memory 14333 MiB.
2026-10-06T08:29:39Z INFO [1376/1826] 6c244c7e-3e6f-47cb-b3be-1fed99be9112: does not qualify; 3.3 s; peak memory 14333 MiB.
2026-10-06T08:29:47Z INFO [1377/1826] 6c244f03-a9d9-4b70-875c-870c21f530b4: does not qualify; 8.4 s; peak memory 14333 MiB.
2026-10-06T08:29:49Z INFO [1378/1826] 6c245239-5476-4743-aada-53e25023b548: does not qualify; 1.8 s; peak memory 14333 MiB.
2026-10-06T08:29:53Z INFO [1379/1826] 6c2457cf-6ebe-4849-8941-25b258848761: does not qualify; 4.1 s; peak memory 14333 MiB.
2026-10-06T08:29:55Z INFO [1380/1826] 6c2490f9-410c-4057-acc2-7c3566562246: does not qualify; 1.6 s; peak memory 14333 MiB.
2026-10-06T08:29:57Z INFO [1381/1826] 6c253b58-530f-443c-9f3e-87e2669c4066: does not qualify; 1.7 s; peak memory 14333 MiB.
2026-10-06T08:29:58Z INFO [1382/1826] 6c2545b0-3d85-4d5c-9e32-8e5333e36b9f: does not qualify; 1.7 s; peak memory 14333 MiB.
2026-10-06T08:30:00Z INFO [1383/1826] 6c25690c-0947-4751-bbc3-29a1b7d15f22: does not qualify; 1.3 s; peak memory 14333 MiB.
2026-10-06T08:30:10Z INFO [1384/1826] 6c25d390-a3bb-431a-b641-0452510bd132: does not qualify; 10.2 s; peak memory 14333 MiB.
2026-10-06T08:30:17Z INFO [1385/1826] 6c261c15-dc5d-4b8f-98dc-b4e3ce3825bd: qualifies; 6.7 s; peak memory 14333 MiB.
2026-10-06T08:30:23Z INFO [1386/1826] 6c268d5c-cd1c-4a90-88af-bce290a928d6: does not qualify; 6.9 s; peak memory 14333 MiB.
2026-10-06T08:30:25Z INFO [1387/1826] 6c274a98-f51f-4a41-85ae-e9a1c13b8cf7: does not qualify; 1.2 s; peak memory 14333 MiB.
2026-10-06T08:30:26Z INFO [1388/1826] 6c281b27-7f82-4388-965f-54d71eea3c02: does not qualify; 1.5 s; peak memory 14333 MiB.
2026-10-06T08:30:28Z INFO [1389/1826] 6c28ca2d-7ad7-4a8d-8248-3af50a5ee8b7: does not qualify; 1.8 s; peak memory 14333 MiB.
2026-10-06T08:30:35Z INFO [1390/1826] 6c2909ba-b15e-4c9d-ab5d-30155c56ed78: does not qualify; 6.7 s; peak memory 14333 MiB.
2026-10-06T08:30:36Z INFO [1391/1826] 6c29112a-3a90-40cf-a33a-1485825999ea: does not qualify; 1.5 s; peak memory 14333 MiB.
2026-10-06T08:30:38Z INFO [1392/1826] 6c29403f-7412-4103-8881-5a565197c979: does not qualify; 1.7 s; peak memory 14333 MiB.
2026-10-06T08:30:39Z INFO [1393/1826] 6c2bf42b-ea41-4362-b12f-1445c545ea7d: does not qualify; 1.5 s; peak memory 14333 MiB.
2026-10-06T08:30:51Z INFO [1394/1826] 6c2c9f9c-fc2a-4e71-9c1a-3917d8127594: does not qualify; 11.8 s; peak memory 14333 MiB.
2026-10-06T08:30:59Z INFO [1395/1826] 6c2d21a5-1bfc-4c9c-8149-217cc61374d6: does not qualify; 7.5 s; peak memory 14333 MiB.
2026-10-06T08:31:02Z INFO [1396/1826] 6c2d9ffa-4a6a-429a-846e-10856c32549e: does not qualify; 3.0 s; peak memory 14333 MiB.
2026-10-06T08:31:03Z INFO [1397/1826] 6c2e1cda-5136-40f9-b7c5-f902b6d05709: does not qualify; 1.7 s; peak memory 14333 MiB.
2026-10-06T08:31:05Z INFO [1398/1826] 6c2e8d7f-8e4a-4d09-8d76-8680daaefd68: does not qualify; 1.8 s; peak memory 14333 MiB.
2026-10-06T08:31:06Z INFO [1399/1826] 6c2ef304-6dc8-424f-8ec8-15a9c752aa34: does not qualify; 1.0 s; peak memory 14333 MiB.
2026-10-06T08:31:08Z INFO [1400/1826] 6c2f1dee-03e1-4f19-8f8e-338ffd6e1950: does not qualify; 1.5 s; peak memory 14333 MiB.
2026-10-06T08:31:08Z INFO [1400/1826] 6c2f1dee-03e1-4f19-8f8e-338ffd6e1950: checkpointed 80431 records.
2026-10-06T08:31:10Z INFO [1401/1826] 6c2f8547-c2b2-406e-a9ed-6f30de8fb9e5: does not qualify; 2.6 s; peak memory 14333 MiB.
2026-10-06T08:31:13Z INFO [1402/1826] 6c2f8793-2922-464e-a218-00011a62f5dc: does not qualify; 2.9 s; peak memory 14333 MiB.
2026-10-06T08:31:15Z INFO [1403/1826] 6c2fa7a1-18f1-4a2d-b844-5386271273dd: does not qualify; 1.4 s; peak memory 14333 MiB.
2026-10-06T08:31:25Z INFO [1404/1826] 6c2fafe7-cc57-4d57-872f-63894d830e46: does not qualify; 10.1 s; peak memory 14333 MiB.
2026-10-06T08:31:27Z INFO [1405/1826] 6c3095fa-44cb-4ba3-9e69-2b6000662a32: does not qualify; 1.8 s; peak memory 14333 MiB.
2026-10-06T08:31:28Z INFO [1406/1826] 6c310162-6d67-4f65-bfa4-c28b9a1cb576: does not qualify; 1.6 s; peak memory 14333 MiB.
2026-10-06T08:31:30Z INFO [1407/1826] 6c3144c3-b0ce-48e0-aad6-17b3d9ed47fb: does not qualify; 1.5 s; peak memory 14333 MiB.
2026-10-06T08:33:06Z INFO [1408/1826] 6c31763e-fc07-43f8-ba87-ebd4ac738f7b: does not qualify; 96.5 s; peak memory 14333 MiB.
2026-10-06T08:33:13Z INFO [1409/1826] 6c31cd0d-e731-43a8-9f25-18b013b395a6: does not qualify; 6.9 s; peak memory 14333 MiB.
2026-10-06T08:33:24Z INFO [1410/1826] 6c32cc47-c6f5-4792-986d-ded49d2692e4: does not qualify; 11.2 s; peak memory 14333 MiB.
2026-10-06T08:33:26Z INFO [1411/1826] 6c32d9d5-270b-4c25-a1c8-b667d6a9b401: does not qualify; 1.9 s; peak memory 14333 MiB.
2026-10-06T08:33:28Z INFO [1412/1826] 6c32e1a0-6980-4fcf-8c9f-6c3ad6098ca6: qualifies; 2.2 s; peak memory 14333 MiB.
2026-10-06T08:33:29Z INFO [1413/1826] 6c332644-29a9-4c03-8bf2-29b1870258cb: does not qualify; 1.0 s; peak memory 14333 MiB.
2026-10-06T08:33:37Z INFO [1414/1826] 6c33c765-22ed-4cb5-9acf-b7e11d49c00f: does not qualify; 7.6 s; peak memory 14333 MiB.
2026-10-06T08:33:39Z INFO [1415/1826] 6c33df59-2233-4d68-ad71-ce06122d6061: does not qualify; 2.2 s; peak memory 14333 MiB.
2026-10-06T08:33:41Z INFO [1416/1826] 6c340746-2a3f-49d4-a7e9-83b3f6ec61b4: does not qualify; 1.6 s; peak memory 14333 MiB.
2026-10-06T08:33:43Z INFO [1417/1826] 6c342996-a8e3-46f7-8937-aba2705ddec4: does not qualify; 1.9 s; peak memory 14333 MiB.
2026-10-06T08:33:45Z INFO [1418/1826] 6c342e05-9bcc-4d05-bd06-6d542b21a611: does not qualify; 2.2 s; peak memory 14333 MiB.
2026-10-06T08:33:46Z INFO [1419/1826] 6c351369-7940-49ba-8a34-e2dcf5b99da8: does not qualify; 1.1 s; peak memory 14333 MiB.
2026-10-06T08:33:54Z INFO [1420/1826] 6c352085-67ef-4eb9-b2ad-adef3824d1af: does not qualify; 7.7 s; peak memory 14333 MiB.
2026-10-06T08:33:56Z INFO [1421/1826] 6c355d9f-1f06-4087-844b-e0bd5404ee8d: does not qualify; 1.9 s; peak memory 14333 MiB.
2026-10-06T08:33:58Z INFO [1422/1826] 6c373fb5-bab8-4d04-bf2e-d1a8ce069561: does not qualify; 2.7 s; peak memory 14333 MiB.
2026-10-06T08:34:09Z INFO [1423/1826] 6c376c71-4f6f-471c-aaca-49011e5ce1e8: does not qualify; 11.1 s; peak memory 14333 MiB.
2026-10-06T08:34:11Z INFO [1424/1826] 6c37b24e-0a4f-45a1-92e3-0c7de48da5bb: does not qualify; 2.0 s; peak memory 14333 MiB.
2026-10-06T08:34:18Z INFO [1425/1826] 6c386ada-825e-4118-9c03-c47380c07022: does not qualify; 6.7 s; peak memory 14333 MiB.
2026-10-06T08:34:19Z INFO [1426/1826] 6c3a11f8-5042-4e1c-a2d1-5fb1e3db7728: does not qualify; 1.0 s; peak memory 14333 MiB.
2026-10-06T08:34:27Z INFO [1427/1826] 6c3a1849-e3ee-46cb-a605-d5060b17a72b: does not qualify; 8.4 s; peak memory 14333 MiB.
2026-10-06T08:34:29Z INFO [1428/1826] 6c3aff41-5680-4ebd-9e94-2956d4c02f7b: does not qualify; 1.4 s; peak memory 14333 MiB.
2026-10-06T08:34:33Z INFO [1429/1826] 6c3b6cba-8eab-435e-a195-5c332a19ccc0: does not qualify; 4.2 s; peak memory 14333 MiB.
2026-10-06T08:34:35Z INFO [1430/1826] 6c3b9e69-ea6c-44a4-8581-35e2cdad97ad: does not qualify; 1.8 s; peak memory 14333 MiB.
2026-10-06T08:34:37Z INFO [1431/1826] 6c3c606d-7b43-46ed-be9a-b831df6e9dd8: does not qualify; 1.9 s; peak memory 14333 MiB.
2026-10-06T08:34:39Z INFO [1432/1826] 6c3e175b-1b18-4a2d-ae97-9c788a8cbe8b: does not qualify; 2.4 s; peak memory 14333 MiB.
2026-10-06T08:34:41Z INFO [1433/1826] 6c3e2d01-ff7e-4bf1-99af-7f66a228bc07: does not qualify; 1.9 s; peak memory 14333 MiB.
2026-10-06T08:34:47Z INFO [1434/1826] 6c3e4384-0d9e-4de5-984d-c9cff5a12664: does not qualify; 6.2 s; peak memory 14333 MiB.
2026-10-06T08:34:48Z INFO [1435/1826] 6c3e4537-003e-474b-bcaa-7df18ff32b8f: does not qualify; 1.1 s; peak memory 14333 MiB.
2026-10-06T08:34:51Z INFO [1436/1826] 6c3ec8de-d7c0-4623-b62f-601fe146fc86: does not qualify; 2.6 s; peak memory 14333 MiB.
2026-10-06T08:34:52Z INFO [1437/1826] 6c3ed090-cad4-42f5-b388-542c22bcdd00: does not qualify; 1.3 s; peak memory 14333 MiB.
2026-10-06T08:35:00Z INFO [1438/1826] 6c3ed96c-f447-43a0-b0c3-f6784d6c6774: does not qualify; 7.8 s; peak memory 14333 MiB.
2026-10-06T08:35:02Z INFO [1439/1826] 6c3f9dbc-dd7e-445f-adea-156272488733: does not qualify; 1.4 s; peak memory 14333 MiB.
2026-10-06T08:35:04Z INFO [1440/1826] 6c3fd227-6a58-4901-83f3-7cf4dbee592c: does not qualify; 2.0 s; peak memory 14333 MiB.
2026-10-06T08:35:05Z INFO [1441/1826] 6c40874e-1bbf-490d-94e7-32a2b8605928: does not qualify; 1.1 s; peak memory 14333 MiB.
2026-10-06T08:35:07Z INFO [1442/1826] 6c409603-606f-4d43-ab5b-0c504fcdf045: does not qualify; 2.3 s; peak memory 14333 MiB.
2026-10-06T08:35:09Z INFO [1443/1826] 6c40b047-e900-4bea-b74e-e671f373cd39: does not qualify; 1.8 s; peak memory 14333 MiB.
2026-10-06T08:35:11Z INFO [1444/1826] 6c40c783-f206-47e8-b1a9-251ba79ed8a9: does not qualify; 1.9 s; peak memory 14333 MiB.
2026-10-06T08:35:14Z INFO [1445/1826] 6c4219e8-2b3a-4c4e-bd40-c1a4ba92eeb3: does not qualify; 3.2 s; peak memory 14333 MiB.
2026-10-06T08:35:16Z INFO [1446/1826] 6c424dba-ccb2-422d-8339-660ccd6538aa: does not qualify; 1.6 s; peak memory 14333 MiB.
2026-10-06T08:35:17Z INFO [1447/1826] 6c42d0e0-d3ef-4462-8d56-34ed566bd9b6: does not qualify; 1.6 s; peak memory 14333 MiB.
2026-10-06T08:35:19Z INFO [1448/1826] 6c433fac-dae6-4fa0-a9c7-0532730295ec: does not qualify; 1.7 s; peak memory 14333 MiB.
2026-10-06T08:35:20Z INFO [1449/1826] 6c441b64-dfd4-4e55-ba38-ee9ad58fe980: does not qualify; 1.1 s; peak memory 14333 MiB.
2026-10-06T08:35:21Z INFO [1450/1826] 6c44235f-9274-44b5-be1d-1772c5181302: does not qualify; 1.4 s; peak memory 14333 MiB.
2026-10-06T08:35:21Z INFO [1450/1826] 6c44235f-9274-44b5-be1d-1772c5181302: checkpointed 80481 records.
2026-10-06T08:35:23Z INFO [1451/1826] 6c448aae-2a50-4abd-9e00-2470cf96938f: does not qualify; 1.4 s; peak memory 14333 MiB.
2026-10-06T08:35:25Z INFO [1452/1826] 6c450ab2-e023-4fd6-b562-070220af6263: does not qualify; 1.7 s; peak memory 14333 MiB.
2026-10-06T08:35:26Z INFO [1453/1826] 6c45d0e9-5d02-4372-be4b-99802f671a37: does not qualify; 1.6 s; peak memory 14333 MiB.
2026-10-06T08:35:28Z INFO [1454/1826] 6c45e167-e644-40fe-83f2-1cef45562711: does not qualify; 1.7 s; peak memory 14333 MiB.
2026-10-06T08:35:29Z INFO [1455/1826] 6c461cea-ffd5-4e82-9ff0-89a0715abc9f: does not qualify; 1.4 s; peak memory 14333 MiB.
2026-10-06T08:35:32Z INFO [1456/1826] 6c4712bc-a9f7-4ff3-9529-3f7678bc3ab5: does not qualify; 2.6 s; peak memory 14333 MiB.
2026-10-06T08:35:33Z INFO [1457/1826] 6c47cf8b-60b6-4207-a166-2b0930f9338d: does not qualify; 1.3 s; peak memory 14333 MiB.
2026-10-06T08:35:47Z INFO [1458/1826] 6c47cfaa-68f5-4ae4-85b6-af73b1a1eea9: does not qualify; 13.8 s; peak memory 14333 MiB.
2026-10-06T08:35:54Z INFO [1459/1826] 6c47ecb6-e16f-4a0f-b595-875b7fdc2b3e: does not qualify; 6.6 s; peak memory 14333 MiB.
2026-10-06T08:35:55Z INFO [1460/1826] 6c495b5e-36fd-4e9d-9b82-48a97c56cad9: does not qualify; 1.2 s; peak memory 14333 MiB.
2026-10-06T08:35:57Z INFO [1461/1826] 6c49cd9f-8ef9-44d8-a937-883d79c78d37: does not qualify; 2.2 s; peak memory 14333 MiB.
2026-10-06T08:35:59Z INFO [1462/1826] 6c49d4f4-b027-4800-99e2-1db73053fe3b: does not qualify; 1.6 s; peak memory 14333 MiB.
2026-10-06T08:36:00Z INFO [1463/1826] 6c4a60b1-99b4-4181-975c-f9fb53777f7e: does not qualify; 1.7 s; peak memory 14333 MiB.
2026-10-06T08:36:11Z INFO [1464/1826] 6c4b5cd1-d2b4-4628-ad4c-b61f1898ab45: does not qualify; 10.4 s; peak memory 14333 MiB.
2026-10-06T08:36:12Z INFO [1465/1826] 6c4b8570-be71-470e-b2b7-770ebfceb440: does not qualify; 1.6 s; peak memory 14333 MiB.
2026-10-06T08:36:14Z INFO [1466/1826] 6c4b97a9-40e1-42e1-87e1-3f5c4497941b: does not qualify; 1.8 s; peak memory 14333 MiB.
2026-10-06T08:36:15Z INFO [1467/1826] 6c4cf650-94c5-4230-9d36-0b0516f5bb67: does not qualify; 1.3 s; peak memory 14333 MiB.
2026-10-06T08:36:17Z INFO [1468/1826] 6c4d1996-a484-415e-8553-7be2e056431b: does not qualify; 1.3 s; peak memory 14333 MiB.
2026-10-06T08:36:23Z INFO [1469/1826] 6c4d78df-7fa7-4b71-9de4-65b9a7842288: does not qualify; 6.2 s; peak memory 14333 MiB.
2026-10-06T08:36:25Z INFO [1470/1826] 6c4d88e7-4f8a-48db-8d71-1e518c34cbb9: does not qualify; 1.7 s; peak memory 14333 MiB.
2026-10-06T08:36:26Z INFO [1471/1826] 6c4e14c2-828a-4d7e-adc5-8c0ac5ecc125: does not qualify; 1.5 s; peak memory 14333 MiB.
2026-10-06T08:36:32Z INFO [1472/1826] 6c4e7cf8-19f0-4f1b-aadd-4d2b8c068aec: does not qualify; 6.0 s; peak memory 14333 MiB.
2026-10-06T08:36:33Z INFO [1473/1826] 6c508ad6-2e13-4062-a586-d1f65d7e0493: does not qualify; 1.1 s; peak memory 14333 MiB.
2026-10-06T08:36:35Z INFO [1474/1826] 6c51fc93-850a-4a00-bd33-4b3e9876f732: does not qualify; 1.8 s; peak memory 14333 MiB.
2026-10-06T08:36:37Z INFO [1475/1826] 6c520348-a451-4160-8b9a-88b88477ad1b: does not qualify; 1.7 s; peak memory 14333 MiB.
2026-10-06T08:36:38Z INFO [1476/1826] 6c5382b8-4b95-479f-b83d-857de2ca9ce8: does not qualify; 1.3 s; peak memory 14333 MiB.
2026-10-06T08:36:40Z INFO [1477/1826] 6c53cdf4-4efc-45ae-be70-f7176aef9067: does not qualify; 1.4 s; peak memory 14333 MiB.
2026-10-06T08:36:42Z INFO [1478/1826] 6c53d968-b5e3-4f93-bd52-231a73bd71e9: does not qualify; 2.4 s; peak memory 14333 MiB.
2026-10-06T08:36:43Z INFO [1479/1826] 6c53ddf4-ff24-4a8e-83fb-e24b2ef9b8d5: does not qualify; 1.4 s; peak memory 14333 MiB.
2026-10-06T08:36:52Z INFO [1480/1826] 6c550193-03c7-456e-830d-deaa224956c3: does not qualify; 8.4 s; peak memory 14333 MiB.
2026-10-06T08:36:53Z INFO [1481/1826] 6c5572c3-102b-41e5-8a78-a6e673dd8bd3: does not qualify; 1.7 s; peak memory 14333 MiB.
2026-10-06T08:36:54Z INFO [1482/1826] 6c55bdc3-7040-43ae-8c34-0a7776b0522b: does not qualify; 1.0 s; peak memory 14333 MiB.
2026-10-06T08:36:57Z INFO [1483/1826] 6c563e90-dd08-4a96-8460-a0d5e676abb4: does not qualify; 2.4 s; peak memory 14333 MiB.
2026-10-06T08:37:08Z INFO [1484/1826] 6c576649-b057-4e4d-9fb0-2de85f07bc9e: does not qualify; 11.3 s; peak memory 14333 MiB.
2026-10-06T08:37:10Z INFO [1485/1826] 6c57bb25-f2fb-4647-9978-33291e2e4e9d: does not qualify; 1.6 s; peak memory 14333 MiB.
2026-10-06T08:37:24Z INFO [1486/1826] 6c5893ea-f492-4f43-b8f9-ba4eaab7bbee: does not qualify; 14.5 s; peak memory 14333 MiB.
2026-10-06T08:37:26Z INFO [1487/1826] 6c58e65e-520d-4e96-85e8-5cbb654b7550: does not qualify; 2.1 s; peak memory 14333 MiB.
2026-10-06T08:37:28Z INFO [1488/1826] 6c5a7cdb-cf8c-4053-b2b9-71d1f35716bd: does not qualify; 1.7 s; peak memory 14333 MiB.
2026-10-06T08:37:31Z INFO [1489/1826] 6c5b9646-64c7-4a16-b8a4-e29fd4c033e2: does not qualify; 3.4 s; peak memory 14333 MiB.
2026-10-06T08:37:33Z INFO [1490/1826] 6c5cc044-ae9a-42cf-9076-5bb6cd0cb269: does not qualify; 1.2 s; peak memory 14333 MiB.
2026-10-06T08:37:34Z INFO [1491/1826] 6c5d3f1f-40f0-46c9-a05b-119536c3546b: does not qualify; 1.3 s; peak memory 14333 MiB.
2026-10-06T08:37:35Z INFO [1492/1826] 6c5daa07-f0a3-497d-81ca-56be1afdcab8: does not qualify; 1.3 s; peak memory 14333 MiB.
2026-10-06T08:37:37Z INFO [1493/1826] 6c5dea8d-0d24-4dd4-9d7c-827d6ae56d4d: does not qualify; 1.5 s; peak memory 14333 MiB.
2026-10-06T08:37:38Z INFO [1494/1826] 6c60e2b2-0bea-418c-a622-9711da4a9021: does not qualify; 1.6 s; peak memory 14333 MiB.
2026-10-06T08:37:40Z INFO [1495/1826] 6c61d302-13c7-40cc-9d69-4500636e3095: does not qualify; 1.9 s; peak memory 14333 MiB.
2026-10-06T08:37:44Z INFO [1496/1826] 6c624c8a-4800-4c47-ae3c-a7d741ec797e: does not qualify; 4.3 s; peak memory 14333 MiB.
2026-10-06T08:37:46Z INFO [1497/1826] 6c62566a-6b4a-4537-80f3-a9785e5ccdf8: does not qualify; 1.5 s; peak memory 14333 MiB.
2026-10-06T08:37:48Z INFO [1498/1826] 6c626f97-492a-4242-b560-0a3c3e1bb47a: does not qualify; 2.0 s; peak memory 14333 MiB.
2026-10-06T08:37:50Z INFO [1499/1826] 6c628223-77a6-4719-a030-de24acaea77e: does not qualify; 2.1 s; peak memory 14333 MiB.
2026-10-06T08:37:52Z INFO [1500/1826] 6c647d47-d2a1-4c4f-9cf5-470550118e6f: does not qualify; 1.7 s; peak memory 14333 MiB.
2026-10-06T08:37:52Z INFO [1500/1826] 6c647d47-d2a1-4c4f-9cf5-470550118e6f: checkpointed 80531 records.
2026-10-06T08:37:54Z INFO [1501/1826] 6c65596d-7a3f-4642-b56c-180a6f30e9f8: does not qualify; 2.0 s; peak memory 14333 MiB.
2026-10-06T08:38:08Z INFO [1502/1826] 6c658106-d5d3-47f1-94ce-8c20bd2b68cf: does not qualify; 13.8 s; peak memory 14333 MiB.
2026-10-06T08:38:09Z INFO [1503/1826] 6c67619d-2e48-4171-8b16-f34c1f7ae547: does not qualify; 1.3 s; peak memory 14333 MiB.
2026-10-06T08:38:10Z INFO [1504/1826] 6c682132-d008-473e-b795-b961a4b825b2: does not qualify; 1.2 s; peak memory 14333 MiB.
2026-10-06T08:38:12Z INFO [1505/1826] 6c692d1c-27a7-4fad-909e-4fffdb0d1c9d: does not qualify; 1.8 s; peak memory 14333 MiB.
2026-10-06T08:38:16Z INFO [1506/1826] 6c6a2aa9-5326-456b-b4b6-2e665b9ed04b: does not qualify; 3.7 s; peak memory 14333 MiB.
2026-10-06T08:38:17Z INFO [1507/1826] 6c6a32b2-0e2e-45e8-ae76-40ea9c69ab2f: qualifies; 1.8 s; peak memory 14333 MiB.
2026-10-06T08:38:20Z INFO [1508/1826] 6c6a8d45-2afa-41dd-83d2-a6ba2045d34c: does not qualify; 2.1 s; peak memory 14333 MiB.
2026-10-06T08:38:21Z INFO [1509/1826] 6c6cef5c-6631-4885-8668-6e2092a4a0ea: does not qualify; 1.5 s; peak memory 14333 MiB.
2026-10-06T08:38:22Z INFO [1510/1826] 6c6d2921-7b4e-4e52-8a37-659df3acd8da: does not qualify; 1.4 s; peak memory 14333 MiB.
2026-10-06T08:38:24Z INFO [1511/1826] 6c6db1a4-3c4e-4dc4-a38f-27667cd148d0: does not qualify; 1.8 s; peak memory 14333 MiB.
2026-10-06T08:38:32Z INFO [1512/1826] 6c6e94b0-2249-49b8-b660-4d086742805c: does not qualify; 8.1 s; peak memory 14333 MiB.
2026-10-06T08:38:34Z INFO [1513/1826] 6c6ec1e2-8398-447e-b032-641ce008608b: does not qualify; 1.6 s; peak memory 14333 MiB.
2026-10-06T08:38:35Z INFO [1514/1826] 6c6f38e2-90d5-4b4c-bac6-7b751acf4262: does not qualify; 1.4 s; peak memory 14333 MiB.
2026-10-06T08:38:37Z INFO [1515/1826] 6c6ff775-3615-4190-8f67-00cb4183d2cb: does not qualify; 2.1 s; peak memory 14333 MiB.
2026-10-06T08:38:44Z INFO [1516/1826] 6c70715e-0881-4301-b4a1-2654d6cc6403: does not qualify; 6.6 s; peak memory 14333 MiB.
2026-10-06T08:38:45Z INFO [1517/1826] 6c70d10d-2938-4e54-9c05-8ca19612f22b: does not qualify; 1.2 s; peak memory 14333 MiB.
2026-10-06T08:38:47Z INFO [1518/1826] 6c711398-206e-4c59-ae7d-304453b810a9: does not qualify; 1.7 s; peak memory 14333 MiB.
2026-10-06T08:38:49Z INFO [1519/1826] 6c716b84-6f71-44cd-85ac-163790be1f83: does not qualify; 1.9 s; peak memory 14333 MiB.
2026-10-06T08:38:54Z INFO [1520/1826] 6c718cbd-aea7-42ff-811d-cc232e702a3a: does not qualify; 4.7 s; peak memory 14333 MiB.
2026-10-06T08:38:56Z INFO [1521/1826] 6c719daf-a99c-4c06-9921-2c014579211f: does not qualify; 2.0 s; peak memory 14333 MiB.
2026-10-06T08:38:57Z INFO [1522/1826] 6c71f7d8-d4d5-442b-a911-ce67be9c7d79: does not qualify; 1.8 s; peak memory 14333 MiB.
2026-10-06T08:38:58Z INFO [1523/1826] 6c73360d-871c-4a9b-bf71-d61ba6f56290: does not qualify; 1.0 s; peak memory 14333 MiB.
2026-10-06T08:39:00Z INFO [1524/1826] 6c7353e3-b829-4f80-b637-adb49b589caf: does not qualify; 1.3 s; peak memory 14333 MiB.
2026-10-06T08:39:01Z INFO [1525/1826] 6c73570e-14f1-469f-8c1a-1fe7040adf3f: does not qualify; 1.6 s; peak memory 14333 MiB.
2026-10-06T08:39:04Z INFO [1526/1826] 6c73ce6e-b397-4dca-9b4c-339119cc7c47: does not qualify; 3.1 s; peak memory 14333 MiB.
2026-10-06T08:39:09Z INFO [1527/1826] 6c744de6-3a58-478a-9feb-6bb5eb7653c7: does not qualify; 4.6 s; peak memory 14333 MiB.
2026-10-06T08:39:11Z INFO [1528/1826] 6c74826a-111e-4610-a42a-dcec9cee4b40: does not qualify; 2.0 s; peak memory 14333 MiB.
2026-10-06T08:39:14Z INFO [1529/1826] 6c74a7c3-d24e-4fc4-bb5a-eae48c856794: does not qualify; 3.1 s; peak memory 14333 MiB.
2026-10-06T08:39:21Z INFO [1530/1826] 6c74fc95-c4df-4105-9f96-11d9bc17f30a: does not qualify; 7.4 s; peak memory 14333 MiB.
2026-10-06T08:39:25Z INFO [1531/1826] 6c75266b-593a-48b6-8dc2-acb290e14070: does not qualify; 3.6 s; peak memory 14333 MiB.
2026-10-06T08:39:27Z INFO [1532/1826] 6c755401-40b6-4892-9dd0-58b3f34c6fa0: does not qualify; 1.7 s; peak memory 14333 MiB.
2026-10-06T08:39:28Z INFO [1533/1826] 6c7581d6-19d8-4663-935a-f4e913aac98b: does not qualify; 1.3 s; peak memory 14333 MiB.
2026-10-06T08:39:30Z INFO [1534/1826] 6c75a0e6-d25c-4488-bcc8-ac03f0a5f7f9: does not qualify; 1.8 s; peak memory 14333 MiB.
2026-10-06T08:39:31Z INFO [1535/1826] 6c76382d-f4ca-4d36-a841-ef5a20e6bdd9: does not qualify; 1.0 s; peak memory 14333 MiB.
2026-10-06T08:39:33Z INFO [1536/1826] 6c764f9f-6f59-4456-8516-835e49beae5e: does not qualify; 2.7 s; peak memory 14333 MiB.
2026-10-06T08:39:39Z INFO [1537/1826] 6c782318-5b07-4328-94ef-3ae36857e04e: does not qualify; 5.6 s; peak memory 14333 MiB.
2026-10-06T08:39:41Z INFO [1538/1826] 6c792fb0-9020-45f5-a721-a05ea91a2211: does not qualify; 1.8 s; peak memory 14333 MiB.
2026-10-06T08:39:43Z INFO [1539/1826] 6c794cbd-a1a8-4413-b119-44e2fec8cd58: does not qualify; 2.5 s; peak memory 14333 MiB.
2026-10-06T08:39:45Z INFO [1540/1826] 6c79edca-3109-4fb8-ba60-77a5bc9ef3e3: does not qualify; 2.3 s; peak memory 14333 MiB.
2026-10-06T08:39:53Z INFO [1541/1826] 6c7a2158-14ae-4ca2-a0f4-3cdd0bd4ff98: does not qualify; 7.3 s; peak memory 14333 MiB.
2026-10-06T08:39:54Z INFO [1542/1826] 6c7ac000-5cf2-4ef0-9f07-d9cd8b25f3b8: does not qualify; 1.7 s; peak memory 14333 MiB.
2026-10-06T08:39:56Z INFO [1543/1826] 6c7b42c5-122d-4ef9-917f-8217729e72ff: does not qualify; 1.3 s; peak memory 14333 MiB.
2026-10-06T08:39:58Z INFO [1544/1826] 6c7b8503-3dff-4abf-b8ea-70fe6ad11a30: does not qualify; 2.7 s; peak memory 14333 MiB.
2026-10-06T08:40:06Z INFO [1545/1826] 6c7c7467-c6b3-4df4-af25-64fb64f79dfa: does not qualify; 8.0 s; peak memory 14333 MiB.
2026-10-06T08:40:08Z INFO [1546/1826] 6c7cedbe-36c0-4d1b-977d-c00a7f733516: does not qualify; 1.6 s; peak memory 14333 MiB.
2026-10-06T08:40:17Z INFO [1547/1826] 6c7cffce-e967-4444-a84f-048541c018a5: does not qualify; 8.8 s; peak memory 14333 MiB.
2026-10-06T08:40:19Z INFO [1548/1826] 6c7d16d2-3894-4005-af82-a849b865c5f2: does not qualify; 1.9 s; peak memory 14333 MiB.
2026-10-06T08:40:22Z INFO [1549/1826] 6c7d45d9-7a13-4ee7-8757-9efef2e0ffd0: does not qualify; 3.3 s; peak memory 14333 MiB.
2026-10-06T08:40:23Z INFO [1550/1826] 6c7e7467-b421-46bf-b11c-118cfaf414c4: does not qualify; 1.0 s; peak memory 14333 MiB.
2026-10-06T08:40:23Z INFO [1550/1826] 6c7e7467-b421-46bf-b11c-118cfaf414c4: checkpointed 80581 records.
2026-10-06T08:40:24Z INFO [1551/1826] 6c7e93bb-5eec-4f49-bde2-0a1c092e56ac: does not qualify; 1.2 s; peak memory 14333 MiB.
2026-10-06T08:40:26Z INFO [1552/1826] 6c7f276a-394d-4853-b306-f8b58b2fdeef: does not qualify; 1.4 s; peak memory 14333 MiB.
2026-10-06T08:40:27Z INFO [1553/1826] 6c7f6cb0-5dcd-471d-b227-34c0f75e550a: does not qualify; 1.0 s; peak memory 14333 MiB.
2026-10-06T08:40:28Z INFO [1554/1826] 6c807931-522b-4da4-9b62-c899e72bb400: does not qualify; 1.2 s; peak memory 14333 MiB.
2026-10-06T08:40:29Z INFO [1555/1826] 6c80ba9d-a103-4e48-a155-d425d972328c: does not qualify; 1.4 s; peak memory 14333 MiB.
2026-10-06T08:40:31Z INFO [1556/1826] 6c81d49c-a39f-438c-9d22-f8d284bf8fe7: does not qualify; 1.3 s; peak memory 14333 MiB.
2026-10-06T08:40:34Z INFO [1557/1826] 6c81d6e9-3449-4be6-91b0-d5ac07b6f818: does not qualify; 3.1 s; peak memory 14333 MiB.
2026-10-06T08:40:37Z INFO [1558/1826] 6c82afac-426c-4db1-bd41-72063af863c3: does not qualify; 3.1 s; peak memory 14333 MiB.
2026-10-06T08:40:39Z INFO [1559/1826] 6c839a00-ee2a-4d53-a71a-e9b112077550: does not qualify; 1.8 s; peak memory 14333 MiB.
2026-10-06T08:40:40Z INFO [1560/1826] 6c83bb73-40d3-4f18-b7e9-dbd9b82167ff: does not qualify; 1.3 s; peak memory 14333 MiB.
2026-10-06T08:40:41Z INFO [1561/1826] 6c852787-83f4-4fb2-9af0-7537fbfd0449: does not qualify; 1.4 s; peak memory 14333 MiB.
2026-10-06T08:40:43Z INFO [1562/1826] 6c852d81-bcd4-4c71-9f91-650b87767792: does not qualify; 1.6 s; peak memory 14333 MiB.
2026-10-06T08:40:50Z INFO [1563/1826] 6c85a61c-2bbe-4fef-84cf-555e75c704bb: does not qualify; 6.7 s; peak memory 14333 MiB.
2026-10-06T08:40:51Z INFO [1564/1826] 6c85c370-640b-4f96-be2e-a4664d3139dc: does not qualify; 1.4 s; peak memory 14333 MiB.
2026-10-06T08:40:52Z INFO [1565/1826] 6c8676d2-1114-4a3b-8051-161412c47f8a: does not qualify; 1.4 s; peak memory 14333 MiB.
2026-10-06T08:40:54Z INFO [1566/1826] 6c8693ec-79a9-4a1a-b63b-f9cbf39fec00: does not qualify; 1.3 s; peak memory 14333 MiB.
2026-10-06T08:40:56Z INFO [1567/1826] 6c869bf9-b618-4396-bbea-e3ba11ea56c6: does not qualify; 2.3 s; peak memory 14333 MiB.
2026-10-06T08:40:58Z INFO [1568/1826] 6c87a7af-fc89-4587-9935-7afc8d2837a1: does not qualify; 1.6 s; peak memory 14333 MiB.
2026-10-06T08:41:03Z INFO [1569/1826] 6c8826a6-1752-49a3-b457-d59b79346f28: does not qualify; 5.4 s; peak memory 14333 MiB.
2026-10-06T08:41:05Z INFO [1570/1826] 6c89af0c-fea5-483c-881a-f02af064a019: does not qualify; 2.2 s; peak memory 14333 MiB.
2026-10-06T08:41:07Z INFO [1571/1826] 6c8a8281-5292-497b-ba0a-57e73ebe4dec: does not qualify; 2.2 s; peak memory 14333 MiB.
2026-10-06T08:41:20Z INFO [1572/1826] 6c8ac2a6-8470-46c0-be37-f1b93caa28e1: does not qualify; 12.5 s; peak memory 14333 MiB.
2026-10-06T08:41:24Z INFO [1573/1826] 6c8ac8ac-5b9f-43d2-95ae-6c04ffd36c7a: does not qualify; 4.0 s; peak memory 14333 MiB.
2026-10-06T08:41:25Z INFO [1574/1826] 6c8c23a7-5822-4912-9b4c-8cd337a791a1: does not qualify; 1.3 s; peak memory 14333 MiB.
2026-10-06T08:41:26Z INFO [1575/1826] 6c8c4b05-0267-46c1-b540-8e021ab68d32: does not qualify; 1.1 s; peak memory 14333 MiB.
2026-10-06T08:41:29Z INFO [1576/1826] 6c8d168e-1eb7-4517-b400-409999719d4e: does not qualify; 2.9 s; peak memory 14333 MiB.
2026-10-06T08:41:36Z INFO [1577/1826] 6c8d4008-1923-43d5-846c-1414cc94e84a: does not qualify; 6.4 s; peak memory 14333 MiB.
2026-10-06T08:41:38Z INFO [1578/1826] 6c8dcbe9-8160-4c4a-9ef1-766a7b6b4286: does not qualify; 2.4 s; peak memory 14333 MiB.
2026-10-06T08:41:42Z INFO [1579/1826] 6c8dd716-de3b-4d73-8d5a-82aa40dabb44: does not qualify; 4.4 s; peak memory 14333 MiB.
2026-10-06T08:41:44Z INFO [1580/1826] 6c8ef482-add2-47aa-85aa-36d069bfe85a: does not qualify; 1.4 s; peak memory 14333 MiB.
2026-10-06T08:41:52Z INFO [1581/1826] 6c8f272f-8932-44a2-8889-defb3c6fd343: does not qualify; 8.6 s; peak memory 14333 MiB.
2026-10-06T08:41:54Z INFO [1582/1826] 6c90a27c-d01d-42f6-a5b3-01edb488bc1b: does not qualify; 1.2 s; peak memory 14333 MiB.
2026-10-06T08:41:55Z INFO [1583/1826] 6c90a5a4-b928-44ed-9979-8c24c7d9f3c4: does not qualify; 1.2 s; peak memory 14333 MiB.
2026-10-06T08:42:41Z INFO [1584/1826] 6c934e64-5133-4e4b-9513-93e46fd20c20: does not qualify; 45.8 s; peak memory 14333 MiB.
2026-10-06T08:42:42Z INFO [1585/1826] 6c93918e-5014-40b0-95b3-47be8678763f: does not qualify; 1.3 s; peak memory 14333 MiB.
2026-10-06T08:42:54Z INFO [1586/1826] 6c93ce2e-7afa-4d50-b742-6e2af2df2675: does not qualify; 11.7 s; peak memory 14333 MiB.
2026-10-06T08:42:55Z INFO [1587/1826] 6c93f6bb-a5ae-4ee7-a363-10f9c28a0c7d: does not qualify; 1.8 s; peak memory 14333 MiB.
2026-10-06T08:43:02Z INFO [1588/1826] 6c9556fc-0c11-4a16-a252-951646a412b4: does not qualify; 6.8 s; peak memory 14333 MiB.
2026-10-06T08:43:06Z INFO [1589/1826] 6c95b5ed-550a-4373-b13b-34d276de81d2: does not qualify; 3.5 s; peak memory 14333 MiB.
2026-10-06T08:43:07Z INFO [1590/1826] 6c95ed0f-bc70-486c-97e2-f9ac9f5f4d12: does not qualify; 1.3 s; peak memory 14333 MiB.
2026-10-06T08:43:09Z INFO [1591/1826] 6c97924a-82c9-45e9-ac62-253e2a23c218: does not qualify; 1.8 s; peak memory 14333 MiB.
2026-10-06T08:43:24Z INFO [1592/1826] 6c994c85-ec4d-4ab2-a12e-ddb61fc0ca53: does not qualify; 14.7 s; peak memory 14333 MiB.
2026-10-06T08:43:25Z INFO [1593/1826] 6c995192-5084-44b4-8eab-36713916efbc: does not qualify; 1.8 s; peak memory 14333 MiB.
2026-10-06T08:43:28Z INFO [1594/1826] 6c99b010-580f-4781-ad10-6e9a7694f272: does not qualify; 2.1 s; peak memory 14333 MiB.
2026-10-06T08:43:30Z INFO [1595/1826] 6c99ba63-af25-460d-8dc2-5860fbc867c5: does not qualify; 2.2 s; peak memory 14333 MiB.
2026-10-06T08:43:31Z INFO [1596/1826] 6c9a0f3d-52d6-4ec8-9412-893543e94448: does not qualify; 1.3 s; peak memory 14333 MiB.
2026-10-06T08:43:35Z INFO [1597/1826] 6c9a18dc-e678-4de1-a163-691afb02a0b4: does not qualify; 4.0 s; peak memory 14333 MiB.
2026-10-06T08:43:37Z INFO [1598/1826] 6c9b7ef6-ec72-4049-aad2-995e4cd304b9: does not qualify; 1.6 s; peak memory 14333 MiB.
2026-10-06T08:43:38Z INFO [1599/1826] 6c9b8000-8632-4f93-b740-b3e92a3a83b3: does not qualify; 1.0 s; peak memory 14333 MiB.
2026-10-06T08:43:40Z INFO [1600/1826] 6c9b982f-eff8-444f-955d-f6309f9729ab: does not qualify; 1.9 s; peak memory 14333 MiB.
2026-10-06T08:43:40Z INFO [1600/1826] 6c9b982f-eff8-444f-955d-f6309f9729ab: checkpointed 80631 records.
2026-10-06T08:43:41Z INFO [1601/1826] 6c9c2fab-7137-4f18-b605-94588bd78548: does not qualify; 1.7 s; peak memory 14333 MiB.
2026-10-06T08:43:43Z INFO [1602/1826] 6c9ca6c5-8672-4d95-8c5e-7624d6063caa: does not qualify; 1.6 s; peak memory 14333 MiB.
2026-10-06T08:43:45Z INFO [1603/1826] 6c9da112-8c0c-4766-b2e8-407183321c05: does not qualify; 1.8 s; peak memory 14333 MiB.
2026-10-06T08:43:47Z INFO [1604/1826] 6c9e1561-f557-45e0-b630-517f6587c9a8: does not qualify; 1.9 s; peak memory 14333 MiB.
2026-10-06T08:43:48Z INFO [1605/1826] 6c9e84b2-5fc3-42aa-a7d5-b335855b04d0: does not qualify; 1.4 s; peak memory 14333 MiB.
2026-10-06T08:43:56Z INFO [1606/1826] 6c9ee7b4-1e19-4c26-8577-cb401ce64b1d: does not qualify; 7.5 s; peak memory 14333 MiB.
2026-10-06T08:43:58Z INFO [1607/1826] 6c9f0e60-d561-4c77-b164-842b12bc5cf1: does not qualify; 2.0 s; peak memory 14333 MiB.
2026-10-06T08:43:59Z INFO [1608/1826] 6c9f34aa-d879-4b36-8a42-dd161cd2c47f: does not qualify; 1.6 s; peak memory 14333 MiB.
2026-10-06T08:44:01Z INFO [1609/1826] 6c9f49b0-f474-4fb1-a833-b78f159604c7: does not qualify; 1.6 s; peak memory 14333 MiB.
2026-10-06T08:44:02Z INFO [1610/1826] 6ca056b8-5050-4629-989c-74a839d2aa9d: does not qualify; 1.0 s; peak memory 14333 MiB.
2026-10-06T08:44:03Z INFO [1611/1826] 6ca0b4b4-29a6-471e-8e2a-081b5be3e856: does not qualify; 1.3 s; peak memory 14333 MiB.
2026-10-06T08:44:05Z INFO [1612/1826] 6ca13701-e0af-4ebd-b911-9d63f26f2acf: does not qualify; 1.6 s; peak memory 14333 MiB.
2026-10-06T08:44:06Z INFO [1613/1826] 6ca175d9-98a3-4f11-8b6b-1299c29c62f7: does not qualify; 1.3 s; peak memory 14333 MiB.
2026-10-06T08:44:08Z INFO [1614/1826] 6ca2d542-0518-4b9a-a936-b0c50a7d749b: does not qualify; 1.8 s; peak memory 14333 MiB.
2026-10-06T08:44:10Z INFO [1615/1826] 6ca36bd3-7e71-4465-83e5-d4dfffe78d33: does not qualify; 2.1 s; peak memory 14333 MiB.
2026-10-06T08:44:16Z INFO [1616/1826] 6ca3d044-a1cf-4329-b984-bfccb79329e1: does not qualify; 6.6 s; peak memory 14333 MiB.
2026-10-06T08:44:18Z INFO [1617/1826] 6ca4ce55-5c85-484a-b201-af093a31f762: does not qualify; 2.1 s; peak memory 14333 MiB.
2026-10-06T08:44:26Z INFO [1618/1826] 6ca4e33f-f698-4861-a34f-e7f769d71b5b: does not qualify; 7.4 s; peak memory 14333 MiB.
2026-10-06T08:44:30Z INFO [1619/1826] 6ca5985e-c4fc-4d92-a066-e6887af4304f: does not qualify; 4.1 s; peak memory 14333 MiB.
2026-10-06T08:44:31Z INFO [1620/1826] 6ca5e31e-0df1-4e8b-bebe-b62f0eab9e1b: does not qualify; 1.4 s; peak memory 14333 MiB.
2026-10-06T08:44:38Z INFO [1621/1826] 6ca698eb-f7df-4b4b-abf7-87719a95da61: does not qualify; 7.0 s; peak memory 14333 MiB.
2026-10-06T08:44:41Z INFO [1622/1826] 6ca6dc45-a5dc-472d-87f3-1db5d6d976ff: does not qualify; 2.3 s; peak memory 14333 MiB.
2026-10-06T08:44:42Z INFO [1623/1826] 6ca71e82-11ce-4de8-8006-ad273a0bafc8: does not qualify; 1.8 s; peak memory 14333 MiB.
2026-10-06T08:44:44Z INFO [1624/1826] 6ca76acc-7a72-412f-9f09-b56a85fe3443: does not qualify; 1.5 s; peak memory 14333 MiB.
2026-10-06T08:44:47Z INFO [1625/1826] 6ca82700-a0d9-4cb4-b909-199c1cd56470: does not qualify; 2.9 s; peak memory 14333 MiB.
2026-10-06T08:44:57Z INFO [1626/1826] 6ca82965-fc33-4e25-a6e8-feaeb9d6f329: does not qualify; 10.1 s; peak memory 14333 MiB.
2026-10-06T08:44:58Z INFO [1627/1826] 6ca82a18-d592-485b-afc0-4bb32285f2c0: does not qualify; 1.3 s; peak memory 14333 MiB.
2026-10-06T08:45:11Z INFO [1628/1826] 6ca83c06-7644-4e67-b1c8-aa12e7365be8: does not qualify; 13.3 s; peak memory 14333 MiB.
2026-10-06T08:45:13Z INFO [1629/1826] 6ca84889-5cb3-4224-883f-c516b14e62b5: does not qualify; 1.6 s; peak memory 14333 MiB.
2026-10-06T08:45:15Z INFO [1630/1826] 6ca853c2-c0c1-4483-a4b1-ba51d1814dca: does not qualify; 2.3 s; peak memory 14333 MiB.
2026-10-06T08:45:17Z INFO [1631/1826] 6ca889ba-f8bd-4470-a7f8-48c649cd8a4b: does not qualify; 1.9 s; peak memory 14333 MiB.
2026-10-06T08:45:19Z INFO [1632/1826] 6ca94dae-ebac-4d12-822a-32deab1e20a2: does not qualify; 1.5 s; peak memory 14333 MiB.
2026-10-06T08:45:21Z INFO [1633/1826] 6caada87-a3a6-47dc-944a-89de3eaa262d: does not qualify; 1.8 s; peak memory 14333 MiB.
2026-10-06T08:45:22Z INFO [1634/1826] 6cabb1f7-34f8-4183-ad92-07c02794ac24: does not qualify; 1.8 s; peak memory 14333 MiB.
2026-10-06T08:45:24Z INFO [1635/1826] 6cae6985-a8ec-4930-b365-184bbe4b7e66: does not qualify; 2.0 s; peak memory 14333 MiB.
2026-10-06T08:45:26Z INFO [1636/1826] 6caf5520-99db-4be9-9b6f-782d733689c7: does not qualify; 1.6 s; peak memory 14333 MiB.
2026-10-06T08:45:27Z INFO [1637/1826] 6cb0735b-0def-4eb9-a47e-384592163d64: does not qualify; 1.0 s; peak memory 14333 MiB.
2026-10-06T08:45:37Z INFO [1638/1826] 6cb09e11-75ea-4cbd-b260-cbccaab92eed: does not qualify; 10.4 s; peak memory 14333 MiB.
2026-10-06T08:45:39Z INFO [1639/1826] 6cb0db7c-0df2-4bb2-921d-7e3b7498208b: does not qualify; 1.4 s; peak memory 14333 MiB.
2026-10-06T08:45:47Z INFO [1640/1826] 6cb13fba-686d-452a-9dfa-b5642c9a3654: does not qualify; 8.3 s; peak memory 14333 MiB.
2026-10-06T08:45:49Z INFO [1641/1826] 6cb152af-63e3-4b05-99ca-d9f104d4fb59: does not qualify; 1.4 s; peak memory 14333 MiB.
2026-10-06T08:45:55Z INFO [1642/1826] 6cb29158-7c64-43a8-a380-e6b6b98e9346: does not qualify; 6.1 s; peak memory 14333 MiB.
2026-10-06T08:46:04Z INFO [1643/1826] 6cb29b0b-71f0-42d2-a70f-e5e603e14f0b: does not qualify; 9.1 s; peak memory 14333 MiB.
2026-10-06T08:46:05Z INFO [1644/1826] 6cb310a7-f0ce-43c2-9b08-b359f7f3bd17: does not qualify; 1.7 s; peak memory 14333 MiB.
2026-10-06T08:46:12Z INFO [1645/1826] 6cb3b591-be6c-4b33-a614-d06dfaad8d2c: does not qualify; 6.8 s; peak memory 14333 MiB.
2026-10-06T08:46:14Z INFO [1646/1826] 6cb3d7dc-7a0c-43d8-becc-75c2284dcf9b: does not qualify; 1.6 s; peak memory 14333 MiB.
2026-10-06T08:46:15Z INFO [1647/1826] 6cb400c7-09bd-4357-99f3-a39eb7d45b83: does not qualify; 1.6 s; peak memory 14333 MiB.
2026-10-06T08:46:17Z INFO [1648/1826] 6cb41e7d-cad9-4707-9a55-b53b874a4dee: does not qualify; 1.3 s; peak memory 14333 MiB.
2026-10-06T08:46:19Z INFO [1649/1826] 6cb45a60-06ce-4cc6-bf3c-2a55ef7ee67b: does not qualify; 1.9 s; peak memory 14333 MiB.
2026-10-06T08:46:31Z INFO [1650/1826] 6cb48330-7470-467d-bf3b-301e89674eec: does not qualify; 12.6 s; peak memory 14333 MiB.
2026-10-06T08:46:31Z INFO [1650/1826] 6cb48330-7470-467d-bf3b-301e89674eec: checkpointed 80681 records.
2026-10-06T08:46:34Z INFO [1651/1826] 6cb543c7-a0f2-4840-b2fe-ea68a24f0ccc: qualifies; 2.9 s; peak memory 14333 MiB.
2026-10-06T08:46:36Z INFO [1652/1826] 6cb5d860-e317-4fbe-a0fe-7af77d480bf7: does not qualify; 1.3 s; peak memory 14333 MiB.
2026-10-06T08:46:37Z INFO [1653/1826] 6cb6a022-5fb5-42d8-9be6-8b0644e0101c: does not qualify; 1.3 s; peak memory 14333 MiB.
2026-10-06T08:46:38Z INFO [1654/1826] 6cb705b6-56e8-4718-9a72-920bb10c863f: does not qualify; 1.3 s; peak memory 14333 MiB.
2026-10-06T08:46:41Z INFO [1655/1826] 6cb78ba9-932e-48ba-8efe-2d670206bde8: qualifies; 2.3 s; peak memory 14333 MiB.
2026-10-06T08:46:43Z INFO [1656/1826] 6cb86a7e-ef09-4a94-ad29-15f3af6ebcb2: qualifies; 2.4 s; peak memory 14333 MiB.
2026-10-06T08:46:44Z INFO [1657/1826] 6cb95151-dc9b-47eb-a6ca-ecccb787ec36: does not qualify; 1.3 s; peak memory 14333 MiB.
2026-10-06T08:46:52Z INFO [1658/1826] 6cb9a673-da56-4283-84ea-9771dfc3b181: does not qualify; 7.8 s; peak memory 14333 MiB.
2026-10-06T08:46:53Z INFO [1659/1826] 6cb9bb92-e30e-465c-927b-68ddb3743269: does not qualify; 1.2 s; peak memory 14333 MiB.
2026-10-06T08:46:56Z INFO [1660/1826] 6cba2fe2-a61d-472a-8857-384374c8e2ef: does not qualify; 3.1 s; peak memory 14333 MiB.
2026-10-06T08:46:58Z INFO [1661/1826] 6cba5198-06c2-4b1e-b034-e11580afc851: does not qualify; 1.9 s; peak memory 14333 MiB.
2026-10-06T08:47:00Z INFO [1662/1826] 6cbc18ed-4abf-43c3-bf97-d188459e8aa8: does not qualify; 1.7 s; peak memory 14333 MiB.
2026-10-06T08:47:03Z INFO [1663/1826] 6cbc5728-0cf8-4f7f-8147-eb9ba04ecb1f: does not qualify; 3.2 s; peak memory 14333 MiB.
2026-10-06T08:47:06Z INFO [1664/1826] 6cbd5bec-73ab-4426-8305-4ef6be2ba96b: does not qualify; 3.3 s; peak memory 14333 MiB.
2026-10-06T08:47:18Z INFO [1665/1826] 6cbd5f01-8195-491c-a1a9-f517ee91ad4a: does not qualify; 11.4 s; peak memory 14333 MiB.
2026-10-06T08:47:19Z INFO [1666/1826] 6cbd6533-72b4-4392-8e4a-4fb59cde5833: does not qualify; 1.0 s; peak memory 14333 MiB.
2026-10-06T08:47:21Z INFO [1667/1826] 6cbef589-9558-4f92-a089-334a7818159d: does not qualify; 2.3 s; peak memory 14333 MiB.
2026-10-06T08:47:28Z INFO [1668/1826] 6cbfbe58-73ac-4a51-b4d2-2c950d328ceb: does not qualify; 7.1 s; peak memory 14333 MiB.
2026-10-06T08:47:30Z INFO [1669/1826] 6cbff0fc-fac0-4676-a296-36bc635ef3cb: does not qualify; 1.8 s; peak memory 14333 MiB.
2026-10-06T08:47:32Z INFO [1670/1826] 6cc04e8f-00e9-41c5-84d5-6948f116f67f: does not qualify; 1.9 s; peak memory 14333 MiB.
2026-10-06T08:47:34Z INFO [1671/1826] 6cc08054-9797-420d-94fa-cba42d02c486: does not qualify; 1.8 s; peak memory 14333 MiB.
2026-10-06T08:47:40Z INFO [1672/1826] 6cc09cfb-2a46-4397-a580-28eeaa407c38: does not qualify; 6.5 s; peak memory 14333 MiB.
2026-10-06T08:47:42Z INFO [1673/1826] 6cc0f65a-aed3-4ac8-9c22-1ce7ae2ec5a0: does not qualify; 1.6 s; peak memory 14333 MiB.
2026-10-06T08:47:44Z INFO [1674/1826] 6cc10061-efc5-4489-9060-db91d27793d8: qualifies; 2.5 s; peak memory 14333 MiB.
2026-10-06T08:47:47Z INFO [1675/1826] 6cc1011b-ee98-4c94-a89e-02fc2fbbddd4: does not qualify; 2.4 s; peak memory 14333 MiB.
2026-10-06T08:47:49Z INFO [1676/1826] 6cc1b2dc-0d2f-48d4-8008-a93454d1d975: does not qualify; 1.9 s; peak memory 14333 MiB.
2026-10-06T08:47:50Z INFO [1677/1826] 6cc229d3-da88-4fea-87c6-4f4fc562e228: does not qualify; 1.5 s; peak memory 14333 MiB.
2026-10-06T08:47:52Z INFO [1678/1826] 6cc25518-983b-4cb8-95f9-180c5154773a: does not qualify; 2.2 s; peak memory 14333 MiB.
2026-10-06T08:47:54Z INFO [1679/1826] 6cc31808-d64b-4abd-9c1b-6eacb315524f: does not qualify; 1.3 s; peak memory 14333 MiB.
2026-10-06T08:47:55Z INFO [1680/1826] 6cc36d6e-1556-45ee-9a14-0a8a8c18c2ae: does not qualify; 1.3 s; peak memory 14333 MiB.
2026-10-06T08:47:57Z INFO [1681/1826] 6cc3fdec-d957-4669-82ff-0ee0ed81046e: does not qualify; 2.1 s; peak memory 14333 MiB.
2026-10-06T08:47:59Z INFO [1682/1826] 6cc5ac30-dfbf-469e-8911-0995fc7c975b: does not qualify; 1.9 s; peak memory 14333 MiB.
2026-10-06T08:48:00Z INFO [1683/1826] 6cc6e836-3d18-40b3-a7c5-9ee6e3c6d33b: does not qualify; 1.0 s; peak memory 14333 MiB.
2026-10-06T08:48:01Z INFO [1684/1826] 6cc786ce-e5ab-49a6-a018-07f74c879e58: does not qualify; 1.3 s; peak memory 14333 MiB.
2026-10-06T08:48:03Z INFO [1685/1826] 6cc809a0-8ac9-4444-a37b-ff3420f4d8ef: does not qualify; 2.0 s; peak memory 14333 MiB.
2026-10-06T08:48:22Z INFO [1686/1826] 6cc82103-2722-4ceb-81f9-047dc6d665e2: does not qualify; 19.1 s; peak memory 14333 MiB.
2026-10-06T08:48:24Z INFO [1687/1826] 6cc8564c-c213-46b6-add8-32827c71af62: does not qualify; 1.3 s; peak memory 14333 MiB.
2026-10-06T08:48:25Z INFO [1688/1826] 6cc972af-ddb4-4be8-9f04-bc4c15b8f616: does not qualify; 1.4 s; peak memory 14333 MiB.
2026-10-06T08:48:32Z INFO [1689/1826] 6cca8a62-1baa-40e0-8a8b-8226d0c02433: does not qualify; 6.6 s; peak memory 14333 MiB.
2026-10-06T08:48:33Z INFO [1690/1826] 6ccafac2-0b26-49a4-b564-e531be1d110c: does not qualify; 1.6 s; peak memory 14333 MiB.
2026-10-06T08:48:35Z INFO [1691/1826] 6ccb2c19-0a16-42eb-a210-aa0327084c0c: does not qualify; 2.0 s; peak memory 14333 MiB.
2026-10-06T08:48:36Z INFO [1692/1826] 6ccbe41f-81ea-4538-8deb-942cf3c65555: does not qualify; 1.4 s; peak memory 14333 MiB.
2026-10-06T08:48:38Z INFO [1693/1826] 6ccd2634-83f8-45b0-a4e6-33ae89c60c62: does not qualify; 1.5 s; peak memory 14333 MiB.
2026-10-06T08:48:39Z INFO [1694/1826] 6cce1e3e-5010-4cef-96c2-6ef608ca7dd9: does not qualify; 1.3 s; peak memory 14333 MiB.
2026-10-06T08:48:41Z INFO [1695/1826] 6cce2be3-9ca8-4969-955d-2001c6288f7b: does not qualify; 1.3 s; peak memory 14333 MiB.
2026-10-06T08:48:42Z INFO [1696/1826] 6ccfb1f7-40fc-44b5-8df1-3831d7659ce2: does not qualify; 1.6 s; peak memory 14333 MiB.
2026-10-06T08:48:49Z INFO [1697/1826] 6cd051af-1113-4301-b2e5-4b3556f34318: does not qualify; 6.9 s; peak memory 14333 MiB.
2026-10-06T08:48:51Z INFO [1698/1826] 6cd06980-4e27-4488-bddb-675e00003be4: does not qualify; 1.8 s; peak memory 14333 MiB.
2026-10-06T08:48:53Z INFO [1699/1826] 6cd1229e-833e-4539-860d-e73c3b5a6d11: does not qualify; 1.7 s; peak memory 14333 MiB.
2026-10-06T08:48:55Z INFO [1700/1826] 6cd16efc-a727-4917-b877-f52cb363c50f: does not qualify; 2.5 s; peak memory 14333 MiB.
2026-10-06T08:48:55Z INFO [1700/1826] 6cd16efc-a727-4917-b877-f52cb363c50f: checkpointed 80731 records.
2026-10-06T08:49:09Z INFO [1701/1826] 6cd1c57a-04b6-4d12-b055-a5782f87d344: does not qualify; 13.9 s; peak memory 14333 MiB.
2026-10-06T08:49:10Z INFO [1702/1826] 6cd2017a-ec16-4fc9-9fec-7c87107df389: does not qualify; 1.3 s; peak memory 14333 MiB.
2026-10-06T08:49:12Z INFO [1703/1826] 6cd20d72-4817-46cf-a710-43895e3772f3: does not qualify; 2.0 s; peak memory 14333 MiB.
2026-10-06T08:49:14Z INFO [1704/1826] 6cd27349-1f0c-4f37-8b3a-9825cb9db4af: does not qualify; 1.1 s; peak memory 14333 MiB.
2026-10-06T08:49:15Z INFO [1705/1826] 6cd2c295-aa02-43d5-97ef-a2b42dfb0cbf: does not qualify; 1.5 s; peak memory 14333 MiB.
2026-10-06T08:49:22Z INFO [1706/1826] 6cd2da31-af4d-4eaa-8250-e6e381b13d27: does not qualify; 6.6 s; peak memory 14333 MiB.
2026-10-06T08:49:23Z INFO [1707/1826] 6cd32d78-7a21-4ac1-a250-d8eda9eef4c7: does not qualify; 1.4 s; peak memory 14333 MiB.
2026-10-06T08:49:30Z INFO [1708/1826] 6cd39996-3f7d-40f1-8510-913ce00f8f02: does not qualify; 7.4 s; peak memory 14333 MiB.
2026-10-06T08:49:32Z INFO [1709/1826] 6cd4237d-85f8-4058-9c39-f553e32a61c9: does not qualify; 1.4 s; peak memory 14333 MiB.
2026-10-06T08:49:47Z INFO [1710/1826] 6cd48859-7206-4600-880d-8f6d284b0b8a: does not qualify; 15.5 s; peak memory 14333 MiB.
2026-10-06T08:49:55Z INFO [1711/1826] 6cd5d517-d90a-4eae-8e73-33dbb54110d8: does not qualify; 7.3 s; peak memory 14333 MiB.
2026-10-06T08:49:56Z INFO [1712/1826] 6cd5d7b0-e5ae-4da8-97c7-ae1c44ca7f37: does not qualify; 1.0 s; peak memory 14333 MiB.
2026-10-06T08:50:04Z INFO [1713/1826] 6cd5feb5-24ba-4cca-89ec-dcafb9612124: does not qualify; 8.0 s; peak memory 14333 MiB.
2026-10-06T08:50:05Z INFO [1714/1826] 6cd6db5d-1a8a-481f-bb48-6bc0314b4cf3: does not qualify; 1.3 s; peak memory 14333 MiB.
2026-10-06T08:50:07Z INFO [1715/1826] 6cd7c6c2-9e72-4df3-82d1-5fd0743db43f: does not qualify; 1.6 s; peak memory 14333 MiB.
2026-10-06T08:50:08Z INFO [1716/1826] 6cd81c1e-adcd-4844-a9b4-1fb7f095efec: does not qualify; 1.4 s; peak memory 14333 MiB.
2026-10-06T08:50:09Z INFO [1717/1826] 6cd85948-baf2-47d1-a7c9-3d816282517b: does not qualify; 1.0 s; peak memory 14333 MiB.
2026-10-06T08:50:16Z INFO [1718/1826] 6cd93d7c-d837-45f2-a15f-8db7fff69f96: does not qualify; 7.1 s; peak memory 14333 MiB.
2026-10-06T08:50:19Z INFO [1719/1826] 6cd95eaa-34f9-4305-b462-f822c4c47dae: does not qualify; 3.1 s; peak memory 14333 MiB.
2026-10-06T08:50:21Z INFO [1720/1826] 6cd960e2-3fa4-41c6-8488-4751424b88bf: does not qualify; 1.5 s; peak memory 14333 MiB.
2026-10-06T08:50:25Z INFO [1721/1826] 6cda0bb1-1528-426a-8628-ea6ed330c9cc: does not qualify; 4.6 s; peak memory 14333 MiB.
2026-10-06T08:50:27Z INFO [1722/1826] 6cdb5a38-8d43-4bab-9db0-071bdc896569: does not qualify; 1.4 s; peak memory 14333 MiB.
2026-10-06T08:50:29Z INFO [1723/1826] 6cdbedcd-0bda-4ad0-88d6-694c8cf2ad4d: does not qualify; 2.7 s; peak memory 14333 MiB.
2026-10-06T08:50:32Z INFO [1724/1826] 6cdc5fda-4a73-47d9-965b-a4b914caea9e: does not qualify; 2.3 s; peak memory 14333 MiB.
2026-10-06T08:50:42Z INFO [1725/1826] 6cdcbf8c-a6b0-4103-a325-736e3a038335: does not qualify; 10.8 s; peak memory 14333 MiB.
2026-10-06T08:50:51Z INFO [1726/1826] 6cdcca97-fbf5-4dd4-9b4e-2623ca412e3c: does not qualify; 8.2 s; peak memory 14333 MiB.
2026-10-06T08:50:56Z INFO [1727/1826] 6cdd1560-3fdd-4f1f-82f1-9399be2b5b00: does not qualify; 5.8 s; peak memory 14333 MiB.
2026-10-06T08:50:58Z INFO [1728/1826] 6cdd7369-f402-456a-bc1a-0af6e1051d47: does not qualify; 1.9 s; peak memory 14333 MiB.
2026-10-06T08:51:00Z INFO [1729/1826] 6cde33d3-a200-4230-8d34-66e4d9375b1a: does not qualify; 1.6 s; peak memory 14333 MiB.
2026-10-06T08:51:02Z INFO [1730/1826] 6cdecfa3-c8e7-4473-89f2-d17b0ff5738e: does not qualify; 1.8 s; peak memory 14333 MiB.
2026-10-06T08:51:04Z INFO [1731/1826] 6cdf7775-f558-4d85-a47b-ae529f1d4e5b: does not qualify; 2.4 s; peak memory 14333 MiB.
2026-10-06T08:51:05Z INFO [1732/1826] 6ce13eaa-f20c-4671-a2db-55df228584bb: does not qualify; 1.4 s; peak memory 14333 MiB.
2026-10-06T08:51:07Z INFO [1733/1826] 6ce1c2da-a77e-4559-9fc4-fdbf2e3364d4: does not qualify; 1.3 s; peak memory 14333 MiB.
2026-10-06T08:51:08Z INFO [1734/1826] 6ce24b2a-dd8c-4ef6-b8ed-7b2ba27cc726: does not qualify; 1.3 s; peak memory 14333 MiB.
2026-10-06T08:51:10Z INFO [1735/1826] 6ce31656-c347-46b0-90f0-a78564fbc809: does not qualify; 1.6 s; peak memory 14333 MiB.
2026-10-06T08:51:11Z INFO [1736/1826] 6ce3b1ff-0606-4293-aea0-af5927cb5d82: does not qualify; 1.3 s; peak memory 14333 MiB.
2026-10-06T08:51:13Z INFO [1737/1826] 6ce3be33-6441-49e6-b8df-b9769c954dc2: does not qualify; 2.3 s; peak memory 14333 MiB.
2026-10-06T08:51:15Z INFO [1738/1826] 6ce44aea-1d97-4d56-95eb-360685ccd94a: does not qualify; 1.4 s; peak memory 14333 MiB.
2026-10-06T08:51:16Z INFO [1739/1826] 6ce4992d-cedc-4cea-b1f5-e11e9d32236f: does not qualify; 1.4 s; peak memory 14333 MiB.
2026-10-06T08:51:17Z INFO [1740/1826] 6ce4bd0e-c35f-4122-9e6c-183401049c3c: does not qualify; 1.3 s; peak memory 14333 MiB.
2026-10-06T08:51:22Z INFO [1741/1826] 6ce4e342-b871-484d-9514-a04c11f727f2: does not qualify; 5.1 s; peak memory 14333 MiB.
2026-10-06T08:51:31Z INFO [1742/1826] 6ce4ed85-d712-421d-8c42-7eda9009e063: does not qualify; 8.9 s; peak memory 14333 MiB.
2026-10-06T08:51:33Z INFO [1743/1826] 6ce4f678-cfdb-46e2-84af-421516aca104: does not qualify; 1.4 s; peak memory 14333 MiB.
2026-10-06T08:51:36Z INFO [1744/1826] 6ce68233-4e28-4001-9ea7-bad1beb4e0c3: does not qualify; 2.8 s; peak memory 14333 MiB.
2026-10-06T08:51:43Z INFO [1745/1826] 6ce7ab65-9382-4aaa-8736-a8040ab345f7: does not qualify; 7.2 s; peak memory 14333 MiB.
2026-10-06T08:51:44Z INFO [1746/1826] 6ce7fa80-ef80-4ecd-93b1-6fb44ac3c7d0: does not qualify; 1.6 s; peak memory 14333 MiB.
2026-10-06T08:51:50Z INFO [1747/1826] 6ce8abcd-b4ca-4103-8534-67b82735c48f: does not qualify; 5.8 s; peak memory 14333 MiB.
2026-10-06T08:51:52Z INFO [1748/1826] 6ce8b608-846d-4415-9463-4ce685680a73: does not qualify; 1.6 s; peak memory 14333 MiB.
2026-10-06T08:51:53Z INFO [1749/1826] 6ce94adc-f926-4c09-bb0d-e25251d52120: does not qualify; 1.1 s; peak memory 14333 MiB.
2026-10-06T08:51:55Z INFO [1750/1826] 6ce9afb1-afe3-4427-b80b-4a9240d58148: does not qualify; 1.8 s; peak memory 14333 MiB.
2026-10-06T08:51:55Z INFO [1750/1826] 6ce9afb1-afe3-4427-b80b-4a9240d58148: checkpointed 80781 records.
2026-10-06T08:51:56Z INFO [1751/1826] 6ce9b21b-fe55-4c87-8225-56088f28d1e8: does not qualify; 1.3 s; peak memory 14333 MiB.
2026-10-06T08:52:03Z INFO [1752/1826] 6cea597f-e4b1-4775-8929-00486a94feb5: does not qualify; 6.5 s; peak memory 14333 MiB.
2026-10-06T08:52:04Z INFO [1753/1826] 6cea8db7-bcf2-4b50-a965-0f88ce03c2a3: does not qualify; 1.9 s; peak memory 14333 MiB.
2026-10-06T08:52:06Z INFO [1754/1826] 6ceaddf9-0a5b-411e-86e8-3d211e853128: does not qualify; 1.9 s; peak memory 14333 MiB.
2026-10-06T08:52:09Z INFO [1755/1826] 6ceb4891-1235-4f2b-9c5d-2e35f01cff12: does not qualify; 2.5 s; peak memory 14333 MiB.
2026-10-06T08:52:11Z INFO [1756/1826] 6cebbc62-49cb-4cba-92c1-90b25640baae: does not qualify; 2.3 s; peak memory 14333 MiB.
2026-10-06T08:52:12Z INFO [1757/1826] 6cec29bd-875d-468b-9b3e-e462a6c31b83: does not qualify; 1.4 s; peak memory 14333 MiB.
2026-10-06T08:52:14Z INFO [1758/1826] 6cecad26-1325-43d1-b048-6b1ce1666bf9: does not qualify; 1.1 s; peak memory 14333 MiB.
2026-10-06T08:52:15Z INFO [1759/1826] 6cece0a5-4893-46d8-89c7-6402b797e210: does not qualify; 1.6 s; peak memory 14333 MiB.
2026-10-06T08:52:19Z INFO [1760/1826] 6ced9ab2-497b-4e75-99a7-52894221dcee: does not qualify; 3.5 s; peak memory 14333 MiB.
2026-10-06T08:52:20Z INFO [1761/1826] 6cef9f40-06c5-4531-b648-8155a9e5afb0: does not qualify; 1.4 s; peak memory 14333 MiB.
2026-10-06T08:52:21Z INFO [1762/1826] 6cefb374-ce39-4028-a7cd-8ad4bbbc9f38: does not qualify; 1.2 s; peak memory 14333 MiB.
2026-10-06T08:52:24Z INFO [1763/1826] 6cf00f1b-4cf1-4321-8b83-2151e6482425: does not qualify; 2.1 s; peak memory 14333 MiB.
2026-10-06T08:52:25Z INFO [1764/1826] 6cf045b7-680e-4bc7-bb7d-fab42a3473df: does not qualify; 1.3 s; peak memory 14333 MiB.
2026-10-06T08:52:26Z INFO [1765/1826] 6cf11af7-3f6a-46cb-8b52-154375d1c398: does not qualify; 1.4 s; peak memory 14333 MiB.
2026-10-06T08:52:28Z INFO [1766/1826] 6cf1667f-218d-4ca6-8a7a-2e6dc0ad1b7d: does not qualify; 2.0 s; peak memory 14333 MiB.
2026-10-06T08:52:30Z INFO [1767/1826] 6cf21a67-1e02-4eee-977d-9c51c4cb49f5: does not qualify; 1.4 s; peak memory 14333 MiB.
2026-10-06T08:52:31Z INFO [1768/1826] 6cf23b83-8b03-4786-8636-d072556e7da2: does not qualify; 1.3 s; peak memory 14333 MiB.
2026-10-06T08:52:32Z INFO [1769/1826] 6cf242d9-1efa-40d8-bc05-b5e62ef4eb79: does not qualify; 1.2 s; peak memory 14333 MiB.
2026-10-06T08:52:50Z INFO [1770/1826] 6cf41644-d8b4-4711-b9a3-62292250dc3c: does not qualify; 17.4 s; peak memory 14333 MiB.
2026-10-06T08:52:52Z INFO [1771/1826] 6cf4dbe3-bca7-4451-95af-d48f15d8d601: does not qualify; 2.3 s; peak memory 14333 MiB.
2026-10-06T08:52:53Z INFO [1772/1826] 6cf65ce5-8820-4778-99c9-d59a84175baf: does not qualify; 1.3 s; peak memory 14333 MiB.
2026-10-06T08:52:55Z INFO [1773/1826] 6cf6cdae-3701-4648-8a17-7e27ef32731e: does not qualify; 1.4 s; peak memory 14333 MiB.
2026-10-06T08:52:57Z INFO [1774/1826] 6cf8fdee-f28f-42be-8fb0-f6ed49775bf5: does not qualify; 2.1 s; peak memory 14333 MiB.
2026-10-06T08:52:58Z INFO [1775/1826] 6cf93f66-9b26-4051-b574-255ca93f6daa: does not qualify; 1.4 s; peak memory 14333 MiB.
2026-10-06T08:52:59Z INFO [1776/1826] 6cf997f7-d7e3-492b-806b-094dd10fdc56: does not qualify; 1.1 s; peak memory 14333 MiB.
2026-10-06T08:53:02Z INFO [1777/1826] 6cf9991a-f146-4ba6-8437-92f8572b4b94: does not qualify; 2.3 s; peak memory 14333 MiB.
2026-10-06T08:53:15Z INFO [1778/1826] 6cfb3ed2-d17d-45b8-a8e1-4ac593e44540: does not qualify; 13.5 s; peak memory 14333 MiB.
2026-10-06T08:53:23Z INFO [1779/1826] 6cfb3f54-65f9-44c8-997b-265b8f39cdcf: does not qualify; 7.5 s; peak memory 14333 MiB.
2026-10-06T08:53:26Z INFO [1780/1826] 6cfb49d9-3015-4ce5-98b5-7d599d213c2f: does not qualify; 2.9 s; peak memory 14333 MiB.
2026-10-06T08:53:27Z INFO [1781/1826] 6cfc4de1-ff8a-4da6-bf62-8d51512acffd: does not qualify; 1.2 s; peak memory 14333 MiB.
2026-10-06T08:53:34Z INFO [1782/1826] 6cfcea5a-296d-4a39-9a69-ea16744c2e65: does not qualify; 7.4 s; peak memory 14333 MiB.
2026-10-06T08:53:41Z INFO [1783/1826] 6cfe6914-8b5c-4f6e-921f-b90079a5e87d: does not qualify; 7.1 s; peak memory 14333 MiB.
2026-10-06T08:53:43Z INFO [1784/1826] 6cff0bd0-8ebc-4607-b819-348eed1ce4cb: does not qualify; 2.0 s; peak memory 14333 MiB.
2026-10-06T08:53:47Z INFO [1785/1826] 6cff1576-2914-4472-8e88-2ecfa089507d: does not qualify; 3.9 s; peak memory 14333 MiB.
2026-10-06T08:53:49Z INFO [1786/1826] 6cff8216-47b2-4d2a-91a2-61d1d88e9b12: does not qualify; 2.0 s; peak memory 14333 MiB.
2026-10-06T08:53:51Z INFO [1787/1826] 6d002c8e-3b7a-480c-98c8-32a8601659ae: does not qualify; 1.7 s; peak memory 14333 MiB.
2026-10-06T08:54:05Z INFO [1788/1826] 6d01301d-ba19-45a3-aa16-2c3f8c25f13c: does not qualify; 14.4 s; peak memory 14333 MiB.
2026-10-06T08:54:07Z INFO [1789/1826] 6d018577-3fa2-49ef-bb40-35cf4ab4c4a0: does not qualify; 2.0 s; peak memory 14333 MiB.
2026-10-06T08:54:09Z INFO [1790/1826] 6d019436-68a8-49ca-a427-3f9b49cef4f5: does not qualify; 1.7 s; peak memory 14333 MiB.
2026-10-06T08:54:11Z INFO [1791/1826] 6d01adb5-86a3-4922-afd8-badabb7bee89: does not qualify; 1.7 s; peak memory 14333 MiB.
2026-10-06T08:54:14Z INFO [1792/1826] 6d01b610-daaf-442b-bbae-34c6fa7c3b8d: does not qualify; 3.5 s; peak memory 14333 MiB.
2026-10-06T08:54:16Z INFO [1793/1826] 6d01c7ac-b4cb-411f-a138-199d13ff0561: does not qualify; 1.6 s; peak memory 14333 MiB.
2026-10-06T08:54:18Z INFO [1794/1826] 6d01e239-0c12-477c-a48f-106c02f0d315: does not qualify; 1.9 s; peak memory 14333 MiB.
2026-10-06T08:54:28Z INFO [1795/1826] 6d028f2f-369b-4ca1-a171-16db1218adc4: does not qualify; 10.9 s; peak memory 14333 MiB.
2026-10-06T08:54:31Z INFO [1796/1826] 6d02cea5-a8e4-4533-89ac-d90c575ab836: does not qualify; 2.5 s; peak memory 14333 MiB.
2026-10-06T08:54:38Z INFO [1797/1826] 6d040958-2e1a-454f-8acd-81650bb6eec1: does not qualify; 6.6 s; peak memory 14333 MiB.
2026-10-06T08:54:40Z INFO [1798/1826] 6d041567-2e28-48f3-ba30-05623ba94b04: does not qualify; 2.7 s; peak memory 14333 MiB.
2026-10-06T08:54:42Z INFO [1799/1826] 6d058565-d934-499b-827d-3bd48531f970: does not qualify; 1.4 s; peak memory 14333 MiB.
2026-10-06T08:54:44Z INFO [1800/1826] 6d05e74d-e535-4f3a-b2d0-2b4985c36a48: does not qualify; 2.0 s; peak memory 14333 MiB.
2026-10-06T08:54:44Z INFO [1800/1826] 6d05e74d-e535-4f3a-b2d0-2b4985c36a48: checkpointed 80831 records.
2026-10-06T08:54:51Z INFO [1801/1826] 6d06967c-50d5-4005-9f54-7f628cee1fde: does not qualify; 7.4 s; peak memory 14333 MiB.
2026-10-06T08:54:53Z INFO [1802/1826] 6d069f28-ed16-4a7c-8991-667fb46c4412: does not qualify; 2.0 s; peak memory 14333 MiB.
2026-10-06T08:54:54Z INFO [1803/1826] 6d06c8fd-b87d-456a-b3d9-abfb172abe8a: does not qualify; 1.1 s; peak memory 14333 MiB.
2026-10-06T08:55:00Z INFO [1804/1826] 6d0729b6-75d9-4edb-8f4e-b3f57d48e55e: does not qualify; 5.9 s; peak memory 14333 MiB.
2026-10-06T08:55:02Z INFO [1805/1826] 6d086b02-cad3-4c8d-acfa-cadae01acef9: does not qualify; 2.2 s; peak memory 14333 MiB.
2026-10-06T08:55:04Z INFO [1806/1826] 6d091364-6ce0-4130-8845-06e75501e34e: does not qualify; 1.6 s; peak memory 14333 MiB.
2026-10-06T08:55:05Z INFO [1807/1826] 6d09ae35-40c1-4197-9ac0-0ad6074276ea: does not qualify; 1.2 s; peak memory 14333 MiB.
2026-10-06T08:55:07Z INFO [1808/1826] 6d0a325e-531a-45a2-9187-7b36aa63c896: does not qualify; 1.6 s; peak memory 14333 MiB.
2026-10-06T08:55:09Z INFO [1809/1826] 6d0c57b7-621d-4e29-87df-30da27d2eb5b: does not qualify; 1.9 s; peak memory 14333 MiB.
2026-10-06T08:55:12Z INFO [1810/1826] 6d0cca8b-8180-46f8-9bd5-ea24997e7908: does not qualify; 3.0 s; peak memory 14333 MiB.
2026-10-06T08:55:14Z INFO [1811/1826] 6d0d2f42-a275-4b74-a659-ed69fd100b80: does not qualify; 2.4 s; peak memory 14333 MiB.
2026-10-06T08:55:18Z INFO [1812/1826] 6d0d6d75-72af-448e-81bc-c8f0fb14dd2a: does not qualify; 3.7 s; peak memory 14333 MiB.
2026-10-06T08:55:19Z INFO [1813/1826] 6d0dbdef-5010-465a-8cba-0613d3216c3a: does not qualify; 1.0 s; peak memory 14333 MiB.
2026-10-06T08:55:20Z INFO [1814/1826] 6d0ecdc2-7d8e-4c60-b258-d4d692a8bf0f: does not qualify; 1.3 s; peak memory 14333 MiB.
2026-10-06T08:55:22Z INFO [1815/1826] 6d0ef552-dd1f-4d8c-955a-befd1e3521db: does not qualify; 1.7 s; peak memory 14333 MiB.
2026-10-06T08:55:24Z INFO [1816/1826] 6d0f9192-d4ae-4c39-a94a-3ab3fd32cd58: does not qualify; 2.5 s; peak memory 14333 MiB.
2026-10-06T08:55:26Z INFO [1817/1826] 6d0fe415-d8bf-46c0-83c6-abdc375f955a: does not qualify; 1.8 s; peak memory 14333 MiB.
2026-10-06T08:55:28Z INFO [1818/1826] 6d103323-b3b0-44b2-a4b4-c270aa593977: does not qualify; 2.5 s; peak memory 14333 MiB.
2026-10-06T08:55:30Z INFO [1819/1826] 6d106098-dbba-42d7-90d5-8d4a0ab9a2ef: does not qualify; 2.0 s; peak memory 14333 MiB.
2026-10-06T08:55:32Z INFO [1820/1826] 6d108a10-6989-42a5-bc9f-fbfae14a2279: does not qualify; 1.6 s; peak memory 14333 MiB.
2026-10-06T08:55:34Z INFO [1821/1826] 6d10aa78-07c2-4e93-99ad-e40bdaaea300: does not qualify; 2.5 s; peak memory 14333 MiB.
2026-10-06T08:55:43Z INFO [1822/1826] 6d1252be-e119-4917-afd9-18d0e0367771: does not qualify; 8.4 s; peak memory 14333 MiB.
2026-10-06T08:55:45Z INFO [1823/1826] 6d12bdd6-5b14-4259-946e-6597af121d71: does not qualify; 2.1 s; peak memory 14333 MiB.
2026-10-06T08:55:46Z INFO [1824/1826] 6d1302f1-a4fa-4ad9-bef4-bff3a5a667eb: does not qualify; 1.4 s; peak memory 14333 MiB.
2026-10-06T08:55:48Z INFO [1825/1826] 6d133dcb-39ba-4533-abf3-d12878946f00: does not qualify; 1.4 s; peak memory 14333 MiB.
2026-10-06T08:55:50Z INFO [1826/1826] 6d13afb5-4233-4117-893b-45a9b280085e: does not qualify; 2.3 s; peak memory 14333 MiB.
2026-10-06T08:55:50Z INFO Wrote 80857 records to /tmp/derivatives/qualifying_lfp_content_ids.jsonl (1826 new, 0 failed) in 147.0 min (peak memory 14333 MiB).
