2026-10-02T22:19:24Z INFO Logging to /tmp/logs/update_2026-10-02T22-19-24Z.log.
2026-10-02T22:19:24Z INFO Update qualifying-lfp-content-ids (base directory /tmp).
2026-10-02T22:19:25Z INFO Processing 1846 items (60602 already recorded).
2026-10-02T22:19:25Z WARNING 27e094ce-77ab-4bb3-b5a6-3811ac91eaf2: failed while reading the ElectricalSeries rates (AttributeError: module 'spikeinterface.extractors' has no attribute 'NwbRecordingExtractor')
2026-10-02T22:19:25Z WARNING [1/1846] 27e094ce-77ab-4bb3-b5a6-3811ac91eaf2: leaving unrecorded for a later run to retry.
2026-10-02T22:19:25Z WARNING 27e1e7ae-bcc2-4cd1-b8c8-fad7028f53e6: failed while reading the ElectricalSeries rates (AttributeError: module 'spikeinterface.extractors' has no attribute 'NwbRecordingExtractor')
2026-10-02T22:19:25Z WARNING [2/1846] 27e1e7ae-bcc2-4cd1-b8c8-fad7028f53e6: leaving unrecorded for a later run to retry.
2026-10-02T22:19:25Z WARNING 27e1eaf1-6c73-4775-bc73-9d76f87d1331: failed while reading the ElectricalSeries rates (AttributeError: module 'spikeinterface.extractors' has no attribute 'NwbRecordingExtractor')
2026-10-02T22:19:25Z WARNING [3/1846] 27e1eaf1-6c73-4775-bc73-9d76f87d1331: leaving unrecorded for a later run to retry.
2026-10-02T22:19:25Z WARNING 27e205f7-64c2-4552-a75a-899a042a3417: failed while reading the ElectricalSeries rates (AttributeError: module 'spikeinterface.extractors' has no attribute 'NwbRecordingExtractor')
2026-10-02T22:19:25Z WARNING [4/1846] 27e205f7-64c2-4552-a75a-899a042a3417: leaving unrecorded for a later run to retry.
2026-10-02T22:19:26Z WARNING 27e32067-1320-4d41-bcc8-0367e2096f06: failed while reading the ElectricalSeries rates (AttributeError: module 'spikeinterface.extractors' has no attribute 'NwbRecordingExtractor')
2026-10-02T22:19:26Z WARNING [5/1846] 27e32067-1320-4d41-bcc8-0367e2096f06: leaving unrecorded for a later run to retry.
2026-10-02T22:19:26Z WARNING 27e32c5f-2407-4367-b79b-12310d3154b6: failed while reading the ElectricalSeries rates (AttributeError: module 'spikeinterface.extractors' has no attribute 'NwbRecordingExtractor')
2026-10-02T22:19:26Z WARNING [6/1846] 27e32c5f-2407-4367-b79b-12310d3154b6: leaving unrecorded for a later run to retry.
2026-10-02T22:19:26Z WARNING 27e3b847-c767-42ca-b961-03ca0bf955eb: failed while reading the ElectricalSeries rates (AttributeError: module 'spikeinterface.extractors' has no attribute 'NwbRecordingExtractor')
2026-10-02T22:19:26Z WARNING [7/1846] 27e3b847-c767-42ca-b961-03ca0bf955eb: leaving unrecorded for a later run to retry.
2026-10-02T22:19:26Z WARNING 27e3eef0-c674-48f8-b93d-962ef8e2f94b: failed while reading the ElectricalSeries rates (AttributeError: module 'spikeinterface.extractors' has no attribute 'NwbRecordingExtractor')
2026-10-02T22:19:26Z WARNING [8/1846] 27e3eef0-c674-48f8-b93d-962ef8e2f94b: leaving unrecorded for a later run to retry.
2026-10-02T22:19:26Z WARNING 27e432b7-5142-4a90-a55e-d19bf50a2a70: failed while reading the ElectricalSeries rates (AttributeError: module 'spikeinterface.extractors' has no attribute 'NwbRecordingExtractor')
2026-10-02T22:19:26Z WARNING [9/1846] 27e432b7-5142-4a90-a55e-d19bf50a2a70: leaving unrecorded for a later run to retry.
2026-10-02T22:19:26Z WARNING 27e50663-7a52-41ce-bb80-474665fdf55f: failed while reading the ElectricalSeries rates (AttributeError: module 'spikeinterface.extractors' has no attribute 'NwbRecordingExtractor')
2026-10-02T22:19:26Z WARNING [10/1846] 27e50663-7a52-41ce-bb80-474665fdf55f: leaving unrecorded for a later run to retry.
2026-10-02T22:19:26Z WARNING 27e52856-e59b-40a3-838e-e83586f65b59: failed while reading the ElectricalSeries rates (AttributeError: module 'spikeinterface.extractors' has no attribute 'NwbRecordingExtractor')
2026-10-02T22:19:26Z WARNING [11/1846] 27e52856-e59b-40a3-838e-e83586f65b59: leaving unrecorded for a later run to retry.
2026-10-02T22:19:26Z WARNING 27e60063-11b9-4ae6-991e-c138ee7ae4cb: failed while reading the ElectricalSeries rates (AttributeError: module 'spikeinterface.extractors' has no attribute 'NwbRecordingExtractor')
2026-10-02T22:19:26Z WARNING [12/1846] 27e60063-11b9-4ae6-991e-c138ee7ae4cb: leaving unrecorded for a later run to retry.
2026-10-02T22:19:26Z WARNING 27e61386-6db8-48fe-a684-43e5148eb6bc: failed while reading the ElectricalSeries rates (AttributeError: module 'spikeinterface.extractors' has no attribute 'NwbRecordingExtractor')
2026-10-02T22:19:26Z WARNING [13/1846] 27e61386-6db8-48fe-a684-43e5148eb6bc: leaving unrecorded for a later run to retry.
2026-10-02T22:19:26Z WARNING 27e72b49-849b-4eb3-8efa-0e7883a4795c: failed while reading the ElectricalSeries rates (AttributeError: module 'spikeinterface.extractors' has no attribute 'NwbRecordingExtractor')
2026-10-02T22:19:26Z WARNING [14/1846] 27e72b49-849b-4eb3-8efa-0e7883a4795c: leaving unrecorded for a later run to retry.
2026-10-02T22:19:26Z WARNING 27e744c7-f6a5-49db-99fb-1f0340900f3a: failed while reading the ElectricalSeries rates (AttributeError: module 'spikeinterface.extractors' has no attribute 'NwbRecordingExtractor')
2026-10-02T22:19:26Z WARNING [15/1846] 27e744c7-f6a5-49db-99fb-1f0340900f3a: leaving unrecorded for a later run to retry.
2026-10-02T22:19:26Z WARNING 27e82a67-68cd-49a1-848a-26ab1e30f760: failed while reading the ElectricalSeries rates (AttributeError: module 'spikeinterface.extractors' has no attribute 'NwbRecordingExtractor')
2026-10-02T22:19:26Z WARNING [16/1846] 27e82a67-68cd-49a1-848a-26ab1e30f760: leaving unrecorded for a later run to retry.
2026-10-02T22:19:26Z WARNING 27e83e57-16b2-4d9f-98fc-2703c6d284f5: failed while reading the ElectricalSeries rates (AttributeError: module 'spikeinterface.extractors' has no attribute 'NwbRecordingExtractor')
2026-10-02T22:19:26Z WARNING [17/1846] 27e83e57-16b2-4d9f-98fc-2703c6d284f5: leaving unrecorded for a later run to retry.
2026-10-02T22:19:26Z WARNING 27eb1a00-208f-4bdc-9f58-a3a393531787: failed while reading the ElectricalSeries rates (AttributeError: module 'spikeinterface.extractors' has no attribute 'NwbRecordingExtractor')
2026-10-02T22:19:26Z WARNING [18/1846] 27eb1a00-208f-4bdc-9f58-a3a393531787: leaving unrecorded for a later run to retry.
2026-10-02T22:19:27Z WARNING 27eb2112-7ae6-4dde-8717-f8fedadd3d49: failed while reading the ElectricalSeries rates (AttributeError: module 'spikeinterface.extractors' has no attribute 'NwbRecordingExtractor')
2026-10-02T22:19:27Z WARNING [19/1846] 27eb2112-7ae6-4dde-8717-f8fedadd3d49: leaving unrecorded for a later run to retry.
2026-10-02T22:19:27Z WARNING 27ec565b-614e-4bcd-9cf8-705b9e51e396: failed while reading the ElectricalSeries rates (AttributeError: module 'spikeinterface.extractors' has no attribute 'NwbRecordingExtractor')
2026-10-02T22:19:27Z WARNING [20/1846] 27ec565b-614e-4bcd-9cf8-705b9e51e396: leaving unrecorded for a later run to retry.
2026-10-02T22:19:27Z WARNING 27ed66c3-be34-4ee4-b271-26ae1a0ca58c: failed while reading the ElectricalSeries rates (AttributeError: module 'spikeinterface.extractors' has no attribute 'NwbRecordingExtractor')
2026-10-02T22:19:27Z WARNING [21/1846] 27ed66c3-be34-4ee4-b271-26ae1a0ca58c: leaving unrecorded for a later run to retry.
2026-10-02T22:19:27Z WARNING 27edad2e-87be-4b20-b11a-c02abba61829: failed while reading the ElectricalSeries rates (AttributeError: module 'spikeinterface.extractors' has no attribute 'NwbRecordingExtractor')
2026-10-02T22:19:27Z WARNING [22/1846] 27edad2e-87be-4b20-b11a-c02abba61829: leaving unrecorded for a later run to retry.
2026-10-02T22:19:27Z WARNING 27ee1499-dba5-4d18-a01a-92274d8025e2: failed while reading the ElectricalSeries rates (AttributeError: module 'spikeinterface.extractors' has no attribute 'NwbRecordingExtractor')
2026-10-02T22:19:27Z WARNING [23/1846] 27ee1499-dba5-4d18-a01a-92274d8025e2: leaving unrecorded for a later run to retry.
2026-10-02T22:19:27Z WARNING 27ef4011-99a4-4d28-bfd7-9be92688fe6f: failed while reading the ElectricalSeries rates (AttributeError: module 'spikeinterface.extractors' has no attribute 'NwbRecordingExtractor')
2026-10-02T22:19:27Z WARNING [24/1846] 27ef4011-99a4-4d28-bfd7-9be92688fe6f: leaving unrecorded for a later run to retry.
2026-10-02T22:19:27Z WARNING 27ef9dde-abb2-417d-82ec-c4dc586b4ac4: failed while reading the ElectricalSeries rates (AttributeError: module 'spikeinterface.extractors' has no attribute 'NwbRecordingExtractor')
2026-10-02T22:19:27Z WARNING [25/1846] 27ef9dde-abb2-417d-82ec-c4dc586b4ac4: leaving unrecorded for a later run to retry.
2026-10-02T22:19:27Z WARNING 27f02abb-a340-4d5d-a6a4-000bd66c4fed: failed while reading the ElectricalSeries rates (AttributeError: module 'spikeinterface.extractors' has no attribute 'NwbRecordingExtractor')
2026-10-02T22:19:27Z WARNING [26/1846] 27f02abb-a340-4d5d-a6a4-000bd66c4fed: leaving unrecorded for a later run to retry.
2026-10-02T22:19:27Z WARNING 27f06592-ba9f-46dc-873e-f00fc1da9ce8: failed while reading the ElectricalSeries rates (AttributeError: module 'spikeinterface.extractors' has no attribute 'NwbRecordingExtractor')
2026-10-02T22:19:27Z WARNING [27/1846] 27f06592-ba9f-46dc-873e-f00fc1da9ce8: leaving unrecorded for a later run to retry.
2026-10-02T22:19:27Z WARNING 27f06c44-9105-479b-ba48-8a1f7567f05a: failed while reading the ElectricalSeries rates (AttributeError: module 'spikeinterface.extractors' has no attribute 'NwbRecordingExtractor')
2026-10-02T22:19:27Z WARNING [28/1846] 27f06c44-9105-479b-ba48-8a1f7567f05a: leaving unrecorded for a later run to retry.
2026-10-02T22:19:27Z WARNING 27f0dd75-6e49-4a0f-adc8-22868dc0a994: failed while reading the ElectricalSeries rates (AttributeError: module 'spikeinterface.extractors' has no attribute 'NwbRecordingExtractor')
2026-10-02T22:19:27Z WARNING [29/1846] 27f0dd75-6e49-4a0f-adc8-22868dc0a994: leaving unrecorded for a later run to retry.
2026-10-02T22:19:27Z WARNING 27f15490-8e67-41f9-af0f-b77cc3ebe832: failed while reading the ElectricalSeries rates (AttributeError: module 'spikeinterface.extractors' has no attribute 'NwbRecordingExtractor')
2026-10-02T22:19:27Z WARNING [30/1846] 27f15490-8e67-41f9-af0f-b77cc3ebe832: leaving unrecorded for a later run to retry.
2026-10-02T22:19:27Z WARNING 27f17ae5-c2a5-4d9c-a07a-f3dde515520b: failed while reading the ElectricalSeries rates (AttributeError: module 'spikeinterface.extractors' has no attribute 'NwbRecordingExtractor')
2026-10-02T22:19:27Z WARNING [31/1846] 27f17ae5-c2a5-4d9c-a07a-f3dde515520b: leaving unrecorded for a later run to retry.
2026-10-02T22:19:28Z WARNING 27f1be2a-368f-4c55-a98d-85792a48777d: failed while reading the ElectricalSeries rates (AttributeError: module 'spikeinterface.extractors' has no attribute 'NwbRecordingExtractor')
2026-10-02T22:19:28Z WARNING [32/1846] 27f1be2a-368f-4c55-a98d-85792a48777d: leaving unrecorded for a later run to retry.
2026-10-02T22:19:28Z WARNING 27f1e595-fcfd-4e6b-8942-f90eb1258847: failed while reading the ElectricalSeries rates (AttributeError: module 'spikeinterface.extractors' has no attribute 'NwbRecordingExtractor')
2026-10-02T22:19:28Z WARNING [33/1846] 27f1e595-fcfd-4e6b-8942-f90eb1258847: leaving unrecorded for a later run to retry.
2026-10-02T22:19:28Z WARNING 27f25c0f-34b1-44d8-b166-70b79c58236a: failed while reading the ElectricalSeries rates (AttributeError: module 'spikeinterface.extractors' has no attribute 'NwbRecordingExtractor')
2026-10-02T22:19:28Z WARNING [34/1846] 27f25c0f-34b1-44d8-b166-70b79c58236a: leaving unrecorded for a later run to retry.
2026-10-02T22:19:28Z WARNING 27f38244-7968-4b18-bbb8-497ecb32baf7: failed while reading the ElectricalSeries rates (AttributeError: module 'spikeinterface.extractors' has no attribute 'NwbRecordingExtractor')
2026-10-02T22:19:28Z WARNING [35/1846] 27f38244-7968-4b18-bbb8-497ecb32baf7: leaving unrecorded for a later run to retry.
2026-10-02T22:19:28Z WARNING 27f3dc23-d131-4df6-bec7-6f2187564064: failed while reading the ElectricalSeries rates (AttributeError: module 'spikeinterface.extractors' has no attribute 'NwbRecordingExtractor')
2026-10-02T22:19:28Z WARNING [36/1846] 27f3dc23-d131-4df6-bec7-6f2187564064: leaving unrecorded for a later run to retry.
2026-10-02T22:19:28Z WARNING 27f4a64d-998a-4855-bd1c-34077c61eb2c: failed while reading the ElectricalSeries rates (AttributeError: module 'spikeinterface.extractors' has no attribute 'NwbRecordingExtractor')
2026-10-02T22:19:28Z WARNING [37/1846] 27f4a64d-998a-4855-bd1c-34077c61eb2c: leaving unrecorded for a later run to retry.
2026-10-02T22:19:28Z WARNING 27f4abbd-5797-4210-8a10-bccd29cb5c46: failed while reading the ElectricalSeries rates (AttributeError: module 'spikeinterface.extractors' has no attribute 'NwbRecordingExtractor')
2026-10-02T22:19:28Z WARNING [38/1846] 27f4abbd-5797-4210-8a10-bccd29cb5c46: leaving unrecorded for a later run to retry.
2026-10-02T22:19:28Z WARNING 27f561c7-9322-4edb-81f5-46f4e6539c52: failed while reading the ElectricalSeries rates (AttributeError: module 'spikeinterface.extractors' has no attribute 'NwbRecordingExtractor')
2026-10-02T22:19:28Z WARNING [39/1846] 27f561c7-9322-4edb-81f5-46f4e6539c52: leaving unrecorded for a later run to retry.
2026-10-02T22:19:28Z WARNING 27f57af8-c192-499f-896f-1cf2ab5a8cc4: failed while reading the ElectricalSeries rates (AttributeError: module 'spikeinterface.extractors' has no attribute 'NwbRecordingExtractor')
2026-10-02T22:19:28Z WARNING [40/1846] 27f57af8-c192-499f-896f-1cf2ab5a8cc4: leaving unrecorded for a later run to retry.
2026-10-02T22:19:28Z WARNING 27f667ce-1c31-43bd-9a40-c1a250341607: failed while reading the ElectricalSeries rates (AttributeError: module 'spikeinterface.extractors' has no attribute 'NwbRecordingExtractor')
2026-10-02T22:19:28Z WARNING [41/1846] 27f667ce-1c31-43bd-9a40-c1a250341607: leaving unrecorded for a later run to retry.
2026-10-02T22:19:28Z WARNING 27f7a71f-1b70-4f4e-8716-28013d50b0f7: failed while reading the ElectricalSeries rates (AttributeError: module 'spikeinterface.extractors' has no attribute 'NwbRecordingExtractor')
2026-10-02T22:19:28Z WARNING [42/1846] 27f7a71f-1b70-4f4e-8716-28013d50b0f7: leaving unrecorded for a later run to retry.
2026-10-02T22:19:28Z WARNING 27f83e98-be42-45d6-8655-6f752e240db3: failed while reading the ElectricalSeries rates (AttributeError: module 'spikeinterface.extractors' has no attribute 'NwbRecordingExtractor')
2026-10-02T22:19:28Z WARNING [43/1846] 27f83e98-be42-45d6-8655-6f752e240db3: leaving unrecorded for a later run to retry.
2026-10-02T22:19:28Z WARNING 27f8c521-ad4e-40ff-b1b9-1d2653772a2b: failed while reading the ElectricalSeries rates (AttributeError: module 'spikeinterface.extractors' has no attribute 'NwbRecordingExtractor')
2026-10-02T22:19:28Z WARNING [44/1846] 27f8c521-ad4e-40ff-b1b9-1d2653772a2b: leaving unrecorded for a later run to retry.
2026-10-02T22:19:29Z WARNING 27f8e23c-7167-495c-8a5e-ef1a4616732d: failed while reading the ElectricalSeries rates (AttributeError: module 'spikeinterface.extractors' has no attribute 'NwbRecordingExtractor')
2026-10-02T22:19:29Z WARNING [45/1846] 27f8e23c-7167-495c-8a5e-ef1a4616732d: leaving unrecorded for a later run to retry.
2026-10-02T22:19:29Z WARNING 27f917bc-9e6f-4ca6-956c-41216a7b0c38: failed while reading the ElectricalSeries rates (AttributeError: module 'spikeinterface.extractors' has no attribute 'NwbRecordingExtractor')
2026-10-02T22:19:29Z WARNING [46/1846] 27f917bc-9e6f-4ca6-956c-41216a7b0c38: leaving unrecorded for a later run to retry.
2026-10-02T22:19:29Z WARNING 27f98646-abe1-44d3-84c8-4d79bcde7aa3: failed while reading the ElectricalSeries rates (AttributeError: module 'spikeinterface.extractors' has no attribute 'NwbRecordingExtractor')
2026-10-02T22:19:29Z WARNING [47/1846] 27f98646-abe1-44d3-84c8-4d79bcde7aa3: leaving unrecorded for a later run to retry.
2026-10-02T22:19:29Z WARNING 27f9c8ca-7f0f-4e8c-8de9-bde2869e3037: failed while reading the ElectricalSeries rates (AttributeError: module 'spikeinterface.extractors' has no attribute 'NwbRecordingExtractor')
2026-10-02T22:19:29Z WARNING [48/1846] 27f9c8ca-7f0f-4e8c-8de9-bde2869e3037: leaving unrecorded for a later run to retry.
2026-10-02T22:19:29Z WARNING 27fadf51-1903-4524-b7d5-020aa1aa0325: failed while reading the ElectricalSeries rates (AttributeError: module 'spikeinterface.extractors' has no attribute 'NwbRecordingExtractor')
2026-10-02T22:19:29Z WARNING [49/1846] 27fadf51-1903-4524-b7d5-020aa1aa0325: leaving unrecorded for a later run to retry.
2026-10-02T22:19:29Z WARNING 27fb78d5-297c-43f9-9e83-670ac59d3bf0: failed while reading the ElectricalSeries rates (AttributeError: module 'spikeinterface.extractors' has no attribute 'NwbRecordingExtractor')
2026-10-02T22:19:29Z WARNING [50/1846] 27fb78d5-297c-43f9-9e83-670ac59d3bf0: leaving unrecorded for a later run to retry.
2026-10-02T22:19:29Z INFO [50/1846] 27fb78d5-297c-43f9-9e83-670ac59d3bf0: checkpointed 60602 records.
2026-10-02T22:19:29Z WARNING 27fbc3d3-5892-4619-8967-61aafa38c7bb: failed while reading the ElectricalSeries rates (AttributeError: module 'spikeinterface.extractors' has no attribute 'NwbRecordingExtractor')
2026-10-02T22:19:29Z WARNING [51/1846] 27fbc3d3-5892-4619-8967-61aafa38c7bb: leaving unrecorded for a later run to retry.
2026-10-02T22:19:29Z WARNING 27fbca78-caa2-4d16-8522-9cf67e0d7d36: failed while reading the ElectricalSeries rates (AttributeError: module 'spikeinterface.extractors' has no attribute 'NwbRecordingExtractor')
2026-10-02T22:19:29Z WARNING [52/1846] 27fbca78-caa2-4d16-8522-9cf67e0d7d36: leaving unrecorded for a later run to retry.
2026-10-02T22:19:29Z WARNING 27fc0d86-a477-40f7-95a4-7b63f6a83a0d: failed while reading the ElectricalSeries rates (AttributeError: module 'spikeinterface.extractors' has no attribute 'NwbRecordingExtractor')
2026-10-02T22:19:29Z WARNING [53/1846] 27fc0d86-a477-40f7-95a4-7b63f6a83a0d: leaving unrecorded for a later run to retry.
2026-10-02T22:19:29Z WARNING 27fe45a2-be1b-4d84-9a62-0ffb55c2895a: failed while reading the ElectricalSeries rates (AttributeError: module 'spikeinterface.extractors' has no attribute 'NwbRecordingExtractor')
2026-10-02T22:19:29Z WARNING [54/1846] 27fe45a2-be1b-4d84-9a62-0ffb55c2895a: leaving unrecorded for a later run to retry.
2026-10-02T22:19:29Z WARNING 27fe49ba-6015-44ac-9a77-19d46c77820e: failed while reading the ElectricalSeries rates (AttributeError: module 'spikeinterface.extractors' has no attribute 'NwbRecordingExtractor')
2026-10-02T22:19:29Z WARNING [55/1846] 27fe49ba-6015-44ac-9a77-19d46c77820e: leaving unrecorded for a later run to retry.
2026-10-02T22:19:29Z WARNING 27ff34a5-0423-4388-83f7-7dbc9c083115: failed while reading the ElectricalSeries rates (AttributeError: module 'spikeinterface.extractors' has no attribute 'NwbRecordingExtractor')
2026-10-02T22:19:29Z WARNING [56/1846] 27ff34a5-0423-4388-83f7-7dbc9c083115: leaving unrecorded for a later run to retry.
2026-10-02T22:19:29Z WARNING 2800b8c3-9e75-47e6-aef1-0adf5dff13cd: failed while reading the ElectricalSeries rates (AttributeError: module 'spikeinterface.extractors' has no attribute 'NwbRecordingExtractor')
2026-10-02T22:19:29Z WARNING [57/1846] 2800b8c3-9e75-47e6-aef1-0adf5dff13cd: leaving unrecorded for a later run to retry.
2026-10-02T22:19:30Z WARNING 2801a344-4fc0-4aa6-90a5-f8ee58b9ae78: failed while reading the ElectricalSeries rates (AttributeError: module 'spikeinterface.extractors' has no attribute 'NwbRecordingExtractor')
2026-10-02T22:19:30Z WARNING [58/1846] 2801a344-4fc0-4aa6-90a5-f8ee58b9ae78: leaving unrecorded for a later run to retry.
2026-10-02T22:19:30Z WARNING 2802135f-108f-4008-a2fd-30dbda73e829: failed while reading the ElectricalSeries rates (AttributeError: module 'spikeinterface.extractors' has no attribute 'NwbRecordingExtractor')
2026-10-02T22:19:30Z WARNING [59/1846] 2802135f-108f-4008-a2fd-30dbda73e829: leaving unrecorded for a later run to retry.
2026-10-02T22:19:30Z WARNING 2802147b-c44c-463f-bcd0-b57243143006: failed while reading the ElectricalSeries rates (AttributeError: module 'spikeinterface.extractors' has no attribute 'NwbRecordingExtractor')
2026-10-02T22:19:30Z WARNING [60/1846] 2802147b-c44c-463f-bcd0-b57243143006: leaving unrecorded for a later run to retry.
2026-10-02T22:19:30Z WARNING 280282be-35d9-42a3-a157-69816f3000d8: failed while reading the ElectricalSeries rates (AttributeError: module 'spikeinterface.extractors' has no attribute 'NwbRecordingExtractor')
2026-10-02T22:19:30Z WARNING [61/1846] 280282be-35d9-42a3-a157-69816f3000d8: leaving unrecorded for a later run to retry.
2026-10-02T22:19:30Z WARNING 280286b9-348d-4dee-8d77-0dd41351305a: failed while reading the ElectricalSeries rates (AttributeError: module 'spikeinterface.extractors' has no attribute 'NwbRecordingExtractor')
2026-10-02T22:19:30Z WARNING [62/1846] 280286b9-348d-4dee-8d77-0dd41351305a: leaving unrecorded for a later run to retry.
2026-10-02T22:19:30Z WARNING 28041547-96f2-4703-9426-44af1a192632: failed while reading the ElectricalSeries rates (AttributeError: module 'spikeinterface.extractors' has no attribute 'NwbRecordingExtractor')
2026-10-02T22:19:30Z WARNING [63/1846] 28041547-96f2-4703-9426-44af1a192632: leaving unrecorded for a later run to retry.
2026-10-02T22:19:30Z WARNING 2804705f-8445-48b0-a88f-d9f8e884e134: failed while reading the ElectricalSeries rates (AttributeError: module 'spikeinterface.extractors' has no attribute 'NwbRecordingExtractor')
2026-10-02T22:19:30Z WARNING [64/1846] 2804705f-8445-48b0-a88f-d9f8e884e134: leaving unrecorded for a later run to retry.
2026-10-02T22:19:30Z WARNING 2804b37c-f480-4617-aea3-757bd766d1b0: failed while reading the ElectricalSeries rates (AttributeError: module 'spikeinterface.extractors' has no attribute 'NwbRecordingExtractor')
2026-10-02T22:19:30Z WARNING [65/1846] 2804b37c-f480-4617-aea3-757bd766d1b0: leaving unrecorded for a later run to retry.
2026-10-02T22:19:30Z WARNING 2804f6c9-411c-4600-af69-8ac867116ecb: failed while reading the ElectricalSeries rates (AttributeError: module 'spikeinterface.extractors' has no attribute 'NwbRecordingExtractor')
2026-10-02T22:19:30Z WARNING [66/1846] 2804f6c9-411c-4600-af69-8ac867116ecb: leaving unrecorded for a later run to retry.
2026-10-02T22:19:30Z WARNING 2806887b-9ef8-4206-adf4-f8c76ac09fb9: failed while reading the ElectricalSeries rates (AttributeError: module 'spikeinterface.extractors' has no attribute 'NwbRecordingExtractor')
2026-10-02T22:19:30Z WARNING [67/1846] 2806887b-9ef8-4206-adf4-f8c76ac09fb9: leaving unrecorded for a later run to retry.
2026-10-02T22:19:30Z WARNING 28072664-1032-4a48-845a-e0fc8301b014: failed while reading the ElectricalSeries rates (AttributeError: module 'spikeinterface.extractors' has no attribute 'NwbRecordingExtractor')
2026-10-02T22:19:30Z WARNING [68/1846] 28072664-1032-4a48-845a-e0fc8301b014: leaving unrecorded for a later run to retry.
2026-10-02T22:19:30Z WARNING 28078f4d-4a56-4bc3-9a51-e3daf35c37c0: failed while reading the ElectricalSeries rates (AttributeError: module 'spikeinterface.extractors' has no attribute 'NwbRecordingExtractor')
2026-10-02T22:19:30Z WARNING [69/1846] 28078f4d-4a56-4bc3-9a51-e3daf35c37c0: leaving unrecorded for a later run to retry.
2026-10-02T22:19:30Z WARNING 280792cb-ae81-45c7-9b30-89611396b2f5: failed while reading the ElectricalSeries rates (AttributeError: module 'spikeinterface.extractors' has no attribute 'NwbRecordingExtractor')
2026-10-02T22:19:30Z WARNING [70/1846] 280792cb-ae81-45c7-9b30-89611396b2f5: leaving unrecorded for a later run to retry.
2026-10-02T22:19:30Z WARNING 2807f821-e5d3-412b-bcc2-efd609b474ab: failed while reading the ElectricalSeries rates (AttributeError: module 'spikeinterface.extractors' has no attribute 'NwbRecordingExtractor')
2026-10-02T22:19:30Z WARNING [71/1846] 2807f821-e5d3-412b-bcc2-efd609b474ab: leaving unrecorded for a later run to retry.
2026-10-02T22:19:30Z WARNING 2808a6e4-f9fb-456a-8ec7-05efbd67acf6: failed while reading the ElectricalSeries rates (AttributeError: module 'spikeinterface.extractors' has no attribute 'NwbRecordingExtractor')
2026-10-02T22:19:30Z WARNING [72/1846] 2808a6e4-f9fb-456a-8ec7-05efbd67acf6: leaving unrecorded for a later run to retry.
2026-10-02T22:19:31Z WARNING 2808e06c-b9b0-4067-a374-5da4ca082ae9: failed while reading the ElectricalSeries rates (AttributeError: module 'spikeinterface.extractors' has no attribute 'NwbRecordingExtractor')
2026-10-02T22:19:31Z WARNING [73/1846] 2808e06c-b9b0-4067-a374-5da4ca082ae9: leaving unrecorded for a later run to retry.
2026-10-02T22:19:31Z WARNING 28091cf8-0d74-4080-89fa-6d0430fb46f3: failed while reading the ElectricalSeries rates (AttributeError: module 'spikeinterface.extractors' has no attribute 'NwbRecordingExtractor')
2026-10-02T22:19:31Z WARNING [74/1846] 28091cf8-0d74-4080-89fa-6d0430fb46f3: leaving unrecorded for a later run to retry.
2026-10-02T22:19:31Z WARNING 2809b31e-0868-416b-945e-bd3035e2ba3f: failed while reading the ElectricalSeries rates (AttributeError: module 'spikeinterface.extractors' has no attribute 'NwbRecordingExtractor')
2026-10-02T22:19:31Z WARNING [75/1846] 2809b31e-0868-416b-945e-bd3035e2ba3f: leaving unrecorded for a later run to retry.
2026-10-02T22:19:31Z WARNING 2809fdc0-685e-46c6-bcb9-cfde14e042cb: failed while reading the ElectricalSeries rates (AttributeError: module 'spikeinterface.extractors' has no attribute 'NwbRecordingExtractor')
2026-10-02T22:19:31Z WARNING [76/1846] 2809fdc0-685e-46c6-bcb9-cfde14e042cb: leaving unrecorded for a later run to retry.
2026-10-02T22:19:31Z WARNING 280b0f29-ee70-49ba-971a-1a1a814430f6: failed while reading the ElectricalSeries rates (AttributeError: module 'spikeinterface.extractors' has no attribute 'NwbRecordingExtractor')
2026-10-02T22:19:31Z WARNING [77/1846] 280b0f29-ee70-49ba-971a-1a1a814430f6: leaving unrecorded for a later run to retry.
2026-10-02T22:19:31Z WARNING 280b37cd-cda6-4048-862d-93ec163ae958: failed while reading the ElectricalSeries rates (AttributeError: module 'spikeinterface.extractors' has no attribute 'NwbRecordingExtractor')
2026-10-02T22:19:31Z WARNING [78/1846] 280b37cd-cda6-4048-862d-93ec163ae958: leaving unrecorded for a later run to retry.
2026-10-02T22:19:31Z WARNING 280b648c-1e03-4e83-868a-1996168ab69f: failed while reading the ElectricalSeries rates (AttributeError: module 'spikeinterface.extractors' has no attribute 'NwbRecordingExtractor')
2026-10-02T22:19:31Z WARNING [79/1846] 280b648c-1e03-4e83-868a-1996168ab69f: leaving unrecorded for a later run to retry.
2026-10-02T22:19:31Z WARNING 280cf86b-3a39-4b61-a289-d230d2d7ce50: failed while reading the ElectricalSeries rates (AttributeError: module 'spikeinterface.extractors' has no attribute 'NwbRecordingExtractor')
2026-10-02T22:19:31Z WARNING [80/1846] 280cf86b-3a39-4b61-a289-d230d2d7ce50: leaving unrecorded for a later run to retry.
2026-10-02T22:19:31Z WARNING 280d5e25-a6d7-4caa-948d-82ca1c44822e: failed while reading the ElectricalSeries rates (AttributeError: module 'spikeinterface.extractors' has no attribute 'NwbRecordingExtractor')
2026-10-02T22:19:31Z WARNING [81/1846] 280d5e25-a6d7-4caa-948d-82ca1c44822e: leaving unrecorded for a later run to retry.
2026-10-02T22:19:31Z WARNING 280d8f74-1ef4-4fc2-8013-5029915aa947: failed while reading the ElectricalSeries rates (AttributeError: module 'spikeinterface.extractors' has no attribute 'NwbRecordingExtractor')
2026-10-02T22:19:31Z WARNING [82/1846] 280d8f74-1ef4-4fc2-8013-5029915aa947: leaving unrecorded for a later run to retry.
2026-10-02T22:19:31Z WARNING 280dc469-8bba-42b8-af7b-a64997cd1db9: failed while reading the ElectricalSeries rates (AttributeError: module 'spikeinterface.extractors' has no attribute 'NwbRecordingExtractor')
2026-10-02T22:19:31Z WARNING [83/1846] 280dc469-8bba-42b8-af7b-a64997cd1db9: leaving unrecorded for a later run to retry.
2026-10-02T22:19:31Z WARNING 280e58d1-69a1-4e8b-9175-c3aab494f25a: failed while reading the ElectricalSeries rates (AttributeError: module 'spikeinterface.extractors' has no attribute 'NwbRecordingExtractor')
2026-10-02T22:19:31Z WARNING [84/1846] 280e58d1-69a1-4e8b-9175-c3aab494f25a: leaving unrecorded for a later run to retry.
2026-10-02T22:19:31Z WARNING 280eccf8-aba5-4900-90b0-d1644e98ee23: failed while reading the ElectricalSeries rates (AttributeError: module 'spikeinterface.extractors' has no attribute 'NwbRecordingExtractor')
2026-10-02T22:19:31Z WARNING [85/1846] 280eccf8-aba5-4900-90b0-d1644e98ee23: leaving unrecorded for a later run to retry.
2026-10-02T22:19:31Z WARNING 280f4b1a-0565-40b9-9ac8-d4c40f6e797f: failed while reading the ElectricalSeries rates (AttributeError: module 'spikeinterface.extractors' has no attribute 'NwbRecordingExtractor')
2026-10-02T22:19:31Z WARNING [86/1846] 280f4b1a-0565-40b9-9ac8-d4c40f6e797f: leaving unrecorded for a later run to retry.
2026-10-02T22:19:31Z WARNING 280f5efe-5135-4998-9082-8e60455e3bab: failed while reading the ElectricalSeries rates (AttributeError: module 'spikeinterface.extractors' has no attribute 'NwbRecordingExtractor')
2026-10-02T22:19:31Z WARNING [87/1846] 280f5efe-5135-4998-9082-8e60455e3bab: leaving unrecorded for a later run to retry.
2026-10-02T22:19:31Z WARNING 2810346a-9b56-4c93-97a0-41e986e815b9: failed while reading the ElectricalSeries rates (AttributeError: module 'spikeinterface.extractors' has no attribute 'NwbRecordingExtractor')
2026-10-02T22:19:31Z WARNING [88/1846] 2810346a-9b56-4c93-97a0-41e986e815b9: leaving unrecorded for a later run to retry.
2026-10-02T22:19:32Z WARNING 2810c20c-a0e0-47e0-afeb-58b1c7833bfe: failed while reading the ElectricalSeries rates (AttributeError: module 'spikeinterface.extractors' has no attribute 'NwbRecordingExtractor')
2026-10-02T22:19:32Z WARNING [89/1846] 2810c20c-a0e0-47e0-afeb-58b1c7833bfe: leaving unrecorded for a later run to retry.
2026-10-02T22:19:32Z WARNING 28111444-5550-402a-bfac-2c408aa1bff7: failed while reading the ElectricalSeries rates (AttributeError: module 'spikeinterface.extractors' has no attribute 'NwbRecordingExtractor')
2026-10-02T22:19:32Z WARNING [90/1846] 28111444-5550-402a-bfac-2c408aa1bff7: leaving unrecorded for a later run to retry.
2026-10-02T22:19:32Z WARNING 2811c57b-0f21-417e-97cd-86660029cfbf: failed while reading the ElectricalSeries rates (AttributeError: module 'spikeinterface.extractors' has no attribute 'NwbRecordingExtractor')
2026-10-02T22:19:32Z WARNING [91/1846] 2811c57b-0f21-417e-97cd-86660029cfbf: leaving unrecorded for a later run to retry.
2026-10-02T22:19:32Z WARNING 2813b461-4371-4caa-a32f-ae44e070e860: failed while reading the ElectricalSeries rates (AttributeError: module 'spikeinterface.extractors' has no attribute 'NwbRecordingExtractor')
2026-10-02T22:19:32Z WARNING [92/1846] 2813b461-4371-4caa-a32f-ae44e070e860: leaving unrecorded for a later run to retry.
2026-10-02T22:19:32Z WARNING 2813e8bc-426a-4b11-875b-de4662d7ad11: failed while reading the ElectricalSeries rates (AttributeError: module 'spikeinterface.extractors' has no attribute 'NwbRecordingExtractor')
2026-10-02T22:19:32Z WARNING [93/1846] 2813e8bc-426a-4b11-875b-de4662d7ad11: leaving unrecorded for a later run to retry.
2026-10-02T22:19:32Z WARNING 2814b0b8-1b6b-4ac9-8a6a-eb3835b93b42: failed while reading the ElectricalSeries rates (AttributeError: module 'spikeinterface.extractors' has no attribute 'NwbRecordingExtractor')
2026-10-02T22:19:32Z WARNING [94/1846] 2814b0b8-1b6b-4ac9-8a6a-eb3835b93b42: leaving unrecorded for a later run to retry.
2026-10-02T22:19:32Z WARNING 28157b6e-e49a-470a-8ec0-0beaa08f3494: failed while reading the ElectricalSeries rates (AttributeError: module 'spikeinterface.extractors' has no attribute 'NwbRecordingExtractor')
2026-10-02T22:19:32Z WARNING [95/1846] 28157b6e-e49a-470a-8ec0-0beaa08f3494: leaving unrecorded for a later run to retry.
2026-10-02T22:19:32Z WARNING 2815b9bb-2c5e-48a9-9c0f-8a23f769109a: failed while reading the ElectricalSeries rates (AttributeError: module 'spikeinterface.extractors' has no attribute 'NwbRecordingExtractor')
2026-10-02T22:19:32Z WARNING [96/1846] 2815b9bb-2c5e-48a9-9c0f-8a23f769109a: leaving unrecorded for a later run to retry.
2026-10-02T22:19:32Z WARNING 2816bd96-2488-451c-bdd0-cf97c4d2a40a: failed while reading the ElectricalSeries rates (AttributeError: module 'spikeinterface.extractors' has no attribute 'NwbRecordingExtractor')
2026-10-02T22:19:32Z WARNING [97/1846] 2816bd96-2488-451c-bdd0-cf97c4d2a40a: leaving unrecorded for a later run to retry.
2026-10-02T22:19:32Z WARNING 2816db31-185e-4cc6-b178-fa300ac61171: failed while reading the ElectricalSeries rates (AttributeError: module 'spikeinterface.extractors' has no attribute 'NwbRecordingExtractor')
2026-10-02T22:19:32Z WARNING [98/1846] 2816db31-185e-4cc6-b178-fa300ac61171: leaving unrecorded for a later run to retry.
2026-10-02T22:19:32Z WARNING 281714ad-9e64-4ecf-b43e-053f71f14def: failed while reading the ElectricalSeries rates (AttributeError: module 'spikeinterface.extractors' has no attribute 'NwbRecordingExtractor')
2026-10-02T22:19:32Z WARNING [99/1846] 281714ad-9e64-4ecf-b43e-053f71f14def: leaving unrecorded for a later run to retry.
2026-10-02T22:19:32Z WARNING 2817ef8a-7716-4532-b9b7-06bf09cde191: failed while reading the ElectricalSeries rates (AttributeError: module 'spikeinterface.extractors' has no attribute 'NwbRecordingExtractor')
2026-10-02T22:19:32Z WARNING [100/1846] 2817ef8a-7716-4532-b9b7-06bf09cde191: leaving unrecorded for a later run to retry.
2026-10-02T22:19:32Z INFO [100/1846] 2817ef8a-7716-4532-b9b7-06bf09cde191: checkpointed 60602 records.
2026-10-02T22:19:32Z WARNING 28180605-6467-43af-8029-41753c5e40fd: failed while reading the ElectricalSeries rates (AttributeError: module 'spikeinterface.extractors' has no attribute 'NwbRecordingExtractor')
2026-10-02T22:19:32Z WARNING [101/1846] 28180605-6467-43af-8029-41753c5e40fd: leaving unrecorded for a later run to retry.
2026-10-02T22:19:33Z WARNING 2818d2fa-8f62-4165-ab48-f8a825e5cae2: failed while reading the ElectricalSeries rates (AttributeError: module 'spikeinterface.extractors' has no attribute 'NwbRecordingExtractor')
2026-10-02T22:19:33Z WARNING [102/1846] 2818d2fa-8f62-4165-ab48-f8a825e5cae2: leaving unrecorded for a later run to retry.
2026-10-02T22:19:33Z WARNING 2818dd00-27ae-49b4-a58f-91705ac798b5: failed while reading the ElectricalSeries rates (AttributeError: module 'spikeinterface.extractors' has no attribute 'NwbRecordingExtractor')
2026-10-02T22:19:33Z WARNING [103/1846] 2818dd00-27ae-49b4-a58f-91705ac798b5: leaving unrecorded for a later run to retry.
2026-10-02T22:19:33Z WARNING 2818df43-cac9-43f4-9c9a-1bedacb4473f: failed while reading the ElectricalSeries rates (AttributeError: module 'spikeinterface.extractors' has no attribute 'NwbRecordingExtractor')
2026-10-02T22:19:33Z WARNING [104/1846] 2818df43-cac9-43f4-9c9a-1bedacb4473f: leaving unrecorded for a later run to retry.
2026-10-02T22:19:33Z WARNING 281921a8-0f25-4199-8b5b-5ad3296f1d29: failed while reading the ElectricalSeries rates (AttributeError: module 'spikeinterface.extractors' has no attribute 'NwbRecordingExtractor')
2026-10-02T22:19:33Z WARNING [105/1846] 281921a8-0f25-4199-8b5b-5ad3296f1d29: leaving unrecorded for a later run to retry.
2026-10-02T22:19:33Z WARNING 28195a1f-7a74-4de9-b203-1e51dc6f5077: failed while reading the ElectricalSeries rates (AttributeError: module 'spikeinterface.extractors' has no attribute 'NwbRecordingExtractor')
2026-10-02T22:19:33Z WARNING [106/1846] 28195a1f-7a74-4de9-b203-1e51dc6f5077: leaving unrecorded for a later run to retry.
2026-10-02T22:19:33Z WARNING 28196eb8-ddee-4aa7-bf83-389cc0dd11be: failed while reading the ElectricalSeries rates (AttributeError: module 'spikeinterface.extractors' has no attribute 'NwbRecordingExtractor')
2026-10-02T22:19:33Z WARNING [107/1846] 28196eb8-ddee-4aa7-bf83-389cc0dd11be: leaving unrecorded for a later run to retry.
2026-10-02T22:19:33Z WARNING 281a70e3-5d02-4bf7-bc68-a4024a838513: failed while reading the ElectricalSeries rates (AttributeError: module 'spikeinterface.extractors' has no attribute 'NwbRecordingExtractor')
2026-10-02T22:19:33Z WARNING [108/1846] 281a70e3-5d02-4bf7-bc68-a4024a838513: leaving unrecorded for a later run to retry.
2026-10-02T22:19:33Z WARNING 281a933c-274b-4e1e-8ca4-afc7043e3e96: failed while reading the ElectricalSeries rates (AttributeError: module 'spikeinterface.extractors' has no attribute 'NwbRecordingExtractor')
2026-10-02T22:19:33Z WARNING [109/1846] 281a933c-274b-4e1e-8ca4-afc7043e3e96: leaving unrecorded for a later run to retry.
2026-10-02T22:19:33Z WARNING 281b4f32-a3a6-42c3-ad09-923cfd8cdb81: failed while reading the ElectricalSeries rates (AttributeError: module 'spikeinterface.extractors' has no attribute 'NwbRecordingExtractor')
2026-10-02T22:19:33Z WARNING [110/1846] 281b4f32-a3a6-42c3-ad09-923cfd8cdb81: leaving unrecorded for a later run to retry.
2026-10-02T22:19:33Z WARNING 281b8464-44f7-4f05-bf4d-d4dcc4af6f3a: failed while reading the ElectricalSeries rates (AttributeError: module 'spikeinterface.extractors' has no attribute 'NwbRecordingExtractor')
2026-10-02T22:19:33Z WARNING [111/1846] 281b8464-44f7-4f05-bf4d-d4dcc4af6f3a: leaving unrecorded for a later run to retry.
2026-10-02T22:19:33Z WARNING 281bbe7d-cfa1-4d4e-b875-0c0adc66e782: failed while reading the ElectricalSeries rates (AttributeError: module 'spikeinterface.extractors' has no attribute 'NwbRecordingExtractor')
2026-10-02T22:19:33Z WARNING [112/1846] 281bbe7d-cfa1-4d4e-b875-0c0adc66e782: leaving unrecorded for a later run to retry.
2026-10-02T22:19:33Z WARNING 281cb3fc-f181-4ed2-9834-4d43089debde: failed while reading the ElectricalSeries rates (AttributeError: module 'spikeinterface.extractors' has no attribute 'NwbRecordingExtractor')
2026-10-02T22:19:33Z WARNING [113/1846] 281cb3fc-f181-4ed2-9834-4d43089debde: leaving unrecorded for a later run to retry.
2026-10-02T22:19:33Z WARNING 281db61b-374e-4452-96d4-a12127765033: failed while reading the ElectricalSeries rates (AttributeError: module 'spikeinterface.extractors' has no attribute 'NwbRecordingExtractor')
2026-10-02T22:19:33Z WARNING [114/1846] 281db61b-374e-4452-96d4-a12127765033: leaving unrecorded for a later run to retry.
2026-10-02T22:19:33Z WARNING 281e7120-dab5-4a2e-90e6-ae86b14a5b0b: failed while reading the ElectricalSeries rates (AttributeError: module 'spikeinterface.extractors' has no attribute 'NwbRecordingExtractor')
2026-10-02T22:19:33Z WARNING [115/1846] 281e7120-dab5-4a2e-90e6-ae86b14a5b0b: leaving unrecorded for a later run to retry.
2026-10-02T22:19:33Z WARNING 281e7b34-9abb-45bc-a60c-7984f3bd51b9: failed while reading the ElectricalSeries rates (AttributeError: module 'spikeinterface.extractors' has no attribute 'NwbRecordingExtractor')
2026-10-02T22:19:33Z WARNING [116/1846] 281e7b34-9abb-45bc-a60c-7984f3bd51b9: leaving unrecorded for a later run to retry.
2026-10-02T22:19:33Z WARNING 281e8a27-9c49-4599-bf04-437a97be36f2: failed while reading the ElectricalSeries rates (AttributeError: module 'spikeinterface.extractors' has no attribute 'NwbRecordingExtractor')
2026-10-02T22:19:33Z WARNING [117/1846] 281e8a27-9c49-4599-bf04-437a97be36f2: leaving unrecorded for a later run to retry.
2026-10-02T22:19:34Z WARNING 281f1ae8-e751-455c-9f22-a415a2268372: failed while reading the ElectricalSeries rates (AttributeError: module 'spikeinterface.extractors' has no attribute 'NwbRecordingExtractor')
2026-10-02T22:19:34Z WARNING [118/1846] 281f1ae8-e751-455c-9f22-a415a2268372: leaving unrecorded for a later run to retry.
2026-10-02T22:19:34Z WARNING 281f43c5-2d03-41a9-be47-9685efc68837: failed while reading the ElectricalSeries rates (AttributeError: module 'spikeinterface.extractors' has no attribute 'NwbRecordingExtractor')
2026-10-02T22:19:34Z WARNING [119/1846] 281f43c5-2d03-41a9-be47-9685efc68837: leaving unrecorded for a later run to retry.
2026-10-02T22:19:34Z WARNING 281f80eb-2733-411d-b28a-087d498481cb: failed while reading the ElectricalSeries rates (AttributeError: module 'spikeinterface.extractors' has no attribute 'NwbRecordingExtractor')
2026-10-02T22:19:34Z WARNING [120/1846] 281f80eb-2733-411d-b28a-087d498481cb: leaving unrecorded for a later run to retry.
2026-10-02T22:19:34Z WARNING 2820c4d2-b7c7-47ed-82ec-f5c5ffdea1bf: failed while reading the ElectricalSeries rates (AttributeError: module 'spikeinterface.extractors' has no attribute 'NwbRecordingExtractor')
2026-10-02T22:19:34Z WARNING [121/1846] 2820c4d2-b7c7-47ed-82ec-f5c5ffdea1bf: leaving unrecorded for a later run to retry.
2026-10-02T22:19:34Z WARNING 28219a79-2bf7-44b0-86b4-7ac7f856f2c1: failed while reading the ElectricalSeries rates (AttributeError: module 'spikeinterface.extractors' has no attribute 'NwbRecordingExtractor')
2026-10-02T22:19:34Z WARNING [122/1846] 28219a79-2bf7-44b0-86b4-7ac7f856f2c1: leaving unrecorded for a later run to retry.
2026-10-02T22:19:34Z WARNING 2821e229-3494-4f62-990d-5907aae5a4c3: failed while reading the ElectricalSeries rates (AttributeError: module 'spikeinterface.extractors' has no attribute 'NwbRecordingExtractor')
2026-10-02T22:19:34Z WARNING [123/1846] 2821e229-3494-4f62-990d-5907aae5a4c3: leaving unrecorded for a later run to retry.
2026-10-02T22:19:34Z WARNING 28220875-1d10-40ae-875f-bd39941cd92b: failed while reading the ElectricalSeries rates (AttributeError: module 'spikeinterface.extractors' has no attribute 'NwbRecordingExtractor')
2026-10-02T22:19:34Z WARNING [124/1846] 28220875-1d10-40ae-875f-bd39941cd92b: leaving unrecorded for a later run to retry.
2026-10-02T22:19:34Z WARNING 282443ff-7cbb-4df8-aaae-24e9c8b370d1: failed while reading the ElectricalSeries rates (AttributeError: module 'spikeinterface.extractors' has no attribute 'NwbRecordingExtractor')
2026-10-02T22:19:34Z WARNING [125/1846] 282443ff-7cbb-4df8-aaae-24e9c8b370d1: leaving unrecorded for a later run to retry.
2026-10-02T22:19:34Z WARNING 28249180-190b-40b7-86cf-6553ae7d5608: failed while reading the ElectricalSeries rates (AttributeError: module 'spikeinterface.extractors' has no attribute 'NwbRecordingExtractor')
2026-10-02T22:19:34Z WARNING [126/1846] 28249180-190b-40b7-86cf-6553ae7d5608: leaving unrecorded for a later run to retry.
2026-10-02T22:19:34Z WARNING 2824aca9-5824-4486-93ff-48ade6fdb426: failed while reading the ElectricalSeries rates (AttributeError: module 'spikeinterface.extractors' has no attribute 'NwbRecordingExtractor')
2026-10-02T22:19:34Z WARNING [127/1846] 2824aca9-5824-4486-93ff-48ade6fdb426: leaving unrecorded for a later run to retry.
2026-10-02T22:19:34Z WARNING 2825317d-024c-402d-a1ad-13af66c80110: failed while reading the ElectricalSeries rates (AttributeError: module 'spikeinterface.extractors' has no attribute 'NwbRecordingExtractor')
2026-10-02T22:19:34Z WARNING [128/1846] 2825317d-024c-402d-a1ad-13af66c80110: leaving unrecorded for a later run to retry.
2026-10-02T22:19:34Z WARNING 28257c23-fe25-4423-8b5d-da615752786a: failed while reading the ElectricalSeries rates (AttributeError: module 'spikeinterface.extractors' has no attribute 'NwbRecordingExtractor')
2026-10-02T22:19:34Z WARNING [129/1846] 28257c23-fe25-4423-8b5d-da615752786a: leaving unrecorded for a later run to retry.
2026-10-02T22:19:34Z WARNING 28266a94-0ffb-4609-939a-e93a76bc7ad5: failed while reading the ElectricalSeries rates (AttributeError: module 'spikeinterface.extractors' has no attribute 'NwbRecordingExtractor')
2026-10-02T22:19:34Z WARNING [130/1846] 28266a94-0ffb-4609-939a-e93a76bc7ad5: leaving unrecorded for a later run to retry.
2026-10-02T22:19:34Z WARNING 28268af7-74fd-40ce-8a02-dddb4c2ecd7d: failed while reading the ElectricalSeries rates (AttributeError: module 'spikeinterface.extractors' has no attribute 'NwbRecordingExtractor')
2026-10-02T22:19:34Z WARNING [131/1846] 28268af7-74fd-40ce-8a02-dddb4c2ecd7d: leaving unrecorded for a later run to retry.
2026-10-02T22:19:34Z WARNING 28276135-bc5e-491a-8a53-c862836f970c: failed while reading the ElectricalSeries rates (AttributeError: module 'spikeinterface.extractors' has no attribute 'NwbRecordingExtractor')
2026-10-02T22:19:34Z WARNING [132/1846] 28276135-bc5e-491a-8a53-c862836f970c: leaving unrecorded for a later run to retry.
2026-10-02T22:19:34Z WARNING 28282eb2-d116-4529-a350-88f75351f438: failed while reading the ElectricalSeries rates (AttributeError: module 'spikeinterface.extractors' has no attribute 'NwbRecordingExtractor')
2026-10-02T22:19:34Z WARNING [133/1846] 28282eb2-d116-4529-a350-88f75351f438: leaving unrecorded for a later run to retry.
2026-10-02T22:19:34Z WARNING 28296fb9-eb9f-47a4-859a-ae54382566ca: failed while reading the ElectricalSeries rates (AttributeError: module 'spikeinterface.extractors' has no attribute 'NwbRecordingExtractor')
2026-10-02T22:19:34Z WARNING [134/1846] 28296fb9-eb9f-47a4-859a-ae54382566ca: leaving unrecorded for a later run to retry.
2026-10-02T22:19:35Z WARNING 28298723-87b7-4f1f-9631-9d7d5de586c9: failed while reading the ElectricalSeries rates (AttributeError: module 'spikeinterface.extractors' has no attribute 'NwbRecordingExtractor')
2026-10-02T22:19:35Z WARNING [135/1846] 28298723-87b7-4f1f-9631-9d7d5de586c9: leaving unrecorded for a later run to retry.
2026-10-02T22:19:35Z WARNING 282a7e19-4793-43d5-95e4-2a01277c8940: failed while reading the ElectricalSeries rates (AttributeError: module 'spikeinterface.extractors' has no attribute 'NwbRecordingExtractor')
2026-10-02T22:19:35Z WARNING [136/1846] 282a7e19-4793-43d5-95e4-2a01277c8940: leaving unrecorded for a later run to retry.
2026-10-02T22:19:35Z WARNING 282b2f26-9c49-4872-bf8d-c881e492a4fb: failed while reading the ElectricalSeries rates (AttributeError: module 'spikeinterface.extractors' has no attribute 'NwbRecordingExtractor')
2026-10-02T22:19:35Z WARNING [137/1846] 282b2f26-9c49-4872-bf8d-c881e492a4fb: leaving unrecorded for a later run to retry.
2026-10-02T22:19:35Z WARNING 282c0cdc-75d4-4a5f-94a2-e22c8b53feb0: failed while reading the ElectricalSeries rates (AttributeError: module 'spikeinterface.extractors' has no attribute 'NwbRecordingExtractor')
2026-10-02T22:19:35Z WARNING [138/1846] 282c0cdc-75d4-4a5f-94a2-e22c8b53feb0: leaving unrecorded for a later run to retry.
2026-10-02T22:19:35Z WARNING 282d2086-9525-4018-b8bd-5ba961b09af2: failed while reading the ElectricalSeries rates (AttributeError: module 'spikeinterface.extractors' has no attribute 'NwbRecordingExtractor')
2026-10-02T22:19:35Z WARNING [139/1846] 282d2086-9525-4018-b8bd-5ba961b09af2: leaving unrecorded for a later run to retry.
2026-10-02T22:19:35Z WARNING 282d6c8d-b836-4c74-a9d2-7f3e46141406: failed while reading the ElectricalSeries rates (AttributeError: module 'spikeinterface.extractors' has no attribute 'NwbRecordingExtractor')
2026-10-02T22:19:35Z WARNING [140/1846] 282d6c8d-b836-4c74-a9d2-7f3e46141406: leaving unrecorded for a later run to retry.
2026-10-02T22:19:35Z WARNING 282dccd6-f5d7-4e8e-bfa3-b08ab8a0c631: failed while reading the ElectricalSeries rates (AttributeError: module 'spikeinterface.extractors' has no attribute 'NwbRecordingExtractor')
2026-10-02T22:19:35Z WARNING [141/1846] 282dccd6-f5d7-4e8e-bfa3-b08ab8a0c631: leaving unrecorded for a later run to retry.
2026-10-02T22:19:35Z WARNING 282e73fc-a1c9-4676-843c-c3d89396d592: failed while reading the ElectricalSeries rates (AttributeError: module 'spikeinterface.extractors' has no attribute 'NwbRecordingExtractor')
2026-10-02T22:19:35Z WARNING [142/1846] 282e73fc-a1c9-4676-843c-c3d89396d592: leaving unrecorded for a later run to retry.
2026-10-02T22:19:35Z WARNING 282ee4f1-db8a-42ab-94bc-6a8b16a37de9: failed while reading the ElectricalSeries rates (AttributeError: module 'spikeinterface.extractors' has no attribute 'NwbRecordingExtractor')
2026-10-02T22:19:35Z WARNING [143/1846] 282ee4f1-db8a-42ab-94bc-6a8b16a37de9: leaving unrecorded for a later run to retry.
2026-10-02T22:19:35Z WARNING 28313ca1-b363-41cb-a32f-80e2fc84abcc: failed while reading the ElectricalSeries rates (AttributeError: module 'spikeinterface.extractors' has no attribute 'NwbRecordingExtractor')
2026-10-02T22:19:35Z WARNING [144/1846] 28313ca1-b363-41cb-a32f-80e2fc84abcc: leaving unrecorded for a later run to retry.
2026-10-02T22:19:35Z WARNING 28314108-1bfa-4cdb-89bf-cca3cda6a771: failed while reading the ElectricalSeries rates (AttributeError: module 'spikeinterface.extractors' has no attribute 'NwbRecordingExtractor')
2026-10-02T22:19:35Z WARNING [145/1846] 28314108-1bfa-4cdb-89bf-cca3cda6a771: leaving unrecorded for a later run to retry.
2026-10-02T22:19:35Z WARNING 2831e9b7-68ab-4007-a45d-8f8497d6d724: failed while reading the ElectricalSeries rates (AttributeError: module 'spikeinterface.extractors' has no attribute 'NwbRecordingExtractor')
2026-10-02T22:19:35Z WARNING [146/1846] 2831e9b7-68ab-4007-a45d-8f8497d6d724: leaving unrecorded for a later run to retry.
2026-10-02T22:19:35Z WARNING 28325705-2c7b-4349-b279-bea65017fbb0: failed while reading the ElectricalSeries rates (AttributeError: module 'spikeinterface.extractors' has no attribute 'NwbRecordingExtractor')
2026-10-02T22:19:35Z WARNING [147/1846] 28325705-2c7b-4349-b279-bea65017fbb0: leaving unrecorded for a later run to retry.
2026-10-02T22:19:35Z WARNING 2832727c-fcc9-41e6-9954-122c5be05558: failed while reading the ElectricalSeries rates (AttributeError: module 'spikeinterface.extractors' has no attribute 'NwbRecordingExtractor')
2026-10-02T22:19:35Z WARNING [148/1846] 2832727c-fcc9-41e6-9954-122c5be05558: leaving unrecorded for a later run to retry.
2026-10-02T22:19:35Z WARNING 2832777b-d580-4bdc-a2f8-ef3cbe8800b4: failed while reading the ElectricalSeries rates (AttributeError: module 'spikeinterface.extractors' has no attribute 'NwbRecordingExtractor')
2026-10-02T22:19:35Z WARNING [149/1846] 2832777b-d580-4bdc-a2f8-ef3cbe8800b4: leaving unrecorded for a later run to retry.
2026-10-02T22:19:35Z WARNING 2832fc71-e8fb-413d-9b63-e13e3c255efb: failed while reading the ElectricalSeries rates (AttributeError: module 'spikeinterface.extractors' has no attribute 'NwbRecordingExtractor')
2026-10-02T22:19:35Z WARNING [150/1846] 2832fc71-e8fb-413d-9b63-e13e3c255efb: leaving unrecorded for a later run to retry.
2026-10-02T22:19:36Z INFO [150/1846] 2832fc71-e8fb-413d-9b63-e13e3c255efb: checkpointed 60602 records.
2026-10-02T22:19:36Z WARNING 28343437-8ec2-4c5f-9eb3-09cbb6b0c253: failed while reading the ElectricalSeries rates (AttributeError: module 'spikeinterface.extractors' has no attribute 'NwbRecordingExtractor')
2026-10-02T22:19:36Z WARNING [151/1846] 28343437-8ec2-4c5f-9eb3-09cbb6b0c253: leaving unrecorded for a later run to retry.
2026-10-02T22:19:36Z WARNING 283463b2-f424-416b-b0c1-236ff77ffb94: failed while reading the ElectricalSeries rates (AttributeError: module 'spikeinterface.extractors' has no attribute 'NwbRecordingExtractor')
2026-10-02T22:19:36Z WARNING [152/1846] 283463b2-f424-416b-b0c1-236ff77ffb94: leaving unrecorded for a later run to retry.
2026-10-02T22:19:36Z WARNING 2834e3bc-aecc-4705-a7d3-e46656920ab9: failed while reading the ElectricalSeries rates (AttributeError: module 'spikeinterface.extractors' has no attribute 'NwbRecordingExtractor')
2026-10-02T22:19:36Z WARNING [153/1846] 2834e3bc-aecc-4705-a7d3-e46656920ab9: leaving unrecorded for a later run to retry.
2026-10-02T22:19:36Z WARNING 2834f1c8-040b-4a20-ad20-46bc0815541d: failed while reading the ElectricalSeries rates (AttributeError: module 'spikeinterface.extractors' has no attribute 'NwbRecordingExtractor')
2026-10-02T22:19:36Z WARNING [154/1846] 2834f1c8-040b-4a20-ad20-46bc0815541d: leaving unrecorded for a later run to retry.
2026-10-02T22:19:36Z WARNING 28359fbd-6fa5-41d6-80f5-73b6b452b77c: failed while reading the ElectricalSeries rates (AttributeError: module 'spikeinterface.extractors' has no attribute 'NwbRecordingExtractor')
2026-10-02T22:19:36Z WARNING [155/1846] 28359fbd-6fa5-41d6-80f5-73b6b452b77c: leaving unrecorded for a later run to retry.
2026-10-02T22:19:36Z WARNING 2836736c-1a9d-4118-8818-35f4108c2a83: failed while reading the ElectricalSeries rates (AttributeError: module 'spikeinterface.extractors' has no attribute 'NwbRecordingExtractor')
2026-10-02T22:19:36Z WARNING [156/1846] 2836736c-1a9d-4118-8818-35f4108c2a83: leaving unrecorded for a later run to retry.
2026-10-02T22:19:36Z WARNING 2836972b-91d7-4bb5-ac2e-d25c45057d94: failed while reading the ElectricalSeries rates (AttributeError: module 'spikeinterface.extractors' has no attribute 'NwbRecordingExtractor')
2026-10-02T22:19:36Z WARNING [157/1846] 2836972b-91d7-4bb5-ac2e-d25c45057d94: leaving unrecorded for a later run to retry.
2026-10-02T22:19:36Z WARNING 28377cac-6916-4397-9cf2-4a63e9595498: failed while reading the ElectricalSeries rates (AttributeError: module 'spikeinterface.extractors' has no attribute 'NwbRecordingExtractor')
2026-10-02T22:19:36Z WARNING [158/1846] 28377cac-6916-4397-9cf2-4a63e9595498: leaving unrecorded for a later run to retry.
2026-10-02T22:19:36Z WARNING 28382318-242a-44db-b0b5-28eebfd21ace: failed while reading the ElectricalSeries rates (AttributeError: module 'spikeinterface.extractors' has no attribute 'NwbRecordingExtractor')
2026-10-02T22:19:36Z WARNING [159/1846] 28382318-242a-44db-b0b5-28eebfd21ace: leaving unrecorded for a later run to retry.
2026-10-02T22:19:36Z WARNING 283898fd-3eca-44c5-984e-858be2254d25: failed while reading the ElectricalSeries rates (AttributeError: module 'spikeinterface.extractors' has no attribute 'NwbRecordingExtractor')
2026-10-02T22:19:36Z WARNING [160/1846] 283898fd-3eca-44c5-984e-858be2254d25: leaving unrecorded for a later run to retry.
2026-10-02T22:19:36Z WARNING 2838fd86-b3ec-482d-af24-4ee2cea2ec7a: failed while reading the ElectricalSeries rates (AttributeError: module 'spikeinterface.extractors' has no attribute 'NwbRecordingExtractor')
2026-10-02T22:19:36Z WARNING [161/1846] 2838fd86-b3ec-482d-af24-4ee2cea2ec7a: leaving unrecorded for a later run to retry.
2026-10-02T22:19:36Z WARNING 283a2a07-0d0a-4fb7-89ec-0886888bc1d7: failed while reading the ElectricalSeries rates (AttributeError: module 'spikeinterface.extractors' has no attribute 'NwbRecordingExtractor')
2026-10-02T22:19:36Z WARNING [162/1846] 283a2a07-0d0a-4fb7-89ec-0886888bc1d7: leaving unrecorded for a later run to retry.
2026-10-02T22:19:36Z WARNING 283a454f-ca2a-4da2-a7da-2df972564069: failed while reading the ElectricalSeries rates (AttributeError: module 'spikeinterface.extractors' has no attribute 'NwbRecordingExtractor')
2026-10-02T22:19:36Z WARNING [163/1846] 283a454f-ca2a-4da2-a7da-2df972564069: leaving unrecorded for a later run to retry.
2026-10-02T22:19:36Z WARNING 283a4eb2-5686-4217-8048-33721f55eedc: failed while reading the ElectricalSeries rates (AttributeError: module 'spikeinterface.extractors' has no attribute 'NwbRecordingExtractor')
2026-10-02T22:19:36Z WARNING [164/1846] 283a4eb2-5686-4217-8048-33721f55eedc: leaving unrecorded for a later run to retry.
2026-10-02T22:19:37Z WARNING 283beb75-298c-4e7e-8321-4d330453d936: failed while reading the ElectricalSeries rates (AttributeError: module 'spikeinterface.extractors' has no attribute 'NwbRecordingExtractor')
2026-10-02T22:19:37Z WARNING [165/1846] 283beb75-298c-4e7e-8321-4d330453d936: leaving unrecorded for a later run to retry.
2026-10-02T22:19:37Z WARNING 283bfc9a-ab01-498a-850d-f518e168cb1d: failed while reading the ElectricalSeries rates (AttributeError: module 'spikeinterface.extractors' has no attribute 'NwbRecordingExtractor')
2026-10-02T22:19:37Z WARNING [166/1846] 283bfc9a-ab01-498a-850d-f518e168cb1d: leaving unrecorded for a later run to retry.
2026-10-02T22:19:37Z WARNING 283cf479-8cb7-4570-8674-6274a6ba8eb9: failed while reading the ElectricalSeries rates (AttributeError: module 'spikeinterface.extractors' has no attribute 'NwbRecordingExtractor')
2026-10-02T22:19:37Z WARNING [167/1846] 283cf479-8cb7-4570-8674-6274a6ba8eb9: leaving unrecorded for a later run to retry.
2026-10-02T22:19:37Z WARNING 283d70f9-98b5-46be-9ebf-0d69c67ee633: failed while reading the ElectricalSeries rates (AttributeError: module 'spikeinterface.extractors' has no attribute 'NwbRecordingExtractor')
2026-10-02T22:19:37Z WARNING [168/1846] 283d70f9-98b5-46be-9ebf-0d69c67ee633: leaving unrecorded for a later run to retry.
2026-10-02T22:19:37Z WARNING 283dc9b2-8b6a-4c4e-a75a-eca33957a352: failed while reading the ElectricalSeries rates (AttributeError: module 'spikeinterface.extractors' has no attribute 'NwbRecordingExtractor')
2026-10-02T22:19:37Z WARNING [169/1846] 283dc9b2-8b6a-4c4e-a75a-eca33957a352: leaving unrecorded for a later run to retry.
2026-10-02T22:19:37Z WARNING 283e84e1-8f72-40b7-900c-7841f57eeca8: failed while reading the ElectricalSeries rates (AttributeError: module 'spikeinterface.extractors' has no attribute 'NwbRecordingExtractor')
2026-10-02T22:19:37Z WARNING [170/1846] 283e84e1-8f72-40b7-900c-7841f57eeca8: leaving unrecorded for a later run to retry.
2026-10-02T22:19:37Z WARNING 283f334d-5dcb-42c6-aa03-f6fd5d400c87: failed while reading the ElectricalSeries rates (AttributeError: module 'spikeinterface.extractors' has no attribute 'NwbRecordingExtractor')
2026-10-02T22:19:37Z WARNING [171/1846] 283f334d-5dcb-42c6-aa03-f6fd5d400c87: leaving unrecorded for a later run to retry.
2026-10-02T22:19:37Z WARNING 283f9f83-25a9-465d-9c81-9efaccd6a921: failed while reading the ElectricalSeries rates (AttributeError: module 'spikeinterface.extractors' has no attribute 'NwbRecordingExtractor')
2026-10-02T22:19:37Z WARNING [172/1846] 283f9f83-25a9-465d-9c81-9efaccd6a921: leaving unrecorded for a later run to retry.
2026-10-02T22:19:37Z WARNING 283fc9d3-82b0-4a2a-aaef-d60cea5f092b: failed while reading the ElectricalSeries rates (AttributeError: module 'spikeinterface.extractors' has no attribute 'NwbRecordingExtractor')
2026-10-02T22:19:37Z WARNING [173/1846] 283fc9d3-82b0-4a2a-aaef-d60cea5f092b: leaving unrecorded for a later run to retry.
2026-10-02T22:19:37Z WARNING 283ff007-a681-4928-91a8-a2dca9686acc: failed while reading the ElectricalSeries rates (AttributeError: module 'spikeinterface.extractors' has no attribute 'NwbRecordingExtractor')
2026-10-02T22:19:37Z WARNING [174/1846] 283ff007-a681-4928-91a8-a2dca9686acc: leaving unrecorded for a later run to retry.
2026-10-02T22:19:37Z WARNING 2840f4ac-f293-4739-ae49-3d2704e66dd1: failed while reading the ElectricalSeries rates (AttributeError: module 'spikeinterface.extractors' has no attribute 'NwbRecordingExtractor')
2026-10-02T22:19:37Z WARNING [175/1846] 2840f4ac-f293-4739-ae49-3d2704e66dd1: leaving unrecorded for a later run to retry.
2026-10-02T22:19:37Z WARNING 2842ce81-7664-4fb4-8faa-b3715d2b1700: failed while reading the ElectricalSeries rates (AttributeError: module 'spikeinterface.extractors' has no attribute 'NwbRecordingExtractor')
2026-10-02T22:19:37Z WARNING [176/1846] 2842ce81-7664-4fb4-8faa-b3715d2b1700: leaving unrecorded for a later run to retry.
2026-10-02T22:19:37Z WARNING 2842f4a5-7f6e-4002-82da-47664a16cda8: failed while reading the ElectricalSeries rates (AttributeError: module 'spikeinterface.extractors' has no attribute 'NwbRecordingExtractor')
2026-10-02T22:19:37Z WARNING [177/1846] 2842f4a5-7f6e-4002-82da-47664a16cda8: leaving unrecorded for a later run to retry.
2026-10-02T22:19:37Z WARNING 2842f805-f29f-4e11-8b1e-b6c11acff6cc: failed while reading the ElectricalSeries rates (AttributeError: module 'spikeinterface.extractors' has no attribute 'NwbRecordingExtractor')
2026-10-02T22:19:37Z WARNING [178/1846] 2842f805-f29f-4e11-8b1e-b6c11acff6cc: leaving unrecorded for a later run to retry.
2026-10-02T22:19:37Z WARNING 28449e7e-79a0-49c6-8471-8e0315d39606: failed while reading the ElectricalSeries rates (AttributeError: module 'spikeinterface.extractors' has no attribute 'NwbRecordingExtractor')
2026-10-02T22:19:37Z WARNING [179/1846] 28449e7e-79a0-49c6-8471-8e0315d39606: leaving unrecorded for a later run to retry.
2026-10-02T22:19:37Z WARNING 2844d72b-1bf7-4d58-94ee-e297ef16141c: failed while reading the ElectricalSeries rates (AttributeError: module 'spikeinterface.extractors' has no attribute 'NwbRecordingExtractor')
2026-10-02T22:19:37Z WARNING [180/1846] 2844d72b-1bf7-4d58-94ee-e297ef16141c: leaving unrecorded for a later run to retry.
2026-10-02T22:19:38Z WARNING 28451138-cec6-422f-aa0a-8d2e16d5c120: failed while reading the ElectricalSeries rates (AttributeError: module 'spikeinterface.extractors' has no attribute 'NwbRecordingExtractor')
2026-10-02T22:19:38Z WARNING [181/1846] 28451138-cec6-422f-aa0a-8d2e16d5c120: leaving unrecorded for a later run to retry.
2026-10-02T22:19:38Z WARNING 284584e7-58c1-4f74-bd0d-db09280d8790: failed while reading the ElectricalSeries rates (AttributeError: module 'spikeinterface.extractors' has no attribute 'NwbRecordingExtractor')
2026-10-02T22:19:38Z WARNING [182/1846] 284584e7-58c1-4f74-bd0d-db09280d8790: leaving unrecorded for a later run to retry.
2026-10-02T22:19:38Z WARNING 2845908b-c0f8-4a75-b9da-1940450b8b33: failed while reading the ElectricalSeries rates (AttributeError: module 'spikeinterface.extractors' has no attribute 'NwbRecordingExtractor')
2026-10-02T22:19:38Z WARNING [183/1846] 2845908b-c0f8-4a75-b9da-1940450b8b33: leaving unrecorded for a later run to retry.
2026-10-02T22:19:38Z WARNING 28463d77-7bb3-42ac-b977-93ea134662a0: failed while reading the ElectricalSeries rates (AttributeError: module 'spikeinterface.extractors' has no attribute 'NwbRecordingExtractor')
2026-10-02T22:19:38Z WARNING [184/1846] 28463d77-7bb3-42ac-b977-93ea134662a0: leaving unrecorded for a later run to retry.
2026-10-02T22:19:38Z WARNING 2846b81b-4bdb-427a-9391-dedde6afdf54: failed while reading the ElectricalSeries rates (AttributeError: module 'spikeinterface.extractors' has no attribute 'NwbRecordingExtractor')
2026-10-02T22:19:38Z WARNING [185/1846] 2846b81b-4bdb-427a-9391-dedde6afdf54: leaving unrecorded for a later run to retry.
2026-10-02T22:19:38Z WARNING 28479d60-aa5b-4d9c-b54a-e9c0d5879508: failed while reading the ElectricalSeries rates (AttributeError: module 'spikeinterface.extractors' has no attribute 'NwbRecordingExtractor')
2026-10-02T22:19:38Z WARNING [186/1846] 28479d60-aa5b-4d9c-b54a-e9c0d5879508: leaving unrecorded for a later run to retry.
2026-10-02T22:19:38Z WARNING 28487976-8e20-48c8-b887-f43b2b24c469: failed while reading the ElectricalSeries rates (AttributeError: module 'spikeinterface.extractors' has no attribute 'NwbRecordingExtractor')
2026-10-02T22:19:38Z WARNING [187/1846] 28487976-8e20-48c8-b887-f43b2b24c469: leaving unrecorded for a later run to retry.
2026-10-02T22:19:38Z WARNING 28490346-1a37-490f-8f7e-319d8845bd08: failed while reading the ElectricalSeries rates (AttributeError: module 'spikeinterface.extractors' has no attribute 'NwbRecordingExtractor')
2026-10-02T22:19:38Z WARNING [188/1846] 28490346-1a37-490f-8f7e-319d8845bd08: leaving unrecorded for a later run to retry.
2026-10-02T22:19:38Z WARNING 2849e325-c8cf-4299-8167-bf94a5fb31be: failed while reading the ElectricalSeries rates (AttributeError: module 'spikeinterface.extractors' has no attribute 'NwbRecordingExtractor')
2026-10-02T22:19:38Z WARNING [189/1846] 2849e325-c8cf-4299-8167-bf94a5fb31be: leaving unrecorded for a later run to retry.
2026-10-02T22:19:38Z WARNING 284a1877-52f0-4a3c-999d-82b54fb9105a: failed while reading the ElectricalSeries rates (AttributeError: module 'spikeinterface.extractors' has no attribute 'NwbRecordingExtractor')
2026-10-02T22:19:38Z WARNING [190/1846] 284a1877-52f0-4a3c-999d-82b54fb9105a: leaving unrecorded for a later run to retry.
2026-10-02T22:19:38Z WARNING 284b0657-9798-4704-988d-5e70156cb2e9: failed while reading the ElectricalSeries rates (AttributeError: module 'spikeinterface.extractors' has no attribute 'NwbRecordingExtractor')
2026-10-02T22:19:38Z WARNING [191/1846] 284b0657-9798-4704-988d-5e70156cb2e9: leaving unrecorded for a later run to retry.
2026-10-02T22:19:38Z WARNING 284ba07e-4023-4bf9-b6b4-977d81c0201d: failed while reading the ElectricalSeries rates (AttributeError: module 'spikeinterface.extractors' has no attribute 'NwbRecordingExtractor')
2026-10-02T22:19:38Z WARNING [192/1846] 284ba07e-4023-4bf9-b6b4-977d81c0201d: leaving unrecorded for a later run to retry.
2026-10-02T22:19:38Z WARNING 284be5cb-4638-44ca-a6e9-eb01c6150519: failed while reading the ElectricalSeries rates (AttributeError: module 'spikeinterface.extractors' has no attribute 'NwbRecordingExtractor')
2026-10-02T22:19:38Z WARNING [193/1846] 284be5cb-4638-44ca-a6e9-eb01c6150519: leaving unrecorded for a later run to retry.
2026-10-02T22:19:38Z WARNING 284bf6eb-ca60-41cd-9095-815f0432bbb2: failed while reading the ElectricalSeries rates (AttributeError: module 'spikeinterface.extractors' has no attribute 'NwbRecordingExtractor')
2026-10-02T22:19:38Z WARNING [194/1846] 284bf6eb-ca60-41cd-9095-815f0432bbb2: leaving unrecorded for a later run to retry.
2026-10-02T22:19:38Z WARNING 284bf855-56e8-4b1e-a05b-a7b23b2ceadc: failed while reading the ElectricalSeries rates (AttributeError: module 'spikeinterface.extractors' has no attribute 'NwbRecordingExtractor')
2026-10-02T22:19:38Z WARNING [195/1846] 284bf855-56e8-4b1e-a05b-a7b23b2ceadc: leaving unrecorded for a later run to retry.
2026-10-02T22:19:38Z WARNING 284c7c14-ed03-4fd9-ae28-4b38a6dd6b36: failed while reading the ElectricalSeries rates (AttributeError: module 'spikeinterface.extractors' has no attribute 'NwbRecordingExtractor')
2026-10-02T22:19:38Z WARNING [196/1846] 284c7c14-ed03-4fd9-ae28-4b38a6dd6b36: leaving unrecorded for a later run to retry.
2026-10-02T22:19:38Z WARNING 284d8022-3834-4cff-bf4c-60db0d18016e: failed while reading the ElectricalSeries rates (AttributeError: module 'spikeinterface.extractors' has no attribute 'NwbRecordingExtractor')
2026-10-02T22:19:38Z WARNING [197/1846] 284d8022-3834-4cff-bf4c-60db0d18016e: leaving unrecorded for a later run to retry.
2026-10-02T22:19:38Z WARNING 284db1c7-c773-4087-8ba7-458c05657720: failed while reading the ElectricalSeries rates (AttributeError: module 'spikeinterface.extractors' has no attribute 'NwbRecordingExtractor')
2026-10-02T22:19:38Z WARNING [198/1846] 284db1c7-c773-4087-8ba7-458c05657720: leaving unrecorded for a later run to retry.
2026-10-02T22:19:39Z WARNING 284e9e26-1c3a-419c-a09f-95be6f9bd624: failed while reading the ElectricalSeries rates (AttributeError: module 'spikeinterface.extractors' has no attribute 'NwbRecordingExtractor')
2026-10-02T22:19:39Z WARNING [199/1846] 284e9e26-1c3a-419c-a09f-95be6f9bd624: leaving unrecorded for a later run to retry.
2026-10-02T22:19:39Z WARNING 284eaf0e-9ccc-4d54-add4-68b81d95c34c: failed while reading the ElectricalSeries rates (AttributeError: module 'spikeinterface.extractors' has no attribute 'NwbRecordingExtractor')
2026-10-02T22:19:39Z WARNING [200/1846] 284eaf0e-9ccc-4d54-add4-68b81d95c34c: leaving unrecorded for a later run to retry.
2026-10-02T22:19:39Z INFO [200/1846] 284eaf0e-9ccc-4d54-add4-68b81d95c34c: checkpointed 60602 records.
2026-10-02T22:19:39Z WARNING 284ef615-c744-4dd0-acdc-c893be097d4f: failed while reading the ElectricalSeries rates (AttributeError: module 'spikeinterface.extractors' has no attribute 'NwbRecordingExtractor')
2026-10-02T22:19:39Z WARNING [201/1846] 284ef615-c744-4dd0-acdc-c893be097d4f: leaving unrecorded for a later run to retry.
2026-10-02T22:19:39Z WARNING 284f2eb7-7150-4648-98c8-a129f7f7e2fc: failed while reading the ElectricalSeries rates (AttributeError: module 'spikeinterface.extractors' has no attribute 'NwbRecordingExtractor')
2026-10-02T22:19:39Z WARNING [202/1846] 284f2eb7-7150-4648-98c8-a129f7f7e2fc: leaving unrecorded for a later run to retry.
2026-10-02T22:19:39Z WARNING 284f4454-b9ab-4c43-9630-65e6cc4500a5: failed while reading the ElectricalSeries rates (AttributeError: module 'spikeinterface.extractors' has no attribute 'NwbRecordingExtractor')
2026-10-02T22:19:39Z WARNING [203/1846] 284f4454-b9ab-4c43-9630-65e6cc4500a5: leaving unrecorded for a later run to retry.
2026-10-02T22:19:39Z WARNING 284f874a-e379-48a9-b3f5-9e75822884c8: failed while reading the ElectricalSeries rates (AttributeError: module 'spikeinterface.extractors' has no attribute 'NwbRecordingExtractor')
2026-10-02T22:19:39Z WARNING [204/1846] 284f874a-e379-48a9-b3f5-9e75822884c8: leaving unrecorded for a later run to retry.
2026-10-02T22:19:39Z WARNING 284fbc23-5af6-4647-974b-063efb5ec21e: failed while reading the ElectricalSeries rates (AttributeError: module 'spikeinterface.extractors' has no attribute 'NwbRecordingExtractor')
2026-10-02T22:19:39Z WARNING [205/1846] 284fbc23-5af6-4647-974b-063efb5ec21e: leaving unrecorded for a later run to retry.
2026-10-02T22:19:39Z WARNING 28505d97-f876-4d4e-a27b-8bef653433bb: failed while reading the ElectricalSeries rates (AttributeError: module 'spikeinterface.extractors' has no attribute 'NwbRecordingExtractor')
2026-10-02T22:19:39Z WARNING [206/1846] 28505d97-f876-4d4e-a27b-8bef653433bb: leaving unrecorded for a later run to retry.
2026-10-02T22:19:39Z WARNING 2851a37c-9408-4eb8-9731-a4b9d9d7de26: failed while reading the ElectricalSeries rates (AttributeError: module 'spikeinterface.extractors' has no attribute 'NwbRecordingExtractor')
2026-10-02T22:19:39Z WARNING [207/1846] 2851a37c-9408-4eb8-9731-a4b9d9d7de26: leaving unrecorded for a later run to retry.
2026-10-02T22:19:39Z WARNING 2852003f-3ef4-488f-9015-1e1c72cff45c: failed while reading the ElectricalSeries rates (AttributeError: module 'spikeinterface.extractors' has no attribute 'NwbRecordingExtractor')
2026-10-02T22:19:39Z WARNING [208/1846] 2852003f-3ef4-488f-9015-1e1c72cff45c: leaving unrecorded for a later run to retry.
2026-10-02T22:19:39Z WARNING 28533926-ec28-4945-b7b1-4a655edb5c42: failed while reading the ElectricalSeries rates (AttributeError: module 'spikeinterface.extractors' has no attribute 'NwbRecordingExtractor')
2026-10-02T22:19:39Z WARNING [209/1846] 28533926-ec28-4945-b7b1-4a655edb5c42: leaving unrecorded for a later run to retry.
2026-10-02T22:19:39Z WARNING 28536ba8-cd75-4c51-a165-8677a95996c6: failed while reading the ElectricalSeries rates (AttributeError: module 'spikeinterface.extractors' has no attribute 'NwbRecordingExtractor')
2026-10-02T22:19:39Z WARNING [210/1846] 28536ba8-cd75-4c51-a165-8677a95996c6: leaving unrecorded for a later run to retry.
2026-10-02T22:19:39Z WARNING 28538d5a-16d4-4c4f-a0c1-653fefc0a0e4: failed while reading the ElectricalSeries rates (AttributeError: module 'spikeinterface.extractors' has no attribute 'NwbRecordingExtractor')
2026-10-02T22:19:39Z WARNING [211/1846] 28538d5a-16d4-4c4f-a0c1-653fefc0a0e4: leaving unrecorded for a later run to retry.
2026-10-02T22:19:39Z WARNING 28550d05-fb7b-442b-8b89-5400c27b1fa1: failed while reading the ElectricalSeries rates (AttributeError: module 'spikeinterface.extractors' has no attribute 'NwbRecordingExtractor')
2026-10-02T22:19:39Z WARNING [212/1846] 28550d05-fb7b-442b-8b89-5400c27b1fa1: leaving unrecorded for a later run to retry.
2026-10-02T22:19:39Z WARNING 2855203a-eba9-4d22-8d3e-5e098876211b: failed while reading the ElectricalSeries rates (AttributeError: module 'spikeinterface.extractors' has no attribute 'NwbRecordingExtractor')
2026-10-02T22:19:39Z WARNING [213/1846] 2855203a-eba9-4d22-8d3e-5e098876211b: leaving unrecorded for a later run to retry.
2026-10-02T22:19:39Z WARNING 2855a5f2-ee80-4bd1-bf3b-39b9c333d80a: failed while reading the ElectricalSeries rates (AttributeError: module 'spikeinterface.extractors' has no attribute 'NwbRecordingExtractor')
2026-10-02T22:19:39Z WARNING [214/1846] 2855a5f2-ee80-4bd1-bf3b-39b9c333d80a: leaving unrecorded for a later run to retry.
2026-10-02T22:19:40Z WARNING 2855ab3a-f606-436b-9b64-4cff3f8b5d41: failed while reading the ElectricalSeries rates (AttributeError: module 'spikeinterface.extractors' has no attribute 'NwbRecordingExtractor')
2026-10-02T22:19:40Z WARNING [215/1846] 2855ab3a-f606-436b-9b64-4cff3f8b5d41: leaving unrecorded for a later run to retry.
2026-10-02T22:19:40Z WARNING 28560cff-4d2a-474c-b296-612d0a4dcb9a: failed while reading the ElectricalSeries rates (AttributeError: module 'spikeinterface.extractors' has no attribute 'NwbRecordingExtractor')
2026-10-02T22:19:40Z WARNING [216/1846] 28560cff-4d2a-474c-b296-612d0a4dcb9a: leaving unrecorded for a later run to retry.
2026-10-02T22:19:40Z WARNING 28563122-357c-46e7-972c-fc07a1ddd070: failed while reading the ElectricalSeries rates (AttributeError: module 'spikeinterface.extractors' has no attribute 'NwbRecordingExtractor')
2026-10-02T22:19:40Z WARNING [217/1846] 28563122-357c-46e7-972c-fc07a1ddd070: leaving unrecorded for a later run to retry.
2026-10-02T22:19:40Z WARNING 28568bf8-db2f-4bc6-8b7b-81c70b7d0349: failed while reading the ElectricalSeries rates (AttributeError: module 'spikeinterface.extractors' has no attribute 'NwbRecordingExtractor')
2026-10-02T22:19:40Z WARNING [218/1846] 28568bf8-db2f-4bc6-8b7b-81c70b7d0349: leaving unrecorded for a later run to retry.
2026-10-02T22:19:40Z WARNING 2856a362-7455-4dd6-9eb9-79383b2d301d: failed while reading the ElectricalSeries rates (AttributeError: module 'spikeinterface.extractors' has no attribute 'NwbRecordingExtractor')
2026-10-02T22:19:40Z WARNING [219/1846] 2856a362-7455-4dd6-9eb9-79383b2d301d: leaving unrecorded for a later run to retry.
2026-10-02T22:19:40Z WARNING 285719b3-5c4d-4dd1-95d8-c134901a9408: failed while reading the ElectricalSeries rates (AttributeError: module 'spikeinterface.extractors' has no attribute 'NwbRecordingExtractor')
2026-10-02T22:19:40Z WARNING [220/1846] 285719b3-5c4d-4dd1-95d8-c134901a9408: leaving unrecorded for a later run to retry.
2026-10-02T22:19:40Z WARNING 28590596-752a-4463-992c-18fea6f55dc7: failed while reading the ElectricalSeries rates (AttributeError: module 'spikeinterface.extractors' has no attribute 'NwbRecordingExtractor')
2026-10-02T22:19:40Z WARNING [221/1846] 28590596-752a-4463-992c-18fea6f55dc7: leaving unrecorded for a later run to retry.
2026-10-02T22:19:40Z WARNING 2859bcd1-3358-4607-bc7e-de6eee701dc3: failed while reading the ElectricalSeries rates (AttributeError: module 'spikeinterface.extractors' has no attribute 'NwbRecordingExtractor')
2026-10-02T22:19:40Z WARNING [222/1846] 2859bcd1-3358-4607-bc7e-de6eee701dc3: leaving unrecorded for a later run to retry.
2026-10-02T22:19:40Z WARNING 285b62f7-5fcf-468a-b665-790ee04439c3: failed while reading the ElectricalSeries rates (AttributeError: module 'spikeinterface.extractors' has no attribute 'NwbRecordingExtractor')
2026-10-02T22:19:40Z WARNING [223/1846] 285b62f7-5fcf-468a-b665-790ee04439c3: leaving unrecorded for a later run to retry.
2026-10-02T22:19:40Z WARNING 285ba845-acf7-4afa-8ebe-ee83b3a1e2bf: failed while reading the ElectricalSeries rates (AttributeError: module 'spikeinterface.extractors' has no attribute 'NwbRecordingExtractor')
2026-10-02T22:19:40Z WARNING [224/1846] 285ba845-acf7-4afa-8ebe-ee83b3a1e2bf: leaving unrecorded for a later run to retry.
2026-10-02T22:19:40Z WARNING 285d2672-bc6a-46fe-9043-7407db729578: failed while reading the ElectricalSeries rates (AttributeError: module 'spikeinterface.extractors' has no attribute 'NwbRecordingExtractor')
2026-10-02T22:19:40Z WARNING [225/1846] 285d2672-bc6a-46fe-9043-7407db729578: leaving unrecorded for a later run to retry.
2026-10-02T22:19:40Z WARNING 285e0ce6-bc7b-4780-8184-eeef58a9a384: failed while reading the ElectricalSeries rates (AttributeError: module 'spikeinterface.extractors' has no attribute 'NwbRecordingExtractor')
2026-10-02T22:19:40Z WARNING [226/1846] 285e0ce6-bc7b-4780-8184-eeef58a9a384: leaving unrecorded for a later run to retry.
2026-10-02T22:19:40Z WARNING 285e47ba-9905-4379-be24-30c43898ffae: failed while reading the ElectricalSeries rates (AttributeError: module 'spikeinterface.extractors' has no attribute 'NwbRecordingExtractor')
2026-10-02T22:19:40Z WARNING [227/1846] 285e47ba-9905-4379-be24-30c43898ffae: leaving unrecorded for a later run to retry.
2026-10-02T22:19:40Z WARNING 285f382b-fdeb-450b-9753-a0a379c07d9d: failed while reading the ElectricalSeries rates (AttributeError: module 'spikeinterface.extractors' has no attribute 'NwbRecordingExtractor')
2026-10-02T22:19:40Z WARNING [228/1846] 285f382b-fdeb-450b-9753-a0a379c07d9d: leaving unrecorded for a later run to retry.
2026-10-02T22:19:40Z WARNING 285f610c-18a3-4228-9fe6-8442230a6d4a: failed while reading the ElectricalSeries rates (AttributeError: module 'spikeinterface.extractors' has no attribute 'NwbRecordingExtractor')
2026-10-02T22:19:40Z WARNING [229/1846] 285f610c-18a3-4228-9fe6-8442230a6d4a: leaving unrecorded for a later run to retry.
2026-10-02T22:19:40Z WARNING 285f83bd-c8f4-452b-9890-1776aec6840d: failed while reading the ElectricalSeries rates (AttributeError: module 'spikeinterface.extractors' has no attribute 'NwbRecordingExtractor')
2026-10-02T22:19:40Z WARNING [230/1846] 285f83bd-c8f4-452b-9890-1776aec6840d: leaving unrecorded for a later run to retry.
2026-10-02T22:19:40Z WARNING 285f9062-c39d-48ca-835c-a28829eae04d: failed while reading the ElectricalSeries rates (AttributeError: module 'spikeinterface.extractors' has no attribute 'NwbRecordingExtractor')
2026-10-02T22:19:40Z WARNING [231/1846] 285f9062-c39d-48ca-835c-a28829eae04d: leaving unrecorded for a later run to retry.
2026-10-02T22:19:41Z WARNING 28607b8d-48a9-4c6b-b533-e9f4e6de8cc7: failed while reading the ElectricalSeries rates (AttributeError: module 'spikeinterface.extractors' has no attribute 'NwbRecordingExtractor')
2026-10-02T22:19:41Z WARNING [232/1846] 28607b8d-48a9-4c6b-b533-e9f4e6de8cc7: leaving unrecorded for a later run to retry.
2026-10-02T22:19:41Z WARNING 286083e9-8d69-4feb-802d-8b09793b9592: failed while reading the ElectricalSeries rates (AttributeError: module 'spikeinterface.extractors' has no attribute 'NwbRecordingExtractor')
2026-10-02T22:19:41Z WARNING [233/1846] 286083e9-8d69-4feb-802d-8b09793b9592: leaving unrecorded for a later run to retry.
2026-10-02T22:19:41Z WARNING 2860cddd-8893-4d0e-af84-b9a43c6c40a4: failed while reading the ElectricalSeries rates (AttributeError: module 'spikeinterface.extractors' has no attribute 'NwbRecordingExtractor')
2026-10-02T22:19:41Z WARNING [234/1846] 2860cddd-8893-4d0e-af84-b9a43c6c40a4: leaving unrecorded for a later run to retry.
2026-10-02T22:19:41Z WARNING 28615ba7-fc87-4dfe-a761-9f6c55e8b056: failed while reading the ElectricalSeries rates (AttributeError: module 'spikeinterface.extractors' has no attribute 'NwbRecordingExtractor')
2026-10-02T22:19:41Z WARNING [235/1846] 28615ba7-fc87-4dfe-a761-9f6c55e8b056: leaving unrecorded for a later run to retry.
2026-10-02T22:19:41Z WARNING 28631657-a806-4eea-b254-536c8fe55050: failed while reading the ElectricalSeries rates (AttributeError: module 'spikeinterface.extractors' has no attribute 'NwbRecordingExtractor')
2026-10-02T22:19:41Z WARNING [236/1846] 28631657-a806-4eea-b254-536c8fe55050: leaving unrecorded for a later run to retry.
2026-10-02T22:19:41Z WARNING 28642db4-7586-4af7-a78c-b7155dd22312: failed while reading the ElectricalSeries rates (AttributeError: module 'spikeinterface.extractors' has no attribute 'NwbRecordingExtractor')
2026-10-02T22:19:41Z WARNING [237/1846] 28642db4-7586-4af7-a78c-b7155dd22312: leaving unrecorded for a later run to retry.
2026-10-02T22:19:41Z WARNING 28659edc-a641-4272-9034-b9f84ab61182: failed while reading the ElectricalSeries rates (AttributeError: module 'spikeinterface.extractors' has no attribute 'NwbRecordingExtractor')
2026-10-02T22:19:41Z WARNING [238/1846] 28659edc-a641-4272-9034-b9f84ab61182: leaving unrecorded for a later run to retry.
2026-10-02T22:19:41Z WARNING 286743e1-b3bf-442b-9546-5ea2dadc72b2: failed while reading the ElectricalSeries rates (AttributeError: module 'spikeinterface.extractors' has no attribute 'NwbRecordingExtractor')
2026-10-02T22:19:41Z WARNING [239/1846] 286743e1-b3bf-442b-9546-5ea2dadc72b2: leaving unrecorded for a later run to retry.
2026-10-02T22:19:41Z WARNING 28677135-cc7e-4231-8ea1-53e66f56d6e8: failed while reading the ElectricalSeries rates (AttributeError: module 'spikeinterface.extractors' has no attribute 'NwbRecordingExtractor')
2026-10-02T22:19:41Z WARNING [240/1846] 28677135-cc7e-4231-8ea1-53e66f56d6e8: leaving unrecorded for a later run to retry.
2026-10-02T22:19:41Z WARNING 286822cd-7c08-4947-bed5-1141e0ee8628: failed while reading the ElectricalSeries rates (AttributeError: module 'spikeinterface.extractors' has no attribute 'NwbRecordingExtractor')
2026-10-02T22:19:41Z WARNING [241/1846] 286822cd-7c08-4947-bed5-1141e0ee8628: leaving unrecorded for a later run to retry.
2026-10-02T22:19:41Z WARNING 2868760f-b544-4594-b2e6-b089224e6ad7: failed while reading the ElectricalSeries rates (AttributeError: module 'spikeinterface.extractors' has no attribute 'NwbRecordingExtractor')
2026-10-02T22:19:41Z WARNING [242/1846] 2868760f-b544-4594-b2e6-b089224e6ad7: leaving unrecorded for a later run to retry.
2026-10-02T22:19:41Z WARNING 2869d480-fdba-4978-8337-e58b9f76ed5d: failed while reading the ElectricalSeries rates (AttributeError: module 'spikeinterface.extractors' has no attribute 'NwbRecordingExtractor')
2026-10-02T22:19:41Z WARNING [243/1846] 2869d480-fdba-4978-8337-e58b9f76ed5d: leaving unrecorded for a later run to retry.
2026-10-02T22:19:41Z WARNING 286a7c0b-ba92-4df7-8e45-cafb2c8febff: failed while reading the ElectricalSeries rates (AttributeError: module 'spikeinterface.extractors' has no attribute 'NwbRecordingExtractor')
2026-10-02T22:19:41Z WARNING [244/1846] 286a7c0b-ba92-4df7-8e45-cafb2c8febff: leaving unrecorded for a later run to retry.
2026-10-02T22:19:41Z WARNING 286c0b7e-ebbb-4393-a147-7540e7db08f2: failed while reading the ElectricalSeries rates (AttributeError: module 'spikeinterface.extractors' has no attribute 'NwbRecordingExtractor')
2026-10-02T22:19:41Z WARNING [245/1846] 286c0b7e-ebbb-4393-a147-7540e7db08f2: leaving unrecorded for a later run to retry.
2026-10-02T22:19:41Z WARNING 286d074a-6b7a-4d0a-8c0f-6b5409a65383: failed while reading the ElectricalSeries rates (AttributeError: module 'spikeinterface.extractors' has no attribute 'NwbRecordingExtractor')
2026-10-02T22:19:41Z WARNING [246/1846] 286d074a-6b7a-4d0a-8c0f-6b5409a65383: leaving unrecorded for a later run to retry.
2026-10-02T22:19:41Z WARNING 286d7b93-33ed-401a-80dc-040f5fef00ae: failed while reading the ElectricalSeries rates (AttributeError: module 'spikeinterface.extractors' has no attribute 'NwbRecordingExtractor')
2026-10-02T22:19:41Z WARNING [247/1846] 286d7b93-33ed-401a-80dc-040f5fef00ae: leaving unrecorded for a later run to retry.
2026-10-02T22:19:41Z WARNING 286d8dbb-0e48-48e7-a4ee-aeceb6330d5f: failed while reading the ElectricalSeries rates (AttributeError: module 'spikeinterface.extractors' has no attribute 'NwbRecordingExtractor')
2026-10-02T22:19:41Z WARNING [248/1846] 286d8dbb-0e48-48e7-a4ee-aeceb6330d5f: leaving unrecorded for a later run to retry.
2026-10-02T22:19:41Z WARNING 286df512-b2bb-4abd-9b81-5127f208684e: failed while reading the ElectricalSeries rates (AttributeError: module 'spikeinterface.extractors' has no attribute 'NwbRecordingExtractor')
2026-10-02T22:19:41Z WARNING [249/1846] 286df512-b2bb-4abd-9b81-5127f208684e: leaving unrecorded for a later run to retry.
2026-10-02T22:19:42Z WARNING 286e09fd-3d7d-40ab-8302-eddcb9fd14d4: failed while reading the ElectricalSeries rates (AttributeError: module 'spikeinterface.extractors' has no attribute 'NwbRecordingExtractor')
2026-10-02T22:19:42Z WARNING [250/1846] 286e09fd-3d7d-40ab-8302-eddcb9fd14d4: leaving unrecorded for a later run to retry.
2026-10-02T22:19:42Z INFO [250/1846] 286e09fd-3d7d-40ab-8302-eddcb9fd14d4: checkpointed 60602 records.
2026-10-02T22:19:42Z WARNING 287029e1-1e43-4c5e-a738-9075769dd0c5: failed while reading the ElectricalSeries rates (AttributeError: module 'spikeinterface.extractors' has no attribute 'NwbRecordingExtractor')
2026-10-02T22:19:42Z WARNING [251/1846] 287029e1-1e43-4c5e-a738-9075769dd0c5: leaving unrecorded for a later run to retry.
2026-10-02T22:19:42Z WARNING 28706830-7bc9-4b5a-af05-a6b9926be004: failed while reading the ElectricalSeries rates (AttributeError: module 'spikeinterface.extractors' has no attribute 'NwbRecordingExtractor')
2026-10-02T22:19:42Z WARNING [252/1846] 28706830-7bc9-4b5a-af05-a6b9926be004: leaving unrecorded for a later run to retry.
2026-10-02T22:19:42Z WARNING 28709d05-f374-43b7-8d85-9f50580a2d36: failed while reading the ElectricalSeries rates (AttributeError: module 'spikeinterface.extractors' has no attribute 'NwbRecordingExtractor')
2026-10-02T22:19:42Z WARNING [253/1846] 28709d05-f374-43b7-8d85-9f50580a2d36: leaving unrecorded for a later run to retry.
2026-10-02T22:19:42Z WARNING 28714c97-bb92-40e9-bf3c-09c9bbf2a673: failed while reading the ElectricalSeries rates (AttributeError: module 'spikeinterface.extractors' has no attribute 'NwbRecordingExtractor')
2026-10-02T22:19:42Z WARNING [254/1846] 28714c97-bb92-40e9-bf3c-09c9bbf2a673: leaving unrecorded for a later run to retry.
2026-10-02T22:19:42Z WARNING 2871d667-e5c5-4c3d-b389-5d1345a54e1c: failed while reading the ElectricalSeries rates (AttributeError: module 'spikeinterface.extractors' has no attribute 'NwbRecordingExtractor')
2026-10-02T22:19:42Z WARNING [255/1846] 2871d667-e5c5-4c3d-b389-5d1345a54e1c: leaving unrecorded for a later run to retry.
2026-10-02T22:19:42Z WARNING 287220fa-edc2-4fea-b70a-dc242ffbeec1: failed while reading the ElectricalSeries rates (AttributeError: module 'spikeinterface.extractors' has no attribute 'NwbRecordingExtractor')
2026-10-02T22:19:42Z WARNING [256/1846] 287220fa-edc2-4fea-b70a-dc242ffbeec1: leaving unrecorded for a later run to retry.
2026-10-02T22:19:42Z WARNING 2872273f-ede9-48f9-a885-3262f620ff3d: failed while reading the ElectricalSeries rates (AttributeError: module 'spikeinterface.extractors' has no attribute 'NwbRecordingExtractor')
2026-10-02T22:19:42Z WARNING [257/1846] 2872273f-ede9-48f9-a885-3262f620ff3d: leaving unrecorded for a later run to retry.
2026-10-02T22:19:42Z WARNING 28725224-33bd-46be-a2bd-2a67dd2b5c7f: failed while reading the ElectricalSeries rates (AttributeError: module 'spikeinterface.extractors' has no attribute 'NwbRecordingExtractor')
2026-10-02T22:19:42Z WARNING [258/1846] 28725224-33bd-46be-a2bd-2a67dd2b5c7f: leaving unrecorded for a later run to retry.
2026-10-02T22:19:42Z WARNING 28737fdb-86b3-49c1-bcd1-a4735055193b: failed while reading the ElectricalSeries rates (AttributeError: module 'spikeinterface.extractors' has no attribute 'NwbRecordingExtractor')
2026-10-02T22:19:42Z WARNING [259/1846] 28737fdb-86b3-49c1-bcd1-a4735055193b: leaving unrecorded for a later run to retry.
2026-10-02T22:19:42Z WARNING 2873c96a-3007-4ccf-8487-4532e11c5905: failed while reading the ElectricalSeries rates (AttributeError: module 'spikeinterface.extractors' has no attribute 'NwbRecordingExtractor')
2026-10-02T22:19:42Z WARNING [260/1846] 2873c96a-3007-4ccf-8487-4532e11c5905: leaving unrecorded for a later run to retry.
2026-10-02T22:19:42Z WARNING 2873caa8-c3f8-4558-adf9-fc9bc4724840: failed while reading the ElectricalSeries rates (AttributeError: module 'spikeinterface.extractors' has no attribute 'NwbRecordingExtractor')
2026-10-02T22:19:42Z WARNING [261/1846] 2873caa8-c3f8-4558-adf9-fc9bc4724840: leaving unrecorded for a later run to retry.
2026-10-02T22:19:42Z WARNING 28755075-cebd-4f51-bb4a-30a099e9c232: failed while reading the ElectricalSeries rates (AttributeError: module 'spikeinterface.extractors' has no attribute 'NwbRecordingExtractor')
2026-10-02T22:19:42Z WARNING [262/1846] 28755075-cebd-4f51-bb4a-30a099e9c232: leaving unrecorded for a later run to retry.
2026-10-02T22:19:42Z WARNING 28755875-7d02-4752-bf34-a01352e6f653: failed while reading the ElectricalSeries rates (AttributeError: module 'spikeinterface.extractors' has no attribute 'NwbRecordingExtractor')
2026-10-02T22:19:42Z WARNING [263/1846] 28755875-7d02-4752-bf34-a01352e6f653: leaving unrecorded for a later run to retry.
2026-10-02T22:19:42Z WARNING 28767f68-1bc4-48ba-b7e6-3674852a7698: failed while reading the ElectricalSeries rates (AttributeError: module 'spikeinterface.extractors' has no attribute 'NwbRecordingExtractor')
2026-10-02T22:19:42Z WARNING [264/1846] 28767f68-1bc4-48ba-b7e6-3674852a7698: leaving unrecorded for a later run to retry.
2026-10-02T22:19:42Z WARNING 2876e458-6fbc-48eb-be7e-d39fcf9f38ce: failed while reading the ElectricalSeries rates (AttributeError: module 'spikeinterface.extractors' has no attribute 'NwbRecordingExtractor')
2026-10-02T22:19:42Z WARNING [265/1846] 2876e458-6fbc-48eb-be7e-d39fcf9f38ce: leaving unrecorded for a later run to retry.
2026-10-02T22:19:43Z WARNING 2876eb7a-b3c0-4df4-ac5a-1f44c42483c7: failed while reading the ElectricalSeries rates (AttributeError: module 'spikeinterface.extractors' has no attribute 'NwbRecordingExtractor')
2026-10-02T22:19:43Z WARNING [266/1846] 2876eb7a-b3c0-4df4-ac5a-1f44c42483c7: leaving unrecorded for a later run to retry.
2026-10-02T22:19:43Z WARNING 287842b5-6946-4606-a79a-10caf2936e5b: failed while reading the ElectricalSeries rates (AttributeError: module 'spikeinterface.extractors' has no attribute 'NwbRecordingExtractor')
2026-10-02T22:19:43Z WARNING [267/1846] 287842b5-6946-4606-a79a-10caf2936e5b: leaving unrecorded for a later run to retry.
2026-10-02T22:19:43Z WARNING 2878cdbc-b32a-4418-8ee0-c73d8d0c0a02: failed while reading the ElectricalSeries rates (AttributeError: module 'spikeinterface.extractors' has no attribute 'NwbRecordingExtractor')
2026-10-02T22:19:43Z WARNING [268/1846] 2878cdbc-b32a-4418-8ee0-c73d8d0c0a02: leaving unrecorded for a later run to retry.
2026-10-02T22:19:43Z WARNING 2878ec68-93d7-4706-bb82-73fa61f3ab31: failed while reading the ElectricalSeries rates (AttributeError: module 'spikeinterface.extractors' has no attribute 'NwbRecordingExtractor')
2026-10-02T22:19:43Z WARNING [269/1846] 2878ec68-93d7-4706-bb82-73fa61f3ab31: leaving unrecorded for a later run to retry.
2026-10-02T22:19:43Z WARNING 28797ced-ee86-4c9e-ac29-9c1488c85ba6: failed while reading the ElectricalSeries rates (AttributeError: module 'spikeinterface.extractors' has no attribute 'NwbRecordingExtractor')
2026-10-02T22:19:43Z WARNING [270/1846] 28797ced-ee86-4c9e-ac29-9c1488c85ba6: leaving unrecorded for a later run to retry.
2026-10-02T22:19:43Z WARNING 287a9472-7a51-4a47-aea3-57756b586744: failed while reading the ElectricalSeries rates (AttributeError: module 'spikeinterface.extractors' has no attribute 'NwbRecordingExtractor')
2026-10-02T22:19:43Z WARNING [271/1846] 287a9472-7a51-4a47-aea3-57756b586744: leaving unrecorded for a later run to retry.
2026-10-02T22:19:43Z WARNING 287b2e52-9a1b-4fcc-a511-d2127e1d8944: failed while reading the ElectricalSeries rates (AttributeError: module 'spikeinterface.extractors' has no attribute 'NwbRecordingExtractor')
2026-10-02T22:19:43Z WARNING [272/1846] 287b2e52-9a1b-4fcc-a511-d2127e1d8944: leaving unrecorded for a later run to retry.
2026-10-02T22:19:43Z WARNING 287bed90-bfc7-4feb-bb30-01cadd34ebd5: failed while reading the ElectricalSeries rates (AttributeError: module 'spikeinterface.extractors' has no attribute 'NwbRecordingExtractor')
2026-10-02T22:19:43Z WARNING [273/1846] 287bed90-bfc7-4feb-bb30-01cadd34ebd5: leaving unrecorded for a later run to retry.
2026-10-02T22:19:43Z WARNING 287d1f97-2749-416c-8b94-388cdca0685c: failed while reading the ElectricalSeries rates (AttributeError: module 'spikeinterface.extractors' has no attribute 'NwbRecordingExtractor')
2026-10-02T22:19:43Z WARNING [274/1846] 287d1f97-2749-416c-8b94-388cdca0685c: leaving unrecorded for a later run to retry.
2026-10-02T22:19:43Z WARNING 287e6710-0e9b-4d31-bae8-37a54c92a5b3: failed while reading the ElectricalSeries rates (AttributeError: module 'spikeinterface.extractors' has no attribute 'NwbRecordingExtractor')
2026-10-02T22:19:43Z WARNING [275/1846] 287e6710-0e9b-4d31-bae8-37a54c92a5b3: leaving unrecorded for a later run to retry.
2026-10-02T22:19:43Z WARNING 287f3a7c-cb1b-4cfb-9f36-068a96371eb6: failed while reading the ElectricalSeries rates (AttributeError: module 'spikeinterface.extractors' has no attribute 'NwbRecordingExtractor')
2026-10-02T22:19:43Z WARNING [276/1846] 287f3a7c-cb1b-4cfb-9f36-068a96371eb6: leaving unrecorded for a later run to retry.
2026-10-02T22:19:43Z WARNING 287f5d14-3ff0-41a7-8396-ae535f627d15: failed while reading the ElectricalSeries rates (AttributeError: module 'spikeinterface.extractors' has no attribute 'NwbRecordingExtractor')
2026-10-02T22:19:43Z WARNING [277/1846] 287f5d14-3ff0-41a7-8396-ae535f627d15: leaving unrecorded for a later run to retry.
2026-10-02T22:19:43Z WARNING 288037a6-4982-4cc9-8cb0-c8f08c4c4f95: failed while reading the ElectricalSeries rates (AttributeError: module 'spikeinterface.extractors' has no attribute 'NwbRecordingExtractor')
2026-10-02T22:19:43Z WARNING [278/1846] 288037a6-4982-4cc9-8cb0-c8f08c4c4f95: leaving unrecorded for a later run to retry.
2026-10-02T22:19:43Z WARNING 2881ab7d-7624-4d10-985b-d6b2340b1fb1: failed while reading the ElectricalSeries rates (AttributeError: module 'spikeinterface.extractors' has no attribute 'NwbRecordingExtractor')
2026-10-02T22:19:43Z WARNING [279/1846] 2881ab7d-7624-4d10-985b-d6b2340b1fb1: leaving unrecorded for a later run to retry.
2026-10-02T22:19:43Z WARNING 288243ee-e118-4045-8128-131c8e5c95cc: failed while reading the ElectricalSeries rates (AttributeError: module 'spikeinterface.extractors' has no attribute 'NwbRecordingExtractor')
2026-10-02T22:19:43Z WARNING [280/1846] 288243ee-e118-4045-8128-131c8e5c95cc: leaving unrecorded for a later run to retry.
2026-10-02T22:19:43Z WARNING 2882a87b-3fdd-4282-83e6-835d82436022: failed while reading the ElectricalSeries rates (AttributeError: module 'spikeinterface.extractors' has no attribute 'NwbRecordingExtractor')
2026-10-02T22:19:43Z WARNING [281/1846] 2882a87b-3fdd-4282-83e6-835d82436022: leaving unrecorded for a later run to retry.
2026-10-02T22:19:43Z WARNING 28837229-b026-414e-bb92-ee698b0329d7: failed while reading the ElectricalSeries rates (AttributeError: module 'spikeinterface.extractors' has no attribute 'NwbRecordingExtractor')
2026-10-02T22:19:43Z WARNING [282/1846] 28837229-b026-414e-bb92-ee698b0329d7: leaving unrecorded for a later run to retry.
2026-10-02T22:19:43Z WARNING 28838330-899b-4160-8560-7a535fe3f300: failed while reading the ElectricalSeries rates (AttributeError: module 'spikeinterface.extractors' has no attribute 'NwbRecordingExtractor')
2026-10-02T22:19:43Z WARNING [283/1846] 28838330-899b-4160-8560-7a535fe3f300: leaving unrecorded for a later run to retry.
2026-10-02T22:19:44Z WARNING 2883a4e5-f0e1-4d51-aba8-4a887827bd0f: failed while reading the ElectricalSeries rates (AttributeError: module 'spikeinterface.extractors' has no attribute 'NwbRecordingExtractor')
2026-10-02T22:19:44Z WARNING [284/1846] 2883a4e5-f0e1-4d51-aba8-4a887827bd0f: leaving unrecorded for a later run to retry.
2026-10-02T22:19:44Z WARNING 2883a5fa-967c-4fa5-adf9-e636276c8b7d: failed while reading the ElectricalSeries rates (AttributeError: module 'spikeinterface.extractors' has no attribute 'NwbRecordingExtractor')
2026-10-02T22:19:44Z WARNING [285/1846] 2883a5fa-967c-4fa5-adf9-e636276c8b7d: leaving unrecorded for a later run to retry.
2026-10-02T22:19:44Z WARNING 288429ac-038d-40b5-bb43-0841380a2491: failed while reading the ElectricalSeries rates (AttributeError: module 'spikeinterface.extractors' has no attribute 'NwbRecordingExtractor')
2026-10-02T22:19:44Z WARNING [286/1846] 288429ac-038d-40b5-bb43-0841380a2491: leaving unrecorded for a later run to retry.
2026-10-02T22:19:44Z WARNING 288467da-1f51-4186-89e7-1b26d2ecdcbe: failed while reading the ElectricalSeries rates (AttributeError: module 'spikeinterface.extractors' has no attribute 'NwbRecordingExtractor')
2026-10-02T22:19:44Z WARNING [287/1846] 288467da-1f51-4186-89e7-1b26d2ecdcbe: leaving unrecorded for a later run to retry.
2026-10-02T22:19:44Z WARNING 28848708-442f-4fa7-a010-b883e0431262: failed while reading the ElectricalSeries rates (AttributeError: module 'spikeinterface.extractors' has no attribute 'NwbRecordingExtractor')
2026-10-02T22:19:44Z WARNING [288/1846] 28848708-442f-4fa7-a010-b883e0431262: leaving unrecorded for a later run to retry.
2026-10-02T22:19:44Z WARNING 2884f731-50d6-4f6a-b4d8-043588698ebc: failed while reading the ElectricalSeries rates (AttributeError: module 'spikeinterface.extractors' has no attribute 'NwbRecordingExtractor')
2026-10-02T22:19:44Z WARNING [289/1846] 2884f731-50d6-4f6a-b4d8-043588698ebc: leaving unrecorded for a later run to retry.
2026-10-02T22:19:44Z WARNING 2887a934-c7e4-4f2c-a6e6-5cf04f715984: failed while reading the ElectricalSeries rates (AttributeError: module 'spikeinterface.extractors' has no attribute 'NwbRecordingExtractor')
2026-10-02T22:19:44Z WARNING [290/1846] 2887a934-c7e4-4f2c-a6e6-5cf04f715984: leaving unrecorded for a later run to retry.
2026-10-02T22:19:44Z WARNING 28882d17-881d-431f-b168-a21058e8de6a: failed while reading the ElectricalSeries rates (AttributeError: module 'spikeinterface.extractors' has no attribute 'NwbRecordingExtractor')
2026-10-02T22:19:44Z WARNING [291/1846] 28882d17-881d-431f-b168-a21058e8de6a: leaving unrecorded for a later run to retry.
2026-10-02T22:19:44Z WARNING 2888b22b-d6d6-4943-8750-ecbf57bd8a09: failed while reading the ElectricalSeries rates (AttributeError: module 'spikeinterface.extractors' has no attribute 'NwbRecordingExtractor')
2026-10-02T22:19:44Z WARNING [292/1846] 2888b22b-d6d6-4943-8750-ecbf57bd8a09: leaving unrecorded for a later run to retry.
2026-10-02T22:19:44Z WARNING 288907e6-7d00-4092-b8fd-278a29d3cfd5: failed while reading the ElectricalSeries rates (AttributeError: module 'spikeinterface.extractors' has no attribute 'NwbRecordingExtractor')
2026-10-02T22:19:44Z WARNING [293/1846] 288907e6-7d00-4092-b8fd-278a29d3cfd5: leaving unrecorded for a later run to retry.
2026-10-02T22:19:44Z WARNING 28890c28-0458-449f-b5f7-bf1aa28b01ba: failed while reading the ElectricalSeries rates (AttributeError: module 'spikeinterface.extractors' has no attribute 'NwbRecordingExtractor')
2026-10-02T22:19:44Z WARNING [294/1846] 28890c28-0458-449f-b5f7-bf1aa28b01ba: leaving unrecorded for a later run to retry.
2026-10-02T22:19:44Z WARNING 2889a218-1467-4010-b57b-9b7a0cab4072: failed while reading the ElectricalSeries rates (AttributeError: module 'spikeinterface.extractors' has no attribute 'NwbRecordingExtractor')
2026-10-02T22:19:44Z WARNING [295/1846] 2889a218-1467-4010-b57b-9b7a0cab4072: leaving unrecorded for a later run to retry.
2026-10-02T22:19:44Z WARNING 288a2b2c-7995-4a4f-a798-137a41a54dcf: failed while reading the ElectricalSeries rates (AttributeError: module 'spikeinterface.extractors' has no attribute 'NwbRecordingExtractor')
2026-10-02T22:19:44Z WARNING [296/1846] 288a2b2c-7995-4a4f-a798-137a41a54dcf: leaving unrecorded for a later run to retry.
2026-10-02T22:19:44Z WARNING 288a7734-d27e-4355-8083-172555b5be65: failed while reading the ElectricalSeries rates (AttributeError: module 'spikeinterface.extractors' has no attribute 'NwbRecordingExtractor')
2026-10-02T22:19:44Z WARNING [297/1846] 288a7734-d27e-4355-8083-172555b5be65: leaving unrecorded for a later run to retry.
2026-10-02T22:19:44Z WARNING 288aa3e3-8b5c-405c-b4b4-9b1b501caa57: failed while reading the ElectricalSeries rates (AttributeError: module 'spikeinterface.extractors' has no attribute 'NwbRecordingExtractor')
2026-10-02T22:19:44Z WARNING [298/1846] 288aa3e3-8b5c-405c-b4b4-9b1b501caa57: leaving unrecorded for a later run to retry.
2026-10-02T22:19:44Z WARNING 288c5cf2-25ba-4f5c-b637-7d10f5ea4311: failed while reading the ElectricalSeries rates (AttributeError: module 'spikeinterface.extractors' has no attribute 'NwbRecordingExtractor')
2026-10-02T22:19:44Z WARNING [299/1846] 288c5cf2-25ba-4f5c-b637-7d10f5ea4311: leaving unrecorded for a later run to retry.
2026-10-02T22:19:44Z WARNING 288d4a59-4518-4a7d-add6-8281a1241897: failed while reading the ElectricalSeries rates (AttributeError: module 'spikeinterface.extractors' has no attribute 'NwbRecordingExtractor')
2026-10-02T22:19:44Z WARNING [300/1846] 288d4a59-4518-4a7d-add6-8281a1241897: leaving unrecorded for a later run to retry.
2026-10-02T22:19:45Z INFO [300/1846] 288d4a59-4518-4a7d-add6-8281a1241897: checkpointed 60602 records.
2026-10-02T22:19:45Z WARNING 288d533f-2a6a-457c-afae-e6c1a5b6b3f8: failed while reading the ElectricalSeries rates (AttributeError: module 'spikeinterface.extractors' has no attribute 'NwbRecordingExtractor')
2026-10-02T22:19:45Z WARNING [301/1846] 288d533f-2a6a-457c-afae-e6c1a5b6b3f8: leaving unrecorded for a later run to retry.
2026-10-02T22:19:45Z WARNING 288d89e2-09f6-46b7-be8c-3baa8e9b0a60: failed while reading the ElectricalSeries rates (AttributeError: module 'spikeinterface.extractors' has no attribute 'NwbRecordingExtractor')
2026-10-02T22:19:45Z WARNING [302/1846] 288d89e2-09f6-46b7-be8c-3baa8e9b0a60: leaving unrecorded for a later run to retry.
2026-10-02T22:19:45Z WARNING 288eda6a-7d0f-45cb-a29a-c78713d4eac0: failed while reading the ElectricalSeries rates (AttributeError: module 'spikeinterface.extractors' has no attribute 'NwbRecordingExtractor')
2026-10-02T22:19:45Z WARNING [303/1846] 288eda6a-7d0f-45cb-a29a-c78713d4eac0: leaving unrecorded for a later run to retry.
2026-10-02T22:19:45Z WARNING 288f560c-1bbb-4691-93cc-11ca9ee4ee56: failed while reading the ElectricalSeries rates (AttributeError: module 'spikeinterface.extractors' has no attribute 'NwbRecordingExtractor')
2026-10-02T22:19:45Z WARNING [304/1846] 288f560c-1bbb-4691-93cc-11ca9ee4ee56: leaving unrecorded for a later run to retry.
2026-10-02T22:19:45Z WARNING 288f58f9-e084-4e56-9840-2db0920b0206: failed while reading the ElectricalSeries rates (AttributeError: module 'spikeinterface.extractors' has no attribute 'NwbRecordingExtractor')
2026-10-02T22:19:45Z WARNING [305/1846] 288f58f9-e084-4e56-9840-2db0920b0206: leaving unrecorded for a later run to retry.
2026-10-02T22:19:45Z WARNING 288f998a-87d5-4ade-91fc-e1461b7b60e8: failed while reading the ElectricalSeries rates (AttributeError: module 'spikeinterface.extractors' has no attribute 'NwbRecordingExtractor')
2026-10-02T22:19:45Z WARNING [306/1846] 288f998a-87d5-4ade-91fc-e1461b7b60e8: leaving unrecorded for a later run to retry.
2026-10-02T22:19:45Z WARNING 289028b4-b1a6-4a3c-b2ed-6e74cbba4f24: failed while reading the ElectricalSeries rates (AttributeError: module 'spikeinterface.extractors' has no attribute 'NwbRecordingExtractor')
2026-10-02T22:19:45Z WARNING [307/1846] 289028b4-b1a6-4a3c-b2ed-6e74cbba4f24: leaving unrecorded for a later run to retry.
2026-10-02T22:19:45Z WARNING 2891312b-3473-42db-9881-b5940f12c63d: failed while reading the ElectricalSeries rates (AttributeError: module 'spikeinterface.extractors' has no attribute 'NwbRecordingExtractor')
2026-10-02T22:19:45Z WARNING [308/1846] 2891312b-3473-42db-9881-b5940f12c63d: leaving unrecorded for a later run to retry.
2026-10-02T22:19:45Z WARNING 28913abd-374f-41e0-888f-e9b2958079d1: failed while reading the ElectricalSeries rates (AttributeError: module 'spikeinterface.extractors' has no attribute 'NwbRecordingExtractor')
2026-10-02T22:19:45Z WARNING [309/1846] 28913abd-374f-41e0-888f-e9b2958079d1: leaving unrecorded for a later run to retry.
2026-10-02T22:19:45Z WARNING 2891b1e6-0162-44f2-ac85-0984d1b51ed7: failed while reading the ElectricalSeries rates (AttributeError: module 'spikeinterface.extractors' has no attribute 'NwbRecordingExtractor')
2026-10-02T22:19:45Z WARNING [310/1846] 2891b1e6-0162-44f2-ac85-0984d1b51ed7: leaving unrecorded for a later run to retry.
2026-10-02T22:19:45Z WARNING 2891bfb3-d69e-4f75-a626-da8b3da729df: failed while reading the ElectricalSeries rates (AttributeError: module 'spikeinterface.extractors' has no attribute 'NwbRecordingExtractor')
2026-10-02T22:19:45Z WARNING [311/1846] 2891bfb3-d69e-4f75-a626-da8b3da729df: leaving unrecorded for a later run to retry.
2026-10-02T22:19:45Z WARNING 2891ece0-2bc0-44ab-b31c-ecb5acc7f0dd: failed while reading the ElectricalSeries rates (AttributeError: module 'spikeinterface.extractors' has no attribute 'NwbRecordingExtractor')
2026-10-02T22:19:45Z WARNING [312/1846] 2891ece0-2bc0-44ab-b31c-ecb5acc7f0dd: leaving unrecorded for a later run to retry.
2026-10-02T22:19:45Z WARNING 28924366-c91a-495f-a919-07cf00554847: failed while reading the ElectricalSeries rates (AttributeError: module 'spikeinterface.extractors' has no attribute 'NwbRecordingExtractor')
2026-10-02T22:19:45Z WARNING [313/1846] 28924366-c91a-495f-a919-07cf00554847: leaving unrecorded for a later run to retry.
2026-10-02T22:19:45Z WARNING 2892bc76-c675-4622-ac8b-c224dde0e9cc: failed while reading the ElectricalSeries rates (AttributeError: module 'spikeinterface.extractors' has no attribute 'NwbRecordingExtractor')
2026-10-02T22:19:45Z WARNING [314/1846] 2892bc76-c675-4622-ac8b-c224dde0e9cc: leaving unrecorded for a later run to retry.
2026-10-02T22:19:45Z WARNING 289491b3-1756-497c-a2e2-4c7b05fd3b05: failed while reading the ElectricalSeries rates (AttributeError: module 'spikeinterface.extractors' has no attribute 'NwbRecordingExtractor')
2026-10-02T22:19:45Z WARNING [315/1846] 289491b3-1756-497c-a2e2-4c7b05fd3b05: leaving unrecorded for a later run to retry.
2026-10-02T22:19:45Z WARNING 289583b7-069e-4e0e-af74-c9b8daedc59d: failed while reading the ElectricalSeries rates (AttributeError: module 'spikeinterface.extractors' has no attribute 'NwbRecordingExtractor')
2026-10-02T22:19:45Z WARNING [316/1846] 289583b7-069e-4e0e-af74-c9b8daedc59d: leaving unrecorded for a later run to retry.
2026-10-02T22:19:46Z WARNING 289584a7-dee8-4942-8ee7-27a2df458bbb: failed while reading the ElectricalSeries rates (AttributeError: module 'spikeinterface.extractors' has no attribute 'NwbRecordingExtractor')
2026-10-02T22:19:46Z WARNING [317/1846] 289584a7-dee8-4942-8ee7-27a2df458bbb: leaving unrecorded for a later run to retry.
2026-10-02T22:19:46Z WARNING 2896034d-5052-4cd0-8a50-75b6d417c7ac: failed while reading the ElectricalSeries rates (AttributeError: module 'spikeinterface.extractors' has no attribute 'NwbRecordingExtractor')
2026-10-02T22:19:46Z WARNING [318/1846] 2896034d-5052-4cd0-8a50-75b6d417c7ac: leaving unrecorded for a later run to retry.
2026-10-02T22:19:46Z WARNING 2896569f-0b3d-43e2-b044-2c77b4761f9b: failed while reading the ElectricalSeries rates (AttributeError: module 'spikeinterface.extractors' has no attribute 'NwbRecordingExtractor')
2026-10-02T22:19:46Z WARNING [319/1846] 2896569f-0b3d-43e2-b044-2c77b4761f9b: leaving unrecorded for a later run to retry.
2026-10-02T22:19:46Z WARNING 28967255-981a-4851-91d2-21e813fc6ac5: failed while reading the ElectricalSeries rates (AttributeError: module 'spikeinterface.extractors' has no attribute 'NwbRecordingExtractor')
2026-10-02T22:19:46Z WARNING [320/1846] 28967255-981a-4851-91d2-21e813fc6ac5: leaving unrecorded for a later run to retry.
2026-10-02T22:19:46Z WARNING 2896b0f0-74b3-4a7e-9e1e-b6a7ee836366: failed while reading the ElectricalSeries rates (AttributeError: module 'spikeinterface.extractors' has no attribute 'NwbRecordingExtractor')
2026-10-02T22:19:46Z WARNING [321/1846] 2896b0f0-74b3-4a7e-9e1e-b6a7ee836366: leaving unrecorded for a later run to retry.
2026-10-02T22:19:46Z WARNING 2896c393-58ca-4d25-b9eb-7a3354257589: failed while reading the ElectricalSeries rates (AttributeError: module 'spikeinterface.extractors' has no attribute 'NwbRecordingExtractor')
2026-10-02T22:19:46Z WARNING [322/1846] 2896c393-58ca-4d25-b9eb-7a3354257589: leaving unrecorded for a later run to retry.
2026-10-02T22:19:46Z WARNING 28978e7a-9a6a-4ebe-88ee-35112fd9a38f: failed while reading the ElectricalSeries rates (AttributeError: module 'spikeinterface.extractors' has no attribute 'NwbRecordingExtractor')
2026-10-02T22:19:46Z WARNING [323/1846] 28978e7a-9a6a-4ebe-88ee-35112fd9a38f: leaving unrecorded for a later run to retry.
2026-10-02T22:19:46Z WARNING 28985514-7dd8-42a2-a840-c0de3c163d03: failed while reading the ElectricalSeries rates (AttributeError: module 'spikeinterface.extractors' has no attribute 'NwbRecordingExtractor')
2026-10-02T22:19:46Z WARNING [324/1846] 28985514-7dd8-42a2-a840-c0de3c163d03: leaving unrecorded for a later run to retry.
2026-10-02T22:19:46Z WARNING 289911e7-cf15-4fde-9916-d8da04ee1380: failed while reading the ElectricalSeries rates (AttributeError: module 'spikeinterface.extractors' has no attribute 'NwbRecordingExtractor')
2026-10-02T22:19:46Z WARNING [325/1846] 289911e7-cf15-4fde-9916-d8da04ee1380: leaving unrecorded for a later run to retry.
2026-10-02T22:19:46Z WARNING 2899a4ba-ed12-4e06-b77b-001f786f5fc3: failed while reading the ElectricalSeries rates (AttributeError: module 'spikeinterface.extractors' has no attribute 'NwbRecordingExtractor')
2026-10-02T22:19:46Z WARNING [326/1846] 2899a4ba-ed12-4e06-b77b-001f786f5fc3: leaving unrecorded for a later run to retry.
2026-10-02T22:19:46Z WARNING 289aab49-e77e-42aa-92f0-daac33007397: failed while reading the ElectricalSeries rates (AttributeError: module 'spikeinterface.extractors' has no attribute 'NwbRecordingExtractor')
2026-10-02T22:19:46Z WARNING [327/1846] 289aab49-e77e-42aa-92f0-daac33007397: leaving unrecorded for a later run to retry.
2026-10-02T22:19:46Z WARNING 289bd8d3-5d6b-4b7a-b931-25a848ffe397: failed while reading the ElectricalSeries rates (AttributeError: module 'spikeinterface.extractors' has no attribute 'NwbRecordingExtractor')
2026-10-02T22:19:46Z WARNING [328/1846] 289bd8d3-5d6b-4b7a-b931-25a848ffe397: leaving unrecorded for a later run to retry.
2026-10-02T22:19:46Z WARNING 289e44fc-c3c6-4ca5-89c8-6763ca939e41: failed while reading the ElectricalSeries rates (AttributeError: module 'spikeinterface.extractors' has no attribute 'NwbRecordingExtractor')
2026-10-02T22:19:46Z WARNING [329/1846] 289e44fc-c3c6-4ca5-89c8-6763ca939e41: leaving unrecorded for a later run to retry.
2026-10-02T22:19:46Z WARNING 289e7f00-9ba4-4105-a465-edf63d1c9fca: failed while reading the ElectricalSeries rates (AttributeError: module 'spikeinterface.extractors' has no attribute 'NwbRecordingExtractor')
2026-10-02T22:19:46Z WARNING [330/1846] 289e7f00-9ba4-4105-a465-edf63d1c9fca: leaving unrecorded for a later run to retry.
2026-10-02T22:19:46Z WARNING 289eae8c-1a6a-4c64-ab4d-a1c496ca30bf: failed while reading the ElectricalSeries rates (AttributeError: module 'spikeinterface.extractors' has no attribute 'NwbRecordingExtractor')
2026-10-02T22:19:46Z WARNING [331/1846] 289eae8c-1a6a-4c64-ab4d-a1c496ca30bf: leaving unrecorded for a later run to retry.
2026-10-02T22:19:46Z WARNING 289ed3ec-8583-4175-bc9e-7b5e010cbe86: failed while reading the ElectricalSeries rates (AttributeError: module 'spikeinterface.extractors' has no attribute 'NwbRecordingExtractor')
2026-10-02T22:19:46Z WARNING [332/1846] 289ed3ec-8583-4175-bc9e-7b5e010cbe86: leaving unrecorded for a later run to retry.
2026-10-02T22:19:46Z WARNING 289efa0c-731d-43be-be19-a4a0650ec94d: failed while reading the ElectricalSeries rates (AttributeError: module 'spikeinterface.extractors' has no attribute 'NwbRecordingExtractor')
2026-10-02T22:19:46Z WARNING [333/1846] 289efa0c-731d-43be-be19-a4a0650ec94d: leaving unrecorded for a later run to retry.
2026-10-02T22:19:46Z WARNING 289f589a-5127-45d8-b039-fe178a1aea6a: failed while reading the ElectricalSeries rates (AttributeError: module 'spikeinterface.extractors' has no attribute 'NwbRecordingExtractor')
2026-10-02T22:19:46Z WARNING [334/1846] 289f589a-5127-45d8-b039-fe178a1aea6a: leaving unrecorded for a later run to retry.
2026-10-02T22:19:47Z WARNING 289fbef3-7d57-431d-8b8e-13c85201ec21: failed while reading the ElectricalSeries rates (AttributeError: module 'spikeinterface.extractors' has no attribute 'NwbRecordingExtractor')
2026-10-02T22:19:47Z WARNING [335/1846] 289fbef3-7d57-431d-8b8e-13c85201ec21: leaving unrecorded for a later run to retry.
2026-10-02T22:19:47Z WARNING 28a00af1-245b-4bf5-9437-77b9ad39f904: failed while reading the ElectricalSeries rates (AttributeError: module 'spikeinterface.extractors' has no attribute 'NwbRecordingExtractor')
2026-10-02T22:19:47Z WARNING [336/1846] 28a00af1-245b-4bf5-9437-77b9ad39f904: leaving unrecorded for a later run to retry.
2026-10-02T22:19:47Z WARNING 28a0ac68-6658-477a-9bc4-09e29c897c22: failed while reading the ElectricalSeries rates (AttributeError: module 'spikeinterface.extractors' has no attribute 'NwbRecordingExtractor')
2026-10-02T22:19:47Z WARNING [337/1846] 28a0ac68-6658-477a-9bc4-09e29c897c22: leaving unrecorded for a later run to retry.
2026-10-02T22:19:47Z WARNING 28a0f592-fcb2-4681-b110-d63ab016e0e0: failed while reading the ElectricalSeries rates (AttributeError: module 'spikeinterface.extractors' has no attribute 'NwbRecordingExtractor')
2026-10-02T22:19:47Z WARNING [338/1846] 28a0f592-fcb2-4681-b110-d63ab016e0e0: leaving unrecorded for a later run to retry.
2026-10-02T22:19:47Z WARNING 28a1db35-2ef4-4fe0-9f18-1c756dac7975: failed while reading the ElectricalSeries rates (AttributeError: module 'spikeinterface.extractors' has no attribute 'NwbRecordingExtractor')
2026-10-02T22:19:47Z WARNING [339/1846] 28a1db35-2ef4-4fe0-9f18-1c756dac7975: leaving unrecorded for a later run to retry.
2026-10-02T22:19:47Z WARNING 28a21646-874a-4c78-a786-b354568fb815: failed while reading the ElectricalSeries rates (AttributeError: module 'spikeinterface.extractors' has no attribute 'NwbRecordingExtractor')
2026-10-02T22:19:47Z WARNING [340/1846] 28a21646-874a-4c78-a786-b354568fb815: leaving unrecorded for a later run to retry.
2026-10-02T22:19:47Z WARNING 28a23ffc-fa5e-48f1-9495-35df24608107: failed while reading the ElectricalSeries rates (AttributeError: module 'spikeinterface.extractors' has no attribute 'NwbRecordingExtractor')
2026-10-02T22:19:47Z WARNING [341/1846] 28a23ffc-fa5e-48f1-9495-35df24608107: leaving unrecorded for a later run to retry.
2026-10-02T22:19:47Z WARNING 28a2a424-5e0a-4863-81d5-ddf7061f843c: failed while reading the ElectricalSeries rates (AttributeError: module 'spikeinterface.extractors' has no attribute 'NwbRecordingExtractor')
2026-10-02T22:19:47Z WARNING [342/1846] 28a2a424-5e0a-4863-81d5-ddf7061f843c: leaving unrecorded for a later run to retry.
2026-10-02T22:19:47Z WARNING 28a2a95d-228e-45e5-8225-8e31ebde398d: failed while reading the ElectricalSeries rates (AttributeError: module 'spikeinterface.extractors' has no attribute 'NwbRecordingExtractor')
2026-10-02T22:19:47Z WARNING [343/1846] 28a2a95d-228e-45e5-8225-8e31ebde398d: leaving unrecorded for a later run to retry.
2026-10-02T22:19:47Z WARNING 28a2e0f1-8784-4e94-9f48-22a3d2f2f8d5: failed while reading the ElectricalSeries rates (AttributeError: module 'spikeinterface.extractors' has no attribute 'NwbRecordingExtractor')
2026-10-02T22:19:47Z WARNING [344/1846] 28a2e0f1-8784-4e94-9f48-22a3d2f2f8d5: leaving unrecorded for a later run to retry.
2026-10-02T22:19:47Z WARNING 28a2ff3f-7c83-42a4-ba9e-07a4733be077: failed while reading the ElectricalSeries rates (AttributeError: module 'spikeinterface.extractors' has no attribute 'NwbRecordingExtractor')
2026-10-02T22:19:47Z WARNING [345/1846] 28a2ff3f-7c83-42a4-ba9e-07a4733be077: leaving unrecorded for a later run to retry.
2026-10-02T22:19:47Z WARNING 28a34898-2eec-49c0-93c7-f288fa2bd815: failed while reading the ElectricalSeries rates (AttributeError: module 'spikeinterface.extractors' has no attribute 'NwbRecordingExtractor')
2026-10-02T22:19:47Z WARNING [346/1846] 28a34898-2eec-49c0-93c7-f288fa2bd815: leaving unrecorded for a later run to retry.
2026-10-02T22:19:47Z WARNING 28a3a3b6-030b-4bd7-bb52-17333e9ace2d: failed while reading the ElectricalSeries rates (AttributeError: module 'spikeinterface.extractors' has no attribute 'NwbRecordingExtractor')
2026-10-02T22:19:47Z WARNING [347/1846] 28a3a3b6-030b-4bd7-bb52-17333e9ace2d: leaving unrecorded for a later run to retry.
2026-10-02T22:19:47Z WARNING 28a3cbd6-80c9-4afc-b5f8-bc274d1bdcf4: failed while reading the ElectricalSeries rates (AttributeError: module 'spikeinterface.extractors' has no attribute 'NwbRecordingExtractor')
2026-10-02T22:19:47Z WARNING [348/1846] 28a3cbd6-80c9-4afc-b5f8-bc274d1bdcf4: leaving unrecorded for a later run to retry.
2026-10-02T22:19:47Z WARNING 28a58862-6899-4583-97cf-e08c468cf2ec: failed while reading the ElectricalSeries rates (AttributeError: module 'spikeinterface.extractors' has no attribute 'NwbRecordingExtractor')
2026-10-02T22:19:47Z WARNING [349/1846] 28a58862-6899-4583-97cf-e08c468cf2ec: leaving unrecorded for a later run to retry.
2026-10-02T22:19:47Z WARNING 28a5ba5d-6d08-475f-ae43-450da59ffd70: failed while reading the ElectricalSeries rates (AttributeError: module 'spikeinterface.extractors' has no attribute 'NwbRecordingExtractor')
2026-10-02T22:19:47Z WARNING [350/1846] 28a5ba5d-6d08-475f-ae43-450da59ffd70: leaving unrecorded for a later run to retry.
2026-10-02T22:19:48Z INFO [350/1846] 28a5ba5d-6d08-475f-ae43-450da59ffd70: checkpointed 60602 records.
2026-10-02T22:19:48Z WARNING 28a612d7-a325-4d76-a16e-dd6421f89a91: failed while reading the ElectricalSeries rates (AttributeError: module 'spikeinterface.extractors' has no attribute 'NwbRecordingExtractor')
2026-10-02T22:19:48Z WARNING [351/1846] 28a612d7-a325-4d76-a16e-dd6421f89a91: leaving unrecorded for a later run to retry.
2026-10-02T22:19:48Z WARNING 28a764ba-fde4-4c61-ba78-730253c1d201: failed while reading the ElectricalSeries rates (AttributeError: module 'spikeinterface.extractors' has no attribute 'NwbRecordingExtractor')
2026-10-02T22:19:48Z WARNING [352/1846] 28a764ba-fde4-4c61-ba78-730253c1d201: leaving unrecorded for a later run to retry.
2026-10-02T22:19:48Z WARNING 28a7f73c-1065-4219-9778-48442536e795: failed while reading the ElectricalSeries rates (AttributeError: module 'spikeinterface.extractors' has no attribute 'NwbRecordingExtractor')
2026-10-02T22:19:48Z WARNING [353/1846] 28a7f73c-1065-4219-9778-48442536e795: leaving unrecorded for a later run to retry.
2026-10-02T22:19:48Z WARNING 28a85b30-018d-4f94-9354-822933b5fec1: failed while reading the ElectricalSeries rates (AttributeError: module 'spikeinterface.extractors' has no attribute 'NwbRecordingExtractor')
2026-10-02T22:19:48Z WARNING [354/1846] 28a85b30-018d-4f94-9354-822933b5fec1: leaving unrecorded for a later run to retry.
2026-10-02T22:19:48Z WARNING 28a89479-15b2-4ee5-8b06-e4cc73311ed7: failed while reading the ElectricalSeries rates (AttributeError: module 'spikeinterface.extractors' has no attribute 'NwbRecordingExtractor')
2026-10-02T22:19:48Z WARNING [355/1846] 28a89479-15b2-4ee5-8b06-e4cc73311ed7: leaving unrecorded for a later run to retry.
2026-10-02T22:19:48Z WARNING 28a9214e-cd8e-4b3a-bf60-4861be89647d: failed while reading the ElectricalSeries rates (AttributeError: module 'spikeinterface.extractors' has no attribute 'NwbRecordingExtractor')
2026-10-02T22:19:48Z WARNING [356/1846] 28a9214e-cd8e-4b3a-bf60-4861be89647d: leaving unrecorded for a later run to retry.
2026-10-02T22:19:48Z WARNING 28a9a283-1b59-45a5-8b01-fcae904a2917: failed while reading the ElectricalSeries rates (AttributeError: module 'spikeinterface.extractors' has no attribute 'NwbRecordingExtractor')
2026-10-02T22:19:48Z WARNING [357/1846] 28a9a283-1b59-45a5-8b01-fcae904a2917: leaving unrecorded for a later run to retry.
2026-10-02T22:19:48Z WARNING 28a9d983-fb96-4b78-ab9b-c469e4b779f8: failed while reading the ElectricalSeries rates (AttributeError: module 'spikeinterface.extractors' has no attribute 'NwbRecordingExtractor')
2026-10-02T22:19:48Z WARNING [358/1846] 28a9d983-fb96-4b78-ab9b-c469e4b779f8: leaving unrecorded for a later run to retry.
2026-10-02T22:19:48Z WARNING 28a9e881-1977-4726-bb18-ec6a2d48c956: failed while reading the ElectricalSeries rates (AttributeError: module 'spikeinterface.extractors' has no attribute 'NwbRecordingExtractor')
2026-10-02T22:19:48Z WARNING [359/1846] 28a9e881-1977-4726-bb18-ec6a2d48c956: leaving unrecorded for a later run to retry.
2026-10-02T22:19:48Z WARNING 28a9ecbe-1548-4237-a86f-822f8d722da1: failed while reading the ElectricalSeries rates (AttributeError: module 'spikeinterface.extractors' has no attribute 'NwbRecordingExtractor')
2026-10-02T22:19:48Z WARNING [360/1846] 28a9ecbe-1548-4237-a86f-822f8d722da1: leaving unrecorded for a later run to retry.
2026-10-02T22:19:48Z WARNING 28aa9512-70de-4a37-8b08-2a37936f3668: failed while reading the ElectricalSeries rates (AttributeError: module 'spikeinterface.extractors' has no attribute 'NwbRecordingExtractor')
2026-10-02T22:19:48Z WARNING [361/1846] 28aa9512-70de-4a37-8b08-2a37936f3668: leaving unrecorded for a later run to retry.
2026-10-02T22:19:48Z WARNING 28aa9c9d-e853-4231-933d-c11818b73694: failed while reading the ElectricalSeries rates (AttributeError: module 'spikeinterface.extractors' has no attribute 'NwbRecordingExtractor')
2026-10-02T22:19:48Z WARNING [362/1846] 28aa9c9d-e853-4231-933d-c11818b73694: leaving unrecorded for a later run to retry.
2026-10-02T22:19:48Z WARNING 28acca8d-ee43-4d54-af09-18cc5c618f05: failed while reading the ElectricalSeries rates (AttributeError: module 'spikeinterface.extractors' has no attribute 'NwbRecordingExtractor')
2026-10-02T22:19:48Z WARNING [363/1846] 28acca8d-ee43-4d54-af09-18cc5c618f05: leaving unrecorded for a later run to retry.
2026-10-02T22:19:48Z WARNING 28acccf9-4317-41c7-8d90-f41cd2973747: failed while reading the ElectricalSeries rates (AttributeError: module 'spikeinterface.extractors' has no attribute 'NwbRecordingExtractor')
2026-10-02T22:19:48Z WARNING [364/1846] 28acccf9-4317-41c7-8d90-f41cd2973747: leaving unrecorded for a later run to retry.
2026-10-02T22:19:48Z WARNING 28ace4e2-e6af-4ff4-aea4-b0e6218ae0db: failed while reading the ElectricalSeries rates (AttributeError: module 'spikeinterface.extractors' has no attribute 'NwbRecordingExtractor')
2026-10-02T22:19:48Z WARNING [365/1846] 28ace4e2-e6af-4ff4-aea4-b0e6218ae0db: leaving unrecorded for a later run to retry.
2026-10-02T22:19:48Z WARNING 28acedac-7679-47c2-aeca-bf09bb42c519: failed while reading the ElectricalSeries rates (AttributeError: module 'spikeinterface.extractors' has no attribute 'NwbRecordingExtractor')
2026-10-02T22:19:48Z WARNING [366/1846] 28acedac-7679-47c2-aeca-bf09bb42c519: leaving unrecorded for a later run to retry.
2026-10-02T22:19:49Z WARNING 28ad64a9-65e7-42d1-9d89-6964abc1d765: failed while reading the ElectricalSeries rates (AttributeError: module 'spikeinterface.extractors' has no attribute 'NwbRecordingExtractor')
2026-10-02T22:19:49Z WARNING [367/1846] 28ad64a9-65e7-42d1-9d89-6964abc1d765: leaving unrecorded for a later run to retry.
2026-10-02T22:19:49Z WARNING 28adb798-df7d-477c-a860-b63d13ef2a4e: failed while reading the ElectricalSeries rates (AttributeError: module 'spikeinterface.extractors' has no attribute 'NwbRecordingExtractor')
2026-10-02T22:19:49Z WARNING [368/1846] 28adb798-df7d-477c-a860-b63d13ef2a4e: leaving unrecorded for a later run to retry.
2026-10-02T22:19:49Z WARNING 28ae7b66-d689-45ee-977f-d895ebb6d14d: failed while reading the ElectricalSeries rates (AttributeError: module 'spikeinterface.extractors' has no attribute 'NwbRecordingExtractor')
2026-10-02T22:19:49Z WARNING [369/1846] 28ae7b66-d689-45ee-977f-d895ebb6d14d: leaving unrecorded for a later run to retry.
2026-10-02T22:19:49Z WARNING 28afa746-0a3d-4873-a5ce-0c8221bb602d: failed while reading the ElectricalSeries rates (AttributeError: module 'spikeinterface.extractors' has no attribute 'NwbRecordingExtractor')
2026-10-02T22:19:49Z WARNING [370/1846] 28afa746-0a3d-4873-a5ce-0c8221bb602d: leaving unrecorded for a later run to retry.
2026-10-02T22:19:49Z WARNING 28b0df9e-35a1-4e4d-9a32-c30fd408f6c3: failed while reading the ElectricalSeries rates (AttributeError: module 'spikeinterface.extractors' has no attribute 'NwbRecordingExtractor')
2026-10-02T22:19:49Z WARNING [371/1846] 28b0df9e-35a1-4e4d-9a32-c30fd408f6c3: leaving unrecorded for a later run to retry.
2026-10-02T22:19:49Z WARNING 28b10eb2-9417-44d5-af4f-9f09a1da6789: failed while reading the ElectricalSeries rates (AttributeError: module 'spikeinterface.extractors' has no attribute 'NwbRecordingExtractor')
2026-10-02T22:19:49Z WARNING [372/1846] 28b10eb2-9417-44d5-af4f-9f09a1da6789: leaving unrecorded for a later run to retry.
2026-10-02T22:19:49Z WARNING 28b10fea-f6c4-46ee-9bb6-dc2dcf430db5: failed while reading the ElectricalSeries rates (AttributeError: module 'spikeinterface.extractors' has no attribute 'NwbRecordingExtractor')
2026-10-02T22:19:49Z WARNING [373/1846] 28b10fea-f6c4-46ee-9bb6-dc2dcf430db5: leaving unrecorded for a later run to retry.
2026-10-02T22:19:49Z WARNING 28b1263e-9560-4b06-a9d6-b587fd696d3a: failed while reading the ElectricalSeries rates (AttributeError: module 'spikeinterface.extractors' has no attribute 'NwbRecordingExtractor')
2026-10-02T22:19:49Z WARNING [374/1846] 28b1263e-9560-4b06-a9d6-b587fd696d3a: leaving unrecorded for a later run to retry.
2026-10-02T22:19:49Z WARNING 28b21838-0156-43c9-9414-612dbedb44ab: failed while reading the ElectricalSeries rates (AttributeError: module 'spikeinterface.extractors' has no attribute 'NwbRecordingExtractor')
2026-10-02T22:19:49Z WARNING [375/1846] 28b21838-0156-43c9-9414-612dbedb44ab: leaving unrecorded for a later run to retry.
2026-10-02T22:19:49Z WARNING 28b25a86-71c3-4e3c-b697-37a661086d86: failed while reading the ElectricalSeries rates (AttributeError: module 'spikeinterface.extractors' has no attribute 'NwbRecordingExtractor')
2026-10-02T22:19:49Z WARNING [376/1846] 28b25a86-71c3-4e3c-b697-37a661086d86: leaving unrecorded for a later run to retry.
2026-10-02T22:19:49Z WARNING 28b2f33c-de05-4592-b910-f58740f8b0c4: failed while reading the ElectricalSeries rates (AttributeError: module 'spikeinterface.extractors' has no attribute 'NwbRecordingExtractor')
2026-10-02T22:19:49Z WARNING [377/1846] 28b2f33c-de05-4592-b910-f58740f8b0c4: leaving unrecorded for a later run to retry.
2026-10-02T22:19:49Z WARNING 28b348ce-89d2-4a7b-bcaf-d0d084c725c0: failed while reading the ElectricalSeries rates (AttributeError: module 'spikeinterface.extractors' has no attribute 'NwbRecordingExtractor')
2026-10-02T22:19:49Z WARNING [378/1846] 28b348ce-89d2-4a7b-bcaf-d0d084c725c0: leaving unrecorded for a later run to retry.
2026-10-02T22:19:49Z WARNING 28b4a942-566c-421c-8f0e-c765a769539a: failed while reading the ElectricalSeries rates (AttributeError: module 'spikeinterface.extractors' has no attribute 'NwbRecordingExtractor')
2026-10-02T22:19:49Z WARNING [379/1846] 28b4a942-566c-421c-8f0e-c765a769539a: leaving unrecorded for a later run to retry.
2026-10-02T22:19:49Z WARNING 28b5a864-8c4f-402e-aeda-1628450cace7: failed while reading the ElectricalSeries rates (AttributeError: module 'spikeinterface.extractors' has no attribute 'NwbRecordingExtractor')
2026-10-02T22:19:49Z WARNING [380/1846] 28b5a864-8c4f-402e-aeda-1628450cace7: leaving unrecorded for a later run to retry.
2026-10-02T22:19:49Z WARNING 28b5b02e-288d-4944-b464-03d4ce495ff2: failed while reading the ElectricalSeries rates (AttributeError: module 'spikeinterface.extractors' has no attribute 'NwbRecordingExtractor')
2026-10-02T22:19:49Z WARNING [381/1846] 28b5b02e-288d-4944-b464-03d4ce495ff2: leaving unrecorded for a later run to retry.
2026-10-02T22:19:49Z WARNING 28b63c7b-b632-49f5-87cf-ceb3c64f2578: failed while reading the ElectricalSeries rates (AttributeError: module 'spikeinterface.extractors' has no attribute 'NwbRecordingExtractor')
2026-10-02T22:19:49Z WARNING [382/1846] 28b63c7b-b632-49f5-87cf-ceb3c64f2578: leaving unrecorded for a later run to retry.
2026-10-02T22:19:49Z WARNING 28b65697-7293-4a17-9769-5e556afabfb6: failed while reading the ElectricalSeries rates (AttributeError: module 'spikeinterface.extractors' has no attribute 'NwbRecordingExtractor')
2026-10-02T22:19:49Z WARNING [383/1846] 28b65697-7293-4a17-9769-5e556afabfb6: leaving unrecorded for a later run to retry.
2026-10-02T22:19:50Z WARNING 28b73bdb-534a-4a43-ae0e-da56ba3f3625: failed while reading the ElectricalSeries rates (AttributeError: module 'spikeinterface.extractors' has no attribute 'NwbRecordingExtractor')
2026-10-02T22:19:50Z WARNING [384/1846] 28b73bdb-534a-4a43-ae0e-da56ba3f3625: leaving unrecorded for a later run to retry.
2026-10-02T22:19:50Z WARNING 28b7ce7c-b836-4acd-a3ce-ef023e9f4689: failed while reading the ElectricalSeries rates (AttributeError: module 'spikeinterface.extractors' has no attribute 'NwbRecordingExtractor')
2026-10-02T22:19:50Z WARNING [385/1846] 28b7ce7c-b836-4acd-a3ce-ef023e9f4689: leaving unrecorded for a later run to retry.
2026-10-02T22:19:50Z WARNING 28b81992-63ff-4ad1-a6c2-1129cc5c0542: failed while reading the ElectricalSeries rates (AttributeError: module 'spikeinterface.extractors' has no attribute 'NwbRecordingExtractor')
2026-10-02T22:19:50Z WARNING [386/1846] 28b81992-63ff-4ad1-a6c2-1129cc5c0542: leaving unrecorded for a later run to retry.
2026-10-02T22:19:50Z WARNING 28b88c5b-377f-4245-9f9b-c8ec8e76802f: failed while reading the ElectricalSeries rates (AttributeError: module 'spikeinterface.extractors' has no attribute 'NwbRecordingExtractor')
2026-10-02T22:19:50Z WARNING [387/1846] 28b88c5b-377f-4245-9f9b-c8ec8e76802f: leaving unrecorded for a later run to retry.
2026-10-02T22:19:50Z WARNING 28b8f82f-21d3-492b-b071-568928d85dcb: failed while reading the ElectricalSeries rates (AttributeError: module 'spikeinterface.extractors' has no attribute 'NwbRecordingExtractor')
2026-10-02T22:19:50Z WARNING [388/1846] 28b8f82f-21d3-492b-b071-568928d85dcb: leaving unrecorded for a later run to retry.
2026-10-02T22:19:50Z WARNING 28b93bac-d28f-42a2-aa78-66378eb3067f: failed while reading the ElectricalSeries rates (AttributeError: module 'spikeinterface.extractors' has no attribute 'NwbRecordingExtractor')
2026-10-02T22:19:50Z WARNING [389/1846] 28b93bac-d28f-42a2-aa78-66378eb3067f: leaving unrecorded for a later run to retry.
2026-10-02T22:19:50Z WARNING 28b95a62-8762-40d7-aa7e-7b924ecd2191: failed while reading the ElectricalSeries rates (AttributeError: module 'spikeinterface.extractors' has no attribute 'NwbRecordingExtractor')
2026-10-02T22:19:50Z WARNING [390/1846] 28b95a62-8762-40d7-aa7e-7b924ecd2191: leaving unrecorded for a later run to retry.
2026-10-02T22:19:50Z WARNING 28bac315-7206-4ee4-9dbb-2a435289fd7e: failed while reading the ElectricalSeries rates (AttributeError: module 'spikeinterface.extractors' has no attribute 'NwbRecordingExtractor')
2026-10-02T22:19:50Z WARNING [391/1846] 28bac315-7206-4ee4-9dbb-2a435289fd7e: leaving unrecorded for a later run to retry.
2026-10-02T22:19:50Z WARNING 28bae883-0980-49c3-95a0-a755a36eb0a7: failed while reading the ElectricalSeries rates (AttributeError: module 'spikeinterface.extractors' has no attribute 'NwbRecordingExtractor')
2026-10-02T22:19:50Z WARNING [392/1846] 28bae883-0980-49c3-95a0-a755a36eb0a7: leaving unrecorded for a later run to retry.
2026-10-02T22:19:50Z WARNING 28bb3c4e-2dfd-4414-82f4-e52b943a145f: failed while reading the ElectricalSeries rates (AttributeError: module 'spikeinterface.extractors' has no attribute 'NwbRecordingExtractor')
2026-10-02T22:19:50Z WARNING [393/1846] 28bb3c4e-2dfd-4414-82f4-e52b943a145f: leaving unrecorded for a later run to retry.
2026-10-02T22:19:50Z WARNING 28bb578c-2189-4031-be42-e9d59e4aeefc: failed while reading the ElectricalSeries rates (AttributeError: module 'spikeinterface.extractors' has no attribute 'NwbRecordingExtractor')
2026-10-02T22:19:50Z WARNING [394/1846] 28bb578c-2189-4031-be42-e9d59e4aeefc: leaving unrecorded for a later run to retry.
2026-10-02T22:19:50Z WARNING 28bbb17b-1e16-4a25-b6d2-4f6c50c570d9: failed while reading the ElectricalSeries rates (AttributeError: module 'spikeinterface.extractors' has no attribute 'NwbRecordingExtractor')
2026-10-02T22:19:50Z WARNING [395/1846] 28bbb17b-1e16-4a25-b6d2-4f6c50c570d9: leaving unrecorded for a later run to retry.
2026-10-02T22:19:50Z WARNING 28bbc597-2cb0-47a7-9b3f-efca2afca8d2: failed while reading the ElectricalSeries rates (AttributeError: module 'spikeinterface.extractors' has no attribute 'NwbRecordingExtractor')
2026-10-02T22:19:50Z WARNING [396/1846] 28bbc597-2cb0-47a7-9b3f-efca2afca8d2: leaving unrecorded for a later run to retry.
2026-10-02T22:19:50Z WARNING 28bc417b-a234-45d7-97f7-225ccfc1fe58: failed while reading the ElectricalSeries rates (AttributeError: module 'spikeinterface.extractors' has no attribute 'NwbRecordingExtractor')
2026-10-02T22:19:50Z WARNING [397/1846] 28bc417b-a234-45d7-97f7-225ccfc1fe58: leaving unrecorded for a later run to retry.
2026-10-02T22:19:50Z WARNING 28bc4741-27cf-424f-85fe-31d95b94d53a: failed while reading the ElectricalSeries rates (AttributeError: module 'spikeinterface.extractors' has no attribute 'NwbRecordingExtractor')
2026-10-02T22:19:50Z WARNING [398/1846] 28bc4741-27cf-424f-85fe-31d95b94d53a: leaving unrecorded for a later run to retry.
2026-10-02T22:19:50Z WARNING 28bc4dfd-68a9-4026-9601-6e0dbd4a20b4: failed while reading the ElectricalSeries rates (AttributeError: module 'spikeinterface.extractors' has no attribute 'NwbRecordingExtractor')
2026-10-02T22:19:50Z WARNING [399/1846] 28bc4dfd-68a9-4026-9601-6e0dbd4a20b4: leaving unrecorded for a later run to retry.
2026-10-02T22:19:50Z WARNING 28bc9cc1-fc36-43db-a7b2-9ca0f12786ef: failed while reading the ElectricalSeries rates (AttributeError: module 'spikeinterface.extractors' has no attribute 'NwbRecordingExtractor')
2026-10-02T22:19:50Z WARNING [400/1846] 28bc9cc1-fc36-43db-a7b2-9ca0f12786ef: leaving unrecorded for a later run to retry.
2026-10-02T22:19:50Z INFO [400/1846] 28bc9cc1-fc36-43db-a7b2-9ca0f12786ef: checkpointed 60602 records.
2026-10-02T22:19:51Z WARNING 28bd3618-447b-4301-94ae-97a01c07ae5a: failed while reading the ElectricalSeries rates (AttributeError: module 'spikeinterface.extractors' has no attribute 'NwbRecordingExtractor')
2026-10-02T22:19:51Z WARNING [401/1846] 28bd3618-447b-4301-94ae-97a01c07ae5a: leaving unrecorded for a later run to retry.
2026-10-02T22:19:51Z WARNING 28bd5162-2e08-4ba7-b303-0d9b24a706ae: failed while reading the ElectricalSeries rates (AttributeError: module 'spikeinterface.extractors' has no attribute 'NwbRecordingExtractor')
2026-10-02T22:19:51Z WARNING [402/1846] 28bd5162-2e08-4ba7-b303-0d9b24a706ae: leaving unrecorded for a later run to retry.
2026-10-02T22:19:51Z WARNING 28bd9681-9f7c-49bd-9851-5adc84066a43: failed while reading the ElectricalSeries rates (AttributeError: module 'spikeinterface.extractors' has no attribute 'NwbRecordingExtractor')
2026-10-02T22:19:51Z WARNING [403/1846] 28bd9681-9f7c-49bd-9851-5adc84066a43: leaving unrecorded for a later run to retry.
2026-10-02T22:19:51Z WARNING 28bdc5ca-ce1c-434d-a3f1-5b5b1e2fef12: failed while reading the ElectricalSeries rates (AttributeError: module 'spikeinterface.extractors' has no attribute 'NwbRecordingExtractor')
2026-10-02T22:19:51Z WARNING [404/1846] 28bdc5ca-ce1c-434d-a3f1-5b5b1e2fef12: leaving unrecorded for a later run to retry.
2026-10-02T22:19:51Z WARNING 28bea610-df0e-4019-a47d-b9373fd047c8: failed while reading the ElectricalSeries rates (AttributeError: module 'spikeinterface.extractors' has no attribute 'NwbRecordingExtractor')
2026-10-02T22:19:51Z WARNING [405/1846] 28bea610-df0e-4019-a47d-b9373fd047c8: leaving unrecorded for a later run to retry.
2026-10-02T22:19:51Z WARNING 28becb45-4681-452d-8d4c-f6b59e9f0214: failed while reading the ElectricalSeries rates (AttributeError: module 'spikeinterface.extractors' has no attribute 'NwbRecordingExtractor')
2026-10-02T22:19:51Z WARNING [406/1846] 28becb45-4681-452d-8d4c-f6b59e9f0214: leaving unrecorded for a later run to retry.
2026-10-02T22:19:51Z WARNING 28c044fd-108d-4d43-badd-98e13520574d: failed while reading the ElectricalSeries rates (AttributeError: module 'spikeinterface.extractors' has no attribute 'NwbRecordingExtractor')
2026-10-02T22:19:51Z WARNING [407/1846] 28c044fd-108d-4d43-badd-98e13520574d: leaving unrecorded for a later run to retry.
2026-10-02T22:19:51Z WARNING 28c0ca25-c997-4c1e-aedd-060e991a8d25: failed while reading the ElectricalSeries rates (AttributeError: module 'spikeinterface.extractors' has no attribute 'NwbRecordingExtractor')
2026-10-02T22:19:51Z WARNING [408/1846] 28c0ca25-c997-4c1e-aedd-060e991a8d25: leaving unrecorded for a later run to retry.
2026-10-02T22:19:51Z WARNING 28c1f3c9-8384-48a6-853b-8cba14656582: failed while reading the ElectricalSeries rates (AttributeError: module 'spikeinterface.extractors' has no attribute 'NwbRecordingExtractor')
2026-10-02T22:19:51Z WARNING [409/1846] 28c1f3c9-8384-48a6-853b-8cba14656582: leaving unrecorded for a later run to retry.
2026-10-02T22:19:51Z WARNING 28c247a9-9ae4-4886-81c8-1f1e01001828: failed while reading the ElectricalSeries rates (AttributeError: module 'spikeinterface.extractors' has no attribute 'NwbRecordingExtractor')
2026-10-02T22:19:51Z WARNING [410/1846] 28c247a9-9ae4-4886-81c8-1f1e01001828: leaving unrecorded for a later run to retry.
2026-10-02T22:19:51Z WARNING 28c268f3-d7b6-4842-ae30-f4aafc78cae7: failed while reading the ElectricalSeries rates (AttributeError: module 'spikeinterface.extractors' has no attribute 'NwbRecordingExtractor')
2026-10-02T22:19:51Z WARNING [411/1846] 28c268f3-d7b6-4842-ae30-f4aafc78cae7: leaving unrecorded for a later run to retry.
2026-10-02T22:19:51Z WARNING 28c27b44-5211-406c-b626-9c4cb70d8691: failed while reading the ElectricalSeries rates (AttributeError: module 'spikeinterface.extractors' has no attribute 'NwbRecordingExtractor')
2026-10-02T22:19:51Z WARNING [412/1846] 28c27b44-5211-406c-b626-9c4cb70d8691: leaving unrecorded for a later run to retry.
2026-10-02T22:19:51Z WARNING 28c2ee50-07ff-405d-a1b6-200f926d3c63: failed while reading the ElectricalSeries rates (AttributeError: module 'spikeinterface.extractors' has no attribute 'NwbRecordingExtractor')
2026-10-02T22:19:51Z WARNING [413/1846] 28c2ee50-07ff-405d-a1b6-200f926d3c63: leaving unrecorded for a later run to retry.
2026-10-02T22:19:51Z WARNING 28c3ee51-1b1c-491b-ab8b-48da680a5f4a: failed while reading the ElectricalSeries rates (AttributeError: module 'spikeinterface.extractors' has no attribute 'NwbRecordingExtractor')
2026-10-02T22:19:51Z WARNING [414/1846] 28c3ee51-1b1c-491b-ab8b-48da680a5f4a: leaving unrecorded for a later run to retry.
2026-10-02T22:19:51Z WARNING 28c481f4-6356-46b6-a5fe-a2a74ab624da: failed while reading the ElectricalSeries rates (AttributeError: module 'spikeinterface.extractors' has no attribute 'NwbRecordingExtractor')
2026-10-02T22:19:51Z WARNING [415/1846] 28c481f4-6356-46b6-a5fe-a2a74ab624da: leaving unrecorded for a later run to retry.
2026-10-02T22:19:51Z WARNING 28c55c99-b77c-4a6e-bed6-e219c937e5ea: failed while reading the ElectricalSeries rates (AttributeError: module 'spikeinterface.extractors' has no attribute 'NwbRecordingExtractor')
2026-10-02T22:19:51Z WARNING [416/1846] 28c55c99-b77c-4a6e-bed6-e219c937e5ea: leaving unrecorded for a later run to retry.
2026-10-02T22:19:51Z WARNING 28c5891b-efb3-4f64-abe5-b82a64062545: failed while reading the ElectricalSeries rates (AttributeError: module 'spikeinterface.extractors' has no attribute 'NwbRecordingExtractor')
2026-10-02T22:19:51Z WARNING [417/1846] 28c5891b-efb3-4f64-abe5-b82a64062545: leaving unrecorded for a later run to retry.
2026-10-02T22:19:51Z WARNING 28c68365-6810-4ca8-9495-57192ec3e3f2: failed while reading the ElectricalSeries rates (AttributeError: module 'spikeinterface.extractors' has no attribute 'NwbRecordingExtractor')
2026-10-02T22:19:51Z WARNING [418/1846] 28c68365-6810-4ca8-9495-57192ec3e3f2: leaving unrecorded for a later run to retry.
2026-10-02T22:19:51Z WARNING 28c69119-5407-4e88-aec2-95af6c991522: failed while reading the ElectricalSeries rates (AttributeError: module 'spikeinterface.extractors' has no attribute 'NwbRecordingExtractor')
2026-10-02T22:19:51Z WARNING [419/1846] 28c69119-5407-4e88-aec2-95af6c991522: leaving unrecorded for a later run to retry.
2026-10-02T22:19:52Z WARNING 28c6a499-aed3-402d-9d10-d99de9a33b4d: failed while reading the ElectricalSeries rates (AttributeError: module 'spikeinterface.extractors' has no attribute 'NwbRecordingExtractor')
2026-10-02T22:19:52Z WARNING [420/1846] 28c6a499-aed3-402d-9d10-d99de9a33b4d: leaving unrecorded for a later run to retry.
2026-10-02T22:19:52Z WARNING 28c6bd8c-5f46-40a6-870c-ac640fd56a38: failed while reading the ElectricalSeries rates (AttributeError: module 'spikeinterface.extractors' has no attribute 'NwbRecordingExtractor')
2026-10-02T22:19:52Z WARNING [421/1846] 28c6bd8c-5f46-40a6-870c-ac640fd56a38: leaving unrecorded for a later run to retry.
2026-10-02T22:19:52Z WARNING 28c735cd-f06a-4a00-8d04-c482e5a9a2d2: failed while reading the ElectricalSeries rates (AttributeError: module 'spikeinterface.extractors' has no attribute 'NwbRecordingExtractor')
2026-10-02T22:19:52Z WARNING [422/1846] 28c735cd-f06a-4a00-8d04-c482e5a9a2d2: leaving unrecorded for a later run to retry.
2026-10-02T22:19:52Z WARNING 28c75d88-7cab-4a4b-81f6-0eb5e7c60d91: failed while reading the ElectricalSeries rates (AttributeError: module 'spikeinterface.extractors' has no attribute 'NwbRecordingExtractor')
2026-10-02T22:19:52Z WARNING [423/1846] 28c75d88-7cab-4a4b-81f6-0eb5e7c60d91: leaving unrecorded for a later run to retry.
2026-10-02T22:19:52Z WARNING 28c8acea-9238-4cb4-9e76-c761b2bf4216: failed while reading the ElectricalSeries rates (AttributeError: module 'spikeinterface.extractors' has no attribute 'NwbRecordingExtractor')
2026-10-02T22:19:52Z WARNING [424/1846] 28c8acea-9238-4cb4-9e76-c761b2bf4216: leaving unrecorded for a later run to retry.
2026-10-02T22:19:52Z WARNING 28c96454-cd04-49aa-830b-07698d8c0f0c: failed while reading the ElectricalSeries rates (AttributeError: module 'spikeinterface.extractors' has no attribute 'NwbRecordingExtractor')
2026-10-02T22:19:52Z WARNING [425/1846] 28c96454-cd04-49aa-830b-07698d8c0f0c: leaving unrecorded for a later run to retry.
2026-10-02T22:19:52Z WARNING 28c9ee00-051c-453f-a0f1-558b9a325eba: failed while reading the ElectricalSeries rates (AttributeError: module 'spikeinterface.extractors' has no attribute 'NwbRecordingExtractor')
2026-10-02T22:19:52Z WARNING [426/1846] 28c9ee00-051c-453f-a0f1-558b9a325eba: leaving unrecorded for a later run to retry.
2026-10-02T22:19:52Z WARNING 28ca59a6-eb38-4e56-94bc-173efc10f7c7: failed while reading the ElectricalSeries rates (AttributeError: module 'spikeinterface.extractors' has no attribute 'NwbRecordingExtractor')
2026-10-02T22:19:52Z WARNING [427/1846] 28ca59a6-eb38-4e56-94bc-173efc10f7c7: leaving unrecorded for a later run to retry.
2026-10-02T22:19:52Z WARNING 28ca8fdb-c4cd-4970-9123-423b762b9f44: failed while reading the ElectricalSeries rates (AttributeError: module 'spikeinterface.extractors' has no attribute 'NwbRecordingExtractor')
2026-10-02T22:19:52Z WARNING [428/1846] 28ca8fdb-c4cd-4970-9123-423b762b9f44: leaving unrecorded for a later run to retry.
2026-10-02T22:19:52Z WARNING 28cb3a35-f901-4408-b8cb-6fd9e6265342: failed while reading the ElectricalSeries rates (AttributeError: module 'spikeinterface.extractors' has no attribute 'NwbRecordingExtractor')
2026-10-02T22:19:52Z WARNING [429/1846] 28cb3a35-f901-4408-b8cb-6fd9e6265342: leaving unrecorded for a later run to retry.
2026-10-02T22:19:52Z WARNING 28cc17c6-7d2e-4a69-8ff4-6dc8d02b1c82: failed while reading the ElectricalSeries rates (AttributeError: module 'spikeinterface.extractors' has no attribute 'NwbRecordingExtractor')
2026-10-02T22:19:52Z WARNING [430/1846] 28cc17c6-7d2e-4a69-8ff4-6dc8d02b1c82: leaving unrecorded for a later run to retry.
2026-10-02T22:19:52Z WARNING 28cc4045-7c05-48e9-99e7-ee002b91031a: failed while reading the ElectricalSeries rates (AttributeError: module 'spikeinterface.extractors' has no attribute 'NwbRecordingExtractor')
2026-10-02T22:19:52Z WARNING [431/1846] 28cc4045-7c05-48e9-99e7-ee002b91031a: leaving unrecorded for a later run to retry.
2026-10-02T22:19:52Z WARNING 28cc9f57-8e09-4276-a558-cc7072a8e847: failed while reading the ElectricalSeries rates (AttributeError: module 'spikeinterface.extractors' has no attribute 'NwbRecordingExtractor')
2026-10-02T22:19:52Z WARNING [432/1846] 28cc9f57-8e09-4276-a558-cc7072a8e847: leaving unrecorded for a later run to retry.
2026-10-02T22:19:52Z WARNING 28cd2bdf-11e3-4c82-a0d9-de63399fe297: failed while reading the ElectricalSeries rates (AttributeError: module 'spikeinterface.extractors' has no attribute 'NwbRecordingExtractor')
2026-10-02T22:19:52Z WARNING [433/1846] 28cd2bdf-11e3-4c82-a0d9-de63399fe297: leaving unrecorded for a later run to retry.
2026-10-02T22:19:52Z WARNING 28cd9a0d-5124-4f47-9e48-ce7bd7a3cd1e: failed while reading the ElectricalSeries rates (AttributeError: module 'spikeinterface.extractors' has no attribute 'NwbRecordingExtractor')
2026-10-02T22:19:52Z WARNING [434/1846] 28cd9a0d-5124-4f47-9e48-ce7bd7a3cd1e: leaving unrecorded for a later run to retry.
2026-10-02T22:19:52Z WARNING 28cdf449-489a-48fb-963c-66819a1de6af: failed while reading the ElectricalSeries rates (AttributeError: module 'spikeinterface.extractors' has no attribute 'NwbRecordingExtractor')
2026-10-02T22:19:52Z WARNING [435/1846] 28cdf449-489a-48fb-963c-66819a1de6af: leaving unrecorded for a later run to retry.
2026-10-02T22:19:52Z WARNING 28ce09ba-9ad8-4aca-ac26-1306e6f413f9: failed while reading the ElectricalSeries rates (AttributeError: module 'spikeinterface.extractors' has no attribute 'NwbRecordingExtractor')
2026-10-02T22:19:52Z WARNING [436/1846] 28ce09ba-9ad8-4aca-ac26-1306e6f413f9: leaving unrecorded for a later run to retry.
2026-10-02T22:19:53Z WARNING 28ce6aed-c875-4b7d-9132-c408e290d572: failed while reading the ElectricalSeries rates (AttributeError: module 'spikeinterface.extractors' has no attribute 'NwbRecordingExtractor')
2026-10-02T22:19:53Z WARNING [437/1846] 28ce6aed-c875-4b7d-9132-c408e290d572: leaving unrecorded for a later run to retry.
2026-10-02T22:19:53Z WARNING 28ce9f6c-20ce-4654-836f-4427c39290c1: failed while reading the ElectricalSeries rates (AttributeError: module 'spikeinterface.extractors' has no attribute 'NwbRecordingExtractor')
2026-10-02T22:19:53Z WARNING [438/1846] 28ce9f6c-20ce-4654-836f-4427c39290c1: leaving unrecorded for a later run to retry.
2026-10-02T22:19:53Z WARNING 28cf3545-241f-48b6-af17-3320dbefc214: failed while reading the ElectricalSeries rates (AttributeError: module 'spikeinterface.extractors' has no attribute 'NwbRecordingExtractor')
2026-10-02T22:19:53Z WARNING [439/1846] 28cf3545-241f-48b6-af17-3320dbefc214: leaving unrecorded for a later run to retry.
2026-10-02T22:19:53Z WARNING 28cf5f01-74b4-41df-99fe-a71cc0175b11: failed while reading the ElectricalSeries rates (AttributeError: module 'spikeinterface.extractors' has no attribute 'NwbRecordingExtractor')
2026-10-02T22:19:53Z WARNING [440/1846] 28cf5f01-74b4-41df-99fe-a71cc0175b11: leaving unrecorded for a later run to retry.
2026-10-02T22:19:53Z WARNING 28d0fb75-f706-44f8-9fae-dc1fbbfbbecb: failed while reading the ElectricalSeries rates (AttributeError: module 'spikeinterface.extractors' has no attribute 'NwbRecordingExtractor')
2026-10-02T22:19:53Z WARNING [441/1846] 28d0fb75-f706-44f8-9fae-dc1fbbfbbecb: leaving unrecorded for a later run to retry.
2026-10-02T22:19:53Z WARNING 28d15693-f55b-44ae-ac6d-904ea605e490: failed while reading the ElectricalSeries rates (AttributeError: module 'spikeinterface.extractors' has no attribute 'NwbRecordingExtractor')
2026-10-02T22:19:53Z WARNING [442/1846] 28d15693-f55b-44ae-ac6d-904ea605e490: leaving unrecorded for a later run to retry.
2026-10-02T22:19:53Z WARNING 28d1584e-02bc-46cb-be4d-415b3f579736: failed while reading the ElectricalSeries rates (AttributeError: module 'spikeinterface.extractors' has no attribute 'NwbRecordingExtractor')
2026-10-02T22:19:53Z WARNING [443/1846] 28d1584e-02bc-46cb-be4d-415b3f579736: leaving unrecorded for a later run to retry.
2026-10-02T22:19:53Z WARNING 28d195ea-1bcc-4bfb-be3e-4af2d919d802: failed while reading the ElectricalSeries rates (AttributeError: module 'spikeinterface.extractors' has no attribute 'NwbRecordingExtractor')
2026-10-02T22:19:53Z WARNING [444/1846] 28d195ea-1bcc-4bfb-be3e-4af2d919d802: leaving unrecorded for a later run to retry.
2026-10-02T22:19:53Z WARNING 28d2504b-eec4-4a50-bf9b-c8b12ed11ec2: failed while reading the ElectricalSeries rates (AttributeError: module 'spikeinterface.extractors' has no attribute 'NwbRecordingExtractor')
2026-10-02T22:19:53Z WARNING [445/1846] 28d2504b-eec4-4a50-bf9b-c8b12ed11ec2: leaving unrecorded for a later run to retry.
2026-10-02T22:19:53Z WARNING 28d2aaef-bbf8-4266-94a6-7d8c05b7b1ea: failed while reading the ElectricalSeries rates (AttributeError: module 'spikeinterface.extractors' has no attribute 'NwbRecordingExtractor')
2026-10-02T22:19:53Z WARNING [446/1846] 28d2aaef-bbf8-4266-94a6-7d8c05b7b1ea: leaving unrecorded for a later run to retry.
2026-10-02T22:19:53Z WARNING 28d36359-ed97-4fe9-8a06-e809bdab4e39: failed while reading the ElectricalSeries rates (AttributeError: module 'spikeinterface.extractors' has no attribute 'NwbRecordingExtractor')
2026-10-02T22:19:53Z WARNING [447/1846] 28d36359-ed97-4fe9-8a06-e809bdab4e39: leaving unrecorded for a later run to retry.
2026-10-02T22:19:53Z WARNING 28d47e6b-2b30-4644-99bc-f24ce82600cb: failed while reading the ElectricalSeries rates (AttributeError: module 'spikeinterface.extractors' has no attribute 'NwbRecordingExtractor')
2026-10-02T22:19:53Z WARNING [448/1846] 28d47e6b-2b30-4644-99bc-f24ce82600cb: leaving unrecorded for a later run to retry.
2026-10-02T22:19:53Z WARNING 28d50ce3-fd74-4b03-ba72-16bc188165e8: failed while reading the ElectricalSeries rates (AttributeError: module 'spikeinterface.extractors' has no attribute 'NwbRecordingExtractor')
2026-10-02T22:19:53Z WARNING [449/1846] 28d50ce3-fd74-4b03-ba72-16bc188165e8: leaving unrecorded for a later run to retry.
2026-10-02T22:19:53Z WARNING 28d5acb8-2748-4a91-a56b-0497c1820fcd: failed while reading the ElectricalSeries rates (AttributeError: module 'spikeinterface.extractors' has no attribute 'NwbRecordingExtractor')
2026-10-02T22:19:53Z WARNING [450/1846] 28d5acb8-2748-4a91-a56b-0497c1820fcd: leaving unrecorded for a later run to retry.
2026-10-02T22:19:53Z INFO [450/1846] 28d5acb8-2748-4a91-a56b-0497c1820fcd: checkpointed 60602 records.
2026-10-02T22:19:53Z WARNING 28d5e6c1-28cc-427e-96cd-bcbd29184702: failed while reading the ElectricalSeries rates (AttributeError: module 'spikeinterface.extractors' has no attribute 'NwbRecordingExtractor')
2026-10-02T22:19:53Z WARNING [451/1846] 28d5e6c1-28cc-427e-96cd-bcbd29184702: leaving unrecorded for a later run to retry.
2026-10-02T22:19:53Z WARNING 28d6472c-8a1d-44f1-b411-8f9a1f9823e3: failed while reading the ElectricalSeries rates (AttributeError: module 'spikeinterface.extractors' has no attribute 'NwbRecordingExtractor')
2026-10-02T22:19:53Z WARNING [452/1846] 28d6472c-8a1d-44f1-b411-8f9a1f9823e3: leaving unrecorded for a later run to retry.
2026-10-02T22:19:53Z WARNING 28d64aa1-9c21-49e9-b5eb-02c94d29b2a4: failed while reading the ElectricalSeries rates (AttributeError: module 'spikeinterface.extractors' has no attribute 'NwbRecordingExtractor')
2026-10-02T22:19:53Z WARNING [453/1846] 28d64aa1-9c21-49e9-b5eb-02c94d29b2a4: leaving unrecorded for a later run to retry.
2026-10-02T22:19:54Z WARNING 28d66e9f-ab89-423b-8498-dc451f283b72: failed while reading the ElectricalSeries rates (AttributeError: module 'spikeinterface.extractors' has no attribute 'NwbRecordingExtractor')
2026-10-02T22:19:54Z WARNING [454/1846] 28d66e9f-ab89-423b-8498-dc451f283b72: leaving unrecorded for a later run to retry.
2026-10-02T22:19:54Z WARNING 28d7ecf5-7cd6-4d83-b444-9b18eb7cb7ee: failed while reading the ElectricalSeries rates (AttributeError: module 'spikeinterface.extractors' has no attribute 'NwbRecordingExtractor')
2026-10-02T22:19:54Z WARNING [455/1846] 28d7ecf5-7cd6-4d83-b444-9b18eb7cb7ee: leaving unrecorded for a later run to retry.
2026-10-02T22:19:54Z WARNING 28d82e89-5bf3-49cf-b234-715cdcbd4326: failed while reading the ElectricalSeries rates (AttributeError: module 'spikeinterface.extractors' has no attribute 'NwbRecordingExtractor')
2026-10-02T22:19:54Z WARNING [456/1846] 28d82e89-5bf3-49cf-b234-715cdcbd4326: leaving unrecorded for a later run to retry.
2026-10-02T22:19:54Z WARNING 28dacc78-d1bf-4107-be10-742dc45f5773: failed while reading the ElectricalSeries rates (AttributeError: module 'spikeinterface.extractors' has no attribute 'NwbRecordingExtractor')
2026-10-02T22:19:54Z WARNING [457/1846] 28dacc78-d1bf-4107-be10-742dc45f5773: leaving unrecorded for a later run to retry.
2026-10-02T22:19:54Z WARNING 28db2ee1-c204-4f5c-b325-4f82bd726f24: failed while reading the ElectricalSeries rates (AttributeError: module 'spikeinterface.extractors' has no attribute 'NwbRecordingExtractor')
2026-10-02T22:19:54Z WARNING [458/1846] 28db2ee1-c204-4f5c-b325-4f82bd726f24: leaving unrecorded for a later run to retry.
2026-10-02T22:19:54Z WARNING 28db737d-335c-48e1-8f14-a460a6b82348: failed while reading the ElectricalSeries rates (AttributeError: module 'spikeinterface.extractors' has no attribute 'NwbRecordingExtractor')
2026-10-02T22:19:54Z WARNING [459/1846] 28db737d-335c-48e1-8f14-a460a6b82348: leaving unrecorded for a later run to retry.
2026-10-02T22:19:54Z WARNING 28dbe0bf-da20-49b5-8411-e471cbf76253: failed while reading the ElectricalSeries rates (AttributeError: module 'spikeinterface.extractors' has no attribute 'NwbRecordingExtractor')
2026-10-02T22:19:54Z WARNING [460/1846] 28dbe0bf-da20-49b5-8411-e471cbf76253: leaving unrecorded for a later run to retry.
2026-10-02T22:19:54Z WARNING 28dbf9f3-0791-463e-82c3-f5394edd63a5: failed while reading the ElectricalSeries rates (AttributeError: module 'spikeinterface.extractors' has no attribute 'NwbRecordingExtractor')
2026-10-02T22:19:54Z WARNING [461/1846] 28dbf9f3-0791-463e-82c3-f5394edd63a5: leaving unrecorded for a later run to retry.
2026-10-02T22:19:54Z WARNING 28ddeb6e-0efb-4497-82a1-e857fe771668: failed while reading the ElectricalSeries rates (AttributeError: module 'spikeinterface.extractors' has no attribute 'NwbRecordingExtractor')
2026-10-02T22:19:54Z WARNING [462/1846] 28ddeb6e-0efb-4497-82a1-e857fe771668: leaving unrecorded for a later run to retry.
2026-10-02T22:19:54Z WARNING 28de0c51-e4cd-4f57-b47d-288c4bde6379: failed while reading the ElectricalSeries rates (AttributeError: module 'spikeinterface.extractors' has no attribute 'NwbRecordingExtractor')
2026-10-02T22:19:54Z WARNING [463/1846] 28de0c51-e4cd-4f57-b47d-288c4bde6379: leaving unrecorded for a later run to retry.
2026-10-02T22:19:54Z WARNING 28de930a-2d02-4987-9e0f-382ef397d553: failed while reading the ElectricalSeries rates (AttributeError: module 'spikeinterface.extractors' has no attribute 'NwbRecordingExtractor')
2026-10-02T22:19:54Z WARNING [464/1846] 28de930a-2d02-4987-9e0f-382ef397d553: leaving unrecorded for a later run to retry.
2026-10-02T22:19:54Z WARNING 28deed36-6bcd-460e-96b1-527f78f8abf7: failed while reading the ElectricalSeries rates (AttributeError: module 'spikeinterface.extractors' has no attribute 'NwbRecordingExtractor')
2026-10-02T22:19:54Z WARNING [465/1846] 28deed36-6bcd-460e-96b1-527f78f8abf7: leaving unrecorded for a later run to retry.
2026-10-02T22:19:54Z WARNING 28dfd19b-1cc7-43df-bde5-3cf56e6c4972: failed while reading the ElectricalSeries rates (AttributeError: module 'spikeinterface.extractors' has no attribute 'NwbRecordingExtractor')
2026-10-02T22:19:54Z WARNING [466/1846] 28dfd19b-1cc7-43df-bde5-3cf56e6c4972: leaving unrecorded for a later run to retry.
2026-10-02T22:19:54Z WARNING 28e02d54-5ace-4173-aecb-436b947ca4d8: failed while reading the ElectricalSeries rates (AttributeError: module 'spikeinterface.extractors' has no attribute 'NwbRecordingExtractor')
2026-10-02T22:19:54Z WARNING [467/1846] 28e02d54-5ace-4173-aecb-436b947ca4d8: leaving unrecorded for a later run to retry.
2026-10-02T22:19:54Z WARNING 28e03fa8-548d-424e-9009-e5fec0533a49: failed while reading the ElectricalSeries rates (AttributeError: module 'spikeinterface.extractors' has no attribute 'NwbRecordingExtractor')
2026-10-02T22:19:54Z WARNING [468/1846] 28e03fa8-548d-424e-9009-e5fec0533a49: leaving unrecorded for a later run to retry.
2026-10-02T22:19:54Z WARNING 28e0873a-e0cc-49eb-97d2-17a838174c15: failed while reading the ElectricalSeries rates (AttributeError: module 'spikeinterface.extractors' has no attribute 'NwbRecordingExtractor')
2026-10-02T22:19:54Z WARNING [469/1846] 28e0873a-e0cc-49eb-97d2-17a838174c15: leaving unrecorded for a later run to retry.
2026-10-02T22:19:54Z WARNING 28e156cd-58a0-4b59-b85b-68d02631b9b4: failed while reading the ElectricalSeries rates (AttributeError: module 'spikeinterface.extractors' has no attribute 'NwbRecordingExtractor')
2026-10-02T22:19:54Z WARNING [470/1846] 28e156cd-58a0-4b59-b85b-68d02631b9b4: leaving unrecorded for a later run to retry.
2026-10-02T22:19:54Z WARNING 28e24358-1901-4a04-b017-6faaae48ffa8: failed while reading the ElectricalSeries rates (AttributeError: module 'spikeinterface.extractors' has no attribute 'NwbRecordingExtractor')
2026-10-02T22:19:54Z WARNING [471/1846] 28e24358-1901-4a04-b017-6faaae48ffa8: leaving unrecorded for a later run to retry.
2026-10-02T22:19:55Z WARNING 28e27dec-d0aa-429e-8560-000d143ebf26: failed while reading the ElectricalSeries rates (AttributeError: module 'spikeinterface.extractors' has no attribute 'NwbRecordingExtractor')
2026-10-02T22:19:55Z WARNING [472/1846] 28e27dec-d0aa-429e-8560-000d143ebf26: leaving unrecorded for a later run to retry.
2026-10-02T22:19:55Z WARNING 28e3a20f-a200-4bb4-b02d-49b0e62a051f: failed while reading the ElectricalSeries rates (AttributeError: module 'spikeinterface.extractors' has no attribute 'NwbRecordingExtractor')
2026-10-02T22:19:55Z WARNING [473/1846] 28e3a20f-a200-4bb4-b02d-49b0e62a051f: leaving unrecorded for a later run to retry.
2026-10-02T22:19:55Z WARNING 28e3b987-28b6-4f2d-b911-5ac28d3587a8: failed while reading the ElectricalSeries rates (AttributeError: module 'spikeinterface.extractors' has no attribute 'NwbRecordingExtractor')
2026-10-02T22:19:55Z WARNING [474/1846] 28e3b987-28b6-4f2d-b911-5ac28d3587a8: leaving unrecorded for a later run to retry.
2026-10-02T22:19:55Z WARNING 28e4b994-2c64-4dee-856c-48718c40da62: failed while reading the ElectricalSeries rates (AttributeError: module 'spikeinterface.extractors' has no attribute 'NwbRecordingExtractor')
2026-10-02T22:19:55Z WARNING [475/1846] 28e4b994-2c64-4dee-856c-48718c40da62: leaving unrecorded for a later run to retry.
2026-10-02T22:19:55Z WARNING 28e62128-4169-4962-a815-3b70f7aa5063: failed while reading the ElectricalSeries rates (AttributeError: module 'spikeinterface.extractors' has no attribute 'NwbRecordingExtractor')
2026-10-02T22:19:55Z WARNING [476/1846] 28e62128-4169-4962-a815-3b70f7aa5063: leaving unrecorded for a later run to retry.
2026-10-02T22:19:55Z WARNING 28e6911d-288d-4253-ab52-acbbb912d5a4: failed while reading the ElectricalSeries rates (AttributeError: module 'spikeinterface.extractors' has no attribute 'NwbRecordingExtractor')
2026-10-02T22:19:55Z WARNING [477/1846] 28e6911d-288d-4253-ab52-acbbb912d5a4: leaving unrecorded for a later run to retry.
2026-10-02T22:19:55Z WARNING 28e6aab5-818b-4e6a-a86c-8e92966c7852: failed while reading the ElectricalSeries rates (AttributeError: module 'spikeinterface.extractors' has no attribute 'NwbRecordingExtractor')
2026-10-02T22:19:55Z WARNING [478/1846] 28e6aab5-818b-4e6a-a86c-8e92966c7852: leaving unrecorded for a later run to retry.
2026-10-02T22:19:55Z WARNING 28e6c0c1-192c-422f-9319-2140ce0c8ae7: failed while reading the ElectricalSeries rates (AttributeError: module 'spikeinterface.extractors' has no attribute 'NwbRecordingExtractor')
2026-10-02T22:19:55Z WARNING [479/1846] 28e6c0c1-192c-422f-9319-2140ce0c8ae7: leaving unrecorded for a later run to retry.
2026-10-02T22:19:55Z WARNING 28e7679c-25f7-48c6-81d7-24de84b22b3f: failed while reading the ElectricalSeries rates (AttributeError: module 'spikeinterface.extractors' has no attribute 'NwbRecordingExtractor')
2026-10-02T22:19:55Z WARNING [480/1846] 28e7679c-25f7-48c6-81d7-24de84b22b3f: leaving unrecorded for a later run to retry.
2026-10-02T22:19:55Z WARNING 28e7841e-2434-4283-8eb0-270f74d15084: failed while reading the ElectricalSeries rates (AttributeError: module 'spikeinterface.extractors' has no attribute 'NwbRecordingExtractor')
2026-10-02T22:19:55Z WARNING [481/1846] 28e7841e-2434-4283-8eb0-270f74d15084: leaving unrecorded for a later run to retry.
2026-10-02T22:19:55Z WARNING 28e7efe6-94c1-448c-a8cc-41195c29ef0b: failed while reading the ElectricalSeries rates (AttributeError: module 'spikeinterface.extractors' has no attribute 'NwbRecordingExtractor')
2026-10-02T22:19:55Z WARNING [482/1846] 28e7efe6-94c1-448c-a8cc-41195c29ef0b: leaving unrecorded for a later run to retry.
2026-10-02T22:19:55Z WARNING 28e841da-a29a-44ce-aeba-6fa930c65222: failed while reading the ElectricalSeries rates (AttributeError: module 'spikeinterface.extractors' has no attribute 'NwbRecordingExtractor')
2026-10-02T22:19:55Z WARNING [483/1846] 28e841da-a29a-44ce-aeba-6fa930c65222: leaving unrecorded for a later run to retry.
2026-10-02T22:19:55Z WARNING 28e88fb5-3119-4470-aea5-c70c5e605573: failed while reading the ElectricalSeries rates (AttributeError: module 'spikeinterface.extractors' has no attribute 'NwbRecordingExtractor')
2026-10-02T22:19:55Z WARNING [484/1846] 28e88fb5-3119-4470-aea5-c70c5e605573: leaving unrecorded for a later run to retry.
2026-10-02T22:19:55Z WARNING 28e92ebb-3417-445d-8586-0dfe5a3f2fe5: failed while reading the ElectricalSeries rates (AttributeError: module 'spikeinterface.extractors' has no attribute 'NwbRecordingExtractor')
2026-10-02T22:19:55Z WARNING [485/1846] 28e92ebb-3417-445d-8586-0dfe5a3f2fe5: leaving unrecorded for a later run to retry.
2026-10-02T22:19:55Z WARNING 28e9b61e-b43b-42ec-a6ba-262321719ca8: failed while reading the ElectricalSeries rates (AttributeError: module 'spikeinterface.extractors' has no attribute 'NwbRecordingExtractor')
2026-10-02T22:19:55Z WARNING [486/1846] 28e9b61e-b43b-42ec-a6ba-262321719ca8: leaving unrecorded for a later run to retry.
2026-10-02T22:19:55Z WARNING 28eaa803-9cce-4b53-bbb3-c65870c99390: failed while reading the ElectricalSeries rates (AttributeError: module 'spikeinterface.extractors' has no attribute 'NwbRecordingExtractor')
2026-10-02T22:19:55Z WARNING [487/1846] 28eaa803-9cce-4b53-bbb3-c65870c99390: leaving unrecorded for a later run to retry.
2026-10-02T22:19:55Z WARNING 28ecd560-6c79-4c97-acd2-8d55913f1305: failed while reading the ElectricalSeries rates (AttributeError: module 'spikeinterface.extractors' has no attribute 'NwbRecordingExtractor')
2026-10-02T22:19:55Z WARNING [488/1846] 28ecd560-6c79-4c97-acd2-8d55913f1305: leaving unrecorded for a later run to retry.
2026-10-02T22:19:56Z WARNING 28ed6219-8c58-4d4a-8ef5-8a1fe30667d6: failed while reading the ElectricalSeries rates (AttributeError: module 'spikeinterface.extractors' has no attribute 'NwbRecordingExtractor')
2026-10-02T22:19:56Z WARNING [489/1846] 28ed6219-8c58-4d4a-8ef5-8a1fe30667d6: leaving unrecorded for a later run to retry.
2026-10-02T22:19:56Z WARNING 28ed88ca-89fa-4dca-a2ed-935661328fd4: failed while reading the ElectricalSeries rates (AttributeError: module 'spikeinterface.extractors' has no attribute 'NwbRecordingExtractor')
2026-10-02T22:19:56Z WARNING [490/1846] 28ed88ca-89fa-4dca-a2ed-935661328fd4: leaving unrecorded for a later run to retry.
2026-10-02T22:19:56Z WARNING 28edb2d3-7542-4202-bd13-bb8f89996c1c: failed while reading the ElectricalSeries rates (AttributeError: module 'spikeinterface.extractors' has no attribute 'NwbRecordingExtractor')
2026-10-02T22:19:56Z WARNING [491/1846] 28edb2d3-7542-4202-bd13-bb8f89996c1c: leaving unrecorded for a later run to retry.
2026-10-02T22:19:56Z WARNING 28eddf43-c29e-42da-a1e3-48f0b21d7d02: failed while reading the ElectricalSeries rates (AttributeError: module 'spikeinterface.extractors' has no attribute 'NwbRecordingExtractor')
2026-10-02T22:19:56Z WARNING [492/1846] 28eddf43-c29e-42da-a1e3-48f0b21d7d02: leaving unrecorded for a later run to retry.
2026-10-02T22:19:56Z WARNING 28ee606c-6d5e-4bf3-9846-8d2105b8d854: failed while reading the ElectricalSeries rates (AttributeError: module 'spikeinterface.extractors' has no attribute 'NwbRecordingExtractor')
2026-10-02T22:19:56Z WARNING [493/1846] 28ee606c-6d5e-4bf3-9846-8d2105b8d854: leaving unrecorded for a later run to retry.
2026-10-02T22:19:56Z WARNING 28ee68d6-1846-4a23-ac80-b2c50cd2b8c2: failed while reading the ElectricalSeries rates (AttributeError: module 'spikeinterface.extractors' has no attribute 'NwbRecordingExtractor')
2026-10-02T22:19:56Z WARNING [494/1846] 28ee68d6-1846-4a23-ac80-b2c50cd2b8c2: leaving unrecorded for a later run to retry.
2026-10-02T22:19:56Z WARNING 28ee72cd-31f2-479d-bf42-cf9435628307: failed while reading the ElectricalSeries rates (AttributeError: module 'spikeinterface.extractors' has no attribute 'NwbRecordingExtractor')
2026-10-02T22:19:56Z WARNING [495/1846] 28ee72cd-31f2-479d-bf42-cf9435628307: leaving unrecorded for a later run to retry.
2026-10-02T22:19:56Z WARNING 28eeaf64-428b-45b0-a73e-412b7dd08921: failed while reading the ElectricalSeries rates (AttributeError: module 'spikeinterface.extractors' has no attribute 'NwbRecordingExtractor')
2026-10-02T22:19:56Z WARNING [496/1846] 28eeaf64-428b-45b0-a73e-412b7dd08921: leaving unrecorded for a later run to retry.
2026-10-02T22:19:56Z WARNING 28f06779-8fd4-4d16-a126-89bc69fd929d: failed while reading the ElectricalSeries rates (AttributeError: module 'spikeinterface.extractors' has no attribute 'NwbRecordingExtractor')
2026-10-02T22:19:56Z WARNING [497/1846] 28f06779-8fd4-4d16-a126-89bc69fd929d: leaving unrecorded for a later run to retry.
2026-10-02T22:19:56Z WARNING 28f0a947-25c2-4203-8b03-2df6b1a860c3: failed while reading the ElectricalSeries rates (AttributeError: module 'spikeinterface.extractors' has no attribute 'NwbRecordingExtractor')
2026-10-02T22:19:56Z WARNING [498/1846] 28f0a947-25c2-4203-8b03-2df6b1a860c3: leaving unrecorded for a later run to retry.
2026-10-02T22:19:56Z WARNING 28f0ec71-97f6-4017-9df3-d48f3e99400f: failed while reading the ElectricalSeries rates (AttributeError: module 'spikeinterface.extractors' has no attribute 'NwbRecordingExtractor')
2026-10-02T22:19:56Z WARNING [499/1846] 28f0ec71-97f6-4017-9df3-d48f3e99400f: leaving unrecorded for a later run to retry.
2026-10-02T22:19:56Z WARNING 28f13838-ed96-4c4c-85b5-a8b728d8d180: failed while reading the ElectricalSeries rates (AttributeError: module 'spikeinterface.extractors' has no attribute 'NwbRecordingExtractor')
2026-10-02T22:19:56Z WARNING [500/1846] 28f13838-ed96-4c4c-85b5-a8b728d8d180: leaving unrecorded for a later run to retry.
2026-10-02T22:19:56Z INFO [500/1846] 28f13838-ed96-4c4c-85b5-a8b728d8d180: checkpointed 60602 records.
2026-10-02T22:19:56Z WARNING 28f14afd-d7ec-4503-8f0f-2527316b2760: failed while reading the ElectricalSeries rates (AttributeError: module 'spikeinterface.extractors' has no attribute 'NwbRecordingExtractor')
2026-10-02T22:19:56Z WARNING [501/1846] 28f14afd-d7ec-4503-8f0f-2527316b2760: leaving unrecorded for a later run to retry.
2026-10-02T22:19:56Z WARNING 28f24c86-13d6-4946-bd3e-55d3011c76bd: failed while reading the ElectricalSeries rates (AttributeError: module 'spikeinterface.extractors' has no attribute 'NwbRecordingExtractor')
2026-10-02T22:19:56Z WARNING [502/1846] 28f24c86-13d6-4946-bd3e-55d3011c76bd: leaving unrecorded for a later run to retry.
2026-10-02T22:19:56Z WARNING 28f2604b-c088-4d3b-93bf-699daf9d1a50: failed while reading the ElectricalSeries rates (AttributeError: module 'spikeinterface.extractors' has no attribute 'NwbRecordingExtractor')
2026-10-02T22:19:56Z WARNING [503/1846] 28f2604b-c088-4d3b-93bf-699daf9d1a50: leaving unrecorded for a later run to retry.
2026-10-02T22:19:56Z WARNING 28f3619b-68e6-49c6-bf08-ef3c05be82f1: failed while reading the ElectricalSeries rates (AttributeError: module 'spikeinterface.extractors' has no attribute 'NwbRecordingExtractor')
2026-10-02T22:19:56Z WARNING [504/1846] 28f3619b-68e6-49c6-bf08-ef3c05be82f1: leaving unrecorded for a later run to retry.
2026-10-02T22:19:57Z WARNING 28f41f05-0a40-4578-9aa1-6eb71feefc75: failed while reading the ElectricalSeries rates (AttributeError: module 'spikeinterface.extractors' has no attribute 'NwbRecordingExtractor')
2026-10-02T22:19:57Z WARNING [505/1846] 28f41f05-0a40-4578-9aa1-6eb71feefc75: leaving unrecorded for a later run to retry.
2026-10-02T22:19:57Z WARNING 28f47dcd-f41a-4362-bdf1-49f881890034: failed while reading the ElectricalSeries rates (AttributeError: module 'spikeinterface.extractors' has no attribute 'NwbRecordingExtractor')
2026-10-02T22:19:57Z WARNING [506/1846] 28f47dcd-f41a-4362-bdf1-49f881890034: leaving unrecorded for a later run to retry.
2026-10-02T22:19:57Z WARNING 28f4ba8f-6008-41d5-af1f-db9e072153f1: failed while reading the ElectricalSeries rates (AttributeError: module 'spikeinterface.extractors' has no attribute 'NwbRecordingExtractor')
2026-10-02T22:19:57Z WARNING [507/1846] 28f4ba8f-6008-41d5-af1f-db9e072153f1: leaving unrecorded for a later run to retry.
2026-10-02T22:19:57Z WARNING 28f4e300-c082-4974-84a4-abee1993d708: failed while reading the ElectricalSeries rates (AttributeError: module 'spikeinterface.extractors' has no attribute 'NwbRecordingExtractor')
2026-10-02T22:19:57Z WARNING [508/1846] 28f4e300-c082-4974-84a4-abee1993d708: leaving unrecorded for a later run to retry.
2026-10-02T22:19:57Z WARNING 28f4ef2a-ec87-431a-bdc3-054de7c928da: failed while reading the ElectricalSeries rates (AttributeError: module 'spikeinterface.extractors' has no attribute 'NwbRecordingExtractor')
2026-10-02T22:19:57Z WARNING [509/1846] 28f4ef2a-ec87-431a-bdc3-054de7c928da: leaving unrecorded for a later run to retry.
2026-10-02T22:19:57Z WARNING 28f5ed9e-3bea-4310-8e40-f4755e1b320a: failed while reading the ElectricalSeries rates (AttributeError: module 'spikeinterface.extractors' has no attribute 'NwbRecordingExtractor')
2026-10-02T22:19:57Z WARNING [510/1846] 28f5ed9e-3bea-4310-8e40-f4755e1b320a: leaving unrecorded for a later run to retry.
2026-10-02T22:19:57Z WARNING 28f6ae25-4e6e-4183-9191-2e9b3fb2a0b1: failed while reading the ElectricalSeries rates (AttributeError: module 'spikeinterface.extractors' has no attribute 'NwbRecordingExtractor')
2026-10-02T22:19:57Z WARNING [511/1846] 28f6ae25-4e6e-4183-9191-2e9b3fb2a0b1: leaving unrecorded for a later run to retry.
2026-10-02T22:19:57Z WARNING 28f6ae48-9d33-43cd-a009-edcdfd2b90df: failed while reading the ElectricalSeries rates (AttributeError: module 'spikeinterface.extractors' has no attribute 'NwbRecordingExtractor')
2026-10-02T22:19:57Z WARNING [512/1846] 28f6ae48-9d33-43cd-a009-edcdfd2b90df: leaving unrecorded for a later run to retry.
2026-10-02T22:19:57Z WARNING 28f6d28c-70e0-4ed0-9220-591214a5dc31: failed while reading the ElectricalSeries rates (AttributeError: module 'spikeinterface.extractors' has no attribute 'NwbRecordingExtractor')
2026-10-02T22:19:57Z WARNING [513/1846] 28f6d28c-70e0-4ed0-9220-591214a5dc31: leaving unrecorded for a later run to retry.
2026-10-02T22:19:57Z WARNING 28f82dab-238e-40f1-bf79-89f42dd453ff: failed while reading the ElectricalSeries rates (AttributeError: module 'spikeinterface.extractors' has no attribute 'NwbRecordingExtractor')
2026-10-02T22:19:57Z WARNING [514/1846] 28f82dab-238e-40f1-bf79-89f42dd453ff: leaving unrecorded for a later run to retry.
2026-10-02T22:19:57Z WARNING 28f8613b-f43e-40e6-92b4-c2c4efc303d0: failed while reading the ElectricalSeries rates (AttributeError: module 'spikeinterface.extractors' has no attribute 'NwbRecordingExtractor')
2026-10-02T22:19:57Z WARNING [515/1846] 28f8613b-f43e-40e6-92b4-c2c4efc303d0: leaving unrecorded for a later run to retry.
2026-10-02T22:19:57Z WARNING 28f8eb7a-f83c-4341-9620-c97965f8b589: failed while reading the ElectricalSeries rates (AttributeError: module 'spikeinterface.extractors' has no attribute 'NwbRecordingExtractor')
2026-10-02T22:19:57Z WARNING [516/1846] 28f8eb7a-f83c-4341-9620-c97965f8b589: leaving unrecorded for a later run to retry.
2026-10-02T22:19:57Z WARNING 28f94e14-c3ba-4afc-be8c-1e6888198265: failed while reading the ElectricalSeries rates (AttributeError: module 'spikeinterface.extractors' has no attribute 'NwbRecordingExtractor')
2026-10-02T22:19:57Z WARNING [517/1846] 28f94e14-c3ba-4afc-be8c-1e6888198265: leaving unrecorded for a later run to retry.
2026-10-02T22:19:57Z WARNING 28f98cd7-c3c0-4784-84a4-69e039abbc0e: failed while reading the ElectricalSeries rates (AttributeError: module 'spikeinterface.extractors' has no attribute 'NwbRecordingExtractor')
2026-10-02T22:19:57Z WARNING [518/1846] 28f98cd7-c3c0-4784-84a4-69e039abbc0e: leaving unrecorded for a later run to retry.
2026-10-02T22:19:57Z WARNING 28f9a201-1dc6-4dfa-9730-3bd6f4acd6ee: failed while reading the ElectricalSeries rates (AttributeError: module 'spikeinterface.extractors' has no attribute 'NwbRecordingExtractor')
2026-10-02T22:19:57Z WARNING [519/1846] 28f9a201-1dc6-4dfa-9730-3bd6f4acd6ee: leaving unrecorded for a later run to retry.
2026-10-02T22:19:58Z WARNING 28f9e31e-a353-4117-9f9c-15b955e3eeb8: failed while reading the ElectricalSeries rates (AttributeError: module 'spikeinterface.extractors' has no attribute 'NwbRecordingExtractor')
2026-10-02T22:19:58Z WARNING [520/1846] 28f9e31e-a353-4117-9f9c-15b955e3eeb8: leaving unrecorded for a later run to retry.
2026-10-02T22:19:58Z WARNING 28f9fb15-7361-4e4b-b4ae-7262c0d230f3: failed while reading the ElectricalSeries rates (AttributeError: module 'spikeinterface.extractors' has no attribute 'NwbRecordingExtractor')
2026-10-02T22:19:58Z WARNING [521/1846] 28f9fb15-7361-4e4b-b4ae-7262c0d230f3: leaving unrecorded for a later run to retry.
2026-10-02T22:19:58Z WARNING 28fa871d-ccfe-4338-bed5-a4761e59f0d6: failed while reading the ElectricalSeries rates (AttributeError: module 'spikeinterface.extractors' has no attribute 'NwbRecordingExtractor')
2026-10-02T22:19:58Z WARNING [522/1846] 28fa871d-ccfe-4338-bed5-a4761e59f0d6: leaving unrecorded for a later run to retry.
2026-10-02T22:19:58Z WARNING 28fa8ece-904c-43c6-b72e-d8399cdf06e1: failed while reading the ElectricalSeries rates (AttributeError: module 'spikeinterface.extractors' has no attribute 'NwbRecordingExtractor')
2026-10-02T22:19:58Z WARNING [523/1846] 28fa8ece-904c-43c6-b72e-d8399cdf06e1: leaving unrecorded for a later run to retry.
2026-10-02T22:19:58Z WARNING 28fb846b-0b26-4493-8997-e1292ff1fb6d: failed while reading the ElectricalSeries rates (AttributeError: module 'spikeinterface.extractors' has no attribute 'NwbRecordingExtractor')
2026-10-02T22:19:58Z WARNING [524/1846] 28fb846b-0b26-4493-8997-e1292ff1fb6d: leaving unrecorded for a later run to retry.
2026-10-02T22:19:58Z WARNING 28fbab09-6ff0-4ff9-9c51-5d4d66cafd1b: failed while reading the ElectricalSeries rates (AttributeError: module 'spikeinterface.extractors' has no attribute 'NwbRecordingExtractor')
2026-10-02T22:19:58Z WARNING [525/1846] 28fbab09-6ff0-4ff9-9c51-5d4d66cafd1b: leaving unrecorded for a later run to retry.
2026-10-02T22:19:58Z WARNING 28fc42c6-adad-4194-a9c8-e475abe5d3b5: failed while reading the ElectricalSeries rates (AttributeError: module 'spikeinterface.extractors' has no attribute 'NwbRecordingExtractor')
2026-10-02T22:19:58Z WARNING [526/1846] 28fc42c6-adad-4194-a9c8-e475abe5d3b5: leaving unrecorded for a later run to retry.
2026-10-02T22:19:58Z WARNING 28fd21f0-c478-488b-b336-9611524811ec: failed while reading the ElectricalSeries rates (AttributeError: module 'spikeinterface.extractors' has no attribute 'NwbRecordingExtractor')
2026-10-02T22:19:58Z WARNING [527/1846] 28fd21f0-c478-488b-b336-9611524811ec: leaving unrecorded for a later run to retry.
2026-10-02T22:19:58Z WARNING 28fd5d19-90e2-4631-b02a-e26e36b95747: failed while reading the ElectricalSeries rates (AttributeError: module 'spikeinterface.extractors' has no attribute 'NwbRecordingExtractor')
2026-10-02T22:19:58Z WARNING [528/1846] 28fd5d19-90e2-4631-b02a-e26e36b95747: leaving unrecorded for a later run to retry.
2026-10-02T22:19:58Z WARNING 28fd6582-33de-45aa-bec0-a841c07a7509: failed while reading the ElectricalSeries rates (AttributeError: module 'spikeinterface.extractors' has no attribute 'NwbRecordingExtractor')
2026-10-02T22:19:58Z WARNING [529/1846] 28fd6582-33de-45aa-bec0-a841c07a7509: leaving unrecorded for a later run to retry.
2026-10-02T22:19:58Z WARNING 28fda220-a993-4c33-950f-6b0d609f7d0e: failed while reading the ElectricalSeries rates (AttributeError: module 'spikeinterface.extractors' has no attribute 'NwbRecordingExtractor')
2026-10-02T22:19:58Z WARNING [530/1846] 28fda220-a993-4c33-950f-6b0d609f7d0e: leaving unrecorded for a later run to retry.
2026-10-02T22:19:58Z WARNING 28fe21eb-bd22-4423-a094-97d209f3fd91: failed while reading the ElectricalSeries rates (AttributeError: module 'spikeinterface.extractors' has no attribute 'NwbRecordingExtractor')
2026-10-02T22:19:58Z WARNING [531/1846] 28fe21eb-bd22-4423-a094-97d209f3fd91: leaving unrecorded for a later run to retry.
2026-10-02T22:19:58Z WARNING 28fe2ab6-35a4-4bb7-ad76-247828a3b596: failed while reading the ElectricalSeries rates (AttributeError: module 'spikeinterface.extractors' has no attribute 'NwbRecordingExtractor')
2026-10-02T22:19:58Z WARNING [532/1846] 28fe2ab6-35a4-4bb7-ad76-247828a3b596: leaving unrecorded for a later run to retry.
2026-10-02T22:19:58Z WARNING 28fe5e55-1372-402c-9f3f-02c5b1da9bc7: failed while reading the ElectricalSeries rates (AttributeError: module 'spikeinterface.extractors' has no attribute 'NwbRecordingExtractor')
2026-10-02T22:19:58Z WARNING [533/1846] 28fe5e55-1372-402c-9f3f-02c5b1da9bc7: leaving unrecorded for a later run to retry.
2026-10-02T22:19:58Z WARNING 28ff81c3-8678-470c-b819-68b4076e86d8: failed while reading the ElectricalSeries rates (AttributeError: module 'spikeinterface.extractors' has no attribute 'NwbRecordingExtractor')
2026-10-02T22:19:58Z WARNING [534/1846] 28ff81c3-8678-470c-b819-68b4076e86d8: leaving unrecorded for a later run to retry.
2026-10-02T22:19:58Z WARNING 28ffe5c5-2176-4074-90d0-8c51e0d1e52a: failed while reading the ElectricalSeries rates (AttributeError: module 'spikeinterface.extractors' has no attribute 'NwbRecordingExtractor')
2026-10-02T22:19:58Z WARNING [535/1846] 28ffe5c5-2176-4074-90d0-8c51e0d1e52a: leaving unrecorded for a later run to retry.
2026-10-02T22:19:59Z WARNING 290091c9-421a-416c-9ffe-66d14c5eb3c7: failed while reading the ElectricalSeries rates (AttributeError: module 'spikeinterface.extractors' has no attribute 'NwbRecordingExtractor')
2026-10-02T22:19:59Z WARNING [536/1846] 290091c9-421a-416c-9ffe-66d14c5eb3c7: leaving unrecorded for a later run to retry.
2026-10-02T22:19:59Z WARNING 2900f11f-41af-4dee-818a-befa1e3cfe52: failed while reading the ElectricalSeries rates (AttributeError: module 'spikeinterface.extractors' has no attribute 'NwbRecordingExtractor')
2026-10-02T22:19:59Z WARNING [537/1846] 2900f11f-41af-4dee-818a-befa1e3cfe52: leaving unrecorded for a later run to retry.
2026-10-02T22:19:59Z WARNING 2900f4cb-801b-443f-b0a2-878a04c287af: failed while reading the ElectricalSeries rates (AttributeError: module 'spikeinterface.extractors' has no attribute 'NwbRecordingExtractor')
2026-10-02T22:19:59Z WARNING [538/1846] 2900f4cb-801b-443f-b0a2-878a04c287af: leaving unrecorded for a later run to retry.
2026-10-02T22:19:59Z WARNING 29012e6c-967f-4c4f-affc-7f1f362b3ea7: failed while reading the ElectricalSeries rates (AttributeError: module 'spikeinterface.extractors' has no attribute 'NwbRecordingExtractor')
2026-10-02T22:19:59Z WARNING [539/1846] 29012e6c-967f-4c4f-affc-7f1f362b3ea7: leaving unrecorded for a later run to retry.
2026-10-02T22:19:59Z WARNING 29018678-5efa-44b7-8de8-5bfc7832fcbc: failed while reading the ElectricalSeries rates (AttributeError: module 'spikeinterface.extractors' has no attribute 'NwbRecordingExtractor')
2026-10-02T22:19:59Z WARNING [540/1846] 29018678-5efa-44b7-8de8-5bfc7832fcbc: leaving unrecorded for a later run to retry.
2026-10-02T22:19:59Z WARNING 2901e540-a5e6-4c4c-b8e7-63b84e9ebce5: failed while reading the ElectricalSeries rates (AttributeError: module 'spikeinterface.extractors' has no attribute 'NwbRecordingExtractor')
2026-10-02T22:19:59Z WARNING [541/1846] 2901e540-a5e6-4c4c-b8e7-63b84e9ebce5: leaving unrecorded for a later run to retry.
2026-10-02T22:19:59Z WARNING 29025a81-a1c5-4f69-a505-e36d719aa33a: failed while reading the ElectricalSeries rates (AttributeError: module 'spikeinterface.extractors' has no attribute 'NwbRecordingExtractor')
2026-10-02T22:19:59Z WARNING [542/1846] 29025a81-a1c5-4f69-a505-e36d719aa33a: leaving unrecorded for a later run to retry.
2026-10-02T22:19:59Z WARNING 29030b9a-5b22-4216-9fbb-f5a432497c4a: failed while reading the ElectricalSeries rates (AttributeError: module 'spikeinterface.extractors' has no attribute 'NwbRecordingExtractor')
2026-10-02T22:19:59Z WARNING [543/1846] 29030b9a-5b22-4216-9fbb-f5a432497c4a: leaving unrecorded for a later run to retry.
2026-10-02T22:19:59Z WARNING 290367c8-fb7a-4981-868b-0f03418a2185: failed while reading the ElectricalSeries rates (AttributeError: module 'spikeinterface.extractors' has no attribute 'NwbRecordingExtractor')
2026-10-02T22:19:59Z WARNING [544/1846] 290367c8-fb7a-4981-868b-0f03418a2185: leaving unrecorded for a later run to retry.
2026-10-02T22:19:59Z WARNING 29036caf-769c-4fac-8434-d6eb7637b8a6: failed while reading the ElectricalSeries rates (AttributeError: module 'spikeinterface.extractors' has no attribute 'NwbRecordingExtractor')
2026-10-02T22:19:59Z WARNING [545/1846] 29036caf-769c-4fac-8434-d6eb7637b8a6: leaving unrecorded for a later run to retry.
2026-10-02T22:19:59Z WARNING 2904a749-0c64-4fcc-a461-4858bbb64dfb: failed while reading the ElectricalSeries rates (AttributeError: module 'spikeinterface.extractors' has no attribute 'NwbRecordingExtractor')
2026-10-02T22:19:59Z WARNING [546/1846] 2904a749-0c64-4fcc-a461-4858bbb64dfb: leaving unrecorded for a later run to retry.
2026-10-02T22:19:59Z WARNING 2904d484-ae3e-4307-9b36-0a7b2d356615: failed while reading the ElectricalSeries rates (AttributeError: module 'spikeinterface.extractors' has no attribute 'NwbRecordingExtractor')
2026-10-02T22:19:59Z WARNING [547/1846] 2904d484-ae3e-4307-9b36-0a7b2d356615: leaving unrecorded for a later run to retry.
2026-10-02T22:19:59Z WARNING 2905d54f-babf-4e83-b99f-2a01f7e677f1: failed while reading the ElectricalSeries rates (AttributeError: module 'spikeinterface.extractors' has no attribute 'NwbRecordingExtractor')
2026-10-02T22:19:59Z WARNING [548/1846] 2905d54f-babf-4e83-b99f-2a01f7e677f1: leaving unrecorded for a later run to retry.
2026-10-02T22:19:59Z WARNING 2906650b-0451-4156-9854-b7c0d192414b: failed while reading the ElectricalSeries rates (AttributeError: module 'spikeinterface.extractors' has no attribute 'NwbRecordingExtractor')
2026-10-02T22:19:59Z WARNING [549/1846] 2906650b-0451-4156-9854-b7c0d192414b: leaving unrecorded for a later run to retry.
2026-10-02T22:19:59Z WARNING 2906b6ab-84dd-4132-ba9c-8b44ba1c72bd: failed while reading the ElectricalSeries rates (AttributeError: module 'spikeinterface.extractors' has no attribute 'NwbRecordingExtractor')
2026-10-02T22:19:59Z WARNING [550/1846] 2906b6ab-84dd-4132-ba9c-8b44ba1c72bd: leaving unrecorded for a later run to retry.
2026-10-02T22:19:59Z INFO [550/1846] 2906b6ab-84dd-4132-ba9c-8b44ba1c72bd: checkpointed 60602 records.
2026-10-02T22:19:59Z WARNING 2907832b-93cd-446b-8e2b-b7802afacd91: failed while reading the ElectricalSeries rates (AttributeError: module 'spikeinterface.extractors' has no attribute 'NwbRecordingExtractor')
2026-10-02T22:19:59Z WARNING [551/1846] 2907832b-93cd-446b-8e2b-b7802afacd91: leaving unrecorded for a later run to retry.
2026-10-02T22:20:00Z WARNING 2907b37f-6b94-499b-a4ac-c656b320887c: failed while reading the ElectricalSeries rates (AttributeError: module 'spikeinterface.extractors' has no attribute 'NwbRecordingExtractor')
2026-10-02T22:20:00Z WARNING [552/1846] 2907b37f-6b94-499b-a4ac-c656b320887c: leaving unrecorded for a later run to retry.
2026-10-02T22:20:00Z WARNING 290837f8-4160-4477-aa52-b1d766f6772d: failed while reading the ElectricalSeries rates (AttributeError: module 'spikeinterface.extractors' has no attribute 'NwbRecordingExtractor')
2026-10-02T22:20:00Z WARNING [553/1846] 290837f8-4160-4477-aa52-b1d766f6772d: leaving unrecorded for a later run to retry.
2026-10-02T22:20:00Z WARNING 290924a2-0a83-41d7-874b-d47e306b9b58: failed while reading the ElectricalSeries rates (AttributeError: module 'spikeinterface.extractors' has no attribute 'NwbRecordingExtractor')
2026-10-02T22:20:00Z WARNING [554/1846] 290924a2-0a83-41d7-874b-d47e306b9b58: leaving unrecorded for a later run to retry.
2026-10-02T22:20:00Z WARNING 2909e0a9-e0fd-45ea-ae6a-fc4c167f8118: failed while reading the ElectricalSeries rates (AttributeError: module 'spikeinterface.extractors' has no attribute 'NwbRecordingExtractor')
2026-10-02T22:20:00Z WARNING [555/1846] 2909e0a9-e0fd-45ea-ae6a-fc4c167f8118: leaving unrecorded for a later run to retry.
2026-10-02T22:20:00Z WARNING 290a1124-47ca-4893-be53-d20cca02fc6f: failed while reading the ElectricalSeries rates (AttributeError: module 'spikeinterface.extractors' has no attribute 'NwbRecordingExtractor')
2026-10-02T22:20:00Z WARNING [556/1846] 290a1124-47ca-4893-be53-d20cca02fc6f: leaving unrecorded for a later run to retry.
2026-10-02T22:20:00Z WARNING 290aacbf-3814-4804-93de-f368186e0a9e: failed while reading the ElectricalSeries rates (AttributeError: module 'spikeinterface.extractors' has no attribute 'NwbRecordingExtractor')
2026-10-02T22:20:00Z WARNING [557/1846] 290aacbf-3814-4804-93de-f368186e0a9e: leaving unrecorded for a later run to retry.
2026-10-02T22:20:00Z WARNING 290abbbf-62f8-412d-8578-e8b0e4ba253e: failed while reading the ElectricalSeries rates (AttributeError: module 'spikeinterface.extractors' has no attribute 'NwbRecordingExtractor')
2026-10-02T22:20:00Z WARNING [558/1846] 290abbbf-62f8-412d-8578-e8b0e4ba253e: leaving unrecorded for a later run to retry.
2026-10-02T22:20:00Z WARNING 290b0666-4aea-4089-a3a1-69bed3822c06: failed while reading the ElectricalSeries rates (AttributeError: module 'spikeinterface.extractors' has no attribute 'NwbRecordingExtractor')
2026-10-02T22:20:00Z WARNING [559/1846] 290b0666-4aea-4089-a3a1-69bed3822c06: leaving unrecorded for a later run to retry.
2026-10-02T22:20:00Z WARNING 290b94be-85ac-4b26-9915-393f512629f8: failed while reading the ElectricalSeries rates (AttributeError: module 'spikeinterface.extractors' has no attribute 'NwbRecordingExtractor')
2026-10-02T22:20:00Z WARNING [560/1846] 290b94be-85ac-4b26-9915-393f512629f8: leaving unrecorded for a later run to retry.
2026-10-02T22:20:00Z WARNING 290bc366-5326-4439-833d-94c793672b7c: failed while reading the ElectricalSeries rates (AttributeError: module 'spikeinterface.extractors' has no attribute 'NwbRecordingExtractor')
2026-10-02T22:20:00Z WARNING [561/1846] 290bc366-5326-4439-833d-94c793672b7c: leaving unrecorded for a later run to retry.
2026-10-02T22:20:00Z WARNING 290c00e5-1ea0-44d6-b293-1280435889df: failed while reading the ElectricalSeries rates (AttributeError: module 'spikeinterface.extractors' has no attribute 'NwbRecordingExtractor')
2026-10-02T22:20:00Z WARNING [562/1846] 290c00e5-1ea0-44d6-b293-1280435889df: leaving unrecorded for a later run to retry.
2026-10-02T22:20:00Z WARNING 290c2b30-4a13-497d-a0eb-5a22231f94f7: failed while reading the ElectricalSeries rates (AttributeError: module 'spikeinterface.extractors' has no attribute 'NwbRecordingExtractor')
2026-10-02T22:20:00Z WARNING [563/1846] 290c2b30-4a13-497d-a0eb-5a22231f94f7: leaving unrecorded for a later run to retry.
2026-10-02T22:20:00Z WARNING 290c5cab-31fe-442b-84ec-8a0da1850e19: failed while reading the ElectricalSeries rates (AttributeError: module 'spikeinterface.extractors' has no attribute 'NwbRecordingExtractor')
2026-10-02T22:20:00Z WARNING [564/1846] 290c5cab-31fe-442b-84ec-8a0da1850e19: leaving unrecorded for a later run to retry.
2026-10-02T22:20:00Z WARNING 290cda7a-2474-4459-8992-de2da0892657: failed while reading the ElectricalSeries rates (AttributeError: module 'spikeinterface.extractors' has no attribute 'NwbRecordingExtractor')
2026-10-02T22:20:00Z WARNING [565/1846] 290cda7a-2474-4459-8992-de2da0892657: leaving unrecorded for a later run to retry.
2026-10-02T22:20:00Z WARNING 290e98f1-091a-4991-a493-d0db75c52862: failed while reading the ElectricalSeries rates (AttributeError: module 'spikeinterface.extractors' has no attribute 'NwbRecordingExtractor')
2026-10-02T22:20:00Z WARNING [566/1846] 290e98f1-091a-4991-a493-d0db75c52862: leaving unrecorded for a later run to retry.
2026-10-02T22:20:00Z WARNING 290f0428-7653-4d1a-b9ec-fd5655bfaa32: failed while reading the ElectricalSeries rates (AttributeError: module 'spikeinterface.extractors' has no attribute 'NwbRecordingExtractor')
2026-10-02T22:20:00Z WARNING [567/1846] 290f0428-7653-4d1a-b9ec-fd5655bfaa32: leaving unrecorded for a later run to retry.
2026-10-02T22:20:00Z WARNING 290fb003-3e43-4c43-a2f3-b821a7b545c0: failed while reading the ElectricalSeries rates (AttributeError: module 'spikeinterface.extractors' has no attribute 'NwbRecordingExtractor')
2026-10-02T22:20:00Z WARNING [568/1846] 290fb003-3e43-4c43-a2f3-b821a7b545c0: leaving unrecorded for a later run to retry.
2026-10-02T22:20:01Z WARNING 29107744-e59c-4665-b199-c09c3244a868: failed while reading the ElectricalSeries rates (AttributeError: module 'spikeinterface.extractors' has no attribute 'NwbRecordingExtractor')
2026-10-02T22:20:01Z WARNING [569/1846] 29107744-e59c-4665-b199-c09c3244a868: leaving unrecorded for a later run to retry.
2026-10-02T22:20:01Z WARNING 29109408-081a-48ff-a845-5b1ad63bd5b4: failed while reading the ElectricalSeries rates (AttributeError: module 'spikeinterface.extractors' has no attribute 'NwbRecordingExtractor')
2026-10-02T22:20:01Z WARNING [570/1846] 29109408-081a-48ff-a845-5b1ad63bd5b4: leaving unrecorded for a later run to retry.
2026-10-02T22:20:01Z WARNING 291108ef-d298-4472-bd47-61d4837687b2: failed while reading the ElectricalSeries rates (AttributeError: module 'spikeinterface.extractors' has no attribute 'NwbRecordingExtractor')
2026-10-02T22:20:01Z WARNING [571/1846] 291108ef-d298-4472-bd47-61d4837687b2: leaving unrecorded for a later run to retry.
2026-10-02T22:20:01Z WARNING 29112543-7d29-4324-9428-339ac3e8812d: failed while reading the ElectricalSeries rates (AttributeError: module 'spikeinterface.extractors' has no attribute 'NwbRecordingExtractor')
2026-10-02T22:20:01Z WARNING [572/1846] 29112543-7d29-4324-9428-339ac3e8812d: leaving unrecorded for a later run to retry.
2026-10-02T22:20:01Z WARNING 2911395f-d1fb-4b0d-80b2-d027bb2edac5: failed while reading the ElectricalSeries rates (AttributeError: module 'spikeinterface.extractors' has no attribute 'NwbRecordingExtractor')
2026-10-02T22:20:01Z WARNING [573/1846] 2911395f-d1fb-4b0d-80b2-d027bb2edac5: leaving unrecorded for a later run to retry.
2026-10-02T22:20:01Z WARNING 2911bdf9-d2e1-47db-9058-6d3abace3334: failed while reading the ElectricalSeries rates (AttributeError: module 'spikeinterface.extractors' has no attribute 'NwbRecordingExtractor')
2026-10-02T22:20:01Z WARNING [574/1846] 2911bdf9-d2e1-47db-9058-6d3abace3334: leaving unrecorded for a later run to retry.
2026-10-02T22:20:01Z WARNING 29121b89-bf50-4788-862f-5ae522cdd9a9: failed while reading the ElectricalSeries rates (AttributeError: module 'spikeinterface.extractors' has no attribute 'NwbRecordingExtractor')
2026-10-02T22:20:01Z WARNING [575/1846] 29121b89-bf50-4788-862f-5ae522cdd9a9: leaving unrecorded for a later run to retry.
2026-10-02T22:20:01Z WARNING 29133fb4-dcbc-4c30-88fe-a0e2fa463ce9: failed while reading the ElectricalSeries rates (AttributeError: module 'spikeinterface.extractors' has no attribute 'NwbRecordingExtractor')
2026-10-02T22:20:01Z WARNING [576/1846] 29133fb4-dcbc-4c30-88fe-a0e2fa463ce9: leaving unrecorded for a later run to retry.
2026-10-02T22:20:01Z WARNING 2913cce3-875c-48d1-a326-359c0dd6ac28: failed while reading the ElectricalSeries rates (AttributeError: module 'spikeinterface.extractors' has no attribute 'NwbRecordingExtractor')
2026-10-02T22:20:01Z WARNING [577/1846] 2913cce3-875c-48d1-a326-359c0dd6ac28: leaving unrecorded for a later run to retry.
2026-10-02T22:20:01Z WARNING 2913dc3b-b930-4f84-b1bf-56b7baa76195: failed while reading the ElectricalSeries rates (AttributeError: module 'spikeinterface.extractors' has no attribute 'NwbRecordingExtractor')
2026-10-02T22:20:01Z WARNING [578/1846] 2913dc3b-b930-4f84-b1bf-56b7baa76195: leaving unrecorded for a later run to retry.
2026-10-02T22:20:01Z WARNING 2913f614-8a9a-4257-8fdf-20c39fc5b4a7: failed while reading the ElectricalSeries rates (AttributeError: module 'spikeinterface.extractors' has no attribute 'NwbRecordingExtractor')
2026-10-02T22:20:01Z WARNING [579/1846] 2913f614-8a9a-4257-8fdf-20c39fc5b4a7: leaving unrecorded for a later run to retry.
2026-10-02T22:20:01Z WARNING 29149d53-5944-4ba2-9b53-af58d50dccc7: failed while reading the ElectricalSeries rates (AttributeError: module 'spikeinterface.extractors' has no attribute 'NwbRecordingExtractor')
2026-10-02T22:20:01Z WARNING [580/1846] 29149d53-5944-4ba2-9b53-af58d50dccc7: leaving unrecorded for a later run to retry.
2026-10-02T22:20:01Z WARNING 2915461d-1284-4c76-b7fd-f123d96ed498: failed while reading the ElectricalSeries rates (AttributeError: module 'spikeinterface.extractors' has no attribute 'NwbRecordingExtractor')
2026-10-02T22:20:01Z WARNING [581/1846] 2915461d-1284-4c76-b7fd-f123d96ed498: leaving unrecorded for a later run to retry.
2026-10-02T22:20:01Z WARNING 29155db9-b366-4e8f-ac06-5f1693d1d44c: failed while reading the ElectricalSeries rates (AttributeError: module 'spikeinterface.extractors' has no attribute 'NwbRecordingExtractor')
2026-10-02T22:20:01Z WARNING [582/1846] 29155db9-b366-4e8f-ac06-5f1693d1d44c: leaving unrecorded for a later run to retry.
2026-10-02T22:20:01Z WARNING 2915c38b-b60f-4107-836f-6598755de9c7: failed while reading the ElectricalSeries rates (AttributeError: module 'spikeinterface.extractors' has no attribute 'NwbRecordingExtractor')
2026-10-02T22:20:01Z WARNING [583/1846] 2915c38b-b60f-4107-836f-6598755de9c7: leaving unrecorded for a later run to retry.
2026-10-02T22:20:01Z WARNING 29160be9-792a-43ee-871d-e876c7b2adb8: failed while reading the ElectricalSeries rates (AttributeError: module 'spikeinterface.extractors' has no attribute 'NwbRecordingExtractor')
2026-10-02T22:20:01Z WARNING [584/1846] 29160be9-792a-43ee-871d-e876c7b2adb8: leaving unrecorded for a later run to retry.
2026-10-02T22:20:01Z WARNING 2916c19d-0c89-4a00-ba11-06c4dbd2bfbc: failed while reading the ElectricalSeries rates (AttributeError: module 'spikeinterface.extractors' has no attribute 'NwbRecordingExtractor')
2026-10-02T22:20:01Z WARNING [585/1846] 2916c19d-0c89-4a00-ba11-06c4dbd2bfbc: leaving unrecorded for a later run to retry.
2026-10-02T22:20:02Z WARNING 29172d2f-95cd-4cb8-8e68-892028bc41c5: failed while reading the ElectricalSeries rates (AttributeError: module 'spikeinterface.extractors' has no attribute 'NwbRecordingExtractor')
2026-10-02T22:20:02Z WARNING [586/1846] 29172d2f-95cd-4cb8-8e68-892028bc41c5: leaving unrecorded for a later run to retry.
2026-10-02T22:20:02Z WARNING 291770dc-933d-4c87-a483-79e6db9584d5: failed while reading the ElectricalSeries rates (AttributeError: module 'spikeinterface.extractors' has no attribute 'NwbRecordingExtractor')
2026-10-02T22:20:02Z WARNING [587/1846] 291770dc-933d-4c87-a483-79e6db9584d5: leaving unrecorded for a later run to retry.
2026-10-02T22:20:02Z WARNING 29184192-3dd6-4774-b4e9-31601fb678ba: failed while reading the ElectricalSeries rates (AttributeError: module 'spikeinterface.extractors' has no attribute 'NwbRecordingExtractor')
2026-10-02T22:20:02Z WARNING [588/1846] 29184192-3dd6-4774-b4e9-31601fb678ba: leaving unrecorded for a later run to retry.
2026-10-02T22:20:02Z WARNING 2918a154-bfa6-49b6-a87f-340cca726b28: failed while reading the ElectricalSeries rates (AttributeError: module 'spikeinterface.extractors' has no attribute 'NwbRecordingExtractor')
2026-10-02T22:20:02Z WARNING [589/1846] 2918a154-bfa6-49b6-a87f-340cca726b28: leaving unrecorded for a later run to retry.
2026-10-02T22:20:02Z WARNING 291bc6f9-a6af-4660-bcd5-b7f8c111734b: failed while reading the ElectricalSeries rates (AttributeError: module 'spikeinterface.extractors' has no attribute 'NwbRecordingExtractor')
2026-10-02T22:20:02Z WARNING [590/1846] 291bc6f9-a6af-4660-bcd5-b7f8c111734b: leaving unrecorded for a later run to retry.
2026-10-02T22:20:02Z WARNING 291c13f4-ce6e-46da-a2ba-5ac389fb5daf: failed while reading the ElectricalSeries rates (AttributeError: module 'spikeinterface.extractors' has no attribute 'NwbRecordingExtractor')
2026-10-02T22:20:02Z WARNING [591/1846] 291c13f4-ce6e-46da-a2ba-5ac389fb5daf: leaving unrecorded for a later run to retry.
2026-10-02T22:20:02Z WARNING 291c8f91-3f07-4606-abd1-dc8aa462a8cc: failed while reading the ElectricalSeries rates (AttributeError: module 'spikeinterface.extractors' has no attribute 'NwbRecordingExtractor')
2026-10-02T22:20:02Z WARNING [592/1846] 291c8f91-3f07-4606-abd1-dc8aa462a8cc: leaving unrecorded for a later run to retry.
2026-10-02T22:20:02Z WARNING 291cb4be-8ca0-490d-95df-4a15cb63750a: failed while reading the ElectricalSeries rates (AttributeError: module 'spikeinterface.extractors' has no attribute 'NwbRecordingExtractor')
2026-10-02T22:20:02Z WARNING [593/1846] 291cb4be-8ca0-490d-95df-4a15cb63750a: leaving unrecorded for a later run to retry.
2026-10-02T22:20:02Z WARNING 291df084-95ba-45a3-9351-69b4cebdfb37: failed while reading the ElectricalSeries rates (AttributeError: module 'spikeinterface.extractors' has no attribute 'NwbRecordingExtractor')
2026-10-02T22:20:02Z WARNING [594/1846] 291df084-95ba-45a3-9351-69b4cebdfb37: leaving unrecorded for a later run to retry.
2026-10-02T22:20:02Z WARNING 291e0dd5-ec43-4564-a90a-491b47ae7b2c: failed while reading the ElectricalSeries rates (AttributeError: module 'spikeinterface.extractors' has no attribute 'NwbRecordingExtractor')
2026-10-02T22:20:02Z WARNING [595/1846] 291e0dd5-ec43-4564-a90a-491b47ae7b2c: leaving unrecorded for a later run to retry.
2026-10-02T22:20:02Z WARNING 291e2177-32fc-4c9c-bd84-7697cb59ad95: failed while reading the ElectricalSeries rates (AttributeError: module 'spikeinterface.extractors' has no attribute 'NwbRecordingExtractor')
2026-10-02T22:20:02Z WARNING [596/1846] 291e2177-32fc-4c9c-bd84-7697cb59ad95: leaving unrecorded for a later run to retry.
2026-10-02T22:20:02Z WARNING 291e5b0f-d813-42fc-bb28-ce5a42e2ec7e: failed while reading the ElectricalSeries rates (AttributeError: module 'spikeinterface.extractors' has no attribute 'NwbRecordingExtractor')
2026-10-02T22:20:02Z WARNING [597/1846] 291e5b0f-d813-42fc-bb28-ce5a42e2ec7e: leaving unrecorded for a later run to retry.
2026-10-02T22:20:02Z WARNING 291eb8fd-7d5b-4881-b1a1-6cea243925bc: failed while reading the ElectricalSeries rates (AttributeError: module 'spikeinterface.extractors' has no attribute 'NwbRecordingExtractor')
2026-10-02T22:20:02Z WARNING [598/1846] 291eb8fd-7d5b-4881-b1a1-6cea243925bc: leaving unrecorded for a later run to retry.
2026-10-02T22:20:02Z WARNING 291ecae4-d2be-46a7-b723-03fd392e9603: failed while reading the ElectricalSeries rates (AttributeError: module 'spikeinterface.extractors' has no attribute 'NwbRecordingExtractor')
2026-10-02T22:20:02Z WARNING [599/1846] 291ecae4-d2be-46a7-b723-03fd392e9603: leaving unrecorded for a later run to retry.
2026-10-02T22:20:02Z WARNING 291ef204-f399-4b46-be11-50d7ba46c5e6: failed while reading the ElectricalSeries rates (AttributeError: module 'spikeinterface.extractors' has no attribute 'NwbRecordingExtractor')
2026-10-02T22:20:02Z WARNING [600/1846] 291ef204-f399-4b46-be11-50d7ba46c5e6: leaving unrecorded for a later run to retry.
2026-10-02T22:20:03Z INFO [600/1846] 291ef204-f399-4b46-be11-50d7ba46c5e6: checkpointed 60602 records.
2026-10-02T22:20:03Z WARNING 29214732-b96c-4882-ab27-ed1ec634c410: failed while reading the ElectricalSeries rates (AttributeError: module 'spikeinterface.extractors' has no attribute 'NwbRecordingExtractor')
2026-10-02T22:20:03Z WARNING [601/1846] 29214732-b96c-4882-ab27-ed1ec634c410: leaving unrecorded for a later run to retry.
2026-10-02T22:20:03Z WARNING 29214d20-6cfc-49ac-9f17-1f73e5ded965: failed while reading the ElectricalSeries rates (AttributeError: module 'spikeinterface.extractors' has no attribute 'NwbRecordingExtractor')
2026-10-02T22:20:03Z WARNING [602/1846] 29214d20-6cfc-49ac-9f17-1f73e5ded965: leaving unrecorded for a later run to retry.
2026-10-02T22:20:03Z WARNING 29219cf9-4f8f-4a1b-a22e-648ecd53cf79: failed while reading the ElectricalSeries rates (AttributeError: module 'spikeinterface.extractors' has no attribute 'NwbRecordingExtractor')
2026-10-02T22:20:03Z WARNING [603/1846] 29219cf9-4f8f-4a1b-a22e-648ecd53cf79: leaving unrecorded for a later run to retry.
2026-10-02T22:20:03Z WARNING 2921de9e-b3cc-4b21-8e46-a851a98c27ed: failed while reading the ElectricalSeries rates (AttributeError: module 'spikeinterface.extractors' has no attribute 'NwbRecordingExtractor')
2026-10-02T22:20:03Z WARNING [604/1846] 2921de9e-b3cc-4b21-8e46-a851a98c27ed: leaving unrecorded for a later run to retry.
2026-10-02T22:20:03Z WARNING 29222d50-30d9-48f7-b66a-6dbf6113a79d: failed while reading the ElectricalSeries rates (AttributeError: module 'spikeinterface.extractors' has no attribute 'NwbRecordingExtractor')
2026-10-02T22:20:03Z WARNING [605/1846] 29222d50-30d9-48f7-b66a-6dbf6113a79d: leaving unrecorded for a later run to retry.
2026-10-02T22:20:03Z WARNING 2922c348-c773-4d53-9dbf-40319740b383: failed while reading the ElectricalSeries rates (AttributeError: module 'spikeinterface.extractors' has no attribute 'NwbRecordingExtractor')
2026-10-02T22:20:03Z WARNING [606/1846] 2922c348-c773-4d53-9dbf-40319740b383: leaving unrecorded for a later run to retry.
2026-10-02T22:20:03Z WARNING 2923115d-4b35-4281-99b5-29528a873efb: failed while reading the ElectricalSeries rates (AttributeError: module 'spikeinterface.extractors' has no attribute 'NwbRecordingExtractor')
2026-10-02T22:20:03Z WARNING [607/1846] 2923115d-4b35-4281-99b5-29528a873efb: leaving unrecorded for a later run to retry.
2026-10-02T22:20:03Z WARNING 29233f28-a5cd-4183-998a-5ef24b368620: failed while reading the ElectricalSeries rates (AttributeError: module 'spikeinterface.extractors' has no attribute 'NwbRecordingExtractor')
2026-10-02T22:20:03Z WARNING [608/1846] 29233f28-a5cd-4183-998a-5ef24b368620: leaving unrecorded for a later run to retry.
2026-10-02T22:20:03Z WARNING 2923ea38-d1f6-4658-9aba-6c5b76fcb0ed: failed while reading the ElectricalSeries rates (AttributeError: module 'spikeinterface.extractors' has no attribute 'NwbRecordingExtractor')
2026-10-02T22:20:03Z WARNING [609/1846] 2923ea38-d1f6-4658-9aba-6c5b76fcb0ed: leaving unrecorded for a later run to retry.
2026-10-02T22:20:03Z WARNING 29240aed-280f-4d2c-a4f4-f411b8f50d87: failed while reading the ElectricalSeries rates (AttributeError: module 'spikeinterface.extractors' has no attribute 'NwbRecordingExtractor')
2026-10-02T22:20:03Z WARNING [610/1846] 29240aed-280f-4d2c-a4f4-f411b8f50d87: leaving unrecorded for a later run to retry.
2026-10-02T22:20:03Z WARNING 29241190-6749-4691-b198-a00ef4c9c3ba: failed while reading the ElectricalSeries rates (AttributeError: module 'spikeinterface.extractors' has no attribute 'NwbRecordingExtractor')
2026-10-02T22:20:03Z WARNING [611/1846] 29241190-6749-4691-b198-a00ef4c9c3ba: leaving unrecorded for a later run to retry.
2026-10-02T22:20:03Z WARNING 29242432-1b13-455f-8935-4aa6f97284fa: failed while reading the ElectricalSeries rates (AttributeError: module 'spikeinterface.extractors' has no attribute 'NwbRecordingExtractor')
2026-10-02T22:20:03Z WARNING [612/1846] 29242432-1b13-455f-8935-4aa6f97284fa: leaving unrecorded for a later run to retry.
2026-10-02T22:20:03Z WARNING 2924378d-491a-4334-8291-f77eccff41ba: failed while reading the ElectricalSeries rates (AttributeError: module 'spikeinterface.extractors' has no attribute 'NwbRecordingExtractor')
2026-10-02T22:20:03Z WARNING [613/1846] 2924378d-491a-4334-8291-f77eccff41ba: leaving unrecorded for a later run to retry.
2026-10-02T22:20:03Z WARNING 29245d27-3263-4e75-9cf7-5508e37703d0: failed while reading the ElectricalSeries rates (AttributeError: module 'spikeinterface.extractors' has no attribute 'NwbRecordingExtractor')
2026-10-02T22:20:03Z WARNING [614/1846] 29245d27-3263-4e75-9cf7-5508e37703d0: leaving unrecorded for a later run to retry.
2026-10-02T22:20:04Z WARNING 2926732a-ac29-4b46-8cbf-b67c1cb22aba: failed while reading the ElectricalSeries rates (AttributeError: module 'spikeinterface.extractors' has no attribute 'NwbRecordingExtractor')
2026-10-02T22:20:04Z WARNING [615/1846] 2926732a-ac29-4b46-8cbf-b67c1cb22aba: leaving unrecorded for a later run to retry.
2026-10-02T22:20:04Z WARNING 2927f4d0-fa60-49f6-be75-11ad271a2f9c: failed while reading the ElectricalSeries rates (AttributeError: module 'spikeinterface.extractors' has no attribute 'NwbRecordingExtractor')
2026-10-02T22:20:04Z WARNING [616/1846] 2927f4d0-fa60-49f6-be75-11ad271a2f9c: leaving unrecorded for a later run to retry.
2026-10-02T22:20:04Z WARNING 2928070d-018a-4edf-a127-6c5af0b79e95: failed while reading the ElectricalSeries rates (AttributeError: module 'spikeinterface.extractors' has no attribute 'NwbRecordingExtractor')
2026-10-02T22:20:04Z WARNING [617/1846] 2928070d-018a-4edf-a127-6c5af0b79e95: leaving unrecorded for a later run to retry.
2026-10-02T22:20:04Z WARNING 29294aed-6583-4df8-8856-17d146df6d77: failed while reading the ElectricalSeries rates (AttributeError: module 'spikeinterface.extractors' has no attribute 'NwbRecordingExtractor')
2026-10-02T22:20:04Z WARNING [618/1846] 29294aed-6583-4df8-8856-17d146df6d77: leaving unrecorded for a later run to retry.
2026-10-02T22:20:04Z WARNING 2929e16c-c57a-4ed4-b30c-3bdcfd75af21: failed while reading the ElectricalSeries rates (AttributeError: module 'spikeinterface.extractors' has no attribute 'NwbRecordingExtractor')
2026-10-02T22:20:04Z WARNING [619/1846] 2929e16c-c57a-4ed4-b30c-3bdcfd75af21: leaving unrecorded for a later run to retry.
2026-10-02T22:20:04Z WARNING 292a8b35-378c-430c-996b-eecc71052ee6: failed while reading the ElectricalSeries rates (AttributeError: module 'spikeinterface.extractors' has no attribute 'NwbRecordingExtractor')
2026-10-02T22:20:04Z WARNING [620/1846] 292a8b35-378c-430c-996b-eecc71052ee6: leaving unrecorded for a later run to retry.
2026-10-02T22:20:04Z WARNING 292addee-0cfb-4fbc-9d8f-193cba158b82: failed while reading the ElectricalSeries rates (AttributeError: module 'spikeinterface.extractors' has no attribute 'NwbRecordingExtractor')
2026-10-02T22:20:04Z WARNING [621/1846] 292addee-0cfb-4fbc-9d8f-193cba158b82: leaving unrecorded for a later run to retry.
2026-10-02T22:20:04Z WARNING 292bbcdb-e06c-41d2-9e73-8b442e46318c: failed while reading the ElectricalSeries rates (AttributeError: module 'spikeinterface.extractors' has no attribute 'NwbRecordingExtractor')
2026-10-02T22:20:04Z WARNING [622/1846] 292bbcdb-e06c-41d2-9e73-8b442e46318c: leaving unrecorded for a later run to retry.
2026-10-02T22:20:04Z WARNING 292bc30f-c296-4004-90b3-629a8c5750a6: failed while reading the ElectricalSeries rates (AttributeError: module 'spikeinterface.extractors' has no attribute 'NwbRecordingExtractor')
2026-10-02T22:20:04Z WARNING [623/1846] 292bc30f-c296-4004-90b3-629a8c5750a6: leaving unrecorded for a later run to retry.
2026-10-02T22:20:04Z WARNING 292bfba4-fd1f-4b7f-bd02-d1328f5e2644: failed while reading the ElectricalSeries rates (AttributeError: module 'spikeinterface.extractors' has no attribute 'NwbRecordingExtractor')
2026-10-02T22:20:04Z WARNING [624/1846] 292bfba4-fd1f-4b7f-bd02-d1328f5e2644: leaving unrecorded for a later run to retry.
2026-10-02T22:20:04Z WARNING 292c09c0-08ce-4ac4-a8ec-f3002918d0df: failed while reading the ElectricalSeries rates (AttributeError: module 'spikeinterface.extractors' has no attribute 'NwbRecordingExtractor')
2026-10-02T22:20:04Z WARNING [625/1846] 292c09c0-08ce-4ac4-a8ec-f3002918d0df: leaving unrecorded for a later run to retry.
2026-10-02T22:20:04Z WARNING 292d857e-523a-437e-82ac-73db35fc866f: failed while reading the ElectricalSeries rates (AttributeError: module 'spikeinterface.extractors' has no attribute 'NwbRecordingExtractor')
2026-10-02T22:20:04Z WARNING [626/1846] 292d857e-523a-437e-82ac-73db35fc866f: leaving unrecorded for a later run to retry.
2026-10-02T22:20:04Z WARNING 292d919d-fb5c-4956-a659-1c1d0df3500d: failed while reading the ElectricalSeries rates (AttributeError: module 'spikeinterface.extractors' has no attribute 'NwbRecordingExtractor')
2026-10-02T22:20:04Z WARNING [627/1846] 292d919d-fb5c-4956-a659-1c1d0df3500d: leaving unrecorded for a later run to retry.
2026-10-02T22:20:04Z WARNING 292e0d15-c461-4d72-8896-5dabfb49171b: failed while reading the ElectricalSeries rates (AttributeError: module 'spikeinterface.extractors' has no attribute 'NwbRecordingExtractor')
2026-10-02T22:20:04Z WARNING [628/1846] 292e0d15-c461-4d72-8896-5dabfb49171b: leaving unrecorded for a later run to retry.
2026-10-02T22:20:04Z WARNING 2930400f-08e3-46b6-975f-ac99e9f3bc10: failed while reading the ElectricalSeries rates (AttributeError: module 'spikeinterface.extractors' has no attribute 'NwbRecordingExtractor')
2026-10-02T22:20:04Z WARNING [629/1846] 2930400f-08e3-46b6-975f-ac99e9f3bc10: leaving unrecorded for a later run to retry.
2026-10-02T22:20:04Z WARNING 2930db75-72a2-4342-9f18-1ffcd61cbf22: failed while reading the ElectricalSeries rates (AttributeError: module 'spikeinterface.extractors' has no attribute 'NwbRecordingExtractor')
2026-10-02T22:20:04Z WARNING [630/1846] 2930db75-72a2-4342-9f18-1ffcd61cbf22: leaving unrecorded for a later run to retry.
2026-10-02T22:20:05Z WARNING 29311f55-f296-4f8d-95fe-176eb4f921df: failed while reading the ElectricalSeries rates (AttributeError: module 'spikeinterface.extractors' has no attribute 'NwbRecordingExtractor')
2026-10-02T22:20:05Z WARNING [631/1846] 29311f55-f296-4f8d-95fe-176eb4f921df: leaving unrecorded for a later run to retry.
2026-10-02T22:20:05Z WARNING 29313983-233d-4cfb-91f8-a6e0789f2b90: failed while reading the ElectricalSeries rates (AttributeError: module 'spikeinterface.extractors' has no attribute 'NwbRecordingExtractor')
2026-10-02T22:20:05Z WARNING [632/1846] 29313983-233d-4cfb-91f8-a6e0789f2b90: leaving unrecorded for a later run to retry.
2026-10-02T22:20:05Z WARNING 29313f76-cdcc-4c17-8a2f-73433b54c721: failed while reading the ElectricalSeries rates (AttributeError: module 'spikeinterface.extractors' has no attribute 'NwbRecordingExtractor')
2026-10-02T22:20:05Z WARNING [633/1846] 29313f76-cdcc-4c17-8a2f-73433b54c721: leaving unrecorded for a later run to retry.
2026-10-02T22:20:05Z WARNING 2931c830-a0a6-4f35-b1c7-6234069d0625: failed while reading the ElectricalSeries rates (AttributeError: module 'spikeinterface.extractors' has no attribute 'NwbRecordingExtractor')
2026-10-02T22:20:05Z WARNING [634/1846] 2931c830-a0a6-4f35-b1c7-6234069d0625: leaving unrecorded for a later run to retry.
2026-10-02T22:20:05Z WARNING 293369aa-b1c0-4176-9292-46ac0e7a268b: failed while reading the ElectricalSeries rates (AttributeError: module 'spikeinterface.extractors' has no attribute 'NwbRecordingExtractor')
2026-10-02T22:20:05Z WARNING [635/1846] 293369aa-b1c0-4176-9292-46ac0e7a268b: leaving unrecorded for a later run to retry.
2026-10-02T22:20:05Z WARNING 2933cb29-ae92-4f8a-8db6-d434b2402521: failed while reading the ElectricalSeries rates (AttributeError: module 'spikeinterface.extractors' has no attribute 'NwbRecordingExtractor')
2026-10-02T22:20:05Z WARNING [636/1846] 2933cb29-ae92-4f8a-8db6-d434b2402521: leaving unrecorded for a later run to retry.
2026-10-02T22:20:05Z WARNING 2933ed6f-9a26-4188-bb15-5a165baba943: failed while reading the ElectricalSeries rates (AttributeError: module 'spikeinterface.extractors' has no attribute 'NwbRecordingExtractor')
2026-10-02T22:20:05Z WARNING [637/1846] 2933ed6f-9a26-4188-bb15-5a165baba943: leaving unrecorded for a later run to retry.
2026-10-02T22:20:05Z WARNING 2933f448-8a29-49e4-becf-4b3f48ac6aac: failed while reading the ElectricalSeries rates (AttributeError: module 'spikeinterface.extractors' has no attribute 'NwbRecordingExtractor')
2026-10-02T22:20:05Z WARNING [638/1846] 2933f448-8a29-49e4-becf-4b3f48ac6aac: leaving unrecorded for a later run to retry.
2026-10-02T22:20:05Z WARNING 2934385d-e369-4996-864a-0165078cd36e: failed while reading the ElectricalSeries rates (AttributeError: module 'spikeinterface.extractors' has no attribute 'NwbRecordingExtractor')
2026-10-02T22:20:05Z WARNING [639/1846] 2934385d-e369-4996-864a-0165078cd36e: leaving unrecorded for a later run to retry.
2026-10-02T22:20:05Z WARNING 29347644-8896-4a30-a2c2-57908bf18938: failed while reading the ElectricalSeries rates (AttributeError: module 'spikeinterface.extractors' has no attribute 'NwbRecordingExtractor')
2026-10-02T22:20:05Z WARNING [640/1846] 29347644-8896-4a30-a2c2-57908bf18938: leaving unrecorded for a later run to retry.
2026-10-02T22:20:05Z WARNING 2934d2ac-0190-49b5-9d87-911735b1f2fd: failed while reading the ElectricalSeries rates (AttributeError: module 'spikeinterface.extractors' has no attribute 'NwbRecordingExtractor')
2026-10-02T22:20:05Z WARNING [641/1846] 2934d2ac-0190-49b5-9d87-911735b1f2fd: leaving unrecorded for a later run to retry.
2026-10-02T22:20:05Z WARNING 293619bd-18e4-4d62-9da8-26ffc7c5c4c4: failed while reading the ElectricalSeries rates (AttributeError: module 'spikeinterface.extractors' has no attribute 'NwbRecordingExtractor')
2026-10-02T22:20:05Z WARNING [642/1846] 293619bd-18e4-4d62-9da8-26ffc7c5c4c4: leaving unrecorded for a later run to retry.
2026-10-02T22:20:05Z WARNING 29367902-53e4-4494-8f6f-d3cf165980fc: failed while reading the ElectricalSeries rates (AttributeError: module 'spikeinterface.extractors' has no attribute 'NwbRecordingExtractor')
2026-10-02T22:20:05Z WARNING [643/1846] 29367902-53e4-4494-8f6f-d3cf165980fc: leaving unrecorded for a later run to retry.
2026-10-02T22:20:05Z WARNING 29367ac3-4194-47ab-84b3-5b50edc7c99a: failed while reading the ElectricalSeries rates (AttributeError: module 'spikeinterface.extractors' has no attribute 'NwbRecordingExtractor')
2026-10-02T22:20:05Z WARNING [644/1846] 29367ac3-4194-47ab-84b3-5b50edc7c99a: leaving unrecorded for a later run to retry.
2026-10-02T22:20:05Z WARNING 2936eb28-7165-4ff1-98de-d36630c1f4cf: failed while reading the ElectricalSeries rates (AttributeError: module 'spikeinterface.extractors' has no attribute 'NwbRecordingExtractor')
2026-10-02T22:20:05Z WARNING [645/1846] 2936eb28-7165-4ff1-98de-d36630c1f4cf: leaving unrecorded for a later run to retry.
2026-10-02T22:20:05Z WARNING 2936fde1-2934-4f1a-81ec-1fb4b453fb74: failed while reading the ElectricalSeries rates (AttributeError: module 'spikeinterface.extractors' has no attribute 'NwbRecordingExtractor')
2026-10-02T22:20:05Z WARNING [646/1846] 2936fde1-2934-4f1a-81ec-1fb4b453fb74: leaving unrecorded for a later run to retry.
2026-10-02T22:20:06Z WARNING 293771f8-22ee-4c06-8793-57b33a1628a3: failed while reading the ElectricalSeries rates (AttributeError: module 'spikeinterface.extractors' has no attribute 'NwbRecordingExtractor')
2026-10-02T22:20:06Z WARNING [647/1846] 293771f8-22ee-4c06-8793-57b33a1628a3: leaving unrecorded for a later run to retry.
2026-10-02T22:20:06Z WARNING 29377969-1b24-4f8b-b1fc-e89a33c39c08: failed while reading the ElectricalSeries rates (AttributeError: module 'spikeinterface.extractors' has no attribute 'NwbRecordingExtractor')
2026-10-02T22:20:06Z WARNING [648/1846] 29377969-1b24-4f8b-b1fc-e89a33c39c08: leaving unrecorded for a later run to retry.
2026-10-02T22:20:06Z WARNING 2937bd44-225a-41b5-ad4a-59aa28c7c00d: failed while reading the ElectricalSeries rates (AttributeError: module 'spikeinterface.extractors' has no attribute 'NwbRecordingExtractor')
2026-10-02T22:20:06Z WARNING [649/1846] 2937bd44-225a-41b5-ad4a-59aa28c7c00d: leaving unrecorded for a later run to retry.
2026-10-02T22:20:06Z WARNING 2937d256-78a1-404b-ba96-d7abc07d98d7: failed while reading the ElectricalSeries rates (AttributeError: module 'spikeinterface.extractors' has no attribute 'NwbRecordingExtractor')
2026-10-02T22:20:06Z WARNING [650/1846] 2937d256-78a1-404b-ba96-d7abc07d98d7: leaving unrecorded for a later run to retry.
2026-10-02T22:20:06Z INFO [650/1846] 2937d256-78a1-404b-ba96-d7abc07d98d7: checkpointed 60602 records.
2026-10-02T22:20:06Z WARNING 2937dd2e-2694-400a-ab33-1a911b8db7d0: failed while reading the ElectricalSeries rates (AttributeError: module 'spikeinterface.extractors' has no attribute 'NwbRecordingExtractor')
2026-10-02T22:20:06Z WARNING [651/1846] 2937dd2e-2694-400a-ab33-1a911b8db7d0: leaving unrecorded for a later run to retry.
2026-10-02T22:20:06Z WARNING 2937e299-bb8b-4d74-bf5b-ca75c9db85f1: failed while reading the ElectricalSeries rates (AttributeError: module 'spikeinterface.extractors' has no attribute 'NwbRecordingExtractor')
2026-10-02T22:20:06Z WARNING [652/1846] 2937e299-bb8b-4d74-bf5b-ca75c9db85f1: leaving unrecorded for a later run to retry.
2026-10-02T22:20:06Z WARNING 2938c7fb-0dd1-4b54-9dbc-0a9beb2c6b64: failed while reading the ElectricalSeries rates (AttributeError: module 'spikeinterface.extractors' has no attribute 'NwbRecordingExtractor')
2026-10-02T22:20:06Z WARNING [653/1846] 2938c7fb-0dd1-4b54-9dbc-0a9beb2c6b64: leaving unrecorded for a later run to retry.
2026-10-02T22:20:06Z WARNING 2938ef14-44f1-4f00-a1b4-e3fa0f65b39a: failed while reading the ElectricalSeries rates (AttributeError: module 'spikeinterface.extractors' has no attribute 'NwbRecordingExtractor')
2026-10-02T22:20:06Z WARNING [654/1846] 2938ef14-44f1-4f00-a1b4-e3fa0f65b39a: leaving unrecorded for a later run to retry.
2026-10-02T22:20:06Z WARNING 293b7857-2d57-487f-ac52-2a3b3599cf92: failed while reading the ElectricalSeries rates (AttributeError: module 'spikeinterface.extractors' has no attribute 'NwbRecordingExtractor')
2026-10-02T22:20:06Z WARNING [655/1846] 293b7857-2d57-487f-ac52-2a3b3599cf92: leaving unrecorded for a later run to retry.
2026-10-02T22:20:06Z WARNING 293e0ead-4a4a-402f-8963-b13166d2bd8f: failed while reading the ElectricalSeries rates (AttributeError: module 'spikeinterface.extractors' has no attribute 'NwbRecordingExtractor')
2026-10-02T22:20:06Z WARNING [656/1846] 293e0ead-4a4a-402f-8963-b13166d2bd8f: leaving unrecorded for a later run to retry.
2026-10-02T22:20:06Z WARNING 293f707f-4e6a-4fbc-8be3-d07ec2c09bcb: failed while reading the ElectricalSeries rates (AttributeError: module 'spikeinterface.extractors' has no attribute 'NwbRecordingExtractor')
2026-10-02T22:20:06Z WARNING [657/1846] 293f707f-4e6a-4fbc-8be3-d07ec2c09bcb: leaving unrecorded for a later run to retry.
2026-10-02T22:20:06Z WARNING 293f940c-3b62-4a10-8f67-3115b4cc8b27: failed while reading the ElectricalSeries rates (AttributeError: module 'spikeinterface.extractors' has no attribute 'NwbRecordingExtractor')
2026-10-02T22:20:06Z WARNING [658/1846] 293f940c-3b62-4a10-8f67-3115b4cc8b27: leaving unrecorded for a later run to retry.
2026-10-02T22:20:06Z WARNING 29404e2d-e0b4-4563-8238-4abe2a35d4ce: failed while reading the ElectricalSeries rates (AttributeError: module 'spikeinterface.extractors' has no attribute 'NwbRecordingExtractor')
2026-10-02T22:20:06Z WARNING [659/1846] 29404e2d-e0b4-4563-8238-4abe2a35d4ce: leaving unrecorded for a later run to retry.
2026-10-02T22:20:06Z WARNING 29407b85-f1ef-4424-ae9f-15cac986637a: failed while reading the ElectricalSeries rates (AttributeError: module 'spikeinterface.extractors' has no attribute 'NwbRecordingExtractor')
2026-10-02T22:20:06Z WARNING [660/1846] 29407b85-f1ef-4424-ae9f-15cac986637a: leaving unrecorded for a later run to retry.
2026-10-02T22:20:06Z WARNING 2940e1b9-f2b0-4d4b-ab8c-106bef0c66cc: failed while reading the ElectricalSeries rates (AttributeError: module 'spikeinterface.extractors' has no attribute 'NwbRecordingExtractor')
2026-10-02T22:20:06Z WARNING [661/1846] 2940e1b9-f2b0-4d4b-ab8c-106bef0c66cc: leaving unrecorded for a later run to retry.
2026-10-02T22:20:06Z WARNING 29414312-a5e5-44b3-8d32-95239fd4f33c: failed while reading the ElectricalSeries rates (AttributeError: module 'spikeinterface.extractors' has no attribute 'NwbRecordingExtractor')
2026-10-02T22:20:06Z WARNING [662/1846] 29414312-a5e5-44b3-8d32-95239fd4f33c: leaving unrecorded for a later run to retry.
2026-10-02T22:20:07Z WARNING 2942b40c-d4cb-41c3-ac94-ee8427f7c9c3: failed while reading the ElectricalSeries rates (AttributeError: module 'spikeinterface.extractors' has no attribute 'NwbRecordingExtractor')
2026-10-02T22:20:07Z WARNING [663/1846] 2942b40c-d4cb-41c3-ac94-ee8427f7c9c3: leaving unrecorded for a later run to retry.
2026-10-02T22:20:07Z WARNING 294631cb-1429-4176-ae1f-b5553aa17839: failed while reading the ElectricalSeries rates (AttributeError: module 'spikeinterface.extractors' has no attribute 'NwbRecordingExtractor')
2026-10-02T22:20:07Z WARNING [664/1846] 294631cb-1429-4176-ae1f-b5553aa17839: leaving unrecorded for a later run to retry.
2026-10-02T22:20:07Z WARNING 2946e203-d0cb-449f-b0b3-450698668e3b: failed while reading the ElectricalSeries rates (AttributeError: module 'spikeinterface.extractors' has no attribute 'NwbRecordingExtractor')
2026-10-02T22:20:07Z WARNING [665/1846] 2946e203-d0cb-449f-b0b3-450698668e3b: leaving unrecorded for a later run to retry.
2026-10-02T22:20:07Z WARNING 29471a62-00de-4d23-846a-2b8ea84b5d40: failed while reading the ElectricalSeries rates (AttributeError: module 'spikeinterface.extractors' has no attribute 'NwbRecordingExtractor')
2026-10-02T22:20:07Z WARNING [666/1846] 29471a62-00de-4d23-846a-2b8ea84b5d40: leaving unrecorded for a later run to retry.
2026-10-02T22:20:07Z WARNING 29472798-ead7-437e-bb45-04f0c8b212d5: failed while reading the ElectricalSeries rates (AttributeError: module 'spikeinterface.extractors' has no attribute 'NwbRecordingExtractor')
2026-10-02T22:20:07Z WARNING [667/1846] 29472798-ead7-437e-bb45-04f0c8b212d5: leaving unrecorded for a later run to retry.
2026-10-02T22:20:07Z WARNING 2947564d-11c4-4d18-948c-77159057748e: failed while reading the ElectricalSeries rates (AttributeError: module 'spikeinterface.extractors' has no attribute 'NwbRecordingExtractor')
2026-10-02T22:20:07Z WARNING [668/1846] 2947564d-11c4-4d18-948c-77159057748e: leaving unrecorded for a later run to retry.
2026-10-02T22:20:07Z WARNING 2947c173-4ab7-4e4d-885a-286ec65b2c95: failed while reading the ElectricalSeries rates (AttributeError: module 'spikeinterface.extractors' has no attribute 'NwbRecordingExtractor')
2026-10-02T22:20:07Z WARNING [669/1846] 2947c173-4ab7-4e4d-885a-286ec65b2c95: leaving unrecorded for a later run to retry.
2026-10-02T22:20:07Z WARNING 2948acbd-e670-484b-8459-fe9d9e7af8aa: failed while reading the ElectricalSeries rates (AttributeError: module 'spikeinterface.extractors' has no attribute 'NwbRecordingExtractor')
2026-10-02T22:20:07Z WARNING [670/1846] 2948acbd-e670-484b-8459-fe9d9e7af8aa: leaving unrecorded for a later run to retry.
2026-10-02T22:20:07Z WARNING 2948ce86-67b8-4ccc-a0bf-fcd56d1f3c0e: failed while reading the ElectricalSeries rates (AttributeError: module 'spikeinterface.extractors' has no attribute 'NwbRecordingExtractor')
2026-10-02T22:20:07Z WARNING [671/1846] 2948ce86-67b8-4ccc-a0bf-fcd56d1f3c0e: leaving unrecorded for a later run to retry.
2026-10-02T22:20:07Z WARNING 294908e6-1769-401a-85bb-16e25e71bdb5: failed while reading the ElectricalSeries rates (AttributeError: module 'spikeinterface.extractors' has no attribute 'NwbRecordingExtractor')
2026-10-02T22:20:07Z WARNING [672/1846] 294908e6-1769-401a-85bb-16e25e71bdb5: leaving unrecorded for a later run to retry.
2026-10-02T22:20:07Z WARNING 294942d8-3377-432d-aed5-1e5b8ed445dc: failed while reading the ElectricalSeries rates (AttributeError: module 'spikeinterface.extractors' has no attribute 'NwbRecordingExtractor')
2026-10-02T22:20:07Z WARNING [673/1846] 294942d8-3377-432d-aed5-1e5b8ed445dc: leaving unrecorded for a later run to retry.
2026-10-02T22:20:07Z WARNING 2949c4d9-a498-4c4e-8341-9bab7d27c0f1: failed while reading the ElectricalSeries rates (AttributeError: module 'spikeinterface.extractors' has no attribute 'NwbRecordingExtractor')
2026-10-02T22:20:07Z WARNING [674/1846] 2949c4d9-a498-4c4e-8341-9bab7d27c0f1: leaving unrecorded for a later run to retry.
2026-10-02T22:20:07Z WARNING 2949cf50-9660-493e-a42d-c024ddc27be2: failed while reading the ElectricalSeries rates (AttributeError: module 'spikeinterface.extractors' has no attribute 'NwbRecordingExtractor')
2026-10-02T22:20:07Z WARNING [675/1846] 2949cf50-9660-493e-a42d-c024ddc27be2: leaving unrecorded for a later run to retry.
2026-10-02T22:20:07Z WARNING 294a5ee5-e9d4-46a1-a282-a11d111c0506: failed while reading the ElectricalSeries rates (AttributeError: module 'spikeinterface.extractors' has no attribute 'NwbRecordingExtractor')
2026-10-02T22:20:07Z WARNING [676/1846] 294a5ee5-e9d4-46a1-a282-a11d111c0506: leaving unrecorded for a later run to retry.
2026-10-02T22:20:07Z WARNING 294aa09b-f42f-4f0c-a334-dc56e8137e53: failed while reading the ElectricalSeries rates (AttributeError: module 'spikeinterface.extractors' has no attribute 'NwbRecordingExtractor')
2026-10-02T22:20:07Z WARNING [677/1846] 294aa09b-f42f-4f0c-a334-dc56e8137e53: leaving unrecorded for a later run to retry.
2026-10-02T22:20:07Z WARNING 294ac581-50f5-4cb7-8762-0e746fd0b429: failed while reading the ElectricalSeries rates (AttributeError: module 'spikeinterface.extractors' has no attribute 'NwbRecordingExtractor')
2026-10-02T22:20:07Z WARNING [678/1846] 294ac581-50f5-4cb7-8762-0e746fd0b429: leaving unrecorded for a later run to retry.
2026-10-02T22:20:07Z WARNING 294af4bf-1112-4ab8-a931-686ff6a04040: failed while reading the ElectricalSeries rates (AttributeError: module 'spikeinterface.extractors' has no attribute 'NwbRecordingExtractor')
2026-10-02T22:20:07Z WARNING [679/1846] 294af4bf-1112-4ab8-a931-686ff6a04040: leaving unrecorded for a later run to retry.
2026-10-02T22:20:07Z WARNING 294b31ec-2c58-4ea0-9ca4-d680e141b0a8: failed while reading the ElectricalSeries rates (AttributeError: module 'spikeinterface.extractors' has no attribute 'NwbRecordingExtractor')
2026-10-02T22:20:07Z WARNING [680/1846] 294b31ec-2c58-4ea0-9ca4-d680e141b0a8: leaving unrecorded for a later run to retry.
2026-10-02T22:20:08Z WARNING 294b796f-b635-4cbe-aa9b-9c91380055a5: failed while reading the ElectricalSeries rates (AttributeError: module 'spikeinterface.extractors' has no attribute 'NwbRecordingExtractor')
2026-10-02T22:20:08Z WARNING [681/1846] 294b796f-b635-4cbe-aa9b-9c91380055a5: leaving unrecorded for a later run to retry.
2026-10-02T22:20:08Z WARNING 294bc8eb-95c6-4bb2-af95-cbe49b53503d: failed while reading the ElectricalSeries rates (AttributeError: module 'spikeinterface.extractors' has no attribute 'NwbRecordingExtractor')
2026-10-02T22:20:08Z WARNING [682/1846] 294bc8eb-95c6-4bb2-af95-cbe49b53503d: leaving unrecorded for a later run to retry.
2026-10-02T22:20:08Z WARNING 294d73dc-9f64-4636-b700-a515e0413b8f: failed while reading the ElectricalSeries rates (AttributeError: module 'spikeinterface.extractors' has no attribute 'NwbRecordingExtractor')
2026-10-02T22:20:08Z WARNING [683/1846] 294d73dc-9f64-4636-b700-a515e0413b8f: leaving unrecorded for a later run to retry.
2026-10-02T22:20:08Z WARNING 294dec5c-e8f8-4ff6-8bcf-f95e05dbcb3a: failed while reading the ElectricalSeries rates (AttributeError: module 'spikeinterface.extractors' has no attribute 'NwbRecordingExtractor')
2026-10-02T22:20:08Z WARNING [684/1846] 294dec5c-e8f8-4ff6-8bcf-f95e05dbcb3a: leaving unrecorded for a later run to retry.
2026-10-02T22:20:08Z WARNING 294ee382-dac1-4777-a7ce-19ab47b226a5: failed while reading the ElectricalSeries rates (AttributeError: module 'spikeinterface.extractors' has no attribute 'NwbRecordingExtractor')
2026-10-02T22:20:08Z WARNING [685/1846] 294ee382-dac1-4777-a7ce-19ab47b226a5: leaving unrecorded for a later run to retry.
2026-10-02T22:20:08Z WARNING 294f5edc-63a8-425f-a816-73619bb2044a: failed while reading the ElectricalSeries rates (AttributeError: module 'spikeinterface.extractors' has no attribute 'NwbRecordingExtractor')
2026-10-02T22:20:08Z WARNING [686/1846] 294f5edc-63a8-425f-a816-73619bb2044a: leaving unrecorded for a later run to retry.
2026-10-02T22:20:08Z WARNING 29504498-8a92-4810-b1f8-8fb719b375fc: failed while reading the ElectricalSeries rates (AttributeError: module 'spikeinterface.extractors' has no attribute 'NwbRecordingExtractor')
2026-10-02T22:20:08Z WARNING [687/1846] 29504498-8a92-4810-b1f8-8fb719b375fc: leaving unrecorded for a later run to retry.
2026-10-02T22:20:08Z WARNING 2950cfde-24d1-4c26-a6c0-816d217bd53d: failed while reading the ElectricalSeries rates (AttributeError: module 'spikeinterface.extractors' has no attribute 'NwbRecordingExtractor')
2026-10-02T22:20:08Z WARNING [688/1846] 2950cfde-24d1-4c26-a6c0-816d217bd53d: leaving unrecorded for a later run to retry.
2026-10-02T22:20:08Z WARNING 29514965-d884-4460-8b23-1f4e638c7c47: failed while reading the ElectricalSeries rates (AttributeError: module 'spikeinterface.extractors' has no attribute 'NwbRecordingExtractor')
2026-10-02T22:20:08Z WARNING [689/1846] 29514965-d884-4460-8b23-1f4e638c7c47: leaving unrecorded for a later run to retry.
2026-10-02T22:20:08Z WARNING 29517bf7-0996-45c8-9413-17b161f831d3: failed while reading the ElectricalSeries rates (AttributeError: module 'spikeinterface.extractors' has no attribute 'NwbRecordingExtractor')
2026-10-02T22:20:08Z WARNING [690/1846] 29517bf7-0996-45c8-9413-17b161f831d3: leaving unrecorded for a later run to retry.
2026-10-02T22:20:08Z WARNING 2952d408-af76-410d-8525-8ff3a1b9f8fa: failed while reading the ElectricalSeries rates (AttributeError: module 'spikeinterface.extractors' has no attribute 'NwbRecordingExtractor')
2026-10-02T22:20:08Z WARNING [691/1846] 2952d408-af76-410d-8525-8ff3a1b9f8fa: leaving unrecorded for a later run to retry.
2026-10-02T22:20:08Z WARNING 29535088-0aa9-440e-9c9a-e13fa1328947: failed while reading the ElectricalSeries rates (AttributeError: module 'spikeinterface.extractors' has no attribute 'NwbRecordingExtractor')
2026-10-02T22:20:08Z WARNING [692/1846] 29535088-0aa9-440e-9c9a-e13fa1328947: leaving unrecorded for a later run to retry.
2026-10-02T22:20:08Z WARNING 2955d85a-bf9d-4f34-a83e-e294c843edab: failed while reading the ElectricalSeries rates (AttributeError: module 'spikeinterface.extractors' has no attribute 'NwbRecordingExtractor')
2026-10-02T22:20:08Z WARNING [693/1846] 2955d85a-bf9d-4f34-a83e-e294c843edab: leaving unrecorded for a later run to retry.
2026-10-02T22:20:08Z WARNING 29568271-bb53-4af3-b949-102a384fdd57: failed while reading the ElectricalSeries rates (AttributeError: module 'spikeinterface.extractors' has no attribute 'NwbRecordingExtractor')
2026-10-02T22:20:08Z WARNING [694/1846] 29568271-bb53-4af3-b949-102a384fdd57: leaving unrecorded for a later run to retry.
2026-10-02T22:20:08Z WARNING 2958f032-4333-42b8-9b71-18fe3ea9eea2: failed while reading the ElectricalSeries rates (AttributeError: module 'spikeinterface.extractors' has no attribute 'NwbRecordingExtractor')
2026-10-02T22:20:08Z WARNING [695/1846] 2958f032-4333-42b8-9b71-18fe3ea9eea2: leaving unrecorded for a later run to retry.
2026-10-02T22:20:08Z WARNING 295a6b75-8138-4cbb-b2dc-f529b8571ec3: failed while reading the ElectricalSeries rates (AttributeError: module 'spikeinterface.extractors' has no attribute 'NwbRecordingExtractor')
2026-10-02T22:20:08Z WARNING [696/1846] 295a6b75-8138-4cbb-b2dc-f529b8571ec3: leaving unrecorded for a later run to retry.
2026-10-02T22:20:08Z WARNING 295a9d5d-1fb5-409f-a093-d1ad874c8d48: failed while reading the ElectricalSeries rates (AttributeError: module 'spikeinterface.extractors' has no attribute 'NwbRecordingExtractor')
2026-10-02T22:20:08Z WARNING [697/1846] 295a9d5d-1fb5-409f-a093-d1ad874c8d48: leaving unrecorded for a later run to retry.
2026-10-02T22:20:08Z WARNING 295b1699-ae80-44c3-91fb-e601ec20d3b6: failed while reading the ElectricalSeries rates (AttributeError: module 'spikeinterface.extractors' has no attribute 'NwbRecordingExtractor')
2026-10-02T22:20:08Z WARNING [698/1846] 295b1699-ae80-44c3-91fb-e601ec20d3b6: leaving unrecorded for a later run to retry.
2026-10-02T22:20:09Z WARNING 295b2341-1612-4bfa-868a-5a9dd4d7c4c1: failed while reading the ElectricalSeries rates (AttributeError: module 'spikeinterface.extractors' has no attribute 'NwbRecordingExtractor')
2026-10-02T22:20:09Z WARNING [699/1846] 295b2341-1612-4bfa-868a-5a9dd4d7c4c1: leaving unrecorded for a later run to retry.
2026-10-02T22:20:09Z WARNING 295bfa77-103b-4faa-9e5a-8a7a4f08be65: failed while reading the ElectricalSeries rates (AttributeError: module 'spikeinterface.extractors' has no attribute 'NwbRecordingExtractor')
2026-10-02T22:20:09Z WARNING [700/1846] 295bfa77-103b-4faa-9e5a-8a7a4f08be65: leaving unrecorded for a later run to retry.
2026-10-02T22:20:09Z INFO [700/1846] 295bfa77-103b-4faa-9e5a-8a7a4f08be65: checkpointed 60602 records.
2026-10-02T22:20:09Z WARNING 295c26d8-7062-4eb0-8d06-95df9182baa8: failed while reading the ElectricalSeries rates (AttributeError: module 'spikeinterface.extractors' has no attribute 'NwbRecordingExtractor')
2026-10-02T22:20:09Z WARNING [701/1846] 295c26d8-7062-4eb0-8d06-95df9182baa8: leaving unrecorded for a later run to retry.
2026-10-02T22:20:09Z WARNING 295c2c83-38b6-4b1e-a777-897ca9d41c69: failed while reading the ElectricalSeries rates (AttributeError: module 'spikeinterface.extractors' has no attribute 'NwbRecordingExtractor')
2026-10-02T22:20:09Z WARNING [702/1846] 295c2c83-38b6-4b1e-a777-897ca9d41c69: leaving unrecorded for a later run to retry.
2026-10-02T22:20:09Z WARNING 295c8f53-a871-4fe0-8506-72d46f59aaa9: failed while reading the ElectricalSeries rates (AttributeError: module 'spikeinterface.extractors' has no attribute 'NwbRecordingExtractor')
2026-10-02T22:20:09Z WARNING [703/1846] 295c8f53-a871-4fe0-8506-72d46f59aaa9: leaving unrecorded for a later run to retry.
2026-10-02T22:20:09Z WARNING 295da2eb-566e-4958-9064-d22330cc77f4: failed while reading the ElectricalSeries rates (AttributeError: module 'spikeinterface.extractors' has no attribute 'NwbRecordingExtractor')
2026-10-02T22:20:09Z WARNING [704/1846] 295da2eb-566e-4958-9064-d22330cc77f4: leaving unrecorded for a later run to retry.
2026-10-02T22:20:09Z WARNING 295e1ca7-ee7c-4909-9b9b-edb254fa0882: failed while reading the ElectricalSeries rates (AttributeError: module 'spikeinterface.extractors' has no attribute 'NwbRecordingExtractor')
2026-10-02T22:20:09Z WARNING [705/1846] 295e1ca7-ee7c-4909-9b9b-edb254fa0882: leaving unrecorded for a later run to retry.
2026-10-02T22:20:09Z WARNING 295e253d-570c-4d14-aed3-e40be288ed30: failed while reading the ElectricalSeries rates (AttributeError: module 'spikeinterface.extractors' has no attribute 'NwbRecordingExtractor')
2026-10-02T22:20:09Z WARNING [706/1846] 295e253d-570c-4d14-aed3-e40be288ed30: leaving unrecorded for a later run to retry.
2026-10-02T22:20:09Z WARNING 295efdd8-a9f2-4b86-a7c7-078ae8422dd0: failed while reading the ElectricalSeries rates (AttributeError: module 'spikeinterface.extractors' has no attribute 'NwbRecordingExtractor')
2026-10-02T22:20:09Z WARNING [707/1846] 295efdd8-a9f2-4b86-a7c7-078ae8422dd0: leaving unrecorded for a later run to retry.
2026-10-02T22:20:09Z WARNING 295f2225-c428-4375-a621-be166a3823e4: failed while reading the ElectricalSeries rates (AttributeError: module 'spikeinterface.extractors' has no attribute 'NwbRecordingExtractor')
2026-10-02T22:20:09Z WARNING [708/1846] 295f2225-c428-4375-a621-be166a3823e4: leaving unrecorded for a later run to retry.
2026-10-02T22:20:09Z WARNING 295f36db-6ce6-4470-9d0f-fe96d5a314b2: failed while reading the ElectricalSeries rates (AttributeError: module 'spikeinterface.extractors' has no attribute 'NwbRecordingExtractor')
2026-10-02T22:20:09Z WARNING [709/1846] 295f36db-6ce6-4470-9d0f-fe96d5a314b2: leaving unrecorded for a later run to retry.
2026-10-02T22:20:09Z WARNING 295f4c31-4bc6-4cee-bf88-ef8c82203865: failed while reading the ElectricalSeries rates (AttributeError: module 'spikeinterface.extractors' has no attribute 'NwbRecordingExtractor')
2026-10-02T22:20:09Z WARNING [710/1846] 295f4c31-4bc6-4cee-bf88-ef8c82203865: leaving unrecorded for a later run to retry.
2026-10-02T22:20:09Z WARNING 295fe110-477f-49d8-8b0e-9d1e94086ac3: failed while reading the ElectricalSeries rates (AttributeError: module 'spikeinterface.extractors' has no attribute 'NwbRecordingExtractor')
2026-10-02T22:20:09Z WARNING [711/1846] 295fe110-477f-49d8-8b0e-9d1e94086ac3: leaving unrecorded for a later run to retry.
2026-10-02T22:20:09Z WARNING 2960665d-fe20-4c42-b659-b11bcc31f48b: failed while reading the ElectricalSeries rates (AttributeError: module 'spikeinterface.extractors' has no attribute 'NwbRecordingExtractor')
2026-10-02T22:20:09Z WARNING [712/1846] 2960665d-fe20-4c42-b659-b11bcc31f48b: leaving unrecorded for a later run to retry.
2026-10-02T22:20:09Z WARNING 2960f0f0-2533-4098-9cc2-2c13832913c8: failed while reading the ElectricalSeries rates (AttributeError: module 'spikeinterface.extractors' has no attribute 'NwbRecordingExtractor')
2026-10-02T22:20:09Z WARNING [713/1846] 2960f0f0-2533-4098-9cc2-2c13832913c8: leaving unrecorded for a later run to retry.
2026-10-02T22:20:09Z WARNING 29613f59-6200-4101-b0ad-2e97b7f4bc23: failed while reading the ElectricalSeries rates (AttributeError: module 'spikeinterface.extractors' has no attribute 'NwbRecordingExtractor')
2026-10-02T22:20:09Z WARNING [714/1846] 29613f59-6200-4101-b0ad-2e97b7f4bc23: leaving unrecorded for a later run to retry.
2026-10-02T22:20:10Z WARNING 29623ac3-3d5d-4d8b-a912-e48b82e983be: failed while reading the ElectricalSeries rates (AttributeError: module 'spikeinterface.extractors' has no attribute 'NwbRecordingExtractor')
2026-10-02T22:20:10Z WARNING [715/1846] 29623ac3-3d5d-4d8b-a912-e48b82e983be: leaving unrecorded for a later run to retry.
2026-10-02T22:20:10Z WARNING 296274fa-336b-464b-8e98-586f65b9ce48: failed while reading the ElectricalSeries rates (AttributeError: module 'spikeinterface.extractors' has no attribute 'NwbRecordingExtractor')
2026-10-02T22:20:10Z WARNING [716/1846] 296274fa-336b-464b-8e98-586f65b9ce48: leaving unrecorded for a later run to retry.
2026-10-02T22:20:10Z WARNING 29634cfc-10ff-46bb-97b9-b4a24e75de78: failed while reading the ElectricalSeries rates (AttributeError: module 'spikeinterface.extractors' has no attribute 'NwbRecordingExtractor')
2026-10-02T22:20:10Z WARNING [717/1846] 29634cfc-10ff-46bb-97b9-b4a24e75de78: leaving unrecorded for a later run to retry.
2026-10-02T22:20:10Z WARNING 2963986f-d697-4be5-bd31-39328e431dc1: failed while reading the ElectricalSeries rates (AttributeError: module 'spikeinterface.extractors' has no attribute 'NwbRecordingExtractor')
2026-10-02T22:20:10Z WARNING [718/1846] 2963986f-d697-4be5-bd31-39328e431dc1: leaving unrecorded for a later run to retry.
2026-10-02T22:20:10Z WARNING 2963ed8a-da8f-4679-91f7-5bb347535382: failed while reading the ElectricalSeries rates (AttributeError: module 'spikeinterface.extractors' has no attribute 'NwbRecordingExtractor')
2026-10-02T22:20:10Z WARNING [719/1846] 2963ed8a-da8f-4679-91f7-5bb347535382: leaving unrecorded for a later run to retry.
2026-10-02T22:20:10Z WARNING 29648331-8fb7-4be6-a322-67cae38db1d0: failed while reading the ElectricalSeries rates (AttributeError: module 'spikeinterface.extractors' has no attribute 'NwbRecordingExtractor')
2026-10-02T22:20:10Z WARNING [720/1846] 29648331-8fb7-4be6-a322-67cae38db1d0: leaving unrecorded for a later run to retry.
2026-10-02T22:20:10Z WARNING 2964917e-d4f9-475c-8820-dc5a53faf150: failed while reading the ElectricalSeries rates (AttributeError: module 'spikeinterface.extractors' has no attribute 'NwbRecordingExtractor')
2026-10-02T22:20:10Z WARNING [721/1846] 2964917e-d4f9-475c-8820-dc5a53faf150: leaving unrecorded for a later run to retry.
2026-10-02T22:20:10Z WARNING 2964ccbe-e5a9-4206-8755-91186249d222: failed while reading the ElectricalSeries rates (AttributeError: module 'spikeinterface.extractors' has no attribute 'NwbRecordingExtractor')
2026-10-02T22:20:10Z WARNING [722/1846] 2964ccbe-e5a9-4206-8755-91186249d222: leaving unrecorded for a later run to retry.
2026-10-02T22:20:10Z WARNING 29664925-3928-4702-b059-3121db95f9a6: failed while reading the ElectricalSeries rates (AttributeError: module 'spikeinterface.extractors' has no attribute 'NwbRecordingExtractor')
2026-10-02T22:20:10Z WARNING [723/1846] 29664925-3928-4702-b059-3121db95f9a6: leaving unrecorded for a later run to retry.
2026-10-02T22:20:10Z WARNING 2966a6ab-cef4-44a5-a677-49ac5a343efa: failed while reading the ElectricalSeries rates (AttributeError: module 'spikeinterface.extractors' has no attribute 'NwbRecordingExtractor')
2026-10-02T22:20:10Z WARNING [724/1846] 2966a6ab-cef4-44a5-a677-49ac5a343efa: leaving unrecorded for a later run to retry.
2026-10-02T22:20:10Z WARNING 2967294d-7935-48f0-a054-914b651a53cd: failed while reading the ElectricalSeries rates (AttributeError: module 'spikeinterface.extractors' has no attribute 'NwbRecordingExtractor')
2026-10-02T22:20:10Z WARNING [725/1846] 2967294d-7935-48f0-a054-914b651a53cd: leaving unrecorded for a later run to retry.
2026-10-02T22:20:10Z WARNING 296744db-f60e-44e3-a43f-5c62bce4cdce: failed while reading the ElectricalSeries rates (AttributeError: module 'spikeinterface.extractors' has no attribute 'NwbRecordingExtractor')
2026-10-02T22:20:10Z WARNING [726/1846] 296744db-f60e-44e3-a43f-5c62bce4cdce: leaving unrecorded for a later run to retry.
2026-10-02T22:20:10Z WARNING 29679f3d-5067-49f9-b68c-5cfdb03b9ce6: failed while reading the ElectricalSeries rates (AttributeError: module 'spikeinterface.extractors' has no attribute 'NwbRecordingExtractor')
2026-10-02T22:20:10Z WARNING [727/1846] 29679f3d-5067-49f9-b68c-5cfdb03b9ce6: leaving unrecorded for a later run to retry.
2026-10-02T22:20:10Z WARNING 29688e5c-0f24-4bfc-9f86-13aef1a24155: failed while reading the ElectricalSeries rates (AttributeError: module 'spikeinterface.extractors' has no attribute 'NwbRecordingExtractor')
2026-10-02T22:20:10Z WARNING [728/1846] 29688e5c-0f24-4bfc-9f86-13aef1a24155: leaving unrecorded for a later run to retry.
2026-10-02T22:20:10Z WARNING 29695a19-b714-45d4-9ef7-61cb41f81ff1: failed while reading the ElectricalSeries rates (AttributeError: module 'spikeinterface.extractors' has no attribute 'NwbRecordingExtractor')
2026-10-02T22:20:10Z WARNING [729/1846] 29695a19-b714-45d4-9ef7-61cb41f81ff1: leaving unrecorded for a later run to retry.
2026-10-02T22:20:10Z WARNING 29697236-e153-4ceb-8ab5-03cf349fedda: failed while reading the ElectricalSeries rates (AttributeError: module 'spikeinterface.extractors' has no attribute 'NwbRecordingExtractor')
2026-10-02T22:20:10Z WARNING [730/1846] 29697236-e153-4ceb-8ab5-03cf349fedda: leaving unrecorded for a later run to retry.
2026-10-02T22:20:10Z WARNING 29699a68-683e-4fa5-8a97-a827d75960a2: failed while reading the ElectricalSeries rates (AttributeError: module 'spikeinterface.extractors' has no attribute 'NwbRecordingExtractor')
2026-10-02T22:20:10Z WARNING [731/1846] 29699a68-683e-4fa5-8a97-a827d75960a2: leaving unrecorded for a later run to retry.
2026-10-02T22:20:10Z WARNING 2969ba9b-c6bc-4092-bb8e-44957bb68bb4: failed while reading the ElectricalSeries rates (AttributeError: module 'spikeinterface.extractors' has no attribute 'NwbRecordingExtractor')
2026-10-02T22:20:10Z WARNING [732/1846] 2969ba9b-c6bc-4092-bb8e-44957bb68bb4: leaving unrecorded for a later run to retry.
2026-10-02T22:20:11Z WARNING 2969c039-e993-4419-808f-3dd8960204be: failed while reading the ElectricalSeries rates (AttributeError: module 'spikeinterface.extractors' has no attribute 'NwbRecordingExtractor')
2026-10-02T22:20:11Z WARNING [733/1846] 2969c039-e993-4419-808f-3dd8960204be: leaving unrecorded for a later run to retry.
2026-10-02T22:20:11Z WARNING 2969d47c-71b3-43f7-9e04-e2874cc9775d: failed while reading the ElectricalSeries rates (AttributeError: module 'spikeinterface.extractors' has no attribute 'NwbRecordingExtractor')
2026-10-02T22:20:11Z WARNING [734/1846] 2969d47c-71b3-43f7-9e04-e2874cc9775d: leaving unrecorded for a later run to retry.
2026-10-02T22:20:11Z WARNING 296b4c33-3780-4be9-84ad-9c16158de4bd: failed while reading the ElectricalSeries rates (AttributeError: module 'spikeinterface.extractors' has no attribute 'NwbRecordingExtractor')
2026-10-02T22:20:11Z WARNING [735/1846] 296b4c33-3780-4be9-84ad-9c16158de4bd: leaving unrecorded for a later run to retry.
2026-10-02T22:20:11Z WARNING 296c482f-df0b-4115-8d7c-9da9a76a67e8: failed while reading the ElectricalSeries rates (AttributeError: module 'spikeinterface.extractors' has no attribute 'NwbRecordingExtractor')
2026-10-02T22:20:11Z WARNING [736/1846] 296c482f-df0b-4115-8d7c-9da9a76a67e8: leaving unrecorded for a later run to retry.
2026-10-02T22:20:11Z WARNING 296cdf02-22ad-4ccb-b203-2a0cc02b79a9: failed while reading the ElectricalSeries rates (AttributeError: module 'spikeinterface.extractors' has no attribute 'NwbRecordingExtractor')
2026-10-02T22:20:11Z WARNING [737/1846] 296cdf02-22ad-4ccb-b203-2a0cc02b79a9: leaving unrecorded for a later run to retry.
2026-10-02T22:20:11Z WARNING 296d3c2b-93a6-461d-9415-e5dade7c8b5a: failed while reading the ElectricalSeries rates (AttributeError: module 'spikeinterface.extractors' has no attribute 'NwbRecordingExtractor')
2026-10-02T22:20:11Z WARNING [738/1846] 296d3c2b-93a6-461d-9415-e5dade7c8b5a: leaving unrecorded for a later run to retry.
2026-10-02T22:20:11Z WARNING 296f6d21-41b2-4bea-8769-7d3746ccec86: failed while reading the ElectricalSeries rates (AttributeError: module 'spikeinterface.extractors' has no attribute 'NwbRecordingExtractor')
2026-10-02T22:20:11Z WARNING [739/1846] 296f6d21-41b2-4bea-8769-7d3746ccec86: leaving unrecorded for a later run to retry.
2026-10-02T22:20:11Z WARNING 296fd766-097b-466e-b2a7-7c1dcad1eb4b: failed while reading the ElectricalSeries rates (AttributeError: module 'spikeinterface.extractors' has no attribute 'NwbRecordingExtractor')
2026-10-02T22:20:11Z WARNING [740/1846] 296fd766-097b-466e-b2a7-7c1dcad1eb4b: leaving unrecorded for a later run to retry.
2026-10-02T22:20:11Z WARNING 296fdeac-2e40-4f08-8173-28cf8c6b402c: failed while reading the ElectricalSeries rates (AttributeError: module 'spikeinterface.extractors' has no attribute 'NwbRecordingExtractor')
2026-10-02T22:20:11Z WARNING [741/1846] 296fdeac-2e40-4f08-8173-28cf8c6b402c: leaving unrecorded for a later run to retry.
2026-10-02T22:20:11Z WARNING 29706924-82f1-4367-b87e-0975d629b99c: failed while reading the ElectricalSeries rates (AttributeError: module 'spikeinterface.extractors' has no attribute 'NwbRecordingExtractor')
2026-10-02T22:20:11Z WARNING [742/1846] 29706924-82f1-4367-b87e-0975d629b99c: leaving unrecorded for a later run to retry.
2026-10-02T22:20:11Z WARNING 297075ca-eca4-4894-9b5b-1775968be7c5: failed while reading the ElectricalSeries rates (AttributeError: module 'spikeinterface.extractors' has no attribute 'NwbRecordingExtractor')
2026-10-02T22:20:11Z WARNING [743/1846] 297075ca-eca4-4894-9b5b-1775968be7c5: leaving unrecorded for a later run to retry.
2026-10-02T22:20:11Z WARNING 2970b200-ece9-4f59-b1e3-d8bfefb036b5: failed while reading the ElectricalSeries rates (AttributeError: module 'spikeinterface.extractors' has no attribute 'NwbRecordingExtractor')
2026-10-02T22:20:11Z WARNING [744/1846] 2970b200-ece9-4f59-b1e3-d8bfefb036b5: leaving unrecorded for a later run to retry.
2026-10-02T22:20:11Z WARNING 2970ed10-87bf-4ca9-80e6-fd36e8900b9f: failed while reading the ElectricalSeries rates (AttributeError: module 'spikeinterface.extractors' has no attribute 'NwbRecordingExtractor')
2026-10-02T22:20:11Z WARNING [745/1846] 2970ed10-87bf-4ca9-80e6-fd36e8900b9f: leaving unrecorded for a later run to retry.
2026-10-02T22:20:11Z WARNING 29726399-d4ba-49ef-a4fd-4899753a13aa: failed while reading the ElectricalSeries rates (AttributeError: module 'spikeinterface.extractors' has no attribute 'NwbRecordingExtractor')
2026-10-02T22:20:11Z WARNING [746/1846] 29726399-d4ba-49ef-a4fd-4899753a13aa: leaving unrecorded for a later run to retry.
2026-10-02T22:20:11Z WARNING 29736194-e85d-4706-96b9-0ae5d2bc7066: failed while reading the ElectricalSeries rates (AttributeError: module 'spikeinterface.extractors' has no attribute 'NwbRecordingExtractor')
2026-10-02T22:20:11Z WARNING [747/1846] 29736194-e85d-4706-96b9-0ae5d2bc7066: leaving unrecorded for a later run to retry.
2026-10-02T22:20:11Z WARNING 297373cf-4914-4d69-9095-a692077f4db4: failed while reading the ElectricalSeries rates (AttributeError: module 'spikeinterface.extractors' has no attribute 'NwbRecordingExtractor')
2026-10-02T22:20:11Z WARNING [748/1846] 297373cf-4914-4d69-9095-a692077f4db4: leaving unrecorded for a later run to retry.
2026-10-02T22:20:11Z WARNING 2973bc68-24d6-4df3-b6bb-aa6b8191de7d: failed while reading the ElectricalSeries rates (AttributeError: module 'spikeinterface.extractors' has no attribute 'NwbRecordingExtractor')
2026-10-02T22:20:11Z WARNING [749/1846] 2973bc68-24d6-4df3-b6bb-aa6b8191de7d: leaving unrecorded for a later run to retry.
2026-10-02T22:20:12Z WARNING 297403d7-77dd-46c7-9ae3-37a6c6219cf5: failed while reading the ElectricalSeries rates (AttributeError: module 'spikeinterface.extractors' has no attribute 'NwbRecordingExtractor')
2026-10-02T22:20:12Z WARNING [750/1846] 297403d7-77dd-46c7-9ae3-37a6c6219cf5: leaving unrecorded for a later run to retry.
2026-10-02T22:20:12Z INFO [750/1846] 297403d7-77dd-46c7-9ae3-37a6c6219cf5: checkpointed 60602 records.
2026-10-02T22:20:12Z WARNING 2974f4e5-225c-4df5-908a-fde2c693fd02: failed while reading the ElectricalSeries rates (AttributeError: module 'spikeinterface.extractors' has no attribute 'NwbRecordingExtractor')
2026-10-02T22:20:12Z WARNING [751/1846] 2974f4e5-225c-4df5-908a-fde2c693fd02: leaving unrecorded for a later run to retry.
2026-10-02T22:20:12Z WARNING 297557c8-f329-4c99-81bb-e3513015fa71: failed while reading the ElectricalSeries rates (AttributeError: module 'spikeinterface.extractors' has no attribute 'NwbRecordingExtractor')
2026-10-02T22:20:12Z WARNING [752/1846] 297557c8-f329-4c99-81bb-e3513015fa71: leaving unrecorded for a later run to retry.
2026-10-02T22:20:12Z WARNING 2975640d-80e5-4f94-9a9b-1587dc56659d: failed while reading the ElectricalSeries rates (AttributeError: module 'spikeinterface.extractors' has no attribute 'NwbRecordingExtractor')
2026-10-02T22:20:12Z WARNING [753/1846] 2975640d-80e5-4f94-9a9b-1587dc56659d: leaving unrecorded for a later run to retry.
2026-10-02T22:20:12Z WARNING 29768b14-dc14-41a4-aaf3-2c0c1d5207ec: failed while reading the ElectricalSeries rates (AttributeError: module 'spikeinterface.extractors' has no attribute 'NwbRecordingExtractor')
2026-10-02T22:20:12Z WARNING [754/1846] 29768b14-dc14-41a4-aaf3-2c0c1d5207ec: leaving unrecorded for a later run to retry.
2026-10-02T22:20:12Z WARNING 29769925-ad8a-4f8a-b8de-bb8acbc225a5: failed while reading the ElectricalSeries rates (AttributeError: module 'spikeinterface.extractors' has no attribute 'NwbRecordingExtractor')
2026-10-02T22:20:12Z WARNING [755/1846] 29769925-ad8a-4f8a-b8de-bb8acbc225a5: leaving unrecorded for a later run to retry.
2026-10-02T22:20:12Z WARNING 2976aaa4-559c-4fc0-bc8a-314cb911b115: failed while reading the ElectricalSeries rates (AttributeError: module 'spikeinterface.extractors' has no attribute 'NwbRecordingExtractor')
2026-10-02T22:20:12Z WARNING [756/1846] 2976aaa4-559c-4fc0-bc8a-314cb911b115: leaving unrecorded for a later run to retry.
2026-10-02T22:20:12Z WARNING 29771c3d-ab74-43e3-8f1c-d6877f7916a0: failed while reading the ElectricalSeries rates (AttributeError: module 'spikeinterface.extractors' has no attribute 'NwbRecordingExtractor')
2026-10-02T22:20:12Z WARNING [757/1846] 29771c3d-ab74-43e3-8f1c-d6877f7916a0: leaving unrecorded for a later run to retry.
2026-10-02T22:20:12Z WARNING 29776a11-fc16-41c2-8fd0-99558b228a04: failed while reading the ElectricalSeries rates (AttributeError: module 'spikeinterface.extractors' has no attribute 'NwbRecordingExtractor')
2026-10-02T22:20:12Z WARNING [758/1846] 29776a11-fc16-41c2-8fd0-99558b228a04: leaving unrecorded for a later run to retry.
2026-10-02T22:20:12Z WARNING 297905e6-a2f3-4091-b1d5-c0fa69a91884: failed while reading the ElectricalSeries rates (AttributeError: module 'spikeinterface.extractors' has no attribute 'NwbRecordingExtractor')
2026-10-02T22:20:12Z WARNING [759/1846] 297905e6-a2f3-4091-b1d5-c0fa69a91884: leaving unrecorded for a later run to retry.
2026-10-02T22:20:12Z WARNING 29791f0f-d010-4f80-a613-0b351827c4df: failed while reading the ElectricalSeries rates (AttributeError: module 'spikeinterface.extractors' has no attribute 'NwbRecordingExtractor')
2026-10-02T22:20:12Z WARNING [760/1846] 29791f0f-d010-4f80-a613-0b351827c4df: leaving unrecorded for a later run to retry.
2026-10-02T22:20:12Z WARNING 29793109-dd6b-4dc6-8f64-4607f617aaa1: failed while reading the ElectricalSeries rates (AttributeError: module 'spikeinterface.extractors' has no attribute 'NwbRecordingExtractor')
2026-10-02T22:20:12Z WARNING [761/1846] 29793109-dd6b-4dc6-8f64-4607f617aaa1: leaving unrecorded for a later run to retry.
2026-10-02T22:20:12Z WARNING 297ae618-c2f8-4f07-a6ce-9bfd60373c86: failed while reading the ElectricalSeries rates (AttributeError: module 'spikeinterface.extractors' has no attribute 'NwbRecordingExtractor')
2026-10-02T22:20:12Z WARNING [762/1846] 297ae618-c2f8-4f07-a6ce-9bfd60373c86: leaving unrecorded for a later run to retry.
2026-10-02T22:20:12Z WARNING 297b149b-92eb-4f57-a91f-5ab0d9915295: failed while reading the ElectricalSeries rates (AttributeError: module 'spikeinterface.extractors' has no attribute 'NwbRecordingExtractor')
2026-10-02T22:20:12Z WARNING [763/1846] 297b149b-92eb-4f57-a91f-5ab0d9915295: leaving unrecorded for a later run to retry.
2026-10-02T22:20:12Z WARNING 297b591f-5d0b-4168-930c-57f64f4786c0: failed while reading the ElectricalSeries rates (AttributeError: module 'spikeinterface.extractors' has no attribute 'NwbRecordingExtractor')
2026-10-02T22:20:12Z WARNING [764/1846] 297b591f-5d0b-4168-930c-57f64f4786c0: leaving unrecorded for a later run to retry.
2026-10-02T22:20:12Z WARNING 297b6ab4-9b88-45ce-a000-6e2a08604365: failed while reading the ElectricalSeries rates (AttributeError: module 'spikeinterface.extractors' has no attribute 'NwbRecordingExtractor')
2026-10-02T22:20:12Z WARNING [765/1846] 297b6ab4-9b88-45ce-a000-6e2a08604365: leaving unrecorded for a later run to retry.
2026-10-02T22:20:13Z WARNING 297b9269-b7ec-44fe-9c4f-5e2eef7c5170: failed while reading the ElectricalSeries rates (AttributeError: module 'spikeinterface.extractors' has no attribute 'NwbRecordingExtractor')
2026-10-02T22:20:13Z WARNING [766/1846] 297b9269-b7ec-44fe-9c4f-5e2eef7c5170: leaving unrecorded for a later run to retry.
2026-10-02T22:20:13Z WARNING 297c481f-a108-4e3f-8300-38316470e288: failed while reading the ElectricalSeries rates (AttributeError: module 'spikeinterface.extractors' has no attribute 'NwbRecordingExtractor')
2026-10-02T22:20:13Z WARNING [767/1846] 297c481f-a108-4e3f-8300-38316470e288: leaving unrecorded for a later run to retry.
2026-10-02T22:20:13Z WARNING 297e282a-05f6-4e40-a537-34a648ee21c5: failed while reading the ElectricalSeries rates (AttributeError: module 'spikeinterface.extractors' has no attribute 'NwbRecordingExtractor')
2026-10-02T22:20:13Z WARNING [768/1846] 297e282a-05f6-4e40-a537-34a648ee21c5: leaving unrecorded for a later run to retry.
2026-10-02T22:20:13Z WARNING 297f1e1c-e2e2-44ce-bc17-52fcb5712b02: failed while reading the ElectricalSeries rates (AttributeError: module 'spikeinterface.extractors' has no attribute 'NwbRecordingExtractor')
2026-10-02T22:20:13Z WARNING [769/1846] 297f1e1c-e2e2-44ce-bc17-52fcb5712b02: leaving unrecorded for a later run to retry.
2026-10-02T22:20:13Z WARNING 297f3ed1-9d4f-40a1-bbed-127496f15660: failed while reading the ElectricalSeries rates (AttributeError: module 'spikeinterface.extractors' has no attribute 'NwbRecordingExtractor')
2026-10-02T22:20:13Z WARNING [770/1846] 297f3ed1-9d4f-40a1-bbed-127496f15660: leaving unrecorded for a later run to retry.
2026-10-02T22:20:13Z WARNING 297fb14a-252f-4942-9e84-f9ee7c1c9d51: failed while reading the ElectricalSeries rates (AttributeError: module 'spikeinterface.extractors' has no attribute 'NwbRecordingExtractor')
2026-10-02T22:20:13Z WARNING [771/1846] 297fb14a-252f-4942-9e84-f9ee7c1c9d51: leaving unrecorded for a later run to retry.
2026-10-02T22:20:13Z WARNING 29803841-6191-479d-9037-7164bd556ae5: failed while reading the ElectricalSeries rates (AttributeError: module 'spikeinterface.extractors' has no attribute 'NwbRecordingExtractor')
2026-10-02T22:20:13Z WARNING [772/1846] 29803841-6191-479d-9037-7164bd556ae5: leaving unrecorded for a later run to retry.
2026-10-02T22:20:13Z WARNING 29815f60-9964-43eb-9683-10c0a44013c6: failed while reading the ElectricalSeries rates (AttributeError: module 'spikeinterface.extractors' has no attribute 'NwbRecordingExtractor')
2026-10-02T22:20:13Z WARNING [773/1846] 29815f60-9964-43eb-9683-10c0a44013c6: leaving unrecorded for a later run to retry.
2026-10-02T22:20:13Z WARNING 29826e20-f314-494e-8d12-d2cae27d7f9a: failed while reading the ElectricalSeries rates (AttributeError: module 'spikeinterface.extractors' has no attribute 'NwbRecordingExtractor')
2026-10-02T22:20:13Z WARNING [774/1846] 29826e20-f314-494e-8d12-d2cae27d7f9a: leaving unrecorded for a later run to retry.
2026-10-02T22:20:13Z WARNING 2982a295-3bee-4da9-b2ae-b931d80a0212: failed while reading the ElectricalSeries rates (AttributeError: module 'spikeinterface.extractors' has no attribute 'NwbRecordingExtractor')
2026-10-02T22:20:13Z WARNING [775/1846] 2982a295-3bee-4da9-b2ae-b931d80a0212: leaving unrecorded for a later run to retry.
2026-10-02T22:20:13Z WARNING 2983a763-4fe6-45d6-93a7-05b23980ea95: failed while reading the ElectricalSeries rates (AttributeError: module 'spikeinterface.extractors' has no attribute 'NwbRecordingExtractor')
2026-10-02T22:20:13Z WARNING [776/1846] 2983a763-4fe6-45d6-93a7-05b23980ea95: leaving unrecorded for a later run to retry.
2026-10-02T22:20:13Z WARNING 2983a7c6-ebc2-4f66-aac3-c59c17542c2a: failed while reading the ElectricalSeries rates (AttributeError: module 'spikeinterface.extractors' has no attribute 'NwbRecordingExtractor')
2026-10-02T22:20:13Z WARNING [777/1846] 2983a7c6-ebc2-4f66-aac3-c59c17542c2a: leaving unrecorded for a later run to retry.
2026-10-02T22:20:13Z WARNING 2983fe75-5e3a-4e0d-ba0d-eaecf1266d12: failed while reading the ElectricalSeries rates (AttributeError: module 'spikeinterface.extractors' has no attribute 'NwbRecordingExtractor')
2026-10-02T22:20:13Z WARNING [778/1846] 2983fe75-5e3a-4e0d-ba0d-eaecf1266d12: leaving unrecorded for a later run to retry.
2026-10-02T22:20:13Z WARNING 29841cb2-b771-4a06-87dd-2265cb1247e2: failed while reading the ElectricalSeries rates (AttributeError: module 'spikeinterface.extractors' has no attribute 'NwbRecordingExtractor')
2026-10-02T22:20:13Z WARNING [779/1846] 29841cb2-b771-4a06-87dd-2265cb1247e2: leaving unrecorded for a later run to retry.
2026-10-02T22:20:13Z WARNING 29847b85-6f50-411e-b02f-eb0e25819696: failed while reading the ElectricalSeries rates (AttributeError: module 'spikeinterface.extractors' has no attribute 'NwbRecordingExtractor')
2026-10-02T22:20:13Z WARNING [780/1846] 29847b85-6f50-411e-b02f-eb0e25819696: leaving unrecorded for a later run to retry.
2026-10-02T22:20:13Z WARNING 298535fa-0e8e-4732-8f85-c883aa01d9d1: failed while reading the ElectricalSeries rates (AttributeError: module 'spikeinterface.extractors' has no attribute 'NwbRecordingExtractor')
2026-10-02T22:20:13Z WARNING [781/1846] 298535fa-0e8e-4732-8f85-c883aa01d9d1: leaving unrecorded for a later run to retry.
2026-10-02T22:20:13Z WARNING 2985a56d-175d-4f57-8220-b3843e141bb4: failed while reading the ElectricalSeries rates (AttributeError: module 'spikeinterface.extractors' has no attribute 'NwbRecordingExtractor')
2026-10-02T22:20:13Z WARNING [782/1846] 2985a56d-175d-4f57-8220-b3843e141bb4: leaving unrecorded for a later run to retry.
2026-10-02T22:20:14Z WARNING 29862c23-8ca0-44b7-a50f-4143f7f2560e: failed while reading the ElectricalSeries rates (AttributeError: module 'spikeinterface.extractors' has no attribute 'NwbRecordingExtractor')
2026-10-02T22:20:14Z WARNING [783/1846] 29862c23-8ca0-44b7-a50f-4143f7f2560e: leaving unrecorded for a later run to retry.
2026-10-02T22:20:14Z WARNING 298636ce-8515-4a78-a915-3558f8cfe474: failed while reading the ElectricalSeries rates (AttributeError: module 'spikeinterface.extractors' has no attribute 'NwbRecordingExtractor')
2026-10-02T22:20:14Z WARNING [784/1846] 298636ce-8515-4a78-a915-3558f8cfe474: leaving unrecorded for a later run to retry.
2026-10-02T22:20:14Z WARNING 2986a197-50af-4cee-af4d-261667b1efe3: failed while reading the ElectricalSeries rates (AttributeError: module 'spikeinterface.extractors' has no attribute 'NwbRecordingExtractor')
2026-10-02T22:20:14Z WARNING [785/1846] 2986a197-50af-4cee-af4d-261667b1efe3: leaving unrecorded for a later run to retry.
2026-10-02T22:20:14Z WARNING 29871052-7d76-403a-9a72-5cbbebf26ffa: failed while reading the ElectricalSeries rates (AttributeError: module 'spikeinterface.extractors' has no attribute 'NwbRecordingExtractor')
2026-10-02T22:20:14Z WARNING [786/1846] 29871052-7d76-403a-9a72-5cbbebf26ffa: leaving unrecorded for a later run to retry.
2026-10-02T22:20:14Z WARNING 29872ff5-0eed-45a1-8288-ef71c8a2e9c7: failed while reading the ElectricalSeries rates (AttributeError: module 'spikeinterface.extractors' has no attribute 'NwbRecordingExtractor')
2026-10-02T22:20:14Z WARNING [787/1846] 29872ff5-0eed-45a1-8288-ef71c8a2e9c7: leaving unrecorded for a later run to retry.
2026-10-02T22:20:14Z WARNING 2988a3c8-afa3-44ce-93b7-bb3c9f3f1737: failed while reading the ElectricalSeries rates (AttributeError: module 'spikeinterface.extractors' has no attribute 'NwbRecordingExtractor')
2026-10-02T22:20:14Z WARNING [788/1846] 2988a3c8-afa3-44ce-93b7-bb3c9f3f1737: leaving unrecorded for a later run to retry.
2026-10-02T22:20:14Z WARNING 2989785c-cd1f-4720-854f-c54a8a789b40: failed while reading the ElectricalSeries rates (AttributeError: module 'spikeinterface.extractors' has no attribute 'NwbRecordingExtractor')
2026-10-02T22:20:14Z WARNING [789/1846] 2989785c-cd1f-4720-854f-c54a8a789b40: leaving unrecorded for a later run to retry.
2026-10-02T22:20:14Z WARNING 2989ceff-bca2-4d19-9b57-9377b335841c: failed while reading the ElectricalSeries rates (AttributeError: module 'spikeinterface.extractors' has no attribute 'NwbRecordingExtractor')
2026-10-02T22:20:14Z WARNING [790/1846] 2989ceff-bca2-4d19-9b57-9377b335841c: leaving unrecorded for a later run to retry.
2026-10-02T22:20:14Z WARNING 2989d089-f492-4b4f-bb3c-79ffc7b2e254: failed while reading the ElectricalSeries rates (AttributeError: module 'spikeinterface.extractors' has no attribute 'NwbRecordingExtractor')
2026-10-02T22:20:14Z WARNING [791/1846] 2989d089-f492-4b4f-bb3c-79ffc7b2e254: leaving unrecorded for a later run to retry.
2026-10-02T22:20:14Z WARNING 2989f697-e808-49b2-b236-9ce25203f495: failed while reading the ElectricalSeries rates (AttributeError: module 'spikeinterface.extractors' has no attribute 'NwbRecordingExtractor')
2026-10-02T22:20:14Z WARNING [792/1846] 2989f697-e808-49b2-b236-9ce25203f495: leaving unrecorded for a later run to retry.
2026-10-02T22:20:14Z WARNING 2989f774-2933-48cd-a5b3-33bcae6e0a69: failed while reading the ElectricalSeries rates (AttributeError: module 'spikeinterface.extractors' has no attribute 'NwbRecordingExtractor')
2026-10-02T22:20:14Z WARNING [793/1846] 2989f774-2933-48cd-a5b3-33bcae6e0a69: leaving unrecorded for a later run to retry.
2026-10-02T22:20:14Z WARNING 298aa6aa-68e2-499c-ab85-ad2d7dfa93d9: failed while reading the ElectricalSeries rates (AttributeError: module 'spikeinterface.extractors' has no attribute 'NwbRecordingExtractor')
2026-10-02T22:20:14Z WARNING [794/1846] 298aa6aa-68e2-499c-ab85-ad2d7dfa93d9: leaving unrecorded for a later run to retry.
2026-10-02T22:20:14Z WARNING 298aa8c4-a017-4b77-ba9b-5c7dff6ba77b: failed while reading the ElectricalSeries rates (AttributeError: module 'spikeinterface.extractors' has no attribute 'NwbRecordingExtractor')
2026-10-02T22:20:14Z WARNING [795/1846] 298aa8c4-a017-4b77-ba9b-5c7dff6ba77b: leaving unrecorded for a later run to retry.
2026-10-02T22:20:14Z WARNING 298ab406-ba97-4b26-b727-544eb9b93191: failed while reading the ElectricalSeries rates (AttributeError: module 'spikeinterface.extractors' has no attribute 'NwbRecordingExtractor')
2026-10-02T22:20:14Z WARNING [796/1846] 298ab406-ba97-4b26-b727-544eb9b93191: leaving unrecorded for a later run to retry.
2026-10-02T22:20:14Z WARNING 298ac6c0-86bf-403e-b652-1d8d2226486b: failed while reading the ElectricalSeries rates (AttributeError: module 'spikeinterface.extractors' has no attribute 'NwbRecordingExtractor')
2026-10-02T22:20:14Z WARNING [797/1846] 298ac6c0-86bf-403e-b652-1d8d2226486b: leaving unrecorded for a later run to retry.
2026-10-02T22:20:14Z WARNING 298ac8fc-81c1-4f0d-b3f3-b2f75d7c9398: failed while reading the ElectricalSeries rates (AttributeError: module 'spikeinterface.extractors' has no attribute 'NwbRecordingExtractor')
2026-10-02T22:20:14Z WARNING [798/1846] 298ac8fc-81c1-4f0d-b3f3-b2f75d7c9398: leaving unrecorded for a later run to retry.
2026-10-02T22:20:14Z WARNING 298bf7e0-4ec3-4c55-99ea-8dcff33c6b42: failed while reading the ElectricalSeries rates (AttributeError: module 'spikeinterface.extractors' has no attribute 'NwbRecordingExtractor')
2026-10-02T22:20:14Z WARNING [799/1846] 298bf7e0-4ec3-4c55-99ea-8dcff33c6b42: leaving unrecorded for a later run to retry.
2026-10-02T22:20:15Z WARNING 298d6330-ae33-4185-913a-51d9ea7386b5: failed while reading the ElectricalSeries rates (AttributeError: module 'spikeinterface.extractors' has no attribute 'NwbRecordingExtractor')
2026-10-02T22:20:15Z WARNING [800/1846] 298d6330-ae33-4185-913a-51d9ea7386b5: leaving unrecorded for a later run to retry.
2026-10-02T22:20:15Z INFO [800/1846] 298d6330-ae33-4185-913a-51d9ea7386b5: checkpointed 60602 records.
2026-10-02T22:20:15Z WARNING 298e7120-b80c-4571-b432-e8d1c19db854: failed while reading the ElectricalSeries rates (AttributeError: module 'spikeinterface.extractors' has no attribute 'NwbRecordingExtractor')
2026-10-02T22:20:15Z WARNING [801/1846] 298e7120-b80c-4571-b432-e8d1c19db854: leaving unrecorded for a later run to retry.
2026-10-02T22:20:15Z WARNING 298ec80f-0e61-4c03-8e41-17237dd80194: failed while reading the ElectricalSeries rates (AttributeError: module 'spikeinterface.extractors' has no attribute 'NwbRecordingExtractor')
2026-10-02T22:20:15Z WARNING [802/1846] 298ec80f-0e61-4c03-8e41-17237dd80194: leaving unrecorded for a later run to retry.
2026-10-02T22:20:15Z WARNING 298ef173-084f-4291-aea4-4ded8e2f4788: failed while reading the ElectricalSeries rates (AttributeError: module 'spikeinterface.extractors' has no attribute 'NwbRecordingExtractor')
2026-10-02T22:20:15Z WARNING [803/1846] 298ef173-084f-4291-aea4-4ded8e2f4788: leaving unrecorded for a later run to retry.
2026-10-02T22:20:15Z WARNING 298f0725-bfb5-4ddf-b4a8-fb42e12a8ea4: failed while reading the ElectricalSeries rates (AttributeError: module 'spikeinterface.extractors' has no attribute 'NwbRecordingExtractor')
2026-10-02T22:20:15Z WARNING [804/1846] 298f0725-bfb5-4ddf-b4a8-fb42e12a8ea4: leaving unrecorded for a later run to retry.
2026-10-02T22:20:15Z WARNING 298f1773-092c-44ed-aea0-d2cd1b58d11b: failed while reading the ElectricalSeries rates (AttributeError: module 'spikeinterface.extractors' has no attribute 'NwbRecordingExtractor')
2026-10-02T22:20:15Z WARNING [805/1846] 298f1773-092c-44ed-aea0-d2cd1b58d11b: leaving unrecorded for a later run to retry.
2026-10-02T22:20:15Z WARNING 298f92ac-fc6c-4343-9298-25f6da51b172: failed while reading the ElectricalSeries rates (AttributeError: module 'spikeinterface.extractors' has no attribute 'NwbRecordingExtractor')
2026-10-02T22:20:15Z WARNING [806/1846] 298f92ac-fc6c-4343-9298-25f6da51b172: leaving unrecorded for a later run to retry.
2026-10-02T22:20:15Z WARNING 298f9da1-8e78-45c1-8355-d7f99ec4adeb: failed while reading the ElectricalSeries rates (AttributeError: module 'spikeinterface.extractors' has no attribute 'NwbRecordingExtractor')
2026-10-02T22:20:15Z WARNING [807/1846] 298f9da1-8e78-45c1-8355-d7f99ec4adeb: leaving unrecorded for a later run to retry.
2026-10-02T22:20:15Z WARNING 298fa075-98e9-4a47-aa99-477038de6352: failed while reading the ElectricalSeries rates (AttributeError: module 'spikeinterface.extractors' has no attribute 'NwbRecordingExtractor')
2026-10-02T22:20:15Z WARNING [808/1846] 298fa075-98e9-4a47-aa99-477038de6352: leaving unrecorded for a later run to retry.
2026-10-02T22:20:15Z WARNING 298fde3d-2a9a-4ade-90aa-682e5c63069e: failed while reading the ElectricalSeries rates (AttributeError: module 'spikeinterface.extractors' has no attribute 'NwbRecordingExtractor')
2026-10-02T22:20:15Z WARNING [809/1846] 298fde3d-2a9a-4ade-90aa-682e5c63069e: leaving unrecorded for a later run to retry.
2026-10-02T22:20:15Z WARNING 2990afaa-1849-4bf9-87af-d4c7d6f83ac9: failed while reading the ElectricalSeries rates (AttributeError: module 'spikeinterface.extractors' has no attribute 'NwbRecordingExtractor')
2026-10-02T22:20:15Z WARNING [810/1846] 2990afaa-1849-4bf9-87af-d4c7d6f83ac9: leaving unrecorded for a later run to retry.
2026-10-02T22:20:15Z WARNING 2991f21f-2491-47f9-82f3-28f9dbeb20c8: failed while reading the ElectricalSeries rates (AttributeError: module 'spikeinterface.extractors' has no attribute 'NwbRecordingExtractor')
2026-10-02T22:20:15Z WARNING [811/1846] 2991f21f-2491-47f9-82f3-28f9dbeb20c8: leaving unrecorded for a later run to retry.
2026-10-02T22:20:15Z WARNING 2991fd92-52b0-4024-bb62-0b2180140209: failed while reading the ElectricalSeries rates (AttributeError: module 'spikeinterface.extractors' has no attribute 'NwbRecordingExtractor')
2026-10-02T22:20:15Z WARNING [812/1846] 2991fd92-52b0-4024-bb62-0b2180140209: leaving unrecorded for a later run to retry.
2026-10-02T22:20:15Z WARNING 2992a030-1254-4fb4-af68-26c58b657d62: failed while reading the ElectricalSeries rates (AttributeError: module 'spikeinterface.extractors' has no attribute 'NwbRecordingExtractor')
2026-10-02T22:20:15Z WARNING [813/1846] 2992a030-1254-4fb4-af68-26c58b657d62: leaving unrecorded for a later run to retry.
2026-10-02T22:20:15Z WARNING 29932427-1e32-4726-8abe-520ea9ef068d: failed while reading the ElectricalSeries rates (AttributeError: module 'spikeinterface.extractors' has no attribute 'NwbRecordingExtractor')
2026-10-02T22:20:15Z WARNING [814/1846] 29932427-1e32-4726-8abe-520ea9ef068d: leaving unrecorded for a later run to retry.
2026-10-02T22:20:15Z WARNING 29932659-bc65-45e2-86b9-6e67649710ce: failed while reading the ElectricalSeries rates (AttributeError: module 'spikeinterface.extractors' has no attribute 'NwbRecordingExtractor')
2026-10-02T22:20:15Z WARNING [815/1846] 29932659-bc65-45e2-86b9-6e67649710ce: leaving unrecorded for a later run to retry.
2026-10-02T22:20:16Z WARNING 29936768-4b03-4bf4-b1c9-d88d855fdbae: failed while reading the ElectricalSeries rates (AttributeError: module 'spikeinterface.extractors' has no attribute 'NwbRecordingExtractor')
2026-10-02T22:20:16Z WARNING [816/1846] 29936768-4b03-4bf4-b1c9-d88d855fdbae: leaving unrecorded for a later run to retry.
2026-10-02T22:20:16Z WARNING 29949beb-741b-49d6-b6f6-ada044b9363c: failed while reading the ElectricalSeries rates (AttributeError: module 'spikeinterface.extractors' has no attribute 'NwbRecordingExtractor')
2026-10-02T22:20:16Z WARNING [817/1846] 29949beb-741b-49d6-b6f6-ada044b9363c: leaving unrecorded for a later run to retry.
2026-10-02T22:20:16Z WARNING 299565ab-c9ba-4f77-a8fa-54d4f7ee5ffc: failed while reading the ElectricalSeries rates (AttributeError: module 'spikeinterface.extractors' has no attribute 'NwbRecordingExtractor')
2026-10-02T22:20:16Z WARNING [818/1846] 299565ab-c9ba-4f77-a8fa-54d4f7ee5ffc: leaving unrecorded for a later run to retry.
2026-10-02T22:20:16Z WARNING 29964c1f-ec9d-4e54-aad3-a97270abef85: failed while reading the ElectricalSeries rates (AttributeError: module 'spikeinterface.extractors' has no attribute 'NwbRecordingExtractor')
2026-10-02T22:20:16Z WARNING [819/1846] 29964c1f-ec9d-4e54-aad3-a97270abef85: leaving unrecorded for a later run to retry.
2026-10-02T22:20:16Z WARNING 29967eca-7eb2-4035-a8a7-0c7d3d878c0d: failed while reading the ElectricalSeries rates (AttributeError: module 'spikeinterface.extractors' has no attribute 'NwbRecordingExtractor')
2026-10-02T22:20:16Z WARNING [820/1846] 29967eca-7eb2-4035-a8a7-0c7d3d878c0d: leaving unrecorded for a later run to retry.
2026-10-02T22:20:16Z WARNING 299682d2-ee43-4b72-818c-492f81d6990d: failed while reading the ElectricalSeries rates (AttributeError: module 'spikeinterface.extractors' has no attribute 'NwbRecordingExtractor')
2026-10-02T22:20:16Z WARNING [821/1846] 299682d2-ee43-4b72-818c-492f81d6990d: leaving unrecorded for a later run to retry.
2026-10-02T22:20:16Z WARNING 299694bb-bb74-4923-ae0c-b1552fbc7764: failed while reading the ElectricalSeries rates (AttributeError: module 'spikeinterface.extractors' has no attribute 'NwbRecordingExtractor')
2026-10-02T22:20:16Z WARNING [822/1846] 299694bb-bb74-4923-ae0c-b1552fbc7764: leaving unrecorded for a later run to retry.
2026-10-02T22:20:16Z WARNING 29970467-a788-4f71-8fb3-831a7483f994: failed while reading the ElectricalSeries rates (AttributeError: module 'spikeinterface.extractors' has no attribute 'NwbRecordingExtractor')
2026-10-02T22:20:16Z WARNING [823/1846] 29970467-a788-4f71-8fb3-831a7483f994: leaving unrecorded for a later run to retry.
2026-10-02T22:20:16Z WARNING 2997b568-8d02-4862-8e88-5da0689ca4e9: failed while reading the ElectricalSeries rates (AttributeError: module 'spikeinterface.extractors' has no attribute 'NwbRecordingExtractor')
2026-10-02T22:20:16Z WARNING [824/1846] 2997b568-8d02-4862-8e88-5da0689ca4e9: leaving unrecorded for a later run to retry.
2026-10-02T22:20:16Z WARNING 2997c7ee-34a3-484c-88cb-fa5d5ee4e1b1: failed while reading the ElectricalSeries rates (AttributeError: module 'spikeinterface.extractors' has no attribute 'NwbRecordingExtractor')
2026-10-02T22:20:16Z WARNING [825/1846] 2997c7ee-34a3-484c-88cb-fa5d5ee4e1b1: leaving unrecorded for a later run to retry.
2026-10-02T22:20:16Z WARNING 2997dc7a-9e39-4e94-9292-3a7a404ec105: failed while reading the ElectricalSeries rates (AttributeError: module 'spikeinterface.extractors' has no attribute 'NwbRecordingExtractor')
2026-10-02T22:20:16Z WARNING [826/1846] 2997dc7a-9e39-4e94-9292-3a7a404ec105: leaving unrecorded for a later run to retry.
2026-10-02T22:20:16Z WARNING 2997ea13-2c50-4490-8158-5ca9eb6dfd76: failed while reading the ElectricalSeries rates (AttributeError: module 'spikeinterface.extractors' has no attribute 'NwbRecordingExtractor')
2026-10-02T22:20:16Z WARNING [827/1846] 2997ea13-2c50-4490-8158-5ca9eb6dfd76: leaving unrecorded for a later run to retry.
2026-10-02T22:20:16Z WARNING 29981a1a-4a26-4d5a-9022-fd9303009420: failed while reading the ElectricalSeries rates (AttributeError: module 'spikeinterface.extractors' has no attribute 'NwbRecordingExtractor')
2026-10-02T22:20:16Z WARNING [828/1846] 29981a1a-4a26-4d5a-9022-fd9303009420: leaving unrecorded for a later run to retry.
2026-10-02T22:20:16Z WARNING 299823fd-39b2-46da-96f9-6d605aa72dab: failed while reading the ElectricalSeries rates (AttributeError: module 'spikeinterface.extractors' has no attribute 'NwbRecordingExtractor')
2026-10-02T22:20:16Z WARNING [829/1846] 299823fd-39b2-46da-96f9-6d605aa72dab: leaving unrecorded for a later run to retry.
2026-10-02T22:20:16Z WARNING 29983c2d-8f1d-4df8-9e89-3bfdb5413007: failed while reading the ElectricalSeries rates (AttributeError: module 'spikeinterface.extractors' has no attribute 'NwbRecordingExtractor')
2026-10-02T22:20:16Z WARNING [830/1846] 29983c2d-8f1d-4df8-9e89-3bfdb5413007: leaving unrecorded for a later run to retry.
2026-10-02T22:20:16Z WARNING 299850fe-bd54-4d25-8d4b-8325dc796a93: failed while reading the ElectricalSeries rates (AttributeError: module 'spikeinterface.extractors' has no attribute 'NwbRecordingExtractor')
2026-10-02T22:20:16Z WARNING [831/1846] 299850fe-bd54-4d25-8d4b-8325dc796a93: leaving unrecorded for a later run to retry.
2026-10-02T22:20:16Z WARNING 29988413-320e-439c-bc90-f65d7722e159: failed while reading the ElectricalSeries rates (AttributeError: module 'spikeinterface.extractors' has no attribute 'NwbRecordingExtractor')
2026-10-02T22:20:16Z WARNING [832/1846] 29988413-320e-439c-bc90-f65d7722e159: leaving unrecorded for a later run to retry.
2026-10-02T22:20:16Z WARNING 29994feb-543e-486b-aac8-c17bd4432c8b: failed while reading the ElectricalSeries rates (AttributeError: module 'spikeinterface.extractors' has no attribute 'NwbRecordingExtractor')
2026-10-02T22:20:16Z WARNING [833/1846] 29994feb-543e-486b-aac8-c17bd4432c8b: leaving unrecorded for a later run to retry.
2026-10-02T22:20:16Z WARNING 29998427-8c4e-497c-8ca4-309ae893747e: failed while reading the ElectricalSeries rates (AttributeError: module 'spikeinterface.extractors' has no attribute 'NwbRecordingExtractor')
2026-10-02T22:20:16Z WARNING [834/1846] 29998427-8c4e-497c-8ca4-309ae893747e: leaving unrecorded for a later run to retry.
2026-10-02T22:20:17Z WARNING 2999c732-bf3f-41c8-b75d-35f60017fea6: failed while reading the ElectricalSeries rates (AttributeError: module 'spikeinterface.extractors' has no attribute 'NwbRecordingExtractor')
2026-10-02T22:20:17Z WARNING [835/1846] 2999c732-bf3f-41c8-b75d-35f60017fea6: leaving unrecorded for a later run to retry.
2026-10-02T22:20:17Z WARNING 299b72c2-97bd-42fd-aede-7b6a308fbc5c: failed while reading the ElectricalSeries rates (AttributeError: module 'spikeinterface.extractors' has no attribute 'NwbRecordingExtractor')
2026-10-02T22:20:17Z WARNING [836/1846] 299b72c2-97bd-42fd-aede-7b6a308fbc5c: leaving unrecorded for a later run to retry.
2026-10-02T22:20:17Z WARNING 299c196c-374a-4374-853c-1f210ed69b75: failed while reading the ElectricalSeries rates (AttributeError: module 'spikeinterface.extractors' has no attribute 'NwbRecordingExtractor')
2026-10-02T22:20:17Z WARNING [837/1846] 299c196c-374a-4374-853c-1f210ed69b75: leaving unrecorded for a later run to retry.
2026-10-02T22:20:17Z WARNING 299c1fd3-074b-42a3-8f6a-e3c9002ee926: failed while reading the ElectricalSeries rates (AttributeError: module 'spikeinterface.extractors' has no attribute 'NwbRecordingExtractor')
2026-10-02T22:20:17Z WARNING [838/1846] 299c1fd3-074b-42a3-8f6a-e3c9002ee926: leaving unrecorded for a later run to retry.
2026-10-02T22:20:17Z WARNING 299c3400-3b6c-4533-81c4-e6bccdfe3d78: failed while reading the ElectricalSeries rates (AttributeError: module 'spikeinterface.extractors' has no attribute 'NwbRecordingExtractor')
2026-10-02T22:20:17Z WARNING [839/1846] 299c3400-3b6c-4533-81c4-e6bccdfe3d78: leaving unrecorded for a later run to retry.
2026-10-02T22:20:17Z WARNING 299c3f4e-703c-4d37-b4ae-f68032adce88: failed while reading the ElectricalSeries rates (AttributeError: module 'spikeinterface.extractors' has no attribute 'NwbRecordingExtractor')
2026-10-02T22:20:17Z WARNING [840/1846] 299c3f4e-703c-4d37-b4ae-f68032adce88: leaving unrecorded for a later run to retry.
2026-10-02T22:20:17Z WARNING 299c8942-1459-4fd3-98ca-b0baab7b503c: failed while reading the ElectricalSeries rates (AttributeError: module 'spikeinterface.extractors' has no attribute 'NwbRecordingExtractor')
2026-10-02T22:20:17Z WARNING [841/1846] 299c8942-1459-4fd3-98ca-b0baab7b503c: leaving unrecorded for a later run to retry.
2026-10-02T22:20:17Z WARNING 299ca7cd-ab25-4c7f-bb20-e654c4e94535: failed while reading the ElectricalSeries rates (AttributeError: module 'spikeinterface.extractors' has no attribute 'NwbRecordingExtractor')
2026-10-02T22:20:17Z WARNING [842/1846] 299ca7cd-ab25-4c7f-bb20-e654c4e94535: leaving unrecorded for a later run to retry.
2026-10-02T22:20:17Z WARNING 299cab8d-64b6-48ff-a66a-a4f0a03cf2db: failed while reading the ElectricalSeries rates (AttributeError: module 'spikeinterface.extractors' has no attribute 'NwbRecordingExtractor')
2026-10-02T22:20:17Z WARNING [843/1846] 299cab8d-64b6-48ff-a66a-a4f0a03cf2db: leaving unrecorded for a later run to retry.
2026-10-02T22:20:17Z WARNING 299ebe46-ea39-4fa0-893f-e39ca14e8008: failed while reading the ElectricalSeries rates (AttributeError: module 'spikeinterface.extractors' has no attribute 'NwbRecordingExtractor')
2026-10-02T22:20:17Z WARNING [844/1846] 299ebe46-ea39-4fa0-893f-e39ca14e8008: leaving unrecorded for a later run to retry.
2026-10-02T22:20:17Z WARNING 299eeb9b-4a16-4aa5-9ff7-67d364d7adc2: failed while reading the ElectricalSeries rates (AttributeError: module 'spikeinterface.extractors' has no attribute 'NwbRecordingExtractor')
2026-10-02T22:20:17Z WARNING [845/1846] 299eeb9b-4a16-4aa5-9ff7-67d364d7adc2: leaving unrecorded for a later run to retry.
2026-10-02T22:20:17Z WARNING 299f2109-b369-4d1f-9f3c-3cb5da44539b: failed while reading the ElectricalSeries rates (AttributeError: module 'spikeinterface.extractors' has no attribute 'NwbRecordingExtractor')
2026-10-02T22:20:17Z WARNING [846/1846] 299f2109-b369-4d1f-9f3c-3cb5da44539b: leaving unrecorded for a later run to retry.
2026-10-02T22:20:17Z WARNING 29a02cd5-f24e-425c-8784-93f14f5663f4: failed while reading the ElectricalSeries rates (AttributeError: module 'spikeinterface.extractors' has no attribute 'NwbRecordingExtractor')
2026-10-02T22:20:17Z WARNING [847/1846] 29a02cd5-f24e-425c-8784-93f14f5663f4: leaving unrecorded for a later run to retry.
2026-10-02T22:20:17Z WARNING 29a03b71-8835-4a4c-a3bb-9f63c65b53ef: failed while reading the ElectricalSeries rates (AttributeError: module 'spikeinterface.extractors' has no attribute 'NwbRecordingExtractor')
2026-10-02T22:20:17Z WARNING [848/1846] 29a03b71-8835-4a4c-a3bb-9f63c65b53ef: leaving unrecorded for a later run to retry.
2026-10-02T22:20:17Z WARNING 29a08d41-e9bb-433b-9edd-e2bcd8d7827e: failed while reading the ElectricalSeries rates (AttributeError: module 'spikeinterface.extractors' has no attribute 'NwbRecordingExtractor')
2026-10-02T22:20:17Z WARNING [849/1846] 29a08d41-e9bb-433b-9edd-e2bcd8d7827e: leaving unrecorded for a later run to retry.
2026-10-02T22:20:17Z WARNING 29a21d0c-c44b-40a9-ba51-c192c775fff0: failed while reading the ElectricalSeries rates (AttributeError: module 'spikeinterface.extractors' has no attribute 'NwbRecordingExtractor')
2026-10-02T22:20:17Z WARNING [850/1846] 29a21d0c-c44b-40a9-ba51-c192c775fff0: leaving unrecorded for a later run to retry.
2026-10-02T22:20:17Z INFO [850/1846] 29a21d0c-c44b-40a9-ba51-c192c775fff0: checkpointed 60602 records.
2026-10-02T22:20:18Z WARNING 29a2625e-f97c-431a-a32e-d7e284acf1a3: failed while reading the ElectricalSeries rates (AttributeError: module 'spikeinterface.extractors' has no attribute 'NwbRecordingExtractor')
2026-10-02T22:20:18Z WARNING [851/1846] 29a2625e-f97c-431a-a32e-d7e284acf1a3: leaving unrecorded for a later run to retry.
2026-10-02T22:20:18Z WARNING 29a28bf8-0820-4335-aa43-3f70db276788: failed while reading the ElectricalSeries rates (AttributeError: module 'spikeinterface.extractors' has no attribute 'NwbRecordingExtractor')
2026-10-02T22:20:18Z WARNING [852/1846] 29a28bf8-0820-4335-aa43-3f70db276788: leaving unrecorded for a later run to retry.
2026-10-02T22:20:18Z WARNING 29a38dd4-5bd7-4916-99ec-24e72d2a5f71: failed while reading the ElectricalSeries rates (AttributeError: module 'spikeinterface.extractors' has no attribute 'NwbRecordingExtractor')
2026-10-02T22:20:18Z WARNING [853/1846] 29a38dd4-5bd7-4916-99ec-24e72d2a5f71: leaving unrecorded for a later run to retry.
2026-10-02T22:20:18Z WARNING 29a3ae0f-a165-4566-a7b5-076477eb975d: failed while reading the ElectricalSeries rates (AttributeError: module 'spikeinterface.extractors' has no attribute 'NwbRecordingExtractor')
2026-10-02T22:20:18Z WARNING [854/1846] 29a3ae0f-a165-4566-a7b5-076477eb975d: leaving unrecorded for a later run to retry.
2026-10-02T22:20:18Z WARNING 29a4b2f3-23bd-457b-baad-67ebe92e159f: failed while reading the ElectricalSeries rates (AttributeError: module 'spikeinterface.extractors' has no attribute 'NwbRecordingExtractor')
2026-10-02T22:20:18Z WARNING [855/1846] 29a4b2f3-23bd-457b-baad-67ebe92e159f: leaving unrecorded for a later run to retry.
2026-10-02T22:20:18Z WARNING 29a55d66-73e4-4ef1-a6ea-65faa9aee973: failed while reading the ElectricalSeries rates (AttributeError: module 'spikeinterface.extractors' has no attribute 'NwbRecordingExtractor')
2026-10-02T22:20:18Z WARNING [856/1846] 29a55d66-73e4-4ef1-a6ea-65faa9aee973: leaving unrecorded for a later run to retry.
2026-10-02T22:20:18Z WARNING 29a5a558-4c17-4b51-b3d5-464ab26f50e3: failed while reading the ElectricalSeries rates (AttributeError: module 'spikeinterface.extractors' has no attribute 'NwbRecordingExtractor')
2026-10-02T22:20:18Z WARNING [857/1846] 29a5a558-4c17-4b51-b3d5-464ab26f50e3: leaving unrecorded for a later run to retry.
2026-10-02T22:20:18Z WARNING 29a5b8b2-9294-4fa7-9917-ce58bbac032e: failed while reading the ElectricalSeries rates (AttributeError: module 'spikeinterface.extractors' has no attribute 'NwbRecordingExtractor')
2026-10-02T22:20:18Z WARNING [858/1846] 29a5b8b2-9294-4fa7-9917-ce58bbac032e: leaving unrecorded for a later run to retry.
2026-10-02T22:20:18Z WARNING 29a7156a-9fbc-42f7-9682-4828459b7cf0: failed while reading the ElectricalSeries rates (AttributeError: module 'spikeinterface.extractors' has no attribute 'NwbRecordingExtractor')
2026-10-02T22:20:18Z WARNING [859/1846] 29a7156a-9fbc-42f7-9682-4828459b7cf0: leaving unrecorded for a later run to retry.
2026-10-02T22:20:18Z WARNING 29a72371-e330-43c8-becf-af215b9f1ff6: failed while reading the ElectricalSeries rates (AttributeError: module 'spikeinterface.extractors' has no attribute 'NwbRecordingExtractor')
2026-10-02T22:20:18Z WARNING [860/1846] 29a72371-e330-43c8-becf-af215b9f1ff6: leaving unrecorded for a later run to retry.
2026-10-02T22:20:18Z WARNING 29a75b20-7b66-4995-80eb-d3de1b5acc10: failed while reading the ElectricalSeries rates (AttributeError: module 'spikeinterface.extractors' has no attribute 'NwbRecordingExtractor')
2026-10-02T22:20:18Z WARNING [861/1846] 29a75b20-7b66-4995-80eb-d3de1b5acc10: leaving unrecorded for a later run to retry.
2026-10-02T22:20:18Z WARNING 29a90d39-7d79-468c-9cc1-59143b7a6a98: failed while reading the ElectricalSeries rates (AttributeError: module 'spikeinterface.extractors' has no attribute 'NwbRecordingExtractor')
2026-10-02T22:20:18Z WARNING [862/1846] 29a90d39-7d79-468c-9cc1-59143b7a6a98: leaving unrecorded for a later run to retry.
2026-10-02T22:20:18Z WARNING 29a92b9c-545f-4aeb-a3e3-6b0f7b0d9866: failed while reading the ElectricalSeries rates (AttributeError: module 'spikeinterface.extractors' has no attribute 'NwbRecordingExtractor')
2026-10-02T22:20:18Z WARNING [863/1846] 29a92b9c-545f-4aeb-a3e3-6b0f7b0d9866: leaving unrecorded for a later run to retry.
2026-10-02T22:20:18Z WARNING 29a9d396-762a-420b-87f2-465f4e44c331: failed while reading the ElectricalSeries rates (AttributeError: module 'spikeinterface.extractors' has no attribute 'NwbRecordingExtractor')
2026-10-02T22:20:18Z WARNING [864/1846] 29a9d396-762a-420b-87f2-465f4e44c331: leaving unrecorded for a later run to retry.
2026-10-02T22:20:18Z WARNING 29a9f469-814f-4ff2-b8fd-f970614bacbc: failed while reading the ElectricalSeries rates (AttributeError: module 'spikeinterface.extractors' has no attribute 'NwbRecordingExtractor')
2026-10-02T22:20:18Z WARNING [865/1846] 29a9f469-814f-4ff2-b8fd-f970614bacbc: leaving unrecorded for a later run to retry.
2026-10-02T22:20:18Z WARNING 29aa2180-882a-4414-98c6-804602f5f3ca: failed while reading the ElectricalSeries rates (AttributeError: module 'spikeinterface.extractors' has no attribute 'NwbRecordingExtractor')
2026-10-02T22:20:18Z WARNING [866/1846] 29aa2180-882a-4414-98c6-804602f5f3ca: leaving unrecorded for a later run to retry.
2026-10-02T22:20:18Z WARNING 29ab0c57-d22f-4deb-a6de-1ead0e511711: failed while reading the ElectricalSeries rates (AttributeError: module 'spikeinterface.extractors' has no attribute 'NwbRecordingExtractor')
2026-10-02T22:20:18Z WARNING [867/1846] 29ab0c57-d22f-4deb-a6de-1ead0e511711: leaving unrecorded for a later run to retry.
2026-10-02T22:20:19Z WARNING 29ab33b6-632b-43d1-b465-168a075fb33b: failed while reading the ElectricalSeries rates (AttributeError: module 'spikeinterface.extractors' has no attribute 'NwbRecordingExtractor')
2026-10-02T22:20:19Z WARNING [868/1846] 29ab33b6-632b-43d1-b465-168a075fb33b: leaving unrecorded for a later run to retry.
2026-10-02T22:20:19Z WARNING 29ab86ef-fe17-4a7d-b9b7-c52b4a4174c7: failed while reading the ElectricalSeries rates (AttributeError: module 'spikeinterface.extractors' has no attribute 'NwbRecordingExtractor')
2026-10-02T22:20:19Z WARNING [869/1846] 29ab86ef-fe17-4a7d-b9b7-c52b4a4174c7: leaving unrecorded for a later run to retry.
2026-10-02T22:20:19Z WARNING 29aba277-6cea-49dd-aa12-0a0b95051c82: failed while reading the ElectricalSeries rates (AttributeError: module 'spikeinterface.extractors' has no attribute 'NwbRecordingExtractor')
2026-10-02T22:20:19Z WARNING [870/1846] 29aba277-6cea-49dd-aa12-0a0b95051c82: leaving unrecorded for a later run to retry.
2026-10-02T22:20:19Z WARNING 29abaf20-03f8-4f26-b9b8-ebe177ba5974: failed while reading the ElectricalSeries rates (AttributeError: module 'spikeinterface.extractors' has no attribute 'NwbRecordingExtractor')
2026-10-02T22:20:19Z WARNING [871/1846] 29abaf20-03f8-4f26-b9b8-ebe177ba5974: leaving unrecorded for a later run to retry.
2026-10-02T22:20:19Z WARNING 29abd1fa-6e10-4812-a793-0e1160484d46: failed while reading the ElectricalSeries rates (AttributeError: module 'spikeinterface.extractors' has no attribute 'NwbRecordingExtractor')
2026-10-02T22:20:19Z WARNING [872/1846] 29abd1fa-6e10-4812-a793-0e1160484d46: leaving unrecorded for a later run to retry.
2026-10-02T22:20:19Z WARNING 29af1865-e971-46c2-b7a5-98847c4f0121: failed while reading the ElectricalSeries rates (AttributeError: module 'spikeinterface.extractors' has no attribute 'NwbRecordingExtractor')
2026-10-02T22:20:19Z WARNING [873/1846] 29af1865-e971-46c2-b7a5-98847c4f0121: leaving unrecorded for a later run to retry.
2026-10-02T22:20:19Z WARNING 29af9584-72d6-44bc-bcd5-af5459309ddf: failed while reading the ElectricalSeries rates (AttributeError: module 'spikeinterface.extractors' has no attribute 'NwbRecordingExtractor')
2026-10-02T22:20:19Z WARNING [874/1846] 29af9584-72d6-44bc-bcd5-af5459309ddf: leaving unrecorded for a later run to retry.
2026-10-02T22:20:19Z WARNING 29afd617-82ee-4c0e-9791-d874d40494e6: failed while reading the ElectricalSeries rates (AttributeError: module 'spikeinterface.extractors' has no attribute 'NwbRecordingExtractor')
2026-10-02T22:20:19Z WARNING [875/1846] 29afd617-82ee-4c0e-9791-d874d40494e6: leaving unrecorded for a later run to retry.
2026-10-02T22:20:19Z WARNING 29afeb3c-8567-497f-b45b-20845612a751: failed while reading the ElectricalSeries rates (AttributeError: module 'spikeinterface.extractors' has no attribute 'NwbRecordingExtractor')
2026-10-02T22:20:19Z WARNING [876/1846] 29afeb3c-8567-497f-b45b-20845612a751: leaving unrecorded for a later run to retry.
2026-10-02T22:20:19Z WARNING 29b012ce-9e4d-4f90-ba53-6caa949cf4d2: failed while reading the ElectricalSeries rates (AttributeError: module 'spikeinterface.extractors' has no attribute 'NwbRecordingExtractor')
2026-10-02T22:20:19Z WARNING [877/1846] 29b012ce-9e4d-4f90-ba53-6caa949cf4d2: leaving unrecorded for a later run to retry.
2026-10-02T22:20:19Z WARNING 29b03978-92d5-4c8a-9f35-ff76da468e35: failed while reading the ElectricalSeries rates (AttributeError: module 'spikeinterface.extractors' has no attribute 'NwbRecordingExtractor')
2026-10-02T22:20:19Z WARNING [878/1846] 29b03978-92d5-4c8a-9f35-ff76da468e35: leaving unrecorded for a later run to retry.
2026-10-02T22:20:19Z WARNING 29b198d0-abdb-4db3-b802-57532229ef61: failed while reading the ElectricalSeries rates (AttributeError: module 'spikeinterface.extractors' has no attribute 'NwbRecordingExtractor')
2026-10-02T22:20:19Z WARNING [879/1846] 29b198d0-abdb-4db3-b802-57532229ef61: leaving unrecorded for a later run to retry.
2026-10-02T22:20:19Z WARNING 29b271ec-a239-4357-9ec4-f3b21d830e9a: failed while reading the ElectricalSeries rates (AttributeError: module 'spikeinterface.extractors' has no attribute 'NwbRecordingExtractor')
2026-10-02T22:20:19Z WARNING [880/1846] 29b271ec-a239-4357-9ec4-f3b21d830e9a: leaving unrecorded for a later run to retry.
2026-10-02T22:20:19Z WARNING 29b27da6-9615-4ede-a1cc-12ebace2cc6c: failed while reading the ElectricalSeries rates (AttributeError: module 'spikeinterface.extractors' has no attribute 'NwbRecordingExtractor')
2026-10-02T22:20:19Z WARNING [881/1846] 29b27da6-9615-4ede-a1cc-12ebace2cc6c: leaving unrecorded for a later run to retry.
2026-10-02T22:20:19Z WARNING 29b3a4c6-3683-4d43-94ad-0fa701a45781: failed while reading the ElectricalSeries rates (AttributeError: module 'spikeinterface.extractors' has no attribute 'NwbRecordingExtractor')
2026-10-02T22:20:19Z WARNING [882/1846] 29b3a4c6-3683-4d43-94ad-0fa701a45781: leaving unrecorded for a later run to retry.
2026-10-02T22:20:19Z WARNING 29b50531-12c6-471f-b490-618953a5abdb: failed while reading the ElectricalSeries rates (AttributeError: module 'spikeinterface.extractors' has no attribute 'NwbRecordingExtractor')
2026-10-02T22:20:19Z WARNING [883/1846] 29b50531-12c6-471f-b490-618953a5abdb: leaving unrecorded for a later run to retry.
2026-10-02T22:20:20Z WARNING 29b63fd4-4c8c-4dcc-a874-6a5787f764d2: failed while reading the ElectricalSeries rates (AttributeError: module 'spikeinterface.extractors' has no attribute 'NwbRecordingExtractor')
2026-10-02T22:20:20Z WARNING [884/1846] 29b63fd4-4c8c-4dcc-a874-6a5787f764d2: leaving unrecorded for a later run to retry.
2026-10-02T22:20:20Z WARNING 29b80bac-d875-42db-b613-8ba2cd265eef: failed while reading the ElectricalSeries rates (AttributeError: module 'spikeinterface.extractors' has no attribute 'NwbRecordingExtractor')
2026-10-02T22:20:20Z WARNING [885/1846] 29b80bac-d875-42db-b613-8ba2cd265eef: leaving unrecorded for a later run to retry.
2026-10-02T22:20:20Z WARNING 29b8b488-8cf3-4502-a5aa-8339872e9673: failed while reading the ElectricalSeries rates (AttributeError: module 'spikeinterface.extractors' has no attribute 'NwbRecordingExtractor')
2026-10-02T22:20:20Z WARNING [886/1846] 29b8b488-8cf3-4502-a5aa-8339872e9673: leaving unrecorded for a later run to retry.
2026-10-02T22:20:20Z WARNING 29b92dfa-d214-463a-8648-46939f9ead9f: failed while reading the ElectricalSeries rates (AttributeError: module 'spikeinterface.extractors' has no attribute 'NwbRecordingExtractor')
2026-10-02T22:20:20Z WARNING [887/1846] 29b92dfa-d214-463a-8648-46939f9ead9f: leaving unrecorded for a later run to retry.
2026-10-02T22:20:20Z WARNING 29b9812d-538c-46e6-a22d-07f9339a85ca: failed while reading the ElectricalSeries rates (AttributeError: module 'spikeinterface.extractors' has no attribute 'NwbRecordingExtractor')
2026-10-02T22:20:20Z WARNING [888/1846] 29b9812d-538c-46e6-a22d-07f9339a85ca: leaving unrecorded for a later run to retry.
2026-10-02T22:20:20Z WARNING 29b9a7d5-62f8-42a4-9c01-f3650db66d39: failed while reading the ElectricalSeries rates (AttributeError: module 'spikeinterface.extractors' has no attribute 'NwbRecordingExtractor')
2026-10-02T22:20:20Z WARNING [889/1846] 29b9a7d5-62f8-42a4-9c01-f3650db66d39: leaving unrecorded for a later run to retry.
2026-10-02T22:20:20Z WARNING 29b9ff6f-1252-4d42-917d-faf59521175f: failed while reading the ElectricalSeries rates (AttributeError: module 'spikeinterface.extractors' has no attribute 'NwbRecordingExtractor')
2026-10-02T22:20:20Z WARNING [890/1846] 29b9ff6f-1252-4d42-917d-faf59521175f: leaving unrecorded for a later run to retry.
2026-10-02T22:20:20Z WARNING 29baaf5b-c651-4433-ab10-f046047e0324: failed while reading the ElectricalSeries rates (AttributeError: module 'spikeinterface.extractors' has no attribute 'NwbRecordingExtractor')
2026-10-02T22:20:20Z WARNING [891/1846] 29baaf5b-c651-4433-ab10-f046047e0324: leaving unrecorded for a later run to retry.
2026-10-02T22:20:20Z WARNING 29bbae2e-2728-4c1c-adb3-57bc2a011b87: failed while reading the ElectricalSeries rates (AttributeError: module 'spikeinterface.extractors' has no attribute 'NwbRecordingExtractor')
2026-10-02T22:20:20Z WARNING [892/1846] 29bbae2e-2728-4c1c-adb3-57bc2a011b87: leaving unrecorded for a later run to retry.
2026-10-02T22:20:20Z WARNING 29bbe57f-6819-4597-b81e-1e60bedcb83f: failed while reading the ElectricalSeries rates (AttributeError: module 'spikeinterface.extractors' has no attribute 'NwbRecordingExtractor')
2026-10-02T22:20:20Z WARNING [893/1846] 29bbe57f-6819-4597-b81e-1e60bedcb83f: leaving unrecorded for a later run to retry.
2026-10-02T22:20:20Z WARNING 29bc55ab-e7a6-46ab-af68-3792a809b2a4: failed while reading the ElectricalSeries rates (AttributeError: module 'spikeinterface.extractors' has no attribute 'NwbRecordingExtractor')
2026-10-02T22:20:20Z WARNING [894/1846] 29bc55ab-e7a6-46ab-af68-3792a809b2a4: leaving unrecorded for a later run to retry.
2026-10-02T22:20:20Z WARNING 29bc5cfc-6168-4e68-95a4-cf93cb786795: failed while reading the ElectricalSeries rates (AttributeError: module 'spikeinterface.extractors' has no attribute 'NwbRecordingExtractor')
2026-10-02T22:20:20Z WARNING [895/1846] 29bc5cfc-6168-4e68-95a4-cf93cb786795: leaving unrecorded for a later run to retry.
2026-10-02T22:20:20Z WARNING 29bc9014-2ba2-4895-90fc-973edafb4e22: failed while reading the ElectricalSeries rates (AttributeError: module 'spikeinterface.extractors' has no attribute 'NwbRecordingExtractor')
2026-10-02T22:20:20Z WARNING [896/1846] 29bc9014-2ba2-4895-90fc-973edafb4e22: leaving unrecorded for a later run to retry.
2026-10-02T22:20:20Z WARNING 29bd5b5e-f044-49f6-91d8-3f6f20ece886: failed while reading the ElectricalSeries rates (AttributeError: module 'spikeinterface.extractors' has no attribute 'NwbRecordingExtractor')
2026-10-02T22:20:20Z WARNING [897/1846] 29bd5b5e-f044-49f6-91d8-3f6f20ece886: leaving unrecorded for a later run to retry.
2026-10-02T22:20:20Z WARNING 29bd774a-eb0f-4c4c-9565-ecf4e75b61ca: failed while reading the ElectricalSeries rates (AttributeError: module 'spikeinterface.extractors' has no attribute 'NwbRecordingExtractor')
2026-10-02T22:20:20Z WARNING [898/1846] 29bd774a-eb0f-4c4c-9565-ecf4e75b61ca: leaving unrecorded for a later run to retry.
2026-10-02T22:20:21Z WARNING 29bd8f32-105b-47a9-a4bc-fb462e2cd29b: failed while reading the ElectricalSeries rates (AttributeError: module 'spikeinterface.extractors' has no attribute 'NwbRecordingExtractor')
2026-10-02T22:20:21Z WARNING [899/1846] 29bd8f32-105b-47a9-a4bc-fb462e2cd29b: leaving unrecorded for a later run to retry.
2026-10-02T22:20:21Z WARNING 29bdbd79-19b6-4b46-902c-a9513ca3ad86: failed while reading the ElectricalSeries rates (AttributeError: module 'spikeinterface.extractors' has no attribute 'NwbRecordingExtractor')
2026-10-02T22:20:21Z WARNING [900/1846] 29bdbd79-19b6-4b46-902c-a9513ca3ad86: leaving unrecorded for a later run to retry.
2026-10-02T22:20:21Z INFO [900/1846] 29bdbd79-19b6-4b46-902c-a9513ca3ad86: checkpointed 60602 records.
2026-10-02T22:20:21Z WARNING 29bddf45-6cc6-4123-976d-a0b111e99657: failed while reading the ElectricalSeries rates (AttributeError: module 'spikeinterface.extractors' has no attribute 'NwbRecordingExtractor')
2026-10-02T22:20:21Z WARNING [901/1846] 29bddf45-6cc6-4123-976d-a0b111e99657: leaving unrecorded for a later run to retry.
2026-10-02T22:20:21Z WARNING 29bea3b1-64f4-452a-9ddf-b8a9b27e820c: failed while reading the ElectricalSeries rates (AttributeError: module 'spikeinterface.extractors' has no attribute 'NwbRecordingExtractor')
2026-10-02T22:20:21Z WARNING [902/1846] 29bea3b1-64f4-452a-9ddf-b8a9b27e820c: leaving unrecorded for a later run to retry.
2026-10-02T22:20:21Z WARNING 29beae2b-57a7-44c4-9365-e2629c56eb4a: failed while reading the ElectricalSeries rates (AttributeError: module 'spikeinterface.extractors' has no attribute 'NwbRecordingExtractor')
2026-10-02T22:20:21Z WARNING [903/1846] 29beae2b-57a7-44c4-9365-e2629c56eb4a: leaving unrecorded for a later run to retry.
2026-10-02T22:20:21Z WARNING 29c03067-38c0-4d89-876c-d450681f5e3f: failed while reading the ElectricalSeries rates (AttributeError: module 'spikeinterface.extractors' has no attribute 'NwbRecordingExtractor')
2026-10-02T22:20:21Z WARNING [904/1846] 29c03067-38c0-4d89-876c-d450681f5e3f: leaving unrecorded for a later run to retry.
2026-10-02T22:20:21Z WARNING 29c053fd-3071-44ee-ab5b-d6f9192908b4: failed while reading the ElectricalSeries rates (AttributeError: module 'spikeinterface.extractors' has no attribute 'NwbRecordingExtractor')
2026-10-02T22:20:21Z WARNING [905/1846] 29c053fd-3071-44ee-ab5b-d6f9192908b4: leaving unrecorded for a later run to retry.
2026-10-02T22:20:21Z WARNING 29c0b53a-03a2-42f6-9da3-d00d43fa877c: failed while reading the ElectricalSeries rates (AttributeError: module 'spikeinterface.extractors' has no attribute 'NwbRecordingExtractor')
2026-10-02T22:20:21Z WARNING [906/1846] 29c0b53a-03a2-42f6-9da3-d00d43fa877c: leaving unrecorded for a later run to retry.
2026-10-02T22:20:21Z WARNING 29c161e4-65c4-4319-820e-550b4430df8f: failed while reading the ElectricalSeries rates (AttributeError: module 'spikeinterface.extractors' has no attribute 'NwbRecordingExtractor')
2026-10-02T22:20:21Z WARNING [907/1846] 29c161e4-65c4-4319-820e-550b4430df8f: leaving unrecorded for a later run to retry.
2026-10-02T22:20:21Z WARNING 29c199ae-b57d-4c4f-bbb7-d7f185046b72: failed while reading the ElectricalSeries rates (AttributeError: module 'spikeinterface.extractors' has no attribute 'NwbRecordingExtractor')
2026-10-02T22:20:21Z WARNING [908/1846] 29c199ae-b57d-4c4f-bbb7-d7f185046b72: leaving unrecorded for a later run to retry.
2026-10-02T22:20:21Z WARNING 29c2148e-139c-4070-bade-24fb34957125: failed while reading the ElectricalSeries rates (AttributeError: module 'spikeinterface.extractors' has no attribute 'NwbRecordingExtractor')
2026-10-02T22:20:21Z WARNING [909/1846] 29c2148e-139c-4070-bade-24fb34957125: leaving unrecorded for a later run to retry.
2026-10-02T22:20:21Z WARNING 29c28e7d-4681-4635-9dbd-fb7ced807a88: failed while reading the ElectricalSeries rates (AttributeError: module 'spikeinterface.extractors' has no attribute 'NwbRecordingExtractor')
2026-10-02T22:20:21Z WARNING [910/1846] 29c28e7d-4681-4635-9dbd-fb7ced807a88: leaving unrecorded for a later run to retry.
2026-10-02T22:20:21Z WARNING 29c3213e-86e6-43e5-a98d-dcc821e7cffa: failed while reading the ElectricalSeries rates (AttributeError: module 'spikeinterface.extractors' has no attribute 'NwbRecordingExtractor')
2026-10-02T22:20:21Z WARNING [911/1846] 29c3213e-86e6-43e5-a98d-dcc821e7cffa: leaving unrecorded for a later run to retry.
2026-10-02T22:20:21Z WARNING 29c50edf-3036-462f-9e70-576192dc75ce: failed while reading the ElectricalSeries rates (AttributeError: module 'spikeinterface.extractors' has no attribute 'NwbRecordingExtractor')
2026-10-02T22:20:21Z WARNING [912/1846] 29c50edf-3036-462f-9e70-576192dc75ce: leaving unrecorded for a later run to retry.
2026-10-02T22:20:21Z WARNING 29c539be-8736-4e8c-9f52-37b65c52814f: failed while reading the ElectricalSeries rates (AttributeError: module 'spikeinterface.extractors' has no attribute 'NwbRecordingExtractor')
2026-10-02T22:20:21Z WARNING [913/1846] 29c539be-8736-4e8c-9f52-37b65c52814f: leaving unrecorded for a later run to retry.
2026-10-02T22:20:21Z WARNING 29c5767f-cdca-4ea9-95cc-49b4ff193a1c: failed while reading the ElectricalSeries rates (AttributeError: module 'spikeinterface.extractors' has no attribute 'NwbRecordingExtractor')
2026-10-02T22:20:21Z WARNING [914/1846] 29c5767f-cdca-4ea9-95cc-49b4ff193a1c: leaving unrecorded for a later run to retry.
2026-10-02T22:20:22Z WARNING 29c6208e-e8cb-4a07-9868-b0a587e49899: failed while reading the ElectricalSeries rates (AttributeError: module 'spikeinterface.extractors' has no attribute 'NwbRecordingExtractor')
2026-10-02T22:20:22Z WARNING [915/1846] 29c6208e-e8cb-4a07-9868-b0a587e49899: leaving unrecorded for a later run to retry.
2026-10-02T22:20:22Z WARNING 29c7e4ed-47f3-48e4-a80a-f46c40fba154: failed while reading the ElectricalSeries rates (AttributeError: module 'spikeinterface.extractors' has no attribute 'NwbRecordingExtractor')
2026-10-02T22:20:22Z WARNING [916/1846] 29c7e4ed-47f3-48e4-a80a-f46c40fba154: leaving unrecorded for a later run to retry.
2026-10-02T22:20:22Z WARNING 29c99127-6843-48e3-87e1-89953af5333a: failed while reading the ElectricalSeries rates (AttributeError: module 'spikeinterface.extractors' has no attribute 'NwbRecordingExtractor')
2026-10-02T22:20:22Z WARNING [917/1846] 29c99127-6843-48e3-87e1-89953af5333a: leaving unrecorded for a later run to retry.
2026-10-02T22:20:22Z WARNING 29cab1ec-224e-44f5-b486-1b12c762230c: failed while reading the ElectricalSeries rates (AttributeError: module 'spikeinterface.extractors' has no attribute 'NwbRecordingExtractor')
2026-10-02T22:20:22Z WARNING [918/1846] 29cab1ec-224e-44f5-b486-1b12c762230c: leaving unrecorded for a later run to retry.
2026-10-02T22:20:22Z WARNING 29cb1f33-25ff-4dd2-8a79-7006fe658937: failed while reading the ElectricalSeries rates (AttributeError: module 'spikeinterface.extractors' has no attribute 'NwbRecordingExtractor')
2026-10-02T22:20:22Z WARNING [919/1846] 29cb1f33-25ff-4dd2-8a79-7006fe658937: leaving unrecorded for a later run to retry.
2026-10-02T22:20:22Z WARNING 29cb625b-c84c-40af-ad05-e0d4526c3138: failed while reading the ElectricalSeries rates (AttributeError: module 'spikeinterface.extractors' has no attribute 'NwbRecordingExtractor')
2026-10-02T22:20:22Z WARNING [920/1846] 29cb625b-c84c-40af-ad05-e0d4526c3138: leaving unrecorded for a later run to retry.
2026-10-02T22:20:22Z WARNING 29cb676f-6061-4ea5-a38e-c15a9cd82cf7: failed while reading the ElectricalSeries rates (AttributeError: module 'spikeinterface.extractors' has no attribute 'NwbRecordingExtractor')
2026-10-02T22:20:22Z WARNING [921/1846] 29cb676f-6061-4ea5-a38e-c15a9cd82cf7: leaving unrecorded for a later run to retry.
2026-10-02T22:20:22Z WARNING 29cb754b-a55e-4113-b8ba-fecccd13bc84: failed while reading the ElectricalSeries rates (AttributeError: module 'spikeinterface.extractors' has no attribute 'NwbRecordingExtractor')
2026-10-02T22:20:22Z WARNING [922/1846] 29cb754b-a55e-4113-b8ba-fecccd13bc84: leaving unrecorded for a later run to retry.
2026-10-02T22:20:22Z WARNING 29cbdcb0-be6d-4fe0-9dcb-d0d4c9741014: failed while reading the ElectricalSeries rates (AttributeError: module 'spikeinterface.extractors' has no attribute 'NwbRecordingExtractor')
2026-10-02T22:20:22Z WARNING [923/1846] 29cbdcb0-be6d-4fe0-9dcb-d0d4c9741014: leaving unrecorded for a later run to retry.
2026-10-02T22:20:22Z WARNING 29cca50a-9aee-4c2c-84ef-8bb72b430f58: failed while reading the ElectricalSeries rates (AttributeError: module 'spikeinterface.extractors' has no attribute 'NwbRecordingExtractor')
2026-10-02T22:20:22Z WARNING [924/1846] 29cca50a-9aee-4c2c-84ef-8bb72b430f58: leaving unrecorded for a later run to retry.
2026-10-02T22:20:22Z WARNING 29cdf0bf-e792-4508-b111-f6dc56e57b51: failed while reading the ElectricalSeries rates (AttributeError: module 'spikeinterface.extractors' has no attribute 'NwbRecordingExtractor')
2026-10-02T22:20:22Z WARNING [925/1846] 29cdf0bf-e792-4508-b111-f6dc56e57b51: leaving unrecorded for a later run to retry.
2026-10-02T22:20:22Z WARNING 29ce2b56-c2ee-4ffd-883f-791036213cf0: failed while reading the ElectricalSeries rates (AttributeError: module 'spikeinterface.extractors' has no attribute 'NwbRecordingExtractor')
2026-10-02T22:20:22Z WARNING [926/1846] 29ce2b56-c2ee-4ffd-883f-791036213cf0: leaving unrecorded for a later run to retry.
2026-10-02T22:20:22Z WARNING 29cf241d-d189-43c2-9b85-922e99146bf8: failed while reading the ElectricalSeries rates (AttributeError: module 'spikeinterface.extractors' has no attribute 'NwbRecordingExtractor')
2026-10-02T22:20:22Z WARNING [927/1846] 29cf241d-d189-43c2-9b85-922e99146bf8: leaving unrecorded for a later run to retry.
2026-10-02T22:20:22Z WARNING 29cf6d22-a29a-4407-9563-0491b16c9083: failed while reading the ElectricalSeries rates (AttributeError: module 'spikeinterface.extractors' has no attribute 'NwbRecordingExtractor')
2026-10-02T22:20:22Z WARNING [928/1846] 29cf6d22-a29a-4407-9563-0491b16c9083: leaving unrecorded for a later run to retry.
2026-10-02T22:20:22Z WARNING 29cf7975-cf21-4f7e-935a-c9fb8fd96dae: failed while reading the ElectricalSeries rates (AttributeError: module 'spikeinterface.extractors' has no attribute 'NwbRecordingExtractor')
2026-10-02T22:20:22Z WARNING [929/1846] 29cf7975-cf21-4f7e-935a-c9fb8fd96dae: leaving unrecorded for a later run to retry.
2026-10-02T22:20:23Z WARNING 29d0344a-a73b-4e86-862c-b04de22fe4ff: failed while reading the ElectricalSeries rates (AttributeError: module 'spikeinterface.extractors' has no attribute 'NwbRecordingExtractor')
2026-10-02T22:20:23Z WARNING [930/1846] 29d0344a-a73b-4e86-862c-b04de22fe4ff: leaving unrecorded for a later run to retry.
2026-10-02T22:20:23Z WARNING 29d08998-5676-4bd1-aa90-2a26cf5c4177: failed while reading the ElectricalSeries rates (AttributeError: module 'spikeinterface.extractors' has no attribute 'NwbRecordingExtractor')
2026-10-02T22:20:23Z WARNING [931/1846] 29d08998-5676-4bd1-aa90-2a26cf5c4177: leaving unrecorded for a later run to retry.
2026-10-02T22:20:23Z WARNING 29d0e428-71ee-427b-b5b6-3b6228726501: failed while reading the ElectricalSeries rates (AttributeError: module 'spikeinterface.extractors' has no attribute 'NwbRecordingExtractor')
2026-10-02T22:20:23Z WARNING [932/1846] 29d0e428-71ee-427b-b5b6-3b6228726501: leaving unrecorded for a later run to retry.
2026-10-02T22:20:23Z WARNING 29d1b213-a156-4ebc-a0a2-2f4041d1c772: failed while reading the ElectricalSeries rates (AttributeError: module 'spikeinterface.extractors' has no attribute 'NwbRecordingExtractor')
2026-10-02T22:20:23Z WARNING [933/1846] 29d1b213-a156-4ebc-a0a2-2f4041d1c772: leaving unrecorded for a later run to retry.
2026-10-02T22:20:23Z WARNING 29d20f2b-0279-46df-8b1a-1042a9c05440: failed while reading the ElectricalSeries rates (AttributeError: module 'spikeinterface.extractors' has no attribute 'NwbRecordingExtractor')
2026-10-02T22:20:23Z WARNING [934/1846] 29d20f2b-0279-46df-8b1a-1042a9c05440: leaving unrecorded for a later run to retry.
2026-10-02T22:20:23Z WARNING 29d237e3-7635-486c-93fe-95d702e73664: failed while reading the ElectricalSeries rates (AttributeError: module 'spikeinterface.extractors' has no attribute 'NwbRecordingExtractor')
2026-10-02T22:20:23Z WARNING [935/1846] 29d237e3-7635-486c-93fe-95d702e73664: leaving unrecorded for a later run to retry.
2026-10-02T22:20:23Z WARNING 29d23f65-4d0e-465a-b244-d0e21ed42ed0: failed while reading the ElectricalSeries rates (AttributeError: module 'spikeinterface.extractors' has no attribute 'NwbRecordingExtractor')
2026-10-02T22:20:23Z WARNING [936/1846] 29d23f65-4d0e-465a-b244-d0e21ed42ed0: leaving unrecorded for a later run to retry.
2026-10-02T22:20:23Z WARNING 29d2a367-5df4-4830-ab88-7847ce97946b: failed while reading the ElectricalSeries rates (AttributeError: module 'spikeinterface.extractors' has no attribute 'NwbRecordingExtractor')
2026-10-02T22:20:23Z WARNING [937/1846] 29d2a367-5df4-4830-ab88-7847ce97946b: leaving unrecorded for a later run to retry.
2026-10-02T22:20:23Z WARNING 29d3267e-1a0b-4e8d-954a-15598a067ba5: failed while reading the ElectricalSeries rates (AttributeError: module 'spikeinterface.extractors' has no attribute 'NwbRecordingExtractor')
2026-10-02T22:20:23Z WARNING [938/1846] 29d3267e-1a0b-4e8d-954a-15598a067ba5: leaving unrecorded for a later run to retry.
2026-10-02T22:20:23Z WARNING 29d34e39-aa92-47cc-8625-5f165f9822b0: failed while reading the ElectricalSeries rates (AttributeError: module 'spikeinterface.extractors' has no attribute 'NwbRecordingExtractor')
2026-10-02T22:20:23Z WARNING [939/1846] 29d34e39-aa92-47cc-8625-5f165f9822b0: leaving unrecorded for a later run to retry.
2026-10-02T22:20:23Z WARNING 29d3b8cf-e554-4ec5-897e-9ebb6bea419f: failed while reading the ElectricalSeries rates (AttributeError: module 'spikeinterface.extractors' has no attribute 'NwbRecordingExtractor')
2026-10-02T22:20:23Z WARNING [940/1846] 29d3b8cf-e554-4ec5-897e-9ebb6bea419f: leaving unrecorded for a later run to retry.
2026-10-02T22:20:23Z WARNING 29d44178-6c98-4589-b7f5-627c669e4e4e: failed while reading the ElectricalSeries rates (AttributeError: module 'spikeinterface.extractors' has no attribute 'NwbRecordingExtractor')
2026-10-02T22:20:23Z WARNING [941/1846] 29d44178-6c98-4589-b7f5-627c669e4e4e: leaving unrecorded for a later run to retry.
2026-10-02T22:20:23Z WARNING 29d4d225-27e6-4576-90a7-efc3a4d20f7c: failed while reading the ElectricalSeries rates (AttributeError: module 'spikeinterface.extractors' has no attribute 'NwbRecordingExtractor')
2026-10-02T22:20:23Z WARNING [942/1846] 29d4d225-27e6-4576-90a7-efc3a4d20f7c: leaving unrecorded for a later run to retry.
2026-10-02T22:20:23Z WARNING 29d4d72f-b732-4003-9dfc-d0440dc56925: failed while reading the ElectricalSeries rates (AttributeError: module 'spikeinterface.extractors' has no attribute 'NwbRecordingExtractor')
2026-10-02T22:20:23Z WARNING [943/1846] 29d4d72f-b732-4003-9dfc-d0440dc56925: leaving unrecorded for a later run to retry.
2026-10-02T22:20:23Z WARNING 29d52ebf-08d4-421e-81a2-6226f967a986: failed while reading the ElectricalSeries rates (AttributeError: module 'spikeinterface.extractors' has no attribute 'NwbRecordingExtractor')
2026-10-02T22:20:23Z WARNING [944/1846] 29d52ebf-08d4-421e-81a2-6226f967a986: leaving unrecorded for a later run to retry.
2026-10-02T22:20:23Z WARNING 29d5390e-328e-426b-860c-1a3b4afe4a25: failed while reading the ElectricalSeries rates (AttributeError: module 'spikeinterface.extractors' has no attribute 'NwbRecordingExtractor')
2026-10-02T22:20:23Z WARNING [945/1846] 29d5390e-328e-426b-860c-1a3b4afe4a25: leaving unrecorded for a later run to retry.
2026-10-02T22:20:24Z WARNING 29d63848-9e10-43f4-8bc7-0e0b1e94b02f: failed while reading the ElectricalSeries rates (AttributeError: module 'spikeinterface.extractors' has no attribute 'NwbRecordingExtractor')
2026-10-02T22:20:24Z WARNING [946/1846] 29d63848-9e10-43f4-8bc7-0e0b1e94b02f: leaving unrecorded for a later run to retry.
2026-10-02T22:20:24Z WARNING 29d63dfb-3639-4267-b0c4-5ea95a0376c9: failed while reading the ElectricalSeries rates (AttributeError: module 'spikeinterface.extractors' has no attribute 'NwbRecordingExtractor')
2026-10-02T22:20:24Z WARNING [947/1846] 29d63dfb-3639-4267-b0c4-5ea95a0376c9: leaving unrecorded for a later run to retry.
2026-10-02T22:20:24Z WARNING 29d6aacb-a1f2-412c-a9be-e1b6664b2924: failed while reading the ElectricalSeries rates (AttributeError: module 'spikeinterface.extractors' has no attribute 'NwbRecordingExtractor')
2026-10-02T22:20:24Z WARNING [948/1846] 29d6aacb-a1f2-412c-a9be-e1b6664b2924: leaving unrecorded for a later run to retry.
2026-10-02T22:20:24Z WARNING 29d6fc2e-b27e-4b54-80ff-d5721503d9d9: failed while reading the ElectricalSeries rates (AttributeError: module 'spikeinterface.extractors' has no attribute 'NwbRecordingExtractor')
2026-10-02T22:20:24Z WARNING [949/1846] 29d6fc2e-b27e-4b54-80ff-d5721503d9d9: leaving unrecorded for a later run to retry.
2026-10-02T22:20:24Z WARNING 29d735a2-8d51-4b48-b459-88c2733f9ad8: failed while reading the ElectricalSeries rates (AttributeError: module 'spikeinterface.extractors' has no attribute 'NwbRecordingExtractor')
2026-10-02T22:20:24Z WARNING [950/1846] 29d735a2-8d51-4b48-b459-88c2733f9ad8: leaving unrecorded for a later run to retry.
2026-10-02T22:20:24Z INFO [950/1846] 29d735a2-8d51-4b48-b459-88c2733f9ad8: checkpointed 60602 records.
2026-10-02T22:20:24Z WARNING 29d81652-8f39-45ed-aca1-db881285371f: failed while reading the ElectricalSeries rates (AttributeError: module 'spikeinterface.extractors' has no attribute 'NwbRecordingExtractor')
2026-10-02T22:20:24Z WARNING [951/1846] 29d81652-8f39-45ed-aca1-db881285371f: leaving unrecorded for a later run to retry.
2026-10-02T22:20:24Z WARNING 29d8584a-2998-467c-ad0e-4727d4abc5e3: failed while reading the ElectricalSeries rates (AttributeError: module 'spikeinterface.extractors' has no attribute 'NwbRecordingExtractor')
2026-10-02T22:20:24Z WARNING [952/1846] 29d8584a-2998-467c-ad0e-4727d4abc5e3: leaving unrecorded for a later run to retry.
2026-10-02T22:20:24Z WARNING 29d8b5ce-5af3-48b7-9594-fc661eca21d6: failed while reading the ElectricalSeries rates (AttributeError: module 'spikeinterface.extractors' has no attribute 'NwbRecordingExtractor')
2026-10-02T22:20:24Z WARNING [953/1846] 29d8b5ce-5af3-48b7-9594-fc661eca21d6: leaving unrecorded for a later run to retry.
2026-10-02T22:20:24Z WARNING 29d90a77-d212-4f54-9ebb-62a8956b3f49: failed while reading the ElectricalSeries rates (AttributeError: module 'spikeinterface.extractors' has no attribute 'NwbRecordingExtractor')
2026-10-02T22:20:24Z WARNING [954/1846] 29d90a77-d212-4f54-9ebb-62a8956b3f49: leaving unrecorded for a later run to retry.
2026-10-02T22:20:24Z WARNING 29d998a8-4876-4946-8dd6-84393b1d6955: failed while reading the ElectricalSeries rates (AttributeError: module 'spikeinterface.extractors' has no attribute 'NwbRecordingExtractor')
2026-10-02T22:20:24Z WARNING [955/1846] 29d998a8-4876-4946-8dd6-84393b1d6955: leaving unrecorded for a later run to retry.
2026-10-02T22:20:24Z WARNING 29da10a3-c659-4535-a811-017a09665ddd: failed while reading the ElectricalSeries rates (AttributeError: module 'spikeinterface.extractors' has no attribute 'NwbRecordingExtractor')
2026-10-02T22:20:24Z WARNING [956/1846] 29da10a3-c659-4535-a811-017a09665ddd: leaving unrecorded for a later run to retry.
2026-10-02T22:20:24Z WARNING 29db72ae-3df6-4712-bd55-b0f55d159807: failed while reading the ElectricalSeries rates (AttributeError: module 'spikeinterface.extractors' has no attribute 'NwbRecordingExtractor')
2026-10-02T22:20:24Z WARNING [957/1846] 29db72ae-3df6-4712-bd55-b0f55d159807: leaving unrecorded for a later run to retry.
2026-10-02T22:20:24Z WARNING 29dbf7b0-d001-4447-9a10-29527593bda7: failed while reading the ElectricalSeries rates (AttributeError: module 'spikeinterface.extractors' has no attribute 'NwbRecordingExtractor')
2026-10-02T22:20:24Z WARNING [958/1846] 29dbf7b0-d001-4447-9a10-29527593bda7: leaving unrecorded for a later run to retry.
2026-10-02T22:20:24Z WARNING 29dc9b37-e9c9-493c-abbb-b9b4117c2256: failed while reading the ElectricalSeries rates (AttributeError: module 'spikeinterface.extractors' has no attribute 'NwbRecordingExtractor')
2026-10-02T22:20:24Z WARNING [959/1846] 29dc9b37-e9c9-493c-abbb-b9b4117c2256: leaving unrecorded for a later run to retry.
2026-10-02T22:20:24Z WARNING 29dd35b2-c424-4384-b194-59913ee8f949: failed while reading the ElectricalSeries rates (AttributeError: module 'spikeinterface.extractors' has no attribute 'NwbRecordingExtractor')
2026-10-02T22:20:24Z WARNING [960/1846] 29dd35b2-c424-4384-b194-59913ee8f949: leaving unrecorded for a later run to retry.
2026-10-02T22:20:24Z WARNING 29dd95b5-e3c6-47f6-a74f-a0e6a545dd8d: failed while reading the ElectricalSeries rates (AttributeError: module 'spikeinterface.extractors' has no attribute 'NwbRecordingExtractor')
2026-10-02T22:20:24Z WARNING [961/1846] 29dd95b5-e3c6-47f6-a74f-a0e6a545dd8d: leaving unrecorded for a later run to retry.
2026-10-02T22:20:24Z WARNING 29ddd57e-26ea-47f0-bdc9-656bed966414: failed while reading the ElectricalSeries rates (AttributeError: module 'spikeinterface.extractors' has no attribute 'NwbRecordingExtractor')
2026-10-02T22:20:24Z WARNING [962/1846] 29ddd57e-26ea-47f0-bdc9-656bed966414: leaving unrecorded for a later run to retry.
2026-10-02T22:20:25Z WARNING 29ddfac7-7b3a-4286-b12e-773a0f2857dd: failed while reading the ElectricalSeries rates (AttributeError: module 'spikeinterface.extractors' has no attribute 'NwbRecordingExtractor')
2026-10-02T22:20:25Z WARNING [963/1846] 29ddfac7-7b3a-4286-b12e-773a0f2857dd: leaving unrecorded for a later run to retry.
2026-10-02T22:20:25Z WARNING 29de6aac-27fd-4d6f-aec9-ae022ae723d6: failed while reading the ElectricalSeries rates (AttributeError: module 'spikeinterface.extractors' has no attribute 'NwbRecordingExtractor')
2026-10-02T22:20:25Z WARNING [964/1846] 29de6aac-27fd-4d6f-aec9-ae022ae723d6: leaving unrecorded for a later run to retry.
2026-10-02T22:20:25Z WARNING 29deb8fb-30bd-4c1b-a052-5f8c50b7ddd3: failed while reading the ElectricalSeries rates (AttributeError: module 'spikeinterface.extractors' has no attribute 'NwbRecordingExtractor')
2026-10-02T22:20:25Z WARNING [965/1846] 29deb8fb-30bd-4c1b-a052-5f8c50b7ddd3: leaving unrecorded for a later run to retry.
2026-10-02T22:20:25Z WARNING 29df173a-d6de-4cb0-bf7c-483ca14a762a: failed while reading the ElectricalSeries rates (AttributeError: module 'spikeinterface.extractors' has no attribute 'NwbRecordingExtractor')
2026-10-02T22:20:25Z WARNING [966/1846] 29df173a-d6de-4cb0-bf7c-483ca14a762a: leaving unrecorded for a later run to retry.
2026-10-02T22:20:25Z WARNING 29df70b4-c4a5-48ee-9f61-7f13305e7e1c: failed while reading the ElectricalSeries rates (AttributeError: module 'spikeinterface.extractors' has no attribute 'NwbRecordingExtractor')
2026-10-02T22:20:25Z WARNING [967/1846] 29df70b4-c4a5-48ee-9f61-7f13305e7e1c: leaving unrecorded for a later run to retry.
2026-10-02T22:20:25Z WARNING 29df8255-d131-4d8e-8f60-231daa052817: failed while reading the ElectricalSeries rates (AttributeError: module 'spikeinterface.extractors' has no attribute 'NwbRecordingExtractor')
2026-10-02T22:20:25Z WARNING [968/1846] 29df8255-d131-4d8e-8f60-231daa052817: leaving unrecorded for a later run to retry.
2026-10-02T22:20:25Z WARNING 29e01b31-886e-452b-af5d-f3e8df31ed74: failed while reading the ElectricalSeries rates (AttributeError: module 'spikeinterface.extractors' has no attribute 'NwbRecordingExtractor')
2026-10-02T22:20:25Z WARNING [969/1846] 29e01b31-886e-452b-af5d-f3e8df31ed74: leaving unrecorded for a later run to retry.
2026-10-02T22:20:25Z WARNING 29e0f696-23bc-483d-992d-5e1c2742595a: failed while reading the ElectricalSeries rates (AttributeError: module 'spikeinterface.extractors' has no attribute 'NwbRecordingExtractor')
2026-10-02T22:20:25Z WARNING [970/1846] 29e0f696-23bc-483d-992d-5e1c2742595a: leaving unrecorded for a later run to retry.
2026-10-02T22:20:25Z WARNING 29e1a82d-14a0-4f4b-9804-1bb47871cf52: failed while reading the ElectricalSeries rates (AttributeError: module 'spikeinterface.extractors' has no attribute 'NwbRecordingExtractor')
2026-10-02T22:20:25Z WARNING [971/1846] 29e1a82d-14a0-4f4b-9804-1bb47871cf52: leaving unrecorded for a later run to retry.
2026-10-02T22:20:25Z WARNING 29e2065b-b2d3-4e15-a44d-d8d475be8bcf: failed while reading the ElectricalSeries rates (AttributeError: module 'spikeinterface.extractors' has no attribute 'NwbRecordingExtractor')
2026-10-02T22:20:25Z WARNING [972/1846] 29e2065b-b2d3-4e15-a44d-d8d475be8bcf: leaving unrecorded for a later run to retry.
2026-10-02T22:20:25Z WARNING 29e27a8a-62b7-4e34-aa1c-ec00e1a74cb2: failed while reading the ElectricalSeries rates (AttributeError: module 'spikeinterface.extractors' has no attribute 'NwbRecordingExtractor')
2026-10-02T22:20:25Z WARNING [973/1846] 29e27a8a-62b7-4e34-aa1c-ec00e1a74cb2: leaving unrecorded for a later run to retry.
2026-10-02T22:20:25Z WARNING 29e27fdc-deca-43bd-8869-4d9dfbbea5af: failed while reading the ElectricalSeries rates (AttributeError: module 'spikeinterface.extractors' has no attribute 'NwbRecordingExtractor')
2026-10-02T22:20:25Z WARNING [974/1846] 29e27fdc-deca-43bd-8869-4d9dfbbea5af: leaving unrecorded for a later run to retry.
2026-10-02T22:20:25Z WARNING 29e2f337-9670-4ace-b526-300b010a915d: failed while reading the ElectricalSeries rates (AttributeError: module 'spikeinterface.extractors' has no attribute 'NwbRecordingExtractor')
2026-10-02T22:20:25Z WARNING [975/1846] 29e2f337-9670-4ace-b526-300b010a915d: leaving unrecorded for a later run to retry.
2026-10-02T22:20:25Z WARNING 29e39b48-23c5-4c5d-9d0c-93853e51cde9: failed while reading the ElectricalSeries rates (AttributeError: module 'spikeinterface.extractors' has no attribute 'NwbRecordingExtractor')
2026-10-02T22:20:25Z WARNING [976/1846] 29e39b48-23c5-4c5d-9d0c-93853e51cde9: leaving unrecorded for a later run to retry.
2026-10-02T22:20:25Z WARNING 29e3c89b-5461-4d15-bd86-fa7041836999: failed while reading the ElectricalSeries rates (AttributeError: module 'spikeinterface.extractors' has no attribute 'NwbRecordingExtractor')
2026-10-02T22:20:25Z WARNING [977/1846] 29e3c89b-5461-4d15-bd86-fa7041836999: leaving unrecorded for a later run to retry.
2026-10-02T22:20:25Z WARNING 29e3e208-30d4-44d3-a23a-7a3f0b7fe03b: failed while reading the ElectricalSeries rates (AttributeError: module 'spikeinterface.extractors' has no attribute 'NwbRecordingExtractor')
2026-10-02T22:20:25Z WARNING [978/1846] 29e3e208-30d4-44d3-a23a-7a3f0b7fe03b: leaving unrecorded for a later run to retry.
2026-10-02T22:20:26Z WARNING 29e4da8e-be11-48fc-a4b6-f551476de524: failed while reading the ElectricalSeries rates (AttributeError: module 'spikeinterface.extractors' has no attribute 'NwbRecordingExtractor')
2026-10-02T22:20:26Z WARNING [979/1846] 29e4da8e-be11-48fc-a4b6-f551476de524: leaving unrecorded for a later run to retry.
2026-10-02T22:20:26Z WARNING 29e5dd79-e8f9-4dd6-b754-69fe30e9d3e5: failed while reading the ElectricalSeries rates (AttributeError: module 'spikeinterface.extractors' has no attribute 'NwbRecordingExtractor')
2026-10-02T22:20:26Z WARNING [980/1846] 29e5dd79-e8f9-4dd6-b754-69fe30e9d3e5: leaving unrecorded for a later run to retry.
2026-10-02T22:20:26Z WARNING 29e60657-9db0-4496-80f6-e4a540e42649: failed while reading the ElectricalSeries rates (AttributeError: module 'spikeinterface.extractors' has no attribute 'NwbRecordingExtractor')
2026-10-02T22:20:26Z WARNING [981/1846] 29e60657-9db0-4496-80f6-e4a540e42649: leaving unrecorded for a later run to retry.
2026-10-02T22:20:26Z WARNING 29e6abb6-dba0-40f4-bea9-e348d668161c: failed while reading the ElectricalSeries rates (AttributeError: module 'spikeinterface.extractors' has no attribute 'NwbRecordingExtractor')
2026-10-02T22:20:26Z WARNING [982/1846] 29e6abb6-dba0-40f4-bea9-e348d668161c: leaving unrecorded for a later run to retry.
2026-10-02T22:20:26Z WARNING 29e70091-06d4-4add-8918-8b409a0a5347: failed while reading the ElectricalSeries rates (AttributeError: module 'spikeinterface.extractors' has no attribute 'NwbRecordingExtractor')
2026-10-02T22:20:26Z WARNING [983/1846] 29e70091-06d4-4add-8918-8b409a0a5347: leaving unrecorded for a later run to retry.
2026-10-02T22:20:26Z WARNING 29e71a32-fbbf-4386-8836-ab0f44aed9dc: failed while reading the ElectricalSeries rates (AttributeError: module 'spikeinterface.extractors' has no attribute 'NwbRecordingExtractor')
2026-10-02T22:20:26Z WARNING [984/1846] 29e71a32-fbbf-4386-8836-ab0f44aed9dc: leaving unrecorded for a later run to retry.
2026-10-02T22:20:26Z WARNING 29e71ab0-83bb-4ec0-9b99-2757384f72ad: failed while reading the ElectricalSeries rates (AttributeError: module 'spikeinterface.extractors' has no attribute 'NwbRecordingExtractor')
2026-10-02T22:20:26Z WARNING [985/1846] 29e71ab0-83bb-4ec0-9b99-2757384f72ad: leaving unrecorded for a later run to retry.
2026-10-02T22:20:26Z WARNING 29e7cccc-e772-4ba8-9582-5ae677891b61: failed while reading the ElectricalSeries rates (AttributeError: module 'spikeinterface.extractors' has no attribute 'NwbRecordingExtractor')
2026-10-02T22:20:26Z WARNING [986/1846] 29e7cccc-e772-4ba8-9582-5ae677891b61: leaving unrecorded for a later run to retry.
2026-10-02T22:20:26Z WARNING 29e96487-6ab9-44e7-850c-b2c35164a701: failed while reading the ElectricalSeries rates (AttributeError: module 'spikeinterface.extractors' has no attribute 'NwbRecordingExtractor')
2026-10-02T22:20:26Z WARNING [987/1846] 29e96487-6ab9-44e7-850c-b2c35164a701: leaving unrecorded for a later run to retry.
2026-10-02T22:20:26Z WARNING 29e9b24e-8cb4-448b-8ce6-a420dccd09e7: failed while reading the ElectricalSeries rates (AttributeError: module 'spikeinterface.extractors' has no attribute 'NwbRecordingExtractor')
2026-10-02T22:20:26Z WARNING [988/1846] 29e9b24e-8cb4-448b-8ce6-a420dccd09e7: leaving unrecorded for a later run to retry.
2026-10-02T22:20:26Z WARNING 29e9da52-c19c-492f-8ab2-d8cc655fe583: failed while reading the ElectricalSeries rates (AttributeError: module 'spikeinterface.extractors' has no attribute 'NwbRecordingExtractor')
2026-10-02T22:20:26Z WARNING [989/1846] 29e9da52-c19c-492f-8ab2-d8cc655fe583: leaving unrecorded for a later run to retry.
2026-10-02T22:20:26Z WARNING 29e9e7a8-3083-4a78-a976-914f35b82f51: failed while reading the ElectricalSeries rates (AttributeError: module 'spikeinterface.extractors' has no attribute 'NwbRecordingExtractor')
2026-10-02T22:20:26Z WARNING [990/1846] 29e9e7a8-3083-4a78-a976-914f35b82f51: leaving unrecorded for a later run to retry.
2026-10-02T22:20:26Z WARNING 29ea58dc-48a1-4301-bf14-bf2df716c252: failed while reading the ElectricalSeries rates (AttributeError: module 'spikeinterface.extractors' has no attribute 'NwbRecordingExtractor')
2026-10-02T22:20:26Z WARNING [991/1846] 29ea58dc-48a1-4301-bf14-bf2df716c252: leaving unrecorded for a later run to retry.
2026-10-02T22:20:26Z WARNING 29ea86f1-9513-4ad5-b056-8ac228683ce9: failed while reading the ElectricalSeries rates (AttributeError: module 'spikeinterface.extractors' has no attribute 'NwbRecordingExtractor')
2026-10-02T22:20:26Z WARNING [992/1846] 29ea86f1-9513-4ad5-b056-8ac228683ce9: leaving unrecorded for a later run to retry.
2026-10-02T22:20:26Z WARNING 29eb36f7-5de2-4416-b542-352623be3ce0: failed while reading the ElectricalSeries rates (AttributeError: module 'spikeinterface.extractors' has no attribute 'NwbRecordingExtractor')
2026-10-02T22:20:26Z WARNING [993/1846] 29eb36f7-5de2-4416-b542-352623be3ce0: leaving unrecorded for a later run to retry.
2026-10-02T22:20:26Z WARNING 29eb4533-920b-4631-8ab4-dbf50387a4ff: failed while reading the ElectricalSeries rates (AttributeError: module 'spikeinterface.extractors' has no attribute 'NwbRecordingExtractor')
2026-10-02T22:20:26Z WARNING [994/1846] 29eb4533-920b-4631-8ab4-dbf50387a4ff: leaving unrecorded for a later run to retry.
2026-10-02T22:20:27Z WARNING 29ebce61-6319-451f-854c-6c70b0174ef0: failed while reading the ElectricalSeries rates (AttributeError: module 'spikeinterface.extractors' has no attribute 'NwbRecordingExtractor')
2026-10-02T22:20:27Z WARNING [995/1846] 29ebce61-6319-451f-854c-6c70b0174ef0: leaving unrecorded for a later run to retry.
2026-10-02T22:20:27Z WARNING 29ec71fa-0a37-426b-a9c0-f433444ebcb6: failed while reading the ElectricalSeries rates (AttributeError: module 'spikeinterface.extractors' has no attribute 'NwbRecordingExtractor')
2026-10-02T22:20:27Z WARNING [996/1846] 29ec71fa-0a37-426b-a9c0-f433444ebcb6: leaving unrecorded for a later run to retry.
2026-10-02T22:20:27Z WARNING 29ecf1db-fde0-45c7-9ae9-b14868f640f6: failed while reading the ElectricalSeries rates (AttributeError: module 'spikeinterface.extractors' has no attribute 'NwbRecordingExtractor')
2026-10-02T22:20:27Z WARNING [997/1846] 29ecf1db-fde0-45c7-9ae9-b14868f640f6: leaving unrecorded for a later run to retry.
2026-10-02T22:20:27Z WARNING 29eee3c4-68c3-4f28-a0e6-250b33d6d6fd: failed while reading the ElectricalSeries rates (AttributeError: module 'spikeinterface.extractors' has no attribute 'NwbRecordingExtractor')
2026-10-02T22:20:27Z WARNING [998/1846] 29eee3c4-68c3-4f28-a0e6-250b33d6d6fd: leaving unrecorded for a later run to retry.
2026-10-02T22:20:27Z WARNING 29ef3fc3-6c93-4d6c-89c4-02fe145b3307: failed while reading the ElectricalSeries rates (AttributeError: module 'spikeinterface.extractors' has no attribute 'NwbRecordingExtractor')
2026-10-02T22:20:27Z WARNING [999/1846] 29ef3fc3-6c93-4d6c-89c4-02fe145b3307: leaving unrecorded for a later run to retry.
2026-10-02T22:20:27Z WARNING 29ef5fc4-c8e5-44c3-a6ea-9f168b4e653c: failed while reading the ElectricalSeries rates (AttributeError: module 'spikeinterface.extractors' has no attribute 'NwbRecordingExtractor')
2026-10-02T22:20:27Z WARNING [1000/1846] 29ef5fc4-c8e5-44c3-a6ea-9f168b4e653c: leaving unrecorded for a later run to retry.
2026-10-02T22:20:27Z INFO [1000/1846] 29ef5fc4-c8e5-44c3-a6ea-9f168b4e653c: checkpointed 60602 records.
2026-10-02T22:20:27Z WARNING 29f17a15-2737-496b-a727-6ffd00ef7e16: failed while reading the ElectricalSeries rates (AttributeError: module 'spikeinterface.extractors' has no attribute 'NwbRecordingExtractor')
2026-10-02T22:20:27Z WARNING [1001/1846] 29f17a15-2737-496b-a727-6ffd00ef7e16: leaving unrecorded for a later run to retry.
2026-10-02T22:20:27Z WARNING 29f1c4d2-b780-4f11-b75b-86cfb0e477ca: failed while reading the ElectricalSeries rates (AttributeError: module 'spikeinterface.extractors' has no attribute 'NwbRecordingExtractor')
2026-10-02T22:20:27Z WARNING [1002/1846] 29f1c4d2-b780-4f11-b75b-86cfb0e477ca: leaving unrecorded for a later run to retry.
2026-10-02T22:20:27Z WARNING 29f2c6ba-a9c3-4c5f-90d8-d07a8c080e44: failed while reading the ElectricalSeries rates (AttributeError: module 'spikeinterface.extractors' has no attribute 'NwbRecordingExtractor')
2026-10-02T22:20:27Z WARNING [1003/1846] 29f2c6ba-a9c3-4c5f-90d8-d07a8c080e44: leaving unrecorded for a later run to retry.
2026-10-02T22:20:27Z WARNING 29f2df1f-05ce-46bc-83b4-59d63cf13bb9: failed while reading the ElectricalSeries rates (AttributeError: module 'spikeinterface.extractors' has no attribute 'NwbRecordingExtractor')
2026-10-02T22:20:27Z WARNING [1004/1846] 29f2df1f-05ce-46bc-83b4-59d63cf13bb9: leaving unrecorded for a later run to retry.
2026-10-02T22:20:27Z WARNING 29f316b0-0498-4243-ba59-def88bc4d14f: failed while reading the ElectricalSeries rates (AttributeError: module 'spikeinterface.extractors' has no attribute 'NwbRecordingExtractor')
2026-10-02T22:20:27Z WARNING [1005/1846] 29f316b0-0498-4243-ba59-def88bc4d14f: leaving unrecorded for a later run to retry.
2026-10-02T22:20:27Z WARNING 29f35256-5e80-458d-a4da-9ca542906c36: failed while reading the ElectricalSeries rates (AttributeError: module 'spikeinterface.extractors' has no attribute 'NwbRecordingExtractor')
2026-10-02T22:20:27Z WARNING [1006/1846] 29f35256-5e80-458d-a4da-9ca542906c36: leaving unrecorded for a later run to retry.
2026-10-02T22:20:27Z WARNING 29f3a507-13d1-4254-9d50-e992438903a1: failed while reading the ElectricalSeries rates (AttributeError: module 'spikeinterface.extractors' has no attribute 'NwbRecordingExtractor')
2026-10-02T22:20:27Z WARNING [1007/1846] 29f3a507-13d1-4254-9d50-e992438903a1: leaving unrecorded for a later run to retry.
2026-10-02T22:20:27Z WARNING 29f3bf0b-52c0-4445-b315-f4789563fe1e: failed while reading the ElectricalSeries rates (AttributeError: module 'spikeinterface.extractors' has no attribute 'NwbRecordingExtractor')
2026-10-02T22:20:27Z WARNING [1008/1846] 29f3bf0b-52c0-4445-b315-f4789563fe1e: leaving unrecorded for a later run to retry.
2026-10-02T22:20:27Z WARNING 29f4e1bd-27f4-428e-83d0-f3944ab26627: failed while reading the ElectricalSeries rates (AttributeError: module 'spikeinterface.extractors' has no attribute 'NwbRecordingExtractor')
2026-10-02T22:20:27Z WARNING [1009/1846] 29f4e1bd-27f4-428e-83d0-f3944ab26627: leaving unrecorded for a later run to retry.
2026-10-02T22:20:27Z WARNING 29f5cf11-72dc-4a09-ac63-bcf36b8db204: failed while reading the ElectricalSeries rates (AttributeError: module 'spikeinterface.extractors' has no attribute 'NwbRecordingExtractor')
2026-10-02T22:20:27Z WARNING [1010/1846] 29f5cf11-72dc-4a09-ac63-bcf36b8db204: leaving unrecorded for a later run to retry.
2026-10-02T22:20:28Z WARNING 29f6218b-07fa-46b9-8b08-a4e8ac788a22: failed while reading the ElectricalSeries rates (AttributeError: module 'spikeinterface.extractors' has no attribute 'NwbRecordingExtractor')
2026-10-02T22:20:28Z WARNING [1011/1846] 29f6218b-07fa-46b9-8b08-a4e8ac788a22: leaving unrecorded for a later run to retry.
2026-10-02T22:20:28Z WARNING 29f68d0a-4705-41c0-aac3-a9a934d1378a: failed while reading the ElectricalSeries rates (AttributeError: module 'spikeinterface.extractors' has no attribute 'NwbRecordingExtractor')
2026-10-02T22:20:28Z WARNING [1012/1846] 29f68d0a-4705-41c0-aac3-a9a934d1378a: leaving unrecorded for a later run to retry.
2026-10-02T22:20:28Z WARNING 29f7462f-8279-4f7f-a13f-3bcef21f6d42: failed while reading the ElectricalSeries rates (AttributeError: module 'spikeinterface.extractors' has no attribute 'NwbRecordingExtractor')
2026-10-02T22:20:28Z WARNING [1013/1846] 29f7462f-8279-4f7f-a13f-3bcef21f6d42: leaving unrecorded for a later run to retry.
2026-10-02T22:20:28Z WARNING 29f76423-4d5e-4f74-a75b-5afcd2081c12: failed while reading the ElectricalSeries rates (AttributeError: module 'spikeinterface.extractors' has no attribute 'NwbRecordingExtractor')
2026-10-02T22:20:28Z WARNING [1014/1846] 29f76423-4d5e-4f74-a75b-5afcd2081c12: leaving unrecorded for a later run to retry.
2026-10-02T22:20:28Z WARNING 29f78b7f-82e3-45fc-bfea-b792f484d0ab: failed while reading the ElectricalSeries rates (AttributeError: module 'spikeinterface.extractors' has no attribute 'NwbRecordingExtractor')
2026-10-02T22:20:28Z WARNING [1015/1846] 29f78b7f-82e3-45fc-bfea-b792f484d0ab: leaving unrecorded for a later run to retry.
2026-10-02T22:20:28Z WARNING 29f8b3bf-cbe5-4894-a8df-df6c25210986: failed while reading the ElectricalSeries rates (AttributeError: module 'spikeinterface.extractors' has no attribute 'NwbRecordingExtractor')
2026-10-02T22:20:28Z WARNING [1016/1846] 29f8b3bf-cbe5-4894-a8df-df6c25210986: leaving unrecorded for a later run to retry.
2026-10-02T22:20:28Z WARNING 29f8d439-0ec0-453d-bd15-2526f1e9811e: failed while reading the ElectricalSeries rates (AttributeError: module 'spikeinterface.extractors' has no attribute 'NwbRecordingExtractor')
2026-10-02T22:20:28Z WARNING [1017/1846] 29f8d439-0ec0-453d-bd15-2526f1e9811e: leaving unrecorded for a later run to retry.
2026-10-02T22:20:28Z WARNING 29f958b1-4a45-4928-b8c3-50be9dbf3338: failed while reading the ElectricalSeries rates (AttributeError: module 'spikeinterface.extractors' has no attribute 'NwbRecordingExtractor')
2026-10-02T22:20:28Z WARNING [1018/1846] 29f958b1-4a45-4928-b8c3-50be9dbf3338: leaving unrecorded for a later run to retry.
2026-10-02T22:20:28Z WARNING 29fb057e-daef-491a-af8c-19b3612bf84f: failed while reading the ElectricalSeries rates (AttributeError: module 'spikeinterface.extractors' has no attribute 'NwbRecordingExtractor')
2026-10-02T22:20:28Z WARNING [1019/1846] 29fb057e-daef-491a-af8c-19b3612bf84f: leaving unrecorded for a later run to retry.
2026-10-02T22:20:28Z WARNING 29fbe9fc-af88-466c-b1ca-aba6c8b7a0ed: failed while reading the ElectricalSeries rates (AttributeError: module 'spikeinterface.extractors' has no attribute 'NwbRecordingExtractor')
2026-10-02T22:20:28Z WARNING [1020/1846] 29fbe9fc-af88-466c-b1ca-aba6c8b7a0ed: leaving unrecorded for a later run to retry.
2026-10-02T22:20:28Z WARNING 29fca974-6737-4581-ae37-60377ca0ef7f: failed while reading the ElectricalSeries rates (AttributeError: module 'spikeinterface.extractors' has no attribute 'NwbRecordingExtractor')
2026-10-02T22:20:28Z WARNING [1021/1846] 29fca974-6737-4581-ae37-60377ca0ef7f: leaving unrecorded for a later run to retry.
2026-10-02T22:20:28Z WARNING 29fcd28a-1023-4af4-ad75-fc5217365d0d: failed while reading the ElectricalSeries rates (AttributeError: module 'spikeinterface.extractors' has no attribute 'NwbRecordingExtractor')
2026-10-02T22:20:28Z WARNING [1022/1846] 29fcd28a-1023-4af4-ad75-fc5217365d0d: leaving unrecorded for a later run to retry.
2026-10-02T22:20:28Z WARNING 29fdb7e3-b45d-4e88-bc40-9e3aa199a95e: failed while reading the ElectricalSeries rates (AttributeError: module 'spikeinterface.extractors' has no attribute 'NwbRecordingExtractor')
2026-10-02T22:20:28Z WARNING [1023/1846] 29fdb7e3-b45d-4e88-bc40-9e3aa199a95e: leaving unrecorded for a later run to retry.
2026-10-02T22:20:28Z WARNING 29fdd4a3-7194-49aa-8075-d9775ebcf887: failed while reading the ElectricalSeries rates (AttributeError: module 'spikeinterface.extractors' has no attribute 'NwbRecordingExtractor')
2026-10-02T22:20:28Z WARNING [1024/1846] 29fdd4a3-7194-49aa-8075-d9775ebcf887: leaving unrecorded for a later run to retry.
2026-10-02T22:20:28Z WARNING 29fe7ba7-2e9f-4384-a885-abafb2986375: failed while reading the ElectricalSeries rates (AttributeError: module 'spikeinterface.extractors' has no attribute 'NwbRecordingExtractor')
2026-10-02T22:20:28Z WARNING [1025/1846] 29fe7ba7-2e9f-4384-a885-abafb2986375: leaving unrecorded for a later run to retry.
2026-10-02T22:20:28Z WARNING 29ff0c1b-ea56-4cda-8e03-674a5417ffc4: failed while reading the ElectricalSeries rates (AttributeError: module 'spikeinterface.extractors' has no attribute 'NwbRecordingExtractor')
2026-10-02T22:20:28Z WARNING [1026/1846] 29ff0c1b-ea56-4cda-8e03-674a5417ffc4: leaving unrecorded for a later run to retry.
2026-10-02T22:20:28Z WARNING 29ff5044-25c7-4f78-9342-1bc37c3aab2f: failed while reading the ElectricalSeries rates (AttributeError: module 'spikeinterface.extractors' has no attribute 'NwbRecordingExtractor')
2026-10-02T22:20:28Z WARNING [1027/1846] 29ff5044-25c7-4f78-9342-1bc37c3aab2f: leaving unrecorded for a later run to retry.
2026-10-02T22:20:28Z WARNING 29ffe405-3164-4485-a21a-33f83f00b4ff: failed while reading the ElectricalSeries rates (AttributeError: module 'spikeinterface.extractors' has no attribute 'NwbRecordingExtractor')
2026-10-02T22:20:28Z WARNING [1028/1846] 29ffe405-3164-4485-a21a-33f83f00b4ff: leaving unrecorded for a later run to retry.
2026-10-02T22:20:29Z WARNING 2a008dd4-3148-4f05-8112-6a19928c3777: failed while reading the ElectricalSeries rates (AttributeError: module 'spikeinterface.extractors' has no attribute 'NwbRecordingExtractor')
2026-10-02T22:20:29Z WARNING [1029/1846] 2a008dd4-3148-4f05-8112-6a19928c3777: leaving unrecorded for a later run to retry.
2026-10-02T22:20:29Z WARNING 2a00a91d-7cb7-4680-aabf-15bbb33af5b0: failed while reading the ElectricalSeries rates (AttributeError: module 'spikeinterface.extractors' has no attribute 'NwbRecordingExtractor')
2026-10-02T22:20:29Z WARNING [1030/1846] 2a00a91d-7cb7-4680-aabf-15bbb33af5b0: leaving unrecorded for a later run to retry.
2026-10-02T22:20:29Z WARNING 2a02873a-ab68-4c8a-8871-2492c71659ef: failed while reading the ElectricalSeries rates (AttributeError: module 'spikeinterface.extractors' has no attribute 'NwbRecordingExtractor')
2026-10-02T22:20:29Z WARNING [1031/1846] 2a02873a-ab68-4c8a-8871-2492c71659ef: leaving unrecorded for a later run to retry.
2026-10-02T22:20:29Z WARNING 2a02cf03-a575-4af6-a466-254ddcb6d919: failed while reading the ElectricalSeries rates (AttributeError: module 'spikeinterface.extractors' has no attribute 'NwbRecordingExtractor')
2026-10-02T22:20:29Z WARNING [1032/1846] 2a02cf03-a575-4af6-a466-254ddcb6d919: leaving unrecorded for a later run to retry.
2026-10-02T22:20:29Z WARNING 2a02ee92-c791-423b-8237-c05354016981: failed while reading the ElectricalSeries rates (AttributeError: module 'spikeinterface.extractors' has no attribute 'NwbRecordingExtractor')
2026-10-02T22:20:29Z WARNING [1033/1846] 2a02ee92-c791-423b-8237-c05354016981: leaving unrecorded for a later run to retry.
2026-10-02T22:20:29Z WARNING 2a034245-c25d-4441-a17a-891d48b1d02b: failed while reading the ElectricalSeries rates (AttributeError: module 'spikeinterface.extractors' has no attribute 'NwbRecordingExtractor')
2026-10-02T22:20:29Z WARNING [1034/1846] 2a034245-c25d-4441-a17a-891d48b1d02b: leaving unrecorded for a later run to retry.
2026-10-02T22:20:29Z WARNING 2a0358a6-ea0e-423f-b812-c0c07f45eb85: failed while reading the ElectricalSeries rates (AttributeError: module 'spikeinterface.extractors' has no attribute 'NwbRecordingExtractor')
2026-10-02T22:20:29Z WARNING [1035/1846] 2a0358a6-ea0e-423f-b812-c0c07f45eb85: leaving unrecorded for a later run to retry.
2026-10-02T22:20:29Z WARNING 2a035d5c-dfe1-45b8-bee5-26a7b7d51cf5: failed while reading the ElectricalSeries rates (AttributeError: module 'spikeinterface.extractors' has no attribute 'NwbRecordingExtractor')
2026-10-02T22:20:29Z WARNING [1036/1846] 2a035d5c-dfe1-45b8-bee5-26a7b7d51cf5: leaving unrecorded for a later run to retry.
2026-10-02T22:20:29Z WARNING 2a03979f-8d4e-41ce-955a-a13665dcebc8: failed while reading the ElectricalSeries rates (AttributeError: module 'spikeinterface.extractors' has no attribute 'NwbRecordingExtractor')
2026-10-02T22:20:29Z WARNING [1037/1846] 2a03979f-8d4e-41ce-955a-a13665dcebc8: leaving unrecorded for a later run to retry.
2026-10-02T22:20:29Z WARNING 2a03d009-6452-452e-a0f5-76253c70db25: failed while reading the ElectricalSeries rates (AttributeError: module 'spikeinterface.extractors' has no attribute 'NwbRecordingExtractor')
2026-10-02T22:20:29Z WARNING [1038/1846] 2a03d009-6452-452e-a0f5-76253c70db25: leaving unrecorded for a later run to retry.
2026-10-02T22:20:29Z WARNING 2a03d16a-7fdf-42cc-9949-0ac1d52d9ac1: failed while reading the ElectricalSeries rates (AttributeError: module 'spikeinterface.extractors' has no attribute 'NwbRecordingExtractor')
2026-10-02T22:20:29Z WARNING [1039/1846] 2a03d16a-7fdf-42cc-9949-0ac1d52d9ac1: leaving unrecorded for a later run to retry.
2026-10-02T22:20:29Z WARNING 2a03e0d0-31ce-43ee-be5f-08bd5326721b: failed while reading the ElectricalSeries rates (AttributeError: module 'spikeinterface.extractors' has no attribute 'NwbRecordingExtractor')
2026-10-02T22:20:29Z WARNING [1040/1846] 2a03e0d0-31ce-43ee-be5f-08bd5326721b: leaving unrecorded for a later run to retry.
2026-10-02T22:20:29Z WARNING 2a047f1a-80d3-4629-8ab8-dbc919913015: failed while reading the ElectricalSeries rates (AttributeError: module 'spikeinterface.extractors' has no attribute 'NwbRecordingExtractor')
2026-10-02T22:20:29Z WARNING [1041/1846] 2a047f1a-80d3-4629-8ab8-dbc919913015: leaving unrecorded for a later run to retry.
2026-10-02T22:20:29Z WARNING 2a06117c-0f42-40eb-ace6-65bcdec4c3d6: failed while reading the ElectricalSeries rates (AttributeError: module 'spikeinterface.extractors' has no attribute 'NwbRecordingExtractor')
2026-10-02T22:20:29Z WARNING [1042/1846] 2a06117c-0f42-40eb-ace6-65bcdec4c3d6: leaving unrecorded for a later run to retry.
2026-10-02T22:20:29Z WARNING 2a080e44-82f1-4525-b0fa-2624711c44a3: failed while reading the ElectricalSeries rates (AttributeError: module 'spikeinterface.extractors' has no attribute 'NwbRecordingExtractor')
2026-10-02T22:20:29Z WARNING [1043/1846] 2a080e44-82f1-4525-b0fa-2624711c44a3: leaving unrecorded for a later run to retry.
2026-10-02T22:20:29Z WARNING 2a087af1-e052-405b-b393-c5d65d834c1c: failed while reading the ElectricalSeries rates (AttributeError: module 'spikeinterface.extractors' has no attribute 'NwbRecordingExtractor')
2026-10-02T22:20:29Z WARNING [1044/1846] 2a087af1-e052-405b-b393-c5d65d834c1c: leaving unrecorded for a later run to retry.
2026-10-02T22:20:29Z WARNING 2a099c5c-1c25-4d9e-88c0-a53c4447fda8: failed while reading the ElectricalSeries rates (AttributeError: module 'spikeinterface.extractors' has no attribute 'NwbRecordingExtractor')
2026-10-02T22:20:29Z WARNING [1045/1846] 2a099c5c-1c25-4d9e-88c0-a53c4447fda8: leaving unrecorded for a later run to retry.
2026-10-02T22:20:30Z WARNING 2a09c8cf-58c6-4722-8d63-d630581e2aaf: failed while reading the ElectricalSeries rates (AttributeError: module 'spikeinterface.extractors' has no attribute 'NwbRecordingExtractor')
2026-10-02T22:20:30Z WARNING [1046/1846] 2a09c8cf-58c6-4722-8d63-d630581e2aaf: leaving unrecorded for a later run to retry.
2026-10-02T22:20:30Z WARNING 2a09f713-de0b-41b4-b7ed-75b0c4df6288: failed while reading the ElectricalSeries rates (AttributeError: module 'spikeinterface.extractors' has no attribute 'NwbRecordingExtractor')
2026-10-02T22:20:30Z WARNING [1047/1846] 2a09f713-de0b-41b4-b7ed-75b0c4df6288: leaving unrecorded for a later run to retry.
2026-10-02T22:20:30Z WARNING 2a0a0fe1-498c-4a3a-899e-d7fb25612e10: failed while reading the ElectricalSeries rates (AttributeError: module 'spikeinterface.extractors' has no attribute 'NwbRecordingExtractor')
2026-10-02T22:20:30Z WARNING [1048/1846] 2a0a0fe1-498c-4a3a-899e-d7fb25612e10: leaving unrecorded for a later run to retry.
2026-10-02T22:20:30Z WARNING 2a0b1dc4-99bf-42a0-9af3-b471e758432b: failed while reading the ElectricalSeries rates (AttributeError: module 'spikeinterface.extractors' has no attribute 'NwbRecordingExtractor')
2026-10-02T22:20:30Z WARNING [1049/1846] 2a0b1dc4-99bf-42a0-9af3-b471e758432b: leaving unrecorded for a later run to retry.
2026-10-02T22:20:30Z WARNING 2a0b96dd-d778-4841-bcf2-a9850d9ffe1f: failed while reading the ElectricalSeries rates (AttributeError: module 'spikeinterface.extractors' has no attribute 'NwbRecordingExtractor')
2026-10-02T22:20:30Z WARNING [1050/1846] 2a0b96dd-d778-4841-bcf2-a9850d9ffe1f: leaving unrecorded for a later run to retry.
2026-10-02T22:20:30Z INFO [1050/1846] 2a0b96dd-d778-4841-bcf2-a9850d9ffe1f: checkpointed 60602 records.
2026-10-02T22:20:30Z WARNING 2a0be2de-438d-4308-9565-c00ff92ff492: failed while reading the ElectricalSeries rates (AttributeError: module 'spikeinterface.extractors' has no attribute 'NwbRecordingExtractor')
2026-10-02T22:20:30Z WARNING [1051/1846] 2a0be2de-438d-4308-9565-c00ff92ff492: leaving unrecorded for a later run to retry.
2026-10-02T22:20:30Z WARNING 2a0c754c-f65a-4b14-8af0-8b2234cbbbde: failed while reading the ElectricalSeries rates (AttributeError: module 'spikeinterface.extractors' has no attribute 'NwbRecordingExtractor')
2026-10-02T22:20:30Z WARNING [1052/1846] 2a0c754c-f65a-4b14-8af0-8b2234cbbbde: leaving unrecorded for a later run to retry.
2026-10-02T22:20:30Z WARNING 2a0d2e86-bed5-4843-b9b2-6e38d09f9cad: failed while reading the ElectricalSeries rates (AttributeError: module 'spikeinterface.extractors' has no attribute 'NwbRecordingExtractor')
2026-10-02T22:20:30Z WARNING [1053/1846] 2a0d2e86-bed5-4843-b9b2-6e38d09f9cad: leaving unrecorded for a later run to retry.
2026-10-02T22:20:30Z WARNING 2a0d4e0a-07a3-4ed1-8652-a4ba9290f987: failed while reading the ElectricalSeries rates (AttributeError: module 'spikeinterface.extractors' has no attribute 'NwbRecordingExtractor')
2026-10-02T22:20:30Z WARNING [1054/1846] 2a0d4e0a-07a3-4ed1-8652-a4ba9290f987: leaving unrecorded for a later run to retry.
2026-10-02T22:20:30Z WARNING 2a0e2d34-566f-4caf-9217-19def6163812: failed while reading the ElectricalSeries rates (AttributeError: module 'spikeinterface.extractors' has no attribute 'NwbRecordingExtractor')
2026-10-02T22:20:30Z WARNING [1055/1846] 2a0e2d34-566f-4caf-9217-19def6163812: leaving unrecorded for a later run to retry.
2026-10-02T22:20:30Z WARNING 2a0f59a1-db0f-447c-99f8-71e13b9842ea: failed while reading the ElectricalSeries rates (AttributeError: module 'spikeinterface.extractors' has no attribute 'NwbRecordingExtractor')
2026-10-02T22:20:30Z WARNING [1056/1846] 2a0f59a1-db0f-447c-99f8-71e13b9842ea: leaving unrecorded for a later run to retry.
2026-10-02T22:20:30Z WARNING 2a0f7b9a-1256-446e-95a2-719770f03899: failed while reading the ElectricalSeries rates (AttributeError: module 'spikeinterface.extractors' has no attribute 'NwbRecordingExtractor')
2026-10-02T22:20:30Z WARNING [1057/1846] 2a0f7b9a-1256-446e-95a2-719770f03899: leaving unrecorded for a later run to retry.
2026-10-02T22:20:30Z WARNING 2a100b02-fd60-4ab9-96db-edaaf8b046af: failed while reading the ElectricalSeries rates (AttributeError: module 'spikeinterface.extractors' has no attribute 'NwbRecordingExtractor')
2026-10-02T22:20:30Z WARNING [1058/1846] 2a100b02-fd60-4ab9-96db-edaaf8b046af: leaving unrecorded for a later run to retry.
2026-10-02T22:20:30Z WARNING 2a10b1f6-1c04-496e-95e7-47ffae88aee5: failed while reading the ElectricalSeries rates (AttributeError: module 'spikeinterface.extractors' has no attribute 'NwbRecordingExtractor')
2026-10-02T22:20:30Z WARNING [1059/1846] 2a10b1f6-1c04-496e-95e7-47ffae88aee5: leaving unrecorded for a later run to retry.
2026-10-02T22:20:30Z WARNING 2a10ef13-973a-4d65-9801-29c403f74f3c: failed while reading the ElectricalSeries rates (AttributeError: module 'spikeinterface.extractors' has no attribute 'NwbRecordingExtractor')
2026-10-02T22:20:30Z WARNING [1060/1846] 2a10ef13-973a-4d65-9801-29c403f74f3c: leaving unrecorded for a later run to retry.
2026-10-02T22:20:30Z WARNING 2a10f71b-ed99-4ed1-9c3d-efd101925098: failed while reading the ElectricalSeries rates (AttributeError: module 'spikeinterface.extractors' has no attribute 'NwbRecordingExtractor')
2026-10-02T22:20:30Z WARNING [1061/1846] 2a10f71b-ed99-4ed1-9c3d-efd101925098: leaving unrecorded for a later run to retry.
2026-10-02T22:20:31Z WARNING 2a125858-a157-4216-99c1-146725d1da89: failed while reading the ElectricalSeries rates (AttributeError: module 'spikeinterface.extractors' has no attribute 'NwbRecordingExtractor')
2026-10-02T22:20:31Z WARNING [1062/1846] 2a125858-a157-4216-99c1-146725d1da89: leaving unrecorded for a later run to retry.
2026-10-02T22:20:31Z WARNING 2a12f665-9487-4859-85a4-d42f969c27e3: failed while reading the ElectricalSeries rates (AttributeError: module 'spikeinterface.extractors' has no attribute 'NwbRecordingExtractor')
2026-10-02T22:20:31Z WARNING [1063/1846] 2a12f665-9487-4859-85a4-d42f969c27e3: leaving unrecorded for a later run to retry.
2026-10-02T22:20:31Z WARNING 2a1311a1-281e-4d1b-bc07-37b34adea76c: failed while reading the ElectricalSeries rates (AttributeError: module 'spikeinterface.extractors' has no attribute 'NwbRecordingExtractor')
2026-10-02T22:20:31Z WARNING [1064/1846] 2a1311a1-281e-4d1b-bc07-37b34adea76c: leaving unrecorded for a later run to retry.
2026-10-02T22:20:31Z WARNING 2a1363c9-7ca1-4f27-aebd-9e1d8847389b: failed while reading the ElectricalSeries rates (AttributeError: module 'spikeinterface.extractors' has no attribute 'NwbRecordingExtractor')
2026-10-02T22:20:31Z WARNING [1065/1846] 2a1363c9-7ca1-4f27-aebd-9e1d8847389b: leaving unrecorded for a later run to retry.
2026-10-02T22:20:31Z WARNING 2a144843-d089-4e30-8fdc-e0da426810d8: failed while reading the ElectricalSeries rates (AttributeError: module 'spikeinterface.extractors' has no attribute 'NwbRecordingExtractor')
2026-10-02T22:20:31Z WARNING [1066/1846] 2a144843-d089-4e30-8fdc-e0da426810d8: leaving unrecorded for a later run to retry.
2026-10-02T22:20:31Z WARNING 2a144c1b-17fc-462a-8a97-8ccc8f6705ed: failed while reading the ElectricalSeries rates (AttributeError: module 'spikeinterface.extractors' has no attribute 'NwbRecordingExtractor')
2026-10-02T22:20:31Z WARNING [1067/1846] 2a144c1b-17fc-462a-8a97-8ccc8f6705ed: leaving unrecorded for a later run to retry.
2026-10-02T22:20:31Z WARNING 2a145e34-fc75-4b01-97bf-8595e30627ae: failed while reading the ElectricalSeries rates (AttributeError: module 'spikeinterface.extractors' has no attribute 'NwbRecordingExtractor')
2026-10-02T22:20:31Z WARNING [1068/1846] 2a145e34-fc75-4b01-97bf-8595e30627ae: leaving unrecorded for a later run to retry.
2026-10-02T22:20:31Z WARNING 2a14722a-d21b-449b-8121-756bc002ce94: failed while reading the ElectricalSeries rates (AttributeError: module 'spikeinterface.extractors' has no attribute 'NwbRecordingExtractor')
2026-10-02T22:20:31Z WARNING [1069/1846] 2a14722a-d21b-449b-8121-756bc002ce94: leaving unrecorded for a later run to retry.
2026-10-02T22:20:31Z WARNING 2a14b323-e08f-4abb-b67a-6d1749cc0a75: failed while reading the ElectricalSeries rates (AttributeError: module 'spikeinterface.extractors' has no attribute 'NwbRecordingExtractor')
2026-10-02T22:20:31Z WARNING [1070/1846] 2a14b323-e08f-4abb-b67a-6d1749cc0a75: leaving unrecorded for a later run to retry.
2026-10-02T22:20:31Z WARNING 2a156310-f9f0-4268-b0ab-c79acf7b3c9e: failed while reading the ElectricalSeries rates (AttributeError: module 'spikeinterface.extractors' has no attribute 'NwbRecordingExtractor')
2026-10-02T22:20:31Z WARNING [1071/1846] 2a156310-f9f0-4268-b0ab-c79acf7b3c9e: leaving unrecorded for a later run to retry.
2026-10-02T22:20:31Z WARNING 2a15b591-7f42-4b98-9b4c-55ff9d25e770: failed while reading the ElectricalSeries rates (AttributeError: module 'spikeinterface.extractors' has no attribute 'NwbRecordingExtractor')
2026-10-02T22:20:31Z WARNING [1072/1846] 2a15b591-7f42-4b98-9b4c-55ff9d25e770: leaving unrecorded for a later run to retry.
2026-10-02T22:20:31Z WARNING 2a16b1e9-9a4f-4c5a-8d53-f98ee52247c2: failed while reading the ElectricalSeries rates (AttributeError: module 'spikeinterface.extractors' has no attribute 'NwbRecordingExtractor')
2026-10-02T22:20:31Z WARNING [1073/1846] 2a16b1e9-9a4f-4c5a-8d53-f98ee52247c2: leaving unrecorded for a later run to retry.
2026-10-02T22:20:31Z WARNING 2a17467a-14c6-4ff6-be1a-d4e607dee262: failed while reading the ElectricalSeries rates (AttributeError: module 'spikeinterface.extractors' has no attribute 'NwbRecordingExtractor')
2026-10-02T22:20:31Z WARNING [1074/1846] 2a17467a-14c6-4ff6-be1a-d4e607dee262: leaving unrecorded for a later run to retry.
2026-10-02T22:20:31Z WARNING 2a17644c-015f-461a-a575-eda4a3660a2f: failed while reading the ElectricalSeries rates (AttributeError: module 'spikeinterface.extractors' has no attribute 'NwbRecordingExtractor')
2026-10-02T22:20:31Z WARNING [1075/1846] 2a17644c-015f-461a-a575-eda4a3660a2f: leaving unrecorded for a later run to retry.
2026-10-02T22:20:31Z WARNING 2a183ef6-ba00-4546-888d-ff9c8a337d34: failed while reading the ElectricalSeries rates (AttributeError: module 'spikeinterface.extractors' has no attribute 'NwbRecordingExtractor')
2026-10-02T22:20:31Z WARNING [1076/1846] 2a183ef6-ba00-4546-888d-ff9c8a337d34: leaving unrecorded for a later run to retry.
2026-10-02T22:20:31Z WARNING 2a18a64d-c7e2-4b8f-a076-25a75892702b: failed while reading the ElectricalSeries rates (AttributeError: module 'spikeinterface.extractors' has no attribute 'NwbRecordingExtractor')
2026-10-02T22:20:31Z WARNING [1077/1846] 2a18a64d-c7e2-4b8f-a076-25a75892702b: leaving unrecorded for a later run to retry.
2026-10-02T22:20:31Z WARNING 2a1bbf94-0c12-4760-87a5-b74a90a51745: failed while reading the ElectricalSeries rates (AttributeError: module 'spikeinterface.extractors' has no attribute 'NwbRecordingExtractor')
2026-10-02T22:20:31Z WARNING [1078/1846] 2a1bbf94-0c12-4760-87a5-b74a90a51745: leaving unrecorded for a later run to retry.
2026-10-02T22:20:32Z WARNING 2a1bd661-161e-4242-b02b-fb54600f8fea: failed while reading the ElectricalSeries rates (AttributeError: module 'spikeinterface.extractors' has no attribute 'NwbRecordingExtractor')
2026-10-02T22:20:32Z WARNING [1079/1846] 2a1bd661-161e-4242-b02b-fb54600f8fea: leaving unrecorded for a later run to retry.
2026-10-02T22:20:32Z WARNING 2a1c676d-26fc-4fc6-85a4-70fbb94bcb33: failed while reading the ElectricalSeries rates (AttributeError: module 'spikeinterface.extractors' has no attribute 'NwbRecordingExtractor')
2026-10-02T22:20:32Z WARNING [1080/1846] 2a1c676d-26fc-4fc6-85a4-70fbb94bcb33: leaving unrecorded for a later run to retry.
2026-10-02T22:20:32Z WARNING 2a1cbb4a-696e-4e9b-b556-58f322ddc555: failed while reading the ElectricalSeries rates (AttributeError: module 'spikeinterface.extractors' has no attribute 'NwbRecordingExtractor')
2026-10-02T22:20:32Z WARNING [1081/1846] 2a1cbb4a-696e-4e9b-b556-58f322ddc555: leaving unrecorded for a later run to retry.
2026-10-02T22:20:32Z WARNING 2a1d1392-fa1b-49c9-8709-6eb4ca18ab92: failed while reading the ElectricalSeries rates (AttributeError: module 'spikeinterface.extractors' has no attribute 'NwbRecordingExtractor')
2026-10-02T22:20:32Z WARNING [1082/1846] 2a1d1392-fa1b-49c9-8709-6eb4ca18ab92: leaving unrecorded for a later run to retry.
2026-10-02T22:20:32Z WARNING 2a1dc27f-3109-4599-b318-df10a9a9d746: failed while reading the ElectricalSeries rates (AttributeError: module 'spikeinterface.extractors' has no attribute 'NwbRecordingExtractor')
2026-10-02T22:20:32Z WARNING [1083/1846] 2a1dc27f-3109-4599-b318-df10a9a9d746: leaving unrecorded for a later run to retry.
2026-10-02T22:20:32Z WARNING 2a1df213-8741-4b68-9f0e-915711f220a4: failed while reading the ElectricalSeries rates (AttributeError: module 'spikeinterface.extractors' has no attribute 'NwbRecordingExtractor')
2026-10-02T22:20:32Z WARNING [1084/1846] 2a1df213-8741-4b68-9f0e-915711f220a4: leaving unrecorded for a later run to retry.
2026-10-02T22:20:32Z WARNING 2a1e04ad-ac6c-416b-9bec-c50f3b1287e7: failed while reading the ElectricalSeries rates (AttributeError: module 'spikeinterface.extractors' has no attribute 'NwbRecordingExtractor')
2026-10-02T22:20:32Z WARNING [1085/1846] 2a1e04ad-ac6c-416b-9bec-c50f3b1287e7: leaving unrecorded for a later run to retry.
2026-10-02T22:20:32Z WARNING 2a1e4f13-4687-4d8f-bcb9-59c288d4623e: failed while reading the ElectricalSeries rates (AttributeError: module 'spikeinterface.extractors' has no attribute 'NwbRecordingExtractor')
2026-10-02T22:20:32Z WARNING [1086/1846] 2a1e4f13-4687-4d8f-bcb9-59c288d4623e: leaving unrecorded for a later run to retry.
2026-10-02T22:20:32Z WARNING 2a1ea6ce-b008-45d0-a64d-4821b976b7e2: failed while reading the ElectricalSeries rates (AttributeError: module 'spikeinterface.extractors' has no attribute 'NwbRecordingExtractor')
2026-10-02T22:20:32Z WARNING [1087/1846] 2a1ea6ce-b008-45d0-a64d-4821b976b7e2: leaving unrecorded for a later run to retry.
2026-10-02T22:20:32Z WARNING 2a1ebd81-586f-4ae8-b242-dbc3c1c95947: failed while reading the ElectricalSeries rates (AttributeError: module 'spikeinterface.extractors' has no attribute 'NwbRecordingExtractor')
2026-10-02T22:20:32Z WARNING [1088/1846] 2a1ebd81-586f-4ae8-b242-dbc3c1c95947: leaving unrecorded for a later run to retry.
2026-10-02T22:20:32Z WARNING 2a1f86bb-2876-40c1-a422-0263cde8c7a6: failed while reading the ElectricalSeries rates (AttributeError: module 'spikeinterface.extractors' has no attribute 'NwbRecordingExtractor')
2026-10-02T22:20:32Z WARNING [1089/1846] 2a1f86bb-2876-40c1-a422-0263cde8c7a6: leaving unrecorded for a later run to retry.
2026-10-02T22:20:32Z WARNING 2a1fecb3-6199-4c13-8abf-8c151cb58de4: failed while reading the ElectricalSeries rates (AttributeError: module 'spikeinterface.extractors' has no attribute 'NwbRecordingExtractor')
2026-10-02T22:20:32Z WARNING [1090/1846] 2a1fecb3-6199-4c13-8abf-8c151cb58de4: leaving unrecorded for a later run to retry.
2026-10-02T22:20:32Z WARNING 2a204df9-0ed8-439b-ab0c-5e90dcee549f: failed while reading the ElectricalSeries rates (AttributeError: module 'spikeinterface.extractors' has no attribute 'NwbRecordingExtractor')
2026-10-02T22:20:32Z WARNING [1091/1846] 2a204df9-0ed8-439b-ab0c-5e90dcee549f: leaving unrecorded for a later run to retry.
2026-10-02T22:20:32Z WARNING 2a20ed6e-fe0c-4791-91a5-694cdb6bdc9e: failed while reading the ElectricalSeries rates (AttributeError: module 'spikeinterface.extractors' has no attribute 'NwbRecordingExtractor')
2026-10-02T22:20:32Z WARNING [1092/1846] 2a20ed6e-fe0c-4791-91a5-694cdb6bdc9e: leaving unrecorded for a later run to retry.
2026-10-02T22:20:32Z WARNING 2a223060-0394-441c-a269-523a2da5ece5: failed while reading the ElectricalSeries rates (AttributeError: module 'spikeinterface.extractors' has no attribute 'NwbRecordingExtractor')
2026-10-02T22:20:32Z WARNING [1093/1846] 2a223060-0394-441c-a269-523a2da5ece5: leaving unrecorded for a later run to retry.
2026-10-02T22:20:32Z WARNING 2a226596-c017-4299-9e16-306faaa620ec: failed while reading the ElectricalSeries rates (AttributeError: module 'spikeinterface.extractors' has no attribute 'NwbRecordingExtractor')
2026-10-02T22:20:32Z WARNING [1094/1846] 2a226596-c017-4299-9e16-306faaa620ec: leaving unrecorded for a later run to retry.
2026-10-02T22:20:32Z WARNING 2a22d8c9-fc43-4747-b3c7-791e10bb5fb4: failed while reading the ElectricalSeries rates (AttributeError: module 'spikeinterface.extractors' has no attribute 'NwbRecordingExtractor')
2026-10-02T22:20:32Z WARNING [1095/1846] 2a22d8c9-fc43-4747-b3c7-791e10bb5fb4: leaving unrecorded for a later run to retry.
2026-10-02T22:20:32Z WARNING 2a233aeb-a821-4f8d-983f-ade65f8a04a1: failed while reading the ElectricalSeries rates (AttributeError: module 'spikeinterface.extractors' has no attribute 'NwbRecordingExtractor')
2026-10-02T22:20:32Z WARNING [1096/1846] 2a233aeb-a821-4f8d-983f-ade65f8a04a1: leaving unrecorded for a later run to retry.
2026-10-02T22:20:33Z WARNING 2a247d68-e8b3-4f95-bbee-dd66fac98c08: failed while reading the ElectricalSeries rates (AttributeError: module 'spikeinterface.extractors' has no attribute 'NwbRecordingExtractor')
2026-10-02T22:20:33Z WARNING [1097/1846] 2a247d68-e8b3-4f95-bbee-dd66fac98c08: leaving unrecorded for a later run to retry.
2026-10-02T22:20:33Z WARNING 2a247e4a-9483-423a-858a-feecba9cb4fb: failed while reading the ElectricalSeries rates (AttributeError: module 'spikeinterface.extractors' has no attribute 'NwbRecordingExtractor')
2026-10-02T22:20:33Z WARNING [1098/1846] 2a247e4a-9483-423a-858a-feecba9cb4fb: leaving unrecorded for a later run to retry.
2026-10-02T22:20:33Z WARNING 2a24a5b2-860c-49ae-ac0a-d47210fcce2d: failed while reading the ElectricalSeries rates (AttributeError: module 'spikeinterface.extractors' has no attribute 'NwbRecordingExtractor')
2026-10-02T22:20:33Z WARNING [1099/1846] 2a24a5b2-860c-49ae-ac0a-d47210fcce2d: leaving unrecorded for a later run to retry.
2026-10-02T22:20:33Z WARNING 2a2577f7-e240-4585-9952-94370006a7d7: failed while reading the ElectricalSeries rates (AttributeError: module 'spikeinterface.extractors' has no attribute 'NwbRecordingExtractor')
2026-10-02T22:20:33Z WARNING [1100/1846] 2a2577f7-e240-4585-9952-94370006a7d7: leaving unrecorded for a later run to retry.
2026-10-02T22:20:33Z INFO [1100/1846] 2a2577f7-e240-4585-9952-94370006a7d7: checkpointed 60602 records.
2026-10-02T22:20:33Z WARNING 2a2660d4-47dd-4076-b642-d2baf3b58afb: failed while reading the ElectricalSeries rates (AttributeError: module 'spikeinterface.extractors' has no attribute 'NwbRecordingExtractor')
2026-10-02T22:20:33Z WARNING [1101/1846] 2a2660d4-47dd-4076-b642-d2baf3b58afb: leaving unrecorded for a later run to retry.
2026-10-02T22:20:33Z WARNING 2a277795-2095-418f-b20c-9fb095af7222: failed while reading the ElectricalSeries rates (AttributeError: module 'spikeinterface.extractors' has no attribute 'NwbRecordingExtractor')
2026-10-02T22:20:33Z WARNING [1102/1846] 2a277795-2095-418f-b20c-9fb095af7222: leaving unrecorded for a later run to retry.
2026-10-02T22:20:33Z WARNING 2a277cc7-981a-43e8-af0f-652e380f1e25: failed while reading the ElectricalSeries rates (AttributeError: module 'spikeinterface.extractors' has no attribute 'NwbRecordingExtractor')
2026-10-02T22:20:33Z WARNING [1103/1846] 2a277cc7-981a-43e8-af0f-652e380f1e25: leaving unrecorded for a later run to retry.
2026-10-02T22:20:33Z WARNING 2a279898-1b34-4c16-b5f1-0fea1efb84a6: failed while reading the ElectricalSeries rates (AttributeError: module 'spikeinterface.extractors' has no attribute 'NwbRecordingExtractor')
2026-10-02T22:20:33Z WARNING [1104/1846] 2a279898-1b34-4c16-b5f1-0fea1efb84a6: leaving unrecorded for a later run to retry.
2026-10-02T22:20:33Z WARNING 2a27c2d7-d62b-4bc3-8581-1555c994812d: failed while reading the ElectricalSeries rates (AttributeError: module 'spikeinterface.extractors' has no attribute 'NwbRecordingExtractor')
2026-10-02T22:20:33Z WARNING [1105/1846] 2a27c2d7-d62b-4bc3-8581-1555c994812d: leaving unrecorded for a later run to retry.
2026-10-02T22:20:33Z WARNING 2a27d0ca-8f60-4403-9bdd-15c42c649a26: failed while reading the ElectricalSeries rates (AttributeError: module 'spikeinterface.extractors' has no attribute 'NwbRecordingExtractor')
2026-10-02T22:20:33Z WARNING [1106/1846] 2a27d0ca-8f60-4403-9bdd-15c42c649a26: leaving unrecorded for a later run to retry.
2026-10-02T22:20:33Z WARNING 2a28a24b-9218-48b8-8705-1fb57a951f7b: failed while reading the ElectricalSeries rates (AttributeError: module 'spikeinterface.extractors' has no attribute 'NwbRecordingExtractor')
2026-10-02T22:20:33Z WARNING [1107/1846] 2a28a24b-9218-48b8-8705-1fb57a951f7b: leaving unrecorded for a later run to retry.
2026-10-02T22:20:33Z WARNING 2a28e3df-deac-43d9-b7ed-c42d06fdfb86: failed while reading the ElectricalSeries rates (AttributeError: module 'spikeinterface.extractors' has no attribute 'NwbRecordingExtractor')
2026-10-02T22:20:33Z WARNING [1108/1846] 2a28e3df-deac-43d9-b7ed-c42d06fdfb86: leaving unrecorded for a later run to retry.
2026-10-02T22:20:33Z WARNING 2a297c1f-ec0e-4dfa-83a5-3fe54065fa6d: failed while reading the ElectricalSeries rates (AttributeError: module 'spikeinterface.extractors' has no attribute 'NwbRecordingExtractor')
2026-10-02T22:20:33Z WARNING [1109/1846] 2a297c1f-ec0e-4dfa-83a5-3fe54065fa6d: leaving unrecorded for a later run to retry.
2026-10-02T22:20:33Z WARNING 2a2a428f-a6f4-4ca3-b834-467a1c551e3d: failed while reading the ElectricalSeries rates (AttributeError: module 'spikeinterface.extractors' has no attribute 'NwbRecordingExtractor')
2026-10-02T22:20:33Z WARNING [1110/1846] 2a2a428f-a6f4-4ca3-b834-467a1c551e3d: leaving unrecorded for a later run to retry.
2026-10-02T22:20:33Z WARNING 2a2a4619-85f8-4479-9fce-05898a0d014b: failed while reading the ElectricalSeries rates (AttributeError: module 'spikeinterface.extractors' has no attribute 'NwbRecordingExtractor')
2026-10-02T22:20:33Z WARNING [1111/1846] 2a2a4619-85f8-4479-9fce-05898a0d014b: leaving unrecorded for a later run to retry.
2026-10-02T22:20:33Z WARNING 2a2abc79-be3b-4ce7-9a09-c202ca57d6ad: failed while reading the ElectricalSeries rates (AttributeError: module 'spikeinterface.extractors' has no attribute 'NwbRecordingExtractor')
2026-10-02T22:20:33Z WARNING [1112/1846] 2a2abc79-be3b-4ce7-9a09-c202ca57d6ad: leaving unrecorded for a later run to retry.
2026-10-02T22:20:34Z WARNING 2a2b978d-6078-4c17-a7b6-3d4a39512d39: failed while reading the ElectricalSeries rates (AttributeError: module 'spikeinterface.extractors' has no attribute 'NwbRecordingExtractor')
2026-10-02T22:20:34Z WARNING [1113/1846] 2a2b978d-6078-4c17-a7b6-3d4a39512d39: leaving unrecorded for a later run to retry.
2026-10-02T22:20:34Z WARNING 2a2c84a1-f2d0-4328-8d3f-7a0b8029c1a9: failed while reading the ElectricalSeries rates (AttributeError: module 'spikeinterface.extractors' has no attribute 'NwbRecordingExtractor')
2026-10-02T22:20:34Z WARNING [1114/1846] 2a2c84a1-f2d0-4328-8d3f-7a0b8029c1a9: leaving unrecorded for a later run to retry.
2026-10-02T22:20:34Z WARNING 2a2d75df-0236-468d-96b0-e2d131a2da38: failed while reading the ElectricalSeries rates (AttributeError: module 'spikeinterface.extractors' has no attribute 'NwbRecordingExtractor')
2026-10-02T22:20:34Z WARNING [1115/1846] 2a2d75df-0236-468d-96b0-e2d131a2da38: leaving unrecorded for a later run to retry.
2026-10-02T22:20:34Z WARNING 2a2ed481-e1e6-4f97-aa5e-358234731147: failed while reading the ElectricalSeries rates (AttributeError: module 'spikeinterface.extractors' has no attribute 'NwbRecordingExtractor')
2026-10-02T22:20:34Z WARNING [1116/1846] 2a2ed481-e1e6-4f97-aa5e-358234731147: leaving unrecorded for a later run to retry.
2026-10-02T22:20:34Z WARNING 2a2f52af-6761-44f2-aa62-fb97c76321d4: failed while reading the ElectricalSeries rates (AttributeError: module 'spikeinterface.extractors' has no attribute 'NwbRecordingExtractor')
2026-10-02T22:20:34Z WARNING [1117/1846] 2a2f52af-6761-44f2-aa62-fb97c76321d4: leaving unrecorded for a later run to retry.
2026-10-02T22:20:34Z WARNING 2a2fb4c4-9c27-4d9f-b2b6-1f95eb91ed53: failed while reading the ElectricalSeries rates (AttributeError: module 'spikeinterface.extractors' has no attribute 'NwbRecordingExtractor')
2026-10-02T22:20:34Z WARNING [1118/1846] 2a2fb4c4-9c27-4d9f-b2b6-1f95eb91ed53: leaving unrecorded for a later run to retry.
2026-10-02T22:20:34Z WARNING 2a2fd432-e5c5-46c8-9093-ba6a2d8efd6b: failed while reading the ElectricalSeries rates (AttributeError: module 'spikeinterface.extractors' has no attribute 'NwbRecordingExtractor')
2026-10-02T22:20:34Z WARNING [1119/1846] 2a2fd432-e5c5-46c8-9093-ba6a2d8efd6b: leaving unrecorded for a later run to retry.
2026-10-02T22:20:34Z WARNING 2a3093bf-4795-4318-bfa1-1cc800493036: failed while reading the ElectricalSeries rates (AttributeError: module 'spikeinterface.extractors' has no attribute 'NwbRecordingExtractor')
2026-10-02T22:20:34Z WARNING [1120/1846] 2a3093bf-4795-4318-bfa1-1cc800493036: leaving unrecorded for a later run to retry.
2026-10-02T22:20:34Z WARNING 2a30b9b4-7b8f-452c-a010-b8784859c4b7: failed while reading the ElectricalSeries rates (AttributeError: module 'spikeinterface.extractors' has no attribute 'NwbRecordingExtractor')
2026-10-02T22:20:34Z WARNING [1121/1846] 2a30b9b4-7b8f-452c-a010-b8784859c4b7: leaving unrecorded for a later run to retry.
2026-10-02T22:20:34Z WARNING 2a313f5c-cde4-4ae9-b29c-ea2c83c8f25d: failed while reading the ElectricalSeries rates (AttributeError: module 'spikeinterface.extractors' has no attribute 'NwbRecordingExtractor')
2026-10-02T22:20:34Z WARNING [1122/1846] 2a313f5c-cde4-4ae9-b29c-ea2c83c8f25d: leaving unrecorded for a later run to retry.
2026-10-02T22:20:34Z WARNING 2a32962a-78a3-44ba-ad80-e08cc708e9bc: failed while reading the ElectricalSeries rates (AttributeError: module 'spikeinterface.extractors' has no attribute 'NwbRecordingExtractor')
2026-10-02T22:20:34Z WARNING [1123/1846] 2a32962a-78a3-44ba-ad80-e08cc708e9bc: leaving unrecorded for a later run to retry.
2026-10-02T22:20:34Z WARNING 2a329e08-d86f-4168-a151-159e53e06db5: failed while reading the ElectricalSeries rates (AttributeError: module 'spikeinterface.extractors' has no attribute 'NwbRecordingExtractor')
2026-10-02T22:20:34Z WARNING [1124/1846] 2a329e08-d86f-4168-a151-159e53e06db5: leaving unrecorded for a later run to retry.
2026-10-02T22:20:34Z WARNING 2a342243-5db4-45ea-bc00-fca8a93d8d86: failed while reading the ElectricalSeries rates (AttributeError: module 'spikeinterface.extractors' has no attribute 'NwbRecordingExtractor')
2026-10-02T22:20:34Z WARNING [1125/1846] 2a342243-5db4-45ea-bc00-fca8a93d8d86: leaving unrecorded for a later run to retry.
2026-10-02T22:20:34Z WARNING 2a346679-d4ff-4601-b343-9d94184bf394: failed while reading the ElectricalSeries rates (AttributeError: module 'spikeinterface.extractors' has no attribute 'NwbRecordingExtractor')
2026-10-02T22:20:34Z WARNING [1126/1846] 2a346679-d4ff-4601-b343-9d94184bf394: leaving unrecorded for a later run to retry.
2026-10-02T22:20:34Z WARNING 2a346f8f-138f-44a7-b4d9-bda263faaa50: failed while reading the ElectricalSeries rates (AttributeError: module 'spikeinterface.extractors' has no attribute 'NwbRecordingExtractor')
2026-10-02T22:20:34Z WARNING [1127/1846] 2a346f8f-138f-44a7-b4d9-bda263faaa50: leaving unrecorded for a later run to retry.
2026-10-02T22:20:34Z WARNING 2a34d3e3-82bd-4884-b3ad-15ad8fe18429: failed while reading the ElectricalSeries rates (AttributeError: module 'spikeinterface.extractors' has no attribute 'NwbRecordingExtractor')
2026-10-02T22:20:34Z WARNING [1128/1846] 2a34d3e3-82bd-4884-b3ad-15ad8fe18429: leaving unrecorded for a later run to retry.
2026-10-02T22:20:35Z WARNING 2a34d50e-0788-444e-a364-7c3df82c7a67: failed while reading the ElectricalSeries rates (AttributeError: module 'spikeinterface.extractors' has no attribute 'NwbRecordingExtractor')
2026-10-02T22:20:35Z WARNING [1129/1846] 2a34d50e-0788-444e-a364-7c3df82c7a67: leaving unrecorded for a later run to retry.
2026-10-02T22:20:35Z WARNING 2a34f2d0-6158-4e4d-a5dd-330e411ce0f2: failed while reading the ElectricalSeries rates (AttributeError: module 'spikeinterface.extractors' has no attribute 'NwbRecordingExtractor')
2026-10-02T22:20:35Z WARNING [1130/1846] 2a34f2d0-6158-4e4d-a5dd-330e411ce0f2: leaving unrecorded for a later run to retry.
2026-10-02T22:20:35Z WARNING 2a35245d-41e4-4ebd-ba35-def2a2e4d00d: failed while reading the ElectricalSeries rates (AttributeError: module 'spikeinterface.extractors' has no attribute 'NwbRecordingExtractor')
2026-10-02T22:20:35Z WARNING [1131/1846] 2a35245d-41e4-4ebd-ba35-def2a2e4d00d: leaving unrecorded for a later run to retry.
2026-10-02T22:20:35Z WARNING 2a35a17c-fc60-4495-ac57-505ddc0e3eb2: failed while reading the ElectricalSeries rates (AttributeError: module 'spikeinterface.extractors' has no attribute 'NwbRecordingExtractor')
2026-10-02T22:20:35Z WARNING [1132/1846] 2a35a17c-fc60-4495-ac57-505ddc0e3eb2: leaving unrecorded for a later run to retry.
2026-10-02T22:20:35Z WARNING 2a36379a-5ad9-42c5-b4d2-cc702307ec16: failed while reading the ElectricalSeries rates (AttributeError: module 'spikeinterface.extractors' has no attribute 'NwbRecordingExtractor')
2026-10-02T22:20:35Z WARNING [1133/1846] 2a36379a-5ad9-42c5-b4d2-cc702307ec16: leaving unrecorded for a later run to retry.
2026-10-02T22:20:35Z WARNING 2a36557d-0971-4dae-87fd-491aeb1a3af9: failed while reading the ElectricalSeries rates (AttributeError: module 'spikeinterface.extractors' has no attribute 'NwbRecordingExtractor')
2026-10-02T22:20:35Z WARNING [1134/1846] 2a36557d-0971-4dae-87fd-491aeb1a3af9: leaving unrecorded for a later run to retry.
2026-10-02T22:20:35Z WARNING 2a36927f-3385-4466-9b18-b0ef944a9eb6: failed while reading the ElectricalSeries rates (AttributeError: module 'spikeinterface.extractors' has no attribute 'NwbRecordingExtractor')
2026-10-02T22:20:35Z WARNING [1135/1846] 2a36927f-3385-4466-9b18-b0ef944a9eb6: leaving unrecorded for a later run to retry.
2026-10-02T22:20:35Z WARNING 2a36ba91-5ef0-45fc-b813-50b21979d18a: failed while reading the ElectricalSeries rates (AttributeError: module 'spikeinterface.extractors' has no attribute 'NwbRecordingExtractor')
2026-10-02T22:20:35Z WARNING [1136/1846] 2a36ba91-5ef0-45fc-b813-50b21979d18a: leaving unrecorded for a later run to retry.
2026-10-02T22:20:35Z WARNING 2a36dfc9-3d33-4647-93a3-4eba380cb647: failed while reading the ElectricalSeries rates (AttributeError: module 'spikeinterface.extractors' has no attribute 'NwbRecordingExtractor')
2026-10-02T22:20:35Z WARNING [1137/1846] 2a36dfc9-3d33-4647-93a3-4eba380cb647: leaving unrecorded for a later run to retry.
2026-10-02T22:20:35Z WARNING 2a370208-74e9-435f-bf99-1136a11eac8d: failed while reading the ElectricalSeries rates (AttributeError: module 'spikeinterface.extractors' has no attribute 'NwbRecordingExtractor')
2026-10-02T22:20:35Z WARNING [1138/1846] 2a370208-74e9-435f-bf99-1136a11eac8d: leaving unrecorded for a later run to retry.
2026-10-02T22:20:35Z WARNING 2a37ab7b-d5f9-489b-bd05-e1cda7bdccf4: failed while reading the ElectricalSeries rates (AttributeError: module 'spikeinterface.extractors' has no attribute 'NwbRecordingExtractor')
2026-10-02T22:20:35Z WARNING [1139/1846] 2a37ab7b-d5f9-489b-bd05-e1cda7bdccf4: leaving unrecorded for a later run to retry.
2026-10-02T22:20:35Z WARNING 2a37c4ab-dab2-4681-b16e-7f2772d34f5f: failed while reading the ElectricalSeries rates (AttributeError: module 'spikeinterface.extractors' has no attribute 'NwbRecordingExtractor')
2026-10-02T22:20:35Z WARNING [1140/1846] 2a37c4ab-dab2-4681-b16e-7f2772d34f5f: leaving unrecorded for a later run to retry.
2026-10-02T22:20:35Z WARNING 2a381221-140e-4386-8089-37ccf313026e: failed while reading the ElectricalSeries rates (AttributeError: module 'spikeinterface.extractors' has no attribute 'NwbRecordingExtractor')
2026-10-02T22:20:35Z WARNING [1141/1846] 2a381221-140e-4386-8089-37ccf313026e: leaving unrecorded for a later run to retry.
2026-10-02T22:20:35Z WARNING 2a383d74-5718-44a7-8228-089480f40663: failed while reading the ElectricalSeries rates (AttributeError: module 'spikeinterface.extractors' has no attribute 'NwbRecordingExtractor')
2026-10-02T22:20:35Z WARNING [1142/1846] 2a383d74-5718-44a7-8228-089480f40663: leaving unrecorded for a later run to retry.
2026-10-02T22:20:35Z WARNING 2a387018-2547-4e5b-8430-ab56ba9eed48: failed while reading the ElectricalSeries rates (AttributeError: module 'spikeinterface.extractors' has no attribute 'NwbRecordingExtractor')
2026-10-02T22:20:35Z WARNING [1143/1846] 2a387018-2547-4e5b-8430-ab56ba9eed48: leaving unrecorded for a later run to retry.
2026-10-02T22:20:35Z WARNING 2a38b5de-5df5-4f0b-9e87-afb56020661d: failed while reading the ElectricalSeries rates (AttributeError: module 'spikeinterface.extractors' has no attribute 'NwbRecordingExtractor')
2026-10-02T22:20:35Z WARNING [1144/1846] 2a38b5de-5df5-4f0b-9e87-afb56020661d: leaving unrecorded for a later run to retry.
2026-10-02T22:20:36Z WARNING 2a39302b-ce3b-4b65-9552-a1393d0867a2: failed while reading the ElectricalSeries rates (AttributeError: module 'spikeinterface.extractors' has no attribute 'NwbRecordingExtractor')
2026-10-02T22:20:36Z WARNING [1145/1846] 2a39302b-ce3b-4b65-9552-a1393d0867a2: leaving unrecorded for a later run to retry.
2026-10-02T22:20:36Z WARNING 2a39a3dc-7974-462a-8d61-5b0545b36ef8: failed while reading the ElectricalSeries rates (AttributeError: module 'spikeinterface.extractors' has no attribute 'NwbRecordingExtractor')
2026-10-02T22:20:36Z WARNING [1146/1846] 2a39a3dc-7974-462a-8d61-5b0545b36ef8: leaving unrecorded for a later run to retry.
2026-10-02T22:20:36Z WARNING 2a39a53b-b230-4da5-8ae3-2eabb7d02040: failed while reading the ElectricalSeries rates (AttributeError: module 'spikeinterface.extractors' has no attribute 'NwbRecordingExtractor')
2026-10-02T22:20:36Z WARNING [1147/1846] 2a39a53b-b230-4da5-8ae3-2eabb7d02040: leaving unrecorded for a later run to retry.
2026-10-02T22:20:36Z WARNING 2a3a9ef3-1769-4cd0-b439-2ed445e5c4a8: failed while reading the ElectricalSeries rates (AttributeError: module 'spikeinterface.extractors' has no attribute 'NwbRecordingExtractor')
2026-10-02T22:20:36Z WARNING [1148/1846] 2a3a9ef3-1769-4cd0-b439-2ed445e5c4a8: leaving unrecorded for a later run to retry.
2026-10-02T22:20:36Z WARNING 2a3aaf9b-b62e-4835-b165-34126c270781: failed while reading the ElectricalSeries rates (AttributeError: module 'spikeinterface.extractors' has no attribute 'NwbRecordingExtractor')
2026-10-02T22:20:36Z WARNING [1149/1846] 2a3aaf9b-b62e-4835-b165-34126c270781: leaving unrecorded for a later run to retry.
2026-10-02T22:20:36Z WARNING 2a3b806d-8d1b-4ceb-9bca-30320a0f7373: failed while reading the ElectricalSeries rates (AttributeError: module 'spikeinterface.extractors' has no attribute 'NwbRecordingExtractor')
2026-10-02T22:20:36Z WARNING [1150/1846] 2a3b806d-8d1b-4ceb-9bca-30320a0f7373: leaving unrecorded for a later run to retry.
2026-10-02T22:20:36Z INFO [1150/1846] 2a3b806d-8d1b-4ceb-9bca-30320a0f7373: checkpointed 60602 records.
2026-10-02T22:20:36Z WARNING 2a3b8c5d-8129-475a-bd14-276ceb14eb89: failed while reading the ElectricalSeries rates (AttributeError: module 'spikeinterface.extractors' has no attribute 'NwbRecordingExtractor')
2026-10-02T22:20:36Z WARNING [1151/1846] 2a3b8c5d-8129-475a-bd14-276ceb14eb89: leaving unrecorded for a later run to retry.
2026-10-02T22:20:36Z WARNING 2a3c2d13-99ae-4255-831d-ca0f09b0dbe7: failed while reading the ElectricalSeries rates (AttributeError: module 'spikeinterface.extractors' has no attribute 'NwbRecordingExtractor')
2026-10-02T22:20:36Z WARNING [1152/1846] 2a3c2d13-99ae-4255-831d-ca0f09b0dbe7: leaving unrecorded for a later run to retry.
2026-10-02T22:20:36Z WARNING 2a3c33c5-fb6e-435b-ba86-afeadb6d05df: failed while reading the ElectricalSeries rates (AttributeError: module 'spikeinterface.extractors' has no attribute 'NwbRecordingExtractor')
2026-10-02T22:20:36Z WARNING [1153/1846] 2a3c33c5-fb6e-435b-ba86-afeadb6d05df: leaving unrecorded for a later run to retry.
2026-10-02T22:20:36Z WARNING 2a3df646-8e35-403d-a3b1-ed6472f07ccc: failed while reading the ElectricalSeries rates (AttributeError: module 'spikeinterface.extractors' has no attribute 'NwbRecordingExtractor')
2026-10-02T22:20:36Z WARNING [1154/1846] 2a3df646-8e35-403d-a3b1-ed6472f07ccc: leaving unrecorded for a later run to retry.
2026-10-02T22:20:36Z WARNING 2a3e0f0f-3d21-438a-9645-8da3e8a29682: failed while reading the ElectricalSeries rates (AttributeError: module 'spikeinterface.extractors' has no attribute 'NwbRecordingExtractor')
2026-10-02T22:20:36Z WARNING [1155/1846] 2a3e0f0f-3d21-438a-9645-8da3e8a29682: leaving unrecorded for a later run to retry.
2026-10-02T22:20:36Z WARNING 2a3e8dd6-ab40-4d2b-97da-0262f0a6c2ea: failed while reading the ElectricalSeries rates (AttributeError: module 'spikeinterface.extractors' has no attribute 'NwbRecordingExtractor')
2026-10-02T22:20:36Z WARNING [1156/1846] 2a3e8dd6-ab40-4d2b-97da-0262f0a6c2ea: leaving unrecorded for a later run to retry.
2026-10-02T22:20:36Z WARNING 2a3ed97c-c534-4425-83d5-add270aaeb01: failed while reading the ElectricalSeries rates (AttributeError: module 'spikeinterface.extractors' has no attribute 'NwbRecordingExtractor')
2026-10-02T22:20:36Z WARNING [1157/1846] 2a3ed97c-c534-4425-83d5-add270aaeb01: leaving unrecorded for a later run to retry.
2026-10-02T22:20:36Z WARNING 2a3f1ccd-6204-4c5e-8791-fbc513e82098: failed while reading the ElectricalSeries rates (AttributeError: module 'spikeinterface.extractors' has no attribute 'NwbRecordingExtractor')
2026-10-02T22:20:36Z WARNING [1158/1846] 2a3f1ccd-6204-4c5e-8791-fbc513e82098: leaving unrecorded for a later run to retry.
2026-10-02T22:20:36Z WARNING 2a3fd369-50a1-4af1-8a69-4000316ac90e: failed while reading the ElectricalSeries rates (AttributeError: module 'spikeinterface.extractors' has no attribute 'NwbRecordingExtractor')
2026-10-02T22:20:36Z WARNING [1159/1846] 2a3fd369-50a1-4af1-8a69-4000316ac90e: leaving unrecorded for a later run to retry.
2026-10-02T22:20:36Z WARNING 2a4060af-f93b-4db3-ab6a-92c839122919: failed while reading the ElectricalSeries rates (AttributeError: module 'spikeinterface.extractors' has no attribute 'NwbRecordingExtractor')
2026-10-02T22:20:36Z WARNING [1160/1846] 2a4060af-f93b-4db3-ab6a-92c839122919: leaving unrecorded for a later run to retry.
2026-10-02T22:20:36Z WARNING 2a40b954-656d-44e1-877f-36ff955f7f59: failed while reading the ElectricalSeries rates (AttributeError: module 'spikeinterface.extractors' has no attribute 'NwbRecordingExtractor')
2026-10-02T22:20:36Z WARNING [1161/1846] 2a40b954-656d-44e1-877f-36ff955f7f59: leaving unrecorded for a later run to retry.
2026-10-02T22:20:37Z WARNING 2a4147c1-76a0-4af2-b2d1-36b084eb7a3e: failed while reading the ElectricalSeries rates (AttributeError: module 'spikeinterface.extractors' has no attribute 'NwbRecordingExtractor')
2026-10-02T22:20:37Z WARNING [1162/1846] 2a4147c1-76a0-4af2-b2d1-36b084eb7a3e: leaving unrecorded for a later run to retry.
2026-10-02T22:20:37Z WARNING 2a4244ba-62b5-4d27-8288-051ee1f0eb20: failed while reading the ElectricalSeries rates (AttributeError: module 'spikeinterface.extractors' has no attribute 'NwbRecordingExtractor')
2026-10-02T22:20:37Z WARNING [1163/1846] 2a4244ba-62b5-4d27-8288-051ee1f0eb20: leaving unrecorded for a later run to retry.
2026-10-02T22:20:37Z WARNING 2a435b44-fa2f-4533-ba66-b2361ac735da: failed while reading the ElectricalSeries rates (AttributeError: module 'spikeinterface.extractors' has no attribute 'NwbRecordingExtractor')
2026-10-02T22:20:37Z WARNING [1164/1846] 2a435b44-fa2f-4533-ba66-b2361ac735da: leaving unrecorded for a later run to retry.
2026-10-02T22:20:37Z WARNING 2a442518-59da-4bd2-b0f8-73f24dba8e48: failed while reading the ElectricalSeries rates (AttributeError: module 'spikeinterface.extractors' has no attribute 'NwbRecordingExtractor')
2026-10-02T22:20:37Z WARNING [1165/1846] 2a442518-59da-4bd2-b0f8-73f24dba8e48: leaving unrecorded for a later run to retry.
2026-10-02T22:20:37Z WARNING 2a44858f-b8af-4a4f-8e0b-113c6ca878fa: failed while reading the ElectricalSeries rates (AttributeError: module 'spikeinterface.extractors' has no attribute 'NwbRecordingExtractor')
2026-10-02T22:20:37Z WARNING [1166/1846] 2a44858f-b8af-4a4f-8e0b-113c6ca878fa: leaving unrecorded for a later run to retry.
2026-10-02T22:20:37Z WARNING 2a454023-9214-4a15-9dd6-d0f77d57fdb7: failed while reading the ElectricalSeries rates (AttributeError: module 'spikeinterface.extractors' has no attribute 'NwbRecordingExtractor')
2026-10-02T22:20:37Z WARNING [1167/1846] 2a454023-9214-4a15-9dd6-d0f77d57fdb7: leaving unrecorded for a later run to retry.
2026-10-02T22:20:37Z WARNING 2a45840f-f2df-47ae-b5bc-bd6fee5bdd3d: failed while reading the ElectricalSeries rates (AttributeError: module 'spikeinterface.extractors' has no attribute 'NwbRecordingExtractor')
2026-10-02T22:20:37Z WARNING [1168/1846] 2a45840f-f2df-47ae-b5bc-bd6fee5bdd3d: leaving unrecorded for a later run to retry.
2026-10-02T22:20:37Z WARNING 2a46fe38-e73c-4431-a1f1-83521208db6f: failed while reading the ElectricalSeries rates (AttributeError: module 'spikeinterface.extractors' has no attribute 'NwbRecordingExtractor')
2026-10-02T22:20:37Z WARNING [1169/1846] 2a46fe38-e73c-4431-a1f1-83521208db6f: leaving unrecorded for a later run to retry.
2026-10-02T22:20:37Z WARNING 2a477cf7-406e-418c-8022-04365406c62d: failed while reading the ElectricalSeries rates (AttributeError: module 'spikeinterface.extractors' has no attribute 'NwbRecordingExtractor')
2026-10-02T22:20:37Z WARNING [1170/1846] 2a477cf7-406e-418c-8022-04365406c62d: leaving unrecorded for a later run to retry.
2026-10-02T22:20:37Z WARNING 2a487ddc-b296-42b2-acb5-f650a6782bfd: failed while reading the ElectricalSeries rates (AttributeError: module 'spikeinterface.extractors' has no attribute 'NwbRecordingExtractor')
2026-10-02T22:20:37Z WARNING [1171/1846] 2a487ddc-b296-42b2-acb5-f650a6782bfd: leaving unrecorded for a later run to retry.
2026-10-02T22:20:37Z WARNING 2a490956-4a0a-4543-b1f6-e9ad6adcaae9: failed while reading the ElectricalSeries rates (AttributeError: module 'spikeinterface.extractors' has no attribute 'NwbRecordingExtractor')
2026-10-02T22:20:37Z WARNING [1172/1846] 2a490956-4a0a-4543-b1f6-e9ad6adcaae9: leaving unrecorded for a later run to retry.
2026-10-02T22:20:37Z WARNING 2a4910c9-2003-4376-a030-3a66b48e6809: failed while reading the ElectricalSeries rates (AttributeError: module 'spikeinterface.extractors' has no attribute 'NwbRecordingExtractor')
2026-10-02T22:20:37Z WARNING [1173/1846] 2a4910c9-2003-4376-a030-3a66b48e6809: leaving unrecorded for a later run to retry.
2026-10-02T22:20:37Z WARNING 2a497361-b1b5-4cbf-84e7-caeceace4464: failed while reading the ElectricalSeries rates (AttributeError: module 'spikeinterface.extractors' has no attribute 'NwbRecordingExtractor')
2026-10-02T22:20:37Z WARNING [1174/1846] 2a497361-b1b5-4cbf-84e7-caeceace4464: leaving unrecorded for a later run to retry.
2026-10-02T22:20:37Z WARNING 2a4983d8-4c63-4ea0-9f40-43e92d393c9d: failed while reading the ElectricalSeries rates (AttributeError: module 'spikeinterface.extractors' has no attribute 'NwbRecordingExtractor')
2026-10-02T22:20:37Z WARNING [1175/1846] 2a4983d8-4c63-4ea0-9f40-43e92d393c9d: leaving unrecorded for a later run to retry.
2026-10-02T22:20:37Z WARNING 2a4abb7e-eb50-4d41-8f3f-c7bd3700ff48: failed while reading the ElectricalSeries rates (AttributeError: module 'spikeinterface.extractors' has no attribute 'NwbRecordingExtractor')
2026-10-02T22:20:37Z WARNING [1176/1846] 2a4abb7e-eb50-4d41-8f3f-c7bd3700ff48: leaving unrecorded for a later run to retry.
2026-10-02T22:20:37Z WARNING 2a4b2452-13d3-4e16-a0ef-0b99314063a3: failed while reading the ElectricalSeries rates (AttributeError: module 'spikeinterface.extractors' has no attribute 'NwbRecordingExtractor')
2026-10-02T22:20:37Z WARNING [1177/1846] 2a4b2452-13d3-4e16-a0ef-0b99314063a3: leaving unrecorded for a later run to retry.
2026-10-02T22:20:37Z WARNING 2a4b3816-f954-4490-bbd6-31760b262b71: failed while reading the ElectricalSeries rates (AttributeError: module 'spikeinterface.extractors' has no attribute 'NwbRecordingExtractor')
2026-10-02T22:20:37Z WARNING [1178/1846] 2a4b3816-f954-4490-bbd6-31760b262b71: leaving unrecorded for a later run to retry.
2026-10-02T22:20:37Z WARNING 2a4c287c-462b-424d-a438-adeb34e83d31: failed while reading the ElectricalSeries rates (AttributeError: module 'spikeinterface.extractors' has no attribute 'NwbRecordingExtractor')
2026-10-02T22:20:37Z WARNING [1179/1846] 2a4c287c-462b-424d-a438-adeb34e83d31: leaving unrecorded for a later run to retry.
2026-10-02T22:20:38Z WARNING 2a4c3b29-1056-4ec4-86b6-ae00dfd6cb3a: failed while reading the ElectricalSeries rates (AttributeError: module 'spikeinterface.extractors' has no attribute 'NwbRecordingExtractor')
2026-10-02T22:20:38Z WARNING [1180/1846] 2a4c3b29-1056-4ec4-86b6-ae00dfd6cb3a: leaving unrecorded for a later run to retry.
2026-10-02T22:20:38Z WARNING 2a4c4f40-f4f1-43c1-aeca-5f55628f8a7c: failed while reading the ElectricalSeries rates (AttributeError: module 'spikeinterface.extractors' has no attribute 'NwbRecordingExtractor')
2026-10-02T22:20:38Z WARNING [1181/1846] 2a4c4f40-f4f1-43c1-aeca-5f55628f8a7c: leaving unrecorded for a later run to retry.
2026-10-02T22:20:38Z WARNING 2a4c5b08-d3e9-4c50-8ffc-343edef5e8c0: failed while reading the ElectricalSeries rates (AttributeError: module 'spikeinterface.extractors' has no attribute 'NwbRecordingExtractor')
2026-10-02T22:20:38Z WARNING [1182/1846] 2a4c5b08-d3e9-4c50-8ffc-343edef5e8c0: leaving unrecorded for a later run to retry.
2026-10-02T22:20:38Z WARNING 2a4cd66d-60a1-4ea7-bb8e-88720888e2f3: failed while reading the ElectricalSeries rates (AttributeError: module 'spikeinterface.extractors' has no attribute 'NwbRecordingExtractor')
2026-10-02T22:20:38Z WARNING [1183/1846] 2a4cd66d-60a1-4ea7-bb8e-88720888e2f3: leaving unrecorded for a later run to retry.
2026-10-02T22:20:38Z WARNING 2a4d2d1f-5790-453c-9161-ffdcd8a34c8a: failed while reading the ElectricalSeries rates (AttributeError: module 'spikeinterface.extractors' has no attribute 'NwbRecordingExtractor')
2026-10-02T22:20:38Z WARNING [1184/1846] 2a4d2d1f-5790-453c-9161-ffdcd8a34c8a: leaving unrecorded for a later run to retry.
2026-10-02T22:20:38Z WARNING 2a4d4085-12b1-4dbc-8fe8-58fa35040a3f: failed while reading the ElectricalSeries rates (AttributeError: module 'spikeinterface.extractors' has no attribute 'NwbRecordingExtractor')
2026-10-02T22:20:38Z WARNING [1185/1846] 2a4d4085-12b1-4dbc-8fe8-58fa35040a3f: leaving unrecorded for a later run to retry.
2026-10-02T22:20:38Z WARNING 2a4db06e-e75f-4a9c-bc9d-34e651fc94ad: failed while reading the ElectricalSeries rates (AttributeError: module 'spikeinterface.extractors' has no attribute 'NwbRecordingExtractor')
2026-10-02T22:20:38Z WARNING [1186/1846] 2a4db06e-e75f-4a9c-bc9d-34e651fc94ad: leaving unrecorded for a later run to retry.
2026-10-02T22:20:38Z WARNING 2a4e3c33-40f0-42e4-b053-b52e7883e25d: failed while reading the ElectricalSeries rates (AttributeError: module 'spikeinterface.extractors' has no attribute 'NwbRecordingExtractor')
2026-10-02T22:20:38Z WARNING [1187/1846] 2a4e3c33-40f0-42e4-b053-b52e7883e25d: leaving unrecorded for a later run to retry.
2026-10-02T22:20:38Z WARNING 2a4e3d42-8a5d-4d34-a5bf-7e740d92a827: failed while reading the ElectricalSeries rates (AttributeError: module 'spikeinterface.extractors' has no attribute 'NwbRecordingExtractor')
2026-10-02T22:20:38Z WARNING [1188/1846] 2a4e3d42-8a5d-4d34-a5bf-7e740d92a827: leaving unrecorded for a later run to retry.
2026-10-02T22:20:38Z WARNING 2a4e6129-df56-420c-b651-c8d3ad5c946f: failed while reading the ElectricalSeries rates (AttributeError: module 'spikeinterface.extractors' has no attribute 'NwbRecordingExtractor')
2026-10-02T22:20:38Z WARNING [1189/1846] 2a4e6129-df56-420c-b651-c8d3ad5c946f: leaving unrecorded for a later run to retry.
2026-10-02T22:20:38Z WARNING 2a4f668e-51f2-40f5-8750-7a1d95a815fa: failed while reading the ElectricalSeries rates (AttributeError: module 'spikeinterface.extractors' has no attribute 'NwbRecordingExtractor')
2026-10-02T22:20:38Z WARNING [1190/1846] 2a4f668e-51f2-40f5-8750-7a1d95a815fa: leaving unrecorded for a later run to retry.
2026-10-02T22:20:38Z WARNING 2a506f56-0935-4a47-8c42-fd9246ad8adb: failed while reading the ElectricalSeries rates (AttributeError: module 'spikeinterface.extractors' has no attribute 'NwbRecordingExtractor')
2026-10-02T22:20:38Z WARNING [1191/1846] 2a506f56-0935-4a47-8c42-fd9246ad8adb: leaving unrecorded for a later run to retry.
2026-10-02T22:20:38Z WARNING 2a50ac20-23f0-493a-9af2-2f76f3f7b84e: failed while reading the ElectricalSeries rates (AttributeError: module 'spikeinterface.extractors' has no attribute 'NwbRecordingExtractor')
2026-10-02T22:20:38Z WARNING [1192/1846] 2a50ac20-23f0-493a-9af2-2f76f3f7b84e: leaving unrecorded for a later run to retry.
2026-10-02T22:20:38Z WARNING 2a50b941-59bb-4112-8204-fa784cb9044c: failed while reading the ElectricalSeries rates (AttributeError: module 'spikeinterface.extractors' has no attribute 'NwbRecordingExtractor')
2026-10-02T22:20:38Z WARNING [1193/1846] 2a50b941-59bb-4112-8204-fa784cb9044c: leaving unrecorded for a later run to retry.
2026-10-02T22:20:38Z WARNING 2a514361-cc87-4bb9-9e4a-32d1dbe720e9: failed while reading the ElectricalSeries rates (AttributeError: module 'spikeinterface.extractors' has no attribute 'NwbRecordingExtractor')
2026-10-02T22:20:38Z WARNING [1194/1846] 2a514361-cc87-4bb9-9e4a-32d1dbe720e9: leaving unrecorded for a later run to retry.
2026-10-02T22:20:38Z WARNING 2a515842-0631-47fc-941a-ee73cc61dbfa: failed while reading the ElectricalSeries rates (AttributeError: module 'spikeinterface.extractors' has no attribute 'NwbRecordingExtractor')
2026-10-02T22:20:38Z WARNING [1195/1846] 2a515842-0631-47fc-941a-ee73cc61dbfa: leaving unrecorded for a later run to retry.
2026-10-02T22:20:38Z WARNING 2a51a7af-cddf-481e-9100-450d5f893a2d: failed while reading the ElectricalSeries rates (AttributeError: module 'spikeinterface.extractors' has no attribute 'NwbRecordingExtractor')
2026-10-02T22:20:38Z WARNING [1196/1846] 2a51a7af-cddf-481e-9100-450d5f893a2d: leaving unrecorded for a later run to retry.
2026-10-02T22:20:38Z WARNING 2a51a936-9a66-493d-b63d-36e5ab263f68: failed while reading the ElectricalSeries rates (AttributeError: module 'spikeinterface.extractors' has no attribute 'NwbRecordingExtractor')
2026-10-02T22:20:38Z WARNING [1197/1846] 2a51a936-9a66-493d-b63d-36e5ab263f68: leaving unrecorded for a later run to retry.
2026-10-02T22:20:39Z WARNING 2a520082-b649-4970-bb87-7bd8bfe69396: failed while reading the ElectricalSeries rates (AttributeError: module 'spikeinterface.extractors' has no attribute 'NwbRecordingExtractor')
2026-10-02T22:20:39Z WARNING [1198/1846] 2a520082-b649-4970-bb87-7bd8bfe69396: leaving unrecorded for a later run to retry.
2026-10-02T22:20:39Z WARNING 2a525c8b-3771-44e2-8778-f47c374129fd: failed while reading the ElectricalSeries rates (AttributeError: module 'spikeinterface.extractors' has no attribute 'NwbRecordingExtractor')
2026-10-02T22:20:39Z WARNING [1199/1846] 2a525c8b-3771-44e2-8778-f47c374129fd: leaving unrecorded for a later run to retry.
2026-10-02T22:20:39Z WARNING 2a5299c9-da1f-4090-987a-b9f105a781cc: failed while reading the ElectricalSeries rates (AttributeError: module 'spikeinterface.extractors' has no attribute 'NwbRecordingExtractor')
2026-10-02T22:20:39Z WARNING [1200/1846] 2a5299c9-da1f-4090-987a-b9f105a781cc: leaving unrecorded for a later run to retry.
2026-10-02T22:20:39Z INFO [1200/1846] 2a5299c9-da1f-4090-987a-b9f105a781cc: checkpointed 60602 records.
2026-10-02T22:20:39Z WARNING 2a540e46-d918-49f4-bd76-d3ad0794a7ef: failed while reading the ElectricalSeries rates (AttributeError: module 'spikeinterface.extractors' has no attribute 'NwbRecordingExtractor')
2026-10-02T22:20:39Z WARNING [1201/1846] 2a540e46-d918-49f4-bd76-d3ad0794a7ef: leaving unrecorded for a later run to retry.
2026-10-02T22:20:39Z WARNING 2a544e4c-7468-4d41-ac5c-121338df722b: failed while reading the ElectricalSeries rates (AttributeError: module 'spikeinterface.extractors' has no attribute 'NwbRecordingExtractor')
2026-10-02T22:20:39Z WARNING [1202/1846] 2a544e4c-7468-4d41-ac5c-121338df722b: leaving unrecorded for a later run to retry.
2026-10-02T22:20:39Z WARNING 2a54fd81-651f-4c6f-aca8-6a7bd045c760: failed while reading the ElectricalSeries rates (AttributeError: module 'spikeinterface.extractors' has no attribute 'NwbRecordingExtractor')
2026-10-02T22:20:39Z WARNING [1203/1846] 2a54fd81-651f-4c6f-aca8-6a7bd045c760: leaving unrecorded for a later run to retry.
2026-10-02T22:20:39Z WARNING 2a56234b-be33-42cb-935d-9871f935d876: failed while reading the ElectricalSeries rates (AttributeError: module 'spikeinterface.extractors' has no attribute 'NwbRecordingExtractor')
2026-10-02T22:20:39Z WARNING [1204/1846] 2a56234b-be33-42cb-935d-9871f935d876: leaving unrecorded for a later run to retry.
2026-10-02T22:20:39Z WARNING 2a562b2f-a96c-4eb2-9a53-19f5eecf3d5e: failed while reading the ElectricalSeries rates (AttributeError: module 'spikeinterface.extractors' has no attribute 'NwbRecordingExtractor')
2026-10-02T22:20:39Z WARNING [1205/1846] 2a562b2f-a96c-4eb2-9a53-19f5eecf3d5e: leaving unrecorded for a later run to retry.
2026-10-02T22:20:39Z WARNING 2a563116-9603-49c3-bf5e-48d4857d1358: failed while reading the ElectricalSeries rates (AttributeError: module 'spikeinterface.extractors' has no attribute 'NwbRecordingExtractor')
2026-10-02T22:20:39Z WARNING [1206/1846] 2a563116-9603-49c3-bf5e-48d4857d1358: leaving unrecorded for a later run to retry.
2026-10-02T22:20:39Z WARNING 2a57257f-5e97-493a-8630-14940019d86d: failed while reading the ElectricalSeries rates (AttributeError: module 'spikeinterface.extractors' has no attribute 'NwbRecordingExtractor')
2026-10-02T22:20:39Z WARNING [1207/1846] 2a57257f-5e97-493a-8630-14940019d86d: leaving unrecorded for a later run to retry.
2026-10-02T22:20:39Z WARNING 2a57b4cc-7029-4dd7-bcee-5697d0e5ad44: failed while reading the ElectricalSeries rates (AttributeError: module 'spikeinterface.extractors' has no attribute 'NwbRecordingExtractor')
2026-10-02T22:20:39Z WARNING [1208/1846] 2a57b4cc-7029-4dd7-bcee-5697d0e5ad44: leaving unrecorded for a later run to retry.
2026-10-02T22:20:39Z WARNING 2a5850fd-3bc6-404a-86b2-2771cc4b706e: failed while reading the ElectricalSeries rates (AttributeError: module 'spikeinterface.extractors' has no attribute 'NwbRecordingExtractor')
2026-10-02T22:20:39Z WARNING [1209/1846] 2a5850fd-3bc6-404a-86b2-2771cc4b706e: leaving unrecorded for a later run to retry.
2026-10-02T22:20:39Z WARNING 2a58aed7-4977-4679-b9f8-7908d557d9a6: failed while reading the ElectricalSeries rates (AttributeError: module 'spikeinterface.extractors' has no attribute 'NwbRecordingExtractor')
2026-10-02T22:20:39Z WARNING [1210/1846] 2a58aed7-4977-4679-b9f8-7908d557d9a6: leaving unrecorded for a later run to retry.
2026-10-02T22:20:39Z WARNING 2a5a6a25-36bd-4194-811a-282df66521dd: failed while reading the ElectricalSeries rates (AttributeError: module 'spikeinterface.extractors' has no attribute 'NwbRecordingExtractor')
2026-10-02T22:20:39Z WARNING [1211/1846] 2a5a6a25-36bd-4194-811a-282df66521dd: leaving unrecorded for a later run to retry.
2026-10-02T22:20:39Z WARNING 2a5ad206-29de-48e5-84fe-1ec3f02ec107: failed while reading the ElectricalSeries rates (AttributeError: module 'spikeinterface.extractors' has no attribute 'NwbRecordingExtractor')
2026-10-02T22:20:39Z WARNING [1212/1846] 2a5ad206-29de-48e5-84fe-1ec3f02ec107: leaving unrecorded for a later run to retry.
2026-10-02T22:20:39Z WARNING 2a5aea3f-3cc5-4aab-9c3d-57cf2b88638d: failed while reading the ElectricalSeries rates (AttributeError: module 'spikeinterface.extractors' has no attribute 'NwbRecordingExtractor')
2026-10-02T22:20:39Z WARNING [1213/1846] 2a5aea3f-3cc5-4aab-9c3d-57cf2b88638d: leaving unrecorded for a later run to retry.
2026-10-02T22:20:39Z WARNING 2a5b4a5f-7966-4fbb-82af-e47eb3b8bea0: failed while reading the ElectricalSeries rates (AttributeError: module 'spikeinterface.extractors' has no attribute 'NwbRecordingExtractor')
2026-10-02T22:20:39Z WARNING [1214/1846] 2a5b4a5f-7966-4fbb-82af-e47eb3b8bea0: leaving unrecorded for a later run to retry.
2026-10-02T22:20:40Z WARNING 2a5b9449-a965-4412-813e-57ed92b9d423: failed while reading the ElectricalSeries rates (AttributeError: module 'spikeinterface.extractors' has no attribute 'NwbRecordingExtractor')
2026-10-02T22:20:40Z WARNING [1215/1846] 2a5b9449-a965-4412-813e-57ed92b9d423: leaving unrecorded for a later run to retry.
2026-10-02T22:20:40Z WARNING 2a5c46af-d34f-4720-adf4-ed0c0793bb4c: failed while reading the ElectricalSeries rates (AttributeError: module 'spikeinterface.extractors' has no attribute 'NwbRecordingExtractor')
2026-10-02T22:20:40Z WARNING [1216/1846] 2a5c46af-d34f-4720-adf4-ed0c0793bb4c: leaving unrecorded for a later run to retry.
2026-10-02T22:20:40Z WARNING 2a5cf54d-eae9-4842-a363-33d8834d840c: failed while reading the ElectricalSeries rates (AttributeError: module 'spikeinterface.extractors' has no attribute 'NwbRecordingExtractor')
2026-10-02T22:20:40Z WARNING [1217/1846] 2a5cf54d-eae9-4842-a363-33d8834d840c: leaving unrecorded for a later run to retry.
2026-10-02T22:20:40Z WARNING 2a5d0c7d-a14d-4805-a6d2-966accd1964b: failed while reading the ElectricalSeries rates (AttributeError: module 'spikeinterface.extractors' has no attribute 'NwbRecordingExtractor')
2026-10-02T22:20:40Z WARNING [1218/1846] 2a5d0c7d-a14d-4805-a6d2-966accd1964b: leaving unrecorded for a later run to retry.
2026-10-02T22:20:40Z WARNING 2a5d2d41-b2a5-49bd-827b-75d3edb1392f: failed while reading the ElectricalSeries rates (AttributeError: module 'spikeinterface.extractors' has no attribute 'NwbRecordingExtractor')
2026-10-02T22:20:40Z WARNING [1219/1846] 2a5d2d41-b2a5-49bd-827b-75d3edb1392f: leaving unrecorded for a later run to retry.
2026-10-02T22:20:40Z WARNING 2a5d6a50-ca02-4f25-bb57-4af081d06067: failed while reading the ElectricalSeries rates (AttributeError: module 'spikeinterface.extractors' has no attribute 'NwbRecordingExtractor')
2026-10-02T22:20:40Z WARNING [1220/1846] 2a5d6a50-ca02-4f25-bb57-4af081d06067: leaving unrecorded for a later run to retry.
2026-10-02T22:20:40Z WARNING 2a5d993a-608b-46e3-9d4d-342a3ee06fbe: failed while reading the ElectricalSeries rates (AttributeError: module 'spikeinterface.extractors' has no attribute 'NwbRecordingExtractor')
2026-10-02T22:20:40Z WARNING [1221/1846] 2a5d993a-608b-46e3-9d4d-342a3ee06fbe: leaving unrecorded for a later run to retry.
2026-10-02T22:20:40Z WARNING 2a5df341-fa4a-4210-b4db-7c52054014db: failed while reading the ElectricalSeries rates (AttributeError: module 'spikeinterface.extractors' has no attribute 'NwbRecordingExtractor')
2026-10-02T22:20:40Z WARNING [1222/1846] 2a5df341-fa4a-4210-b4db-7c52054014db: leaving unrecorded for a later run to retry.
2026-10-02T22:20:40Z WARNING 2a5dfbf3-8244-487a-8eac-e1e812e20961: failed while reading the ElectricalSeries rates (AttributeError: module 'spikeinterface.extractors' has no attribute 'NwbRecordingExtractor')
2026-10-02T22:20:40Z WARNING [1223/1846] 2a5dfbf3-8244-487a-8eac-e1e812e20961: leaving unrecorded for a later run to retry.
2026-10-02T22:20:40Z WARNING 2a5e02b6-8b96-415f-8ae4-2846d711e297: failed while reading the ElectricalSeries rates (AttributeError: module 'spikeinterface.extractors' has no attribute 'NwbRecordingExtractor')
2026-10-02T22:20:40Z WARNING [1224/1846] 2a5e02b6-8b96-415f-8ae4-2846d711e297: leaving unrecorded for a later run to retry.
2026-10-02T22:20:40Z WARNING 2a5e326f-3924-42ee-a82f-f109c8007ac6: failed while reading the ElectricalSeries rates (AttributeError: module 'spikeinterface.extractors' has no attribute 'NwbRecordingExtractor')
2026-10-02T22:20:40Z WARNING [1225/1846] 2a5e326f-3924-42ee-a82f-f109c8007ac6: leaving unrecorded for a later run to retry.
2026-10-02T22:20:40Z WARNING 2a5eccc5-5e24-493a-8e78-a96e51d9c86e: failed while reading the ElectricalSeries rates (AttributeError: module 'spikeinterface.extractors' has no attribute 'NwbRecordingExtractor')
2026-10-02T22:20:40Z WARNING [1226/1846] 2a5eccc5-5e24-493a-8e78-a96e51d9c86e: leaving unrecorded for a later run to retry.
2026-10-02T22:20:40Z WARNING 2a5f73bb-07dd-4ca1-bc94-961d853243c0: failed while reading the ElectricalSeries rates (AttributeError: module 'spikeinterface.extractors' has no attribute 'NwbRecordingExtractor')
2026-10-02T22:20:40Z WARNING [1227/1846] 2a5f73bb-07dd-4ca1-bc94-961d853243c0: leaving unrecorded for a later run to retry.
2026-10-02T22:20:40Z WARNING 2a605657-87ed-4b91-be6d-84f929198edc: failed while reading the ElectricalSeries rates (AttributeError: module 'spikeinterface.extractors' has no attribute 'NwbRecordingExtractor')
2026-10-02T22:20:40Z WARNING [1228/1846] 2a605657-87ed-4b91-be6d-84f929198edc: leaving unrecorded for a later run to retry.
2026-10-02T22:20:40Z WARNING 2a60598e-a572-44b5-af60-adf50e79c571: failed while reading the ElectricalSeries rates (AttributeError: module 'spikeinterface.extractors' has no attribute 'NwbRecordingExtractor')
2026-10-02T22:20:40Z WARNING [1229/1846] 2a60598e-a572-44b5-af60-adf50e79c571: leaving unrecorded for a later run to retry.
2026-10-02T22:20:40Z WARNING 2a605a07-9e51-4ddb-aad8-58697ab79696: failed while reading the ElectricalSeries rates (AttributeError: module 'spikeinterface.extractors' has no attribute 'NwbRecordingExtractor')
2026-10-02T22:20:40Z WARNING [1230/1846] 2a605a07-9e51-4ddb-aad8-58697ab79696: leaving unrecorded for a later run to retry.
2026-10-02T22:20:40Z WARNING 2a611306-aced-4899-9623-d615dedf8f28: failed while reading the ElectricalSeries rates (AttributeError: module 'spikeinterface.extractors' has no attribute 'NwbRecordingExtractor')
2026-10-02T22:20:40Z WARNING [1231/1846] 2a611306-aced-4899-9623-d615dedf8f28: leaving unrecorded for a later run to retry.
2026-10-02T22:20:40Z WARNING 2a61441a-c0dd-4792-b5d5-43b64fb0d147: failed while reading the ElectricalSeries rates (AttributeError: module 'spikeinterface.extractors' has no attribute 'NwbRecordingExtractor')
2026-10-02T22:20:40Z WARNING [1232/1846] 2a61441a-c0dd-4792-b5d5-43b64fb0d147: leaving unrecorded for a later run to retry.
2026-10-02T22:20:41Z WARNING 2a61dc33-2bd5-4700-83e3-80a06714cbb8: failed while reading the ElectricalSeries rates (AttributeError: module 'spikeinterface.extractors' has no attribute 'NwbRecordingExtractor')
2026-10-02T22:20:41Z WARNING [1233/1846] 2a61dc33-2bd5-4700-83e3-80a06714cbb8: leaving unrecorded for a later run to retry.
2026-10-02T22:20:41Z WARNING 2a632300-5725-4ba4-b75c-691d088063e7: failed while reading the ElectricalSeries rates (AttributeError: module 'spikeinterface.extractors' has no attribute 'NwbRecordingExtractor')
2026-10-02T22:20:41Z WARNING [1234/1846] 2a632300-5725-4ba4-b75c-691d088063e7: leaving unrecorded for a later run to retry.
2026-10-02T22:20:41Z WARNING 2a6327bb-a9f8-4bc5-8f87-db93db176fbc: failed while reading the ElectricalSeries rates (AttributeError: module 'spikeinterface.extractors' has no attribute 'NwbRecordingExtractor')
2026-10-02T22:20:41Z WARNING [1235/1846] 2a6327bb-a9f8-4bc5-8f87-db93db176fbc: leaving unrecorded for a later run to retry.
2026-10-02T22:20:41Z WARNING 2a63b64c-fc4b-40db-995d-0a00facb82fa: failed while reading the ElectricalSeries rates (AttributeError: module 'spikeinterface.extractors' has no attribute 'NwbRecordingExtractor')
2026-10-02T22:20:41Z WARNING [1236/1846] 2a63b64c-fc4b-40db-995d-0a00facb82fa: leaving unrecorded for a later run to retry.
2026-10-02T22:20:41Z WARNING 2a63c601-3b41-4c97-8ace-5ed58e07a9d3: failed while reading the ElectricalSeries rates (AttributeError: module 'spikeinterface.extractors' has no attribute 'NwbRecordingExtractor')
2026-10-02T22:20:41Z WARNING [1237/1846] 2a63c601-3b41-4c97-8ace-5ed58e07a9d3: leaving unrecorded for a later run to retry.
2026-10-02T22:20:41Z WARNING 2a644e31-9cda-45c3-832d-5e155feb80ef: failed while reading the ElectricalSeries rates (AttributeError: module 'spikeinterface.extractors' has no attribute 'NwbRecordingExtractor')
2026-10-02T22:20:41Z WARNING [1238/1846] 2a644e31-9cda-45c3-832d-5e155feb80ef: leaving unrecorded for a later run to retry.
2026-10-02T22:20:41Z WARNING 2a65bac7-dcfa-42b9-b9f6-17ac2a783957: failed while reading the ElectricalSeries rates (AttributeError: module 'spikeinterface.extractors' has no attribute 'NwbRecordingExtractor')
2026-10-02T22:20:41Z WARNING [1239/1846] 2a65bac7-dcfa-42b9-b9f6-17ac2a783957: leaving unrecorded for a later run to retry.
2026-10-02T22:20:41Z WARNING 2a65f3b4-6e04-4de0-adc8-c7ed1ee93258: failed while reading the ElectricalSeries rates (AttributeError: module 'spikeinterface.extractors' has no attribute 'NwbRecordingExtractor')
2026-10-02T22:20:41Z WARNING [1240/1846] 2a65f3b4-6e04-4de0-adc8-c7ed1ee93258: leaving unrecorded for a later run to retry.
2026-10-02T22:20:41Z WARNING 2a674e8e-0545-4ff7-a3ff-bf7a6d21bc5e: failed while reading the ElectricalSeries rates (AttributeError: module 'spikeinterface.extractors' has no attribute 'NwbRecordingExtractor')
2026-10-02T22:20:41Z WARNING [1241/1846] 2a674e8e-0545-4ff7-a3ff-bf7a6d21bc5e: leaving unrecorded for a later run to retry.
2026-10-02T22:20:41Z WARNING 2a67ca60-141a-4168-a5b6-c418f64575f8: failed while reading the ElectricalSeries rates (AttributeError: module 'spikeinterface.extractors' has no attribute 'NwbRecordingExtractor')
2026-10-02T22:20:41Z WARNING [1242/1846] 2a67ca60-141a-4168-a5b6-c418f64575f8: leaving unrecorded for a later run to retry.
2026-10-02T22:20:41Z WARNING 2a68640d-2a53-44b2-9dce-623e4e874908: failed while reading the ElectricalSeries rates (AttributeError: module 'spikeinterface.extractors' has no attribute 'NwbRecordingExtractor')
2026-10-02T22:20:41Z WARNING [1243/1846] 2a68640d-2a53-44b2-9dce-623e4e874908: leaving unrecorded for a later run to retry.
2026-10-02T22:20:41Z WARNING 2a6870cc-bbd5-448d-b0df-095d3159b9b7: failed while reading the ElectricalSeries rates (AttributeError: module 'spikeinterface.extractors' has no attribute 'NwbRecordingExtractor')
2026-10-02T22:20:41Z WARNING [1244/1846] 2a6870cc-bbd5-448d-b0df-095d3159b9b7: leaving unrecorded for a later run to retry.
2026-10-02T22:20:41Z WARNING 2a6a0259-4e5c-4970-a8ef-dee51973ef01: failed while reading the ElectricalSeries rates (AttributeError: module 'spikeinterface.extractors' has no attribute 'NwbRecordingExtractor')
2026-10-02T22:20:41Z WARNING [1245/1846] 2a6a0259-4e5c-4970-a8ef-dee51973ef01: leaving unrecorded for a later run to retry.
2026-10-02T22:20:41Z WARNING 2a6a38fc-d3c9-4817-9d4d-d480a8ab9c73: failed while reading the ElectricalSeries rates (AttributeError: module 'spikeinterface.extractors' has no attribute 'NwbRecordingExtractor')
2026-10-02T22:20:41Z WARNING [1246/1846] 2a6a38fc-d3c9-4817-9d4d-d480a8ab9c73: leaving unrecorded for a later run to retry.
2026-10-02T22:20:41Z WARNING 2a6a6b35-4213-4741-8339-457e8cfe9fda: failed while reading the ElectricalSeries rates (AttributeError: module 'spikeinterface.extractors' has no attribute 'NwbRecordingExtractor')
2026-10-02T22:20:41Z WARNING [1247/1846] 2a6a6b35-4213-4741-8339-457e8cfe9fda: leaving unrecorded for a later run to retry.
2026-10-02T22:20:41Z WARNING 2a6b6e56-df2d-41e9-8ac6-6b0aa45ecfc7: failed while reading the ElectricalSeries rates (AttributeError: module 'spikeinterface.extractors' has no attribute 'NwbRecordingExtractor')
2026-10-02T22:20:41Z WARNING [1248/1846] 2a6b6e56-df2d-41e9-8ac6-6b0aa45ecfc7: leaving unrecorded for a later run to retry.
2026-10-02T22:20:41Z WARNING 2a6c5375-ed0d-4d27-bf34-f6cc07f3d88a: failed while reading the ElectricalSeries rates (AttributeError: module 'spikeinterface.extractors' has no attribute 'NwbRecordingExtractor')
2026-10-02T22:20:41Z WARNING [1249/1846] 2a6c5375-ed0d-4d27-bf34-f6cc07f3d88a: leaving unrecorded for a later run to retry.
2026-10-02T22:20:42Z WARNING 2a6cae87-03c8-4fd8-aff5-7a1c956a36be: failed while reading the ElectricalSeries rates (AttributeError: module 'spikeinterface.extractors' has no attribute 'NwbRecordingExtractor')
2026-10-02T22:20:42Z WARNING [1250/1846] 2a6cae87-03c8-4fd8-aff5-7a1c956a36be: leaving unrecorded for a later run to retry.
2026-10-02T22:20:42Z INFO [1250/1846] 2a6cae87-03c8-4fd8-aff5-7a1c956a36be: checkpointed 60602 records.
2026-10-02T22:20:42Z WARNING 2a6d5a16-b1b5-4781-836d-24d617708ad4: failed while reading the ElectricalSeries rates (AttributeError: module 'spikeinterface.extractors' has no attribute 'NwbRecordingExtractor')
2026-10-02T22:20:42Z WARNING [1251/1846] 2a6d5a16-b1b5-4781-836d-24d617708ad4: leaving unrecorded for a later run to retry.
2026-10-02T22:20:42Z WARNING 2a6d8cd0-9fd5-478b-a382-2144a458fd96: failed while reading the ElectricalSeries rates (AttributeError: module 'spikeinterface.extractors' has no attribute 'NwbRecordingExtractor')
2026-10-02T22:20:42Z WARNING [1252/1846] 2a6d8cd0-9fd5-478b-a382-2144a458fd96: leaving unrecorded for a later run to retry.
2026-10-02T22:20:42Z WARNING 2a6db15d-7b4e-429b-9e32-8a280296dd3e: failed while reading the ElectricalSeries rates (AttributeError: module 'spikeinterface.extractors' has no attribute 'NwbRecordingExtractor')
2026-10-02T22:20:42Z WARNING [1253/1846] 2a6db15d-7b4e-429b-9e32-8a280296dd3e: leaving unrecorded for a later run to retry.
2026-10-02T22:20:42Z WARNING 2a6e0281-378d-489f-a678-16f312b3df45: failed while reading the ElectricalSeries rates (AttributeError: module 'spikeinterface.extractors' has no attribute 'NwbRecordingExtractor')
2026-10-02T22:20:42Z WARNING [1254/1846] 2a6e0281-378d-489f-a678-16f312b3df45: leaving unrecorded for a later run to retry.
2026-10-02T22:20:42Z WARNING 2a6e1654-d3db-43c2-beaf-febdf371285b: failed while reading the ElectricalSeries rates (AttributeError: module 'spikeinterface.extractors' has no attribute 'NwbRecordingExtractor')
2026-10-02T22:20:42Z WARNING [1255/1846] 2a6e1654-d3db-43c2-beaf-febdf371285b: leaving unrecorded for a later run to retry.
2026-10-02T22:20:42Z WARNING 2a6e78be-0d0e-4e72-bb31-cf680aaeb5f7: failed while reading the ElectricalSeries rates (AttributeError: module 'spikeinterface.extractors' has no attribute 'NwbRecordingExtractor')
2026-10-02T22:20:42Z WARNING [1256/1846] 2a6e78be-0d0e-4e72-bb31-cf680aaeb5f7: leaving unrecorded for a later run to retry.
2026-10-02T22:20:42Z WARNING 2a6e7f83-3703-4c7e-9fac-04a8bee22910: failed while reading the ElectricalSeries rates (AttributeError: module 'spikeinterface.extractors' has no attribute 'NwbRecordingExtractor')
2026-10-02T22:20:42Z WARNING [1257/1846] 2a6e7f83-3703-4c7e-9fac-04a8bee22910: leaving unrecorded for a later run to retry.
2026-10-02T22:20:42Z WARNING 2a6f0717-2594-4886-a973-a6de38a5c63a: failed while reading the ElectricalSeries rates (AttributeError: module 'spikeinterface.extractors' has no attribute 'NwbRecordingExtractor')
2026-10-02T22:20:42Z WARNING [1258/1846] 2a6f0717-2594-4886-a973-a6de38a5c63a: leaving unrecorded for a later run to retry.
2026-10-02T22:20:42Z WARNING 2a6f5db3-5a4c-4a4e-9974-60c5216d1dde: failed while reading the ElectricalSeries rates (AttributeError: module 'spikeinterface.extractors' has no attribute 'NwbRecordingExtractor')
2026-10-02T22:20:42Z WARNING [1259/1846] 2a6f5db3-5a4c-4a4e-9974-60c5216d1dde: leaving unrecorded for a later run to retry.
2026-10-02T22:20:42Z WARNING 2a6fdff7-336f-4307-a496-d08a702c46dc: failed while reading the ElectricalSeries rates (AttributeError: module 'spikeinterface.extractors' has no attribute 'NwbRecordingExtractor')
2026-10-02T22:20:42Z WARNING [1260/1846] 2a6fdff7-336f-4307-a496-d08a702c46dc: leaving unrecorded for a later run to retry.
2026-10-02T22:20:42Z WARNING 2a7029a8-3d6e-4ba3-aa29-ffd8148278ec: failed while reading the ElectricalSeries rates (AttributeError: module 'spikeinterface.extractors' has no attribute 'NwbRecordingExtractor')
2026-10-02T22:20:42Z WARNING [1261/1846] 2a7029a8-3d6e-4ba3-aa29-ffd8148278ec: leaving unrecorded for a later run to retry.
2026-10-02T22:20:42Z WARNING 2a70ac44-ad68-4a72-94a0-9abf9e93daf0: failed while reading the ElectricalSeries rates (AttributeError: module 'spikeinterface.extractors' has no attribute 'NwbRecordingExtractor')
2026-10-02T22:20:42Z WARNING [1262/1846] 2a70ac44-ad68-4a72-94a0-9abf9e93daf0: leaving unrecorded for a later run to retry.
2026-10-02T22:20:42Z WARNING 2a712a65-ea5d-4c02-9daa-1d82cb754ada: failed while reading the ElectricalSeries rates (AttributeError: module 'spikeinterface.extractors' has no attribute 'NwbRecordingExtractor')
2026-10-02T22:20:42Z WARNING [1263/1846] 2a712a65-ea5d-4c02-9daa-1d82cb754ada: leaving unrecorded for a later run to retry.
2026-10-02T22:20:42Z WARNING 2a713ddc-ab94-4584-8f3c-0718a7221f16: failed while reading the ElectricalSeries rates (AttributeError: module 'spikeinterface.extractors' has no attribute 'NwbRecordingExtractor')
2026-10-02T22:20:42Z WARNING [1264/1846] 2a713ddc-ab94-4584-8f3c-0718a7221f16: leaving unrecorded for a later run to retry.
2026-10-02T22:20:42Z WARNING 2a731888-2f97-4464-beeb-5a3f576fd0cd: failed while reading the ElectricalSeries rates (AttributeError: module 'spikeinterface.extractors' has no attribute 'NwbRecordingExtractor')
2026-10-02T22:20:42Z WARNING [1265/1846] 2a731888-2f97-4464-beeb-5a3f576fd0cd: leaving unrecorded for a later run to retry.
2026-10-02T22:20:43Z WARNING 2a736148-2544-4803-b69a-4cedbdae7caf: failed while reading the ElectricalSeries rates (AttributeError: module 'spikeinterface.extractors' has no attribute 'NwbRecordingExtractor')
2026-10-02T22:20:43Z WARNING [1266/1846] 2a736148-2544-4803-b69a-4cedbdae7caf: leaving unrecorded for a later run to retry.
2026-10-02T22:20:43Z WARNING 2a739565-73f7-4dd6-aae7-88fdca23671b: failed while reading the ElectricalSeries rates (AttributeError: module 'spikeinterface.extractors' has no attribute 'NwbRecordingExtractor')
2026-10-02T22:20:43Z WARNING [1267/1846] 2a739565-73f7-4dd6-aae7-88fdca23671b: leaving unrecorded for a later run to retry.
2026-10-02T22:20:43Z WARNING 2a73a4fb-96be-4846-aacb-c3df535c1501: failed while reading the ElectricalSeries rates (AttributeError: module 'spikeinterface.extractors' has no attribute 'NwbRecordingExtractor')
2026-10-02T22:20:43Z WARNING [1268/1846] 2a73a4fb-96be-4846-aacb-c3df535c1501: leaving unrecorded for a later run to retry.
2026-10-02T22:20:43Z WARNING 2a74120c-d738-43da-9c49-912ee8c9f791: failed while reading the ElectricalSeries rates (AttributeError: module 'spikeinterface.extractors' has no attribute 'NwbRecordingExtractor')
2026-10-02T22:20:43Z WARNING [1269/1846] 2a74120c-d738-43da-9c49-912ee8c9f791: leaving unrecorded for a later run to retry.
2026-10-02T22:20:43Z WARNING 2a7476f7-bdb7-478d-8937-043416c63080: failed while reading the ElectricalSeries rates (AttributeError: module 'spikeinterface.extractors' has no attribute 'NwbRecordingExtractor')
2026-10-02T22:20:43Z WARNING [1270/1846] 2a7476f7-bdb7-478d-8937-043416c63080: leaving unrecorded for a later run to retry.
2026-10-02T22:20:43Z WARNING 2a74a29a-ee2c-4937-adf1-805eb2beec9e: failed while reading the ElectricalSeries rates (AttributeError: module 'spikeinterface.extractors' has no attribute 'NwbRecordingExtractor')
2026-10-02T22:20:43Z WARNING [1271/1846] 2a74a29a-ee2c-4937-adf1-805eb2beec9e: leaving unrecorded for a later run to retry.
2026-10-02T22:20:43Z WARNING 2a750302-78f7-4e5b-84c4-d54448d7bcdd: failed while reading the ElectricalSeries rates (AttributeError: module 'spikeinterface.extractors' has no attribute 'NwbRecordingExtractor')
2026-10-02T22:20:43Z WARNING [1272/1846] 2a750302-78f7-4e5b-84c4-d54448d7bcdd: leaving unrecorded for a later run to retry.
2026-10-02T22:20:43Z WARNING 2a754b28-ce3e-40d3-b871-1b4e9d165900: failed while reading the ElectricalSeries rates (AttributeError: module 'spikeinterface.extractors' has no attribute 'NwbRecordingExtractor')
2026-10-02T22:20:43Z WARNING [1273/1846] 2a754b28-ce3e-40d3-b871-1b4e9d165900: leaving unrecorded for a later run to retry.
2026-10-02T22:20:43Z WARNING 2a76c0ae-11ba-4712-bfc9-5a1534c26aeb: failed while reading the ElectricalSeries rates (AttributeError: module 'spikeinterface.extractors' has no attribute 'NwbRecordingExtractor')
2026-10-02T22:20:43Z WARNING [1274/1846] 2a76c0ae-11ba-4712-bfc9-5a1534c26aeb: leaving unrecorded for a later run to retry.
2026-10-02T22:20:43Z WARNING 2a76de60-2462-4304-9f3b-c5d5eee041e4: failed while reading the ElectricalSeries rates (AttributeError: module 'spikeinterface.extractors' has no attribute 'NwbRecordingExtractor')
2026-10-02T22:20:43Z WARNING [1275/1846] 2a76de60-2462-4304-9f3b-c5d5eee041e4: leaving unrecorded for a later run to retry.
2026-10-02T22:20:43Z WARNING 2a76e479-1f0a-4157-a3fa-cd667222f49d: failed while reading the ElectricalSeries rates (AttributeError: module 'spikeinterface.extractors' has no attribute 'NwbRecordingExtractor')
2026-10-02T22:20:43Z WARNING [1276/1846] 2a76e479-1f0a-4157-a3fa-cd667222f49d: leaving unrecorded for a later run to retry.
2026-10-02T22:20:43Z WARNING 2a77930c-5948-4977-9863-ce94f33bb1dc: failed while reading the ElectricalSeries rates (AttributeError: module 'spikeinterface.extractors' has no attribute 'NwbRecordingExtractor')
2026-10-02T22:20:43Z WARNING [1277/1846] 2a77930c-5948-4977-9863-ce94f33bb1dc: leaving unrecorded for a later run to retry.
2026-10-02T22:20:43Z WARNING 2a78470a-337a-4ac9-bfc0-8203ae5ae19a: failed while reading the ElectricalSeries rates (AttributeError: module 'spikeinterface.extractors' has no attribute 'NwbRecordingExtractor')
2026-10-02T22:20:43Z WARNING [1278/1846] 2a78470a-337a-4ac9-bfc0-8203ae5ae19a: leaving unrecorded for a later run to retry.
2026-10-02T22:20:43Z WARNING 2a7875b7-2273-4768-a09e-b624ab32def7: failed while reading the ElectricalSeries rates (AttributeError: module 'spikeinterface.extractors' has no attribute 'NwbRecordingExtractor')
2026-10-02T22:20:43Z WARNING [1279/1846] 2a7875b7-2273-4768-a09e-b624ab32def7: leaving unrecorded for a later run to retry.
2026-10-02T22:20:43Z WARNING 2a787804-02ba-45da-8797-687c9f284ac4: failed while reading the ElectricalSeries rates (AttributeError: module 'spikeinterface.extractors' has no attribute 'NwbRecordingExtractor')
2026-10-02T22:20:43Z WARNING [1280/1846] 2a787804-02ba-45da-8797-687c9f284ac4: leaving unrecorded for a later run to retry.
2026-10-02T22:20:43Z WARNING 2a78f5b9-d71f-4afd-bcd8-23963ce5fee0: failed while reading the ElectricalSeries rates (AttributeError: module 'spikeinterface.extractors' has no attribute 'NwbRecordingExtractor')
2026-10-02T22:20:43Z WARNING [1281/1846] 2a78f5b9-d71f-4afd-bcd8-23963ce5fee0: leaving unrecorded for a later run to retry.
2026-10-02T22:20:43Z WARNING 2a78fdf2-e7a0-44c9-a325-31281a7ec4d6: failed while reading the ElectricalSeries rates (AttributeError: module 'spikeinterface.extractors' has no attribute 'NwbRecordingExtractor')
2026-10-02T22:20:43Z WARNING [1282/1846] 2a78fdf2-e7a0-44c9-a325-31281a7ec4d6: leaving unrecorded for a later run to retry.
2026-10-02T22:20:44Z WARNING 2a7a025e-aec6-489e-bca6-f870bd1cbd31: failed while reading the ElectricalSeries rates (AttributeError: module 'spikeinterface.extractors' has no attribute 'NwbRecordingExtractor')
2026-10-02T22:20:44Z WARNING [1283/1846] 2a7a025e-aec6-489e-bca6-f870bd1cbd31: leaving unrecorded for a later run to retry.
2026-10-02T22:20:44Z WARNING 2a7a0c62-8bf7-4e54-aa00-7f9271fcac68: failed while reading the ElectricalSeries rates (AttributeError: module 'spikeinterface.extractors' has no attribute 'NwbRecordingExtractor')
2026-10-02T22:20:44Z WARNING [1284/1846] 2a7a0c62-8bf7-4e54-aa00-7f9271fcac68: leaving unrecorded for a later run to retry.
2026-10-02T22:20:44Z WARNING 2a7cf91a-0f28-495b-95d4-81f46c12c704: failed while reading the ElectricalSeries rates (AttributeError: module 'spikeinterface.extractors' has no attribute 'NwbRecordingExtractor')
2026-10-02T22:20:44Z WARNING [1285/1846] 2a7cf91a-0f28-495b-95d4-81f46c12c704: leaving unrecorded for a later run to retry.
2026-10-02T22:20:44Z WARNING 2a7d15f6-4140-4905-883b-266da0d188d7: failed while reading the ElectricalSeries rates (AttributeError: module 'spikeinterface.extractors' has no attribute 'NwbRecordingExtractor')
2026-10-02T22:20:44Z WARNING [1286/1846] 2a7d15f6-4140-4905-883b-266da0d188d7: leaving unrecorded for a later run to retry.
2026-10-02T22:20:44Z WARNING 2a7d78f4-4a52-46d1-8d30-594e7f0d19da: failed while reading the ElectricalSeries rates (AttributeError: module 'spikeinterface.extractors' has no attribute 'NwbRecordingExtractor')
2026-10-02T22:20:44Z WARNING [1287/1846] 2a7d78f4-4a52-46d1-8d30-594e7f0d19da: leaving unrecorded for a later run to retry.
2026-10-02T22:20:44Z WARNING 2a7dbf4a-48d9-4354-bf69-5c99c0bfda1f: failed while reading the ElectricalSeries rates (AttributeError: module 'spikeinterface.extractors' has no attribute 'NwbRecordingExtractor')
2026-10-02T22:20:44Z WARNING [1288/1846] 2a7dbf4a-48d9-4354-bf69-5c99c0bfda1f: leaving unrecorded for a later run to retry.
2026-10-02T22:20:44Z WARNING 2a7dcdcf-866c-4daf-a37b-7d9135795cba: failed while reading the ElectricalSeries rates (AttributeError: module 'spikeinterface.extractors' has no attribute 'NwbRecordingExtractor')
2026-10-02T22:20:44Z WARNING [1289/1846] 2a7dcdcf-866c-4daf-a37b-7d9135795cba: leaving unrecorded for a later run to retry.
2026-10-02T22:20:44Z WARNING 2a7e8d5c-5426-41cd-a9d2-7fd93d380900: failed while reading the ElectricalSeries rates (AttributeError: module 'spikeinterface.extractors' has no attribute 'NwbRecordingExtractor')
2026-10-02T22:20:44Z WARNING [1290/1846] 2a7e8d5c-5426-41cd-a9d2-7fd93d380900: leaving unrecorded for a later run to retry.
2026-10-02T22:20:44Z WARNING 2a7ee3d6-b8c5-4e38-b9ea-e337cdd2326b: failed while reading the ElectricalSeries rates (AttributeError: module 'spikeinterface.extractors' has no attribute 'NwbRecordingExtractor')
2026-10-02T22:20:44Z WARNING [1291/1846] 2a7ee3d6-b8c5-4e38-b9ea-e337cdd2326b: leaving unrecorded for a later run to retry.
2026-10-02T22:20:44Z WARNING 2a7fab30-10b5-45c2-9c84-bd7ef86ad029: failed while reading the ElectricalSeries rates (AttributeError: module 'spikeinterface.extractors' has no attribute 'NwbRecordingExtractor')
2026-10-02T22:20:44Z WARNING [1292/1846] 2a7fab30-10b5-45c2-9c84-bd7ef86ad029: leaving unrecorded for a later run to retry.
2026-10-02T22:20:44Z WARNING 2a7ff889-df80-4b39-b055-084d00370873: failed while reading the ElectricalSeries rates (AttributeError: module 'spikeinterface.extractors' has no attribute 'NwbRecordingExtractor')
2026-10-02T22:20:44Z WARNING [1293/1846] 2a7ff889-df80-4b39-b055-084d00370873: leaving unrecorded for a later run to retry.
2026-10-02T22:20:44Z WARNING 2a800571-ed1b-42fd-ba88-bb75e006490f: failed while reading the ElectricalSeries rates (AttributeError: module 'spikeinterface.extractors' has no attribute 'NwbRecordingExtractor')
2026-10-02T22:20:44Z WARNING [1294/1846] 2a800571-ed1b-42fd-ba88-bb75e006490f: leaving unrecorded for a later run to retry.
2026-10-02T22:20:44Z WARNING 2a803e39-a501-4a4e-8416-ff1829ce8609: failed while reading the ElectricalSeries rates (AttributeError: module 'spikeinterface.extractors' has no attribute 'NwbRecordingExtractor')
2026-10-02T22:20:44Z WARNING [1295/1846] 2a803e39-a501-4a4e-8416-ff1829ce8609: leaving unrecorded for a later run to retry.
2026-10-02T22:20:44Z WARNING 2a818332-278c-4d8b-8838-5e5aaff425d4: failed while reading the ElectricalSeries rates (AttributeError: module 'spikeinterface.extractors' has no attribute 'NwbRecordingExtractor')
2026-10-02T22:20:44Z WARNING [1296/1846] 2a818332-278c-4d8b-8838-5e5aaff425d4: leaving unrecorded for a later run to retry.
2026-10-02T22:20:44Z WARNING 2a827fc7-793c-4edd-875c-fd8c6f631b2c: failed while reading the ElectricalSeries rates (AttributeError: module 'spikeinterface.extractors' has no attribute 'NwbRecordingExtractor')
2026-10-02T22:20:44Z WARNING [1297/1846] 2a827fc7-793c-4edd-875c-fd8c6f631b2c: leaving unrecorded for a later run to retry.
2026-10-02T22:20:44Z WARNING 2a82ea2f-588f-4ee5-81a3-72d8da9f33e2: failed while reading the ElectricalSeries rates (AttributeError: module 'spikeinterface.extractors' has no attribute 'NwbRecordingExtractor')
2026-10-02T22:20:44Z WARNING [1298/1846] 2a82ea2f-588f-4ee5-81a3-72d8da9f33e2: leaving unrecorded for a later run to retry.
2026-10-02T22:20:44Z WARNING 2a838fc1-851b-4ba4-beb6-6f3ae388a298: failed while reading the ElectricalSeries rates (AttributeError: module 'spikeinterface.extractors' has no attribute 'NwbRecordingExtractor')
2026-10-02T22:20:44Z WARNING [1299/1846] 2a838fc1-851b-4ba4-beb6-6f3ae388a298: leaving unrecorded for a later run to retry.
2026-10-02T22:20:44Z WARNING 2a83c244-881d-4391-8dc4-67da14c40de9: failed while reading the ElectricalSeries rates (AttributeError: module 'spikeinterface.extractors' has no attribute 'NwbRecordingExtractor')
2026-10-02T22:20:44Z WARNING [1300/1846] 2a83c244-881d-4391-8dc4-67da14c40de9: leaving unrecorded for a later run to retry.
2026-10-02T22:20:45Z INFO [1300/1846] 2a83c244-881d-4391-8dc4-67da14c40de9: checkpointed 60602 records.
2026-10-02T22:20:45Z WARNING 2a844a37-d97e-44d7-a82f-b79bf3b4aa40: failed while reading the ElectricalSeries rates (AttributeError: module 'spikeinterface.extractors' has no attribute 'NwbRecordingExtractor')
2026-10-02T22:20:45Z WARNING [1301/1846] 2a844a37-d97e-44d7-a82f-b79bf3b4aa40: leaving unrecorded for a later run to retry.
2026-10-02T22:20:45Z WARNING 2a860fcc-234b-4341-a493-87f71c27d93e: failed while reading the ElectricalSeries rates (AttributeError: module 'spikeinterface.extractors' has no attribute 'NwbRecordingExtractor')
2026-10-02T22:20:45Z WARNING [1302/1846] 2a860fcc-234b-4341-a493-87f71c27d93e: leaving unrecorded for a later run to retry.
2026-10-02T22:20:45Z WARNING 2a86344e-c596-4dbc-9218-6d51e91d7758: failed while reading the ElectricalSeries rates (AttributeError: module 'spikeinterface.extractors' has no attribute 'NwbRecordingExtractor')
2026-10-02T22:20:45Z WARNING [1303/1846] 2a86344e-c596-4dbc-9218-6d51e91d7758: leaving unrecorded for a later run to retry.
2026-10-02T22:20:45Z WARNING 2a86c3c3-2880-4440-971c-54d4d8611645: failed while reading the ElectricalSeries rates (AttributeError: module 'spikeinterface.extractors' has no attribute 'NwbRecordingExtractor')
2026-10-02T22:20:45Z WARNING [1304/1846] 2a86c3c3-2880-4440-971c-54d4d8611645: leaving unrecorded for a later run to retry.
2026-10-02T22:20:45Z WARNING 2a86dc84-abce-4751-90e1-aff094cbeadb: failed while reading the ElectricalSeries rates (AttributeError: module 'spikeinterface.extractors' has no attribute 'NwbRecordingExtractor')
2026-10-02T22:20:45Z WARNING [1305/1846] 2a86dc84-abce-4751-90e1-aff094cbeadb: leaving unrecorded for a later run to retry.
2026-10-02T22:20:45Z WARNING 2a86ed38-228b-4058-8ebd-fa8dae8a8795: failed while reading the ElectricalSeries rates (AttributeError: module 'spikeinterface.extractors' has no attribute 'NwbRecordingExtractor')
2026-10-02T22:20:45Z WARNING [1306/1846] 2a86ed38-228b-4058-8ebd-fa8dae8a8795: leaving unrecorded for a later run to retry.
2026-10-02T22:20:45Z WARNING 2a88f6ac-49e4-4262-8bfd-7ac15fe19d09: failed while reading the ElectricalSeries rates (AttributeError: module 'spikeinterface.extractors' has no attribute 'NwbRecordingExtractor')
2026-10-02T22:20:45Z WARNING [1307/1846] 2a88f6ac-49e4-4262-8bfd-7ac15fe19d09: leaving unrecorded for a later run to retry.
2026-10-02T22:20:45Z WARNING 2a89e968-3c64-4bb8-8658-abd1dc2c8f73: failed while reading the ElectricalSeries rates (AttributeError: module 'spikeinterface.extractors' has no attribute 'NwbRecordingExtractor')
2026-10-02T22:20:45Z WARNING [1308/1846] 2a89e968-3c64-4bb8-8658-abd1dc2c8f73: leaving unrecorded for a later run to retry.
2026-10-02T22:20:45Z WARNING 2a8a4962-0eb0-4f25-99cc-6e980419d4ce: failed while reading the ElectricalSeries rates (AttributeError: module 'spikeinterface.extractors' has no attribute 'NwbRecordingExtractor')
2026-10-02T22:20:45Z WARNING [1309/1846] 2a8a4962-0eb0-4f25-99cc-6e980419d4ce: leaving unrecorded for a later run to retry.
2026-10-02T22:20:45Z WARNING 2a8a9768-85ed-490f-9f85-0d1d481c4cbc: failed while reading the ElectricalSeries rates (AttributeError: module 'spikeinterface.extractors' has no attribute 'NwbRecordingExtractor')
2026-10-02T22:20:45Z WARNING [1310/1846] 2a8a9768-85ed-490f-9f85-0d1d481c4cbc: leaving unrecorded for a later run to retry.
2026-10-02T22:20:45Z WARNING 2a8aede4-c52d-4407-8f09-53ea66bb6d78: failed while reading the ElectricalSeries rates (AttributeError: module 'spikeinterface.extractors' has no attribute 'NwbRecordingExtractor')
2026-10-02T22:20:45Z WARNING [1311/1846] 2a8aede4-c52d-4407-8f09-53ea66bb6d78: leaving unrecorded for a later run to retry.
2026-10-02T22:20:45Z WARNING 2a8bc0ff-f6bc-451d-946f-a9cc81a1bec2: failed while reading the ElectricalSeries rates (AttributeError: module 'spikeinterface.extractors' has no attribute 'NwbRecordingExtractor')
2026-10-02T22:20:45Z WARNING [1312/1846] 2a8bc0ff-f6bc-451d-946f-a9cc81a1bec2: leaving unrecorded for a later run to retry.
2026-10-02T22:20:45Z WARNING 2a8bd26f-4f5a-424f-92b8-4467d7a3d52f: failed while reading the ElectricalSeries rates (AttributeError: module 'spikeinterface.extractors' has no attribute 'NwbRecordingExtractor')
2026-10-02T22:20:45Z WARNING [1313/1846] 2a8bd26f-4f5a-424f-92b8-4467d7a3d52f: leaving unrecorded for a later run to retry.
2026-10-02T22:20:45Z WARNING 2a8be3fd-2365-4963-9748-c886261eb665: failed while reading the ElectricalSeries rates (AttributeError: module 'spikeinterface.extractors' has no attribute 'NwbRecordingExtractor')
2026-10-02T22:20:45Z WARNING [1314/1846] 2a8be3fd-2365-4963-9748-c886261eb665: leaving unrecorded for a later run to retry.
2026-10-02T22:20:45Z WARNING 2a8c5c4a-aa04-4bdd-a40d-7dcdd45a8f09: failed while reading the ElectricalSeries rates (AttributeError: module 'spikeinterface.extractors' has no attribute 'NwbRecordingExtractor')
2026-10-02T22:20:45Z WARNING [1315/1846] 2a8c5c4a-aa04-4bdd-a40d-7dcdd45a8f09: leaving unrecorded for a later run to retry.
2026-10-02T22:20:45Z WARNING 2a8c8f47-0b3e-4d45-b620-61515f6ddc05: failed while reading the ElectricalSeries rates (AttributeError: module 'spikeinterface.extractors' has no attribute 'NwbRecordingExtractor')
2026-10-02T22:20:45Z WARNING [1316/1846] 2a8c8f47-0b3e-4d45-b620-61515f6ddc05: leaving unrecorded for a later run to retry.
2026-10-02T22:20:45Z WARNING 2a8d9d4e-b7d2-4ee0-afd2-e667bdc31fe9: failed while reading the ElectricalSeries rates (AttributeError: module 'spikeinterface.extractors' has no attribute 'NwbRecordingExtractor')
2026-10-02T22:20:45Z WARNING [1317/1846] 2a8d9d4e-b7d2-4ee0-afd2-e667bdc31fe9: leaving unrecorded for a later run to retry.
2026-10-02T22:20:45Z WARNING 2a8dcbeb-eb91-41be-82de-b5d7499b08f4: failed while reading the ElectricalSeries rates (AttributeError: module 'spikeinterface.extractors' has no attribute 'NwbRecordingExtractor')
2026-10-02T22:20:45Z WARNING [1318/1846] 2a8dcbeb-eb91-41be-82de-b5d7499b08f4: leaving unrecorded for a later run to retry.
2026-10-02T22:20:46Z WARNING 2a8e7463-a374-481a-889c-3f0407d0c0fd: failed while reading the ElectricalSeries rates (AttributeError: module 'spikeinterface.extractors' has no attribute 'NwbRecordingExtractor')
2026-10-02T22:20:46Z WARNING [1319/1846] 2a8e7463-a374-481a-889c-3f0407d0c0fd: leaving unrecorded for a later run to retry.
2026-10-02T22:20:46Z WARNING 2a8ebd7d-5af2-4eb0-b953-86e8c7721aff: failed while reading the ElectricalSeries rates (AttributeError: module 'spikeinterface.extractors' has no attribute 'NwbRecordingExtractor')
2026-10-02T22:20:46Z WARNING [1320/1846] 2a8ebd7d-5af2-4eb0-b953-86e8c7721aff: leaving unrecorded for a later run to retry.
2026-10-02T22:20:46Z WARNING 2a8f3fcc-b8d2-444c-90da-8b46366a9a95: failed while reading the ElectricalSeries rates (AttributeError: module 'spikeinterface.extractors' has no attribute 'NwbRecordingExtractor')
2026-10-02T22:20:46Z WARNING [1321/1846] 2a8f3fcc-b8d2-444c-90da-8b46366a9a95: leaving unrecorded for a later run to retry.
2026-10-02T22:20:46Z WARNING 2a8f779d-e83d-4646-8c2f-df3d8c7d2ad9: failed while reading the ElectricalSeries rates (AttributeError: module 'spikeinterface.extractors' has no attribute 'NwbRecordingExtractor')
2026-10-02T22:20:46Z WARNING [1322/1846] 2a8f779d-e83d-4646-8c2f-df3d8c7d2ad9: leaving unrecorded for a later run to retry.
2026-10-02T22:20:46Z WARNING 2a8fc957-7a2b-405f-9ead-b24cefbd4e20: failed while reading the ElectricalSeries rates (AttributeError: module 'spikeinterface.extractors' has no attribute 'NwbRecordingExtractor')
2026-10-02T22:20:46Z WARNING [1323/1846] 2a8fc957-7a2b-405f-9ead-b24cefbd4e20: leaving unrecorded for a later run to retry.
2026-10-02T22:20:46Z WARNING 2a8fe40a-43fd-4ac8-b6aa-756f7f416e60: failed while reading the ElectricalSeries rates (AttributeError: module 'spikeinterface.extractors' has no attribute 'NwbRecordingExtractor')
2026-10-02T22:20:46Z WARNING [1324/1846] 2a8fe40a-43fd-4ac8-b6aa-756f7f416e60: leaving unrecorded for a later run to retry.
2026-10-02T22:20:46Z WARNING 2a8fed46-ad88-4c68-8498-1e4d1161eff9: failed while reading the ElectricalSeries rates (AttributeError: module 'spikeinterface.extractors' has no attribute 'NwbRecordingExtractor')
2026-10-02T22:20:46Z WARNING [1325/1846] 2a8fed46-ad88-4c68-8498-1e4d1161eff9: leaving unrecorded for a later run to retry.
2026-10-02T22:20:46Z WARNING 2a901255-a104-4e56-9db3-259c1bb66c7b: failed while reading the ElectricalSeries rates (AttributeError: module 'spikeinterface.extractors' has no attribute 'NwbRecordingExtractor')
2026-10-02T22:20:46Z WARNING [1326/1846] 2a901255-a104-4e56-9db3-259c1bb66c7b: leaving unrecorded for a later run to retry.
2026-10-02T22:20:46Z WARNING 2a911392-7b61-41c4-a7cd-a2eebb50158b: failed while reading the ElectricalSeries rates (AttributeError: module 'spikeinterface.extractors' has no attribute 'NwbRecordingExtractor')
2026-10-02T22:20:46Z WARNING [1327/1846] 2a911392-7b61-41c4-a7cd-a2eebb50158b: leaving unrecorded for a later run to retry.
2026-10-02T22:20:46Z WARNING 2a91ad32-a2f0-4761-8082-8a2357e6b4ee: failed while reading the ElectricalSeries rates (AttributeError: module 'spikeinterface.extractors' has no attribute 'NwbRecordingExtractor')
2026-10-02T22:20:46Z WARNING [1328/1846] 2a91ad32-a2f0-4761-8082-8a2357e6b4ee: leaving unrecorded for a later run to retry.
2026-10-02T22:20:46Z WARNING 2a91b5d4-1b07-4bcb-9c07-23ed603f2521: failed while reading the ElectricalSeries rates (AttributeError: module 'spikeinterface.extractors' has no attribute 'NwbRecordingExtractor')
2026-10-02T22:20:46Z WARNING [1329/1846] 2a91b5d4-1b07-4bcb-9c07-23ed603f2521: leaving unrecorded for a later run to retry.
2026-10-02T22:20:46Z WARNING 2a927107-e2f7-4f2f-a068-736fd9160f12: failed while reading the ElectricalSeries rates (AttributeError: module 'spikeinterface.extractors' has no attribute 'NwbRecordingExtractor')
2026-10-02T22:20:46Z WARNING [1330/1846] 2a927107-e2f7-4f2f-a068-736fd9160f12: leaving unrecorded for a later run to retry.
2026-10-02T22:20:46Z WARNING 2a927f53-ae7d-4679-9b9f-da93dbffdd1d: failed while reading the ElectricalSeries rates (AttributeError: module 'spikeinterface.extractors' has no attribute 'NwbRecordingExtractor')
2026-10-02T22:20:46Z WARNING [1331/1846] 2a927f53-ae7d-4679-9b9f-da93dbffdd1d: leaving unrecorded for a later run to retry.
2026-10-02T22:20:46Z WARNING 2a93f1d8-83ea-4bea-9297-3b2e94c28710: failed while reading the ElectricalSeries rates (AttributeError: module 'spikeinterface.extractors' has no attribute 'NwbRecordingExtractor')
2026-10-02T22:20:46Z WARNING [1332/1846] 2a93f1d8-83ea-4bea-9297-3b2e94c28710: leaving unrecorded for a later run to retry.
2026-10-02T22:20:46Z WARNING 2a943818-5760-4714-8df4-7f65c751ec2e: failed while reading the ElectricalSeries rates (AttributeError: module 'spikeinterface.extractors' has no attribute 'NwbRecordingExtractor')
2026-10-02T22:20:46Z WARNING [1333/1846] 2a943818-5760-4714-8df4-7f65c751ec2e: leaving unrecorded for a later run to retry.
2026-10-02T22:20:46Z WARNING 2a97856a-c7b3-4085-a04b-1ec5d27b6155: failed while reading the ElectricalSeries rates (AttributeError: module 'spikeinterface.extractors' has no attribute 'NwbRecordingExtractor')
2026-10-02T22:20:46Z WARNING [1334/1846] 2a97856a-c7b3-4085-a04b-1ec5d27b6155: leaving unrecorded for a later run to retry.
2026-10-02T22:20:46Z WARNING 2a979d86-06c0-4b77-941f-c420899b6325: failed while reading the ElectricalSeries rates (AttributeError: module 'spikeinterface.extractors' has no attribute 'NwbRecordingExtractor')
2026-10-02T22:20:46Z WARNING [1335/1846] 2a979d86-06c0-4b77-941f-c420899b6325: leaving unrecorded for a later run to retry.
2026-10-02T22:20:46Z WARNING 2a9843b3-c6d5-4455-8b5a-ee14b63ce3b6: failed while reading the ElectricalSeries rates (AttributeError: module 'spikeinterface.extractors' has no attribute 'NwbRecordingExtractor')
2026-10-02T22:20:46Z WARNING [1336/1846] 2a9843b3-c6d5-4455-8b5a-ee14b63ce3b6: leaving unrecorded for a later run to retry.
2026-10-02T22:20:47Z WARNING 2a984ccb-1e61-453c-9e36-c0bb66c380a3: failed while reading the ElectricalSeries rates (AttributeError: module 'spikeinterface.extractors' has no attribute 'NwbRecordingExtractor')
2026-10-02T22:20:47Z WARNING [1337/1846] 2a984ccb-1e61-453c-9e36-c0bb66c380a3: leaving unrecorded for a later run to retry.
2026-10-02T22:20:47Z WARNING 2a98752d-ec13-4050-b1f1-b710b15bc7f6: failed while reading the ElectricalSeries rates (AttributeError: module 'spikeinterface.extractors' has no attribute 'NwbRecordingExtractor')
2026-10-02T22:20:47Z WARNING [1338/1846] 2a98752d-ec13-4050-b1f1-b710b15bc7f6: leaving unrecorded for a later run to retry.
2026-10-02T22:20:47Z WARNING 2a98a0d6-ad03-49e1-aa1f-0bee913255ec: failed while reading the ElectricalSeries rates (AttributeError: module 'spikeinterface.extractors' has no attribute 'NwbRecordingExtractor')
2026-10-02T22:20:47Z WARNING [1339/1846] 2a98a0d6-ad03-49e1-aa1f-0bee913255ec: leaving unrecorded for a later run to retry.
2026-10-02T22:20:47Z WARNING 2a98bf5c-6e5c-4d88-8648-8dfab86f42ef: failed while reading the ElectricalSeries rates (AttributeError: module 'spikeinterface.extractors' has no attribute 'NwbRecordingExtractor')
2026-10-02T22:20:47Z WARNING [1340/1846] 2a98bf5c-6e5c-4d88-8648-8dfab86f42ef: leaving unrecorded for a later run to retry.
2026-10-02T22:20:47Z WARNING 2a990679-a305-4080-9e85-34cde105af40: failed while reading the ElectricalSeries rates (AttributeError: module 'spikeinterface.extractors' has no attribute 'NwbRecordingExtractor')
2026-10-02T22:20:47Z WARNING [1341/1846] 2a990679-a305-4080-9e85-34cde105af40: leaving unrecorded for a later run to retry.
2026-10-02T22:20:47Z WARNING 2a99f518-b77c-4a43-846d-85a498cead43: failed while reading the ElectricalSeries rates (AttributeError: module 'spikeinterface.extractors' has no attribute 'NwbRecordingExtractor')
2026-10-02T22:20:47Z WARNING [1342/1846] 2a99f518-b77c-4a43-846d-85a498cead43: leaving unrecorded for a later run to retry.
2026-10-02T22:20:47Z WARNING 2a9a1f33-daf9-4949-862e-8b7e9ba7b813: failed while reading the ElectricalSeries rates (AttributeError: module 'spikeinterface.extractors' has no attribute 'NwbRecordingExtractor')
2026-10-02T22:20:47Z WARNING [1343/1846] 2a9a1f33-daf9-4949-862e-8b7e9ba7b813: leaving unrecorded for a later run to retry.
2026-10-02T22:20:47Z WARNING 2a9c17e0-9a2d-4035-b853-3f482eee45db: failed while reading the ElectricalSeries rates (AttributeError: module 'spikeinterface.extractors' has no attribute 'NwbRecordingExtractor')
2026-10-02T22:20:47Z WARNING [1344/1846] 2a9c17e0-9a2d-4035-b853-3f482eee45db: leaving unrecorded for a later run to retry.
2026-10-02T22:20:47Z WARNING 2a9c755d-12cf-44f9-b01a-5e1fc0a8f5ce: failed while reading the ElectricalSeries rates (AttributeError: module 'spikeinterface.extractors' has no attribute 'NwbRecordingExtractor')
2026-10-02T22:20:47Z WARNING [1345/1846] 2a9c755d-12cf-44f9-b01a-5e1fc0a8f5ce: leaving unrecorded for a later run to retry.
2026-10-02T22:20:47Z WARNING 2a9e0b9e-4f62-4cda-a274-974bf3e96e7f: failed while reading the ElectricalSeries rates (AttributeError: module 'spikeinterface.extractors' has no attribute 'NwbRecordingExtractor')
2026-10-02T22:20:47Z WARNING [1346/1846] 2a9e0b9e-4f62-4cda-a274-974bf3e96e7f: leaving unrecorded for a later run to retry.
2026-10-02T22:20:47Z WARNING 2a9e8105-0ed8-4477-a950-019915b4c9cc: failed while reading the ElectricalSeries rates (AttributeError: module 'spikeinterface.extractors' has no attribute 'NwbRecordingExtractor')
2026-10-02T22:20:47Z WARNING [1347/1846] 2a9e8105-0ed8-4477-a950-019915b4c9cc: leaving unrecorded for a later run to retry.
2026-10-02T22:20:47Z WARNING 2a9ec706-108a-4f12-8210-348c1bafcb99: failed while reading the ElectricalSeries rates (AttributeError: module 'spikeinterface.extractors' has no attribute 'NwbRecordingExtractor')
2026-10-02T22:20:47Z WARNING [1348/1846] 2a9ec706-108a-4f12-8210-348c1bafcb99: leaving unrecorded for a later run to retry.
2026-10-02T22:20:47Z WARNING 2a9ec990-28df-4e51-86bc-f5f2e6f3d85e: failed while reading the ElectricalSeries rates (AttributeError: module 'spikeinterface.extractors' has no attribute 'NwbRecordingExtractor')
2026-10-02T22:20:47Z WARNING [1349/1846] 2a9ec990-28df-4e51-86bc-f5f2e6f3d85e: leaving unrecorded for a later run to retry.
2026-10-02T22:20:47Z WARNING 2a9f90d5-e0b1-43cd-ba21-3ead06a91874: failed while reading the ElectricalSeries rates (AttributeError: module 'spikeinterface.extractors' has no attribute 'NwbRecordingExtractor')
2026-10-02T22:20:47Z WARNING [1350/1846] 2a9f90d5-e0b1-43cd-ba21-3ead06a91874: leaving unrecorded for a later run to retry.
2026-10-02T22:20:47Z INFO [1350/1846] 2a9f90d5-e0b1-43cd-ba21-3ead06a91874: checkpointed 60602 records.
2026-10-02T22:20:47Z WARNING 2aa0ef27-0e2c-4515-92e4-2a528e06114a: failed while reading the ElectricalSeries rates (AttributeError: module 'spikeinterface.extractors' has no attribute 'NwbRecordingExtractor')
2026-10-02T22:20:47Z WARNING [1351/1846] 2aa0ef27-0e2c-4515-92e4-2a528e06114a: leaving unrecorded for a later run to retry.
2026-10-02T22:20:47Z WARNING 2aa0fe3e-6fe1-400c-981e-49f78f72b755: failed while reading the ElectricalSeries rates (AttributeError: module 'spikeinterface.extractors' has no attribute 'NwbRecordingExtractor')
2026-10-02T22:20:47Z WARNING [1352/1846] 2aa0fe3e-6fe1-400c-981e-49f78f72b755: leaving unrecorded for a later run to retry.
2026-10-02T22:20:47Z WARNING 2aa10b9b-652e-4c5e-a72d-ddfe58222695: failed while reading the ElectricalSeries rates (AttributeError: module 'spikeinterface.extractors' has no attribute 'NwbRecordingExtractor')
2026-10-02T22:20:47Z WARNING [1353/1846] 2aa10b9b-652e-4c5e-a72d-ddfe58222695: leaving unrecorded for a later run to retry.
2026-10-02T22:20:47Z WARNING 2aa12237-f2ad-416d-b4e8-18b3ed51778c: failed while reading the ElectricalSeries rates (AttributeError: module 'spikeinterface.extractors' has no attribute 'NwbRecordingExtractor')
2026-10-02T22:20:47Z WARNING [1354/1846] 2aa12237-f2ad-416d-b4e8-18b3ed51778c: leaving unrecorded for a later run to retry.
2026-10-02T22:20:48Z WARNING 2aa1a756-ea3e-45c0-b577-98334cfd8a30: failed while reading the ElectricalSeries rates (AttributeError: module 'spikeinterface.extractors' has no attribute 'NwbRecordingExtractor')
2026-10-02T22:20:48Z WARNING [1355/1846] 2aa1a756-ea3e-45c0-b577-98334cfd8a30: leaving unrecorded for a later run to retry.
2026-10-02T22:20:48Z WARNING 2aa32274-ac7d-4b63-aee5-80fb2d104317: failed while reading the ElectricalSeries rates (AttributeError: module 'spikeinterface.extractors' has no attribute 'NwbRecordingExtractor')
2026-10-02T22:20:48Z WARNING [1356/1846] 2aa32274-ac7d-4b63-aee5-80fb2d104317: leaving unrecorded for a later run to retry.
2026-10-02T22:20:48Z WARNING 2aa49376-9a6d-41a4-b373-8ef64c068b60: failed while reading the ElectricalSeries rates (AttributeError: module 'spikeinterface.extractors' has no attribute 'NwbRecordingExtractor')
2026-10-02T22:20:48Z WARNING [1357/1846] 2aa49376-9a6d-41a4-b373-8ef64c068b60: leaving unrecorded for a later run to retry.
2026-10-02T22:20:48Z WARNING 2aa58719-9442-4eaf-a9d0-a8d3fd040eea: failed while reading the ElectricalSeries rates (AttributeError: module 'spikeinterface.extractors' has no attribute 'NwbRecordingExtractor')
2026-10-02T22:20:48Z WARNING [1358/1846] 2aa58719-9442-4eaf-a9d0-a8d3fd040eea: leaving unrecorded for a later run to retry.
2026-10-02T22:20:48Z WARNING 2aa5f092-f0ce-46eb-9519-5c45085cf0b0: failed while reading the ElectricalSeries rates (AttributeError: module 'spikeinterface.extractors' has no attribute 'NwbRecordingExtractor')
2026-10-02T22:20:48Z WARNING [1359/1846] 2aa5f092-f0ce-46eb-9519-5c45085cf0b0: leaving unrecorded for a later run to retry.
2026-10-02T22:20:48Z WARNING 2aa6a69e-5c7e-4c95-89cd-8210ed612093: failed while reading the ElectricalSeries rates (AttributeError: module 'spikeinterface.extractors' has no attribute 'NwbRecordingExtractor')
2026-10-02T22:20:48Z WARNING [1360/1846] 2aa6a69e-5c7e-4c95-89cd-8210ed612093: leaving unrecorded for a later run to retry.
2026-10-02T22:20:48Z WARNING 2aa6e8c4-b9bb-406e-8827-3fe60d458396: failed while reading the ElectricalSeries rates (AttributeError: module 'spikeinterface.extractors' has no attribute 'NwbRecordingExtractor')
2026-10-02T22:20:48Z WARNING [1361/1846] 2aa6e8c4-b9bb-406e-8827-3fe60d458396: leaving unrecorded for a later run to retry.
2026-10-02T22:20:48Z WARNING 2aa75235-9256-4e10-8ff1-bf1e6478f650: failed while reading the ElectricalSeries rates (AttributeError: module 'spikeinterface.extractors' has no attribute 'NwbRecordingExtractor')
2026-10-02T22:20:48Z WARNING [1362/1846] 2aa75235-9256-4e10-8ff1-bf1e6478f650: leaving unrecorded for a later run to retry.
2026-10-02T22:20:48Z WARNING 2aa814d5-6a94-4ac9-a76f-6fb91821f999: failed while reading the ElectricalSeries rates (AttributeError: module 'spikeinterface.extractors' has no attribute 'NwbRecordingExtractor')
2026-10-02T22:20:48Z WARNING [1363/1846] 2aa814d5-6a94-4ac9-a76f-6fb91821f999: leaving unrecorded for a later run to retry.
2026-10-02T22:20:48Z WARNING 2aa8913a-8afe-4754-9f37-f6c0586f7dc7: failed while reading the ElectricalSeries rates (AttributeError: module 'spikeinterface.extractors' has no attribute 'NwbRecordingExtractor')
2026-10-02T22:20:48Z WARNING [1364/1846] 2aa8913a-8afe-4754-9f37-f6c0586f7dc7: leaving unrecorded for a later run to retry.
2026-10-02T22:20:48Z WARNING 2aa9704c-5dd6-4696-91f2-d1a816570ad6: failed while reading the ElectricalSeries rates (AttributeError: module 'spikeinterface.extractors' has no attribute 'NwbRecordingExtractor')
2026-10-02T22:20:48Z WARNING [1365/1846] 2aa9704c-5dd6-4696-91f2-d1a816570ad6: leaving unrecorded for a later run to retry.
2026-10-02T22:20:48Z WARNING 2aa98d6e-19c1-4242-a058-34d6f41a81e0: failed while reading the ElectricalSeries rates (AttributeError: module 'spikeinterface.extractors' has no attribute 'NwbRecordingExtractor')
2026-10-02T22:20:48Z WARNING [1366/1846] 2aa98d6e-19c1-4242-a058-34d6f41a81e0: leaving unrecorded for a later run to retry.
2026-10-02T22:20:48Z WARNING 2aa9ea57-575d-4ed1-a297-d89cf900c276: failed while reading the ElectricalSeries rates (AttributeError: module 'spikeinterface.extractors' has no attribute 'NwbRecordingExtractor')
2026-10-02T22:20:48Z WARNING [1367/1846] 2aa9ea57-575d-4ed1-a297-d89cf900c276: leaving unrecorded for a later run to retry.
2026-10-02T22:20:48Z WARNING 2aaa3373-f31d-412f-807f-e57f2616917b: failed while reading the ElectricalSeries rates (AttributeError: module 'spikeinterface.extractors' has no attribute 'NwbRecordingExtractor')
2026-10-02T22:20:48Z WARNING [1368/1846] 2aaa3373-f31d-412f-807f-e57f2616917b: leaving unrecorded for a later run to retry.
2026-10-02T22:20:48Z WARNING 2aaaabd4-2d91-453b-8828-925fae4e5ea4: failed while reading the ElectricalSeries rates (AttributeError: module 'spikeinterface.extractors' has no attribute 'NwbRecordingExtractor')
2026-10-02T22:20:48Z WARNING [1369/1846] 2aaaabd4-2d91-453b-8828-925fae4e5ea4: leaving unrecorded for a later run to retry.
2026-10-02T22:20:48Z WARNING 2aaaad38-507a-4b9a-aec9-3c15616b088c: failed while reading the ElectricalSeries rates (AttributeError: module 'spikeinterface.extractors' has no attribute 'NwbRecordingExtractor')
2026-10-02T22:20:48Z WARNING [1370/1846] 2aaaad38-507a-4b9a-aec9-3c15616b088c: leaving unrecorded for a later run to retry.
2026-10-02T22:20:48Z WARNING 2aab56a0-a59a-46e7-99e9-e991c4367a97: failed while reading the ElectricalSeries rates (AttributeError: module 'spikeinterface.extractors' has no attribute 'NwbRecordingExtractor')
2026-10-02T22:20:48Z WARNING [1371/1846] 2aab56a0-a59a-46e7-99e9-e991c4367a97: leaving unrecorded for a later run to retry.
2026-10-02T22:20:48Z WARNING 2aab5819-ed08-4770-987d-5f5587911ede: failed while reading the ElectricalSeries rates (AttributeError: module 'spikeinterface.extractors' has no attribute 'NwbRecordingExtractor')
2026-10-02T22:20:48Z WARNING [1372/1846] 2aab5819-ed08-4770-987d-5f5587911ede: leaving unrecorded for a later run to retry.
2026-10-02T22:20:49Z WARNING 2aab7392-1976-43b8-957f-75e493d4ed35: failed while reading the ElectricalSeries rates (AttributeError: module 'spikeinterface.extractors' has no attribute 'NwbRecordingExtractor')
2026-10-02T22:20:49Z WARNING [1373/1846] 2aab7392-1976-43b8-957f-75e493d4ed35: leaving unrecorded for a later run to retry.
2026-10-02T22:20:49Z WARNING 2aabd3bf-3eac-47fa-8a47-bc406d678cd1: failed while reading the ElectricalSeries rates (AttributeError: module 'spikeinterface.extractors' has no attribute 'NwbRecordingExtractor')
2026-10-02T22:20:49Z WARNING [1374/1846] 2aabd3bf-3eac-47fa-8a47-bc406d678cd1: leaving unrecorded for a later run to retry.
2026-10-02T22:20:49Z WARNING 2aaf130f-633d-489f-8f71-ea021012a7a5: failed while reading the ElectricalSeries rates (AttributeError: module 'spikeinterface.extractors' has no attribute 'NwbRecordingExtractor')
2026-10-02T22:20:49Z WARNING [1375/1846] 2aaf130f-633d-489f-8f71-ea021012a7a5: leaving unrecorded for a later run to retry.
2026-10-02T22:20:49Z WARNING 2aaf968a-4656-4ba9-a3e5-a1df8054b999: failed while reading the ElectricalSeries rates (AttributeError: module 'spikeinterface.extractors' has no attribute 'NwbRecordingExtractor')
2026-10-02T22:20:49Z WARNING [1376/1846] 2aaf968a-4656-4ba9-a3e5-a1df8054b999: leaving unrecorded for a later run to retry.
2026-10-02T22:20:49Z WARNING 2ab126c2-28bb-477f-84d5-0ec66303fc21: failed while reading the ElectricalSeries rates (AttributeError: module 'spikeinterface.extractors' has no attribute 'NwbRecordingExtractor')
2026-10-02T22:20:49Z WARNING [1377/1846] 2ab126c2-28bb-477f-84d5-0ec66303fc21: leaving unrecorded for a later run to retry.
2026-10-02T22:20:49Z WARNING 2ab1634d-3150-4d42-8eb7-02a45070a4b4: failed while reading the ElectricalSeries rates (AttributeError: module 'spikeinterface.extractors' has no attribute 'NwbRecordingExtractor')
2026-10-02T22:20:49Z WARNING [1378/1846] 2ab1634d-3150-4d42-8eb7-02a45070a4b4: leaving unrecorded for a later run to retry.
2026-10-02T22:20:49Z WARNING 2ab274cc-8859-4de6-817d-5b7938bcbc28: failed while reading the ElectricalSeries rates (AttributeError: module 'spikeinterface.extractors' has no attribute 'NwbRecordingExtractor')
2026-10-02T22:20:49Z WARNING [1379/1846] 2ab274cc-8859-4de6-817d-5b7938bcbc28: leaving unrecorded for a later run to retry.
2026-10-02T22:20:49Z WARNING 2ab2f2cd-87aa-4320-a13c-65d6bb5d94f7: failed while reading the ElectricalSeries rates (AttributeError: module 'spikeinterface.extractors' has no attribute 'NwbRecordingExtractor')
2026-10-02T22:20:49Z WARNING [1380/1846] 2ab2f2cd-87aa-4320-a13c-65d6bb5d94f7: leaving unrecorded for a later run to retry.
2026-10-02T22:20:49Z WARNING 2ab41623-817f-4733-9001-1c30ab178cf6: failed while reading the ElectricalSeries rates (AttributeError: module 'spikeinterface.extractors' has no attribute 'NwbRecordingExtractor')
2026-10-02T22:20:49Z WARNING [1381/1846] 2ab41623-817f-4733-9001-1c30ab178cf6: leaving unrecorded for a later run to retry.
2026-10-02T22:20:49Z WARNING 2ab458eb-71a7-4ac3-9a03-a833b2ec5d13: failed while reading the ElectricalSeries rates (AttributeError: module 'spikeinterface.extractors' has no attribute 'NwbRecordingExtractor')
2026-10-02T22:20:49Z WARNING [1382/1846] 2ab458eb-71a7-4ac3-9a03-a833b2ec5d13: leaving unrecorded for a later run to retry.
2026-10-02T22:20:49Z WARNING 2ab463bd-6090-418a-8104-57ec8f3660d7: failed while reading the ElectricalSeries rates (AttributeError: module 'spikeinterface.extractors' has no attribute 'NwbRecordingExtractor')
2026-10-02T22:20:49Z WARNING [1383/1846] 2ab463bd-6090-418a-8104-57ec8f3660d7: leaving unrecorded for a later run to retry.
2026-10-02T22:20:49Z WARNING 2ab57e6b-401c-46a2-9f4c-36b9eed22edf: failed while reading the ElectricalSeries rates (AttributeError: module 'spikeinterface.extractors' has no attribute 'NwbRecordingExtractor')
2026-10-02T22:20:49Z WARNING [1384/1846] 2ab57e6b-401c-46a2-9f4c-36b9eed22edf: leaving unrecorded for a later run to retry.
2026-10-02T22:20:49Z WARNING 2ab5801c-0318-4fcf-955b-7750f98a5e59: failed while reading the ElectricalSeries rates (AttributeError: module 'spikeinterface.extractors' has no attribute 'NwbRecordingExtractor')
2026-10-02T22:20:49Z WARNING [1385/1846] 2ab5801c-0318-4fcf-955b-7750f98a5e59: leaving unrecorded for a later run to retry.
2026-10-02T22:20:49Z WARNING 2ab6792b-d80d-4c7a-af8d-a7fe8f5e593d: failed while reading the ElectricalSeries rates (AttributeError: module 'spikeinterface.extractors' has no attribute 'NwbRecordingExtractor')
2026-10-02T22:20:49Z WARNING [1386/1846] 2ab6792b-d80d-4c7a-af8d-a7fe8f5e593d: leaving unrecorded for a later run to retry.
2026-10-02T22:20:49Z WARNING 2ab6ad8f-8d1c-49ef-891c-a98b0528465a: failed while reading the ElectricalSeries rates (AttributeError: module 'spikeinterface.extractors' has no attribute 'NwbRecordingExtractor')
2026-10-02T22:20:49Z WARNING [1387/1846] 2ab6ad8f-8d1c-49ef-891c-a98b0528465a: leaving unrecorded for a later run to retry.
2026-10-02T22:20:49Z WARNING 2ab6f1d4-2f16-498c-ac33-bd42dbe53736: failed while reading the ElectricalSeries rates (AttributeError: module 'spikeinterface.extractors' has no attribute 'NwbRecordingExtractor')
2026-10-02T22:20:49Z WARNING [1388/1846] 2ab6f1d4-2f16-498c-ac33-bd42dbe53736: leaving unrecorded for a later run to retry.
2026-10-02T22:20:49Z WARNING 2ab71a9b-6d5d-46a1-960a-068119a6259a: failed while reading the ElectricalSeries rates (AttributeError: module 'spikeinterface.extractors' has no attribute 'NwbRecordingExtractor')
2026-10-02T22:20:49Z WARNING [1389/1846] 2ab71a9b-6d5d-46a1-960a-068119a6259a: leaving unrecorded for a later run to retry.
2026-10-02T22:20:49Z WARNING 2ab75421-2370-4166-9a79-c6a6179022cb: failed while reading the ElectricalSeries rates (AttributeError: module 'spikeinterface.extractors' has no attribute 'NwbRecordingExtractor')
2026-10-02T22:20:49Z WARNING [1390/1846] 2ab75421-2370-4166-9a79-c6a6179022cb: leaving unrecorded for a later run to retry.
2026-10-02T22:20:49Z WARNING 2ab75d17-d697-4659-a27d-4c7d139a1f52: failed while reading the ElectricalSeries rates (AttributeError: module 'spikeinterface.extractors' has no attribute 'NwbRecordingExtractor')
2026-10-02T22:20:49Z WARNING [1391/1846] 2ab75d17-d697-4659-a27d-4c7d139a1f52: leaving unrecorded for a later run to retry.
2026-10-02T22:20:50Z WARNING 2ab7b1e7-b980-4131-a3a5-7f7e94ac0941: failed while reading the ElectricalSeries rates (AttributeError: module 'spikeinterface.extractors' has no attribute 'NwbRecordingExtractor')
2026-10-02T22:20:50Z WARNING [1392/1846] 2ab7b1e7-b980-4131-a3a5-7f7e94ac0941: leaving unrecorded for a later run to retry.
2026-10-02T22:20:50Z WARNING 2ab7c10d-729a-4239-a812-460e47ae1a46: failed while reading the ElectricalSeries rates (AttributeError: module 'spikeinterface.extractors' has no attribute 'NwbRecordingExtractor')
2026-10-02T22:20:50Z WARNING [1393/1846] 2ab7c10d-729a-4239-a812-460e47ae1a46: leaving unrecorded for a later run to retry.
2026-10-02T22:20:50Z WARNING 2ab83562-eef9-4c74-b371-a8cf60ea00f9: failed while reading the ElectricalSeries rates (AttributeError: module 'spikeinterface.extractors' has no attribute 'NwbRecordingExtractor')
2026-10-02T22:20:50Z WARNING [1394/1846] 2ab83562-eef9-4c74-b371-a8cf60ea00f9: leaving unrecorded for a later run to retry.
2026-10-02T22:20:50Z WARNING 2ab9a82f-f26a-44fc-a8d8-7a3cf662e586: failed while reading the ElectricalSeries rates (AttributeError: module 'spikeinterface.extractors' has no attribute 'NwbRecordingExtractor')
2026-10-02T22:20:50Z WARNING [1395/1846] 2ab9a82f-f26a-44fc-a8d8-7a3cf662e586: leaving unrecorded for a later run to retry.
2026-10-02T22:20:50Z WARNING 2aba2e64-0377-43e1-99d4-2da3ceafd37b: failed while reading the ElectricalSeries rates (AttributeError: module 'spikeinterface.extractors' has no attribute 'NwbRecordingExtractor')
2026-10-02T22:20:50Z WARNING [1396/1846] 2aba2e64-0377-43e1-99d4-2da3ceafd37b: leaving unrecorded for a later run to retry.
2026-10-02T22:20:50Z WARNING 2abac972-8088-447b-9e4e-df61cd08e206: failed while reading the ElectricalSeries rates (AttributeError: module 'spikeinterface.extractors' has no attribute 'NwbRecordingExtractor')
2026-10-02T22:20:50Z WARNING [1397/1846] 2abac972-8088-447b-9e4e-df61cd08e206: leaving unrecorded for a later run to retry.
2026-10-02T22:20:50Z WARNING 2abb6556-ed46-4b28-af20-5a8990a5d2cb: failed while reading the ElectricalSeries rates (AttributeError: module 'spikeinterface.extractors' has no attribute 'NwbRecordingExtractor')
2026-10-02T22:20:50Z WARNING [1398/1846] 2abb6556-ed46-4b28-af20-5a8990a5d2cb: leaving unrecorded for a later run to retry.
2026-10-02T22:20:50Z WARNING 2abbe5e9-5c2f-4211-be76-bc7b1912828e: failed while reading the ElectricalSeries rates (AttributeError: module 'spikeinterface.extractors' has no attribute 'NwbRecordingExtractor')
2026-10-02T22:20:50Z WARNING [1399/1846] 2abbe5e9-5c2f-4211-be76-bc7b1912828e: leaving unrecorded for a later run to retry.
2026-10-02T22:20:50Z WARNING 2abc09cf-5c2f-4371-881a-448e56e287df: failed while reading the ElectricalSeries rates (AttributeError: module 'spikeinterface.extractors' has no attribute 'NwbRecordingExtractor')
2026-10-02T22:20:50Z WARNING [1400/1846] 2abc09cf-5c2f-4371-881a-448e56e287df: leaving unrecorded for a later run to retry.
2026-10-02T22:20:50Z INFO [1400/1846] 2abc09cf-5c2f-4371-881a-448e56e287df: checkpointed 60602 records.
2026-10-02T22:20:50Z WARNING 2abc5920-5450-41b8-91fd-e1ab1c0e05db: failed while reading the ElectricalSeries rates (AttributeError: module 'spikeinterface.extractors' has no attribute 'NwbRecordingExtractor')
2026-10-02T22:20:50Z WARNING [1401/1846] 2abc5920-5450-41b8-91fd-e1ab1c0e05db: leaving unrecorded for a later run to retry.
2026-10-02T22:20:50Z WARNING 2abc6e36-1c05-4c9e-ac88-3b6d7588661b: failed while reading the ElectricalSeries rates (AttributeError: module 'spikeinterface.extractors' has no attribute 'NwbRecordingExtractor')
2026-10-02T22:20:50Z WARNING [1402/1846] 2abc6e36-1c05-4c9e-ac88-3b6d7588661b: leaving unrecorded for a later run to retry.
2026-10-02T22:20:50Z WARNING 2abdacb2-e685-4950-9bdc-de479923a65a: failed while reading the ElectricalSeries rates (AttributeError: module 'spikeinterface.extractors' has no attribute 'NwbRecordingExtractor')
2026-10-02T22:20:50Z WARNING [1403/1846] 2abdacb2-e685-4950-9bdc-de479923a65a: leaving unrecorded for a later run to retry.
2026-10-02T22:20:50Z WARNING 2abdc2ad-db68-41aa-8551-f95b63c9fbd4: failed while reading the ElectricalSeries rates (AttributeError: module 'spikeinterface.extractors' has no attribute 'NwbRecordingExtractor')
2026-10-02T22:20:50Z WARNING [1404/1846] 2abdc2ad-db68-41aa-8551-f95b63c9fbd4: leaving unrecorded for a later run to retry.
2026-10-02T22:20:50Z WARNING 2abdc94b-47c8-4ff2-ab29-34cd8d9403a0: failed while reading the ElectricalSeries rates (AttributeError: module 'spikeinterface.extractors' has no attribute 'NwbRecordingExtractor')
2026-10-02T22:20:50Z WARNING [1405/1846] 2abdc94b-47c8-4ff2-ab29-34cd8d9403a0: leaving unrecorded for a later run to retry.
2026-10-02T22:20:50Z WARNING 2abe309b-ee8e-4a87-9b25-9b865facaf16: failed while reading the ElectricalSeries rates (AttributeError: module 'spikeinterface.extractors' has no attribute 'NwbRecordingExtractor')
2026-10-02T22:20:50Z WARNING [1406/1846] 2abe309b-ee8e-4a87-9b25-9b865facaf16: leaving unrecorded for a later run to retry.
2026-10-02T22:20:50Z WARNING 2abf263d-30b5-4f33-8c8a-b7741edb79e6: failed while reading the ElectricalSeries rates (AttributeError: module 'spikeinterface.extractors' has no attribute 'NwbRecordingExtractor')
2026-10-02T22:20:50Z WARNING [1407/1846] 2abf263d-30b5-4f33-8c8a-b7741edb79e6: leaving unrecorded for a later run to retry.
2026-10-02T22:20:50Z WARNING 2abf7c71-d0a2-4c4a-a68e-82d0bc8bd2a3: failed while reading the ElectricalSeries rates (AttributeError: module 'spikeinterface.extractors' has no attribute 'NwbRecordingExtractor')
2026-10-02T22:20:50Z WARNING [1408/1846] 2abf7c71-d0a2-4c4a-a68e-82d0bc8bd2a3: leaving unrecorded for a later run to retry.
2026-10-02T22:20:50Z WARNING 2abf8db8-28c0-47fb-b347-f58c77f8ce8b: failed while reading the ElectricalSeries rates (AttributeError: module 'spikeinterface.extractors' has no attribute 'NwbRecordingExtractor')
2026-10-02T22:20:50Z WARNING [1409/1846] 2abf8db8-28c0-47fb-b347-f58c77f8ce8b: leaving unrecorded for a later run to retry.
2026-10-02T22:20:51Z WARNING 2ac0311e-5673-4bd1-8012-dd66a1aeb2cc: failed while reading the ElectricalSeries rates (AttributeError: module 'spikeinterface.extractors' has no attribute 'NwbRecordingExtractor')
2026-10-02T22:20:51Z WARNING [1410/1846] 2ac0311e-5673-4bd1-8012-dd66a1aeb2cc: leaving unrecorded for a later run to retry.
2026-10-02T22:20:51Z WARNING 2ac0c222-69c9-4478-b794-5f3c27e392fe: failed while reading the ElectricalSeries rates (AttributeError: module 'spikeinterface.extractors' has no attribute 'NwbRecordingExtractor')
2026-10-02T22:20:51Z WARNING [1411/1846] 2ac0c222-69c9-4478-b794-5f3c27e392fe: leaving unrecorded for a later run to retry.
2026-10-02T22:20:51Z WARNING 2ac1698b-e56c-4c0d-acea-89be0f7823b6: failed while reading the ElectricalSeries rates (AttributeError: module 'spikeinterface.extractors' has no attribute 'NwbRecordingExtractor')
2026-10-02T22:20:51Z WARNING [1412/1846] 2ac1698b-e56c-4c0d-acea-89be0f7823b6: leaving unrecorded for a later run to retry.
2026-10-02T22:20:51Z WARNING 2ac180f0-b09c-47e9-a5fa-c1756457170f: failed while reading the ElectricalSeries rates (AttributeError: module 'spikeinterface.extractors' has no attribute 'NwbRecordingExtractor')
2026-10-02T22:20:51Z WARNING [1413/1846] 2ac180f0-b09c-47e9-a5fa-c1756457170f: leaving unrecorded for a later run to retry.
2026-10-02T22:20:51Z WARNING 2ac19d6d-0430-4983-aac8-c847a8259988: failed while reading the ElectricalSeries rates (AttributeError: module 'spikeinterface.extractors' has no attribute 'NwbRecordingExtractor')
2026-10-02T22:20:51Z WARNING [1414/1846] 2ac19d6d-0430-4983-aac8-c847a8259988: leaving unrecorded for a later run to retry.
2026-10-02T22:20:51Z WARNING 2ac354d2-04d8-45c7-b983-ce1976f14901: failed while reading the ElectricalSeries rates (AttributeError: module 'spikeinterface.extractors' has no attribute 'NwbRecordingExtractor')
2026-10-02T22:20:51Z WARNING [1415/1846] 2ac354d2-04d8-45c7-b983-ce1976f14901: leaving unrecorded for a later run to retry.
2026-10-02T22:20:51Z WARNING 2ac6b807-6bee-4a17-a8eb-197511572cdb: failed while reading the ElectricalSeries rates (AttributeError: module 'spikeinterface.extractors' has no attribute 'NwbRecordingExtractor')
2026-10-02T22:20:51Z WARNING [1416/1846] 2ac6b807-6bee-4a17-a8eb-197511572cdb: leaving unrecorded for a later run to retry.
2026-10-02T22:20:51Z WARNING 2ac6d1b2-fb3c-4636-ab65-ff3394c332c7: failed while reading the ElectricalSeries rates (AttributeError: module 'spikeinterface.extractors' has no attribute 'NwbRecordingExtractor')
2026-10-02T22:20:51Z WARNING [1417/1846] 2ac6d1b2-fb3c-4636-ab65-ff3394c332c7: leaving unrecorded for a later run to retry.
2026-10-02T22:20:51Z WARNING 2ac6e261-7159-4675-a938-7de71bf6f683: failed while reading the ElectricalSeries rates (AttributeError: module 'spikeinterface.extractors' has no attribute 'NwbRecordingExtractor')
2026-10-02T22:20:51Z WARNING [1418/1846] 2ac6e261-7159-4675-a938-7de71bf6f683: leaving unrecorded for a later run to retry.
2026-10-02T22:20:51Z WARNING 2ac71bda-2472-484a-ab08-52b32ec5f2b1: failed while reading the ElectricalSeries rates (AttributeError: module 'spikeinterface.extractors' has no attribute 'NwbRecordingExtractor')
2026-10-02T22:20:51Z WARNING [1419/1846] 2ac71bda-2472-484a-ab08-52b32ec5f2b1: leaving unrecorded for a later run to retry.
2026-10-02T22:20:51Z WARNING 2ac764dc-06bb-423f-b353-8a2bbcc41e49: failed while reading the ElectricalSeries rates (AttributeError: module 'spikeinterface.extractors' has no attribute 'NwbRecordingExtractor')
2026-10-02T22:20:51Z WARNING [1420/1846] 2ac764dc-06bb-423f-b353-8a2bbcc41e49: leaving unrecorded for a later run to retry.
2026-10-02T22:20:51Z WARNING 2ac87bb1-a1c7-4077-96ea-430b2db8581f: failed while reading the ElectricalSeries rates (AttributeError: module 'spikeinterface.extractors' has no attribute 'NwbRecordingExtractor')
2026-10-02T22:20:51Z WARNING [1421/1846] 2ac87bb1-a1c7-4077-96ea-430b2db8581f: leaving unrecorded for a later run to retry.
2026-10-02T22:20:51Z WARNING 2ac88648-f239-488b-a5b4-3675d7b8f9b0: failed while reading the ElectricalSeries rates (AttributeError: module 'spikeinterface.extractors' has no attribute 'NwbRecordingExtractor')
2026-10-02T22:20:51Z WARNING [1422/1846] 2ac88648-f239-488b-a5b4-3675d7b8f9b0: leaving unrecorded for a later run to retry.
2026-10-02T22:20:51Z WARNING 2ac95f77-7b67-44a2-93da-c012f019e114: failed while reading the ElectricalSeries rates (AttributeError: module 'spikeinterface.extractors' has no attribute 'NwbRecordingExtractor')
2026-10-02T22:20:51Z WARNING [1423/1846] 2ac95f77-7b67-44a2-93da-c012f019e114: leaving unrecorded for a later run to retry.
2026-10-02T22:20:51Z WARNING 2ac982a5-38cd-4ea7-8ff8-a73d2e81b886: failed while reading the ElectricalSeries rates (AttributeError: module 'spikeinterface.extractors' has no attribute 'NwbRecordingExtractor')
2026-10-02T22:20:51Z WARNING [1424/1846] 2ac982a5-38cd-4ea7-8ff8-a73d2e81b886: leaving unrecorded for a later run to retry.
2026-10-02T22:20:51Z WARNING 2ac9c739-e1d6-4c63-b0c3-384085d68178: failed while reading the ElectricalSeries rates (AttributeError: module 'spikeinterface.extractors' has no attribute 'NwbRecordingExtractor')
2026-10-02T22:20:51Z WARNING [1425/1846] 2ac9c739-e1d6-4c63-b0c3-384085d68178: leaving unrecorded for a later run to retry.
2026-10-02T22:20:51Z WARNING 2aca7a82-39c2-4dbc-8732-d4d7234db3db: failed while reading the ElectricalSeries rates (AttributeError: module 'spikeinterface.extractors' has no attribute 'NwbRecordingExtractor')
2026-10-02T22:20:51Z WARNING [1426/1846] 2aca7a82-39c2-4dbc-8732-d4d7234db3db: leaving unrecorded for a later run to retry.
2026-10-02T22:20:52Z WARNING 2acba6d9-d77c-4de4-80c1-1aa8ceccc684: failed while reading the ElectricalSeries rates (AttributeError: module 'spikeinterface.extractors' has no attribute 'NwbRecordingExtractor')
2026-10-02T22:20:52Z WARNING [1427/1846] 2acba6d9-d77c-4de4-80c1-1aa8ceccc684: leaving unrecorded for a later run to retry.
2026-10-02T22:20:52Z WARNING 2acc7f1e-aa27-4140-911a-90444ebbdea6: failed while reading the ElectricalSeries rates (AttributeError: module 'spikeinterface.extractors' has no attribute 'NwbRecordingExtractor')
2026-10-02T22:20:52Z WARNING [1428/1846] 2acc7f1e-aa27-4140-911a-90444ebbdea6: leaving unrecorded for a later run to retry.
2026-10-02T22:20:52Z WARNING 2acceb47-c7a9-40f2-9785-b55943269312: failed while reading the ElectricalSeries rates (AttributeError: module 'spikeinterface.extractors' has no attribute 'NwbRecordingExtractor')
2026-10-02T22:20:52Z WARNING [1429/1846] 2acceb47-c7a9-40f2-9785-b55943269312: leaving unrecorded for a later run to retry.
2026-10-02T22:20:52Z WARNING 2acd8a2d-da13-40e1-af0a-e0a572a5851f: failed while reading the ElectricalSeries rates (AttributeError: module 'spikeinterface.extractors' has no attribute 'NwbRecordingExtractor')
2026-10-02T22:20:52Z WARNING [1430/1846] 2acd8a2d-da13-40e1-af0a-e0a572a5851f: leaving unrecorded for a later run to retry.
2026-10-02T22:20:52Z WARNING 2ace5a5d-c49a-4cf1-ade9-7a1de1aab8b0: failed while reading the ElectricalSeries rates (AttributeError: module 'spikeinterface.extractors' has no attribute 'NwbRecordingExtractor')
2026-10-02T22:20:52Z WARNING [1431/1846] 2ace5a5d-c49a-4cf1-ade9-7a1de1aab8b0: leaving unrecorded for a later run to retry.
2026-10-02T22:20:52Z WARNING 2acf37ec-8550-4323-8acd-8962b5a77761: failed while reading the ElectricalSeries rates (AttributeError: module 'spikeinterface.extractors' has no attribute 'NwbRecordingExtractor')
2026-10-02T22:20:52Z WARNING [1432/1846] 2acf37ec-8550-4323-8acd-8962b5a77761: leaving unrecorded for a later run to retry.
2026-10-02T22:20:52Z WARNING 2acf86db-28f6-46a5-81cd-3b859ce31fbd: failed while reading the ElectricalSeries rates (AttributeError: module 'spikeinterface.extractors' has no attribute 'NwbRecordingExtractor')
2026-10-02T22:20:52Z WARNING [1433/1846] 2acf86db-28f6-46a5-81cd-3b859ce31fbd: leaving unrecorded for a later run to retry.
2026-10-02T22:20:52Z WARNING 2acfffe7-51f2-42e6-85dc-ebccb48fecef: failed while reading the ElectricalSeries rates (AttributeError: module 'spikeinterface.extractors' has no attribute 'NwbRecordingExtractor')
2026-10-02T22:20:52Z WARNING [1434/1846] 2acfffe7-51f2-42e6-85dc-ebccb48fecef: leaving unrecorded for a later run to retry.
2026-10-02T22:20:52Z WARNING 2ad0e89d-406b-4224-9869-d58887a275b6: failed while reading the ElectricalSeries rates (AttributeError: module 'spikeinterface.extractors' has no attribute 'NwbRecordingExtractor')
2026-10-02T22:20:52Z WARNING [1435/1846] 2ad0e89d-406b-4224-9869-d58887a275b6: leaving unrecorded for a later run to retry.
2026-10-02T22:20:52Z WARNING 2ad22213-c28f-4341-b202-53615aeebe67: failed while reading the ElectricalSeries rates (AttributeError: module 'spikeinterface.extractors' has no attribute 'NwbRecordingExtractor')
2026-10-02T22:20:52Z WARNING [1436/1846] 2ad22213-c28f-4341-b202-53615aeebe67: leaving unrecorded for a later run to retry.
2026-10-02T22:20:52Z WARNING 2ad24848-ff4c-4088-93ad-4d2ffb33c280: failed while reading the ElectricalSeries rates (AttributeError: module 'spikeinterface.extractors' has no attribute 'NwbRecordingExtractor')
2026-10-02T22:20:52Z WARNING [1437/1846] 2ad24848-ff4c-4088-93ad-4d2ffb33c280: leaving unrecorded for a later run to retry.
2026-10-02T22:20:52Z WARNING 2ad2a871-8f4e-49bc-b3d2-674d5cc5628c: failed while reading the ElectricalSeries rates (AttributeError: module 'spikeinterface.extractors' has no attribute 'NwbRecordingExtractor')
2026-10-02T22:20:52Z WARNING [1438/1846] 2ad2a871-8f4e-49bc-b3d2-674d5cc5628c: leaving unrecorded for a later run to retry.
2026-10-02T22:20:52Z WARNING 2ad368dc-a2ce-4d8b-8376-b9ba8417f81e: failed while reading the ElectricalSeries rates (AttributeError: module 'spikeinterface.extractors' has no attribute 'NwbRecordingExtractor')
2026-10-02T22:20:52Z WARNING [1439/1846] 2ad368dc-a2ce-4d8b-8376-b9ba8417f81e: leaving unrecorded for a later run to retry.
2026-10-02T22:20:52Z WARNING 2ad47ef5-8340-47d7-afdb-96d453b313c9: failed while reading the ElectricalSeries rates (AttributeError: module 'spikeinterface.extractors' has no attribute 'NwbRecordingExtractor')
2026-10-02T22:20:52Z WARNING [1440/1846] 2ad47ef5-8340-47d7-afdb-96d453b313c9: leaving unrecorded for a later run to retry.
2026-10-02T22:20:52Z WARNING 2ad50053-cb17-482e-a706-08ec285d776b: failed while reading the ElectricalSeries rates (AttributeError: module 'spikeinterface.extractors' has no attribute 'NwbRecordingExtractor')
2026-10-02T22:20:52Z WARNING [1441/1846] 2ad50053-cb17-482e-a706-08ec285d776b: leaving unrecorded for a later run to retry.
2026-10-02T22:20:52Z WARNING 2ad5b0f8-cb94-48c2-8e60-0f6b8f9f95be: failed while reading the ElectricalSeries rates (AttributeError: module 'spikeinterface.extractors' has no attribute 'NwbRecordingExtractor')
2026-10-02T22:20:52Z WARNING [1442/1846] 2ad5b0f8-cb94-48c2-8e60-0f6b8f9f95be: leaving unrecorded for a later run to retry.
2026-10-02T22:20:52Z WARNING 2ad5bbef-9af3-40e3-a54a-6cae6a96b196: failed while reading the ElectricalSeries rates (AttributeError: module 'spikeinterface.extractors' has no attribute 'NwbRecordingExtractor')
2026-10-02T22:20:52Z WARNING [1443/1846] 2ad5bbef-9af3-40e3-a54a-6cae6a96b196: leaving unrecorded for a later run to retry.
2026-10-02T22:20:52Z WARNING 2ad5f382-9558-4d1e-9307-5e14b5479f30: failed while reading the ElectricalSeries rates (AttributeError: module 'spikeinterface.extractors' has no attribute 'NwbRecordingExtractor')
2026-10-02T22:20:52Z WARNING [1444/1846] 2ad5f382-9558-4d1e-9307-5e14b5479f30: leaving unrecorded for a later run to retry.
2026-10-02T22:20:53Z WARNING 2ad676c4-658c-4d53-997c-4ca4be11d35f: failed while reading the ElectricalSeries rates (AttributeError: module 'spikeinterface.extractors' has no attribute 'NwbRecordingExtractor')
2026-10-02T22:20:53Z WARNING [1445/1846] 2ad676c4-658c-4d53-997c-4ca4be11d35f: leaving unrecorded for a later run to retry.
2026-10-02T22:20:53Z WARNING 2ad79f54-0078-4467-b36d-fe5a6b3a9f01: failed while reading the ElectricalSeries rates (AttributeError: module 'spikeinterface.extractors' has no attribute 'NwbRecordingExtractor')
2026-10-02T22:20:53Z WARNING [1446/1846] 2ad79f54-0078-4467-b36d-fe5a6b3a9f01: leaving unrecorded for a later run to retry.
2026-10-02T22:20:53Z WARNING 2ad9600a-f9f2-48d8-9125-59e7c0fcc47a: failed while reading the ElectricalSeries rates (AttributeError: module 'spikeinterface.extractors' has no attribute 'NwbRecordingExtractor')
2026-10-02T22:20:53Z WARNING [1447/1846] 2ad9600a-f9f2-48d8-9125-59e7c0fcc47a: leaving unrecorded for a later run to retry.
2026-10-02T22:20:53Z WARNING 2adac8fd-c87c-4b85-99b5-2cb17f5da972: failed while reading the ElectricalSeries rates (AttributeError: module 'spikeinterface.extractors' has no attribute 'NwbRecordingExtractor')
2026-10-02T22:20:53Z WARNING [1448/1846] 2adac8fd-c87c-4b85-99b5-2cb17f5da972: leaving unrecorded for a later run to retry.
2026-10-02T22:20:53Z WARNING 2adaee85-dc29-4689-a333-00b363959d27: failed while reading the ElectricalSeries rates (AttributeError: module 'spikeinterface.extractors' has no attribute 'NwbRecordingExtractor')
2026-10-02T22:20:53Z WARNING [1449/1846] 2adaee85-dc29-4689-a333-00b363959d27: leaving unrecorded for a later run to retry.
2026-10-02T22:20:53Z WARNING 2adb1612-5079-4cb1-9e77-bae3662c9c35: failed while reading the ElectricalSeries rates (AttributeError: module 'spikeinterface.extractors' has no attribute 'NwbRecordingExtractor')
2026-10-02T22:20:53Z WARNING [1450/1846] 2adb1612-5079-4cb1-9e77-bae3662c9c35: leaving unrecorded for a later run to retry.
2026-10-02T22:20:53Z INFO [1450/1846] 2adb1612-5079-4cb1-9e77-bae3662c9c35: checkpointed 60602 records.
2026-10-02T22:20:53Z WARNING 2adb930e-a42d-45d5-88f9-d5d4184162c5: failed while reading the ElectricalSeries rates (AttributeError: module 'spikeinterface.extractors' has no attribute 'NwbRecordingExtractor')
2026-10-02T22:20:53Z WARNING [1451/1846] 2adb930e-a42d-45d5-88f9-d5d4184162c5: leaving unrecorded for a later run to retry.
2026-10-02T22:20:53Z WARNING 2adc1510-5938-43f5-8e70-e4f9e1652836: failed while reading the ElectricalSeries rates (AttributeError: module 'spikeinterface.extractors' has no attribute 'NwbRecordingExtractor')
2026-10-02T22:20:53Z WARNING [1452/1846] 2adc1510-5938-43f5-8e70-e4f9e1652836: leaving unrecorded for a later run to retry.
2026-10-02T22:20:53Z WARNING 2adc7546-7e14-4761-8ad7-10dc0b16ea71: failed while reading the ElectricalSeries rates (AttributeError: module 'spikeinterface.extractors' has no attribute 'NwbRecordingExtractor')
2026-10-02T22:20:53Z WARNING [1453/1846] 2adc7546-7e14-4761-8ad7-10dc0b16ea71: leaving unrecorded for a later run to retry.
2026-10-02T22:20:53Z WARNING 2add2569-f606-49b2-8da1-45aa4215c513: failed while reading the ElectricalSeries rates (AttributeError: module 'spikeinterface.extractors' has no attribute 'NwbRecordingExtractor')
2026-10-02T22:20:53Z WARNING [1454/1846] 2add2569-f606-49b2-8da1-45aa4215c513: leaving unrecorded for a later run to retry.
2026-10-02T22:20:53Z WARNING 2ade0508-0d6f-4cba-836b-8b833aee7416: failed while reading the ElectricalSeries rates (AttributeError: module 'spikeinterface.extractors' has no attribute 'NwbRecordingExtractor')
2026-10-02T22:20:53Z WARNING [1455/1846] 2ade0508-0d6f-4cba-836b-8b833aee7416: leaving unrecorded for a later run to retry.
2026-10-02T22:20:53Z WARNING 2ade5d71-bf4a-4d89-bbf9-bcf60392921b: failed while reading the ElectricalSeries rates (AttributeError: module 'spikeinterface.extractors' has no attribute 'NwbRecordingExtractor')
2026-10-02T22:20:53Z WARNING [1456/1846] 2ade5d71-bf4a-4d89-bbf9-bcf60392921b: leaving unrecorded for a later run to retry.
2026-10-02T22:20:53Z WARNING 2adec66a-5b6d-4ab1-a9fd-9f76e44d233b: failed while reading the ElectricalSeries rates (AttributeError: module 'spikeinterface.extractors' has no attribute 'NwbRecordingExtractor')
2026-10-02T22:20:53Z WARNING [1457/1846] 2adec66a-5b6d-4ab1-a9fd-9f76e44d233b: leaving unrecorded for a later run to retry.
2026-10-02T22:20:53Z WARNING 2adf6ff5-fb5f-44cb-9b56-29282c231c2b: failed while reading the ElectricalSeries rates (AttributeError: module 'spikeinterface.extractors' has no attribute 'NwbRecordingExtractor')
2026-10-02T22:20:53Z WARNING [1458/1846] 2adf6ff5-fb5f-44cb-9b56-29282c231c2b: leaving unrecorded for a later run to retry.
2026-10-02T22:20:53Z WARNING 2adfc98f-e5aa-4ea9-93de-5e5bf4baab6c: failed while reading the ElectricalSeries rates (AttributeError: module 'spikeinterface.extractors' has no attribute 'NwbRecordingExtractor')
2026-10-02T22:20:53Z WARNING [1459/1846] 2adfc98f-e5aa-4ea9-93de-5e5bf4baab6c: leaving unrecorded for a later run to retry.
2026-10-02T22:20:53Z WARNING 2ae0d935-6904-4984-a8bf-6f43749d27f8: failed while reading the ElectricalSeries rates (AttributeError: module 'spikeinterface.extractors' has no attribute 'NwbRecordingExtractor')
2026-10-02T22:20:53Z WARNING [1460/1846] 2ae0d935-6904-4984-a8bf-6f43749d27f8: leaving unrecorded for a later run to retry.
2026-10-02T22:20:53Z WARNING 2ae0e8d9-31c0-4d6e-9a9b-fe882be1795a: failed while reading the ElectricalSeries rates (AttributeError: module 'spikeinterface.extractors' has no attribute 'NwbRecordingExtractor')
2026-10-02T22:20:53Z WARNING [1461/1846] 2ae0e8d9-31c0-4d6e-9a9b-fe882be1795a: leaving unrecorded for a later run to retry.
2026-10-02T22:20:54Z WARNING 2ae28f35-d40a-444e-b5de-8598474a67e1: failed while reading the ElectricalSeries rates (AttributeError: module 'spikeinterface.extractors' has no attribute 'NwbRecordingExtractor')
2026-10-02T22:20:54Z WARNING [1462/1846] 2ae28f35-d40a-444e-b5de-8598474a67e1: leaving unrecorded for a later run to retry.
2026-10-02T22:20:54Z WARNING 2ae2b719-6c57-4d23-965e-316c16e96707: failed while reading the ElectricalSeries rates (AttributeError: module 'spikeinterface.extractors' has no attribute 'NwbRecordingExtractor')
2026-10-02T22:20:54Z WARNING [1463/1846] 2ae2b719-6c57-4d23-965e-316c16e96707: leaving unrecorded for a later run to retry.
2026-10-02T22:20:54Z WARNING 2ae2da20-8859-484b-a5e5-5db9f41a8134: failed while reading the ElectricalSeries rates (AttributeError: module 'spikeinterface.extractors' has no attribute 'NwbRecordingExtractor')
2026-10-02T22:20:54Z WARNING [1464/1846] 2ae2da20-8859-484b-a5e5-5db9f41a8134: leaving unrecorded for a later run to retry.
2026-10-02T22:20:54Z WARNING 2ae2ea62-94fe-4585-b429-5bb8e8273065: failed while reading the ElectricalSeries rates (AttributeError: module 'spikeinterface.extractors' has no attribute 'NwbRecordingExtractor')
2026-10-02T22:20:54Z WARNING [1465/1846] 2ae2ea62-94fe-4585-b429-5bb8e8273065: leaving unrecorded for a later run to retry.
2026-10-02T22:20:54Z WARNING 2ae31cdd-499c-4ccb-b20b-ee9424bf5ab5: failed while reading the ElectricalSeries rates (AttributeError: module 'spikeinterface.extractors' has no attribute 'NwbRecordingExtractor')
2026-10-02T22:20:54Z WARNING [1466/1846] 2ae31cdd-499c-4ccb-b20b-ee9424bf5ab5: leaving unrecorded for a later run to retry.
2026-10-02T22:20:54Z WARNING 2ae466d2-d299-4c6c-94b9-283b66c1aa0e: failed while reading the ElectricalSeries rates (AttributeError: module 'spikeinterface.extractors' has no attribute 'NwbRecordingExtractor')
2026-10-02T22:20:54Z WARNING [1467/1846] 2ae466d2-d299-4c6c-94b9-283b66c1aa0e: leaving unrecorded for a later run to retry.
2026-10-02T22:20:54Z WARNING 2ae475c6-ed26-4db0-90e3-4915c3949cda: failed while reading the ElectricalSeries rates (AttributeError: module 'spikeinterface.extractors' has no attribute 'NwbRecordingExtractor')
2026-10-02T22:20:54Z WARNING [1468/1846] 2ae475c6-ed26-4db0-90e3-4915c3949cda: leaving unrecorded for a later run to retry.
2026-10-02T22:20:54Z WARNING 2ae484a9-c20c-4c64-a54d-67c2209236b3: failed while reading the ElectricalSeries rates (AttributeError: module 'spikeinterface.extractors' has no attribute 'NwbRecordingExtractor')
2026-10-02T22:20:54Z WARNING [1469/1846] 2ae484a9-c20c-4c64-a54d-67c2209236b3: leaving unrecorded for a later run to retry.
2026-10-02T22:20:54Z WARNING 2ae68484-2cc1-4d41-b270-a57d886576e5: failed while reading the ElectricalSeries rates (AttributeError: module 'spikeinterface.extractors' has no attribute 'NwbRecordingExtractor')
2026-10-02T22:20:54Z WARNING [1470/1846] 2ae68484-2cc1-4d41-b270-a57d886576e5: leaving unrecorded for a later run to retry.
2026-10-02T22:20:54Z WARNING 2ae6efc8-57e7-4e1b-a139-9a2f103aff14: failed while reading the ElectricalSeries rates (AttributeError: module 'spikeinterface.extractors' has no attribute 'NwbRecordingExtractor')
2026-10-02T22:20:54Z WARNING [1471/1846] 2ae6efc8-57e7-4e1b-a139-9a2f103aff14: leaving unrecorded for a later run to retry.
2026-10-02T22:20:54Z WARNING 2ae6f1a5-8728-42c9-9950-2c928b959722: failed while reading the ElectricalSeries rates (AttributeError: module 'spikeinterface.extractors' has no attribute 'NwbRecordingExtractor')
2026-10-02T22:20:54Z WARNING [1472/1846] 2ae6f1a5-8728-42c9-9950-2c928b959722: leaving unrecorded for a later run to retry.
2026-10-02T22:20:54Z WARNING 2ae700af-e401-440c-aea3-ef7ca54e3ba3: failed while reading the ElectricalSeries rates (AttributeError: module 'spikeinterface.extractors' has no attribute 'NwbRecordingExtractor')
2026-10-02T22:20:54Z WARNING [1473/1846] 2ae700af-e401-440c-aea3-ef7ca54e3ba3: leaving unrecorded for a later run to retry.
2026-10-02T22:20:54Z WARNING 2ae70e8e-5baa-412c-a2df-fdc71ec75d90: failed while reading the ElectricalSeries rates (AttributeError: module 'spikeinterface.extractors' has no attribute 'NwbRecordingExtractor')
2026-10-02T22:20:54Z WARNING [1474/1846] 2ae70e8e-5baa-412c-a2df-fdc71ec75d90: leaving unrecorded for a later run to retry.
2026-10-02T22:20:54Z WARNING 2ae7ff1a-d8d0-407e-b6cd-99522c81f511: failed while reading the ElectricalSeries rates (AttributeError: module 'spikeinterface.extractors' has no attribute 'NwbRecordingExtractor')
2026-10-02T22:20:54Z WARNING [1475/1846] 2ae7ff1a-d8d0-407e-b6cd-99522c81f511: leaving unrecorded for a later run to retry.
2026-10-02T22:20:54Z WARNING 2ae80d04-b151-490c-948a-7abaebf9e16c: failed while reading the ElectricalSeries rates (AttributeError: module 'spikeinterface.extractors' has no attribute 'NwbRecordingExtractor')
2026-10-02T22:20:54Z WARNING [1476/1846] 2ae80d04-b151-490c-948a-7abaebf9e16c: leaving unrecorded for a later run to retry.
2026-10-02T22:20:54Z WARNING 2ae981e3-1e91-4eef-92c5-1f67c7a541c9: failed while reading the ElectricalSeries rates (AttributeError: module 'spikeinterface.extractors' has no attribute 'NwbRecordingExtractor')
2026-10-02T22:20:54Z WARNING [1477/1846] 2ae981e3-1e91-4eef-92c5-1f67c7a541c9: leaving unrecorded for a later run to retry.
2026-10-02T22:20:54Z WARNING 2aeacceb-350e-45bf-9a01-5046a4e05dd2: failed while reading the ElectricalSeries rates (AttributeError: module 'spikeinterface.extractors' has no attribute 'NwbRecordingExtractor')
2026-10-02T22:20:54Z WARNING [1478/1846] 2aeacceb-350e-45bf-9a01-5046a4e05dd2: leaving unrecorded for a later run to retry.
2026-10-02T22:20:54Z WARNING 2aeb01a9-9cf8-4ea9-b62d-6694f8999c7e: failed while reading the ElectricalSeries rates (AttributeError: module 'spikeinterface.extractors' has no attribute 'NwbRecordingExtractor')
2026-10-02T22:20:54Z WARNING [1479/1846] 2aeb01a9-9cf8-4ea9-b62d-6694f8999c7e: leaving unrecorded for a later run to retry.
2026-10-02T22:20:55Z WARNING 2aeb5b22-6569-47bf-a4c8-5a35e2d3e509: failed while reading the ElectricalSeries rates (AttributeError: module 'spikeinterface.extractors' has no attribute 'NwbRecordingExtractor')
2026-10-02T22:20:55Z WARNING [1480/1846] 2aeb5b22-6569-47bf-a4c8-5a35e2d3e509: leaving unrecorded for a later run to retry.
2026-10-02T22:20:55Z WARNING 2aeb9ef2-e6b6-42fc-afab-68ed305d4729: failed while reading the ElectricalSeries rates (AttributeError: module 'spikeinterface.extractors' has no attribute 'NwbRecordingExtractor')
2026-10-02T22:20:55Z WARNING [1481/1846] 2aeb9ef2-e6b6-42fc-afab-68ed305d4729: leaving unrecorded for a later run to retry.
2026-10-02T22:20:55Z WARNING 2aec2c48-ab82-4972-b360-6e46fbdf2bda: failed while reading the ElectricalSeries rates (AttributeError: module 'spikeinterface.extractors' has no attribute 'NwbRecordingExtractor')
2026-10-02T22:20:55Z WARNING [1482/1846] 2aec2c48-ab82-4972-b360-6e46fbdf2bda: leaving unrecorded for a later run to retry.
2026-10-02T22:20:55Z WARNING 2aed5845-878c-4397-86ed-0aaa47cda770: failed while reading the ElectricalSeries rates (AttributeError: module 'spikeinterface.extractors' has no attribute 'NwbRecordingExtractor')
2026-10-02T22:20:55Z WARNING [1483/1846] 2aed5845-878c-4397-86ed-0aaa47cda770: leaving unrecorded for a later run to retry.
2026-10-02T22:20:55Z WARNING 2aed6333-c436-4499-ab0e-f32ac6f1000e: failed while reading the ElectricalSeries rates (AttributeError: module 'spikeinterface.extractors' has no attribute 'NwbRecordingExtractor')
2026-10-02T22:20:55Z WARNING [1484/1846] 2aed6333-c436-4499-ab0e-f32ac6f1000e: leaving unrecorded for a later run to retry.
2026-10-02T22:20:55Z WARNING 2aedb5eb-ee73-47f7-8ca4-f42351cb4d65: failed while reading the ElectricalSeries rates (AttributeError: module 'spikeinterface.extractors' has no attribute 'NwbRecordingExtractor')
2026-10-02T22:20:55Z WARNING [1485/1846] 2aedb5eb-ee73-47f7-8ca4-f42351cb4d65: leaving unrecorded for a later run to retry.
2026-10-02T22:20:55Z WARNING 2aeee5f5-f1d6-4605-afd1-0c4f64c7f942: failed while reading the ElectricalSeries rates (AttributeError: module 'spikeinterface.extractors' has no attribute 'NwbRecordingExtractor')
2026-10-02T22:20:55Z WARNING [1486/1846] 2aeee5f5-f1d6-4605-afd1-0c4f64c7f942: leaving unrecorded for a later run to retry.
2026-10-02T22:20:55Z WARNING 2aef5cbe-1b38-4cb3-bb53-f18b404e5553: failed while reading the ElectricalSeries rates (AttributeError: module 'spikeinterface.extractors' has no attribute 'NwbRecordingExtractor')
2026-10-02T22:20:55Z WARNING [1487/1846] 2aef5cbe-1b38-4cb3-bb53-f18b404e5553: leaving unrecorded for a later run to retry.
2026-10-02T22:20:55Z WARNING 2aefafd2-a9ea-4d46-b5ea-996768dbdd08: failed while reading the ElectricalSeries rates (AttributeError: module 'spikeinterface.extractors' has no attribute 'NwbRecordingExtractor')
2026-10-02T22:20:55Z WARNING [1488/1846] 2aefafd2-a9ea-4d46-b5ea-996768dbdd08: leaving unrecorded for a later run to retry.
2026-10-02T22:20:55Z WARNING 2af0291b-f45f-4bc6-a3cf-9283deeea8c0: failed while reading the ElectricalSeries rates (AttributeError: module 'spikeinterface.extractors' has no attribute 'NwbRecordingExtractor')
2026-10-02T22:20:55Z WARNING [1489/1846] 2af0291b-f45f-4bc6-a3cf-9283deeea8c0: leaving unrecorded for a later run to retry.
2026-10-02T22:20:55Z WARNING 2af03032-f195-4303-826e-204789354cdb: failed while reading the ElectricalSeries rates (AttributeError: module 'spikeinterface.extractors' has no attribute 'NwbRecordingExtractor')
2026-10-02T22:20:55Z WARNING [1490/1846] 2af03032-f195-4303-826e-204789354cdb: leaving unrecorded for a later run to retry.
2026-10-02T22:20:55Z WARNING 2af066d5-c093-4638-8c73-bd1a2117a3c6: failed while reading the ElectricalSeries rates (AttributeError: module 'spikeinterface.extractors' has no attribute 'NwbRecordingExtractor')
2026-10-02T22:20:55Z WARNING [1491/1846] 2af066d5-c093-4638-8c73-bd1a2117a3c6: leaving unrecorded for a later run to retry.
2026-10-02T22:20:55Z WARNING 2af1518e-b077-4154-bf25-6d948087ac6d: failed while reading the ElectricalSeries rates (AttributeError: module 'spikeinterface.extractors' has no attribute 'NwbRecordingExtractor')
2026-10-02T22:20:55Z WARNING [1492/1846] 2af1518e-b077-4154-bf25-6d948087ac6d: leaving unrecorded for a later run to retry.
2026-10-02T22:20:55Z WARNING 2af2cb9b-1c6c-4150-ac4c-5250cd408aa9: failed while reading the ElectricalSeries rates (AttributeError: module 'spikeinterface.extractors' has no attribute 'NwbRecordingExtractor')
2026-10-02T22:20:55Z WARNING [1493/1846] 2af2cb9b-1c6c-4150-ac4c-5250cd408aa9: leaving unrecorded for a later run to retry.
2026-10-02T22:20:55Z WARNING 2af2daef-6a7b-448d-9167-c32d41a97866: failed while reading the ElectricalSeries rates (AttributeError: module 'spikeinterface.extractors' has no attribute 'NwbRecordingExtractor')
2026-10-02T22:20:55Z WARNING [1494/1846] 2af2daef-6a7b-448d-9167-c32d41a97866: leaving unrecorded for a later run to retry.
2026-10-02T22:20:55Z WARNING 2af2db2c-0d6d-47dc-9245-b0679e72d935: failed while reading the ElectricalSeries rates (AttributeError: module 'spikeinterface.extractors' has no attribute 'NwbRecordingExtractor')
2026-10-02T22:20:55Z WARNING [1495/1846] 2af2db2c-0d6d-47dc-9245-b0679e72d935: leaving unrecorded for a later run to retry.
2026-10-02T22:20:56Z WARNING 2af2fbeb-8e08-4daf-8464-1a90d73d551b: failed while reading the ElectricalSeries rates (AttributeError: module 'spikeinterface.extractors' has no attribute 'NwbRecordingExtractor')
2026-10-02T22:20:56Z WARNING [1496/1846] 2af2fbeb-8e08-4daf-8464-1a90d73d551b: leaving unrecorded for a later run to retry.
2026-10-02T22:20:56Z WARNING 2af379ae-7fe4-4b18-adda-2a2732206d28: failed while reading the ElectricalSeries rates (AttributeError: module 'spikeinterface.extractors' has no attribute 'NwbRecordingExtractor')
2026-10-02T22:20:56Z WARNING [1497/1846] 2af379ae-7fe4-4b18-adda-2a2732206d28: leaving unrecorded for a later run to retry.
2026-10-02T22:20:56Z WARNING 2af3ff11-2357-4bf7-85b5-48e7a9c201cc: failed while reading the ElectricalSeries rates (AttributeError: module 'spikeinterface.extractors' has no attribute 'NwbRecordingExtractor')
2026-10-02T22:20:56Z WARNING [1498/1846] 2af3ff11-2357-4bf7-85b5-48e7a9c201cc: leaving unrecorded for a later run to retry.
2026-10-02T22:20:56Z WARNING 2af45c48-6e8b-43fc-8d3e-19c95277060b: failed while reading the ElectricalSeries rates (AttributeError: module 'spikeinterface.extractors' has no attribute 'NwbRecordingExtractor')
2026-10-02T22:20:56Z WARNING [1499/1846] 2af45c48-6e8b-43fc-8d3e-19c95277060b: leaving unrecorded for a later run to retry.
2026-10-02T22:20:56Z WARNING 2af48653-0ff7-4d78-9237-fc31d488657e: failed while reading the ElectricalSeries rates (AttributeError: module 'spikeinterface.extractors' has no attribute 'NwbRecordingExtractor')
2026-10-02T22:20:56Z WARNING [1500/1846] 2af48653-0ff7-4d78-9237-fc31d488657e: leaving unrecorded for a later run to retry.
2026-10-02T22:20:56Z INFO [1500/1846] 2af48653-0ff7-4d78-9237-fc31d488657e: checkpointed 60602 records.
2026-10-02T22:20:56Z WARNING 2af6dd0b-a224-4fbd-8e84-187bb65c711c: failed while reading the ElectricalSeries rates (AttributeError: module 'spikeinterface.extractors' has no attribute 'NwbRecordingExtractor')
2026-10-02T22:20:56Z WARNING [1501/1846] 2af6dd0b-a224-4fbd-8e84-187bb65c711c: leaving unrecorded for a later run to retry.
2026-10-02T22:20:56Z WARNING 2af6ea44-029c-4e4a-b1cb-f9ac4f1d41cf: failed while reading the ElectricalSeries rates (AttributeError: module 'spikeinterface.extractors' has no attribute 'NwbRecordingExtractor')
2026-10-02T22:20:56Z WARNING [1502/1846] 2af6ea44-029c-4e4a-b1cb-f9ac4f1d41cf: leaving unrecorded for a later run to retry.
2026-10-02T22:20:56Z WARNING 2af7530e-f3ab-4dd9-a7c0-ad319afebe95: failed while reading the ElectricalSeries rates (AttributeError: module 'spikeinterface.extractors' has no attribute 'NwbRecordingExtractor')
2026-10-02T22:20:56Z WARNING [1503/1846] 2af7530e-f3ab-4dd9-a7c0-ad319afebe95: leaving unrecorded for a later run to retry.
2026-10-02T22:20:56Z WARNING 2af7b50f-4b9e-49ec-8a97-4f27ca307923: failed while reading the ElectricalSeries rates (AttributeError: module 'spikeinterface.extractors' has no attribute 'NwbRecordingExtractor')
2026-10-02T22:20:56Z WARNING [1504/1846] 2af7b50f-4b9e-49ec-8a97-4f27ca307923: leaving unrecorded for a later run to retry.
2026-10-02T22:20:56Z WARNING 2af7cc14-0628-4c90-8ee8-59a9ad88f4de: failed while reading the ElectricalSeries rates (AttributeError: module 'spikeinterface.extractors' has no attribute 'NwbRecordingExtractor')
2026-10-02T22:20:56Z WARNING [1505/1846] 2af7cc14-0628-4c90-8ee8-59a9ad88f4de: leaving unrecorded for a later run to retry.
2026-10-02T22:20:56Z WARNING 2af8c757-7b6e-480a-a1d3-4e498e016e4f: failed while reading the ElectricalSeries rates (AttributeError: module 'spikeinterface.extractors' has no attribute 'NwbRecordingExtractor')
2026-10-02T22:20:56Z WARNING [1506/1846] 2af8c757-7b6e-480a-a1d3-4e498e016e4f: leaving unrecorded for a later run to retry.
2026-10-02T22:20:56Z WARNING 2af8e14c-4d9b-4c1c-beb1-fbb3633cd2cb: failed while reading the ElectricalSeries rates (AttributeError: module 'spikeinterface.extractors' has no attribute 'NwbRecordingExtractor')
2026-10-02T22:20:56Z WARNING [1507/1846] 2af8e14c-4d9b-4c1c-beb1-fbb3633cd2cb: leaving unrecorded for a later run to retry.
2026-10-02T22:20:56Z WARNING 2af9b39d-fc5b-4cc3-8ffc-de9ef07d89aa: failed while reading the ElectricalSeries rates (AttributeError: module 'spikeinterface.extractors' has no attribute 'NwbRecordingExtractor')
2026-10-02T22:20:56Z WARNING [1508/1846] 2af9b39d-fc5b-4cc3-8ffc-de9ef07d89aa: leaving unrecorded for a later run to retry.
2026-10-02T22:20:56Z WARNING 2afb2d17-918d-400c-a620-46556e1ed426: failed while reading the ElectricalSeries rates (AttributeError: module 'spikeinterface.extractors' has no attribute 'NwbRecordingExtractor')
2026-10-02T22:20:56Z WARNING [1509/1846] 2afb2d17-918d-400c-a620-46556e1ed426: leaving unrecorded for a later run to retry.
2026-10-02T22:20:56Z WARNING 2afb68ca-5dc4-4b11-8d55-7f995c00950b: failed while reading the ElectricalSeries rates (AttributeError: module 'spikeinterface.extractors' has no attribute 'NwbRecordingExtractor')
2026-10-02T22:20:56Z WARNING [1510/1846] 2afb68ca-5dc4-4b11-8d55-7f995c00950b: leaving unrecorded for a later run to retry.
2026-10-02T22:20:56Z WARNING 2afbe28e-e60f-4f30-9fc7-61e3e3aef923: failed while reading the ElectricalSeries rates (AttributeError: module 'spikeinterface.extractors' has no attribute 'NwbRecordingExtractor')
2026-10-02T22:20:56Z WARNING [1511/1846] 2afbe28e-e60f-4f30-9fc7-61e3e3aef923: leaving unrecorded for a later run to retry.
2026-10-02T22:20:57Z WARNING 2afdcf79-92a6-4d64-a0c1-609c0c826856: failed while reading the ElectricalSeries rates (AttributeError: module 'spikeinterface.extractors' has no attribute 'NwbRecordingExtractor')
2026-10-02T22:20:57Z WARNING [1512/1846] 2afdcf79-92a6-4d64-a0c1-609c0c826856: leaving unrecorded for a later run to retry.
2026-10-02T22:20:57Z WARNING 2afe19ac-f5e1-4dc5-9437-52e0e8f7ad26: failed while reading the ElectricalSeries rates (AttributeError: module 'spikeinterface.extractors' has no attribute 'NwbRecordingExtractor')
2026-10-02T22:20:57Z WARNING [1513/1846] 2afe19ac-f5e1-4dc5-9437-52e0e8f7ad26: leaving unrecorded for a later run to retry.
2026-10-02T22:20:57Z WARNING 2afe60c4-d7ed-47e3-aeb3-0d37bc095ce2: failed while reading the ElectricalSeries rates (AttributeError: module 'spikeinterface.extractors' has no attribute 'NwbRecordingExtractor')
2026-10-02T22:20:57Z WARNING [1514/1846] 2afe60c4-d7ed-47e3-aeb3-0d37bc095ce2: leaving unrecorded for a later run to retry.
2026-10-02T22:20:57Z WARNING 2afe82c6-4a6a-4c71-a783-752ef5e881d6: failed while reading the ElectricalSeries rates (AttributeError: module 'spikeinterface.extractors' has no attribute 'NwbRecordingExtractor')
2026-10-02T22:20:57Z WARNING [1515/1846] 2afe82c6-4a6a-4c71-a783-752ef5e881d6: leaving unrecorded for a later run to retry.
2026-10-02T22:20:57Z WARNING 2afee4cc-6a9a-4ea2-a922-13c910cb8acc: failed while reading the ElectricalSeries rates (AttributeError: module 'spikeinterface.extractors' has no attribute 'NwbRecordingExtractor')
2026-10-02T22:20:57Z WARNING [1516/1846] 2afee4cc-6a9a-4ea2-a922-13c910cb8acc: leaving unrecorded for a later run to retry.
2026-10-02T22:20:57Z WARNING 2aff2db1-8274-4369-916c-b2341975087c: failed while reading the ElectricalSeries rates (AttributeError: module 'spikeinterface.extractors' has no attribute 'NwbRecordingExtractor')
2026-10-02T22:20:57Z WARNING [1517/1846] 2aff2db1-8274-4369-916c-b2341975087c: leaving unrecorded for a later run to retry.
2026-10-02T22:20:57Z WARNING 2aff4d6c-7f56-46cd-a83d-cdeb5d67b337: failed while reading the ElectricalSeries rates (AttributeError: module 'spikeinterface.extractors' has no attribute 'NwbRecordingExtractor')
2026-10-02T22:20:57Z WARNING [1518/1846] 2aff4d6c-7f56-46cd-a83d-cdeb5d67b337: leaving unrecorded for a later run to retry.
2026-10-02T22:20:57Z WARNING 2aff7bfb-184b-4191-bda3-3a9c8bde017c: failed while reading the ElectricalSeries rates (AttributeError: module 'spikeinterface.extractors' has no attribute 'NwbRecordingExtractor')
2026-10-02T22:20:57Z WARNING [1519/1846] 2aff7bfb-184b-4191-bda3-3a9c8bde017c: leaving unrecorded for a later run to retry.
2026-10-02T22:20:57Z WARNING 2aff8e7c-b9a6-40b4-8046-b3c3a8488d64: failed while reading the ElectricalSeries rates (AttributeError: module 'spikeinterface.extractors' has no attribute 'NwbRecordingExtractor')
2026-10-02T22:20:57Z WARNING [1520/1846] 2aff8e7c-b9a6-40b4-8046-b3c3a8488d64: leaving unrecorded for a later run to retry.
2026-10-02T22:20:57Z WARNING 2b00aa69-5df8-4aa9-93da-32ec1e789d40: failed while reading the ElectricalSeries rates (AttributeError: module 'spikeinterface.extractors' has no attribute 'NwbRecordingExtractor')
2026-10-02T22:20:57Z WARNING [1521/1846] 2b00aa69-5df8-4aa9-93da-32ec1e789d40: leaving unrecorded for a later run to retry.
2026-10-02T22:20:57Z WARNING 2b0179a0-db36-4022-8be5-606d845919eb: failed while reading the ElectricalSeries rates (AttributeError: module 'spikeinterface.extractors' has no attribute 'NwbRecordingExtractor')
2026-10-02T22:20:57Z WARNING [1522/1846] 2b0179a0-db36-4022-8be5-606d845919eb: leaving unrecorded for a later run to retry.
2026-10-02T22:20:57Z WARNING 2b021c3b-2e98-4828-bd0e-ce1733032902: failed while reading the ElectricalSeries rates (AttributeError: module 'spikeinterface.extractors' has no attribute 'NwbRecordingExtractor')
2026-10-02T22:20:57Z WARNING [1523/1846] 2b021c3b-2e98-4828-bd0e-ce1733032902: leaving unrecorded for a later run to retry.
2026-10-02T22:20:57Z WARNING 2b02a069-971c-474e-9d87-ead940184fc0: failed while reading the ElectricalSeries rates (AttributeError: module 'spikeinterface.extractors' has no attribute 'NwbRecordingExtractor')
2026-10-02T22:20:57Z WARNING [1524/1846] 2b02a069-971c-474e-9d87-ead940184fc0: leaving unrecorded for a later run to retry.
2026-10-02T22:20:57Z WARNING 2b02c345-b57f-4b3f-aec8-5cb2bc75dd0a: failed while reading the ElectricalSeries rates (AttributeError: module 'spikeinterface.extractors' has no attribute 'NwbRecordingExtractor')
2026-10-02T22:20:57Z WARNING [1525/1846] 2b02c345-b57f-4b3f-aec8-5cb2bc75dd0a: leaving unrecorded for a later run to retry.
2026-10-02T22:20:57Z WARNING 2b03853f-21c8-4714-998d-96f3e46602ea: failed while reading the ElectricalSeries rates (AttributeError: module 'spikeinterface.extractors' has no attribute 'NwbRecordingExtractor')
2026-10-02T22:20:57Z WARNING [1526/1846] 2b03853f-21c8-4714-998d-96f3e46602ea: leaving unrecorded for a later run to retry.
2026-10-02T22:20:57Z WARNING 2b041096-9ad1-4895-a175-8bf8c88a800d: failed while reading the ElectricalSeries rates (AttributeError: module 'spikeinterface.extractors' has no attribute 'NwbRecordingExtractor')
2026-10-02T22:20:57Z WARNING [1527/1846] 2b041096-9ad1-4895-a175-8bf8c88a800d: leaving unrecorded for a later run to retry.
2026-10-02T22:20:57Z WARNING 2b041f93-8ff8-4ab5-ba3c-295c3aa3107b: failed while reading the ElectricalSeries rates (AttributeError: module 'spikeinterface.extractors' has no attribute 'NwbRecordingExtractor')
2026-10-02T22:20:57Z WARNING [1528/1846] 2b041f93-8ff8-4ab5-ba3c-295c3aa3107b: leaving unrecorded for a later run to retry.
2026-10-02T22:20:57Z WARNING 2b0455fb-be56-494a-9c9b-24e3fd6ea276: failed while reading the ElectricalSeries rates (AttributeError: module 'spikeinterface.extractors' has no attribute 'NwbRecordingExtractor')
2026-10-02T22:20:57Z WARNING [1529/1846] 2b0455fb-be56-494a-9c9b-24e3fd6ea276: leaving unrecorded for a later run to retry.
2026-10-02T22:20:57Z WARNING 2b045cc4-c03e-4e11-9427-f17660832f6b: failed while reading the ElectricalSeries rates (AttributeError: module 'spikeinterface.extractors' has no attribute 'NwbRecordingExtractor')
2026-10-02T22:20:57Z WARNING [1530/1846] 2b045cc4-c03e-4e11-9427-f17660832f6b: leaving unrecorded for a later run to retry.
2026-10-02T22:20:58Z WARNING 2b046992-1e00-48a4-aa95-36593543aa4c: failed while reading the ElectricalSeries rates (AttributeError: module 'spikeinterface.extractors' has no attribute 'NwbRecordingExtractor')
2026-10-02T22:20:58Z WARNING [1531/1846] 2b046992-1e00-48a4-aa95-36593543aa4c: leaving unrecorded for a later run to retry.
2026-10-02T22:20:58Z WARNING 2b0539de-31b8-4559-a07c-e320a5e7285d: failed while reading the ElectricalSeries rates (AttributeError: module 'spikeinterface.extractors' has no attribute 'NwbRecordingExtractor')
2026-10-02T22:20:58Z WARNING [1532/1846] 2b0539de-31b8-4559-a07c-e320a5e7285d: leaving unrecorded for a later run to retry.
2026-10-02T22:20:58Z WARNING 2b056405-81f7-4350-b6f8-b54534a7193d: failed while reading the ElectricalSeries rates (AttributeError: module 'spikeinterface.extractors' has no attribute 'NwbRecordingExtractor')
2026-10-02T22:20:58Z WARNING [1533/1846] 2b056405-81f7-4350-b6f8-b54534a7193d: leaving unrecorded for a later run to retry.
2026-10-02T22:20:58Z WARNING 2b059bee-e4ec-4b8e-aaad-8067d7a6e112: failed while reading the ElectricalSeries rates (AttributeError: module 'spikeinterface.extractors' has no attribute 'NwbRecordingExtractor')
2026-10-02T22:20:58Z WARNING [1534/1846] 2b059bee-e4ec-4b8e-aaad-8067d7a6e112: leaving unrecorded for a later run to retry.
2026-10-02T22:20:58Z WARNING 2b05ae8f-0beb-4aa8-9e21-d9ddde190d57: failed while reading the ElectricalSeries rates (AttributeError: module 'spikeinterface.extractors' has no attribute 'NwbRecordingExtractor')
2026-10-02T22:20:58Z WARNING [1535/1846] 2b05ae8f-0beb-4aa8-9e21-d9ddde190d57: leaving unrecorded for a later run to retry.
2026-10-02T22:20:58Z WARNING 2b06799a-dccc-4ded-982a-81255722d529: failed while reading the ElectricalSeries rates (AttributeError: module 'spikeinterface.extractors' has no attribute 'NwbRecordingExtractor')
2026-10-02T22:20:58Z WARNING [1536/1846] 2b06799a-dccc-4ded-982a-81255722d529: leaving unrecorded for a later run to retry.
2026-10-02T22:20:58Z WARNING 2b07485b-7be1-470a-a3c6-7aaa8e1f0181: failed while reading the ElectricalSeries rates (AttributeError: module 'spikeinterface.extractors' has no attribute 'NwbRecordingExtractor')
2026-10-02T22:20:58Z WARNING [1537/1846] 2b07485b-7be1-470a-a3c6-7aaa8e1f0181: leaving unrecorded for a later run to retry.
2026-10-02T22:20:58Z WARNING 2b07b148-0fe9-4e27-a954-94c61133eee1: failed while reading the ElectricalSeries rates (AttributeError: module 'spikeinterface.extractors' has no attribute 'NwbRecordingExtractor')
2026-10-02T22:20:58Z WARNING [1538/1846] 2b07b148-0fe9-4e27-a954-94c61133eee1: leaving unrecorded for a later run to retry.
2026-10-02T22:20:58Z WARNING 2b0843cf-9537-490c-a96e-adfb8ab1f797: failed while reading the ElectricalSeries rates (AttributeError: module 'spikeinterface.extractors' has no attribute 'NwbRecordingExtractor')
2026-10-02T22:20:58Z WARNING [1539/1846] 2b0843cf-9537-490c-a96e-adfb8ab1f797: leaving unrecorded for a later run to retry.
2026-10-02T22:20:58Z WARNING 2b0860f4-0c9a-4fd8-9820-32f9271a3dda: failed while reading the ElectricalSeries rates (AttributeError: module 'spikeinterface.extractors' has no attribute 'NwbRecordingExtractor')
2026-10-02T22:20:58Z WARNING [1540/1846] 2b0860f4-0c9a-4fd8-9820-32f9271a3dda: leaving unrecorded for a later run to retry.
2026-10-02T22:20:58Z WARNING 2b08f2d1-ff88-4998-a625-791201d87b4a: failed while reading the ElectricalSeries rates (AttributeError: module 'spikeinterface.extractors' has no attribute 'NwbRecordingExtractor')
2026-10-02T22:20:58Z WARNING [1541/1846] 2b08f2d1-ff88-4998-a625-791201d87b4a: leaving unrecorded for a later run to retry.
2026-10-02T22:20:58Z WARNING 2b092f5c-15b9-4324-9602-36d357a0cf34: failed while reading the ElectricalSeries rates (AttributeError: module 'spikeinterface.extractors' has no attribute 'NwbRecordingExtractor')
2026-10-02T22:20:58Z WARNING [1542/1846] 2b092f5c-15b9-4324-9602-36d357a0cf34: leaving unrecorded for a later run to retry.
2026-10-02T22:20:58Z WARNING 2b093a78-e4b1-467b-89dd-193f2b346872: failed while reading the ElectricalSeries rates (AttributeError: module 'spikeinterface.extractors' has no attribute 'NwbRecordingExtractor')
2026-10-02T22:20:58Z WARNING [1543/1846] 2b093a78-e4b1-467b-89dd-193f2b346872: leaving unrecorded for a later run to retry.
2026-10-02T22:20:58Z WARNING 2b0a7d40-c31c-4396-b6ae-689681f3e61f: failed while reading the ElectricalSeries rates (AttributeError: module 'spikeinterface.extractors' has no attribute 'NwbRecordingExtractor')
2026-10-02T22:20:58Z WARNING [1544/1846] 2b0a7d40-c31c-4396-b6ae-689681f3e61f: leaving unrecorded for a later run to retry.
2026-10-02T22:20:58Z WARNING 2b0b51b4-4822-4472-a783-e1a6a789b9e4: failed while reading the ElectricalSeries rates (AttributeError: module 'spikeinterface.extractors' has no attribute 'NwbRecordingExtractor')
2026-10-02T22:20:58Z WARNING [1545/1846] 2b0b51b4-4822-4472-a783-e1a6a789b9e4: leaving unrecorded for a later run to retry.
2026-10-02T22:20:58Z WARNING 2b0b6caa-3009-4d5b-9b50-6fb3f36797c3: failed while reading the ElectricalSeries rates (AttributeError: module 'spikeinterface.extractors' has no attribute 'NwbRecordingExtractor')
2026-10-02T22:20:58Z WARNING [1546/1846] 2b0b6caa-3009-4d5b-9b50-6fb3f36797c3: leaving unrecorded for a later run to retry.
2026-10-02T22:20:58Z WARNING 2b0c81da-7bb5-4aa4-b9d0-f9d51abbf3c5: failed while reading the ElectricalSeries rates (AttributeError: module 'spikeinterface.extractors' has no attribute 'NwbRecordingExtractor')
2026-10-02T22:20:58Z WARNING [1547/1846] 2b0c81da-7bb5-4aa4-b9d0-f9d51abbf3c5: leaving unrecorded for a later run to retry.
2026-10-02T22:20:59Z WARNING 2b0ca3f4-0f40-47d8-bf97-f9ed39863dec: failed while reading the ElectricalSeries rates (AttributeError: module 'spikeinterface.extractors' has no attribute 'NwbRecordingExtractor')
2026-10-02T22:20:59Z WARNING [1548/1846] 2b0ca3f4-0f40-47d8-bf97-f9ed39863dec: leaving unrecorded for a later run to retry.
2026-10-02T22:20:59Z WARNING 2b0e1ac4-910b-43e4-8387-78477b418f45: failed while reading the ElectricalSeries rates (AttributeError: module 'spikeinterface.extractors' has no attribute 'NwbRecordingExtractor')
2026-10-02T22:20:59Z WARNING [1549/1846] 2b0e1ac4-910b-43e4-8387-78477b418f45: leaving unrecorded for a later run to retry.
2026-10-02T22:20:59Z WARNING 2b0ed39f-adbb-4fd4-ac41-adcd42f467bf: failed while reading the ElectricalSeries rates (AttributeError: module 'spikeinterface.extractors' has no attribute 'NwbRecordingExtractor')
2026-10-02T22:20:59Z WARNING [1550/1846] 2b0ed39f-adbb-4fd4-ac41-adcd42f467bf: leaving unrecorded for a later run to retry.
2026-10-02T22:20:59Z INFO [1550/1846] 2b0ed39f-adbb-4fd4-ac41-adcd42f467bf: checkpointed 60602 records.
2026-10-02T22:20:59Z WARNING 2b0f3723-0c3f-472d-ac5d-34afd4526bed: failed while reading the ElectricalSeries rates (AttributeError: module 'spikeinterface.extractors' has no attribute 'NwbRecordingExtractor')
2026-10-02T22:20:59Z WARNING [1551/1846] 2b0f3723-0c3f-472d-ac5d-34afd4526bed: leaving unrecorded for a later run to retry.
2026-10-02T22:20:59Z WARNING 2b0f6897-413f-4aef-8699-294dbf687d05: failed while reading the ElectricalSeries rates (AttributeError: module 'spikeinterface.extractors' has no attribute 'NwbRecordingExtractor')
2026-10-02T22:20:59Z WARNING [1552/1846] 2b0f6897-413f-4aef-8699-294dbf687d05: leaving unrecorded for a later run to retry.
2026-10-02T22:20:59Z WARNING 2b0fc667-287c-4988-a752-d0226b32b0b8: failed while reading the ElectricalSeries rates (AttributeError: module 'spikeinterface.extractors' has no attribute 'NwbRecordingExtractor')
2026-10-02T22:20:59Z WARNING [1553/1846] 2b0fc667-287c-4988-a752-d0226b32b0b8: leaving unrecorded for a later run to retry.
2026-10-02T22:20:59Z WARNING 2b103e70-8be6-44fe-89c3-eb9d7079fcd2: failed while reading the ElectricalSeries rates (AttributeError: module 'spikeinterface.extractors' has no attribute 'NwbRecordingExtractor')
2026-10-02T22:20:59Z WARNING [1554/1846] 2b103e70-8be6-44fe-89c3-eb9d7079fcd2: leaving unrecorded for a later run to retry.
2026-10-02T22:20:59Z WARNING 2b1083ce-f547-44cf-a849-2ad4cf714e6e: failed while reading the ElectricalSeries rates (AttributeError: module 'spikeinterface.extractors' has no attribute 'NwbRecordingExtractor')
2026-10-02T22:20:59Z WARNING [1555/1846] 2b1083ce-f547-44cf-a849-2ad4cf714e6e: leaving unrecorded for a later run to retry.
2026-10-02T22:20:59Z WARNING 2b10aed6-708d-4fc1-adc2-f37bd8c93e01: failed while reading the ElectricalSeries rates (AttributeError: module 'spikeinterface.extractors' has no attribute 'NwbRecordingExtractor')
2026-10-02T22:20:59Z WARNING [1556/1846] 2b10aed6-708d-4fc1-adc2-f37bd8c93e01: leaving unrecorded for a later run to retry.
2026-10-02T22:20:59Z WARNING 2b11c60e-0686-42e8-be57-b760018a05c0: failed while reading the ElectricalSeries rates (AttributeError: module 'spikeinterface.extractors' has no attribute 'NwbRecordingExtractor')
2026-10-02T22:20:59Z WARNING [1557/1846] 2b11c60e-0686-42e8-be57-b760018a05c0: leaving unrecorded for a later run to retry.
2026-10-02T22:20:59Z WARNING 2b12196a-2c56-4814-a7b7-287e391e89b2: failed while reading the ElectricalSeries rates (AttributeError: module 'spikeinterface.extractors' has no attribute 'NwbRecordingExtractor')
2026-10-02T22:20:59Z WARNING [1558/1846] 2b12196a-2c56-4814-a7b7-287e391e89b2: leaving unrecorded for a later run to retry.
2026-10-02T22:20:59Z WARNING 2b12e7a8-90f5-4226-b8c7-1d11ee580a65: failed while reading the ElectricalSeries rates (AttributeError: module 'spikeinterface.extractors' has no attribute 'NwbRecordingExtractor')
2026-10-02T22:20:59Z WARNING [1559/1846] 2b12e7a8-90f5-4226-b8c7-1d11ee580a65: leaving unrecorded for a later run to retry.
2026-10-02T22:20:59Z WARNING 2b131d2f-8598-4d1e-bc6c-2a7d994b80a9: failed while reading the ElectricalSeries rates (AttributeError: module 'spikeinterface.extractors' has no attribute 'NwbRecordingExtractor')
2026-10-02T22:20:59Z WARNING [1560/1846] 2b131d2f-8598-4d1e-bc6c-2a7d994b80a9: leaving unrecorded for a later run to retry.
2026-10-02T22:20:59Z WARNING 2b1336ae-be9b-4c44-abaa-252326531ee0: failed while reading the ElectricalSeries rates (AttributeError: module 'spikeinterface.extractors' has no attribute 'NwbRecordingExtractor')
2026-10-02T22:20:59Z WARNING [1561/1846] 2b1336ae-be9b-4c44-abaa-252326531ee0: leaving unrecorded for a later run to retry.
2026-10-02T22:20:59Z WARNING 2b137fcc-a8af-4aa3-bf5d-065b1273fe26: failed while reading the ElectricalSeries rates (AttributeError: module 'spikeinterface.extractors' has no attribute 'NwbRecordingExtractor')
2026-10-02T22:20:59Z WARNING [1562/1846] 2b137fcc-a8af-4aa3-bf5d-065b1273fe26: leaving unrecorded for a later run to retry.
2026-10-02T22:20:59Z WARNING 2b13d1bf-ce72-4417-b1a1-2247388682a9: failed while reading the ElectricalSeries rates (AttributeError: module 'spikeinterface.extractors' has no attribute 'NwbRecordingExtractor')
2026-10-02T22:20:59Z WARNING [1563/1846] 2b13d1bf-ce72-4417-b1a1-2247388682a9: leaving unrecorded for a later run to retry.
2026-10-02T22:20:59Z WARNING 2b13ec32-a7bd-487b-9e56-1919e95f48e5: failed while reading the ElectricalSeries rates (AttributeError: module 'spikeinterface.extractors' has no attribute 'NwbRecordingExtractor')
2026-10-02T22:20:59Z WARNING [1564/1846] 2b13ec32-a7bd-487b-9e56-1919e95f48e5: leaving unrecorded for a later run to retry.
2026-10-02T22:21:00Z WARNING 2b14695d-611a-4640-8d72-8ae4dcb8449f: failed while reading the ElectricalSeries rates (AttributeError: module 'spikeinterface.extractors' has no attribute 'NwbRecordingExtractor')
2026-10-02T22:21:00Z WARNING [1565/1846] 2b14695d-611a-4640-8d72-8ae4dcb8449f: leaving unrecorded for a later run to retry.
2026-10-02T22:21:00Z WARNING 2b14e80e-d964-4195-8cfb-ca33948da82b: failed while reading the ElectricalSeries rates (AttributeError: module 'spikeinterface.extractors' has no attribute 'NwbRecordingExtractor')
2026-10-02T22:21:00Z WARNING [1566/1846] 2b14e80e-d964-4195-8cfb-ca33948da82b: leaving unrecorded for a later run to retry.
2026-10-02T22:21:00Z WARNING 2b170e29-effb-46d7-b3f3-9d95faea510f: failed while reading the ElectricalSeries rates (AttributeError: module 'spikeinterface.extractors' has no attribute 'NwbRecordingExtractor')
2026-10-02T22:21:00Z WARNING [1567/1846] 2b170e29-effb-46d7-b3f3-9d95faea510f: leaving unrecorded for a later run to retry.
2026-10-02T22:21:00Z WARNING 2b17108e-7e7b-4837-9d66-641dab0abb1c: failed while reading the ElectricalSeries rates (AttributeError: module 'spikeinterface.extractors' has no attribute 'NwbRecordingExtractor')
2026-10-02T22:21:00Z WARNING [1568/1846] 2b17108e-7e7b-4837-9d66-641dab0abb1c: leaving unrecorded for a later run to retry.
2026-10-02T22:21:00Z WARNING 2b18dd2e-1286-4b2e-bc1a-1b8dee210b7d: failed while reading the ElectricalSeries rates (AttributeError: module 'spikeinterface.extractors' has no attribute 'NwbRecordingExtractor')
2026-10-02T22:21:00Z WARNING [1569/1846] 2b18dd2e-1286-4b2e-bc1a-1b8dee210b7d: leaving unrecorded for a later run to retry.
2026-10-02T22:21:00Z WARNING 2b198596-c095-462e-a890-caf5da2e33c2: failed while reading the ElectricalSeries rates (AttributeError: module 'spikeinterface.extractors' has no attribute 'NwbRecordingExtractor')
2026-10-02T22:21:00Z WARNING [1570/1846] 2b198596-c095-462e-a890-caf5da2e33c2: leaving unrecorded for a later run to retry.
2026-10-02T22:21:00Z WARNING 2b1ab205-774a-454b-b9db-44b31f525537: failed while reading the ElectricalSeries rates (AttributeError: module 'spikeinterface.extractors' has no attribute 'NwbRecordingExtractor')
2026-10-02T22:21:00Z WARNING [1571/1846] 2b1ab205-774a-454b-b9db-44b31f525537: leaving unrecorded for a later run to retry.
2026-10-02T22:21:00Z WARNING 2b1ad3a2-9b7e-4f87-b72b-e604e0801c40: failed while reading the ElectricalSeries rates (AttributeError: module 'spikeinterface.extractors' has no attribute 'NwbRecordingExtractor')
2026-10-02T22:21:00Z WARNING [1572/1846] 2b1ad3a2-9b7e-4f87-b72b-e604e0801c40: leaving unrecorded for a later run to retry.
2026-10-02T22:21:00Z WARNING 2b1b0252-7620-459d-b190-cb8b845ceac8: failed while reading the ElectricalSeries rates (AttributeError: module 'spikeinterface.extractors' has no attribute 'NwbRecordingExtractor')
2026-10-02T22:21:00Z WARNING [1573/1846] 2b1b0252-7620-459d-b190-cb8b845ceac8: leaving unrecorded for a later run to retry.
2026-10-02T22:21:00Z WARNING 2b1becc4-a8a1-4b40-be22-d0a72f2b1f8a: failed while reading the ElectricalSeries rates (AttributeError: module 'spikeinterface.extractors' has no attribute 'NwbRecordingExtractor')
2026-10-02T22:21:00Z WARNING [1574/1846] 2b1becc4-a8a1-4b40-be22-d0a72f2b1f8a: leaving unrecorded for a later run to retry.
2026-10-02T22:21:00Z WARNING 2b1c7148-10c6-48cc-8226-8e186ef2daf3: failed while reading the ElectricalSeries rates (AttributeError: module 'spikeinterface.extractors' has no attribute 'NwbRecordingExtractor')
2026-10-02T22:21:00Z WARNING [1575/1846] 2b1c7148-10c6-48cc-8226-8e186ef2daf3: leaving unrecorded for a later run to retry.
2026-10-02T22:21:00Z WARNING 2b1e222c-57ed-4c4b-a175-39c00347b85c: failed while reading the ElectricalSeries rates (AttributeError: module 'spikeinterface.extractors' has no attribute 'NwbRecordingExtractor')
2026-10-02T22:21:00Z WARNING [1576/1846] 2b1e222c-57ed-4c4b-a175-39c00347b85c: leaving unrecorded for a later run to retry.
2026-10-02T22:21:00Z WARNING 2b2013bb-84f9-482e-94c3-3b1e55bc28b6: failed while reading the ElectricalSeries rates (AttributeError: module 'spikeinterface.extractors' has no attribute 'NwbRecordingExtractor')
2026-10-02T22:21:00Z WARNING [1577/1846] 2b2013bb-84f9-482e-94c3-3b1e55bc28b6: leaving unrecorded for a later run to retry.
2026-10-02T22:21:00Z WARNING 2b20480e-cf47-406f-91d8-f840401d6c5c: failed while reading the ElectricalSeries rates (AttributeError: module 'spikeinterface.extractors' has no attribute 'NwbRecordingExtractor')
2026-10-02T22:21:00Z WARNING [1578/1846] 2b20480e-cf47-406f-91d8-f840401d6c5c: leaving unrecorded for a later run to retry.
2026-10-02T22:21:00Z WARNING 2b2100d8-2553-4d8e-97b4-e287b68014d2: failed while reading the ElectricalSeries rates (AttributeError: module 'spikeinterface.extractors' has no attribute 'NwbRecordingExtractor')
2026-10-02T22:21:00Z WARNING [1579/1846] 2b2100d8-2553-4d8e-97b4-e287b68014d2: leaving unrecorded for a later run to retry.
2026-10-02T22:21:00Z WARNING 2b21326f-3cce-46ae-8f3f-b1d91293a27d: failed while reading the ElectricalSeries rates (AttributeError: module 'spikeinterface.extractors' has no attribute 'NwbRecordingExtractor')
2026-10-02T22:21:00Z WARNING [1580/1846] 2b21326f-3cce-46ae-8f3f-b1d91293a27d: leaving unrecorded for a later run to retry.
2026-10-02T22:21:00Z WARNING 2b218734-3d6f-4baf-9d8c-86bf5176fec6: failed while reading the ElectricalSeries rates (AttributeError: module 'spikeinterface.extractors' has no attribute 'NwbRecordingExtractor')
2026-10-02T22:21:00Z WARNING [1581/1846] 2b218734-3d6f-4baf-9d8c-86bf5176fec6: leaving unrecorded for a later run to retry.
2026-10-02T22:21:00Z WARNING 2b22cf14-a0d2-4d77-a78d-d4711128be9b: failed while reading the ElectricalSeries rates (AttributeError: module 'spikeinterface.extractors' has no attribute 'NwbRecordingExtractor')
2026-10-02T22:21:00Z WARNING [1582/1846] 2b22cf14-a0d2-4d77-a78d-d4711128be9b: leaving unrecorded for a later run to retry.
2026-10-02T22:21:01Z WARNING 2b232515-8e56-4bd0-8b40-a91e7d1ce8ca: failed while reading the ElectricalSeries rates (AttributeError: module 'spikeinterface.extractors' has no attribute 'NwbRecordingExtractor')
2026-10-02T22:21:01Z WARNING [1583/1846] 2b232515-8e56-4bd0-8b40-a91e7d1ce8ca: leaving unrecorded for a later run to retry.
2026-10-02T22:21:01Z WARNING 2b237c21-b57d-493f-9603-d51a61fce315: failed while reading the ElectricalSeries rates (AttributeError: module 'spikeinterface.extractors' has no attribute 'NwbRecordingExtractor')
2026-10-02T22:21:01Z WARNING [1584/1846] 2b237c21-b57d-493f-9603-d51a61fce315: leaving unrecorded for a later run to retry.
2026-10-02T22:21:01Z WARNING 2b23b74a-4514-4ffc-81de-5ee2e3510cc0: failed while reading the ElectricalSeries rates (AttributeError: module 'spikeinterface.extractors' has no attribute 'NwbRecordingExtractor')
2026-10-02T22:21:01Z WARNING [1585/1846] 2b23b74a-4514-4ffc-81de-5ee2e3510cc0: leaving unrecorded for a later run to retry.
2026-10-02T22:21:01Z WARNING 2b23e25b-b002-447d-a13b-5c60933d3b42: failed while reading the ElectricalSeries rates (AttributeError: module 'spikeinterface.extractors' has no attribute 'NwbRecordingExtractor')
2026-10-02T22:21:01Z WARNING [1586/1846] 2b23e25b-b002-447d-a13b-5c60933d3b42: leaving unrecorded for a later run to retry.
2026-10-02T22:21:01Z WARNING 2b24199d-e261-40d3-8358-9bb2689eed00: failed while reading the ElectricalSeries rates (AttributeError: module 'spikeinterface.extractors' has no attribute 'NwbRecordingExtractor')
2026-10-02T22:21:01Z WARNING [1587/1846] 2b24199d-e261-40d3-8358-9bb2689eed00: leaving unrecorded for a later run to retry.
2026-10-02T22:21:01Z WARNING 2b24ac86-0c41-41f1-b55a-44d5b1db63a5: failed while reading the ElectricalSeries rates (AttributeError: module 'spikeinterface.extractors' has no attribute 'NwbRecordingExtractor')
2026-10-02T22:21:01Z WARNING [1588/1846] 2b24ac86-0c41-41f1-b55a-44d5b1db63a5: leaving unrecorded for a later run to retry.
2026-10-02T22:21:01Z WARNING 2b24d703-6129-4e1b-91f1-8275305f64c4: failed while reading the ElectricalSeries rates (AttributeError: module 'spikeinterface.extractors' has no attribute 'NwbRecordingExtractor')
2026-10-02T22:21:01Z WARNING [1589/1846] 2b24d703-6129-4e1b-91f1-8275305f64c4: leaving unrecorded for a later run to retry.
2026-10-02T22:21:01Z WARNING 2b2512fa-0d63-4357-babb-27015d3bb694: failed while reading the ElectricalSeries rates (AttributeError: module 'spikeinterface.extractors' has no attribute 'NwbRecordingExtractor')
2026-10-02T22:21:01Z WARNING [1590/1846] 2b2512fa-0d63-4357-babb-27015d3bb694: leaving unrecorded for a later run to retry.
2026-10-02T22:21:01Z WARNING 2b2599a4-6480-4f73-9d4a-903c5a9d0d83: failed while reading the ElectricalSeries rates (AttributeError: module 'spikeinterface.extractors' has no attribute 'NwbRecordingExtractor')
2026-10-02T22:21:01Z WARNING [1591/1846] 2b2599a4-6480-4f73-9d4a-903c5a9d0d83: leaving unrecorded for a later run to retry.
2026-10-02T22:21:01Z WARNING 2b266b56-7c07-4b4e-8481-2cfa0ffcd169: failed while reading the ElectricalSeries rates (AttributeError: module 'spikeinterface.extractors' has no attribute 'NwbRecordingExtractor')
2026-10-02T22:21:01Z WARNING [1592/1846] 2b266b56-7c07-4b4e-8481-2cfa0ffcd169: leaving unrecorded for a later run to retry.
2026-10-02T22:21:01Z WARNING 2b26cdec-3a77-4588-a809-d2a2de748db8: failed while reading the ElectricalSeries rates (AttributeError: module 'spikeinterface.extractors' has no attribute 'NwbRecordingExtractor')
2026-10-02T22:21:01Z WARNING [1593/1846] 2b26cdec-3a77-4588-a809-d2a2de748db8: leaving unrecorded for a later run to retry.
2026-10-02T22:21:01Z WARNING 2b274140-91a2-414c-a653-e39a9d36f2a7: failed while reading the ElectricalSeries rates (AttributeError: module 'spikeinterface.extractors' has no attribute 'NwbRecordingExtractor')
2026-10-02T22:21:01Z WARNING [1594/1846] 2b274140-91a2-414c-a653-e39a9d36f2a7: leaving unrecorded for a later run to retry.
2026-10-02T22:21:01Z WARNING 2b278228-20e4-48a2-9356-81bc65fa42d7: failed while reading the ElectricalSeries rates (AttributeError: module 'spikeinterface.extractors' has no attribute 'NwbRecordingExtractor')
2026-10-02T22:21:01Z WARNING [1595/1846] 2b278228-20e4-48a2-9356-81bc65fa42d7: leaving unrecorded for a later run to retry.
2026-10-02T22:21:01Z WARNING 2b283cd8-e54b-4755-a9b5-f0f5129e9647: failed while reading the ElectricalSeries rates (AttributeError: module 'spikeinterface.extractors' has no attribute 'NwbRecordingExtractor')
2026-10-02T22:21:01Z WARNING [1596/1846] 2b283cd8-e54b-4755-a9b5-f0f5129e9647: leaving unrecorded for a later run to retry.
2026-10-02T22:21:01Z WARNING 2b28c300-200f-475c-83e3-268b798e2d1e: failed while reading the ElectricalSeries rates (AttributeError: module 'spikeinterface.extractors' has no attribute 'NwbRecordingExtractor')
2026-10-02T22:21:01Z WARNING [1597/1846] 2b28c300-200f-475c-83e3-268b798e2d1e: leaving unrecorded for a later run to retry.
2026-10-02T22:21:01Z WARNING 2b2933d1-51b7-4dcd-a1ac-f2560de1dd9f: failed while reading the ElectricalSeries rates (AttributeError: module 'spikeinterface.extractors' has no attribute 'NwbRecordingExtractor')
2026-10-02T22:21:01Z WARNING [1598/1846] 2b2933d1-51b7-4dcd-a1ac-f2560de1dd9f: leaving unrecorded for a later run to retry.
2026-10-02T22:21:01Z WARNING 2b29fbf6-ea30-4276-9ad2-71366780551f: failed while reading the ElectricalSeries rates (AttributeError: module 'spikeinterface.extractors' has no attribute 'NwbRecordingExtractor')
2026-10-02T22:21:01Z WARNING [1599/1846] 2b29fbf6-ea30-4276-9ad2-71366780551f: leaving unrecorded for a later run to retry.
2026-10-02T22:21:01Z WARNING 2b2a9a50-bb3f-4614-8f16-fe05cf62b924: failed while reading the ElectricalSeries rates (AttributeError: module 'spikeinterface.extractors' has no attribute 'NwbRecordingExtractor')
2026-10-02T22:21:01Z WARNING [1600/1846] 2b2a9a50-bb3f-4614-8f16-fe05cf62b924: leaving unrecorded for a later run to retry.
2026-10-02T22:21:02Z INFO [1600/1846] 2b2a9a50-bb3f-4614-8f16-fe05cf62b924: checkpointed 60602 records.
2026-10-02T22:21:02Z WARNING 2b2a9efd-d441-4d3f-8c2e-1bf2f37eeb5f: failed while reading the ElectricalSeries rates (AttributeError: module 'spikeinterface.extractors' has no attribute 'NwbRecordingExtractor')
2026-10-02T22:21:02Z WARNING [1601/1846] 2b2a9efd-d441-4d3f-8c2e-1bf2f37eeb5f: leaving unrecorded for a later run to retry.
2026-10-02T22:21:02Z WARNING 2b2b4ddc-b043-4ee4-85c0-d449bbe58fd6: failed while reading the ElectricalSeries rates (AttributeError: module 'spikeinterface.extractors' has no attribute 'NwbRecordingExtractor')
2026-10-02T22:21:02Z WARNING [1602/1846] 2b2b4ddc-b043-4ee4-85c0-d449bbe58fd6: leaving unrecorded for a later run to retry.
2026-10-02T22:21:02Z WARNING 2b2b9a3d-7582-4845-bf87-4ce232a9d9c2: failed while reading the ElectricalSeries rates (AttributeError: module 'spikeinterface.extractors' has no attribute 'NwbRecordingExtractor')
2026-10-02T22:21:02Z WARNING [1603/1846] 2b2b9a3d-7582-4845-bf87-4ce232a9d9c2: leaving unrecorded for a later run to retry.
2026-10-02T22:21:02Z WARNING 2b2bb124-f3d8-47d0-b26f-07059d689afc: failed while reading the ElectricalSeries rates (AttributeError: module 'spikeinterface.extractors' has no attribute 'NwbRecordingExtractor')
2026-10-02T22:21:02Z WARNING [1604/1846] 2b2bb124-f3d8-47d0-b26f-07059d689afc: leaving unrecorded for a later run to retry.
2026-10-02T22:21:02Z WARNING 2b2c44b8-9478-466d-b60c-c8996934a646: failed while reading the ElectricalSeries rates (AttributeError: module 'spikeinterface.extractors' has no attribute 'NwbRecordingExtractor')
2026-10-02T22:21:02Z WARNING [1605/1846] 2b2c44b8-9478-466d-b60c-c8996934a646: leaving unrecorded for a later run to retry.
2026-10-02T22:21:02Z WARNING 2b2c4d75-8cd9-4fae-98a7-363ce4c7c2f3: failed while reading the ElectricalSeries rates (AttributeError: module 'spikeinterface.extractors' has no attribute 'NwbRecordingExtractor')
2026-10-02T22:21:02Z WARNING [1606/1846] 2b2c4d75-8cd9-4fae-98a7-363ce4c7c2f3: leaving unrecorded for a later run to retry.
2026-10-02T22:21:02Z WARNING 2b2c5f8f-6092-432f-aab5-0af572df0766: failed while reading the ElectricalSeries rates (AttributeError: module 'spikeinterface.extractors' has no attribute 'NwbRecordingExtractor')
2026-10-02T22:21:02Z WARNING [1607/1846] 2b2c5f8f-6092-432f-aab5-0af572df0766: leaving unrecorded for a later run to retry.
2026-10-02T22:21:02Z WARNING 2b2e835f-ca14-4a87-bf79-7524ac2c9781: failed while reading the ElectricalSeries rates (AttributeError: module 'spikeinterface.extractors' has no attribute 'NwbRecordingExtractor')
2026-10-02T22:21:02Z WARNING [1608/1846] 2b2e835f-ca14-4a87-bf79-7524ac2c9781: leaving unrecorded for a later run to retry.
2026-10-02T22:21:02Z WARNING 2b2ea810-42e7-48e7-bcdb-737a4f60e506: failed while reading the ElectricalSeries rates (AttributeError: module 'spikeinterface.extractors' has no attribute 'NwbRecordingExtractor')
2026-10-02T22:21:02Z WARNING [1609/1846] 2b2ea810-42e7-48e7-bcdb-737a4f60e506: leaving unrecorded for a later run to retry.
2026-10-02T22:21:02Z WARNING 2b3055d2-5401-4dbd-9f70-19669359a1f9: failed while reading the ElectricalSeries rates (AttributeError: module 'spikeinterface.extractors' has no attribute 'NwbRecordingExtractor')
2026-10-02T22:21:02Z WARNING [1610/1846] 2b3055d2-5401-4dbd-9f70-19669359a1f9: leaving unrecorded for a later run to retry.
2026-10-02T22:21:02Z WARNING 2b305e80-f5c7-426f-9354-38b43f0bf8b0: failed while reading the ElectricalSeries rates (AttributeError: module 'spikeinterface.extractors' has no attribute 'NwbRecordingExtractor')
2026-10-02T22:21:02Z WARNING [1611/1846] 2b305e80-f5c7-426f-9354-38b43f0bf8b0: leaving unrecorded for a later run to retry.
2026-10-02T22:21:02Z WARNING 2b32da34-4d6d-4a88-837a-65e0f5c80f76: failed while reading the ElectricalSeries rates (AttributeError: module 'spikeinterface.extractors' has no attribute 'NwbRecordingExtractor')
2026-10-02T22:21:02Z WARNING [1612/1846] 2b32da34-4d6d-4a88-837a-65e0f5c80f76: leaving unrecorded for a later run to retry.
2026-10-02T22:21:02Z WARNING 2b3373d7-a481-4e9d-876d-8298797c971c: failed while reading the ElectricalSeries rates (AttributeError: module 'spikeinterface.extractors' has no attribute 'NwbRecordingExtractor')
2026-10-02T22:21:02Z WARNING [1613/1846] 2b3373d7-a481-4e9d-876d-8298797c971c: leaving unrecorded for a later run to retry.
2026-10-02T22:21:02Z WARNING 2b33ee67-1d87-4821-9fb5-c16e70bffc08: failed while reading the ElectricalSeries rates (AttributeError: module 'spikeinterface.extractors' has no attribute 'NwbRecordingExtractor')
2026-10-02T22:21:02Z WARNING [1614/1846] 2b33ee67-1d87-4821-9fb5-c16e70bffc08: leaving unrecorded for a later run to retry.
2026-10-02T22:21:02Z WARNING 2b34adcb-82d4-4ab4-a462-8103178e0e2b: failed while reading the ElectricalSeries rates (AttributeError: module 'spikeinterface.extractors' has no attribute 'NwbRecordingExtractor')
2026-10-02T22:21:02Z WARNING [1615/1846] 2b34adcb-82d4-4ab4-a462-8103178e0e2b: leaving unrecorded for a later run to retry.
2026-10-02T22:21:02Z WARNING 2b35c599-8119-4221-8b0f-97a6c1736b85: failed while reading the ElectricalSeries rates (AttributeError: module 'spikeinterface.extractors' has no attribute 'NwbRecordingExtractor')
2026-10-02T22:21:02Z WARNING [1616/1846] 2b35c599-8119-4221-8b0f-97a6c1736b85: leaving unrecorded for a later run to retry.
2026-10-02T22:21:02Z WARNING 2b35cb10-e132-4f70-bc14-a761eb097194: failed while reading the ElectricalSeries rates (AttributeError: module 'spikeinterface.extractors' has no attribute 'NwbRecordingExtractor')
2026-10-02T22:21:02Z WARNING [1617/1846] 2b35cb10-e132-4f70-bc14-a761eb097194: leaving unrecorded for a later run to retry.
2026-10-02T22:21:03Z WARNING 2b362bf2-298e-4004-8f2e-1aed0916d62d: failed while reading the ElectricalSeries rates (AttributeError: module 'spikeinterface.extractors' has no attribute 'NwbRecordingExtractor')
2026-10-02T22:21:03Z WARNING [1618/1846] 2b362bf2-298e-4004-8f2e-1aed0916d62d: leaving unrecorded for a later run to retry.
2026-10-02T22:21:03Z WARNING 2b368ff9-f6c4-4bfe-862c-133ec5ae450f: failed while reading the ElectricalSeries rates (AttributeError: module 'spikeinterface.extractors' has no attribute 'NwbRecordingExtractor')
2026-10-02T22:21:03Z WARNING [1619/1846] 2b368ff9-f6c4-4bfe-862c-133ec5ae450f: leaving unrecorded for a later run to retry.
2026-10-02T22:21:03Z WARNING 2b369ca1-8f6b-412e-b619-390633dc1c29: failed while reading the ElectricalSeries rates (AttributeError: module 'spikeinterface.extractors' has no attribute 'NwbRecordingExtractor')
2026-10-02T22:21:03Z WARNING [1620/1846] 2b369ca1-8f6b-412e-b619-390633dc1c29: leaving unrecorded for a later run to retry.
2026-10-02T22:21:03Z WARNING 2b36b610-b694-450f-bde4-c60599166a5b: failed while reading the ElectricalSeries rates (AttributeError: module 'spikeinterface.extractors' has no attribute 'NwbRecordingExtractor')
2026-10-02T22:21:03Z WARNING [1621/1846] 2b36b610-b694-450f-bde4-c60599166a5b: leaving unrecorded for a later run to retry.
2026-10-02T22:21:03Z WARNING 2b36ce44-32c6-4da7-a25e-4d7d3aade574: failed while reading the ElectricalSeries rates (AttributeError: module 'spikeinterface.extractors' has no attribute 'NwbRecordingExtractor')
2026-10-02T22:21:03Z WARNING [1622/1846] 2b36ce44-32c6-4da7-a25e-4d7d3aade574: leaving unrecorded for a later run to retry.
2026-10-02T22:21:03Z WARNING 2b370c03-f1a8-4255-b48d-a8b57bec8f29: failed while reading the ElectricalSeries rates (AttributeError: module 'spikeinterface.extractors' has no attribute 'NwbRecordingExtractor')
2026-10-02T22:21:03Z WARNING [1623/1846] 2b370c03-f1a8-4255-b48d-a8b57bec8f29: leaving unrecorded for a later run to retry.
2026-10-02T22:21:03Z WARNING 2b38e165-0a15-4788-8e0a-b38d3902b5d3: failed while reading the ElectricalSeries rates (AttributeError: module 'spikeinterface.extractors' has no attribute 'NwbRecordingExtractor')
2026-10-02T22:21:03Z WARNING [1624/1846] 2b38e165-0a15-4788-8e0a-b38d3902b5d3: leaving unrecorded for a later run to retry.
2026-10-02T22:21:03Z WARNING 2b39541a-3d43-46f1-a08d-a6868b40261c: failed while reading the ElectricalSeries rates (AttributeError: module 'spikeinterface.extractors' has no attribute 'NwbRecordingExtractor')
2026-10-02T22:21:03Z WARNING [1625/1846] 2b39541a-3d43-46f1-a08d-a6868b40261c: leaving unrecorded for a later run to retry.
2026-10-02T22:21:03Z WARNING 2b397049-e3a1-4f85-8f51-f894ff1429ce: failed while reading the ElectricalSeries rates (AttributeError: module 'spikeinterface.extractors' has no attribute 'NwbRecordingExtractor')
2026-10-02T22:21:03Z WARNING [1626/1846] 2b397049-e3a1-4f85-8f51-f894ff1429ce: leaving unrecorded for a later run to retry.
2026-10-02T22:21:03Z WARNING 2b39e1ec-cf03-4918-8261-5f61cdf32f81: failed while reading the ElectricalSeries rates (AttributeError: module 'spikeinterface.extractors' has no attribute 'NwbRecordingExtractor')
2026-10-02T22:21:03Z WARNING [1627/1846] 2b39e1ec-cf03-4918-8261-5f61cdf32f81: leaving unrecorded for a later run to retry.
2026-10-02T22:21:03Z WARNING 2b3a1f47-30a9-4ce0-b526-ab13bdac073b: failed while reading the ElectricalSeries rates (AttributeError: module 'spikeinterface.extractors' has no attribute 'NwbRecordingExtractor')
2026-10-02T22:21:03Z WARNING [1628/1846] 2b3a1f47-30a9-4ce0-b526-ab13bdac073b: leaving unrecorded for a later run to retry.
2026-10-02T22:21:03Z WARNING 2b3a2e52-23cd-45cc-b97d-a40b62f59b66: failed while reading the ElectricalSeries rates (AttributeError: module 'spikeinterface.extractors' has no attribute 'NwbRecordingExtractor')
2026-10-02T22:21:03Z WARNING [1629/1846] 2b3a2e52-23cd-45cc-b97d-a40b62f59b66: leaving unrecorded for a later run to retry.
2026-10-02T22:21:03Z WARNING 2b3a5667-ee8b-4b29-b230-aa4558791ea9: failed while reading the ElectricalSeries rates (AttributeError: module 'spikeinterface.extractors' has no attribute 'NwbRecordingExtractor')
2026-10-02T22:21:03Z WARNING [1630/1846] 2b3a5667-ee8b-4b29-b230-aa4558791ea9: leaving unrecorded for a later run to retry.
2026-10-02T22:21:03Z WARNING 2b3abad9-99ec-49c5-88e5-15b53e0e01b4: failed while reading the ElectricalSeries rates (AttributeError: module 'spikeinterface.extractors' has no attribute 'NwbRecordingExtractor')
2026-10-02T22:21:03Z WARNING [1631/1846] 2b3abad9-99ec-49c5-88e5-15b53e0e01b4: leaving unrecorded for a later run to retry.
2026-10-02T22:21:03Z WARNING 2b3c4807-f76b-488c-8c3a-ce70d29657d5: failed while reading the ElectricalSeries rates (AttributeError: module 'spikeinterface.extractors' has no attribute 'NwbRecordingExtractor')
2026-10-02T22:21:03Z WARNING [1632/1846] 2b3c4807-f76b-488c-8c3a-ce70d29657d5: leaving unrecorded for a later run to retry.
2026-10-02T22:21:03Z WARNING 2b3ed019-fefa-4159-b6b9-60526752cb9e: failed while reading the ElectricalSeries rates (AttributeError: module 'spikeinterface.extractors' has no attribute 'NwbRecordingExtractor')
2026-10-02T22:21:03Z WARNING [1633/1846] 2b3ed019-fefa-4159-b6b9-60526752cb9e: leaving unrecorded for a later run to retry.
2026-10-02T22:21:03Z WARNING 2b4070ab-d213-40a2-83d6-9edb01e06a42: failed while reading the ElectricalSeries rates (AttributeError: module 'spikeinterface.extractors' has no attribute 'NwbRecordingExtractor')
2026-10-02T22:21:03Z WARNING [1634/1846] 2b4070ab-d213-40a2-83d6-9edb01e06a42: leaving unrecorded for a later run to retry.
2026-10-02T22:21:03Z WARNING 2b409f3d-ddc7-420a-a430-ba94ea202bd7: failed while reading the ElectricalSeries rates (AttributeError: module 'spikeinterface.extractors' has no attribute 'NwbRecordingExtractor')
2026-10-02T22:21:03Z WARNING [1635/1846] 2b409f3d-ddc7-420a-a430-ba94ea202bd7: leaving unrecorded for a later run to retry.
2026-10-02T22:21:03Z WARNING 2b410e09-3211-4b50-a1a8-47a4f009004b: failed while reading the ElectricalSeries rates (AttributeError: module 'spikeinterface.extractors' has no attribute 'NwbRecordingExtractor')
2026-10-02T22:21:03Z WARNING [1636/1846] 2b410e09-3211-4b50-a1a8-47a4f009004b: leaving unrecorded for a later run to retry.
2026-10-02T22:21:04Z WARNING 2b41c61d-4d83-472d-90d1-8359d6ef0b93: failed while reading the ElectricalSeries rates (AttributeError: module 'spikeinterface.extractors' has no attribute 'NwbRecordingExtractor')
2026-10-02T22:21:04Z WARNING [1637/1846] 2b41c61d-4d83-472d-90d1-8359d6ef0b93: leaving unrecorded for a later run to retry.
2026-10-02T22:21:04Z WARNING 2b42290c-e24a-484c-bf2f-daada3ec8b48: failed while reading the ElectricalSeries rates (AttributeError: module 'spikeinterface.extractors' has no attribute 'NwbRecordingExtractor')
2026-10-02T22:21:04Z WARNING [1638/1846] 2b42290c-e24a-484c-bf2f-daada3ec8b48: leaving unrecorded for a later run to retry.
2026-10-02T22:21:04Z WARNING 2b42fc52-27a0-4e83-ab20-1a6ed5b54581: failed while reading the ElectricalSeries rates (AttributeError: module 'spikeinterface.extractors' has no attribute 'NwbRecordingExtractor')
2026-10-02T22:21:04Z WARNING [1639/1846] 2b42fc52-27a0-4e83-ab20-1a6ed5b54581: leaving unrecorded for a later run to retry.
2026-10-02T22:21:04Z WARNING 2b4394fe-545c-4ba9-ac2b-d43087771420: failed while reading the ElectricalSeries rates (AttributeError: module 'spikeinterface.extractors' has no attribute 'NwbRecordingExtractor')
2026-10-02T22:21:04Z WARNING [1640/1846] 2b4394fe-545c-4ba9-ac2b-d43087771420: leaving unrecorded for a later run to retry.
2026-10-02T22:21:04Z WARNING 2b44bcbc-f02f-4f28-a005-9f4929fa5682: failed while reading the ElectricalSeries rates (AttributeError: module 'spikeinterface.extractors' has no attribute 'NwbRecordingExtractor')
2026-10-02T22:21:04Z WARNING [1641/1846] 2b44bcbc-f02f-4f28-a005-9f4929fa5682: leaving unrecorded for a later run to retry.
2026-10-02T22:21:04Z WARNING 2b45889b-639c-44df-a843-34764f25bcb5: failed while reading the ElectricalSeries rates (AttributeError: module 'spikeinterface.extractors' has no attribute 'NwbRecordingExtractor')
2026-10-02T22:21:04Z WARNING [1642/1846] 2b45889b-639c-44df-a843-34764f25bcb5: leaving unrecorded for a later run to retry.
2026-10-02T22:21:04Z WARNING 2b45b56b-e539-4db7-8778-c9be3c64f3e0: failed while reading the ElectricalSeries rates (AttributeError: module 'spikeinterface.extractors' has no attribute 'NwbRecordingExtractor')
2026-10-02T22:21:04Z WARNING [1643/1846] 2b45b56b-e539-4db7-8778-c9be3c64f3e0: leaving unrecorded for a later run to retry.
2026-10-02T22:21:04Z WARNING 2b462591-691a-426b-a7f5-c93800d03f4e: failed while reading the ElectricalSeries rates (AttributeError: module 'spikeinterface.extractors' has no attribute 'NwbRecordingExtractor')
2026-10-02T22:21:04Z WARNING [1644/1846] 2b462591-691a-426b-a7f5-c93800d03f4e: leaving unrecorded for a later run to retry.
2026-10-02T22:21:04Z WARNING 2b463925-caa4-4fe7-89cf-3e8e406d0679: failed while reading the ElectricalSeries rates (AttributeError: module 'spikeinterface.extractors' has no attribute 'NwbRecordingExtractor')
2026-10-02T22:21:04Z WARNING [1645/1846] 2b463925-caa4-4fe7-89cf-3e8e406d0679: leaving unrecorded for a later run to retry.
2026-10-02T22:21:04Z WARNING 2b466b12-7735-466a-aa66-ac73d32abade: failed while reading the ElectricalSeries rates (AttributeError: module 'spikeinterface.extractors' has no attribute 'NwbRecordingExtractor')
2026-10-02T22:21:04Z WARNING [1646/1846] 2b466b12-7735-466a-aa66-ac73d32abade: leaving unrecorded for a later run to retry.
2026-10-02T22:21:04Z WARNING 2b477203-5e1a-4f39-9a1f-c5f5f6179838: failed while reading the ElectricalSeries rates (AttributeError: module 'spikeinterface.extractors' has no attribute 'NwbRecordingExtractor')
2026-10-02T22:21:04Z WARNING [1647/1846] 2b477203-5e1a-4f39-9a1f-c5f5f6179838: leaving unrecorded for a later run to retry.
2026-10-02T22:21:04Z WARNING 2b47eaaa-07e1-486e-9a25-54157db38e55: failed while reading the ElectricalSeries rates (AttributeError: module 'spikeinterface.extractors' has no attribute 'NwbRecordingExtractor')
2026-10-02T22:21:04Z WARNING [1648/1846] 2b47eaaa-07e1-486e-9a25-54157db38e55: leaving unrecorded for a later run to retry.
2026-10-02T22:21:04Z WARNING 2b48231a-1d88-4e47-886f-cb73baece25e: failed while reading the ElectricalSeries rates (AttributeError: module 'spikeinterface.extractors' has no attribute 'NwbRecordingExtractor')
2026-10-02T22:21:04Z WARNING [1649/1846] 2b48231a-1d88-4e47-886f-cb73baece25e: leaving unrecorded for a later run to retry.
2026-10-02T22:21:04Z WARNING 2b485da3-57c1-483c-8920-31233d3ccff4: failed while reading the ElectricalSeries rates (AttributeError: module 'spikeinterface.extractors' has no attribute 'NwbRecordingExtractor')
2026-10-02T22:21:04Z WARNING [1650/1846] 2b485da3-57c1-483c-8920-31233d3ccff4: leaving unrecorded for a later run to retry.
2026-10-02T22:21:04Z INFO [1650/1846] 2b485da3-57c1-483c-8920-31233d3ccff4: checkpointed 60602 records.
2026-10-02T22:21:04Z WARNING 2b487dc6-50b8-4095-b159-f51cbb5eb493: failed while reading the ElectricalSeries rates (AttributeError: module 'spikeinterface.extractors' has no attribute 'NwbRecordingExtractor')
2026-10-02T22:21:04Z WARNING [1651/1846] 2b487dc6-50b8-4095-b159-f51cbb5eb493: leaving unrecorded for a later run to retry.
2026-10-02T22:21:04Z WARNING 2b48906d-a544-40c1-b697-30a89cfe2f98: failed while reading the ElectricalSeries rates (AttributeError: module 'spikeinterface.extractors' has no attribute 'NwbRecordingExtractor')
2026-10-02T22:21:04Z WARNING [1652/1846] 2b48906d-a544-40c1-b697-30a89cfe2f98: leaving unrecorded for a later run to retry.
2026-10-02T22:21:05Z WARNING 2b49998e-7c88-4e04-b7db-fec46c3fa6ff: failed while reading the ElectricalSeries rates (AttributeError: module 'spikeinterface.extractors' has no attribute 'NwbRecordingExtractor')
2026-10-02T22:21:05Z WARNING [1653/1846] 2b49998e-7c88-4e04-b7db-fec46c3fa6ff: leaving unrecorded for a later run to retry.
2026-10-02T22:21:05Z WARNING 2b49abcd-9b5b-4501-bb8c-08653a7d99ed: failed while reading the ElectricalSeries rates (AttributeError: module 'spikeinterface.extractors' has no attribute 'NwbRecordingExtractor')
2026-10-02T22:21:05Z WARNING [1654/1846] 2b49abcd-9b5b-4501-bb8c-08653a7d99ed: leaving unrecorded for a later run to retry.
2026-10-02T22:21:05Z WARNING 2b49d444-fb51-4bf7-ad2d-107502882e4a: failed while reading the ElectricalSeries rates (AttributeError: module 'spikeinterface.extractors' has no attribute 'NwbRecordingExtractor')
2026-10-02T22:21:05Z WARNING [1655/1846] 2b49d444-fb51-4bf7-ad2d-107502882e4a: leaving unrecorded for a later run to retry.
2026-10-02T22:21:05Z WARNING 2b4ad7eb-4aaf-4eb4-8692-804815fb7bcd: failed while reading the ElectricalSeries rates (AttributeError: module 'spikeinterface.extractors' has no attribute 'NwbRecordingExtractor')
2026-10-02T22:21:05Z WARNING [1656/1846] 2b4ad7eb-4aaf-4eb4-8692-804815fb7bcd: leaving unrecorded for a later run to retry.
2026-10-02T22:21:05Z WARNING 2b4c9a26-a242-467d-9aa4-cdc32add2ba4: failed while reading the ElectricalSeries rates (AttributeError: module 'spikeinterface.extractors' has no attribute 'NwbRecordingExtractor')
2026-10-02T22:21:05Z WARNING [1657/1846] 2b4c9a26-a242-467d-9aa4-cdc32add2ba4: leaving unrecorded for a later run to retry.
2026-10-02T22:21:05Z WARNING 2b4d80d3-cf2d-41aa-9e37-1c5ff93603c0: failed while reading the ElectricalSeries rates (AttributeError: module 'spikeinterface.extractors' has no attribute 'NwbRecordingExtractor')
2026-10-02T22:21:05Z WARNING [1658/1846] 2b4d80d3-cf2d-41aa-9e37-1c5ff93603c0: leaving unrecorded for a later run to retry.
2026-10-02T22:21:05Z WARNING 2b4da94c-c223-4d43-8ab6-cd707353f371: failed while reading the ElectricalSeries rates (AttributeError: module 'spikeinterface.extractors' has no attribute 'NwbRecordingExtractor')
2026-10-02T22:21:05Z WARNING [1659/1846] 2b4da94c-c223-4d43-8ab6-cd707353f371: leaving unrecorded for a later run to retry.
2026-10-02T22:21:05Z WARNING 2b4e78d3-4a33-4cd5-a619-12fa8237f8b2: failed while reading the ElectricalSeries rates (AttributeError: module 'spikeinterface.extractors' has no attribute 'NwbRecordingExtractor')
2026-10-02T22:21:05Z WARNING [1660/1846] 2b4e78d3-4a33-4cd5-a619-12fa8237f8b2: leaving unrecorded for a later run to retry.
2026-10-02T22:21:05Z WARNING 2b4f13b9-2b64-4c03-9d0b-b65760ea0fd3: failed while reading the ElectricalSeries rates (AttributeError: module 'spikeinterface.extractors' has no attribute 'NwbRecordingExtractor')
2026-10-02T22:21:05Z WARNING [1661/1846] 2b4f13b9-2b64-4c03-9d0b-b65760ea0fd3: leaving unrecorded for a later run to retry.
2026-10-02T22:21:05Z WARNING 2b4f77e3-be83-4a8a-9211-87b6fefc08fc: failed while reading the ElectricalSeries rates (AttributeError: module 'spikeinterface.extractors' has no attribute 'NwbRecordingExtractor')
2026-10-02T22:21:05Z WARNING [1662/1846] 2b4f77e3-be83-4a8a-9211-87b6fefc08fc: leaving unrecorded for a later run to retry.
2026-10-02T22:21:05Z WARNING 2b4f99a7-f4ac-4564-bae5-0f92d687c7fe: failed while reading the ElectricalSeries rates (AttributeError: module 'spikeinterface.extractors' has no attribute 'NwbRecordingExtractor')
2026-10-02T22:21:05Z WARNING [1663/1846] 2b4f99a7-f4ac-4564-bae5-0f92d687c7fe: leaving unrecorded for a later run to retry.
2026-10-02T22:21:05Z WARNING 2b4fed12-8daa-47f9-9e9f-c34ad490336b: failed while reading the ElectricalSeries rates (AttributeError: module 'spikeinterface.extractors' has no attribute 'NwbRecordingExtractor')
2026-10-02T22:21:05Z WARNING [1664/1846] 2b4fed12-8daa-47f9-9e9f-c34ad490336b: leaving unrecorded for a later run to retry.
2026-10-02T22:21:05Z WARNING 2b514097-7235-4d03-a332-b6d17f113204: failed while reading the ElectricalSeries rates (AttributeError: module 'spikeinterface.extractors' has no attribute 'NwbRecordingExtractor')
2026-10-02T22:21:05Z WARNING [1665/1846] 2b514097-7235-4d03-a332-b6d17f113204: leaving unrecorded for a later run to retry.
2026-10-02T22:21:05Z WARNING 2b518c96-6617-4698-9471-6e7381690f42: failed while reading the ElectricalSeries rates (AttributeError: module 'spikeinterface.extractors' has no attribute 'NwbRecordingExtractor')
2026-10-02T22:21:05Z WARNING [1666/1846] 2b518c96-6617-4698-9471-6e7381690f42: leaving unrecorded for a later run to retry.
2026-10-02T22:21:05Z WARNING 2b52fedf-d621-44b0-950e-378e653f3cad: failed while reading the ElectricalSeries rates (AttributeError: module 'spikeinterface.extractors' has no attribute 'NwbRecordingExtractor')
2026-10-02T22:21:05Z WARNING [1667/1846] 2b52fedf-d621-44b0-950e-378e653f3cad: leaving unrecorded for a later run to retry.
2026-10-02T22:21:05Z WARNING 2b5380ff-12b6-4957-807f-e0a980efdac5: failed while reading the ElectricalSeries rates (AttributeError: module 'spikeinterface.extractors' has no attribute 'NwbRecordingExtractor')
2026-10-02T22:21:05Z WARNING [1668/1846] 2b5380ff-12b6-4957-807f-e0a980efdac5: leaving unrecorded for a later run to retry.
2026-10-02T22:21:05Z WARNING 2b557394-c3eb-472e-9766-8492382c3afd: failed while reading the ElectricalSeries rates (AttributeError: module 'spikeinterface.extractors' has no attribute 'NwbRecordingExtractor')
2026-10-02T22:21:05Z WARNING [1669/1846] 2b557394-c3eb-472e-9766-8492382c3afd: leaving unrecorded for a later run to retry.
2026-10-02T22:21:05Z WARNING 2b571ec1-cd52-4e1e-9057-99257e6223a1: failed while reading the ElectricalSeries rates (AttributeError: module 'spikeinterface.extractors' has no attribute 'NwbRecordingExtractor')
2026-10-02T22:21:05Z WARNING [1670/1846] 2b571ec1-cd52-4e1e-9057-99257e6223a1: leaving unrecorded for a later run to retry.
2026-10-02T22:21:06Z WARNING 2b57af93-8772-4290-b1d7-6df505184537: failed while reading the ElectricalSeries rates (AttributeError: module 'spikeinterface.extractors' has no attribute 'NwbRecordingExtractor')
2026-10-02T22:21:06Z WARNING [1671/1846] 2b57af93-8772-4290-b1d7-6df505184537: leaving unrecorded for a later run to retry.
2026-10-02T22:21:06Z WARNING 2b584065-d557-43d8-830b-467ac235487b: failed while reading the ElectricalSeries rates (AttributeError: module 'spikeinterface.extractors' has no attribute 'NwbRecordingExtractor')
2026-10-02T22:21:06Z WARNING [1672/1846] 2b584065-d557-43d8-830b-467ac235487b: leaving unrecorded for a later run to retry.
2026-10-02T22:21:06Z WARNING 2b585698-044f-4ac5-851c-b87816364ccd: failed while reading the ElectricalSeries rates (AttributeError: module 'spikeinterface.extractors' has no attribute 'NwbRecordingExtractor')
2026-10-02T22:21:06Z WARNING [1673/1846] 2b585698-044f-4ac5-851c-b87816364ccd: leaving unrecorded for a later run to retry.
2026-10-02T22:21:06Z WARNING 2b58a1fa-76b3-4e78-91ea-67ed795cb781: failed while reading the ElectricalSeries rates (AttributeError: module 'spikeinterface.extractors' has no attribute 'NwbRecordingExtractor')
2026-10-02T22:21:06Z WARNING [1674/1846] 2b58a1fa-76b3-4e78-91ea-67ed795cb781: leaving unrecorded for a later run to retry.
2026-10-02T22:21:06Z WARNING 2b58a21d-7ec2-41f2-b309-7eae06be3dfe: failed while reading the ElectricalSeries rates (AttributeError: module 'spikeinterface.extractors' has no attribute 'NwbRecordingExtractor')
2026-10-02T22:21:06Z WARNING [1675/1846] 2b58a21d-7ec2-41f2-b309-7eae06be3dfe: leaving unrecorded for a later run to retry.
2026-10-02T22:21:06Z WARNING 2b5954a4-bada-4570-8c36-f57cbe8d6aca: failed while reading the ElectricalSeries rates (AttributeError: module 'spikeinterface.extractors' has no attribute 'NwbRecordingExtractor')
2026-10-02T22:21:06Z WARNING [1676/1846] 2b5954a4-bada-4570-8c36-f57cbe8d6aca: leaving unrecorded for a later run to retry.
2026-10-02T22:21:06Z WARNING 2b5c0876-1045-43a5-bd52-9ef12dcf2b41: failed while reading the ElectricalSeries rates (AttributeError: module 'spikeinterface.extractors' has no attribute 'NwbRecordingExtractor')
2026-10-02T22:21:06Z WARNING [1677/1846] 2b5c0876-1045-43a5-bd52-9ef12dcf2b41: leaving unrecorded for a later run to retry.
2026-10-02T22:21:06Z WARNING 2b5c25f7-c601-489f-89ed-4c6001808175: failed while reading the ElectricalSeries rates (AttributeError: module 'spikeinterface.extractors' has no attribute 'NwbRecordingExtractor')
2026-10-02T22:21:06Z WARNING [1678/1846] 2b5c25f7-c601-489f-89ed-4c6001808175: leaving unrecorded for a later run to retry.
2026-10-02T22:21:06Z WARNING 2b5c32cf-83a0-499b-83c2-a63102b9dbb2: failed while reading the ElectricalSeries rates (AttributeError: module 'spikeinterface.extractors' has no attribute 'NwbRecordingExtractor')
2026-10-02T22:21:06Z WARNING [1679/1846] 2b5c32cf-83a0-499b-83c2-a63102b9dbb2: leaving unrecorded for a later run to retry.
2026-10-02T22:21:06Z WARNING 2b5c667e-1054-47f2-b14a-5ab551666345: failed while reading the ElectricalSeries rates (AttributeError: module 'spikeinterface.extractors' has no attribute 'NwbRecordingExtractor')
2026-10-02T22:21:06Z WARNING [1680/1846] 2b5c667e-1054-47f2-b14a-5ab551666345: leaving unrecorded for a later run to retry.
2026-10-02T22:21:06Z WARNING 2b5c6c4b-3f4f-43c0-8047-503376f4b3f0: failed while reading the ElectricalSeries rates (AttributeError: module 'spikeinterface.extractors' has no attribute 'NwbRecordingExtractor')
2026-10-02T22:21:06Z WARNING [1681/1846] 2b5c6c4b-3f4f-43c0-8047-503376f4b3f0: leaving unrecorded for a later run to retry.
2026-10-02T22:21:06Z WARNING 2b5cc4fa-b248-4c1c-875c-1ded8326818a: failed while reading the ElectricalSeries rates (AttributeError: module 'spikeinterface.extractors' has no attribute 'NwbRecordingExtractor')
2026-10-02T22:21:06Z WARNING [1682/1846] 2b5cc4fa-b248-4c1c-875c-1ded8326818a: leaving unrecorded for a later run to retry.
2026-10-02T22:21:06Z WARNING 2b5dc03d-933e-4f13-bd08-be6171ce623a: failed while reading the ElectricalSeries rates (AttributeError: module 'spikeinterface.extractors' has no attribute 'NwbRecordingExtractor')
2026-10-02T22:21:06Z WARNING [1683/1846] 2b5dc03d-933e-4f13-bd08-be6171ce623a: leaving unrecorded for a later run to retry.
2026-10-02T22:21:06Z WARNING 2b5f3252-b8dd-403d-a221-13b34ac56dfc: failed while reading the ElectricalSeries rates (AttributeError: module 'spikeinterface.extractors' has no attribute 'NwbRecordingExtractor')
2026-10-02T22:21:06Z WARNING [1684/1846] 2b5f3252-b8dd-403d-a221-13b34ac56dfc: leaving unrecorded for a later run to retry.
2026-10-02T22:21:06Z WARNING 2b5f5f94-d3ee-43b7-911d-32b036b5f6cf: failed while reading the ElectricalSeries rates (AttributeError: module 'spikeinterface.extractors' has no attribute 'NwbRecordingExtractor')
2026-10-02T22:21:06Z WARNING [1685/1846] 2b5f5f94-d3ee-43b7-911d-32b036b5f6cf: leaving unrecorded for a later run to retry.
2026-10-02T22:21:06Z WARNING 2b5f6b13-3c66-4fc9-9505-e7f752e5c638: failed while reading the ElectricalSeries rates (AttributeError: module 'spikeinterface.extractors' has no attribute 'NwbRecordingExtractor')
2026-10-02T22:21:06Z WARNING [1686/1846] 2b5f6b13-3c66-4fc9-9505-e7f752e5c638: leaving unrecorded for a later run to retry.
2026-10-02T22:21:06Z WARNING 2b5f8ae4-8526-4a76-bfbe-31c5a0122845: failed while reading the ElectricalSeries rates (AttributeError: module 'spikeinterface.extractors' has no attribute 'NwbRecordingExtractor')
2026-10-02T22:21:06Z WARNING [1687/1846] 2b5f8ae4-8526-4a76-bfbe-31c5a0122845: leaving unrecorded for a later run to retry.
2026-10-02T22:21:06Z WARNING 2b60c14c-77ad-41ac-b6c6-c7effcebb3a8: failed while reading the ElectricalSeries rates (AttributeError: module 'spikeinterface.extractors' has no attribute 'NwbRecordingExtractor')
2026-10-02T22:21:06Z WARNING [1688/1846] 2b60c14c-77ad-41ac-b6c6-c7effcebb3a8: leaving unrecorded for a later run to retry.
2026-10-02T22:21:07Z WARNING 2b61810d-ebd6-407b-8243-ab00f5647bde: failed while reading the ElectricalSeries rates (AttributeError: module 'spikeinterface.extractors' has no attribute 'NwbRecordingExtractor')
2026-10-02T22:21:07Z WARNING [1689/1846] 2b61810d-ebd6-407b-8243-ab00f5647bde: leaving unrecorded for a later run to retry.
2026-10-02T22:21:07Z WARNING 2b61d054-fce3-447b-994a-e9faaf5420e1: failed while reading the ElectricalSeries rates (AttributeError: module 'spikeinterface.extractors' has no attribute 'NwbRecordingExtractor')
2026-10-02T22:21:07Z WARNING [1690/1846] 2b61d054-fce3-447b-994a-e9faaf5420e1: leaving unrecorded for a later run to retry.
2026-10-02T22:21:07Z WARNING 2b620762-36d7-4feb-ad4b-e580187a2665: failed while reading the ElectricalSeries rates (AttributeError: module 'spikeinterface.extractors' has no attribute 'NwbRecordingExtractor')
2026-10-02T22:21:07Z WARNING [1691/1846] 2b620762-36d7-4feb-ad4b-e580187a2665: leaving unrecorded for a later run to retry.
2026-10-02T22:21:07Z WARNING 2b637615-7fb4-4cad-8339-170425e70802: failed while reading the ElectricalSeries rates (AttributeError: module 'spikeinterface.extractors' has no attribute 'NwbRecordingExtractor')
2026-10-02T22:21:07Z WARNING [1692/1846] 2b637615-7fb4-4cad-8339-170425e70802: leaving unrecorded for a later run to retry.
2026-10-02T22:21:07Z WARNING 2b6389d0-126d-4d9e-8048-66bc2125a89b: failed while reading the ElectricalSeries rates (AttributeError: module 'spikeinterface.extractors' has no attribute 'NwbRecordingExtractor')
2026-10-02T22:21:07Z WARNING [1693/1846] 2b6389d0-126d-4d9e-8048-66bc2125a89b: leaving unrecorded for a later run to retry.
2026-10-02T22:21:07Z WARNING 2b63ef10-efa6-4395-bccc-2e40c0d1befd: failed while reading the ElectricalSeries rates (AttributeError: module 'spikeinterface.extractors' has no attribute 'NwbRecordingExtractor')
2026-10-02T22:21:07Z WARNING [1694/1846] 2b63ef10-efa6-4395-bccc-2e40c0d1befd: leaving unrecorded for a later run to retry.
2026-10-02T22:21:07Z WARNING 2b644dba-7141-4af0-a213-6dcd33d3ec3d: failed while reading the ElectricalSeries rates (AttributeError: module 'spikeinterface.extractors' has no attribute 'NwbRecordingExtractor')
2026-10-02T22:21:07Z WARNING [1695/1846] 2b644dba-7141-4af0-a213-6dcd33d3ec3d: leaving unrecorded for a later run to retry.
2026-10-02T22:21:07Z WARNING 2b648229-3d10-4cf8-87f9-e330aeb4be4a: failed while reading the ElectricalSeries rates (AttributeError: module 'spikeinterface.extractors' has no attribute 'NwbRecordingExtractor')
2026-10-02T22:21:07Z WARNING [1696/1846] 2b648229-3d10-4cf8-87f9-e330aeb4be4a: leaving unrecorded for a later run to retry.
2026-10-02T22:21:07Z WARNING 2b64ea42-c2a5-4fd6-acf6-6167e7438fc7: failed while reading the ElectricalSeries rates (AttributeError: module 'spikeinterface.extractors' has no attribute 'NwbRecordingExtractor')
2026-10-02T22:21:07Z WARNING [1697/1846] 2b64ea42-c2a5-4fd6-acf6-6167e7438fc7: leaving unrecorded for a later run to retry.
2026-10-02T22:21:07Z WARNING 2b6527ca-4352-44cd-8c53-aed0dc581d69: failed while reading the ElectricalSeries rates (AttributeError: module 'spikeinterface.extractors' has no attribute 'NwbRecordingExtractor')
2026-10-02T22:21:07Z WARNING [1698/1846] 2b6527ca-4352-44cd-8c53-aed0dc581d69: leaving unrecorded for a later run to retry.
2026-10-02T22:21:07Z WARNING 2b694601-e231-4a8c-8ae5-5183c9dfe0f2: failed while reading the ElectricalSeries rates (AttributeError: module 'spikeinterface.extractors' has no attribute 'NwbRecordingExtractor')
2026-10-02T22:21:07Z WARNING [1699/1846] 2b694601-e231-4a8c-8ae5-5183c9dfe0f2: leaving unrecorded for a later run to retry.
2026-10-02T22:21:07Z WARNING 2b69ece6-1e1a-4916-b176-2005931be3cd: failed while reading the ElectricalSeries rates (AttributeError: module 'spikeinterface.extractors' has no attribute 'NwbRecordingExtractor')
2026-10-02T22:21:07Z WARNING [1700/1846] 2b69ece6-1e1a-4916-b176-2005931be3cd: leaving unrecorded for a later run to retry.
2026-10-02T22:21:07Z INFO [1700/1846] 2b69ece6-1e1a-4916-b176-2005931be3cd: checkpointed 60602 records.
2026-10-02T22:21:07Z WARNING 2b6a0ea3-bcfc-4cbf-92ac-ff14436c670b: failed while reading the ElectricalSeries rates (AttributeError: module 'spikeinterface.extractors' has no attribute 'NwbRecordingExtractor')
2026-10-02T22:21:07Z WARNING [1701/1846] 2b6a0ea3-bcfc-4cbf-92ac-ff14436c670b: leaving unrecorded for a later run to retry.
2026-10-02T22:21:07Z WARNING 2b6a886a-3c29-4e0a-86a4-c7da85c99bfc: failed while reading the ElectricalSeries rates (AttributeError: module 'spikeinterface.extractors' has no attribute 'NwbRecordingExtractor')
2026-10-02T22:21:07Z WARNING [1702/1846] 2b6a886a-3c29-4e0a-86a4-c7da85c99bfc: leaving unrecorded for a later run to retry.
2026-10-02T22:21:07Z WARNING 2b6ad6c4-10f1-4dc3-93db-bbab084ced08: failed while reading the ElectricalSeries rates (AttributeError: module 'spikeinterface.extractors' has no attribute 'NwbRecordingExtractor')
2026-10-02T22:21:07Z WARNING [1703/1846] 2b6ad6c4-10f1-4dc3-93db-bbab084ced08: leaving unrecorded for a later run to retry.
2026-10-02T22:21:07Z WARNING 2b6b00b8-f75c-4866-a1c6-9a5c8cbed51a: failed while reading the ElectricalSeries rates (AttributeError: module 'spikeinterface.extractors' has no attribute 'NwbRecordingExtractor')
2026-10-02T22:21:07Z WARNING [1704/1846] 2b6b00b8-f75c-4866-a1c6-9a5c8cbed51a: leaving unrecorded for a later run to retry.
2026-10-02T22:21:08Z WARNING 2b6b9ee9-ce74-4c89-a56c-49552f673161: failed while reading the ElectricalSeries rates (AttributeError: module 'spikeinterface.extractors' has no attribute 'NwbRecordingExtractor')
2026-10-02T22:21:08Z WARNING [1705/1846] 2b6b9ee9-ce74-4c89-a56c-49552f673161: leaving unrecorded for a later run to retry.
2026-10-02T22:21:08Z WARNING 2b6bc33f-1fe7-4113-868d-0cf12c70359b: failed while reading the ElectricalSeries rates (AttributeError: module 'spikeinterface.extractors' has no attribute 'NwbRecordingExtractor')
2026-10-02T22:21:08Z WARNING [1706/1846] 2b6bc33f-1fe7-4113-868d-0cf12c70359b: leaving unrecorded for a later run to retry.
2026-10-02T22:21:08Z WARNING 2b6c469b-f07b-46a7-8ff2-228678e9a26b: failed while reading the ElectricalSeries rates (AttributeError: module 'spikeinterface.extractors' has no attribute 'NwbRecordingExtractor')
2026-10-02T22:21:08Z WARNING [1707/1846] 2b6c469b-f07b-46a7-8ff2-228678e9a26b: leaving unrecorded for a later run to retry.
2026-10-02T22:21:08Z WARNING 2b6d034b-54c9-46f5-9b00-506d77c073ae: failed while reading the ElectricalSeries rates (AttributeError: module 'spikeinterface.extractors' has no attribute 'NwbRecordingExtractor')
2026-10-02T22:21:08Z WARNING [1708/1846] 2b6d034b-54c9-46f5-9b00-506d77c073ae: leaving unrecorded for a later run to retry.
2026-10-02T22:21:08Z WARNING 2b6de023-14d3-449f-8561-f5b9dbdfb20f: failed while reading the ElectricalSeries rates (AttributeError: module 'spikeinterface.extractors' has no attribute 'NwbRecordingExtractor')
2026-10-02T22:21:08Z WARNING [1709/1846] 2b6de023-14d3-449f-8561-f5b9dbdfb20f: leaving unrecorded for a later run to retry.
2026-10-02T22:21:08Z WARNING 2b6e6733-5597-4325-81ca-9db00762ab03: failed while reading the ElectricalSeries rates (AttributeError: module 'spikeinterface.extractors' has no attribute 'NwbRecordingExtractor')
2026-10-02T22:21:08Z WARNING [1710/1846] 2b6e6733-5597-4325-81ca-9db00762ab03: leaving unrecorded for a later run to retry.
2026-10-02T22:21:08Z WARNING 2b6e7a80-f708-433c-9026-30a761a60e81: failed while reading the ElectricalSeries rates (AttributeError: module 'spikeinterface.extractors' has no attribute 'NwbRecordingExtractor')
2026-10-02T22:21:08Z WARNING [1711/1846] 2b6e7a80-f708-433c-9026-30a761a60e81: leaving unrecorded for a later run to retry.
2026-10-02T22:21:08Z WARNING 2b6e7ad9-df5b-47f2-b8b5-f8390e0165be: failed while reading the ElectricalSeries rates (AttributeError: module 'spikeinterface.extractors' has no attribute 'NwbRecordingExtractor')
2026-10-02T22:21:08Z WARNING [1712/1846] 2b6e7ad9-df5b-47f2-b8b5-f8390e0165be: leaving unrecorded for a later run to retry.
2026-10-02T22:21:08Z WARNING 2b6f3d58-9a39-40f2-97f1-3a1e0529cce4: failed while reading the ElectricalSeries rates (AttributeError: module 'spikeinterface.extractors' has no attribute 'NwbRecordingExtractor')
2026-10-02T22:21:08Z WARNING [1713/1846] 2b6f3d58-9a39-40f2-97f1-3a1e0529cce4: leaving unrecorded for a later run to retry.
2026-10-02T22:21:08Z WARNING 2b702908-aae3-412c-a33a-da868a645f02: failed while reading the ElectricalSeries rates (AttributeError: module 'spikeinterface.extractors' has no attribute 'NwbRecordingExtractor')
2026-10-02T22:21:08Z WARNING [1714/1846] 2b702908-aae3-412c-a33a-da868a645f02: leaving unrecorded for a later run to retry.
2026-10-02T22:21:08Z WARNING 2b703afe-ecf9-44ee-8e05-3ecc983b3297: failed while reading the ElectricalSeries rates (AttributeError: module 'spikeinterface.extractors' has no attribute 'NwbRecordingExtractor')
2026-10-02T22:21:08Z WARNING [1715/1846] 2b703afe-ecf9-44ee-8e05-3ecc983b3297: leaving unrecorded for a later run to retry.
2026-10-02T22:21:08Z WARNING 2b704257-c604-4ef6-8c4a-8edd9c26f83c: failed while reading the ElectricalSeries rates (AttributeError: module 'spikeinterface.extractors' has no attribute 'NwbRecordingExtractor')
2026-10-02T22:21:08Z WARNING [1716/1846] 2b704257-c604-4ef6-8c4a-8edd9c26f83c: leaving unrecorded for a later run to retry.
2026-10-02T22:21:08Z WARNING 2b70b1ba-e2f0-4765-983c-99b239686697: failed while reading the ElectricalSeries rates (AttributeError: module 'spikeinterface.extractors' has no attribute 'NwbRecordingExtractor')
2026-10-02T22:21:08Z WARNING [1717/1846] 2b70b1ba-e2f0-4765-983c-99b239686697: leaving unrecorded for a later run to retry.
2026-10-02T22:21:08Z WARNING 2b710e99-4b88-43ed-9b2d-410f2e5f75e8: failed while reading the ElectricalSeries rates (AttributeError: module 'spikeinterface.extractors' has no attribute 'NwbRecordingExtractor')
2026-10-02T22:21:08Z WARNING [1718/1846] 2b710e99-4b88-43ed-9b2d-410f2e5f75e8: leaving unrecorded for a later run to retry.
2026-10-02T22:21:08Z WARNING 2b71122d-67c0-4ef5-928c-e33966fd55a8: failed while reading the ElectricalSeries rates (AttributeError: module 'spikeinterface.extractors' has no attribute 'NwbRecordingExtractor')
2026-10-02T22:21:08Z WARNING [1719/1846] 2b71122d-67c0-4ef5-928c-e33966fd55a8: leaving unrecorded for a later run to retry.
2026-10-02T22:21:08Z WARNING 2b719775-a786-4879-b876-63894e36ca07: failed while reading the ElectricalSeries rates (AttributeError: module 'spikeinterface.extractors' has no attribute 'NwbRecordingExtractor')
2026-10-02T22:21:08Z WARNING [1720/1846] 2b719775-a786-4879-b876-63894e36ca07: leaving unrecorded for a later run to retry.
2026-10-02T22:21:08Z WARNING 2b726876-06cc-477c-8005-0eeef4cf611e: failed while reading the ElectricalSeries rates (AttributeError: module 'spikeinterface.extractors' has no attribute 'NwbRecordingExtractor')
2026-10-02T22:21:08Z WARNING [1721/1846] 2b726876-06cc-477c-8005-0eeef4cf611e: leaving unrecorded for a later run to retry.
2026-10-02T22:21:08Z WARNING 2b7305ec-09bf-42a9-9102-eb05a2a5278b: failed while reading the ElectricalSeries rates (AttributeError: module 'spikeinterface.extractors' has no attribute 'NwbRecordingExtractor')
2026-10-02T22:21:08Z WARNING [1722/1846] 2b7305ec-09bf-42a9-9102-eb05a2a5278b: leaving unrecorded for a later run to retry.
2026-10-02T22:21:08Z WARNING 2b7340f8-4445-4258-b668-9a38fab55b2d: failed while reading the ElectricalSeries rates (AttributeError: module 'spikeinterface.extractors' has no attribute 'NwbRecordingExtractor')
2026-10-02T22:21:08Z WARNING [1723/1846] 2b7340f8-4445-4258-b668-9a38fab55b2d: leaving unrecorded for a later run to retry.
2026-10-02T22:21:08Z WARNING 2b73868d-a484-49db-9026-b7706f5034b7: failed while reading the ElectricalSeries rates (AttributeError: module 'spikeinterface.extractors' has no attribute 'NwbRecordingExtractor')
2026-10-02T22:21:08Z WARNING [1724/1846] 2b73868d-a484-49db-9026-b7706f5034b7: leaving unrecorded for a later run to retry.
2026-10-02T22:21:09Z WARNING 2b7426dd-591d-44eb-8bd9-fee84d801eba: failed while reading the ElectricalSeries rates (AttributeError: module 'spikeinterface.extractors' has no attribute 'NwbRecordingExtractor')
2026-10-02T22:21:09Z WARNING [1725/1846] 2b7426dd-591d-44eb-8bd9-fee84d801eba: leaving unrecorded for a later run to retry.
2026-10-02T22:21:09Z WARNING 2b742817-a8fe-4a71-8e63-0936cdee0afd: failed while reading the ElectricalSeries rates (AttributeError: module 'spikeinterface.extractors' has no attribute 'NwbRecordingExtractor')
2026-10-02T22:21:09Z WARNING [1726/1846] 2b742817-a8fe-4a71-8e63-0936cdee0afd: leaving unrecorded for a later run to retry.
2026-10-02T22:21:09Z WARNING 2b746790-d040-4930-841a-daf8b98b5b18: failed while reading the ElectricalSeries rates (AttributeError: module 'spikeinterface.extractors' has no attribute 'NwbRecordingExtractor')
2026-10-02T22:21:09Z WARNING [1727/1846] 2b746790-d040-4930-841a-daf8b98b5b18: leaving unrecorded for a later run to retry.
2026-10-02T22:21:09Z WARNING 2b74d126-faa1-4ce3-9633-dcb909c18171: failed while reading the ElectricalSeries rates (AttributeError: module 'spikeinterface.extractors' has no attribute 'NwbRecordingExtractor')
2026-10-02T22:21:09Z WARNING [1728/1846] 2b74d126-faa1-4ce3-9633-dcb909c18171: leaving unrecorded for a later run to retry.
2026-10-02T22:21:09Z WARNING 2b756b71-e3d5-4abb-8400-9fb36bc43d99: failed while reading the ElectricalSeries rates (AttributeError: module 'spikeinterface.extractors' has no attribute 'NwbRecordingExtractor')
2026-10-02T22:21:09Z WARNING [1729/1846] 2b756b71-e3d5-4abb-8400-9fb36bc43d99: leaving unrecorded for a later run to retry.
2026-10-02T22:21:09Z WARNING 2b75e4c1-f3d8-4c94-b1fc-5f2a7548f0cb: failed while reading the ElectricalSeries rates (AttributeError: module 'spikeinterface.extractors' has no attribute 'NwbRecordingExtractor')
2026-10-02T22:21:09Z WARNING [1730/1846] 2b75e4c1-f3d8-4c94-b1fc-5f2a7548f0cb: leaving unrecorded for a later run to retry.
2026-10-02T22:21:09Z WARNING 2b760aaf-0ff9-46e5-bf5e-89a4e3146412: failed while reading the ElectricalSeries rates (AttributeError: module 'spikeinterface.extractors' has no attribute 'NwbRecordingExtractor')
2026-10-02T22:21:09Z WARNING [1731/1846] 2b760aaf-0ff9-46e5-bf5e-89a4e3146412: leaving unrecorded for a later run to retry.
2026-10-02T22:21:09Z WARNING 2b762afb-e496-4ae9-a735-48a33e837588: failed while reading the ElectricalSeries rates (AttributeError: module 'spikeinterface.extractors' has no attribute 'NwbRecordingExtractor')
2026-10-02T22:21:09Z WARNING [1732/1846] 2b762afb-e496-4ae9-a735-48a33e837588: leaving unrecorded for a later run to retry.
2026-10-02T22:21:09Z WARNING 2b767a3e-b062-4d0c-b189-e8754d3e5dc4: failed while reading the ElectricalSeries rates (AttributeError: module 'spikeinterface.extractors' has no attribute 'NwbRecordingExtractor')
2026-10-02T22:21:09Z WARNING [1733/1846] 2b767a3e-b062-4d0c-b189-e8754d3e5dc4: leaving unrecorded for a later run to retry.
2026-10-02T22:21:09Z WARNING 2b7855ee-1f61-4324-b600-c80395cb1308: failed while reading the ElectricalSeries rates (AttributeError: module 'spikeinterface.extractors' has no attribute 'NwbRecordingExtractor')
2026-10-02T22:21:09Z WARNING [1734/1846] 2b7855ee-1f61-4324-b600-c80395cb1308: leaving unrecorded for a later run to retry.
2026-10-02T22:21:09Z WARNING 2b789d30-68d9-473d-bd11-826ed1a84b5a: failed while reading the ElectricalSeries rates (AttributeError: module 'spikeinterface.extractors' has no attribute 'NwbRecordingExtractor')
2026-10-02T22:21:09Z WARNING [1735/1846] 2b789d30-68d9-473d-bd11-826ed1a84b5a: leaving unrecorded for a later run to retry.
2026-10-02T22:21:09Z WARNING 2b78a2d8-0b72-4b08-9bba-7266f958134e: failed while reading the ElectricalSeries rates (AttributeError: module 'spikeinterface.extractors' has no attribute 'NwbRecordingExtractor')
2026-10-02T22:21:09Z WARNING [1736/1846] 2b78a2d8-0b72-4b08-9bba-7266f958134e: leaving unrecorded for a later run to retry.
2026-10-02T22:21:09Z WARNING 2b78a459-9e07-450d-8776-8926621a3024: failed while reading the ElectricalSeries rates (AttributeError: module 'spikeinterface.extractors' has no attribute 'NwbRecordingExtractor')
2026-10-02T22:21:09Z WARNING [1737/1846] 2b78a459-9e07-450d-8776-8926621a3024: leaving unrecorded for a later run to retry.
2026-10-02T22:21:09Z WARNING 2b795fb3-ad13-4f20-b6eb-9fc0dd42d4ba: failed while reading the ElectricalSeries rates (AttributeError: module 'spikeinterface.extractors' has no attribute 'NwbRecordingExtractor')
2026-10-02T22:21:09Z WARNING [1738/1846] 2b795fb3-ad13-4f20-b6eb-9fc0dd42d4ba: leaving unrecorded for a later run to retry.
2026-10-02T22:21:09Z WARNING 2b79b126-3639-426d-8266-4f20a6ce2922: failed while reading the ElectricalSeries rates (AttributeError: module 'spikeinterface.extractors' has no attribute 'NwbRecordingExtractor')
2026-10-02T22:21:09Z WARNING [1739/1846] 2b79b126-3639-426d-8266-4f20a6ce2922: leaving unrecorded for a later run to retry.
2026-10-02T22:21:09Z WARNING 2b7a064a-396a-486d-9879-6e64f55b0def: failed while reading the ElectricalSeries rates (AttributeError: module 'spikeinterface.extractors' has no attribute 'NwbRecordingExtractor')
2026-10-02T22:21:09Z WARNING [1740/1846] 2b7a064a-396a-486d-9879-6e64f55b0def: leaving unrecorded for a later run to retry.
2026-10-02T22:21:09Z WARNING 2b7ad619-12c2-4560-a97e-f97c3ca84b98: failed while reading the ElectricalSeries rates (AttributeError: module 'spikeinterface.extractors' has no attribute 'NwbRecordingExtractor')
2026-10-02T22:21:09Z WARNING [1741/1846] 2b7ad619-12c2-4560-a97e-f97c3ca84b98: leaving unrecorded for a later run to retry.
2026-10-02T22:21:10Z WARNING 2b7b4ff0-e1f9-4bb5-959d-6801ee695432: failed while reading the ElectricalSeries rates (AttributeError: module 'spikeinterface.extractors' has no attribute 'NwbRecordingExtractor')
2026-10-02T22:21:10Z WARNING [1742/1846] 2b7b4ff0-e1f9-4bb5-959d-6801ee695432: leaving unrecorded for a later run to retry.
2026-10-02T22:21:10Z WARNING 2b7be1ad-58ef-479c-a493-69701b7b46e7: failed while reading the ElectricalSeries rates (AttributeError: module 'spikeinterface.extractors' has no attribute 'NwbRecordingExtractor')
2026-10-02T22:21:10Z WARNING [1743/1846] 2b7be1ad-58ef-479c-a493-69701b7b46e7: leaving unrecorded for a later run to retry.
2026-10-02T22:21:10Z WARNING 2b7cadc6-0c27-4059-bd86-ae89815af572: failed while reading the ElectricalSeries rates (AttributeError: module 'spikeinterface.extractors' has no attribute 'NwbRecordingExtractor')
2026-10-02T22:21:10Z WARNING [1744/1846] 2b7cadc6-0c27-4059-bd86-ae89815af572: leaving unrecorded for a later run to retry.
2026-10-02T22:21:10Z WARNING 2b7d6c11-60f8-4464-a73f-5db687beba56: failed while reading the ElectricalSeries rates (AttributeError: module 'spikeinterface.extractors' has no attribute 'NwbRecordingExtractor')
2026-10-02T22:21:10Z WARNING [1745/1846] 2b7d6c11-60f8-4464-a73f-5db687beba56: leaving unrecorded for a later run to retry.
2026-10-02T22:21:10Z WARNING 2b7df48f-c5c9-4ec7-82d8-1cfdffa42efb: failed while reading the ElectricalSeries rates (AttributeError: module 'spikeinterface.extractors' has no attribute 'NwbRecordingExtractor')
2026-10-02T22:21:10Z WARNING [1746/1846] 2b7df48f-c5c9-4ec7-82d8-1cfdffa42efb: leaving unrecorded for a later run to retry.
2026-10-02T22:21:10Z WARNING 2b7df864-a9d2-40fd-8344-32620b97bf73: failed while reading the ElectricalSeries rates (AttributeError: module 'spikeinterface.extractors' has no attribute 'NwbRecordingExtractor')
2026-10-02T22:21:10Z WARNING [1747/1846] 2b7df864-a9d2-40fd-8344-32620b97bf73: leaving unrecorded for a later run to retry.
2026-10-02T22:21:10Z WARNING 2b7dffb2-65ad-4924-81e3-3a1be4b9724f: failed while reading the ElectricalSeries rates (AttributeError: module 'spikeinterface.extractors' has no attribute 'NwbRecordingExtractor')
2026-10-02T22:21:10Z WARNING [1748/1846] 2b7dffb2-65ad-4924-81e3-3a1be4b9724f: leaving unrecorded for a later run to retry.
2026-10-02T22:21:10Z WARNING 2b7f9208-25ef-4004-a872-7aa5ec68e057: failed while reading the ElectricalSeries rates (AttributeError: module 'spikeinterface.extractors' has no attribute 'NwbRecordingExtractor')
2026-10-02T22:21:10Z WARNING [1749/1846] 2b7f9208-25ef-4004-a872-7aa5ec68e057: leaving unrecorded for a later run to retry.
2026-10-02T22:21:10Z WARNING 2b7f9f3a-f5a9-45e0-a35c-c2b325230ab3: failed while reading the ElectricalSeries rates (AttributeError: module 'spikeinterface.extractors' has no attribute 'NwbRecordingExtractor')
2026-10-02T22:21:10Z WARNING [1750/1846] 2b7f9f3a-f5a9-45e0-a35c-c2b325230ab3: leaving unrecorded for a later run to retry.
2026-10-02T22:21:10Z INFO [1750/1846] 2b7f9f3a-f5a9-45e0-a35c-c2b325230ab3: checkpointed 60602 records.
2026-10-02T22:21:10Z WARNING 2b802b8c-ecb7-45c8-9ed1-2edc4f39578c: failed while reading the ElectricalSeries rates (AttributeError: module 'spikeinterface.extractors' has no attribute 'NwbRecordingExtractor')
2026-10-02T22:21:10Z WARNING [1751/1846] 2b802b8c-ecb7-45c8-9ed1-2edc4f39578c: leaving unrecorded for a later run to retry.
2026-10-02T22:21:10Z WARNING 2b805541-a86f-400c-b7f6-88e57638126b: failed while reading the ElectricalSeries rates (AttributeError: module 'spikeinterface.extractors' has no attribute 'NwbRecordingExtractor')
2026-10-02T22:21:10Z WARNING [1752/1846] 2b805541-a86f-400c-b7f6-88e57638126b: leaving unrecorded for a later run to retry.
2026-10-02T22:21:10Z WARNING 2b808361-d4c5-49de-9ce8-2495a50091b6: failed while reading the ElectricalSeries rates (AttributeError: module 'spikeinterface.extractors' has no attribute 'NwbRecordingExtractor')
2026-10-02T22:21:10Z WARNING [1753/1846] 2b808361-d4c5-49de-9ce8-2495a50091b6: leaving unrecorded for a later run to retry.
2026-10-02T22:21:10Z WARNING 2b80c37f-5e98-409c-816b-a7a5c067bf10: failed while reading the ElectricalSeries rates (AttributeError: module 'spikeinterface.extractors' has no attribute 'NwbRecordingExtractor')
2026-10-02T22:21:10Z WARNING [1754/1846] 2b80c37f-5e98-409c-816b-a7a5c067bf10: leaving unrecorded for a later run to retry.
2026-10-02T22:21:10Z WARNING 2b816243-7a1d-4743-908e-569bccab868d: failed while reading the ElectricalSeries rates (AttributeError: module 'spikeinterface.extractors' has no attribute 'NwbRecordingExtractor')
2026-10-02T22:21:10Z WARNING [1755/1846] 2b816243-7a1d-4743-908e-569bccab868d: leaving unrecorded for a later run to retry.
2026-10-02T22:21:10Z WARNING 2b81e9a9-be13-45d9-b8da-5c3809869dd7: failed while reading the ElectricalSeries rates (AttributeError: module 'spikeinterface.extractors' has no attribute 'NwbRecordingExtractor')
2026-10-02T22:21:10Z WARNING [1756/1846] 2b81e9a9-be13-45d9-b8da-5c3809869dd7: leaving unrecorded for a later run to retry.
2026-10-02T22:21:10Z WARNING 2b83fd3b-b16a-4edd-ba4f-ebe08c370aa7: failed while reading the ElectricalSeries rates (AttributeError: module 'spikeinterface.extractors' has no attribute 'NwbRecordingExtractor')
2026-10-02T22:21:10Z WARNING [1757/1846] 2b83fd3b-b16a-4edd-ba4f-ebe08c370aa7: leaving unrecorded for a later run to retry.
2026-10-02T22:21:11Z WARNING 2b8553b7-0766-4ea9-87e3-094949715c49: failed while reading the ElectricalSeries rates (AttributeError: module 'spikeinterface.extractors' has no attribute 'NwbRecordingExtractor')
2026-10-02T22:21:11Z WARNING [1758/1846] 2b8553b7-0766-4ea9-87e3-094949715c49: leaving unrecorded for a later run to retry.
2026-10-02T22:21:11Z WARNING 2b856f48-893c-4333-b6f0-c343273d4753: failed while reading the ElectricalSeries rates (AttributeError: module 'spikeinterface.extractors' has no attribute 'NwbRecordingExtractor')
2026-10-02T22:21:11Z WARNING [1759/1846] 2b856f48-893c-4333-b6f0-c343273d4753: leaving unrecorded for a later run to retry.
2026-10-02T22:21:11Z WARNING 2b85d8e0-c7f0-4717-9f85-5af3a3ac5925: failed while reading the ElectricalSeries rates (AttributeError: module 'spikeinterface.extractors' has no attribute 'NwbRecordingExtractor')
2026-10-02T22:21:11Z WARNING [1760/1846] 2b85d8e0-c7f0-4717-9f85-5af3a3ac5925: leaving unrecorded for a later run to retry.
2026-10-02T22:21:11Z WARNING 2b85e9d9-4b0b-4201-bd6d-6cc81f0e5c3a: failed while reading the ElectricalSeries rates (AttributeError: module 'spikeinterface.extractors' has no attribute 'NwbRecordingExtractor')
2026-10-02T22:21:11Z WARNING [1761/1846] 2b85e9d9-4b0b-4201-bd6d-6cc81f0e5c3a: leaving unrecorded for a later run to retry.
2026-10-02T22:21:11Z WARNING 2b88ba2c-e77a-416a-9f08-bec75442c285: failed while reading the ElectricalSeries rates (AttributeError: module 'spikeinterface.extractors' has no attribute 'NwbRecordingExtractor')
2026-10-02T22:21:11Z WARNING [1762/1846] 2b88ba2c-e77a-416a-9f08-bec75442c285: leaving unrecorded for a later run to retry.
2026-10-02T22:21:11Z WARNING 2b89275c-9559-4b6f-bad2-2d54a01538a7: failed while reading the ElectricalSeries rates (AttributeError: module 'spikeinterface.extractors' has no attribute 'NwbRecordingExtractor')
2026-10-02T22:21:11Z WARNING [1763/1846] 2b89275c-9559-4b6f-bad2-2d54a01538a7: leaving unrecorded for a later run to retry.
2026-10-02T22:21:11Z WARNING 2b899a75-d157-4677-884a-541c93c15f0e: failed while reading the ElectricalSeries rates (AttributeError: module 'spikeinterface.extractors' has no attribute 'NwbRecordingExtractor')
2026-10-02T22:21:11Z WARNING [1764/1846] 2b899a75-d157-4677-884a-541c93c15f0e: leaving unrecorded for a later run to retry.
2026-10-02T22:21:11Z WARNING 2b89e4f1-d10f-4c07-b462-c2250b45ca5c: failed while reading the ElectricalSeries rates (AttributeError: module 'spikeinterface.extractors' has no attribute 'NwbRecordingExtractor')
2026-10-02T22:21:11Z WARNING [1765/1846] 2b89e4f1-d10f-4c07-b462-c2250b45ca5c: leaving unrecorded for a later run to retry.
2026-10-02T22:21:11Z WARNING 2b89e5e1-eccc-4133-bad5-00d6c193125c: failed while reading the ElectricalSeries rates (AttributeError: module 'spikeinterface.extractors' has no attribute 'NwbRecordingExtractor')
2026-10-02T22:21:11Z WARNING [1766/1846] 2b89e5e1-eccc-4133-bad5-00d6c193125c: leaving unrecorded for a later run to retry.
2026-10-02T22:21:11Z WARNING 2b8aad0c-44e2-45b8-b8c9-3ff6d0c5cc9d: failed while reading the ElectricalSeries rates (AttributeError: module 'spikeinterface.extractors' has no attribute 'NwbRecordingExtractor')
2026-10-02T22:21:11Z WARNING [1767/1846] 2b8aad0c-44e2-45b8-b8c9-3ff6d0c5cc9d: leaving unrecorded for a later run to retry.
2026-10-02T22:21:11Z WARNING 2b8b9b83-633d-47cb-967b-68758f6b3a71: failed while reading the ElectricalSeries rates (AttributeError: module 'spikeinterface.extractors' has no attribute 'NwbRecordingExtractor')
2026-10-02T22:21:11Z WARNING [1768/1846] 2b8b9b83-633d-47cb-967b-68758f6b3a71: leaving unrecorded for a later run to retry.
2026-10-02T22:21:11Z WARNING 2b8b9f69-7c76-45c9-af11-5677594014f9: failed while reading the ElectricalSeries rates (AttributeError: module 'spikeinterface.extractors' has no attribute 'NwbRecordingExtractor')
2026-10-02T22:21:11Z WARNING [1769/1846] 2b8b9f69-7c76-45c9-af11-5677594014f9: leaving unrecorded for a later run to retry.
2026-10-02T22:21:11Z WARNING 2b8ba4bd-4185-4122-b2fc-6f2221623b4e: failed while reading the ElectricalSeries rates (AttributeError: module 'spikeinterface.extractors' has no attribute 'NwbRecordingExtractor')
2026-10-02T22:21:11Z WARNING [1770/1846] 2b8ba4bd-4185-4122-b2fc-6f2221623b4e: leaving unrecorded for a later run to retry.
2026-10-02T22:21:11Z WARNING 2b8cb659-d45f-4b68-b059-c6795c908922: failed while reading the ElectricalSeries rates (AttributeError: module 'spikeinterface.extractors' has no attribute 'NwbRecordingExtractor')
2026-10-02T22:21:11Z WARNING [1771/1846] 2b8cb659-d45f-4b68-b059-c6795c908922: leaving unrecorded for a later run to retry.
2026-10-02T22:21:11Z WARNING 2b8db264-01b8-48f2-9f09-5f15df7ec853: failed while reading the ElectricalSeries rates (AttributeError: module 'spikeinterface.extractors' has no attribute 'NwbRecordingExtractor')
2026-10-02T22:21:11Z WARNING [1772/1846] 2b8db264-01b8-48f2-9f09-5f15df7ec853: leaving unrecorded for a later run to retry.
2026-10-02T22:21:11Z WARNING 2b8db95e-9800-4921-89dd-2fb070856a96: failed while reading the ElectricalSeries rates (AttributeError: module 'spikeinterface.extractors' has no attribute 'NwbRecordingExtractor')
2026-10-02T22:21:11Z WARNING [1773/1846] 2b8db95e-9800-4921-89dd-2fb070856a96: leaving unrecorded for a later run to retry.
2026-10-02T22:21:11Z WARNING 2b8f3b3d-9359-41ef-ba6c-776333394362: failed while reading the ElectricalSeries rates (AttributeError: module 'spikeinterface.extractors' has no attribute 'NwbRecordingExtractor')
2026-10-02T22:21:11Z WARNING [1774/1846] 2b8f3b3d-9359-41ef-ba6c-776333394362: leaving unrecorded for a later run to retry.
2026-10-02T22:21:11Z WARNING 2b8fd1a6-d1d5-423f-aa1c-aa6be574d6ea: failed while reading the ElectricalSeries rates (AttributeError: module 'spikeinterface.extractors' has no attribute 'NwbRecordingExtractor')
2026-10-02T22:21:11Z WARNING [1775/1846] 2b8fd1a6-d1d5-423f-aa1c-aa6be574d6ea: leaving unrecorded for a later run to retry.
2026-10-02T22:21:12Z WARNING 2b90b5de-1c71-4e47-bbc7-95472d2bd5d9: failed while reading the ElectricalSeries rates (AttributeError: module 'spikeinterface.extractors' has no attribute 'NwbRecordingExtractor')
2026-10-02T22:21:12Z WARNING [1776/1846] 2b90b5de-1c71-4e47-bbc7-95472d2bd5d9: leaving unrecorded for a later run to retry.
2026-10-02T22:21:12Z WARNING 2b90c354-f3a6-4d75-8874-9664cdf9d7fc: failed while reading the ElectricalSeries rates (AttributeError: module 'spikeinterface.extractors' has no attribute 'NwbRecordingExtractor')
2026-10-02T22:21:12Z WARNING [1777/1846] 2b90c354-f3a6-4d75-8874-9664cdf9d7fc: leaving unrecorded for a later run to retry.
2026-10-02T22:21:12Z WARNING 2b9107f5-3899-44f1-a6be-18e481745d32: failed while reading the ElectricalSeries rates (AttributeError: module 'spikeinterface.extractors' has no attribute 'NwbRecordingExtractor')
2026-10-02T22:21:12Z WARNING [1778/1846] 2b9107f5-3899-44f1-a6be-18e481745d32: leaving unrecorded for a later run to retry.
2026-10-02T22:21:12Z WARNING 2b9189a0-95fd-447a-81fa-2672cf8c798c: failed while reading the ElectricalSeries rates (AttributeError: module 'spikeinterface.extractors' has no attribute 'NwbRecordingExtractor')
2026-10-02T22:21:12Z WARNING [1779/1846] 2b9189a0-95fd-447a-81fa-2672cf8c798c: leaving unrecorded for a later run to retry.
2026-10-02T22:21:12Z WARNING 2b91ae19-1e51-4d3e-8d88-110c7b91507d: failed while reading the ElectricalSeries rates (AttributeError: module 'spikeinterface.extractors' has no attribute 'NwbRecordingExtractor')
2026-10-02T22:21:12Z WARNING [1780/1846] 2b91ae19-1e51-4d3e-8d88-110c7b91507d: leaving unrecorded for a later run to retry.
2026-10-02T22:21:12Z WARNING 2b92a877-a680-4a6b-83a5-94b9a9f9cfbc: failed while reading the ElectricalSeries rates (AttributeError: module 'spikeinterface.extractors' has no attribute 'NwbRecordingExtractor')
2026-10-02T22:21:12Z WARNING [1781/1846] 2b92a877-a680-4a6b-83a5-94b9a9f9cfbc: leaving unrecorded for a later run to retry.
2026-10-02T22:21:12Z WARNING 2b949b80-455a-431e-88fb-fcf2a9b072bd: failed while reading the ElectricalSeries rates (AttributeError: module 'spikeinterface.extractors' has no attribute 'NwbRecordingExtractor')
2026-10-02T22:21:12Z WARNING [1782/1846] 2b949b80-455a-431e-88fb-fcf2a9b072bd: leaving unrecorded for a later run to retry.
2026-10-02T22:21:12Z WARNING 2b94a955-1d68-413b-9430-1c304e5f4273: failed while reading the ElectricalSeries rates (AttributeError: module 'spikeinterface.extractors' has no attribute 'NwbRecordingExtractor')
2026-10-02T22:21:12Z WARNING [1783/1846] 2b94a955-1d68-413b-9430-1c304e5f4273: leaving unrecorded for a later run to retry.
2026-10-02T22:21:12Z WARNING 2b95190f-3d79-4592-a212-7f7b40d71fd5: failed while reading the ElectricalSeries rates (AttributeError: module 'spikeinterface.extractors' has no attribute 'NwbRecordingExtractor')
2026-10-02T22:21:12Z WARNING [1784/1846] 2b95190f-3d79-4592-a212-7f7b40d71fd5: leaving unrecorded for a later run to retry.
2026-10-02T22:21:12Z WARNING 2b9528cc-6f57-415c-a565-64055469fc7f: failed while reading the ElectricalSeries rates (AttributeError: module 'spikeinterface.extractors' has no attribute 'NwbRecordingExtractor')
2026-10-02T22:21:12Z WARNING [1785/1846] 2b9528cc-6f57-415c-a565-64055469fc7f: leaving unrecorded for a later run to retry.
2026-10-02T22:21:12Z WARNING 2b957b02-d956-4da5-9b32-ce2cd77c6954: failed while reading the ElectricalSeries rates (AttributeError: module 'spikeinterface.extractors' has no attribute 'NwbRecordingExtractor')
2026-10-02T22:21:12Z WARNING [1786/1846] 2b957b02-d956-4da5-9b32-ce2cd77c6954: leaving unrecorded for a later run to retry.
2026-10-02T22:21:12Z WARNING 2b9687b2-6338-42b7-bd2c-fc146008723e: failed while reading the ElectricalSeries rates (AttributeError: module 'spikeinterface.extractors' has no attribute 'NwbRecordingExtractor')
2026-10-02T22:21:12Z WARNING [1787/1846] 2b9687b2-6338-42b7-bd2c-fc146008723e: leaving unrecorded for a later run to retry.
2026-10-02T22:21:12Z WARNING 2b9731ac-dba3-45c5-b767-5a1f4cfe086d: failed while reading the ElectricalSeries rates (AttributeError: module 'spikeinterface.extractors' has no attribute 'NwbRecordingExtractor')
2026-10-02T22:21:12Z WARNING [1788/1846] 2b9731ac-dba3-45c5-b767-5a1f4cfe086d: leaving unrecorded for a later run to retry.
2026-10-02T22:21:12Z WARNING 2b98091d-5572-42c3-9e47-2317418976d6: failed while reading the ElectricalSeries rates (AttributeError: module 'spikeinterface.extractors' has no attribute 'NwbRecordingExtractor')
2026-10-02T22:21:12Z WARNING [1789/1846] 2b98091d-5572-42c3-9e47-2317418976d6: leaving unrecorded for a later run to retry.
2026-10-02T22:21:12Z WARNING 2b986fe6-5f14-4e63-861a-4cc03d894791: failed while reading the ElectricalSeries rates (AttributeError: module 'spikeinterface.extractors' has no attribute 'NwbRecordingExtractor')
2026-10-02T22:21:12Z WARNING [1790/1846] 2b986fe6-5f14-4e63-861a-4cc03d894791: leaving unrecorded for a later run to retry.
2026-10-02T22:21:12Z WARNING 2b98b835-d594-43da-81ac-06e599d0c5c0: failed while reading the ElectricalSeries rates (AttributeError: module 'spikeinterface.extractors' has no attribute 'NwbRecordingExtractor')
2026-10-02T22:21:12Z WARNING [1791/1846] 2b98b835-d594-43da-81ac-06e599d0c5c0: leaving unrecorded for a later run to retry.
2026-10-02T22:21:12Z WARNING 2b98d7ce-86f7-4ab5-8f4f-9523420f04b5: failed while reading the ElectricalSeries rates (AttributeError: module 'spikeinterface.extractors' has no attribute 'NwbRecordingExtractor')
2026-10-02T22:21:12Z WARNING [1792/1846] 2b98d7ce-86f7-4ab5-8f4f-9523420f04b5: leaving unrecorded for a later run to retry.
2026-10-02T22:21:12Z WARNING 2b991e87-459b-4600-b3c5-2b96cf5ecf8f: failed while reading the ElectricalSeries rates (AttributeError: module 'spikeinterface.extractors' has no attribute 'NwbRecordingExtractor')
2026-10-02T22:21:12Z WARNING [1793/1846] 2b991e87-459b-4600-b3c5-2b96cf5ecf8f: leaving unrecorded for a later run to retry.
2026-10-02T22:21:13Z WARNING 2b9bbd93-6290-4120-b353-01efbd1fb222: failed while reading the ElectricalSeries rates (AttributeError: module 'spikeinterface.extractors' has no attribute 'NwbRecordingExtractor')
2026-10-02T22:21:13Z WARNING [1794/1846] 2b9bbd93-6290-4120-b353-01efbd1fb222: leaving unrecorded for a later run to retry.
2026-10-02T22:21:13Z WARNING 2b9ca4f9-b0e5-4ffc-aea1-42068bd68b1d: failed while reading the ElectricalSeries rates (AttributeError: module 'spikeinterface.extractors' has no attribute 'NwbRecordingExtractor')
2026-10-02T22:21:13Z WARNING [1795/1846] 2b9ca4f9-b0e5-4ffc-aea1-42068bd68b1d: leaving unrecorded for a later run to retry.
2026-10-02T22:21:13Z WARNING 2b9cdea1-d8d4-4d72-87c9-6780a1cb6475: failed while reading the ElectricalSeries rates (AttributeError: module 'spikeinterface.extractors' has no attribute 'NwbRecordingExtractor')
2026-10-02T22:21:13Z WARNING [1796/1846] 2b9cdea1-d8d4-4d72-87c9-6780a1cb6475: leaving unrecorded for a later run to retry.
2026-10-02T22:21:13Z WARNING 2b9e3cc6-8079-44c7-b92e-db39ae828376: failed while reading the ElectricalSeries rates (AttributeError: module 'spikeinterface.extractors' has no attribute 'NwbRecordingExtractor')
2026-10-02T22:21:13Z WARNING [1797/1846] 2b9e3cc6-8079-44c7-b92e-db39ae828376: leaving unrecorded for a later run to retry.
2026-10-02T22:21:13Z WARNING 2b9ee180-ce28-4b3d-8d45-d952e00c7f18: failed while reading the ElectricalSeries rates (AttributeError: module 'spikeinterface.extractors' has no attribute 'NwbRecordingExtractor')
2026-10-02T22:21:13Z WARNING [1798/1846] 2b9ee180-ce28-4b3d-8d45-d952e00c7f18: leaving unrecorded for a later run to retry.
2026-10-02T22:21:13Z WARNING 2b9f7f74-92d1-4cbf-822b-0156dcb90fb3: failed while reading the ElectricalSeries rates (AttributeError: module 'spikeinterface.extractors' has no attribute 'NwbRecordingExtractor')
2026-10-02T22:21:13Z WARNING [1799/1846] 2b9f7f74-92d1-4cbf-822b-0156dcb90fb3: leaving unrecorded for a later run to retry.
2026-10-02T22:21:13Z WARNING 2b9fe239-cc88-4aa7-ac46-9fdf82ba75b2: failed while reading the ElectricalSeries rates (AttributeError: module 'spikeinterface.extractors' has no attribute 'NwbRecordingExtractor')
2026-10-02T22:21:13Z WARNING [1800/1846] 2b9fe239-cc88-4aa7-ac46-9fdf82ba75b2: leaving unrecorded for a later run to retry.
2026-10-02T22:21:13Z INFO [1800/1846] 2b9fe239-cc88-4aa7-ac46-9fdf82ba75b2: checkpointed 60602 records.
2026-10-02T22:21:13Z WARNING 2b9ffbbb-85c3-4bea-9ece-546e7f137494: failed while reading the ElectricalSeries rates (AttributeError: module 'spikeinterface.extractors' has no attribute 'NwbRecordingExtractor')
2026-10-02T22:21:13Z WARNING [1801/1846] 2b9ffbbb-85c3-4bea-9ece-546e7f137494: leaving unrecorded for a later run to retry.
2026-10-02T22:21:13Z WARNING 2ba05dc4-7bf5-4be5-ae87-4e9700640d7c: failed while reading the ElectricalSeries rates (AttributeError: module 'spikeinterface.extractors' has no attribute 'NwbRecordingExtractor')
2026-10-02T22:21:13Z WARNING [1802/1846] 2ba05dc4-7bf5-4be5-ae87-4e9700640d7c: leaving unrecorded for a later run to retry.
2026-10-02T22:21:13Z WARNING 2ba07aad-e151-4a16-844f-d6ab837c274c: failed while reading the ElectricalSeries rates (AttributeError: module 'spikeinterface.extractors' has no attribute 'NwbRecordingExtractor')
2026-10-02T22:21:13Z WARNING [1803/1846] 2ba07aad-e151-4a16-844f-d6ab837c274c: leaving unrecorded for a later run to retry.
2026-10-02T22:21:13Z WARNING 2ba145b4-2110-48b9-838e-538eb33ed5f7: failed while reading the ElectricalSeries rates (AttributeError: module 'spikeinterface.extractors' has no attribute 'NwbRecordingExtractor')
2026-10-02T22:21:13Z WARNING [1804/1846] 2ba145b4-2110-48b9-838e-538eb33ed5f7: leaving unrecorded for a later run to retry.
2026-10-02T22:21:13Z WARNING 2ba1db7a-44d8-44dc-8531-d17e4d24f12b: failed while reading the ElectricalSeries rates (AttributeError: module 'spikeinterface.extractors' has no attribute 'NwbRecordingExtractor')
2026-10-02T22:21:13Z WARNING [1805/1846] 2ba1db7a-44d8-44dc-8531-d17e4d24f12b: leaving unrecorded for a later run to retry.
2026-10-02T22:21:13Z WARNING 2ba3505f-319f-45af-951b-e5297e15bbfe: failed while reading the ElectricalSeries rates (AttributeError: module 'spikeinterface.extractors' has no attribute 'NwbRecordingExtractor')
2026-10-02T22:21:13Z WARNING [1806/1846] 2ba3505f-319f-45af-951b-e5297e15bbfe: leaving unrecorded for a later run to retry.
2026-10-02T22:21:13Z WARNING 2ba35930-6535-4c69-a483-e363abc896d3: failed while reading the ElectricalSeries rates (AttributeError: module 'spikeinterface.extractors' has no attribute 'NwbRecordingExtractor')
2026-10-02T22:21:13Z WARNING [1807/1846] 2ba35930-6535-4c69-a483-e363abc896d3: leaving unrecorded for a later run to retry.
2026-10-02T22:21:13Z WARNING 2ba386ab-b532-4cbe-b101-97ba35ce56d7: failed while reading the ElectricalSeries rates (AttributeError: module 'spikeinterface.extractors' has no attribute 'NwbRecordingExtractor')
2026-10-02T22:21:13Z WARNING [1808/1846] 2ba386ab-b532-4cbe-b101-97ba35ce56d7: leaving unrecorded for a later run to retry.
2026-10-02T22:21:14Z WARNING 2ba3ad20-cf57-4196-b222-74bf559c1227: failed while reading the ElectricalSeries rates (AttributeError: module 'spikeinterface.extractors' has no attribute 'NwbRecordingExtractor')
2026-10-02T22:21:14Z WARNING [1809/1846] 2ba3ad20-cf57-4196-b222-74bf559c1227: leaving unrecorded for a later run to retry.
2026-10-02T22:21:14Z WARNING 2ba5eaa1-bcc6-461f-95ec-5049472b5dd3: failed while reading the ElectricalSeries rates (AttributeError: module 'spikeinterface.extractors' has no attribute 'NwbRecordingExtractor')
2026-10-02T22:21:14Z WARNING [1810/1846] 2ba5eaa1-bcc6-461f-95ec-5049472b5dd3: leaving unrecorded for a later run to retry.
2026-10-02T22:21:14Z WARNING 2ba63274-59bc-4db9-a17f-a3b9f426c563: failed while reading the ElectricalSeries rates (AttributeError: module 'spikeinterface.extractors' has no attribute 'NwbRecordingExtractor')
2026-10-02T22:21:14Z WARNING [1811/1846] 2ba63274-59bc-4db9-a17f-a3b9f426c563: leaving unrecorded for a later run to retry.
2026-10-02T22:21:14Z WARNING 2ba64d64-bcd7-4d7c-bd0d-2de9a75cab12: failed while reading the ElectricalSeries rates (AttributeError: module 'spikeinterface.extractors' has no attribute 'NwbRecordingExtractor')
2026-10-02T22:21:14Z WARNING [1812/1846] 2ba64d64-bcd7-4d7c-bd0d-2de9a75cab12: leaving unrecorded for a later run to retry.
2026-10-02T22:21:14Z WARNING 2ba6531f-d8f9-43f4-b632-0bb0170918df: failed while reading the ElectricalSeries rates (AttributeError: module 'spikeinterface.extractors' has no attribute 'NwbRecordingExtractor')
2026-10-02T22:21:14Z WARNING [1813/1846] 2ba6531f-d8f9-43f4-b632-0bb0170918df: leaving unrecorded for a later run to retry.
2026-10-02T22:21:14Z WARNING 2ba6b8f7-bf33-4ef8-9b02-46ad815a5d74: failed while reading the ElectricalSeries rates (AttributeError: module 'spikeinterface.extractors' has no attribute 'NwbRecordingExtractor')
2026-10-02T22:21:14Z WARNING [1814/1846] 2ba6b8f7-bf33-4ef8-9b02-46ad815a5d74: leaving unrecorded for a later run to retry.
2026-10-02T22:21:14Z WARNING 2ba6d661-ab78-4891-a10f-4baef695954a: failed while reading the ElectricalSeries rates (AttributeError: module 'spikeinterface.extractors' has no attribute 'NwbRecordingExtractor')
2026-10-02T22:21:14Z WARNING [1815/1846] 2ba6d661-ab78-4891-a10f-4baef695954a: leaving unrecorded for a later run to retry.
2026-10-02T22:21:14Z WARNING 2ba7fd72-4364-4e27-9f44-5922894e4712: failed while reading the ElectricalSeries rates (AttributeError: module 'spikeinterface.extractors' has no attribute 'NwbRecordingExtractor')
2026-10-02T22:21:14Z WARNING [1816/1846] 2ba7fd72-4364-4e27-9f44-5922894e4712: leaving unrecorded for a later run to retry.
2026-10-02T22:21:14Z WARNING 2ba81a72-f54c-49ea-bf6f-4844ea0bcb6f: failed while reading the ElectricalSeries rates (AttributeError: module 'spikeinterface.extractors' has no attribute 'NwbRecordingExtractor')
2026-10-02T22:21:14Z WARNING [1817/1846] 2ba81a72-f54c-49ea-bf6f-4844ea0bcb6f: leaving unrecorded for a later run to retry.
2026-10-02T22:21:14Z WARNING 2ba92408-0ce0-4580-9dbc-1cfddc36f4c5: failed while reading the ElectricalSeries rates (AttributeError: module 'spikeinterface.extractors' has no attribute 'NwbRecordingExtractor')
2026-10-02T22:21:14Z WARNING [1818/1846] 2ba92408-0ce0-4580-9dbc-1cfddc36f4c5: leaving unrecorded for a later run to retry.
2026-10-02T22:21:14Z WARNING 2ba961c0-1e0a-49b5-98c0-8bd74c3a3740: failed while reading the ElectricalSeries rates (AttributeError: module 'spikeinterface.extractors' has no attribute 'NwbRecordingExtractor')
2026-10-02T22:21:14Z WARNING [1819/1846] 2ba961c0-1e0a-49b5-98c0-8bd74c3a3740: leaving unrecorded for a later run to retry.
2026-10-02T22:21:14Z WARNING 2ba9d18a-7fc3-4c40-b52a-4640d99fa90a: failed while reading the ElectricalSeries rates (AttributeError: module 'spikeinterface.extractors' has no attribute 'NwbRecordingExtractor')
2026-10-02T22:21:14Z WARNING [1820/1846] 2ba9d18a-7fc3-4c40-b52a-4640d99fa90a: leaving unrecorded for a later run to retry.
2026-10-02T22:21:14Z WARNING 2baa16d5-acc1-4139-9bb6-f513c2635def: failed while reading the ElectricalSeries rates (AttributeError: module 'spikeinterface.extractors' has no attribute 'NwbRecordingExtractor')
2026-10-02T22:21:14Z WARNING [1821/1846] 2baa16d5-acc1-4139-9bb6-f513c2635def: leaving unrecorded for a later run to retry.
2026-10-02T22:21:14Z WARNING 2baa71a6-08d4-422d-b717-e9d2e239f960: failed while reading the ElectricalSeries rates (AttributeError: module 'spikeinterface.extractors' has no attribute 'NwbRecordingExtractor')
2026-10-02T22:21:14Z WARNING [1822/1846] 2baa71a6-08d4-422d-b717-e9d2e239f960: leaving unrecorded for a later run to retry.
2026-10-02T22:21:14Z WARNING 2bab5f2a-d230-4228-910f-afafd93e588c: failed while reading the ElectricalSeries rates (AttributeError: module 'spikeinterface.extractors' has no attribute 'NwbRecordingExtractor')
2026-10-02T22:21:14Z WARNING [1823/1846] 2bab5f2a-d230-4228-910f-afafd93e588c: leaving unrecorded for a later run to retry.
2026-10-02T22:21:14Z WARNING 2babab8a-9072-4fc3-9d86-306e19868f17: failed while reading the ElectricalSeries rates (AttributeError: module 'spikeinterface.extractors' has no attribute 'NwbRecordingExtractor')
2026-10-02T22:21:14Z WARNING [1824/1846] 2babab8a-9072-4fc3-9d86-306e19868f17: leaving unrecorded for a later run to retry.
2026-10-02T22:21:14Z WARNING 2babcda5-c6d5-4208-bd02-9537a63809f4: failed while reading the ElectricalSeries rates (AttributeError: module 'spikeinterface.extractors' has no attribute 'NwbRecordingExtractor')
2026-10-02T22:21:14Z WARNING [1825/1846] 2babcda5-c6d5-4208-bd02-9537a63809f4: leaving unrecorded for a later run to retry.
2026-10-02T22:21:14Z WARNING 2bac061e-a5c3-4868-b415-77a5f87b3aa7: failed while reading the ElectricalSeries rates (AttributeError: module 'spikeinterface.extractors' has no attribute 'NwbRecordingExtractor')
2026-10-02T22:21:14Z WARNING [1826/1846] 2bac061e-a5c3-4868-b415-77a5f87b3aa7: leaving unrecorded for a later run to retry.
2026-10-02T22:21:15Z WARNING 2bad2c04-a815-455d-8433-d1d8a26dcc1c: failed while reading the ElectricalSeries rates (AttributeError: module 'spikeinterface.extractors' has no attribute 'NwbRecordingExtractor')
2026-10-02T22:21:15Z WARNING [1827/1846] 2bad2c04-a815-455d-8433-d1d8a26dcc1c: leaving unrecorded for a later run to retry.
2026-10-02T22:21:15Z WARNING 2bae7680-47f9-44d2-bbc1-da256c88a46a: failed while reading the ElectricalSeries rates (AttributeError: module 'spikeinterface.extractors' has no attribute 'NwbRecordingExtractor')
2026-10-02T22:21:15Z WARNING [1828/1846] 2bae7680-47f9-44d2-bbc1-da256c88a46a: leaving unrecorded for a later run to retry.
2026-10-02T22:21:15Z WARNING 2baea89d-4d09-4487-b706-f95af087b5b3: failed while reading the ElectricalSeries rates (AttributeError: module 'spikeinterface.extractors' has no attribute 'NwbRecordingExtractor')
2026-10-02T22:21:15Z WARNING [1829/1846] 2baea89d-4d09-4487-b706-f95af087b5b3: leaving unrecorded for a later run to retry.
2026-10-02T22:21:15Z WARNING 2baf5302-25e4-4796-b7af-6bdf7df14aaa: failed while reading the ElectricalSeries rates (AttributeError: module 'spikeinterface.extractors' has no attribute 'NwbRecordingExtractor')
2026-10-02T22:21:15Z WARNING [1830/1846] 2baf5302-25e4-4796-b7af-6bdf7df14aaa: leaving unrecorded for a later run to retry.
2026-10-02T22:21:15Z WARNING 2baf63d2-9d48-4f38-9c6a-5b28af851783: failed while reading the ElectricalSeries rates (AttributeError: module 'spikeinterface.extractors' has no attribute 'NwbRecordingExtractor')
2026-10-02T22:21:15Z WARNING [1831/1846] 2baf63d2-9d48-4f38-9c6a-5b28af851783: leaving unrecorded for a later run to retry.
2026-10-02T22:21:15Z WARNING 2bafe0e4-369f-4234-be1e-5d574abfa78b: failed while reading the ElectricalSeries rates (AttributeError: module 'spikeinterface.extractors' has no attribute 'NwbRecordingExtractor')
2026-10-02T22:21:15Z WARNING [1832/1846] 2bafe0e4-369f-4234-be1e-5d574abfa78b: leaving unrecorded for a later run to retry.
2026-10-02T22:21:15Z WARNING 2baffd77-8ee5-4251-ad8f-19a59d14a844: failed while reading the ElectricalSeries rates (AttributeError: module 'spikeinterface.extractors' has no attribute 'NwbRecordingExtractor')
2026-10-02T22:21:15Z WARNING [1833/1846] 2baffd77-8ee5-4251-ad8f-19a59d14a844: leaving unrecorded for a later run to retry.
2026-10-02T22:21:15Z WARNING 2bb11339-3d73-4411-a645-0ab9aa99f963: failed while reading the ElectricalSeries rates (AttributeError: module 'spikeinterface.extractors' has no attribute 'NwbRecordingExtractor')
2026-10-02T22:21:15Z WARNING [1834/1846] 2bb11339-3d73-4411-a645-0ab9aa99f963: leaving unrecorded for a later run to retry.
2026-10-02T22:21:15Z WARNING 2bb18eb3-6c32-4212-9f1f-2c470ba48820: failed while reading the ElectricalSeries rates (AttributeError: module 'spikeinterface.extractors' has no attribute 'NwbRecordingExtractor')
2026-10-02T22:21:15Z WARNING [1835/1846] 2bb18eb3-6c32-4212-9f1f-2c470ba48820: leaving unrecorded for a later run to retry.
2026-10-02T22:21:15Z WARNING 2bb28e7e-1613-4262-b97f-ef254085894a: failed while reading the ElectricalSeries rates (AttributeError: module 'spikeinterface.extractors' has no attribute 'NwbRecordingExtractor')
2026-10-02T22:21:15Z WARNING [1836/1846] 2bb28e7e-1613-4262-b97f-ef254085894a: leaving unrecorded for a later run to retry.
2026-10-02T22:21:15Z WARNING 2bb31bbe-8159-4bbf-ba32-8c4a36c77634: failed while reading the ElectricalSeries rates (AttributeError: module 'spikeinterface.extractors' has no attribute 'NwbRecordingExtractor')
2026-10-02T22:21:15Z WARNING [1837/1846] 2bb31bbe-8159-4bbf-ba32-8c4a36c77634: leaving unrecorded for a later run to retry.
2026-10-02T22:21:15Z WARNING 2bb4283d-b752-4752-9220-36d48fd163d5: failed while reading the ElectricalSeries rates (AttributeError: module 'spikeinterface.extractors' has no attribute 'NwbRecordingExtractor')
2026-10-02T22:21:15Z WARNING [1838/1846] 2bb4283d-b752-4752-9220-36d48fd163d5: leaving unrecorded for a later run to retry.
2026-10-02T22:21:15Z WARNING 2bb47e58-4f65-4d63-9f54-fd61b52d8993: failed while reading the ElectricalSeries rates (AttributeError: module 'spikeinterface.extractors' has no attribute 'NwbRecordingExtractor')
2026-10-02T22:21:15Z WARNING [1839/1846] 2bb47e58-4f65-4d63-9f54-fd61b52d8993: leaving unrecorded for a later run to retry.
2026-10-02T22:21:15Z WARNING 2bb4998e-be38-43ba-880a-d954e4aae9bb: failed while reading the ElectricalSeries rates (AttributeError: module 'spikeinterface.extractors' has no attribute 'NwbRecordingExtractor')
2026-10-02T22:21:15Z WARNING [1840/1846] 2bb4998e-be38-43ba-880a-d954e4aae9bb: leaving unrecorded for a later run to retry.
2026-10-02T22:21:15Z WARNING 2bb4dc17-ccdd-4d1b-8511-be8769500baa: failed while reading the ElectricalSeries rates (AttributeError: module 'spikeinterface.extractors' has no attribute 'NwbRecordingExtractor')
2026-10-02T22:21:15Z WARNING [1841/1846] 2bb4dc17-ccdd-4d1b-8511-be8769500baa: leaving unrecorded for a later run to retry.
2026-10-02T22:21:15Z WARNING 2bb5152d-5438-47b8-bbe8-9a5a66dd0e17: failed while reading the ElectricalSeries rates (AttributeError: module 'spikeinterface.extractors' has no attribute 'NwbRecordingExtractor')
2026-10-02T22:21:15Z WARNING [1842/1846] 2bb5152d-5438-47b8-bbe8-9a5a66dd0e17: leaving unrecorded for a later run to retry.
2026-10-02T22:21:15Z WARNING 2bb5462c-790c-43de-87e2-c1b5186d233a: failed while reading the ElectricalSeries rates (AttributeError: module 'spikeinterface.extractors' has no attribute 'NwbRecordingExtractor')
2026-10-02T22:21:15Z WARNING [1843/1846] 2bb5462c-790c-43de-87e2-c1b5186d233a: leaving unrecorded for a later run to retry.
2026-10-02T22:21:15Z WARNING 2bb57a4b-58de-40f7-a30f-b8cc6faeba29: failed while reading the ElectricalSeries rates (AttributeError: module 'spikeinterface.extractors' has no attribute 'NwbRecordingExtractor')
2026-10-02T22:21:15Z WARNING [1844/1846] 2bb57a4b-58de-40f7-a30f-b8cc6faeba29: leaving unrecorded for a later run to retry.
2026-10-02T22:21:15Z WARNING 2bb5ffe7-94c6-4ab8-8e71-befd0586020e: failed while reading the ElectricalSeries rates (AttributeError: module 'spikeinterface.extractors' has no attribute 'NwbRecordingExtractor')
2026-10-02T22:21:15Z WARNING [1845/1846] 2bb5ffe7-94c6-4ab8-8e71-befd0586020e: leaving unrecorded for a later run to retry.
2026-10-02T22:21:16Z WARNING 2bb72222-a385-4460-88ca-658d63235783: failed while reading the ElectricalSeries rates (AttributeError: module 'spikeinterface.extractors' has no attribute 'NwbRecordingExtractor')
2026-10-02T22:21:16Z WARNING [1846/1846] 2bb72222-a385-4460-88ca-658d63235783: leaving unrecorded for a later run to retry.
2026-10-02T22:21:16Z INFO Wrote 60602 records to /tmp/derivatives/qualifying_lfp_content_ids.jsonl (0 new, 1846 failed) in 1.8 min (peak memory 217 MiB).
