2026-10-07T01:37:39Z INFO Logging to /tmp/logs/update_2026-10-07T01-37-39Z.log.
2026-10-07T01:37:39Z INFO Update qualifying-lfp-content-ids (base directory /tmp).
2026-10-07T01:37:41Z INFO Processing 3795 items (90119 already recorded).
2026-10-07T01:37:42Z INFO [1/3795] 0070fda4-c49d-486c-944d-1a3d48ba101b: does not qualify; 1.6 s; peak memory 236 MiB.
2026-10-07T01:37:47Z INFO [2/3795] 046b02e6-8682-42b4-bf2c-b4748cdae63e: does not qualify; 5.0 s; peak memory 240 MiB.
2026-10-07T01:37:49Z INFO [3/3795] 04d4f44a-f6ae-4aa6-9ce5-86b84447eb13: does not qualify; 1.4 s; peak memory 240 MiB.
2026-10-07T01:37:50Z INFO [4/3795] 074c3967-d759-4fc1-8ae2-bf794b00d06d: does not qualify; 1.6 s; peak memory 240 MiB.
2026-10-07T01:37:55Z INFO [5/3795] 07ecd1e2-d6bb-4fef-9ec9-1df76a7735b4: does not qualify; 5.0 s; peak memory 241 MiB.
2026-10-07T01:37:57Z INFO [6/3795] 08228987-d60c-4a4f-aa63-513dd21b4342: does not qualify; 1.6 s; peak memory 241 MiB.
2026-10-07T01:37:58Z INFO [7/3795] 099e3de3-0e65-4c1c-98da-8746f13ca7fd: does not qualify; 1.5 s; peak memory 241 MiB.
2026-10-07T01:38:04Z INFO [8/3795] 0a887aa1-c891-4914-8bbd-5b182bf38bd4: does not qualify; 5.6 s; peak memory 246 MiB.
2026-10-07T01:38:05Z INFO [9/3795] 0d0fb28b-a56c-421e-8be4-c22053ab1c29: does not qualify; 1.4 s; peak memory 246 MiB.
2026-10-07T01:38:12Z INFO [10/3795] 0dde4390-26de-4337-94d9-88bce6407773: does not qualify; 6.5 s; peak memory 246 MiB.
2026-10-07T01:38:13Z INFO [11/3795] 0ed24935-7c06-40fa-983f-0120e1c2ac62: does not qualify; 1.7 s; peak memory 246 MiB.
2026-10-07T01:38:15Z INFO [12/3795] 0fc3f3ba-3a80-47ca-bba4-aa9df6a3b940: does not qualify; 1.6 s; peak memory 246 MiB.
2026-10-07T01:38:18Z INFO [13/3795] 10e37e8e-e213-4b3c-99c1-95fb7f22814b: does not qualify; 3.0 s; peak memory 246 MiB.
2026-10-07T01:38:19Z INFO [14/3795] 11bdfb76-006f-4d6c-9346-9064740cc626: does not qualify; 1.3 s; peak memory 246 MiB.
2026-10-07T01:38:21Z INFO [15/3795] 125fa235-040e-4437-98be-b3ad6db159c5: does not qualify; 1.5 s; peak memory 246 MiB.
2026-10-07T01:38:27Z INFO [16/3795] 13732d86-7959-4e2a-aaa0-2f915691ef6e: does not qualify; 6.0 s; peak memory 246 MiB.
2026-10-07T01:38:28Z INFO [17/3795] 13e43352-b0c3-4559-9ccd-fe901f4f6d94: does not qualify; 1.7 s; peak memory 246 MiB.
2026-10-07T01:38:35Z INFO [18/3795] 15481a1c-00ca-4e8c-9dae-b1e43fdd2b76: does not qualify; 6.4 s; peak memory 246 MiB.
2026-10-07T01:38:36Z INFO [19/3795] 157ee03b-f4be-4e7b-b215-70f1fa967d80: does not qualify; 1.1 s; peak memory 246 MiB.
2026-10-07T01:38:42Z INFO [20/3795] 16e4a56d-d632-4b19-a622-8bdbf2816eaa: does not qualify; 5.9 s; peak memory 246 MiB.
2026-10-07T01:38:48Z INFO [21/3795] 173b1b85-9214-4d25-9c97-1ab239a297e1: does not qualify; 6.3 s; peak memory 246 MiB.
2026-10-07T01:38:55Z INFO [22/3795] 189e5e12-2cba-47a9-b84c-dcec24bdd7db: does not qualify; 7.0 s; peak memory 246 MiB.
2026-10-07T01:39:02Z INFO [23/3795] 19f75508-e5f9-4b2e-bb36-d1d83f1196a2: does not qualify; 6.5 s; peak memory 246 MiB.
2026-10-07T01:39:07Z INFO [24/3795] 19ff0263-3f10-4aeb-9361-c16b1081a473: does not qualify; 4.9 s; peak memory 246 MiB.
2026-10-07T01:39:08Z INFO [25/3795] 1b2354dd-1dac-4c76-8121-b492769c284f: does not qualify; 1.6 s; peak memory 246 MiB.
2026-10-07T01:39:10Z INFO [26/3795] 1ce55f07-08f9-464d-be8e-bfe0d7220e1e: does not qualify; 1.7 s; peak memory 246 MiB.
2026-10-07T01:39:11Z INFO [27/3795] 1cfe6b99-7a4c-452c-a718-c8057cbba328: does not qualify; 1.4 s; peak memory 246 MiB.
2026-10-07T01:39:13Z INFO [28/3795] 1d51966e-223d-4cb4-8692-06a7c4e53eac: does not qualify; 1.7 s; peak memory 246 MiB.
2026-10-07T01:39:14Z INFO [29/3795] 1db28340-1417-4265-a6a4-c769004baea0: does not qualify; 1.3 s; peak memory 246 MiB.
2026-10-07T01:39:20Z INFO [30/3795] 1e3203c7-a8e8-4e77-b83e-0aacfea3f9eb: does not qualify; 6.2 s; peak memory 246 MiB.
2026-10-07T01:39:25Z INFO [31/3795] 1e436be6-9379-4e7b-81dc-6bb5f374ded6: does not qualify; 4.1 s; peak memory 246 MiB.
2026-10-07T01:39:30Z INFO [32/3795] 1e5ec724-13df-4c69-ba50-2efb76b2adb7: does not qualify; 5.5 s; peak memory 246 MiB.
2026-10-07T01:39:32Z INFO [33/3795] 1fb1607d-f02f-486a-ad5d-d88e9ed0d9f6: does not qualify; 1.5 s; peak memory 246 MiB.
2026-10-07T01:39:38Z INFO [34/3795] 20e8f0e2-c26c-443c-9d3c-ac119e4bfcfd: does not qualify; 6.0 s; peak memory 246 MiB.
2026-10-07T01:39:43Z INFO [35/3795] 213803d2-d4ee-4a3c-8d73-c868e8ad9cde: does not qualify; 5.9 s; peak memory 246 MiB.
2026-10-07T01:39:49Z INFO [36/3795] 22335726-97e8-4df2-b93e-72fd82e1cc53: does not qualify; 5.8 s; peak memory 246 MiB.
2026-10-07T01:39:55Z INFO [37/3795] 22609bc6-f4ba-4273-9cf6-cf162bd70e32: does not qualify; 6.2 s; peak memory 246 MiB.
2026-10-07T01:39:57Z INFO [38/3795] 22e5f9fc-4dbb-4a5c-8b66-75132e2bf425: does not qualify; 1.5 s; peak memory 246 MiB.
2026-10-07T01:40:01Z INFO [39/3795] 24540b07-9c7b-48b7-8d47-1b54d11db547: does not qualify; 4.2 s; peak memory 246 MiB.
2026-10-07T01:40:03Z INFO [40/3795] 26f64051-2d9a-4955-ac13-be422fcd4823: does not qualify; 1.5 s; peak memory 246 MiB.
2026-10-07T01:40:04Z INFO [41/3795] 277620bf-b232-443e-9606-736aa25d3165: does not qualify; 1.1 s; peak memory 246 MiB.
2026-10-07T01:40:10Z INFO [42/3795] 2892ddbd-38df-499e-93f5-cdc5bef403f3: does not qualify; 5.7 s; peak memory 246 MiB.
2026-10-07T01:40:15Z INFO [43/3795] 28cbd3f3-8287-4ae3-86cc-97144a578d4b: does not qualify; 5.8 s; peak memory 246 MiB.
2026-10-07T01:40:17Z INFO [44/3795] 28f5456c-9926-4fa4-a6ce-0d662e32fd5b: does not qualify; 1.3 s; peak memory 246 MiB.
2026-10-07T01:40:23Z INFO [45/3795] 2a8142e6-b545-4deb-96b0-4be447fda35d: does not qualify; 6.1 s; peak memory 246 MiB.
2026-10-07T01:40:29Z INFO [46/3795] 2bd65a28-d25a-4ef1-abf6-1eca6e70a256: does not qualify; 5.9 s; peak memory 247 MiB.
2026-10-07T01:40:30Z INFO [47/3795] 2d4dba9a-b686-4f8c-8117-b1143733b5f9: does not qualify; 1.5 s; peak memory 247 MiB.
2026-10-07T01:40:32Z INFO [48/3795] 2dbef024-7872-4742-a08f-b426ff582823: does not qualify; 1.5 s; peak memory 247 MiB.
2026-10-07T01:40:33Z INFO [49/3795] 2e87bd91-dae0-4612-aaa2-f7df77c49e19: does not qualify; 1.5 s; peak memory 247 MiB.
2026-10-07T01:40:37Z INFO [50/3795] 2f80338f-7502-4411-9fce-120180cc6052: does not qualify; 3.8 s; peak memory 247 MiB.
2026-10-07T01:40:37Z INFO [50/3795] 2f80338f-7502-4411-9fce-120180cc6052: checkpointed 90169 records.
2026-10-07T01:40:39Z INFO [51/3795] 2f85a01e-815c-4b68-9830-120b4550e924: does not qualify; 1.5 s; peak memory 247 MiB.
2026-10-07T01:40:40Z INFO [52/3795] 30920585-dfe1-44b0-a9a1-d3a204e02b4d: does not qualify; 1.5 s; peak memory 247 MiB.
2026-10-07T01:40:41Z INFO [53/3795] 30c795cf-4691-4a12-91aa-7eb56995934e: does not qualify; 1.2 s; peak memory 247 MiB.
2026-10-07T01:40:42Z INFO [54/3795] 30e5debf-1633-4712-84b0-c5d76be0e2fb: does not qualify; 1.1 s; peak memory 247 MiB.
2026-10-07T01:40:47Z INFO [55/3795] 3159f870-7034-4ba2-bc9a-6ee5f4e7b437: does not qualify; 4.2 s; peak memory 247 MiB.
2026-10-07T01:40:53Z INFO [56/3795] 32d83983-fe88-4a75-a8ca-28ffb063cd96: does not qualify; 5.9 s; peak memory 247 MiB.
2026-10-07T01:40:59Z INFO [57/3795] 3305bd0b-3e48-44aa-bd60-e417257a7781: does not qualify; 6.5 s; peak memory 247 MiB.
2026-10-07T01:41:03Z INFO [58/3795] 3462b660-6888-44e1-b487-42c0815dd113: does not qualify; 4.3 s; peak memory 247 MiB.
2026-10-07T01:41:10Z INFO [59/3795] 3488a78a-af0a-413e-ac68-efb94f19d41d: does not qualify; 6.6 s; peak memory 247 MiB.
2026-10-07T01:41:16Z INFO [60/3795] 34e5ae54-3556-4efb-81c6-9eed52964648: does not qualify; 6.4 s; peak memory 249 MiB.
2026-10-07T01:41:18Z INFO [61/3795] 354c37f5-3137-4cef-90e0-0abe6835c314: does not qualify; 1.6 s; peak memory 249 MiB.
2026-10-07T01:41:19Z INFO [62/3795] 35e230c1-655f-479c-b4ba-b0793770b6b9: does not qualify; 1.2 s; peak memory 249 MiB.
2026-10-07T01:41:20Z INFO [63/3795] 36437e68-707b-43a5-a253-df12330245e4: does not qualify; 1.4 s; peak memory 249 MiB.
2026-10-07T01:41:25Z INFO [64/3795] 374d45b8-24f3-4839-b3bf-4fa7807aa8a6: does not qualify; 4.6 s; peak memory 249 MiB.
2026-10-07T01:41:26Z INFO [65/3795] 383bd235-6db6-41b3-827c-5fa672d31405: does not qualify; 1.5 s; peak memory 249 MiB.
2026-10-07T01:41:28Z INFO [66/3795] 387bd1f2-15ef-4606-bc85-48dc243e01a4: does not qualify; 1.4 s; peak memory 249 MiB.
2026-10-07T01:41:29Z INFO [67/3795] 399d1d7e-c29b-4619-835c-1e0cd2ff5405: does not qualify; 1.4 s; peak memory 249 MiB.
2026-10-07T01:41:36Z INFO [68/3795] 3a1c6453-d635-4d0d-822f-8ed7ac2ad26d: does not qualify; 6.5 s; peak memory 249 MiB.
2026-10-07T01:41:37Z INFO [69/3795] 3a490063-3e26-41e4-90f8-59df0842510b: does not qualify; 1.4 s; peak memory 249 MiB.
2026-10-07T01:41:41Z INFO [70/3795] 3a552d6c-a959-4ac0-8d46-424f8606d3ae: does not qualify; 4.2 s; peak memory 250 MiB.
2026-10-07T01:41:48Z INFO [71/3795] 3a654989-7e09-45ae-b714-2326f09adda4: does not qualify; 6.2 s; peak memory 250 MiB.
2026-10-07T01:41:49Z INFO [72/3795] 3aba25df-5193-4ba5-9462-258bccf40167: does not qualify; 1.5 s; peak memory 250 MiB.
2026-10-07T01:41:50Z INFO [73/3795] 3addaa0f-e48f-45d4-8fa7-72acdea527b5: does not qualify; 1.3 s; peak memory 250 MiB.
2026-10-07T01:41:52Z INFO [74/3795] 3adfe157-05fa-45e7-b76f-48c77baa4f64: does not qualify; 1.3 s; peak memory 250 MiB.
2026-10-07T01:41:53Z INFO [75/3795] 3b00bce9-d41b-42ef-8c1d-5de8c7860af1: does not qualify; 1.7 s; peak memory 250 MiB.
2026-10-07T01:41:55Z INFO [76/3795] 3b5525f2-258d-4c3c-9c8c-6c88ea57abbe: does not qualify; 1.6 s; peak memory 250 MiB.
2026-10-07T01:41:56Z INFO [77/3795] 3bfe0d0b-60dd-4a87-9942-a933c509e531: does not qualify; 1.4 s; peak memory 250 MiB.
2026-10-07T01:42:03Z INFO [78/3795] 3cc8cdad-4737-47d3-98ed-e9d0b8d70db5: does not qualify; 6.7 s; peak memory 250 MiB.
2026-10-07T01:42:08Z INFO [79/3795] 3d159046-4422-4912-9633-6942773b2d2b: does not qualify; 4.6 s; peak memory 250 MiB.
2026-10-07T01:42:14Z INFO [80/3795] 3d31c5c8-35ff-4c65-8e03-8b7fa901ea1a: does not qualify; 6.0 s; peak memory 250 MiB.
2026-10-07T01:42:15Z INFO [81/3795] 3d479fc7-3fc2-467b-85c3-7b6b15f4ab89: does not qualify; 1.7 s; peak memory 250 MiB.
2026-10-07T01:42:22Z INFO [82/3795] 3e0b2d50-1c43-4dfd-99b5-35ddc6b0c515: does not qualify; 6.3 s; peak memory 250 MiB.
2026-10-07T01:42:28Z INFO [83/3795] 3e266a48-50b6-49ea-9b61-b9d41a02001f: does not qualify; 6.1 s; peak memory 250 MiB.
2026-10-07T01:42:33Z INFO [84/3795] 3e37c65d-104b-4bca-b015-8dfe0198add6: does not qualify; 4.8 s; peak memory 250 MiB.
2026-10-07T01:42:36Z INFO [85/3795] 3e73ad8b-6d24-4c99-86c5-9ccb328ee1d9: does not qualify; 3.9 s; peak memory 250 MiB.
2026-10-07T01:42:43Z INFO [86/3795] 3f654b12-1ee9-4c6e-ba7a-7444902b4db3: does not qualify; 6.4 s; peak memory 250 MiB.
2026-10-07T01:42:47Z INFO [87/3795] 3f6560a8-2930-4008-9395-9ac71fe1a697: does not qualify; 4.1 s; peak memory 250 MiB.
2026-10-07T01:42:53Z INFO [88/3795] 3f80cb5d-5963-4154-be81-5cac20a2a057: does not qualify; 6.3 s; peak memory 250 MiB.
2026-10-07T01:42:58Z INFO [89/3795] 40b89fdf-6989-40a8-a75a-601f6ef2e005: does not qualify; 4.2 s; peak memory 250 MiB.
2026-10-07T01:43:03Z INFO [90/3795] 40d7b58f-2592-42ed-851e-163561409ceb: does not qualify; 5.6 s; peak memory 250 MiB.
2026-10-07T01:43:05Z INFO [91/3795] 416e861c-fe03-4f68-a31c-5cf39e76506a: does not qualify; 1.5 s; peak memory 250 MiB.
2026-10-07T01:43:06Z INFO [92/3795] 422ad4d2-5f95-441e-b6e7-d28f038741df: does not qualify; 1.6 s; peak memory 250 MiB.
2026-10-07T01:43:08Z INFO [93/3795] 4299bb6a-7b67-475c-a234-69e23c3fa07f: does not qualify; 1.6 s; peak memory 250 MiB.
2026-10-07T01:43:09Z INFO [94/3795] 42ddccf2-3eb5-4201-872b-d831ad1ce6b4: does not qualify; 1.8 s; peak memory 250 MiB.
2026-10-07T01:43:11Z INFO [95/3795] 43123641-e1ad-4c75-bec1-ec5368643b4b: does not qualify; 1.1 s; peak memory 250 MiB.
2026-10-07T01:43:16Z INFO [96/3795] 4313c13e-8773-43dc-9ca9-4b5e334e1619: does not qualify; 5.7 s; peak memory 250 MiB.
2026-10-07T01:43:17Z INFO [97/3795] 43753f22-ad79-4a33-a784-387a34870e26: does not qualify; 1.2 s; peak memory 250 MiB.
2026-10-07T01:43:19Z INFO [98/3795] 43f448fd-fe3c-4fba-82ae-05953bb300e5: does not qualify; 1.6 s; peak memory 250 MiB.
2026-10-07T01:43:20Z INFO [99/3795] 4640a91b-285a-4652-941a-8d8329f89e88: does not qualify; 1.3 s; peak memory 250 MiB.
2026-10-07T01:43:22Z INFO [100/3795] 46b138a7-a333-4a45-9d08-8ce36109fd0a: does not qualify; 1.6 s; peak memory 250 MiB.
2026-10-07T01:43:22Z INFO [100/3795] 46b138a7-a333-4a45-9d08-8ce36109fd0a: checkpointed 90219 records.
2026-10-07T01:43:29Z INFO [101/3795] 4732c70b-5a52-4fa5-8a4a-1105746742ce: does not qualify; 6.4 s; peak memory 250 MiB.
2026-10-07T01:43:35Z INFO [102/3795] 47cdf88c-c26d-4f41-ad72-4b496bb6df43: does not qualify; 6.4 s; peak memory 250 MiB.
2026-10-07T01:43:40Z INFO [103/3795] 47d45d89-9929-4dbe-8e4a-31984c3d14b0: does not qualify; 5.5 s; peak memory 250 MiB.
2026-10-07T01:43:47Z INFO [104/3795] 47e4e983-bc49-4565-87e0-294113041ef7: does not qualify; 6.4 s; peak memory 250 MiB.
2026-10-07T01:43:48Z INFO [105/3795] 4a69b930-1b1e-42a5-bef8-5be3005dd966: does not qualify; 1.7 s; peak memory 250 MiB.
2026-10-07T01:43:55Z INFO [106/3795] 4bbb82cb-30d7-488b-b025-fde919b931ec: does not qualify; 6.4 s; peak memory 250 MiB.
2026-10-07T01:44:01Z INFO [107/3795] 4c65c52e-5cf1-4038-8fd5-b545b1726f31: does not qualify; 6.6 s; peak memory 250 MiB.
2026-10-07T01:44:03Z INFO [108/3795] 4d0eab2e-48ac-4bf4-a972-a2b665954818: does not qualify; 1.5 s; peak memory 250 MiB.
2026-10-07T01:44:05Z INFO [109/3795] 4d496c82-0ae7-4b7c-a648-e9c5c5403b2c: does not qualify; 1.7 s; peak memory 250 MiB.
2026-10-07T01:44:07Z INFO [110/3795] 4da1355e-fad7-4d34-b141-333e02e931fd: does not qualify; 2.7 s; peak memory 250 MiB.
2026-10-07T01:44:13Z INFO [111/3795] 4da178e8-c95e-48e8-b911-d2bfd8d16b5d: does not qualify; 5.6 s; peak memory 250 MiB.
2026-10-07T01:44:14Z INFO [112/3795] 4db159da-9942-4268-8110-3fd8a76c02bb: does not qualify; 1.5 s; peak memory 250 MiB.
2026-10-07T01:44:20Z INFO [113/3795] 4deccabc-9c14-4e97-86bc-59bfb7081d46: does not qualify; 5.9 s; peak memory 250 MiB.
2026-10-07T01:44:22Z INFO [114/3795] 4e3f58d7-9d31-4f39-87f2-44f7d64a18ec: does not qualify; 1.6 s; peak memory 250 MiB.
2026-10-07T01:44:23Z INFO [115/3795] 4ef161cb-8fd0-4f7a-9eaf-9f9a4ce511e0: does not qualify; 1.6 s; peak memory 250 MiB.
2026-10-07T01:44:27Z INFO [116/3795] 4f374b19-0d00-44b6-8ea7-970cffe67bef: does not qualify; 3.7 s; peak memory 250 MiB.
2026-10-07T01:44:34Z INFO [117/3795] 4f898279-7adc-4f39-817d-0ccbbfac3569: does not qualify; 6.5 s; peak memory 250 MiB.
2026-10-07T01:44:35Z INFO [118/3795] 4fc1520d-bd5c-470d-90d4-99194303ee35: does not qualify; 1.7 s; peak memory 250 MiB.
2026-10-07T01:44:41Z INFO [119/3795] 502a4d6e-b735-4b14-b9b5-ad4a8bcff3f0: does not qualify; 6.1 s; peak memory 250 MiB.
2026-10-07T01:44:43Z INFO [120/3795] 508be3bf-1812-4569-8fce-9656d916f4b0: does not qualify; 1.6 s; peak memory 250 MiB.
2026-10-07T01:44:46Z INFO [121/3795] 50c40306-5e87-45e0-a456-b4f4305f8c46: does not qualify; 2.8 s; peak memory 250 MiB.
2026-10-07T01:44:47Z INFO [122/3795] 50ecce12-38b4-48ff-80c4-a1ad5cb97472: does not qualify; 1.5 s; peak memory 250 MiB.
2026-10-07T01:44:52Z INFO [123/3795] 50fa6ae2-0f82-486b-ad1e-bf178dcad56f: does not qualify; 4.2 s; peak memory 250 MiB.
2026-10-07T01:44:56Z INFO [124/3795] 51048630-af9a-4366-9120-a2221ffbab9d: does not qualify; 4.2 s; peak memory 250 MiB.
2026-10-07T01:44:57Z INFO [125/3795] 512c4100-3783-42ce-b393-46249e8699e4: does not qualify; 1.4 s; peak memory 250 MiB.
2026-10-07T01:44:59Z INFO [126/3795] 51c0a855-739a-45ce-9531-de72246e2bb5: does not qualify; 1.4 s; peak memory 250 MiB.
2026-10-07T01:45:05Z INFO [127/3795] 51c4592b-4a63-4036-a83d-23414459f209: does not qualify; 6.2 s; peak memory 250 MiB.
2026-10-07T01:45:06Z INFO [128/3795] 5417868e-969f-4737-ade6-14ce008bdc82: does not qualify; 1.7 s; peak memory 250 MiB.
2026-10-07T01:45:09Z INFO [129/3795] 5425af5e-5be6-4ede-95c8-40ff5f20a7cd: does not qualify; 2.7 s; peak memory 250 MiB.
2026-10-07T01:45:11Z INFO [130/3795] 551366f5-444c-4fff-a2b8-a4e9ac4f4b47: does not qualify; 1.4 s; peak memory 250 MiB.
2026-10-07T01:45:12Z INFO [131/3795] 55344b62-7d01-4c76-b89b-ea8da9f8b2c0: does not qualify; 1.5 s; peak memory 250 MiB.
2026-10-07T01:45:14Z INFO [132/3795] 55920fcb-1445-47e6-9a2b-6d1da40406b1: does not qualify; 1.5 s; peak memory 250 MiB.
2026-10-07T01:45:15Z INFO [133/3795] 55bcc0ee-6e91-4782-b098-0c8c04bb58b6: does not qualify; 1.4 s; peak memory 250 MiB.
2026-10-07T01:45:21Z INFO [134/3795] 57713a0a-a4fb-4f79-b80f-2715af54c92d: does not qualify; 5.8 s; peak memory 250 MiB.
2026-10-07T01:45:24Z INFO [135/3795] 579bc471-20fc-400d-ba0c-f84de6ab4fbe: does not qualify; 3.0 s; peak memory 250 MiB.
2026-10-07T01:45:30Z INFO [136/3795] 583a2948-8434-47d5-8ea0-71fea8098f27: does not qualify; 6.2 s; peak memory 250 MiB.
2026-10-07T01:45:31Z INFO [137/3795] 58a5147d-0265-4576-a431-05f7f18572f8: does not qualify; 1.5 s; peak memory 250 MiB.
2026-10-07T01:45:33Z INFO [138/3795] 59c37283-d4b3-4c04-bea4-cd9403c48d00: does not qualify; 1.3 s; peak memory 250 MiB.
2026-10-07T01:45:38Z INFO [139/3795] 59ebd367-9eb4-4a22-856e-442894c2b099: does not qualify; 4.9 s; peak memory 250 MiB.
2026-10-07T01:45:43Z INFO [140/3795] 5a421614-ee8b-4f84-8e47-b83b090a8018: does not qualify; 5.6 s; peak memory 251 MiB.
2026-10-07T01:45:49Z INFO [141/3795] 5adb0e25-90e3-48cf-a6ec-2a8f4d3ca3e7: does not qualify; 5.5 s; peak memory 251 MiB.
2026-10-07T01:45:50Z INFO [142/3795] 5c930c39-72f5-4b3e-a833-b1e0984d0724: does not qualify; 1.6 s; peak memory 251 MiB.
2026-10-07T01:45:56Z INFO [143/3795] 5ee3027c-d1d5-429a-8c60-7441ebf48e34: does not qualify; 5.9 s; peak memory 251 MiB.
2026-10-07T01:45:58Z INFO [144/3795] 5efcfef7-9956-4fe3-bd5a-c86e0f2d595a: does not qualify; 1.4 s; peak memory 251 MiB.
2026-10-07T01:45:59Z INFO [145/3795] 610d042e-00b7-432a-b0a0-6fb5355f45d3: does not qualify; 1.6 s; peak memory 251 MiB.
2026-10-07T01:46:05Z INFO [146/3795] 61674fd0-0c6c-4e8d-b2b2-e43590f900d6: does not qualify; 5.6 s; peak memory 251 MiB.
2026-10-07T01:46:11Z INFO [147/3795] 61ac0b5d-397c-4372-8f03-e188fb001efa: does not qualify; 6.3 s; peak memory 251 MiB.
2026-10-07T01:46:16Z INFO [148/3795] 6207ed2c-2ccb-4c77-9c2f-c52db5d3059f: does not qualify; 4.6 s; peak memory 251 MiB.
2026-10-07T01:46:17Z INFO [149/3795] 623e9df4-fc47-43c2-93b0-9744eb200f80: does not qualify; 1.4 s; peak memory 251 MiB.
2026-10-07T01:46:18Z INFO [150/3795] 6294d178-b38b-4920-a9e6-21738aa72b45: does not qualify; 1.2 s; peak memory 251 MiB.
2026-10-07T01:46:19Z INFO [150/3795] 6294d178-b38b-4920-a9e6-21738aa72b45: checkpointed 90269 records.
2026-10-07T01:46:23Z INFO [151/3795] 635aa59e-c22e-4f53-aee7-f62d15004da2: does not qualify; 4.8 s; peak memory 251 MiB.
2026-10-07T01:46:25Z INFO [152/3795] 645d4dc4-764d-4c85-91c3-29d49ed98f0e: does not qualify; 1.7 s; peak memory 251 MiB.
2026-10-07T01:46:31Z INFO [153/3795] 65703d30-2286-4b8e-b379-0968ddba886f: does not qualify; 6.1 s; peak memory 251 MiB.
2026-10-07T01:46:33Z INFO [154/3795] 65723245-ef61-455a-9333-ea9ed6ffa148: does not qualify; 1.4 s; peak memory 251 MiB.
2026-10-07T01:46:34Z INFO [155/3795] 66002970-1126-4fd7-9c7e-055af5e62fda: does not qualify; 1.2 s; peak memory 251 MiB.
2026-10-07T01:46:35Z INFO [156/3795] 6670fdca-96a1-4571-9b0a-e499c0762ce7: does not qualify; 1.4 s; peak memory 251 MiB.
2026-10-07T01:46:41Z INFO [157/3795] 669ec29a-0221-4438-8701-b3a6b4714541: does not qualify; 6.1 s; peak memory 251 MiB.
2026-10-07T01:46:47Z INFO [158/3795] 67206701-e267-452c-a956-dc56110be306: does not qualify; 5.9 s; peak memory 251 MiB.
2026-10-07T01:46:54Z INFO [159/3795] 677c3a18-eddc-4f1c-a1cf-f4099597f6d4: does not qualify; 6.2 s; peak memory 251 MiB.
2026-10-07T01:47:00Z INFO [160/3795] 684e9880-fa28-4e5a-8869-ebcc328639d5: does not qualify; 6.1 s; peak memory 251 MiB.
2026-10-07T01:47:01Z INFO [161/3795] 68f55e51-7e21-4bbd-b917-71dd48271728: does not qualify; 1.4 s; peak memory 251 MiB.
2026-10-07T01:47:08Z INFO [162/3795] 6968db2e-dc49-4fc2-a380-ee5af30779c0: does not qualify; 6.5 s; peak memory 251 MiB.
2026-10-07T01:47:09Z INFO [163/3795] 6ab7116d-5d69-4824-a02d-fb140b92d08e: does not qualify; 1.4 s; peak memory 251 MiB.
2026-10-07T01:47:10Z INFO [164/3795] 6b29648d-8a7d-4679-a12b-dcb995fdb621: does not qualify; 1.2 s; peak memory 251 MiB.
2026-10-07T01:47:17Z INFO [165/3795] 6b3601e5-aea7-48be-8849-7917c36d4ea2: does not qualify; 6.4 s; peak memory 251 MiB.
2026-10-07T01:47:21Z INFO [166/3795] 6b62ff83-beba-4bd7-93f3-cc897f584aa1: does not qualify; 4.7 s; peak memory 251 MiB.
2026-10-07T01:47:27Z INFO [167/3795] 6cc76a9c-cb81-4f85-83a6-59ce609574be: does not qualify; 5.8 s; peak memory 251 MiB.
2026-10-07T01:47:33Z INFO [168/3795] 6d2e14a9-1309-43ce-bb95-3f288283668b: does not qualify; 6.0 s; peak memory 251 MiB.
2026-10-07T01:47:34Z INFO [169/3795] 6d969805-0198-46eb-8149-b6ebb4a3675e: does not qualify; 1.2 s; peak memory 251 MiB.
2026-10-07T01:47:36Z INFO [170/3795] 6eaa4b4b-4a93-4517-8101-937b216ae1f9: does not qualify; 1.2 s; peak memory 251 MiB.
2026-10-07T01:47:37Z INFO [171/3795] 6f50b62f-5d90-40c6-a24c-b1045c91d623: does not qualify; 1.4 s; peak memory 251 MiB.
2026-10-07T01:47:39Z INFO [172/3795] 6fb1b6e9-3593-40c7-8cbd-4e4b7a9ba881: does not qualify; 1.6 s; peak memory 251 MiB.
2026-10-07T01:47:40Z INFO [173/3795] 70a01be8-8a47-4bed-a960-ae0efc93beb9: does not qualify; 1.5 s; peak memory 251 MiB.
2026-10-07T01:47:44Z INFO [174/3795] 70bba950-b320-456f-a8a2-20bf6171b903: does not qualify; 3.6 s; peak memory 251 MiB.
2026-10-07T01:47:45Z INFO [175/3795] 71fe5bc0-f3e3-464d-8222-4929c924e8b3: does not qualify; 1.8 s; peak memory 251 MiB.
2026-10-07T01:47:52Z INFO [176/3795] 729aab3b-ae6c-41cb-a88e-ca9d3a4423cc: does not qualify; 6.7 s; peak memory 251 MiB.
2026-10-07T01:47:58Z INFO [177/3795] 72bb8f8c-9ee3-4d69-827a-c1ab9c19a529: does not qualify; 6.3 s; peak memory 251 MiB.
2026-10-07T01:48:00Z INFO [178/3795] 7335ef84-813a-4dcb-924f-dbab4d8bf8f0: does not qualify; 1.4 s; peak memory 251 MiB.
2026-10-07T01:48:06Z INFO [179/3795] 737db817-bac5-4195-8017-d156618d678c: does not qualify; 6.2 s; peak memory 251 MiB.
2026-10-07T01:48:07Z INFO [180/3795] 742716d7-5e5d-4bc3-8f3b-d01aefea43be: does not qualify; 1.3 s; peak memory 251 MiB.
2026-10-07T01:48:09Z INFO [181/3795] 7508dbf3-088e-49b8-9d33-61194fa47443: does not qualify; 1.5 s; peak memory 251 MiB.
2026-10-07T01:48:11Z INFO [182/3795] 754a45a1-1b2d-4871-98de-5220d4322cea: does not qualify; 1.6 s; peak memory 251 MiB.
2026-10-07T01:48:12Z INFO [183/3795] 75ab5b88-7f75-4115-b1db-3454d8101a03: does not qualify; 1.3 s; peak memory 251 MiB.
2026-10-07T01:48:13Z INFO [184/3795] 761f7f19-eaac-4451-a6da-48adb5e03cff: does not qualify; 1.2 s; peak memory 251 MiB.
2026-10-07T01:48:19Z INFO [185/3795] 7773ffd1-5726-406c-a41a-01323e0ec8ea: does not qualify; 5.7 s; peak memory 251 MiB.
2026-10-07T01:48:20Z INFO [186/3795] 7925fad4-caf7-493c-aca9-7e34df791189: does not qualify; 1.5 s; peak memory 251 MiB.
2026-10-07T01:48:25Z INFO [187/3795] 7b3dfd5e-0401-4d0b-8adf-a94e7ee86021: does not qualify; 4.3 s; peak memory 251 MiB.
2026-10-07T01:48:26Z INFO [188/3795] 7b7149c4-87a6-4075-a013-c61c5ff55d46: does not qualify; 1.4 s; peak memory 251 MiB.
2026-10-07T01:48:30Z INFO [189/3795] 7c00201c-b8d1-44e4-907d-b25b808234df: does not qualify; 4.1 s; peak memory 251 MiB.
2026-10-07T01:48:37Z INFO [190/3795] 7c25b64e-bfd0-44bd-bc8d-a879fa76861d: does not qualify; 6.4 s; peak memory 251 MiB.
2026-10-07T01:48:38Z INFO [191/3795] 7e3cc258-3d08-46d6-a7fb-6d7bf3e5808d: does not qualify; 1.6 s; peak memory 251 MiB.
2026-10-07T01:48:39Z INFO [192/3795] 7eb7bd22-64cc-4087-9d04-bb09954fafce: does not qualify; 1.4 s; peak memory 251 MiB.
2026-10-07T01:48:46Z INFO [193/3795] 802762d7-f0ab-4188-bfd7-1c2efc2cb5f0: does not qualify; 6.3 s; peak memory 251 MiB.
2026-10-07T01:48:48Z INFO [194/3795] 80721ff0-3750-4fef-bd9d-00d433821cd2: does not qualify; 2.0 s; peak memory 251 MiB.
2026-10-07T01:48:53Z INFO [195/3795] 80727223-e06a-477e-8c53-f222956cce06: does not qualify; 5.1 s; peak memory 251 MiB.
2026-10-07T01:49:02Z INFO [196/3795] 80729b37-00c5-44f7-a992-3a4444a67153: does not qualify; 9.3 s; peak memory 254 MiB.
2026-10-07T01:49:05Z INFO [197/3795] 8073a9df-ca5f-432b-b51f-3ca821937d0d: does not qualify; 2.8 s; peak memory 254 MiB.
2026-10-07T01:49:06Z INFO [198/3795] 807677bb-da3a-4f03-b59a-c1a0e7745043: does not qualify; 1.2 s; peak memory 254 MiB.
2026-10-07T01:49:08Z INFO [199/3795] 8076c5be-44eb-4b98-ba41-4b82c54050a7: does not qualify; 1.3 s; peak memory 254 MiB.
2026-10-07T01:49:09Z INFO [200/3795] 8076e6ed-04fc-4113-8efb-ed7d762ecb2d: does not qualify; 1.7 s; peak memory 254 MiB.
2026-10-07T01:49:09Z INFO [200/3795] 8076e6ed-04fc-4113-8efb-ed7d762ecb2d: checkpointed 90319 records.
2026-10-07T01:49:11Z INFO [201/3795] 8078296e-fc6c-4ef4-92e3-352f0beee905: does not qualify; 1.6 s; peak memory 254 MiB.
2026-10-07T01:49:18Z INFO [202/3795] 80786241-b4e5-4043-8ec0-19b2c902940a: qualifies; 6.8 s; peak memory 255 MiB.
2026-10-07T01:49:22Z INFO [203/3795] 807a0b64-c28a-4742-8dbc-5065a225dd61: does not qualify; 4.0 s; peak memory 255 MiB.
2026-10-07T01:49:23Z INFO [204/3795] 807ade63-b6e0-499b-b63e-2db590bbc62e: does not qualify; 1.2 s; peak memory 255 MiB.
2026-10-07T01:49:26Z INFO [205/3795] 807b3f5c-f5cc-4cc6-bd80-49b1b6bfbfc1: does not qualify; 3.1 s; peak memory 255 MiB.
2026-10-07T01:49:32Z INFO [206/3795] 807bfbd5-a98b-4ae5-9611-c40c0e0bfc4c: does not qualify; 6.4 s; peak memory 255 MiB.
2026-10-07T01:49:34Z INFO [207/3795] 807bfd6b-9b51-46db-b870-9406f6151418: does not qualify; 1.3 s; peak memory 255 MiB.
2026-10-07T01:49:40Z INFO [208/3795] 807cf0b5-d52f-4e18-8eae-2ccdd6e67302: does not qualify; 6.0 s; peak memory 255 MiB.
2026-10-07T01:49:42Z INFO [209/3795] 807d546f-109d-4297-ac73-465a7ef0e4b7: does not qualify; 2.3 s; peak memory 255 MiB.
2026-10-07T01:49:44Z INFO [210/3795] 807d7da2-c4ce-4e72-9d9b-4fcfad6a008e: does not qualify; 2.0 s; peak memory 255 MiB.
2026-10-07T01:49:47Z INFO [211/3795] 807e4172-6c7e-4aab-ae31-8bf9de59fc29: does not qualify; 2.7 s; peak memory 255 MiB.
2026-10-07T01:49:48Z INFO [212/3795] 807e6afa-a9dd-4948-b417-bab1c36a3704: does not qualify; 1.4 s; peak memory 255 MiB.
2026-10-07T01:49:51Z INFO [213/3795] 807ed0e5-c58d-466f-abd8-5d7e41a3deb9: does not qualify; 2.4 s; peak memory 255 MiB.
2026-10-07T01:49:59Z INFO [214/3795] 807ee7c9-8958-48ec-8fb6-81640e0f2d5f: does not qualify; 8.9 s; peak memory 261 MiB.
2026-10-07T01:50:03Z INFO [215/3795] 807f4144-6b81-4e48-ba03-1ff6429a3200: does not qualify; 3.5 s; peak memory 261 MiB.
2026-10-07T01:50:12Z INFO [216/3795] 808005fd-598e-4878-963d-44c2daf3dd8f: does not qualify; 9.0 s; peak memory 261 MiB.
2026-10-07T01:50:13Z INFO [217/3795] 80807515-cb12-493e-ae1c-3aad9bfa26b3: does not qualify; 1.3 s; peak memory 261 MiB.
2026-10-07T01:50:16Z INFO [218/3795] 80807d97-4860-4e69-8b33-eeb795cc9e94: does not qualify; 2.6 s; peak memory 261 MiB.
2026-10-07T01:50:17Z INFO [219/3795] 8080fac6-cb50-4898-82a6-19bfcbe3cc65: does not qualify; 1.4 s; peak memory 261 MiB.
2026-10-07T01:50:19Z INFO [220/3795] 80816755-e105-4606-901f-9a05b84acef6: does not qualify; 1.5 s; peak memory 261 MiB.
2026-10-07T01:50:20Z INFO [221/3795] 80823f20-6d18-409c-a879-2627708d812d: does not qualify; 1.1 s; peak memory 261 MiB.
2026-10-07T01:50:22Z INFO [222/3795] 80828958-e9e9-4f37-9edf-01413c707ff0: does not qualify; 1.9 s; peak memory 261 MiB.
2026-10-07T01:50:28Z INFO [223/3795] 8082acb8-c2b8-4c7d-9375-4c48e336b9bb: qualifies; 5.8 s; peak memory 261 MiB.
2026-10-07T01:50:29Z INFO [224/3795] 8082c7f5-95ba-4682-b82f-c0ea9855da7e: does not qualify; 1.7 s; peak memory 261 MiB.
2026-10-07T01:50:31Z INFO [225/3795] 80835436-8489-4436-a098-e4094118ce60: does not qualify; 1.3 s; peak memory 261 MiB.
2026-10-07T01:50:36Z INFO [226/3795] 808374f7-359c-4107-b3ea-02ac8d5d0715: does not qualify; 5.8 s; peak memory 261 MiB.
2026-10-07T01:50:38Z INFO [227/3795] 8083f033-837b-447e-b5d9-a3635fcbb416: does not qualify; 1.6 s; peak memory 261 MiB.
2026-10-07T01:50:40Z INFO [228/3795] 80847273-7dfe-4cdb-856a-7eae4b0100a0: does not qualify; 1.6 s; peak memory 261 MiB.
2026-10-07T01:50:41Z INFO [229/3795] 80848046-a158-4791-a4bf-8f707f3d486a: does not qualify; 1.7 s; peak memory 261 MiB.
2026-10-07T01:51:20Z INFO [230/3795] 808492e6-5f37-4318-aeda-1f67949fbb41: does not qualify; 38.3 s; peak memory 410 MiB.
2026-10-07T01:51:21Z INFO [231/3795] 80856bd9-c770-4c76-b0cf-6c71363ec3b7: does not qualify; 1.4 s; peak memory 410 MiB.
2026-10-07T01:52:58Z INFO [232/3795] 8085b412-66af-4cea-bc9f-ed3fa2e1a496: qualifies; 96.6 s; peak memory 411 MiB.
2026-10-07T01:52:59Z INFO [233/3795] 808647e6-5034-4f9b-bb3a-1ca7fb503ac1: does not qualify; 1.6 s; peak memory 411 MiB.
2026-10-07T01:53:01Z INFO [234/3795] 80866733-48eb-4dbd-ba22-c6b56528430b: does not qualify; 1.6 s; peak memory 411 MiB.
2026-10-07T01:53:02Z INFO [235/3795] 8086e716-4d70-410b-b309-06f86da821de: does not qualify; 1.3 s; peak memory 411 MiB.
2026-10-07T01:53:04Z INFO [236/3795] 8087089b-6735-436d-946a-ce4624ca8f48: does not qualify; 1.8 s; peak memory 411 MiB.
2026-10-07T01:53:06Z INFO [237/3795] 80872d1a-54a9-4b5c-a7aa-bacbefc2b820: does not qualify; 1.8 s; peak memory 411 MiB.
2026-10-07T01:53:07Z INFO [238/3795] 808751fc-8933-42e6-8b91-8e36010e3670: does not qualify; 1.2 s; peak memory 411 MiB.
2026-10-07T01:53:09Z INFO [239/3795] 80878f5b-2da9-4e14-8ef2-e01e2811bd95: does not qualify; 2.0 s; peak memory 411 MiB.
2026-10-07T01:53:10Z INFO [240/3795] 8087ba5a-f353-490f-a7e6-1d5907228fc1: does not qualify; 1.2 s; peak memory 411 MiB.
2026-10-07T01:53:11Z INFO [241/3795] 8087f75f-bfd4-461a-8303-c633ba3a837f: does not qualify; 1.4 s; peak memory 411 MiB.
2026-10-07T01:53:13Z INFO [242/3795] 8088ecce-6fa8-4296-8000-da61bf005945: does not qualify; 1.4 s; peak memory 411 MiB.
2026-10-07T01:53:15Z INFO [243/3795] 80893ad8-3e3a-4ce1-9c97-b7022525248b: does not qualify; 1.9 s; peak memory 411 MiB.
2026-10-07T01:53:26Z INFO [244/3795] 8089d608-07a4-4107-a766-785632358a07: does not qualify; 11.3 s; peak memory 411 MiB.
2026-10-07T01:53:27Z INFO [245/3795] 808b5557-8a5c-4b2e-938f-2bc41f1c1da7: does not qualify; 1.4 s; peak memory 411 MiB.
2026-10-07T01:53:41Z INFO [246/3795] 808d7b42-fad4-4a1b-881f-c6470f54d372: does not qualify; 13.4 s; peak memory 411 MiB.
2026-10-07T01:53:44Z INFO [247/3795] 808e136b-8030-4138-81ba-c62e0ae47c69: does not qualify; 3.3 s; peak memory 411 MiB.
2026-10-07T01:53:45Z INFO [248/3795] 808e3ce7-70cf-4cbe-a732-be7767c3c6d0: does not qualify; 1.3 s; peak memory 411 MiB.
2026-10-07T01:53:49Z INFO [249/3795] 808e793d-5c61-4c81-b8c2-06a19be65eb3: does not qualify; 3.3 s; peak memory 411 MiB.
2026-10-07T01:53:50Z INFO [250/3795] 808fb57b-3256-4877-baa5-532a7c5b01c5: does not qualify; 1.4 s; peak memory 411 MiB.
2026-10-07T01:53:50Z INFO [250/3795] 808fb57b-3256-4877-baa5-532a7c5b01c5: checkpointed 90369 records.
2026-10-07T01:53:53Z INFO [251/3795] 8090451b-de1f-41d5-b5c9-f79ee37e6ab4: does not qualify; 2.5 s; peak memory 411 MiB.
2026-10-07T01:53:59Z INFO [252/3795] 80905aad-f2d9-4142-91c3-5ec52686af3c: does not qualify; 6.5 s; peak memory 411 MiB.
2026-10-07T01:54:01Z INFO [253/3795] 80912481-fb5c-4a43-8006-adfdb916682d: does not qualify; 1.8 s; peak memory 411 MiB.
2026-10-07T01:54:03Z INFO [254/3795] 80913638-f8fa-4ca6-aae1-97f5b59eca4a: does not qualify; 2.0 s; peak memory 411 MiB.
2026-10-07T01:54:05Z INFO [255/3795] 80927f34-4ad4-4fe0-8b52-85546463db71: does not qualify; 1.8 s; peak memory 411 MiB.
2026-10-07T01:54:10Z INFO [256/3795] 8093bdf2-87ca-4251-bb28-7b0001e4d3a2: does not qualify; 4.8 s; peak memory 411 MiB.
2026-10-07T01:54:12Z INFO [257/3795] 8093d0e5-bf6e-493c-8975-814cea064a62: does not qualify; 2.2 s; peak memory 411 MiB.
2026-10-07T01:54:23Z INFO [258/3795] 8093ed9b-3e69-4801-b0de-d7b35a77806b: does not qualify; 10.8 s; peak memory 411 MiB.
2026-10-07T01:54:24Z INFO [259/3795] 8094ca90-5582-402e-b03c-a7ecf79ef29c: does not qualify; 1.3 s; peak memory 411 MiB.
2026-10-07T01:54:26Z INFO [260/3795] 8097a03d-3530-4e1e-9547-7d9a3ab1b863: does not qualify; 1.6 s; peak memory 411 MiB.
2026-10-07T01:54:28Z INFO [261/3795] 8097afa5-855f-46ff-ac86-7c4fd2a73c23: qualifies; 2.1 s; peak memory 411 MiB.
2026-10-07T01:54:29Z INFO [262/3795] 8097f5c3-7cf8-4df0-b7da-b0a946018c04: does not qualify; 1.5 s; peak memory 411 MiB.
2026-10-07T01:54:30Z INFO [263/3795] 80989013-f082-41c7-9b96-f5086e7e0cc7: does not qualify; 1.1 s; peak memory 411 MiB.
2026-10-07T01:54:32Z INFO [264/3795] 809a15c0-8ff3-4bea-8083-fa1e45a2770d: does not qualify; 1.5 s; peak memory 411 MiB.
2026-10-07T01:54:33Z INFO [265/3795] 809a5c45-27cd-4519-9d14-1ce4bd820fba: does not qualify; 1.6 s; peak memory 411 MiB.
2026-10-07T01:54:37Z INFO [266/3795] 809c5f87-c46e-49e7-a542-5f944dfb3eac: does not qualify; 3.2 s; peak memory 411 MiB.
2026-10-07T01:54:39Z INFO [267/3795] 809cea67-4066-42d2-afd9-a9cf82d5931c: does not qualify; 2.6 s; peak memory 411 MiB.
2026-10-07T01:54:41Z INFO [268/3795] 809d793a-a253-45d7-add5-66d8af564dfe: does not qualify; 2.0 s; peak memory 411 MiB.
2026-10-07T01:54:42Z INFO [269/3795] 809e20ca-c4db-4f82-9185-0a8a9181b854: does not qualify; 1.3 s; peak memory 411 MiB.
2026-10-07T01:54:44Z INFO [270/3795] 809e3f45-015f-4193-b83c-b0866874b9b7: does not qualify; 1.7 s; peak memory 411 MiB.
2026-10-07T01:55:30Z INFO [271/3795] 809ec1aa-6e92-4e23-94da-d5e2bf1830dd: does not qualify; 45.6 s; peak memory 411 MiB.
2026-10-07T01:55:31Z INFO [272/3795] 809f8548-b9ec-4ed7-9f24-b5fccfc845e3: does not qualify; 1.5 s; peak memory 411 MiB.
2026-10-07T01:55:38Z INFO [273/3795] 80a06e79-eafb-488c-bac7-4f0a4ea48ba8: does not qualify; 6.9 s; peak memory 572 MiB.
2026-10-07T01:55:40Z INFO [274/3795] 80a14d45-ccc2-4e3b-83bb-f0b88adb148c: does not qualify; 2.0 s; peak memory 572 MiB.
2026-10-07T01:55:41Z INFO [275/3795] 80a30ea3-03bf-4ae6-a03c-b29792b525fb: does not qualify; 1.2 s; peak memory 572 MiB.
2026-10-07T01:55:43Z INFO [276/3795] 80a39b40-7e2e-4390-8308-dfc924bda42a: does not qualify; 1.6 s; peak memory 572 MiB.
2026-10-07T01:55:45Z INFO [277/3795] 80a43c61-8880-437d-a31c-04c98777f79a: does not qualify; 1.7 s; peak memory 572 MiB.
2026-10-07T01:55:46Z INFO [278/3795] 80a4c68c-32f2-401b-b72c-34465b273f25: does not qualify; 1.6 s; peak memory 572 MiB.
2026-10-07T01:55:48Z INFO [279/3795] 80a52d7f-e02e-4b25-b124-b3498babfb8c: does not qualify; 1.9 s; peak memory 572 MiB.
2026-10-07T01:55:50Z INFO [280/3795] 80a57539-854c-4d79-bdeb-cae73bc3ae0d: does not qualify; 1.6 s; peak memory 572 MiB.
2026-10-07T01:56:25Z INFO [281/3795] 80a5bfaa-c42c-46c4-a49c-c4305dfe1d49: does not qualify; 35.4 s; peak memory 572 MiB.
2026-10-07T01:56:27Z INFO [282/3795] 80a628dd-692b-4351-84ea-65ff8c0bb7d2: does not qualify; 1.6 s; peak memory 572 MiB.
2026-10-07T01:56:29Z INFO [283/3795] 80a63e00-12cf-4d00-bce1-4612ce75f250: does not qualify; 1.9 s; peak memory 572 MiB.
2026-10-07T01:56:30Z INFO [284/3795] 80a6c797-43ab-4c00-81b1-48a4a56f9258: does not qualify; 1.3 s; peak memory 572 MiB.
2026-10-07T01:56:32Z INFO [285/3795] 80a7154e-f7a0-42fb-b399-0493d7a6d843: does not qualify; 2.4 s; peak memory 572 MiB.
2026-10-07T01:56:34Z INFO [286/3795] 80a7f479-f7db-4085-acb6-f16886dfea56: does not qualify; 1.6 s; peak memory 572 MiB.
2026-10-07T01:56:42Z INFO [287/3795] 80aa191e-ab87-4f2a-aaa7-5330d573df39: does not qualify; 8.0 s; peak memory 572 MiB.
2026-10-07T01:56:44Z INFO [288/3795] 80aab59a-27b3-4e20-948e-de2378ed4993: does not qualify; 1.8 s; peak memory 572 MiB.
2026-10-07T01:56:52Z INFO [289/3795] 80aae7ef-0558-4223-8e40-a6a23abcd493: does not qualify; 8.3 s; peak memory 572 MiB.
2026-10-07T01:56:54Z INFO [290/3795] 80ab1ae0-41ac-49d5-a6d1-79ce5ee10b36: does not qualify; 2.3 s; peak memory 572 MiB.
2026-10-07T01:56:56Z INFO [291/3795] 80ab345e-af17-41ce-99ef-9ad3adca0655: does not qualify; 1.3 s; peak memory 572 MiB.
2026-10-07T01:56:57Z INFO [292/3795] 80ab3dfa-3f8e-4473-8464-b5e5ac74e202: does not qualify; 1.5 s; peak memory 572 MiB.
2026-10-07T01:57:03Z INFO [293/3795] 80ad5975-39ed-4534-b4eb-eec565c80c26: does not qualify; 5.6 s; peak memory 572 MiB.
2026-10-07T01:57:04Z INFO [294/3795] 80ad60f1-0aa6-451a-8988-754f4099da80: does not qualify; 1.7 s; peak memory 572 MiB.
2026-10-07T01:57:06Z INFO [295/3795] 80ae9551-a0b0-4c2e-a20e-da39a336a9cb: does not qualify; 1.6 s; peak memory 572 MiB.
2026-10-07T01:58:08Z INFO [296/3795] 80afa1cb-afe3-46f3-879a-3bf0deb8ae06: does not qualify; 61.8 s; peak memory 572 MiB.
2026-10-07T01:58:09Z INFO [297/3795] 80b0590d-0dfd-4a94-a017-6dbf00b51f4e: does not qualify; 1.4 s; peak memory 572 MiB.
2026-10-07T01:58:11Z INFO [298/3795] 80b1aa4d-d246-41bd-8d76-b0395bc10107: does not qualify; 1.6 s; peak memory 572 MiB.
2026-10-07T01:58:26Z INFO [299/3795] 80b1c6c3-4b09-43d0-90a0-dfc157c85662: does not qualify; 15.2 s; peak memory 572 MiB.
2026-10-07T01:58:29Z INFO [300/3795] 80b2ee23-bace-4341-a36a-85e341bde6c2: qualifies; 3.1 s; peak memory 572 MiB.
2026-10-07T01:58:29Z INFO [300/3795] 80b2ee23-bace-4341-a36a-85e341bde6c2: checkpointed 90419 records.
2026-10-07T01:58:31Z INFO [301/3795] 80b300e9-b0f0-4298-a663-0b13130118d7: does not qualify; 1.8 s; peak memory 572 MiB.
2026-10-07T01:58:33Z INFO [302/3795] 80b3c03d-22e6-4720-a0fd-e08028b68505: does not qualify; 2.0 s; peak memory 572 MiB.
2026-10-07T01:58:35Z INFO [303/3795] 80b3c063-e55d-45a9-a97b-06f86b519842: does not qualify; 2.3 s; peak memory 572 MiB.
2026-10-07T01:58:48Z INFO [304/3795] 80b3f1b4-fbd6-4096-8ec0-29f0edfcd00c: does not qualify; 12.6 s; peak memory 572 MiB.
2026-10-07T01:58:49Z INFO [305/3795] 80b41959-fe8f-4522-9e96-893ef9d351c6: does not qualify; 1.3 s; peak memory 572 MiB.
2026-10-07T01:59:10Z INFO [306/3795] 80b4e63e-a866-4775-86b7-90652e8b7a55: does not qualify; 20.5 s; peak memory 572 MiB.
2026-10-07T01:59:11Z INFO [307/3795] 80b5576b-a711-478b-83ca-26cf48256db3: does not qualify; 1.6 s; peak memory 572 MiB.
2026-10-07T01:59:12Z INFO [308/3795] 80b576e8-51ef-42b8-8389-d725da0d7560: does not qualify; 1.2 s; peak memory 572 MiB.
2026-10-07T01:59:15Z INFO [309/3795] 80b585f6-7d15-4859-a55d-4ca0e12da586: does not qualify; 2.8 s; peak memory 572 MiB.
2026-10-07T01:59:17Z INFO [310/3795] 80b5a3d2-a367-4866-9bbf-02ab0753153e: does not qualify; 1.3 s; peak memory 572 MiB.
2026-10-07T01:59:25Z INFO [311/3795] 80b5d6e0-0ed9-4be6-aa1d-5e071199e71e: does not qualify; 8.2 s; peak memory 572 MiB.
2026-10-07T01:59:27Z INFO [312/3795] 80b5f73a-249c-49d8-ae20-fac2f9ffdf21: does not qualify; 2.0 s; peak memory 572 MiB.
2026-10-07T01:59:33Z INFO [313/3795] 80b6a865-c5c1-47ff-831d-9dbbf9360fa6: does not qualify; 5.8 s; peak memory 572 MiB.
2026-10-07T01:59:34Z INFO [314/3795] 80b79d36-2bbf-468e-bfd8-b6978b497f12: does not qualify; 1.3 s; peak memory 572 MiB.
2026-10-07T01:59:36Z INFO [315/3795] 80b7b860-c225-4997-951e-9037a6f1ebe0: does not qualify; 1.9 s; peak memory 572 MiB.
2026-10-07T01:59:39Z INFO [316/3795] 80b8964f-8466-42c0-96ed-1317f24c15a3: does not qualify; 3.1 s; peak memory 572 MiB.
2026-10-07T01:59:40Z INFO [317/3795] 80b8e88c-96fd-46be-a66a-ecb85392220c: does not qualify; 1.3 s; peak memory 572 MiB.
2026-10-07T01:59:41Z INFO [318/3795] 80b997bd-d40c-4d59-97d5-be3a2731841c: does not qualify; 1.3 s; peak memory 572 MiB.
2026-10-07T01:59:43Z INFO [319/3795] 80b9a81b-c0d0-4480-b39e-3fceced9b765: does not qualify; 1.5 s; peak memory 572 MiB.
2026-10-07T01:59:45Z INFO [320/3795] 80b9da67-f20b-45ad-a5e5-0461f69be7d9: does not qualify; 1.6 s; peak memory 572 MiB.
2026-10-07T01:59:54Z INFO [321/3795] 80b9ee3b-433c-4c5f-8b73-7f17369a9ee7: does not qualify; 9.8 s; peak memory 572 MiB.
2026-10-07T01:59:57Z INFO [322/3795] 80baf910-eb1f-4379-8b2e-e51f30efbe1a: does not qualify; 2.5 s; peak memory 572 MiB.
2026-10-07T01:59:59Z INFO [323/3795] 80bb8201-1a7a-4a4c-bfbf-bc43e9bbbb87: does not qualify; 2.1 s; peak memory 572 MiB.
2026-10-07T02:00:00Z INFO [324/3795] 80bc0914-9999-43f9-bfe1-da894600612f: does not qualify; 1.3 s; peak memory 572 MiB.
2026-10-07T02:00:02Z INFO [325/3795] 80bc9401-7948-4805-914d-7728e7a35b34: does not qualify; 1.7 s; peak memory 572 MiB.
2026-10-07T02:00:04Z INFO [326/3795] 80bd764d-f20d-40cd-a364-1e7cc32e4d20: does not qualify; 1.7 s; peak memory 572 MiB.
2026-10-07T02:00:05Z INFO [327/3795] 80bdcbba-102d-4c65-859e-b1b7f7943dcc: does not qualify; 1.3 s; peak memory 572 MiB.
2026-10-07T02:00:06Z INFO [328/3795] 80be2511-cb48-4e4b-ae98-d77773bf0859: does not qualify; 1.3 s; peak memory 572 MiB.
2026-10-07T02:00:08Z INFO [329/3795] 80be509a-b381-4bff-9416-a5bc8904148c: does not qualify; 1.4 s; peak memory 572 MiB.
2026-10-07T02:00:09Z INFO [330/3795] 80bf0a8a-1612-4edc-9639-595ee73e7024: does not qualify; 1.9 s; peak memory 572 MiB.
2026-10-07T02:00:16Z INFO [331/3795] 80bfde22-bbb1-476a-a8ff-711cb7161192: does not qualify; 6.1 s; peak memory 572 MiB.
2026-10-07T02:00:17Z INFO [332/3795] 80c1fa9a-146b-44a2-8cdf-b63d0b01442a: does not qualify; 1.3 s; peak memory 572 MiB.
2026-10-07T02:00:20Z INFO [333/3795] 80c3c312-5231-4397-8d2d-d33f4c492845: does not qualify; 3.1 s; peak memory 572 MiB.
2026-10-07T02:00:21Z INFO [334/3795] 80c3c368-e2e0-4ce1-8a62-397061627b81: does not qualify; 1.1 s; peak memory 572 MiB.
2026-10-07T02:00:26Z INFO [335/3795] 80c3f963-bd4e-439b-abc7-3ed9c614ca80: does not qualify; 4.7 s; peak memory 572 MiB.
2026-10-07T02:00:28Z INFO [336/3795] 80c40c0a-3062-4aab-8a1f-93af7fc6acef: does not qualify; 2.2 s; peak memory 572 MiB.
2026-10-07T02:01:05Z INFO [337/3795] 80c45c26-56b0-437c-a0b8-a954591f419f: does not qualify; 36.8 s; peak memory 572 MiB.
2026-10-07T02:01:06Z INFO [338/3795] 80c5402c-705f-4278-ba89-b91266e1eebf: does not qualify; 1.2 s; peak memory 572 MiB.
2026-10-07T02:01:11Z INFO [339/3795] 80c5ce69-9f23-44be-af6c-f4f73ae0c7e0: does not qualify; 5.1 s; peak memory 572 MiB.
2026-10-07T02:01:13Z INFO [340/3795] 80c5dce1-aa3e-4600-abec-351237317802: does not qualify; 1.9 s; peak memory 572 MiB.
2026-10-07T02:01:15Z INFO [341/3795] 80c5eb9c-8911-4af3-b941-ed5fe5137c9d: does not qualify; 1.6 s; peak memory 572 MiB.
2026-10-07T02:01:16Z INFO [342/3795] 80c636b8-766e-4a11-bd59-d4dd82543a9d: does not qualify; 1.4 s; peak memory 572 MiB.
2026-10-07T02:01:19Z INFO [343/3795] 80c66bec-eb05-41c5-b617-3a00c86cb055: does not qualify; 2.6 s; peak memory 572 MiB.
2026-10-07T02:01:21Z INFO [344/3795] 80c685a0-93aa-444f-a004-abf2611be1f2: does not qualify; 2.2 s; peak memory 572 MiB.
2026-10-07T02:01:31Z INFO [345/3795] 80c685b2-5bee-4789-9ea6-d9e2027add69: does not qualify; 9.9 s; peak memory 572 MiB.
2026-10-07T02:01:37Z INFO [346/3795] 80c761be-e6b7-4fe3-8e8a-db09d80f82b8: does not qualify; 6.3 s; peak memory 572 MiB.
2026-10-07T02:01:38Z INFO [347/3795] 80c85290-1a28-4b71-a7fa-262d30da0e34: does not qualify; 1.0 s; peak memory 572 MiB.
2026-10-07T02:01:40Z INFO [348/3795] 80c9327d-ff58-4b97-858b-5a17406b6054: does not qualify; 1.3 s; peak memory 572 MiB.
2026-10-07T02:01:41Z INFO [349/3795] 80c958db-27be-4d8f-865f-ed8b33889051: does not qualify; 1.0 s; peak memory 572 MiB.
2026-10-07T02:01:42Z INFO [350/3795] 80c9db53-5618-41bf-9e7e-f2c14f43ccfe: does not qualify; 1.6 s; peak memory 572 MiB.
2026-10-07T02:01:42Z INFO [350/3795] 80c9db53-5618-41bf-9e7e-f2c14f43ccfe: checkpointed 90469 records.
2026-10-07T02:01:44Z INFO [351/3795] 80c9ff36-7d6c-4f2b-9557-d6dece6d3282: does not qualify; 1.7 s; peak memory 572 MiB.
2026-10-07T02:01:46Z INFO [352/3795] 80ca1fe7-b4b6-45fa-bc1e-01edf3a0bc95: does not qualify; 1.4 s; peak memory 572 MiB.
2026-10-07T02:01:47Z INFO [353/3795] 80ca68d9-08f3-4fcc-a391-f44d932cb453: does not qualify; 1.3 s; peak memory 572 MiB.
2026-10-07T02:01:53Z INFO [354/3795] 80cb0f11-6091-44a8-b5e9-4892c8fba210: does not qualify; 6.5 s; peak memory 572 MiB.
2026-10-07T02:01:55Z INFO [355/3795] 80cb4c07-c273-4d2d-9da2-5499a1c70c44: does not qualify; 1.7 s; peak memory 572 MiB.
2026-10-07T02:01:56Z INFO [356/3795] 80cb4e8d-e78a-44a1-b4e7-0c6c707e22ad: does not qualify; 1.4 s; peak memory 572 MiB.
2026-10-07T02:01:58Z INFO [357/3795] 80cd4457-4f2b-43d2-a224-7cc06bf9b328: qualifies; 2.0 s; peak memory 572 MiB.
2026-10-07T02:02:00Z INFO [358/3795] 80cdb8ff-3bc2-444d-84e7-86d8b81a1ce8: does not qualify; 1.3 s; peak memory 572 MiB.
2026-10-07T02:02:01Z INFO [359/3795] 80ce07b3-ca8a-417f-982a-7239849582a3: does not qualify; 1.1 s; peak memory 572 MiB.
2026-10-07T02:02:02Z INFO [360/3795] 80cf4670-7f04-4d73-ab9f-ad91cfd98a7a: does not qualify; 1.5 s; peak memory 572 MiB.
2026-10-07T02:02:10Z INFO [361/3795] 80d062fb-bd4c-48a5-beb9-60b9fe277c04: does not qualify; 7.6 s; peak memory 572 MiB.
2026-10-07T02:02:11Z INFO [362/3795] 80d0fa1a-d4a0-499a-ad84-587a4073326a: does not qualify; 1.2 s; peak memory 572 MiB.
2026-10-07T02:02:13Z INFO [363/3795] 80d1bfae-8ce4-49a4-aa9f-939576dba087: does not qualify; 1.5 s; peak memory 572 MiB.
2026-10-07T02:02:14Z INFO [364/3795] 80d1e446-09ef-4f3d-ba8a-c19e7124578d: does not qualify; 1.3 s; peak memory 572 MiB.
2026-10-07T02:02:18Z INFO [365/3795] 80d26227-58ae-4a7e-9c4e-03e7adf4a8cc: does not qualify; 3.6 s; peak memory 572 MiB.
2026-10-07T02:02:19Z INFO [366/3795] 80d285e3-7883-45e4-bd71-29035c7ebb03: does not qualify; 1.6 s; peak memory 572 MiB.
2026-10-07T02:02:20Z INFO [367/3795] 80d2b12d-93a4-459c-b32c-4130c9a6a5b3: does not qualify; 1.0 s; peak memory 572 MiB.
2026-10-07T02:02:21Z INFO [368/3795] 80d3505d-8221-446a-80c1-09132d2826f4: does not qualify; 1.1 s; peak memory 572 MiB.
2026-10-07T02:02:24Z INFO [369/3795] 80d37e09-6004-4765-9cd9-96b14dec929c: qualifies; 2.6 s; peak memory 572 MiB.
2026-10-07T02:02:26Z INFO [370/3795] 80d3d3fb-ab99-42bb-a7df-71e3130b958b: does not qualify; 1.6 s; peak memory 572 MiB.
2026-10-07T02:02:27Z INFO [371/3795] 80d3e606-d94a-4cba-87e8-bf046a167472: does not qualify; 1.4 s; peak memory 572 MiB.
2026-10-07T02:02:34Z INFO [372/3795] 80d426f3-ee57-4268-8c7d-a9ff2393a868: does not qualify; 6.9 s; peak memory 572 MiB.
2026-10-07T02:02:35Z INFO [373/3795] 80d48e91-a81e-4d0e-8417-578028fc3989: does not qualify; 1.3 s; peak memory 572 MiB.
2026-10-07T02:02:37Z INFO [374/3795] 80d4a968-bfb5-48fe-bb8f-2c796ee7d88d: does not qualify; 1.7 s; peak memory 572 MiB.
2026-10-07T02:02:38Z INFO [375/3795] 80d549e5-7e52-448e-b62f-4f69332eb5fb: does not qualify; 1.5 s; peak memory 572 MiB.
2026-10-07T02:02:40Z INFO [376/3795] 80d5a2da-f620-4298-915d-6b3b2a8950c3: does not qualify; 1.3 s; peak memory 572 MiB.
2026-10-07T02:02:47Z INFO [377/3795] 80d5b849-a9e5-4a04-9d46-c37b64ad3c1a: does not qualify; 7.7 s; peak memory 572 MiB.
2026-10-07T02:02:50Z INFO [378/3795] 80d79621-632f-465d-b14f-ba3477558b5d: does not qualify; 2.1 s; peak memory 572 MiB.
2026-10-07T02:02:51Z INFO [379/3795] 80d7cda1-c088-4a95-b150-cf0fcacf9689: does not qualify; 1.5 s; peak memory 572 MiB.
2026-10-07T02:02:53Z INFO [380/3795] 80d823a3-b544-407c-ba55-66b5f824d4a6: does not qualify; 1.6 s; peak memory 572 MiB.
2026-10-07T02:02:54Z INFO [381/3795] 80d832ae-8cef-44e9-8198-3b17f81a2aca: does not qualify; 1.1 s; peak memory 572 MiB.
2026-10-07T02:02:55Z INFO [382/3795] 80d83517-eaa7-412d-9619-bee7dcd23059: does not qualify; 1.7 s; peak memory 572 MiB.
2026-10-07T02:02:57Z INFO [383/3795] 80d83d5c-bf1e-40fa-970a-d7395ef9f31d: does not qualify; 1.6 s; peak memory 572 MiB.
2026-10-07T02:03:09Z INFO [384/3795] 80d84ff5-eefd-4bfd-99cf-9da538cf571e: does not qualify; 11.6 s; peak memory 572 MiB.
2026-10-07T02:03:10Z INFO [385/3795] 80d89277-04b4-4cce-be07-5260494a61dc: does not qualify; 1.8 s; peak memory 572 MiB.
2026-10-07T02:03:12Z INFO [386/3795] 80d8cd49-62a6-40fc-96ae-21676c8fda9f: does not qualify; 1.7 s; peak memory 572 MiB.
2026-10-07T02:03:18Z INFO [387/3795] 80d93ff0-deed-4fed-8b0e-3feae48a484c: does not qualify; 5.7 s; peak memory 572 MiB.
2026-10-07T02:03:20Z INFO [388/3795] 80d962f0-177d-466c-b6b9-4b61ee315875: does not qualify; 2.1 s; peak memory 572 MiB.
2026-10-07T02:03:22Z INFO [389/3795] 80d9d438-bfa9-4bf2-bdbe-6ebb17cc4a55: does not qualify; 1.6 s; peak memory 572 MiB.
2026-10-07T02:03:24Z INFO [390/3795] 80da1cb1-25cb-4971-a930-668f5c9e2aa0: qualifies; 2.1 s; peak memory 572 MiB.
2026-10-07T02:03:25Z INFO [391/3795] 80dab760-9b1a-45d3-9623-5a4359a9fce5: does not qualify; 1.6 s; peak memory 572 MiB.
2026-10-07T02:03:27Z INFO [392/3795] 80dbd692-c867-4748-ab47-6ce06a012683: does not qualify; 1.7 s; peak memory 572 MiB.
2026-10-07T02:03:28Z INFO [393/3795] 80dbe744-e62e-43d9-a3fc-0bd9e0aed6f1: does not qualify; 1.2 s; peak memory 572 MiB.
2026-10-07T02:03:30Z INFO [394/3795] 80dc3776-dd7d-4db7-b568-ef53c13ff53d: does not qualify; 2.0 s; peak memory 572 MiB.
2026-10-07T02:03:31Z INFO [395/3795] 80dc4308-8ed8-4510-858a-a4fe8001025e: does not qualify; 1.3 s; peak memory 572 MiB.
2026-10-07T02:03:33Z INFO [396/3795] 80dcc076-6dab-4c44-a74c-3ce34b9d6c15: does not qualify; 1.7 s; peak memory 572 MiB.
2026-10-07T02:03:35Z INFO [397/3795] 80dcc3cb-8a8b-4e9a-abff-e729e6ee4806: does not qualify; 2.3 s; peak memory 572 MiB.
2026-10-07T02:03:37Z INFO [398/3795] 80dcc433-6177-4710-8234-f51707750e52: does not qualify; 1.5 s; peak memory 572 MiB.
2026-10-07T02:03:39Z INFO [399/3795] 80dcf3fe-d0f2-4b67-a5c1-ca246e887ae1: does not qualify; 2.4 s; peak memory 572 MiB.
2026-10-07T02:03:43Z INFO [400/3795] 80dda9a8-a5d7-4afa-a7c2-623d9538d633: does not qualify; 3.4 s; peak memory 572 MiB.
2026-10-07T02:03:43Z INFO [400/3795] 80dda9a8-a5d7-4afa-a7c2-623d9538d633: checkpointed 90519 records.
2026-10-07T02:03:44Z INFO [401/3795] 80de4aa3-4585-47cf-ae34-ed40a4074bc2: does not qualify; 1.7 s; peak memory 572 MiB.
2026-10-07T02:03:46Z INFO [402/3795] 80dedc7b-d1c5-44c3-8d7c-e683653d86f0: does not qualify; 1.6 s; peak memory 572 MiB.
2026-10-07T02:03:47Z INFO [403/3795] 80df4512-93ee-4871-b1b1-6a7d155302d8: does not qualify; 1.1 s; peak memory 572 MiB.
2026-10-07T02:03:51Z INFO [404/3795] 80e0e1ef-b97a-4810-8765-2f2b206e33dd: does not qualify; 4.0 s; peak memory 572 MiB.
2026-10-07T02:03:52Z INFO [405/3795] 80e15163-a07d-4109-9993-a4298b641ba2: does not qualify; 1.3 s; peak memory 572 MiB.
2026-10-07T02:03:54Z INFO [406/3795] 80e158b2-ceb7-40e3-8883-f9b776d9eb77: does not qualify; 1.4 s; peak memory 572 MiB.
2026-10-07T02:03:56Z INFO [407/3795] 80e17f49-48ec-4d2f-b80a-eb8e1ab0e50d: does not qualify; 2.5 s; peak memory 572 MiB.
2026-10-07T02:03:58Z INFO [408/3795] 80e18429-8efa-425e-80b4-3d868a29362f: does not qualify; 2.0 s; peak memory 572 MiB.
2026-10-07T02:04:00Z INFO [409/3795] 80e2c440-5d6a-4a4f-9a2f-034ae5084947: does not qualify; 1.2 s; peak memory 572 MiB.
2026-10-07T02:04:07Z INFO [410/3795] 80e31f77-0618-4d07-acea-af1d968f1fef: does not qualify; 7.2 s; peak memory 572 MiB.
2026-10-07T02:04:10Z INFO [411/3795] 80e3582a-401f-4695-8f57-b0305b98e4fd: qualifies; 2.9 s; peak memory 572 MiB.
2026-10-07T02:04:17Z INFO [412/3795] 80e3e855-5195-42e1-b221-cf9384a04545: does not qualify; 7.7 s; peak memory 572 MiB.
2026-10-07T02:04:20Z INFO [413/3795] 80e4099f-7213-4638-86ff-810a00288674: does not qualify; 2.1 s; peak memory 572 MiB.
2026-10-07T02:04:21Z INFO [414/3795] 80e4ee1d-1ee0-487d-b5d1-ef537f941c00: does not qualify; 1.6 s; peak memory 572 MiB.
2026-10-07T02:05:18Z INFO [415/3795] 80e5ede7-cf0e-4d2d-b5e6-a8aae0da2c37: does not qualify; 56.8 s; peak memory 572 MiB.
2026-10-07T02:05:21Z INFO [416/3795] 80e5eff2-6863-4038-9302-675d85163951: does not qualify; 2.8 s; peak memory 572 MiB.
2026-10-07T02:05:23Z INFO [417/3795] 80e61446-51d3-439c-a335-6760be082497: does not qualify; 2.4 s; peak memory 572 MiB.
2026-10-07T02:05:24Z INFO [418/3795] 80e61bee-006f-44bd-bd19-2cf3524d2147: does not qualify; 1.2 s; peak memory 572 MiB.
2026-10-07T02:05:30Z INFO [419/3795] 80e6a11e-a813-4bba-a241-692cebdd6070: does not qualify; 5.7 s; peak memory 572 MiB.
2026-10-07T02:05:31Z INFO [420/3795] 80e77b8b-4ce0-4502-83fd-04f51c4c5fcf: does not qualify; 1.3 s; peak memory 572 MiB.
2026-10-07T02:05:33Z INFO [421/3795] 80e7b680-2beb-4136-bc11-8fb7d893ea5a: does not qualify; 1.7 s; peak memory 572 MiB.
2026-10-07T02:05:35Z INFO [422/3795] 80e8bcf6-f912-4415-8cde-43458a0290f3: does not qualify; 2.2 s; peak memory 572 MiB.
2026-10-07T02:05:36Z INFO [423/3795] 80e9c2cc-5d43-4cdb-a632-afa0d4382b7d: does not qualify; 1.0 s; peak memory 572 MiB.
2026-10-07T02:05:37Z INFO [424/3795] 80ea5e42-c67d-4e3f-837a-33f30dcd743b: does not qualify; 1.2 s; peak memory 572 MiB.
2026-10-07T02:06:19Z INFO [425/3795] 80ea6a73-8c12-4ce5-90d2-bfbb6f6b73cf: does not qualify; 41.9 s; peak memory 572 MiB.
2026-10-07T02:06:21Z INFO [426/3795] 80ebe572-79e5-4f84-bdc4-0deacc8db8a5: does not qualify; 1.3 s; peak memory 572 MiB.
2026-10-07T02:06:24Z INFO [427/3795] 80ed83d8-7790-4bcb-830b-7d937df4bf46: does not qualify; 3.7 s; peak memory 572 MiB.
2026-10-07T02:06:26Z INFO [428/3795] 80edd5a9-4bb0-4d41-9835-565c32486f92: does not qualify; 1.5 s; peak memory 572 MiB.
2026-10-07T02:06:28Z INFO [429/3795] 80eecb55-7da6-49fd-ba6e-d881452c490f: does not qualify; 2.1 s; peak memory 572 MiB.
2026-10-07T02:06:30Z INFO [430/3795] 80efa583-12b8-4405-88e6-4d050be867f1: does not qualify; 1.8 s; peak memory 572 MiB.
2026-10-07T02:06:31Z INFO [431/3795] 80f02da7-fa71-4820-99c1-51aa48d0c355: does not qualify; 1.5 s; peak memory 572 MiB.
2026-10-07T02:06:33Z INFO [432/3795] 80f0d720-7171-494c-826b-41f63d358d13: does not qualify; 1.6 s; peak memory 572 MiB.
2026-10-07T02:06:34Z INFO [433/3795] 80f202cb-c8e1-4ca0-a830-57c35a4124eb: does not qualify; 1.4 s; peak memory 572 MiB.
2026-10-07T02:06:36Z INFO [434/3795] 80f20a9e-0497-4466-bb98-690c2dd20edf: does not qualify; 1.5 s; peak memory 572 MiB.
2026-10-07T02:06:37Z INFO [435/3795] 80f2165d-1e06-4472-9915-766e09002bcf: does not qualify; 1.6 s; peak memory 572 MiB.
2026-10-07T02:06:38Z INFO [436/3795] 80f2afd0-ee91-45b9-8386-39fb23ccd3ec: does not qualify; 1.2 s; peak memory 572 MiB.
2026-10-07T02:06:46Z INFO [437/3795] 80f2e76a-7d77-46de-84cf-cc92eaf2293c: does not qualify; 7.2 s; peak memory 572 MiB.
2026-10-07T02:06:47Z INFO [438/3795] 80f38131-c513-4f36-9b22-6359f10786ae: does not qualify; 1.3 s; peak memory 572 MiB.
2026-10-07T02:06:49Z INFO [439/3795] 80f486ee-8330-4175-a788-50d2c724ebe9: does not qualify; 2.0 s; peak memory 572 MiB.
2026-10-07T02:06:53Z INFO [440/3795] 80f4f5b2-fd13-4e26-b1ff-c4d84634fdc2: does not qualify; 4.0 s; peak memory 572 MiB.
2026-10-07T02:06:54Z INFO [441/3795] 80f51d4d-57a4-4245-b735-8d3f1afea95e: does not qualify; 1.4 s; peak memory 572 MiB.
2026-10-07T02:06:56Z INFO [442/3795] 80f5aed0-24c9-41c9-9d8c-f036e866daec: does not qualify; 1.7 s; peak memory 572 MiB.
2026-10-07T02:07:03Z INFO [443/3795] 80f7583a-8c81-40cd-9820-511f649f8725: does not qualify; 7.1 s; peak memory 572 MiB.
2026-10-07T02:07:05Z INFO [444/3795] 80f7f08f-0aa6-428f-a7de-366afd6fe2cc: does not qualify; 1.8 s; peak memory 572 MiB.
2026-10-07T02:07:07Z INFO [445/3795] 80f9681c-e431-4d56-a9f9-8e2f95153227: does not qualify; 2.5 s; peak memory 572 MiB.
2026-10-07T02:07:14Z INFO [446/3795] 80f9ac77-c928-4b8d-bea4-8be5ae9a60bb: does not qualify; 7.1 s; peak memory 572 MiB.
2026-10-07T02:07:17Z INFO [447/3795] 80fa5375-898d-4c5c-8703-e825c736e6e4: does not qualify; 2.4 s; peak memory 572 MiB.
2026-10-07T02:07:18Z INFO [448/3795] 80fa5779-016b-4304-865a-a195f77b21bc: does not qualify; 1.4 s; peak memory 572 MiB.
2026-10-07T02:07:20Z INFO [449/3795] 80fa9e8a-92d7-44a0-b94d-5621de456a52: does not qualify; 1.8 s; peak memory 572 MiB.
2026-10-07T02:07:30Z INFO [450/3795] 80fb69ea-81de-4bd2-af28-c38c12c03b96: qualifies; 10.2 s; peak memory 572 MiB.
2026-10-07T02:07:30Z INFO [450/3795] 80fb69ea-81de-4bd2-af28-c38c12c03b96: checkpointed 90569 records.
2026-10-07T02:07:32Z INFO [451/3795] 80fc54fa-773a-464e-9918-587291ee2857: does not qualify; 1.8 s; peak memory 572 MiB.
2026-10-07T02:07:34Z INFO [452/3795] 80fc6823-8f05-48d9-bf0a-0fe6053fdaa0: does not qualify; 1.9 s; peak memory 572 MiB.
2026-10-07T02:07:36Z INFO [453/3795] 80fd64a3-bb9f-4f7e-9faa-95b3f81930fd: does not qualify; 1.7 s; peak memory 572 MiB.
2026-10-07T02:07:39Z INFO [454/3795] 80fdf92c-27ac-49c9-99eb-63cde212b59d: does not qualify; 2.8 s; peak memory 572 MiB.
2026-10-07T02:07:40Z INFO [455/3795] 80feaa4d-881e-4592-af1f-999f3e993cd9: does not qualify; 1.2 s; peak memory 572 MiB.
2026-10-07T02:18:58Z INFO [456/3795] 80ff3587-fd02-436f-a247-6b8916d2b395: does not qualify; 677.8 s; peak memory 572 MiB.
2026-10-07T02:19:00Z INFO [457/3795] 810075a8-a04d-4561-a6fd-c4aa4532996e: does not qualify; 2.1 s; peak memory 572 MiB.
2026-10-07T02:19:11Z INFO [458/3795] 8100e50d-2d0c-4cd7-8663-74cbd0dbf163: does not qualify; 11.4 s; peak memory 572 MiB.
2026-10-07T02:19:24Z INFO [459/3795] 8101f5a3-bd5c-4135-8d32-86513759ffde: does not qualify; 12.6 s; peak memory 572 MiB.
2026-10-07T02:19:26Z INFO [460/3795] 8101f722-af8b-4c3d-90d1-5e9a14373ac0: does not qualify; 1.8 s; peak memory 572 MiB.
2026-10-07T02:19:27Z INFO [461/3795] 810356e6-ff14-4aec-a350-f5bedbadcfae: does not qualify; 1.4 s; peak memory 572 MiB.
2026-10-07T02:19:28Z INFO [462/3795] 81035bd0-2e75-472e-a904-824ea76d20fa: does not qualify; 1.3 s; peak memory 572 MiB.
2026-10-07T02:19:30Z INFO [463/3795] 8103c0bc-d5d6-4ce6-b755-a8714508ed96: does not qualify; 2.0 s; peak memory 572 MiB.
2026-10-07T02:19:31Z INFO [464/3795] 8103ffce-f9d9-4f9c-a448-0bd8505ebb4d: does not qualify; 1.1 s; peak memory 572 MiB.
2026-10-07T02:19:33Z INFO [465/3795] 81043d55-de88-4d0e-b9ee-90664166f9bb: does not qualify; 1.3 s; peak memory 572 MiB.
2026-10-07T02:19:50Z INFO [466/3795] 8104d009-c8d9-4dee-a3e4-ac3767a53d14: does not qualify; 17.0 s; peak memory 572 MiB.
2026-10-07T02:19:52Z INFO [467/3795] 810871a4-47bf-4a2a-969c-eb9b73477e29: does not qualify; 1.9 s; peak memory 572 MiB.
2026-10-07T02:19:54Z INFO [468/3795] 810878c0-d955-498e-96df-ef4ae855b097: does not qualify; 2.8 s; peak memory 572 MiB.
2026-10-07T02:19:55Z INFO [469/3795] 81089578-db8a-49f6-b696-eb8902c99f53: does not qualify; 1.0 s; peak memory 572 MiB.
2026-10-07T02:19:56Z INFO [470/3795] 8108fd2c-8795-4a2e-b07c-e7579caeb497: does not qualify; 1.0 s; peak memory 572 MiB.
2026-10-07T02:19:58Z INFO [471/3795] 81098d82-175b-4981-bc37-3579943d09dd: does not qualify; 1.3 s; peak memory 572 MiB.
2026-10-07T02:19:59Z INFO [472/3795] 810ac31b-009b-49c8-840e-fe0f7b96192c: does not qualify; 1.6 s; peak memory 572 MiB.
2026-10-07T02:20:01Z INFO [473/3795] 810ad27d-3a1f-4831-be84-9161133aee46: does not qualify; 1.3 s; peak memory 572 MiB.
2026-10-07T02:20:03Z INFO [474/3795] 810b00dd-93ef-4330-9034-13bec599183c: does not qualify; 2.0 s; peak memory 572 MiB.
2026-10-07T02:20:04Z INFO [475/3795] 810b57c7-4318-4d48-b482-2a1fed3ca3c7: does not qualify; 1.4 s; peak memory 572 MiB.
2026-10-07T02:20:05Z INFO [476/3795] 810bb02d-40e9-41b3-a95e-4a0420a905be: does not qualify; 1.3 s; peak memory 572 MiB.
2026-10-07T02:20:07Z INFO [477/3795] 810c457e-5562-47cc-8ee7-f03cd28c8b7f: does not qualify; 1.6 s; peak memory 572 MiB.
2026-10-07T02:20:09Z INFO [478/3795] 810c5bf2-254d-4ec2-878b-73c28922448d: does not qualify; 2.2 s; peak memory 572 MiB.
2026-10-07T02:20:11Z INFO [479/3795] 810d4a3e-1e10-48e1-985e-f8c2f6dc32e1: does not qualify; 2.1 s; peak memory 572 MiB.
2026-10-07T02:20:13Z INFO [480/3795] 810d566a-b5f2-4dcf-861d-ca2ad251cb21: does not qualify; 1.8 s; peak memory 572 MiB.
2026-10-07T02:20:15Z INFO [481/3795] 810d9d2f-06e1-4176-949f-7204d985741f: does not qualify; 1.5 s; peak memory 572 MiB.
2026-10-07T02:20:16Z INFO [482/3795] 810dea62-1e6b-4d84-9966-78078e27e3cb: does not qualify; 1.7 s; peak memory 572 MiB.
2026-10-07T02:20:17Z INFO [483/3795] 810e76ae-562a-4f28-866b-bf68549eb22f: does not qualify; 1.2 s; peak memory 572 MiB.
2026-10-07T02:20:18Z INFO [484/3795] 810e8d2f-3a4f-4cfb-8748-2f2eb150afd9: does not qualify; 1.0 s; peak memory 572 MiB.
2026-10-07T02:20:21Z INFO [485/3795] 810e9d83-a8f3-475a-9a71-634659b1c690: does not qualify; 2.4 s; peak memory 572 MiB.
2026-10-07T02:20:22Z INFO [486/3795] 810eb60a-d34d-466c-8c99-958252eb63c2: does not qualify; 1.3 s; peak memory 572 MiB.
2026-10-07T02:20:24Z INFO [487/3795] 810f0da9-b97e-4b63-92e1-2d4d83156a80: does not qualify; 1.9 s; peak memory 572 MiB.
2026-10-07T02:20:26Z INFO [488/3795] 810f11fb-2241-44c7-8675-6a7fcacd9acd: does not qualify; 1.7 s; peak memory 572 MiB.
2026-10-07T02:20:28Z INFO [489/3795] 810f282d-e84d-47f6-a4dd-c58b0edd516b: does not qualify; 2.7 s; peak memory 572 MiB.
2026-10-07T02:20:30Z INFO [490/3795] 810ff391-6fd8-4d9d-a091-20a48125d01d: does not qualify; 1.7 s; peak memory 572 MiB.
2026-10-07T02:20:32Z INFO [491/3795] 810fff0d-1c38-423e-83b6-9edcc108ef4e: does not qualify; 1.6 s; peak memory 572 MiB.
2026-10-07T02:20:33Z INFO [492/3795] 81104acc-1af6-4e20-8f03-32304b5f49df: does not qualify; 1.5 s; peak memory 572 MiB.
2026-10-07T02:20:34Z INFO [493/3795] 811066c6-9577-4925-84a1-5e8bd5f0203c: does not qualify; 1.4 s; peak memory 572 MiB.
2026-10-07T02:20:38Z INFO [494/3795] 811068f0-39ea-4be4-ba72-c4fc974a3fb1: does not qualify; 3.8 s; peak memory 572 MiB.
2026-10-07T02:20:39Z INFO [495/3795] 8110c1c8-4d52-464b-bcf9-3e40c6ed8013: does not qualify; 1.0 s; peak memory 572 MiB.
2026-10-07T02:20:41Z INFO [496/3795] 8110edb2-7434-477c-9651-4ab571e3a289: does not qualify; 1.7 s; peak memory 572 MiB.
2026-10-07T02:20:44Z INFO [497/3795] 8112195c-34cc-4c50-9b78-e7e4e907dd10: does not qualify; 3.2 s; peak memory 572 MiB.
2026-10-07T02:20:47Z INFO [498/3795] 81123a09-610c-498f-989c-787bbd747c27: does not qualify; 2.6 s; peak memory 572 MiB.
2026-10-07T02:20:49Z INFO [499/3795] 811287bc-526c-430b-b1a2-ae7f56221680: does not qualify; 1.9 s; peak memory 572 MiB.
2026-10-07T02:20:50Z INFO [500/3795] 8112c3c8-e6a7-49be-92d5-2cc0f8bac021: does not qualify; 1.4 s; peak memory 572 MiB.
2026-10-07T02:20:50Z INFO [500/3795] 8112c3c8-e6a7-49be-92d5-2cc0f8bac021: checkpointed 90619 records.
2026-10-07T02:20:52Z INFO [501/3795] 8113c78d-81cb-49b8-a716-22f2e0bae19b: does not qualify; 1.3 s; peak memory 572 MiB.
2026-10-07T02:20:54Z INFO [502/3795] 8113dab4-3b1e-41cf-a8b4-eea7afaafaf3: does not qualify; 2.0 s; peak memory 572 MiB.
2026-10-07T02:20:55Z INFO [503/3795] 8114d076-0255-425b-8dd3-0a159d71a27a: does not qualify; 1.5 s; peak memory 572 MiB.
2026-10-07T02:20:57Z INFO [504/3795] 8115228a-1c19-4876-8b2f-901dfb5409b6: does not qualify; 1.8 s; peak memory 572 MiB.
2026-10-07T02:21:04Z INFO [505/3795] 8116391b-b6a9-43ee-9625-5aaa61f56efe: does not qualify; 7.0 s; peak memory 572 MiB.
2026-10-07T02:21:05Z INFO [506/3795] 81166915-50ff-467d-a69e-5c482acba561: does not qualify; 1.6 s; peak memory 572 MiB.
2026-10-07T02:21:12Z INFO [507/3795] 8116b4a0-0e5c-4215-a156-8dc4e9c322ea: does not qualify; 7.0 s; peak memory 572 MiB.
2026-10-07T02:21:14Z INFO [508/3795] 8117222f-2c37-45a7-a510-e80b15bb8b40: does not qualify; 1.6 s; peak memory 572 MiB.
2026-10-07T02:21:16Z INFO [509/3795] 81176f52-ec81-47c7-837c-909956f7ac43: does not qualify; 1.5 s; peak memory 572 MiB.
2026-10-07T02:21:18Z INFO [510/3795] 8117c740-1958-416d-96eb-c669bb2c0e4e: does not qualify; 2.8 s; peak memory 572 MiB.
2026-10-07T02:21:26Z INFO [511/3795] 811861c6-d9e4-4bf6-abfa-9a755d00f995: does not qualify; 7.4 s; peak memory 572 MiB.
2026-10-07T02:21:28Z INFO [512/3795] 81186ca4-b618-45e7-a06c-7519c29ddf4b: does not qualify; 1.8 s; peak memory 572 MiB.
2026-10-07T02:21:36Z INFO [513/3795] 81188fed-7d67-48d3-837c-a1cce1d4f418: does not qualify; 8.4 s; peak memory 702 MiB.
2026-10-07T02:21:38Z INFO [514/3795] 8118d579-d72f-40e1-87e9-499ea851cb1a: does not qualify; 2.0 s; peak memory 702 MiB.
2026-10-07T02:21:39Z INFO [515/3795] 81196636-59ac-4e8c-bafd-3b025b97170c: does not qualify; 1.4 s; peak memory 702 MiB.
2026-10-07T02:21:42Z INFO [516/3795] 811a0a5b-8db0-4814-8fa0-cedc79a80d89: does not qualify; 2.2 s; peak memory 702 MiB.
2026-10-07T02:21:43Z INFO [517/3795] 811a13b1-7393-40e0-ae1d-c5499bcbdc39: does not qualify; 2.0 s; peak memory 702 MiB.
2026-10-07T02:21:46Z INFO [518/3795] 811a27c6-0f27-46f1-977c-37cb0ad7ab74: does not qualify; 2.7 s; peak memory 702 MiB.
2026-10-07T02:21:47Z INFO [519/3795] 811a643c-09f1-4c74-a6e4-d9f66c6450d9: does not qualify; 1.2 s; peak memory 702 MiB.
2026-10-07T02:21:49Z INFO [520/3795] 811b8213-a7c1-43b9-a920-bc5d3b0dfa53: does not qualify; 1.6 s; peak memory 702 MiB.
2026-10-07T02:21:56Z INFO [521/3795] 811bf7ca-3f15-4a58-8b51-2d04f8ac68b1: does not qualify; 7.2 s; peak memory 702 MiB.
2026-10-07T02:21:58Z INFO [522/3795] 811dfb33-c865-454d-8590-53f5d3ab3199: does not qualify; 1.7 s; peak memory 702 MiB.
2026-10-07T02:21:59Z INFO [523/3795] 811e1e16-fb63-4aa4-babf-6803707a6228: does not qualify; 1.3 s; peak memory 702 MiB.
2026-10-07T02:22:02Z INFO [524/3795] 811e927e-5415-4c94-ba1c-3d833cc67c39: does not qualify; 3.0 s; peak memory 702 MiB.
2026-10-07T02:22:04Z INFO [525/3795] 811fc1a3-48dc-43b6-846b-174a2a1c46d0: does not qualify; 1.4 s; peak memory 702 MiB.
2026-10-07T02:22:11Z INFO [526/3795] 811fd2f1-6e88-4a5e-b0b0-60e4b1bf0a28: does not qualify; 7.5 s; peak memory 702 MiB.
2026-10-07T02:22:12Z INFO [527/3795] 8120ae36-0246-4641-b545-6c52aa514d67: does not qualify; 1.3 s; peak memory 702 MiB.
2026-10-07T02:22:13Z INFO [528/3795] 8120b165-b282-49d2-8426-90162b3ad1e9: does not qualify; 1.0 s; peak memory 702 MiB.
2026-10-07T02:22:15Z INFO [529/3795] 8121a43b-f9b7-45c1-902d-9ac6b32a6918: does not qualify; 1.7 s; peak memory 702 MiB.
2026-10-07T02:22:17Z INFO [530/3795] 8122af60-079d-453e-890c-eb0f045278a8: does not qualify; 2.0 s; peak memory 702 MiB.
2026-10-07T02:22:19Z INFO [531/3795] 8122bf61-f671-4450-9663-e3558ddf13ea: does not qualify; 1.7 s; peak memory 702 MiB.
2026-10-07T02:22:22Z INFO [532/3795] 812309ec-3fbf-48f7-8f1a-5714159a2a67: does not qualify; 2.7 s; peak memory 702 MiB.
2026-10-07T02:22:27Z INFO [533/3795] 8123217d-26cb-4530-b00b-0116fe976954: does not qualify; 5.1 s; peak memory 702 MiB.
2026-10-07T02:22:28Z INFO [534/3795] 81233365-dac3-4a94-b184-9013d09fe96b: does not qualify; 1.4 s; peak memory 702 MiB.
2026-10-07T02:22:29Z INFO [535/3795] 81234ba0-d412-4aa2-866f-1aa1ecc012c4: does not qualify; 1.3 s; peak memory 702 MiB.
2026-10-07T02:22:32Z INFO [536/3795] 81244b7b-6396-4692-a51b-aaeb47c29c7d: does not qualify; 3.0 s; peak memory 702 MiB.
2026-10-07T02:22:34Z INFO [537/3795] 8124d210-0105-4c4b-a246-72a9e9d03503: does not qualify; 1.6 s; peak memory 702 MiB.
2026-10-07T02:22:36Z INFO [538/3795] 8124ecab-51d7-470a-957a-3ce0c14cc2e8: does not qualify; 1.7 s; peak memory 702 MiB.
2026-10-07T02:22:44Z INFO [539/3795] 812673ba-2384-4a76-a374-cae741c51333: does not qualify; 8.3 s; peak memory 702 MiB.
2026-10-07T02:22:47Z INFO [540/3795] 81268142-d00f-4d3c-9fb5-42fd9516cc46: does not qualify; 2.7 s; peak memory 702 MiB.
2026-10-07T02:22:53Z INFO [541/3795] 81273f5a-641f-4fe2-b12c-2a6700d80be1: does not qualify; 6.8 s; peak memory 702 MiB.
2026-10-07T02:22:55Z INFO [542/3795] 8127c186-6a04-4770-bf2f-082e0063edcf: does not qualify; 1.4 s; peak memory 702 MiB.
2026-10-07T02:22:58Z INFO [543/3795] 81282878-0493-45eb-afe3-df4e08b8f22d: does not qualify; 3.1 s; peak memory 702 MiB.
2026-10-07T02:22:59Z INFO [544/3795] 81284d5b-ebfc-45e0-af1a-2ca031295c97: does not qualify; 1.3 s; peak memory 702 MiB.
2026-10-07T02:23:01Z INFO [545/3795] 8128af48-90c0-4a65-9875-8891eaba0acf: does not qualify; 1.6 s; peak memory 702 MiB.
2026-10-07T02:23:02Z INFO [546/3795] 81292ff2-ca71-49be-afbe-a9f4ad8c051a: does not qualify; 1.7 s; peak memory 702 MiB.
2026-10-07T02:23:04Z INFO [547/3795] 81293676-f086-42ae-b689-f7620af70a2a: does not qualify; 1.3 s; peak memory 702 MiB.
2026-10-07T02:23:05Z INFO [548/3795] 8129826b-56bc-451c-a13e-684e44e482da: does not qualify; 1.4 s; peak memory 702 MiB.
2026-10-07T02:23:07Z INFO [549/3795] 812a2a5f-f504-4a49-9f7f-91b4f2b36ad9: does not qualify; 2.4 s; peak memory 702 MiB.
2026-10-07T02:23:10Z INFO [550/3795] 812b60a4-c7bf-4b67-bbe0-d00279f1074b: does not qualify; 2.6 s; peak memory 702 MiB.
2026-10-07T02:23:10Z INFO [550/3795] 812b60a4-c7bf-4b67-bbe0-d00279f1074b: checkpointed 90669 records.
2026-10-07T02:23:12Z INFO [551/3795] 812be61c-607f-4f88-9c70-50706593c345: does not qualify; 1.6 s; peak memory 702 MiB.
2026-10-07T02:23:13Z INFO [552/3795] 812da454-ca76-46de-b769-95304728b31b: does not qualify; 1.6 s; peak memory 702 MiB.
2026-10-07T02:23:28Z INFO [553/3795] 812ea3f8-9e74-4a92-818e-810b3dccfd51: does not qualify; 14.3 s; peak memory 702 MiB.
2026-10-07T02:23:34Z INFO [554/3795] 812f2278-31b6-4acc-8304-c7eeccc05b0b: does not qualify; 6.3 s; peak memory 702 MiB.
2026-10-07T02:23:36Z INFO [555/3795] 812f50da-4159-4ba0-84e6-250feb8c9971: does not qualify; 1.7 s; peak memory 702 MiB.
2026-10-07T02:23:37Z INFO [556/3795] 812f5c11-f85a-4a2f-963a-924b0137fc96: does not qualify; 1.7 s; peak memory 702 MiB.
2026-10-07T02:23:38Z INFO [557/3795] 81313792-f515-4a8b-a411-ba82e3486556: does not qualify; 1.2 s; peak memory 702 MiB.
2026-10-07T02:23:50Z INFO [558/3795] 81318b25-b2b8-4296-9858-573ed9362955: does not qualify; 11.6 s; peak memory 702 MiB.
2026-10-07T02:23:51Z INFO [559/3795] 813291a5-f0f1-4a29-a727-2b8e48455d6d: does not qualify; 1.3 s; peak memory 702 MiB.
2026-10-07T02:23:53Z INFO [560/3795] 81344cd5-93d3-4146-b648-d1dc06464d30: does not qualify; 1.4 s; peak memory 702 MiB.
2026-10-07T02:23:54Z INFO [561/3795] 81349253-3d22-4ba8-9980-e5840b427618: does not qualify; 1.4 s; peak memory 702 MiB.
2026-10-07T02:23:58Z INFO [562/3795] 81349ee0-5691-4da6-a789-d70c42b7bf50: does not qualify; 3.7 s; peak memory 702 MiB.
2026-10-07T02:23:59Z INFO [563/3795] 8134b69d-2c64-449e-8c53-5fa35655b4a4: does not qualify; 1.3 s; peak memory 702 MiB.
2026-10-07T02:24:00Z INFO [564/3795] 8134c43c-b1fc-4dd4-831f-cdc9d6c4e014: does not qualify; 1.3 s; peak memory 702 MiB.
2026-10-07T02:24:02Z INFO [565/3795] 81358173-50fb-4639-ad03-3c0fb2796d24: does not qualify; 1.3 s; peak memory 702 MiB.
2026-10-07T02:24:03Z INFO [566/3795] 813640b3-ed73-4052-8bce-c826e2ed48a5: does not qualify; 1.3 s; peak memory 702 MiB.
2026-10-07T02:24:06Z INFO [567/3795] 81367379-c959-4ac6-afea-aef2a5761f82: does not qualify; 2.7 s; peak memory 702 MiB.
2026-10-07T02:24:07Z INFO [568/3795] 8136ba6b-3457-4495-81f6-2ca9c8386588: does not qualify; 1.4 s; peak memory 702 MiB.
2026-10-07T02:24:10Z INFO [569/3795] 8137afcd-2823-46c5-b452-8922d8d4c130: does not qualify; 2.4 s; peak memory 702 MiB.
2026-10-07T02:24:18Z INFO [570/3795] 81382240-7878-42a8-8095-810142993b40: does not qualify; 8.2 s; peak memory 702 MiB.
2026-10-07T02:24:19Z INFO [571/3795] 81389015-8128-4927-9f00-3110b04ec144: does not qualify; 1.3 s; peak memory 702 MiB.
2026-10-07T02:24:21Z INFO [572/3795] 8138c5f6-7d91-450c-bbf7-93a7159c4046: does not qualify; 1.6 s; peak memory 702 MiB.
2026-10-07T02:24:23Z INFO [573/3795] 8138fb41-38df-4646-bbe7-010935f2b6bb: does not qualify; 2.1 s; peak memory 702 MiB.
2026-10-07T02:24:24Z INFO [574/3795] 8139695e-74e6-4a79-b455-1d4607c5443f: does not qualify; 1.3 s; peak memory 702 MiB.
2026-10-07T02:24:26Z INFO [575/3795] 8139c115-e45b-4821-8033-32c1335050c6: does not qualify; 1.5 s; peak memory 702 MiB.
2026-10-07T02:24:27Z INFO [576/3795] 813a7af1-0495-4706-83a9-3b7b963fef9d: does not qualify; 1.7 s; peak memory 702 MiB.
2026-10-07T02:24:29Z INFO [577/3795] 813acdbd-9a1d-4a32-b2ee-f4ecd9998776: does not qualify; 1.3 s; peak memory 702 MiB.
2026-10-07T02:24:32Z INFO [578/3795] 813b3241-7319-47a6-b504-028189733441: does not qualify; 3.5 s; peak memory 702 MiB.
2026-10-07T02:24:33Z INFO [579/3795] 813b329d-c672-4f5f-a373-fd6135f461c7: does not qualify; 1.3 s; peak memory 702 MiB.
2026-10-07T02:24:37Z INFO [580/3795] 813baeac-7a31-425f-9be2-27dcb37c34cb: does not qualify; 3.4 s; peak memory 702 MiB.
2026-10-07T02:24:38Z INFO [581/3795] 813cb2e6-0520-46c6-9fd6-f436705aac19: does not qualify; 1.7 s; peak memory 702 MiB.
2026-10-07T02:24:40Z INFO [582/3795] 813ce3d4-a7c7-4872-b937-47ca8f6cfd60: does not qualify; 1.3 s; peak memory 702 MiB.
2026-10-07T02:24:41Z INFO [583/3795] 813d7451-0b13-468a-9356-5c2a90fd0ffb: does not qualify; 1.6 s; peak memory 702 MiB.
2026-10-07T02:24:44Z INFO [584/3795] 813da3ae-4d3d-4cc0-950f-850dd11990d7: does not qualify; 2.3 s; peak memory 702 MiB.
2026-10-07T02:24:45Z INFO [585/3795] 813e487f-0580-4e0d-a753-74b6a025e124: does not qualify; 1.2 s; peak memory 702 MiB.
2026-10-07T02:24:52Z INFO [586/3795] 813e5c98-1ed2-41ba-aa9e-45ff83fde5be: does not qualify; 6.7 s; peak memory 702 MiB.
2026-10-07T02:25:16Z INFO [587/3795] 813e8b4f-ae98-4b8f-bdf9-c0d6b6080123: does not qualify; 24.7 s; peak memory 702 MiB.
2026-10-07T02:25:23Z INFO [588/3795] 813f3d25-2dea-447e-9c2b-a2ac7485d91b: does not qualify; 7.1 s; peak memory 702 MiB.
2026-10-07T02:25:25Z INFO [589/3795] 813f522e-cfa4-4ba2-a42f-e3c8247fc341: does not qualify; 1.4 s; peak memory 702 MiB.
2026-10-07T02:25:27Z INFO [590/3795] 81400892-c4d9-4617-8303-d90593b59c09: does not qualify; 1.9 s; peak memory 702 MiB.
2026-10-07T02:25:31Z INFO [591/3795] 81407669-8f44-4135-a2ab-de1477703198: does not qualify; 4.4 s; peak memory 702 MiB.
2026-10-07T02:25:32Z INFO [592/3795] 8140997b-a727-4f18-b83f-1f8e2ff80322: does not qualify; 1.3 s; peak memory 702 MiB.
2026-10-07T02:25:42Z INFO [593/3795] 8140bc91-daf1-4b3c-96e5-308f17811bff: does not qualify; 9.1 s; peak memory 702 MiB.
2026-10-07T02:25:43Z INFO [594/3795] 8141025c-81c0-4ab1-9d70-d402a23abdc5: does not qualify; 1.9 s; peak memory 702 MiB.
2026-10-07T02:25:45Z INFO [595/3795] 81416c35-7fde-4e16-9b2c-a6d357cb5aba: does not qualify; 1.2 s; peak memory 702 MiB.
2026-10-07T02:25:46Z INFO [596/3795] 8143080d-c282-4d50-ace0-b1cb25e3f492: does not qualify; 1.3 s; peak memory 702 MiB.
2026-10-07T02:25:47Z INFO [597/3795] 8143204b-927d-494c-93e6-15cb656eadc2: does not qualify; 1.5 s; peak memory 702 MiB.
2026-10-07T02:25:49Z INFO [598/3795] 81435618-6e57-4863-8069-626fe92ea1e4: does not qualify; 1.7 s; peak memory 702 MiB.
2026-10-07T02:25:51Z INFO [599/3795] 81435740-96c5-4dda-a72d-800e778978e7: does not qualify; 1.3 s; peak memory 702 MiB.
2026-10-07T02:25:53Z INFO [600/3795] 8143e1c9-7dc9-4d80-95e3-4f406b8fcf86: does not qualify; 2.2 s; peak memory 702 MiB.
2026-10-07T02:25:53Z INFO [600/3795] 8143e1c9-7dc9-4d80-95e3-4f406b8fcf86: checkpointed 90719 records.
2026-10-07T02:25:56Z INFO [601/3795] 8143fb3b-06c4-4f74-bca8-f3b0b12fc13e: does not qualify; 3.0 s; peak memory 702 MiB.
2026-10-07T02:26:02Z INFO [602/3795] 8144551c-33c2-46a3-9deb-ac067e7ccf41: does not qualify; 5.7 s; peak memory 702 MiB.
2026-10-07T02:26:08Z INFO [603/3795] 8144d3a4-1a51-4991-8235-f1a825e77fe2: does not qualify; 6.9 s; peak memory 702 MiB.
2026-10-07T02:26:10Z INFO [604/3795] 81451a8b-094a-4719-ab94-01b5c94e269d: does not qualify; 1.1 s; peak memory 702 MiB.
2026-10-07T02:26:11Z INFO [605/3795] 8145953d-1f7c-4de0-96a6-730201edc749: does not qualify; 1.2 s; peak memory 702 MiB.
2026-10-07T02:26:12Z INFO [606/3795] 8145f4e9-365f-47c1-b31f-e85201eeb80a: does not qualify; 1.5 s; peak memory 702 MiB.
2026-10-07T02:26:15Z INFO [607/3795] 8145fa29-2daa-49eb-8150-657121b8b986: does not qualify; 2.7 s; peak memory 702 MiB.
2026-10-07T02:26:18Z INFO [608/3795] 8148765c-fe7f-40f5-86ce-b6d9e86211b2: does not qualify; 2.6 s; peak memory 702 MiB.
2026-10-07T02:26:19Z INFO [609/3795] 8148b981-b78a-48ae-98d9-e613592a574c: does not qualify; 1.1 s; peak memory 702 MiB.
2026-10-07T02:26:23Z INFO [610/3795] 8148ccc9-7166-4116-9b6d-b3fd1a378f13: does not qualify; 4.2 s; peak memory 702 MiB.
2026-10-07T02:26:24Z INFO [611/3795] 814ae5ca-070f-4f0e-bc2f-ca49eea6886a: does not qualify; 1.5 s; peak memory 702 MiB.
2026-10-07T02:26:35Z INFO [612/3795] 814c047b-0d42-4fb0-a0dc-2057962e9b03: does not qualify; 10.7 s; peak memory 702 MiB.
2026-10-07T02:26:36Z INFO [613/3795] 814d2fc1-a169-46a2-84d9-24530d7478b1: does not qualify; 1.2 s; peak memory 702 MiB.
2026-10-07T02:26:38Z INFO [614/3795] 814d514b-7ccd-4171-9a0c-645aae61c003: does not qualify; 1.7 s; peak memory 702 MiB.
2026-10-07T02:26:41Z INFO [615/3795] 814d61b3-908e-4bb3-9aa2-8363a5a116f4: does not qualify; 3.3 s; peak memory 702 MiB.
2026-10-07T02:26:43Z INFO [616/3795] 814e3985-2ab0-4be1-9711-941e6aafd4b6: does not qualify; 1.9 s; peak memory 702 MiB.
2026-10-07T02:26:44Z INFO [617/3795] 814f1b4e-19ed-4a65-8048-ac77c8f8f469: does not qualify; 1.3 s; peak memory 702 MiB.
2026-10-07T02:26:46Z INFO [618/3795] 814f9cff-1da1-41d4-af03-29f928c07e65: does not qualify; 1.4 s; peak memory 702 MiB.
2026-10-07T02:26:47Z INFO [619/3795] 814ff3b6-cc2c-4e76-a229-0f1ba3ba9fc2: does not qualify; 1.1 s; peak memory 702 MiB.
2026-10-07T02:26:50Z INFO [620/3795] 8150067f-1fa7-469a-bad0-e2dd3b42acf0: does not qualify; 3.3 s; peak memory 702 MiB.
2026-10-07T02:26:52Z INFO [621/3795] 8150e281-68b0-4f04-9695-ded1cf9a38e0: does not qualify; 1.5 s; peak memory 702 MiB.
2026-10-07T02:26:54Z INFO [622/3795] 8151f0f9-155e-44d2-b0b6-734daf5e6136: does not qualify; 2.2 s; peak memory 702 MiB.
2026-10-07T02:26:55Z INFO [623/3795] 815202ce-4692-49c5-9aa7-3d6054d60da6: does not qualify; 1.1 s; peak memory 702 MiB.
2026-10-07T02:27:03Z INFO [624/3795] 81520ca0-70b0-400a-98a5-917692e0d225: does not qualify; 7.5 s; peak memory 702 MiB.
2026-10-07T02:27:06Z INFO [625/3795] 815233fc-b96d-455a-9e13-0f1b8996b194: does not qualify; 3.0 s; peak memory 702 MiB.
2026-10-07T02:27:10Z INFO [626/3795] 81526111-8ed6-42a0-8437-1f2a02749c90: does not qualify; 4.3 s; peak memory 702 MiB.
2026-10-07T02:27:16Z INFO [627/3795] 8152a532-c0a8-4744-8449-3861d0be9da9: does not qualify; 6.4 s; peak memory 702 MiB.
2026-10-07T02:27:28Z INFO [628/3795] 8152c3bb-b69d-400f-8f7e-1723e71ce8cf: does not qualify; 11.3 s; peak memory 702 MiB.
2026-10-07T02:27:30Z INFO [629/3795] 8152c741-8983-4dbf-8282-2b892b391b76: does not qualify; 2.0 s; peak memory 702 MiB.
2026-10-07T02:27:50Z INFO [630/3795] 8152cfb3-9a87-454d-9982-ac14baaa7f86: does not qualify; 20.8 s; peak memory 702 MiB.
2026-10-07T02:27:57Z INFO [631/3795] 8152de24-2652-4c7c-91b0-b0fdfa4951a5: does not qualify; 6.8 s; peak memory 702 MiB.
2026-10-07T02:27:59Z INFO [632/3795] 8153b3a1-b94c-41b1-9ffe-56b47a9444e5: does not qualify; 1.9 s; peak memory 702 MiB.
2026-10-07T02:28:10Z INFO [633/3795] 81540aff-e708-4441-b218-c7f8ce35592a: does not qualify; 11.2 s; peak memory 702 MiB.
2026-10-07T02:28:12Z INFO [634/3795] 8154259d-0b47-4d27-a3ff-4ef7df1fa8d2: does not qualify; 1.9 s; peak memory 702 MiB.
2026-10-07T02:28:13Z INFO [635/3795] 8154b5e8-6fb9-4618-9197-0e6901a9e584: does not qualify; 0.9 s; peak memory 702 MiB.
2026-10-07T02:28:14Z INFO [636/3795] 81551c0b-ab2f-4b33-8758-afd54416f1aa: does not qualify; 1.2 s; peak memory 702 MiB.
2026-10-07T02:28:16Z INFO [637/3795] 8155df6a-b360-4d06-9f13-35d8e6bfb175: does not qualify; 2.1 s; peak memory 702 MiB.
2026-10-07T02:28:24Z INFO [638/3795] 81566d50-6538-4229-8e70-86904bb9f986: does not qualify; 7.7 s; peak memory 702 MiB.
2026-10-07T02:28:26Z INFO [639/3795] 815698af-f97c-44a5-88ba-78b455519218: does not qualify; 1.6 s; peak memory 702 MiB.
2026-10-07T02:28:27Z INFO [640/3795] 81569eed-ab2b-4720-8838-620370c45c16: does not qualify; 1.1 s; peak memory 702 MiB.
2026-10-07T02:28:30Z INFO [641/3795] 8156becc-d5da-4311-af81-a5e31d80b1aa: qualifies; 2.8 s; peak memory 702 MiB.
2026-10-07T02:28:32Z INFO [642/3795] 8156ecda-b745-4833-beb1-597018db2664: does not qualify; 2.0 s; peak memory 702 MiB.
2026-10-07T02:28:40Z INFO [643/3795] 8157caba-bd57-40a4-be8f-e71469455a23: does not qualify; 7.9 s; peak memory 702 MiB.
2026-10-07T02:28:48Z INFO [644/3795] 8157da06-2bc2-4089-879b-856a8d8f1bc2: does not qualify; 8.6 s; peak memory 702 MiB.
2026-10-07T02:29:11Z INFO [645/3795] 81595248-1242-4a58-b907-61ec9586a45d: does not qualify; 22.4 s; peak memory 702 MiB.
2026-10-07T02:29:13Z INFO [646/3795] 81596bab-d4e7-457e-b4fd-0d1979e64f51: does not qualify; 2.4 s; peak memory 702 MiB.
2026-10-07T02:29:15Z INFO [647/3795] 8159b844-5213-41df-88fd-00a8c768e0b8: does not qualify; 1.4 s; peak memory 702 MiB.
2026-10-07T02:29:16Z INFO [648/3795] 815a042b-874a-4723-81dd-1a79247ee7c4: does not qualify; 1.3 s; peak memory 702 MiB.
2026-10-07T02:29:17Z INFO [649/3795] 815a7fb3-c357-469f-81f5-890fbd685833: does not qualify; 1.0 s; peak memory 702 MiB.
2026-10-07T02:29:19Z INFO [650/3795] 815aaa49-f3a9-4bbb-92fd-5f3131eeef94: does not qualify; 1.6 s; peak memory 702 MiB.
2026-10-07T02:29:19Z INFO [650/3795] 815aaa49-f3a9-4bbb-92fd-5f3131eeef94: checkpointed 90769 records.
2026-10-07T02:29:20Z INFO [651/3795] 815b8263-0404-442d-a496-4993626319df: does not qualify; 1.1 s; peak memory 702 MiB.
2026-10-07T02:29:22Z INFO [652/3795] 815c1077-56f3-46fb-ad69-a4fd3acaf41c: does not qualify; 1.7 s; peak memory 702 MiB.
2026-10-07T02:29:27Z INFO [653/3795] 815c3950-86f4-4e20-948b-9626434be61d: does not qualify; 5.6 s; peak memory 702 MiB.
2026-10-07T02:29:28Z INFO [654/3795] 815c8eaf-661f-42dd-8009-3be48b6af270: does not qualify; 1.3 s; peak memory 702 MiB.
2026-10-07T02:29:39Z INFO [655/3795] 815e22cf-891b-4f34-84be-2c5cb72f9d01: does not qualify; 10.3 s; peak memory 702 MiB.
2026-10-07T02:29:45Z INFO [656/3795] 815edac7-5673-41ba-8304-7836b9b26ad5: does not qualify; 6.4 s; peak memory 702 MiB.
2026-10-07T02:29:46Z INFO [657/3795] 815fc65a-d158-4aa0-a2d0-438f7df0eb26: does not qualify; 1.0 s; peak memory 702 MiB.
2026-10-07T02:29:48Z INFO [658/3795] 81602ae1-3630-42f3-998e-8ea51900ad99: does not qualify; 1.7 s; peak memory 702 MiB.
2026-10-07T02:29:50Z INFO [659/3795] 8160f928-6333-4098-b4e1-e66669513607: does not qualify; 1.8 s; peak memory 702 MiB.
2026-10-07T02:29:51Z INFO [660/3795] 8161420c-18a3-4646-919c-971a45b1bcee: does not qualify; 1.6 s; peak memory 702 MiB.
2026-10-07T02:29:53Z INFO [661/3795] 816160f1-7d49-4b59-9679-e304ac4808aa: does not qualify; 1.6 s; peak memory 702 MiB.
2026-10-07T02:30:00Z INFO [662/3795] 81617cde-1bb7-4060-b62f-59ceca9ca1a0: does not qualify; 7.4 s; peak memory 702 MiB.
2026-10-07T02:30:02Z INFO [663/3795] 8161a5b8-e731-4c24-940a-8fa90333d493: does not qualify; 1.7 s; peak memory 702 MiB.
2026-10-07T02:30:03Z INFO [664/3795] 8161b306-fda5-4b56-9191-6b401e095111: does not qualify; 1.5 s; peak memory 702 MiB.
2026-10-07T02:30:05Z INFO [665/3795] 81622a47-9d7b-44fa-b0b2-0d379da3cd3e: does not qualify; 1.9 s; peak memory 702 MiB.
2026-10-07T02:30:08Z INFO [666/3795] 81625a4e-5fbe-41ac-a03a-7c9c8d7c1908: does not qualify; 2.7 s; peak memory 702 MiB.
2026-10-07T02:30:14Z INFO [667/3795] 816318f3-cfa8-4b46-b93d-b21043c4d30e: does not qualify; 6.4 s; peak memory 702 MiB.
2026-10-07T02:30:16Z INFO [668/3795] 81631b66-5d8b-465e-b5f4-57aa16edc84a: does not qualify; 1.1 s; peak memory 702 MiB.
2026-10-07T02:30:18Z INFO [669/3795] 816336c1-a0b2-45e8-bfc0-8f8cafdafb8d: does not qualify; 2.1 s; peak memory 702 MiB.
2026-10-07T02:30:27Z INFO [670/3795] 8163c95d-d3c2-4c66-902b-21834f22dd9a: does not qualify; 9.5 s; peak memory 702 MiB.
2026-10-07T02:30:32Z INFO [671/3795] 8163cc28-c3aa-4969-8f30-0309bba71568: does not qualify; 4.5 s; peak memory 702 MiB.
2026-10-07T02:30:33Z INFO [672/3795] 81643202-3e8e-4715-95c4-44f66f0384ec: does not qualify; 1.5 s; peak memory 702 MiB.
2026-10-07T02:30:35Z INFO [673/3795] 8164666c-7504-4689-ae30-75e13c2331d0: does not qualify; 1.4 s; peak memory 702 MiB.
2026-10-07T02:30:36Z INFO [674/3795] 81654deb-521e-4398-b447-67af9746249d: does not qualify; 1.8 s; peak memory 702 MiB.
2026-10-07T02:30:38Z INFO [675/3795] 81657c47-4596-4d50-a450-17953e0aa26f: does not qualify; 1.7 s; peak memory 702 MiB.
2026-10-07T02:30:47Z INFO [676/3795] 816584ec-5562-497b-9240-a0298d03527c: does not qualify; 9.3 s; peak memory 702 MiB.
2026-10-07T02:30:49Z INFO [677/3795] 8165a224-6524-4359-b3bd-c912f6e96d25: does not qualify; 1.6 s; peak memory 702 MiB.
2026-10-07T02:30:50Z INFO [678/3795] 8166bcea-3c5c-40c2-a495-a97c8cddce1c: does not qualify; 1.4 s; peak memory 702 MiB.
2026-10-07T02:30:52Z INFO [679/3795] 816747b8-0116-458b-bd63-9f1c9391fe4e: does not qualify; 1.5 s; peak memory 702 MiB.
2026-10-07T02:30:55Z INFO [680/3795] 8167c813-b0fc-4273-b727-bfe42814b3b9: does not qualify; 3.3 s; peak memory 702 MiB.
2026-10-07T02:30:57Z INFO [681/3795] 8169039d-619b-4d53-9899-3b6af509aa23: does not qualify; 1.6 s; peak memory 702 MiB.
2026-10-07T02:30:58Z INFO [682/3795] 81694784-5416-447f-8fe9-1cc5cf023429: does not qualify; 1.0 s; peak memory 702 MiB.
2026-10-07T02:30:59Z INFO [683/3795] 8169fdbc-d69e-4358-bba4-ee7bd2170073: does not qualify; 1.3 s; peak memory 702 MiB.
2026-10-07T02:31:01Z INFO [684/3795] 8169fe17-ee84-4abf-81d3-4107541e523d: does not qualify; 1.6 s; peak memory 702 MiB.
2026-10-07T02:31:03Z INFO [685/3795] 816b475f-8b12-4a52-b6a1-a4791232c6d7: does not qualify; 1.9 s; peak memory 702 MiB.
2026-10-07T02:31:04Z INFO [686/3795] 816ba00c-052a-4604-b10b-4cd7bdd5816b: does not qualify; 1.2 s; peak memory 702 MiB.
2026-10-07T02:31:05Z INFO [687/3795] 816c1025-b9ad-4cd9-ab18-8c5ad86f65a6: does not qualify; 1.4 s; peak memory 702 MiB.
2026-10-07T02:31:09Z INFO [688/3795] 816d57a3-d9cb-438c-9aaf-662c8f02e222: does not qualify; 3.7 s; peak memory 702 MiB.
2026-10-07T02:31:11Z INFO [689/3795] 816dbaa8-a2ed-4f81-a0a1-ce42266910ee: does not qualify; 1.8 s; peak memory 702 MiB.
2026-10-07T02:31:14Z INFO [690/3795] 816e023f-8cb6-4730-85f6-1c21d12e909a: does not qualify; 3.5 s; peak memory 702 MiB.
2026-10-07T02:31:16Z INFO [691/3795] 816e5987-b2a7-4596-a461-7b2945fa0aa3: does not qualify; 2.1 s; peak memory 702 MiB.
2026-10-07T02:31:17Z INFO [692/3795] 816e750a-0857-4c3c-965c-753e324261f4: does not qualify; 1.0 s; peak memory 702 MiB.
2026-10-07T02:31:21Z INFO [693/3795] 816f45aa-3ecc-481b-aa5f-c0e5f35269a2: does not qualify; 3.8 s; peak memory 702 MiB.
2026-10-07T02:31:23Z INFO [694/3795] 816f6e1d-2d03-44d3-87e1-81813527144e: does not qualify; 1.6 s; peak memory 702 MiB.
2026-10-07T02:31:24Z INFO [695/3795] 816fcc48-a071-40da-a895-7416f621206b: does not qualify; 1.5 s; peak memory 702 MiB.
2026-10-07T02:31:26Z INFO [696/3795] 81703e88-d895-48dd-816e-b66ee2b9d927: does not qualify; 1.8 s; peak memory 702 MiB.
2026-10-07T02:31:28Z INFO [697/3795] 81706158-a2fa-40a8-b470-91f57baa7517: does not qualify; 2.0 s; peak memory 702 MiB.
2026-10-07T02:31:31Z INFO [698/3795] 81707d1b-177a-4931-9096-8cb990ce6a1a: does not qualify; 2.5 s; peak memory 702 MiB.
2026-10-07T02:31:32Z INFO [699/3795] 8170b08d-d0c6-4ae5-b677-f8ad83a1607f: does not qualify; 1.8 s; peak memory 702 MiB.
2026-10-07T02:31:34Z INFO [700/3795] 8170b243-21f4-43d6-b16f-d954ad7390ea: does not qualify; 1.2 s; peak memory 702 MiB.
2026-10-07T02:31:34Z INFO [700/3795] 8170b243-21f4-43d6-b16f-d954ad7390ea: checkpointed 90819 records.
2026-10-07T02:31:44Z INFO [701/3795] 81712b13-8952-4abf-8519-17c9214c4f08: does not qualify; 10.3 s; peak memory 702 MiB.
2026-10-07T02:31:46Z INFO [702/3795] 81723642-3078-4a24-8671-0e2e03222ec2: does not qualify; 1.9 s; peak memory 702 MiB.
2026-10-07T02:31:47Z INFO [703/3795] 81724e31-060b-4301-885e-0fbf4192104f: does not qualify; 1.4 s; peak memory 702 MiB.
2026-10-07T02:31:49Z INFO [704/3795] 8172b66d-34ca-4243-ab35-e9e56fe0bb2a: does not qualify; 1.3 s; peak memory 702 MiB.
2026-10-07T02:31:55Z INFO [705/3795] 8172f4e5-a55f-4c35-804d-da27c3259b8b: does not qualify; 6.4 s; peak memory 702 MiB.
2026-10-07T02:31:57Z INFO [706/3795] 817414e7-9f03-4d05-8e23-11e5fd7ba604: does not qualify; 1.5 s; peak memory 702 MiB.
2026-10-07T02:31:58Z INFO [707/3795] 817445a5-76cc-4e9a-a871-96da52bcee9b: does not qualify; 1.0 s; peak memory 702 MiB.
2026-10-07T02:31:59Z INFO [708/3795] 81744ebb-e05f-4b15-8c76-b9378bf6bb80: does not qualify; 1.7 s; peak memory 702 MiB.
2026-10-07T02:32:01Z INFO [709/3795] 81766ec0-45a8-46ce-994e-16f921e08066: does not qualify; 1.5 s; peak memory 702 MiB.
2026-10-07T02:32:03Z INFO [710/3795] 81768640-422a-4b30-91a7-bf1bfbd39334: does not qualify; 1.7 s; peak memory 702 MiB.
2026-10-07T02:32:08Z INFO [711/3795] 8176b025-812f-4f1b-ace5-9325269dbd54: does not qualify; 5.9 s; peak memory 702 MiB.
2026-10-07T02:32:10Z INFO [712/3795] 81774e97-15fe-4bbf-b2e1-552aad745f71: does not qualify; 1.2 s; peak memory 702 MiB.
2026-10-07T02:32:11Z INFO [713/3795] 8177df72-3a95-474d-abef-3ce1c19aa542: does not qualify; 1.5 s; peak memory 702 MiB.
2026-10-07T02:32:13Z INFO [714/3795] 8178fb7a-1f55-4fed-956a-dcca501fe661: does not qualify; 1.5 s; peak memory 702 MiB.
2026-10-07T02:32:14Z INFO [715/3795] 81792758-050c-4a85-8c48-f1ab280bd92c: does not qualify; 1.8 s; peak memory 702 MiB.
2026-10-07T02:32:16Z INFO [716/3795] 817933ad-22ce-4932-ac5a-715127eea38c: does not qualify; 1.7 s; peak memory 702 MiB.
2026-10-07T02:32:18Z INFO [717/3795] 81795a75-aeb1-43d7-8326-c75b46278204: does not qualify; 1.9 s; peak memory 702 MiB.
2026-10-07T02:32:20Z INFO [718/3795] 81796591-12c4-46e3-a084-a128a896a12b: does not qualify; 1.7 s; peak memory 702 MiB.
2026-10-07T02:32:21Z INFO [719/3795] 81798ed7-db28-4299-88f4-005fbc0e7a67: does not qualify; 1.3 s; peak memory 702 MiB.
2026-10-07T02:32:24Z INFO [720/3795] 8179a659-e6a7-415f-9347-bf7abf04aaae: does not qualify; 2.9 s; peak memory 702 MiB.
2026-10-07T02:32:25Z INFO [721/3795] 817a92f1-c616-4d96-8bf1-d6149abe6668: does not qualify; 1.3 s; peak memory 702 MiB.
2026-10-07T02:32:29Z INFO [722/3795] 817b5f68-5834-439b-8882-08b5cc977bf5: qualifies; 3.4 s; peak memory 702 MiB.
2026-10-07T02:32:31Z INFO [723/3795] 817ba56a-6a0a-495d-a073-d9dd0b3142f4: does not qualify; 2.0 s; peak memory 702 MiB.
2026-10-07T02:32:33Z INFO [724/3795] 817be3cf-8618-456b-b056-04a37e68a131: does not qualify; 2.2 s; peak memory 702 MiB.
2026-10-07T02:32:37Z INFO [725/3795] 817c0092-bfaf-4ea0-820b-f44164f791a5: does not qualify; 4.0 s; peak memory 702 MiB.
2026-10-07T02:32:38Z INFO [726/3795] 817d5b6f-26a7-4b37-8344-e330a8a5ecea: does not qualify; 1.0 s; peak memory 702 MiB.
2026-10-07T02:32:39Z INFO [727/3795] 817f04e1-057e-4274-891b-be7751c6ab89: does not qualify; 1.5 s; peak memory 702 MiB.
2026-10-07T02:32:41Z INFO [728/3795] 817f4762-2ef9-4866-b1cd-3de010d7e843: does not qualify; 1.5 s; peak memory 702 MiB.
2026-10-07T02:32:43Z INFO [729/3795] 818026db-8170-41a4-9b32-74cd0bd3a7ef: qualifies; 2.4 s; peak memory 702 MiB.
2026-10-07T02:32:44Z INFO [730/3795] 8181019b-9a8c-4b6a-baf9-867fadaa6033: does not qualify; 1.1 s; peak memory 702 MiB.
2026-10-07T02:32:45Z INFO [731/3795] 81811bc6-a566-4d50-8a6c-3495e285f46d: does not qualify; 1.1 s; peak memory 702 MiB.
2026-10-07T02:32:47Z INFO [732/3795] 81812281-fb66-483f-b876-b768b2c901e7: does not qualify; 1.4 s; peak memory 702 MiB.
2026-10-07T02:32:48Z INFO [733/3795] 8181499d-889e-4872-8063-79123826c0e0: does not qualify; 1.1 s; peak memory 702 MiB.
2026-10-07T02:32:49Z INFO [734/3795] 8181c158-ef23-46ac-b9f6-a8cb641148d5: does not qualify; 1.3 s; peak memory 702 MiB.
2026-10-07T02:32:57Z INFO [735/3795] 81835103-31c2-4614-93c6-381b2faf3fb5: does not qualify; 7.5 s; peak memory 702 MiB.
2026-10-07T02:32:59Z INFO [736/3795] 8183b7f0-58d2-4db1-8879-3d2e91f7dc3f: does not qualify; 2.3 s; peak memory 702 MiB.
2026-10-07T02:33:07Z INFO [737/3795] 8184ae3d-0262-4c72-b123-628ec7576abc: does not qualify; 7.9 s; peak memory 702 MiB.
2026-10-07T02:33:08Z INFO [738/3795] 8184cd85-b640-4bba-aee2-8cf67bff5429: does not qualify; 1.6 s; peak memory 702 MiB.
2026-10-07T02:33:12Z INFO [739/3795] 8184e1eb-9737-4a85-867a-bea590e8446a: does not qualify; 3.9 s; peak memory 702 MiB.
2026-10-07T02:33:22Z INFO [740/3795] 818619c4-e49d-4d80-8b8b-bbd2df1cacca: does not qualify; 9.2 s; peak memory 702 MiB.
2026-10-07T02:33:23Z INFO [741/3795] 81868ea0-0f0a-4084-8e7d-b4545acbf23c: does not qualify; 1.0 s; peak memory 702 MiB.
2026-10-07T02:33:24Z INFO [742/3795] 81875a6b-66e9-4204-a496-9ec79a3af1a0: does not qualify; 1.6 s; peak memory 702 MiB.
2026-10-07T02:33:25Z INFO [743/3795] 8187d4bc-a82b-41ea-bab0-e1fe8f501012: does not qualify; 1.2 s; peak memory 702 MiB.
2026-10-07T02:33:27Z INFO [744/3795] 8187f69c-ba4d-46fc-b158-3771e66b7c56: does not qualify; 1.9 s; peak memory 702 MiB.
2026-10-07T02:33:30Z INFO [745/3795] 818823dd-6e4c-436b-af50-70ed04d9b615: does not qualify; 2.4 s; peak memory 702 MiB.
2026-10-07T02:33:31Z INFO [746/3795] 8188d7fa-33fb-4c23-a9b9-b7f782b321ab: does not qualify; 1.3 s; peak memory 702 MiB.
2026-10-07T02:33:32Z INFO [747/3795] 81895270-faf9-46c1-948b-46fc6a3eb7f7: does not qualify; 1.3 s; peak memory 702 MiB.
2026-10-07T02:33:34Z INFO [748/3795] 818a0571-670c-4498-b7da-536fb7aadd73: does not qualify; 1.2 s; peak memory 702 MiB.
2026-10-07T02:33:35Z INFO [749/3795] 818a177c-5e87-4a98-ac43-cc26aad9c73a: does not qualify; 1.1 s; peak memory 702 MiB.
2026-10-07T02:33:36Z INFO [750/3795] 818a3ef2-dd9b-4f83-baa7-0106baab5ceb: does not qualify; 1.1 s; peak memory 702 MiB.
2026-10-07T02:33:36Z INFO [750/3795] 818a3ef2-dd9b-4f83-baa7-0106baab5ceb: checkpointed 90869 records.
2026-10-07T02:33:38Z INFO [751/3795] 818aba59-6d54-4093-919f-7698ea483e3b: does not qualify; 1.9 s; peak memory 702 MiB.
2026-10-07T02:33:46Z INFO [752/3795] 818b900f-5391-4b3d-af85-d42da8aa1f0c: does not qualify; 7.7 s; peak memory 702 MiB.
2026-10-07T02:33:47Z INFO [753/3795] 818c9522-93a3-4069-a4af-f30b861c56ae: does not qualify; 1.4 s; peak memory 702 MiB.
2026-10-07T02:33:49Z INFO [754/3795] 818cf1d5-3b22-4337-b757-46d6850d7936: does not qualify; 1.6 s; peak memory 702 MiB.
2026-10-07T02:33:51Z INFO [755/3795] 818d2449-4be9-4c06-a0af-18b27e35cfc0: does not qualify; 2.1 s; peak memory 702 MiB.
2026-10-07T02:33:57Z INFO [756/3795] 818d5c38-c714-48f5-9979-8c25abe4378d: does not qualify; 5.8 s; peak memory 702 MiB.
2026-10-07T02:33:58Z INFO [757/3795] 818d6b2f-51e0-4fa8-b0fc-8fb8e3cb76d2: does not qualify; 1.3 s; peak memory 702 MiB.
2026-10-07T02:33:59Z INFO [758/3795] 818ddb09-526e-429b-bf75-9fdf752647b7: does not qualify; 1.1 s; peak memory 702 MiB.
2026-10-07T02:34:00Z INFO [759/3795] 818dfe7f-a038-4ea7-9add-75af8f5153ad: does not qualify; 1.4 s; peak memory 702 MiB.
2026-10-07T02:34:04Z INFO [760/3795] 818f5257-627d-4255-8ee3-0bb1edf35077: does not qualify; 4.2 s; peak memory 702 MiB.
2026-10-07T02:34:06Z INFO [761/3795] 818fcc69-8c0f-455e-9f36-63571cfd37e0: does not qualify; 1.9 s; peak memory 702 MiB.
2026-10-07T02:34:09Z INFO [762/3795] 818fef6e-b4a2-44f3-bf17-a09bda9e56e5: does not qualify; 2.3 s; peak memory 702 MiB.
2026-10-07T02:34:10Z INFO [763/3795] 81900be0-b5ea-4758-93bc-abb9f5943c87: does not qualify; 1.6 s; peak memory 702 MiB.
2026-10-07T02:34:12Z INFO [764/3795] 8190854d-6169-4600-8e3e-181ccffdf010: does not qualify; 1.2 s; peak memory 702 MiB.
2026-10-07T02:34:13Z INFO [765/3795] 8190afea-ff3a-463c-b39c-7223e9dd9d2c: does not qualify; 1.1 s; peak memory 702 MiB.
2026-10-07T02:34:18Z INFO [766/3795] 8192d301-6cac-48cb-802c-9e4b81fc2d62: does not qualify; 5.2 s; peak memory 702 MiB.
2026-10-07T02:34:31Z INFO [767/3795] 8193eef3-eee6-439e-87cc-66f955573aa3: does not qualify; 13.3 s; peak memory 702 MiB.
2026-10-07T02:34:33Z INFO [768/3795] 819428f0-40d5-4043-ac8c-b032494e52c9: does not qualify; 2.1 s; peak memory 702 MiB.
2026-10-07T02:34:37Z INFO [769/3795] 81948ffd-b643-4723-850b-120a84bbba15: does not qualify; 4.0 s; peak memory 702 MiB.
2026-10-07T02:34:39Z INFO [770/3795] 81949afb-4a67-430f-8fbb-b06f98faf3ba: does not qualify; 1.3 s; peak memory 702 MiB.
2026-10-07T02:34:40Z INFO [771/3795] 8194b50b-7cc7-4176-a530-124d1537974e: does not qualify; 1.0 s; peak memory 702 MiB.
2026-10-07T02:34:41Z INFO [772/3795] 8195509a-4e35-4a77-b0c0-13c1261a1110: does not qualify; 1.4 s; peak memory 702 MiB.
2026-10-07T02:34:46Z INFO [773/3795] 8195ab51-c57e-4f8b-881f-0cdefce76eaa: does not qualify; 5.2 s; peak memory 702 MiB.
2026-10-07T02:34:48Z INFO [774/3795] 8198b66e-a9de-4528-9d2c-e31c8e52f805: does not qualify; 1.4 s; peak memory 702 MiB.
2026-10-07T02:34:54Z INFO [775/3795] 8198eabe-ca6e-4312-9531-9f10890e8478: does not qualify; 6.8 s; peak memory 702 MiB.
2026-10-07T02:34:57Z INFO [776/3795] 8198eda5-c0f6-4943-900e-ba0ab3dfd77a: qualifies; 2.3 s; peak memory 702 MiB.
2026-10-07T02:34:58Z INFO [777/3795] 81996091-d785-4d1a-9529-57587ddb8f1f: does not qualify; 1.5 s; peak memory 702 MiB.
2026-10-07T02:34:59Z INFO [778/3795] 81997b9a-23ff-4f32-873d-9fd4e1e484ea: does not qualify; 1.1 s; peak memory 702 MiB.
2026-10-07T02:35:03Z INFO [779/3795] 819a5d36-4b44-4448-8622-8564c8de0a53: does not qualify; 3.4 s; peak memory 702 MiB.
2026-10-07T02:35:04Z INFO [780/3795] 819c06b5-b31e-4785-978c-008463c84382: does not qualify; 1.4 s; peak memory 702 MiB.
2026-10-07T02:35:05Z INFO [781/3795] 819caf06-0052-4499-9e95-6e66210098bf: does not qualify; 0.9 s; peak memory 702 MiB.
2026-10-07T02:35:07Z INFO [782/3795] 819cd391-8de5-449d-9eb9-5e8aafde5d2b: does not qualify; 1.7 s; peak memory 702 MiB.
2026-10-07T02:35:08Z INFO [783/3795] 819eca26-97c4-4f3b-8755-8646edd0264c: does not qualify; 1.5 s; peak memory 702 MiB.
2026-10-07T02:35:12Z INFO [784/3795] 819f02bf-dd44-45c4-ab06-7ec44d63de48: does not qualify; 3.8 s; peak memory 702 MiB.
2026-10-07T02:35:13Z INFO [785/3795] 819f2b2a-0d11-460a-a56a-6f13f1343974: does not qualify; 1.2 s; peak memory 702 MiB.
2026-10-07T02:35:14Z INFO [786/3795] 819f3b93-ba4f-432b-bf5e-579876b52853: does not qualify; 1.0 s; peak memory 702 MiB.
2026-10-07T02:35:21Z INFO [787/3795] 819fcac8-63da-4602-bb62-74c0b64f50ef: does not qualify; 6.9 s; peak memory 702 MiB.
2026-10-07T02:35:22Z INFO [788/3795] 81a0a839-9e34-428b-9066-239eb223826f: does not qualify; 1.4 s; peak memory 702 MiB.
2026-10-07T02:35:24Z INFO [789/3795] 81a0d474-07cb-493e-99da-0db6fd3dac06: does not qualify; 1.5 s; peak memory 702 MiB.
2026-10-07T02:35:36Z INFO [790/3795] 81a1193e-9b56-4439-87c2-04278a5dac8f: does not qualify; 12.5 s; peak memory 702 MiB.
2026-10-07T02:35:40Z INFO [791/3795] 81a1dbfd-a092-4c92-940d-e2ec6cee17c6: does not qualify; 3.1 s; peak memory 702 MiB.
2026-10-07T02:35:41Z INFO [792/3795] 81a2b0f6-ad54-4307-b38e-317f60455269: does not qualify; 1.3 s; peak memory 702 MiB.
2026-10-07T02:35:42Z INFO [793/3795] 81a3608b-2abf-425f-ba0a-f5caf1ba0887: does not qualify; 1.3 s; peak memory 702 MiB.
2026-10-07T02:35:50Z INFO [794/3795] 81a3f1d7-2fa2-4839-9ec8-092bb58b643f: does not qualify; 7.8 s; peak memory 702 MiB.
2026-10-07T02:35:51Z INFO [795/3795] 81a405ab-a22c-407c-8012-b1a2e7626448: does not qualify; 1.3 s; peak memory 702 MiB.
2026-10-07T02:35:52Z INFO [796/3795] 81a4649f-7042-4aac-a251-353e1def6b09: does not qualify; 1.1 s; peak memory 702 MiB.
2026-10-07T02:35:54Z INFO [797/3795] 81a55ed0-793a-4750-9bef-f8484a0c8e3b: does not qualify; 1.8 s; peak memory 702 MiB.
2026-10-07T02:35:57Z INFO [798/3795] 81a6249c-35d5-47bf-a68c-7011ef888834: does not qualify; 2.4 s; peak memory 702 MiB.
2026-10-07T02:35:58Z INFO [799/3795] 81a6f114-d092-4667-a3b0-514b2209616f: does not qualify; 1.3 s; peak memory 702 MiB.
2026-10-07T02:35:59Z INFO [800/3795] 81a6f696-6043-4df5-928b-3edc8ef40686: does not qualify; 1.3 s; peak memory 702 MiB.
2026-10-07T02:35:59Z INFO [800/3795] 81a6f696-6043-4df5-928b-3edc8ef40686: checkpointed 90919 records.
2026-10-07T02:36:03Z INFO [801/3795] 81a6fe41-f881-4cdd-9209-81360019bee1: does not qualify; 3.3 s; peak memory 702 MiB.
2026-10-07T02:36:27Z INFO [802/3795] 81a733c1-bdf2-4929-92a0-54988fad9078: qualifies; 24.4 s; peak memory 702 MiB.
2026-10-07T02:36:29Z INFO [803/3795] 81a796e7-fe8a-440c-b9dd-1f43c8f91c50: does not qualify; 1.3 s; peak memory 702 MiB.
2026-10-07T02:36:30Z INFO [804/3795] 81a7b1a9-d1d1-41d8-8ddb-49f89b4f7800: does not qualify; 1.7 s; peak memory 702 MiB.
2026-10-07T02:36:33Z INFO [805/3795] 81a8f5cd-f8d9-45b3-95c8-9aa3c02bb3d8: does not qualify; 2.4 s; peak memory 702 MiB.
2026-10-07T02:36:35Z INFO [806/3795] 81abc771-9c3e-4e17-bfe8-56d6c957c026: does not qualify; 2.7 s; peak memory 702 MiB.
2026-10-07T02:36:37Z INFO [807/3795] 81ac20fc-8b0b-4f90-9831-010cf3d11690: does not qualify; 1.7 s; peak memory 702 MiB.
2026-10-07T02:36:39Z INFO [808/3795] 81ac934c-fd97-461a-8201-54e9a98c4f1a: does not qualify; 1.8 s; peak memory 702 MiB.
2026-10-07T02:36:48Z INFO [809/3795] 81ad207b-e4fe-4c52-8811-62cbb56f22fb: does not qualify; 8.8 s; peak memory 702 MiB.
2026-10-07T02:36:54Z INFO [810/3795] 81adb7bb-a43f-4d70-bfa2-d9ec69982d03: does not qualify; 6.3 s; peak memory 702 MiB.
2026-10-07T02:36:57Z INFO [811/3795] 81ae8844-5bb6-4888-bbc4-a2120ca7b3e3: does not qualify; 3.0 s; peak memory 702 MiB.
2026-10-07T02:36:59Z INFO [812/3795] 81ae960f-96b6-48f2-a0d4-b3d29cbc5c5f: does not qualify; 1.8 s; peak memory 702 MiB.
2026-10-07T02:37:00Z INFO [813/3795] 81aed060-0eaa-4355-8a8c-06b6ceb9667a: does not qualify; 1.5 s; peak memory 702 MiB.
2026-10-07T02:37:03Z INFO [814/3795] 81af0d4d-fdf7-4d79-82dd-4609f414ac3f: does not qualify; 3.2 s; peak memory 702 MiB.
2026-10-07T02:37:06Z INFO [815/3795] 81af22aa-c62a-4d06-9eb5-947c11cdf2f5: does not qualify; 2.1 s; peak memory 702 MiB.
2026-10-07T02:37:07Z INFO [816/3795] 81aff87d-ae21-4863-8132-3262967721c3: does not qualify; 1.3 s; peak memory 702 MiB.
2026-10-07T02:37:09Z INFO [817/3795] 81b04ac6-03af-4fec-b951-46631ec82be6: does not qualify; 1.8 s; peak memory 702 MiB.
2026-10-07T02:37:10Z INFO [818/3795] 81b061de-471b-4fb4-9d3d-2ad4abe7ec67: does not qualify; 1.3 s; peak memory 702 MiB.
2026-10-07T02:37:11Z INFO [819/3795] 81b0ac0f-bbf1-4cd9-a163-dcd26c39f134: does not qualify; 1.3 s; peak memory 702 MiB.
2026-10-07T02:37:14Z INFO [820/3795] 81b11a72-bad7-4295-84d8-c9e6ad84cf95: does not qualify; 2.5 s; peak memory 702 MiB.
2026-10-07T02:37:15Z INFO [821/3795] 81b27acf-0fc7-4021-8500-d994e91db11b: does not qualify; 1.2 s; peak memory 702 MiB.
2026-10-07T02:37:18Z INFO [822/3795] 81b2800e-1569-4fee-af9c-82dd076128e2: does not qualify; 3.3 s; peak memory 702 MiB.
2026-10-07T02:37:19Z INFO [823/3795] 81b2a670-7004-43d0-9832-7d3f0f43be0e: does not qualify; 1.2 s; peak memory 702 MiB.
2026-10-07T02:37:21Z INFO [824/3795] 81b2adc7-27f0-464f-8651-59e99a6a97b8: does not qualify; 2.0 s; peak memory 702 MiB.
2026-10-07T02:37:23Z INFO [825/3795] 81b2f4af-36cb-43ca-b661-d306b192c3fa: does not qualify; 1.7 s; peak memory 702 MiB.
2026-10-07T02:37:25Z INFO [826/3795] 81b31bb2-d6dd-47b5-ad51-c08993fa8335: does not qualify; 1.9 s; peak memory 702 MiB.
2026-10-07T02:37:29Z INFO [827/3795] 81b3bd67-2fa8-468e-99b1-5648ead8c184: does not qualify; 3.9 s; peak memory 702 MiB.
2026-10-07T02:37:30Z INFO [828/3795] 81b3e11c-d7fd-4890-bce8-4d54828eebbb: does not qualify; 1.4 s; peak memory 702 MiB.
2026-10-07T02:37:32Z INFO [829/3795] 81b3fd9b-f11b-4a03-bafb-ed0c5ac8e81e: does not qualify; 2.2 s; peak memory 702 MiB.
2026-10-07T02:37:34Z INFO [830/3795] 81b5f2c2-ab95-41b5-a095-3ed76a1d6581: does not qualify; 1.8 s; peak memory 702 MiB.
2026-10-07T02:37:36Z INFO [831/3795] 81b65f0d-d47e-4248-960e-81c2c279a191: does not qualify; 1.3 s; peak memory 702 MiB.
2026-10-07T02:37:37Z INFO [832/3795] 81b6acad-24a5-4c42-ad64-cca24eb99810: does not qualify; 1.5 s; peak memory 702 MiB.
2026-10-07T02:37:51Z INFO [833/3795] 81b6ed4d-b04b-48d4-8d14-1c09f84a20e6: does not qualify; 13.9 s; peak memory 702 MiB.
2026-10-07T02:37:52Z INFO [834/3795] 81b6f1d6-aa3d-4d3e-bfaf-035108f9408c: does not qualify; 1.3 s; peak memory 702 MiB.
2026-10-07T02:37:53Z INFO [835/3795] 81b739b7-c3c1-4cdd-ab54-c4d8710a5825: does not qualify; 1.2 s; peak memory 702 MiB.
2026-10-07T02:37:55Z INFO [836/3795] 81b87828-36b4-4290-8f70-0a612ba94297: does not qualify; 2.0 s; peak memory 702 MiB.
2026-10-07T02:37:57Z INFO [837/3795] 81b95d05-63db-4058-aae6-daacb8a0b7f1: does not qualify; 1.7 s; peak memory 702 MiB.
2026-10-07T02:37:59Z INFO [838/3795] 81b98c14-f5eb-4560-b882-2ecd666627cd: does not qualify; 1.9 s; peak memory 702 MiB.
2026-10-07T02:38:01Z INFO [839/3795] 81bad6df-68c4-45d6-8069-64c085db6491: does not qualify; 2.3 s; peak memory 702 MiB.
2026-10-07T02:38:04Z INFO [840/3795] 81bb37d2-4921-4e22-8b43-feedf84fbbd6: does not qualify; 2.3 s; peak memory 702 MiB.
2026-10-07T02:38:05Z INFO [841/3795] 81bb7fa3-3675-40ba-9d33-ee73d5d89606: does not qualify; 1.2 s; peak memory 702 MiB.
2026-10-07T02:38:06Z INFO [842/3795] 81bbd268-8f95-4f88-a65c-e9f8943f3275: does not qualify; 1.0 s; peak memory 702 MiB.
2026-10-07T02:38:07Z INFO [843/3795] 81bca9f7-145b-410d-9e2a-ffa368726674: does not qualify; 1.4 s; peak memory 702 MiB.
2026-10-07T02:38:10Z INFO [844/3795] 81bcd696-f44d-4146-8d27-27a7c792d2d5: does not qualify; 2.6 s; peak memory 702 MiB.
2026-10-07T02:38:11Z INFO [845/3795] 81bd7e97-011b-43ea-beba-45f7d92788d7: does not qualify; 1.4 s; peak memory 702 MiB.
2026-10-07T02:38:12Z INFO [846/3795] 81bdf459-7bae-42af-9ef7-a9a787d0c930: does not qualify; 1.0 s; peak memory 702 MiB.
2026-10-07T02:38:14Z INFO [847/3795] 81be03eb-96c6-42ea-89b1-4af7ce865dd2: does not qualify; 1.3 s; peak memory 702 MiB.
2026-10-07T02:38:15Z INFO [848/3795] 81be415b-c4ae-44c1-9c78-d2efa4edcc87: does not qualify; 1.9 s; peak memory 702 MiB.
2026-10-07T02:38:18Z INFO [849/3795] 81be8391-33a6-4608-b872-9bb48b5b5d7b: does not qualify; 2.1 s; peak memory 702 MiB.
2026-10-07T02:38:19Z INFO [850/3795] 81bedfb7-c218-4196-8a88-38739fcd3c5c: does not qualify; 1.3 s; peak memory 702 MiB.
2026-10-07T02:38:19Z INFO [850/3795] 81bedfb7-c218-4196-8a88-38739fcd3c5c: checkpointed 90969 records.
2026-10-07T02:38:20Z INFO [851/3795] 81bf6779-7435-4c98-be89-72168de4417a: does not qualify; 1.4 s; peak memory 702 MiB.
2026-10-07T02:38:22Z INFO [852/3795] 81c1ad61-4826-4664-9db7-a25c1eb4eeca: does not qualify; 1.5 s; peak memory 702 MiB.
2026-10-07T02:38:23Z INFO [853/3795] 81c202ed-b512-48ec-af35-4be4aac1a6ec: does not qualify; 1.4 s; peak memory 702 MiB.
2026-10-07T02:38:32Z INFO [854/3795] 81c2b893-fc86-4c22-93cf-ed5892b74203: does not qualify; 8.8 s; peak memory 702 MiB.
2026-10-07T02:38:36Z INFO [855/3795] 81c324dd-f84b-49d9-bae2-563d4a0e0bcc: does not qualify; 3.7 s; peak memory 702 MiB.
2026-10-07T02:38:38Z INFO [856/3795] 81c36005-da47-4498-905e-5b49a5db3345: does not qualify; 1.9 s; peak memory 702 MiB.
2026-10-07T02:38:40Z INFO [857/3795] 81c3792f-9ffa-4ace-aeed-54a87423c0a9: does not qualify; 2.6 s; peak memory 702 MiB.
2026-10-07T02:38:41Z INFO [858/3795] 81c4194a-fe4c-4038-9488-dca380810d46: does not qualify; 1.0 s; peak memory 702 MiB.
2026-10-07T02:38:49Z INFO [859/3795] 81c42129-28d4-4d0c-bf79-e9e3de87c6d4: does not qualify; 8.2 s; peak memory 709 MiB.
2026-10-07T02:38:52Z INFO [860/3795] 81c43a2b-2b41-4d3e-abf7-5a8f58091e85: does not qualify; 2.0 s; peak memory 709 MiB.
2026-10-07T02:38:53Z INFO [861/3795] 81c63e32-2d25-4d0f-a89d-05261ac4787f: does not qualify; 1.7 s; peak memory 709 MiB.
2026-10-07T02:38:54Z INFO [862/3795] 81c67b8e-349c-4639-bd7f-4da81e5235a2: does not qualify; 1.1 s; peak memory 709 MiB.
2026-10-07T02:38:56Z INFO [863/3795] 81c68c32-0d90-4394-80b0-4edf541f01a6: does not qualify; 1.4 s; peak memory 709 MiB.
2026-10-07T02:38:57Z INFO [864/3795] 81c69bf7-a819-4336-9f09-a4f2b7587d78: does not qualify; 1.3 s; peak memory 709 MiB.
2026-10-07T02:39:08Z INFO [865/3795] 81c6a627-e9ad-42b5-a265-1e9f2d2aa021: does not qualify; 11.4 s; peak memory 709 MiB.
2026-10-07T02:39:09Z INFO [866/3795] 81c6ca51-24ea-4cbc-8c0a-c4383a84749c: does not qualify; 1.0 s; peak memory 709 MiB.
2026-10-07T02:39:11Z INFO [867/3795] 81c77d45-448c-42f4-8dd7-381873c4c82b: does not qualify; 1.3 s; peak memory 709 MiB.
2026-10-07T02:39:12Z INFO [868/3795] 81c795ab-fed2-45c1-bf3c-5e9e1cb39fe5: does not qualify; 1.6 s; peak memory 709 MiB.
2026-10-07T02:39:14Z INFO [869/3795] 81c7d1b0-9005-4017-ae46-b68ba0850759: does not qualify; 1.4 s; peak memory 709 MiB.
2026-10-07T02:39:15Z INFO [870/3795] 81c87b25-4da4-4727-8b49-233abbb6a9ff: does not qualify; 1.4 s; peak memory 709 MiB.
2026-10-07T02:39:17Z INFO [871/3795] 81c8a4cb-ac35-4648-b2f9-3064e992d614: does not qualify; 1.6 s; peak memory 709 MiB.
2026-10-07T02:39:20Z INFO [872/3795] 81c9b213-3ae9-47fe-90cd-17c9607b5147: does not qualify; 2.8 s; peak memory 709 MiB.
2026-10-07T02:39:21Z INFO [873/3795] 81cb3c69-7e43-4b38-b293-65512ed932c4: does not qualify; 1.4 s; peak memory 709 MiB.
2026-10-07T02:39:24Z INFO [874/3795] 81cb8a1b-8a6a-4417-9a46-4261cf6d5383: does not qualify; 3.0 s; peak memory 709 MiB.
2026-10-07T02:39:26Z INFO [875/3795] 81cb8a9c-d0dc-4ed6-af76-d9283a16195e: does not qualify; 2.3 s; peak memory 709 MiB.
2026-10-07T02:39:28Z INFO [876/3795] 81ccecc7-9336-4c72-8215-644756711f31: does not qualify; 2.1 s; peak memory 709 MiB.
2026-10-07T02:39:29Z INFO [877/3795] 81cd1702-24ac-4de8-82a7-edb840d44e22: does not qualify; 1.0 s; peak memory 709 MiB.
2026-10-07T02:39:31Z INFO [878/3795] 81cd9b5b-54d7-4af5-b7e9-c9fda855c345: does not qualify; 1.6 s; peak memory 709 MiB.
2026-10-07T02:39:33Z INFO [879/3795] 81cfae67-9bb1-4df9-8a13-7458e28badc1: does not qualify; 2.4 s; peak memory 709 MiB.
2026-10-07T02:39:35Z INFO [880/3795] 81cfcf0d-38c8-463e-8e5d-7d1655d6a348: does not qualify; 1.8 s; peak memory 709 MiB.
2026-10-07T02:39:37Z INFO [881/3795] 81d07646-b2e6-4a4a-b406-2b84896cbe6d: does not qualify; 1.8 s; peak memory 709 MiB.
2026-10-07T02:39:38Z INFO [882/3795] 81d0d8e5-485a-49da-803f-aaa06a4c013c: does not qualify; 1.2 s; peak memory 709 MiB.
2026-10-07T02:39:39Z INFO [883/3795] 81d178dd-1bcd-4390-9ce2-4c672bffbd65: does not qualify; 1.4 s; peak memory 709 MiB.
2026-10-07T02:39:41Z INFO [884/3795] 81d20bfa-7b97-49bd-adba-fb87e719dc74: does not qualify; 1.9 s; peak memory 709 MiB.
2026-10-07T02:39:43Z INFO [885/3795] 81d3eca6-be68-4be6-b04c-7c022a95b041: does not qualify; 1.4 s; peak memory 709 MiB.
2026-10-07T02:39:45Z INFO [886/3795] 81d4e6a2-fd3d-432e-8e51-81048027f30e: does not qualify; 1.9 s; peak memory 709 MiB.
2026-10-07T02:39:46Z INFO [887/3795] 81d60fe4-1896-4da9-900e-78210b525c63: does not qualify; 1.6 s; peak memory 709 MiB.
2026-10-07T02:39:48Z INFO [888/3795] 81d8d97a-c553-468c-ad93-d3dda12190d2: does not qualify; 1.8 s; peak memory 709 MiB.
2026-10-07T02:39:51Z INFO [889/3795] 81d922ab-e31d-47cc-88f0-c1cae9557c16: does not qualify; 2.4 s; peak memory 709 MiB.
2026-10-07T02:39:53Z INFO [890/3795] 81da06e0-ccb4-4f34-9f75-8e57b53b4390: does not qualify; 2.5 s; peak memory 709 MiB.
2026-10-07T02:39:55Z INFO [891/3795] 81da6793-6c64-444b-b950-c763478ac369: does not qualify; 1.9 s; peak memory 709 MiB.
2026-10-07T02:39:57Z INFO [892/3795] 81da9408-5244-4490-b07a-a42dc3dc2430: does not qualify; 1.7 s; peak memory 709 MiB.
2026-10-07T02:39:59Z INFO [893/3795] 81db9917-9aa3-4a5e-8b32-1d0f28c61a0a: does not qualify; 2.5 s; peak memory 709 MiB.
2026-10-07T02:40:01Z INFO [894/3795] 81dbc42e-3171-4699-95c6-9620aab96d94: does not qualify; 1.7 s; peak memory 709 MiB.
2026-10-07T02:40:05Z INFO [895/3795] 81dbf1a4-5892-4d6e-8dcf-2f6beddf0b2c: does not qualify; 4.2 s; peak memory 709 MiB.
2026-10-07T02:40:07Z INFO [896/3795] 81dc2928-2b8d-4ec9-9328-4be2597c3c02: does not qualify; 1.8 s; peak memory 709 MiB.
2026-10-07T02:40:17Z INFO [897/3795] 81dd1bb1-997c-4211-935c-c3501178324c: does not qualify; 10.5 s; peak memory 709 MiB.
2026-10-07T02:40:25Z INFO [898/3795] 81dd4301-0ca7-4681-9bb7-563d4fa9e315: does not qualify; 7.5 s; peak memory 709 MiB.
2026-10-07T02:40:26Z INFO [899/3795] 81dfe6d9-631c-4c26-b8af-59e9b9cd78db: does not qualify; 1.3 s; peak memory 709 MiB.
2026-10-07T02:40:28Z INFO [900/3795] 81dfe93c-89c7-4f14-a342-96c0c011a765: does not qualify; 1.4 s; peak memory 709 MiB.
2026-10-07T02:40:28Z INFO [900/3795] 81dfe93c-89c7-4f14-a342-96c0c011a765: checkpointed 91019 records.
2026-10-07T02:40:30Z INFO [901/3795] 81e09aa8-20ad-4ec9-b2d0-41bed029e3d4: qualifies; 2.4 s; peak memory 709 MiB.
2026-10-07T02:40:31Z INFO [902/3795] 81e0f852-126b-4882-a3b0-4af14aa41ae4: does not qualify; 1.2 s; peak memory 709 MiB.
2026-10-07T02:40:33Z INFO [903/3795] 81e2669a-1ba4-4dab-8752-7fe2c6a4edf7: does not qualify; 1.3 s; peak memory 709 MiB.
2026-10-07T02:40:34Z INFO [904/3795] 81e2ecd1-9d90-4684-abe1-2cc49016f1c1: does not qualify; 1.3 s; peak memory 709 MiB.
2026-10-07T02:40:35Z INFO [905/3795] 81e31713-c3ce-4b3b-a564-c410021d442f: does not qualify; 1.4 s; peak memory 709 MiB.
2026-10-07T02:40:47Z INFO [906/3795] 81e3e0f8-1b53-4a5b-b370-fbff0240e732: does not qualify; 11.2 s; peak memory 709 MiB.
2026-10-07T02:40:50Z INFO [907/3795] 81e4adb6-ebe1-494b-ac82-db695890e5d0: does not qualify; 3.1 s; peak memory 709 MiB.
2026-10-07T02:40:53Z INFO [908/3795] 81e50248-9050-4199-a348-c91f761da4e4: does not qualify; 3.6 s; peak memory 709 MiB.
2026-10-07T02:40:55Z INFO [909/3795] 81e5f498-93fc-45f1-b9a3-8c80c6c0aea5: does not qualify; 1.8 s; peak memory 709 MiB.
2026-10-07T02:40:58Z INFO [910/3795] 81e61470-1c7f-408c-9740-022c562ea6f2: does not qualify; 3.0 s; peak memory 709 MiB.
2026-10-07T02:41:00Z INFO [911/3795] 81e64188-e454-412e-964f-6d1597d754f3: does not qualify; 1.6 s; peak memory 709 MiB.
2026-10-07T02:41:02Z INFO [912/3795] 81e71b52-846a-4ac3-99cc-76b39ccc4524: does not qualify; 2.0 s; peak memory 709 MiB.
2026-10-07T02:41:05Z INFO [913/3795] 81e7490f-1393-4938-84a0-395d2a46f4c1: does not qualify; 3.0 s; peak memory 709 MiB.
2026-10-07T02:41:06Z INFO [914/3795] 81e7f9bb-3354-492b-ab53-df9dbdc0e93a: does not qualify; 1.8 s; peak memory 709 MiB.
2026-10-07T02:41:19Z INFO [915/3795] 81e81a02-794e-468e-b75d-c5406dff2459: does not qualify; 12.3 s; peak memory 709 MiB.
2026-10-07T02:41:22Z INFO [916/3795] 81e825ad-9211-466e-92f5-1952d6d52bf9: does not qualify; 3.4 s; peak memory 709 MiB.
2026-10-07T02:41:25Z INFO [917/3795] 81e85b41-bfff-4200-a960-c1d92954a97c: does not qualify; 3.4 s; peak memory 709 MiB.
2026-10-07T02:41:27Z INFO [918/3795] 81e86a2c-b6d5-4c92-9161-343386761aab: does not qualify; 1.3 s; peak memory 709 MiB.
2026-10-07T02:41:28Z INFO [919/3795] 81e89475-56b0-4619-9db7-98a11ec2cb0e: does not qualify; 1.3 s; peak memory 709 MiB.
2026-10-07T02:41:35Z INFO [920/3795] 81e8caaa-764e-4079-b118-cec4951ba958: does not qualify; 6.6 s; peak memory 709 MiB.
2026-10-07T02:41:36Z INFO [921/3795] 81e94810-831e-4e80-befa-37d2a2395e07: does not qualify; 1.6 s; peak memory 709 MiB.
2026-10-07T02:41:38Z INFO [922/3795] 81e96c75-4395-4577-9d24-a746f17039a6: does not qualify; 1.7 s; peak memory 709 MiB.
2026-10-07T02:41:39Z INFO [923/3795] 81e9795b-9acd-4e60-ba87-aea1670eafae: does not qualify; 1.3 s; peak memory 709 MiB.
2026-10-07T02:41:41Z INFO [924/3795] 81ea2014-6773-4d0f-ae23-d5727a04d410: does not qualify; 1.7 s; peak memory 709 MiB.
2026-10-07T02:41:43Z INFO [925/3795] 81eb4f0e-57f8-489e-8733-fd336455c86a: does not qualify; 1.9 s; peak memory 709 MiB.
2026-10-07T02:41:50Z INFO [926/3795] 81ebbdfd-856d-469a-a001-6510434345aa: does not qualify; 6.8 s; peak memory 709 MiB.
2026-10-07T02:41:56Z INFO [927/3795] 81ec4755-b589-4970-af90-068176f4adbf: does not qualify; 6.4 s; peak memory 709 MiB.
2026-10-07T02:41:58Z INFO [928/3795] 81ecbafb-00e4-4424-8c3c-e4e148f19526: does not qualify; 2.1 s; peak memory 709 MiB.
2026-10-07T02:41:59Z INFO [929/3795] 81ecbfd4-4826-4b7c-a7a8-17bbab666936: does not qualify; 1.4 s; peak memory 709 MiB.
2026-10-07T02:42:03Z INFO [930/3795] 81ecc66c-1254-4a8b-bdc1-fc18e87e9724: does not qualify; 3.2 s; peak memory 709 MiB.
2026-10-07T02:42:04Z INFO [931/3795] 81ecf2f7-b006-4c5d-abf3-f67b55702c38: does not qualify; 1.4 s; peak memory 709 MiB.
2026-10-07T02:42:06Z INFO [932/3795] 81eedd08-4c47-460c-94e6-c99f19309b0a: does not qualify; 1.8 s; peak memory 709 MiB.
2026-10-07T02:42:07Z INFO [933/3795] 81eee0f4-67e6-403e-921d-0541ed48efc0: does not qualify; 1.1 s; peak memory 709 MiB.
2026-10-07T02:42:15Z INFO [934/3795] 81ef0096-213e-4860-9662-210e509e5853: qualifies; 8.5 s; peak memory 709 MiB.
2026-10-07T02:42:25Z INFO [935/3795] 81ef20b5-887e-488c-aad6-39252f035551: does not qualify; 10.0 s; peak memory 709 MiB.
2026-10-07T02:42:27Z INFO [936/3795] 81ef71a2-53d7-4c15-bdd9-e75895ed7fde: does not qualify; 1.6 s; peak memory 709 MiB.
2026-10-07T02:42:29Z INFO [937/3795] 81efc24d-7664-4cc0-b3e2-55a8f11dd9b8: does not qualify; 1.8 s; peak memory 709 MiB.
2026-10-07T02:42:31Z INFO [938/3795] 81f01392-394e-4c25-9018-870b9298cfff: does not qualify; 2.1 s; peak memory 709 MiB.
2026-10-07T02:42:33Z INFO [939/3795] 81f01b21-9ace-4b48-b401-d9f49c986611: does not qualify; 1.8 s; peak memory 709 MiB.
2026-10-07T02:42:34Z INFO [940/3795] 81f048f4-ea3b-4705-a4e9-4172c9884f2a: does not qualify; 1.3 s; peak memory 709 MiB.
2026-10-07T02:42:44Z INFO [941/3795] 81f0c56b-8aa0-4b8e-b22e-bbc779497395: does not qualify; 9.7 s; peak memory 709 MiB.
2026-10-07T02:42:45Z INFO [942/3795] 81f0f389-d68f-45b1-b304-735a4466d115: does not qualify; 1.4 s; peak memory 709 MiB.
2026-10-07T02:42:48Z INFO [943/3795] 81f17db1-8f21-4a8e-a0b1-66e355399b23: does not qualify; 2.8 s; peak memory 709 MiB.
2026-10-07T02:42:51Z INFO [944/3795] 81f1e4ac-3787-498e-9bca-86f66621b598: does not qualify; 3.1 s; peak memory 709 MiB.
2026-10-07T02:42:54Z INFO [945/3795] 81f20775-1778-49ac-918c-0657c1138324: does not qualify; 3.1 s; peak memory 709 MiB.
2026-10-07T02:42:57Z INFO [946/3795] 81f23245-32b8-44f6-8c85-88ca71c409c8: does not qualify; 2.5 s; peak memory 709 MiB.
2026-10-07T02:42:59Z INFO [947/3795] 81f24846-0549-45b4-ae6d-122e379adf3f: does not qualify; 2.1 s; peak memory 709 MiB.
2026-10-07T02:43:00Z INFO [948/3795] 81f24b6d-3269-49c1-8607-85e2db7f01d1: does not qualify; 1.4 s; peak memory 709 MiB.
2026-10-07T02:43:01Z INFO [949/3795] 81f2a0a3-6151-41be-aac5-b299c83aa7ca: does not qualify; 1.0 s; peak memory 709 MiB.
2026-10-07T02:43:03Z INFO [950/3795] 81f3fa67-3a97-428e-ab0a-ba8637886247: does not qualify; 1.8 s; peak memory 709 MiB.
2026-10-07T02:43:03Z INFO [950/3795] 81f3fa67-3a97-428e-ab0a-ba8637886247: checkpointed 91069 records.
2026-10-07T02:43:04Z INFO [951/3795] 81f5bd9f-dd94-4218-93c1-4dbff5188d39: does not qualify; 1.0 s; peak memory 709 MiB.
2026-10-07T02:43:06Z INFO [952/3795] 81f61acf-f37c-484d-bf7e-77e06ebc27a7: does not qualify; 1.6 s; peak memory 709 MiB.
2026-10-07T02:43:08Z INFO [953/3795] 81f74732-e20b-463b-9355-b33a029222c5: does not qualify; 2.3 s; peak memory 709 MiB.
2026-10-07T02:43:16Z INFO [954/3795] 81f8161f-e967-4344-b803-773bf256cf84: does not qualify; 8.2 s; peak memory 709 MiB.
2026-10-07T02:43:18Z INFO [955/3795] 81f84d7f-9d62-44f7-84a1-093d4906b47a: does not qualify; 1.5 s; peak memory 709 MiB.
2026-10-07T02:43:30Z INFO [956/3795] 81f85173-c40d-4f0f-ad4b-5f763204d90f: does not qualify; 12.6 s; peak memory 709 MiB.
2026-10-07T02:43:33Z INFO [957/3795] 81f85901-cc16-4854-870b-f22a518ed1df: does not qualify; 2.3 s; peak memory 709 MiB.
2026-10-07T02:43:58Z INFO [958/3795] 81f86d83-43a5-4edf-a6d0-dd8f8529f317: does not qualify; 25.6 s; peak memory 709 MiB.
2026-10-07T02:44:00Z INFO [959/3795] 81f90c5a-76a7-4448-96b6-d2dca2beef1d: does not qualify; 1.5 s; peak memory 709 MiB.
2026-10-07T02:44:02Z INFO [960/3795] 81f97688-733c-4e3c-8269-bed67630d091: does not qualify; 2.5 s; peak memory 709 MiB.
2026-10-07T02:44:04Z INFO [961/3795] 81f9a088-d36d-427b-b5e9-f0bd8b059ad3: does not qualify; 1.9 s; peak memory 709 MiB.
2026-10-07T02:44:11Z INFO [962/3795] 81fa6535-b928-4b73-8da2-0591684c3d17: does not qualify; 6.4 s; peak memory 709 MiB.
2026-10-07T02:44:12Z INFO [963/3795] 81fb0605-f1db-492a-83e1-4ef040065860: does not qualify; 1.2 s; peak memory 709 MiB.
2026-10-07T02:44:14Z INFO [964/3795] 81fbf4d6-6b2d-47ab-9332-9f6dfff33c76: does not qualify; 1.9 s; peak memory 709 MiB.
2026-10-07T02:44:17Z INFO [965/3795] 81fc53ab-19a0-46aa-b4bd-5c8e7b2f46aa: does not qualify; 3.2 s; peak memory 709 MiB.
2026-10-07T02:44:18Z INFO [966/3795] 81fd25e1-0b05-4958-8e14-eb5a7494a154: does not qualify; 1.3 s; peak memory 709 MiB.
2026-10-07T02:44:25Z INFO [967/3795] 81fdd2b3-4db9-4470-8bc0-5c3a6cf75c6a: does not qualify; 7.3 s; peak memory 709 MiB.
2026-10-07T02:44:40Z INFO [968/3795] 8200479b-5e7c-4ca3-8327-0a0df326502f: does not qualify; 14.9 s; peak memory 709 MiB.
2026-10-07T02:44:42Z INFO [969/3795] 8201d925-0000-4e40-b89a-6bbe287a2959: does not qualify; 1.9 s; peak memory 709 MiB.
2026-10-07T02:44:50Z INFO [970/3795] 8202258d-e1bf-4f6f-98b6-daf3c74ea550: does not qualify; 7.5 s; peak memory 709 MiB.
2026-10-07T02:44:52Z INFO [971/3795] 820275ed-23cd-44e9-9fcb-d2ddb6c6be05: does not qualify; 2.1 s; peak memory 709 MiB.
2026-10-07T02:44:55Z INFO [972/3795] 8203b314-aadf-4ee7-8951-b66baaa3acb9: does not qualify; 3.6 s; peak memory 709 MiB.
2026-10-07T02:44:57Z INFO [973/3795] 8203b380-43a5-493c-9e32-d412a462c41e: does not qualify; 1.6 s; peak memory 709 MiB.
2026-10-07T02:44:58Z INFO [974/3795] 8203ce17-aa56-4be4-a70e-c43dc3822066: does not qualify; 1.6 s; peak memory 709 MiB.
2026-10-07T02:45:23Z INFO [975/3795] 8206d0c1-18a2-4305-8ea0-ab83e16b2435: does not qualify; 24.4 s; peak memory 709 MiB.
2026-10-07T02:45:24Z INFO [976/3795] 8207d973-9fb6-4fb6-bde8-5a4922615d75: does not qualify; 1.4 s; peak memory 709 MiB.
2026-10-07T02:45:25Z INFO [977/3795] 82083dda-5f40-4617-bd8c-98ce3a194ce6: does not qualify; 1.0 s; peak memory 709 MiB.
2026-10-07T02:45:26Z INFO [978/3795] 8208705b-46f7-4739-bd32-b06e85fe1141: does not qualify; 0.9 s; peak memory 709 MiB.
2026-10-07T02:45:28Z INFO [979/3795] 8208825e-b38b-4fd6-be03-e004c16ef1e9: does not qualify; 1.4 s; peak memory 709 MiB.
2026-10-07T02:45:29Z INFO [980/3795] 8208b918-a7a5-463f-ad02-1accaf007e1f: does not qualify; 1.4 s; peak memory 709 MiB.
2026-10-07T02:45:30Z INFO [981/3795] 82092351-b26c-4bbf-919a-c4c0ce75818a: does not qualify; 1.2 s; peak memory 709 MiB.
2026-10-07T02:45:32Z INFO [982/3795] 82092d86-287f-44dc-a213-1ee2927b712b: does not qualify; 1.9 s; peak memory 709 MiB.
2026-10-07T02:45:33Z INFO [983/3795] 82094077-1616-4327-b385-955ac837d137: does not qualify; 1.3 s; peak memory 709 MiB.
2026-10-07T02:45:34Z INFO [984/3795] 82099dbc-a5e1-48c8-af0e-49fa7d82a604: does not qualify; 1.0 s; peak memory 709 MiB.
2026-10-07T02:45:36Z INFO [985/3795] 820a0724-eaad-49ca-b095-e395a212295c: does not qualify; 1.5 s; peak memory 709 MiB.
2026-10-07T02:45:38Z INFO [986/3795] 820a414c-470a-49d8-94ed-8401611b99fa: does not qualify; 1.9 s; peak memory 709 MiB.
2026-10-07T02:45:39Z INFO [987/3795] 820a5237-554f-4ba9-b079-17bd56221116: does not qualify; 1.4 s; peak memory 709 MiB.
2026-10-07T02:45:41Z INFO [988/3795] 820a5757-2762-4e43-95a9-fb739c5e1de5: does not qualify; 1.6 s; peak memory 709 MiB.
2026-10-07T02:45:43Z INFO [989/3795] 820b5dd0-bae0-4565-9fc7-75688d243fa4: does not qualify; 1.7 s; peak memory 709 MiB.
2026-10-07T02:45:45Z INFO [990/3795] 820d47a8-1680-4aa9-828b-baf15e3c6b46: does not qualify; 2.0 s; peak memory 709 MiB.
2026-10-07T02:45:58Z INFO [991/3795] 820dc7da-3b39-48d6-af68-6715a4b153ee: does not qualify; 13.8 s; peak memory 709 MiB.
2026-10-07T02:46:05Z INFO [992/3795] 820e13ae-7cbd-4871-9cc5-756b73ddd6d1: does not qualify; 6.5 s; peak memory 709 MiB.
2026-10-07T02:46:27Z INFO [993/3795] 820e4f93-e795-419a-b0d2-52563afa162f: does not qualify; 22.2 s; peak memory 709 MiB.
2026-10-07T02:46:36Z INFO [994/3795] 820e539a-3263-463e-8b9e-4e9b9df27817: does not qualify; 8.8 s; peak memory 709 MiB.
2026-10-07T02:46:37Z INFO [995/3795] 820e6758-46ac-487a-9b30-39697ef45784: does not qualify; 1.4 s; peak memory 709 MiB.
2026-10-07T02:46:44Z INFO [996/3795] 820e6b59-e08b-42dd-854f-63a0c7e7db11: does not qualify; 6.8 s; peak memory 709 MiB.
2026-10-07T02:46:46Z INFO [997/3795] 820e82c9-2f5d-49a8-ab42-1756a417456f: does not qualify; 1.5 s; peak memory 709 MiB.
2026-10-07T02:46:47Z INFO [998/3795] 820fe9ed-b96f-4b1d-a943-b0416d8362d7: does not qualify; 1.3 s; peak memory 709 MiB.
2026-10-07T02:46:48Z INFO [999/3795] 82103dd1-a5dc-4ccc-8108-74840da51a92: does not qualify; 1.4 s; peak memory 709 MiB.
2026-10-07T02:46:49Z INFO [1000/3795] 8210ce68-b310-49c0-a285-37e00b95a201: does not qualify; 1.3 s; peak memory 709 MiB.
2026-10-07T02:46:50Z INFO [1000/3795] 8210ce68-b310-49c0-a285-37e00b95a201: checkpointed 91119 records.
2026-10-07T02:46:51Z INFO [1001/3795] 82118178-2c42-4162-84a1-7bb71d240686: does not qualify; 1.3 s; peak memory 709 MiB.
2026-10-07T02:46:52Z INFO [1002/3795] 82125be8-b8cb-4b25-a407-08949fbc8b6e: does not qualify; 1.2 s; peak memory 709 MiB.
2026-10-07T02:46:54Z INFO [1003/3795] 82128d4e-9d43-48e5-a76c-7b40215a3bfa: does not qualify; 1.8 s; peak memory 709 MiB.
2026-10-07T02:46:55Z INFO [1004/3795] 8212b2b7-ea6c-4300-a5cc-ea1a4c5d8732: does not qualify; 1.1 s; peak memory 709 MiB.
2026-10-07T02:46:58Z INFO [1005/3795] 821342fd-5bbc-48d4-ac80-c62ea981ef32: does not qualify; 2.6 s; peak memory 709 MiB.
2026-10-07T02:46:59Z INFO [1006/3795] 8213513b-e4fe-4e17-8531-cc0af2622aa2: does not qualify; 1.7 s; peak memory 709 MiB.
2026-10-07T02:47:01Z INFO [1007/3795] 8214ab24-f5aa-4b9d-a0c5-1c7af2e3f263: does not qualify; 1.6 s; peak memory 709 MiB.
2026-10-07T02:47:02Z INFO [1008/3795] 82155ea2-857a-44b5-ab89-ab433a70e952: does not qualify; 1.4 s; peak memory 709 MiB.
2026-10-07T02:47:04Z INFO [1009/3795] 8215b3b8-a873-4c38-ab5c-e14c5ac4412f: does not qualify; 2.1 s; peak memory 709 MiB.
2026-10-07T02:47:07Z INFO [1010/3795] 8215d4e3-905e-4078-83a1-6c6c5dffce13: does not qualify; 2.2 s; peak memory 709 MiB.
2026-10-07T02:47:12Z INFO [1011/3795] 8215ebc1-095c-4895-aebc-6d663d60827e: qualifies; 5.3 s; peak memory 709 MiB.
2026-10-07T02:47:13Z INFO [1012/3795] 82162572-60d9-47f9-9e11-814a9f0cd5a9: does not qualify; 1.5 s; peak memory 709 MiB.
2026-10-07T02:47:15Z INFO [1013/3795] 82179840-6566-42ae-90af-f05d6d3d18b9: does not qualify; 1.4 s; peak memory 709 MiB.
2026-10-07T02:47:16Z INFO [1014/3795] 8217eff4-3b17-4863-87fe-08c89426acd7: does not qualify; 1.6 s; peak memory 709 MiB.
2026-10-07T02:47:18Z INFO [1015/3795] 8217fc28-9b5b-4eb2-b56f-5c08c4910819: does not qualify; 1.8 s; peak memory 709 MiB.
2026-10-07T02:47:20Z INFO [1016/3795] 8218102e-8503-4c2c-be7e-12d5481a5a54: does not qualify; 1.6 s; peak memory 709 MiB.
2026-10-07T02:47:22Z INFO [1017/3795] 8218a940-016c-403f-a7ed-c9e8fb522c6b: does not qualify; 2.3 s; peak memory 709 MiB.
2026-10-07T02:47:23Z INFO [1018/3795] 821909d0-368c-42fd-b9ea-953aaf2bb550: does not qualify; 1.4 s; peak memory 709 MiB.
2026-10-07T02:47:25Z INFO [1019/3795] 8219db60-90ea-4127-bdef-27eb2254352b: does not qualify; 1.3 s; peak memory 709 MiB.
2026-10-07T02:47:26Z INFO [1020/3795] 821b3f44-3e4a-4d65-9724-1992d1e5ecba: does not qualify; 1.4 s; peak memory 709 MiB.
2026-10-07T02:47:27Z INFO [1021/3795] 821b4900-3882-4d33-b56e-145036163975: does not qualify; 1.1 s; peak memory 709 MiB.
2026-10-07T02:47:29Z INFO [1022/3795] 821b8ba6-0afa-4276-8b52-6a70a1da69cb: does not qualify; 1.4 s; peak memory 709 MiB.
2026-10-07T02:47:29Z INFO [1023/3795] 821c0e31-d363-4e47-92a8-897cc10e6a09: does not qualify; 0.9 s; peak memory 709 MiB.
2026-10-07T02:47:31Z INFO [1024/3795] 821c9386-6260-484e-964f-06da371898c5: does not qualify; 1.5 s; peak memory 709 MiB.
2026-10-07T02:47:33Z INFO [1025/3795] 821d2fa9-ed7c-4042-9a72-66887540cad8: does not qualify; 1.7 s; peak memory 709 MiB.
2026-10-07T02:47:39Z INFO [1026/3795] 821d552c-aeaa-45d1-90fa-4b805c738e93: does not qualify; 6.2 s; peak memory 709 MiB.
2026-10-07T02:47:42Z INFO [1027/3795] 821d861f-a76b-424f-8914-6291e3ab86e2: does not qualify; 2.7 s; peak memory 709 MiB.
2026-10-07T02:47:43Z INFO [1028/3795] 821daae1-1dcf-4f14-95c8-4b2ee5492d86: does not qualify; 1.8 s; peak memory 709 MiB.
2026-10-07T02:47:46Z INFO [1029/3795] 821dd3e4-7b5b-4c41-b1de-13c9a673abad: does not qualify; 2.4 s; peak memory 709 MiB.
2026-10-07T02:47:53Z INFO [1030/3795] 821e6af3-0352-470f-a4a0-5749d83fb2eb: does not qualify; 7.3 s; peak memory 709 MiB.
2026-10-07T02:47:55Z INFO [1031/3795] 821f5176-1936-49bc-9328-406fdcde60d8: does not qualify; 1.3 s; peak memory 709 MiB.
2026-10-07T02:47:56Z INFO [1032/3795] 821fbe33-a56d-408a-b94f-d0cae825d37c: does not qualify; 1.2 s; peak memory 709 MiB.
2026-10-07T02:48:06Z INFO [1033/3795] 821fcb1f-d843-4606-8a36-c592fe720ca1: does not qualify; 10.6 s; peak memory 709 MiB.
2026-10-07T02:48:08Z INFO [1034/3795] 821ff223-727f-4ac2-9cff-f33e76611d8c: does not qualify; 1.6 s; peak memory 709 MiB.
2026-10-07T02:48:11Z INFO [1035/3795] 8220244a-2deb-4f39-8383-02653767485d: does not qualify; 2.9 s; peak memory 709 MiB.
2026-10-07T02:48:14Z INFO [1036/3795] 822025ae-aadb-411c-aef7-42f5a957ca9d: qualifies; 2.8 s; peak memory 709 MiB.
2026-10-07T02:48:15Z INFO [1037/3795] 82206f5f-f0c7-40bd-a8db-6e813fbad475: does not qualify; 1.3 s; peak memory 709 MiB.
2026-10-07T02:48:16Z INFO [1038/3795] 8221000e-f0b9-4f3a-a2f6-7e2be3dbe168: does not qualify; 1.1 s; peak memory 709 MiB.
2026-10-07T02:48:18Z INFO [1039/3795] 822105a8-0433-4965-b012-0076f8785fbd: does not qualify; 1.6 s; peak memory 709 MiB.
2026-10-07T02:48:19Z INFO [1040/3795] 82224c92-707c-4196-b47e-717dd84049a9: does not qualify; 1.6 s; peak memory 709 MiB.
2026-10-07T02:48:21Z INFO [1041/3795] 82229341-04d9-4566-ad8f-62f7de343ed8: does not qualify; 1.3 s; peak memory 709 MiB.
2026-10-07T02:48:22Z INFO [1042/3795] 822393f3-2d77-4303-a068-ec57c1c1c4b1: does not qualify; 1.6 s; peak memory 709 MiB.
2026-10-07T02:48:25Z INFO [1043/3795] 8225a7dc-4608-468a-9b85-aa30f8d58337: qualifies; 3.2 s; peak memory 709 MiB.
2026-10-07T02:48:27Z INFO [1044/3795] 82261b1f-faf4-43ca-be7c-c3f95341f939: does not qualify; 1.3 s; peak memory 709 MiB.
2026-10-07T02:48:28Z INFO [1045/3795] 82269405-5f84-4182-a6b7-8858cc061b51: does not qualify; 1.6 s; peak memory 709 MiB.
2026-10-07T02:48:30Z INFO [1046/3795] 8227ce69-3481-47ab-bcf6-fab311491a31: does not qualify; 1.2 s; peak memory 709 MiB.
2026-10-07T02:48:31Z INFO [1047/3795] 82287ccf-ddab-4dcc-862b-baca4d1df102: does not qualify; 1.3 s; peak memory 709 MiB.
2026-10-07T02:48:32Z INFO [1048/3795] 822885b7-d63c-4c49-b6de-ae01306f9837: does not qualify; 1.6 s; peak memory 709 MiB.
2026-10-07T02:48:34Z INFO [1049/3795] 82292b8b-73a2-4c4b-bc3d-2b4b3a872543: does not qualify; 1.4 s; peak memory 709 MiB.
2026-10-07T02:48:36Z INFO [1050/3795] 8229379e-2913-4b4b-b176-6ce7246462de: qualifies; 2.0 s; peak memory 709 MiB.
2026-10-07T02:48:36Z INFO [1050/3795] 8229379e-2913-4b4b-b176-6ce7246462de: checkpointed 91169 records.
2026-10-07T02:48:43Z INFO [1051/3795] 8229b98d-adea-4838-be21-cf1a5ff32e62: does not qualify; 6.5 s; peak memory 709 MiB.
2026-10-07T02:48:44Z INFO [1052/3795] 822a2731-9512-46c9-a647-aae3731c9325: does not qualify; 1.6 s; peak memory 709 MiB.
2026-10-07T02:48:46Z INFO [1053/3795] 822a761f-89f2-4bf2-b6c0-ec1eb64b5bca: does not qualify; 2.1 s; peak memory 709 MiB.
2026-10-07T02:48:47Z INFO [1054/3795] 822ae500-1a8d-4ecf-a2e8-c33825fdb14e: does not qualify; 1.3 s; peak memory 709 MiB.
2026-10-07T02:48:49Z INFO [1055/3795] 822bb050-fd77-4114-a7b9-ba054d8862d5: does not qualify; 2.0 s; peak memory 709 MiB.
2026-10-07T02:48:51Z INFO [1056/3795] 822bd09d-e524-4b45-8ad6-94e095b15eee: does not qualify; 1.6 s; peak memory 709 MiB.
2026-10-07T02:48:53Z INFO [1057/3795] 822d2c66-6168-4fd9-8bf0-4740a5a4f2fa: does not qualify; 1.4 s; peak memory 709 MiB.
2026-10-07T02:48:54Z INFO [1058/3795] 822d5d33-a3c0-49cb-bd4d-4a4f74aab8c9: does not qualify; 1.5 s; peak memory 709 MiB.
2026-10-07T02:48:56Z INFO [1059/3795] 822d9547-6428-4440-8167-130c63ff3bc0: does not qualify; 1.7 s; peak memory 709 MiB.
2026-10-07T02:49:02Z INFO [1060/3795] 822e1f70-c9ca-4ae6-88a4-3866759e6c0f: does not qualify; 6.3 s; peak memory 709 MiB.
2026-10-07T02:49:03Z INFO [1061/3795] 822e9903-5f18-49dc-ba62-e5d9c06ed731: does not qualify; 1.4 s; peak memory 709 MiB.
2026-10-07T02:49:05Z INFO [1062/3795] 822eb944-d7d2-4c2f-ac5d-3d96a75475e8: does not qualify; 1.7 s; peak memory 709 MiB.
2026-10-07T02:49:06Z INFO [1063/3795] 822f9795-807c-4860-badb-901a9696bf0c: does not qualify; 1.3 s; peak memory 709 MiB.
2026-10-07T02:49:09Z INFO [1064/3795] 8230bc0f-b0aa-443d-9d41-530ffb129113: does not qualify; 2.6 s; peak memory 709 MiB.
2026-10-07T02:49:11Z INFO [1065/3795] 8230cca9-1d29-4e9c-86d8-f1027e43c625: does not qualify; 1.9 s; peak memory 709 MiB.
2026-10-07T02:49:13Z INFO [1066/3795] 82314148-dc58-4075-99b8-26261a462858: does not qualify; 2.5 s; peak memory 709 MiB.
2026-10-07T02:49:15Z INFO [1067/3795] 82314e77-0760-4e42-b7db-806d3f8fb19c: does not qualify; 1.6 s; peak memory 709 MiB.
2026-10-07T02:49:16Z INFO [1068/3795] 8231c9e5-91fb-481c-9a71-0033b502a86a: does not qualify; 1.2 s; peak memory 709 MiB.
2026-10-07T02:49:17Z INFO [1069/3795] 82320207-cf2f-4c2e-8580-0c0b0af50d9c: does not qualify; 1.3 s; peak memory 709 MiB.
2026-10-07T02:49:19Z INFO [1070/3795] 823259eb-5afd-4f65-8e3c-600338598202: does not qualify; 1.2 s; peak memory 709 MiB.
2026-10-07T02:49:25Z INFO [1071/3795] 8232a34d-9edc-4c0d-ad2f-efbfa3d03d14: does not qualify; 6.8 s; peak memory 709 MiB.
2026-10-07T02:49:27Z INFO [1072/3795] 82334966-e912-4ff9-9bca-1c391f5622c7: does not qualify; 1.4 s; peak memory 709 MiB.
2026-10-07T02:49:44Z INFO [1073/3795] 823367b2-5113-454b-8778-8a32e6a81ea7: does not qualify; 17.3 s; peak memory 709 MiB.
2026-10-07T02:49:45Z INFO [1074/3795] 82349427-b1f4-44bf-8abe-243e61f596d6: does not qualify; 1.3 s; peak memory 709 MiB.
2026-10-07T02:49:47Z INFO [1075/3795] 8235292c-ec30-4938-8128-9f25145ebd9f: does not qualify; 1.3 s; peak memory 709 MiB.
2026-10-07T02:49:49Z INFO [1076/3795] 82353fd5-cc5f-4f4f-b475-cbe0678fe5cf: does not qualify; 1.9 s; peak memory 709 MiB.
2026-10-07T02:49:56Z INFO [1077/3795] 8236208b-044e-4e2e-bfa8-4021424e62eb: does not qualify; 7.3 s; peak memory 709 MiB.
2026-10-07T02:49:57Z INFO [1078/3795] 823692db-f867-4ae4-9c3a-cd92a58985c8: does not qualify; 1.5 s; peak memory 709 MiB.
2026-10-07T02:49:59Z INFO [1079/3795] 8236f569-2406-49dd-998c-412e06a1c32b: does not qualify; 1.5 s; peak memory 709 MiB.
2026-10-07T02:50:01Z INFO [1080/3795] 82379c18-6629-4e40-8a33-6b066e2ed838: does not qualify; 2.0 s; peak memory 709 MiB.
2026-10-07T02:50:03Z INFO [1081/3795] 8237ed53-8417-4f0e-8bd6-50efc220561b: does not qualify; 2.2 s; peak memory 709 MiB.
2026-10-07T02:50:05Z INFO [1082/3795] 82392695-123b-4b53-8e41-4ade2a49d9c5: does not qualify; 1.4 s; peak memory 709 MiB.
2026-10-07T02:50:07Z INFO [1083/3795] 8239e5f8-1f58-4ce1-bb2c-880ea1503da1: does not qualify; 2.9 s; peak memory 709 MiB.
2026-10-07T02:50:09Z INFO [1084/3795] 823aa790-e4e6-4f18-8fa9-f1568d2035be: does not qualify; 1.4 s; peak memory 709 MiB.
2026-10-07T02:50:10Z INFO [1085/3795] 823b5b02-4abe-423e-8dde-9ca97cb77efe: does not qualify; 1.3 s; peak memory 709 MiB.
2026-10-07T02:50:11Z INFO [1086/3795] 823b9fe9-e13f-481c-ba7f-7c8ce21547c8: does not qualify; 0.9 s; peak memory 709 MiB.
2026-10-07T02:50:17Z INFO [1087/3795] 823c13d7-1796-44ff-b0eb-d079cd09687d: does not qualify; 6.2 s; peak memory 709 MiB.
2026-10-07T02:50:19Z INFO [1088/3795] 823c1e38-c469-4ddc-9113-8d03650183c5: does not qualify; 1.5 s; peak memory 709 MiB.
2026-10-07T02:50:20Z INFO [1089/3795] 823ca00c-a457-4d47-a26f-f19d65026387: does not qualify; 1.4 s; peak memory 709 MiB.
2026-10-07T02:50:23Z INFO [1090/3795] 823cb6c6-f691-4460-a330-e7ad4010e126: does not qualify; 2.4 s; peak memory 709 MiB.
2026-10-07T02:50:24Z INFO [1091/3795] 823db89f-f6ce-4553-9ad3-b309f0a40fc1: does not qualify; 1.6 s; peak memory 709 MiB.
2026-10-07T02:50:35Z INFO [1092/3795] 823e4d5a-cb06-4386-a598-4ed0f34dd164: does not qualify; 10.7 s; peak memory 709 MiB.
2026-10-07T02:50:36Z INFO [1093/3795] 823e73f9-f6c9-41ae-b0f4-b95f9e2df381: does not qualify; 1.3 s; peak memory 709 MiB.
2026-10-07T02:50:38Z INFO [1094/3795] 823ed524-511b-4c91-82da-092afb763ef3: does not qualify; 1.4 s; peak memory 709 MiB.
2026-10-07T02:50:40Z INFO [1095/3795] 823f843c-555d-4701-9fac-7ad6d4b76546: does not qualify; 2.3 s; peak memory 709 MiB.
2026-10-07T02:50:42Z INFO [1096/3795] 82404149-9c56-4a51-a428-7ccbbff5b2eb: does not qualify; 2.0 s; peak memory 709 MiB.
2026-10-07T02:50:57Z INFO [1097/3795] 8241a0ee-609a-4a03-a662-f734c5c582b8: does not qualify; 15.2 s; peak memory 709 MiB.
2026-10-07T02:50:59Z INFO [1098/3795] 824201fe-4bd7-434c-b4f8-aff4f5979658: does not qualify; 1.8 s; peak memory 709 MiB.
2026-10-07T02:51:01Z INFO [1099/3795] 82423e38-4b38-48f6-b227-b3cdc8be1d32: does not qualify; 1.9 s; peak memory 709 MiB.
2026-10-07T02:51:02Z INFO [1100/3795] 8243621e-3ab8-4a77-b18f-9cca96644762: does not qualify; 1.3 s; peak memory 709 MiB.
2026-10-07T02:51:02Z INFO [1100/3795] 8243621e-3ab8-4a77-b18f-9cca96644762: checkpointed 91219 records.
2026-10-07T02:51:04Z INFO [1101/3795] 82451f32-f45c-4527-9cad-a9d94981bc24: does not qualify; 1.2 s; peak memory 709 MiB.
2026-10-07T02:51:05Z INFO [1102/3795] 8245386d-9d93-4a0f-9407-f2a4045189ae: does not qualify; 1.6 s; peak memory 709 MiB.
2026-10-07T02:51:07Z INFO [1103/3795] 82477678-b965-45b1-8c13-97a48e0c10cd: does not qualify; 1.3 s; peak memory 709 MiB.
2026-10-07T02:51:08Z INFO [1104/3795] 8247b2cb-d35f-4506-9828-6353c5d6cdf1: does not qualify; 1.6 s; peak memory 709 MiB.
2026-10-07T02:51:10Z INFO [1105/3795] 8247d125-c58a-483c-aa53-9d69b1e13dd9: does not qualify; 1.5 s; peak memory 709 MiB.
2026-10-07T02:51:10Z INFO [1106/3795] 8248053f-c3cf-4877-a30b-5ebe616eda30: does not qualify; 0.9 s; peak memory 709 MiB.
2026-10-07T02:51:12Z INFO [1107/3795] 8249a5b3-9e0e-4f0c-a172-a1a4f8770ec8: does not qualify; 1.3 s; peak memory 709 MiB.
2026-10-07T02:51:14Z INFO [1108/3795] 824a4d1a-2151-4873-ab0b-e769ae1ca29e: does not qualify; 1.8 s; peak memory 709 MiB.
2026-10-07T02:51:15Z INFO [1109/3795] 824c06e1-7b15-47b0-b0ed-f4f1ecb7838e: does not qualify; 1.0 s; peak memory 709 MiB.
2026-10-07T02:51:16Z INFO [1110/3795] 824c22db-a741-4818-b33e-e070a946cbdd: does not qualify; 1.3 s; peak memory 709 MiB.
2026-10-07T02:51:18Z INFO [1111/3795] 824c7116-1e55-4d40-a3d7-9d3d41bb7ac5: does not qualify; 1.8 s; peak memory 709 MiB.
2026-10-07T02:51:25Z INFO [1112/3795] 824d408f-b3c3-4b1d-97c9-2a7c15022c3c: does not qualify; 7.6 s; peak memory 709 MiB.
2026-10-07T02:51:27Z INFO [1113/3795] 824e2184-e6f8-4da7-86da-0e838dbe4f64: does not qualify; 1.8 s; peak memory 709 MiB.
2026-10-07T02:51:29Z INFO [1114/3795] 824e4723-11ce-4663-a0ad-a4b30ffec566: does not qualify; 1.4 s; peak memory 709 MiB.
2026-10-07T02:51:30Z INFO [1115/3795] 824eba5e-2d96-4379-b122-c75379656435: does not qualify; 1.3 s; peak memory 709 MiB.
2026-10-07T02:51:32Z INFO [1116/3795] 824ecb04-15fd-462e-8582-c5779081a841: does not qualify; 1.7 s; peak memory 709 MiB.
2026-10-07T02:51:34Z INFO [1117/3795] 824f89d9-ccd1-4b48-8510-dc82f362fc98: does not qualify; 2.3 s; peak memory 709 MiB.
2026-10-07T02:51:35Z INFO [1118/3795] 824ffbb1-dc81-48a8-b77a-60c771912a4f: does not qualify; 1.3 s; peak memory 709 MiB.
2026-10-07T02:51:37Z INFO [1119/3795] 8251cff3-04d5-489e-9f25-ff93e9ae4365: does not qualify; 1.7 s; peak memory 709 MiB.
2026-10-07T02:51:39Z INFO [1120/3795] 8252b45c-bfef-452b-86e2-742dd7c1f7a3: does not qualify; 2.4 s; peak memory 709 MiB.
2026-10-07T02:51:53Z INFO [1121/3795] 8253eb11-90ff-4bf8-93ed-19c36468dc2e: does not qualify; 14.1 s; peak memory 709 MiB.
2026-10-07T02:51:55Z INFO [1122/3795] 82542414-2296-421e-b265-4f02e9695670: does not qualify; 1.4 s; peak memory 709 MiB.
2026-10-07T02:51:58Z INFO [1123/3795] 82543713-30d1-4b55-a4ff-f36c1ad7d117: does not qualify; 3.6 s; peak memory 709 MiB.
2026-10-07T02:52:04Z INFO [1124/3795] 8255d589-6346-4e5c-bf94-8ca8f6cf11a7: qualifies; 5.6 s; peak memory 709 MiB.
2026-10-07T02:52:05Z INFO [1125/3795] 82562b5d-f9dd-40b8-98ab-f4619ca82c08: does not qualify; 1.3 s; peak memory 709 MiB.
2026-10-07T02:52:10Z INFO [1126/3795] 82569a80-75d6-4b04-ab1d-b8e2208e8a08: does not qualify; 4.5 s; peak memory 709 MiB.
2026-10-07T02:52:50Z INFO [1127/3795] 8257141c-5659-49c2-ac0c-ea9ac6cfd901: does not qualify; 40.4 s; peak memory 709 MiB.
2026-10-07T02:52:52Z INFO [1128/3795] 82574116-64f6-4aec-8c54-e5231c061c38: does not qualify; 1.5 s; peak memory 709 MiB.
2026-10-07T02:52:54Z INFO [1129/3795] 8257d2be-6304-4de9-8ff7-c2d1d48e383a: does not qualify; 2.0 s; peak memory 709 MiB.
2026-10-07T02:52:55Z INFO [1130/3795] 8259b66c-bba7-4d84-9314-c3d5b529c5fd: does not qualify; 1.1 s; peak memory 709 MiB.
2026-10-07T02:53:06Z INFO [1131/3795] 8259bb89-0757-42a8-8620-9e626cc37281: does not qualify; 10.9 s; peak memory 709 MiB.
2026-10-07T02:53:13Z INFO [1132/3795] 825a066e-c367-43d9-baf6-816c729bb831: does not qualify; 7.6 s; peak memory 709 MiB.
2026-10-07T02:53:22Z INFO [1133/3795] 825b03b6-28c7-4954-b907-14f867fa5e69: does not qualify; 8.8 s; peak memory 709 MiB.
2026-10-07T02:53:23Z INFO [1134/3795] 825b1035-892c-4066-90bf-88c662130c8e: does not qualify; 1.3 s; peak memory 709 MiB.
2026-10-07T02:53:25Z INFO [1135/3795] 825bb24d-e3c4-43fd-b5e5-71a096715205: does not qualify; 1.4 s; peak memory 709 MiB.
2026-10-07T02:53:26Z INFO [1136/3795] 825c57a5-15f8-42fa-b4aa-25be84ff1ec2: does not qualify; 1.3 s; peak memory 709 MiB.
2026-10-07T02:53:29Z INFO [1137/3795] 825c783c-14be-454b-b3f5-2e2cb6103a7c: qualifies; 2.5 s; peak memory 709 MiB.
2026-10-07T02:53:34Z INFO [1138/3795] 825ca180-cfd9-4977-8637-dca59b8311ff: qualifies; 5.4 s; peak memory 709 MiB.
2026-10-07T02:53:36Z INFO [1139/3795] 825de0f0-8058-4595-9fd8-27755b18e21e: does not qualify; 1.8 s; peak memory 709 MiB.
2026-10-07T02:53:39Z INFO [1140/3795] 825e2d97-98a6-4242-9dc4-2625afd134d5: does not qualify; 2.9 s; peak memory 709 MiB.
2026-10-07T02:53:51Z INFO [1141/3795] 825e4de3-531e-4513-830e-826a846e188b: does not qualify; 12.2 s; peak memory 709 MiB.
2026-10-07T02:53:53Z INFO [1142/3795] 825e8880-cb0d-4379-8a71-3c2555924b1c: does not qualify; 1.7 s; peak memory 709 MiB.
2026-10-07T02:54:05Z INFO [1143/3795] 825ed9e6-1100-42c1-a907-27fc5f29ba1d: does not qualify; 12.5 s; peak memory 709 MiB.
2026-10-07T02:54:08Z INFO [1144/3795] 825f046a-1553-4ebe-bae9-659bfbc60eb7: does not qualify; 2.5 s; peak memory 709 MiB.
2026-10-07T02:54:09Z INFO [1145/3795] 8260128c-e9ce-443c-bee0-51960bc32ae0: does not qualify; 1.0 s; peak memory 709 MiB.
2026-10-07T02:54:11Z INFO [1146/3795] 82601296-9131-4921-ae4a-20546cb314bd: does not qualify; 2.1 s; peak memory 709 MiB.
2026-10-07T02:54:18Z INFO [1147/3795] 82615553-0e16-4d9a-832e-5405e1188ca0: does not qualify; 6.9 s; peak memory 709 MiB.
2026-10-07T02:54:19Z INFO [1148/3795] 8261a92f-423d-4a43-8f81-7747988ff434: does not qualify; 1.6 s; peak memory 709 MiB.
2026-10-07T02:54:21Z INFO [1149/3795] 82626363-194f-4d74-bc4f-c1402af1aea1: does not qualify; 1.5 s; peak memory 709 MiB.
2026-10-07T02:54:23Z INFO [1150/3795] 82637786-e3ca-4083-a381-aecdea9aac0b: does not qualify; 1.8 s; peak memory 709 MiB.
2026-10-07T02:54:23Z INFO [1150/3795] 82637786-e3ca-4083-a381-aecdea9aac0b: checkpointed 91269 records.
2026-10-07T02:54:24Z INFO [1151/3795] 82640c4f-7361-42d1-9c19-03f27a52b748: does not qualify; 1.7 s; peak memory 709 MiB.
2026-10-07T02:54:26Z INFO [1152/3795] 8264bf01-eb24-4c67-b8d7-24c4fe7ec833: does not qualify; 2.0 s; peak memory 709 MiB.
2026-10-07T02:54:28Z INFO [1153/3795] 82652f39-002c-4b78-aeff-5c8e63ff597c: does not qualify; 1.7 s; peak memory 709 MiB.
2026-10-07T02:54:29Z INFO [1154/3795] 8265ce87-5f4a-4786-a62a-6740ba2d8934: does not qualify; 1.3 s; peak memory 709 MiB.
2026-10-07T02:54:30Z INFO [1155/3795] 8267124d-d4c3-4dee-b909-6de385a9ddc8: does not qualify; 1.1 s; peak memory 709 MiB.
2026-10-07T02:54:32Z INFO [1156/3795] 8267f296-03df-4866-85e0-fd94971f59e2: does not qualify; 1.2 s; peak memory 709 MiB.
2026-10-07T02:54:34Z INFO [1157/3795] 8267fbca-d041-49c1-af47-6013c7ce0f5b: does not qualify; 2.0 s; peak memory 709 MiB.
2026-10-07T02:54:35Z INFO [1158/3795] 82680a65-c469-47da-9365-e212bd366a6d: does not qualify; 1.2 s; peak memory 709 MiB.
2026-10-07T02:54:36Z INFO [1159/3795] 8268e74e-65f2-489d-b43e-b5495567717a: does not qualify; 1.4 s; peak memory 709 MiB.
2026-10-07T02:54:40Z INFO [1160/3795] 826918f8-b85d-4ef3-ac53-aa97d38a2fd2: does not qualify; 3.3 s; peak memory 709 MiB.
2026-10-07T02:54:44Z INFO [1161/3795] 82692515-5f50-424f-97e4-eb663c348a0b: does not qualify; 4.3 s; peak memory 709 MiB.
2026-10-07T02:54:45Z INFO [1162/3795] 8269ba97-bf6e-46a2-8432-18b2d79a4ee5: does not qualify; 1.3 s; peak memory 709 MiB.
2026-10-07T02:54:46Z INFO [1163/3795] 826a0d67-a235-4523-9c1e-e26561c95f8e: does not qualify; 1.1 s; peak memory 709 MiB.
2026-10-07T02:54:47Z INFO [1164/3795] 826a7087-239d-4ffd-a4ad-ccbd56b35ee8: does not qualify; 1.3 s; peak memory 709 MiB.
2026-10-07T02:54:49Z INFO [1165/3795] 826b8716-43b6-4f2d-9712-5ef22e41bba1: does not qualify; 1.8 s; peak memory 709 MiB.
2026-10-07T02:54:52Z INFO [1166/3795] 826d322d-f4bd-49d0-ab6c-881d877f68dc: does not qualify; 2.5 s; peak memory 709 MiB.
2026-10-07T02:54:58Z INFO [1167/3795] 826d3466-0392-4587-86aa-b0d7845063d8: does not qualify; 6.4 s; peak memory 709 MiB.
2026-10-07T02:55:04Z INFO [1168/3795] 826d7b0e-c7bf-438e-96a4-e41f1e66a981: does not qualify; 6.2 s; peak memory 709 MiB.
2026-10-07T02:55:06Z INFO [1169/3795] 826de69d-f1ba-42cb-a0a0-873ecbf953ed: does not qualify; 1.9 s; peak memory 709 MiB.
2026-10-07T02:55:09Z INFO [1170/3795] 826f3a91-20ce-496b-bc04-6186be43fff4: does not qualify; 2.8 s; peak memory 709 MiB.
2026-10-07T02:55:11Z INFO [1171/3795] 826fbaf7-a555-4643-82e1-7f730b32b689: does not qualify; 1.9 s; peak memory 709 MiB.
2026-10-07T02:55:19Z INFO [1172/3795] 82707074-59a6-447d-a784-38602502f12c: does not qualify; 7.5 s; peak memory 709 MiB.
2026-10-07T02:55:20Z INFO [1173/3795] 8270b257-8bb0-4550-a23e-3a45772a5af6: does not qualify; 1.9 s; peak memory 709 MiB.
2026-10-07T02:55:22Z INFO [1174/3795] 82712c6f-5738-402e-baeb-85b68325c667: does not qualify; 1.3 s; peak memory 709 MiB.
2026-10-07T02:55:23Z INFO [1175/3795] 8271daff-6944-4b13-b1b6-a6c96d7d4335: does not qualify; 1.3 s; peak memory 709 MiB.
2026-10-07T02:55:25Z INFO [1176/3795] 82729101-23d7-4bc2-9a11-5ac8e21ccbbf: does not qualify; 1.6 s; peak memory 709 MiB.
2026-10-07T02:55:26Z INFO [1177/3795] 827362f3-da93-4f1a-9c00-032842ba3819: does not qualify; 1.3 s; peak memory 709 MiB.
2026-10-07T02:55:27Z INFO [1178/3795] 8273c10e-859a-4a5e-87b6-99c7036825d7: does not qualify; 1.3 s; peak memory 709 MiB.
2026-10-07T02:55:29Z INFO [1179/3795] 82745731-036e-44c9-b810-329941b6e880: does not qualify; 1.3 s; peak memory 709 MiB.
2026-10-07T02:55:30Z INFO [1180/3795] 82752eae-3801-4b86-aaf3-ba7f0ed2f319: does not qualify; 1.3 s; peak memory 709 MiB.
2026-10-07T02:55:32Z INFO [1181/3795] 8275980f-aea6-4f8f-81da-b24c80ac9888: does not qualify; 1.7 s; peak memory 709 MiB.
2026-10-07T02:55:36Z INFO [1182/3795] 8276954a-5182-4c0a-8418-eb6b70c2915e: does not qualify; 4.6 s; peak memory 709 MiB.
2026-10-07T02:55:38Z INFO [1183/3795] 8276cc62-ff29-4422-87a8-c87add4bc5d8: does not qualify; 1.6 s; peak memory 709 MiB.
2026-10-07T02:55:39Z INFO [1184/3795] 82773492-4169-4886-bcfd-1152751f42b7: does not qualify; 1.3 s; peak memory 709 MiB.
2026-10-07T02:55:42Z INFO [1185/3795] 8277dd25-249c-4517-bd4a-fe575c655657: does not qualify; 3.2 s; peak memory 709 MiB.
2026-10-07T02:55:44Z INFO [1186/3795] 8278250b-f172-4ea2-89a2-c28df65cc8a2: does not qualify; 1.5 s; peak memory 709 MiB.
2026-10-07T02:55:45Z INFO [1187/3795] 8278a090-97fe-47e9-8547-41acf6b8ada5: does not qualify; 1.2 s; peak memory 709 MiB.
2026-10-07T02:55:52Z INFO [1188/3795] 8278dc10-a432-482b-9919-0035871e9a6a: does not qualify; 6.9 s; peak memory 709 MiB.
2026-10-07T02:55:55Z INFO [1189/3795] 82790313-aecc-4bd7-8e9a-58f664c5d623: does not qualify; 3.6 s; peak memory 709 MiB.
2026-10-07T02:55:57Z INFO [1190/3795] 827960ad-38e1-4514-88d5-564b90d1e4a7: does not qualify; 1.8 s; peak memory 709 MiB.
2026-10-07T02:55:59Z INFO [1191/3795] 8279755c-7e3e-476b-b838-2243dc260144: does not qualify; 1.3 s; peak memory 709 MiB.
2026-10-07T02:56:04Z INFO [1192/3795] 827b2a21-b53b-4b06-8818-a25bfeca1a94: does not qualify; 5.3 s; peak memory 709 MiB.
2026-10-07T02:56:06Z INFO [1193/3795] 827b56cd-8f2f-4806-af8e-f3793432d334: does not qualify; 2.1 s; peak memory 709 MiB.
2026-10-07T02:56:08Z INFO [1194/3795] 827e1156-162b-4977-a6ee-6724ac878677: does not qualify; 1.7 s; peak memory 709 MiB.
2026-10-07T02:56:09Z INFO [1195/3795] 827fb658-5d95-457a-9993-8e3ed9a590bf: does not qualify; 1.1 s; peak memory 709 MiB.
2026-10-07T02:56:10Z INFO [1196/3795] 82800047-c6dc-4283-b072-f21d441a8320: does not qualify; 1.6 s; peak memory 709 MiB.
2026-10-07T02:56:14Z INFO [1197/3795] 82803a6c-f568-4c63-8b1b-adfa9fb34170: does not qualify; 3.2 s; peak memory 709 MiB.
2026-10-07T02:56:15Z INFO [1198/3795] 82803e2b-ce3b-4e31-91a1-f3d3d7ab36b0: does not qualify; 1.3 s; peak memory 709 MiB.
2026-10-07T02:56:17Z INFO [1199/3795] 828078e6-2a9a-40f9-99fb-6dc3e9cb3c58: does not qualify; 1.9 s; peak memory 709 MiB.
2026-10-07T02:56:19Z INFO [1200/3795] 8281e5c6-8dd5-4a29-840c-3729dc1eb851: does not qualify; 1.8 s; peak memory 709 MiB.
2026-10-07T02:56:19Z INFO [1200/3795] 8281e5c6-8dd5-4a29-840c-3729dc1eb851: checkpointed 91319 records.
2026-10-07T02:56:29Z INFO [1201/3795] 8281e753-e293-4e3b-aab6-14234ac0ef89: does not qualify; 10.5 s; peak memory 709 MiB.
2026-10-07T02:56:31Z INFO [1202/3795] 828272ee-c93c-4ffb-89d5-1d568ef315ed: does not qualify; 1.3 s; peak memory 709 MiB.
2026-10-07T02:56:37Z INFO [1203/3795] 82830d71-289b-4f22-a22a-f7c5a0f66f8e: qualifies; 6.1 s; peak memory 709 MiB.
2026-10-07T02:56:48Z INFO [1204/3795] 8284424e-048e-42cc-8769-950328bcf8cf: does not qualify; 11.2 s; peak memory 709 MiB.
2026-10-07T02:56:50Z INFO [1205/3795] 82847f57-8772-4b28-a2f8-b244696533fc: does not qualify; 2.1 s; peak memory 709 MiB.
2026-10-07T02:56:55Z INFO [1206/3795] 82852581-30fd-44ad-bd69-dc634014cdb7: does not qualify; 4.6 s; peak memory 709 MiB.
2026-10-07T02:56:59Z INFO [1207/3795] 82855dbf-5977-441d-92ef-0384734d4034: does not qualify; 4.8 s; peak memory 709 MiB.
2026-10-07T02:57:01Z INFO [1208/3795] 8285dc37-ba23-48e6-b965-83d7915b7c15: does not qualify; 1.3 s; peak memory 709 MiB.
2026-10-07T02:57:07Z INFO [1209/3795] 8286a2a3-8dec-48c6-8629-51de19a79d30: does not qualify; 6.6 s; peak memory 709 MiB.
2026-10-07T02:57:09Z INFO [1210/3795] 828740e1-c7e2-470f-aec5-e952520a725b: does not qualify; 1.5 s; peak memory 709 MiB.
2026-10-07T02:57:19Z INFO [1211/3795] 8287875c-7393-4360-a072-7b985e38ca67: does not qualify; 10.8 s; peak memory 709 MiB.
2026-10-07T02:57:26Z INFO [1212/3795] 8287ec9f-bbcf-4d47-b538-6ffedb0b1c63: does not qualify; 6.4 s; peak memory 709 MiB.
2026-10-07T02:57:28Z INFO [1213/3795] 828808a1-9acc-446a-bfde-7682f5113f80: does not qualify; 2.0 s; peak memory 709 MiB.
2026-10-07T02:57:30Z INFO [1214/3795] 828879b1-4c96-4354-b544-17ce6169c4be: does not qualify; 1.8 s; peak memory 709 MiB.
2026-10-07T02:57:31Z INFO [1215/3795] 82890d90-62d8-46b3-b241-e4a92b4b7060: does not qualify; 1.8 s; peak memory 709 MiB.
2026-10-07T02:57:33Z INFO [1216/3795] 828a8f60-0802-4bc3-838b-ad4ce8693219: does not qualify; 1.5 s; peak memory 709 MiB.
2026-10-07T02:57:35Z INFO [1217/3795] 828ce90d-54b5-49b5-9367-c5cfcb68f8b9: does not qualify; 1.6 s; peak memory 709 MiB.
2026-10-07T02:57:35Z INFO [1218/3795] 828d0bf8-d51c-4aaa-95d7-d7a9cb0a3bc4: does not qualify; 1.0 s; peak memory 709 MiB.
2026-10-07T02:57:37Z INFO [1219/3795] 828d43ee-bafc-4170-b0be-ae50018c2027: does not qualify; 1.1 s; peak memory 709 MiB.
2026-10-07T02:57:39Z INFO [1220/3795] 828e122d-e01b-41f4-9a11-5a515ab07914: does not qualify; 2.9 s; peak memory 709 MiB.
2026-10-07T02:57:41Z INFO [1221/3795] 828e1c91-3f27-49a4-860b-5cce70aec5ee: does not qualify; 1.1 s; peak memory 709 MiB.
2026-10-07T02:57:42Z INFO [1222/3795] 828fc8ae-8da6-4b02-b290-88a9f962eb83: does not qualify; 1.5 s; peak memory 709 MiB.
2026-10-07T02:57:52Z INFO [1223/3795] 829019a6-3f30-49ec-ad28-4d283989d8d6: does not qualify; 9.9 s; peak memory 709 MiB.
2026-10-07T02:57:53Z INFO [1224/3795] 8290e8ad-f0fb-4ced-8229-6212ac26aec4: does not qualify; 1.6 s; peak memory 709 MiB.
2026-10-07T02:58:02Z INFO [1225/3795] 82931a71-a308-43c6-bd55-3925a5d49356: does not qualify; 8.3 s; peak memory 709 MiB.
2026-10-07T02:58:04Z INFO [1226/3795] 8294264d-6d97-4a87-b812-ca3e080de45f: does not qualify; 2.3 s; peak memory 709 MiB.
2026-10-07T02:58:05Z INFO [1227/3795] 82943f29-dd73-46e3-b26a-868fb65977ac: does not qualify; 1.2 s; peak memory 709 MiB.
2026-10-07T02:58:19Z INFO [1228/3795] 8294980a-d82d-4f9c-8a50-2c562a615b9f: does not qualify; 13.3 s; peak memory 709 MiB.
2026-10-07T02:58:20Z INFO [1229/3795] 8295c5c6-bc43-456f-b13d-6dc1ada328ff: does not qualify; 1.8 s; peak memory 709 MiB.
2026-10-07T02:58:27Z INFO [1230/3795] 8295ce79-2ffc-437a-b90f-a281d5dd6cd6: qualifies; 6.9 s; peak memory 709 MiB.
2026-10-07T02:58:44Z INFO [1231/3795] 8295eddb-0b31-48a2-8fad-d856c91173f0: does not qualify; 16.4 s; peak memory 709 MiB.
2026-10-07T02:58:55Z INFO [1232/3795] 82962959-0ede-4716-94bb-501fea0419b9: does not qualify; 11.1 s; peak memory 709 MiB.
2026-10-07T02:58:58Z INFO [1233/3795] 82966fbd-1a01-43f1-8bf0-3d86cb3d8c8b: does not qualify; 3.4 s; peak memory 709 MiB.
2026-10-07T02:59:01Z INFO [1234/3795] 82966fd1-ba41-4e07-8c33-dfd89c5a5851: does not qualify; 3.3 s; peak memory 709 MiB.
2026-10-07T02:59:10Z INFO [1235/3795] 8296ba34-dcc3-4134-a9b0-633f5399739f: does not qualify; 8.5 s; peak memory 709 MiB.
2026-10-07T02:59:11Z INFO [1236/3795] 8296d8ad-73b9-442b-a5e1-e700293a7739: does not qualify; 1.2 s; peak memory 709 MiB.
2026-10-07T02:59:13Z INFO [1237/3795] 8296dbc2-90b0-4b7c-8443-8525bcf419ed: does not qualify; 1.9 s; peak memory 709 MiB.
2026-10-07T02:59:16Z INFO [1238/3795] 82983627-8f62-4ea7-a612-2f8b2f27cfdf: does not qualify; 3.2 s; peak memory 709 MiB.
2026-10-07T02:59:18Z INFO [1239/3795] 829a9200-51ce-4175-9bc2-8bf8de5b6415: does not qualify; 1.3 s; peak memory 709 MiB.
2026-10-07T02:59:19Z INFO [1240/3795] 829ad594-2b81-4b40-8fee-5ee800809511: does not qualify; 1.3 s; peak memory 709 MiB.
2026-10-07T02:59:20Z INFO [1241/3795] 829b0540-4d4b-4ba9-8be6-0b6be79be2e4: does not qualify; 1.3 s; peak memory 709 MiB.
2026-10-07T02:59:21Z INFO [1242/3795] 829b13e6-0316-4b06-9c7d-17ff3862824d: does not qualify; 1.1 s; peak memory 709 MiB.
2026-10-07T02:59:22Z INFO [1243/3795] 829b8601-25c5-45b0-a12e-43646cffb612: does not qualify; 1.3 s; peak memory 709 MiB.
2026-10-07T02:59:26Z INFO [1244/3795] 829cc83a-4603-4e3d-936f-484bcf06cbcb: does not qualify; 3.2 s; peak memory 709 MiB.
2026-10-07T02:59:27Z INFO [1245/3795] 829ce817-6519-4690-9ee1-9d4499c7d10c: does not qualify; 1.6 s; peak memory 709 MiB.
2026-10-07T02:59:29Z INFO [1246/3795] 829d64ce-a9ab-4524-98b3-125a23b72652: does not qualify; 1.4 s; peak memory 709 MiB.
2026-10-07T02:59:40Z INFO [1247/3795] 829e7591-cb2c-4360-a07f-10a2461528a3: does not qualify; 11.1 s; peak memory 709 MiB.
2026-10-07T02:59:42Z INFO [1248/3795] 829eea01-edc9-4f4e-acee-efaca600a2cc: does not qualify; 2.1 s; peak memory 709 MiB.
2026-10-07T02:59:48Z INFO [1249/3795] 829f2470-0d82-4198-8659-d822965d031d: does not qualify; 6.4 s; peak memory 709 MiB.
2026-10-07T02:59:50Z INFO [1250/3795] 829f3e71-8eec-4fb3-a0a6-123e42ff3aef: does not qualify; 1.3 s; peak memory 709 MiB.
2026-10-07T02:59:50Z INFO [1250/3795] 829f3e71-8eec-4fb3-a0a6-123e42ff3aef: checkpointed 91369 records.
2026-10-07T02:59:52Z INFO [1251/3795] 829f4273-54d5-40e5-8691-39e771755b26: does not qualify; 2.1 s; peak memory 709 MiB.
2026-10-07T02:59:54Z INFO [1252/3795] 829f9cef-2425-43cb-a7e0-40160a6a9d29: does not qualify; 2.4 s; peak memory 709 MiB.
2026-10-07T02:59:56Z INFO [1253/3795] 829faa00-fcf3-408a-9ea4-bec67a790199: does not qualify; 1.7 s; peak memory 709 MiB.
2026-10-07T02:59:57Z INFO [1254/3795] 82a029b7-8b07-4e66-8c7f-a840d218bfef: does not qualify; 1.3 s; peak memory 709 MiB.
2026-10-07T03:00:02Z INFO [1255/3795] 82a138f9-f462-4791-ba0a-afefcd25cbca: does not qualify; 4.5 s; peak memory 709 MiB.
2026-10-07T03:00:15Z INFO [1256/3795] 82a262a0-4465-4059-9b4f-5ed136fa2726: does not qualify; 13.0 s; peak memory 709 MiB.
2026-10-07T03:00:16Z INFO [1257/3795] 82a347ce-0a3b-4ec7-8181-4d49a1110549: does not qualify; 1.6 s; peak memory 709 MiB.
2026-10-07T03:00:18Z INFO [1258/3795] 82a393bb-e745-4299-8fe3-e990cf015dce: does not qualify; 1.2 s; peak memory 709 MiB.
2026-10-07T03:00:19Z INFO [1259/3795] 82a40ae0-81c1-4ad8-863d-6ef3d4e3f57a: does not qualify; 1.4 s; peak memory 709 MiB.
2026-10-07T03:00:20Z INFO [1260/3795] 82a45ede-2078-4143-ac38-9e110c09336b: does not qualify; 1.3 s; peak memory 709 MiB.
2026-10-07T03:00:22Z INFO [1261/3795] 82a4c6f1-8a67-4ae0-a3ca-3a7b5511527a: does not qualify; 1.9 s; peak memory 709 MiB.
2026-10-07T03:00:29Z INFO [1262/3795] 82a5dd4d-44d6-4cc2-b473-d16c9583c9d2: does not qualify; 6.8 s; peak memory 709 MiB.
2026-10-07T03:00:31Z INFO [1263/3795] 82a7b3ff-fcd5-4c38-af48-413efa35e7a0: does not qualify; 1.8 s; peak memory 709 MiB.
2026-10-07T03:00:32Z INFO [1264/3795] 82a7ffd8-cb8d-4dcb-884f-5838b27f8da6: does not qualify; 1.6 s; peak memory 709 MiB.
2026-10-07T03:00:52Z INFO [1265/3795] 82a8e51c-09e5-4f90-9b27-86bbfb749aeb: does not qualify; 19.5 s; peak memory 709 MiB.
2026-10-07T03:00:59Z INFO [1266/3795] 82a903cc-9b70-43bf-bfc4-5f6ede8ba479: does not qualify; 7.6 s; peak memory 709 MiB.
2026-10-07T03:01:06Z INFO [1267/3795] 82aa3a7c-1686-4e70-b16d-3df019020884: does not qualify; 6.1 s; peak memory 709 MiB.
2026-10-07T03:01:07Z INFO [1268/3795] 82aaaeea-9de5-43ae-9fb9-d7bee854aeb4: does not qualify; 1.7 s; peak memory 709 MiB.
2026-10-07T03:01:09Z INFO [1269/3795] 82acbd40-2bbd-4120-bbef-1869fb1e76a2: does not qualify; 1.4 s; peak memory 709 MiB.
2026-10-07T03:01:10Z INFO [1270/3795] 82acbe33-58c9-4f5f-a893-9b7c2e8624fd: does not qualify; 1.4 s; peak memory 709 MiB.
2026-10-07T03:01:12Z INFO [1271/3795] 82acd3d9-46b3-4282-9176-dd55a15ccf78: does not qualify; 2.3 s; peak memory 709 MiB.
2026-10-07T03:01:14Z INFO [1272/3795] 82ae3e5e-984a-4037-b086-a77b62a5d2f1: does not qualify; 1.8 s; peak memory 709 MiB.
2026-10-07T03:01:21Z INFO [1273/3795] 82aeeaf7-261c-482e-b2c1-28675f2dfbd1: does not qualify; 6.5 s; peak memory 709 MiB.
2026-10-07T03:01:30Z INFO [1274/3795] 82afdbb9-3252-43d8-bc6a-ee8b5549eb70: does not qualify; 9.7 s; peak memory 709 MiB.
2026-10-07T03:01:32Z INFO [1275/3795] 82afe0f3-dd7a-43f8-9163-0a360907a4fd: does not qualify; 2.0 s; peak memory 709 MiB.
2026-10-07T03:01:34Z INFO [1276/3795] 82b15016-7cbf-480b-aeb9-70ab87ab862a: does not qualify; 1.5 s; peak memory 709 MiB.
2026-10-07T03:01:35Z INFO [1277/3795] 82b1c1ea-7432-4b51-91cc-46f44175ea5c: does not qualify; 1.5 s; peak memory 709 MiB.
2026-10-07T03:01:37Z INFO [1278/3795] 82b23474-8839-4c0d-8c54-e23eba9a1ede: does not qualify; 1.6 s; peak memory 709 MiB.
2026-10-07T03:01:38Z INFO [1279/3795] 82b48852-1cbd-42e4-baf9-4d0d3929da34: does not qualify; 1.4 s; peak memory 709 MiB.
2026-10-07T03:01:49Z INFO [1280/3795] 82b529b9-df58-4adb-8fc0-a9c7e3245892: does not qualify; 11.1 s; peak memory 709 MiB.
2026-10-07T03:01:51Z INFO [1281/3795] 82b54384-4b0b-49de-85a6-71b6b45c1108: does not qualify; 1.2 s; peak memory 709 MiB.
2026-10-07T03:01:53Z INFO [1282/3795] 82b54866-3b22-4356-8d19-b03a19e4ec4d: does not qualify; 2.9 s; peak memory 709 MiB.
2026-10-07T03:02:10Z INFO [1283/3795] 82b5ccb7-402d-49fa-80d0-cae99e2f5e7f: does not qualify; 16.1 s; peak memory 709 MiB.
2026-10-07T03:02:11Z INFO [1284/3795] 82b724b9-4378-48e6-87f5-bcd5851eb134: does not qualify; 1.6 s; peak memory 709 MiB.
2026-10-07T03:02:13Z INFO [1285/3795] 82b790f8-93b8-4299-be14-82169eeb8fd3: does not qualify; 1.8 s; peak memory 709 MiB.
2026-10-07T03:02:14Z INFO [1286/3795] 82b8f975-2167-4e02-a223-6dde3231a925: does not qualify; 1.4 s; peak memory 709 MiB.
2026-10-07T03:02:16Z INFO [1287/3795] 82ba1da4-6b4b-46c3-90f1-febc6e25a723: does not qualify; 1.6 s; peak memory 709 MiB.
2026-10-07T03:02:20Z INFO [1288/3795] 82ba6a0e-ff09-4018-a8d5-beadacc17cbc: does not qualify; 3.8 s; peak memory 709 MiB.
2026-10-07T03:02:21Z INFO [1289/3795] 82ba77ac-92fa-4a63-904b-7c6750fd00e8: does not qualify; 1.2 s; peak memory 709 MiB.
2026-10-07T03:02:22Z INFO [1290/3795] 82ba9834-580e-4c05-a2db-6e3de64c8aa2: does not qualify; 1.6 s; peak memory 709 MiB.
2026-10-07T03:02:24Z INFO [1291/3795] 82bb7937-810c-402b-b775-89951312ada1: does not qualify; 1.3 s; peak memory 709 MiB.
2026-10-07T03:02:26Z INFO [1292/3795] 82bb8260-5f45-45d4-8407-2f27aac20493: does not qualify; 2.5 s; peak memory 709 MiB.
2026-10-07T03:02:32Z INFO [1293/3795] 82bbf59d-acde-4629-909d-38742267b91d: qualifies; 5.5 s; peak memory 709 MiB.
2026-10-07T03:02:33Z INFO [1294/3795] 82bd3a13-62a8-421d-89a6-22df330495e4: does not qualify; 1.3 s; peak memory 709 MiB.
2026-10-07T03:02:34Z INFO [1295/3795] 82bd3c7f-41af-4e96-adae-16e08cd41764: does not qualify; 1.4 s; peak memory 709 MiB.
2026-10-07T03:02:37Z INFO [1296/3795] 82bda2c9-5ec2-40b8-b7d6-1d6945d5565f: does not qualify; 2.7 s; peak memory 709 MiB.
2026-10-07T03:02:49Z INFO [1297/3795] 82be1cb5-bb78-49f9-87ac-16eeaa386397: does not qualify; 11.7 s; peak memory 709 MiB.
2026-10-07T03:02:50Z INFO [1298/3795] 82c08e1f-28ee-4353-a8bf-009226a59ddf: does not qualify; 1.2 s; peak memory 709 MiB.
2026-10-07T03:02:56Z INFO [1299/3795] 82c1378a-cc85-4c6b-b0db-53358d91499d: does not qualify; 5.9 s; peak memory 709 MiB.
2026-10-07T03:02:57Z INFO [1300/3795] 82c15b91-9b56-499f-8192-dab94c008a87: does not qualify; 1.3 s; peak memory 709 MiB.
2026-10-07T03:02:57Z INFO [1300/3795] 82c15b91-9b56-499f-8192-dab94c008a87: checkpointed 91419 records.
2026-10-07T03:02:59Z INFO [1301/3795] 82c1e3ad-bef4-40a9-8778-aa9478188a22: does not qualify; 2.0 s; peak memory 709 MiB.
2026-10-07T03:03:25Z INFO [1302/3795] 82c26648-07ea-4e9d-adb4-4e143b47d375: does not qualify; 26.1 s; peak memory 709 MiB.
2026-10-07T03:03:27Z INFO [1303/3795] 82c26b4e-622b-4134-9fc9-64507a1bea2e: does not qualify; 1.3 s; peak memory 709 MiB.
2026-10-07T03:03:28Z INFO [1304/3795] 82c2c99d-b405-43da-9285-4b085e4ee5fe: does not qualify; 1.7 s; peak memory 709 MiB.
2026-10-07T03:03:30Z INFO [1305/3795] 82c3c669-ce65-4c5c-b13b-3e87af6d90d5: does not qualify; 1.3 s; peak memory 709 MiB.
2026-10-07T03:03:32Z INFO [1306/3795] 82c3ead2-ef5f-45f6-8059-12809ce63e84: does not qualify; 2.4 s; peak memory 709 MiB.
2026-10-07T03:03:34Z INFO [1307/3795] 82c479e6-eb9d-48db-9c1a-6b34f5225eb3: does not qualify; 1.5 s; peak memory 709 MiB.
2026-10-07T03:03:35Z INFO [1308/3795] 82c4a829-fccd-4eec-88a4-1120dadb17cb: does not qualify; 1.8 s; peak memory 709 MiB.
2026-10-07T03:03:37Z INFO [1309/3795] 82c4b5d4-1ea2-48ee-80da-d7f08b77c50a: does not qualify; 1.8 s; peak memory 709 MiB.
2026-10-07T03:03:39Z INFO [1310/3795] 82c4e393-93c3-40ff-9c55-18b78f257aa0: does not qualify; 1.3 s; peak memory 709 MiB.
2026-10-07T03:03:40Z INFO [1311/3795] 82c557a8-5432-432e-b34d-b612b1454ef2: does not qualify; 1.4 s; peak memory 709 MiB.
2026-10-07T03:03:41Z INFO [1312/3795] 82c60592-7508-4e23-85d3-5d1011f303e8: does not qualify; 1.3 s; peak memory 709 MiB.
2026-10-07T03:03:43Z INFO [1313/3795] 82c673d4-77a5-42f9-829f-00db40fee6da: does not qualify; 1.7 s; peak memory 709 MiB.
2026-10-07T03:03:44Z INFO [1314/3795] 82c70647-ad88-4126-a470-ea11d5d1ece5: does not qualify; 1.3 s; peak memory 709 MiB.
2026-10-07T03:03:46Z INFO [1315/3795] 82c7f1df-e1e5-458b-97de-8caab73bd35e: does not qualify; 1.8 s; peak memory 709 MiB.
2026-10-07T03:03:48Z INFO [1316/3795] 82c95928-e3f7-4cc7-a80a-5f9a8cdf32b9: does not qualify; 1.7 s; peak memory 709 MiB.
2026-10-07T03:03:49Z INFO [1317/3795] 82c9a98a-f2b8-462a-a213-e494cdb773ff: does not qualify; 1.5 s; peak memory 709 MiB.
2026-10-07T03:03:51Z INFO [1318/3795] 82ca231a-a6b9-47c8-9354-28872a862a5f: does not qualify; 1.4 s; peak memory 709 MiB.
2026-10-07T03:03:52Z INFO [1319/3795] 82ca8d0d-36a8-42b1-ad25-a55393a55f86: does not qualify; 1.3 s; peak memory 709 MiB.
2026-10-07T03:03:54Z INFO [1320/3795] 82cbe3e4-73ff-4101-af3e-c1d44adefa0f: does not qualify; 1.8 s; peak memory 709 MiB.
2026-10-07T03:03:55Z INFO [1321/3795] 82cc7b04-c775-4adf-bfe6-dee9e942ef36: does not qualify; 1.4 s; peak memory 709 MiB.
2026-10-07T03:04:04Z INFO [1322/3795] 82cd45d5-001a-4c0d-9ef9-f771c48b80d1: does not qualify; 8.8 s; peak memory 709 MiB.
2026-10-07T03:04:07Z INFO [1323/3795] 82ce1321-a6c1-41a1-8300-8cf368e318d8: does not qualify; 3.5 s; peak memory 709 MiB.
2026-10-07T03:04:09Z INFO [1324/3795] 82ce1e4c-f8be-4621-a916-90be97cb8156: does not qualify; 1.3 s; peak memory 709 MiB.
2026-10-07T03:04:10Z INFO [1325/3795] 82cfc5cd-9bd5-4a5d-b6c0-6cb08067ba0d: does not qualify; 1.4 s; peak memory 709 MiB.
2026-10-07T03:04:12Z INFO [1326/3795] 82d01947-53e4-4d08-9a98-adadf2c8ebd2: does not qualify; 2.0 s; peak memory 709 MiB.
2026-10-07T03:04:13Z INFO [1327/3795] 82d0da21-7864-45c9-aa9a-bfd0731774c0: does not qualify; 1.1 s; peak memory 709 MiB.
2026-10-07T03:04:19Z INFO [1328/3795] 82d12b86-27e6-4775-a353-3c4b13a17917: qualifies; 6.0 s; peak memory 709 MiB.
2026-10-07T03:04:21Z INFO [1329/3795] 82d1a4c9-bea2-42fe-bc29-f75ad5090ffc: does not qualify; 1.4 s; peak memory 709 MiB.
2026-10-07T03:04:22Z INFO [1330/3795] 82d1c39e-526a-4363-94ea-ed92b383bbc1: does not qualify; 1.6 s; peak memory 709 MiB.
2026-10-07T03:04:24Z INFO [1331/3795] 82d2921e-f23f-4420-b1ed-4efb719cc5d3: does not qualify; 2.2 s; peak memory 709 MiB.
2026-10-07T03:04:31Z INFO [1332/3795] 82d2d902-900b-4459-b36b-6ae5c088c0e4: does not qualify; 6.7 s; peak memory 709 MiB.
2026-10-07T03:04:33Z INFO [1333/3795] 82d3097a-ac9a-4a7a-b95f-002ed0a39b5a: does not qualify; 1.4 s; peak memory 709 MiB.
2026-10-07T03:04:34Z INFO [1334/3795] 82d38aa6-cacd-4699-863b-23c5f0b7433b: does not qualify; 1.8 s; peak memory 709 MiB.
2026-10-07T03:04:39Z INFO [1335/3795] 82d3b8d5-b17e-4682-aeee-4dfb46b9ceee: does not qualify; 4.9 s; peak memory 709 MiB.
2026-10-07T03:04:41Z INFO [1336/3795] 82d42366-54b0-482b-bde8-a9274bdab1f6: does not qualify; 1.4 s; peak memory 709 MiB.
2026-10-07T03:04:42Z INFO [1337/3795] 82d4dbb8-d25c-4284-92cb-1db3559c2219: does not qualify; 1.5 s; peak memory 709 MiB.
2026-10-07T03:04:50Z INFO [1338/3795] 82d4ea9c-b3e7-4dba-88b6-10d8f865c08b: does not qualify; 8.3 s; peak memory 709 MiB.
2026-10-07T03:04:52Z INFO [1339/3795] 82d6d70b-5e74-4567-877c-3c66199d0b5b: does not qualify; 1.4 s; peak memory 709 MiB.
2026-10-07T03:04:54Z INFO [1340/3795] 82d7d107-bf64-44dd-844f-a7ae6e10c4e3: does not qualify; 2.6 s; peak memory 709 MiB.
2026-10-07T03:04:56Z INFO [1341/3795] 82d7d2fe-9a4d-4a1c-89a6-32e6a900a973: does not qualify; 1.3 s; peak memory 709 MiB.
2026-10-07T03:04:57Z INFO [1342/3795] 82d7fbba-caf9-4bdc-91f4-249662b8a8b0: does not qualify; 1.0 s; peak memory 709 MiB.
2026-10-07T03:04:58Z INFO [1343/3795] 82d837cf-3d57-4a3c-aae5-5c4e5f05d9fd: does not qualify; 1.1 s; peak memory 709 MiB.
2026-10-07T03:05:00Z INFO [1344/3795] 82d8fa42-656c-4075-b7c6-735e8b18c766: does not qualify; 2.3 s; peak memory 709 MiB.
2026-10-07T03:05:11Z INFO [1345/3795] 82da205d-b5bb-4d22-9a30-d67f45f0b021: does not qualify; 10.4 s; peak memory 709 MiB.
2026-10-07T03:05:12Z INFO [1346/3795] 82da428a-e352-4ea2-8b13-33b361c68abb: does not qualify; 1.4 s; peak memory 709 MiB.
2026-10-07T03:05:13Z INFO [1347/3795] 82daef38-c708-4b65-b0e6-dd9973907037: does not qualify; 1.4 s; peak memory 709 MiB.
2026-10-07T03:05:24Z INFO [1348/3795] 82dafebe-c14a-4678-b48f-51f7889dfc73: does not qualify; 10.9 s; peak memory 709 MiB.
2026-10-07T03:05:25Z INFO [1349/3795] 82dc8b77-8d8f-45a3-ac94-46a9bdd55870: does not qualify; 1.1 s; peak memory 709 MiB.
2026-10-07T03:05:28Z INFO [1350/3795] 82dd68f8-acf5-49e7-b678-cc25a56de17c: does not qualify; 3.1 s; peak memory 709 MiB.
2026-10-07T03:05:29Z INFO [1350/3795] 82dd68f8-acf5-49e7-b678-cc25a56de17c: checkpointed 91469 records.
2026-10-07T03:05:35Z INFO [1351/3795] 82dd9308-3623-4101-8337-f0df51802728: does not qualify; 6.5 s; peak memory 709 MiB.
2026-10-07T03:05:37Z INFO [1352/3795] 82dd967e-9d0d-4166-adb9-a667bc8849b7: does not qualify; 1.9 s; peak memory 709 MiB.
2026-10-07T03:05:39Z INFO [1353/3795] 82ddcafe-fd94-4e2d-87a2-83a420f28fe5: does not qualify; 1.7 s; peak memory 709 MiB.
2026-10-07T03:05:48Z INFO [1354/3795] 82de40ee-e990-4f8f-b51f-e824ceea1de8: does not qualify; 9.1 s; peak memory 709 MiB.
2026-10-07T03:05:50Z INFO [1355/3795] 82de7ea3-8aaa-453d-b803-8d7dc41ec8c0: does not qualify; 1.8 s; peak memory 709 MiB.
2026-10-07T03:05:51Z INFO [1356/3795] 82dee18c-0fe5-48ed-aa5d-42cbc315e13f: does not qualify; 1.4 s; peak memory 709 MiB.
2026-10-07T03:06:01Z INFO [1357/3795] 82df8a5e-c0fa-47a5-bdb1-581bdb987111: does not qualify; 9.9 s; peak memory 709 MiB.
2026-10-07T03:06:03Z INFO [1358/3795] 82e0adc4-edf1-4ec0-9ab3-b80ffedbb98b: does not qualify; 2.5 s; peak memory 709 MiB.
2026-10-07T03:06:05Z INFO [1359/3795] 82e11a91-3410-40f9-a4c7-623b9cbe1444: does not qualify; 1.3 s; peak memory 709 MiB.
2026-10-07T03:06:06Z INFO [1360/3795] 82e201c6-4433-4eeb-aaad-390574320841: does not qualify; 1.3 s; peak memory 709 MiB.
2026-10-07T03:06:07Z INFO [1361/3795] 82e24ca2-4b01-4084-99ab-5ebdf1af785b: does not qualify; 1.2 s; peak memory 709 MiB.
2026-10-07T03:06:09Z INFO [1362/3795] 82e2859a-b949-4d33-8b11-039ee1cb2e62: does not qualify; 2.0 s; peak memory 709 MiB.
2026-10-07T03:06:11Z INFO [1363/3795] 82e2fa3f-2b09-4380-b16e-e0c2c4557d45: does not qualify; 1.3 s; peak memory 709 MiB.
2026-10-07T03:06:17Z INFO [1364/3795] 82e4c01e-c83a-497a-9752-d915052ca9a8: does not qualify; 6.7 s; peak memory 709 MiB.
2026-10-07T03:06:18Z INFO [1365/3795] 82e5b724-b33c-44e1-a155-500295a0db39: does not qualify; 1.1 s; peak memory 709 MiB.
2026-10-07T03:06:20Z INFO [1366/3795] 82e6eb3d-4d5d-4854-9496-befa5952c590: does not qualify; 1.4 s; peak memory 709 MiB.
2026-10-07T03:06:22Z INFO [1367/3795] 82e806ba-03c9-4740-8708-a5d29ea414cb: does not qualify; 2.2 s; peak memory 709 MiB.
2026-10-07T03:06:24Z INFO [1368/3795] 82e81c69-ddfd-4629-b7b6-aa1c5038bee7: does not qualify; 1.8 s; peak memory 709 MiB.
2026-10-07T03:06:30Z INFO [1369/3795] 82e8ea6d-7b65-4129-a7df-d87edfe51524: does not qualify; 6.0 s; peak memory 709 MiB.
2026-10-07T03:06:35Z INFO [1370/3795] 82eb81c8-9c0a-4c5d-a1b2-6cc64ecc4646: does not qualify; 4.8 s; peak memory 709 MiB.
2026-10-07T03:06:36Z INFO [1371/3795] 82ec3e68-2569-4317-85e1-91c2670614a1: does not qualify; 1.1 s; peak memory 709 MiB.
2026-10-07T03:06:42Z INFO [1372/3795] 82ed0192-23df-478a-8ac7-f651f987af65: does not qualify; 6.6 s; peak memory 709 MiB.
2026-10-07T03:06:46Z INFO [1373/3795] 82edc7af-0bee-4c0b-9306-6c6d282633f3: does not qualify; 3.8 s; peak memory 709 MiB.
2026-10-07T03:06:48Z INFO [1374/3795] 82edd177-478a-460a-a98a-8a561f77e89f: does not qualify; 1.5 s; peak memory 709 MiB.
2026-10-07T03:06:49Z INFO [1375/3795] 82edde3c-4c91-45fb-9037-4deab1525d90: does not qualify; 1.3 s; peak memory 709 MiB.
2026-10-07T03:06:51Z INFO [1376/3795] 82ee0dce-c14c-47d3-aaf6-f688b6230c5e: does not qualify; 1.7 s; peak memory 709 MiB.
2026-10-07T03:06:53Z INFO [1377/3795] 82ee9862-fb96-4442-99dd-38a5ec76e155: does not qualify; 2.0 s; peak memory 709 MiB.
2026-10-07T03:06:55Z INFO [1378/3795] 82ef2a4c-2180-4ceb-8028-aebb73823f5d: does not qualify; 2.0 s; peak memory 709 MiB.
2026-10-07T03:06:56Z INFO [1379/3795] 82f05cf8-d70c-4f08-b597-f78f18a0e4ef: does not qualify; 1.8 s; peak memory 709 MiB.
2026-10-07T03:06:58Z INFO [1380/3795] 82f09856-c6d5-4a87-8a74-39a4d9e162fe: does not qualify; 1.7 s; peak memory 709 MiB.
2026-10-07T03:07:32Z INFO [1381/3795] 82f1a3de-522b-4101-824c-da4c227aebb8: does not qualify; 34.0 s; peak memory 709 MiB.
2026-10-07T03:07:34Z INFO [1382/3795] 82f29f90-3374-4c10-917e-715f6f313f2a: does not qualify; 1.6 s; peak memory 709 MiB.
2026-10-07T03:07:35Z INFO [1383/3795] 82f2a83a-3cca-4df0-b021-0ee2c2332ff6: does not qualify; 1.2 s; peak memory 709 MiB.
2026-10-07T03:07:37Z INFO [1384/3795] 82f2ce2f-2df7-47eb-aac1-e2b78140bc2a: does not qualify; 2.1 s; peak memory 709 MiB.
2026-10-07T03:07:48Z INFO [1385/3795] 82f30105-93e8-49a7-8939-3287ad1030d4: does not qualify; 11.1 s; peak memory 709 MiB.
2026-10-07T03:07:56Z INFO [1386/3795] 82f30333-ad3b-4dcd-bbed-fc1b7e30c89d: does not qualify; 7.9 s; peak memory 709 MiB.
2026-10-07T03:07:58Z INFO [1387/3795] 82f3dddf-c6ff-4c74-b54b-ec2a6be3d717: does not qualify; 2.2 s; peak memory 709 MiB.
2026-10-07T03:08:00Z INFO [1388/3795] 82f3e45b-7cc7-420b-94ed-904cbbd23503: does not qualify; 1.6 s; peak memory 709 MiB.
2026-10-07T03:08:10Z INFO [1389/3795] 82f406ea-749e-4ff9-b768-d716ef327256: does not qualify; 10.5 s; peak memory 709 MiB.
2026-10-07T03:08:12Z INFO [1390/3795] 82f47313-6d09-4885-8d0b-6de15aba2abe: does not qualify; 1.3 s; peak memory 709 MiB.
2026-10-07T03:08:13Z INFO [1391/3795] 82f4c2b3-02ee-4127-af94-34498cd04021: does not qualify; 1.4 s; peak memory 709 MiB.
2026-10-07T03:08:14Z INFO [1392/3795] 82f58e9f-0b65-470a-b9be-cc05bca09d79: does not qualify; 1.2 s; peak memory 709 MiB.
2026-10-07T03:08:16Z INFO [1393/3795] 82f648e1-f906-46b3-b738-531b3dbe20aa: does not qualify; 1.7 s; peak memory 709 MiB.
2026-10-07T03:08:17Z INFO [1394/3795] 82f70959-cb3f-44ec-8543-4d933c9c0eb4: does not qualify; 1.4 s; peak memory 709 MiB.
2026-10-07T03:08:19Z INFO [1395/3795] 82f75279-a4ca-4362-8682-baa11d14c765: does not qualify; 2.2 s; peak memory 709 MiB.
2026-10-07T03:08:23Z INFO [1396/3795] 82f7d693-a739-4d46-beee-3eaf7ddaea7f: does not qualify; 3.3 s; peak memory 709 MiB.
2026-10-07T03:08:24Z INFO [1397/3795] 82f7ec61-3d53-43fe-b4b0-c967335c939e: does not qualify; 1.3 s; peak memory 709 MiB.
2026-10-07T03:08:36Z INFO [1398/3795] 82f89e87-b3eb-43a1-b453-789ecd396c14: does not qualify; 12.2 s; peak memory 709 MiB.
2026-10-07T03:08:37Z INFO [1399/3795] 82f8ad9e-f193-4df0-83ff-472478211517: does not qualify; 1.3 s; peak memory 709 MiB.
2026-10-07T03:08:40Z INFO [1400/3795] 82f8f2fc-11dd-49ac-a020-cddb17361db7: does not qualify; 2.7 s; peak memory 709 MiB.
2026-10-07T03:08:40Z INFO [1400/3795] 82f8f2fc-11dd-49ac-a020-cddb17361db7: checkpointed 91519 records.
2026-10-07T03:08:42Z INFO [1401/3795] 82f90b15-0407-4c37-b112-25d6fec8e08a: does not qualify; 1.6 s; peak memory 709 MiB.
2026-10-07T03:08:46Z INFO [1402/3795] 82f9205a-3909-49b2-a96e-f9c256b27e9c: does not qualify; 4.1 s; peak memory 709 MiB.
2026-10-07T03:08:48Z INFO [1403/3795] 82f9663b-a48a-422b-bb5f-ade575e824b7: does not qualify; 2.1 s; peak memory 709 MiB.
2026-10-07T03:08:50Z INFO [1404/3795] 82f9dced-088f-4961-8ee3-356d814160a0: does not qualify; 2.1 s; peak memory 709 MiB.
2026-10-07T03:08:54Z INFO [1405/3795] 82faae20-f32f-4d14-bc7d-aa4a11856f63: does not qualify; 3.7 s; peak memory 709 MiB.
2026-10-07T03:09:36Z INFO [1406/3795] 82fb6470-7402-4bcf-a1d0-7e8a6e0858cd: does not qualify; 41.9 s; peak memory 709 MiB.
2026-10-07T03:09:40Z INFO [1407/3795] 82fd0a4c-b388-4ca3-909e-e539792e5103: does not qualify; 4.6 s; peak memory 709 MiB.
2026-10-07T03:09:47Z INFO [1408/3795] 82fd651b-bcf0-4b0e-8c71-5e2660966420: does not qualify; 6.5 s; peak memory 709 MiB.
2026-10-07T03:09:49Z INFO [1409/3795] 82fdec40-68db-436f-b679-09a1f1038861: qualifies; 2.5 s; peak memory 709 MiB.
2026-10-07T03:09:51Z INFO [1410/3795] 82fdf896-4f56-4e62-9574-5b72ad4c2012: does not qualify; 1.3 s; peak memory 709 MiB.
2026-10-07T03:09:52Z INFO [1411/3795] 82fff7ff-7ee8-4174-a91b-370c65554aca: does not qualify; 1.4 s; peak memory 709 MiB.
2026-10-07T03:09:54Z INFO [1412/3795] 830087b4-611e-46f8-9e0c-24f289cf9751: does not qualify; 1.3 s; peak memory 709 MiB.
2026-10-07T03:09:55Z INFO [1413/3795] 83013455-fa3f-4709-8fe9-0a0b48eb89c9: does not qualify; 1.3 s; peak memory 709 MiB.
2026-10-07T03:10:06Z INFO [1414/3795] 83014e99-ce8e-4e65-9d64-56010d8e622c: does not qualify; 11.4 s; peak memory 709 MiB.
2026-10-07T03:10:08Z INFO [1415/3795] 8301cca7-9813-43d4-9bae-107520e616b3: does not qualify; 1.5 s; peak memory 709 MiB.
2026-10-07T03:10:19Z INFO [1416/3795] 830290d9-149d-4471-83ac-30a4a4a610e7: does not qualify; 11.0 s; peak memory 709 MiB.
2026-10-07T03:10:20Z INFO [1417/3795] 8302b1ef-5ca6-47ca-b7c3-801456770b61: does not qualify; 1.5 s; peak memory 709 MiB.
2026-10-07T03:10:22Z INFO [1418/3795] 8302c572-97f6-41e2-89c7-902f4fb9ed93: does not qualify; 1.9 s; peak memory 709 MiB.
2026-10-07T03:10:23Z INFO [1419/3795] 830303e3-72d7-4750-b548-e09c9ecd4c5e: does not qualify; 1.2 s; peak memory 709 MiB.
2026-10-07T03:10:25Z INFO [1420/3795] 8303c9dc-93bb-451f-b3c5-edc0f656c503: does not qualify; 1.6 s; peak memory 709 MiB.
2026-10-07T03:10:26Z INFO [1421/3795] 83042293-6043-4ac0-8a06-f5454484d7ef: does not qualify; 1.3 s; peak memory 709 MiB.
2026-10-07T03:10:43Z INFO [1422/3795] 8304b981-4255-4088-891f-12c693a61174: does not qualify; 16.8 s; peak memory 709 MiB.
2026-10-07T03:10:44Z INFO [1423/3795] 83057b8f-7243-4295-adf5-5ccd300bba02: does not qualify; 1.3 s; peak memory 709 MiB.
2026-10-07T03:10:46Z INFO [1424/3795] 83057c6c-c3a3-4eac-80cc-dbbb2909084b: does not qualify; 2.1 s; peak memory 709 MiB.
2026-10-07T03:10:48Z INFO [1425/3795] 8305b8b1-c200-49b7-9612-932e9aebf1be: does not qualify; 1.5 s; peak memory 709 MiB.
2026-10-07T03:10:49Z INFO [1426/3795] 83082fac-8e9b-48f2-b4fb-78a542eab0f6: does not qualify; 1.3 s; peak memory 709 MiB.
2026-10-07T03:10:50Z INFO [1427/3795] 8308feb9-21de-400b-9fdd-88aa86b1ffdd: does not qualify; 1.4 s; peak memory 709 MiB.
2026-10-07T03:10:52Z INFO [1428/3795] 830953b0-5e82-4200-9a9f-2d76142f94b0: does not qualify; 1.8 s; peak memory 709 MiB.
2026-10-07T03:10:54Z INFO [1429/3795] 8309e2bd-46c4-4baf-ab1b-20db127acf41: does not qualify; 1.8 s; peak memory 709 MiB.
2026-10-07T03:10:55Z INFO [1430/3795] 830a476d-2f12-4be8-bcdc-a9ae7185009d: does not qualify; 1.4 s; peak memory 709 MiB.
2026-10-07T03:11:04Z INFO [1431/3795] 830afdd3-5e21-4ae2-b1af-78de592eb530: does not qualify; 8.6 s; peak memory 709 MiB.
2026-10-07T03:11:08Z INFO [1432/3795] 830aff77-699e-478a-bdb6-de3ae542c842: does not qualify; 4.0 s; peak memory 709 MiB.
2026-10-07T03:11:09Z INFO [1433/3795] 830bd656-c440-43f2-acdd-e88457a0d6c3: does not qualify; 1.1 s; peak memory 709 MiB.
2026-10-07T03:11:11Z INFO [1434/3795] 830c6c01-e5e8-40b9-9442-2d6774006b31: does not qualify; 1.5 s; peak memory 709 MiB.
2026-10-07T03:11:12Z INFO [1435/3795] 830d72cb-f267-4a25-943b-62d579351ca4: does not qualify; 1.6 s; peak memory 709 MiB.
2026-10-07T03:11:14Z INFO [1436/3795] 830d9c3d-d424-4efa-965b-5c4b55f780f1: does not qualify; 1.2 s; peak memory 709 MiB.
2026-10-07T03:16:00Z INFO [1437/3795] 830db29b-e939-4375-a7df-a31d06d6d9a4: does not qualify; 286.3 s; peak memory 861 MiB.
2026-10-07T03:16:02Z INFO [1438/3795] 830e3c5c-cce7-4299-a42a-8b6e5dce3ca7: does not qualify; 2.1 s; peak memory 861 MiB.
2026-10-07T03:16:14Z INFO [1439/3795] 830ef7a3-8a95-449e-9715-8b1d28ae4e86: does not qualify; 12.4 s; peak memory 861 MiB.
2026-10-07T03:16:17Z INFO [1440/3795] 830f295e-7733-411f-9475-996553fb4592: does not qualify; 2.3 s; peak memory 861 MiB.
2026-10-07T03:16:18Z INFO [1441/3795] 830f48e7-da83-4c7f-b28a-0bb65e1df4b7: does not qualify; 1.6 s; peak memory 861 MiB.
2026-10-07T03:16:21Z INFO [1442/3795] 83102fa4-842c-4c7b-b6cf-b84f42fbdabb: does not qualify; 3.1 s; peak memory 861 MiB.
2026-10-07T03:16:23Z INFO [1443/3795] 831032eb-5a7d-4374-856a-4eef5c528016: does not qualify; 1.9 s; peak memory 861 MiB.
2026-10-07T03:16:27Z INFO [1444/3795] 8310b8d7-79ba-4022-b540-db54d18eaa9a: qualifies; 3.4 s; peak memory 861 MiB.
2026-10-07T03:16:35Z INFO [1445/3795] 8310f16e-8488-48a8-af55-7f6fe02b6810: does not qualify; 8.0 s; peak memory 861 MiB.
2026-10-07T03:16:36Z INFO [1446/3795] 8310f271-c618-428a-a7bb-5aedb9eee642: does not qualify; 1.3 s; peak memory 861 MiB.
2026-10-07T03:16:38Z INFO [1447/3795] 8311f0b8-6315-4d31-85c0-d05d5c7d691b: does not qualify; 2.0 s; peak memory 861 MiB.
2026-10-07T03:16:49Z INFO [1448/3795] 8313470d-e655-4497-ba7f-4ab03d6b7d41: does not qualify; 11.2 s; peak memory 861 MiB.
2026-10-07T03:16:51Z INFO [1449/3795] 83145866-df65-48a2-a2c9-a66974b383f7: does not qualify; 1.6 s; peak memory 861 MiB.
2026-10-07T03:16:52Z INFO [1450/3795] 83147cb2-8919-4035-b5f4-693e0eabe0ec: does not qualify; 1.6 s; peak memory 861 MiB.
2026-10-07T03:16:52Z INFO [1450/3795] 83147cb2-8919-4035-b5f4-693e0eabe0ec: checkpointed 91569 records.
2026-10-07T03:16:54Z INFO [1451/3795] 8314c65c-39e0-4b73-b978-06284e35f744: does not qualify; 1.3 s; peak memory 861 MiB.
2026-10-07T03:16:55Z INFO [1452/3795] 83155227-21d1-46d3-b4c9-3ba3ee311a5d: does not qualify; 1.7 s; peak memory 861 MiB.
2026-10-07T03:16:56Z INFO [1453/3795] 83157aee-cfd8-418d-a729-0efc32626978: does not qualify; 1.1 s; peak memory 861 MiB.
2026-10-07T03:16:57Z INFO [1454/3795] 83158b1c-ed28-4591-945d-d6c286e16ae6: does not qualify; 1.0 s; peak memory 861 MiB.
2026-10-07T03:17:00Z INFO [1455/3795] 83161a66-319d-4da9-a3ad-4e8a1dd86360: does not qualify; 2.4 s; peak memory 861 MiB.
2026-10-07T03:17:02Z INFO [1456/3795] 8316280a-b4c1-4b4d-8cf4-4240cfe7f981: does not qualify; 2.5 s; peak memory 861 MiB.
2026-10-07T03:17:04Z INFO [1457/3795] 8316b795-d0ff-4672-8e39-dde35b0e65b0: does not qualify; 1.7 s; peak memory 861 MiB.
2026-10-07T03:17:05Z INFO [1458/3795] 83173f80-ea58-4c48-9027-f5fa6a9b3a49: does not qualify; 1.2 s; peak memory 861 MiB.
2026-10-07T03:17:08Z INFO [1459/3795] 8317ae5c-c4c5-4bfb-a133-7aa3ebdf95f6: does not qualify; 2.6 s; peak memory 861 MiB.
2026-10-07T03:17:10Z INFO [1460/3795] 83182ddb-7e42-4075-b5a5-b630cf59b63c: does not qualify; 2.5 s; peak memory 861 MiB.
2026-10-07T03:17:12Z INFO [1461/3795] 83187985-ade3-4b21-a875-807aedb2b973: does not qualify; 1.3 s; peak memory 861 MiB.
2026-10-07T03:17:13Z INFO [1462/3795] 83199fdb-c786-443e-a305-fc90f3a29e5b: does not qualify; 1.7 s; peak memory 861 MiB.
2026-10-07T03:17:15Z INFO [1463/3795] 8319ee6f-6210-4dd3-a81d-85ba275d5da6: does not qualify; 1.4 s; peak memory 861 MiB.
2026-10-07T03:17:16Z INFO [1464/3795] 831a47a5-e43c-43d6-b047-b581f7f2a6e4: does not qualify; 1.8 s; peak memory 861 MiB.
2026-10-07T03:17:29Z INFO [1465/3795] 831b66ef-42e2-40c1-ba3c-dcfa19ac4569: does not qualify; 12.0 s; peak memory 861 MiB.
2026-10-07T03:17:35Z INFO [1466/3795] 831be9cb-ea35-4727-aa99-367d3f398131: does not qualify; 6.5 s; peak memory 861 MiB.
2026-10-07T03:17:36Z INFO [1467/3795] 831c0bd3-7d75-4497-9d0e-32aee0ee2b33: does not qualify; 1.0 s; peak memory 861 MiB.
2026-10-07T03:17:37Z INFO [1468/3795] 831c4345-b346-4640-9506-63a5ca63e73a: does not qualify; 1.4 s; peak memory 861 MiB.
2026-10-07T03:17:39Z INFO [1469/3795] 831c5e4f-2be6-4ac0-b063-d5454021fdf1: does not qualify; 1.3 s; peak memory 861 MiB.
2026-10-07T03:17:40Z INFO [1470/3795] 831cde6f-d87b-466d-b058-c1da21c92954: does not qualify; 1.3 s; peak memory 861 MiB.
2026-10-07T03:17:42Z INFO [1471/3795] 831d8649-7256-411c-a50a-cf613ae395a3: does not qualify; 1.6 s; peak memory 861 MiB.
2026-10-07T03:17:53Z INFO [1472/3795] 831efaa7-ad8b-4437-a53c-d8c72473bf61: does not qualify; 10.9 s; peak memory 861 MiB.
2026-10-07T03:17:54Z INFO [1473/3795] 831f94a9-df85-40f4-acf1-27b6739e6a39: does not qualify; 1.8 s; peak memory 861 MiB.
2026-10-07T03:18:03Z INFO [1474/3795] 83204c38-998c-4099-ad4e-5dc6f8325531: does not qualify; 8.5 s; peak memory 861 MiB.
2026-10-07T03:18:05Z INFO [1475/3795] 83204f00-a48e-4ab8-8135-151f50cd7616: does not qualify; 2.5 s; peak memory 861 MiB.
2026-10-07T03:18:07Z INFO [1476/3795] 8320503b-eff8-4705-86cd-d1fe25ea5a95: does not qualify; 1.3 s; peak memory 861 MiB.
2026-10-07T03:18:08Z INFO [1477/3795] 8320b279-ec9c-42e4-af7a-d03ca07e0747: does not qualify; 1.2 s; peak memory 861 MiB.
2026-10-07T03:18:10Z INFO [1478/3795] 83213b3d-11b8-4c8d-a4c4-feb5c42a0be1: does not qualify; 2.0 s; peak memory 861 MiB.
2026-10-07T03:18:11Z INFO [1479/3795] 83219de1-514a-4eb0-978f-6248e5eb95ac: does not qualify; 1.4 s; peak memory 861 MiB.
2026-10-07T03:18:12Z INFO [1480/3795] 8321c4f8-8f6d-4736-83eb-4c35bffe5b73: does not qualify; 1.1 s; peak memory 861 MiB.
2026-10-07T03:18:14Z INFO [1481/3795] 83221fd7-f149-426c-b58f-f49362e616e3: does not qualify; 1.7 s; peak memory 861 MiB.
2026-10-07T03:18:16Z INFO [1482/3795] 83227fe6-43b3-498b-829d-5fb968e47b61: does not qualify; 2.1 s; peak memory 861 MiB.
2026-10-07T03:18:18Z INFO [1483/3795] 8323bf96-3724-4f96-a4f8-48090ee2d2f8: does not qualify; 1.7 s; peak memory 861 MiB.
2026-10-07T03:18:21Z INFO [1484/3795] 8323ee23-4b9d-4d72-b776-932d04a471bf: does not qualify; 3.4 s; peak memory 861 MiB.
2026-10-07T03:18:23Z INFO [1485/3795] 83249476-5759-4b15-9ca4-c009da79f0fb: does not qualify; 1.8 s; peak memory 861 MiB.
2026-10-07T03:18:25Z INFO [1486/3795] 8324a6db-3f22-4474-a162-c592fcb30467: does not qualify; 1.4 s; peak memory 861 MiB.
2026-10-07T03:18:27Z INFO [1487/3795] 8324a7a7-7c55-4f21-812f-3af002b67389: does not qualify; 2.8 s; peak memory 861 MiB.
2026-10-07T03:18:29Z INFO [1488/3795] 8324ff58-ffe1-46bc-a8fc-56804aec6a96: does not qualify; 1.7 s; peak memory 861 MiB.
2026-10-07T03:18:31Z INFO [1489/3795] 83253b9e-4b9b-4035-83d9-536f34896fcd: does not qualify; 1.5 s; peak memory 861 MiB.
2026-10-07T03:18:32Z INFO [1490/3795] 8325454d-d151-4674-afa2-79eb7d058544: does not qualify; 1.4 s; peak memory 861 MiB.
2026-10-07T03:18:34Z INFO [1491/3795] 83257739-90df-40e6-8189-2261e13c6543: does not qualify; 1.9 s; peak memory 861 MiB.
2026-10-07T03:18:35Z INFO [1492/3795] 8325ce25-5c1c-4a90-a10a-276b951891a2: does not qualify; 1.4 s; peak memory 861 MiB.
2026-10-07T03:18:37Z INFO [1493/3795] 8326d73c-64cc-40dd-bfea-19bfddde4448: does not qualify; 1.4 s; peak memory 861 MiB.
2026-10-07T03:18:41Z INFO [1494/3795] 832724b9-4e38-4a24-8807-986b0ec6f397: does not qualify; 3.8 s; peak memory 861 MiB.
2026-10-07T03:18:43Z INFO [1495/3795] 8327262e-3ea6-4877-9b43-9d7cc0c50476: does not qualify; 1.8 s; peak memory 861 MiB.
2026-10-07T03:18:44Z INFO [1496/3795] 83297a12-2bc9-4d62-bcb9-6262ad2327bc: does not qualify; 1.4 s; peak memory 861 MiB.
2026-10-07T03:18:45Z INFO [1497/3795] 832a0ed0-a35b-48c0-8f55-6dd779f68a91: does not qualify; 1.3 s; peak memory 861 MiB.
2026-10-07T03:18:47Z INFO [1498/3795] 832b0a7f-b0b6-41bf-bfd9-bdee05a0864d: does not qualify; 2.2 s; peak memory 861 MiB.
2026-10-07T03:18:50Z INFO [1499/3795] 832b53f7-55d0-445c-aef9-153e9e4d2061: does not qualify; 2.3 s; peak memory 861 MiB.
2026-10-07T03:18:51Z INFO [1500/3795] 832bd50a-592b-4154-ac79-49f0277cecf4: does not qualify; 1.6 s; peak memory 861 MiB.
2026-10-07T03:18:52Z INFO [1500/3795] 832bd50a-592b-4154-ac79-49f0277cecf4: checkpointed 91619 records.
2026-10-07T03:18:58Z INFO [1501/3795] 832bf32f-bb28-4695-b3cc-eb0bad48da22: does not qualify; 6.5 s; peak memory 861 MiB.
2026-10-07T03:19:00Z INFO [1502/3795] 832cb780-110d-450e-aea9-226d813abefb: does not qualify; 1.7 s; peak memory 861 MiB.
2026-10-07T03:19:12Z INFO [1503/3795] 832dcc87-daf4-4ce3-bb6c-7b485d3e398d: does not qualify; 12.0 s; peak memory 861 MiB.
2026-10-07T03:19:13Z INFO [1504/3795] 832e183c-e4a0-4f03-813a-adc392b21595: does not qualify; 1.4 s; peak memory 861 MiB.
2026-10-07T03:19:14Z INFO [1505/3795] 832eed57-3322-492b-8093-52b586d96d4f: does not qualify; 1.4 s; peak memory 861 MiB.
2026-10-07T03:19:17Z INFO [1506/3795] 832f4c7d-74c3-449e-be1e-91df29fb5b4f: does not qualify; 2.4 s; peak memory 861 MiB.
2026-10-07T03:19:24Z INFO [1507/3795] 832f5ff1-8420-419b-8543-7f8e2b7c0ca6: does not qualify; 7.1 s; peak memory 861 MiB.
2026-10-07T03:19:26Z INFO [1508/3795] 832f9312-a390-443c-8477-dea4ce53e7bf: does not qualify; 1.7 s; peak memory 861 MiB.
2026-10-07T03:19:27Z INFO [1509/3795] 83300de0-3661-45fd-b0e0-89c016dc56f2: does not qualify; 1.2 s; peak memory 861 MiB.
2026-10-07T03:19:36Z INFO [1510/3795] 8331099a-0397-4002-af4f-34e682e18dce: does not qualify; 9.3 s; peak memory 861 MiB.
2026-10-07T03:19:45Z INFO [1511/3795] 83310b71-6447-460c-a86e-d2f559351629: does not qualify; 8.6 s; peak memory 861 MiB.
2026-10-07T03:20:14Z INFO [1512/3795] 8331686c-da5e-401b-8e60-8f46d3b0c9db: does not qualify; 29.4 s; peak memory 861 MiB.
2026-10-07T03:20:16Z INFO [1513/3795] 8331c029-6713-41b2-9651-c389f76dcc7b: does not qualify; 1.4 s; peak memory 861 MiB.
2026-10-07T03:20:19Z INFO [1514/3795] 83323a6f-7725-4ac5-a94c-7e1ecbdb53aa: does not qualify; 3.2 s; peak memory 861 MiB.
2026-10-07T03:20:20Z INFO [1515/3795] 8332aade-8958-43e4-9b9c-51a16955b081: does not qualify; 1.3 s; peak memory 861 MiB.
2026-10-07T03:20:26Z INFO [1516/3795] 8332cc79-f1d4-44e6-9850-302a699bd8a8: does not qualify; 6.0 s; peak memory 861 MiB.
2026-10-07T03:20:30Z INFO [1517/3795] 8332db73-3101-418a-a160-e8fe068ffc1c: does not qualify; 3.7 s; peak memory 861 MiB.
2026-10-07T03:20:31Z INFO [1518/3795] 833343ca-8d9c-4305-9cf1-82dce85eb44c: does not qualify; 1.5 s; peak memory 861 MiB.
2026-10-07T03:20:33Z INFO [1519/3795] 83338434-0c68-4a59-96f5-f7811189ed99: does not qualify; 1.3 s; peak memory 861 MiB.
2026-10-07T03:20:34Z INFO [1520/3795] 8333a3ff-a2fe-47a6-8762-15155835f90a: does not qualify; 1.0 s; peak memory 861 MiB.
2026-10-07T03:20:35Z INFO [1521/3795] 833487af-c629-4be0-b78e-a706db2b2d6f: does not qualify; 1.6 s; peak memory 861 MiB.
2026-10-07T03:20:37Z INFO [1522/3795] 83354aee-d2b5-47b3-8466-600ec3d5258c: does not qualify; 1.6 s; peak memory 861 MiB.
2026-10-07T03:20:39Z INFO [1523/3795] 833587e6-d647-4749-b4b4-c45945a29750: does not qualify; 1.7 s; peak memory 861 MiB.
2026-10-07T03:20:50Z INFO [1524/3795] 8336488b-cd61-40dc-b41e-0abe71715232: does not qualify; 11.4 s; peak memory 861 MiB.
2026-10-07T03:20:51Z INFO [1525/3795] 833757fd-f252-4a25-a51c-3aff70d51fdf: does not qualify; 1.4 s; peak memory 861 MiB.
2026-10-07T03:20:53Z INFO [1526/3795] 83377117-3bfe-450b-8abc-9bc888456a3d: does not qualify; 1.3 s; peak memory 861 MiB.
2026-10-07T03:20:59Z INFO [1527/3795] 8337c7ff-2ed5-444d-9ee7-de6b00edaaab: does not qualify; 6.3 s; peak memory 861 MiB.
2026-10-07T03:21:00Z INFO [1528/3795] 8337ecc0-398a-432c-8856-d424bffc0998: does not qualify; 1.3 s; peak memory 861 MiB.
2026-10-07T03:21:02Z INFO [1529/3795] 83391ef6-17ea-4c5c-aca3-2240845cd4b0: does not qualify; 1.4 s; peak memory 861 MiB.
2026-10-07T03:21:03Z INFO [1530/3795] 83397151-e2a7-42ea-b6c4-dd2603cc10da: does not qualify; 1.1 s; peak memory 861 MiB.
2026-10-07T03:21:05Z INFO [1531/3795] 833ac8bc-a32d-433c-aef1-a47dbb8b6e8c: does not qualify; 2.4 s; peak memory 861 MiB.
2026-10-07T03:21:07Z INFO [1532/3795] 833acacf-7edf-445e-87df-f320c7a57a39: does not qualify; 1.5 s; peak memory 861 MiB.
2026-10-07T03:21:09Z INFO [1533/3795] 833ba286-f643-4218-8018-1011b6ad05eb: does not qualify; 1.9 s; peak memory 861 MiB.
2026-10-07T03:21:18Z INFO [1534/3795] 833beabe-fc4a-4a84-a482-190b7ab39c1f: does not qualify; 9.6 s; peak memory 861 MiB.
2026-10-07T03:21:20Z INFO [1535/3795] 833d0d5a-2cde-48e6-a519-b06197e4e628: does not qualify; 1.3 s; peak memory 861 MiB.
2026-10-07T03:21:21Z INFO [1536/3795] 833d2e86-6410-4a6d-851d-e5753d7740b2: does not qualify; 1.4 s; peak memory 861 MiB.
2026-10-07T03:21:22Z INFO [1537/3795] 833d5894-4bcb-4a29-9bef-6c54718f4c7e: does not qualify; 1.4 s; peak memory 861 MiB.
2026-10-07T03:21:39Z INFO [1538/3795] 833f5165-35c1-4ea6-b403-536c02bced72: does not qualify; 16.1 s; peak memory 861 MiB.
2026-10-07T03:21:41Z INFO [1539/3795] 833f5f20-1f90-4865-954f-d32169ea7d9e: does not qualify; 2.7 s; peak memory 861 MiB.
2026-10-07T03:21:43Z INFO [1540/3795] 833f93d2-fc86-44c3-8b73-47c348dc7d09: does not qualify; 1.7 s; peak memory 861 MiB.
2026-10-07T03:21:46Z INFO [1541/3795] 8340268e-3916-432e-a483-47639ca81498: does not qualify; 2.8 s; peak memory 861 MiB.
2026-10-07T03:21:48Z INFO [1542/3795] 834095f2-ec32-42cb-90de-36543d5188b1: does not qualify; 2.1 s; peak memory 861 MiB.
2026-10-07T03:21:51Z INFO [1543/3795] 8341271d-6fdd-4c87-aff5-83f0bec74ee1: does not qualify; 3.0 s; peak memory 861 MiB.
2026-10-07T03:21:52Z INFO [1544/3795] 83413e5e-9d31-4045-9a1d-23590149e3e8: does not qualify; 1.7 s; peak memory 861 MiB.
2026-10-07T03:22:07Z INFO [1545/3795] 8341602c-c287-4d21-b350-d5bdf54f3cdf: does not qualify; 14.4 s; peak memory 861 MiB.
2026-10-07T03:22:08Z INFO [1546/3795] 8341bb69-8631-4bce-875a-71cd192440b9: does not qualify; 1.3 s; peak memory 861 MiB.
2026-10-07T03:22:20Z INFO [1547/3795] 8342ca90-137b-4d36-8979-ceab200e74fc: does not qualify; 11.4 s; peak memory 861 MiB.
2026-10-07T03:22:21Z INFO [1548/3795] 834387a8-649d-4b30-8188-59866ba7d850: does not qualify; 1.8 s; peak memory 861 MiB.
2026-10-07T03:22:25Z INFO [1549/3795] 83440b59-2ca4-4ff5-a590-ce0e2a19577a: does not qualify; 3.6 s; peak memory 861 MiB.
2026-10-07T03:22:27Z INFO [1550/3795] 8344ee2f-e09b-4c45-80df-5ef544a5ee71: does not qualify; 2.0 s; peak memory 861 MiB.
2026-10-07T03:22:27Z INFO [1550/3795] 8344ee2f-e09b-4c45-80df-5ef544a5ee71: checkpointed 91669 records.
2026-10-07T03:22:29Z INFO [1551/3795] 8344f290-6b3a-4aa3-a510-01fc326c3267: does not qualify; 1.4 s; peak memory 861 MiB.
2026-10-07T03:22:30Z INFO [1552/3795] 8344fa01-3617-49b1-aaa9-91e342ebb37a: does not qualify; 1.0 s; peak memory 861 MiB.
2026-10-07T03:22:38Z INFO [1553/3795] 8346341d-eaca-4bda-b32a-bf4f2e703b5e: does not qualify; 8.6 s; peak memory 861 MiB.
2026-10-07T03:22:40Z INFO [1554/3795] 83469f71-d921-49e8-aeff-a15b53774497: does not qualify; 1.5 s; peak memory 861 MiB.
2026-10-07T03:22:41Z INFO [1555/3795] 8347a77a-1f80-414c-b79c-9d647151aafa: does not qualify; 1.0 s; peak memory 861 MiB.
2026-10-07T03:22:42Z INFO [1556/3795] 83484059-a349-40ae-9383-f6d0d45617cb: does not qualify; 1.7 s; peak memory 861 MiB.
2026-10-07T03:22:45Z INFO [1557/3795] 83487428-dac6-4a62-a710-a3c4200ac1d3: does not qualify; 2.6 s; peak memory 861 MiB.
2026-10-07T03:22:47Z INFO [1558/3795] 8348c960-eb74-4d5a-a33d-e6f0dbf41a20: does not qualify; 2.0 s; peak memory 861 MiB.
2026-10-07T03:22:48Z INFO [1559/3795] 83492920-4dcb-4d32-b45d-2b5509c1f1ff: does not qualify; 1.3 s; peak memory 861 MiB.
2026-10-07T03:22:50Z INFO [1560/3795] 83494699-5a0e-420d-8971-4c6dab9e6bb2: does not qualify; 1.7 s; peak memory 861 MiB.
2026-10-07T03:22:52Z INFO [1561/3795] 8349c110-26c6-4aab-937b-a113033b9383: does not qualify; 1.6 s; peak memory 861 MiB.
2026-10-07T03:22:53Z INFO [1562/3795] 8349c905-64ba-4108-ba5a-7ac301e72f10: does not qualify; 1.2 s; peak memory 861 MiB.
2026-10-07T03:22:54Z INFO [1563/3795] 834b44be-5ea1-425f-a622-3a67e57158c9: does not qualify; 1.5 s; peak memory 861 MiB.
2026-10-07T03:22:56Z INFO [1564/3795] 834c1f42-1be9-4407-bf95-e2bdfffb6446: does not qualify; 2.0 s; peak memory 861 MiB.
2026-10-07T03:22:58Z INFO [1565/3795] 834c2461-bdad-4a12-a632-1a722c05b7a6: does not qualify; 1.3 s; peak memory 861 MiB.
2026-10-07T03:22:59Z INFO [1566/3795] 834c439e-cce9-4a2a-be4e-5126291d7038: does not qualify; 1.8 s; peak memory 861 MiB.
2026-10-07T03:23:08Z INFO [1567/3795] 834c4bb3-d409-4873-a49d-8c359fd4b3be: does not qualify; 8.3 s; peak memory 861 MiB.
2026-10-07T03:23:10Z INFO [1568/3795] 834c6415-487c-477c-b36a-491c7388d404: does not qualify; 1.9 s; peak memory 861 MiB.
2026-10-07T03:23:17Z INFO [1569/3795] 834c655b-514e-4ee5-aad6-c1a94ec76b6d: does not qualify; 7.6 s; peak memory 861 MiB.
2026-10-07T03:23:19Z INFO [1570/3795] 834cb80f-a29b-4ed1-8340-311c82cb52ab: does not qualify; 1.4 s; peak memory 861 MiB.
2026-10-07T03:23:20Z INFO [1571/3795] 834ccd53-a558-4654-8de1-272357d76c4d: does not qualify; 1.3 s; peak memory 861 MiB.
2026-10-07T03:23:28Z INFO [1572/3795] 834d3c30-8c72-4770-8c0a-69871ffff21e: does not qualify; 8.0 s; peak memory 861 MiB.
2026-10-07T03:23:29Z INFO [1573/3795] 834db870-70a2-4ce4-9e0d-6ba53d0e1de3: does not qualify; 1.2 s; peak memory 861 MiB.
2026-10-07T03:23:31Z INFO [1574/3795] 834dc83a-3f50-4cd7-81a7-0aabaa0d9e74: does not qualify; 1.4 s; peak memory 861 MiB.
2026-10-07T03:23:32Z INFO [1575/3795] 834e4cf8-77d2-4ab8-b2d3-ca39e153f4b3: does not qualify; 1.5 s; peak memory 861 MiB.
2026-10-07T03:23:34Z INFO [1576/3795] 834edb3e-66a8-4f58-a686-259ba7293aef: does not qualify; 1.9 s; peak memory 861 MiB.
2026-10-07T03:23:36Z INFO [1577/3795] 834f34aa-7e51-4284-94b3-82c94be0f849: does not qualify; 1.9 s; peak memory 861 MiB.
2026-10-07T03:23:44Z INFO [1578/3795] 834f34bb-43be-4da1-867f-9ea74ebd6858: does not qualify; 8.6 s; peak memory 861 MiB.
2026-10-07T03:23:52Z INFO [1579/3795] 834f595c-11b8-4006-b7d1-e717bdd7e573: does not qualify; 7.2 s; peak memory 861 MiB.
2026-10-07T03:23:53Z INFO [1580/3795] 834f5cae-ed78-47a7-b550-131584e36ac2: does not qualify; 1.2 s; peak memory 861 MiB.
2026-10-07T03:23:54Z INFO [1581/3795] 834fa17e-be05-4186-bd5a-0607789d0f03: does not qualify; 1.3 s; peak memory 861 MiB.
2026-10-07T03:23:56Z INFO [1582/3795] 834fd6d3-f24e-4d19-8543-13e8680eceeb: does not qualify; 1.7 s; peak memory 861 MiB.
2026-10-07T03:24:04Z INFO [1583/3795] 834ff9d8-4812-4a42-9713-edcfa97a87ad: does not qualify; 8.4 s; peak memory 861 MiB.
2026-10-07T03:24:06Z INFO [1584/3795] 835004d7-8aae-41db-a242-b49e19e2ae70: does not qualify; 1.9 s; peak memory 861 MiB.
2026-10-07T03:24:07Z INFO [1585/3795] 83501111-44a6-451a-acb2-4cffbd3d72c0: does not qualify; 1.1 s; peak memory 861 MiB.
2026-10-07T03:24:10Z INFO [1586/3795] 8350cc2f-606f-4ea2-9264-f3a3619ae063: qualifies; 2.7 s; peak memory 861 MiB.
2026-10-07T03:24:11Z INFO [1587/3795] 8351379c-7a36-4f0b-97f2-2a0444657faf: does not qualify; 1.3 s; peak memory 861 MiB.
2026-10-07T03:24:14Z INFO [1588/3795] 835142ea-0006-4aa6-936f-e4346144267e: does not qualify; 2.5 s; peak memory 861 MiB.
2026-10-07T03:24:21Z INFO [1589/3795] 8351c5c5-c992-4f07-909b-78818204185e: does not qualify; 7.5 s; peak memory 861 MiB.
2026-10-07T03:24:25Z INFO [1590/3795] 83528505-44a2-4634-94fd-64b660acfa60: does not qualify; 3.4 s; peak memory 861 MiB.
2026-10-07T03:24:26Z INFO [1591/3795] 83533081-3aad-4982-a12c-4f8267850e17: does not qualify; 1.3 s; peak memory 861 MiB.
2026-10-07T03:24:28Z INFO [1592/3795] 835384c2-4fca-4764-818c-c09a26e78228: does not qualify; 1.8 s; peak memory 861 MiB.
2026-10-07T03:24:29Z INFO [1593/3795] 8353be8a-d546-41c2-a6b6-f069d2e94f26: does not qualify; 1.3 s; peak memory 861 MiB.
2026-10-07T03:24:31Z INFO [1594/3795] 83544a58-28f9-45d0-8038-ac332bc97651: does not qualify; 1.6 s; peak memory 861 MiB.
2026-10-07T03:24:32Z INFO [1595/3795] 83547cd2-7677-4373-940b-1e98e223121f: does not qualify; 1.0 s; peak memory 861 MiB.
2026-10-07T03:24:34Z INFO [1596/3795] 83547fca-be25-46d5-96d0-789b713bdff7: does not qualify; 2.1 s; peak memory 861 MiB.
2026-10-07T03:24:36Z INFO [1597/3795] 83557311-fb68-4704-add2-d2707e5c6bb8: does not qualify; 1.7 s; peak memory 861 MiB.
2026-10-07T03:24:37Z INFO [1598/3795] 8355d465-f296-4a60-8daf-1d601cf861f8: does not qualify; 1.0 s; peak memory 861 MiB.
2026-10-07T03:24:39Z INFO [1599/3795] 8356ea67-7ec0-44f6-af2b-9489204d80a1: does not qualify; 1.9 s; peak memory 861 MiB.
2026-10-07T03:24:40Z INFO [1600/3795] 8356f04c-be9a-4aa4-82b1-dbf45f04ba50: does not qualify; 1.1 s; peak memory 861 MiB.
2026-10-07T03:24:40Z INFO [1600/3795] 8356f04c-be9a-4aa4-82b1-dbf45f04ba50: checkpointed 91719 records.
2026-10-07T03:24:41Z INFO [1601/3795] 8356fce7-ba1b-4e33-a034-fd91a382544d: does not qualify; 1.3 s; peak memory 861 MiB.
2026-10-07T03:24:44Z INFO [1602/3795] 83578719-cc30-4233-a9eb-4d74a8089fa4: does not qualify; 2.8 s; peak memory 861 MiB.
2026-10-07T03:24:45Z INFO [1603/3795] 83592396-53d8-41d6-bdb3-8d0363f46736: does not qualify; 1.3 s; peak memory 861 MiB.
2026-10-07T03:24:46Z INFO [1604/3795] 83592f0f-454d-42ed-b8ea-5f27c8c5b54e: does not qualify; 1.3 s; peak memory 861 MiB.
2026-10-07T03:24:48Z INFO [1605/3795] 83596f5c-6468-4b7a-a392-55b0f48566ac: does not qualify; 1.5 s; peak memory 861 MiB.
2026-10-07T03:24:49Z INFO [1606/3795] 8359ceea-8547-482e-9319-84defa66b244: does not qualify; 1.4 s; peak memory 861 MiB.
2026-10-07T03:24:51Z INFO [1607/3795] 835ae6f2-6419-4dcc-a4aa-8ceaf7aaa1a2: does not qualify; 2.1 s; peak memory 861 MiB.
2026-10-07T03:24:53Z INFO [1608/3795] 835aefd2-e454-4ea4-b808-1d77d42aae72: does not qualify; 1.4 s; peak memory 861 MiB.
2026-10-07T03:24:59Z INFO [1609/3795] 835b46a2-88ea-4262-a54b-f81e19f5887c: does not qualify; 6.6 s; peak memory 861 MiB.
2026-10-07T03:25:01Z INFO [1610/3795] 835b4df0-fe40-4fcb-818c-ed332578369c: does not qualify; 1.6 s; peak memory 861 MiB.
2026-10-07T03:25:04Z INFO [1611/3795] 835b8489-10b3-4942-9bb9-8705be3d8a09: does not qualify; 3.2 s; peak memory 861 MiB.
2026-10-07T03:25:06Z INFO [1612/3795] 835be8b8-fb57-4cd5-837b-242f23ec4cbf: does not qualify; 1.4 s; peak memory 861 MiB.
2026-10-07T03:25:16Z INFO [1613/3795] 835cc518-4df7-4b7c-ad41-2c8ca9415019: does not qualify; 10.6 s; peak memory 861 MiB.
2026-10-07T03:25:19Z INFO [1614/3795] 835ce015-0da5-4066-8d0d-a358de738015: does not qualify; 2.9 s; peak memory 861 MiB.
2026-10-07T03:25:27Z INFO [1615/3795] 835d08bf-a6c7-4f1e-b47b-0e2ee1d3def6: does not qualify; 7.7 s; peak memory 861 MiB.
2026-10-07T03:25:35Z INFO [1616/3795] 835eb5a1-df08-4e35-a8f8-659ac4e23e7d: does not qualify; 8.3 s; peak memory 861 MiB.
2026-10-07T03:25:37Z INFO [1617/3795] 835edc91-4470-4ed8-8d54-e20eac366051: does not qualify; 1.7 s; peak memory 861 MiB.
2026-10-07T03:25:39Z INFO [1618/3795] 835f27cd-8c66-4624-b47e-0db39e9c61c1: does not qualify; 1.6 s; peak memory 861 MiB.
2026-10-07T03:25:41Z INFO [1619/3795] 835f57bc-19f8-4bee-85c8-7a35bacf4884: does not qualify; 2.4 s; peak memory 861 MiB.
2026-10-07T03:25:42Z INFO [1620/3795] 835fa061-7985-4015-b261-9b03c604de84: does not qualify; 1.0 s; peak memory 861 MiB.
2026-10-07T03:25:43Z INFO [1621/3795] 835fec1f-0fb6-4daa-99b7-8a8a889d09ea: does not qualify; 1.6 s; peak memory 861 MiB.
2026-10-07T03:26:04Z INFO [1622/3795] 83600564-91ad-425b-885c-75684c3dd68a: does not qualify; 20.5 s; peak memory 861 MiB.
2026-10-07T03:26:06Z INFO [1623/3795] 83602b07-e52c-4f6e-a3e3-d4dc57252188: does not qualify; 1.9 s; peak memory 861 MiB.
2026-10-07T03:26:07Z INFO [1624/3795] 836083f0-e03c-428e-81a2-136dfe2fd4a5: does not qualify; 1.0 s; peak memory 861 MiB.
2026-10-07T03:26:08Z INFO [1625/3795] 83612f16-27d3-4655-8839-0a19a93eb76a: does not qualify; 1.3 s; peak memory 861 MiB.
2026-10-07T03:26:10Z INFO [1626/3795] 836236c0-1cff-4c0a-a6c2-f14d1e84dcb4: does not qualify; 1.3 s; peak memory 861 MiB.
2026-10-07T03:26:11Z INFO [1627/3795] 8362422f-cf80-4996-8ad6-18b78d8f4079: does not qualify; 1.0 s; peak memory 861 MiB.
2026-10-07T03:26:12Z INFO [1628/3795] 83625d0c-b6de-408e-8bc0-40a0a823be1c: does not qualify; 1.2 s; peak memory 861 MiB.
2026-10-07T03:26:13Z INFO [1629/3795] 8363a07f-42f5-44bd-92d0-a9f76976cb4f: does not qualify; 0.9 s; peak memory 861 MiB.
2026-10-07T03:26:14Z INFO [1630/3795] 8363c578-162f-40a3-953f-7dcf051c0a33: does not qualify; 1.6 s; peak memory 861 MiB.
2026-10-07T03:26:18Z INFO [1631/3795] 8364c378-7be5-4193-88a3-806e9e8f5149: does not qualify; 3.4 s; peak memory 861 MiB.
2026-10-07T03:26:19Z INFO [1632/3795] 8364ff2a-ea5a-4306-b69f-da4ffb8360d8: does not qualify; 1.4 s; peak memory 861 MiB.
2026-10-07T03:26:21Z INFO [1633/3795] 83655365-377a-4925-b31e-1aa591aacc02: does not qualify; 1.8 s; peak memory 861 MiB.
2026-10-07T03:26:22Z INFO [1634/3795] 8365ab27-5388-4ba6-912b-1f283c8bec25: does not qualify; 1.1 s; peak memory 861 MiB.
2026-10-07T03:26:23Z INFO [1635/3795] 8365ec21-8426-4335-b032-714ae723deeb: does not qualify; 1.4 s; peak memory 861 MiB.
2026-10-07T03:26:25Z INFO [1636/3795] 8366999a-e7f6-48ca-af9e-67dc514ac11f: does not qualify; 1.7 s; peak memory 861 MiB.
2026-10-07T03:26:29Z INFO [1637/3795] 83672e6b-3bc6-408c-8baf-c9da54612d7b: does not qualify; 4.3 s; peak memory 861 MiB.
2026-10-07T03:26:31Z INFO [1638/3795] 8367ac55-dd02-4a64-8c2d-15d13aeb1ce7: does not qualify; 1.4 s; peak memory 861 MiB.
2026-10-07T03:26:33Z INFO [1639/3795] 836810d7-2297-4d03-ae16-142b742ef817: does not qualify; 2.7 s; peak memory 861 MiB.
2026-10-07T03:26:35Z INFO [1640/3795] 8368429c-3f79-432f-bf9c-8f3ac1135409: does not qualify; 1.4 s; peak memory 861 MiB.
2026-10-07T03:26:37Z INFO [1641/3795] 836a0c1c-d557-406a-bc54-b86d534fd090: does not qualify; 2.0 s; peak memory 861 MiB.
2026-10-07T03:26:40Z INFO [1642/3795] 836b19ad-4e00-461d-a34c-7feede34960c: does not qualify; 3.1 s; peak memory 861 MiB.
2026-10-07T03:26:42Z INFO [1643/3795] 836c0faa-6a6f-4b58-a2fd-67e6034e62d1: does not qualify; 2.1 s; peak memory 861 MiB.
2026-10-07T03:26:45Z INFO [1644/3795] 836c1abf-3a28-4696-9d3a-20a9911aa178: does not qualify; 2.8 s; peak memory 861 MiB.
2026-10-07T03:26:46Z INFO [1645/3795] 836c3af7-5245-4eb3-8eaf-27947529c2ca: does not qualify; 1.3 s; peak memory 861 MiB.
2026-10-07T03:26:48Z INFO [1646/3795] 836c886c-a384-4a9f-a29d-fdd1ab98838f: does not qualify; 2.2 s; peak memory 861 MiB.
2026-10-07T03:26:50Z INFO [1647/3795] 836d4932-29c7-41fb-a7ac-2da4bd5e802e: does not qualify; 1.3 s; peak memory 861 MiB.
2026-10-07T03:26:51Z INFO [1648/3795] 836d92d5-51ab-4352-9901-5fd52ae9e0df: does not qualify; 1.2 s; peak memory 861 MiB.
2026-10-07T03:26:52Z INFO [1649/3795] 836d9d96-11eb-4c2b-8250-b11d6c99d41f: does not qualify; 1.5 s; peak memory 861 MiB.
2026-10-07T03:26:54Z INFO [1650/3795] 836de2ca-bf69-4d50-91c7-7ed5753fe502: does not qualify; 1.3 s; peak memory 861 MiB.
2026-10-07T03:26:54Z INFO [1650/3795] 836de2ca-bf69-4d50-91c7-7ed5753fe502: checkpointed 91769 records.
2026-10-07T03:26:55Z INFO [1651/3795] 836e6603-3345-4994-9706-49c6369a0b02: does not qualify; 1.5 s; peak memory 861 MiB.
2026-10-07T03:27:01Z INFO [1652/3795] 836ecf57-2ca2-4dbe-aa68-7ad34b90514b: does not qualify; 5.8 s; peak memory 861 MiB.
2026-10-07T03:27:02Z INFO [1653/3795] 836ed3e8-65e7-40f1-be44-9e2a0fc67330: does not qualify; 1.2 s; peak memory 861 MiB.
2026-10-07T03:27:11Z INFO [1654/3795] 836f22cd-07aa-41b5-b957-8f17ff8df868: does not qualify; 8.4 s; peak memory 861 MiB.
2026-10-07T03:28:29Z INFO [1655/3795] 836f4027-ad64-43e0-87c6-c81bfc29877a: does not qualify; 78.0 s; peak memory 861 MiB.
2026-10-07T03:28:30Z INFO [1656/3795] 83700f82-9989-4cc9-af62-696fcf005186: does not qualify; 1.4 s; peak memory 861 MiB.
2026-10-07T03:28:33Z INFO [1657/3795] 8370a5e6-33b2-49ee-9d31-0ba690a040cd: does not qualify; 3.1 s; peak memory 861 MiB.
2026-10-07T03:28:35Z INFO [1658/3795] 8370d58b-11d4-4d48-9798-d96936baf629: does not qualify; 2.2 s; peak memory 861 MiB.
2026-10-07T03:28:37Z INFO [1659/3795] 8370e40a-c6a0-432a-aa42-237907a1b41d: does not qualify; 1.2 s; peak memory 861 MiB.
2026-10-07T03:28:38Z INFO [1660/3795] 83719d2f-49fc-4038-83db-754c0bf8980e: does not qualify; 1.3 s; peak memory 861 MiB.
2026-10-07T03:28:39Z INFO [1661/3795] 83723353-4afe-4206-b411-7e564c52d454: does not qualify; 1.1 s; peak memory 861 MiB.
2026-10-07T03:28:41Z INFO [1662/3795] 837238e6-2ddc-48cd-86ba-bc1dc72be4bf: does not qualify; 1.7 s; peak memory 861 MiB.
2026-10-07T03:28:42Z INFO [1663/3795] 8372f00f-8ada-42de-b30c-b875db4cd717: does not qualify; 1.3 s; peak memory 861 MiB.
2026-10-07T03:28:49Z INFO [1664/3795] 83738c3b-6aa8-40bf-88dd-d6bd99888f35: does not qualify; 6.5 s; peak memory 861 MiB.
2026-10-07T03:28:50Z INFO [1665/3795] 8374fa48-be07-404d-a1ed-dee32ba6b801: does not qualify; 1.1 s; peak memory 861 MiB.
2026-10-07T03:28:51Z INFO [1666/3795] 837549ef-37cb-4ca1-b0b5-f48aadc5d02c: does not qualify; 1.1 s; peak memory 861 MiB.
2026-10-07T03:28:54Z INFO [1667/3795] 837659c0-e2f8-41a9-b670-664cce513ea4: qualifies; 3.0 s; peak memory 861 MiB.
2026-10-07T03:28:56Z INFO [1668/3795] 8376e8fa-ad58-4cb3-9ba7-f65adcb971e8: qualifies; 2.2 s; peak memory 861 MiB.
2026-10-07T03:28:59Z INFO [1669/3795] 8377734f-601b-4721-8ef2-bd780785bc7a: does not qualify; 3.5 s; peak memory 861 MiB.
2026-10-07T03:29:06Z INFO [1670/3795] 83782cd8-fd29-48c4-a482-63944c421f56: does not qualify; 6.7 s; peak memory 861 MiB.
2026-10-07T03:29:07Z INFO [1671/3795] 8378757b-0229-4c9d-b2a7-aa4b57c072c3: does not qualify; 1.1 s; peak memory 861 MiB.
2026-10-07T03:29:09Z INFO [1672/3795] 8378abec-dc1c-4da2-9862-94e62964b3ea: does not qualify; 1.6 s; peak memory 861 MiB.
2026-10-07T03:29:10Z INFO [1673/3795] 8378ffb6-9e96-4924-b480-bf91a89f28d1: does not qualify; 1.6 s; peak memory 861 MiB.
2026-10-07T03:29:12Z INFO [1674/3795] 8379ebbd-05a3-49a3-97e3-5801a8ee487e: does not qualify; 1.3 s; peak memory 861 MiB.
2026-10-07T03:29:13Z INFO [1675/3795] 837a3572-32e3-4afc-8e69-e7bd1c22aabe: does not qualify; 1.4 s; peak memory 861 MiB.
2026-10-07T03:30:51Z INFO [1676/3795] 837b5fec-4643-478b-9924-a60b8d1dcbbf: does not qualify; 98.2 s; peak memory 975 MiB.
2026-10-07T03:30:53Z INFO [1677/3795] 837c38ce-0fb6-4ed9-b333-ebd4353e90c6: does not qualify; 1.9 s; peak memory 975 MiB.
2026-10-07T03:30:55Z INFO [1678/3795] 837ce2c7-a976-41eb-b9df-00ec987d1ff9: does not qualify; 1.2 s; peak memory 975 MiB.
2026-10-07T03:30:57Z INFO [1679/3795] 837e3688-250c-4335-9a1f-477c6cb8b168: does not qualify; 2.6 s; peak memory 975 MiB.
2026-10-07T03:30:59Z INFO [1680/3795] 837e760e-1f6f-4fc1-9a89-e20187ee25c7: does not qualify; 1.4 s; peak memory 975 MiB.
2026-10-07T03:31:00Z INFO [1681/3795] 83817473-f871-4fe3-987e-1773df69882b: does not qualify; 1.5 s; peak memory 975 MiB.
2026-10-07T03:31:02Z INFO [1682/3795] 83817a22-47aa-41d6-9a11-e8062580689f: does not qualify; 2.1 s; peak memory 975 MiB.
2026-10-07T03:31:04Z INFO [1683/3795] 83817c9c-92f8-45e5-ab9d-44c3deb3c79d: qualifies; 2.0 s; peak memory 975 MiB.
2026-10-07T03:31:06Z INFO [1684/3795] 8381df25-c159-49cd-bc9c-1863c17f3a62: does not qualify; 1.5 s; peak memory 975 MiB.
2026-10-07T03:31:07Z INFO [1685/3795] 8382efb2-4c6a-43bb-8ecc-9775b669bd38: does not qualify; 1.6 s; peak memory 975 MiB.
2026-10-07T03:31:11Z INFO [1686/3795] 838320e8-63e0-44ce-990a-1015b7b15ada: does not qualify; 3.9 s; peak memory 975 MiB.
2026-10-07T03:31:13Z INFO [1687/3795] 83844485-61b8-45c8-8725-4dbe38c60f4b: does not qualify; 1.6 s; peak memory 975 MiB.
2026-10-07T03:31:15Z INFO [1688/3795] 838491a5-72e6-4eee-986f-43de564823d5: does not qualify; 2.1 s; peak memory 975 MiB.
2026-10-07T03:31:19Z INFO [1689/3795] 83867bb7-3c7c-445f-a7f2-66de975da06c: does not qualify; 3.9 s; peak memory 975 MiB.
2026-10-07T03:31:21Z INFO [1690/3795] 838712be-02d1-426b-9846-58b530ac380d: does not qualify; 2.0 s; peak memory 975 MiB.
2026-10-07T03:31:22Z INFO [1691/3795] 83872787-7d76-4272-b941-662f7df7364e: does not qualify; 1.3 s; peak memory 975 MiB.
2026-10-07T03:31:23Z INFO [1692/3795] 838764f6-5f4d-437a-aabd-812d02740bab: does not qualify; 1.3 s; peak memory 975 MiB.
2026-10-07T03:31:25Z INFO [1693/3795] 8387a0d7-eada-47ea-b033-570e0239dc42: does not qualify; 1.5 s; peak memory 975 MiB.
2026-10-07T03:31:27Z INFO [1694/3795] 838ac59a-2ff9-4c4e-b7aa-a3c98716d75b: does not qualify; 1.7 s; peak memory 975 MiB.
2026-10-07T03:31:28Z INFO [1695/3795] 838b2ad0-7b5c-4540-96c2-c8780a43b397: does not qualify; 1.4 s; peak memory 975 MiB.
2026-10-07T03:31:34Z INFO [1696/3795] 838bb06c-c3ff-43a9-a635-f47385f2a5d9: does not qualify; 5.8 s; peak memory 975 MiB.
2026-10-07T03:31:35Z INFO [1697/3795] 838bcf4e-2cc7-46b3-a995-4e290e56c530: does not qualify; 1.5 s; peak memory 975 MiB.
2026-10-07T03:31:36Z INFO [1698/3795] 838c9aa8-2316-4b03-abf8-994c5886b2d3: does not qualify; 1.1 s; peak memory 975 MiB.
2026-10-07T03:31:38Z INFO [1699/3795] 838cfcd0-9f1f-43ed-9c24-18b3b4f876d8: does not qualify; 1.4 s; peak memory 975 MiB.
2026-10-07T03:31:39Z INFO [1700/3795] 838df486-51d5-4c43-ad5c-c5386334358f: does not qualify; 1.7 s; peak memory 975 MiB.
2026-10-07T03:31:40Z INFO [1700/3795] 838df486-51d5-4c43-ad5c-c5386334358f: checkpointed 91819 records.
2026-10-07T03:31:42Z INFO [1701/3795] 838e1219-5c85-4ee2-a1f2-119b6297ff21: does not qualify; 2.0 s; peak memory 975 MiB.
2026-10-07T03:31:43Z INFO [1702/3795] 838eb074-0973-4686-b91e-ad76920c6e22: does not qualify; 1.0 s; peak memory 975 MiB.
2026-10-07T03:31:44Z INFO [1703/3795] 838edf42-e73a-4848-8c67-ef5d7d04e03d: does not qualify; 1.3 s; peak memory 975 MiB.
2026-10-07T03:31:46Z INFO [1704/3795] 838ff0ce-3ed1-4f61-ac2a-5b33a38aa545: does not qualify; 1.9 s; peak memory 975 MiB.
2026-10-07T03:31:47Z INFO [1705/3795] 83933ce0-299c-450a-93a3-a33a5f5fe2c7: does not qualify; 1.3 s; peak memory 975 MiB.
2026-10-07T03:31:49Z INFO [1706/3795] 8393e5e3-a3f9-490c-84de-c9e08b6e245f: does not qualify; 1.4 s; peak memory 975 MiB.
2026-10-07T03:31:50Z INFO [1707/3795] 8393f913-123c-401f-ad54-70a23dcda9ee: does not qualify; 1.4 s; peak memory 975 MiB.
2026-10-07T03:31:52Z INFO [1708/3795] 8394a71a-74f0-4ff4-b3b8-3d8916816f82: does not qualify; 1.9 s; peak memory 975 MiB.
2026-10-07T03:32:02Z INFO [1709/3795] 8395d4c1-2e55-4c2c-904b-1dbc1aaf0c23: does not qualify; 10.0 s; peak memory 975 MiB.
2026-10-07T03:32:03Z INFO [1710/3795] 8395e286-99ae-412a-8c5f-b1a0abd5914d: does not qualify; 1.7 s; peak memory 975 MiB.
2026-10-07T03:32:05Z INFO [1711/3795] 8396403b-1177-4a32-9a25-2f9f8fcc34b3: does not qualify; 1.3 s; peak memory 975 MiB.
2026-10-07T03:32:06Z INFO [1712/3795] 839664b8-5c7d-4aaf-a0df-efbdb69638a7: does not qualify; 1.4 s; peak memory 975 MiB.
2026-10-07T03:32:07Z INFO [1713/3795] 8396f272-c4ce-4a96-a685-6364b9d3d11d: does not qualify; 1.1 s; peak memory 975 MiB.
2026-10-07T03:32:09Z INFO [1714/3795] 839735dc-0d16-4320-abfd-ea743eab66f7: does not qualify; 1.5 s; peak memory 975 MiB.
2026-10-07T03:32:12Z INFO [1715/3795] 83978d44-b6c2-4500-ba20-12f2fa0784e1: does not qualify; 3.4 s; peak memory 975 MiB.
2026-10-07T03:32:14Z INFO [1716/3795] 839828cb-2ab6-4efd-9c11-360ca899284c: does not qualify; 1.7 s; peak memory 975 MiB.
2026-10-07T03:32:16Z INFO [1717/3795] 83985a40-87dc-49f4-8de9-924027711d41: does not qualify; 1.9 s; peak memory 975 MiB.
2026-10-07T03:32:17Z INFO [1718/3795] 839a1c75-6722-412b-8b7d-20cfb763d18b: does not qualify; 1.0 s; peak memory 975 MiB.
2026-10-07T03:32:18Z INFO [1719/3795] 839ae51e-4029-40a2-b67c-ab87a0f56a50: does not qualify; 1.4 s; peak memory 975 MiB.
2026-10-07T03:32:20Z INFO [1720/3795] 839b39f7-677c-432d-80a6-8e0064b0e2c8: does not qualify; 1.6 s; peak memory 975 MiB.
2026-10-07T03:32:24Z INFO [1721/3795] 839c3f95-99b9-42dc-9177-dc76a477acd0: does not qualify; 4.3 s; peak memory 975 MiB.
2026-10-07T03:32:25Z INFO [1722/3795] 839c9d6c-ede7-4a66-b80d-8062875be43d: does not qualify; 1.3 s; peak memory 975 MiB.
2026-10-07T03:32:26Z INFO [1723/3795] 839cc87b-c0ec-418c-982f-8ef439714393: does not qualify; 1.1 s; peak memory 975 MiB.
2026-10-07T03:32:27Z INFO [1724/3795] 839cd7f1-8ebf-47d7-a6b3-86873d9779c1: does not qualify; 1.1 s; peak memory 975 MiB.
2026-10-07T03:32:31Z INFO [1725/3795] 839d075a-63e3-454d-9178-ddb877d80c87: does not qualify; 3.3 s; peak memory 975 MiB.
2026-10-07T03:32:32Z INFO [1726/3795] 839d5e0d-93e8-497d-be02-30181aa7ce8d: does not qualify; 1.0 s; peak memory 975 MiB.
2026-10-07T03:32:33Z INFO [1727/3795] 839d86fc-7cdd-47d7-9e8f-e00ae2511c4e: does not qualify; 1.4 s; peak memory 975 MiB.
2026-10-07T03:32:35Z INFO [1728/3795] 839e3f5e-638e-4e6b-9f4f-1aa7279e7b46: does not qualify; 2.1 s; peak memory 975 MiB.
2026-10-07T03:32:36Z INFO [1729/3795] 839f5cd5-e552-43a7-a0d4-7655d5bbe299: does not qualify; 1.0 s; peak memory 975 MiB.
2026-10-07T03:32:38Z INFO [1730/3795] 839fa95a-2a0e-46e4-9474-17c522251fa1: does not qualify; 1.4 s; peak memory 975 MiB.
2026-10-07T03:32:45Z INFO [1731/3795] 839fecb1-ff86-4b29-be87-e01130347dda: does not qualify; 7.6 s; peak memory 975 MiB.
2026-10-07T03:32:54Z INFO [1732/3795] 83a16bcf-7ea0-4d30-8979-39e7249db512: does not qualify; 9.2 s; peak memory 975 MiB.
2026-10-07T03:32:57Z INFO [1733/3795] 83a20acd-ef6b-487d-bfaf-8f3cdae8fd6f: does not qualify; 2.1 s; peak memory 975 MiB.
2026-10-07T03:32:58Z INFO [1734/3795] 83a378f2-16a5-4cfe-b0c2-7d2c22e61c20: does not qualify; 1.1 s; peak memory 975 MiB.
2026-10-07T03:33:00Z INFO [1735/3795] 83a3898f-0911-43b7-9b33-6bb0f284dfec: does not qualify; 2.7 s; peak memory 975 MiB.
2026-10-07T03:33:03Z INFO [1736/3795] 83a3e1f2-2be6-4060-907a-98bf1db2ef0d: does not qualify; 2.5 s; peak memory 975 MiB.
2026-10-07T03:33:04Z INFO [1737/3795] 83a3f569-d377-4e7d-8ff0-39461e42b285: does not qualify; 1.5 s; peak memory 975 MiB.
2026-10-07T03:33:06Z INFO [1738/3795] 83a40b0d-c1a7-4966-9f78-578fe25cc31f: does not qualify; 1.7 s; peak memory 975 MiB.
2026-10-07T03:33:07Z INFO [1739/3795] 83a41b55-0716-4144-96ee-587c3e3d5ef7: does not qualify; 1.5 s; peak memory 975 MiB.
2026-10-07T03:33:09Z INFO [1740/3795] 83a4b3c4-84a5-4bff-bd39-46160bcf2e2e: does not qualify; 1.4 s; peak memory 975 MiB.
2026-10-07T03:33:12Z INFO [1741/3795] 83a6177b-7038-427f-b149-772181def134: does not qualify; 3.1 s; peak memory 975 MiB.
2026-10-07T03:33:13Z INFO [1742/3795] 83a621b4-e4f1-41d6-8234-1f3c837a6b4c: does not qualify; 1.7 s; peak memory 975 MiB.
2026-10-07T03:33:25Z INFO [1743/3795] 83a64210-d477-4ac1-8bdd-25c9c3f50650: does not qualify; 11.3 s; peak memory 975 MiB.
2026-10-07T03:33:26Z INFO [1744/3795] 83a6aff1-45ca-4f0d-b95e-d06cea6c499e: does not qualify; 1.0 s; peak memory 975 MiB.
2026-10-07T03:33:27Z INFO [1745/3795] 83a7692d-5675-4242-a5c8-cd594e08a4f1: does not qualify; 1.4 s; peak memory 975 MiB.
2026-10-07T03:33:29Z INFO [1746/3795] 83a8d91f-d23a-41c1-a85c-eb6ae3f4dcac: does not qualify; 1.8 s; peak memory 975 MiB.
2026-10-07T03:33:34Z INFO [1747/3795] 83a8e944-c8af-40d1-9ec7-98771d08beed: does not qualify; 5.4 s; peak memory 975 MiB.
2026-10-07T03:33:44Z INFO [1748/3795] 83ab0581-da48-4992-bb27-f377996e8092: does not qualify; 9.5 s; peak memory 975 MiB.
2026-10-07T03:33:46Z INFO [1749/3795] 83ac6454-6761-4153-94fd-703ea5a13082: does not qualify; 1.7 s; peak memory 975 MiB.
2026-10-07T03:33:55Z INFO [1750/3795] 83aca050-598b-431d-b646-9ada5ae37c0a: does not qualify; 9.0 s; peak memory 975 MiB.
2026-10-07T03:33:55Z INFO [1750/3795] 83aca050-598b-431d-b646-9ada5ae37c0a: checkpointed 91869 records.
2026-10-07T03:33:57Z INFO [1751/3795] 83ad133c-74b4-40b1-a15c-7ef84a33ad70: does not qualify; 1.9 s; peak memory 975 MiB.
2026-10-07T03:33:58Z INFO [1752/3795] 83ad3b34-4bee-404c-bbde-b613d1ed1857: does not qualify; 1.3 s; peak memory 975 MiB.
2026-10-07T03:34:00Z INFO [1753/3795] 83ad5bae-3438-4311-8cc3-4a6414f820b8: does not qualify; 2.4 s; peak memory 975 MiB.
2026-10-07T03:34:02Z INFO [1754/3795] 83ada8e9-a50f-473d-aab3-f43889ecdded: does not qualify; 1.8 s; peak memory 975 MiB.
2026-10-07T03:34:04Z INFO [1755/3795] 83addca6-ea69-42cf-811e-7185f96fa21e: does not qualify; 1.7 s; peak memory 975 MiB.
2026-10-07T03:34:06Z INFO [1756/3795] 83ae5f3b-a1fc-4b51-8c06-1a0f732c8b1a: does not qualify; 1.9 s; peak memory 975 MiB.
2026-10-07T03:34:13Z INFO [1757/3795] 83aebcb2-0747-4363-8d61-69f2d5a0c2ef: does not qualify; 7.3 s; peak memory 975 MiB.
2026-10-07T03:34:15Z INFO [1758/3795] 83af579e-df87-403e-b97a-4a6d221a4711: does not qualify; 1.9 s; peak memory 975 MiB.
2026-10-07T03:34:16Z INFO [1759/3795] 83afcab1-50fe-4424-bea5-c9a15403ab4c: does not qualify; 1.0 s; peak memory 975 MiB.
2026-10-07T03:34:17Z INFO [1760/3795] 83b01e02-5e14-4d0d-89ad-1060b2aca046: does not qualify; 1.4 s; peak memory 975 MiB.
2026-10-07T03:34:20Z INFO [1761/3795] 83b0284e-7a63-4ae7-96f4-97496908b5d1: does not qualify; 2.2 s; peak memory 975 MiB.
2026-10-07T03:34:33Z INFO [1762/3795] 83b02d7e-3863-4dc1-a59a-d7d7e43591d7: does not qualify; 13.1 s; peak memory 975 MiB.
2026-10-07T03:34:34Z INFO [1763/3795] 83b16bfd-0ae3-4f88-a813-0513a0647086: does not qualify; 1.8 s; peak memory 975 MiB.
2026-10-07T03:34:39Z INFO [1764/3795] 83b16d08-69b7-4534-80a2-ad12e65db589: does not qualify; 4.3 s; peak memory 975 MiB.
2026-10-07T03:34:46Z INFO [1765/3795] 83b211c8-9a3e-40b3-b37c-44d1e630d00b: does not qualify; 7.6 s; peak memory 975 MiB.
2026-10-07T03:34:49Z INFO [1766/3795] 83b2a070-e561-4682-abb8-8462f067e5ff: does not qualify; 2.9 s; peak memory 975 MiB.
2026-10-07T03:34:50Z INFO [1767/3795] 83b2a557-baba-44cb-8d98-7e254c510c02: does not qualify; 1.0 s; peak memory 975 MiB.
2026-10-07T03:34:52Z INFO [1768/3795] 83b33c80-924d-45ee-8774-4fa85549e91a: does not qualify; 1.3 s; peak memory 975 MiB.
2026-10-07T03:34:59Z INFO [1769/3795] 83b3a736-5bb1-44df-ab34-3d6afb13366c: does not qualify; 7.0 s; peak memory 975 MiB.
2026-10-07T03:35:00Z INFO [1770/3795] 83b3c95a-814c-44c1-bfa7-e0b940e1259a: does not qualify; 1.2 s; peak memory 975 MiB.
2026-10-07T03:35:02Z INFO [1771/3795] 83b41957-2af9-4713-be0a-54984b18b545: does not qualify; 2.0 s; peak memory 975 MiB.
2026-10-07T03:35:04Z INFO [1772/3795] 83b48263-b200-40a9-87c2-1c9ce0651ec1: does not qualify; 1.8 s; peak memory 975 MiB.
2026-10-07T03:35:05Z INFO [1773/3795] 83b4de6b-c518-4bc3-a662-80f7932a29a3: does not qualify; 1.4 s; peak memory 975 MiB.
2026-10-07T03:35:16Z INFO [1774/3795] 83b574d7-848e-410b-ae1e-eebdf3759991: does not qualify; 10.6 s; peak memory 975 MiB.
2026-10-07T03:35:17Z INFO [1775/3795] 83b5be45-a41f-49f7-8a1d-7a4b58805aa8: does not qualify; 1.8 s; peak memory 975 MiB.
2026-10-07T03:35:19Z INFO [1776/3795] 83b5f60c-6aa6-40ed-a0f3-edde913d51c7: does not qualify; 1.4 s; peak memory 975 MiB.
2026-10-07T03:37:17Z INFO [1777/3795] 83b64d1d-8766-4041-9011-352cf4c5ab12: qualifies; 117.8 s; peak memory 12710 MiB.
2026-10-07T03:37:20Z INFO [1778/3795] 83b6feda-53c0-49be-a401-be6bfe9a9633: does not qualify; 3.4 s; peak memory 12710 MiB.
2026-10-07T03:37:22Z INFO [1779/3795] 83b7e3d4-1f62-4525-bbcc-90848e5c4984: does not qualify; 1.4 s; peak memory 12710 MiB.
2026-10-07T03:37:24Z INFO [1780/3795] 83b8069d-8e0e-4004-9cff-d2e06ffe3566: does not qualify; 2.1 s; peak memory 12710 MiB.
2026-10-07T03:37:25Z INFO [1781/3795] 83b8292c-0f6b-448d-ad4c-8f9c3bed96bc: does not qualify; 1.6 s; peak memory 12710 MiB.
2026-10-07T03:37:26Z INFO [1782/3795] 83b97bd6-1948-4172-80ef-caa1f4d220a5: does not qualify; 1.0 s; peak memory 12710 MiB.
2026-10-07T03:37:28Z INFO [1783/3795] 83b9a363-25dd-4e0c-aeed-ea707a998d88: does not qualify; 2.1 s; peak memory 12710 MiB.
2026-10-07T03:37:30Z INFO [1784/3795] 83baf10f-1e89-438a-ab4e-1963903e730d: does not qualify; 1.7 s; peak memory 12710 MiB.
2026-10-07T03:37:32Z INFO [1785/3795] 83bde262-6c5c-436c-8792-da0a7a8fc41e: does not qualify; 1.4 s; peak memory 12710 MiB.
2026-10-07T03:37:36Z INFO [1786/3795] 83bed013-b91e-4368-9307-274387fdf127: does not qualify; 4.7 s; peak memory 12710 MiB.
2026-10-07T03:37:50Z INFO [1787/3795] 83bf80fc-7d3e-4b2f-8b3c-2422aab2dc4b: does not qualify; 14.1 s; peak memory 12710 MiB.
2026-10-07T03:37:54Z INFO [1788/3795] 83bfc28f-9e9e-4fcd-8a96-5bde51389a58: does not qualify; 3.9 s; peak memory 12710 MiB.
2026-10-07T03:37:55Z INFO [1789/3795] 83bfc764-c4d7-4d8a-8e5e-0d61421f91e1: does not qualify; 1.0 s; peak memory 12710 MiB.
2026-10-07T03:37:58Z INFO [1790/3795] 83bfecda-d898-4413-944c-485b4a626f03: does not qualify; 2.4 s; peak memory 12710 MiB.
2026-10-07T03:38:00Z INFO [1791/3795] 83c139d9-c677-49e9-870b-1b5dd3d8c159: does not qualify; 2.5 s; peak memory 12710 MiB.
2026-10-07T03:38:06Z INFO [1792/3795] 83c1ade1-1f75-438d-9fdf-7141126e6ea8: does not qualify; 6.0 s; peak memory 12710 MiB.
2026-10-07T03:38:08Z INFO [1793/3795] 83c27af5-e10f-42fd-8e0d-4e97fb7805ea: does not qualify; 2.0 s; peak memory 12710 MiB.
2026-10-07T03:38:14Z INFO [1794/3795] 83c2ce4f-d223-4700-90d4-6fdf3eedc5e3: does not qualify; 5.9 s; peak memory 12710 MiB.
2026-10-07T03:38:16Z INFO [1795/3795] 83c3259b-f9cb-46ed-817a-2f09537d0b8f: does not qualify; 2.0 s; peak memory 12710 MiB.
2026-10-07T03:38:18Z INFO [1796/3795] 83c3da9c-bff9-41b5-bad6-417235c1f924: does not qualify; 1.7 s; peak memory 12710 MiB.
2026-10-07T03:38:19Z INFO [1797/3795] 83c3ebbd-ec02-4425-9123-2a18cc34a74f: does not qualify; 1.3 s; peak memory 12710 MiB.
2026-10-07T03:38:21Z INFO [1798/3795] 83c3ec23-c568-40e5-a177-72b654093252: does not qualify; 2.2 s; peak memory 12710 MiB.
2026-10-07T03:38:23Z INFO [1799/3795] 83c4cd22-ab03-48e3-8a92-127c920b3f07: does not qualify; 1.9 s; peak memory 12710 MiB.
2026-10-07T03:38:26Z INFO [1800/3795] 83c5351f-1a20-4fe0-bce8-e92789106750: does not qualify; 2.6 s; peak memory 12710 MiB.
2026-10-07T03:38:26Z INFO [1800/3795] 83c5351f-1a20-4fe0-bce8-e92789106750: checkpointed 91919 records.
2026-10-07T03:38:27Z INFO [1801/3795] 83c570b9-e4da-45e7-bb4d-2ef3bf54d1af: does not qualify; 1.2 s; peak memory 12710 MiB.
2026-10-07T03:38:29Z INFO [1802/3795] 83c58a65-43c5-45cd-b74a-7ca0ee783614: does not qualify; 2.0 s; peak memory 12710 MiB.
2026-10-07T03:38:31Z INFO [1803/3795] 83c61407-f9cc-443d-b236-220d6f168df4: does not qualify; 1.6 s; peak memory 12710 MiB.
2026-10-07T03:38:32Z INFO [1804/3795] 83c64128-9f3e-410d-aab4-c2288b2ef27e: does not qualify; 1.3 s; peak memory 12710 MiB.
2026-10-07T03:38:36Z INFO [1805/3795] 83c64aaf-3555-428d-ac06-41764e0a3c92: does not qualify; 4.0 s; peak memory 12710 MiB.
2026-10-07T03:38:37Z INFO [1806/3795] 83c6b944-fac8-4d00-9ace-dfbafa354bb3: does not qualify; 1.0 s; peak memory 12710 MiB.
2026-10-07T03:38:39Z INFO [1807/3795] 83c6f5e4-c927-4c4b-a333-a6779cb4db8a: does not qualify; 1.8 s; peak memory 12710 MiB.
2026-10-07T03:38:45Z INFO [1808/3795] 83c71490-c580-447f-97b7-6af5a5960024: does not qualify; 6.6 s; peak memory 12710 MiB.
2026-10-07T03:38:48Z INFO [1809/3795] 83c736a1-5b15-4ba2-9b47-c4947fec51cb: does not qualify; 2.1 s; peak memory 12710 MiB.
2026-10-07T03:38:49Z INFO [1810/3795] 83c74674-a31e-412c-9e5e-a18915b91447: does not qualify; 1.5 s; peak memory 12710 MiB.
2026-10-07T03:38:50Z INFO [1811/3795] 83c752ce-7ea0-4d22-84dc-b96aeed9e752: does not qualify; 1.3 s; peak memory 12710 MiB.
2026-10-07T03:38:53Z INFO [1812/3795] 83c78dea-5557-4c7d-9b88-45e179c7e86e: does not qualify; 2.5 s; peak memory 12710 MiB.
2026-10-07T03:38:55Z INFO [1813/3795] 83c7d9d2-8e4c-4dcf-adea-a968eda0389b: does not qualify; 1.9 s; peak memory 12710 MiB.
2026-10-07T03:39:40Z INFO [1814/3795] 83c87a5d-b764-47a9-9ff1-819b205ee036: does not qualify; 45.8 s; peak memory 12710 MiB.
2026-10-07T03:39:45Z INFO [1815/3795] 83c8afec-efb8-467d-8434-ab3010ba2d0d: does not qualify; 4.6 s; peak memory 12710 MiB.
2026-10-07T03:39:46Z INFO [1816/3795] 83c8bcca-8f18-444b-8220-81765610d154: does not qualify; 1.4 s; peak memory 12710 MiB.
2026-10-07T03:39:50Z INFO [1817/3795] 83ca437d-5347-4606-a0b3-d1923cacfcb1: does not qualify; 3.3 s; peak memory 12710 MiB.
2026-10-07T03:39:51Z INFO [1818/3795] 83cbfb55-6e97-481c-8742-2fba662de0d1: does not qualify; 1.0 s; peak memory 12710 MiB.
2026-10-07T03:39:52Z INFO [1819/3795] 83cc1d4b-76a2-4e82-808d-bb93e5ac02f0: does not qualify; 1.3 s; peak memory 12710 MiB.
2026-10-07T03:39:54Z INFO [1820/3795] 83ccc077-fad2-4ca6-9711-5ae739b19205: does not qualify; 1.7 s; peak memory 12710 MiB.
2026-10-07T03:39:55Z INFO [1821/3795] 83cd0bcd-1a6a-4226-8335-5b0e155c7a13: does not qualify; 1.2 s; peak memory 12710 MiB.
2026-10-07T03:39:57Z INFO [1822/3795] 83cd1301-98e6-4db7-b226-e87ee7d4b383: does not qualify; 2.2 s; peak memory 12710 MiB.
2026-10-07T03:39:59Z INFO [1823/3795] 83cd3093-96e0-489d-8b7b-493c093ce34d: does not qualify; 2.0 s; peak memory 12710 MiB.
2026-10-07T03:40:02Z INFO [1824/3795] 83cd4817-f1bf-40ca-a18e-9a3561a6ae98: does not qualify; 2.4 s; peak memory 12710 MiB.
2026-10-07T03:40:03Z INFO [1825/3795] 83cd6fbc-c533-4229-abaf-78d159dd7e7f: does not qualify; 1.8 s; peak memory 12710 MiB.
2026-10-07T03:40:05Z INFO [1826/3795] 83cef2a8-1f80-44cd-a24c-e1f182ab228f: does not qualify; 1.8 s; peak memory 12710 MiB.
2026-10-07T03:40:07Z INFO [1827/3795] 83cf1e35-fccd-4d39-856e-ca220358a1f1: does not qualify; 1.5 s; peak memory 12710 MiB.
2026-10-07T03:40:08Z INFO [1828/3795] 83cfb266-2a06-4290-883c-83b4a4e4bd00: does not qualify; 1.2 s; peak memory 12710 MiB.
2026-10-07T03:40:09Z INFO [1829/3795] 83d0378e-5e46-4d6c-9971-bb4d4564b6f3: does not qualify; 1.5 s; peak memory 12710 MiB.
2026-10-07T03:40:10Z INFO [1830/3795] 83d06b3b-d70f-44a1-9180-74007c5c2acd: does not qualify; 1.2 s; peak memory 12710 MiB.
2026-10-07T03:40:12Z INFO [1831/3795] 83d1438c-8d40-4550-8513-0b6af1957743: does not qualify; 1.9 s; peak memory 12710 MiB.
2026-10-07T03:40:14Z INFO [1832/3795] 83d18684-f6be-4764-be3b-31cc795596e5: does not qualify; 1.6 s; peak memory 12710 MiB.
2026-10-07T03:40:15Z INFO [1833/3795] 83d23696-63a1-4b76-a17e-c284069bd297: does not qualify; 1.3 s; peak memory 12710 MiB.
2026-10-07T03:40:17Z INFO [1834/3795] 83d2d167-d02e-4c56-ba97-84d9e129e105: does not qualify; 1.8 s; peak memory 12710 MiB.
2026-10-07T03:40:19Z INFO [1835/3795] 83d43fbe-5bb1-4aee-bcd0-dbf9e75d58f6: does not qualify; 2.2 s; peak memory 12710 MiB.
2026-10-07T03:40:21Z INFO [1836/3795] 83d48307-8f17-43ab-8930-7380c78f9568: does not qualify; 1.3 s; peak memory 12710 MiB.
2026-10-07T03:40:24Z INFO [1837/3795] 83d58c07-2efa-4f95-9def-1f477e3d0a62: does not qualify; 3.8 s; peak memory 12710 MiB.
2026-10-07T03:40:27Z INFO [1838/3795] 83d5a154-1e9c-4b3c-8c3d-5eb42d48d7a9: does not qualify; 2.7 s; peak memory 12710 MiB.
2026-10-07T03:40:29Z INFO [1839/3795] 83d5cbb6-93a3-40b7-99f2-e53f4f57760d: does not qualify; 1.9 s; peak memory 12710 MiB.
2026-10-07T03:40:31Z INFO [1840/3795] 83d643bf-794a-46bd-981f-70c4395c328e: does not qualify; 2.0 s; peak memory 12710 MiB.
2026-10-07T03:40:33Z INFO [1841/3795] 83d668bb-6dcb-4dcd-82f1-fe7072f94590: qualifies; 2.3 s; peak memory 12710 MiB.
2026-10-07T03:40:36Z INFO [1842/3795] 83d67c08-19da-4a37-b4ff-4f70a8ded511: does not qualify; 2.5 s; peak memory 12710 MiB.
2026-10-07T03:40:38Z INFO [1843/3795] 83d6b481-dfcd-4fcb-bc76-bcc8461abc42: does not qualify; 1.8 s; peak memory 12710 MiB.
2026-10-07T03:40:43Z INFO [1844/3795] 83d6b699-9035-4649-9e52-d39c975848cb: does not qualify; 5.8 s; peak memory 12710 MiB.
2026-10-07T03:40:47Z INFO [1845/3795] 83d78815-f4c5-43f1-90fa-1992fd83ce01: does not qualify; 3.2 s; peak memory 12710 MiB.
2026-10-07T03:40:50Z INFO [1846/3795] 83d7c73d-5b6e-4ad1-9864-37ba10d71f44: does not qualify; 3.4 s; peak memory 12710 MiB.
2026-10-07T03:40:52Z INFO [1847/3795] 83da6418-62c2-4dbd-b786-bc8e906cfde1: does not qualify; 1.7 s; peak memory 12710 MiB.
2026-10-07T03:40:53Z INFO [1848/3795] 83dacb01-f8ec-4b63-bb0f-4aaa6f5dcd3b: does not qualify; 1.1 s; peak memory 12710 MiB.
2026-10-07T03:40:58Z INFO [1849/3795] 83db10cd-416a-4488-b8d0-74a432fe583d: does not qualify; 5.7 s; peak memory 12710 MiB.
2026-10-07T03:41:00Z INFO [1850/3795] 83db6152-6655-4d45-a7cf-bce115118e8f: does not qualify; 1.3 s; peak memory 12710 MiB.
2026-10-07T03:41:00Z INFO [1850/3795] 83db6152-6655-4d45-a7cf-bce115118e8f: checkpointed 91969 records.
2026-10-07T03:41:01Z INFO [1851/3795] 83dc62b4-b190-47b5-92ff-2e03543d6499: does not qualify; 1.1 s; peak memory 12710 MiB.
2026-10-07T03:41:03Z INFO [1852/3795] 83dcadf4-f8c8-4668-99e8-234fb1515765: does not qualify; 1.5 s; peak memory 12710 MiB.
2026-10-07T03:41:04Z INFO [1853/3795] 83dd4990-d469-48d2-b87e-66f08d227a5f: does not qualify; 1.4 s; peak memory 12710 MiB.
2026-10-07T03:41:05Z INFO [1854/3795] 83ddb002-0bc2-4795-85bf-3d05cd2489fe: does not qualify; 1.4 s; peak memory 12710 MiB.
2026-10-07T03:41:12Z INFO [1855/3795] 83dedd3d-bafa-4fad-81d8-e43c332dcfa0: does not qualify; 6.4 s; peak memory 12710 MiB.
2026-10-07T03:41:13Z INFO [1856/3795] 83dee111-fc2d-4a39-9478-b49e224e963a: does not qualify; 1.7 s; peak memory 12710 MiB.
2026-10-07T03:41:15Z INFO [1857/3795] 83dfcf19-8ff1-4c67-ac57-2f3ff83bb4da: does not qualify; 1.6 s; peak memory 12710 MiB.
2026-10-07T03:41:17Z INFO [1858/3795] 83e02b2f-1a3c-4697-b002-5630b2c09c33: does not qualify; 2.0 s; peak memory 12710 MiB.
2026-10-07T03:41:18Z INFO [1859/3795] 83e05c18-60bd-4107-ae1a-f0936761666e: does not qualify; 1.2 s; peak memory 12710 MiB.
2026-10-07T03:41:28Z INFO [1860/3795] 83e082db-d47f-4c65-9cf6-3a0bde9d86d8: does not qualify; 10.1 s; peak memory 12710 MiB.
2026-10-07T03:41:36Z INFO [1861/3795] 83e0bc3e-4274-4314-b17e-38e9bdeb91ec: does not qualify; 7.8 s; peak memory 12710 MiB.
2026-10-07T03:41:38Z INFO [1862/3795] 83e19935-c4f5-40ed-8de2-8adacdc1dedf: does not qualify; 1.5 s; peak memory 12710 MiB.
2026-10-07T03:41:39Z INFO [1863/3795] 83e1b782-f9a9-4852-ad82-e9f9e6d38636: does not qualify; 1.3 s; peak memory 12710 MiB.
2026-10-07T03:41:40Z INFO [1864/3795] 83e25d7e-aac8-4449-a2d2-0d8ab9951264: does not qualify; 1.3 s; peak memory 12710 MiB.
2026-10-07T03:41:43Z INFO [1865/3795] 83e40a68-0c42-4c1b-8521-141204ae155f: qualifies; 3.1 s; peak memory 12710 MiB.
2026-10-07T03:41:53Z INFO [1866/3795] 83e48c4f-1c79-453f-8146-e61efc245ed5: does not qualify; 9.9 s; peak memory 12710 MiB.
2026-10-07T03:41:55Z INFO [1867/3795] 83e554b1-31e3-412e-bc12-a06a1174e137: does not qualify; 2.1 s; peak memory 12710 MiB.
2026-10-07T03:41:56Z INFO [1868/3795] 83e5588f-a071-4d72-9dd3-fecfacaa2199: does not qualify; 1.0 s; peak memory 12710 MiB.
2026-10-07T03:42:41Z INFO [1869/3795] 83e5903d-d443-4fb0-8ae7-004b8f943642: does not qualify; 44.4 s; peak memory 12710 MiB.
2026-10-07T03:42:48Z INFO [1870/3795] 83e657cb-e242-47ba-9335-ce36faca9246: does not qualify; 7.1 s; peak memory 12710 MiB.
2026-10-07T03:42:49Z INFO [1871/3795] 83e6a7cb-d28c-4fff-a7ae-4e01cfc05b96: does not qualify; 1.3 s; peak memory 12710 MiB.
2026-10-07T03:42:51Z INFO [1872/3795] 83e73635-36de-45ad-a6e6-5a561a9ee7fb: does not qualify; 1.9 s; peak memory 12710 MiB.
2026-10-07T03:42:53Z INFO [1873/3795] 83e746ef-e162-4ae2-b407-afcb9cefd616: does not qualify; 1.6 s; peak memory 12710 MiB.
2026-10-07T03:42:54Z INFO [1874/3795] 83e77b2a-91e5-4c19-9efc-4932db3dd398: does not qualify; 1.6 s; peak memory 12710 MiB.
2026-10-07T03:42:55Z INFO [1875/3795] 83e960f8-b310-45e1-92e4-5c1f853a8604: does not qualify; 1.1 s; peak memory 12710 MiB.
2026-10-07T03:43:03Z INFO [1876/3795] 83e9dc4f-c330-46b7-87fb-bd73a52b8b62: does not qualify; 7.8 s; peak memory 12710 MiB.
2026-10-07T03:43:05Z INFO [1877/3795] 83ea30ee-1273-4f5f-852a-03ee81c8cd81: does not qualify; 1.9 s; peak memory 12710 MiB.
2026-10-07T03:43:07Z INFO [1878/3795] 83ebad7f-2cc2-4f04-a639-eb0a4972ae2e: does not qualify; 1.6 s; peak memory 12710 MiB.
2026-10-07T03:43:09Z INFO [1879/3795] 83ecba42-a25b-4b53-8781-0ceed71bfdf0: does not qualify; 2.0 s; peak memory 12710 MiB.
2026-10-07T03:43:10Z INFO [1880/3795] 83ecef6d-5582-4bb1-9920-418b6a48300a: does not qualify; 1.4 s; peak memory 12710 MiB.
2026-10-07T03:43:12Z INFO [1881/3795] 83ed6f81-0fc6-443f-bbba-32f963d1e391: does not qualify; 1.3 s; peak memory 12710 MiB.
2026-10-07T03:43:13Z INFO [1882/3795] 83ed7a85-48c2-4f08-990a-85cc34f779f4: does not qualify; 1.3 s; peak memory 12710 MiB.
2026-10-07T03:43:17Z INFO [1883/3795] 83edf1c2-19cf-488d-b0e2-f41d51287f57: does not qualify; 3.7 s; peak memory 12710 MiB.
2026-10-07T03:43:18Z INFO [1884/3795] 83ee073c-0b0a-48dd-b861-4b324b428d6d: does not qualify; 1.5 s; peak memory 12710 MiB.
2026-10-07T03:43:19Z INFO [1885/3795] 83ee3910-6ea6-4d08-8ea2-c9a07b1a1419: does not qualify; 1.0 s; peak memory 12710 MiB.
2026-10-07T03:43:21Z INFO [1886/3795] 83eec6ae-0aff-4d65-b143-f880ca76df64: does not qualify; 1.7 s; peak memory 12710 MiB.
2026-10-07T03:43:23Z INFO [1887/3795] 83ef9ef2-3c32-4cb1-a5a8-260f611e6bdb: qualifies; 2.3 s; peak memory 12710 MiB.
2026-10-07T03:43:24Z INFO [1888/3795] 83f03654-0a56-4aeb-82d0-2d297e3bf29b: does not qualify; 0.9 s; peak memory 12710 MiB.
2026-10-07T03:43:25Z INFO [1889/3795] 83f19c09-f8c3-4420-8712-5731629433b6: does not qualify; 1.3 s; peak memory 12710 MiB.
2026-10-07T03:43:27Z INFO [1890/3795] 83f31728-0642-43b4-8305-921c9f6488fe: does not qualify; 1.7 s; peak memory 12710 MiB.
2026-10-07T03:43:28Z INFO [1891/3795] 83f369d7-864c-4e1a-8370-b61b6f61f20c: does not qualify; 1.1 s; peak memory 12710 MiB.
2026-10-07T03:43:29Z INFO [1892/3795] 83f3d835-2509-460b-b03a-95181cb0fa08: does not qualify; 1.3 s; peak memory 12710 MiB.
2026-10-07T03:43:32Z INFO [1893/3795] 83f57121-37cf-43ca-9308-7ae198682d03: does not qualify; 2.1 s; peak memory 12710 MiB.
2026-10-07T03:43:33Z INFO [1894/3795] 83f5cbdc-313b-4ef1-9cf5-026cf67dc425: does not qualify; 1.9 s; peak memory 12710 MiB.
2026-10-07T03:43:35Z INFO [1895/3795] 83f60649-70ed-4293-9e73-632528a0d1ee: does not qualify; 1.7 s; peak memory 12710 MiB.
2026-10-07T03:43:38Z INFO [1896/3795] 83f607de-dce4-46ee-bac3-c0954f1f1d79: does not qualify; 2.5 s; peak memory 12710 MiB.
2026-10-07T03:43:47Z INFO [1897/3795] 83f83a10-d04c-421b-b86b-2b8182775c5a: does not qualify; 9.3 s; peak memory 12710 MiB.
2026-10-07T03:43:49Z INFO [1898/3795] 83f8e6b0-414d-4102-9363-69ca76365236: does not qualify; 2.0 s; peak memory 12710 MiB.
2026-10-07T03:43:50Z INFO [1899/3795] 83f98470-269a-4aa4-93ab-d5bf300dfb9f: does not qualify; 1.7 s; peak memory 12710 MiB.
2026-10-07T03:43:57Z INFO [1900/3795] 83f9dc91-f02f-4341-8c04-a279600099c5: does not qualify; 6.9 s; peak memory 12710 MiB.
2026-10-07T03:43:58Z INFO [1900/3795] 83f9dc91-f02f-4341-8c04-a279600099c5: checkpointed 92019 records.
2026-10-07T03:44:05Z INFO [1901/3795] 83f9edfc-df6c-4e87-af47-7533dff33dbb: does not qualify; 7.5 s; peak memory 12710 MiB.
2026-10-07T03:44:06Z INFO [1902/3795] 83fa0b20-a44c-49e1-abe9-0cc64e4fcdc2: does not qualify; 1.4 s; peak memory 12710 MiB.
2026-10-07T03:44:08Z INFO [1903/3795] 83fa8c77-b0a6-496a-b56e-f1eebda2d36e: does not qualify; 1.2 s; peak memory 12710 MiB.
2026-10-07T03:44:09Z INFO [1904/3795] 83fac6a7-5799-4e76-9ec0-d652a24809b3: does not qualify; 1.5 s; peak memory 12710 MiB.
2026-10-07T03:44:11Z INFO [1905/3795] 83fc3710-eaa6-4cd3-8211-4b6725d735db: qualifies; 2.0 s; peak memory 12710 MiB.
2026-10-07T03:44:13Z INFO [1906/3795] 83fc8b5e-f632-4dad-850d-1fe8db7a907d: does not qualify; 1.4 s; peak memory 12710 MiB.
2026-10-07T03:44:14Z INFO [1907/3795] 83fd1dd7-2df5-479f-bf3b-8650ee36eb48: does not qualify; 0.9 s; peak memory 12710 MiB.
2026-10-07T03:44:20Z INFO [1908/3795] 83fe17fd-6239-49da-aa6f-b97941bf4b00: does not qualify; 6.8 s; peak memory 12710 MiB.
2026-10-07T03:44:22Z INFO [1909/3795] 8400092a-d453-4c6b-94bd-82575635ea0c: does not qualify; 1.3 s; peak memory 12710 MiB.
2026-10-07T03:44:23Z INFO [1910/3795] 84010fdc-35bb-44ad-a11c-6cc353e7f532: does not qualify; 1.7 s; peak memory 12710 MiB.
2026-10-07T03:44:27Z INFO [1911/3795] 84014684-6655-4693-84a5-11547376f00e: does not qualify; 3.2 s; peak memory 12710 MiB.
2026-10-07T03:44:32Z INFO [1912/3795] 84016ad5-f73b-4760-9413-574fdbda6e9b: does not qualify; 5.7 s; peak memory 12710 MiB.
2026-10-07T03:44:34Z INFO [1913/3795] 84017b65-72df-4d9a-a06f-8d98d6e84446: does not qualify; 1.4 s; peak memory 12710 MiB.
2026-10-07T03:44:35Z INFO [1914/3795] 8401ff04-2318-4762-a9e1-4df679c506a0: does not qualify; 1.3 s; peak memory 12710 MiB.
2026-10-07T03:44:37Z INFO [1915/3795] 8402cb61-f391-48e4-a301-f0084f21307e: does not qualify; 2.3 s; peak memory 12710 MiB.
2026-10-07T03:44:39Z INFO [1916/3795] 8403508c-3424-45e1-ab8c-be47d62bb6c5: does not qualify; 1.6 s; peak memory 12710 MiB.
2026-10-07T03:44:41Z INFO [1917/3795] 84040ced-d7a9-429e-be2c-32cf7f4a75d4: does not qualify; 1.8 s; peak memory 12710 MiB.
2026-10-07T03:44:45Z INFO [1918/3795] 8404d558-308a-4579-a256-1ecfd134e25c: does not qualify; 4.4 s; peak memory 12710 MiB.
2026-10-07T03:44:48Z INFO [1919/3795] 8404f15f-d475-4030-81ff-57bcd722824a: does not qualify; 2.6 s; peak memory 12710 MiB.
2026-10-07T03:44:49Z INFO [1920/3795] 84058815-a172-4c86-9263-df35bb6a6b4f: does not qualify; 1.7 s; peak memory 12710 MiB.
2026-10-07T03:44:55Z INFO [1921/3795] 840692fc-8f96-4e2f-bbed-2fd6d9899677: qualifies; 6.0 s; peak memory 12710 MiB.
2026-10-07T03:44:57Z INFO [1922/3795] 84072d17-0a43-41a8-a514-2d61d65e0029: does not qualify; 1.6 s; peak memory 12710 MiB.
2026-10-07T03:45:01Z INFO [1923/3795] 840779d8-1497-47e6-9b05-c95733189c5d: does not qualify; 3.9 s; peak memory 12710 MiB.
2026-10-07T03:45:13Z INFO [1924/3795] 8407da45-31bd-4b5a-ba84-2b8c5b7dd734: does not qualify; 12.3 s; peak memory 12710 MiB.
2026-10-07T03:45:16Z INFO [1925/3795] 84089f21-6168-4e43-9c83-0e2b4d98c0ad: does not qualify; 2.9 s; peak memory 12710 MiB.
2026-10-07T03:45:17Z INFO [1926/3795] 8408ddb6-83b7-4351-b87c-e2480134865c: does not qualify; 1.4 s; peak memory 12710 MiB.
2026-10-07T03:45:19Z INFO [1927/3795] 8409f054-fefe-43c4-8f19-77872ce2d67c: does not qualify; 1.3 s; peak memory 12710 MiB.
2026-10-07T03:45:20Z INFO [1928/3795] 840b3b75-9262-4133-a5c7-372c31957491: does not qualify; 1.4 s; peak memory 12710 MiB.
2026-10-07T03:45:22Z INFO [1929/3795] 840c7a24-23ad-4ded-957a-39157ef4bf8f: does not qualify; 2.0 s; peak memory 12710 MiB.
2026-10-07T03:45:24Z INFO [1930/3795] 840ccbc8-121c-4dc2-870c-ddaa8e13c51d: does not qualify; 1.3 s; peak memory 12710 MiB.
2026-10-07T03:45:31Z INFO [1931/3795] 840cd25d-5300-4258-a25b-307b68a4c696: does not qualify; 7.1 s; peak memory 12710 MiB.
2026-10-07T03:45:32Z INFO [1932/3795] 840d733b-7afb-48bd-822f-3c91dd150dbb: does not qualify; 1.6 s; peak memory 12710 MiB.
2026-10-07T03:45:38Z INFO [1933/3795] 840d8da6-a53d-4d5b-bb73-e2301524b15e: does not qualify; 5.7 s; peak memory 12710 MiB.
2026-10-07T03:45:39Z INFO [1934/3795] 840eb0dd-f1cb-43b4-9661-6399c33912f9: does not qualify; 1.3 s; peak memory 12710 MiB.
2026-10-07T03:45:41Z INFO [1935/3795] 840eb912-dec8-464e-97f3-35727e06c0f5: does not qualify; 2.3 s; peak memory 12710 MiB.
2026-10-07T03:45:53Z INFO [1936/3795] 840fcbb2-b1cd-4e45-bfe9-9284999a9336: does not qualify; 11.1 s; peak memory 12710 MiB.
2026-10-07T03:45:54Z INFO [1937/3795] 840fe2e1-81bd-49f3-9047-844f82eb79a0: does not qualify; 1.6 s; peak memory 12710 MiB.
2026-10-07T03:45:56Z INFO [1938/3795] 8410860e-4a25-4867-a953-7509dcd92ed7: does not qualify; 1.6 s; peak memory 12710 MiB.
2026-10-07T03:45:57Z INFO [1939/3795] 84116685-5b83-4afd-b20a-69e11f51c6ab: does not qualify; 1.7 s; peak memory 12710 MiB.
2026-10-07T03:47:24Z INFO [1940/3795] 841169f6-9df9-4d4d-b1e8-5d682c04354d: does not qualify; 86.1 s; peak memory 12710 MiB.
2026-10-07T03:47:26Z INFO [1941/3795] 8411e1fd-0527-4701-8c0b-57a4154aa347: does not qualify; 2.1 s; peak memory 12710 MiB.
2026-10-07T03:47:32Z INFO [1942/3795] 841250e4-5643-44cf-aae1-62298c541966: does not qualify; 6.4 s; peak memory 12710 MiB.
2026-10-07T03:47:33Z INFO [1943/3795] 84133694-c419-4efa-9432-8d8d95894239: does not qualify; 1.3 s; peak memory 12710 MiB.
2026-10-07T03:47:35Z INFO [1944/3795] 84142ae0-de95-4a70-b502-20ee0e7586ef: does not qualify; 1.2 s; peak memory 12710 MiB.
2026-10-07T03:47:47Z INFO [1945/3795] 8414346d-fa77-408d-a76a-0fec92e553e3: does not qualify; 12.0 s; peak memory 12710 MiB.
2026-10-07T03:47:48Z INFO [1946/3795] 8414b6ab-1abb-444f-a02e-2b44eb41134a: does not qualify; 1.6 s; peak memory 12710 MiB.
2026-10-07T03:47:50Z INFO [1947/3795] 841509c9-7b2d-48d2-86dc-52a0659e2430: does not qualify; 1.4 s; peak memory 12710 MiB.
2026-10-07T03:47:52Z INFO [1948/3795] 841512b0-c717-4d86-9634-e14373892fb3: does not qualify; 2.4 s; peak memory 12710 MiB.
2026-10-07T03:47:54Z INFO [1949/3795] 84152c1f-55fc-4a45-8e8e-3aaf378dd364: does not qualify; 2.1 s; peak memory 12710 MiB.
2026-10-07T03:47:55Z INFO [1950/3795] 84159113-9fc8-461e-b7dd-82044854afde: does not qualify; 1.3 s; peak memory 12710 MiB.
2026-10-07T03:47:56Z INFO [1950/3795] 84159113-9fc8-461e-b7dd-82044854afde: checkpointed 92069 records.
2026-10-07T03:47:57Z INFO [1951/3795] 84159b93-916c-4270-9661-d1e0ed2a8cbc: does not qualify; 1.3 s; peak memory 12710 MiB.
2026-10-07T03:48:04Z INFO [1952/3795] 8416279e-f8f4-47fe-8375-305fbe07ea16: does not qualify; 6.8 s; peak memory 12710 MiB.
2026-10-07T03:48:06Z INFO [1953/3795] 84176c61-8942-497e-9dd2-bc5c7782bc6b: does not qualify; 2.3 s; peak memory 12710 MiB.
2026-10-07T03:48:07Z INFO [1954/3795] 84180098-baa1-4942-9256-bb10c1c6efd3: does not qualify; 1.6 s; peak memory 12710 MiB.
2026-10-07T03:48:27Z INFO [1955/3795] 8418077b-3ad5-4020-8c99-c96914042d4a: does not qualify; 19.3 s; peak memory 12710 MiB.
2026-10-07T03:48:28Z INFO [1956/3795] 84181a52-c8b5-4c77-9aa5-822c9d234eef: does not qualify; 1.6 s; peak memory 12710 MiB.
2026-10-07T03:48:30Z INFO [1957/3795] 841927f2-9b0b-4bc6-a0aa-823328391c73: does not qualify; 1.2 s; peak memory 12710 MiB.
2026-10-07T03:48:36Z INFO [1958/3795] 841976b6-f204-4c34-ba4d-2074bd2b9e84: does not qualify; 6.3 s; peak memory 12710 MiB.
2026-10-07T03:48:39Z INFO [1959/3795] 8419cfbd-6faa-45bd-8abf-8b6762959faa: does not qualify; 3.2 s; peak memory 12710 MiB.
2026-10-07T03:48:41Z INFO [1960/3795] 8419f03d-6bdb-4a8c-bbc1-be3fe1e7244f: does not qualify; 1.3 s; peak memory 12710 MiB.
2026-10-07T03:48:44Z INFO [1961/3795] 841a09c3-aa70-4ee4-9d66-8646c1349813: does not qualify; 3.1 s; peak memory 12710 MiB.
2026-10-07T03:48:45Z INFO [1962/3795] 841b1db8-cbaf-4d7b-927d-b746668204c1: does not qualify; 1.5 s; peak memory 12710 MiB.
2026-10-07T03:48:46Z INFO [1963/3795] 841b310a-1fc6-48e4-8a61-223a4ebbad8a: does not qualify; 1.3 s; peak memory 12710 MiB.
2026-10-07T03:48:50Z INFO [1964/3795] 841b557a-853d-48ff-97ad-d0132ad143c6: does not qualify; 3.3 s; peak memory 12710 MiB.
2026-10-07T03:48:52Z INFO [1965/3795] 841d49f4-fd68-4a77-8de7-a5a33737b3b5: does not qualify; 2.2 s; peak memory 12710 MiB.
2026-10-07T03:48:54Z INFO [1966/3795] 841d771c-c58d-431b-83ff-d8cf3c0042fa: does not qualify; 1.7 s; peak memory 12710 MiB.
2026-10-07T03:48:55Z INFO [1967/3795] 841dc0a7-5d22-4124-b400-088f755fea5e: does not qualify; 1.3 s; peak memory 12710 MiB.
2026-10-07T03:48:56Z INFO [1968/3795] 841dccee-766c-4437-8d44-5528e8f6c64a: does not qualify; 1.5 s; peak memory 12710 MiB.
2026-10-07T03:48:58Z INFO [1969/3795] 841df661-344b-41c9-b8c6-290022dcfeeb: does not qualify; 2.1 s; peak memory 12710 MiB.
2026-10-07T03:49:00Z INFO [1970/3795] 841e0a27-84d2-48ac-85e0-ad5db8fa8307: does not qualify; 1.2 s; peak memory 12710 MiB.
2026-10-07T03:49:01Z INFO [1971/3795] 841e2cc1-fadf-419b-8d7f-fad932de1fb1: does not qualify; 1.4 s; peak memory 12710 MiB.
2026-10-07T03:49:04Z INFO [1972/3795] 841eccbe-2480-4513-83ee-54f7ae40b6ff: qualifies; 2.9 s; peak memory 12710 MiB.
2026-10-07T03:49:05Z INFO [1973/3795] 841ee5cb-8671-4b9a-ae70-f8086f61b108: does not qualify; 1.1 s; peak memory 12710 MiB.
2026-10-07T03:49:07Z INFO [1974/3795] 841f3dd5-96ec-4bff-b088-54a8e8734cb9: does not qualify; 1.5 s; peak memory 12710 MiB.
2026-10-07T03:49:08Z INFO [1975/3795] 841f5c96-d9dd-465b-97f8-a8beb454278c: does not qualify; 1.7 s; peak memory 12710 MiB.
2026-10-07T03:49:10Z INFO [1976/3795] 841fb92a-b018-405b-9cd3-b3e14215ebc8: does not qualify; 1.2 s; peak memory 12710 MiB.
2026-10-07T03:49:11Z INFO [1977/3795] 842006b7-8e8d-4acf-bedd-5a51c643e562: does not qualify; 1.2 s; peak memory 12710 MiB.
2026-10-07T03:49:12Z INFO [1978/3795] 8420974b-8924-4bab-ade9-66da354cae3b: does not qualify; 1.2 s; peak memory 12710 MiB.
2026-10-07T03:49:53Z INFO [1979/3795] 8420b4e5-94f7-46f2-9251-36d3d137b9e2: does not qualify; 40.9 s; peak memory 12710 MiB.
2026-10-07T03:49:55Z INFO [1980/3795] 8420f34d-3943-4911-8c6d-679458f80e11: does not qualify; 1.9 s; peak memory 12710 MiB.
2026-10-07T03:49:58Z INFO [1981/3795] 8421b7a4-fa48-40d7-958d-e28d09ebb563: does not qualify; 3.2 s; peak memory 12710 MiB.
2026-10-07T03:50:06Z INFO [1982/3795] 84227415-8df0-487b-ae93-2c178d3847f9: does not qualify; 7.7 s; peak memory 12710 MiB.
2026-10-07T03:50:14Z INFO [1983/3795] 84236801-ecb5-4fe5-8437-1945adfc288d: does not qualify; 8.0 s; peak memory 12710 MiB.
2026-10-07T03:50:15Z INFO [1984/3795] 8423cbea-87cb-4d3b-a373-5a3b87ee4539: does not qualify; 1.6 s; peak memory 12710 MiB.
2026-10-07T03:50:17Z INFO [1985/3795] 8423dea2-6c02-4a6d-bcf3-8cb2523cffa2: does not qualify; 1.5 s; peak memory 12710 MiB.
2026-10-07T03:50:18Z INFO [1986/3795] 8424152e-5f2f-42d4-bea9-c093f2fc40da: does not qualify; 1.3 s; peak memory 12710 MiB.
2026-10-07T03:50:27Z INFO [1987/3795] 84246848-0c38-4f3b-8f21-301eeca74222: does not qualify; 8.7 s; peak memory 12710 MiB.
2026-10-07T03:50:28Z INFO [1988/3795] 8425535b-4c50-451e-8814-187bc6b153a8: does not qualify; 1.4 s; peak memory 12710 MiB.
2026-10-07T03:50:30Z INFO [1989/3795] 842647e2-2af8-4d8e-9219-35bf116588e4: does not qualify; 1.9 s; peak memory 12710 MiB.
2026-10-07T03:50:32Z INFO [1990/3795] 8426cb5a-62d8-4a38-8b76-da324f9c4e6d: does not qualify; 1.8 s; peak memory 12710 MiB.
2026-10-07T03:52:36Z INFO [1991/3795] 8427c706-aa05-4b58-80f9-a2e54bfce2aa: does not qualify; 124.0 s; peak memory 12710 MiB.
2026-10-07T03:52:38Z INFO [1992/3795] 8427d553-b37c-4186-8251-65a7a421a226: does not qualify; 2.3 s; peak memory 12710 MiB.
2026-10-07T03:52:40Z INFO [1993/3795] 842913db-389e-4cc2-a0e9-0ebcbb774efb: does not qualify; 1.6 s; peak memory 12710 MiB.
2026-10-07T03:52:41Z INFO [1994/3795] 84294bba-b218-4462-92ad-313595932d1b: does not qualify; 1.4 s; peak memory 12710 MiB.
2026-10-07T03:52:42Z INFO [1995/3795] 8429ba91-d641-410e-9c54-d22ded7503b5: does not qualify; 1.1 s; peak memory 12710 MiB.
2026-10-07T03:52:44Z INFO [1996/3795] 8429f3ec-b07a-4c74-8cf3-ed20be725572: does not qualify; 1.4 s; peak memory 12710 MiB.
2026-10-07T03:52:54Z INFO [1997/3795] 842b20a3-d522-4871-a940-61303e3f0379: does not qualify; 10.8 s; peak memory 12710 MiB.
2026-10-07T03:52:56Z INFO [1998/3795] 842b98e9-80d6-4beb-85ea-c19419cf9aa6: does not qualify; 1.4 s; peak memory 12710 MiB.
2026-10-07T03:52:58Z INFO [1999/3795] 842bcfd4-613c-4c52-8a60-64efe0ac3d1d: does not qualify; 1.7 s; peak memory 12710 MiB.
2026-10-07T03:53:03Z INFO [2000/3795] 842cab23-66b3-4d8d-8017-d24f9bea2e94: qualifies; 5.0 s; peak memory 12710 MiB.
2026-10-07T03:53:03Z INFO [2000/3795] 842cab23-66b3-4d8d-8017-d24f9bea2e94: checkpointed 92119 records.
2026-10-07T03:53:05Z INFO [2001/3795] 842e6712-8bea-4e74-9348-0400c513cb2f: qualifies; 2.5 s; peak memory 12710 MiB.
2026-10-07T03:53:08Z INFO [2002/3795] 842f285d-75e0-484b-86e2-516d6fb6cbb0: does not qualify; 3.0 s; peak memory 12710 MiB.
2026-10-07T03:53:10Z INFO [2003/3795] 842f9752-d8ba-41e4-9511-390d4994feb9: does not qualify; 1.5 s; peak memory 12710 MiB.
2026-10-07T03:53:11Z INFO [2004/3795] 84300b2c-0e5a-40de-944d-84ae7025cf59: does not qualify; 1.5 s; peak memory 12710 MiB.
2026-10-07T03:53:13Z INFO [2005/3795] 8431c281-26a9-4401-af8f-c449c4da7209: does not qualify; 1.4 s; peak memory 12710 MiB.
2026-10-07T03:53:14Z INFO [2006/3795] 8431d0f4-49ee-41c1-a46d-8b85df0a3e35: does not qualify; 1.4 s; peak memory 12710 MiB.
2026-10-07T03:53:15Z INFO [2007/3795] 843247a5-cc81-478c-a99c-bb90880a17b9: does not qualify; 1.3 s; peak memory 12710 MiB.
2026-10-07T03:53:17Z INFO [2008/3795] 84331c58-8194-4fe9-8d78-699598411e3f: does not qualify; 1.5 s; peak memory 12710 MiB.
2026-10-07T03:53:18Z INFO [2009/3795] 8433c895-14ae-4ec1-a99e-1cdd4750cb1d: does not qualify; 1.6 s; peak memory 12710 MiB.
2026-10-07T03:53:19Z INFO [2010/3795] 8433d095-1af0-4c76-868e-6a96832f3cc4: does not qualify; 0.9 s; peak memory 12710 MiB.
2026-10-07T03:53:21Z INFO [2011/3795] 84353e86-9a18-49aa-8804-a2893c0aba26: does not qualify; 2.1 s; peak memory 12710 MiB.
2026-10-07T03:53:24Z INFO [2012/3795] 84378369-054c-4a34-aec6-b95f4d7f214f: does not qualify; 2.1 s; peak memory 12710 MiB.
2026-10-07T03:53:26Z INFO [2013/3795] 8437e7e4-9a17-46b1-a1c5-86a124c0ad9a: does not qualify; 1.9 s; peak memory 12710 MiB.
2026-10-07T03:53:31Z INFO [2014/3795] 84380b6a-c143-41bb-819e-68e49819157b: does not qualify; 5.8 s; peak memory 12710 MiB.
2026-10-07T03:53:32Z INFO [2015/3795] 8438e40f-aa93-4dae-9935-94d273be5996: does not qualify; 1.0 s; peak memory 12710 MiB.
2026-10-07T03:53:34Z INFO [2016/3795] 8438f0b9-c96a-45b3-9df1-dcb74f2952d2: does not qualify; 1.9 s; peak memory 12710 MiB.
2026-10-07T03:53:36Z INFO [2017/3795] 84390522-fb65-4bcf-81e0-0ada92dd1952: does not qualify; 1.9 s; peak memory 12710 MiB.
2026-10-07T03:53:37Z INFO [2018/3795] 843a0cd9-5be7-436f-b96a-7201ffa6db1b: does not qualify; 1.0 s; peak memory 12710 MiB.
2026-10-07T03:53:38Z INFO [2019/3795] 843ac565-2eef-4006-9176-edc2758415c7: does not qualify; 1.1 s; peak memory 12710 MiB.
2026-10-07T03:53:40Z INFO [2020/3795] 843b68e3-cd55-4731-8e96-e50efa7c015b: does not qualify; 1.8 s; peak memory 12710 MiB.
2026-10-07T03:53:41Z INFO [2021/3795] 843bbff7-d449-47af-a64c-b7b1baf936fc: does not qualify; 1.2 s; peak memory 12710 MiB.
2026-10-07T03:53:43Z INFO [2022/3795] 843c1ef8-7b53-4513-b639-e1cab46ba2dc: does not qualify; 1.3 s; peak memory 12710 MiB.
2026-10-07T03:53:44Z INFO [2023/3795] 843c46c4-0c3d-4bb9-b9b8-82a9647c222b: does not qualify; 1.9 s; peak memory 12710 MiB.
2026-10-07T03:53:59Z INFO [2024/3795] 843c6198-4167-4a14-a7fd-ca4aa1cdd82a: does not qualify; 14.4 s; peak memory 12710 MiB.
2026-10-07T03:54:00Z INFO [2025/3795] 843c8e2f-9a00-4302-bbee-13c18604e594: does not qualify; 1.0 s; peak memory 12710 MiB.
2026-10-07T03:54:02Z INFO [2026/3795] 843cab94-e484-4011-932c-3d6cbf74488e: does not qualify; 1.9 s; peak memory 12710 MiB.
2026-10-07T03:54:04Z INFO [2027/3795] 843ecc6c-36e0-4a1a-962b-1a422fd0f351: does not qualify; 1.7 s; peak memory 12710 MiB.
2026-10-07T03:54:05Z INFO [2028/3795] 843f1254-9cc6-4bcd-a88c-75e8dff0e597: does not qualify; 1.1 s; peak memory 12710 MiB.
2026-10-07T03:54:06Z INFO [2029/3795] 843f1f89-4854-4cd3-8c2a-e8e6e8c83494: does not qualify; 1.4 s; peak memory 12710 MiB.
2026-10-07T03:54:09Z INFO [2030/3795] 843ff483-4943-41bd-b918-070439a7b4cb: does not qualify; 3.1 s; peak memory 12710 MiB.
2026-10-07T03:54:11Z INFO [2031/3795] 844021a1-66e3-4149-987a-3db4a6e4d536: does not qualify; 1.9 s; peak memory 12710 MiB.
2026-10-07T03:54:13Z INFO [2032/3795] 8442b031-dd24-4d58-8e90-efff7ac8fcb3: does not qualify; 1.6 s; peak memory 12710 MiB.
2026-10-07T03:54:20Z INFO [2033/3795] 84439222-9145-4e0a-8c4b-9a855e3d78ae: does not qualify; 7.0 s; peak memory 12710 MiB.
2026-10-07T03:54:21Z INFO [2034/3795] 8444049f-867b-46d7-b113-1896f326fe6b: does not qualify; 1.4 s; peak memory 12710 MiB.
2026-10-07T03:54:22Z INFO [2035/3795] 844477c2-d50d-49ed-8745-7c82f700760d: does not qualify; 1.0 s; peak memory 12710 MiB.
2026-10-07T03:54:24Z INFO [2036/3795] 84451e5a-83ba-4cb4-960d-fa8dc6734606: does not qualify; 1.8 s; peak memory 12710 MiB.
2026-10-07T03:54:26Z INFO [2037/3795] 844748e3-3b82-4c8f-a22e-73b35ea45281: does not qualify; 2.0 s; peak memory 12710 MiB.
2026-10-07T03:54:28Z INFO [2038/3795] 84476ed9-18a0-45a2-8af6-9813c97ed4d7: does not qualify; 2.6 s; peak memory 12710 MiB.
2026-10-07T03:54:29Z INFO [2039/3795] 8447d2e2-6f9f-45cb-ad1d-f5f64559182f: does not qualify; 1.1 s; peak memory 12710 MiB.
2026-10-07T03:54:34Z INFO [2040/3795] 8448f871-7f01-4617-bcaa-eee9b4e3d2cc: does not qualify; 4.8 s; peak memory 12710 MiB.
2026-10-07T03:54:37Z INFO [2041/3795] 844a7077-0655-4b57-a0ca-d68eba1eadfa: does not qualify; 3.1 s; peak memory 12710 MiB.
2026-10-07T03:54:53Z INFO [2042/3795] 844aa449-ed2d-4268-b4e2-61318c7598d4: does not qualify; 15.6 s; peak memory 12710 MiB.
2026-10-07T03:54:55Z INFO [2043/3795] 844aeb0b-a3d0-43ec-8357-7dc24596bcca: does not qualify; 2.1 s; peak memory 12710 MiB.
2026-10-07T03:54:56Z INFO [2044/3795] 844b1105-f603-4300-b77d-dc3d12bcb11f: does not qualify; 1.2 s; peak memory 12710 MiB.
2026-10-07T03:54:58Z INFO [2045/3795] 844b377b-510b-4281-8a79-11d2390c5499: does not qualify; 1.8 s; peak memory 12710 MiB.
2026-10-07T03:55:00Z INFO [2046/3795] 844bdc24-b3bf-42e2-833f-b9d18af63b6f: does not qualify; 1.5 s; peak memory 12710 MiB.
2026-10-07T03:55:01Z INFO [2047/3795] 844bfa6b-dcc4-44f6-adf3-94281888eaca: does not qualify; 1.3 s; peak memory 12710 MiB.
2026-10-07T03:55:02Z INFO [2048/3795] 844ee17a-a095-472a-95e2-c1ebc9f76061: does not qualify; 1.1 s; peak memory 12710 MiB.
2026-10-07T03:55:03Z INFO [2049/3795] 84502c3e-bfdd-46b8-a3bc-e13b34b92a61: does not qualify; 1.3 s; peak memory 12710 MiB.
2026-10-07T03:55:05Z INFO [2050/3795] 8451ce2c-c005-4fdc-ba67-4bddb17284fd: does not qualify; 1.3 s; peak memory 12710 MiB.
2026-10-07T03:55:05Z INFO [2050/3795] 8451ce2c-c005-4fdc-ba67-4bddb17284fd: checkpointed 92169 records.
2026-10-07T03:55:07Z INFO [2051/3795] 8452f6cd-17bd-4656-bdd3-2e00f7446cc1: does not qualify; 2.4 s; peak memory 12710 MiB.
2026-10-07T03:55:08Z INFO [2052/3795] 84540def-fdb4-4d78-91c3-0536eafc999e: does not qualify; 1.3 s; peak memory 12710 MiB.
2026-10-07T03:55:10Z INFO [2053/3795] 84547a10-c5dd-4172-9d9d-5b30ee9f1da5: does not qualify; 1.4 s; peak memory 12710 MiB.
2026-10-07T03:55:11Z INFO [2054/3795] 8454f48c-cd1a-4bb7-befa-ef9b4a652dc9: does not qualify; 1.2 s; peak memory 12710 MiB.
2026-10-07T03:55:12Z INFO [2055/3795] 84550188-ea6d-4bd8-9b86-c1e75a9bc947: does not qualify; 1.0 s; peak memory 12710 MiB.
2026-10-07T03:55:13Z INFO [2056/3795] 8455886d-56e0-432d-a62a-4f71795b81a6: does not qualify; 1.3 s; peak memory 12710 MiB.
2026-10-07T03:55:15Z INFO [2057/3795] 8455b611-c538-4517-94c9-9139e21e9c44: does not qualify; 1.7 s; peak memory 12710 MiB.
2026-10-07T03:55:16Z INFO [2058/3795] 845619ee-315e-4efa-a2cb-9248737aa2c9: does not qualify; 1.3 s; peak memory 12710 MiB.
2026-10-07T03:55:18Z INFO [2059/3795] 84568200-ff01-4061-ae17-ec1eb86d81a9: does not qualify; 1.7 s; peak memory 12710 MiB.
2026-10-07T03:55:26Z INFO [2060/3795] 8456ba24-ebfa-48dc-aa3a-f14f583b3a1d: does not qualify; 8.3 s; peak memory 12710 MiB.
2026-10-07T03:55:28Z INFO [2061/3795] 84574309-0868-4b36-ac3c-2e173b3a49fa: does not qualify; 1.2 s; peak memory 12710 MiB.
2026-10-07T03:55:29Z INFO [2062/3795] 8458db31-6576-437b-9634-a89c782f3709: does not qualify; 1.3 s; peak memory 12710 MiB.
2026-10-07T03:55:31Z INFO [2063/3795] 845950fa-fd32-405e-94e0-f34bf17d4640: does not qualify; 1.8 s; peak memory 12710 MiB.
2026-10-07T03:55:33Z INFO [2064/3795] 8459c16c-ee0e-4d0d-b777-2881701d06be: does not qualify; 1.8 s; peak memory 12710 MiB.
2026-10-07T03:55:35Z INFO [2065/3795] 845ae98c-1aa9-4f64-a2d3-b880bb29fffa: does not qualify; 2.0 s; peak memory 12710 MiB.
2026-10-07T03:55:36Z INFO [2066/3795] 845cfbf7-d1f0-403a-9c74-fd805191591f: does not qualify; 1.2 s; peak memory 12710 MiB.
2026-10-07T03:55:37Z INFO [2067/3795] 845d36d7-6b0f-4711-966d-932e13bc5eb5: does not qualify; 1.3 s; peak memory 12710 MiB.
2026-10-07T03:55:39Z INFO [2068/3795] 845d6988-5c3d-4051-93b1-7d4b04b3fc3d: does not qualify; 2.3 s; peak memory 12710 MiB.
2026-10-07T03:55:41Z INFO [2069/3795] 845d6faa-41ab-403a-8eec-ad63ed17e48d: does not qualify; 1.6 s; peak memory 12710 MiB.
2026-10-07T03:55:43Z INFO [2070/3795] 845de73f-ac63-487d-a130-8cfdb2f262de: does not qualify; 1.7 s; peak memory 12710 MiB.
2026-10-07T03:55:44Z INFO [2071/3795] 845ee5ca-51b7-473f-8d25-670f8e8aa79e: does not qualify; 1.0 s; peak memory 12710 MiB.
2026-10-07T03:55:45Z INFO [2072/3795] 845ee915-c385-4bb4-8b7e-809fa52ae00e: does not qualify; 1.4 s; peak memory 12710 MiB.
2026-10-07T03:55:47Z INFO [2073/3795] 845f4316-9827-4b5c-91c7-b745e9b07204: does not qualify; 1.7 s; peak memory 12710 MiB.
2026-10-07T03:55:48Z INFO [2074/3795] 845f8bbc-3aa5-4735-957d-2c262efcb4a8: does not qualify; 1.7 s; peak memory 12710 MiB.
2026-10-07T03:55:50Z INFO [2075/3795] 845fa769-ee5a-4585-a86d-218cab3f83e8: does not qualify; 1.9 s; peak memory 12710 MiB.
2026-10-07T03:55:52Z INFO [2076/3795] 845fc821-30d3-464c-b014-7f1e2ea64b8c: does not qualify; 1.2 s; peak memory 12710 MiB.
2026-10-07T03:55:53Z INFO [2077/3795] 84601999-9a76-4d4d-8bd5-655559949d84: does not qualify; 1.7 s; peak memory 12710 MiB.
2026-10-07T03:56:58Z INFO [2078/3795] 846119bb-ec75-487a-9bb5-7272e00bacfd: does not qualify; 65.2 s; peak memory 12710 MiB.
2026-10-07T03:57:10Z INFO [2079/3795] 8462c415-4edf-44f2-8e92-30a319a2df1b: does not qualify; 11.1 s; peak memory 12710 MiB.
2026-10-07T03:57:11Z INFO [2080/3795] 8463178d-e33b-474f-8c8e-9189c7fa2197: does not qualify; 1.6 s; peak memory 12710 MiB.
2026-10-07T03:57:13Z INFO [2081/3795] 846337d8-25ce-452b-b577-4978234cc565: does not qualify; 2.0 s; peak memory 12710 MiB.
2026-10-07T03:57:15Z INFO [2082/3795] 84634ab9-49ad-4996-af90-da199b6ddcad: does not qualify; 2.1 s; peak memory 12710 MiB.
2026-10-07T03:57:17Z INFO [2083/3795] 84636a74-084b-4f68-91c1-d4ca18f17e39: does not qualify; 1.9 s; peak memory 12710 MiB.
2026-10-07T03:57:20Z INFO [2084/3795] 846411bc-6e2e-4c6f-949a-ed7c0f4ede42: does not qualify; 2.6 s; peak memory 12710 MiB.
2026-10-07T03:57:21Z INFO [2085/3795] 84642511-b01a-41fe-840a-2438aa096cba: does not qualify; 1.6 s; peak memory 12710 MiB.
2026-10-07T03:57:22Z INFO [2086/3795] 846479e0-1124-4b98-8f36-8f6ffaea07bf: does not qualify; 0.9 s; peak memory 12710 MiB.
2026-10-07T03:57:24Z INFO [2087/3795] 8465bb37-7a15-45d1-ab82-87c37238e8fc: does not qualify; 1.4 s; peak memory 12710 MiB.
2026-10-07T03:57:29Z INFO [2088/3795] 84667e7b-f61c-4144-8613-db8a230b8360: does not qualify; 5.6 s; peak memory 12710 MiB.
2026-10-07T03:57:31Z INFO [2089/3795] 8466856b-c031-43c1-8223-6e19087bb225: does not qualify; 1.4 s; peak memory 12710 MiB.
2026-10-07T03:57:32Z INFO [2090/3795] 8466bf1d-d4b5-4957-95db-1fe3e9df12af: does not qualify; 1.4 s; peak memory 12710 MiB.
2026-10-07T03:57:34Z INFO [2091/3795] 8467f23c-55a7-487d-a458-ddab5ed8e348: does not qualify; 1.6 s; peak memory 12710 MiB.
2026-10-07T03:57:36Z INFO [2092/3795] 8468371b-2984-4dbf-8ef3-255c2ff39754: does not qualify; 2.4 s; peak memory 12710 MiB.
2026-10-07T03:57:37Z INFO [2093/3795] 84691e8b-0494-4307-bf9b-29f05f43aaa2: does not qualify; 1.3 s; peak memory 12710 MiB.
2026-10-07T03:57:39Z INFO [2094/3795] 8469534b-a134-4232-be47-02e0908c0df6: does not qualify; 1.5 s; peak memory 12710 MiB.
2026-10-07T03:57:47Z INFO [2095/3795] 8469b330-86f2-4cf2-9bc9-526b8dfcbac4: does not qualify; 8.3 s; peak memory 12710 MiB.
2026-10-07T03:57:58Z INFO [2096/3795] 846ae853-1adc-40bd-a406-40a5035aa2d4: does not qualify; 11.1 s; peak memory 12710 MiB.
2026-10-07T03:58:00Z INFO [2097/3795] 846afe55-ea45-4268-8f84-4b784be2a5d4: does not qualify; 1.4 s; peak memory 12710 MiB.
2026-10-07T03:58:05Z INFO [2098/3795] 846bb3b6-c0ce-4c23-9545-3fac8624eef2: does not qualify; 5.0 s; peak memory 12710 MiB.
2026-10-07T03:58:06Z INFO [2099/3795] 846bb412-f078-4969-a6aa-61174722c674: does not qualify; 1.6 s; peak memory 12710 MiB.
2026-10-07T03:58:12Z INFO [2100/3795] 846c58a9-8c8f-42c7-aa1c-cacfa4060f5d: does not qualify; 6.3 s; peak memory 12710 MiB.
2026-10-07T03:58:13Z INFO [2100/3795] 846c58a9-8c8f-42c7-aa1c-cacfa4060f5d: checkpointed 92219 records.
2026-10-07T03:58:14Z INFO [2101/3795] 846eb00d-3ec1-44a8-b80e-17ffaf7ae998: does not qualify; 1.7 s; peak memory 12710 MiB.
2026-10-07T03:58:16Z INFO [2102/3795] 846f0054-67ee-4933-95f1-69a642cc8784: does not qualify; 1.5 s; peak memory 12710 MiB.
2026-10-07T03:58:19Z INFO [2103/3795] 846f11ad-3775-4b4d-9f20-cc994edf9e30: does not qualify; 3.1 s; peak memory 12710 MiB.
2026-10-07T03:58:21Z INFO [2104/3795] 847003e8-f1e9-4308-8f60-7de4894482d5: does not qualify; 2.1 s; peak memory 12710 MiB.
2026-10-07T03:58:22Z INFO [2105/3795] 84712c31-32a1-4906-8c11-b8764a229241: does not qualify; 1.4 s; peak memory 12710 MiB.
2026-10-07T03:58:25Z INFO [2106/3795] 84712de8-d4e4-4bf3-b77f-059dba44dfa9: does not qualify; 2.1 s; peak memory 12710 MiB.
2026-10-07T03:58:26Z INFO [2107/3795] 84719381-fbed-4092-b36d-fd14b2e5e0f1: does not qualify; 1.4 s; peak memory 12710 MiB.
2026-10-07T03:58:27Z INFO [2108/3795] 8471bf9c-c680-4400-8516-d2263568d3bc: does not qualify; 1.1 s; peak memory 12710 MiB.
2026-10-07T03:58:29Z INFO [2109/3795] 8473637d-843f-42bf-ad5b-6062043d4c7d: does not qualify; 1.8 s; peak memory 12710 MiB.
2026-10-07T03:58:40Z INFO [2110/3795] 847408e1-110f-44ac-865f-a6ebfa6fcf57: does not qualify; 11.0 s; peak memory 12710 MiB.
2026-10-07T03:58:48Z INFO [2111/3795] 847440f3-d688-4b07-94fc-15157b59e37c: does not qualify; 7.8 s; peak memory 12710 MiB.
2026-10-07T03:58:49Z INFO [2112/3795] 8474c743-06d2-4770-9e46-5aad58144b04: does not qualify; 1.6 s; peak memory 12710 MiB.
2026-10-07T03:58:55Z INFO [2113/3795] 84763876-6c37-4805-92fa-05d3298ca975: does not qualify; 6.1 s; peak memory 12710 MiB.
2026-10-07T03:58:57Z INFO [2114/3795] 8476d889-4c15-4b25-bfe0-109f5847915d: does not qualify; 1.4 s; peak memory 12710 MiB.
2026-10-07T03:58:58Z INFO [2115/3795] 847805b2-1ef4-40da-8581-c5e4aabc835d: does not qualify; 1.0 s; peak memory 12710 MiB.
2026-10-07T03:59:01Z INFO [2116/3795] 84783acf-dc19-434c-bd4e-d678f786ddec: does not qualify; 2.9 s; peak memory 12710 MiB.
2026-10-07T03:59:02Z INFO [2117/3795] 8479614e-4caa-4db8-9f55-dd4776596e12: does not qualify; 1.7 s; peak memory 12710 MiB.
2026-10-07T03:59:03Z INFO [2118/3795] 8479ac17-2fe1-4efb-833e-319fdb40774e: does not qualify; 1.2 s; peak memory 12710 MiB.
2026-10-07T03:59:05Z INFO [2119/3795] 847a6ee1-8e52-44fc-b000-253f27fcf788: does not qualify; 1.6 s; peak memory 12710 MiB.
2026-10-07T03:59:07Z INFO [2120/3795] 847aceba-ced9-4956-a309-1598cdb18218: does not qualify; 1.6 s; peak memory 12710 MiB.
2026-10-07T03:59:08Z INFO [2121/3795] 847afa0f-7e25-4185-ab39-930185db49f6: does not qualify; 1.1 s; peak memory 12710 MiB.
2026-10-07T03:59:09Z INFO [2122/3795] 847b2e88-21cb-4d7b-8edc-09bcade14e2e: does not qualify; 1.7 s; peak memory 12710 MiB.
2026-10-07T03:59:11Z INFO [2123/3795] 847c455e-bb5c-4981-93b8-d72803f2c6f4: does not qualify; 1.3 s; peak memory 12710 MiB.
2026-10-07T03:59:12Z INFO [2124/3795] 847d58f4-fd13-43a6-b48c-1cd2e56d55b0: does not qualify; 1.3 s; peak memory 12710 MiB.
2026-10-07T03:59:14Z INFO [2125/3795] 847daff1-7603-4a8b-9011-3015a8fb822d: does not qualify; 2.1 s; peak memory 12710 MiB.
2026-10-07T03:59:20Z INFO [2126/3795] 847e5d1f-115c-4d82-9d01-8d5d20c327cb: does not qualify; 6.4 s; peak memory 12710 MiB.
2026-10-07T03:59:22Z INFO [2127/3795] 847eeafe-c8ae-48df-b448-6c2fdcc6ed7b: does not qualify; 1.3 s; peak memory 12710 MiB.
2026-10-07T03:59:23Z INFO [2128/3795] 84806b0b-1746-47eb-8f0b-053ff5f74d3f: does not qualify; 1.7 s; peak memory 12710 MiB.
2026-10-07T03:59:31Z INFO [2129/3795] 84815528-6653-476b-8c54-f8c09a364a49: does not qualify; 7.5 s; peak memory 12710 MiB.
2026-10-07T03:59:37Z INFO [2130/3795] 848214aa-7a8c-4c6a-8eb3-433e7ce7cdc8: does not qualify; 6.0 s; peak memory 12710 MiB.
2026-10-07T03:59:38Z INFO [2131/3795] 8482235d-eef9-41ef-80d7-cc0adce1b960: does not qualify; 1.4 s; peak memory 12710 MiB.
2026-10-07T03:59:40Z INFO [2132/3795] 8482aa7e-2970-43d8-8b17-4d3e053ae415: does not qualify; 1.3 s; peak memory 12710 MiB.
2026-10-07T03:59:41Z INFO [2133/3795] 8482daba-01f1-4f31-9589-99b8aa0e1cf9: does not qualify; 1.0 s; peak memory 12710 MiB.
2026-10-07T03:59:44Z INFO [2134/3795] 8482f191-9930-49c6-91d3-04e718476b46: does not qualify; 3.8 s; peak memory 12710 MiB.
2026-10-07T03:59:46Z INFO [2135/3795] 8483f98f-3f38-447d-861c-a6ee16408861: does not qualify; 1.7 s; peak memory 12710 MiB.
2026-10-07T03:59:48Z INFO [2136/3795] 84846f1d-9331-4db6-aa2d-e8f2d1ef1301: does not qualify; 2.0 s; peak memory 12710 MiB.
2026-10-07T03:59:49Z INFO [2137/3795] 84847014-6f76-496e-8537-9aaadb906afb: does not qualify; 1.3 s; peak memory 12710 MiB.
2026-10-07T04:00:23Z INFO [2138/3795] 84852129-a6a3-454c-928d-fdb8b9e6d276: does not qualify; 33.2 s; peak memory 12710 MiB.
2026-10-07T04:00:24Z INFO [2139/3795] 84853b84-4a38-4640-aad9-7828dd9b6a6f: does not qualify; 1.7 s; peak memory 12710 MiB.
2026-10-07T04:00:27Z INFO [2140/3795] 84853f2e-4cc1-443f-b458-b1ec82e64bf9: does not qualify; 2.6 s; peak memory 12710 MiB.
2026-10-07T04:00:36Z INFO [2141/3795] 8485dfe3-5aeb-4598-8aad-bed3de8be1a5: does not qualify; 8.7 s; peak memory 12710 MiB.
2026-10-07T04:00:38Z INFO [2142/3795] 8485f502-7092-4934-80fe-dc37dd3a4c16: does not qualify; 2.7 s; peak memory 12710 MiB.
2026-10-07T04:00:40Z INFO [2143/3795] 8486bf85-bfb0-444d-b810-c7ead788e3cf: does not qualify; 1.4 s; peak memory 12710 MiB.
2026-10-07T04:00:42Z INFO [2144/3795] 8486f32b-3a23-48c9-ac02-8a2c6855aa58: does not qualify; 1.8 s; peak memory 12710 MiB.
2026-10-07T04:00:43Z INFO [2145/3795] 848726ae-4b45-4ddd-bcd7-674fa8ee5c65: does not qualify; 1.2 s; peak memory 12710 MiB.
2026-10-07T04:00:55Z INFO [2146/3795] 84877f39-3c67-4b80-b803-b05c5b22df92: does not qualify; 12.6 s; peak memory 12710 MiB.
2026-10-07T04:01:07Z INFO [2147/3795] 8487d19e-85c1-4005-8bf6-998f3f12788d: does not qualify; 11.5 s; peak memory 12710 MiB.
2026-10-07T04:01:16Z INFO [2148/3795] 84881a7f-aabe-4df4-a364-903f64fcbf44: does not qualify; 9.0 s; peak memory 12710 MiB.
2026-10-07T04:01:22Z INFO [2149/3795] 8488c96b-b1d4-41c0-afcd-6183cb83dc13: does not qualify; 6.1 s; peak memory 12710 MiB.
2026-10-07T04:01:32Z INFO [2150/3795] 8489110c-e4cf-4992-88ba-5dce6367687b: does not qualify; 9.7 s; peak memory 12710 MiB.
2026-10-07T04:01:32Z INFO [2150/3795] 8489110c-e4cf-4992-88ba-5dce6367687b: checkpointed 92269 records.
2026-10-07T04:01:36Z INFO [2151/3795] 848b86d0-c00e-44fa-bde6-0331afca62cb: does not qualify; 3.8 s; peak memory 12710 MiB.
2026-10-07T04:01:37Z INFO [2152/3795] 848c1135-4205-4c85-a73f-d970ff24d6ef: does not qualify; 1.0 s; peak memory 12710 MiB.
2026-10-07T04:01:38Z INFO [2153/3795] 848ce779-cfdf-43b3-9ee2-3584591e7b12: does not qualify; 1.6 s; peak memory 12710 MiB.
2026-10-07T04:01:40Z INFO [2154/3795] 848d1ab0-dfea-48e8-9bb4-7fa8de5b84e1: does not qualify; 1.7 s; peak memory 12710 MiB.
2026-10-07T04:01:42Z INFO [2155/3795] 848d40de-a63c-4e7c-a662-a9460c9fb4e9: does not qualify; 1.9 s; peak memory 12710 MiB.
2026-10-07T04:01:43Z INFO [2156/3795] 848e052e-fd68-4429-bff8-e4c82343d3e2: does not qualify; 1.3 s; peak memory 12710 MiB.
2026-10-07T04:01:45Z INFO [2157/3795] 848f60b9-1a84-4887-bd6b-e0a4c2cc96bd: does not qualify; 1.8 s; peak memory 12710 MiB.
2026-10-07T04:01:47Z INFO [2158/3795] 848f85b3-39be-422d-b21c-2d8f94b78666: does not qualify; 1.6 s; peak memory 12710 MiB.
2026-10-07T04:01:48Z INFO [2159/3795] 849059a6-3774-40bc-941d-8fcb2ee7702e: does not qualify; 1.5 s; peak memory 12710 MiB.
2026-10-07T04:01:49Z INFO [2160/3795] 84906177-988e-489e-bce0-956a724ae9fc: does not qualify; 1.3 s; peak memory 12710 MiB.
2026-10-07T04:01:51Z INFO [2161/3795] 84909596-9a14-4522-8462-3a11d7f5d42d: does not qualify; 1.8 s; peak memory 12710 MiB.
2026-10-07T04:01:58Z INFO [2162/3795] 84915da9-767c-4cad-9e5b-ba28232e77e2: does not qualify; 6.8 s; peak memory 12710 MiB.
2026-10-07T04:02:01Z INFO [2163/3795] 84916d8d-f2cf-4514-81fc-dd98169a5a4e: does not qualify; 2.8 s; peak memory 12710 MiB.
2026-10-07T04:02:03Z INFO [2164/3795] 849294a9-0e54-4c9f-81f2-c66a973fa8a5: does not qualify; 1.9 s; peak memory 12710 MiB.
2026-10-07T04:02:11Z INFO [2165/3795] 8492c390-8a35-44bd-a0c6-b3a3c9480bbc: does not qualify; 8.1 s; peak memory 12710 MiB.
2026-10-07T04:02:12Z INFO [2166/3795] 8492f563-fba4-4355-9ddb-82208d1618ca: does not qualify; 1.5 s; peak memory 12710 MiB.
2026-10-07T04:02:14Z INFO [2167/3795] 8492fda8-bc81-4628-8929-ed14b87d0394: does not qualify; 1.6 s; peak memory 12710 MiB.
2026-10-07T04:02:15Z INFO [2168/3795] 84937a54-97b1-4aa5-8ade-2ec636711f0a: does not qualify; 1.3 s; peak memory 12710 MiB.
2026-10-07T04:02:16Z INFO [2169/3795] 8493c3ac-06f5-4d04-91c8-e0e40a9b47c6: does not qualify; 1.2 s; peak memory 12710 MiB.
2026-10-07T04:02:18Z INFO [2170/3795] 84940577-879e-4e7a-b1c1-79d14bbf9185: does not qualify; 2.0 s; peak memory 12710 MiB.
2026-10-07T04:02:20Z INFO [2171/3795] 849422fc-6b1a-494d-ba26-ec1c5283fa9b: does not qualify; 1.3 s; peak memory 12710 MiB.
2026-10-07T04:02:21Z INFO [2172/3795] 8494499e-9466-46ba-9008-fc17b5f7bb81: does not qualify; 1.1 s; peak memory 12710 MiB.
2026-10-07T04:02:33Z INFO [2173/3795] 849564de-1741-4260-992e-a662310dfbde: does not qualify; 12.4 s; peak memory 12710 MiB.
2026-10-07T04:02:36Z INFO [2174/3795] 8495faa8-7fd9-41e2-9ff1-2a64a1e89145: does not qualify; 2.3 s; peak memory 12710 MiB.
2026-10-07T04:02:37Z INFO [2175/3795] 849638cb-6103-4013-a890-740011100d7c: does not qualify; 1.1 s; peak memory 12710 MiB.
2026-10-07T04:02:38Z INFO [2176/3795] 84969c7e-8da4-4af3-825b-25af668111cb: does not qualify; 1.3 s; peak memory 12710 MiB.
2026-10-07T04:02:39Z INFO [2177/3795] 8496f5d7-2455-48ae-809b-a97d5f6a8f18: does not qualify; 1.4 s; peak memory 12710 MiB.
2026-10-07T04:02:43Z INFO [2178/3795] 84988648-4782-4ec9-9e3e-99847e7c07f3: does not qualify; 3.4 s; peak memory 12710 MiB.
2026-10-07T04:02:45Z INFO [2179/3795] 8498f7c7-46f1-4766-9e78-3bab930cda04: does not qualify; 2.1 s; peak memory 12710 MiB.
2026-10-07T04:02:47Z INFO [2180/3795] 84990622-dba5-4c19-834e-fe4f6c527500: does not qualify; 1.7 s; peak memory 12710 MiB.
2026-10-07T04:02:48Z INFO [2181/3795] 849a11c1-c0f4-4207-ac1d-d410011b2e36: does not qualify; 1.0 s; peak memory 12710 MiB.
2026-10-07T04:02:49Z INFO [2182/3795] 849a2512-3021-4e9f-a0bb-33cce337d346: does not qualify; 1.5 s; peak memory 12710 MiB.
2026-10-07T04:02:50Z INFO [2183/3795] 849b1586-177c-4575-b977-414cda6d50da: does not qualify; 1.4 s; peak memory 12710 MiB.
2026-10-07T04:03:00Z INFO [2184/3795] 849b88d2-d157-473c-866a-33aa645e17f2: does not qualify; 9.1 s; peak memory 12710 MiB.
2026-10-07T04:03:01Z INFO [2185/3795] 849b99d0-d4a9-4bc7-af54-d26e58759346: does not qualify; 1.0 s; peak memory 12710 MiB.
2026-10-07T04:03:03Z INFO [2186/3795] 849cda39-7cd6-4056-a109-b809f6442141: does not qualify; 2.1 s; peak memory 12710 MiB.
2026-10-07T04:03:04Z INFO [2187/3795] 849de8f7-4ef9-4e58-b9ea-c79aa3829a4a: does not qualify; 1.3 s; peak memory 12710 MiB.
2026-10-07T04:03:15Z INFO [2188/3795] 849e235f-3ce3-4f31-8736-c4f3547e130a: does not qualify; 11.4 s; peak memory 12710 MiB.
2026-10-07T04:03:17Z INFO [2189/3795] 849ef0f3-b351-4ec1-a5f8-c45f1b91b870: does not qualify; 1.7 s; peak memory 12710 MiB.
2026-10-07T04:03:27Z INFO [2190/3795] 849fe1ca-fe26-4464-82c1-7fde37918853: does not qualify; 9.6 s; peak memory 12710 MiB.
2026-10-07T04:03:29Z INFO [2191/3795] 849ff782-c480-4915-88fc-4312084b1322: does not qualify; 2.2 s; peak memory 12710 MiB.
2026-10-07T04:03:31Z INFO [2192/3795] 84a03748-cd8c-432c-ba1b-264e8d80ca14: does not qualify; 1.6 s; peak memory 12710 MiB.
2026-10-07T04:03:37Z INFO [2193/3795] 84a0bba2-00c5-409a-9b0c-c983738b17d3: does not qualify; 6.8 s; peak memory 12710 MiB.
2026-10-07T04:03:40Z INFO [2194/3795] 84a1750f-6298-445d-80c5-c12fec215332: does not qualify; 2.7 s; peak memory 12710 MiB.
2026-10-07T04:03:42Z INFO [2195/3795] 84a17b38-8b5d-49ca-b9fa-72416e85d15f: does not qualify; 1.7 s; peak memory 12710 MiB.
2026-10-07T04:03:43Z INFO [2196/3795] 84a1a087-ff16-484c-b633-ee0e63eca0ca: does not qualify; 1.3 s; peak memory 12710 MiB.
2026-10-07T04:03:44Z INFO [2197/3795] 84a1b492-6d57-4110-8cb2-61369af110a0: does not qualify; 1.4 s; peak memory 12710 MiB.
2026-10-07T04:03:50Z INFO [2198/3795] 84a2eae5-9316-4cab-92ab-cbf3ea99a965: qualifies; 6.1 s; peak memory 12710 MiB.
2026-10-07T04:03:58Z INFO [2199/3795] 84a31a23-2db0-4319-9047-82cceca0c331: does not qualify; 7.8 s; peak memory 12710 MiB.
2026-10-07T04:04:01Z INFO [2200/3795] 84a33fa4-49ad-465b-962d-f95bfb3d54d2: does not qualify; 2.6 s; peak memory 12710 MiB.
2026-10-07T04:04:01Z INFO [2200/3795] 84a33fa4-49ad-465b-962d-f95bfb3d54d2: checkpointed 92319 records.
2026-10-07T04:04:02Z INFO [2201/3795] 84a3bdd6-80ba-4fec-bddd-5715c632caf4: does not qualify; 1.1 s; peak memory 12710 MiB.
2026-10-07T04:04:17Z INFO [2202/3795] 84a4673b-9615-4251-ae06-491d70e19a2c: does not qualify; 15.0 s; peak memory 12710 MiB.
2026-10-07T04:04:20Z INFO [2203/3795] 84a48fe3-e8c3-44fe-a84a-6a7cfcad0b7e: does not qualify; 2.9 s; peak memory 12710 MiB.
2026-10-07T04:04:22Z INFO [2204/3795] 84a4f9e8-31d0-455c-84a8-03dc84e1ef69: does not qualify; 1.8 s; peak memory 12710 MiB.
2026-10-07T04:04:23Z INFO [2205/3795] 84a5a123-928a-4494-a259-17a804fb35c0: does not qualify; 1.4 s; peak memory 12710 MiB.
2026-10-07T04:04:26Z INFO [2206/3795] 84a5c7f3-0ef1-455e-b158-05939835d5d0: does not qualify; 3.2 s; peak memory 12710 MiB.
2026-10-07T04:04:28Z INFO [2207/3795] 84a5dfdd-5de5-4cec-b4af-561eb4740dc7: does not qualify; 1.3 s; peak memory 12710 MiB.
2026-10-07T04:04:39Z INFO [2208/3795] 84a71c80-6450-4444-9c37-f79c14aac8c4: does not qualify; 11.0 s; peak memory 12710 MiB.
2026-10-07T04:04:40Z INFO [2209/3795] 84a76bc2-17b5-4194-828d-5ba74d46c558: does not qualify; 1.5 s; peak memory 12710 MiB.
2026-10-07T04:04:42Z INFO [2210/3795] 84a84b59-158c-4972-81f2-7e6181e82cfe: does not qualify; 1.6 s; peak memory 12710 MiB.
2026-10-07T04:04:44Z INFO [2211/3795] 84a8ab33-a46a-4cbf-ba69-e16cc1b089c0: does not qualify; 1.7 s; peak memory 12710 MiB.
2026-10-07T04:04:45Z INFO [2212/3795] 84a8b5c1-cfcb-49e1-8ade-17a43997d8b2: does not qualify; 1.7 s; peak memory 12710 MiB.
2026-10-07T04:04:47Z INFO [2213/3795] 84ab716d-6b39-4685-9648-fc621c6891e2: does not qualify; 1.7 s; peak memory 12710 MiB.
2026-10-07T04:04:49Z INFO [2214/3795] 84ac1c02-9f97-4917-84cd-ee6f70606e7c: does not qualify; 1.7 s; peak memory 12710 MiB.
2026-10-07T04:04:58Z INFO [2215/3795] 84ac2315-70d6-41c9-8fb9-da406bc33256: does not qualify; 9.6 s; peak memory 12710 MiB.
2026-10-07T04:05:00Z INFO [2216/3795] 84ac714d-f4f9-4c2d-83c1-40a3912284c6: does not qualify; 1.6 s; peak memory 12710 MiB.
2026-10-07T04:05:02Z INFO [2217/3795] 84ad6cea-bc26-45e4-93c4-9ee370e0f291: does not qualify; 1.7 s; peak memory 12710 MiB.
2026-10-07T04:05:08Z INFO [2218/3795] 84ad7192-9adb-48c9-bfb0-b0888db1901f: does not qualify; 7.0 s; peak memory 12710 MiB.
2026-10-07T04:05:10Z INFO [2219/3795] 84ad8918-e239-45c9-b1ac-f6af9a74a370: does not qualify; 1.4 s; peak memory 12710 MiB.
2026-10-07T04:05:22Z INFO [2220/3795] 84adb175-7322-4665-9bdd-2d16f26d99c4: does not qualify; 11.8 s; peak memory 12710 MiB.
2026-10-07T04:05:23Z INFO [2221/3795] 84adc148-9570-4430-b6fc-7d33be0a91bf: does not qualify; 1.7 s; peak memory 12710 MiB.
2026-10-07T04:05:25Z INFO [2222/3795] 84add751-907a-4257-81c6-b2629a45ffbe: does not qualify; 1.6 s; peak memory 12710 MiB.
2026-10-07T04:05:26Z INFO [2223/3795] 84aeaa11-c7d2-4b13-b6fd-1d2906d489a2: does not qualify; 1.4 s; peak memory 12710 MiB.
2026-10-07T04:05:28Z INFO [2224/3795] 84af75cc-f648-4fde-a682-6f2c9f5101c1: does not qualify; 1.3 s; peak memory 12710 MiB.
2026-10-07T04:05:29Z INFO [2225/3795] 84b0939c-898e-461e-8e09-e61a06e63a62: does not qualify; 1.8 s; peak memory 12710 MiB.
2026-10-07T04:05:31Z INFO [2226/3795] 84b095e1-472c-4444-b19b-16773f2bc9bc: does not qualify; 1.3 s; peak memory 12710 MiB.
2026-10-07T04:05:32Z INFO [2227/3795] 84b1705d-4c7d-4660-af74-81fc88c91615: does not qualify; 1.7 s; peak memory 12710 MiB.
2026-10-07T04:05:35Z INFO [2228/3795] 84b189cd-ee60-4e4a-b710-e7eb04ef54b6: does not qualify; 2.3 s; peak memory 12710 MiB.
2026-10-07T04:05:36Z INFO [2229/3795] 84b189f6-d299-4c80-aa02-39139d87df8f: does not qualify; 1.1 s; peak memory 12710 MiB.
2026-10-07T04:05:38Z INFO [2230/3795] 84b1f201-ef32-4f69-a41f-0467bfa6bed4: does not qualify; 2.0 s; peak memory 12710 MiB.
2026-10-07T04:05:40Z INFO [2231/3795] 84b21e2c-d884-4e95-a309-335693c01b41: does not qualify; 2.2 s; peak memory 12710 MiB.
2026-10-07T04:05:42Z INFO [2232/3795] 84b2975a-7ad1-44d8-b841-7b7092553819: does not qualify; 1.6 s; peak memory 12710 MiB.
2026-10-07T04:05:50Z INFO [2233/3795] 84b312e2-4c7f-4c4e-84dd-ec61eba8b78f: does not qualify; 8.5 s; peak memory 12710 MiB.
2026-10-07T04:05:52Z INFO [2234/3795] 84b3aa17-1f4e-4fb9-a26d-050f7e506a34: does not qualify; 2.3 s; peak memory 12710 MiB.
2026-10-07T04:05:54Z INFO [2235/3795] 84b3acc2-8a09-4888-92c4-483f4dc3e313: does not qualify; 2.1 s; peak memory 12710 MiB.
2026-10-07T04:05:57Z INFO [2236/3795] 84b3dd7d-6165-4f8e-ab33-5ad49c6bebef: does not qualify; 2.0 s; peak memory 12710 MiB.
2026-10-07T04:05:58Z INFO [2237/3795] 84b4a6bb-cee5-42bd-bd23-38f37e8e18ed: does not qualify; 1.7 s; peak memory 12710 MiB.
2026-10-07T04:06:00Z INFO [2238/3795] 84b4e0e3-10c6-4e29-8829-c40e7cce17c8: does not qualify; 2.2 s; peak memory 12710 MiB.
2026-10-07T04:06:12Z INFO [2239/3795] 84b4ef4a-1e6e-414f-ba13-4df1687d5338: does not qualify; 11.3 s; peak memory 12710 MiB.
2026-10-07T04:06:13Z INFO [2240/3795] 84b5ef86-7081-445f-b06e-b29275fc3989: does not qualify; 1.3 s; peak memory 12710 MiB.
2026-10-07T04:06:16Z INFO [2241/3795] 84b636f2-1f7b-48b8-b26c-84d99de63bd9: does not qualify; 3.2 s; peak memory 12710 MiB.
2026-10-07T04:06:17Z INFO [2242/3795] 84b65be5-2455-40f2-978a-ab40b0b6e493: does not qualify; 1.3 s; peak memory 12710 MiB.
2026-10-07T04:06:22Z INFO [2243/3795] 84b67585-a9c6-49a9-8c77-bd5f9e246f63: does not qualify; 4.7 s; peak memory 12710 MiB.
2026-10-07T04:06:25Z INFO [2244/3795] 84b6dcbe-a57a-46ba-91ab-4d7ae3e05ebb: does not qualify; 3.3 s; peak memory 12710 MiB.
2026-10-07T04:06:29Z INFO [2245/3795] 84b7c675-1ce8-4ab5-88df-6bd7c7700e74: does not qualify; 3.5 s; peak memory 12710 MiB.
2026-10-07T04:06:31Z INFO [2246/3795] 84b83d69-fe05-42ce-995f-40c220528b11: does not qualify; 2.5 s; peak memory 12710 MiB.
2026-10-07T04:06:35Z INFO [2247/3795] 84b8f459-a8c9-4be3-8d57-4a85d65f5c8a: does not qualify; 3.2 s; peak memory 12710 MiB.
2026-10-07T04:06:46Z INFO [2248/3795] 84b94900-586a-481a-80e5-b7e6f29643fe: does not qualify; 11.1 s; peak memory 12710 MiB.
2026-10-07T04:06:47Z INFO [2249/3795] 84b98375-f8e1-43bb-95ce-27d2fbec6e18: does not qualify; 1.3 s; peak memory 12710 MiB.
2026-10-07T04:06:55Z INFO [2250/3795] 84b9d112-69c4-46da-b8d0-1d3e4c387b1c: does not qualify; 8.4 s; peak memory 12710 MiB.
2026-10-07T04:06:56Z INFO [2250/3795] 84b9d112-69c4-46da-b8d0-1d3e4c387b1c: checkpointed 92369 records.
2026-10-07T04:06:57Z INFO [2251/3795] 84ba1fe2-0e7f-49b9-91f8-c9b27fc91476: does not qualify; 1.1 s; peak memory 12710 MiB.
2026-10-07T04:07:06Z INFO [2252/3795] 84baa5e7-50cc-499d-8d0e-03bd2f7d1c01: qualifies; 9.4 s; peak memory 12710 MiB.
2026-10-07T04:07:13Z INFO [2253/3795] 84bc1cd8-35e3-46ca-a1e8-ed4fbc2e7e7b: qualifies; 6.3 s; peak memory 12710 MiB.
2026-10-07T04:07:21Z INFO [2254/3795] 84bc8495-4eab-47bf-88a0-321f549b3830: does not qualify; 8.1 s; peak memory 12710 MiB.
2026-10-07T04:07:24Z INFO [2255/3795] 84bcd0b9-eada-4310-8a0b-51ea5b48af80: does not qualify; 3.7 s; peak memory 12710 MiB.
2026-10-07T04:08:35Z INFO [2256/3795] 84bd644d-f36a-409f-91b9-11049cca517b: does not qualify; 71.1 s; peak memory 12710 MiB.
2026-10-07T04:08:38Z INFO [2257/3795] 84be2aab-8b6a-4b47-b4a1-322f3e604f3c: does not qualify; 2.1 s; peak memory 12710 MiB.
2026-10-07T04:08:39Z INFO [2258/3795] 84bedbe8-ec2d-416e-9669-8679649e774b: does not qualify; 1.5 s; peak memory 12710 MiB.
2026-10-07T04:08:41Z INFO [2259/3795] 84befda5-2433-4791-be21-d4173e439362: does not qualify; 1.8 s; peak memory 12710 MiB.
2026-10-07T04:08:43Z INFO [2260/3795] 84bf280d-70e0-4868-b6f9-f34289614590: does not qualify; 1.8 s; peak memory 12710 MiB.
2026-10-07T04:08:46Z INFO [2261/3795] 84bf2bf9-2910-4c73-ac60-5933154f63dc: does not qualify; 3.1 s; peak memory 12710 MiB.
2026-10-07T04:08:47Z INFO [2262/3795] 84bfa596-6e00-4fc2-82f9-4d5a55588f84: does not qualify; 1.3 s; peak memory 12710 MiB.
2026-10-07T04:08:48Z INFO [2263/3795] 84bfe44d-cf68-424f-944f-3d88126ce49c: does not qualify; 1.1 s; peak memory 12710 MiB.
2026-10-07T04:08:54Z INFO [2264/3795] 84c03c70-016e-4b52-885d-cd8b62a5304a: does not qualify; 5.9 s; peak memory 12710 MiB.
2026-10-07T04:08:56Z INFO [2265/3795] 84c047e0-64fa-40df-b7d7-bd6f25a1ae03: does not qualify; 1.3 s; peak memory 12710 MiB.
2026-10-07T04:08:57Z INFO [2266/3795] 84c066b5-d7b3-485d-b6bd-9e48a0c5d322: does not qualify; 1.4 s; peak memory 12710 MiB.
2026-10-07T04:08:58Z INFO [2267/3795] 84c07311-c3d4-4261-9a99-dca2a1a4ed57: does not qualify; 1.0 s; peak memory 12710 MiB.
2026-10-07T04:09:04Z INFO [2268/3795] 84c101bf-fcd2-44b2-967d-73d930dd9c5b: qualifies; 5.7 s; peak memory 12710 MiB.
2026-10-07T04:09:10Z INFO [2269/3795] 84c1984b-6fe0-4e8c-ac73-322a01e313d0: qualifies; 6.0 s; peak memory 12710 MiB.
2026-10-07T04:09:24Z INFO [2270/3795] 84c1fefb-6c56-4a4b-84a6-642d865e40e5: does not qualify; 13.9 s; peak memory 12710 MiB.
2026-10-07T04:09:27Z INFO [2271/3795] 84c29893-f36a-4687-b825-bf8b2b9d1892: does not qualify; 3.2 s; peak memory 12710 MiB.
2026-10-07T04:11:33Z INFO [2272/3795] 84c38b50-bce7-4003-9803-14c0389ee6cf: does not qualify; 125.9 s; peak memory 12710 MiB.
2026-10-07T04:11:37Z INFO [2273/3795] 84c3cd2d-b0e7-4233-85cb-6e3c94798ff3: does not qualify; 3.8 s; peak memory 12710 MiB.
2026-10-07T04:12:15Z INFO [2274/3795] 84c3d2f6-b9ef-4ba5-96ea-0c895285d483: does not qualify; 38.4 s; peak memory 12710 MiB.
2026-10-07T04:12:16Z INFO [2275/3795] 84c4b2f1-739a-4a2c-82b0-a7bbdfc5ec20: does not qualify; 1.4 s; peak memory 12710 MiB.
2026-10-07T04:12:21Z INFO [2276/3795] 84c5a0b9-3bc7-46fb-b056-7d7feefd97c9: does not qualify; 4.9 s; peak memory 12710 MiB.
2026-10-07T04:12:23Z INFO [2277/3795] 84c5df25-58ec-4e2f-8023-60e12bac7c4f: does not qualify; 1.6 s; peak memory 12710 MiB.
2026-10-07T04:12:27Z INFO [2278/3795] 84c5f38c-89fb-44c6-bdde-d9927416ea91: does not qualify; 3.9 s; peak memory 12710 MiB.
2026-10-07T04:12:30Z INFO [2279/3795] 84c6de9a-540d-487a-aec4-841cbd87b4f4: does not qualify; 3.2 s; peak memory 12710 MiB.
2026-10-07T04:12:37Z INFO [2280/3795] 84c7f646-db04-4731-ac35-c6b19e5fb41d: does not qualify; 6.7 s; peak memory 12710 MiB.
2026-10-07T04:12:38Z INFO [2281/3795] 84c81a3c-3336-4654-8cb2-b2aff5e6d0e9: does not qualify; 1.5 s; peak memory 12710 MiB.
2026-10-07T04:12:40Z INFO [2282/3795] 84c8dc13-b81c-476d-a9c3-08d0c5f70754: does not qualify; 1.4 s; peak memory 12710 MiB.
2026-10-07T04:12:46Z INFO [2283/3795] 84cb3bef-85fa-4409-bb22-b1a14a9b8728: does not qualify; 6.5 s; peak memory 12710 MiB.
2026-10-07T04:12:48Z INFO [2284/3795] 84cb82ab-0611-4695-9580-be50cb14fdc9: does not qualify; 1.5 s; peak memory 12710 MiB.
2026-10-07T04:12:50Z INFO [2285/3795] 84ccdbb8-7331-49c5-a51d-d720a8d7107e: does not qualify; 2.6 s; peak memory 12710 MiB.
2026-10-07T04:12:52Z INFO [2286/3795] 84cd222d-f7a7-4e5c-bfb0-9d683c4adb10: does not qualify; 1.7 s; peak memory 12710 MiB.
2026-10-07T04:12:53Z INFO [2287/3795] 84cd29da-56fc-486c-85d3-777e76d87b82: does not qualify; 1.4 s; peak memory 12710 MiB.
2026-10-07T04:12:55Z INFO [2288/3795] 84cdb80b-9ab9-4f2d-bb7e-6e22fdcb0803: does not qualify; 1.3 s; peak memory 12710 MiB.
2026-10-07T04:12:56Z INFO [2289/3795] 84cdcb72-6190-45bc-b7e2-be85ae6e5f04: does not qualify; 1.0 s; peak memory 12710 MiB.
2026-10-07T04:12:57Z INFO [2290/3795] 84ce9f63-2113-44ed-a558-877abab39f27: does not qualify; 1.6 s; peak memory 12710 MiB.
2026-10-07T04:12:59Z INFO [2291/3795] 84cea58d-e38d-4d26-afc6-761b49dc571f: does not qualify; 1.7 s; peak memory 12710 MiB.
2026-10-07T04:13:00Z INFO [2292/3795] 84cf13f0-b913-4425-a9a3-1ca3f5d27f02: does not qualify; 1.4 s; peak memory 12710 MiB.
2026-10-07T04:13:01Z INFO [2293/3795] 84cfce42-c9ed-4bc6-8887-2f59a58ae867: does not qualify; 1.0 s; peak memory 12710 MiB.
2026-10-07T04:13:23Z INFO [2294/3795] 84d04c2e-c06a-4412-ae49-f5dc1e9bc268: does not qualify; 21.9 s; peak memory 12710 MiB.
2026-10-07T04:13:25Z INFO [2295/3795] 84d5f3ef-5b56-4673-b6bc-881b3ee6adf2: does not qualify; 1.7 s; peak memory 12710 MiB.
2026-10-07T04:13:26Z INFO [2296/3795] 84d652d0-c456-4d37-a86e-15bd08878b19: does not qualify; 1.4 s; peak memory 12710 MiB.
2026-10-07T04:13:27Z INFO [2297/3795] 84d673bc-9ac0-47d7-aae5-2153fef5bdb8: does not qualify; 1.3 s; peak memory 12710 MiB.
2026-10-07T04:13:31Z INFO [2298/3795] 84d7fc5d-ab33-431d-97c6-65e3a9f6de79: does not qualify; 3.4 s; peak memory 12710 MiB.
2026-10-07T04:13:35Z INFO [2299/3795] 84d80009-c1f8-4064-a707-3abfe0c6cfb7: does not qualify; 3.9 s; peak memory 12710 MiB.
2026-10-07T04:13:37Z INFO [2300/3795] 84d83e6b-e249-4b5b-82cc-bd10c12f1b66: does not qualify; 1.9 s; peak memory 12710 MiB.
2026-10-07T04:13:37Z INFO [2300/3795] 84d83e6b-e249-4b5b-82cc-bd10c12f1b66: checkpointed 92419 records.
2026-10-07T04:13:38Z INFO [2301/3795] 84d84f73-784b-491a-ba75-5d7bfda5b49e: does not qualify; 1.4 s; peak memory 12710 MiB.
2026-10-07T04:13:47Z INFO [2302/3795] 84d90c7e-97cf-403f-b5d7-afbe6651ad52: does not qualify; 8.7 s; peak memory 12710 MiB.
2026-10-07T04:13:55Z INFO [2303/3795] 84d98a3e-918d-4f9b-9557-6da3808981c7: does not qualify; 8.4 s; peak memory 12710 MiB.
2026-10-07T04:13:56Z INFO [2304/3795] 84d9b467-650a-4018-8603-1e580e2f52db: does not qualify; 1.1 s; peak memory 12710 MiB.
2026-10-07T04:13:57Z INFO [2305/3795] 84da0ccf-30c0-4f1e-a9a2-2cb3da76077a: does not qualify; 0.9 s; peak memory 12710 MiB.
2026-10-07T04:13:59Z INFO [2306/3795] 84da8c2b-0cee-4f00-8b16-a1f0b106a66e: does not qualify; 2.1 s; peak memory 12710 MiB.
2026-10-07T04:14:01Z INFO [2307/3795] 84dc7470-cc1c-4099-8e3b-e8a51a6f8e43: does not qualify; 1.0 s; peak memory 12710 MiB.
2026-10-07T04:14:03Z INFO [2308/3795] 84dea408-74d0-4069-8336-13cb8cd85cc6: does not qualify; 2.9 s; peak memory 12710 MiB.
2026-10-07T04:14:05Z INFO [2309/3795] 84df950d-8d76-471a-aa4d-d633ea4c50f7: does not qualify; 1.7 s; peak memory 12710 MiB.
2026-10-07T04:14:07Z INFO [2310/3795] 84e14d5a-ed1a-4845-93d9-e8b53e789c4c: does not qualify; 1.6 s; peak memory 12710 MiB.
2026-10-07T04:14:09Z INFO [2311/3795] 84e2022f-ae56-44e5-b163-db2b394b6e97: does not qualify; 2.0 s; peak memory 12710 MiB.
2026-10-07T04:14:10Z INFO [2312/3795] 84e30f20-cd38-4bf5-91bd-c7ee32e4ddc1: does not qualify; 1.0 s; peak memory 12710 MiB.
2026-10-07T04:14:13Z INFO [2313/3795] 84e37db4-5913-4245-a314-a549295abd85: does not qualify; 2.8 s; peak memory 12710 MiB.
2026-10-07T04:14:24Z INFO [2314/3795] 84e41dcf-ee6e-46d8-836a-7475be07b061: does not qualify; 11.3 s; peak memory 12710 MiB.
2026-10-07T04:14:45Z INFO [2315/3795] 84e4f0cd-7054-46d8-816a-1c20a22e716c: does not qualify; 20.9 s; peak memory 12710 MiB.
2026-10-07T04:14:47Z INFO [2316/3795] 84e5a3f5-4cb2-46af-afd7-ee87757332ef: does not qualify; 1.7 s; peak memory 12710 MiB.
2026-10-07T04:14:48Z INFO [2317/3795] 84e5d8cf-8551-4cb3-a945-a04b75a3a99b: does not qualify; 1.3 s; peak memory 12710 MiB.
2026-10-07T04:14:49Z INFO [2318/3795] 84e68167-2826-454a-9dd4-6f376ac1bcd2: does not qualify; 1.5 s; peak memory 12710 MiB.
2026-10-07T04:14:56Z INFO [2319/3795] 84e8d3b1-31c7-43f2-be8f-0f11aff711ba: qualifies; 6.5 s; peak memory 12710 MiB.
2026-10-07T04:14:57Z INFO [2320/3795] 84e8fb68-086e-4642-84ce-89c3f2bc93a5: does not qualify; 1.4 s; peak memory 12710 MiB.
2026-10-07T04:15:05Z INFO [2321/3795] 84e98120-2163-498e-b8dd-e068a7bbbf07: does not qualify; 8.1 s; peak memory 12710 MiB.
2026-10-07T04:15:07Z INFO [2322/3795] 84e9b4cd-a791-411f-9966-fa606890ae45: does not qualify; 1.5 s; peak memory 12710 MiB.
2026-10-07T04:15:08Z INFO [2323/3795] 84e9fbb2-c37e-4073-aeaf-55e249ff29b2: does not qualify; 1.5 s; peak memory 12710 MiB.
2026-10-07T04:15:10Z INFO [2324/3795] 84ea44ee-30f7-441f-919f-c3a3219f245c: does not qualify; 1.9 s; peak memory 12710 MiB.
2026-10-07T04:15:12Z INFO [2325/3795] 84ea64e2-d33a-42fd-8b74-8178c9a8b3c7: does not qualify; 1.9 s; peak memory 12710 MiB.
2026-10-07T04:15:19Z INFO [2326/3795] 84eab424-aef7-4213-af3a-970322e6bf8b: does not qualify; 6.4 s; peak memory 12710 MiB.
2026-10-07T04:15:20Z INFO [2327/3795] 84eb5ffc-7a71-412f-86c0-c4ca8b663f74: does not qualify; 1.3 s; peak memory 12710 MiB.
2026-10-07T04:15:23Z INFO [2328/3795] 84ebfdfd-5f5e-437d-9d91-c824acf60b07: does not qualify; 3.2 s; peak memory 12710 MiB.
2026-10-07T04:15:31Z INFO [2329/3795] 84ec0883-6026-4e40-9f0f-c6cc257c6907: does not qualify; 8.0 s; peak memory 12710 MiB.
2026-10-07T04:15:33Z INFO [2330/3795] 84ecab7b-0bab-4e77-b256-31af118fe8bd: does not qualify; 1.6 s; peak memory 12710 MiB.
2026-10-07T04:15:35Z INFO [2331/3795] 84ecb0da-22ae-482b-9cac-99d51da3779c: does not qualify; 1.9 s; peak memory 12710 MiB.
2026-10-07T04:15:37Z INFO [2332/3795] 84eccfa9-f3f7-49bf-9db6-e9ba60c190f5: does not qualify; 2.8 s; peak memory 12710 MiB.
2026-10-07T04:15:39Z INFO [2333/3795] 84ed01b4-24de-4049-94e0-e23fb69e9046: does not qualify; 1.4 s; peak memory 12710 MiB.
2026-10-07T04:15:47Z INFO [2334/3795] 84ed94cb-6684-4e85-adfd-d42d99819481: does not qualify; 8.0 s; peak memory 12710 MiB.
2026-10-07T04:15:48Z INFO [2335/3795] 84ee7ce3-5e6e-4b51-adf4-d451541656fe: does not qualify; 1.7 s; peak memory 12710 MiB.
2026-10-07T04:15:50Z INFO [2336/3795] 84ef6995-6923-4ca3-b7fd-e8f8571f86cf: does not qualify; 1.6 s; peak memory 12710 MiB.
2026-10-07T04:15:51Z INFO [2337/3795] 84f0d397-c032-4125-8cb5-b2063f62d97a: does not qualify; 1.0 s; peak memory 12710 MiB.
2026-10-07T04:15:53Z INFO [2338/3795] 84f23ec4-b0ce-4698-ad77-3e53efc5f2eb: does not qualify; 1.7 s; peak memory 12710 MiB.
2026-10-07T04:15:54Z INFO [2339/3795] 84f25289-49c0-4bb8-a6d3-8aa4856b5144: does not qualify; 1.5 s; peak memory 12710 MiB.
2026-10-07T04:15:57Z INFO [2340/3795] 84f34f4b-d449-47b0-ad11-bc11f1d70f6d: does not qualify; 2.6 s; peak memory 12710 MiB.
2026-10-07T04:16:04Z INFO [2341/3795] 84f351a5-4011-4c03-9c6a-f8141dc937c6: does not qualify; 7.2 s; peak memory 12710 MiB.
2026-10-07T04:16:06Z INFO [2342/3795] 84f37cd9-f756-49b6-8ac5-b182dedb5332: does not qualify; 2.0 s; peak memory 12710 MiB.
2026-10-07T04:16:08Z INFO [2343/3795] 84f3b5a4-803e-4825-a438-e1079cf9da33: does not qualify; 1.9 s; peak memory 12710 MiB.
2026-10-07T04:16:09Z INFO [2344/3795] 84f50d29-ac8d-451a-b37a-7bce6743022b: does not qualify; 1.3 s; peak memory 12710 MiB.
2026-10-07T04:16:11Z INFO [2345/3795] 84f5b5ba-7b0b-4cf9-b02b-aaba0e15f277: does not qualify; 1.6 s; peak memory 12710 MiB.
2026-10-07T04:16:19Z INFO [2346/3795] 84f653dd-1d72-4246-8786-8be4f1859578: does not qualify; 7.6 s; peak memory 12710 MiB.
2026-10-07T04:16:21Z INFO [2347/3795] 84f67082-e0e9-4e97-856d-7e9fa600ddac: does not qualify; 2.3 s; peak memory 12710 MiB.
2026-10-07T04:16:22Z INFO [2348/3795] 84f736a3-64e0-431f-8d51-341574e0a882: does not qualify; 1.2 s; peak memory 12710 MiB.
2026-10-07T04:16:23Z INFO [2349/3795] 84f80249-adfd-46ee-82c4-d81a7f87a4d4: does not qualify; 1.3 s; peak memory 12710 MiB.
2026-10-07T04:16:25Z INFO [2350/3795] 84f813ac-e8e0-4cba-85be-9bc763aacb3f: does not qualify; 1.2 s; peak memory 12710 MiB.
2026-10-07T04:16:25Z INFO [2350/3795] 84f813ac-e8e0-4cba-85be-9bc763aacb3f: checkpointed 92469 records.
2026-10-07T04:16:27Z INFO [2351/3795] 84f8311e-a498-4d6d-861e-a102054d6caa: does not qualify; 2.0 s; peak memory 12710 MiB.
2026-10-07T04:16:28Z INFO [2352/3795] 84f85e95-7f01-4b63-b1cc-29652650ea8f: does not qualify; 1.6 s; peak memory 12710 MiB.
2026-10-07T04:16:31Z INFO [2353/3795] 84f90a87-0cfa-4533-bec9-ab8aa54b4f7f: does not qualify; 2.1 s; peak memory 12710 MiB.
2026-10-07T04:16:41Z INFO [2354/3795] 84f921da-af37-475a-a599-745a290d3034: does not qualify; 10.7 s; peak memory 12710 MiB.
2026-10-07T04:16:43Z INFO [2355/3795] 84f99074-94ee-4c78-ac27-7deca1665376: does not qualify; 2.0 s; peak memory 12710 MiB.
2026-10-07T04:16:45Z INFO [2356/3795] 84fa39a3-ea99-4b35-9361-5c1a358b8116: does not qualify; 1.3 s; peak memory 12710 MiB.
2026-10-07T04:17:06Z INFO [2357/3795] 84fb2524-9ab7-4d93-a520-cdab89ad7733: does not qualify; 21.5 s; peak memory 12710 MiB.
2026-10-07T04:17:12Z INFO [2358/3795] 84fbd22b-af23-4824-b061-fc320f8df9ad: does not qualify; 6.1 s; peak memory 12710 MiB.
2026-10-07T04:17:19Z INFO [2359/3795] 84fc09b7-5d8c-44c2-ac94-35fc36cfb757: does not qualify; 6.6 s; peak memory 12710 MiB.
2026-10-07T04:17:21Z INFO [2360/3795] 84fc343a-cef7-4efe-aade-70148190568a: does not qualify; 1.6 s; peak memory 12710 MiB.
2026-10-07T04:17:22Z INFO [2361/3795] 84fd1c6e-4b54-46ef-9a25-8d0d24d0ca83: does not qualify; 1.4 s; peak memory 12710 MiB.
2026-10-07T04:17:30Z INFO [2362/3795] 84fd7bd0-372f-465c-ae02-1427108801e9: does not qualify; 7.7 s; peak memory 12710 MiB.
2026-10-07T04:17:31Z INFO [2363/3795] 84fe6439-98d1-48f8-8603-cd68681e5003: does not qualify; 1.1 s; peak memory 12710 MiB.
2026-10-07T04:17:33Z INFO [2364/3795] 84fe7dcc-028e-4917-987a-26ad3f2fce61: does not qualify; 1.9 s; peak memory 12710 MiB.
2026-10-07T04:17:41Z INFO [2365/3795] 84feb5eb-6399-4974-b138-7ac2f36dde8c: does not qualify; 8.3 s; peak memory 12710 MiB.
2026-10-07T04:17:55Z INFO [2366/3795] 84ffaa7b-442a-4759-b0d8-5d8b31f435f7: does not qualify; 14.4 s; peak memory 12710 MiB.
2026-10-07T04:17:57Z INFO [2367/3795] 8500ddf7-6162-4ca4-9459-93840c18fa35: does not qualify; 1.3 s; peak memory 12710 MiB.
2026-10-07T04:17:58Z INFO [2368/3795] 85010c73-9c3d-445c-9d32-a3f8a88be9a0: does not qualify; 1.9 s; peak memory 12710 MiB.
2026-10-07T04:18:00Z INFO [2369/3795] 85013fb6-61fe-4771-8dd0-d97b58f5882b: does not qualify; 1.8 s; peak memory 12710 MiB.
2026-10-07T04:18:02Z INFO [2370/3795] 85017c20-3876-4cd9-be51-0ce455a9de19: does not qualify; 1.8 s; peak memory 12710 MiB.
2026-10-07T04:18:04Z INFO [2371/3795] 85026f41-209d-4512-9a47-82582a729357: does not qualify; 1.5 s; peak memory 12710 MiB.
2026-10-07T04:18:05Z INFO [2372/3795] 85028041-a04e-4bb4-bf75-8c39e3810113: does not qualify; 1.4 s; peak memory 12710 MiB.
2026-10-07T04:18:07Z INFO [2373/3795] 85028086-eb66-4c83-b08d-b93fe49477e0: does not qualify; 1.7 s; peak memory 12710 MiB.
2026-10-07T04:18:08Z INFO [2374/3795] 85028ec6-5fbb-467a-9211-9a851ef851e8: does not qualify; 1.4 s; peak memory 12710 MiB.
2026-10-07T04:18:09Z INFO [2375/3795] 85029858-dd32-454d-8264-36e5409e7116: does not qualify; 1.5 s; peak memory 12710 MiB.
2026-10-07T04:18:11Z INFO [2376/3795] 85034fae-3578-4303-a581-ffd3a78f3dc7: does not qualify; 1.3 s; peak memory 12710 MiB.
2026-10-07T04:18:17Z INFO [2377/3795] 8503528a-34d9-42d0-af0d-7ba83d0aa4b2: does not qualify; 6.7 s; peak memory 12710 MiB.
2026-10-07T04:18:19Z INFO [2378/3795] 8503a27c-85f1-4e1f-872f-83385b60e369: does not qualify; 2.0 s; peak memory 12710 MiB.
2026-10-07T04:18:21Z INFO [2379/3795] 85046f3d-c356-49c2-8da7-9a40c830f6a9: does not qualify; 1.7 s; peak memory 12710 MiB.
2026-10-07T04:18:58Z INFO [2380/3795] 8506dc0c-c9ae-4d62-8156-98d7bd81374b: does not qualify; 36.7 s; peak memory 12710 MiB.
2026-10-07T04:19:00Z INFO [2381/3795] 85072a74-00f8-4219-adaf-a6648231b5c6: does not qualify; 2.7 s; peak memory 12710 MiB.
2026-10-07T04:19:01Z INFO [2382/3795] 8507387e-3f72-4d91-b7b8-1549afb8c049: does not qualify; 0.9 s; peak memory 12710 MiB.
2026-10-07T04:19:03Z INFO [2383/3795] 8507f93e-5097-4e71-9ac4-3d45f7b9de6a: does not qualify; 1.3 s; peak memory 12710 MiB.
2026-10-07T04:19:04Z INFO [2384/3795] 85081676-ea1d-4b73-beda-e275792686e6: does not qualify; 1.3 s; peak memory 12710 MiB.
2026-10-07T04:19:05Z INFO [2385/3795] 850846d4-eb47-4183-b62a-ea82f9b8fa4e: does not qualify; 1.4 s; peak memory 12710 MiB.
2026-10-07T04:19:08Z INFO [2386/3795] 8508aad5-4df1-4436-a647-eaec24883610: qualifies; 2.8 s; peak memory 12710 MiB.
2026-10-07T04:19:10Z INFO [2387/3795] 8508dc2b-c17c-4d4d-8127-2905540728a8: does not qualify; 1.8 s; peak memory 12710 MiB.
2026-10-07T04:19:12Z INFO [2388/3795] 85093866-6337-437f-8ebb-d8ad156ae953: does not qualify; 1.7 s; peak memory 12710 MiB.
2026-10-07T04:19:13Z INFO [2389/3795] 85093a90-6e6a-4747-aa0f-ae6a3e23867d: does not qualify; 1.5 s; peak memory 12710 MiB.
2026-10-07T04:19:15Z INFO [2390/3795] 85094315-a3b6-4717-a461-eafaf53d8093: does not qualify; 1.8 s; peak memory 12710 MiB.
2026-10-07T04:19:26Z INFO [2391/3795] 850957f3-6698-4f71-a9c4-4b9a2dd7ea39: does not qualify; 11.3 s; peak memory 12710 MiB.
2026-10-07T04:19:34Z INFO [2392/3795] 8509badf-c85f-4d92-ad03-d7984de90b7e: does not qualify; 7.9 s; peak memory 12710 MiB.
2026-10-07T04:19:36Z INFO [2393/3795] 850a40e9-6b18-4128-8bb0-689096d41b6a: does not qualify; 1.4 s; peak memory 12710 MiB.
2026-10-07T04:19:37Z INFO [2394/3795] 850abb86-136d-44d8-a476-c12146559a6a: does not qualify; 1.5 s; peak memory 12710 MiB.
2026-10-07T04:19:39Z INFO [2395/3795] 850b9b64-377d-4d36-bb81-769a2364674f: does not qualify; 1.6 s; peak memory 12710 MiB.
2026-10-07T04:19:41Z INFO [2396/3795] 850c0aa0-666b-4231-9870-813b4d3ec9b8: does not qualify; 2.2 s; peak memory 12710 MiB.
2026-10-07T04:19:43Z INFO [2397/3795] 850d9b94-ad0f-4508-9608-0d0760f7c9db: does not qualify; 1.7 s; peak memory 12710 MiB.
2026-10-07T04:19:44Z INFO [2398/3795] 850da4da-80c8-453f-835a-09546dd2d508: does not qualify; 1.7 s; peak memory 12710 MiB.
2026-10-07T04:19:45Z INFO [2399/3795] 850de75b-b1d0-46bb-b4f9-c0b4ae9fcf9f: does not qualify; 1.1 s; peak memory 12710 MiB.
2026-10-07T04:19:48Z INFO [2400/3795] 850f24ed-5597-4ac2-947b-00dadaf3f826: does not qualify; 2.4 s; peak memory 12710 MiB.
2026-10-07T04:19:48Z INFO [2400/3795] 850f24ed-5597-4ac2-947b-00dadaf3f826: checkpointed 92519 records.
2026-10-07T04:19:50Z INFO [2401/3795] 8510a252-1e00-41bc-8926-0a8ef3472831: does not qualify; 2.0 s; peak memory 12710 MiB.
2026-10-07T04:19:51Z INFO [2402/3795] 8510c656-3b22-41ff-8687-847a6f0ccfa6: does not qualify; 1.3 s; peak memory 12710 MiB.
2026-10-07T04:19:52Z INFO [2403/3795] 8511a41c-a0f8-4f89-ad95-9ed38cc22af7: does not qualify; 1.3 s; peak memory 12710 MiB.
2026-10-07T04:19:54Z INFO [2404/3795] 8511b6b0-eb0a-49b3-b373-b0f03fb958ee: does not qualify; 1.5 s; peak memory 12710 MiB.
2026-10-07T04:19:55Z INFO [2405/3795] 85120a22-df5d-45b2-ae1f-7c59d78b8af8: does not qualify; 1.0 s; peak memory 12710 MiB.
2026-10-07T04:19:57Z INFO [2406/3795] 85124072-9382-48b0-b7ae-1e86b73d865c: does not qualify; 1.9 s; peak memory 12710 MiB.
2026-10-07T04:19:59Z INFO [2407/3795] 85125212-dda8-481c-9d13-2cf3d77669ab: does not qualify; 1.8 s; peak memory 12710 MiB.
2026-10-07T04:20:00Z INFO [2408/3795] 85127c64-4557-4808-8471-47326d181ba1: does not qualify; 1.4 s; peak memory 12710 MiB.
2026-10-07T04:20:01Z INFO [2409/3795] 8513b6a2-5cf9-433b-acb2-3e68f3297318: does not qualify; 1.4 s; peak memory 12710 MiB.
2026-10-07T04:20:03Z INFO [2410/3795] 8513f1e8-ff75-4a0c-95a7-cda4d242cc58: does not qualify; 1.9 s; peak memory 12710 MiB.
2026-10-07T04:20:05Z INFO [2411/3795] 8513f301-1a26-48fc-9bea-d0493f9340f4: does not qualify; 1.9 s; peak memory 12710 MiB.
2026-10-07T04:20:07Z INFO [2412/3795] 851413a1-37ce-405f-885a-73b5bce0f822: does not qualify; 1.6 s; peak memory 12710 MiB.
2026-10-07T04:20:10Z INFO [2413/3795] 85143235-0d70-4ed5-a5f6-55e572544a98: does not qualify; 3.6 s; peak memory 12710 MiB.
2026-10-07T04:20:11Z INFO [2414/3795] 851446e9-a6c9-40f5-af99-18d9b4453cb8: does not qualify; 1.0 s; peak memory 12710 MiB.
2026-10-07T04:20:13Z INFO [2415/3795] 851565c2-dce0-474c-b5d4-7bdcbe321c39: does not qualify; 1.5 s; peak memory 12710 MiB.
2026-10-07T04:20:14Z INFO [2416/3795] 85167232-f6ad-4df1-a950-4fce413f3c4f: does not qualify; 1.3 s; peak memory 12710 MiB.
2026-10-07T04:20:16Z INFO [2417/3795] 85173681-cd47-4c27-b6d9-6d32c4fded88: does not qualify; 1.2 s; peak memory 12710 MiB.
2026-10-07T04:20:17Z INFO [2418/3795] 85176a29-8875-4d62-912b-8b444a0372d4: does not qualify; 1.3 s; peak memory 12710 MiB.
2026-10-07T04:20:19Z INFO [2419/3795] 851ac22e-5ede-4d3e-9728-ead39ab731b1: does not qualify; 1.8 s; peak memory 12710 MiB.
2026-10-07T04:20:20Z INFO [2420/3795] 851ae506-6490-4103-a4e9-c0dc9e058ddb: does not qualify; 1.7 s; peak memory 12710 MiB.
2026-10-07T04:20:22Z INFO [2421/3795] 851af670-6715-468b-9fce-96b4b5ab8087: does not qualify; 1.4 s; peak memory 12710 MiB.
2026-10-07T04:20:23Z INFO [2422/3795] 851b4bee-350a-4be2-b40c-b0a8b3fc5ea7: does not qualify; 1.3 s; peak memory 12710 MiB.
2026-10-07T04:20:25Z INFO [2423/3795] 851b8302-2f0e-49ae-ad5f-596f51f1bf44: does not qualify; 2.0 s; peak memory 12710 MiB.
2026-10-07T04:20:26Z INFO [2424/3795] 851bcc3d-af3d-4fe8-ac5b-989ac34011b6: does not qualify; 1.3 s; peak memory 12710 MiB.
2026-10-07T04:20:28Z INFO [2425/3795] 851c6703-0896-4aa5-b5b7-9df52aee04d1: does not qualify; 1.3 s; peak memory 12710 MiB.
2026-10-07T04:20:34Z INFO [2426/3795] 851cfd6b-75b6-411c-bd6e-6f1fadf3504d: does not qualify; 6.5 s; peak memory 12710 MiB.
2026-10-07T04:20:36Z INFO [2427/3795] 851ed4c2-15ee-43cb-a5ac-31e6d7a40530: does not qualify; 1.8 s; peak memory 12710 MiB.
2026-10-07T04:20:44Z INFO [2428/3795] 851f4740-bbbe-40c6-8f0a-ca807b9cc1bd: does not qualify; 8.1 s; peak memory 12710 MiB.
2026-10-07T04:20:48Z INFO [2429/3795] 85200257-6dca-4752-a2ac-099b84b0c862: does not qualify; 4.2 s; peak memory 12710 MiB.
2026-10-07T04:20:50Z INFO [2430/3795] 85208686-d051-4be0-a984-4e8b6444e289: does not qualify; 1.8 s; peak memory 12710 MiB.
2026-10-07T04:20:52Z INFO [2431/3795] 8521f01c-e426-4886-ba51-6875817f849c: does not qualify; 1.8 s; peak memory 12710 MiB.
2026-10-07T04:20:55Z INFO [2432/3795] 85227a0b-c619-4950-a7ec-7d4ad040fd5b: does not qualify; 3.5 s; peak memory 12710 MiB.
2026-10-07T04:20:57Z INFO [2433/3795] 8522da30-c7dc-4200-adba-4e0805e8b4f2: does not qualify; 1.9 s; peak memory 12710 MiB.
2026-10-07T04:20:59Z INFO [2434/3795] 8522f2c0-921d-4318-a8cf-d5261392a217: does not qualify; 1.6 s; peak memory 12710 MiB.
2026-10-07T04:21:00Z INFO [2435/3795] 85232602-e7df-4d2b-9ad1-47a1a2445c16: does not qualify; 1.1 s; peak memory 12710 MiB.
2026-10-07T04:21:02Z INFO [2436/3795] 85235c1d-68cf-46e0-8c3e-9feee8625a33: does not qualify; 1.6 s; peak memory 12710 MiB.
2026-10-07T04:21:05Z INFO [2437/3795] 8524236b-6192-474b-880a-622ab443ade8: does not qualify; 2.9 s; peak memory 12710 MiB.
2026-10-07T04:21:06Z INFO [2438/3795] 85243a39-51d2-4c58-bffb-91ffbdb57c73: does not qualify; 1.4 s; peak memory 12710 MiB.
2026-10-07T04:21:10Z INFO [2439/3795] 85245954-6db8-4f9e-815d-f1d1ebb45858: does not qualify; 3.7 s; peak memory 12710 MiB.
2026-10-07T04:21:11Z INFO [2440/3795] 852583cd-cea9-4943-8019-ec53e5c15d26: does not qualify; 1.3 s; peak memory 12710 MiB.
2026-10-07T04:21:13Z INFO [2441/3795] 8525a80c-ca04-4c3d-8aba-d6917afa1518: does not qualify; 1.9 s; peak memory 12710 MiB.
2026-10-07T04:21:14Z INFO [2442/3795] 85264622-f231-4df1-9930-57b784cdc0d1: does not qualify; 1.3 s; peak memory 12710 MiB.
2026-10-07T04:21:16Z INFO [2443/3795] 8527b206-adcd-4b76-8cd9-a6cf1e57d9c8: does not qualify; 2.4 s; peak memory 12710 MiB.
2026-10-07T04:22:01Z INFO [2444/3795] 8527c2e2-f0e7-4ef5-af8c-f347d5c40a9b: does not qualify; 44.1 s; peak memory 12710 MiB.
2026-10-07T04:22:01Z INFO [2445/3795] 85284230-f54c-4683-998b-f4f2282bc2e5: does not qualify; 1.0 s; peak memory 12710 MiB.
2026-10-07T04:22:02Z INFO [2446/3795] 85284daa-a359-470b-8156-02fb3709eed5: does not qualify; 1.0 s; peak memory 12710 MiB.
2026-10-07T04:22:04Z INFO [2447/3795] 85290a18-e54f-4266-aa02-0035c6197796: does not qualify; 1.4 s; peak memory 12710 MiB.
2026-10-07T04:22:05Z INFO [2448/3795] 85296e91-ed82-42e5-a90c-783fb445fbb8: does not qualify; 1.4 s; peak memory 12710 MiB.
2026-10-07T04:22:06Z INFO [2449/3795] 852a39c6-fc01-4d35-a678-3fdab2443f68: does not qualify; 1.0 s; peak memory 12710 MiB.
2026-10-07T04:22:08Z INFO [2450/3795] 852b13ff-c452-43d0-a701-2b2d49b59a85: does not qualify; 1.4 s; peak memory 12710 MiB.
2026-10-07T04:22:08Z INFO [2450/3795] 852b13ff-c452-43d0-a701-2b2d49b59a85: checkpointed 92569 records.
2026-10-07T04:22:16Z INFO [2451/3795] 852b5b06-ba75-4a12-ac50-75ce622542d9: does not qualify; 8.5 s; peak memory 12710 MiB.
2026-10-07T04:22:18Z INFO [2452/3795] 852b93c9-8508-43d1-a361-89df289a3341: does not qualify; 1.5 s; peak memory 12710 MiB.
2026-10-07T04:22:20Z INFO [2453/3795] 852bee1a-2e04-4022-88b2-dd8c0e09cb39: does not qualify; 2.1 s; peak memory 12710 MiB.
2026-10-07T04:22:21Z INFO [2454/3795] 852c81c9-b9ab-430f-8663-b85bd3c336d2: does not qualify; 1.5 s; peak memory 12710 MiB.
2026-10-07T04:22:25Z INFO [2455/3795] 852caf10-b919-490c-b3a3-fb461f8f9ab1: does not qualify; 3.1 s; peak memory 12710 MiB.
2026-10-07T04:22:26Z INFO [2456/3795] 852eb873-989f-4ddf-93ec-77061fbcc733: does not qualify; 1.5 s; peak memory 12710 MiB.
2026-10-07T04:22:28Z INFO [2457/3795] 852ec789-2745-4030-a4f9-643b8cee1a73: does not qualify; 1.4 s; peak memory 12710 MiB.
2026-10-07T04:22:29Z INFO [2458/3795] 85306b95-7c61-45d4-ae8a-c79981927b7b: does not qualify; 1.6 s; peak memory 12710 MiB.
2026-10-07T04:22:31Z INFO [2459/3795] 85307765-358b-4342-b165-70b4a1852c5e: does not qualify; 1.8 s; peak memory 12710 MiB.
2026-10-07T04:22:32Z INFO [2460/3795] 85309313-03a1-4c81-9469-dff7de3f136a: does not qualify; 1.2 s; peak memory 12710 MiB.
2026-10-07T04:22:35Z INFO [2461/3795] 8530cd4e-2bef-4f6d-9ff5-67b3e740fa97: does not qualify; 2.9 s; peak memory 12710 MiB.
2026-10-07T04:22:39Z INFO [2462/3795] 85312017-4a4b-4267-a5cf-0d622d0667a1: does not qualify; 4.5 s; peak memory 12710 MiB.
2026-10-07T04:22:41Z INFO [2463/3795] 85312b05-bba4-4093-8d95-3ba805307d82: does not qualify; 1.7 s; peak memory 12710 MiB.
2026-10-07T04:22:50Z INFO [2464/3795] 8531da2d-9707-4534-a9c2-d8f3069bef61: does not qualify; 8.5 s; peak memory 12710 MiB.
2026-10-07T04:22:51Z INFO [2465/3795] 8532c9b2-4738-4c81-af1b-9ce6e4bb9148: does not qualify; 1.3 s; peak memory 12710 MiB.
2026-10-07T04:22:52Z INFO [2466/3795] 853309ba-a2ad-46a8-90d6-ce5d1b7fb1c7: does not qualify; 1.3 s; peak memory 12710 MiB.
2026-10-07T04:23:07Z INFO [2467/3795] 85333b92-acd9-4142-9df4-fee3e87a306b: does not qualify; 14.8 s; peak memory 12710 MiB.
2026-10-07T04:23:08Z INFO [2468/3795] 85334161-1cae-429c-8153-b38146d10acd: does not qualify; 1.0 s; peak memory 12710 MiB.
2026-10-07T04:23:16Z INFO [2469/3795] 853364ee-7127-4763-9cb9-fd9d4bac1fc9: does not qualify; 7.7 s; peak memory 12710 MiB.
2026-10-07T04:23:17Z INFO [2470/3795] 8534a610-45b7-4798-934c-a689ff583691: does not qualify; 0.9 s; peak memory 12710 MiB.
2026-10-07T04:23:21Z INFO [2471/3795] 8534d293-6351-4266-889d-0db62614f20e: does not qualify; 4.2 s; peak memory 12710 MiB.
2026-10-07T04:23:23Z INFO [2472/3795] 85351ce7-8e38-47e9-93e1-e3fd31356867: does not qualify; 2.0 s; peak memory 12710 MiB.
2026-10-07T04:23:26Z INFO [2473/3795] 853544ec-25b1-4ebe-bfa6-452f47e3a984: does not qualify; 3.4 s; peak memory 12710 MiB.
2026-10-07T04:23:33Z INFO [2474/3795] 853589a7-b5bd-4ba6-a138-bb9440caf25f: does not qualify; 6.4 s; peak memory 12710 MiB.
2026-10-07T04:23:34Z INFO [2475/3795] 853688ae-73ba-45e5-b494-a5c56285c8cd: does not qualify; 1.7 s; peak memory 12710 MiB.
2026-10-07T04:23:38Z INFO [2476/3795] 85371cc7-6b8b-48e7-b770-c970e15b45af: does not qualify; 3.9 s; peak memory 12710 MiB.
2026-10-07T04:23:46Z INFO [2477/3795] 8537bdb1-932d-4036-9956-6a2214f0ba01: does not qualify; 7.7 s; peak memory 12710 MiB.
2026-10-07T04:23:47Z INFO [2478/3795] 8538678e-187f-4531-b4a4-e75608b7d99e: does not qualify; 1.7 s; peak memory 12710 MiB.
2026-10-07T04:23:49Z INFO [2479/3795] 8538c1b3-dbf5-4804-8721-5635637ee9ba: does not qualify; 1.3 s; peak memory 12710 MiB.
2026-10-07T04:23:50Z INFO [2480/3795] 8539f1bf-cdf7-4f3c-901f-648efeef45c3: does not qualify; 1.4 s; peak memory 12710 MiB.
2026-10-07T04:24:21Z INFO [2481/3795] 853a183b-a26f-4bc7-b655-2c5fa579770c: does not qualify; 30.7 s; peak memory 12710 MiB.
2026-10-07T04:24:27Z INFO [2482/3795] 853a4670-54f8-4315-8e3c-991bd296aabe: does not qualify; 6.0 s; peak memory 12710 MiB.
2026-10-07T04:24:28Z INFO [2483/3795] 853b8db7-f011-4d35-86f0-f03da40b20d3: does not qualify; 1.5 s; peak memory 12710 MiB.
2026-10-07T04:24:40Z INFO [2484/3795] 853c2686-0aa2-46cd-ba3b-61ac6705b59f: does not qualify; 11.5 s; peak memory 12710 MiB.
2026-10-07T04:24:42Z INFO [2485/3795] 853c414e-562d-4cf5-bd55-1ed70ab0ffe0: does not qualify; 2.1 s; peak memory 12710 MiB.
2026-10-07T04:24:48Z INFO [2486/3795] 853cca11-9ab4-447b-843d-0021f7046c98: does not qualify; 6.1 s; peak memory 12710 MiB.
2026-10-07T04:24:50Z INFO [2487/3795] 853e84f7-13dc-4226-9514-5cf0fec9d940: does not qualify; 1.7 s; peak memory 12710 MiB.
2026-10-07T04:24:51Z INFO [2488/3795] 853eb7eb-a3b6-4463-acb9-25a38b6e671f: does not qualify; 0.9 s; peak memory 12710 MiB.
2026-10-07T04:24:56Z INFO [2489/3795] 853ec6e8-8edd-42a9-835a-a59c54dac797: does not qualify; 5.3 s; peak memory 12710 MiB.
2026-10-07T04:24:58Z INFO [2490/3795] 85401d39-b439-41a8-9e25-22bd8a1f0855: does not qualify; 1.6 s; peak memory 12710 MiB.
2026-10-07T04:25:14Z INFO [2491/3795] 8540304d-b0e4-4f24-bdc8-68185b01a595: does not qualify; 15.9 s; peak memory 12710 MiB.
2026-10-07T04:25:15Z INFO [2492/3795] 854051b1-7af8-4240-ba33-ef67b69f6bc9: does not qualify; 1.7 s; peak memory 12710 MiB.
2026-10-07T04:25:17Z INFO [2493/3795] 8540c20d-3fa9-4a19-8661-9c5f479ebc20: does not qualify; 2.1 s; peak memory 12710 MiB.
2026-10-07T04:25:20Z INFO [2494/3795] 85415233-2e99-46a2-916b-6c68b67b728a: does not qualify; 3.0 s; peak memory 12710 MiB.
2026-10-07T04:25:21Z INFO [2495/3795] 8541922f-a7d3-4592-a3eb-682c3bf79dfa: does not qualify; 1.0 s; peak memory 12710 MiB.
2026-10-07T04:25:23Z INFO [2496/3795] 8541be76-4b20-47ee-b267-d5ef94811793: does not qualify; 1.5 s; peak memory 12710 MiB.
2026-10-07T04:25:25Z INFO [2497/3795] 854236d6-63ad-4e60-8b98-a46f4795f02c: does not qualify; 1.7 s; peak memory 12710 MiB.
2026-10-07T04:25:26Z INFO [2498/3795] 85424c7f-6c17-4c12-8339-c6bb164d2b9b: does not qualify; 1.3 s; peak memory 12710 MiB.
2026-10-07T04:25:33Z INFO [2499/3795] 85427353-7d07-4b13-a82b-2e8a95e91197: does not qualify; 7.3 s; peak memory 12710 MiB.
2026-10-07T04:25:34Z INFO [2500/3795] 8542caea-8e7b-4b58-bf16-62897ff81321: does not qualify; 0.9 s; peak memory 12710 MiB.
2026-10-07T04:25:34Z INFO [2500/3795] 8542caea-8e7b-4b58-bf16-62897ff81321: checkpointed 92619 records.
2026-10-07T04:25:36Z INFO [2501/3795] 8542fb88-a8fe-4cde-b562-71e016953277: does not qualify; 1.4 s; peak memory 12710 MiB.
2026-10-07T04:25:39Z INFO [2502/3795] 85444136-4758-43e8-b0e3-e94f32867ac2: does not qualify; 3.1 s; peak memory 12710 MiB.
2026-10-07T04:25:41Z INFO [2503/3795] 8544a642-b96b-4bf0-8e79-42b0cacb9527: does not qualify; 1.7 s; peak memory 12710 MiB.
2026-10-07T04:25:42Z INFO [2504/3795] 85453f00-d9b7-4ffd-91ce-f626ee979924: does not qualify; 1.3 s; peak memory 12710 MiB.
2026-10-07T04:25:43Z INFO [2505/3795] 85455c2f-1ae3-4db7-883c-d51ad106c87a: does not qualify; 1.3 s; peak memory 12710 MiB.
2026-10-07T04:25:44Z INFO [2506/3795] 854721f0-5a3e-4607-b6ae-42ae8ad7e19e: does not qualify; 1.4 s; peak memory 12710 MiB.
2026-10-07T04:25:46Z INFO [2507/3795] 8547770b-b35b-44b7-b487-3ac62f1f7d51: does not qualify; 1.1 s; peak memory 12710 MiB.
2026-10-07T04:25:47Z INFO [2508/3795] 85477740-ae82-4efd-b0d3-0e8f23293bb7: does not qualify; 1.0 s; peak memory 12710 MiB.
2026-10-07T04:25:48Z INFO [2509/3795] 85484dd6-6efc-46b5-ae00-3c776a0fae23: does not qualify; 1.6 s; peak memory 12710 MiB.
2026-10-07T04:25:50Z INFO [2510/3795] 8548b291-d03f-4363-9110-afc3152dd854: does not qualify; 1.5 s; peak memory 12710 MiB.
2026-10-07T04:25:55Z INFO [2511/3795] 85496c63-b214-49c2-bad2-5fca814d2049: does not qualify; 5.7 s; peak memory 12710 MiB.
2026-10-07T04:25:57Z INFO [2512/3795] 8549940f-520f-4f5f-aa8a-944dffbe2fe9: does not qualify; 1.3 s; peak memory 12710 MiB.
2026-10-07T04:25:58Z INFO [2513/3795] 854a028b-d43a-4e8b-ad91-c124513834c9: does not qualify; 1.8 s; peak memory 12710 MiB.
2026-10-07T04:26:00Z INFO [2514/3795] 854a909d-9713-40ed-94ba-ae11bb434fc2: does not qualify; 2.0 s; peak memory 12710 MiB.
2026-10-07T04:26:02Z INFO [2515/3795] 854abc7e-0cc1-4735-b772-dfebc579ca99: does not qualify; 1.5 s; peak memory 12710 MiB.
2026-10-07T04:26:03Z INFO [2516/3795] 854c59e3-5a47-4c08-8968-ccc2a37c993c: does not qualify; 1.3 s; peak memory 12710 MiB.
2026-10-07T04:26:04Z INFO [2517/3795] 854ccc5f-3da8-47d6-846c-36224ed91213: does not qualify; 1.2 s; peak memory 12710 MiB.
2026-10-07T04:26:06Z INFO [2518/3795] 854cd7b7-079f-4490-a08d-3ca769f9607a: does not qualify; 1.9 s; peak memory 12710 MiB.
2026-10-07T04:26:22Z INFO [2519/3795] 854d4a88-94d6-42fa-b2b0-1bde21f9de83: does not qualify; 16.1 s; peak memory 12710 MiB.
2026-10-07T04:26:24Z INFO [2520/3795] 854db53b-4173-46b6-88a3-857480f82741: does not qualify; 1.4 s; peak memory 12710 MiB.
2026-10-07T04:26:31Z INFO [2521/3795] 854de372-d548-452a-997d-bb1cc9de353b: does not qualify; 7.4 s; peak memory 12710 MiB.
2026-10-07T04:26:32Z INFO [2522/3795] 854efcb5-2786-4b54-a26e-e53c87e8e918: does not qualify; 1.2 s; peak memory 12710 MiB.
2026-10-07T04:26:34Z INFO [2523/3795] 854f0e91-5809-4d9a-9d28-501b2101e334: does not qualify; 2.0 s; peak memory 12710 MiB.
2026-10-07T04:26:36Z INFO [2524/3795] 854f420d-40ef-4e6c-bef3-2f5d9671f903: does not qualify; 1.7 s; peak memory 12710 MiB.
2026-10-07T04:26:39Z INFO [2525/3795] 854f897f-49f8-4439-bee4-a5275f411c8b: does not qualify; 3.1 s; peak memory 12710 MiB.
2026-10-07T04:26:41Z INFO [2526/3795] 854fa650-0b73-4579-9d48-24a006609d51: does not qualify; 1.6 s; peak memory 12710 MiB.
2026-10-07T04:26:47Z INFO [2527/3795] 854fb247-76cb-4a86-a692-940b68ed036d: does not qualify; 6.2 s; peak memory 12710 MiB.
2026-10-07T04:26:56Z INFO [2528/3795] 854fc3b8-ae98-4399-b55b-d6fc5a3dd5fd: does not qualify; 8.5 s; peak memory 12710 MiB.
2026-10-07T04:26:57Z INFO [2529/3795] 85501ef8-19ac-483d-a156-de60213ef4ad: does not qualify; 1.4 s; peak memory 12710 MiB.
2026-10-07T04:26:59Z INFO [2530/3795] 85521581-775b-45f1-baf6-a429b6dddcc1: does not qualify; 1.7 s; peak memory 12710 MiB.
2026-10-07T04:27:03Z INFO [2531/3795] 85539cf9-eb70-455f-a221-5552e27d1401: does not qualify; 4.6 s; peak memory 12710 MiB.
2026-10-07T04:27:05Z INFO [2532/3795] 8555259e-7222-48f8-9d1a-962aa5b92f66: does not qualify; 2.2 s; peak memory 12710 MiB.
2026-10-07T04:27:08Z INFO [2533/3795] 85553a4b-25e7-4b99-b329-00c022ce7353: qualifies; 2.9 s; peak memory 12710 MiB.
2026-10-07T04:27:10Z INFO [2534/3795] 8555c6ce-acb2-4fbd-9a88-94f763a8d56d: does not qualify; 2.0 s; peak memory 12710 MiB.
2026-10-07T04:27:12Z INFO [2535/3795] 8555d338-ba20-47c3-bc09-6f22820e7fed: does not qualify; 1.4 s; peak memory 12710 MiB.
2026-10-07T04:27:13Z INFO [2536/3795] 85561885-e435-482b-836a-fb4b7625512d: does not qualify; 1.6 s; peak memory 12710 MiB.
2026-10-07T04:27:15Z INFO [2537/3795] 85565734-0b65-4957-8aee-f7778a7aa444: does not qualify; 1.4 s; peak memory 12710 MiB.
2026-10-07T04:27:27Z INFO [2538/3795] 8556815e-99ef-44aa-a991-d1f86575c2a6: does not qualify; 12.7 s; peak memory 12710 MiB.
2026-10-07T04:27:29Z INFO [2539/3795] 8556ba4c-7b05-4191-aa99-5596fabf3bef: does not qualify; 1.7 s; peak memory 12710 MiB.
2026-10-07T04:27:31Z INFO [2540/3795] 8557bb4f-f7ff-463a-9b50-42f59d2c6090: does not qualify; 1.6 s; peak memory 12710 MiB.
2026-10-07T04:27:53Z INFO [2541/3795] 85582abb-08d8-4277-a899-df107a3f1605: does not qualify; 22.0 s; peak memory 12710 MiB.
2026-10-07T04:27:54Z INFO [2542/3795] 85589829-ee7a-4210-9423-5e9fa09e79de: does not qualify; 1.3 s; peak memory 12710 MiB.
2026-10-07T04:27:55Z INFO [2543/3795] 8558b664-400a-4770-be20-a1a7014fc454: does not qualify; 1.4 s; peak memory 12710 MiB.
2026-10-07T04:28:01Z INFO [2544/3795] 8559ee3d-efa1-4edd-898b-6f162211651b: does not qualify; 6.1 s; peak memory 12710 MiB.
2026-10-07T04:28:03Z INFO [2545/3795] 855b095a-23bd-463d-ab47-43c05cbd31da: does not qualify; 1.3 s; peak memory 12710 MiB.
2026-10-07T04:28:09Z INFO [2546/3795] 855c1662-b1e3-4551-bf68-8bcaa042f633: does not qualify; 6.4 s; peak memory 12710 MiB.
2026-10-07T04:28:17Z INFO [2547/3795] 855de3ae-f58e-4919-923d-7bb6dceb8898: does not qualify; 8.3 s; peak memory 12710 MiB.
2026-10-07T04:28:19Z INFO [2548/3795] 855e84ca-9f1c-40ff-b1fd-ccac4cc90a3c: does not qualify; 1.5 s; peak memory 12710 MiB.
2026-10-07T04:28:21Z INFO [2549/3795] 855efec4-57e5-46e5-bba8-989375c9fdc5: does not qualify; 1.8 s; peak memory 12710 MiB.
2026-10-07T04:28:27Z INFO [2550/3795] 855f0b98-8eb8-4850-b23f-4339ebbd63de: does not qualify; 6.7 s; peak memory 12710 MiB.
2026-10-07T04:28:28Z INFO [2550/3795] 855f0b98-8eb8-4850-b23f-4339ebbd63de: checkpointed 92669 records.
2026-10-07T04:28:31Z INFO [2551/3795] 855f3f0a-ff06-45ca-9e83-d58708a1c468: does not qualify; 3.6 s; peak memory 12710 MiB.
2026-10-07T04:28:33Z INFO [2552/3795] 855f551d-498a-4a0d-a011-b50bd1a8472b: does not qualify; 1.9 s; peak memory 12710 MiB.
2026-10-07T04:28:52Z INFO [2553/3795] 855f564c-61f0-4181-b999-bd463f5367a0: does not qualify; 19.4 s; peak memory 12710 MiB.
2026-10-07T04:28:54Z INFO [2554/3795] 855f8a76-2360-44b9-ab95-c0b6694b70b9: does not qualify; 1.2 s; peak memory 12710 MiB.
2026-10-07T04:28:55Z INFO [2555/3795] 8560c01a-cc46-46e8-8a76-22b46b522691: does not qualify; 1.8 s; peak memory 12710 MiB.
2026-10-07T04:28:57Z INFO [2556/3795] 856118f7-9687-4910-9fe6-59b304b569d6: does not qualify; 1.5 s; peak memory 12710 MiB.
2026-10-07T04:28:58Z INFO [2557/3795] 85612e89-1f0f-45c6-813a-26fca6a30707: does not qualify; 1.0 s; peak memory 12710 MiB.
2026-10-07T04:28:59Z INFO [2558/3795] 8561d88a-0e98-4b73-aacb-5248f5de1b33: does not qualify; 1.4 s; peak memory 12710 MiB.
2026-10-07T04:29:02Z INFO [2559/3795] 8562523a-da50-43c8-b278-52b917508be1: does not qualify; 2.8 s; peak memory 12710 MiB.
2026-10-07T04:29:03Z INFO [2560/3795] 85626819-ecd4-4019-bc02-6d3f674abf45: does not qualify; 1.1 s; peak memory 12710 MiB.
2026-10-07T04:29:11Z INFO [2561/3795] 85632b17-5024-4a6f-997c-8d79ecf085f5: does not qualify; 7.8 s; peak memory 12710 MiB.
2026-10-07T04:29:13Z INFO [2562/3795] 85635830-9cab-407a-b902-0d61b2ef9fd6: does not qualify; 2.0 s; peak memory 12710 MiB.
2026-10-07T04:29:14Z INFO [2563/3795] 8563acf3-f16f-46fb-96d4-b00487875536: does not qualify; 1.4 s; peak memory 12710 MiB.
2026-10-07T04:29:16Z INFO [2564/3795] 85640ae6-fd4e-45dc-be82-c28cf3a28035: does not qualify; 1.6 s; peak memory 12710 MiB.
2026-10-07T04:29:22Z INFO [2565/3795] 85643bf0-04a0-435f-8ceb-e064fdbaccb0: does not qualify; 5.7 s; peak memory 12710 MiB.
2026-10-07T04:29:23Z INFO [2566/3795] 85660571-5a3e-4eb1-9ae3-7b1cedbfa7e6: does not qualify; 1.6 s; peak memory 12710 MiB.
2026-10-07T04:29:25Z INFO [2567/3795] 8567c338-ff77-4d9f-8bff-2eb235ba3d87: does not qualify; 1.7 s; peak memory 12710 MiB.
2026-10-07T04:29:28Z INFO [2568/3795] 8568151f-8da2-460f-aebc-326b36f86116: does not qualify; 2.4 s; peak memory 12710 MiB.
2026-10-07T04:29:29Z INFO [2569/3795] 85684a94-c214-4458-b8d8-b131531d5396: does not qualify; 1.7 s; peak memory 12710 MiB.
2026-10-07T04:29:31Z INFO [2570/3795] 8568bedf-0dd8-4c65-946a-1bc2d1467db1: does not qualify; 1.5 s; peak memory 12710 MiB.
2026-10-07T04:29:32Z INFO [2571/3795] 8568f7c4-2a4b-42d3-ac2d-d9442f10dfd8: does not qualify; 1.2 s; peak memory 12710 MiB.
2026-10-07T04:29:34Z INFO [2572/3795] 856a2c25-d7df-473d-b1d8-6d17b1ba33ba: does not qualify; 1.7 s; peak memory 12710 MiB.
2026-10-07T04:29:35Z INFO [2573/3795] 856a41aa-8c9f-4f70-b8f9-a014ac5d65aa: does not qualify; 1.1 s; peak memory 12710 MiB.
2026-10-07T04:29:36Z INFO [2574/3795] 856a7ff7-3b66-4337-9b99-7c491625e9b5: does not qualify; 1.3 s; peak memory 12710 MiB.
2026-10-07T04:29:38Z INFO [2575/3795] 856b34c1-057e-48f5-9209-7c40694b6226: does not qualify; 1.5 s; peak memory 12710 MiB.
2026-10-07T04:29:39Z INFO [2576/3795] 856b9a64-5087-4a91-b83b-985051ffd95b: does not qualify; 1.4 s; peak memory 12710 MiB.
2026-10-07T04:29:42Z INFO [2577/3795] 856c97e2-f051-4011-aecf-5e560a2c9006: does not qualify; 3.0 s; peak memory 12710 MiB.
2026-10-07T04:29:46Z INFO [2578/3795] 856d5939-474e-4d84-af45-bcf195db66de: does not qualify; 4.0 s; peak memory 12710 MiB.
2026-10-07T04:29:48Z INFO [2579/3795] 856d59b0-6fd4-41a2-a5e1-03f8ef9504a1: does not qualify; 2.3 s; peak memory 12710 MiB.
2026-10-07T04:29:49Z INFO [2580/3795] 856e0c53-7cdd-454c-a53e-78087356347c: does not qualify; 1.2 s; peak memory 12710 MiB.
2026-10-07T04:29:51Z INFO [2581/3795] 856f1348-d9d2-466e-a094-77efde7e5b9c: does not qualify; 1.8 s; peak memory 12710 MiB.
2026-10-07T04:29:53Z INFO [2582/3795] 856f71c0-196a-4357-afd4-7dea2f5de72d: does not qualify; 1.3 s; peak memory 12710 MiB.
2026-10-07T04:29:54Z INFO [2583/3795] 856f8f62-b763-422f-8875-fc00a721394b: does not qualify; 1.2 s; peak memory 12710 MiB.
2026-10-07T04:29:55Z INFO [2584/3795] 856ffea4-91b7-4726-b7e9-37fb87075749: does not qualify; 0.9 s; peak memory 12710 MiB.
2026-10-07T04:29:56Z INFO [2585/3795] 85702c18-df51-4170-9448-3f42e2c4cfcf: does not qualify; 1.2 s; peak memory 12710 MiB.
2026-10-07T04:29:58Z INFO [2586/3795] 857156a5-689f-4188-8289-8400c80dcf78: qualifies; 2.4 s; peak memory 12710 MiB.
2026-10-07T04:30:02Z INFO [2587/3795] 8571577f-4ad9-4a5b-9f82-aa24fed3d6dc: does not qualify; 3.8 s; peak memory 12710 MiB.
2026-10-07T04:30:03Z INFO [2588/3795] 8571ac23-05bb-42a7-b37b-bf14caa4aa40: does not qualify; 1.5 s; peak memory 12710 MiB.
2026-10-07T04:30:07Z INFO [2589/3795] 8571d54a-7167-41dc-9ada-2cc11bdf7c73: does not qualify; 3.7 s; peak memory 12710 MiB.
2026-10-07T04:30:09Z INFO [2590/3795] 8572868d-0017-4b89-8d4d-67f8cbf7f815: does not qualify; 2.2 s; peak memory 12710 MiB.
2026-10-07T04:30:11Z INFO [2591/3795] 8572c9f2-ead5-4069-99bc-3971997251b6: does not qualify; 1.7 s; peak memory 12710 MiB.
2026-10-07T04:30:13Z INFO [2592/3795] 8573cb27-7e7f-48aa-b2dc-84f151037c84: does not qualify; 2.2 s; peak memory 12710 MiB.
2026-10-07T04:30:15Z INFO [2593/3795] 8573f312-c1a0-4b2a-88e8-14546c9b928a: does not qualify; 1.6 s; peak memory 12710 MiB.
2026-10-07T04:30:16Z INFO [2594/3795] 8575a2e1-9d68-4f69-8971-59fb7275e4c3: does not qualify; 1.6 s; peak memory 12710 MiB.
2026-10-07T04:30:18Z INFO [2595/3795] 8575ae24-ea67-46cf-a402-df3276b55cc6: does not qualify; 1.8 s; peak memory 12710 MiB.
2026-10-07T04:30:29Z INFO [2596/3795] 8575f538-c293-4d37-86ca-ad1b4aa33437: does not qualify; 10.9 s; peak memory 12710 MiB.
2026-10-07T04:30:31Z INFO [2597/3795] 8576a690-505f-46e7-ad2b-011dce86b3a0: does not qualify; 1.4 s; peak memory 12710 MiB.
2026-10-07T04:30:32Z INFO [2598/3795] 85773b5c-aa3b-4b2c-83d9-a2ba77d3c164: does not qualify; 1.0 s; peak memory 12710 MiB.
2026-10-07T04:30:33Z INFO [2599/3795] 85774f02-c6a4-40f3-a75e-d7084ebf47a5: does not qualify; 1.7 s; peak memory 12710 MiB.
2026-10-07T04:30:35Z INFO [2600/3795] 8577c9c2-33db-4ba5-aca2-f7705c7dbb48: does not qualify; 1.4 s; peak memory 12710 MiB.
2026-10-07T04:30:35Z INFO [2600/3795] 8577c9c2-33db-4ba5-aca2-f7705c7dbb48: checkpointed 92719 records.
2026-10-07T04:30:37Z INFO [2601/3795] 8578b57f-f2ce-48d9-b962-0e65c146aa71: does not qualify; 1.8 s; peak memory 12710 MiB.
2026-10-07T04:30:39Z INFO [2602/3795] 8578ffc1-b5c5-47ea-b5aa-30be37baeb46: does not qualify; 2.4 s; peak memory 12710 MiB.
2026-10-07T04:30:41Z INFO [2603/3795] 85799e51-fb04-4a79-9fcf-7d074d628552: does not qualify; 1.5 s; peak memory 12710 MiB.
2026-10-07T04:30:42Z INFO [2604/3795] 8579a90d-4195-43cf-b6ec-7d9cac7f994a: does not qualify; 1.4 s; peak memory 12710 MiB.
2026-10-07T04:30:43Z INFO [2605/3795] 8579af14-9440-4069-a1a0-4733256a3f27: does not qualify; 1.3 s; peak memory 12710 MiB.
2026-10-07T04:30:45Z INFO [2606/3795] 8579fb22-da32-49e5-a4ae-09c02d3d8714: does not qualify; 1.4 s; peak memory 12710 MiB.
2026-10-07T04:30:50Z INFO [2607/3795] 857a1cd6-a4e8-43e3-b45f-ec30fdb42611: does not qualify; 5.7 s; peak memory 12710 MiB.
2026-10-07T04:30:52Z INFO [2608/3795] 857b8d09-a040-410b-b7a4-1e13def192a4: does not qualify; 1.3 s; peak memory 12710 MiB.
2026-10-07T04:30:53Z INFO [2609/3795] 857bf0d9-b1b6-4aef-8b1a-f3d90251101d: does not qualify; 1.7 s; peak memory 12710 MiB.
2026-10-07T04:30:55Z INFO [2610/3795] 857c3127-26b0-4194-b5d9-05c5732fe2ba: does not qualify; 1.5 s; peak memory 12710 MiB.
2026-10-07T04:30:57Z INFO [2611/3795] 857d5e19-340b-4288-9669-1e07508e4d51: does not qualify; 1.9 s; peak memory 12710 MiB.
2026-10-07T04:32:13Z INFO [2612/3795] 857dad31-4fd6-4691-8549-ed52fa0b7691: does not qualify; 75.7 s; peak memory 12710 MiB.
2026-10-07T04:32:14Z INFO [2613/3795] 857e9f69-2c36-4d26-a2b1-e2215297fcfc: does not qualify; 1.8 s; peak memory 12710 MiB.
2026-10-07T04:32:16Z INFO [2614/3795] 857eb4b4-1cec-4387-8d94-f01b0881e3bc: does not qualify; 1.3 s; peak memory 12710 MiB.
2026-10-07T04:32:17Z INFO [2615/3795] 857ef7ef-50f1-4378-99f2-6714d34fec5a: does not qualify; 1.1 s; peak memory 12710 MiB.
2026-10-07T04:32:19Z INFO [2616/3795] 857fab7c-7eac-406e-baf8-eba043fbe8a2: does not qualify; 1.8 s; peak memory 12710 MiB.
2026-10-07T04:32:20Z INFO [2617/3795] 8580287a-2ceb-4ad6-9e8b-ed26281ed637: does not qualify; 1.3 s; peak memory 12710 MiB.
2026-10-07T04:32:22Z INFO [2618/3795] 8580f776-67b8-4ddf-9563-e79ada899781: does not qualify; 1.6 s; peak memory 12710 MiB.
2026-10-07T04:32:23Z INFO [2619/3795] 858119c4-5b3b-4744-9b17-401087aa5035: does not qualify; 1.0 s; peak memory 12710 MiB.
2026-10-07T04:32:25Z INFO [2620/3795] 85818b7e-ba16-4e6b-8061-97928fc89c7e: does not qualify; 2.2 s; peak memory 12710 MiB.
2026-10-07T04:32:33Z INFO [2621/3795] 85827864-572f-44c7-b16f-9f4685e62f2a: does not qualify; 8.0 s; peak memory 12710 MiB.
2026-10-07T04:32:39Z INFO [2622/3795] 8582c79e-d7f2-4d21-be44-c7a74bfe8bbd: does not qualify; 6.4 s; peak memory 12710 MiB.
2026-10-07T04:32:42Z INFO [2623/3795] 8582fc89-89db-4d50-915b-9a6d42251e7d: does not qualify; 2.5 s; peak memory 12710 MiB.
2026-10-07T04:32:43Z INFO [2624/3795] 8583098f-e681-45b5-84c7-862e9376b9ee: does not qualify; 0.9 s; peak memory 12710 MiB.
2026-10-07T04:32:44Z INFO [2625/3795] 85833cd9-7765-4b4e-9e37-8c7794321f76: does not qualify; 1.5 s; peak memory 12710 MiB.
2026-10-07T04:32:46Z INFO [2626/3795] 8583b1df-4a49-47c4-8b68-eac4eec1345c: does not qualify; 2.1 s; peak memory 12710 MiB.
2026-10-07T04:32:48Z INFO [2627/3795] 8583d29b-6117-454b-b788-13866bf0916d: does not qualify; 1.7 s; peak memory 12710 MiB.
2026-10-07T04:32:49Z INFO [2628/3795] 85848688-c838-41bb-9c00-a40e09a772f3: does not qualify; 1.1 s; peak memory 12710 MiB.
2026-10-07T04:32:55Z INFO [2629/3795] 858493cc-0e8b-49ae-a75b-01d2a97b5fc8: does not qualify; 6.0 s; peak memory 12710 MiB.
2026-10-07T04:32:57Z INFO [2630/3795] 8585f37f-5614-4e12-b99e-564d22f788ee: does not qualify; 1.7 s; peak memory 12710 MiB.
2026-10-07T04:32:58Z INFO [2631/3795] 8585f8f4-4df6-4030-8b1c-9a412acd1b3b: does not qualify; 1.1 s; peak memory 12710 MiB.
2026-10-07T04:32:59Z INFO [2632/3795] 8585fba9-ea75-4235-9289-8f67b57fc3bb: does not qualify; 1.6 s; peak memory 12710 MiB.
2026-10-07T04:33:01Z INFO [2633/3795] 8586464c-e417-4537-bf46-bfde909c30ef: does not qualify; 1.6 s; peak memory 12710 MiB.
2026-10-07T04:33:06Z INFO [2634/3795] 8586a997-7c7a-429e-8e35-94430a6f1670: does not qualify; 5.2 s; peak memory 12710 MiB.
2026-10-07T04:33:09Z INFO [2635/3795] 8587239f-7f35-4a63-8e8c-3b1eaab131b2: does not qualify; 3.0 s; peak memory 12710 MiB.
2026-10-07T04:33:11Z INFO [2636/3795] 8588537a-8bc2-4fdb-9c83-d138783ec529: does not qualify; 2.1 s; peak memory 12710 MiB.
2026-10-07T04:33:13Z INFO [2637/3795] 8588a2ef-9b25-4721-8a75-a428cf2ab180: does not qualify; 1.5 s; peak memory 12710 MiB.
2026-10-07T04:33:14Z INFO [2638/3795] 8589da7b-0b02-42d3-8832-7350c0f00041: does not qualify; 1.1 s; peak memory 12710 MiB.
2026-10-07T04:33:15Z INFO [2639/3795] 858a3da0-e55c-494a-94d2-f567219170de: does not qualify; 1.3 s; peak memory 12710 MiB.
2026-10-07T04:33:17Z INFO [2640/3795] 858b8996-8a00-4eb4-86ea-153c786d041b: does not qualify; 2.2 s; peak memory 12710 MiB.
2026-10-07T04:33:19Z INFO [2641/3795] 858badff-1f18-4281-89e0-77394892a207: does not qualify; 1.3 s; peak memory 12710 MiB.
2026-10-07T04:33:22Z INFO [2642/3795] 858c01e9-959a-4d86-b141-502ff6f178b5: does not qualify; 3.1 s; peak memory 12710 MiB.
2026-10-07T04:33:23Z INFO [2643/3795] 858c79c5-9acc-4738-ae1d-af0894ed75a4: does not qualify; 1.1 s; peak memory 12710 MiB.
2026-10-07T04:33:27Z INFO [2644/3795] 858c7e82-35d2-49f0-a8d3-babba6b5319a: does not qualify; 3.9 s; peak memory 12710 MiB.
2026-10-07T04:33:28Z INFO [2645/3795] 858c930f-3dec-4073-8d26-ded3eb6109c8: does not qualify; 1.0 s; peak memory 12710 MiB.
2026-10-07T04:33:29Z INFO [2646/3795] 858d1bc9-c899-4f07-8742-bb3d4ed6fd9b: does not qualify; 1.6 s; peak memory 12710 MiB.
2026-10-07T04:33:31Z INFO [2647/3795] 858d4bc3-4aab-4ec1-8311-82e281a0ee0a: does not qualify; 1.6 s; peak memory 12710 MiB.
2026-10-07T04:33:32Z INFO [2648/3795] 858d7322-ecfd-47da-bc44-cbe5fe839c2f: does not qualify; 1.4 s; peak memory 12710 MiB.
2026-10-07T04:33:35Z INFO [2649/3795] 858e24cd-e800-41e4-a9d7-60fd3f8c16de: does not qualify; 2.9 s; peak memory 12710 MiB.
2026-10-07T04:33:38Z INFO [2650/3795] 858e42ba-b61d-4ed8-ace5-e5cba1292e39: does not qualify; 2.5 s; peak memory 12710 MiB.
2026-10-07T04:33:38Z INFO [2650/3795] 858e42ba-b61d-4ed8-ace5-e5cba1292e39: checkpointed 92769 records.
2026-10-07T04:33:40Z INFO [2651/3795] 858e59f7-72c4-4f84-a767-d01833d44cc8: does not qualify; 2.1 s; peak memory 12710 MiB.
2026-10-07T04:33:42Z INFO [2652/3795] 858e8199-300e-459e-b031-182cf0cb6b6f: does not qualify; 1.6 s; peak memory 12710 MiB.
2026-10-07T04:33:44Z INFO [2653/3795] 858ef20e-18c7-4f16-9513-fca15e479071: does not qualify; 2.2 s; peak memory 12710 MiB.
2026-10-07T04:33:45Z INFO [2654/3795] 8590a566-5ddd-431e-b9be-0f1d4d7cab15: does not qualify; 1.7 s; peak memory 12710 MiB.
2026-10-07T04:33:47Z INFO [2655/3795] 8592adc5-f2be-4569-aebc-5cebaac5f23f: does not qualify; 1.6 s; peak memory 12710 MiB.
2026-10-07T04:33:54Z INFO [2656/3795] 859336c9-8e44-4beb-ab6d-9bcec2908822: does not qualify; 6.9 s; peak memory 12710 MiB.
2026-10-07T04:33:56Z INFO [2657/3795] 8593b646-a4ca-4774-badf-9fce115fd101: does not qualify; 2.3 s; peak memory 12710 MiB.
2026-10-07T04:33:58Z INFO [2658/3795] 8593b946-9b46-488f-b830-ffcd982d8d90: does not qualify; 1.3 s; peak memory 12710 MiB.
2026-10-07T04:33:59Z INFO [2659/3795] 8593eba5-a99c-4f7e-a89d-c993953cc62f: does not qualify; 1.7 s; peak memory 12710 MiB.
2026-10-07T04:34:01Z INFO [2660/3795] 8594bcca-4f3d-474a-9d7a-8a0d44ecede2: does not qualify; 1.9 s; peak memory 12710 MiB.
2026-10-07T04:34:09Z INFO [2661/3795] 85964eac-c82b-463a-8e79-275935cd1d65: does not qualify; 7.9 s; peak memory 12710 MiB.
2026-10-07T04:34:11Z INFO [2662/3795] 8596f7ee-1df0-41cf-a095-309a10652474: qualifies; 2.1 s; peak memory 12710 MiB.
2026-10-07T04:34:13Z INFO [2663/3795] 8597bb8f-7a87-4980-8458-a56433afe4f4: does not qualify; 1.8 s; peak memory 12710 MiB.
2026-10-07T04:34:28Z INFO [2664/3795] 8598ca03-fdaf-4869-8829-b9d755220d06: does not qualify; 15.3 s; peak memory 12710 MiB.
2026-10-07T04:34:30Z INFO [2665/3795] 8598e0fb-687a-4acd-b0f5-533d35367891: does not qualify; 1.6 s; peak memory 12710 MiB.
2026-10-07T04:34:31Z INFO [2666/3795] 8598e837-5342-410d-a653-112578c5c238: does not qualify; 1.3 s; peak memory 12710 MiB.
2026-10-07T04:34:34Z INFO [2667/3795] 85999394-fc23-4d23-a306-0248885624c4: qualifies; 2.9 s; peak memory 12710 MiB.
2026-10-07T04:34:43Z INFO [2668/3795] 859a33fe-35ad-479c-8fc8-44a3687bf3a2: does not qualify; 8.7 s; peak memory 12710 MiB.
2026-10-07T04:34:44Z INFO [2669/3795] 859a9490-57da-4c29-9016-6199a1135e3e: does not qualify; 1.4 s; peak memory 12710 MiB.
2026-10-07T04:34:46Z INFO [2670/3795] 859aacab-e24b-4383-a6ea-c1fabf34d91c: does not qualify; 1.4 s; peak memory 12710 MiB.
2026-10-07T04:34:48Z INFO [2671/3795] 859c8cb0-d37a-4962-a618-495d7231ef38: does not qualify; 1.9 s; peak memory 12710 MiB.
2026-10-07T04:34:49Z INFO [2672/3795] 859c9845-d8a4-4525-b7d9-fbb33eac9717: does not qualify; 1.9 s; peak memory 12710 MiB.
2026-10-07T04:35:05Z INFO [2673/3795] 859cec69-18d5-42be-a8dc-bf01a60457a9: does not qualify; 15.5 s; peak memory 12710 MiB.
2026-10-07T04:35:07Z INFO [2674/3795] 859e1b03-0946-4b4f-8a79-832eaa35c64e: does not qualify; 1.8 s; peak memory 12710 MiB.
2026-10-07T04:35:15Z INFO [2675/3795] 859e3115-b281-4db5-a263-db556a99d1b6: does not qualify; 8.4 s; peak memory 12710 MiB.
2026-10-07T04:35:17Z INFO [2676/3795] 859e6130-d01d-4f4c-b5b6-77b58f768167: does not qualify; 2.1 s; peak memory 12710 MiB.
2026-10-07T04:35:18Z INFO [2677/3795] 859e6887-e0ef-4f6e-9454-1957e4bf9bae: does not qualify; 1.0 s; peak memory 12710 MiB.
2026-10-07T04:35:20Z INFO [2678/3795] 859eb3cf-c80d-4d2b-b138-58dd5f074f13: does not qualify; 1.3 s; peak memory 12710 MiB.
2026-10-07T04:35:21Z INFO [2679/3795] 859eb45e-b675-4b69-b287-066b58aaadb7: does not qualify; 1.3 s; peak memory 12710 MiB.
2026-10-07T04:35:22Z INFO [2680/3795] 859eb7a3-e9fa-4093-91b8-2ef8e07b73bc: does not qualify; 1.6 s; peak memory 12710 MiB.
2026-10-07T04:35:23Z INFO [2681/3795] 859fb5c5-19b4-4a5f-89be-f18999534d58: does not qualify; 1.0 s; peak memory 12710 MiB.
2026-10-07T04:35:25Z INFO [2682/3795] 85a10481-2b74-4418-b429-7db192cd438c: does not qualify; 1.6 s; peak memory 12710 MiB.
2026-10-07T04:35:27Z INFO [2683/3795] 85a1b3a3-3a44-4913-8f13-6f8fd3208da5: does not qualify; 1.8 s; peak memory 12710 MiB.
2026-10-07T04:35:28Z INFO [2684/3795] 85a26a19-854f-4710-83e8-45b9bdd71e64: does not qualify; 1.0 s; peak memory 12710 MiB.
2026-10-07T04:35:29Z INFO [2685/3795] 85a2e1ae-b166-4708-9f49-a0d0b0daa267: does not qualify; 1.4 s; peak memory 12710 MiB.
2026-10-07T04:35:35Z INFO [2686/3795] 85a33d4d-843e-4bfc-bb01-ee1cfcc080d0: does not qualify; 5.2 s; peak memory 12710 MiB.
2026-10-07T04:35:36Z INFO [2687/3795] 85a3c9f1-ca43-427c-9aa1-42dbeb9c4bb8: does not qualify; 1.6 s; peak memory 12710 MiB.
2026-10-07T04:35:37Z INFO [2688/3795] 85a52d93-28d7-42b2-b0bb-3dd7e8fe98ba: does not qualify; 1.1 s; peak memory 12710 MiB.
2026-10-07T04:35:39Z INFO [2689/3795] 85a56ac3-3fc9-4856-b2b3-f1f63a569dce: does not qualify; 1.4 s; peak memory 12710 MiB.
2026-10-07T04:35:41Z INFO [2690/3795] 85a56c70-e12b-4c16-8b84-93ebfaf916c1: qualifies; 2.4 s; peak memory 12710 MiB.
2026-10-07T04:35:42Z INFO [2691/3795] 85a60642-b8ac-4455-ba8a-936bec155873: does not qualify; 1.4 s; peak memory 12710 MiB.
2026-10-07T04:35:44Z INFO [2692/3795] 85a725eb-08b5-4112-a00b-1f7b6f9df0a3: does not qualify; 1.7 s; peak memory 12710 MiB.
2026-10-07T04:35:45Z INFO [2693/3795] 85a737ca-b22f-4026-9034-304678b1457e: does not qualify; 1.3 s; peak memory 12710 MiB.
2026-10-07T04:35:58Z INFO [2694/3795] 85a777e3-cc5f-4ab3-a5a6-baac1766d870: does not qualify; 12.1 s; peak memory 12710 MiB.
2026-10-07T04:36:00Z INFO [2695/3795] 85a77cdf-5848-4153-bab2-5e9a87bedce9: does not qualify; 2.1 s; peak memory 12710 MiB.
2026-10-07T04:36:01Z INFO [2696/3795] 85a7b8f9-725b-4e35-a4e6-7c42f49f7473: does not qualify; 1.6 s; peak memory 12710 MiB.
2026-10-07T04:36:03Z INFO [2697/3795] 85a7dd3a-f4a9-4f96-a6e1-316478806d66: does not qualify; 1.7 s; peak memory 12710 MiB.
2026-10-07T04:36:05Z INFO [2698/3795] 85a8078d-f68b-44ed-9654-13ed6fd5815e: does not qualify; 2.2 s; peak memory 12710 MiB.
2026-10-07T04:36:10Z INFO [2699/3795] 85a82b77-65b5-4401-ad6c-18e0efffb68b: does not qualify; 5.4 s; peak memory 12710 MiB.
2026-10-07T04:36:12Z INFO [2700/3795] 85a86c0d-1937-46de-93f9-7fc8874e04bb: does not qualify; 1.8 s; peak memory 12710 MiB.
2026-10-07T04:36:12Z INFO [2700/3795] 85a86c0d-1937-46de-93f9-7fc8874e04bb: checkpointed 92819 records.
2026-10-07T04:36:14Z INFO [2701/3795] 85a8ff72-a622-492d-a04d-ced310bd53e6: does not qualify; 1.6 s; peak memory 12710 MiB.
2026-10-07T04:36:15Z INFO [2702/3795] 85a9862e-aade-4e7a-9ab1-15da749f74a1: does not qualify; 1.3 s; peak memory 12710 MiB.
2026-10-07T04:36:17Z INFO [2703/3795] 85a9e278-7d31-4bd9-ba54-3825183c4852: does not qualify; 1.9 s; peak memory 12710 MiB.
2026-10-07T04:36:26Z INFO [2704/3795] 85aafda2-1d38-4ab0-a56b-32c0d807eccd: does not qualify; 8.4 s; peak memory 12710 MiB.
2026-10-07T04:36:30Z INFO [2705/3795] 85aba55b-b11a-4f5b-a074-82d9c2abed34: does not qualify; 4.3 s; peak memory 12710 MiB.
2026-10-07T04:36:32Z INFO [2706/3795] 85adb80d-bf28-49c5-a1e4-7d75dec202d4: does not qualify; 1.9 s; peak memory 12710 MiB.
2026-10-07T04:36:38Z INFO [2707/3795] 85adf6ad-9bf5-4d4f-a11c-4c65a041e294: does not qualify; 6.0 s; peak memory 12710 MiB.
2026-10-07T04:36:41Z INFO [2708/3795] 85af8206-bb4a-4171-9ece-c26dcaa1c93c: qualifies; 3.3 s; peak memory 12710 MiB.
2026-10-07T04:36:43Z INFO [2709/3795] 85afe285-0175-4753-803d-f9875b96a0f8: does not qualify; 1.5 s; peak memory 12710 MiB.
2026-10-07T04:36:47Z INFO [2710/3795] 85b03930-5d4a-46ee-8419-54cbd596965c: does not qualify; 4.7 s; peak memory 12710 MiB.
2026-10-07T04:36:49Z INFO [2711/3795] 85b0bb6f-afa0-41b7-8f25-2eb590c66535: does not qualify; 1.5 s; peak memory 12710 MiB.
2026-10-07T04:36:51Z INFO [2712/3795] 85b11ae9-cc96-4acc-a3d5-b8ff0489ef88: does not qualify; 1.5 s; peak memory 12710 MiB.
2026-10-07T04:36:52Z INFO [2713/3795] 85b34ea6-eade-4697-939e-6140f251fda5: does not qualify; 1.4 s; peak memory 12710 MiB.
2026-10-07T04:36:53Z INFO [2714/3795] 85b3653a-10f1-4032-ad52-be65ef6dd13d: does not qualify; 1.5 s; peak memory 12710 MiB.
2026-10-07T04:36:55Z INFO [2715/3795] 85b3be11-4a5b-4f4c-8ce0-a984b4e4c390: does not qualify; 1.3 s; peak memory 12710 MiB.
2026-10-07T04:36:57Z INFO [2716/3795] 85b41ee8-4600-4d36-b284-319db187944c: does not qualify; 1.9 s; peak memory 12710 MiB.
2026-10-07T04:36:59Z INFO [2717/3795] 85b4f3e5-43d6-47f9-943b-6fd4f1f2593b: does not qualify; 2.2 s; peak memory 12710 MiB.
2026-10-07T04:37:00Z INFO [2718/3795] 85b5461a-1d1c-4fdc-bd32-99c179e887ff: does not qualify; 1.5 s; peak memory 12710 MiB.
2026-10-07T04:37:08Z INFO [2719/3795] 85b54918-66f2-49e2-85b3-af61559dc187: does not qualify; 7.6 s; peak memory 12710 MiB.
2026-10-07T04:37:09Z INFO [2720/3795] 85b58111-7d2e-475d-b145-fca1e7443806: does not qualify; 1.3 s; peak memory 12710 MiB.
2026-10-07T04:37:12Z INFO [2721/3795] 85b5b819-a415-4184-9a79-ea43e833a5aa: does not qualify; 2.6 s; peak memory 12710 MiB.
2026-10-07T04:37:14Z INFO [2722/3795] 85b5ec1c-cc15-483d-bd9b-0879be3354d5: does not qualify; 1.9 s; peak memory 12710 MiB.
2026-10-07T04:37:15Z INFO [2723/3795] 85b670bb-6f28-4bc7-b950-df842d5f462e: does not qualify; 1.5 s; peak memory 12710 MiB.
2026-10-07T04:37:16Z INFO [2724/3795] 85b68ee4-0bfa-401b-8f5a-32f95a3a4473: does not qualify; 1.0 s; peak memory 12710 MiB.
2026-10-07T04:37:18Z INFO [2725/3795] 85b69def-d18b-4be2-a5a0-dbf7aa44ca2e: does not qualify; 1.6 s; peak memory 12710 MiB.
2026-10-07T04:37:19Z INFO [2726/3795] 85b768c8-2143-45ba-94c2-9eaa724b7f47: does not qualify; 1.6 s; peak memory 12710 MiB.
2026-10-07T04:37:21Z INFO [2727/3795] 85b789ac-a33f-4e9a-88c3-3d74703d7486: does not qualify; 1.6 s; peak memory 12710 MiB.
2026-10-07T04:37:23Z INFO [2728/3795] 85b86b69-02e4-4dd8-8f05-e227b565cef2: does not qualify; 1.9 s; peak memory 12710 MiB.
2026-10-07T04:37:25Z INFO [2729/3795] 85b914fb-1aa0-41bf-8fce-dffd79aaed17: does not qualify; 2.2 s; peak memory 12710 MiB.
2026-10-07T04:39:50Z INFO [2730/3795] 85b91914-7849-449b-a4a7-9e3f5c8127f6: does not qualify; 144.7 s; peak memory 12710 MiB.
2026-10-07T04:39:53Z INFO [2731/3795] 85b9f21e-31e9-4314-980d-93b0db29d3e5: does not qualify; 3.4 s; peak memory 12710 MiB.
2026-10-07T04:39:55Z INFO [2732/3795] 85ba0dfb-67fa-4dcc-80ff-c77d9277562d: does not qualify; 1.3 s; peak memory 12710 MiB.
2026-10-07T04:39:56Z INFO [2733/3795] 85bb2dbb-dda8-4301-af36-094b70acc4a1: does not qualify; 1.2 s; peak memory 12710 MiB.
2026-10-07T04:39:58Z INFO [2734/3795] 85bb30a2-1c03-4ae0-a761-de8d4f83e6bd: does not qualify; 1.8 s; peak memory 12710 MiB.
2026-10-07T04:40:00Z INFO [2735/3795] 85bb5f29-bc8c-4390-ad20-11e29f5ec033: does not qualify; 2.6 s; peak memory 12710 MiB.
2026-10-07T04:40:02Z INFO [2736/3795] 85bb6a7f-3def-4410-9f4d-d0bc51aa095a: does not qualify; 1.6 s; peak memory 12710 MiB.
2026-10-07T04:40:04Z INFO [2737/3795] 85bc8b12-a064-44bc-81e2-a4ef6fe3cc56: does not qualify; 2.2 s; peak memory 12710 MiB.
2026-10-07T04:40:05Z INFO [2738/3795] 85bcb671-d8a1-465e-8c23-15ae8bc686f0: does not qualify; 1.4 s; peak memory 12710 MiB.
2026-10-07T04:40:14Z INFO [2739/3795] 85bddaec-f4a3-40cb-a8a6-3840302be62a: does not qualify; 8.9 s; peak memory 12710 MiB.
2026-10-07T04:40:16Z INFO [2740/3795] 85bf3794-a1fc-4434-8466-6b5c2344f974: does not qualify; 1.6 s; peak memory 12710 MiB.
2026-10-07T04:40:18Z INFO [2741/3795] 85bf9b10-0471-4811-82cd-1c224f0906ad: does not qualify; 1.8 s; peak memory 12710 MiB.
2026-10-07T04:40:20Z INFO [2742/3795] 85c01b38-df5f-4304-b07a-24acd989d26d: does not qualify; 2.1 s; peak memory 12710 MiB.
2026-10-07T04:40:21Z INFO [2743/3795] 85c0bde1-a523-4d27-8097-41c4c17cee11: does not qualify; 1.3 s; peak memory 12710 MiB.
2026-10-07T04:40:38Z INFO [2744/3795] 85c11f40-829d-4b93-8225-79f2dd891709: does not qualify; 16.4 s; peak memory 12710 MiB.
2026-10-07T04:40:39Z INFO [2745/3795] 85c1315b-98f2-4958-985e-f7c25ff77bc6: does not qualify; 1.3 s; peak memory 12710 MiB.
2026-10-07T04:40:49Z INFO [2746/3795] 85c1ec54-57b5-4c4d-a4d3-f058f1e079f3: does not qualify; 10.3 s; peak memory 12710 MiB.
2026-10-07T04:40:51Z INFO [2747/3795] 85c2c3c1-cc53-412f-997a-ac7a78140140: does not qualify; 1.6 s; peak memory 12710 MiB.
2026-10-07T04:40:52Z INFO [2748/3795] 85c2c9b1-1729-414e-ad25-9a7dd955cec4: does not qualify; 1.5 s; peak memory 12710 MiB.
2026-10-07T04:40:53Z INFO [2749/3795] 85c2d9b0-e181-4546-b62b-4af7cbe14bb1: does not qualify; 1.1 s; peak memory 12710 MiB.
2026-10-07T04:40:55Z INFO [2750/3795] 85c2e42c-6645-4776-81b2-cfce692d7905: does not qualify; 1.3 s; peak memory 12710 MiB.
2026-10-07T04:40:55Z INFO [2750/3795] 85c2e42c-6645-4776-81b2-cfce692d7905: checkpointed 92869 records.
2026-10-07T04:40:57Z INFO [2751/3795] 85c36f6c-8f17-4d03-8fc4-f4bac8ead4d3: does not qualify; 2.5 s; peak memory 12710 MiB.
2026-10-07T04:40:59Z INFO [2752/3795] 85c397e8-563b-4516-89c7-12c51944e593: does not qualify; 2.0 s; peak memory 12710 MiB.
2026-10-07T04:41:00Z INFO [2753/3795] 85c4e12d-14de-4c79-943b-5f8e336b9fd1: does not qualify; 1.2 s; peak memory 12710 MiB.
2026-10-07T04:41:09Z INFO [2754/3795] 85c53700-4bbb-49f3-8332-80c67b771d94: does not qualify; 8.4 s; peak memory 12710 MiB.
2026-10-07T04:41:10Z INFO [2755/3795] 85c5d8dd-cfc9-4ce3-bbf6-07dc73a3bf09: does not qualify; 1.3 s; peak memory 12710 MiB.
2026-10-07T04:41:11Z INFO [2756/3795] 85c63b12-5716-4335-bd33-7f82f1ae8a5e: does not qualify; 1.3 s; peak memory 12710 MiB.
2026-10-07T04:41:13Z INFO [2757/3795] 85c64476-f7f9-4247-814b-f464ec3bf7d9: does not qualify; 1.4 s; peak memory 12710 MiB.
2026-10-07T04:41:14Z INFO [2758/3795] 85c727ad-023a-46be-86b6-b5efb7c222b9: does not qualify; 1.6 s; peak memory 12710 MiB.
2026-10-07T04:41:16Z INFO [2759/3795] 85c7ef6e-ea2b-4ae8-b595-4ac9b47a9a22: does not qualify; 1.4 s; peak memory 12710 MiB.
2026-10-07T04:41:18Z INFO [2760/3795] 85c8242e-a6fa-4c88-9693-55a8a5836cfc: does not qualify; 2.5 s; peak memory 12710 MiB.
2026-10-07T04:41:20Z INFO [2761/3795] 85c9c2b8-ebf3-4e67-8c8b-d06e52454679: does not qualify; 1.9 s; peak memory 12710 MiB.
2026-10-07T04:41:33Z INFO [2762/3795] 85c9fc69-bdbb-4603-89ea-453aefea66ba: does not qualify; 12.5 s; peak memory 12710 MiB.
2026-10-07T04:41:35Z INFO [2763/3795] 85caa69d-98db-4c83-8e90-86e27f448377: does not qualify; 2.1 s; peak memory 12710 MiB.
2026-10-07T04:41:37Z INFO [2764/3795] 85cb2cbc-8170-408e-a9ee-44e2123636d0: does not qualify; 2.1 s; peak memory 12710 MiB.
2026-10-07T04:41:38Z INFO [2765/3795] 85cb6573-1cb7-46fc-8704-06aa06c8d664: does not qualify; 1.3 s; peak memory 12710 MiB.
2026-10-07T04:41:40Z INFO [2766/3795] 85cc7207-e2e4-49cc-8d1a-53088b1996cb: does not qualify; 2.0 s; peak memory 12710 MiB.
2026-10-07T04:41:41Z INFO [2767/3795] 85cc7d9d-31f2-42eb-ae99-506bc077e2ba: does not qualify; 1.2 s; peak memory 12710 MiB.
2026-10-07T04:41:42Z INFO [2768/3795] 85cc9603-c943-4112-97b5-e3fd99b11285: does not qualify; 1.1 s; peak memory 12710 MiB.
2026-10-07T04:41:45Z INFO [2769/3795] 85cd7f84-544b-4fa4-878b-2a08f3b174dc: does not qualify; 2.1 s; peak memory 12710 MiB.
2026-10-07T04:41:47Z INFO [2770/3795] 85cdf648-b843-4be5-b7f0-dea9dd3a2172: does not qualify; 2.4 s; peak memory 12710 MiB.
2026-10-07T04:41:48Z INFO [2771/3795] 85ce4565-660e-4ed3-aee8-fce0a1d46cdb: does not qualify; 1.0 s; peak memory 12710 MiB.
2026-10-07T04:41:54Z INFO [2772/3795] 85ce80eb-0cbb-4fcf-a774-d423e2425d2d: does not qualify; 5.9 s; peak memory 12710 MiB.
2026-10-07T04:41:55Z INFO [2773/3795] 85cf510b-9479-4b0e-9133-83bc0d0df1d7: does not qualify; 1.0 s; peak memory 12710 MiB.
2026-10-07T04:42:00Z INFO [2774/3795] 85cfc2f7-0fd0-4d3d-a4c4-cc471f9fd834: does not qualify; 4.9 s; peak memory 12710 MiB.
2026-10-07T04:42:01Z INFO [2775/3795] 85cfdcc8-a377-4a3a-9599-a782225cd810: does not qualify; 1.3 s; peak memory 12710 MiB.
2026-10-07T04:42:02Z INFO [2776/3795] 85cfe7cd-7f9f-4716-bbe6-33f7d120c35a: does not qualify; 1.2 s; peak memory 12710 MiB.
2026-10-07T04:42:04Z INFO [2777/3795] 85d0058c-7b76-48b1-a23c-7c3f52b7ea42: does not qualify; 1.5 s; peak memory 12710 MiB.
2026-10-07T04:42:05Z INFO [2778/3795] 85d02b33-8c31-4f0c-b613-902aab1cb315: does not qualify; 1.7 s; peak memory 12710 MiB.
2026-10-07T04:42:06Z INFO [2779/3795] 85d0fb7a-cc95-435b-bca7-e54122713f1a: does not qualify; 0.9 s; peak memory 12710 MiB.
2026-10-07T04:42:08Z INFO [2780/3795] 85d13d14-a001-4b93-a1f0-a4a1af4400e1: does not qualify; 1.7 s; peak memory 12710 MiB.
2026-10-07T04:42:09Z INFO [2781/3795] 85d18a8a-0ae3-4d5c-8404-9ed2eb1cc982: does not qualify; 1.1 s; peak memory 12710 MiB.
2026-10-07T04:42:20Z INFO [2782/3795] 85d198f4-083a-4e74-bff1-43f4f62942be: does not qualify; 11.2 s; peak memory 12710 MiB.
2026-10-07T04:42:22Z INFO [2783/3795] 85d1be51-a0f2-4736-b86a-c10ec76bd234: does not qualify; 1.9 s; peak memory 12710 MiB.
2026-10-07T04:42:23Z INFO [2784/3795] 85d1ddaf-7210-40be-a950-f2b5253dd30b: does not qualify; 1.3 s; peak memory 12710 MiB.
2026-10-07T04:42:26Z INFO [2785/3795] 85d1fa53-e106-4974-9da1-5732ab942b71: does not qualify; 2.5 s; peak memory 12710 MiB.
2026-10-07T04:42:28Z INFO [2786/3795] 85d22dce-8622-48f3-863d-04fe1e956231: does not qualify; 1.6 s; peak memory 12710 MiB.
2026-10-07T04:42:30Z INFO [2787/3795] 85d25ca1-df3f-476e-818e-a1d7c19f5f5a: does not qualify; 2.5 s; peak memory 12710 MiB.
2026-10-07T04:42:31Z INFO [2788/3795] 85d26940-f26c-4590-979c-c06bd5fb898d: does not qualify; 1.3 s; peak memory 12710 MiB.
2026-10-07T04:42:33Z INFO [2789/3795] 85d2818b-9720-4a93-a980-ddb4bd60af0a: does not qualify; 1.2 s; peak memory 12710 MiB.
2026-10-07T04:42:43Z INFO [2790/3795] 85d28a27-e093-4af6-9a26-93980d11b662: does not qualify; 10.2 s; peak memory 12710 MiB.
2026-10-07T04:42:45Z INFO [2791/3795] 85d39cd8-4318-464e-a4bf-ff8ea1edaa93: does not qualify; 1.8 s; peak memory 12710 MiB.
2026-10-07T04:42:46Z INFO [2792/3795] 85d3ed2a-154f-420f-9c71-36d2ad137e01: does not qualify; 1.8 s; peak memory 12710 MiB.
2026-10-07T04:42:48Z INFO [2793/3795] 85d60919-0250-47d2-9ff8-37936d1c9d9b: does not qualify; 2.1 s; peak memory 12710 MiB.
2026-10-07T04:42:50Z INFO [2794/3795] 85d61497-44f7-458c-a348-53444bc88273: does not qualify; 1.4 s; peak memory 12710 MiB.
2026-10-07T04:42:52Z INFO [2795/3795] 85d6b8c9-29e9-4cb7-847d-67b7d505240d: does not qualify; 2.0 s; peak memory 12710 MiB.
2026-10-07T04:42:58Z INFO [2796/3795] 85d6f1b0-5648-4ccf-8086-bc34b3b9bacd: does not qualify; 6.4 s; peak memory 12710 MiB.
2026-10-07T04:43:01Z INFO [2797/3795] 85d711e6-acda-4fdf-aac4-5e989f217720: does not qualify; 2.7 s; peak memory 12710 MiB.
2026-10-07T04:43:02Z INFO [2798/3795] 85d733f9-fdf1-4b87-bf08-70382f4ba111: does not qualify; 1.2 s; peak memory 12710 MiB.
2026-10-07T04:43:03Z INFO [2799/3795] 85d784c0-479b-4cad-b063-4ea3e476e286: does not qualify; 1.3 s; peak memory 12710 MiB.
2026-10-07T04:43:05Z INFO [2800/3795] 85d81356-1c48-4b0a-81e5-6ddee502c526: does not qualify; 1.9 s; peak memory 12710 MiB.
2026-10-07T04:43:06Z INFO [2800/3795] 85d81356-1c48-4b0a-81e5-6ddee502c526: checkpointed 92919 records.
2026-10-07T04:43:07Z INFO [2801/3795] 85d841d9-74de-46e7-b6be-e272adec5dbc: does not qualify; 1.4 s; peak memory 12710 MiB.
2026-10-07T04:43:08Z INFO [2802/3795] 85d898e1-6323-465c-8f9d-27624ad42530: does not qualify; 1.3 s; peak memory 12710 MiB.
2026-10-07T04:43:11Z INFO [2803/3795] 85d8a970-c0d9-412b-8e72-a82a1df90423: does not qualify; 3.0 s; peak memory 12710 MiB.
2026-10-07T04:43:18Z INFO [2804/3795] 85d90110-7e5b-4872-83d9-8e2136fa62b9: does not qualify; 7.2 s; peak memory 12710 MiB.
2026-10-07T04:43:20Z INFO [2805/3795] 85d96f98-5527-4a95-a0a8-e457abcbc794: does not qualify; 1.6 s; peak memory 12710 MiB.
2026-10-07T04:43:22Z INFO [2806/3795] 85d98dc1-bf46-4242-9740-79757f6c93f0: does not qualify; 1.9 s; peak memory 12710 MiB.
2026-10-07T04:43:36Z INFO [2807/3795] 85d9bfe3-cde8-4a5c-82dc-b503e55af6ab: does not qualify; 14.0 s; peak memory 12710 MiB.
2026-10-07T04:43:42Z INFO [2808/3795] 85da7fde-0d78-4b7a-9233-899cfda6332f: does not qualify; 6.3 s; peak memory 12710 MiB.
2026-10-07T04:43:43Z INFO [2809/3795] 85daf77d-fa9e-4d08-8af5-5c614a1a50c8: does not qualify; 1.3 s; peak memory 12710 MiB.
2026-10-07T04:43:45Z INFO [2810/3795] 85db1738-b537-453d-a89b-43ce3731df4b: does not qualify; 1.1 s; peak memory 12710 MiB.
2026-10-07T04:43:46Z INFO [2811/3795] 85db2f53-9458-480a-bfda-916f3cda5e7a: does not qualify; 1.4 s; peak memory 12710 MiB.
2026-10-07T04:43:47Z INFO [2812/3795] 85dc8ef9-204c-4392-a4dd-a962511445c7: does not qualify; 1.3 s; peak memory 12710 MiB.
2026-10-07T04:43:50Z INFO [2813/3795] 85dcb61e-a283-49ac-ac2c-9fa8147954a2: does not qualify; 3.0 s; peak memory 12710 MiB.
2026-10-07T04:43:52Z INFO [2814/3795] 85ddb26e-4c65-4c38-b262-0c3ce704f2f8: does not qualify; 1.3 s; peak memory 12710 MiB.
2026-10-07T04:43:53Z INFO [2815/3795] 85de1a4f-bf9f-4941-a06f-206c4d85776c: does not qualify; 1.7 s; peak memory 12710 MiB.
2026-10-07T04:43:55Z INFO [2816/3795] 85ded551-f6f3-421e-8f12-d691be3613ad: does not qualify; 1.7 s; peak memory 12710 MiB.
2026-10-07T04:43:58Z INFO [2817/3795] 85df85c4-6672-4675-9bb8-5e82e44e0f88: does not qualify; 2.6 s; peak memory 12710 MiB.
2026-10-07T04:44:04Z INFO [2818/3795] 85e06115-7319-4638-801a-70aa634abf64: does not qualify; 6.9 s; peak memory 12710 MiB.
2026-10-07T04:44:06Z INFO [2819/3795] 85e0e33e-6a82-4bfe-b5d4-9397858e2bd4: does not qualify; 1.9 s; peak memory 12710 MiB.
2026-10-07T04:44:08Z INFO [2820/3795] 85e1e221-3ac2-4863-b017-9df893f0c47c: does not qualify; 1.3 s; peak memory 12710 MiB.
2026-10-07T04:44:09Z INFO [2821/3795] 85e58149-3bf8-4e00-b57d-87d0908f1eb3: does not qualify; 1.8 s; peak memory 12710 MiB.
2026-10-07T04:44:11Z INFO [2822/3795] 85e5dccd-eaf5-446d-a19d-f68588b6bd65: does not qualify; 1.3 s; peak memory 12710 MiB.
2026-10-07T04:44:13Z INFO [2823/3795] 85e72e64-316e-4c38-93cb-e39e273a7b3e: does not qualify; 1.9 s; peak memory 12710 MiB.
2026-10-07T04:44:14Z INFO [2824/3795] 85e7f7b3-b77d-4ca4-95ac-d1130473319e: does not qualify; 1.3 s; peak memory 12710 MiB.
2026-10-07T04:44:15Z INFO [2825/3795] 85e804fd-ee36-4e6b-9c85-cb1487218e75: does not qualify; 1.0 s; peak memory 12710 MiB.
2026-10-07T04:44:16Z INFO [2826/3795] 85e8a895-86b9-4f4e-8475-b1981d8787fc: does not qualify; 1.2 s; peak memory 12710 MiB.
2026-10-07T04:44:18Z INFO [2827/3795] 85e8e51e-2571-477c-99c6-bbb232eeb024: does not qualify; 1.9 s; peak memory 12710 MiB.
2026-10-07T04:44:23Z INFO [2828/3795] 85e95cd7-16ad-4314-a2e4-fec3749f6d40: does not qualify; 5.2 s; peak memory 12710 MiB.
2026-10-07T04:44:29Z INFO [2829/3795] 85e97b70-9d73-4372-9ccc-84f00f0897f6: does not qualify; 6.0 s; peak memory 12710 MiB.
2026-10-07T04:44:31Z INFO [2830/3795] 85e9b95f-03d6-4ff6-884b-930c2b9e86a7: does not qualify; 1.8 s; peak memory 12710 MiB.
2026-10-07T04:44:35Z INFO [2831/3795] 85ead8e4-59cd-488e-954e-f7b0ce812598: does not qualify; 3.7 s; peak memory 12710 MiB.
2026-10-07T04:44:37Z INFO [2832/3795] 85eb442d-97f3-4747-960e-3ce857f37713: does not qualify; 1.9 s; peak memory 12710 MiB.
2026-10-07T04:44:38Z INFO [2833/3795] 85ebb723-5136-4572-b0f3-3f76ad634f65: does not qualify; 1.6 s; peak memory 12710 MiB.
2026-10-07T04:44:40Z INFO [2834/3795] 85ec47ee-4bfa-47d3-bf32-eaea7bab9caa: does not qualify; 1.8 s; peak memory 12710 MiB.
2026-10-07T04:44:42Z INFO [2835/3795] 85eca64c-8c14-4079-9200-659c2fa355d7: does not qualify; 1.8 s; peak memory 12710 MiB.
2026-10-07T04:44:44Z INFO [2836/3795] 85ecc72b-0203-43ac-ab7b-722a7e00fa85: does not qualify; 2.4 s; peak memory 12710 MiB.
2026-10-07T04:44:46Z INFO [2837/3795] 85ece4d6-afd8-45c7-a6f2-e8d14ef7c265: does not qualify; 1.5 s; peak memory 12710 MiB.
2026-10-07T04:44:48Z INFO [2838/3795] 85ee9cf0-e4a6-4718-9f44-f4fb027e54fc: does not qualify; 2.5 s; peak memory 12710 MiB.
2026-10-07T04:44:49Z INFO [2839/3795] 85f0141e-3e5a-4b07-b39a-7a0600086a79: does not qualify; 1.0 s; peak memory 12710 MiB.
2026-10-07T04:44:51Z INFO [2840/3795] 85f0a2e6-07e9-4a14-95eb-da3fa93c656c: does not qualify; 1.6 s; peak memory 12710 MiB.
2026-10-07T04:44:52Z INFO [2841/3795] 85f0fda8-0944-4ee1-922c-65444384f413: does not qualify; 1.2 s; peak memory 12710 MiB.
2026-10-07T04:44:55Z INFO [2842/3795] 85f10f48-f7f6-4059-9b3c-742bee38b314: does not qualify; 2.6 s; peak memory 12710 MiB.
2026-10-07T04:44:56Z INFO [2843/3795] 85f1c89c-8a74-4f39-b9dd-e7f3ac96849e: does not qualify; 1.6 s; peak memory 12710 MiB.
2026-10-07T04:44:57Z INFO [2844/3795] 85f1d208-07cb-496f-b8dc-8bced662e09e: does not qualify; 1.0 s; peak memory 12710 MiB.
2026-10-07T04:45:01Z INFO [2845/3795] 85f22f04-f3bc-4ca6-9d7a-ea9649c9830d: does not qualify; 3.6 s; peak memory 12710 MiB.
2026-10-07T04:45:02Z INFO [2846/3795] 85f26d05-1007-4ec4-bb10-27c6caf6dc15: does not qualify; 1.8 s; peak memory 12710 MiB.
2026-10-07T04:45:04Z INFO [2847/3795] 85f27c6e-1bb5-4142-ab67-0e60ddf875f5: does not qualify; 1.3 s; peak memory 12710 MiB.
2026-10-07T04:45:05Z INFO [2848/3795] 85f3078c-14ca-44e3-926b-51140b3b28e9: does not qualify; 1.1 s; peak memory 12710 MiB.
2026-10-07T04:45:06Z INFO [2849/3795] 85f3460d-813a-46a9-9625-42f2ff015ef4: does not qualify; 1.5 s; peak memory 12710 MiB.
2026-10-07T04:45:08Z INFO [2850/3795] 85f4905f-212c-405e-9936-b069ec78b987: does not qualify; 1.3 s; peak memory 12710 MiB.
2026-10-07T04:45:08Z INFO [2850/3795] 85f4905f-212c-405e-9936-b069ec78b987: checkpointed 92969 records.
2026-10-07T04:45:09Z INFO [2851/3795] 85f53de2-7fce-46eb-8d43-0fe63c662dd7: does not qualify; 1.3 s; peak memory 12710 MiB.
2026-10-07T04:45:10Z INFO [2852/3795] 85f765b2-cadd-4b23-b1fe-92a20b45a9ac: does not qualify; 1.2 s; peak memory 12710 MiB.
2026-10-07T04:45:15Z INFO [2853/3795] 85f885d2-2475-4106-8580-4c9b79645d3a: does not qualify; 4.5 s; peak memory 12710 MiB.
2026-10-07T04:45:16Z INFO [2854/3795] 85f9019a-839c-45c3-96e5-99bb0d7ae2d2: does not qualify; 1.6 s; peak memory 12710 MiB.
2026-10-07T04:45:17Z INFO [2855/3795] 85fa33fd-031f-4861-8727-c7f98bd7333a: does not qualify; 1.0 s; peak memory 12710 MiB.
2026-10-07T04:45:19Z INFO [2856/3795] 85fa4da6-f9b0-46f6-a497-fceabb0401f2: does not qualify; 1.2 s; peak memory 12710 MiB.
2026-10-07T04:45:27Z INFO [2857/3795] 85fabbb4-1b78-4d07-8131-34bf734497ff: does not qualify; 8.5 s; peak memory 12710 MiB.
2026-10-07T04:45:28Z INFO [2858/3795] 85fc149b-dd97-43b4-9183-70845d568816: does not qualify; 1.4 s; peak memory 12710 MiB.
2026-10-07T04:45:31Z INFO [2859/3795] 85fd497b-7ac6-431d-b414-5cf33d8968bc: does not qualify; 2.7 s; peak memory 12710 MiB.
2026-10-07T04:45:32Z INFO [2860/3795] 85fd5afd-6ccc-4e68-8cfe-4557a2078b9a: does not qualify; 1.2 s; peak memory 12710 MiB.
2026-10-07T04:45:39Z INFO [2861/3795] 85fd7df7-6e2e-4fa3-9eec-54dbc72796eb: does not qualify; 7.1 s; peak memory 12710 MiB.
2026-10-07T04:45:41Z INFO [2862/3795] 85fe31e0-8957-457b-ba6f-a25a3a3779d0: does not qualify; 2.0 s; peak memory 12710 MiB.
2026-10-07T04:45:43Z INFO [2863/3795] 85fe3c9a-d515-40ee-8721-05409c2d685b: does not qualify; 1.3 s; peak memory 12710 MiB.
2026-10-07T04:45:44Z INFO [2864/3795] 85ff3be8-5941-4ae0-af12-be333571c7c8: does not qualify; 1.1 s; peak memory 12710 MiB.
2026-10-07T04:45:46Z INFO [2865/3795] 85ff532d-8ced-4219-8f2b-769847b5c900: does not qualify; 2.0 s; peak memory 12710 MiB.
2026-10-07T04:45:47Z INFO [2866/3795] 85ff6ee9-4723-47a9-86bb-80c9dde30484: does not qualify; 1.0 s; peak memory 12710 MiB.
2026-10-07T04:45:55Z INFO [2867/3795] 85ffe75f-f804-4f8b-98e2-56aee3b0bac1: does not qualify; 8.1 s; peak memory 12710 MiB.
2026-10-07T04:45:57Z INFO [2868/3795] 8600284c-36d6-4467-84ff-4cb8702e65fd: does not qualify; 2.0 s; peak memory 12710 MiB.
2026-10-07T04:45:58Z INFO [2869/3795] 860082bd-dd87-435e-b563-aa729484c07c: does not qualify; 1.5 s; peak memory 12710 MiB.
2026-10-07T04:46:08Z INFO [2870/3795] 86016214-2f6c-4c47-9f9f-b5d5612b5ae7: does not qualify; 9.7 s; peak memory 12710 MiB.
2026-10-07T04:46:20Z INFO [2871/3795] 8601bdda-f079-4c47-87ec-76be89bd7baa: does not qualify; 12.2 s; peak memory 12710 MiB.
2026-10-07T04:46:21Z INFO [2872/3795] 8601d49a-944d-4974-bd5e-9935dd717ec4: does not qualify; 1.3 s; peak memory 12710 MiB.
2026-10-07T04:46:23Z INFO [2873/3795] 8602fb72-ac2c-4290-8e05-77b554fef8fb: does not qualify; 1.8 s; peak memory 12710 MiB.
2026-10-07T04:46:25Z INFO [2874/3795] 8603fe0a-c63c-4f40-b4f5-8f2e4eea23ca: does not qualify; 2.2 s; peak memory 12710 MiB.
2026-10-07T04:46:27Z INFO [2875/3795] 86056870-7b3e-4212-8c2a-4b5dd5e406ee: does not qualify; 1.4 s; peak memory 12710 MiB.
2026-10-07T04:46:28Z INFO [2876/3795] 86062ddc-c75d-438e-9df9-2240bde2d7cf: does not qualify; 1.3 s; peak memory 12710 MiB.
2026-10-07T04:46:35Z INFO [2877/3795] 8608b253-877f-4f0b-8517-30603c2d98b5: does not qualify; 7.3 s; peak memory 12710 MiB.
2026-10-07T04:46:37Z INFO [2878/3795] 8608d9b8-f4f1-4ea2-80c0-cd29d303ae3e: does not qualify; 1.0 s; peak memory 12710 MiB.
2026-10-07T04:46:51Z INFO [2879/3795] 860991fb-dfc3-4f8b-a7dd-9e0b412f94dc: does not qualify; 14.8 s; peak memory 12710 MiB.
2026-10-07T04:46:57Z INFO [2880/3795] 860ade8e-9b61-412a-81c7-d506e0721565: does not qualify; 5.8 s; peak memory 12710 MiB.
2026-10-07T04:46:59Z INFO [2881/3795] 860b2b3c-834c-4e73-b568-7dd48b4e91c8: does not qualify; 2.0 s; peak memory 12710 MiB.
2026-10-07T04:47:00Z INFO [2882/3795] 860b90bf-f604-49ce-bfc5-602db71ee420: does not qualify; 1.3 s; peak memory 12710 MiB.
2026-10-07T04:47:03Z INFO [2883/3795] 860bc818-f13f-43a5-a852-79714d234ffc: does not qualify; 2.4 s; peak memory 12710 MiB.
2026-10-07T04:47:05Z INFO [2884/3795] 860ca008-c363-45c4-891e-0a4a092f8785: does not qualify; 1.7 s; peak memory 12710 MiB.
2026-10-07T04:47:06Z INFO [2885/3795] 860cefb1-47d4-496e-bd06-263fcba15831: does not qualify; 1.6 s; peak memory 12710 MiB.
2026-10-07T04:47:14Z INFO [2886/3795] 860d69a2-f662-4bec-b971-6077f6573a68: does not qualify; 7.7 s; peak memory 12710 MiB.
2026-10-07T04:47:15Z INFO [2887/3795] 860de36a-7d58-4473-bffa-650b77cf47c0: does not qualify; 1.3 s; peak memory 12710 MiB.
2026-10-07T04:47:20Z INFO [2888/3795] 860e0dee-570c-43d5-8068-679707b448b5: does not qualify; 5.4 s; peak memory 12710 MiB.
2026-10-07T04:47:36Z INFO [2889/3795] 860e44f9-a192-4a17-9cf4-c7648279f8b2: does not qualify; 15.7 s; peak memory 12710 MiB.
2026-10-07T04:47:42Z INFO [2890/3795] 860e7444-c895-41c7-accd-fbcea2fd8fb1: does not qualify; 5.8 s; peak memory 12710 MiB.
2026-10-07T04:47:43Z INFO [2891/3795] 860f178f-815b-4f52-bbdd-eba629db5e8e: does not qualify; 1.0 s; peak memory 12710 MiB.
2026-10-07T04:47:45Z INFO [2892/3795] 860fc48d-d65a-42a9-b9f0-7a50d0f228a4: does not qualify; 1.6 s; peak memory 12710 MiB.
2026-10-07T04:47:46Z INFO [2893/3795] 86106a8d-a1aa-4900-8abd-bb4cb88e54bb: does not qualify; 1.3 s; peak memory 12710 MiB.
2026-10-07T04:47:48Z INFO [2894/3795] 8611251c-2eb6-46bf-9a81-3ecee7ec324a: does not qualify; 1.9 s; peak memory 12710 MiB.
2026-10-07T04:47:49Z INFO [2895/3795] 86115201-96bc-4c16-93c6-484b0caf601b: does not qualify; 1.7 s; peak memory 12710 MiB.
2026-10-07T04:47:51Z INFO [2896/3795] 86119aac-bd81-4c12-adcb-2842fffa2d87: does not qualify; 1.5 s; peak memory 12710 MiB.
2026-10-07T04:47:54Z INFO [2897/3795] 8611d8a5-711b-47df-846a-30d47f0d91fa: does not qualify; 2.9 s; peak memory 12710 MiB.
2026-10-07T04:47:55Z INFO [2898/3795] 8611d9d5-854d-4cdd-a7f2-f163b0d9cb7c: does not qualify; 1.0 s; peak memory 12710 MiB.
2026-10-07T04:47:56Z INFO [2899/3795] 86126c79-69ca-4655-9917-6fe7fb8a106c: does not qualify; 1.2 s; peak memory 12710 MiB.
2026-10-07T04:47:57Z INFO [2900/3795] 8612c9cf-00a6-4e7f-890b-8ccb046e96a9: does not qualify; 1.3 s; peak memory 12710 MiB.
2026-10-07T04:47:57Z INFO [2900/3795] 8612c9cf-00a6-4e7f-890b-8ccb046e96a9: checkpointed 93019 records.
2026-10-07T04:47:59Z INFO [2901/3795] 86138d9b-6639-4e85-a535-16161dea2391: does not qualify; 1.3 s; peak memory 12710 MiB.
2026-10-07T04:48:00Z INFO [2902/3795] 8613bb9d-40a0-462a-82d0-b154ed25fea9: does not qualify; 1.7 s; peak memory 12710 MiB.
2026-10-07T04:48:02Z INFO [2903/3795] 8614a402-2ab5-482b-8d8d-ff22cdfa5110: does not qualify; 1.3 s; peak memory 12710 MiB.
2026-10-07T04:48:08Z INFO [2904/3795] 8614d263-cbc7-4fbd-bc00-69a8b1b927e5: does not qualify; 5.9 s; peak memory 12710 MiB.
2026-10-07T04:48:09Z INFO [2905/3795] 86157d7f-9319-4ff7-be5b-16f2fc21d493: does not qualify; 1.6 s; peak memory 12710 MiB.
2026-10-07T04:48:13Z INFO [2906/3795] 8615bd2c-77db-4cf9-80db-03cc883acb46: does not qualify; 3.7 s; peak memory 12710 MiB.
2026-10-07T04:48:15Z INFO [2907/3795] 86188803-f0c4-4516-aab2-69bf1fa7b68b: does not qualify; 1.8 s; peak memory 12710 MiB.
2026-10-07T04:48:26Z INFO [2908/3795] 86193729-1784-478f-a5cc-2d0ea4913e33: does not qualify; 11.3 s; peak memory 12710 MiB.
2026-10-07T04:48:28Z INFO [2909/3795] 8619657f-ff6f-4e5e-9fba-3ee8d9030de5: does not qualify; 1.4 s; peak memory 12710 MiB.
2026-10-07T04:48:29Z INFO [2910/3795] 86197ee5-bba4-4189-bd1c-47707c60456e: does not qualify; 1.3 s; peak memory 12710 MiB.
2026-10-07T04:48:31Z INFO [2911/3795] 861a23d4-4b27-4ddf-bfd6-48f757f88ca9: does not qualify; 2.5 s; peak memory 12710 MiB.
2026-10-07T04:48:33Z INFO [2912/3795] 861aaa28-ef7d-4fa7-bce9-db592ab8991f: does not qualify; 1.5 s; peak memory 12710 MiB.
2026-10-07T04:48:41Z INFO [2913/3795] 861afab1-66df-4a41-b4b7-f93fa8459bca: does not qualify; 8.5 s; peak memory 12710 MiB.
2026-10-07T04:48:43Z INFO [2914/3795] 861b82f9-e612-4e56-9fc0-679a614ab73c: does not qualify; 1.3 s; peak memory 12710 MiB.
2026-10-07T04:48:44Z INFO [2915/3795] 861bb50c-a32d-4782-ab4c-cae6dca79eee: does not qualify; 1.3 s; peak memory 12710 MiB.
2026-10-07T04:48:47Z INFO [2916/3795] 861bb97d-ef0f-4cfa-ae0a-0cd7375578e7: does not qualify; 3.3 s; peak memory 12710 MiB.
2026-10-07T04:48:48Z INFO [2917/3795] 861cb850-e6db-437b-84d6-ac2f69cb6d7a: does not qualify; 1.0 s; peak memory 12710 MiB.
2026-10-07T04:48:49Z INFO [2918/3795] 861ce178-073e-42ba-b885-48483c9e86ee: does not qualify; 1.1 s; peak memory 12710 MiB.
2026-10-07T04:49:04Z INFO [2919/3795] 861cf3df-fb45-4202-9afd-3e17ec095f17: does not qualify; 14.4 s; peak memory 12710 MiB.
2026-10-07T04:49:15Z INFO [2920/3795] 861e5c06-10d9-4c1a-abea-91a4c927627a: does not qualify; 11.1 s; peak memory 12710 MiB.
2026-10-07T04:49:16Z INFO [2921/3795] 861f93c4-4dca-47a0-a1c4-d140728abbd1: does not qualify; 1.5 s; peak memory 12710 MiB.
2026-10-07T04:49:19Z INFO [2922/3795] 861ffb2f-a0a4-48c2-bce0-e4c7563c6fd0: does not qualify; 3.2 s; peak memory 12710 MiB.
2026-10-07T04:49:21Z INFO [2923/3795] 862041cc-089c-4b04-ae9e-5644850d0188: does not qualify; 1.3 s; peak memory 12710 MiB.
2026-10-07T04:49:22Z INFO [2924/3795] 862093cf-46b2-4557-bdbf-bc16b006a570: does not qualify; 1.3 s; peak memory 12710 MiB.
2026-10-07T04:49:26Z INFO [2925/3795] 8620d2f7-6d05-4b67-8d44-c7d26f222e62: does not qualify; 3.5 s; peak memory 12710 MiB.
2026-10-07T04:49:28Z INFO [2926/3795] 8621c80f-f9d8-4434-b106-05a6e37d5821: does not qualify; 2.0 s; peak memory 12710 MiB.
2026-10-07T04:49:29Z INFO [2927/3795] 8621c92f-7361-46ae-bb67-82f6fc148927: does not qualify; 1.2 s; peak memory 12710 MiB.
2026-10-07T04:49:30Z INFO [2928/3795] 8621e956-1a9e-4c82-ab89-cc5df822730b: does not qualify; 1.5 s; peak memory 12710 MiB.
2026-10-07T04:49:34Z INFO [2929/3795] 86223b50-c7d7-4369-afb0-1d49582855ec: does not qualify; 3.7 s; peak memory 12710 MiB.
2026-10-07T04:49:37Z INFO [2930/3795] 8622d11f-74a1-4108-b3f9-2fd8c598a777: qualifies; 2.6 s; peak memory 12710 MiB.
2026-10-07T04:49:38Z INFO [2931/3795] 8622e8ab-563a-484b-a60b-c29f45dd4de1: does not qualify; 1.6 s; peak memory 12710 MiB.
2026-10-07T04:49:40Z INFO [2932/3795] 86233d72-f8df-42c7-8d6c-da7d4a8b8878: does not qualify; 1.4 s; peak memory 12710 MiB.
2026-10-07T04:49:41Z INFO [2933/3795] 86239d13-2051-477e-82c5-19774a0ff83e: does not qualify; 1.1 s; peak memory 12710 MiB.
2026-10-07T04:49:42Z INFO [2934/3795] 8623cd2f-0af5-40ff-8019-3973f637a1a5: does not qualify; 1.2 s; peak memory 12710 MiB.
2026-10-07T04:49:43Z INFO [2935/3795] 86240865-1592-4352-b2cf-5fc557cfc791: does not qualify; 1.1 s; peak memory 12710 MiB.
2026-10-07T04:49:45Z INFO [2936/3795] 862462fe-1df8-438c-b78b-1ca7966db04c: does not qualify; 1.9 s; peak memory 12710 MiB.
2026-10-07T04:49:55Z INFO [2937/3795] 862485d5-29ba-46a1-8b6f-f81870e74b26: does not qualify; 10.5 s; peak memory 12710 MiB.
2026-10-07T04:49:57Z INFO [2938/3795] 86248763-0486-4a84-93b1-496586fc8940: does not qualify; 2.0 s; peak memory 12710 MiB.
2026-10-07T04:49:59Z INFO [2939/3795] 8624ac15-4673-458d-bd45-9695502d8139: does not qualify; 1.9 s; peak memory 12710 MiB.
2026-10-07T04:50:02Z INFO [2940/3795] 86256f07-4b59-4d64-b8ec-a779b176b08e: does not qualify; 3.1 s; peak memory 12710 MiB.
2026-10-07T04:50:04Z INFO [2941/3795] 86291850-0de3-4b02-b369-f9885a2495ae: does not qualify; 2.0 s; peak memory 12710 MiB.
2026-10-07T04:50:06Z INFO [2942/3795] 8629bd40-31f2-4454-9217-ee379b041a94: does not qualify; 1.7 s; peak memory 12710 MiB.
2026-10-07T04:50:08Z INFO [2943/3795] 8629dc0b-0d6c-41ec-ac77-5f93ded5279b: does not qualify; 1.7 s; peak memory 12710 MiB.
2026-10-07T04:50:09Z INFO [2944/3795] 862a5608-33f5-42ed-9750-533f9d7b5d97: does not qualify; 1.9 s; peak memory 12710 MiB.
2026-10-07T04:50:16Z INFO [2945/3795] 862c7e4c-c0b8-45d3-ab3b-9c6c106a8edf: does not qualify; 6.2 s; peak memory 12710 MiB.
2026-10-07T04:50:17Z INFO [2946/3795] 862cae74-c6bc-499a-8f4c-e07b9b20fcf3: does not qualify; 1.4 s; peak memory 12710 MiB.
2026-10-07T04:50:18Z INFO [2947/3795] 862cea53-0633-4e50-83cd-63959038021f: does not qualify; 1.3 s; peak memory 12710 MiB.
2026-10-07T04:50:21Z INFO [2948/3795] 862d5c9d-ccd0-4719-85a3-9ada4fda4391: does not qualify; 2.9 s; peak memory 12710 MiB.
2026-10-07T04:50:23Z INFO [2949/3795] 862d63aa-3aba-4789-b2a5-7e0523f40ba8: does not qualify; 1.4 s; peak memory 12710 MiB.
2026-10-07T04:50:25Z INFO [2950/3795] 862e209d-d162-4d32-a513-70707c82abb4: does not qualify; 2.7 s; peak memory 12710 MiB.
2026-10-07T04:50:25Z INFO [2950/3795] 862e209d-d162-4d32-a513-70707c82abb4: checkpointed 93069 records.
2026-10-07T04:50:27Z INFO [2951/3795] 862e298f-4c65-459e-b532-749259188209: does not qualify; 1.3 s; peak memory 12710 MiB.
2026-10-07T04:50:28Z INFO [2952/3795] 862ed988-ef17-4832-aeb4-28591d280e7d: does not qualify; 1.5 s; peak memory 12710 MiB.
2026-10-07T04:50:30Z INFO [2953/3795] 862efc00-ad22-42f6-8d7d-347d2d55d642: does not qualify; 1.6 s; peak memory 12710 MiB.
2026-10-07T04:50:33Z INFO [2954/3795] 862f13a4-1456-4c4d-91ef-65be9445dfde: does not qualify; 2.7 s; peak memory 12710 MiB.
2026-10-07T04:50:34Z INFO [2955/3795] 862f1d0a-08a1-493e-beed-88432b21c689: does not qualify; 1.6 s; peak memory 12710 MiB.
2026-10-07T04:50:36Z INFO [2956/3795] 862f5b1a-5a4f-48af-b23a-9d87113897ae: does not qualify; 1.8 s; peak memory 12710 MiB.
2026-10-07T04:50:37Z INFO [2957/3795] 862f710c-8cd5-4056-b001-f03062fd4663: does not qualify; 1.4 s; peak memory 12710 MiB.
2026-10-07T04:54:49Z INFO [2958/3795] 862f9a3c-491d-4059-bd92-da910e402cb2: does not qualify; 252.1 s; peak memory 12710 MiB.
2026-10-07T04:54:51Z INFO [2959/3795] 862fa25c-3b3a-4147-973c-cd5fa978566f: does not qualify; 2.0 s; peak memory 12710 MiB.
2026-10-07T04:54:53Z INFO [2960/3795] 862ff3f7-91d8-47ab-ab6a-a873a9a12e23: does not qualify; 1.8 s; peak memory 12710 MiB.
2026-10-07T04:54:55Z INFO [2961/3795] 86306bb6-5321-4957-b483-49763b296966: does not qualify; 1.7 s; peak memory 12710 MiB.
2026-10-07T04:54:56Z INFO [2962/3795] 8630c51b-5b6a-4cbb-8c57-53faaaaeb245: does not qualify; 1.3 s; peak memory 12710 MiB.
2026-10-07T04:54:59Z INFO [2963/3795] 8630fec7-bf6a-41f1-bcb4-fa188ebe4c68: does not qualify; 2.5 s; peak memory 12710 MiB.
2026-10-07T04:55:07Z INFO [2964/3795] 86317879-ab41-4c94-adbb-09e8537856d1: does not qualify; 8.1 s; peak memory 12710 MiB.
2026-10-07T04:55:08Z INFO [2965/3795] 8631c8d6-7630-419e-8913-1ff44ca908ea: does not qualify; 1.5 s; peak memory 12710 MiB.
2026-10-07T04:55:10Z INFO [2966/3795] 863261be-fdea-48b4-b5cd-de3e95177440: does not qualify; 1.5 s; peak memory 12710 MiB.
2026-10-07T04:55:12Z INFO [2967/3795] 8632afba-2c7b-4dff-95e5-243909602fcd: does not qualify; 1.7 s; peak memory 12710 MiB.
2026-10-07T04:55:13Z INFO [2968/3795] 86336e3f-cf11-4545-929b-3e37487761ee: does not qualify; 1.4 s; peak memory 12710 MiB.
2026-10-07T04:55:15Z INFO [2969/3795] 863374e8-f215-41a8-89d1-0b3e737f8b69: does not qualify; 2.2 s; peak memory 12710 MiB.
2026-10-07T04:55:17Z INFO [2970/3795] 86343724-5845-472a-9718-c330dcdc5b72: does not qualify; 2.0 s; peak memory 12710 MiB.
2026-10-07T04:55:24Z INFO [2971/3795] 8634f9e7-4b34-44a8-824b-1dcebe62f1f8: does not qualify; 7.3 s; peak memory 12710 MiB.
2026-10-07T04:55:25Z INFO [2972/3795] 86356e8d-7eb8-40e9-826e-bc42a1a509e1: does not qualify; 1.0 s; peak memory 12710 MiB.
2026-10-07T04:55:28Z INFO [2973/3795] 8635d36c-9998-4e66-bada-63fef25e39c0: does not qualify; 2.9 s; peak memory 12710 MiB.
2026-10-07T04:55:30Z INFO [2974/3795] 863635d3-0aaa-4c79-a0ed-9c7335f2e28e: does not qualify; 1.5 s; peak memory 12710 MiB.
2026-10-07T04:55:33Z INFO [2975/3795] 8636ffdc-dde7-4c25-adfc-95f0a60172b2: does not qualify; 3.2 s; peak memory 12710 MiB.
2026-10-07T04:55:35Z INFO [2976/3795] 8637f3b9-6ffc-4225-8b6b-a86833ac34cd: does not qualify; 1.5 s; peak memory 12710 MiB.
2026-10-07T04:55:37Z INFO [2977/3795] 8638b6f6-9d57-4dbd-8829-e385ddc21fad: does not qualify; 2.0 s; peak memory 12710 MiB.
2026-10-07T04:55:39Z INFO [2978/3795] 8638f874-f69f-428c-9b04-9300957dec77: does not qualify; 2.0 s; peak memory 12710 MiB.
2026-10-07T04:55:40Z INFO [2979/3795] 8638fb99-379c-40b5-b50e-9c8983461654: does not qualify; 1.5 s; peak memory 12710 MiB.
2026-10-07T04:55:48Z INFO [2980/3795] 863a1be0-352d-45d3-9ed7-02fa8e491357: does not qualify; 7.9 s; peak memory 12710 MiB.
2026-10-07T04:55:50Z INFO [2981/3795] 863ab8db-7d7d-4cd3-ad71-0dde228dd24b: does not qualify; 1.6 s; peak memory 12710 MiB.
2026-10-07T04:55:51Z INFO [2982/3795] 863b1005-fc41-4ec4-87d3-de46973f0aef: does not qualify; 1.7 s; peak memory 12710 MiB.
2026-10-07T04:55:53Z INFO [2983/3795] 863b1dc8-e32c-4181-b11d-aa7f746927f2: does not qualify; 1.3 s; peak memory 12710 MiB.
2026-10-07T04:56:00Z INFO [2984/3795] 863b1e39-0b86-4553-a42c-0515c61c5b14: does not qualify; 7.3 s; peak memory 12710 MiB.
2026-10-07T04:56:01Z INFO [2985/3795] 863c91cc-8ceb-49e6-b043-874945d6e334: does not qualify; 1.3 s; peak memory 12710 MiB.
2026-10-07T04:56:03Z INFO [2986/3795] 863cdde2-8e70-4efe-98d4-4867bb44c601: does not qualify; 1.9 s; peak memory 12710 MiB.
2026-10-07T04:56:04Z INFO [2987/3795] 863d7423-3124-494d-a24c-5e6432eafaf5: does not qualify; 1.0 s; peak memory 12710 MiB.
2026-10-07T04:56:06Z INFO [2988/3795] 863d761c-4b33-4cf4-9eaa-cffad14ca13d: does not qualify; 2.3 s; peak memory 12710 MiB.
2026-10-07T04:56:08Z INFO [2989/3795] 8640250e-ac47-427b-9c7a-23ccde5996f5: does not qualify; 1.3 s; peak memory 12710 MiB.
2026-10-07T04:56:09Z INFO [2990/3795] 86404d7d-4309-40bb-ba87-636d86d3f1ea: does not qualify; 1.7 s; peak memory 12710 MiB.
2026-10-07T04:56:11Z INFO [2991/3795] 8640ae4e-4f52-49a2-933d-cfa05e5ac828: does not qualify; 1.6 s; peak memory 12710 MiB.
2026-10-07T04:56:12Z INFO [2992/3795] 8641c6f6-b47a-4d9a-8c9c-8b2e3ad96468: does not qualify; 1.3 s; peak memory 12710 MiB.
2026-10-07T04:56:13Z INFO [2993/3795] 8642e4b5-b878-41a3-9619-249cd59e5d20: does not qualify; 0.9 s; peak memory 12710 MiB.
2026-10-07T04:56:16Z INFO [2994/3795] 8643285d-27ae-4810-8147-22d5ffe544d3: does not qualify; 3.3 s; peak memory 12710 MiB.
2026-10-07T04:56:17Z INFO [2995/3795] 8643dc32-e2c5-4781-a785-52e003639a61: does not qualify; 1.0 s; peak memory 12710 MiB.
2026-10-07T04:56:20Z INFO [2996/3795] 8644620b-f7ff-4550-b185-6ec5a5d3600b: does not qualify; 2.1 s; peak memory 12710 MiB.
2026-10-07T04:56:21Z INFO [2997/3795] 86448aaa-c95b-461c-a631-18ebd16c5b68: does not qualify; 1.2 s; peak memory 12710 MiB.
2026-10-07T04:56:22Z INFO [2998/3795] 86450eea-824d-4cb7-b738-650600c646a4: does not qualify; 1.6 s; peak memory 12710 MiB.
2026-10-07T04:56:24Z INFO [2999/3795] 864512ea-846e-4bed-bef9-b2e4ae671720: does not qualify; 1.3 s; peak memory 12710 MiB.
2026-10-07T04:56:25Z INFO [3000/3795] 86451520-37ef-4433-ab9f-454dcecd24a2: does not qualify; 1.5 s; peak memory 12710 MiB.
2026-10-07T04:56:26Z INFO [3000/3795] 86451520-37ef-4433-ab9f-454dcecd24a2: checkpointed 93119 records.
2026-10-07T04:56:26Z INFO [3001/3795] 86455190-3720-4ee4-b3de-b63780209c3c: does not qualify; 0.9 s; peak memory 12710 MiB.
2026-10-07T04:56:28Z INFO [3002/3795] 86457dd0-857e-4ba1-9f09-94f0d4265716: does not qualify; 1.4 s; peak memory 12710 MiB.
2026-10-07T04:56:30Z INFO [3003/3795] 8645f010-fc68-4686-9b3f-18e941b2fd95: does not qualify; 1.7 s; peak memory 12710 MiB.
2026-10-07T04:56:31Z INFO [3004/3795] 8645f52c-fdd7-4b41-b766-6bdba1570fd5: does not qualify; 1.3 s; peak memory 12710 MiB.
2026-10-07T04:56:37Z INFO [3005/3795] 86470cde-ecb6-4c61-9588-9409c6d1ff79: does not qualify; 6.5 s; peak memory 12710 MiB.
2026-10-07T04:56:47Z INFO [3006/3795] 8647b4f8-055d-433d-94a0-2dc2c8aa5bcf: qualifies; 10.0 s; peak memory 12710 MiB.
2026-10-07T04:56:49Z INFO [3007/3795] 86482500-8179-4534-86dd-2477ee795bbc: does not qualify; 1.6 s; peak memory 12710 MiB.
2026-10-07T04:56:51Z INFO [3008/3795] 86493801-55b0-433a-b4bd-41752e6de0da: does not qualify; 1.9 s; peak memory 12710 MiB.
2026-10-07T04:56:54Z INFO [3009/3795] 86494f6a-87b7-4d2b-88d4-3a890c1b9923: does not qualify; 2.7 s; peak memory 12710 MiB.
2026-10-07T04:56:56Z INFO [3010/3795] 8649d8f7-ac22-4293-a008-1d492b94f88d: does not qualify; 2.0 s; peak memory 12710 MiB.
2026-10-07T04:57:00Z INFO [3011/3795] 8649fada-2705-44a2-a2af-fc2206337de4: does not qualify; 4.3 s; peak memory 12710 MiB.
2026-10-07T04:57:01Z INFO [3012/3795] 864a426c-e847-4d0c-9190-3bb15273d017: does not qualify; 1.3 s; peak memory 12710 MiB.
2026-10-07T04:57:03Z INFO [3013/3795] 864aeff9-463f-424f-ac86-492c5e4b06d4: does not qualify; 1.3 s; peak memory 12710 MiB.
2026-10-07T04:57:05Z INFO [3014/3795] 864b2817-55e8-4153-a5af-108b2586983a: does not qualify; 2.1 s; peak memory 12710 MiB.
2026-10-07T04:57:06Z INFO [3015/3795] 864b9fd4-0ae9-499f-b5a3-c4ed514d4ac2: does not qualify; 1.3 s; peak memory 12710 MiB.
2026-10-07T04:57:09Z INFO [3016/3795] 864c2107-82a9-4c0a-b841-dc0a77c28df4: does not qualify; 2.9 s; peak memory 12710 MiB.
2026-10-07T04:57:10Z INFO [3017/3795] 864c521b-c87d-4113-87de-7e17ba3e5076: does not qualify; 1.1 s; peak memory 12710 MiB.
2026-10-07T04:57:11Z INFO [3018/3795] 864c7941-773e-48c5-9760-93a1bccc5671: does not qualify; 1.4 s; peak memory 12710 MiB.
2026-10-07T04:57:13Z INFO [3019/3795] 864d081b-4888-474d-b874-36931bcffef8: does not qualify; 2.1 s; peak memory 12710 MiB.
2026-10-07T04:57:15Z INFO [3020/3795] 864d6484-86d6-4366-97ce-acad7d32bdfc: does not qualify; 1.3 s; peak memory 12710 MiB.
2026-10-07T04:57:23Z INFO [3021/3795] 864da6ba-b924-4c79-8176-87b8efccc3eb: does not qualify; 8.0 s; peak memory 12710 MiB.
2026-10-07T04:57:24Z INFO [3022/3795] 864f73e1-a131-476a-8d3c-b1d587c58fd3: does not qualify; 1.3 s; peak memory 12710 MiB.
2026-10-07T04:57:26Z INFO [3023/3795] 864f88f3-7130-49c1-a8c4-0fdb9a6d31f2: does not qualify; 2.1 s; peak memory 12710 MiB.
2026-10-07T04:57:28Z INFO [3024/3795] 864fc493-75df-4fa8-ada8-ba94ea36d2cc: does not qualify; 2.0 s; peak memory 12710 MiB.
2026-10-07T04:57:30Z INFO [3025/3795] 86509386-281e-4bd5-ad02-eae5b17a8e22: does not qualify; 1.8 s; peak memory 12710 MiB.
2026-10-07T04:57:31Z INFO [3026/3795] 86514d0a-d39a-4c0d-99b6-07718cdf5b3d: does not qualify; 1.5 s; peak memory 12710 MiB.
2026-10-07T04:57:33Z INFO [3027/3795] 86516360-e9f4-4a2b-b33d-c498b87c45d4: does not qualify; 2.1 s; peak memory 12710 MiB.
2026-10-07T04:57:35Z INFO [3028/3795] 8651f596-dd39-499f-bd00-8793b26d4b6a: does not qualify; 1.9 s; peak memory 12710 MiB.
2026-10-07T04:57:37Z INFO [3029/3795] 86520130-3e9d-44de-b5da-724d942a0a9b: does not qualify; 1.4 s; peak memory 12710 MiB.
2026-10-07T04:57:38Z INFO [3030/3795] 86523a3e-c2a7-4fe7-ada8-cd281c6af225: does not qualify; 1.5 s; peak memory 12710 MiB.
2026-10-07T04:57:40Z INFO [3031/3795] 865261f8-2163-41a6-9b68-577a434efef5: does not qualify; 1.8 s; peak memory 12710 MiB.
2026-10-07T04:57:43Z INFO [3032/3795] 8652b629-d869-483e-be16-68661877150d: does not qualify; 3.0 s; peak memory 12710 MiB.
2026-10-07T04:57:44Z INFO [3033/3795] 86549f31-ee5b-4435-9fbe-250e76cfdc59: does not qualify; 1.0 s; peak memory 12710 MiB.
2026-10-07T04:57:47Z INFO [3034/3795] 8654a47e-ab00-494d-b684-16fef19e20a3: does not qualify; 3.3 s; peak memory 12710 MiB.
2026-10-07T04:57:48Z INFO [3035/3795] 8654c956-f06e-41e6-8dc3-21988bc0f62d: does not qualify; 1.0 s; peak memory 12710 MiB.
2026-10-07T04:57:50Z INFO [3036/3795] 86555709-3176-4250-882c-05daaa927aeb: does not qualify; 2.0 s; peak memory 12710 MiB.
2026-10-07T04:57:52Z INFO [3037/3795] 86563016-9488-46d2-aade-6435b2c14b9e: does not qualify; 1.9 s; peak memory 12710 MiB.
2026-10-07T04:57:53Z INFO [3038/3795] 8656d149-8dad-4d1b-b237-f12dd09112be: does not qualify; 1.1 s; peak memory 12710 MiB.
2026-10-07T04:57:56Z INFO [3039/3795] 8656eed8-aef2-45bd-a2fb-563bdec13002: does not qualify; 2.4 s; peak memory 12710 MiB.
2026-10-07T04:57:58Z INFO [3040/3795] 8657874e-f90f-4cc1-853b-2b195a7beefb: does not qualify; 2.2 s; peak memory 12710 MiB.
2026-10-07T04:57:59Z INFO [3041/3795] 8657aab6-0c6b-4ce3-bd70-04c6cb43ca11: does not qualify; 1.5 s; peak memory 12710 MiB.
2026-10-07T04:58:05Z INFO [3042/3795] 865a2e6c-eba5-4681-af9f-f76ba773d2f0: does not qualify; 6.0 s; peak memory 12710 MiB.
2026-10-07T04:58:07Z INFO [3043/3795] 865bc196-60b8-4ad2-8939-ca9f3cf3d11f: does not qualify; 1.5 s; peak memory 12710 MiB.
2026-10-07T04:58:08Z INFO [3044/3795] 865c7623-556d-49cb-b89e-09687841cda6: does not qualify; 1.0 s; peak memory 12710 MiB.
2026-10-07T04:58:10Z INFO [3045/3795] 865cafa9-9943-4bec-b415-2259bb54ea50: does not qualify; 1.7 s; peak memory 12710 MiB.
2026-10-07T04:58:13Z INFO [3046/3795] 865cfd24-4abf-4804-889a-db3afd0f8627: does not qualify; 3.0 s; peak memory 12710 MiB.
2026-10-07T04:58:14Z INFO [3047/3795] 865de053-23d1-418e-bd3b-0345e251485d: does not qualify; 1.9 s; peak memory 12710 MiB.
2026-10-07T04:58:16Z INFO [3048/3795] 865e814b-8023-4b4c-82b4-f8d764553bbc: does not qualify; 1.2 s; peak memory 12710 MiB.
2026-10-07T04:58:17Z INFO [3049/3795] 865f095a-4426-4519-af9d-bdbe7b37254e: does not qualify; 1.5 s; peak memory 12710 MiB.
2026-10-07T04:58:20Z INFO [3050/3795] 866080ea-b487-4740-b649-da1c58cd1bb6: does not qualify; 3.1 s; peak memory 12710 MiB.
2026-10-07T04:58:20Z INFO [3050/3795] 866080ea-b487-4740-b649-da1c58cd1bb6: checkpointed 93169 records.
2026-10-07T04:58:23Z INFO [3051/3795] 8660a7e7-c334-4ea7-b8d3-61efc21b95e0: does not qualify; 2.8 s; peak memory 12710 MiB.
2026-10-07T04:58:30Z INFO [3052/3795] 8660c099-dca8-429f-a7bb-9f0e3b70fcc9: does not qualify; 6.5 s; peak memory 12710 MiB.
2026-10-07T04:58:31Z INFO [3053/3795] 866191c8-9f52-48bd-8932-535394fa7f09: does not qualify; 1.3 s; peak memory 12710 MiB.
2026-10-07T04:58:32Z INFO [3054/3795] 8661e77e-99fc-4ca8-bc7e-4432e5b91586: does not qualify; 1.3 s; peak memory 12710 MiB.
2026-10-07T04:58:34Z INFO [3055/3795] 8661f119-bd0d-4e32-bde7-684b32397143: does not qualify; 1.3 s; peak memory 12710 MiB.
2026-10-07T04:58:36Z INFO [3056/3795] 86625e07-3db8-4c40-aa9d-e7ac99e18149: does not qualify; 2.4 s; peak memory 12710 MiB.
2026-10-07T04:58:37Z INFO [3057/3795] 86636ad6-2c2f-43e6-8681-5dbab587dadb: does not qualify; 1.1 s; peak memory 12710 MiB.
2026-10-07T04:58:39Z INFO [3058/3795] 86644d57-aabf-4238-ad82-5644110a4b55: does not qualify; 2.1 s; peak memory 12710 MiB.
2026-10-07T04:58:40Z INFO [3059/3795] 86648c73-f842-4a1b-b882-f604ff87cfdf: does not qualify; 1.0 s; peak memory 12710 MiB.
2026-10-07T04:58:42Z INFO [3060/3795] 8664ccc7-c08a-499a-89f1-4f83ac8126b9: does not qualify; 1.3 s; peak memory 12710 MiB.
2026-10-07T04:58:43Z INFO [3061/3795] 8664ed9f-556c-49cb-878e-e7a3521ec1bc: does not qualify; 1.2 s; peak memory 12710 MiB.
2026-10-07T04:58:45Z INFO [3062/3795] 86661e8f-59b7-4be0-85dd-fa238667b3b6: does not qualify; 1.9 s; peak memory 12710 MiB.
2026-10-07T04:58:46Z INFO [3063/3795] 86666c19-4220-47d2-b997-f4c0001f8ca2: does not qualify; 1.3 s; peak memory 12710 MiB.
2026-10-07T04:58:48Z INFO [3064/3795] 86685637-5131-4987-9fb3-7386e7c297fa: does not qualify; 1.6 s; peak memory 12710 MiB.
2026-10-07T04:58:49Z INFO [3065/3795] 86688ce8-30a6-4bc3-9097-b15352ee868b: does not qualify; 1.7 s; peak memory 12710 MiB.
2026-10-07T05:01:23Z INFO [3066/3795] 86692e7a-a502-4cc2-b95b-a1d6ae0b5aff: does not qualify; 153.9 s; peak memory 12710 MiB.
2026-10-07T05:01:25Z INFO [3067/3795] 8669a13d-c7f3-450b-8f7f-d498a1f2822f: does not qualify; 1.7 s; peak memory 12710 MiB.
2026-10-07T05:01:27Z INFO [3068/3795] 8669d654-58a6-4a1c-a3af-ed156e807356: does not qualify; 2.0 s; peak memory 12710 MiB.
2026-10-07T05:01:29Z INFO [3069/3795] 866a5c20-9d3e-454b-984d-244cfe961d31: does not qualify; 1.6 s; peak memory 12710 MiB.
2026-10-07T05:01:37Z INFO [3070/3795] 866ac1f9-2839-4c79-902c-00ddeb5492bc: does not qualify; 8.9 s; peak memory 12710 MiB.
2026-10-07T05:01:39Z INFO [3071/3795] 866adb1c-a3d4-4426-b946-11894c19a8f2: does not qualify; 1.4 s; peak memory 12710 MiB.
2026-10-07T05:01:41Z INFO [3072/3795] 866af229-24a1-446e-a756-a87bda6cb669: does not qualify; 2.5 s; peak memory 12710 MiB.
2026-10-07T05:01:43Z INFO [3073/3795] 866baf1e-1eb2-4430-bc5e-2bceed055cc8: does not qualify; 2.1 s; peak memory 12710 MiB.
2026-10-07T05:01:52Z INFO [3074/3795] 866bed14-1e6d-40d8-b9e6-c8a389d107a2: does not qualify; 8.6 s; peak memory 12710 MiB.
2026-10-07T05:01:54Z INFO [3075/3795] 866c6245-466b-4c31-8423-30b670effbcc: qualifies; 2.0 s; peak memory 12710 MiB.
2026-10-07T05:01:55Z INFO [3076/3795] 866d50c2-c6b5-448d-9268-6654decf7803: does not qualify; 1.0 s; peak memory 12710 MiB.
2026-10-07T05:02:00Z INFO [3077/3795] 866d8ec7-397d-414a-962b-06f6812c0a45: does not qualify; 4.8 s; peak memory 12710 MiB.
2026-10-07T05:02:01Z INFO [3078/3795] 866e19b5-a8db-4832-bdcb-c6915c3c39f7: does not qualify; 1.3 s; peak memory 12710 MiB.
2026-10-07T05:02:03Z INFO [3079/3795] 866e3905-d70d-4689-89e4-154a70b027e8: does not qualify; 1.7 s; peak memory 12710 MiB.
2026-10-07T05:02:05Z INFO [3080/3795] 866e8c36-2522-4e46-97af-f5ef275c1eb8: does not qualify; 2.1 s; peak memory 12710 MiB.
2026-10-07T05:02:06Z INFO [3081/3795] 866ee252-85d3-466f-9b0c-82ffe536cd11: does not qualify; 1.0 s; peak memory 12710 MiB.
2026-10-07T05:02:07Z INFO [3082/3795] 866f18ee-6422-4681-a6fe-4abeb8e8cb4b: does not qualify; 1.2 s; peak memory 12710 MiB.
2026-10-07T05:02:09Z INFO [3083/3795] 866fb75c-f191-4570-a4b1-94e9a0e400f6: does not qualify; 1.6 s; peak memory 12710 MiB.
2026-10-07T05:02:10Z INFO [3084/3795] 866fb9e8-be91-43f0-8546-a59351d26644: does not qualify; 1.3 s; peak memory 12710 MiB.
2026-10-07T05:02:18Z INFO [3085/3795] 866fc8dc-86e6-48de-90de-abc3960f5470: does not qualify; 7.8 s; peak memory 12710 MiB.
2026-10-07T05:02:24Z INFO [3086/3795] 866fe575-7cfe-494b-af26-d4aa32d6926d: does not qualify; 6.3 s; peak memory 12710 MiB.
2026-10-07T05:02:26Z INFO [3087/3795] 86715b42-fe1e-49e7-a811-d08758aa2d55: does not qualify; 2.1 s; peak memory 12710 MiB.
2026-10-07T05:02:28Z INFO [3088/3795] 8671871a-c3a1-4dbf-8ffb-9e9a2c586867: does not qualify; 1.5 s; peak memory 12710 MiB.
2026-10-07T05:02:29Z INFO [3089/3795] 8671d6fc-7b4c-4356-be3d-d84940f2d2af: does not qualify; 1.0 s; peak memory 12710 MiB.
2026-10-07T05:02:30Z INFO [3090/3795] 8673a389-bce3-4175-81e0-4347c40175a7: does not qualify; 1.3 s; peak memory 12710 MiB.
2026-10-07T05:02:32Z INFO [3091/3795] 86749eb8-33fe-4bf3-beb2-3383d813372e: does not qualify; 1.8 s; peak memory 12710 MiB.
2026-10-07T05:02:33Z INFO [3092/3795] 8674d9b4-3ffd-40c8-ad2c-a3a68c719b71: does not qualify; 1.5 s; peak memory 12710 MiB.
2026-10-07T05:02:35Z INFO [3093/3795] 8675099e-420c-48cb-911a-39ff22df92b0: does not qualify; 2.0 s; peak memory 12710 MiB.
2026-10-07T05:02:37Z INFO [3094/3795] 86751dee-2bd3-4f76-8da1-2b08ee6c01c1: does not qualify; 1.5 s; peak memory 12710 MiB.
2026-10-07T05:02:51Z INFO [3095/3795] 86761986-8342-4cca-bd85-d53fc781cf0d: does not qualify; 14.7 s; peak memory 12710 MiB.
2026-10-07T05:02:53Z INFO [3096/3795] 86777e30-9b97-4fb9-807c-966ede8fa054: does not qualify; 1.3 s; peak memory 12710 MiB.
2026-10-07T05:03:01Z INFO [3097/3795] 867789b3-30ae-4dad-a83b-15a308753ffd: does not qualify; 7.7 s; peak memory 12710 MiB.
2026-10-07T05:03:06Z INFO [3098/3795] 86778ed6-af1d-4c3e-aae6-f435b376f13a: does not qualify; 5.7 s; peak memory 12710 MiB.
2026-10-07T05:03:08Z INFO [3099/3795] 8678bed7-812e-43bb-9235-011c268c968d: does not qualify; 2.1 s; peak memory 12710 MiB.
2026-10-07T05:03:10Z INFO [3100/3795] 867906fe-620c-4856-84cd-b1b5d4235f30: does not qualify; 1.3 s; peak memory 12710 MiB.
2026-10-07T05:03:10Z INFO [3100/3795] 867906fe-620c-4856-84cd-b1b5d4235f30: checkpointed 93219 records.
2026-10-07T05:03:18Z INFO [3101/3795] 86791e4c-fcc6-4111-8e34-90b68070f835: does not qualify; 8.1 s; peak memory 12710 MiB.
2026-10-07T05:03:20Z INFO [3102/3795] 867975af-531e-4439-8f46-44e4cdd63f05: does not qualify; 1.7 s; peak memory 12710 MiB.
2026-10-07T05:03:21Z INFO [3103/3795] 8679e38e-8076-4980-9914-1213f09a0691: does not qualify; 1.5 s; peak memory 12710 MiB.
2026-10-07T05:03:22Z INFO [3104/3795] 867a929a-d760-475d-8f8f-c0893b64bf82: does not qualify; 1.3 s; peak memory 12710 MiB.
2026-10-07T05:03:24Z INFO [3105/3795] 867aba74-c65d-4c44-8e73-86190952bf2e: does not qualify; 1.7 s; peak memory 12710 MiB.
2026-10-07T05:03:26Z INFO [3106/3795] 867d0b03-0025-4933-a99d-b0f6573a0f6a: does not qualify; 2.5 s; peak memory 12710 MiB.
2026-10-07T05:03:38Z INFO [3107/3795] 867d2366-a215-4616-986e-19abaa81930a: does not qualify; 11.9 s; peak memory 12710 MiB.
2026-10-07T05:03:40Z INFO [3108/3795] 867d4ed7-99ae-4cb2-92c4-0dfcfdf91979: does not qualify; 1.4 s; peak memory 12710 MiB.
2026-10-07T05:03:41Z INFO [3109/3795] 867fb82b-bff5-4354-a6f3-1a932c193889: does not qualify; 1.3 s; peak memory 12710 MiB.
2026-10-07T05:03:43Z INFO [3110/3795] 86803157-6343-4ed3-82b5-e06ad43ed040: does not qualify; 1.8 s; peak memory 12710 MiB.
2026-10-07T05:03:44Z INFO [3111/3795] 8680d718-10aa-468f-98b2-45b48117b1a9: does not qualify; 1.6 s; peak memory 12710 MiB.
2026-10-07T05:03:46Z INFO [3112/3795] 8680ea08-11c3-43ef-94af-dba5186ca0ce: does not qualify; 1.7 s; peak memory 12710 MiB.
2026-10-07T05:03:47Z INFO [3113/3795] 8682faef-5f77-4e8d-a907-b39911658246: does not qualify; 1.2 s; peak memory 12710 MiB.
2026-10-07T05:03:49Z INFO [3114/3795] 86836114-d545-4275-a678-68fa6785186a: does not qualify; 1.6 s; peak memory 12710 MiB.
2026-10-07T05:03:51Z INFO [3115/3795] 86842aa2-1c63-4185-8396-60fdd34fea2f: does not qualify; 2.1 s; peak memory 12710 MiB.
2026-10-07T05:03:53Z INFO [3116/3795] 8684682b-85d3-44b7-8db6-7593e2292884: does not qualify; 1.7 s; peak memory 12710 MiB.
2026-10-07T05:03:55Z INFO [3117/3795] 86850b68-35d3-4188-8c59-d980e0c39fd4: does not qualify; 1.9 s; peak memory 12710 MiB.
2026-10-07T05:03:57Z INFO [3118/3795] 86851ecc-7703-4eb4-9465-93cca69cdcc7: qualifies; 2.3 s; peak memory 12710 MiB.
2026-10-07T05:03:58Z INFO [3119/3795] 86859769-89ff-4ff4-9576-bbe4c3b77872: does not qualify; 1.4 s; peak memory 12710 MiB.
2026-10-07T05:04:01Z INFO [3120/3795] 8685bdf0-160d-4ad0-ad4e-119ca62bf9d9: does not qualify; 2.6 s; peak memory 12710 MiB.
2026-10-07T05:04:02Z INFO [3121/3795] 8685ca55-be69-4715-92a6-32268ed42885: does not qualify; 1.3 s; peak memory 12710 MiB.
2026-10-07T05:04:10Z INFO [3122/3795] 8685edb4-5664-47d0-bec7-fc6a49f1be6a: does not qualify; 7.3 s; peak memory 12710 MiB.
2026-10-07T05:04:11Z INFO [3123/3795] 868660c8-b8bf-4307-8e31-d7bb5c6fcc28: does not qualify; 1.6 s; peak memory 12710 MiB.
2026-10-07T05:04:15Z INFO [3124/3795] 86873e50-1c34-4b8f-a05f-664fd1f15aef: does not qualify; 3.7 s; peak memory 12710 MiB.
2026-10-07T05:04:16Z INFO [3125/3795] 8687463b-55b1-49a3-ac22-41ea2b30937c: does not qualify; 1.0 s; peak memory 12710 MiB.
2026-10-07T05:04:18Z INFO [3126/3795] 8687cc3a-1708-4997-bfd4-7cb99c0205ca: does not qualify; 2.0 s; peak memory 12710 MiB.
2026-10-07T05:04:26Z INFO [3127/3795] 86882817-d37d-4593-b2fd-b44ee4dff7e2: does not qualify; 7.8 s; peak memory 12710 MiB.
2026-10-07T05:04:34Z INFO [3128/3795] 868899e1-68db-4b74-962b-147e13c440a2: does not qualify; 8.3 s; peak memory 12710 MiB.
2026-10-07T05:04:35Z INFO [3129/3795] 86897472-7de0-4f69-acba-bae3a7d95d34: does not qualify; 1.4 s; peak memory 12710 MiB.
2026-10-07T05:04:37Z INFO [3130/3795] 86898bec-d618-4143-9829-5f4962e59bb9: does not qualify; 1.9 s; peak memory 12710 MiB.
2026-10-07T05:04:39Z INFO [3131/3795] 86898fc7-892f-44e3-a380-b4c864408a9a: does not qualify; 1.7 s; peak memory 12710 MiB.
2026-10-07T05:04:40Z INFO [3132/3795] 8689eade-7447-486c-bba0-8ced120cf39e: does not qualify; 0.9 s; peak memory 12710 MiB.
2026-10-07T05:04:41Z INFO [3133/3795] 868bf8fe-3216-4d45-bbff-9d0cbe2f4104: does not qualify; 1.2 s; peak memory 12710 MiB.
2026-10-07T05:04:45Z INFO [3134/3795] 868c1b2b-bbd9-4f70-b326-c448471e138e: does not qualify; 3.9 s; peak memory 12710 MiB.
2026-10-07T05:04:47Z INFO [3135/3795] 868c8fc9-92b6-41b6-ad61-73f0c3f09a80: does not qualify; 1.7 s; peak memory 12710 MiB.
2026-10-07T05:04:48Z INFO [3136/3795] 868d6e15-bf6e-4f35-a1b9-da54f1b0d65c: does not qualify; 1.4 s; peak memory 12710 MiB.
2026-10-07T05:04:50Z INFO [3137/3795] 868dfdca-6e76-4ee3-bb64-82270857b8c2: does not qualify; 1.5 s; peak memory 12710 MiB.
2026-10-07T05:04:51Z INFO [3138/3795] 868f1bfa-b6a4-4597-a713-e09d9aa6d1f1: does not qualify; 1.5 s; peak memory 12710 MiB.
2026-10-07T05:04:52Z INFO [3139/3795] 868f5b5d-f763-4210-b8b8-c52340a8bf07: does not qualify; 1.3 s; peak memory 12710 MiB.
2026-10-07T05:04:55Z INFO [3140/3795] 868f5ba4-2a81-443a-8808-9d9e22316b80: does not qualify; 2.4 s; peak memory 12710 MiB.
2026-10-07T05:05:01Z INFO [3141/3795] 868f666b-fc3c-4300-9301-12def7909d9f: does not qualify; 6.0 s; peak memory 12710 MiB.
2026-10-07T05:05:02Z INFO [3142/3795] 869070b9-b299-4a99-a8b4-a715ca334792: does not qualify; 1.2 s; peak memory 12710 MiB.
2026-10-07T05:05:04Z INFO [3143/3795] 8690baaa-c3a8-4715-93d6-b0d2fe5ad93d: does not qualify; 2.1 s; peak memory 12710 MiB.
2026-10-07T05:05:06Z INFO [3144/3795] 8691bb7b-8a7f-4460-bcbd-3227a18efd48: does not qualify; 1.5 s; peak memory 12710 MiB.
2026-10-07T05:05:07Z INFO [3145/3795] 8693a38a-7cc7-49bd-8e21-e6758c6abbbd: does not qualify; 1.7 s; peak memory 12710 MiB.
2026-10-07T05:05:11Z INFO [3146/3795] 86940cd2-12ae-4ea6-9faa-4a93b3b271f6: does not qualify; 3.8 s; peak memory 12710 MiB.
2026-10-07T05:05:13Z INFO [3147/3795] 86949030-4be7-4697-9d9f-5287a177d1b0: does not qualify; 2.4 s; peak memory 12710 MiB.
2026-10-07T05:05:15Z INFO [3148/3795] 86949065-14f9-45e1-8ab5-8e38c4ceb2a7: does not qualify; 1.9 s; peak memory 12710 MiB.
2026-10-07T05:05:17Z INFO [3149/3795] 8694daa3-9185-4ed3-9d2f-a53775a97b7f: does not qualify; 1.4 s; peak memory 12710 MiB.
2026-10-07T05:05:18Z INFO [3150/3795] 86957669-bd38-4d0e-8c1f-210fdf7854cd: does not qualify; 1.3 s; peak memory 12710 MiB.
2026-10-07T05:05:18Z INFO [3150/3795] 86957669-bd38-4d0e-8c1f-210fdf7854cd: checkpointed 93269 records.
2026-10-07T05:05:19Z INFO [3151/3795] 8695bf0c-7644-408d-9ca2-779f0ea750b0: does not qualify; 1.3 s; peak memory 12710 MiB.
2026-10-07T05:05:21Z INFO [3152/3795] 8695e374-2ecb-45da-8e3c-ab7043bda460: does not qualify; 1.7 s; peak memory 12710 MiB.
2026-10-07T05:05:24Z INFO [3153/3795] 8695f85e-e220-47d5-a3ce-3ce8c2ab4b5c: does not qualify; 2.8 s; peak memory 12710 MiB.
2026-10-07T05:05:25Z INFO [3154/3795] 86963a2e-6665-4e89-9621-092c730a4e48: does not qualify; 1.4 s; peak memory 12710 MiB.
2026-10-07T05:05:26Z INFO [3155/3795] 869681e0-c4e4-4153-8ce0-24092999d827: does not qualify; 1.1 s; peak memory 12710 MiB.
2026-10-07T05:05:28Z INFO [3156/3795] 8696b92f-604b-42fc-a25f-186614d33c06: does not qualify; 1.7 s; peak memory 12710 MiB.
2026-10-07T05:05:29Z INFO [3157/3795] 86974ddf-e319-4959-93b8-3873c2f61eff: does not qualify; 1.0 s; peak memory 12710 MiB.
2026-10-07T05:05:30Z INFO [3158/3795] 86983615-db6a-4696-bd6d-53de744ecac3: does not qualify; 1.3 s; peak memory 12710 MiB.
2026-10-07T05:05:32Z INFO [3159/3795] 8698bc6d-f974-4be6-ab1e-50c9564f1249: does not qualify; 1.7 s; peak memory 12710 MiB.
2026-10-07T05:05:39Z INFO [3160/3795] 8699b431-5623-45a4-8232-ded3d9a22beb: does not qualify; 6.7 s; peak memory 12710 MiB.
2026-10-07T05:05:40Z INFO [3161/3795] 869b0f56-2869-4b0c-be2f-80f7eb79c3f6: does not qualify; 1.5 s; peak memory 12710 MiB.
2026-10-07T05:05:41Z INFO [3162/3795] 869b77de-2c33-4bf5-bc00-3410c5884382: does not qualify; 1.0 s; peak memory 12710 MiB.
2026-10-07T05:05:43Z INFO [3163/3795] 869b80ca-e2ba-4133-88fe-8229155fdb54: does not qualify; 1.4 s; peak memory 12710 MiB.
2026-10-07T05:05:45Z INFO [3164/3795] 869c3324-101f-49d6-a8be-84d8003589c2: does not qualify; 2.2 s; peak memory 12710 MiB.
2026-10-07T05:05:46Z INFO [3165/3795] 869caa56-6ddd-489d-95b4-b957e6d37fa6: does not qualify; 1.3 s; peak memory 12710 MiB.
2026-10-07T05:05:51Z INFO [3166/3795] 869d4d7d-64c9-40a7-89a9-457b264c3d36: does not qualify; 4.6 s; peak memory 12710 MiB.
2026-10-07T05:05:52Z INFO [3167/3795] 869f0fb8-ed73-4166-9aa2-54b9a94d183f: does not qualify; 1.3 s; peak memory 12710 MiB.
2026-10-07T05:05:53Z INFO [3168/3795] 869f380d-cdd1-4894-86cf-cfaa7300a305: does not qualify; 1.2 s; peak memory 12710 MiB.
2026-10-07T05:05:55Z INFO [3169/3795] 869f9d8f-f889-49f6-afb9-d402bf8adc49: does not qualify; 2.3 s; peak memory 12710 MiB.
2026-10-07T05:05:57Z INFO [3170/3795] 869fecd5-0d5c-4e8f-aa78-040674950068: does not qualify; 1.5 s; peak memory 12710 MiB.
2026-10-07T05:05:58Z INFO [3171/3795] 86a0f45d-5cad-4710-9dbb-c6f370be2725: does not qualify; 1.3 s; peak memory 12710 MiB.
2026-10-07T05:06:00Z INFO [3172/3795] 86a0f7c1-d0af-4001-9c9f-7cac579ff52d: does not qualify; 1.5 s; peak memory 12710 MiB.
2026-10-07T05:06:01Z INFO [3173/3795] 86a148e1-2541-4a95-8b0f-c4cafc781d3c: does not qualify; 1.3 s; peak memory 12710 MiB.
2026-10-07T05:06:03Z INFO [3174/3795] 86a37622-a51b-4592-b671-5563f13b9817: does not qualify; 1.7 s; peak memory 12710 MiB.
2026-10-07T05:06:10Z INFO [3175/3795] 86a432f2-9608-4b54-b70b-4bb2531621a2: does not qualify; 7.1 s; peak memory 12710 MiB.
2026-10-07T05:06:33Z INFO [3176/3795] 86a59964-178c-4571-8906-836a2bf48e6a: does not qualify; 23.2 s; peak memory 12710 MiB.
2026-10-07T05:06:34Z INFO [3177/3795] 86a607e7-850c-4a30-bfde-496e96a104a6: does not qualify; 1.3 s; peak memory 12710 MiB.
2026-10-07T05:06:36Z INFO [3178/3795] 86a62174-b01c-4e91-8694-3af14aaf0abf: does not qualify; 1.3 s; peak memory 12710 MiB.
2026-10-07T05:06:37Z INFO [3179/3795] 86a62ad3-bfa4-495f-861c-6b25562c1f25: does not qualify; 1.7 s; peak memory 12710 MiB.
2026-10-07T05:06:39Z INFO [3180/3795] 86a73293-69c3-4f05-ad09-f6547f886ca3: does not qualify; 1.3 s; peak memory 12710 MiB.
2026-10-07T05:06:40Z INFO [3181/3795] 86a76f2b-805f-4d46-928e-129843b02663: does not qualify; 1.8 s; peak memory 12710 MiB.
2026-10-07T05:06:42Z INFO [3182/3795] 86a77f32-cb80-4e03-bb51-23e77d002691: does not qualify; 1.5 s; peak memory 12710 MiB.
2026-10-07T05:06:45Z INFO [3183/3795] 86a835f2-420a-4021-b726-dd58e0b8c8e7: does not qualify; 3.5 s; peak memory 12710 MiB.
2026-10-07T05:06:48Z INFO [3184/3795] 86a8aa14-6ebf-4f64-8cbe-0abec5d06b96: does not qualify; 2.8 s; peak memory 12710 MiB.
2026-10-07T05:06:50Z INFO [3185/3795] 86a8b813-da69-4659-9c99-36088b852cd4: does not qualify; 1.6 s; peak memory 12710 MiB.
2026-10-07T05:06:52Z INFO [3186/3795] 86ab61c3-2a31-4396-8ed0-58c2cef40a1e: does not qualify; 1.8 s; peak memory 12710 MiB.
2026-10-07T05:06:53Z INFO [3187/3795] 86ab9a7a-ac03-4bfa-9463-8c43bce4656a: does not qualify; 1.5 s; peak memory 12710 MiB.
2026-10-07T05:06:55Z INFO [3188/3795] 86ac7b96-c14d-4ba0-bd88-c4cc77f0967b: does not qualify; 1.9 s; peak memory 12710 MiB.
2026-10-07T05:06:58Z INFO [3189/3795] 86ad1e69-4cb6-4917-aa51-b35d76a24743: does not qualify; 3.4 s; peak memory 12710 MiB.
2026-10-07T05:07:00Z INFO [3190/3795] 86ad555c-44db-47a8-bbc9-420a4b89e723: does not qualify; 2.1 s; peak memory 12710 MiB.
2026-10-07T05:07:03Z INFO [3191/3795] 86ad9930-f183-4f6c-85cc-ec7ef72c7fad: does not qualify; 2.6 s; peak memory 12710 MiB.
2026-10-07T05:07:10Z INFO [3192/3795] 86aebfc3-b21b-44d3-a601-4d8169b818d9: does not qualify; 6.7 s; peak memory 12710 MiB.
2026-10-07T05:07:11Z INFO [3193/3795] 86af7bf6-4a35-458f-bfe5-648e67787e63: does not qualify; 1.5 s; peak memory 12710 MiB.
2026-10-07T05:07:13Z INFO [3194/3795] 86afb860-a720-4484-90c6-da5fa76230af: does not qualify; 1.4 s; peak memory 12710 MiB.
2026-10-07T05:07:14Z INFO [3195/3795] 86afebcc-3f17-4b7c-83d1-ed4af9c182b4: does not qualify; 1.6 s; peak memory 12710 MiB.
2026-10-07T05:07:16Z INFO [3196/3795] 86b01709-d454-488f-a07d-49168c684ed8: does not qualify; 1.9 s; peak memory 12710 MiB.
2026-10-07T05:07:17Z INFO [3197/3795] 86b0c8ae-7836-493c-a17c-2ff6707f7c74: does not qualify; 1.3 s; peak memory 12710 MiB.
2026-10-07T05:07:21Z INFO [3198/3795] 86b181b4-2628-4604-b2a8-dd902244d457: does not qualify; 3.6 s; peak memory 12710 MiB.
2026-10-07T05:07:26Z INFO [3199/3795] 86b21508-8090-4b4a-a09e-2ef91ee34e1c: does not qualify; 5.0 s; peak memory 12710 MiB.
2026-10-07T05:07:29Z INFO [3200/3795] 86b28d41-a3c4-4822-b3cf-53b2288f3968: does not qualify; 2.4 s; peak memory 12710 MiB.
2026-10-07T05:07:29Z INFO [3200/3795] 86b28d41-a3c4-4822-b3cf-53b2288f3968: checkpointed 93319 records.
2026-10-07T05:07:32Z INFO [3201/3795] 86b2def2-b986-4e6b-91a0-c37d674e303a: does not qualify; 3.8 s; peak memory 12710 MiB.
2026-10-07T05:07:33Z INFO [3202/3795] 86b2df74-43a2-4f9b-bc0d-657d2a180328: does not qualify; 0.9 s; peak memory 12710 MiB.
2026-10-07T05:07:35Z INFO [3203/3795] 86b392d4-b117-4f6b-8bce-1d53f7b5ff31: does not qualify; 1.8 s; peak memory 12710 MiB.
2026-10-07T05:07:37Z INFO [3204/3795] 86b3c09b-001d-4e98-8467-6e9b80877961: does not qualify; 1.3 s; peak memory 12710 MiB.
2026-10-07T05:07:38Z INFO [3205/3795] 86b471bd-c7d3-4282-9e36-9118a53c14ab: does not qualify; 1.3 s; peak memory 12710 MiB.
2026-10-07T05:07:40Z INFO [3206/3795] 86b486f5-7a02-49e4-8c8e-e916708b9c13: does not qualify; 2.6 s; peak memory 12710 MiB.
2026-10-07T05:07:42Z INFO [3207/3795] 86b49eb7-1425-46ed-b153-8caee4b00388: does not qualify; 1.7 s; peak memory 12710 MiB.
2026-10-07T05:07:43Z INFO [3208/3795] 86b4a151-3c17-44b8-b67f-eac68d8f9acc: does not qualify; 1.0 s; peak memory 12710 MiB.
2026-10-07T05:07:45Z INFO [3209/3795] 86b4ae08-9a51-4d7e-b5f3-66dee906b840: does not qualify; 1.5 s; peak memory 12710 MiB.
2026-10-07T05:07:48Z INFO [3210/3795] 86b4ef0f-70bb-4172-9ab3-23019aca1dc1: does not qualify; 3.7 s; peak memory 12710 MiB.
2026-10-07T05:07:49Z INFO [3211/3795] 86b6325e-1186-4bb6-9a9d-77fca1dd5f93: does not qualify; 1.1 s; peak memory 12710 MiB.
2026-10-07T05:07:52Z INFO [3212/3795] 86b67837-3da2-4a6c-9ad9-19e274a6746a: does not qualify; 2.1 s; peak memory 12710 MiB.
2026-10-07T05:07:55Z INFO [3213/3795] 86b68274-a520-4743-b44e-47cc26b4160a: does not qualify; 3.0 s; peak memory 12710 MiB.
2026-10-07T05:07:57Z INFO [3214/3795] 86b699e0-4651-4bab-94ec-e0ac5a09ba63: does not qualify; 2.1 s; peak memory 12710 MiB.
2026-10-07T05:08:05Z INFO [3215/3795] 86b7f4cb-68cf-4dd7-944b-552c55a43cdf: does not qualify; 8.0 s; peak memory 12710 MiB.
2026-10-07T05:08:07Z INFO [3216/3795] 86b86266-bad6-4354-8c31-90c878a23472: does not qualify; 2.4 s; peak memory 12710 MiB.
2026-10-07T05:08:09Z INFO [3217/3795] 86b90af3-48c1-4a40-8bda-096fb3ec53a3: does not qualify; 1.6 s; peak memory 12710 MiB.
2026-10-07T05:08:20Z INFO [3218/3795] 86b961da-2871-4982-acd2-df96cbc6f7e8: does not qualify; 11.2 s; peak memory 12710 MiB.
2026-10-07T05:08:24Z INFO [3219/3795] 86babd10-d0c3-42b5-ac04-22801aa7be83: does not qualify; 4.3 s; peak memory 12710 MiB.
2026-10-07T05:08:27Z INFO [3220/3795] 86bc0a63-a1d1-4628-a420-29da467fdd40: does not qualify; 2.7 s; peak memory 12710 MiB.
2026-10-07T05:08:35Z INFO [3221/3795] 86bc138f-dda5-46e0-847a-ed0aa37305f9: does not qualify; 8.3 s; peak memory 12710 MiB.
2026-10-07T05:08:37Z INFO [3222/3795] 86bc15d9-b09a-4667-89cf-b2f2aa60ca13: does not qualify; 1.3 s; peak memory 12710 MiB.
2026-10-07T05:08:38Z INFO [3223/3795] 86bc7df0-4f35-4f0b-bc93-98536c207526: does not qualify; 1.7 s; peak memory 12710 MiB.
2026-10-07T05:08:40Z INFO [3224/3795] 86bdab6d-278a-4bfe-ac44-e54c25d51267: does not qualify; 1.7 s; peak memory 12710 MiB.
2026-10-07T05:08:41Z INFO [3225/3795] 86bdc042-35b4-4222-a518-b3318950040c: does not qualify; 1.5 s; peak memory 12710 MiB.
2026-10-07T05:08:43Z INFO [3226/3795] 86bdf017-11ff-4992-b39b-8fb0482bcf17: does not qualify; 1.2 s; peak memory 12710 MiB.
2026-10-07T05:08:44Z INFO [3227/3795] 86be1008-b283-455e-beeb-c1223f01a2eb: does not qualify; 1.3 s; peak memory 12710 MiB.
2026-10-07T05:08:46Z INFO [3228/3795] 86be191a-ef4e-40ec-bd67-009962f2e907: does not qualify; 1.7 s; peak memory 12710 MiB.
2026-10-07T05:08:48Z INFO [3229/3795] 86bf0383-e6b7-4d6c-8d9f-69d855623a2c: does not qualify; 2.0 s; peak memory 12710 MiB.
2026-10-07T05:08:50Z INFO [3230/3795] 86bf5bfa-8b01-4101-8cb3-f2468769315f: does not qualify; 2.7 s; peak memory 12710 MiB.
2026-10-07T05:08:52Z INFO [3231/3795] 86c04438-6e72-4f50-afd2-02e826691319: does not qualify; 1.5 s; peak memory 12710 MiB.
2026-10-07T05:08:53Z INFO [3232/3795] 86c0c380-2d07-4e19-a9bb-a0dd3bdd0b22: does not qualify; 1.3 s; peak memory 12710 MiB.
2026-10-07T05:08:54Z INFO [3233/3795] 86c1946d-92d8-4ca4-a625-a1b0c285d8d9: does not qualify; 1.3 s; peak memory 12710 MiB.
2026-10-07T05:08:57Z INFO [3234/3795] 86c21a26-589e-4ef7-975f-f0d736824e08: does not qualify; 2.6 s; peak memory 12710 MiB.
2026-10-07T05:08:59Z INFO [3235/3795] 86c2cd8a-2feb-4003-9a00-b1b7f3e6e079: does not qualify; 1.7 s; peak memory 12710 MiB.
2026-10-07T05:09:00Z INFO [3236/3795] 86c38304-aa73-4f08-97d0-e13c237393ea: does not qualify; 1.3 s; peak memory 12710 MiB.
2026-10-07T05:09:02Z INFO [3237/3795] 86c39424-b9ad-4378-8f50-5b860f04df1c: does not qualify; 2.1 s; peak memory 12710 MiB.
2026-10-07T05:09:09Z INFO [3238/3795] 86c3bb8b-9010-4b91-87bb-a7ce7236c668: does not qualify; 7.0 s; peak memory 12710 MiB.
2026-10-07T05:09:11Z INFO [3239/3795] 86c3c136-bf88-4aad-a4d2-3e0f06679288: does not qualify; 1.7 s; peak memory 12710 MiB.
2026-10-07T05:09:12Z INFO [3240/3795] 86c42ce9-2cab-40d0-ac2e-5092509d2c02: does not qualify; 1.3 s; peak memory 12710 MiB.
2026-10-07T05:09:15Z INFO [3241/3795] 86c4c92f-2940-465c-8b4e-d9bacd1aace8: does not qualify; 3.2 s; peak memory 12710 MiB.
2026-10-07T05:09:17Z INFO [3242/3795] 86c596bd-3ebf-416d-b6fa-7ad8e910c548: does not qualify; 2.0 s; peak memory 12710 MiB.
2026-10-07T05:09:32Z INFO [3243/3795] 86c5e373-3b84-453a-8433-65d15cd18a14: does not qualify; 14.8 s; peak memory 12710 MiB.
2026-10-07T05:09:42Z INFO [3244/3795] 86c70fd9-0d1e-45a6-afbb-ff8add1a5276: does not qualify; 9.7 s; peak memory 12710 MiB.
2026-10-07T05:09:43Z INFO [3245/3795] 86c7d4ef-7336-456d-ae0c-5fe31c1efff8: does not qualify; 1.5 s; peak memory 12710 MiB.
2026-10-07T05:09:45Z INFO [3246/3795] 86c862e8-9601-4661-aca8-e2e6e83813e9: does not qualify; 1.4 s; peak memory 12710 MiB.
2026-10-07T05:09:47Z INFO [3247/3795] 86c8bc56-6bb2-44e4-8b86-bae937406cdf: does not qualify; 1.8 s; peak memory 12710 MiB.
2026-10-07T05:09:49Z INFO [3248/3795] 86c9ee24-05ae-40e6-8375-38745c4108db: does not qualify; 2.2 s; peak memory 12710 MiB.
2026-10-07T05:10:01Z INFO [3249/3795] 86cc70be-d594-434d-bf83-124c5744d6aa: does not qualify; 12.3 s; peak memory 12710 MiB.
2026-10-07T05:10:09Z INFO [3250/3795] 86cc726f-fa6a-408f-a7cd-57f6a4ea6474: does not qualify; 8.1 s; peak memory 12710 MiB.
2026-10-07T05:10:09Z INFO [3250/3795] 86cc726f-fa6a-408f-a7cd-57f6a4ea6474: checkpointed 93369 records.
2026-10-07T05:10:13Z INFO [3251/3795] 86cce842-5399-4d04-b19a-55ddc35b7c12: does not qualify; 3.2 s; peak memory 12710 MiB.
2026-10-07T05:10:14Z INFO [3252/3795] 86cd2606-6d17-4c5c-ab30-48ff463c98c8: does not qualify; 1.2 s; peak memory 12710 MiB.
2026-10-07T05:10:15Z INFO [3253/3795] 86cd5166-7c4b-4d92-823f-86093fd1cd02: does not qualify; 1.5 s; peak memory 12710 MiB.
2026-10-07T05:10:24Z INFO [3254/3795] 86ce6205-2191-42a4-abfc-7d1f7434a105: does not qualify; 8.6 s; peak memory 12710 MiB.
2026-10-07T05:10:27Z INFO [3255/3795] 86ce96f3-1490-4444-8237-d189a547fb41: does not qualify; 3.4 s; peak memory 12710 MiB.
2026-10-07T05:10:35Z INFO [3256/3795] 86ceccc6-95f6-4aa8-a315-ca9afb0fefc3: does not qualify; 7.7 s; peak memory 12710 MiB.
2026-10-07T05:10:37Z INFO [3257/3795] 86cf6f24-dca7-452c-b0cc-1b6be69fd1c5: does not qualify; 1.7 s; peak memory 12710 MiB.
2026-10-07T05:10:39Z INFO [3258/3795] 86d04bc3-6b69-4527-91c0-3cc35046f8b3: does not qualify; 2.1 s; peak memory 12710 MiB.
2026-10-07T05:10:41Z INFO [3259/3795] 86d0704f-36ae-42c7-a629-c081eb62ccd6: does not qualify; 2.5 s; peak memory 12710 MiB.
2026-10-07T05:10:44Z INFO [3260/3795] 86d1d771-33ed-4c59-81a2-fa48b8cbe540: does not qualify; 2.4 s; peak memory 12710 MiB.
2026-10-07T05:10:45Z INFO [3261/3795] 86d2940d-0ce9-42a8-b528-245702ecfe57: does not qualify; 1.6 s; peak memory 12710 MiB.
2026-10-07T05:10:47Z INFO [3262/3795] 86d2a308-8b68-4d89-8e98-87ce228ccc38: does not qualify; 1.9 s; peak memory 12710 MiB.
2026-10-07T05:10:48Z INFO [3263/3795] 86d2c1f1-94ff-4619-83ea-31fa9351b091: does not qualify; 1.5 s; peak memory 12710 MiB.
2026-10-07T05:10:50Z INFO [3264/3795] 86d39b58-4d56-49e1-ab93-49a7028a98f6: does not qualify; 1.6 s; peak memory 12710 MiB.
2026-10-07T05:10:58Z INFO [3265/3795] 86d3ea63-a2e0-410f-bfb8-f5cc017ef244: does not qualify; 8.2 s; peak memory 12710 MiB.
2026-10-07T05:11:26Z INFO [3266/3795] 86d41604-5bd8-4860-8bc9-cf15253e5dca: does not qualify; 27.6 s; peak memory 12710 MiB.
2026-10-07T05:11:27Z INFO [3267/3795] 86d4275b-acba-46da-8a59-f5e506bc114d: does not qualify; 1.3 s; peak memory 12710 MiB.
2026-10-07T05:11:28Z INFO [3268/3795] 86d5118d-1e3d-4e80-857d-df24aeee7bd8: does not qualify; 1.2 s; peak memory 12710 MiB.
2026-10-07T05:11:30Z INFO [3269/3795] 86d59f57-056c-4e57-85cc-c0301953b6cf: does not qualify; 1.7 s; peak memory 12710 MiB.
2026-10-07T05:11:31Z INFO [3270/3795] 86d5bfba-e221-40a5-acda-e4d9b97f4653: does not qualify; 1.3 s; peak memory 12710 MiB.
2026-10-07T05:11:42Z INFO [3271/3795] 86d686f2-7108-4f68-b5a1-c1f04b0bc266: does not qualify; 10.4 s; peak memory 12710 MiB.
2026-10-07T05:11:44Z INFO [3272/3795] 86d6bf09-0482-483d-a0d6-d3f6983daf67: does not qualify; 2.2 s; peak memory 12710 MiB.
2026-10-07T05:11:46Z INFO [3273/3795] 86d7b3bd-c667-4d3d-bb51-804051517bf3: does not qualify; 1.5 s; peak memory 12710 MiB.
2026-10-07T05:11:47Z INFO [3274/3795] 86d7d258-aabc-473a-937a-924c84eabee5: does not qualify; 1.6 s; peak memory 12710 MiB.
2026-10-07T05:11:49Z INFO [3275/3795] 86d83f18-c4a5-44a0-b3fe-20829359b6bb: does not qualify; 1.5 s; peak memory 12710 MiB.
2026-10-07T05:11:50Z INFO [3276/3795] 86d8e1bc-1336-46c4-bc57-0ee870c62be3: does not qualify; 1.1 s; peak memory 12710 MiB.
2026-10-07T05:11:52Z INFO [3277/3795] 86d93485-f6d6-4eef-86a2-90c301e0d540: does not qualify; 1.9 s; peak memory 12710 MiB.
2026-10-07T05:11:53Z INFO [3278/3795] 86d9669f-dd76-41eb-8691-447ca5409573: does not qualify; 1.1 s; peak memory 12710 MiB.
2026-10-07T05:11:54Z INFO [3279/3795] 86d9c077-4b5f-4709-850d-512e928cb98f: does not qualify; 1.4 s; peak memory 12710 MiB.
2026-10-07T05:11:57Z INFO [3280/3795] 86db9845-8ee3-4e5d-889d-655b4e1d9846: does not qualify; 2.8 s; peak memory 12710 MiB.
2026-10-07T05:11:59Z INFO [3281/3795] 86db9e63-51f3-4245-a5bd-fb300cd4bd82: does not qualify; 2.1 s; peak memory 12710 MiB.
2026-10-07T05:12:01Z INFO [3282/3795] 86dba063-8f16-4af3-aea1-5c7dbf575f69: does not qualify; 1.6 s; peak memory 12710 MiB.
2026-10-07T05:12:03Z INFO [3283/3795] 86dbb4fe-0052-4a00-a4c6-48365465bd06: does not qualify; 2.4 s; peak memory 12710 MiB.
2026-10-07T05:12:05Z INFO [3284/3795] 86dbf004-2721-4c1c-8779-c313634019ed: does not qualify; 1.9 s; peak memory 12710 MiB.
2026-10-07T05:12:06Z INFO [3285/3795] 86dcb3c5-1070-442f-b8ea-46c591f063cb: does not qualify; 1.0 s; peak memory 12710 MiB.
2026-10-07T05:12:09Z INFO [3286/3795] 86dd12f7-032d-46c2-aeab-989aa75e5768: does not qualify; 3.0 s; peak memory 12710 MiB.
2026-10-07T05:12:11Z INFO [3287/3795] 86de2ef6-10f5-4590-a81b-c78c3e589a10: does not qualify; 1.6 s; peak memory 12710 MiB.
2026-10-07T05:12:12Z INFO [3288/3795] 86dee664-fef0-4937-b38e-3f90d198b689: does not qualify; 1.5 s; peak memory 12710 MiB.
2026-10-07T05:12:13Z INFO [3289/3795] 86df493a-a53f-4d7d-b420-17220ce2c685: does not qualify; 1.3 s; peak memory 12710 MiB.
2026-10-07T05:12:21Z INFO [3290/3795] 86e1c76f-6987-44fa-9622-9b929ec3408c: does not qualify; 7.9 s; peak memory 12710 MiB.
2026-10-07T05:12:23Z INFO [3291/3795] 86e275dc-2f6d-4731-9e4d-7882b8eb1f69: does not qualify; 1.4 s; peak memory 12710 MiB.
2026-10-07T05:12:25Z INFO [3292/3795] 86e3b5c6-765b-4633-8b2a-599fb6ba6216: does not qualify; 2.1 s; peak memory 12710 MiB.
2026-10-07T05:12:34Z INFO [3293/3795] 86e4b0d6-a3da-4f41-9e2c-e8ce2e1ecca4: qualifies; 9.1 s; peak memory 12710 MiB.
2026-10-07T05:12:36Z INFO [3294/3795] 86e4f5e9-2475-4375-8992-f904790fae93: does not qualify; 2.1 s; peak memory 12710 MiB.
2026-10-07T05:12:39Z INFO [3295/3795] 86e5011f-fc64-4588-a5a8-59e947e5c0d1: does not qualify; 3.0 s; peak memory 12710 MiB.
2026-10-07T05:12:41Z INFO [3296/3795] 86e503d3-85d8-4228-ba5d-6d000dddfe5f: does not qualify; 1.5 s; peak memory 12710 MiB.
2026-10-07T05:12:42Z INFO [3297/3795] 86e503db-0489-4d59-933b-0396eec99082: does not qualify; 1.8 s; peak memory 12710 MiB.
2026-10-07T05:12:44Z INFO [3298/3795] 86e53b0e-9a9e-425b-812b-ba41726beedd: does not qualify; 1.4 s; peak memory 12710 MiB.
2026-10-07T05:12:51Z INFO [3299/3795] 86e5c383-da84-4ed6-8d11-42e3a7d75c78: does not qualify; 7.6 s; peak memory 12710 MiB.
2026-10-07T05:12:54Z INFO [3300/3795] 86e5e290-11d4-44aa-855f-28a83fb383c2: does not qualify; 3.2 s; peak memory 12710 MiB.
2026-10-07T05:12:55Z INFO [3300/3795] 86e5e290-11d4-44aa-855f-28a83fb383c2: checkpointed 93419 records.
2026-10-07T05:12:57Z INFO [3301/3795] 86e5f40f-0f41-40b8-acff-5cd16f51bab0: does not qualify; 2.0 s; peak memory 12710 MiB.
2026-10-07T05:12:58Z INFO [3302/3795] 86e5f7e5-ace9-4c80-8e1d-5fcf39538a34: does not qualify; 1.7 s; peak memory 12710 MiB.
2026-10-07T05:13:00Z INFO [3303/3795] 86e64da3-f045-4e9d-8feb-1c68e40430ca: does not qualify; 1.3 s; peak memory 12710 MiB.
2026-10-07T05:13:01Z INFO [3304/3795] 86e6e925-abab-40c5-9cae-70fe8b256fb0: does not qualify; 1.3 s; peak memory 12710 MiB.
2026-10-07T05:13:04Z INFO [3305/3795] 86e71438-8922-4378-9382-82e947e27133: does not qualify; 2.6 s; peak memory 12710 MiB.
2026-10-07T05:13:05Z INFO [3306/3795] 86e77391-c479-4911-ab7e-81887ffe33c0: does not qualify; 1.0 s; peak memory 12710 MiB.
2026-10-07T05:13:06Z INFO [3307/3795] 86e7bc55-5d5b-4fa2-a506-3e3d9284669f: does not qualify; 1.7 s; peak memory 12710 MiB.
2026-10-07T05:13:08Z INFO [3308/3795] 86e8e7bd-ee6c-4ae8-b3dc-ddaf138b9eb9: does not qualify; 1.3 s; peak memory 12710 MiB.
2026-10-07T05:13:15Z INFO [3309/3795] 86e9099c-e726-4255-a715-b57228a8bf20: does not qualify; 7.4 s; peak memory 12710 MiB.
2026-10-07T05:13:17Z INFO [3310/3795] 86e9e684-b57c-4c33-bd6d-0de559f1ed5e: does not qualify; 1.5 s; peak memory 12710 MiB.
2026-10-07T05:13:25Z INFO [3311/3795] 86ead751-9263-438e-af9c-f810128ddfb7: does not qualify; 8.0 s; peak memory 12710 MiB.
2026-10-07T05:13:26Z INFO [3312/3795] 86ebbe63-b61d-4765-a650-62f772faf358: does not qualify; 1.3 s; peak memory 12710 MiB.
2026-10-07T05:13:28Z INFO [3313/3795] 86ec57ec-b88a-4344-a179-fef2bfcaead7: does not qualify; 2.1 s; peak memory 12710 MiB.
2026-10-07T05:13:29Z INFO [3314/3795] 86ed49d8-26e7-43dd-93a4-1394e34f181d: does not qualify; 1.1 s; peak memory 12710 MiB.
2026-10-07T05:13:31Z INFO [3315/3795] 86ef59b0-6257-4927-98ad-23247617f23a: qualifies; 2.3 s; peak memory 12710 MiB.
2026-10-07T05:13:33Z INFO [3316/3795] 86f09a20-a273-4f6d-8446-bc5d938422f3: does not qualify; 1.9 s; peak memory 12710 MiB.
2026-10-07T05:13:35Z INFO [3317/3795] 86f1a06c-75f3-40e6-b087-fdb077ac1cfe: does not qualify; 1.3 s; peak memory 12710 MiB.
2026-10-07T05:13:36Z INFO [3318/3795] 86f1c12a-508f-46d7-85d4-fdf178bc0b0b: does not qualify; 1.3 s; peak memory 12710 MiB.
2026-10-07T05:13:41Z INFO [3319/3795] 86f1e2ae-c658-4200-8b4a-b9e4c0f4a003: qualifies; 5.1 s; peak memory 12710 MiB.
2026-10-07T05:13:42Z INFO [3320/3795] 86f2383a-267b-4ad3-a6db-f4997ca13d6b: does not qualify; 1.4 s; peak memory 12710 MiB.
2026-10-07T05:13:45Z INFO [3321/3795] 86f26c5f-3a41-4a68-8a75-dd4d06e37b9b: does not qualify; 2.4 s; peak memory 12710 MiB.
2026-10-07T05:13:47Z INFO [3322/3795] 86f2a93e-b61f-4448-a1dd-402bdc3602aa: does not qualify; 1.8 s; peak memory 12710 MiB.
2026-10-07T05:13:54Z INFO [3323/3795] 86f39804-2763-4ea2-9ef8-9e87e3480941: does not qualify; 7.0 s; peak memory 12710 MiB.
2026-10-07T05:13:55Z INFO [3324/3795] 86f41db8-9bf4-4597-aec2-9a27b0b0ee86: does not qualify; 1.3 s; peak memory 12710 MiB.
2026-10-07T05:13:58Z INFO [3325/3795] 86f425b2-3407-4dcb-b4c7-cd468e85ea17: does not qualify; 3.2 s; peak memory 12710 MiB.
2026-10-07T05:14:00Z INFO [3326/3795] 86f4ee3c-caec-4100-a274-4bdb447841ad: does not qualify; 2.0 s; peak memory 12710 MiB.
2026-10-07T05:14:09Z INFO [3327/3795] 86f5214a-d58f-47dc-b750-747859e95961: does not qualify; 8.7 s; peak memory 12710 MiB.
2026-10-07T05:14:11Z INFO [3328/3795] 86f53f49-ab1b-4306-81e6-a606bb45fb6a: does not qualify; 1.8 s; peak memory 12710 MiB.
2026-10-07T05:14:17Z INFO [3329/3795] 86f599e3-643c-4079-b042-9c45391847b5: does not qualify; 6.1 s; peak memory 12710 MiB.
2026-10-07T05:14:19Z INFO [3330/3795] 86f676c5-7875-4d97-a2ef-4c2650ab1c3f: does not qualify; 2.1 s; peak memory 12710 MiB.
2026-10-07T05:14:27Z INFO [3331/3795] 86f6e4f5-ef16-45be-9d32-c65803582c9b: does not qualify; 8.7 s; peak memory 12710 MiB.
2026-10-07T05:14:29Z INFO [3332/3795] 86f76b5c-4b94-4820-b4d2-1afe881762e7: does not qualify; 1.3 s; peak memory 12710 MiB.
2026-10-07T05:14:35Z INFO [3333/3795] 86f7c592-37d1-4627-b202-a56ee0d3e264: does not qualify; 6.0 s; peak memory 12710 MiB.
2026-10-07T05:14:36Z INFO [3334/3795] 86f81249-e531-480a-936d-e266e7f21e20: does not qualify; 1.3 s; peak memory 12710 MiB.
2026-10-07T05:14:38Z INFO [3335/3795] 86f904c5-7fcd-4efb-ab5e-da92c63fc243: does not qualify; 1.7 s; peak memory 12710 MiB.
2026-10-07T05:14:39Z INFO [3336/3795] 86f91f1c-6fee-4214-a5e2-06114ff64ad5: does not qualify; 1.6 s; peak memory 12710 MiB.
2026-10-07T05:14:41Z INFO [3337/3795] 86f94bba-cc18-440f-9958-c5255396b77f: does not qualify; 1.9 s; peak memory 12710 MiB.
2026-10-07T05:14:42Z INFO [3338/3795] 86f98c43-d0d7-4ee4-a91c-1194af3f504f: does not qualify; 1.1 s; peak memory 12710 MiB.
2026-10-07T05:14:43Z INFO [3339/3795] 86f9d7a5-0b45-4260-b4d2-ffb0542b9a5c: does not qualify; 1.2 s; peak memory 12710 MiB.
2026-10-07T05:14:45Z INFO [3340/3795] 86fa3dea-809f-4e56-98cf-d6b505b7cdee: does not qualify; 1.7 s; peak memory 12710 MiB.
2026-10-07T05:14:47Z INFO [3341/3795] 86faa121-37e3-458e-a130-be2829554a34: does not qualify; 1.7 s; peak memory 12710 MiB.
2026-10-07T05:14:49Z INFO [3342/3795] 86faba6a-bf98-4dac-bce4-12719fae43d1: does not qualify; 1.9 s; peak memory 12710 MiB.
2026-10-07T05:14:50Z INFO [3343/3795] 86faca73-72e3-4968-a119-0d4737af4cc2: does not qualify; 1.9 s; peak memory 12710 MiB.
2026-10-07T05:14:52Z INFO [3344/3795] 86fadb00-e6a9-4fbf-a865-e609e34c33bd: does not qualify; 1.5 s; peak memory 12710 MiB.
2026-10-07T05:14:53Z INFO [3345/3795] 86fb7507-038b-4f19-a01d-bb9e29d95b7e: does not qualify; 1.0 s; peak memory 12710 MiB.
2026-10-07T05:14:56Z INFO [3346/3795] 86fb8533-916c-45cc-a85f-37dc9ac6a205: does not qualify; 2.9 s; peak memory 12710 MiB.
2026-10-07T05:14:58Z INFO [3347/3795] 86fbc58a-f159-4e4f-91d2-c4fc67519170: does not qualify; 2.1 s; peak memory 12710 MiB.
2026-10-07T05:14:59Z INFO [3348/3795] 86fbd08e-0d5a-43fe-976f-76479b6aca88: does not qualify; 1.2 s; peak memory 12710 MiB.
2026-10-07T05:15:02Z INFO [3349/3795] 86fc0b16-510a-4eb9-84bf-466af961152f: does not qualify; 3.2 s; peak memory 12710 MiB.
2026-10-07T05:15:16Z INFO [3350/3795] 86fc570b-a92e-4df3-a74a-00b5f104fb9c: does not qualify; 13.7 s; peak memory 12710 MiB.
2026-10-07T05:15:16Z INFO [3350/3795] 86fc570b-a92e-4df3-a74a-00b5f104fb9c: checkpointed 93469 records.
2026-10-07T05:15:17Z INFO [3351/3795] 86fcf4ac-8b84-4786-8b88-7d2e10c4a130: does not qualify; 1.3 s; peak memory 12710 MiB.
2026-10-07T05:15:20Z INFO [3352/3795] 86fd0a9f-6366-4d66-830a-92b5f7c9df56: does not qualify; 2.3 s; peak memory 12710 MiB.
2026-10-07T05:15:21Z INFO [3353/3795] 86fd1851-c650-4684-8150-12907e72b181: does not qualify; 1.3 s; peak memory 12710 MiB.
2026-10-07T05:15:23Z INFO [3354/3795] 86fd1acc-6946-4dd8-a2eb-39d457e70bb4: does not qualify; 1.8 s; peak memory 12710 MiB.
2026-10-07T05:15:24Z INFO [3355/3795] 86fd6ec5-bb1f-4a80-903b-456b77a411ad: does not qualify; 1.6 s; peak memory 12710 MiB.
2026-10-07T05:15:26Z INFO [3356/3795] 86fd761c-4236-494a-9501-ef0fbc2cc7fd: does not qualify; 1.6 s; peak memory 12710 MiB.
2026-10-07T05:15:28Z INFO [3357/3795] 86fe7a85-2bd6-4832-b2e3-ed65d9f82f3a: does not qualify; 1.6 s; peak memory 12710 MiB.
2026-10-07T05:15:30Z INFO [3358/3795] 86ff1f8f-ed34-48b2-b476-be196183b7d5: does not qualify; 2.5 s; peak memory 12710 MiB.
2026-10-07T05:15:31Z INFO [3359/3795] 86ff540a-12cc-486a-a7fc-cc30d7388f2f: does not qualify; 1.3 s; peak memory 12710 MiB.
2026-10-07T05:15:45Z INFO [3360/3795] 86ffe7a8-72c6-49e4-a35a-d1e0b1dbb7e9: does not qualify; 13.2 s; peak memory 12710 MiB.
2026-10-07T05:15:56Z INFO [3361/3795] 87007cca-7269-40b7-8a0b-5482ab4144c8: does not qualify; 11.7 s; peak memory 12710 MiB.
2026-10-07T05:15:59Z INFO [3362/3795] 87008ee1-8b96-4816-a110-fe484eb7ce3a: does not qualify; 3.3 s; peak memory 12710 MiB.
2026-10-07T05:16:01Z INFO [3363/3795] 87009131-71d9-47c4-88ef-06efdeaf7bab: does not qualify; 1.6 s; peak memory 12710 MiB.
2026-10-07T05:16:03Z INFO [3364/3795] 87013859-7e9e-49a3-bcd5-135cf8cb2a86: does not qualify; 2.0 s; peak memory 12710 MiB.
2026-10-07T05:16:05Z INFO [3365/3795] 87015ec9-5267-45e9-8e31-96c243ea3d2c: does not qualify; 1.8 s; peak memory 12710 MiB.
2026-10-07T05:16:07Z INFO [3366/3795] 87015ee6-8139-40bc-9ee0-972ebc11365a: does not qualify; 1.7 s; peak memory 12710 MiB.
2026-10-07T05:16:08Z INFO [3367/3795] 87029419-8f2a-4573-8614-58c55eef64cd: does not qualify; 1.0 s; peak memory 12710 MiB.
2026-10-07T05:16:10Z INFO [3368/3795] 870301f3-f6d8-427e-bdc7-4beef6d47c7e: qualifies; 2.1 s; peak memory 12710 MiB.
2026-10-07T05:16:11Z INFO [3369/3795] 8703784d-f115-45c9-8177-a3a5adba152f: does not qualify; 1.3 s; peak memory 12710 MiB.
2026-10-07T05:16:12Z INFO [3370/3795] 8703fec1-b12f-4cc0-a122-d6ccff6bcb56: does not qualify; 1.3 s; peak memory 12710 MiB.
2026-10-07T05:16:14Z INFO [3371/3795] 8704050c-8718-4eeb-a796-10c51beb134d: does not qualify; 1.6 s; peak memory 12710 MiB.
2026-10-07T05:16:18Z INFO [3372/3795] 87043dc2-840e-4599-8b97-6133c6630e8d: does not qualify; 3.7 s; peak memory 12710 MiB.
2026-10-07T05:16:21Z INFO [3373/3795] 87045423-47f8-49a1-b34c-02a9d8357e52: does not qualify; 3.2 s; peak memory 12710 MiB.
2026-10-07T05:16:23Z INFO [3374/3795] 87049446-8bda-4474-b249-bfe610ac6d98: does not qualify; 1.9 s; peak memory 12710 MiB.
2026-10-07T05:16:25Z INFO [3375/3795] 8706782e-52a4-4cb8-9093-a7efb8b00bb2: does not qualify; 1.7 s; peak memory 12710 MiB.
2026-10-07T05:16:26Z INFO [3376/3795] 87073b82-9261-47fe-863e-aabf7bf9c6aa: does not qualify; 1.1 s; peak memory 12710 MiB.
2026-10-07T05:16:28Z INFO [3377/3795] 870805fc-26fd-4a2d-b9d6-f3338f468d24: does not qualify; 1.9 s; peak memory 12710 MiB.
2026-10-07T05:16:40Z INFO [3378/3795] 87087e88-0687-40e4-84c1-c786ad3152eb: does not qualify; 12.5 s; peak memory 12710 MiB.
2026-10-07T05:16:42Z INFO [3379/3795] 87088e9d-031e-4da8-97ca-54b869e7f53e: does not qualify; 1.6 s; peak memory 12710 MiB.
2026-10-07T05:16:43Z INFO [3380/3795] 8708cc0e-e85e-49fe-8653-e122bc15aecf: does not qualify; 1.9 s; peak memory 12710 MiB.
2026-10-07T05:16:46Z INFO [3381/3795] 87093190-0b66-4f7d-8069-189b827733bf: does not qualify; 2.1 s; peak memory 12710 MiB.
2026-10-07T05:16:47Z INFO [3382/3795] 8709a3c0-f500-4f83-9098-6e00053d680f: does not qualify; 1.5 s; peak memory 12710 MiB.
2026-10-07T05:16:49Z INFO [3383/3795] 8709af93-3155-4a5a-aa7d-aae5e5a366be: does not qualify; 1.9 s; peak memory 12710 MiB.
2026-10-07T05:16:56Z INFO [3384/3795] 870ad0c8-c3f9-42f2-8bb9-49b8c74a2a75: does not qualify; 7.1 s; peak memory 12710 MiB.
2026-10-07T05:16:58Z INFO [3385/3795] 870b2134-7232-4a78-8af8-98cbab6610c4: does not qualify; 2.3 s; peak memory 12710 MiB.
2026-10-07T05:17:00Z INFO [3386/3795] 870b3d89-97a0-46e2-81cc-e4ba0923302a: does not qualify; 1.5 s; peak memory 12710 MiB.
2026-10-07T05:17:01Z INFO [3387/3795] 870b53b1-e0be-45fc-ba53-18fcb7263aa0: does not qualify; 1.1 s; peak memory 12710 MiB.
2026-10-07T05:17:03Z INFO [3388/3795] 870ba234-b398-4efd-ab34-9427732ec8bf: does not qualify; 1.9 s; peak memory 12710 MiB.
2026-10-07T05:17:05Z INFO [3389/3795] 870bdff4-208a-4a99-b06f-f0125a8e144a: does not qualify; 1.6 s; peak memory 12710 MiB.
2026-10-07T05:17:09Z INFO [3390/3795] 870c491e-0d0c-49a8-ab78-23fd6e02a55d: does not qualify; 4.9 s; peak memory 12710 MiB.
2026-10-07T05:17:11Z INFO [3391/3795] 870ce5b5-d2bc-4678-8f49-877affb6b1c1: does not qualify; 1.8 s; peak memory 12710 MiB.
2026-10-07T05:17:12Z INFO [3392/3795] 870d0305-5339-4e9d-9f8d-af0d0c197a3c: does not qualify; 1.3 s; peak memory 12710 MiB.
2026-10-07T05:17:14Z INFO [3393/3795] 870d07cb-3919-4d0e-b637-626dee9ca136: does not qualify; 1.3 s; peak memory 12710 MiB.
2026-10-07T05:17:22Z INFO [3394/3795] 870f312c-2293-4f84-bb77-64c8e515dd7d: does not qualify; 8.5 s; peak memory 12710 MiB.
2026-10-07T05:17:24Z INFO [3395/3795] 870f7a83-6938-4a5f-b1fe-05671b8ec4e9: does not qualify; 1.4 s; peak memory 12710 MiB.
2026-10-07T05:17:26Z INFO [3396/3795] 87116c35-9bb7-4826-b93b-6ba3f17bbc91: does not qualify; 1.9 s; peak memory 12710 MiB.
2026-10-07T05:17:28Z INFO [3397/3795] 87123743-e06a-49b7-9356-babe32d7d181: does not qualify; 2.2 s; peak memory 12710 MiB.
2026-10-07T05:17:30Z INFO [3398/3795] 8712534e-b261-4609-a079-69b545fb1ce1: does not qualify; 2.3 s; peak memory 12710 MiB.
2026-10-07T05:17:33Z INFO [3399/3795] 871284b8-57dd-422e-8769-f50bfdec9f8d: does not qualify; 3.2 s; peak memory 12710 MiB.
2026-10-07T05:17:35Z INFO [3400/3795] 8713ae12-5dff-49e4-8fa8-17bf1e289376: does not qualify; 1.5 s; peak memory 12710 MiB.
2026-10-07T05:17:35Z INFO [3400/3795] 8713ae12-5dff-49e4-8fa8-17bf1e289376: checkpointed 93519 records.
2026-10-07T05:17:36Z INFO [3401/3795] 87144661-2998-46cc-8fcb-13b27fc18cbe: does not qualify; 1.3 s; peak memory 12710 MiB.
2026-10-07T05:17:40Z INFO [3402/3795] 8714ce53-672e-4b31-ada2-067f698e5765: does not qualify; 4.3 s; peak memory 12710 MiB.
2026-10-07T05:17:49Z INFO [3403/3795] 8714df84-98a2-4ea8-bd76-433f043b022d: does not qualify; 9.0 s; peak memory 12710 MiB.
2026-10-07T05:17:51Z INFO [3404/3795] 87153b7b-fac6-4365-8914-c05e8e710f0f: does not qualify; 1.7 s; peak memory 12710 MiB.
2026-10-07T05:17:52Z INFO [3405/3795] 87154a67-0074-4f5c-b193-a126d409c12d: does not qualify; 1.1 s; peak memory 12710 MiB.
2026-10-07T05:18:00Z INFO [3406/3795] 87158d5c-5c14-47d4-8e10-d1f966fc12f0: does not qualify; 8.1 s; peak memory 12710 MiB.
2026-10-07T05:18:02Z INFO [3407/3795] 87178ba7-a64c-496d-b034-14e02c28ecb5: does not qualify; 1.6 s; peak memory 12710 MiB.
2026-10-07T05:18:10Z INFO [3408/3795] 8717a08b-006b-4ee4-bd60-9ef5595c871a: does not qualify; 7.5 s; peak memory 12710 MiB.
2026-10-07T05:18:16Z INFO [3409/3795] 871806cf-223a-4cbf-a16b-2150029730a2: does not qualify; 6.7 s; peak memory 12710 MiB.
2026-10-07T05:18:18Z INFO [3410/3795] 8718611a-a711-491f-aca7-f2776a4d4d24: does not qualify; 1.7 s; peak memory 12710 MiB.
2026-10-07T05:18:20Z INFO [3411/3795] 8718ac5a-b190-493e-959d-ef8c12a1f0af: does not qualify; 1.8 s; peak memory 12710 MiB.
2026-10-07T05:18:21Z INFO [3412/3795] 871919a8-4f41-485b-bbdb-a60b77091bb7: does not qualify; 1.4 s; peak memory 12710 MiB.
2026-10-07T05:18:30Z INFO [3413/3795] 8719a3f3-af1b-4619-8ea6-5fec52e84123: does not qualify; 8.7 s; peak memory 12710 MiB.
2026-10-07T05:18:31Z INFO [3414/3795] 8719c912-1523-4552-9139-2d1cdf739438: does not qualify; 1.5 s; peak memory 12710 MiB.
2026-10-07T05:18:35Z INFO [3415/3795] 8719d633-b1b4-49dd-a702-b4184b6bfd04: does not qualify; 3.1 s; peak memory 12710 MiB.
2026-10-07T05:18:36Z INFO [3416/3795] 871a6841-a591-4355-bed2-0943bd8d5ec8: does not qualify; 1.6 s; peak memory 12710 MiB.
2026-10-07T05:18:39Z INFO [3417/3795] 871a830f-7ecc-4dd2-8a3d-a517eb8fb4b0: does not qualify; 3.1 s; peak memory 12710 MiB.
2026-10-07T05:18:41Z INFO [3418/3795] 871c1bc9-673f-4178-8b68-1bc5c2d8b010: does not qualify; 1.3 s; peak memory 12710 MiB.
2026-10-07T05:18:42Z INFO [3419/3795] 871cfdd5-fa4b-4bd6-9c6e-d51e037ba7ca: does not qualify; 1.5 s; peak memory 12710 MiB.
2026-10-07T05:18:45Z INFO [3420/3795] 871d5ffe-fc68-499d-9630-311af6a2ad97: does not qualify; 2.9 s; peak memory 12710 MiB.
2026-10-07T05:18:46Z INFO [3421/3795] 871dc1f8-e937-4707-abd4-0e7a6963a8d6: does not qualify; 1.3 s; peak memory 12710 MiB.
2026-10-07T05:18:47Z INFO [3422/3795] 871f70dc-f6f1-45a9-b4c8-6c4a37a2afdf: does not qualify; 1.1 s; peak memory 12710 MiB.
2026-10-07T05:18:49Z INFO [3423/3795] 871f9c90-79af-4c54-b8ab-1aa498484874: does not qualify; 1.6 s; peak memory 12710 MiB.
2026-10-07T05:18:52Z INFO [3424/3795] 871ff50d-2cfc-4270-9ea7-587b354ac24f: does not qualify; 3.2 s; peak memory 12710 MiB.
2026-10-07T05:18:53Z INFO [3425/3795] 87206891-363e-4bdb-977b-52e270f1967e: does not qualify; 1.3 s; peak memory 12710 MiB.
2026-10-07T05:18:55Z INFO [3426/3795] 87213605-9670-4d30-a29b-c3ac9af47b62: does not qualify; 1.2 s; peak memory 12710 MiB.
2026-10-07T05:19:00Z INFO [3427/3795] 8721568b-cffa-4036-8a83-fc6c34dc7407: does not qualify; 5.7 s; peak memory 12710 MiB.
2026-10-07T05:19:02Z INFO [3428/3795] 872161a9-6543-4455-bef5-a148a3a48e14: does not qualify; 1.3 s; peak memory 12710 MiB.
2026-10-07T05:19:03Z INFO [3429/3795] 87216a90-ff3b-4c6c-a5ff-7702a9be881c: does not qualify; 1.6 s; peak memory 12710 MiB.
2026-10-07T05:19:05Z INFO [3430/3795] 8721af44-bb85-43c3-a4c4-f97afdb83079: does not qualify; 1.3 s; peak memory 12710 MiB.
2026-10-07T05:19:06Z INFO [3431/3795] 8722913c-29d4-4c33-8a30-fc5129cd9b0a: does not qualify; 1.4 s; peak memory 12710 MiB.
2026-10-07T05:19:07Z INFO [3432/3795] 8722c546-dcbb-489b-ba3a-b3db9cf8d25c: does not qualify; 1.3 s; peak memory 12710 MiB.
2026-10-07T05:19:13Z INFO [3433/3795] 87231680-c980-47b7-ad11-76ebda5849cc: does not qualify; 5.6 s; peak memory 12710 MiB.
2026-10-07T05:19:15Z INFO [3434/3795] 8723353b-3582-457a-a26a-f0287dbbcff6: does not qualify; 1.6 s; peak memory 12710 MiB.
2026-10-07T05:19:17Z INFO [3435/3795] 872352ea-0a6c-42b2-8647-ff39e226f2c9: does not qualify; 2.3 s; peak memory 12710 MiB.
2026-10-07T05:19:18Z INFO [3436/3795] 8723c48d-ffa7-46d5-8112-249f6e71fe7e: does not qualify; 1.6 s; peak memory 12710 MiB.
2026-10-07T05:19:19Z INFO [3437/3795] 87249d50-1627-4464-b278-2ce8b3a4d0d8: does not qualify; 1.0 s; peak memory 12710 MiB.
2026-10-07T05:19:21Z INFO [3438/3795] 8724bed1-4dee-43b2-af2d-3e97d1bb9f2e: does not qualify; 1.9 s; peak memory 12710 MiB.
2026-10-07T05:19:30Z INFO [3439/3795] 87251d65-abc7-4107-84b5-b23aaa8b8fbf: does not qualify; 8.4 s; peak memory 12710 MiB.
2026-10-07T05:19:31Z INFO [3440/3795] 8725da8b-8c06-4ba8-9d35-462c31223f02: does not qualify; 1.5 s; peak memory 12710 MiB.
2026-10-07T05:19:40Z INFO [3441/3795] 87264c47-f0c2-4a36-ac53-92b18c28f613: does not qualify; 8.3 s; peak memory 12710 MiB.
2026-10-07T05:19:43Z INFO [3442/3795] 87265395-38bd-4476-9395-98aad1a08d9d: does not qualify; 3.0 s; peak memory 12710 MiB.
2026-10-07T05:19:45Z INFO [3443/3795] 8726d7a0-6533-469e-9baf-93fe5fda6c8a: does not qualify; 2.8 s; peak memory 12710 MiB.
2026-10-07T05:19:47Z INFO [3444/3795] 8726e88a-5503-4b5f-a901-608c0d548313: does not qualify; 1.8 s; peak memory 12710 MiB.
2026-10-07T05:19:49Z INFO [3445/3795] 87270a79-faaa-45fa-bb83-d55e86286e37: does not qualify; 1.4 s; peak memory 12710 MiB.
2026-10-07T05:19:51Z INFO [3446/3795] 87270bd9-5e1e-47f8-9e7f-70a1efbf3d86: does not qualify; 1.9 s; peak memory 12710 MiB.
2026-10-07T05:20:04Z INFO [3447/3795] 8727a090-dc65-4373-9496-914fc30f110e: does not qualify; 13.8 s; peak memory 12710 MiB.
2026-10-07T05:20:07Z INFO [3448/3795] 8727b58d-60b6-46e9-a524-d1ad89cc5969: does not qualify; 3.0 s; peak memory 12710 MiB.
2026-10-07T05:20:11Z INFO [3449/3795] 872817ec-78da-447b-a217-449ec9b08292: does not qualify; 3.5 s; peak memory 12710 MiB.
2026-10-07T05:20:14Z INFO [3450/3795] 872904e0-748c-47ff-92c4-8fd8da737464: does not qualify; 2.8 s; peak memory 12710 MiB.
2026-10-07T05:20:14Z INFO [3450/3795] 872904e0-748c-47ff-92c4-8fd8da737464: checkpointed 93569 records.
2026-10-07T05:20:15Z INFO [3451/3795] 872a1110-e554-4df0-8822-4b9f50528ca1: does not qualify; 1.5 s; peak memory 12710 MiB.
2026-10-07T05:20:17Z INFO [3452/3795] 872a4996-1e1b-4e6d-8a03-7db6f70e2817: does not qualify; 1.6 s; peak memory 12710 MiB.
2026-10-07T05:20:24Z INFO [3453/3795] 872a7feb-5c08-48c9-aec0-0b9e90a27ecc: does not qualify; 6.8 s; peak memory 12710 MiB.
2026-10-07T05:20:25Z INFO [3454/3795] 872ac57c-4b5d-4acb-a2ba-21918a2478ee: does not qualify; 1.1 s; peak memory 12710 MiB.
2026-10-07T05:20:27Z INFO [3455/3795] 872c4cdf-15b0-4b73-9827-99f70785df9d: does not qualify; 1.5 s; peak memory 12710 MiB.
2026-10-07T05:20:28Z INFO [3456/3795] 872d207d-e8e9-442d-a0ca-937e6b89a8f6: does not qualify; 1.3 s; peak memory 12710 MiB.
2026-10-07T05:20:30Z INFO [3457/3795] 872d29ba-1215-4692-b054-798f105f54f1: does not qualify; 1.6 s; peak memory 12710 MiB.
2026-10-07T05:20:32Z INFO [3458/3795] 872d8800-313c-4a8b-b177-b334fe6cc302: does not qualify; 2.3 s; peak memory 12710 MiB.
2026-10-07T05:20:33Z INFO [3459/3795] 872d9eac-e8f2-41ac-9041-16e21818c43b: does not qualify; 1.7 s; peak memory 12710 MiB.
2026-10-07T05:20:35Z INFO [3460/3795] 872db6d2-8596-4f25-98fe-6267c10a4b77: does not qualify; 1.4 s; peak memory 12710 MiB.
2026-10-07T05:20:36Z INFO [3461/3795] 872dc71d-b887-4963-adb4-00098a18e4d4: does not qualify; 1.1 s; peak memory 12710 MiB.
2026-10-07T05:20:38Z INFO [3462/3795] 872e3d72-48a8-485a-95f2-3687fbb4fef2: does not qualify; 2.0 s; peak memory 12710 MiB.
2026-10-07T05:20:40Z INFO [3463/3795] 872f0f41-cd6c-49cd-a21a-5dd083bf1395: does not qualify; 1.5 s; peak memory 12710 MiB.
2026-10-07T05:20:41Z INFO [3464/3795] 8730a216-234a-43e0-b05b-434c64eeedf7: does not qualify; 1.3 s; peak memory 12710 MiB.
2026-10-07T05:20:43Z INFO [3465/3795] 873193ef-686c-4a33-87d7-9540f8395d68: does not qualify; 1.9 s; peak memory 12710 MiB.
2026-10-07T05:20:44Z INFO [3466/3795] 87323a7a-4fd6-4cf6-9305-705951942e21: does not qualify; 1.3 s; peak memory 12710 MiB.
2026-10-07T05:20:45Z INFO [3467/3795] 8732b760-ac74-4939-8769-882f058c6f7d: does not qualify; 1.0 s; peak memory 12710 MiB.
2026-10-07T05:20:47Z INFO [3468/3795] 8732c817-7613-478e-b845-df8a34856c3d: does not qualify; 1.9 s; peak memory 12710 MiB.
2026-10-07T05:20:48Z INFO [3469/3795] 8732c96e-2807-4548-8c6b-add105bb9a7c: does not qualify; 1.5 s; peak memory 12710 MiB.
2026-10-07T05:20:50Z INFO [3470/3795] 8732de96-e86a-4413-aafb-c987fa66b492: does not qualify; 2.0 s; peak memory 12710 MiB.
2026-10-07T05:20:52Z INFO [3471/3795] 8732e2e1-cf74-4f01-abdc-83969a4f2966: does not qualify; 1.1 s; peak memory 12710 MiB.
2026-10-07T05:20:53Z INFO [3472/3795] 873386d4-bd7a-47a8-9e0d-c2b959942b01: does not qualify; 1.9 s; peak memory 12710 MiB.
2026-10-07T05:20:55Z INFO [3473/3795] 8733b10e-2aa9-497d-9106-f459295be886: does not qualify; 1.7 s; peak memory 12710 MiB.
2026-10-07T05:21:09Z INFO [3474/3795] 873521c3-e183-41d4-83ea-e8aa4e252107: does not qualify; 14.4 s; peak memory 12710 MiB.
2026-10-07T05:21:14Z INFO [3475/3795] 873547d5-1eec-4bf3-9d25-33ab466ff106: does not qualify; 4.4 s; peak memory 12710 MiB.
2026-10-07T05:21:18Z INFO [3476/3795] 87360459-d519-4607-a6aa-6c4c461013b6: does not qualify; 3.7 s; peak memory 12710 MiB.
2026-10-07T05:21:19Z INFO [3477/3795] 87361956-ce64-49a5-8aac-482f6e75d055: does not qualify; 1.1 s; peak memory 12710 MiB.
2026-10-07T05:21:20Z INFO [3478/3795] 87363498-635e-4df8-bd2c-c6ca69d44869: does not qualify; 1.6 s; peak memory 12710 MiB.
2026-10-07T05:21:21Z INFO [3479/3795] 87366280-8132-4abf-987f-8480e77c8689: does not qualify; 1.0 s; peak memory 12710 MiB.
2026-10-07T05:21:25Z INFO [3480/3795] 8736c8d8-c946-4ac9-b239-717a0a01ca74: does not qualify; 3.2 s; peak memory 12710 MiB.
2026-10-07T05:21:26Z INFO [3481/3795] 87375060-87e8-4e60-b996-4973f385ef26: does not qualify; 1.4 s; peak memory 12710 MiB.
2026-10-07T05:21:27Z INFO [3482/3795] 873885eb-9f40-4863-ae71-bae345ca7cf7: does not qualify; 1.5 s; peak memory 12710 MiB.
2026-10-07T05:21:29Z INFO [3483/3795] 8738b74f-72d6-4771-afe9-47c4843653c1: does not qualify; 2.0 s; peak memory 12710 MiB.
2026-10-07T05:21:32Z INFO [3484/3795] 8738f24c-efdd-4ce0-92dc-35df0de76e7b: does not qualify; 2.6 s; peak memory 12710 MiB.
2026-10-07T05:21:34Z INFO [3485/3795] 8738fe64-3c4a-4fc8-876d-1a5559ad7d04: does not qualify; 2.0 s; peak memory 12710 MiB.
2026-10-07T05:21:36Z INFO [3486/3795] 87393745-7034-470a-ba5c-cea460dc5f25: does not qualify; 1.9 s; peak memory 12710 MiB.
2026-10-07T05:21:38Z INFO [3487/3795] 8739790e-e25c-4207-bdea-de9f140fd9c1: does not qualify; 2.2 s; peak memory 12710 MiB.
2026-10-07T05:21:48Z INFO [3488/3795] 8739d016-7b4f-4288-ac54-75e0d365e8bd: does not qualify; 10.0 s; peak memory 12710 MiB.
2026-10-07T05:21:49Z INFO [3489/3795] 873a9a2e-dd60-48f1-9017-419644579621: does not qualify; 1.3 s; peak memory 12710 MiB.
2026-10-07T05:21:51Z INFO [3490/3795] 873b6bd0-6731-40a5-9395-10f174e2a220: does not qualify; 1.2 s; peak memory 12710 MiB.
2026-10-07T05:22:06Z INFO [3491/3795] 873c1f52-7e2e-499d-8185-866def28992c: does not qualify; 15.1 s; peak memory 12710 MiB.
2026-10-07T05:22:22Z INFO [3492/3795] 873c3356-f011-4070-b0bd-73939b5ee5c0: does not qualify; 16.2 s; peak memory 12710 MiB.
2026-10-07T05:22:23Z INFO [3493/3795] 873c64e3-d5e3-4e1c-8d81-ec21d9aee46e: does not qualify; 1.4 s; peak memory 12710 MiB.
2026-10-07T05:22:25Z INFO [3494/3795] 873d3b13-4e8a-497c-8bc7-c941b50e64fc: does not qualify; 1.9 s; peak memory 12710 MiB.
2026-10-07T05:22:26Z INFO [3495/3795] 873da6d9-9c90-491d-a6e6-54914dbe7f5a: does not qualify; 1.1 s; peak memory 12710 MiB.
2026-10-07T05:22:30Z INFO [3496/3795] 873de531-1a2e-4897-88a4-e503b8a10152: does not qualify; 3.3 s; peak memory 12710 MiB.
2026-10-07T05:22:31Z INFO [3497/3795] 873e4941-294b-4479-88e1-07c9302b26ed: does not qualify; 1.3 s; peak memory 12710 MiB.
2026-10-07T05:22:32Z INFO [3498/3795] 873ea181-39cd-4bdf-b3fc-c9760c459fae: does not qualify; 1.2 s; peak memory 12710 MiB.
2026-10-07T05:22:36Z INFO [3499/3795] 873ef81e-fca5-4681-be02-6bcbf481b66e: does not qualify; 3.3 s; peak memory 12710 MiB.
2026-10-07T05:22:37Z INFO [3500/3795] 873f713f-7784-4775-aece-18b5c61c9c03: does not qualify; 1.3 s; peak memory 12710 MiB.
2026-10-07T05:22:37Z INFO [3500/3795] 873f713f-7784-4775-aece-18b5c61c9c03: checkpointed 93619 records.
2026-10-07T05:22:38Z INFO [3501/3795] 873ff46f-3eba-4d45-a128-6f9222020110: does not qualify; 1.5 s; peak memory 12710 MiB.
2026-10-07T05:22:40Z INFO [3502/3795] 87400f70-cb76-47d6-a16d-759b310947eb: does not qualify; 1.3 s; peak memory 12710 MiB.
2026-10-07T05:22:41Z INFO [3503/3795] 874046a9-cb6c-400c-92d8-14bb6fc63007: does not qualify; 1.0 s; peak memory 12710 MiB.
2026-10-07T05:22:42Z INFO [3504/3795] 87419ef9-ba05-463c-96b5-45bfe32fbd66: does not qualify; 1.5 s; peak memory 12710 MiB.
2026-10-07T05:22:47Z INFO [3505/3795] 87429d3d-b462-4b2d-9864-d2a7ec3faf38: does not qualify; 4.8 s; peak memory 12710 MiB.
2026-10-07T05:22:58Z INFO [3506/3795] 87448b0c-7089-49d3-a9ca-c5b2942fed97: does not qualify; 10.8 s; peak memory 12710 MiB.
2026-10-07T05:23:00Z INFO [3507/3795] 8745804a-21ad-484a-b340-190413cdd085: does not qualify; 2.0 s; peak memory 12710 MiB.
2026-10-07T05:23:01Z INFO [3508/3795] 8746b537-e3e4-45f1-ab53-fe5d1f7d88ab: does not qualify; 1.3 s; peak memory 12710 MiB.
2026-10-07T05:23:02Z INFO [3509/3795] 8748a8c8-b08e-4573-b570-b0895bb9006f: does not qualify; 1.1 s; peak memory 12710 MiB.
2026-10-07T05:23:04Z INFO [3510/3795] 87491202-996a-42d0-a2a7-dc4df907e755: does not qualify; 1.3 s; peak memory 12710 MiB.
2026-10-07T05:23:05Z INFO [3511/3795] 874a529b-14f6-4f31-bf27-bbe4798cddee: does not qualify; 1.6 s; peak memory 12710 MiB.
2026-10-07T05:23:06Z INFO [3512/3795] 874a8070-b88a-4e97-843e-90e9e297ce33: does not qualify; 1.0 s; peak memory 12710 MiB.
2026-10-07T05:23:10Z INFO [3513/3795] 874b70b4-cf6f-447e-8841-0e22f18e051c: does not qualify; 3.6 s; peak memory 12710 MiB.
2026-10-07T05:23:25Z INFO [3514/3795] 874bd1a7-d6d6-49ab-bbea-5b804d6e1d25: does not qualify; 14.8 s; peak memory 12710 MiB.
2026-10-07T05:23:26Z INFO [3515/3795] 874ce49f-56b3-49a4-a91c-96e7e816fd39: does not qualify; 1.4 s; peak memory 12710 MiB.
2026-10-07T05:23:28Z INFO [3516/3795] 874d2243-2b9e-4a25-94b3-5bf822d4cb87: does not qualify; 1.7 s; peak memory 12710 MiB.
2026-10-07T05:23:29Z INFO [3517/3795] 874d5194-8470-4209-9e83-796609bc7b22: does not qualify; 1.5 s; peak memory 12710 MiB.
2026-10-07T05:23:30Z INFO [3518/3795] 874d7692-774b-4f94-8dfe-32ccd9df6afb: does not qualify; 1.2 s; peak memory 12710 MiB.
2026-10-07T05:23:32Z INFO [3519/3795] 874d8c47-b876-414c-8236-b396251466ff: does not qualify; 2.0 s; peak memory 12710 MiB.
2026-10-07T05:23:33Z INFO [3520/3795] 874dfd54-46d1-4e53-97e4-bf44df03ac08: does not qualify; 1.0 s; peak memory 12710 MiB.
2026-10-07T05:23:35Z INFO [3521/3795] 874e452c-dc4e-435d-987d-0b5a757dc7c5: does not qualify; 1.2 s; peak memory 12710 MiB.
2026-10-07T05:23:36Z INFO [3522/3795] 874e5cb8-6db3-4e49-9c40-e0c732bbd2b9: does not qualify; 1.6 s; peak memory 12710 MiB.
2026-10-07T05:23:39Z INFO [3523/3795] 874ea6f9-f6d7-4099-b202-df76d6f1b070: does not qualify; 3.4 s; peak memory 12710 MiB.
2026-10-07T05:23:41Z INFO [3524/3795] 874f30f8-b2b6-48c1-8940-9a8d6a255784: does not qualify; 1.8 s; peak memory 12710 MiB.
2026-10-07T05:23:43Z INFO [3525/3795] 874f37d3-3276-47c4-9cda-a25fcdd2950c: does not qualify; 1.3 s; peak memory 12710 MiB.
2026-10-07T05:23:45Z INFO [3526/3795] 874f50b9-7baf-4dd9-85cf-58b2c1e38f48: does not qualify; 2.8 s; peak memory 12710 MiB.
2026-10-07T05:23:51Z INFO [3527/3795] 874ff041-650b-4785-a6c8-62e69b0cae57: does not qualify; 6.1 s; peak memory 12710 MiB.
2026-10-07T05:23:53Z INFO [3528/3795] 87506c15-85f4-41cd-a742-a4d00ed9e836: does not qualify; 1.2 s; peak memory 12710 MiB.
2026-10-07T05:23:54Z INFO [3529/3795] 8750b01b-c63a-4fbb-8cd7-603b014b0f7f: does not qualify; 1.4 s; peak memory 12710 MiB.
2026-10-07T05:23:59Z INFO [3530/3795] 8751e522-6dfd-4249-b850-0ee6f5cad1b6: qualifies; 5.4 s; peak memory 12710 MiB.
2026-10-07T05:24:01Z INFO [3531/3795] 8752c0e0-fe91-4f79-a393-2470339cb1ec: does not qualify; 1.8 s; peak memory 12710 MiB.
2026-10-07T05:24:02Z INFO [3532/3795] 87549065-ce4a-4d07-82f9-19f652472c4f: does not qualify; 1.2 s; peak memory 12710 MiB.
2026-10-07T05:24:04Z INFO [3533/3795] 87551332-ad30-4173-91e1-4843c610336e: does not qualify; 1.2 s; peak memory 12710 MiB.
2026-10-07T05:24:06Z INFO [3534/3795] 875557ed-71a9-4bac-9e87-abd906874b8d: does not qualify; 2.3 s; peak memory 12710 MiB.
2026-10-07T05:24:07Z INFO [3535/3795] 87557030-efd9-4dc7-85e3-886ec2dac705: does not qualify; 1.2 s; peak memory 12710 MiB.
2026-10-07T05:24:08Z INFO [3536/3795] 8755a240-6f25-4bee-bbf1-5ccbb4fc7b55: does not qualify; 1.3 s; peak memory 12710 MiB.
2026-10-07T05:24:10Z INFO [3537/3795] 8755b7b5-79b5-4559-87b2-603af7d7d560: does not qualify; 1.3 s; peak memory 12710 MiB.
2026-10-07T05:24:11Z INFO [3538/3795] 875636b3-1324-4d4f-b075-e6707e380cd9: does not qualify; 1.7 s; peak memory 12710 MiB.
2026-10-07T05:24:18Z INFO [3539/3795] 875654e7-4adc-4e93-b503-2a4c3cb3cc49: does not qualify; 6.1 s; peak memory 12710 MiB.
2026-10-07T05:24:20Z INFO [3540/3795] 875692f4-eebf-4d65-82fe-b8b6ec26c14e: does not qualify; 2.0 s; peak memory 12710 MiB.
2026-10-07T05:24:22Z INFO [3541/3795] 87584a87-4b87-4f70-a085-4f11fbac8328: does not qualify; 2.1 s; peak memory 12710 MiB.
2026-10-07T05:24:23Z INFO [3542/3795] 875919b8-8e76-49fe-bed6-02facdb04337: does not qualify; 1.3 s; peak memory 12710 MiB.
2026-10-07T05:24:25Z INFO [3543/3795] 87596c4c-8c6f-485a-a245-fce276952d8b: does not qualify; 1.7 s; peak memory 12710 MiB.
2026-10-07T05:24:27Z INFO [3544/3795] 8759b66c-da23-477c-8a41-7dffcd108dd3: does not qualify; 2.0 s; peak memory 12710 MiB.
2026-10-07T05:24:32Z INFO [3545/3795] 875a9142-a3b1-4fbc-adf7-cf4f37ee8c91: does not qualify; 4.9 s; peak memory 12710 MiB.
2026-10-07T05:24:33Z INFO [3546/3795] 875acba8-d261-4b73-a1d3-867568f7599b: does not qualify; 1.0 s; peak memory 12710 MiB.
2026-10-07T05:24:34Z INFO [3547/3795] 875be197-2a25-4c84-a7a8-564a9a807836: does not qualify; 1.2 s; peak memory 12710 MiB.
2026-10-07T05:24:35Z INFO [3548/3795] 875d5297-0532-4ab8-97a1-9a8fd0cbbeee: does not qualify; 1.1 s; peak memory 12710 MiB.
2026-10-07T05:24:36Z INFO [3549/3795] 875d8c0e-ea68-484c-825c-5ce1dbf2238a: does not qualify; 1.2 s; peak memory 12710 MiB.
2026-10-07T05:24:37Z INFO [3550/3795] 875de72f-3836-4d63-8d44-12329d26cd38: does not qualify; 1.4 s; peak memory 12710 MiB.
2026-10-07T05:24:38Z INFO [3550/3795] 875de72f-3836-4d63-8d44-12329d26cd38: checkpointed 93669 records.
2026-10-07T05:24:39Z INFO [3551/3795] 875e1e03-f73d-4d4e-b9c3-fbdc9c91d501: does not qualify; 0.9 s; peak memory 12710 MiB.
2026-10-07T05:24:40Z INFO [3552/3795] 875e7ae9-8a8d-4691-ad1d-0666415fb6a7: does not qualify; 1.2 s; peak memory 12710 MiB.
2026-10-07T05:24:46Z INFO [3553/3795] 875ecf44-d77f-450c-904a-876e0ac366be: does not qualify; 6.0 s; peak memory 12710 MiB.
2026-10-07T05:24:48Z INFO [3554/3795] 875f59c5-7a45-4cf6-be83-99d204cee1a4: does not qualify; 2.0 s; peak memory 12710 MiB.
2026-10-07T05:24:49Z INFO [3555/3795] 875f91e9-c5dd-48ee-8429-f1bc93236fd2: does not qualify; 1.6 s; peak memory 12710 MiB.
2026-10-07T05:24:51Z INFO [3556/3795] 876028d2-0d83-43a8-85c0-0fb0b70df092: does not qualify; 1.6 s; peak memory 12710 MiB.
2026-10-07T05:24:57Z INFO [3557/3795] 87605cdc-5007-405f-8999-3fddc2b96a51: does not qualify; 6.2 s; peak memory 12710 MiB.
2026-10-07T05:24:59Z INFO [3558/3795] 8760f94d-f844-48e3-beb3-267347047605: does not qualify; 1.6 s; peak memory 12710 MiB.
2026-10-07T05:25:43Z INFO [3559/3795] 8762323d-06af-47ca-97da-ba268884ceaa: does not qualify; 44.1 s; peak memory 12710 MiB.
2026-10-07T05:25:45Z INFO [3560/3795] 87627d45-a3b8-4386-ac48-843b14f2022d: does not qualify; 2.0 s; peak memory 12710 MiB.
2026-10-07T05:25:51Z INFO [3561/3795] 876308af-22f1-4680-8335-a817aae20f7b: does not qualify; 5.9 s; peak memory 12710 MiB.
2026-10-07T05:25:52Z INFO [3562/3795] 8763c949-9ff7-4cc0-80be-0ea223c7cc70: does not qualify; 1.1 s; peak memory 12710 MiB.
2026-10-07T05:26:00Z INFO [3563/3795] 876419b4-cfeb-4d49-9a31-9c3167db400c: does not qualify; 8.3 s; peak memory 12710 MiB.
2026-10-07T05:26:02Z INFO [3564/3795] 876475e6-a50c-411f-9012-b061da306d09: does not qualify; 1.6 s; peak memory 12710 MiB.
2026-10-07T05:26:03Z INFO [3565/3795] 8766406f-bd20-490f-8c80-341c06b766d1: does not qualify; 1.7 s; peak memory 12710 MiB.
2026-10-07T05:26:05Z INFO [3566/3795] 87679fe7-9dbc-4ed6-8826-c9d7c980efbc: does not qualify; 1.5 s; peak memory 12710 MiB.
2026-10-07T05:26:07Z INFO [3567/3795] 87691d2d-3f3f-4bcc-85ec-0506e1f5e5f1: does not qualify; 1.7 s; peak memory 12710 MiB.
2026-10-07T05:26:08Z INFO [3568/3795] 8769f54e-d540-4241-bb5b-0be90fdbdc0d: does not qualify; 1.8 s; peak memory 12710 MiB.
2026-10-07T05:26:10Z INFO [3569/3795] 876a8574-26b6-45e4-a1de-ae7a0f75eb5b: does not qualify; 1.6 s; peak memory 12710 MiB.
2026-10-07T05:26:13Z INFO [3570/3795] 876a9aed-c290-46e0-a3fd-2f7e6ff62b0a: does not qualify; 2.7 s; peak memory 12710 MiB.
2026-10-07T05:26:14Z INFO [3571/3795] 876a9f7a-fec8-4b37-a918-4204a72398de: does not qualify; 1.2 s; peak memory 12710 MiB.
2026-10-07T05:26:15Z INFO [3572/3795] 876b1f77-c9c8-4c86-9681-cd65dd2b5a55: does not qualify; 1.6 s; peak memory 12710 MiB.
2026-10-07T05:26:17Z INFO [3573/3795] 876b5d19-70c4-4371-ab0e-f1bb2d58274e: does not qualify; 1.5 s; peak memory 12710 MiB.
2026-10-07T05:26:18Z INFO [3574/3795] 876b776e-75bc-46e3-8f45-719880b17ea4: does not qualify; 1.1 s; peak memory 12710 MiB.
2026-10-07T05:26:19Z INFO [3575/3795] 876c9fde-1c6f-4ea4-82ec-b14f7e2160fd: does not qualify; 1.3 s; peak memory 12710 MiB.
2026-10-07T05:26:21Z INFO [3576/3795] 876e5995-102f-4740-b223-89ec0db3bb37: does not qualify; 1.2 s; peak memory 12710 MiB.
2026-10-07T05:26:22Z INFO [3577/3795] 876ed93a-4a6c-4926-a635-6185fb6c196d: does not qualify; 1.7 s; peak memory 12710 MiB.
2026-10-07T05:26:24Z INFO [3578/3795] 876f2c72-5be9-43af-8b29-33fef8707d4d: does not qualify; 1.2 s; peak memory 12710 MiB.
2026-10-07T05:26:25Z INFO [3579/3795] 876f378b-cbe9-49eb-b72b-5090091752b7: does not qualify; 1.1 s; peak memory 12710 MiB.
2026-10-07T05:26:27Z INFO [3580/3795] 876f7c72-a330-4127-91b5-e270e34a6722: does not qualify; 2.0 s; peak memory 12710 MiB.
2026-10-07T05:26:28Z INFO [3581/3795] 877025a1-7642-49a4-a7d9-08f2bd1b7922: does not qualify; 1.5 s; peak memory 12710 MiB.
2026-10-07T05:26:30Z INFO [3582/3795] 877070d5-2d3d-46fe-b07a-be799cbba511: does not qualify; 2.0 s; peak memory 12710 MiB.
2026-10-07T05:26:35Z INFO [3583/3795] 87716461-e73a-43ba-ac67-78db56b08730: does not qualify; 4.4 s; peak memory 12710 MiB.
2026-10-07T05:26:36Z INFO [3584/3795] 8771ecdf-a557-4a42-9153-0850f7442b7b: does not qualify; 1.7 s; peak memory 12710 MiB.
2026-10-07T05:26:38Z INFO [3585/3795] 8771ed9d-f4f3-4648-b79b-d8e89c1bf78a: does not qualify; 1.3 s; peak memory 12710 MiB.
2026-10-07T05:26:39Z INFO [3586/3795] 8772d7ed-bdc0-4fc0-a15d-5b6d7e1b961a: does not qualify; 1.5 s; peak memory 12710 MiB.
2026-10-07T05:26:41Z INFO [3587/3795] 8773e464-ca06-4bb2-9e49-3876f71db38b: does not qualify; 1.7 s; peak memory 12710 MiB.
2026-10-07T05:26:42Z INFO [3588/3795] 87741b30-446a-44fb-a415-96c9e9835d91: does not qualify; 1.2 s; peak memory 12710 MiB.
2026-10-07T05:26:44Z INFO [3589/3795] 87751d43-b044-445e-a8d9-d07b875af218: does not qualify; 2.3 s; peak memory 12710 MiB.
2026-10-07T05:26:52Z INFO [3590/3795] 877583cd-9628-4600-9b6d-bc36fcf2869a: does not qualify; 8.0 s; peak memory 12710 MiB.
2026-10-07T05:26:54Z INFO [3591/3795] 8775e12f-345f-48a2-97c9-a151c570b55f: does not qualify; 1.7 s; peak memory 12710 MiB.
2026-10-07T05:26:56Z INFO [3592/3795] 87766332-784d-47f0-a8dd-8141044c2d34: does not qualify; 1.9 s; peak memory 12710 MiB.
2026-10-07T05:26:59Z INFO [3593/3795] 877694d3-b57c-4c43-8e3d-7e19130e937e: does not qualify; 2.5 s; peak memory 12710 MiB.
2026-10-07T05:27:00Z INFO [3594/3795] 8777c2d0-cd45-4f8c-9632-105203dbdc35: does not qualify; 1.6 s; peak memory 12710 MiB.
2026-10-07T05:27:06Z INFO [3595/3795] 87783c40-0406-4789-a17b-f4493a518c4f: does not qualify; 6.4 s; peak memory 12710 MiB.
2026-10-07T05:27:08Z INFO [3596/3795] 8778ec75-f580-40a7-9310-0aec1dfcd15b: does not qualify; 1.5 s; peak memory 12710 MiB.
2026-10-07T05:27:18Z INFO [3597/3795] 8778ed71-ad60-40a9-bbe1-75fe057a6f33: qualifies; 9.5 s; peak memory 12710 MiB.
2026-10-07T05:27:19Z INFO [3598/3795] 877958f5-bbbe-47a8-939c-6d7faa6d702f: does not qualify; 1.7 s; peak memory 12710 MiB.
2026-10-07T05:27:24Z INFO [3599/3795] 8779a485-698a-4e64-a37e-5202d0dc1945: does not qualify; 4.6 s; peak memory 12710 MiB.
2026-10-07T05:27:27Z INFO [3600/3795] 877a5b25-c333-4a86-a385-dfd9c16c1834: does not qualify; 3.1 s; peak memory 12710 MiB.
2026-10-07T05:27:27Z INFO [3600/3795] 877a5b25-c333-4a86-a385-dfd9c16c1834: checkpointed 93719 records.
2026-10-07T05:27:28Z INFO [3601/3795] 877bbf6f-12c6-4210-b653-918db454c6ab: does not qualify; 1.2 s; peak memory 12710 MiB.
2026-10-07T05:27:30Z INFO [3602/3795] 877c747e-aa1a-43cb-a8f2-73b5a831caef: does not qualify; 2.2 s; peak memory 12710 MiB.
2026-10-07T05:27:32Z INFO [3603/3795] 877cf8ec-4db5-46ac-8d10-9d79c232436d: does not qualify; 1.2 s; peak memory 12710 MiB.
2026-10-07T05:27:39Z INFO [3604/3795] 877d396a-adb0-4e7c-a8ed-5268b8874424: does not qualify; 7.7 s; peak memory 12710 MiB.
2026-10-07T05:27:41Z INFO [3605/3795] 877d7bee-8eb6-4801-b2d3-01bdcc92a3bc: does not qualify; 1.3 s; peak memory 12710 MiB.
2026-10-07T05:27:42Z INFO [3606/3795] 877dc129-29db-41de-b597-3ff70bfc105e: does not qualify; 1.4 s; peak memory 12710 MiB.
2026-10-07T05:27:43Z INFO [3607/3795] 877dee4f-5855-471e-9d62-2339dd6cf848: does not qualify; 1.1 s; peak memory 12710 MiB.
2026-10-07T05:27:45Z INFO [3608/3795] 877f3689-8938-40db-bc1a-2b1d6538ef87: does not qualify; 1.5 s; peak memory 12710 MiB.
2026-10-07T05:27:46Z INFO [3609/3795] 877f4a6b-035a-47dc-a2df-4518d6f4d71f: does not qualify; 1.3 s; peak memory 12710 MiB.
2026-10-07T05:27:53Z INFO [3610/3795] 87806e8b-a3de-4299-8669-7dcbe735e076: does not qualify; 7.5 s; peak memory 12710 MiB.
2026-10-07T05:27:55Z INFO [3611/3795] 87807fbc-3382-492f-b0db-3a43f25bd70c: does not qualify; 1.3 s; peak memory 12710 MiB.
2026-10-07T05:27:56Z INFO [3612/3795] 8780a04e-7958-4a33-80ce-e6f9baae6d81: does not qualify; 1.3 s; peak memory 12710 MiB.
2026-10-07T05:28:14Z INFO [3613/3795] 8780e5ba-047d-460f-9383-e395b4a060b1: does not qualify; 17.8 s; peak memory 12710 MiB.
2026-10-07T05:28:16Z INFO [3614/3795] 87810655-987d-49dc-a3c3-3edd7e202fe9: does not qualify; 2.4 s; peak memory 12710 MiB.
2026-10-07T05:28:18Z INFO [3615/3795] 878123b5-d809-48db-a7d9-ed0546c9462e: does not qualify; 1.8 s; peak memory 12710 MiB.
2026-10-07T05:28:25Z INFO [3616/3795] 87812bec-6837-42f8-91bc-7a2d1de5f724: does not qualify; 7.3 s; peak memory 12710 MiB.
2026-10-07T05:28:27Z INFO [3617/3795] 87821472-a7f7-4f47-936a-e0508e12b2f3: does not qualify; 1.6 s; peak memory 12710 MiB.
2026-10-07T05:28:35Z INFO [3618/3795] 87824590-76b2-439f-b50f-254405ec56bf: does not qualify; 8.5 s; peak memory 12710 MiB.
2026-10-07T05:28:41Z INFO [3619/3795] 87837ebd-0997-4e55-ace2-be478d6bc1a7: does not qualify; 6.1 s; peak memory 12710 MiB.
2026-10-07T05:28:42Z INFO [3620/3795] 8783db48-07f4-4f59-9deb-ea09be2e9f59: does not qualify; 1.1 s; peak memory 12710 MiB.
2026-10-07T05:28:44Z INFO [3621/3795] 87842088-5fcb-47d7-b080-c6cbc65b044f: does not qualify; 1.7 s; peak memory 12710 MiB.
2026-10-07T05:28:45Z INFO [3622/3795] 8784b2b8-b84d-4e64-bd04-08bf7a192af5: does not qualify; 1.1 s; peak memory 12710 MiB.
2026-10-07T05:28:47Z INFO [3623/3795] 8784d3ba-ac75-4e2a-be43-cbe5c007f223: does not qualify; 1.9 s; peak memory 12710 MiB.
2026-10-07T05:28:49Z INFO [3624/3795] 87854233-2f43-421b-9416-3926f2768e3d: does not qualify; 1.7 s; peak memory 12710 MiB.
2026-10-07T05:28:50Z INFO [3625/3795] 8785ea8b-d07f-4149-9052-0ce852c67062: does not qualify; 1.2 s; peak memory 12710 MiB.
2026-10-07T05:28:51Z INFO [3626/3795] 8786b41c-5fd2-4fd4-9d73-1e80caee15e9: does not qualify; 1.0 s; peak memory 12710 MiB.
2026-10-07T05:28:52Z INFO [3627/3795] 8786c302-1216-4cf7-9f15-8bf4f02ceb6d: does not qualify; 1.3 s; peak memory 12710 MiB.
2026-10-07T05:28:54Z INFO [3628/3795] 8786e45a-6c09-4fd2-a496-9885ae67db3c: does not qualify; 1.3 s; peak memory 12710 MiB.
2026-10-07T05:28:59Z INFO [3629/3795] 8786f193-8ba8-4150-bebe-84870033aa87: does not qualify; 5.3 s; peak memory 12710 MiB.
2026-10-07T05:29:01Z INFO [3630/3795] 8787ace0-1329-4963-ae20-b892d207d943: does not qualify; 1.8 s; peak memory 12710 MiB.
2026-10-07T05:29:07Z INFO [3631/3795] 8788296a-9d83-4a9e-92a3-c72b1c0700d8: does not qualify; 6.4 s; peak memory 12710 MiB.
2026-10-07T05:29:09Z INFO [3632/3795] 8788d03b-366f-4a70-8491-3bd003eb661c: does not qualify; 2.4 s; peak memory 12710 MiB.
2026-10-07T05:29:13Z INFO [3633/3795] 8789306b-63c3-4937-929e-df9e95d5784c: does not qualify; 3.2 s; peak memory 12710 MiB.
2026-10-07T05:29:14Z INFO [3634/3795] 878a6228-e77d-4b6c-ad3e-7339318eab62: does not qualify; 1.4 s; peak memory 12710 MiB.
2026-10-07T05:29:15Z INFO [3635/3795] 878ab7ac-9ef6-4562-ada2-79d116022b03: does not qualify; 1.2 s; peak memory 12710 MiB.
2026-10-07T05:29:17Z INFO [3636/3795] 878ac54c-093b-47a9-acf1-c424ba4c00f2: does not qualify; 1.3 s; peak memory 12710 MiB.
2026-10-07T05:29:25Z INFO [3637/3795] 878aeeb6-0448-4d01-aaa1-2336cdd5489e: does not qualify; 8.4 s; peak memory 12710 MiB.
2026-10-07T05:29:26Z INFO [3638/3795] 878b5202-6dc4-4dbc-98e7-3226b1606c5c: does not qualify; 1.3 s; peak memory 12710 MiB.
2026-10-07T05:29:28Z INFO [3639/3795] 878c2a50-77a3-4f89-a92a-eeb03a79cbe7: does not qualify; 1.3 s; peak memory 12710 MiB.
2026-10-07T05:29:30Z INFO [3640/3795] 878c334f-1168-4600-9e99-4a39a2b4b7b2: qualifies; 2.3 s; peak memory 12710 MiB.
2026-10-07T05:29:31Z INFO [3641/3795] 878c3b45-dcf9-4aea-8c09-dc59d6face2b: does not qualify; 1.2 s; peak memory 12710 MiB.
2026-10-07T05:29:33Z INFO [3642/3795] 878d7fae-a19b-498b-965c-1d772819314c: does not qualify; 1.6 s; peak memory 12710 MiB.
2026-10-07T05:29:35Z INFO [3643/3795] 878d8b8d-12e9-4f35-9e3e-c261e9ec2215: does not qualify; 2.1 s; peak memory 12710 MiB.
2026-10-07T05:29:36Z INFO [3644/3795] 878dc5c6-b0bb-48c7-9e2a-09c1e217bc26: does not qualify; 1.3 s; peak memory 12710 MiB.
2026-10-07T05:29:37Z INFO [3645/3795] 878dcb8a-4ac3-4627-8381-891e90da21c5: does not qualify; 1.3 s; peak memory 12710 MiB.
2026-10-07T05:29:39Z INFO [3646/3795] 878e4f59-5053-4ae1-b05d-37a3e813967a: does not qualify; 1.8 s; peak memory 12710 MiB.
2026-10-07T05:29:42Z INFO [3647/3795] 878eee26-860c-4c75-8fad-9c5160225eb0: does not qualify; 3.0 s; peak memory 12710 MiB.
2026-10-07T05:29:43Z INFO [3648/3795] 878fc76e-7a62-4c66-b2c3-3d653640bb45: does not qualify; 1.3 s; peak memory 12710 MiB.
2026-10-07T05:29:45Z INFO [3649/3795] 878fdd32-1426-4299-b25c-1475ce43d58c: does not qualify; 1.8 s; peak memory 12710 MiB.
2026-10-07T05:29:49Z INFO [3650/3795] 879016a7-32c7-4219-a4f4-44533baa2e57: does not qualify; 3.9 s; peak memory 12710 MiB.
2026-10-07T05:29:49Z INFO [3650/3795] 879016a7-32c7-4219-a4f4-44533baa2e57: checkpointed 93769 records.
2026-10-07T05:29:51Z INFO [3651/3795] 87916f0e-4213-40d1-ad1c-60b1b1f83d29: does not qualify; 1.8 s; peak memory 12710 MiB.
2026-10-07T05:29:53Z INFO [3652/3795] 879200d6-4442-45a7-b3ba-10e8293c85c9: does not qualify; 2.0 s; peak memory 12710 MiB.
2026-10-07T05:29:54Z INFO [3653/3795] 8792155c-05e8-4ea3-b1aa-7cbd2b0cf5bb: does not qualify; 1.2 s; peak memory 12710 MiB.
2026-10-07T05:29:56Z INFO [3654/3795] 8792bd81-8eac-45f9-a590-77c17019eb33: does not qualify; 1.4 s; peak memory 12710 MiB.
2026-10-07T05:29:57Z INFO [3655/3795] 87931d0c-1042-4437-96e4-37f1bc19c4ed: does not qualify; 1.5 s; peak memory 12710 MiB.
2026-10-07T05:30:06Z INFO [3656/3795] 8793296e-041c-40b3-a474-2bea36af507f: does not qualify; 8.5 s; peak memory 12710 MiB.
2026-10-07T05:30:07Z INFO [3657/3795] 87940b0e-d6c1-4904-b5fe-10aba74846c9: does not qualify; 1.2 s; peak memory 12710 MiB.
2026-10-07T05:30:09Z INFO [3658/3795] 87940be2-b08e-42aa-9d2c-144b73105347: does not qualify; 1.6 s; peak memory 12710 MiB.
2026-10-07T05:30:10Z INFO [3659/3795] 879479e0-a565-462a-82fc-2ac4892545aa: does not qualify; 1.5 s; peak memory 12710 MiB.
2026-10-07T05:30:11Z INFO [3660/3795] 8795aaab-dca6-4b78-b1d5-948b59b567de: does not qualify; 1.3 s; peak memory 12710 MiB.
2026-10-07T05:30:13Z INFO [3661/3795] 87962b9f-622e-447c-a045-0f11636301d8: does not qualify; 1.7 s; peak memory 12710 MiB.
2026-10-07T05:30:16Z INFO [3662/3795] 8796574e-3dd5-48c9-afb3-83191ab37a04: does not qualify; 3.0 s; peak memory 12710 MiB.
2026-10-07T05:30:17Z INFO [3663/3795] 8796f292-5849-4ab7-8ec3-0c967e9cb44a: does not qualify; 1.3 s; peak memory 12710 MiB.
2026-10-07T05:30:19Z INFO [3664/3795] 8797451a-54d0-42ed-be48-ca2bf2ce5e05: does not qualify; 1.9 s; peak memory 12710 MiB.
2026-10-07T05:30:20Z INFO [3665/3795] 8797d98c-71b2-41c6-b5f0-0a76f845f7e1: does not qualify; 1.4 s; peak memory 12710 MiB.
2026-10-07T05:30:23Z INFO [3666/3795] 87982359-9ff6-4160-8516-36a235025d55: qualifies; 2.2 s; peak memory 12710 MiB.
2026-10-07T05:30:24Z INFO [3667/3795] 8798584b-fd33-414c-9bb7-91d1a28aec81: does not qualify; 1.0 s; peak memory 12710 MiB.
2026-10-07T05:30:25Z INFO [3668/3795] 87985b60-c209-49f9-bd97-ca90273f25cc: does not qualify; 1.3 s; peak memory 12710 MiB.
2026-10-07T05:30:26Z INFO [3669/3795] 8798e63b-5820-4730-a13c-553da1fe54ba: does not qualify; 1.3 s; peak memory 12710 MiB.
2026-10-07T05:30:28Z INFO [3670/3795] 879a019e-db0d-466a-bdaa-f49ffef3d37f: does not qualify; 1.3 s; peak memory 12710 MiB.
2026-10-07T05:30:29Z INFO [3671/3795] 879a150b-d37d-4866-9940-cd9607b2698e: does not qualify; 1.4 s; peak memory 12710 MiB.
2026-10-07T05:30:30Z INFO [3672/3795] 879a6f0e-c237-4f43-823f-b1e655ea90ae: does not qualify; 1.3 s; peak memory 12710 MiB.
2026-10-07T05:30:32Z INFO [3673/3795] 879a8eda-da74-42a5-acd7-c0b1bfe38a0d: does not qualify; 2.0 s; peak memory 12710 MiB.
2026-10-07T05:30:34Z INFO [3674/3795] 879bbe82-5a49-429c-8e13-24911beb3343: does not qualify; 2.0 s; peak memory 12710 MiB.
2026-10-07T05:30:36Z INFO [3675/3795] 879c72dc-6a5f-4ad3-a344-6729bf7afcb7: does not qualify; 1.4 s; peak memory 12710 MiB.
2026-10-07T05:30:37Z INFO [3676/3795] 879cb61f-d66e-4652-a63c-ec14a8883f2c: does not qualify; 1.3 s; peak memory 12710 MiB.
2026-10-07T05:30:42Z INFO [3677/3795] 879e15af-c4b6-4ad9-92f5-c7db99c1456b: does not qualify; 5.4 s; peak memory 12710 MiB.
2026-10-07T05:30:43Z INFO [3678/3795] 879e5527-b228-42ad-a118-241c00c9c560: does not qualify; 1.1 s; peak memory 12710 MiB.
2026-10-07T05:30:53Z INFO [3679/3795] 879ed28c-19b5-4de7-81e6-c96e8c7f149c: does not qualify; 9.7 s; peak memory 12710 MiB.
2026-10-07T05:30:56Z INFO [3680/3795] 879f627e-024c-410b-84d7-f1da714f477f: does not qualify; 3.1 s; peak memory 12710 MiB.
2026-10-07T05:30:59Z INFO [3681/3795] 879fb1b8-a075-4eb5-a489-76dc8f8ca2a0: qualifies; 2.5 s; peak memory 12710 MiB.
2026-10-07T05:31:00Z INFO [3682/3795] 87a12af8-056d-4369-a594-104dd019ce4e: does not qualify; 1.4 s; peak memory 12710 MiB.
2026-10-07T05:31:01Z INFO [3683/3795] 87a19370-40a6-4766-a05f-8d4c0b1f7a38: does not qualify; 1.3 s; peak memory 12710 MiB.
2026-10-07T05:31:03Z INFO [3684/3795] 87a203a4-d31d-4944-9c78-fb48e035bde3: does not qualify; 1.3 s; peak memory 12710 MiB.
2026-10-07T05:31:05Z INFO [3685/3795] 87a3997d-94fd-4037-8438-bb02abc82102: does not qualify; 2.2 s; peak memory 12710 MiB.
2026-10-07T05:31:09Z INFO [3686/3795] 87a46094-2e13-4d7e-9b4c-3b7c25bfb2d5: does not qualify; 3.6 s; peak memory 12710 MiB.
2026-10-07T05:31:12Z INFO [3687/3795] 87a5e07f-8ce6-47f9-a172-6eb15a126278: does not qualify; 4.0 s; peak memory 12710 MiB.
2026-10-07T05:31:15Z INFO [3688/3795] 87a6db20-45be-459a-a8af-f04d57a80f3a: does not qualify; 2.3 s; peak memory 12710 MiB.
2026-10-07T05:31:16Z INFO [3689/3795] 87a7502f-5b59-4e36-a591-4b0cf707dbf1: does not qualify; 1.3 s; peak memory 12710 MiB.
2026-10-07T05:31:19Z INFO [3690/3795] 87a85634-6ea0-4382-92da-5050f550ae2c: does not qualify; 3.5 s; peak memory 12710 MiB.
2026-10-07T05:31:21Z INFO [3691/3795] 87a8d882-64e0-4b45-a4fd-2cca4eeccfde: does not qualify; 1.9 s; peak memory 12710 MiB.
2026-10-07T05:31:24Z INFO [3692/3795] 87aa3c56-bf68-4582-aa61-e991a3183f5b: does not qualify; 2.2 s; peak memory 12710 MiB.
2026-10-07T05:31:36Z INFO [3693/3795] 87ab028d-76e6-4e8f-904c-33fb00eb3fcd: does not qualify; 12.6 s; peak memory 12710 MiB.
2026-10-07T05:31:38Z INFO [3694/3795] 87ab0996-d224-4365-93f5-cd603e044483: does not qualify; 1.6 s; peak memory 12710 MiB.
2026-10-07T05:31:39Z INFO [3695/3795] 87ab73f3-0b26-4c87-9398-4dc35760fd11: does not qualify; 1.7 s; peak memory 12710 MiB.
2026-10-07T05:31:40Z INFO [3696/3795] 87ab8057-04e9-4caf-8e00-77a4a098ed3c: does not qualify; 1.0 s; peak memory 12710 MiB.
2026-10-07T05:31:42Z INFO [3697/3795] 87ac5752-521a-4a65-aef3-b2e968e430c4: does not qualify; 1.2 s; peak memory 12710 MiB.
2026-10-07T05:31:44Z INFO [3698/3795] 87aca434-9b66-48b1-80de-bfd62b88e38e: does not qualify; 2.2 s; peak memory 12710 MiB.
2026-10-07T05:31:45Z INFO [3699/3795] 87acb206-918d-49d1-a05c-705f0018f966: does not qualify; 1.2 s; peak memory 12710 MiB.
2026-10-07T05:31:47Z INFO [3700/3795] 87ace625-8d51-4d39-942b-5e8b66c5f08e: does not qualify; 1.6 s; peak memory 12710 MiB.
2026-10-07T05:31:47Z INFO [3700/3795] 87ace625-8d51-4d39-942b-5e8b66c5f08e: checkpointed 93819 records.
2026-10-07T05:31:49Z INFO [3701/3795] 87ace7b9-4088-4d2f-ab41-2155d7570026: does not qualify; 2.6 s; peak memory 12710 MiB.
2026-10-07T05:31:51Z INFO [3702/3795] 87acef10-bfba-4ba2-83f1-b27fec0bcabd: does not qualify; 1.9 s; peak memory 12710 MiB.
2026-10-07T05:31:53Z INFO [3703/3795] 87add570-a55d-43ba-ac0e-7ddd0723df8e: does not qualify; 1.8 s; peak memory 12710 MiB.
2026-10-07T05:32:11Z INFO [3704/3795] 87ae7abc-2f85-497a-908f-e7112cb10061: does not qualify; 18.2 s; peak memory 12710 MiB.
2026-10-07T05:32:13Z INFO [3705/3795] 87ae831e-e30b-4d3b-bfbe-920cfea0d0f2: does not qualify; 1.4 s; peak memory 12710 MiB.
2026-10-07T05:32:14Z INFO [3706/3795] 87af31e5-553d-4f80-a0d3-fd6140d5c468: does not qualify; 1.3 s; peak memory 12710 MiB.
2026-10-07T05:32:16Z INFO [3707/3795] 87b08ab8-53e9-443a-98ef-e187b245f9b4: does not qualify; 1.7 s; peak memory 12710 MiB.
2026-10-07T05:32:17Z INFO [3708/3795] 87b15a82-28ec-4869-b692-7059ec172a40: does not qualify; 1.6 s; peak memory 12710 MiB.
2026-10-07T05:32:20Z INFO [3709/3795] 87b19309-b6fc-4b56-861c-3349b7cee622: does not qualify; 2.5 s; peak memory 12710 MiB.
2026-10-07T05:32:21Z INFO [3710/3795] 87b1c8b9-47a5-450b-af66-00b6b698ab0d: does not qualify; 1.2 s; peak memory 12710 MiB.
2026-10-07T05:32:23Z INFO [3711/3795] 87b238af-cf34-4b53-af78-f52e7ada9cbb: does not qualify; 1.8 s; peak memory 12710 MiB.
2026-10-07T05:32:24Z INFO [3712/3795] 87b26dad-0b4b-4bc6-94f6-c12e959367b1: does not qualify; 1.5 s; peak memory 12710 MiB.
2026-10-07T05:32:26Z INFO [3713/3795] 87b3e70a-4fbb-43b0-b9b2-47b774627c12: does not qualify; 1.7 s; peak memory 12710 MiB.
2026-10-07T05:32:30Z INFO [3714/3795] 87b3ed19-9537-40f1-88c8-b279a43d9ef0: does not qualify; 3.8 s; peak memory 12710 MiB.
2026-10-07T05:32:31Z INFO [3715/3795] 87b3f00a-aeb8-46f2-b550-ddff266649fb: does not qualify; 1.3 s; peak memory 12710 MiB.
2026-10-07T05:32:34Z INFO [3716/3795] 87b46a0d-3fc8-4f9a-bc04-6d4a1c69793d: does not qualify; 2.5 s; peak memory 12710 MiB.
2026-10-07T05:32:35Z INFO [3717/3795] 87b4830b-ea18-43cd-ba34-84ce1548be06: does not qualify; 1.3 s; peak memory 12710 MiB.
2026-10-07T05:32:36Z INFO [3718/3795] 87b4da5d-c94c-4142-9445-0ba684fad47e: does not qualify; 1.5 s; peak memory 12710 MiB.
2026-10-07T05:32:38Z INFO [3719/3795] 87b50686-1a43-42f4-ba35-461e6998f081: does not qualify; 1.6 s; peak memory 12710 MiB.
2026-10-07T05:32:39Z INFO [3720/3795] 87b53c55-c77a-4aeb-99d8-4cf77f77d33f: does not qualify; 1.4 s; peak memory 12710 MiB.
2026-10-07T05:32:41Z INFO [3721/3795] 87b685d2-8986-4172-918e-60289759aba7: does not qualify; 1.3 s; peak memory 12710 MiB.
2026-10-07T05:32:42Z INFO [3722/3795] 87b74aa0-add1-4744-9771-cf05df6f8a68: does not qualify; 1.4 s; peak memory 12710 MiB.
2026-10-07T05:32:43Z INFO [3723/3795] 87b785a3-f17d-4214-be4f-99390f39b838: does not qualify; 1.2 s; peak memory 12710 MiB.
2026-10-07T05:32:55Z INFO [3724/3795] 87b8059b-9b22-4c69-b4b5-82e4947b0311: does not qualify; 11.3 s; peak memory 12710 MiB.
2026-10-07T05:32:56Z INFO [3725/3795] 87b9e79d-07b0-458f-b7e1-82f7d5d7c89e: does not qualify; 1.3 s; peak memory 12710 MiB.
2026-10-07T05:32:57Z INFO [3726/3795] 87ba70ac-6e63-439e-a120-99e9152bd3bc: does not qualify; 1.1 s; peak memory 12710 MiB.
2026-10-07T05:32:58Z INFO [3727/3795] 87bb4f1f-a641-491a-acc3-8ad6a32d11c3: does not qualify; 1.1 s; peak memory 12710 MiB.
2026-10-07T05:32:59Z INFO [3728/3795] 87bc0e7a-23e9-4ad5-bee0-b7a5b074b4e1: does not qualify; 1.4 s; peak memory 12710 MiB.
2026-10-07T05:33:01Z INFO [3729/3795] 87bc4c01-ed3e-46c7-b9bc-1e2cfdb1779f: does not qualify; 1.3 s; peak memory 12710 MiB.
2026-10-07T05:33:02Z INFO [3730/3795] 87bc5c20-4151-4949-ac0a-53317aba65af: does not qualify; 1.3 s; peak memory 12710 MiB.
2026-10-07T05:33:03Z INFO [3731/3795] 87bd5af0-088e-4805-a33a-13ab9b1dcdcc: does not qualify; 1.3 s; peak memory 12710 MiB.
2026-10-07T05:33:06Z INFO [3732/3795] 87bd63d4-c80f-468c-8e0b-78041976768b: does not qualify; 2.3 s; peak memory 12710 MiB.
2026-10-07T05:33:07Z INFO [3733/3795] 87bdaea0-3ac9-4b40-a417-cd76a26dc7a8: does not qualify; 1.6 s; peak memory 12710 MiB.
2026-10-07T05:33:09Z INFO [3734/3795] 87be1ce6-f18f-44e6-be37-52de9b5cc207: does not qualify; 1.8 s; peak memory 12710 MiB.
2026-10-07T05:33:11Z INFO [3735/3795] 87be3a58-6b6f-4923-b368-0cfc22a4c43e: does not qualify; 1.7 s; peak memory 12710 MiB.
2026-10-07T05:33:12Z INFO [3736/3795] 87c02a43-97da-4b66-b5a8-47af48294e8f: does not qualify; 1.3 s; peak memory 12710 MiB.
2026-10-07T05:33:14Z INFO [3737/3795] 87c11bbf-097a-4f45-8048-3db4fee2e6b0: does not qualify; 1.8 s; peak memory 12710 MiB.
2026-10-07T05:33:15Z INFO [3738/3795] 87c17691-072b-4b22-a387-09b3f9a37dd0: does not qualify; 1.0 s; peak memory 12710 MiB.
2026-10-07T05:33:17Z INFO [3739/3795] 87c32be7-8e2c-478d-8d9b-9ef30a4f3d8f: does not qualify; 1.8 s; peak memory 12710 MiB.
2026-10-07T05:33:18Z INFO [3740/3795] 87c3d916-5314-41c7-a6a2-677e9984721c: does not qualify; 1.3 s; peak memory 12710 MiB.
2026-10-07T05:33:19Z INFO [3741/3795] 87c42f78-4d21-49da-84bb-e1e61dc1e898: does not qualify; 1.2 s; peak memory 12710 MiB.
2026-10-07T05:33:20Z INFO [3742/3795] 87c47ea3-1138-4fe8-ad61-159d8f525e92: does not qualify; 1.3 s; peak memory 12710 MiB.
2026-10-07T05:33:23Z INFO [3743/3795] 87c56314-9525-4a0a-b3e1-10e5056386ae: qualifies; 2.8 s; peak memory 12710 MiB.
2026-10-07T05:33:25Z INFO [3744/3795] 87c6f9b8-4c81-44de-aa9f-3aefe311dc67: does not qualify; 1.5 s; peak memory 12710 MiB.
2026-10-07T05:33:27Z INFO [3745/3795] 87c7d79c-9de0-4086-bd91-0c2853bfbd55: does not qualify; 1.8 s; peak memory 12710 MiB.
2026-10-07T05:33:28Z INFO [3746/3795] 87c8101a-e548-4cee-959c-ef2be83b054f: does not qualify; 1.5 s; peak memory 12710 MiB.
2026-10-07T05:33:29Z INFO [3747/3795] 87c81e29-c557-4b22-a874-adf1ac86da67: does not qualify; 1.3 s; peak memory 12710 MiB.
2026-10-07T05:33:32Z INFO [3748/3795] 87c86d08-e04c-4b2c-a147-f2898d334e4f: does not qualify; 2.5 s; peak memory 12710 MiB.
2026-10-07T05:33:33Z INFO [3749/3795] 87c92916-835f-4025-a35d-03b47e323cc8: does not qualify; 1.6 s; peak memory 12710 MiB.
2026-10-07T05:33:36Z INFO [3750/3795] 87ca08ac-d3f1-4b66-ae5a-b55c7451569d: does not qualify; 2.2 s; peak memory 12710 MiB.
2026-10-07T05:33:36Z INFO [3750/3795] 87ca08ac-d3f1-4b66-ae5a-b55c7451569d: checkpointed 93869 records.
2026-10-07T05:33:38Z INFO [3751/3795] 87ca276f-92ac-4a8c-969a-9a4ec582a9cd: does not qualify; 1.9 s; peak memory 12710 MiB.
2026-10-07T05:33:41Z INFO [3752/3795] 87ca41d4-bfa3-4066-8dbe-9ad91097dce8: does not qualify; 2.9 s; peak memory 12710 MiB.
2026-10-07T05:33:42Z INFO [3753/3795] 87caa121-852b-4ff5-b045-3776058ddf75: does not qualify; 1.8 s; peak memory 12710 MiB.
2026-10-07T05:33:44Z INFO [3754/3795] 87cb0e9a-d498-4e9f-a011-38f5eaf029cd: does not qualify; 1.1 s; peak memory 12710 MiB.
2026-10-07T05:33:45Z INFO [3755/3795] 87cb63d8-ebbd-43a7-b3b2-cbc9d8529580: does not qualify; 1.8 s; peak memory 12710 MiB.
2026-10-07T05:33:46Z INFO [3756/3795] 87cc241f-ec41-43c9-b16e-5775b1f3fe37: does not qualify; 1.2 s; peak memory 12710 MiB.
2026-10-07T05:33:49Z INFO [3757/3795] 87cc98f3-b8db-46bd-9e47-272f78c112e9: does not qualify; 3.0 s; peak memory 12710 MiB.
2026-10-07T05:33:51Z INFO [3758/3795] 87ccf9a7-ac85-4009-819b-8434954acb05: does not qualify; 2.0 s; peak memory 12710 MiB.
2026-10-07T05:33:58Z INFO [3759/3795] 87cd41cb-d0a8-411b-b900-067bb6bed5c5: does not qualify; 7.0 s; peak memory 12710 MiB.
2026-10-07T05:34:11Z INFO [3760/3795] 87cd60f2-069d-469a-9fa2-a4803cc8195d: does not qualify; 12.1 s; peak memory 12710 MiB.
2026-10-07T05:34:12Z INFO [3761/3795] 87cd997f-7029-440f-b2bf-66cf5cb15da8: does not qualify; 1.5 s; peak memory 12710 MiB.
2026-10-07T05:34:14Z INFO [3762/3795] 87ce087d-7d0a-4b7b-944d-04fb70a9232c: does not qualify; 1.4 s; peak memory 12710 MiB.
2026-10-07T05:34:15Z INFO [3763/3795] 87cf2fe6-3b6a-4b22-9939-9b1afd42a8a5: does not qualify; 1.3 s; peak memory 12710 MiB.
2026-10-07T05:34:16Z INFO [3764/3795] 87cf3b27-b1de-42c1-87ea-e782c9d9c4db: does not qualify; 1.2 s; peak memory 12710 MiB.
2026-10-07T05:34:17Z INFO [3765/3795] 87cf87c9-02e0-4bab-bc2d-73194d387253: does not qualify; 1.2 s; peak memory 12710 MiB.
2026-10-07T05:34:19Z INFO [3766/3795] 87cfb9cd-b8df-4c00-81f6-e86add088c78: does not qualify; 1.6 s; peak memory 12710 MiB.
2026-10-07T05:34:21Z INFO [3767/3795] 87cfd715-f449-4dcd-837f-7d3ae30a2d55: does not qualify; 2.0 s; peak memory 12710 MiB.
2026-10-07T05:34:22Z INFO [3768/3795] 87cff279-0ec1-4237-b68a-503370fb1663: does not qualify; 1.4 s; peak memory 12710 MiB.
2026-10-07T05:34:24Z INFO [3769/3795] 87d0b6fa-48c0-4e8e-88b9-c973e9c78c3b: does not qualify; 1.5 s; peak memory 12710 MiB.
2026-10-07T05:34:25Z INFO [3770/3795] 87d0e55a-a31b-4dc3-b1b6-c506487dd355: does not qualify; 1.4 s; peak memory 12710 MiB.
2026-10-07T05:34:26Z INFO [3771/3795] 87d14076-ed4d-4149-9783-ad37ebacbd83: does not qualify; 1.2 s; peak memory 12710 MiB.
2026-10-07T05:34:28Z INFO [3772/3795] 87d18f1e-c7d9-45cc-8994-317294413bde: does not qualify; 2.1 s; peak memory 12710 MiB.
2026-10-07T05:34:30Z INFO [3773/3795] 87d192d2-72d4-4588-a8e8-07c90d9aca00: does not qualify; 1.8 s; peak memory 12710 MiB.
2026-10-07T05:34:32Z INFO [3774/3795] 87d1a2bd-0f68-42bc-aa32-3387f21828b0: does not qualify; 1.6 s; peak memory 12710 MiB.
2026-10-07T05:34:34Z INFO [3775/3795] 87d20f6d-5177-432f-b6c7-471dc5da13b2: does not qualify; 1.8 s; peak memory 12710 MiB.
2026-10-07T05:34:35Z INFO [3776/3795] 87d2683f-1b6b-480b-994e-4872b79f6c21: does not qualify; 1.7 s; peak memory 12710 MiB.
2026-10-07T05:34:37Z INFO [3777/3795] 87d2e1f2-d327-4b7a-84e4-492078caa332: does not qualify; 2.1 s; peak memory 12710 MiB.
2026-10-07T05:34:39Z INFO [3778/3795] 87d37c7d-4089-4bae-bbec-a3455885a0f0: does not qualify; 1.9 s; peak memory 12710 MiB.
2026-10-07T05:34:41Z INFO [3779/3795] 87d6dc73-0e30-4da0-b635-2ae802d5c2b2: does not qualify; 1.9 s; peak memory 12710 MiB.
2026-10-07T05:34:43Z INFO [3780/3795] 87d7327f-f029-41cd-b1ef-89c74ce685b3: does not qualify; 1.3 s; peak memory 12710 MiB.
2026-10-07T05:34:44Z INFO [3781/3795] 87d7bfb7-dffb-4ef0-bdd6-a3dd37cd9e47: does not qualify; 1.2 s; peak memory 12710 MiB.
2026-10-07T05:34:45Z INFO [3782/3795] 87d86921-d6f2-4e8d-9640-be2068c06ce7: does not qualify; 1.2 s; peak memory 12710 MiB.
2026-10-07T05:34:53Z INFO [3783/3795] 87d8b68f-dfad-4933-8a48-90c93bfad612: does not qualify; 7.9 s; peak memory 12710 MiB.
2026-10-07T05:34:54Z INFO [3784/3795] 87d8d2c5-c621-4da7-9273-5d1bf7a93716: does not qualify; 1.4 s; peak memory 12710 MiB.
2026-10-07T05:34:56Z INFO [3785/3795] 87d955dd-1089-47c7-8dbf-522f9c5c4220: does not qualify; 1.3 s; peak memory 12710 MiB.
2026-10-07T05:35:00Z INFO [3786/3795] 87d9918d-2577-47fc-b1b9-1c7a6864f875: does not qualify; 4.6 s; peak memory 12710 MiB.
2026-10-07T05:35:02Z INFO [3787/3795] 87da3620-0b6a-411a-b47c-8d04efd058b7: does not qualify; 1.6 s; peak memory 12710 MiB.
2026-10-07T05:35:04Z INFO [3788/3795] 87da8a63-eb74-49e5-8c44-a972862dff02: does not qualify; 2.1 s; peak memory 12710 MiB.
2026-10-07T05:35:06Z INFO [3789/3795] 87dc653e-87d0-4b4d-804b-fc10453a9283: does not qualify; 1.6 s; peak memory 12710 MiB.
2026-10-07T05:35:07Z INFO [3790/3795] 87dd93c1-b705-4f09-9bd0-a7b8b8a3e148: does not qualify; 1.6 s; peak memory 12710 MiB.
2026-10-07T05:35:09Z INFO [3791/3795] 87ddc116-7c98-4457-ba3d-19e9bd7ff036: does not qualify; 2.0 s; peak memory 12710 MiB.
2026-10-07T05:35:10Z INFO [3792/3795] 87de302f-c218-4920-a104-406dcf470bb1: does not qualify; 1.2 s; peak memory 12710 MiB.
2026-10-07T05:35:12Z INFO [3793/3795] 87de8728-5754-46c8-9a19-aacadb435f62: does not qualify; 1.4 s; peak memory 12710 MiB.
2026-10-07T05:35:14Z INFO [3794/3795] 87dedff7-02a6-4954-a0ea-74144a2fb12d: does not qualify; 2.6 s; peak memory 12710 MiB.
2026-10-07T05:35:18Z INFO [3795/3795] 87df0cdc-dc4e-454a-ada9-386ce92627f8: does not qualify; 3.6 s; peak memory 12710 MiB.
2026-10-07T05:35:18Z INFO Wrote 93914 records to /tmp/derivatives/qualifying_lfp_content_ids.jsonl (3795 new, 0 failed) in 237.6 min (peak memory 12710 MiB).
