2026-10-05T05:49:34Z INFO Logging to /tmp/logs/update_2026-10-05T05-49-34Z.log.
2026-10-05T05:49:34Z INFO Update qualifying-lfp-content-ids (base directory /tmp).
2026-10-05T05:49:36Z INFO Processing 3678 items (62465 already recorded).
2026-10-05T05:49:37Z INFO [1/3678] 46904f22-3924-4d00-a7e4-4e354657caf3: does not qualify; 1.0 s; peak memory 228 MiB.
2026-10-05T05:49:38Z INFO [2/3678] 4690930d-dda2-426d-92f7-c763ff6f070e: does not qualify; 1.5 s; peak memory 230 MiB.
2026-10-05T05:49:40Z INFO [3/3678] 469220e5-d30e-413b-beb1-8141f143dcbe: does not qualify; 1.2 s; peak memory 231 MiB.
2026-10-05T05:49:41Z INFO [4/3678] 46922baf-a181-4cc3-a516-e150f599ce1e: does not qualify; 1.1 s; peak memory 233 MiB.
2026-10-05T05:49:45Z INFO [5/3678] 46925db1-deb1-467b-9db1-65eb8e40bba0: does not qualify; 4.4 s; peak memory 241 MiB.
2026-10-05T05:49:46Z INFO [6/3678] 46928587-2013-4bf3-b245-facc662e71e4: does not qualify; 0.7 s; peak memory 241 MiB.
2026-10-05T05:49:47Z INFO [7/3678] 469418c4-240e-4cbe-a0fb-1c2784c41dbf: does not qualify; 1.6 s; peak memory 241 MiB.
2026-10-05T05:49:48Z INFO [8/3678] 46947c7a-49f7-4c32-847f-fa7b0ae7f9ed: does not qualify; 0.8 s; peak memory 241 MiB.
2026-10-05T05:49:54Z INFO [9/3678] 46948910-c01e-494f-acf2-bcf3533fba25: does not qualify; 5.5 s; peak memory 290 MiB.
2026-10-05T05:49:55Z INFO [10/3678] 4694b42d-d3d8-4788-9dbf-6853b96926e1: does not qualify; 0.9 s; peak memory 290 MiB.
2026-10-05T05:49:57Z INFO [11/3678] 4694cac1-92ba-41f6-9c05-e99b8c256a29: does not qualify; 1.8 s; peak memory 290 MiB.
2026-10-05T05:49:57Z INFO [12/3678] 4694e044-d838-4826-b6ea-9ac6f794ea8e: does not qualify; 0.9 s; peak memory 290 MiB.
2026-10-05T05:49:58Z INFO [13/3678] 4695025c-0c59-45b1-a144-f3f3bc89e394: does not qualify; 1.0 s; peak memory 290 MiB.
2026-10-05T05:49:59Z INFO [14/3678] 469505ff-f5ce-4721-9d95-969aff239ce6: does not qualify; 0.9 s; peak memory 290 MiB.
2026-10-05T05:50:00Z INFO [15/3678] 46963d94-b69a-4176-8c6c-f4081186c1e2: does not qualify; 0.9 s; peak memory 290 MiB.
2026-10-05T05:50:01Z INFO [16/3678] 46979187-25a8-4795-ba0c-d7cfc9788e93: does not qualify; 0.7 s; peak memory 290 MiB.
2026-10-05T05:50:02Z INFO [17/3678] 46980788-d7af-417b-ab2a-16be9e82dcee: does not qualify; 0.7 s; peak memory 290 MiB.
2026-10-05T05:50:02Z INFO [18/3678] 4698a39a-00f5-42af-b91c-30acad7e746d: does not qualify; 0.6 s; peak memory 290 MiB.
2026-10-05T05:50:05Z INFO [19/3678] 46991963-133d-4cf9-9a92-f0e4862d24be: does not qualify; 3.3 s; peak memory 290 MiB.
2026-10-05T05:50:06Z INFO [20/3678] 469928aa-e4d9-449c-bbbc-52cca332b095: does not qualify; 0.9 s; peak memory 290 MiB.
2026-10-05T05:50:11Z INFO [21/3678] 46995319-5b91-4419-99ca-1f41844c121a: does not qualify; 4.6 s; peak memory 290 MiB.
2026-10-05T05:50:15Z INFO [22/3678] 469a53c2-0d64-4055-8503-36d0d75b6746: does not qualify; 4.1 s; peak memory 290 MiB.
2026-10-05T05:50:17Z INFO [23/3678] 469aa04c-d254-45db-a30e-939256274662: does not qualify; 1.9 s; peak memory 290 MiB.
2026-10-05T05:50:18Z INFO [24/3678] 469af2cd-4e35-4046-89f6-e795926f472f: does not qualify; 0.7 s; peak memory 290 MiB.
2026-10-05T05:50:19Z INFO [25/3678] 469b7aa5-5189-4108-b6fe-116ec213bd7e: does not qualify; 1.0 s; peak memory 290 MiB.
2026-10-05T05:50:19Z INFO [26/3678] 469bc4bd-6abe-47ea-8d7d-8e6d2f15a7df: does not qualify; 0.5 s; peak memory 290 MiB.
2026-10-05T05:50:25Z INFO [27/3678] 469c42a5-8456-4cf9-9820-853807a51da1: does not qualify; 5.7 s; peak memory 491 MiB.
2026-10-05T05:50:26Z INFO [28/3678] 469c5f98-dcda-447e-9474-5028bb492a48: does not qualify; 0.8 s; peak memory 491 MiB.
2026-10-05T05:50:26Z INFO [29/3678] 469cf1ca-c94b-4f24-a7bd-12c6dd55ae51: does not qualify; 0.5 s; peak memory 491 MiB.
2026-10-05T05:50:28Z INFO [30/3678] 469d7db9-e0f0-4562-9125-9801ff0339b6: does not qualify; 2.0 s; peak memory 491 MiB.
2026-10-05T05:50:29Z INFO [31/3678] 46a03d54-22c0-43b3-bb16-3809c6597a12: does not qualify; 0.7 s; peak memory 491 MiB.
2026-10-05T05:50:30Z INFO [32/3678] 46a0715f-7609-495b-a293-e22ae40bf34a: does not qualify; 0.7 s; peak memory 491 MiB.
2026-10-05T05:50:30Z INFO [33/3678] 46a0f908-78a4-47e9-bf83-8a0008f52ae5: does not qualify; 0.9 s; peak memory 491 MiB.
2026-10-05T05:50:33Z INFO [34/3678] 46a12529-22b9-4642-b6ad-13a6d32686b7: does not qualify; 2.4 s; peak memory 491 MiB.
2026-10-05T05:50:33Z INFO [35/3678] 46a1a0d9-77c5-41e8-90f0-333df8b0d3e2: does not qualify; 0.6 s; peak memory 491 MiB.
2026-10-05T05:50:35Z INFO [36/3678] 46a1ddea-2ae9-4407-ad17-a26968835bfc: does not qualify; 1.1 s; peak memory 491 MiB.
2026-10-05T05:50:35Z INFO [37/3678] 46a2a25a-a643-45fb-ada8-8c80f0fc99b3: does not qualify; 0.8 s; peak memory 491 MiB.
2026-10-05T05:50:39Z INFO [38/3678] 46a32c4a-473c-4db8-be60-30b0f176607f: does not qualify; 4.1 s; peak memory 491 MiB.
2026-10-05T05:50:44Z INFO [39/3678] 46a3b578-03bd-4fb1-ba6e-1e4adeeac8ed: does not qualify; 4.3 s; peak memory 491 MiB.
2026-10-05T05:50:45Z INFO [40/3678] 46a3e5c7-d7c7-4100-b1b2-532e391c86a9: does not qualify; 0.9 s; peak memory 491 MiB.
2026-10-05T05:50:46Z INFO [41/3678] 46a67229-615d-4e1f-858c-4bbd3c4ca919: does not qualify; 1.0 s; peak memory 491 MiB.
2026-10-05T05:50:46Z INFO [42/3678] 46a6cf93-1bac-477d-bd15-65d73297e163: does not qualify; 0.5 s; peak memory 491 MiB.
2026-10-05T05:50:47Z INFO [43/3678] 46a6fb04-8720-458b-acac-d6a51adce813: does not qualify; 0.6 s; peak memory 491 MiB.
2026-10-05T05:50:48Z INFO [44/3678] 46a72d48-d4e1-43a5-91d3-7155e5bea561: does not qualify; 0.9 s; peak memory 491 MiB.
2026-10-05T05:50:50Z INFO [45/3678] 46a73c8c-838a-4ced-9eac-069e7e5aa9d4: does not qualify; 2.6 s; peak memory 491 MiB.
2026-10-05T05:50:51Z INFO [46/3678] 46a74538-b8db-49ef-a29b-49c8ca2d6c32: does not qualify; 0.9 s; peak memory 491 MiB.
2026-10-05T05:50:52Z INFO [47/3678] 46a798a8-e652-4631-b3e3-8b6d53b71a03: does not qualify; 1.0 s; peak memory 491 MiB.
2026-10-05T05:50:53Z INFO [48/3678] 46a7bd5e-066d-4b0a-929e-9fa75f101346: does not qualify; 0.7 s; peak memory 491 MiB.
2026-10-05T05:50:58Z INFO [49/3678] 46a87cf4-1459-4584-85ba-d9c444220e30: does not qualify; 5.2 s; peak memory 491 MiB.
2026-10-05T05:50:59Z INFO [50/3678] 46a99eed-4ec8-4fcf-9f17-16bd21681f6b: qualifies; 1.6 s; peak memory 491 MiB.
2026-10-05T05:51:00Z INFO [50/3678] 46a99eed-4ec8-4fcf-9f17-16bd21681f6b: checkpointed 62515 records.
2026-10-05T05:51:01Z INFO [51/3678] 46a9dd3e-b89e-4591-8986-0bb81ec5b922: does not qualify; 1.4 s; peak memory 491 MiB.
2026-10-05T05:51:02Z INFO [52/3678] 46a9fb13-b2e3-4da5-a951-e3eb95a6c0e3: does not qualify; 1.0 s; peak memory 491 MiB.
2026-10-05T05:51:03Z INFO [53/3678] 46aa4933-7b28-47ba-a19f-81d9941ffe6a: does not qualify; 1.2 s; peak memory 491 MiB.
2026-10-05T05:51:05Z INFO [54/3678] 46aab66e-2da9-4845-af08-e09a5b957cec: qualifies; 1.6 s; peak memory 491 MiB.
2026-10-05T05:51:05Z INFO [55/3678] 46ace690-348e-443e-9d95-aa3331ef2aec: does not qualify; 0.4 s; peak memory 491 MiB.
2026-10-05T05:51:07Z INFO [56/3678] 46ad0297-4846-4eca-b52b-494d4097f94c: qualifies; 2.0 s; peak memory 491 MiB.
2026-10-05T05:51:08Z INFO [57/3678] 46ad5778-e4ea-4620-b87c-baaddc5e259d: does not qualify; 0.7 s; peak memory 491 MiB.
2026-10-05T05:51:12Z INFO [58/3678] 46ae58d7-d648-4c37-a11a-5ac744f7bf49: does not qualify; 3.8 s; peak memory 491 MiB.
2026-10-05T05:51:13Z INFO [59/3678] 46aed21c-af78-4032-8dd1-f73f5e0906ee: does not qualify; 1.1 s; peak memory 491 MiB.
2026-10-05T05:51:27Z INFO [60/3678] 46b032fd-75c4-4beb-867b-a4529a1b199e: does not qualify; 14.6 s; peak memory 491 MiB.
2026-10-05T05:51:28Z INFO [61/3678] 46b04030-8eb9-4bdb-909e-98f22eba9228: does not qualify; 1.0 s; peak memory 491 MiB.
2026-10-05T05:51:29Z INFO [62/3678] 46b05f5b-3ac8-4c9a-b515-fce1d84d54af: does not qualify; 0.7 s; peak memory 491 MiB.
2026-10-05T05:51:30Z INFO [63/3678] 46b0dfc9-9c2c-47fa-9472-224d39ad7743: does not qualify; 0.7 s; peak memory 491 MiB.
2026-10-05T05:51:31Z INFO [64/3678] 46b0ffbe-4af8-4401-b518-f22b1380e2e8: does not qualify; 1.3 s; peak memory 491 MiB.
2026-10-05T05:51:32Z INFO [65/3678] 46b13cb8-888d-4e88-8921-325253c942c2: does not qualify; 0.8 s; peak memory 491 MiB.
2026-10-05T05:51:33Z INFO [66/3678] 46b1b11c-dc1e-4a3d-a115-000c9fd1a1b5: does not qualify; 1.6 s; peak memory 491 MiB.
2026-10-05T05:51:35Z INFO [67/3678] 46b1fb1c-225c-4115-9fb8-edc489c80cd1: does not qualify; 1.6 s; peak memory 491 MiB.
2026-10-05T05:51:43Z INFO [68/3678] 46b22e8a-8d8f-40f8-95a2-55ec265f1ba2: does not qualify; 7.5 s; peak memory 491 MiB.
2026-10-05T05:51:47Z INFO [69/3678] 46b46195-6527-4c9d-86bf-8945a7575556: does not qualify; 4.1 s; peak memory 491 MiB.
2026-10-05T05:51:48Z INFO [70/3678] 46b6bcbf-0d5a-4616-a386-67cdc46507d7: does not qualify; 1.2 s; peak memory 491 MiB.
2026-10-05T05:51:48Z INFO [71/3678] 46b73e1c-1f9a-4039-9a48-246601fd9268: does not qualify; 0.6 s; peak memory 491 MiB.
2026-10-05T05:51:50Z INFO [72/3678] 46b74c22-a738-45ba-9b9e-7ea89bdb9d2c: does not qualify; 1.3 s; peak memory 491 MiB.
2026-10-05T05:51:50Z INFO [73/3678] 46b79a1d-2cf7-46c4-9ccd-57a46691ab87: does not qualify; 0.6 s; peak memory 491 MiB.
2026-10-05T05:51:51Z INFO [74/3678] 46b84b93-3b7b-424a-80c4-83394f008a12: does not qualify; 0.7 s; peak memory 491 MiB.
2026-10-05T05:51:52Z INFO [75/3678] 46b9d3b5-0f13-4b18-9b50-13e64a3c157c: does not qualify; 1.4 s; peak memory 491 MiB.
2026-10-05T05:53:14Z INFO [76/3678] 46ba777a-36e5-4ffb-a336-841ec7a94a5e: qualifies; 81.8 s; peak memory 491 MiB.
2026-10-05T05:53:15Z INFO [77/3678] 46babf90-74ce-4184-8403-cace5db14db9: does not qualify; 0.8 s; peak memory 491 MiB.
2026-10-05T05:53:16Z INFO [78/3678] 46bafc09-f478-4c7c-96b9-e4f6ab1b395b: does not qualify; 0.7 s; peak memory 491 MiB.
2026-10-05T05:53:16Z INFO [79/3678] 46bb65aa-37a4-4c7f-b806-b475ab38fea7: does not qualify; 0.6 s; peak memory 491 MiB.
2026-10-05T05:53:31Z INFO [80/3678] 46bc3a44-ff74-4860-bbd3-646e2e5e2d64: does not qualify; 14.9 s; peak memory 491 MiB.
2026-10-05T05:53:32Z INFO [81/3678] 46bc4866-f642-4af4-9881-95bb41f6236e: does not qualify; 0.9 s; peak memory 491 MiB.
2026-10-05T05:53:33Z INFO [82/3678] 46bcb2e6-a789-44d8-9565-62d7c39e46b8: does not qualify; 0.8 s; peak memory 491 MiB.
2026-10-05T05:53:34Z INFO [83/3678] 46bcbe0c-2f76-48bb-886a-98eb07bec4d9: does not qualify; 0.7 s; peak memory 491 MiB.
2026-10-05T05:53:34Z INFO [84/3678] 46bd25f3-b52c-4261-b690-c0b07b4d6844: does not qualify; 0.5 s; peak memory 491 MiB.
2026-10-05T05:53:35Z INFO [85/3678] 46bdb1c2-efb5-41e9-b0e8-2e4c6e6ad84b: does not qualify; 0.9 s; peak memory 491 MiB.
2026-10-05T05:53:36Z INFO [86/3678] 46be57db-b07e-49f4-879a-7d58757c8211: does not qualify; 0.7 s; peak memory 491 MiB.
2026-10-05T05:53:37Z INFO [87/3678] 46be5fda-9434-4fec-a4d3-f6a7d061ac4c: does not qualify; 0.9 s; peak memory 491 MiB.
2026-10-05T05:53:38Z INFO [88/3678] 46beb57a-c1ac-4f59-9f37-6dfa3e2bf1f5: qualifies; 1.0 s; peak memory 491 MiB.
2026-10-05T05:53:39Z INFO [89/3678] 46bf420f-9680-4864-b3ac-78642b7e767c: does not qualify; 1.0 s; peak memory 491 MiB.
2026-10-05T05:53:40Z INFO [90/3678] 46c00e78-d815-4611-b474-0866cc68c2e5: does not qualify; 0.8 s; peak memory 491 MiB.
2026-10-05T05:53:41Z INFO [91/3678] 46c089c8-db0c-48d0-bd22-c3ce6d326093: does not qualify; 1.6 s; peak memory 491 MiB.
2026-10-05T05:53:42Z INFO [92/3678] 46c0d266-26b3-4082-8363-e6452e475619: does not qualify; 0.6 s; peak memory 491 MiB.
2026-10-05T05:53:46Z INFO [93/3678] 46c0d548-fafa-4a7f-a56b-7c0720fcfc8e: does not qualify; 3.7 s; peak memory 491 MiB.
2026-10-05T05:53:46Z INFO [94/3678] 46c12015-0bab-4d36-8daf-63e91464ba69: does not qualify; 0.8 s; peak memory 491 MiB.
2026-10-05T05:53:47Z INFO [95/3678] 46c19959-7a36-4cf0-a614-15a739606042: does not qualify; 0.7 s; peak memory 491 MiB.
2026-10-05T05:53:48Z INFO [96/3678] 46c31ab3-1027-4869-9ec4-544f7a9c49f5: does not qualify; 0.8 s; peak memory 491 MiB.
2026-10-05T05:53:49Z INFO [97/3678] 46c35ee2-8343-4017-9e37-4749be722d5f: does not qualify; 1.6 s; peak memory 491 MiB.
2026-10-05T05:53:50Z INFO [98/3678] 46c39673-1703-497e-bba1-afe9def0ea50: does not qualify; 0.5 s; peak memory 491 MiB.
2026-10-05T05:53:50Z INFO [99/3678] 46c3e98a-9891-40e2-99ce-bb9893a397a7: does not qualify; 0.6 s; peak memory 491 MiB.
2026-10-05T05:53:57Z INFO [100/3678] 46c420e5-56ef-497c-97b7-71d960d0ed79: does not qualify; 6.1 s; peak memory 491 MiB.
2026-10-05T05:53:57Z INFO [100/3678] 46c420e5-56ef-497c-97b7-71d960d0ed79: checkpointed 62565 records.
2026-10-05T05:53:57Z INFO [101/3678] 46c47d7b-40ca-494f-9955-0e6fcf1a1cf6: does not qualify; 0.8 s; peak memory 491 MiB.
2026-10-05T05:53:58Z INFO [102/3678] 46c4a882-66dc-4a3a-bc0d-e91cd387e192: does not qualify; 0.5 s; peak memory 491 MiB.
2026-10-05T05:53:59Z INFO [103/3678] 46c63016-26ba-4560-b853-72a732e2d80c: does not qualify; 0.7 s; peak memory 491 MiB.
2026-10-05T05:53:59Z INFO [104/3678] 46c86dc1-6e9d-43df-8b1c-6dc5b83143c1: does not qualify; 0.6 s; peak memory 491 MiB.
2026-10-05T05:54:00Z INFO [105/3678] 46c88894-9537-409f-ad55-4e244e439653: does not qualify; 0.7 s; peak memory 491 MiB.
2026-10-05T05:54:07Z INFO [106/3678] 46c8966d-6ab5-49f6-b044-960125f7b514: does not qualify; 6.9 s; peak memory 491 MiB.
2026-10-05T05:54:09Z INFO [107/3678] 46c8fbc7-1aae-4b92-a09d-db77b80a37ac: does not qualify; 1.9 s; peak memory 491 MiB.
2026-10-05T05:54:10Z INFO [108/3678] 46c9b968-433a-46a1-b06c-ee70f8beb1ae: does not qualify; 0.8 s; peak memory 491 MiB.
2026-10-05T05:54:10Z INFO [109/3678] 46ca8222-2e1b-49d3-9d9c-7b5793a3943c: does not qualify; 0.5 s; peak memory 491 MiB.
2026-10-05T05:54:11Z INFO [110/3678] 46cb55e1-8226-4a8a-baf3-0cbc62bc7237: does not qualify; 1.1 s; peak memory 491 MiB.
2026-10-05T05:54:14Z INFO [111/3678] 46cba098-485e-4d55-bf38-80159d241973: does not qualify; 2.7 s; peak memory 491 MiB.
2026-10-05T05:54:15Z INFO [112/3678] 46cbd727-35c6-4a03-b751-e01a7b0f29a9: does not qualify; 0.7 s; peak memory 491 MiB.
2026-10-05T05:54:15Z INFO [113/3678] 46cca8df-5408-4857-b78b-83206f7f5410: does not qualify; 0.7 s; peak memory 491 MiB.
2026-10-05T05:54:16Z INFO [114/3678] 46ccb636-1d83-461d-ac59-6ad9390644a0: does not qualify; 0.6 s; peak memory 491 MiB.
2026-10-05T05:54:16Z INFO [115/3678] 46cd96c9-5099-41f2-9472-b7db8d5abef2: does not qualify; 0.6 s; peak memory 491 MiB.
2026-10-05T05:54:17Z INFO [116/3678] 46cda730-8e48-4366-a702-dda39e60a94e: does not qualify; 0.6 s; peak memory 491 MiB.
2026-10-05T05:54:21Z INFO [117/3678] 46cdc412-72cc-4a48-ad8f-ef08b5cda1a4: does not qualify; 3.9 s; peak memory 491 MiB.
2026-10-05T05:54:23Z INFO [118/3678] 46ce1bce-575a-4601-b0ff-84083d7e8f28: does not qualify; 1.7 s; peak memory 491 MiB.
2026-10-05T05:54:23Z INFO [119/3678] 46cf472d-97f7-4e7e-a96e-33fd7d070ef6: does not qualify; 0.6 s; peak memory 491 MiB.
2026-10-05T05:54:24Z INFO [120/3678] 46d006eb-c6fe-479e-8011-10b74a811dd9: does not qualify; 0.7 s; peak memory 491 MiB.
2026-10-05T05:54:24Z INFO [121/3678] 46d01f74-aedd-415e-ac02-a1b22dfd83fd: does not qualify; 0.6 s; peak memory 491 MiB.
2026-10-05T05:54:25Z INFO [122/3678] 46d0db40-7444-4d29-b87d-854ad1af8d76: does not qualify; 0.5 s; peak memory 491 MiB.
2026-10-05T05:54:26Z INFO [123/3678] 46d0eaac-6f10-4b89-bf9e-13d198473478: does not qualify; 0.9 s; peak memory 491 MiB.
2026-10-05T05:54:27Z INFO [124/3678] 46d23a25-3672-479e-9f36-868a854dd295: does not qualify; 0.7 s; peak memory 491 MiB.
2026-10-05T05:54:28Z INFO [125/3678] 46d2e166-e27f-48b9-9e25-cfd5dbcbe62c: does not qualify; 1.1 s; peak memory 491 MiB.
2026-10-05T05:54:29Z INFO [126/3678] 46d2e375-4720-4b60-8601-2870af1e4a1a: does not qualify; 1.3 s; peak memory 491 MiB.
2026-10-05T05:54:30Z INFO [127/3678] 46d33db8-8f21-4ae9-b82b-fe93c727ca1e: does not qualify; 0.9 s; peak memory 491 MiB.
2026-10-05T05:54:30Z INFO [128/3678] 46d3e2a6-260a-43ac-92d0-3a5313fb2d91: does not qualify; 0.6 s; peak memory 491 MiB.
2026-10-05T05:54:32Z INFO [129/3678] 46d49e02-677c-436a-8ed8-bfc61368f1b5: does not qualify; 1.7 s; peak memory 491 MiB.
2026-10-05T05:54:33Z INFO [130/3678] 46d4e2cb-7a28-49e3-b963-59c42cd240e9: does not qualify; 0.8 s; peak memory 491 MiB.
2026-10-05T05:54:37Z INFO [131/3678] 46d622a5-234e-4e33-be61-0998dbca61a6: does not qualify; 4.6 s; peak memory 491 MiB.
2026-10-05T05:54:42Z INFO [132/3678] 46d68fb6-1b60-4acc-8ff1-7b9152845215: does not qualify; 4.6 s; peak memory 491 MiB.
2026-10-05T05:54:43Z INFO [133/3678] 46d6f483-144b-4360-81b4-ed263f13061f: qualifies; 1.4 s; peak memory 491 MiB.
2026-10-05T05:54:44Z INFO [134/3678] 46d6f517-5156-48ee-8f75-87a67955d1f5: does not qualify; 0.8 s; peak memory 491 MiB.
2026-10-05T05:54:48Z INFO [135/3678] 46d7a807-9eff-4386-9b02-c37e271e1453: does not qualify; 3.6 s; peak memory 519 MiB.
2026-10-05T05:54:49Z INFO [136/3678] 46d87340-5a72-4bd9-b7ee-bffb8aedfcc7: does not qualify; 0.7 s; peak memory 519 MiB.
2026-10-05T05:54:49Z INFO [137/3678] 46d8a526-cf2a-4eb8-a50c-8f22630c0287: does not qualify; 0.7 s; peak memory 519 MiB.
2026-10-05T05:54:50Z INFO [138/3678] 46d920ea-ae45-46d5-a5f6-319328e8c4af: does not qualify; 1.0 s; peak memory 519 MiB.
2026-10-05T05:54:52Z INFO [139/3678] 46d9c8c8-40fc-4716-8255-0cbc884f535d: does not qualify; 1.8 s; peak memory 519 MiB.
2026-10-05T05:54:53Z INFO [140/3678] 46da2a11-814c-428d-95b8-c419ce6316f4: does not qualify; 0.8 s; peak memory 519 MiB.
2026-10-05T05:54:54Z INFO [141/3678] 46db5af3-b61d-4715-a6bc-fabdb1f74b38: does not qualify; 0.8 s; peak memory 519 MiB.
2026-10-05T05:54:58Z INFO [142/3678] 46dbf978-db28-4b21-a54a-3c95583d9d99: does not qualify; 4.0 s; peak memory 519 MiB.
2026-10-05T05:54:58Z INFO [143/3678] 46dc947b-6382-44b2-abf1-efc5033d5983: does not qualify; 0.6 s; peak memory 519 MiB.
2026-10-05T05:55:03Z INFO [144/3678] 46dd74e3-18ed-4bdf-8742-bb8234c8b1a9: does not qualify; 5.0 s; peak memory 519 MiB.
2026-10-05T05:55:04Z INFO [145/3678] 46dd9327-5467-4d68-8190-7bed9d44b4e7: does not qualify; 0.9 s; peak memory 519 MiB.
2026-10-05T05:55:05Z INFO [146/3678] 46ddd2f8-35ec-48b6-ac17-41296a343180: does not qualify; 0.6 s; peak memory 519 MiB.
2026-10-05T05:55:05Z INFO [147/3678] 46df58ae-9373-48ca-b313-4ea89af257e5: does not qualify; 0.9 s; peak memory 519 MiB.
2026-10-05T05:55:07Z INFO [148/3678] 46df5ee1-c0c4-4315-a55c-7ae10a48cef2: does not qualify; 1.1 s; peak memory 519 MiB.
2026-10-05T05:55:07Z INFO [149/3678] 46e03202-d6cf-4085-b78a-12982115e922: does not qualify; 0.6 s; peak memory 519 MiB.
2026-10-05T05:55:09Z INFO [150/3678] 46e0dce7-fc25-44a3-9e62-d594fbfecb15: does not qualify; 1.4 s; peak memory 519 MiB.
2026-10-05T05:55:09Z INFO [150/3678] 46e0dce7-fc25-44a3-9e62-d594fbfecb15: checkpointed 62615 records.
2026-10-05T05:55:09Z INFO [151/3678] 46e17945-0e15-4d5a-8cc6-c9ebc689d6c6: does not qualify; 0.4 s; peak memory 519 MiB.
2026-10-05T05:55:11Z INFO [152/3678] 46e1f3c8-dd0b-4b5e-be80-f59ff90863f5: does not qualify; 1.6 s; peak memory 519 MiB.
2026-10-05T05:55:11Z INFO [153/3678] 46e26b96-af66-47e9-95ea-9f838bedf262: does not qualify; 0.7 s; peak memory 519 MiB.
2026-10-05T05:55:12Z INFO [154/3678] 46e39d01-dd30-4869-93fc-44a3a5e99b7a: does not qualify; 0.9 s; peak memory 519 MiB.
2026-10-05T05:55:16Z INFO [155/3678] 46e42969-ce54-4b8a-8b4f-95d95022f8e9: does not qualify; 3.4 s; peak memory 519 MiB.
2026-10-05T05:55:17Z INFO [156/3678] 46e44258-6502-42fd-a559-5d0a4b33363b: does not qualify; 0.9 s; peak memory 519 MiB.
2026-10-05T05:55:21Z INFO [157/3678] 46e45663-66d3-4742-8a10-d286df83f9a7: does not qualify; 4.5 s; peak memory 519 MiB.
2026-10-05T05:55:22Z INFO [158/3678] 46e50454-17ab-4b26-8404-5d906da6fe87: does not qualify; 0.9 s; peak memory 519 MiB.
2026-10-05T05:55:23Z INFO [159/3678] 46e51ba3-233f-4f56-9f87-c2ea271599d8: does not qualify; 1.3 s; peak memory 519 MiB.
2026-10-05T05:55:24Z INFO [160/3678] 46e52958-6a9e-4a58-b880-05ba2efb952b: does not qualify; 0.8 s; peak memory 519 MiB.
2026-10-05T05:55:26Z INFO [161/3678] 46e59940-7c6c-4569-bd22-bf36a8e6a456: does not qualify; 2.3 s; peak memory 519 MiB.
2026-10-05T05:55:28Z INFO [162/3678] 46e69923-53d0-466d-86bf-b771bdf33d41: does not qualify; 1.6 s; peak memory 519 MiB.
2026-10-05T05:55:33Z INFO [163/3678] 46e6f04a-3b37-4762-9446-e37ab6cc8bfa: does not qualify; 4.6 s; peak memory 519 MiB.
2026-10-05T05:55:39Z INFO [164/3678] 46e7c4df-979b-4147-a5ac-c9a78380f0f6: does not qualify; 6.6 s; peak memory 519 MiB.
2026-10-05T05:55:44Z INFO [165/3678] 46e7d3d2-a1f9-4a7b-a804-007d2f7a7611: does not qualify; 4.9 s; peak memory 519 MiB.
2026-10-05T05:55:45Z INFO [166/3678] 46e80972-47af-4be9-924c-824b9402dce2: does not qualify; 1.4 s; peak memory 519 MiB.
2026-10-05T05:55:46Z INFO [167/3678] 46e9e960-45a1-4f62-9138-90056daa4767: does not qualify; 1.0 s; peak memory 519 MiB.
2026-10-05T05:55:47Z INFO [168/3678] 46ea2039-d8aa-4a9a-a4a4-3faa0daa436e: does not qualify; 0.7 s; peak memory 519 MiB.
2026-10-05T05:55:51Z INFO [169/3678] 46eab65c-79c2-4921-a549-d7a31508d3c3: does not qualify; 4.2 s; peak memory 519 MiB.
2026-10-05T05:55:55Z INFO [170/3678] 46eb24fb-743b-4c12-a43b-65f46744289e: does not qualify; 3.5 s; peak memory 519 MiB.
2026-10-05T05:55:56Z INFO [171/3678] 46ecaad4-d5ac-4a7b-92f4-46e9ee0e904d: does not qualify; 0.8 s; peak memory 519 MiB.
2026-10-05T05:56:05Z INFO [172/3678] 46ed1fbf-e88f-4757-910a-ebed2b340967: does not qualify; 9.1 s; peak memory 519 MiB.
2026-10-05T05:56:06Z INFO [173/3678] 46ee611e-a50d-4a59-baa1-2022b416f01f: does not qualify; 0.7 s; peak memory 519 MiB.
2026-10-05T05:56:10Z INFO [174/3678] 46ef8593-349e-4733-904d-091374248f41: does not qualify; 4.5 s; peak memory 519 MiB.
2026-10-05T05:56:11Z INFO [175/3678] 46ef9bb4-005d-46d8-a5b1-7608fe87c17d: does not qualify; 0.7 s; peak memory 519 MiB.
2026-10-05T05:56:11Z INFO [176/3678] 46f03469-4dae-4258-9192-fae2ef68a214: does not qualify; 0.7 s; peak memory 519 MiB.
2026-10-05T05:56:12Z INFO [177/3678] 46f15a98-3493-42bf-a978-880e09c75694: does not qualify; 0.7 s; peak memory 519 MiB.
2026-10-05T05:56:13Z INFO [178/3678] 46f2efc6-791e-411a-b840-8791ad9e422d: does not qualify; 0.5 s; peak memory 519 MiB.
2026-10-05T05:56:14Z INFO [179/3678] 46f336d6-3641-4ec1-b2d3-533318eb24b1: does not qualify; 1.1 s; peak memory 519 MiB.
2026-10-05T05:56:19Z INFO [180/3678] 46f387c6-3b74-4713-a0ed-82946d1ab4d8: does not qualify; 5.0 s; peak memory 519 MiB.
2026-10-05T05:56:19Z INFO [181/3678] 46f413c1-bf86-4ad3-9780-edfad46b1f87: does not qualify; 0.4 s; peak memory 519 MiB.
2026-10-05T05:56:20Z INFO [182/3678] 46f4bb5e-feda-48a9-aa03-b390f929e52a: does not qualify; 0.6 s; peak memory 519 MiB.
2026-10-05T05:56:21Z INFO [183/3678] 46f5374a-d8db-4659-8655-8831d2466c05: does not qualify; 1.2 s; peak memory 519 MiB.
2026-10-05T05:56:22Z INFO [184/3678] 46f553ed-111d-4e5e-b4ba-ffeb31eeda5b: does not qualify; 0.7 s; peak memory 519 MiB.
2026-10-05T05:56:23Z INFO [185/3678] 46f57797-ae0b-4220-ac57-89e9984445f5: does not qualify; 0.8 s; peak memory 519 MiB.
2026-10-05T05:56:23Z INFO [186/3678] 46f5dbbd-8685-48c2-ac73-28341d4a61f4: does not qualify; 0.6 s; peak memory 519 MiB.
2026-10-05T05:56:24Z INFO [187/3678] 46f6528d-9a74-40b1-a359-502e2e4bc81e: does not qualify; 0.8 s; peak memory 519 MiB.
2026-10-05T05:56:25Z INFO [188/3678] 46f78bda-146d-456b-9b7d-7ecb126c65a8: does not qualify; 0.7 s; peak memory 519 MiB.
2026-10-05T05:56:28Z INFO [189/3678] 46f80c1a-8c84-42eb-8abd-f029449bdb47: does not qualify; 3.2 s; peak memory 519 MiB.
2026-10-05T05:56:34Z INFO [190/3678] 46f83d4e-3af6-4159-b2a1-c70081cdfbe8: does not qualify; 5.7 s; peak memory 519 MiB.
2026-10-05T05:56:34Z INFO [191/3678] 46f90c74-81b2-4e9f-9919-094254023219: does not qualify; 0.7 s; peak memory 519 MiB.
2026-10-05T05:56:38Z INFO [192/3678] 46f9546e-d861-46e1-a535-dc68ec50ea4e: does not qualify; 3.9 s; peak memory 519 MiB.
2026-10-05T05:56:39Z INFO [193/3678] 46f979f8-e239-4053-987a-acd85c44a167: does not qualify; 1.0 s; peak memory 519 MiB.
2026-10-05T05:56:44Z INFO [194/3678] 46fa1456-4ad2-440a-be28-b798d8b6798b: does not qualify; 4.3 s; peak memory 519 MiB.
2026-10-05T05:56:48Z INFO [195/3678] 46fb0f00-920d-4216-963a-12d4e6c613cd: does not qualify; 4.6 s; peak memory 519 MiB.
2026-10-05T05:56:49Z INFO [196/3678] 46fbaa93-18ad-4c4d-8f76-2e7ff4dff3d4: does not qualify; 0.7 s; peak memory 519 MiB.
2026-10-05T05:56:50Z INFO [197/3678] 46fbb68e-c841-4725-878c-0be7fec974e8: does not qualify; 0.9 s; peak memory 519 MiB.
2026-10-05T05:56:51Z INFO [198/3678] 46fbe652-09c5-4fec-aceb-382e1d0f061d: does not qualify; 0.7 s; peak memory 519 MiB.
2026-10-05T05:56:51Z INFO [199/3678] 46fcd95b-8897-4e91-8afa-ae78f70c17d3: does not qualify; 0.9 s; peak memory 519 MiB.
2026-10-05T05:56:52Z INFO [200/3678] 46fd1fee-5327-4996-81bd-6f91f589cb83: does not qualify; 0.7 s; peak memory 519 MiB.
2026-10-05T05:56:52Z INFO [200/3678] 46fd1fee-5327-4996-81bd-6f91f589cb83: checkpointed 62665 records.
2026-10-05T05:56:53Z INFO [201/3678] 46fd961a-f4cf-4cad-a3c0-230b9e491e29: does not qualify; 0.9 s; peak memory 519 MiB.
2026-10-05T05:56:54Z INFO [202/3678] 46fedc79-9af5-4775-b5be-e8d22efca61c: does not qualify; 0.7 s; peak memory 519 MiB.
2026-10-05T05:56:55Z INFO [203/3678] 46fedef6-1f7f-4f21-8feb-d44cdc07e851: does not qualify; 0.9 s; peak memory 519 MiB.
2026-10-05T05:56:55Z INFO [204/3678] 46fee66f-8d17-4f97-ae91-8bab18d5a98f: does not qualify; 0.7 s; peak memory 519 MiB.
2026-10-05T05:56:56Z INFO [205/3678] 46feff2a-8c15-4a2a-a125-03fc206e1dcd: does not qualify; 0.7 s; peak memory 519 MiB.
2026-10-05T05:56:57Z INFO [206/3678] 46ff0f4c-6546-4dc0-b1a6-08813c78adc0: does not qualify; 0.8 s; peak memory 519 MiB.
2026-10-05T05:56:57Z INFO [207/3678] 47011612-bb7f-4beb-9193-eb974da299aa: does not qualify; 0.6 s; peak memory 519 MiB.
2026-10-05T05:56:59Z INFO [208/3678] 4701a563-00c5-4f81-ae2c-3286551f10c7: qualifies; 1.9 s; peak memory 519 MiB.
2026-10-05T05:57:03Z INFO [209/3678] 4701a6d0-9bf2-461a-9752-8f800c1845cb: does not qualify; 4.0 s; peak memory 519 MiB.
2026-10-05T05:57:10Z INFO [210/3678] 470214f1-7c46-43bd-b083-168f89b614cb: does not qualify; 6.2 s; peak memory 519 MiB.
2026-10-05T05:57:10Z INFO [211/3678] 47024dad-1f65-4565-b9fa-0912c1061b33: does not qualify; 0.8 s; peak memory 519 MiB.
2026-10-05T05:57:11Z INFO [212/3678] 47029ba5-c160-458f-8a8c-e3d5911ab814: does not qualify; 0.7 s; peak memory 519 MiB.
2026-10-05T05:57:12Z INFO [213/3678] 4702c2ee-fb95-428d-94d0-2604a05a2ef3: does not qualify; 0.8 s; peak memory 519 MiB.
2026-10-05T05:57:12Z INFO [214/3678] 4702dbc0-bea6-40a1-b866-4e5f012b26d8: does not qualify; 0.6 s; peak memory 519 MiB.
2026-10-05T05:57:13Z INFO [215/3678] 47038e63-4dcd-4794-b194-699ffd40c880: does not qualify; 0.5 s; peak memory 519 MiB.
2026-10-05T05:57:14Z INFO [216/3678] 4703db5c-df94-432b-b38f-30c110233b3f: does not qualify; 1.1 s; peak memory 519 MiB.
2026-10-05T05:57:15Z INFO [217/3678] 47041fc7-73b1-451d-9989-c093163980dc: does not qualify; 0.6 s; peak memory 519 MiB.
2026-10-05T05:57:15Z INFO [218/3678] 47045940-b7e0-469b-bc33-fef5286ad5c8: does not qualify; 0.4 s; peak memory 519 MiB.
2026-10-05T05:57:17Z INFO [219/3678] 47048199-6066-4e9e-a086-7e8af80931d8: qualifies; 1.6 s; peak memory 519 MiB.
2026-10-05T05:57:18Z INFO [220/3678] 47049da1-371c-41b8-aae2-90cfbea4aa8e: does not qualify; 1.7 s; peak memory 519 MiB.
2026-10-05T05:57:20Z INFO [221/3678] 4705e67d-097f-49cd-a777-231612c7b5a2: does not qualify; 1.1 s; peak memory 519 MiB.
2026-10-05T05:57:20Z INFO [222/3678] 4705fe33-2ce9-4788-ac9d-5a104b831fe0: does not qualify; 0.6 s; peak memory 519 MiB.
2026-10-05T05:57:21Z INFO [223/3678] 47064aa5-4f13-40ed-90ba-293b50c0537c: does not qualify; 0.9 s; peak memory 519 MiB.
2026-10-05T05:57:23Z INFO [224/3678] 4708c36b-d7db-4070-afda-324e8c437a7e: does not qualify; 1.6 s; peak memory 519 MiB.
2026-10-05T05:57:27Z INFO [225/3678] 47096357-46f6-4c69-a42e-b1efd37be26c: does not qualify; 4.4 s; peak memory 663 MiB.
2026-10-05T05:57:28Z INFO [226/3678] 47098884-bea9-48ac-be4b-ac92439e42bd: does not qualify; 0.5 s; peak memory 663 MiB.
2026-10-05T05:57:32Z INFO [227/3678] 47098951-30e8-495b-a976-f6bd92b3950d: does not qualify; 4.8 s; peak memory 663 MiB.
2026-10-05T05:57:38Z INFO [228/3678] 47099ffe-0c64-4cbe-9906-596f3575854e: does not qualify; 5.9 s; peak memory 663 MiB.
2026-10-05T05:57:43Z INFO [229/3678] 4709eed3-6f0f-4873-9976-387c980e914e: does not qualify; 5.3 s; peak memory 663 MiB.
2026-10-05T05:57:44Z INFO [230/3678] 470a2976-07f7-495e-838e-f644faa7d5d2: does not qualify; 0.8 s; peak memory 663 MiB.
2026-10-05T05:57:45Z INFO [231/3678] 470a7fc4-6314-48d3-abe0-549ed679d2b5: does not qualify; 0.8 s; peak memory 663 MiB.
2026-10-05T05:57:46Z INFO [232/3678] 470ae834-0594-4c8d-ae1d-01b8a6073940: does not qualify; 0.9 s; peak memory 663 MiB.
2026-10-05T05:57:50Z INFO [233/3678] 470bf1fb-81dd-4bb9-a068-fcd9dc620b05: does not qualify; 4.3 s; peak memory 663 MiB.
2026-10-05T05:57:53Z INFO [234/3678] 470c0015-b688-4e80-ac15-46340921c84d: does not qualify; 2.6 s; peak memory 663 MiB.
2026-10-05T05:58:51Z INFO [235/3678] 470d28b4-4181-488b-ac0e-ca3d1bfee678: does not qualify; 58.4 s; peak memory 663 MiB.
2026-10-05T05:58:52Z INFO [236/3678] 470d9bb6-5858-4e6b-94f6-bf956254d2a8: does not qualify; 0.8 s; peak memory 663 MiB.
2026-10-05T05:58:53Z INFO [237/3678] 470e9600-fd3d-4ee8-8e76-b8c4d2551815: does not qualify; 0.9 s; peak memory 663 MiB.
2026-10-05T05:58:54Z INFO [238/3678] 470ed460-86ee-4cb8-97c1-de98d3680138: does not qualify; 0.5 s; peak memory 663 MiB.
2026-10-05T05:58:57Z INFO [239/3678] 4712543d-e747-44e6-8eb7-f3fd06b6c10d: does not qualify; 3.0 s; peak memory 663 MiB.
2026-10-05T05:59:01Z INFO [240/3678] 4713aa21-5be0-48ef-8d9d-5a366edf96c4: does not qualify; 4.1 s; peak memory 663 MiB.
2026-10-05T05:59:02Z INFO [241/3678] 47140115-47d2-4522-bfb8-25bcd6dd857c: does not qualify; 1.2 s; peak memory 663 MiB.
2026-10-05T05:59:04Z INFO [242/3678] 47140e5d-9a0f-4223-9f3c-918a8f642740: qualifies; 1.9 s; peak memory 663 MiB.
2026-10-05T05:59:14Z INFO [243/3678] 47146522-e54c-4d4f-b02e-613b4e4b0825: does not qualify; 10.2 s; peak memory 663 MiB.
2026-10-05T05:59:15Z INFO [244/3678] 4714a5b3-c5b3-4c3b-90cf-6a578cb83a92: does not qualify; 0.8 s; peak memory 663 MiB.
2026-10-05T05:59:16Z INFO [245/3678] 4714c7b8-3d1d-44eb-a4cd-6f1115b0903d: does not qualify; 0.8 s; peak memory 663 MiB.
2026-10-05T05:59:17Z INFO [246/3678] 4714d612-f371-4110-8965-682a60ac26e3: does not qualify; 1.0 s; peak memory 663 MiB.
2026-10-05T05:59:17Z INFO [247/3678] 47158121-dab3-405d-a880-148530138ace: does not qualify; 0.6 s; peak memory 663 MiB.
2026-10-05T05:59:18Z INFO [248/3678] 4715cca8-7545-4f79-98d9-c39237ba4384: does not qualify; 0.4 s; peak memory 663 MiB.
2026-10-05T05:59:19Z INFO [249/3678] 4715e403-3560-4bef-bc01-d04379ffa1e1: does not qualify; 1.1 s; peak memory 663 MiB.
2026-10-05T05:59:20Z INFO [250/3678] 4715eee3-b8c7-4523-9818-66e11427518f: does not qualify; 1.2 s; peak memory 663 MiB.
2026-10-05T05:59:20Z INFO [250/3678] 4715eee3-b8c7-4523-9818-66e11427518f: checkpointed 62715 records.
2026-10-05T05:59:21Z INFO [251/3678] 47164be9-4552-4976-92a9-1142025d83d8: does not qualify; 0.8 s; peak memory 663 MiB.
2026-10-05T05:59:21Z INFO [252/3678] 47180910-692a-42f0-ba33-b20fea184e70: does not qualify; 0.6 s; peak memory 663 MiB.
2026-10-05T05:59:22Z INFO [253/3678] 471955e8-0d8e-4cb8-a602-4b9b9049f749: does not qualify; 0.7 s; peak memory 663 MiB.
2026-10-05T05:59:23Z INFO [254/3678] 471a4577-1bf4-461d-a95a-9ef1072d340f: does not qualify; 0.8 s; peak memory 663 MiB.
2026-10-05T05:59:24Z INFO [255/3678] 471a4aa4-3700-42e5-be12-27ad39847976: does not qualify; 0.6 s; peak memory 663 MiB.
2026-10-05T05:59:24Z INFO [256/3678] 471a5d63-b6f9-4ce0-85d3-30633e835d45: does not qualify; 0.8 s; peak memory 663 MiB.
2026-10-05T05:59:25Z INFO [257/3678] 471a8e07-3023-441b-a556-7e619aab603c: does not qualify; 1.0 s; peak memory 663 MiB.
2026-10-05T05:59:26Z INFO [258/3678] 471aec1d-fdeb-46cb-a3c7-1e36c8eb84de: does not qualify; 0.9 s; peak memory 663 MiB.
2026-10-05T05:59:27Z INFO [259/3678] 471b4bb7-aa60-499f-8168-ddb96f63c005: does not qualify; 0.7 s; peak memory 663 MiB.
2026-10-05T05:59:33Z INFO [260/3678] 471db47f-fd6a-482b-aa0e-e0d55483b482: does not qualify; 6.5 s; peak memory 663 MiB.
2026-10-05T05:59:34Z INFO [261/3678] 471dd600-ea7d-43dc-a0a2-bea6738551e9: does not qualify; 0.8 s; peak memory 663 MiB.
2026-10-05T05:59:35Z INFO [262/3678] 471ddeba-3feb-4859-ac64-f09e395cfeed: does not qualify; 1.1 s; peak memory 663 MiB.
2026-10-05T05:59:36Z INFO [263/3678] 471e616d-8d6d-484d-a3b4-ca73387ff110: does not qualify; 0.9 s; peak memory 663 MiB.
2026-10-05T05:59:40Z INFO [264/3678] 471ea708-2692-47ea-acc3-83dfc8bc5430: does not qualify; 4.2 s; peak memory 666 MiB.
2026-10-05T05:59:41Z INFO [265/3678] 471ec2d1-99c8-437a-b711-d35ed26aa24f: does not qualify; 0.9 s; peak memory 666 MiB.
2026-10-05T05:59:42Z INFO [266/3678] 471ed6f6-d090-47c3-934a-1a017754136f: does not qualify; 0.7 s; peak memory 666 MiB.
2026-10-05T05:59:43Z INFO [267/3678] 471f527a-a46b-4798-826f-19c65a30fa38: does not qualify; 1.2 s; peak memory 666 MiB.
2026-10-05T05:59:44Z INFO [268/3678] 471f590e-7e39-433f-a8bc-6f58c37d3929: does not qualify; 0.6 s; peak memory 666 MiB.
2026-10-05T05:59:45Z INFO [269/3678] 471fd805-e9cd-452b-a0ec-d366e5067714: does not qualify; 0.7 s; peak memory 666 MiB.
2026-10-05T05:59:50Z INFO [270/3678] 4720c8d4-682f-4a47-bc28-fa894428d565: does not qualify; 5.4 s; peak memory 666 MiB.
2026-10-05T05:59:51Z INFO [271/3678] 472141ad-fb10-46e3-a10c-afb609aae386: does not qualify; 0.9 s; peak memory 666 MiB.
2026-10-05T05:59:52Z INFO [272/3678] 4721f8bf-559c-4707-b237-7cc7ef6f6456: does not qualify; 0.7 s; peak memory 666 MiB.
2026-10-05T05:59:52Z INFO [273/3678] 47225603-fae1-49ae-a4db-0339791edb56: does not qualify; 0.7 s; peak memory 666 MiB.
2026-10-05T05:59:53Z INFO [274/3678] 4722666a-d583-4780-9248-c2791e883723: does not qualify; 0.9 s; peak memory 666 MiB.
2026-10-05T05:59:54Z INFO [275/3678] 4722b57d-4e09-4c24-8071-a87f76575f34: does not qualify; 1.2 s; peak memory 666 MiB.
2026-10-05T05:59:55Z INFO [276/3678] 47235d69-181d-409d-89ba-b2ce2ba16450: does not qualify; 1.0 s; peak memory 666 MiB.
2026-10-05T05:59:57Z INFO [277/3678] 472370cc-0919-4b2f-9f4e-9ff244029f72: does not qualify; 1.6 s; peak memory 666 MiB.
2026-10-05T05:59:58Z INFO [278/3678] 47239cbf-5d39-42cc-9bff-9ac5089b2a16: does not qualify; 0.8 s; peak memory 666 MiB.
2026-10-05T06:00:01Z INFO [279/3678] 4723a17b-0393-43ed-b25f-5f815e9c249a: does not qualify; 3.2 s; peak memory 666 MiB.
2026-10-05T06:00:02Z INFO [280/3678] 4723be02-70a4-4df2-9748-0d2aca842d4f: does not qualify; 0.8 s; peak memory 666 MiB.
2026-10-05T06:00:02Z INFO [281/3678] 4725ea4d-a89d-4f0c-9211-174c1c92f15b: does not qualify; 0.8 s; peak memory 666 MiB.
2026-10-05T06:00:04Z INFO [282/3678] 47264946-9bb3-491f-9a31-5704d7929c94: does not qualify; 1.1 s; peak memory 666 MiB.
2026-10-05T06:00:05Z INFO [283/3678] 47265d50-f24c-4fbb-aa28-d4e2f47d6005: does not qualify; 1.8 s; peak memory 666 MiB.
2026-10-05T06:00:06Z INFO [284/3678] 4726d7fe-4f63-48cb-b551-5a3698fce11d: does not qualify; 0.7 s; peak memory 666 MiB.
2026-10-05T06:00:07Z INFO [285/3678] 4728d5b9-41d8-43a5-bca1-bf3850b20155: does not qualify; 1.0 s; peak memory 666 MiB.
2026-10-05T06:00:08Z INFO [286/3678] 4728dce4-772e-4078-9541-48ea58c1b113: does not qualify; 0.7 s; peak memory 666 MiB.
2026-10-05T06:00:09Z INFO [287/3678] 47293cdb-28eb-4a3b-a291-6e83f88fca46: qualifies; 1.1 s; peak memory 666 MiB.
2026-10-05T06:00:12Z INFO [288/3678] 4729422b-bf1f-40a0-aee5-45f54f8d84d2: does not qualify; 3.4 s; peak memory 666 MiB.
2026-10-05T06:00:13Z INFO [289/3678] 4729b9cb-416a-4214-a6d1-ec6739d178ae: does not qualify; 0.8 s; peak memory 666 MiB.
2026-10-05T06:00:14Z INFO [290/3678] 4729bf6c-e130-4fda-8d4f-bf909fc38866: does not qualify; 0.9 s; peak memory 666 MiB.
2026-10-05T06:00:16Z INFO [291/3678] 472a7992-fdad-429d-842c-634d33e09f8c: does not qualify; 2.0 s; peak memory 666 MiB.
2026-10-05T06:00:17Z INFO [292/3678] 472af150-9f68-4bf0-aafc-8bfde6180abb: does not qualify; 0.9 s; peak memory 666 MiB.
2026-10-05T06:00:19Z INFO [293/3678] 472b65f5-91d0-43ef-8936-fcec30ac9121: does not qualify; 2.4 s; peak memory 666 MiB.
2026-10-05T06:00:20Z INFO [294/3678] 472b8e84-9ad3-415c-8701-9a9fb4a40cb4: does not qualify; 0.8 s; peak memory 666 MiB.
2026-10-05T06:00:23Z INFO [295/3678] 472c3061-4123-4fa3-aae3-9e612b213826: does not qualify; 3.2 s; peak memory 666 MiB.
2026-10-05T06:00:29Z INFO [296/3678] 472c6efc-5964-441f-8e38-3af50d727518: does not qualify; 5.4 s; peak memory 666 MiB.
2026-10-05T06:00:29Z INFO [297/3678] 472cceed-e429-439a-909c-faa1a09b98d6: does not qualify; 0.9 s; peak memory 666 MiB.
2026-10-05T06:00:31Z INFO [298/3678] 472d3d5d-8631-4244-99db-496a8aec6902: does not qualify; 1.7 s; peak memory 666 MiB.
2026-10-05T06:00:32Z INFO [299/3678] 472de65e-80b9-42bd-97cc-ca4a6bf48e56: does not qualify; 0.7 s; peak memory 666 MiB.
2026-10-05T06:00:33Z INFO [300/3678] 472f44f7-d276-4ddb-ae99-333aa965f4f2: does not qualify; 1.6 s; peak memory 666 MiB.
2026-10-05T06:00:33Z INFO [300/3678] 472f44f7-d276-4ddb-ae99-333aa965f4f2: checkpointed 62765 records.
2026-10-05T06:00:38Z INFO [301/3678] 472f7c43-cde1-4a55-9884-ec205623622e: does not qualify; 4.7 s; peak memory 666 MiB.
2026-10-05T06:00:39Z INFO [302/3678] 47301bac-dec7-46a9-a258-d096bc0e75a6: does not qualify; 1.1 s; peak memory 666 MiB.
2026-10-05T06:00:42Z INFO [303/3678] 4730ff8e-ce52-45db-bdf3-15ed39992ec0: does not qualify; 2.8 s; peak memory 666 MiB.
2026-10-05T06:00:43Z INFO [304/3678] 47312967-da05-4989-9d23-abc3da807144: does not qualify; 0.5 s; peak memory 666 MiB.
2026-10-05T06:00:44Z INFO [305/3678] 47334721-b108-4c9a-a59d-f128f71da36d: does not qualify; 0.9 s; peak memory 666 MiB.
2026-10-05T06:00:46Z INFO [306/3678] 4733567a-4165-4572-95be-d744a7658121: does not qualify; 2.1 s; peak memory 666 MiB.
2026-10-05T06:00:47Z INFO [307/3678] 47339ed4-441a-4a98-a516-dd5f20e4a85a: does not qualify; 0.9 s; peak memory 666 MiB.
2026-10-05T06:00:47Z INFO [308/3678] 4733e34b-8b89-4b71-86e3-5ea9dbddbd29: does not qualify; 0.8 s; peak memory 666 MiB.
2026-10-05T06:00:49Z INFO [309/3678] 47341d83-6f4a-4528-82df-de87d0ad7f3e: does not qualify; 1.6 s; peak memory 666 MiB.
2026-10-05T06:00:50Z INFO [310/3678] 473584ef-fe8f-4a39-87e1-ac2630b6ff6a: does not qualify; 1.4 s; peak memory 666 MiB.
2026-10-05T06:00:56Z INFO [311/3678] 4735b89a-6507-480b-96df-41055f3bbe91: does not qualify; 6.1 s; peak memory 666 MiB.
2026-10-05T06:00:57Z INFO [312/3678] 473647d7-a75a-4b5a-b0fe-ca86ccad6bab: does not qualify; 0.4 s; peak memory 666 MiB.
2026-10-05T06:01:02Z INFO [313/3678] 4736c270-4d6f-45e2-8ce2-5a999dc5c24b: does not qualify; 4.9 s; peak memory 666 MiB.
2026-10-05T06:01:03Z INFO [314/3678] 47377049-88d2-4107-b9f9-40d22cc2286b: does not qualify; 0.9 s; peak memory 666 MiB.
2026-10-05T06:01:03Z INFO [315/3678] 47388693-9d52-4949-904f-e52cbd4be067: does not qualify; 0.6 s; peak memory 666 MiB.
2026-10-05T06:01:04Z INFO [316/3678] 473889e8-3de2-45d5-8e85-6316109ea6dc: does not qualify; 1.4 s; peak memory 666 MiB.
2026-10-05T06:01:06Z INFO [317/3678] 473893f6-7a1e-4cb5-abf1-2893cb91ba4d: does not qualify; 2.0 s; peak memory 666 MiB.
2026-10-05T06:01:07Z INFO [318/3678] 47391bc9-82c2-4ddc-a6f3-ca867a677f85: does not qualify; 0.7 s; peak memory 666 MiB.
2026-10-05T06:01:09Z INFO [319/3678] 4739bbf7-314a-49e0-b7ba-ea9f4379e64b: does not qualify; 1.4 s; peak memory 666 MiB.
2026-10-05T06:01:09Z INFO [320/3678] 4739cfd7-eddd-4e3f-9689-e68b9114fe84: does not qualify; 0.8 s; peak memory 666 MiB.
2026-10-05T06:01:11Z INFO [321/3678] 4739f000-7f51-4fb7-b161-9b469b01ad32: does not qualify; 1.3 s; peak memory 666 MiB.
2026-10-05T06:01:12Z INFO [322/3678] 473a2e36-7b6d-48e0-8350-086d900caf6c: does not qualify; 1.2 s; peak memory 666 MiB.
2026-10-05T06:01:13Z INFO [323/3678] 473a9ce7-8834-46db-aa10-479618328cd6: does not qualify; 1.3 s; peak memory 666 MiB.
2026-10-05T06:01:15Z INFO [324/3678] 473acb11-aa54-4897-8a45-556e38abb57b: does not qualify; 1.5 s; peak memory 666 MiB.
2026-10-05T06:01:15Z INFO [325/3678] 473b199d-1f30-4e04-9e8e-e91aec3442ea: does not qualify; 0.8 s; peak memory 666 MiB.
2026-10-05T06:01:20Z INFO [326/3678] 473b34db-9c43-496f-be5a-f53ca79f7d91: does not qualify; 5.0 s; peak memory 666 MiB.
2026-10-05T06:01:22Z INFO [327/3678] 473b6d66-0da7-4e0a-a72f-258519e91464: qualifies; 1.1 s; peak memory 666 MiB.
2026-10-05T06:01:25Z INFO [328/3678] 473b9a68-bc4f-44ea-81b0-8f36304449e6: qualifies; 4.0 s; peak memory 666 MiB.
2026-10-05T06:01:26Z INFO [329/3678] 473bdbc2-ce76-498f-ac77-fd34da6362b6: does not qualify; 0.8 s; peak memory 666 MiB.
2026-10-05T06:01:27Z INFO [330/3678] 473c17d4-354c-474f-ae5a-6b741942c5b8: does not qualify; 0.6 s; peak memory 666 MiB.
2026-10-05T06:01:28Z INFO [331/3678] 473ca9b6-b5ba-4ca3-90dd-2ce625e0448b: does not qualify; 1.4 s; peak memory 666 MiB.
2026-10-05T06:01:29Z INFO [332/3678] 473d16b2-0ee6-497b-9aaf-f047f03ce07b: does not qualify; 0.8 s; peak memory 666 MiB.
2026-10-05T06:01:30Z INFO [333/3678] 473eef64-fd77-4c64-ad50-c9439335167a: does not qualify; 1.4 s; peak memory 666 MiB.
2026-10-05T06:01:31Z INFO [334/3678] 473efae8-4e93-4495-b0f9-ceecb270f544: does not qualify; 0.6 s; peak memory 666 MiB.
2026-10-05T06:01:32Z INFO [335/3678] 4740ef06-9da1-44ed-ae0b-14324be62eee: does not qualify; 0.7 s; peak memory 666 MiB.
2026-10-05T06:01:34Z INFO [336/3678] 4741d395-d308-456b-8475-5e4ff4dffda3: does not qualify; 2.3 s; peak memory 666 MiB.
2026-10-05T06:01:35Z INFO [337/3678] 47422c3c-1a7a-4fdc-af2f-47a759c07546: does not qualify; 0.6 s; peak memory 666 MiB.
2026-10-05T06:01:35Z INFO [338/3678] 47427e2e-5cd3-41ec-ac44-42adcd148de0: does not qualify; 0.5 s; peak memory 666 MiB.
2026-10-05T06:01:37Z INFO [339/3678] 47427ef8-7d72-4e86-94b3-b2d6dd2ea520: does not qualify; 1.6 s; peak memory 666 MiB.
2026-10-05T06:01:39Z INFO [340/3678] 474316fa-3bbd-4e5c-8571-45f1901f8179: does not qualify; 1.8 s; peak memory 666 MiB.
2026-10-05T06:01:40Z INFO [341/3678] 4743dfd6-765c-4e82-b036-bb7b7cfa5420: does not qualify; 1.0 s; peak memory 666 MiB.
2026-10-05T06:01:40Z INFO [342/3678] 474567ef-d760-46a9-a550-3c6ece58269d: does not qualify; 0.9 s; peak memory 666 MiB.
2026-10-05T06:01:41Z INFO [343/3678] 47457052-fbc8-42a2-a3ad-7fbbd28e1c80: does not qualify; 0.8 s; peak memory 666 MiB.
2026-10-05T06:01:43Z INFO [344/3678] 4745abfb-b296-409b-a986-eaf576c5f9ff: does not qualify; 1.7 s; peak memory 666 MiB.
2026-10-05T06:01:49Z INFO [345/3678] 4746b695-168d-41ca-aa1b-1de034379d55: does not qualify; 5.8 s; peak memory 666 MiB.
2026-10-05T06:01:49Z INFO [346/3678] 4746ce1f-9daf-4c79-aedb-395ac21ab11f: does not qualify; 0.6 s; peak memory 666 MiB.
2026-10-05T06:01:50Z INFO [347/3678] 4747bc1d-8eee-4e0c-af3a-07bcc52ec962: does not qualify; 1.0 s; peak memory 666 MiB.
2026-10-05T06:01:52Z INFO [348/3678] 474a2748-82b8-4588-b56d-0da270b3d40b: does not qualify; 2.0 s; peak memory 666 MiB.
2026-10-05T06:02:13Z INFO [349/3678] 474b8547-3eff-42d9-9b97-e1c1191c2ad1: does not qualify; 20.3 s; peak memory 666 MiB.
2026-10-05T06:02:19Z INFO [350/3678] 474c73e3-04a4-43c0-a8da-64e60fad9f29: does not qualify; 6.0 s; peak memory 666 MiB.
2026-10-05T06:02:19Z INFO [350/3678] 474c73e3-04a4-43c0-a8da-64e60fad9f29: checkpointed 62815 records.
2026-10-05T06:02:20Z INFO [351/3678] 474cb693-5e6f-4948-80b0-f5fff9d0d3c5: does not qualify; 0.8 s; peak memory 666 MiB.
2026-10-05T06:02:21Z INFO [352/3678] 474cf175-3daf-4845-bbb4-a4763acaf3f0: does not qualify; 0.9 s; peak memory 666 MiB.
2026-10-05T06:02:22Z INFO [353/3678] 474d352f-37e0-4ce2-89a3-8ef88f5fafa5: does not qualify; 1.0 s; peak memory 666 MiB.
2026-10-05T06:02:22Z INFO [354/3678] 474d8c8c-ade1-4f14-9164-9deb368f84db: does not qualify; 0.9 s; peak memory 666 MiB.
2026-10-05T06:02:24Z INFO [355/3678] 474dd6ed-1c9d-473c-be6b-ae4856768371: does not qualify; 1.1 s; peak memory 666 MiB.
2026-10-05T06:02:27Z INFO [356/3678] 474e1435-dccb-47be-8e56-3495164579dc: does not qualify; 3.8 s; peak memory 666 MiB.
2026-10-05T06:02:28Z INFO [357/3678] 474e3250-c31f-4892-aa72-6bcee2be41ce: does not qualify; 0.7 s; peak memory 666 MiB.
2026-10-05T06:02:29Z INFO [358/3678] 474fe87f-cca2-4aed-bcbb-0634d47bc323: does not qualify; 0.7 s; peak memory 666 MiB.
2026-10-05T06:02:30Z INFO [359/3678] 4750b4df-dd7c-40f1-9861-17738a13ecfb: does not qualify; 0.7 s; peak memory 666 MiB.
2026-10-05T06:02:30Z INFO [360/3678] 47511e6d-045b-4b0f-9c55-2fc7dba2c658: does not qualify; 0.5 s; peak memory 666 MiB.
2026-10-05T06:02:31Z INFO [361/3678] 4751f7ce-3529-4567-a32b-4b6df6c4d005: does not qualify; 0.6 s; peak memory 666 MiB.
2026-10-05T06:02:32Z INFO [362/3678] 475230cd-5e23-4244-98dc-fe821cc75bbf: does not qualify; 1.3 s; peak memory 666 MiB.
2026-10-05T06:02:33Z INFO [363/3678] 475261c0-0e8c-413e-8cb3-e82d4240a2bd: does not qualify; 0.6 s; peak memory 666 MiB.
2026-10-05T06:02:34Z INFO [364/3678] 475280f1-9bf3-4dda-8d68-06266b2448cc: does not qualify; 1.0 s; peak memory 666 MiB.
2026-10-05T06:02:35Z INFO [365/3678] 47542bd0-33cf-4003-a955-482fbd59f808: does not qualify; 1.2 s; peak memory 666 MiB.
2026-10-05T06:02:37Z INFO [366/3678] 47548519-10dc-48ce-89f7-d816caaed2f7: does not qualify; 2.2 s; peak memory 666 MiB.
2026-10-05T06:02:38Z INFO [367/3678] 47549ffa-4c17-4bed-8ac4-9f330d7bd215: does not qualify; 0.9 s; peak memory 666 MiB.
2026-10-05T06:02:39Z INFO [368/3678] 4754e8b6-0f6c-4845-96f2-7a9c01522fa8: does not qualify; 0.9 s; peak memory 666 MiB.
2026-10-05T06:02:40Z INFO [369/3678] 47558301-9f7f-47e7-bb38-216056cd1bef: does not qualify; 0.7 s; peak memory 666 MiB.
2026-10-05T06:02:41Z INFO [370/3678] 4755ebc9-0382-4d4b-a4f1-57985b7fcc75: does not qualify; 0.9 s; peak memory 666 MiB.
2026-10-05T06:02:41Z INFO [371/3678] 47569584-8dd8-472e-8f7a-05cc0aefa4af: does not qualify; 0.5 s; peak memory 666 MiB.
2026-10-05T06:02:42Z INFO [372/3678] 47588b42-7c76-4213-8c95-ac30a312fd6d: does not qualify; 0.5 s; peak memory 666 MiB.
2026-10-05T06:02:43Z INFO [373/3678] 475925d4-14d3-494b-8635-6a199e16be2e: does not qualify; 1.1 s; peak memory 666 MiB.
2026-10-05T06:02:43Z INFO [374/3678] 475992d4-c0c2-4d90-9d6e-1a4768347767: does not qualify; 0.7 s; peak memory 666 MiB.
2026-10-05T06:02:44Z INFO [375/3678] 4759f6f2-ddd4-4da0-9b63-dbc021d31838: does not qualify; 1.1 s; peak memory 666 MiB.
2026-10-05T06:02:45Z INFO [376/3678] 475a37b1-ce38-4c4c-8353-e93d8b9ceed2: does not qualify; 0.9 s; peak memory 666 MiB.
2026-10-05T06:02:46Z INFO [377/3678] 475abd63-127c-4b5a-ae63-59a0977cf654: does not qualify; 0.7 s; peak memory 666 MiB.
2026-10-05T06:02:47Z INFO [378/3678] 475b45d5-b289-4ef4-8e42-0ab3499f9f79: does not qualify; 0.8 s; peak memory 666 MiB.
2026-10-05T06:02:49Z INFO [379/3678] 475bb3b1-5060-4d00-8cb4-6024875d8ad6: does not qualify; 1.8 s; peak memory 666 MiB.
2026-10-05T06:02:51Z INFO [380/3678] 475c9bec-6839-4d60-8c3b-877e57340743: does not qualify; 2.2 s; peak memory 666 MiB.
2026-10-05T06:02:57Z INFO [381/3678] 475d6cce-17ee-45b4-906b-ab243eb28d59: does not qualify; 5.9 s; peak memory 666 MiB.
2026-10-05T06:02:59Z INFO [382/3678] 475fc644-9303-4fdd-9ede-8d2c3ccc2c5e: does not qualify; 2.1 s; peak memory 666 MiB.
2026-10-05T06:03:00Z INFO [383/3678] 47600f2f-7c00-4bde-93c8-6fe8556a6903: does not qualify; 0.8 s; peak memory 666 MiB.
2026-10-05T06:03:09Z INFO [384/3678] 4760960f-deb4-4d5f-a2c6-ea3eb1f4cd6b: does not qualify; 9.1 s; peak memory 666 MiB.
2026-10-05T06:03:10Z INFO [385/3678] 4760bb06-c5c2-48a7-9ac5-60c7b4a235a5: does not qualify; 1.3 s; peak memory 666 MiB.
2026-10-05T06:03:14Z INFO [386/3678] 4761054d-2a7a-465c-810d-231d38124922: does not qualify; 3.7 s; peak memory 666 MiB.
2026-10-05T06:03:15Z INFO [387/3678] 4761e048-42d3-4d43-ba30-3e876b85ad6a: does not qualify; 0.7 s; peak memory 666 MiB.
2026-10-05T06:03:15Z INFO [388/3678] 4761fab4-5423-405c-8424-b239f922a386: does not qualify; 0.8 s; peak memory 666 MiB.
2026-10-05T06:03:16Z INFO [389/3678] 476388be-108c-455f-9f1e-5e96b6a1362b: does not qualify; 0.9 s; peak memory 666 MiB.
2026-10-05T06:03:17Z INFO [390/3678] 47650194-d57e-406e-9b36-9a62e7b68a3e: does not qualify; 0.6 s; peak memory 666 MiB.
2026-10-05T06:03:18Z INFO [391/3678] 47653e00-6e3c-45f3-94cb-78724beb42b4: does not qualify; 0.8 s; peak memory 666 MiB.
2026-10-05T06:03:20Z INFO [392/3678] 476541ff-335b-4e68-83a4-67e922a6cc68: does not qualify; 2.4 s; peak memory 666 MiB.
2026-10-05T06:03:26Z INFO [393/3678] 4765833a-08a0-485c-bd5b-3eda26cfa11f: does not qualify; 5.7 s; peak memory 666 MiB.
2026-10-05T06:03:26Z INFO [394/3678] 4765ac65-75cd-40f8-92cd-2b43f4109b4f: does not qualify; 0.7 s; peak memory 666 MiB.
2026-10-05T06:03:27Z INFO [395/3678] 47666158-f8b7-44af-8c54-521a89812de5: does not qualify; 0.6 s; peak memory 666 MiB.
2026-10-05T06:03:28Z INFO [396/3678] 47676745-fa89-4743-b9d5-6d750a0dd159: does not qualify; 0.6 s; peak memory 666 MiB.
2026-10-05T06:03:28Z INFO [397/3678] 47682013-eb72-4c73-bd0f-a57cfbaa49ce: does not qualify; 0.4 s; peak memory 666 MiB.
2026-10-05T06:03:29Z INFO [398/3678] 476899c7-cfe2-4683-a80a-1909e2e51e61: does not qualify; 1.5 s; peak memory 666 MiB.
2026-10-05T06:03:30Z INFO [399/3678] 476914a6-3200-42a9-8434-1655146ae35c: does not qualify; 0.9 s; peak memory 666 MiB.
2026-10-05T06:03:31Z INFO [400/3678] 47698cbc-91be-40a4-915c-47d44bd4f0bb: does not qualify; 0.6 s; peak memory 666 MiB.
2026-10-05T06:03:31Z INFO [400/3678] 47698cbc-91be-40a4-915c-47d44bd4f0bb: checkpointed 62865 records.
2026-10-05T06:03:32Z INFO [401/3678] 476ac601-2a97-4b20-aed6-683183370580: does not qualify; 1.1 s; peak memory 666 MiB.
2026-10-05T06:03:33Z INFO [402/3678] 476b28bf-8204-4ae0-89eb-c7bf0b550da8: does not qualify; 0.5 s; peak memory 666 MiB.
2026-10-05T06:03:33Z INFO [403/3678] 476b75ef-9331-410e-a56d-8bb294aaf4b3: does not qualify; 0.7 s; peak memory 666 MiB.
2026-10-05T06:03:34Z INFO [404/3678] 476bacf6-7d24-44c7-9f28-3884bd585789: does not qualify; 1.1 s; peak memory 666 MiB.
2026-10-05T06:03:39Z INFO [405/3678] 476c12c4-c3ec-4fc6-81ea-5c04290fb417: does not qualify; 4.4 s; peak memory 666 MiB.
2026-10-05T06:03:40Z INFO [406/3678] 476c8980-18a2-4ae9-96e5-19056bceae66: does not qualify; 0.8 s; peak memory 666 MiB.
2026-10-05T06:03:41Z INFO [407/3678] 476d31fd-446c-47f0-81d6-f0cbd4eb7d5e: does not qualify; 1.1 s; peak memory 666 MiB.
2026-10-05T06:03:41Z INFO [408/3678] 476dcfc8-2034-4e77-a0f6-ed209b75583e: does not qualify; 0.5 s; peak memory 666 MiB.
2026-10-05T06:03:43Z INFO [409/3678] 476f7942-30a1-46a3-9c65-914ae32e882e: does not qualify; 1.4 s; peak memory 666 MiB.
2026-10-05T06:03:43Z INFO [410/3678] 476f9e1b-6e2a-43c3-a8ca-97e214fd530a: does not qualify; 0.9 s; peak memory 666 MiB.
2026-10-05T06:03:44Z INFO [411/3678] 476fcd9d-80cb-4238-9de8-b141666efeee: does not qualify; 0.8 s; peak memory 666 MiB.
2026-10-05T06:03:46Z INFO [412/3678] 477104d3-30e1-4a7b-a44c-b47c1d719cda: does not qualify; 2.0 s; peak memory 666 MiB.
2026-10-05T06:03:47Z INFO [413/3678] 477163da-9d5e-4797-81a7-f3008e63d125: does not qualify; 0.8 s; peak memory 666 MiB.
2026-10-05T06:03:49Z INFO [414/3678] 47718fda-7e9d-49ce-871a-e0bcc24dbdbc: does not qualify; 2.2 s; peak memory 666 MiB.
2026-10-05T06:03:51Z INFO [415/3678] 4772169c-e689-4fd9-a1c2-a6cfe37b126b: does not qualify; 1.4 s; peak memory 666 MiB.
2026-10-05T06:03:52Z INFO [416/3678] 47728718-0d15-410e-a1f5-706a3d1e8c79: does not qualify; 1.0 s; peak memory 666 MiB.
2026-10-05T06:03:54Z INFO [417/3678] 4772c270-d60a-4a60-8677-65e6c78b9c5d: does not qualify; 2.6 s; peak memory 666 MiB.
2026-10-05T06:03:55Z INFO [418/3678] 4772d0a7-9391-4ab3-9cfd-804e04f32527: does not qualify; 1.0 s; peak memory 666 MiB.
2026-10-05T06:03:56Z INFO [419/3678] 47744e66-1d9d-48a4-a173-0d32787abcb3: does not qualify; 0.8 s; peak memory 666 MiB.
2026-10-05T06:03:58Z INFO [420/3678] 477499e4-dc59-45a4-8b20-de72e47711bd: does not qualify; 1.8 s; peak memory 666 MiB.
2026-10-05T06:03:59Z INFO [421/3678] 4774a885-8bf9-4268-bc60-b2e2d7b6e7a8: does not qualify; 1.0 s; peak memory 666 MiB.
2026-10-05T06:04:00Z INFO [422/3678] 47766140-595d-46c4-883c-f12ee1e3c42c: does not qualify; 1.0 s; peak memory 666 MiB.
2026-10-05T06:04:01Z INFO [423/3678] 477701e2-dee8-4f80-9a2e-bf6f646e9692: does not qualify; 0.9 s; peak memory 666 MiB.
2026-10-05T06:04:02Z INFO [424/3678] 4779c813-fae3-411c-8e3a-fd087f88ce72: does not qualify; 1.0 s; peak memory 666 MiB.
2026-10-05T06:04:03Z INFO [425/3678] 4779da63-36b5-4d98-805e-de690d2809cd: does not qualify; 1.2 s; peak memory 666 MiB.
2026-10-05T06:04:04Z INFO [426/3678] 477b7cc4-e847-4c61-9c0c-f98cfabedf50: does not qualify; 1.4 s; peak memory 666 MiB.
2026-10-05T06:04:13Z INFO [427/3678] 477bb390-535c-43a0-84b1-e2db92b74f53: does not qualify; 8.4 s; peak memory 666 MiB.
2026-10-05T06:04:13Z INFO [428/3678] 477ca414-6ea7-4f8d-aa98-27d094caa359: does not qualify; 0.7 s; peak memory 666 MiB.
2026-10-05T06:04:15Z INFO [429/3678] 477cceeb-b564-4ae9-9fef-d73e79aca8be: does not qualify; 1.9 s; peak memory 666 MiB.
2026-10-05T06:04:18Z INFO [430/3678] 477db5dc-043b-41a6-8784-3e0021cb03ac: does not qualify; 2.6 s; peak memory 666 MiB.
2026-10-05T06:04:23Z INFO [431/3678] 477df2ce-aa34-4775-8a4d-9e42a88f2b7d: does not qualify; 5.3 s; peak memory 666 MiB.
2026-10-05T06:04:24Z INFO [432/3678] 477e2f65-296e-4b4c-95e4-e82a30e14c42: does not qualify; 1.0 s; peak memory 666 MiB.
2026-10-05T06:04:25Z INFO [433/3678] 477e6009-64f1-4d22-b756-cb5fd4f6739a: does not qualify; 0.6 s; peak memory 666 MiB.
2026-10-05T06:04:26Z INFO [434/3678] 477ef3c5-8548-4f37-a468-0556f7d28246: does not qualify; 1.1 s; peak memory 666 MiB.
2026-10-05T06:04:27Z INFO [435/3678] 477f1f55-5c74-4849-ab61-7f65c616261e: does not qualify; 0.9 s; peak memory 666 MiB.
2026-10-05T06:04:32Z INFO [436/3678] 477faa3a-3e54-4e22-9ade-2e3e433d32b7: does not qualify; 4.9 s; peak memory 666 MiB.
2026-10-05T06:04:33Z INFO [437/3678] 478050f6-856b-49b5-9a66-777a4789c658: does not qualify; 0.9 s; peak memory 666 MiB.
2026-10-05T06:04:34Z INFO [438/3678] 4780921b-cde3-4020-9347-5aea1e0b093b: does not qualify; 0.8 s; peak memory 666 MiB.
2026-10-05T06:04:35Z INFO [439/3678] 4780ab01-449a-4ec4-a56c-7f38310f7691: does not qualify; 1.0 s; peak memory 666 MiB.
2026-10-05T06:04:35Z INFO [440/3678] 4780d460-d348-4d76-9d5b-43cfaa657a0e: does not qualify; 0.4 s; peak memory 666 MiB.
2026-10-05T06:04:37Z INFO [441/3678] 47816ac0-012b-4c3a-a55d-df55b5bbee7d: does not qualify; 2.2 s; peak memory 666 MiB.
2026-10-05T06:04:38Z INFO [442/3678] 4781c0d9-7b50-4138-a750-3cef764a738e: does not qualify; 1.1 s; peak memory 666 MiB.
2026-10-05T06:04:39Z INFO [443/3678] 4781e0ed-1038-403f-83b2-5928aa55fad3: does not qualify; 0.8 s; peak memory 666 MiB.
2026-10-05T06:04:40Z INFO [444/3678] 47820b8a-c7f5-4402-878a-a0656298ed9f: does not qualify; 0.8 s; peak memory 666 MiB.
2026-10-05T06:04:41Z INFO [445/3678] 47823cd6-79d1-4f05-926d-c3b35565f500: does not qualify; 1.1 s; peak memory 666 MiB.
2026-10-05T06:04:51Z INFO [446/3678] 4782617c-e1cd-40f4-afb6-a0962c0048d0: does not qualify; 10.3 s; peak memory 666 MiB.
2026-10-05T06:04:55Z INFO [447/3678] 47826343-355c-435d-9e16-925d4339cce0: does not qualify; 4.1 s; peak memory 666 MiB.
2026-10-05T06:04:56Z INFO [448/3678] 47829ab4-491e-4d52-b9ee-492f2691b9d4: does not qualify; 0.8 s; peak memory 666 MiB.
2026-10-05T06:04:57Z INFO [449/3678] 4782bbd0-5338-4038-bc62-3d69c3c5a107: does not qualify; 0.9 s; peak memory 666 MiB.
2026-10-05T06:04:59Z INFO [450/3678] 47832e20-0163-45f4-aef2-da3ab99c47e7: qualifies; 1.7 s; peak memory 666 MiB.
2026-10-05T06:04:59Z INFO [450/3678] 47832e20-0163-45f4-aef2-da3ab99c47e7: checkpointed 62915 records.
2026-10-05T06:05:00Z INFO [451/3678] 47832ea9-5b96-4713-aab2-80305f613da5: does not qualify; 0.9 s; peak memory 666 MiB.
2026-10-05T06:05:01Z INFO [452/3678] 47842fd4-fa88-4f14-96dd-eb7ec8b1345f: does not qualify; 0.8 s; peak memory 666 MiB.
2026-10-05T06:05:02Z INFO [453/3678] 478455ce-f6b1-4cc8-95ae-1ee0e298ddde: does not qualify; 0.9 s; peak memory 666 MiB.
2026-10-05T06:05:03Z INFO [454/3678] 47847628-8357-4e1b-bf72-011fe64ea404: does not qualify; 0.9 s; peak memory 666 MiB.
2026-10-05T06:05:03Z INFO [455/3678] 4785dda7-7dcf-433d-b2b1-265c6b4aa3bf: does not qualify; 0.6 s; peak memory 666 MiB.
2026-10-05T06:05:17Z INFO [456/3678] 47867cf0-74c8-4f25-93b0-18321d73e53e: does not qualify; 13.5 s; peak memory 666 MiB.
2026-10-05T06:05:18Z INFO [457/3678] 47868605-540a-47e1-969f-cad4eab69bde: does not qualify; 1.1 s; peak memory 666 MiB.
2026-10-05T06:05:20Z INFO [458/3678] 4786b90c-26bd-45eb-b92f-24f4d320a06e: does not qualify; 1.7 s; peak memory 666 MiB.
2026-10-05T06:05:20Z INFO [459/3678] 4786e769-4811-435c-b002-fa114f12d833: does not qualify; 0.6 s; peak memory 666 MiB.
2026-10-05T06:05:28Z INFO [460/3678] 478847ba-9f28-4ce4-88f8-f6dec14626cf: does not qualify; 7.7 s; peak memory 666 MiB.
2026-10-05T06:05:37Z INFO [461/3678] 478b00f4-643c-4a0d-a468-e6298e3ae36f: does not qualify; 9.0 s; peak memory 666 MiB.
2026-10-05T06:05:42Z INFO [462/3678] 478b2393-8e21-405c-975f-dad7f08fdb09: does not qualify; 5.1 s; peak memory 666 MiB.
2026-10-05T06:05:43Z INFO [463/3678] 478bbe73-d73c-4637-822c-40fb8c33ed79: does not qualify; 1.1 s; peak memory 666 MiB.
2026-10-05T06:05:44Z INFO [464/3678] 478c14ea-fe9c-44b6-94f6-d19ac42488ea: does not qualify; 0.8 s; peak memory 666 MiB.
2026-10-05T06:05:47Z INFO [465/3678] 478c8129-89e0-4c1d-932a-a8911f0a80a0: does not qualify; 3.5 s; peak memory 666 MiB.
2026-10-05T06:05:49Z INFO [466/3678] 478cb842-461b-4437-a2ca-1a738db450a0: does not qualify; 1.3 s; peak memory 666 MiB.
2026-10-05T06:05:49Z INFO [467/3678] 478cb902-7692-4765-97c4-53bde4b6ac4a: does not qualify; 0.8 s; peak memory 666 MiB.
2026-10-05T06:05:57Z INFO [468/3678] 478cca4a-8dff-4716-b56a-f054e59c6871: does not qualify; 7.3 s; peak memory 666 MiB.
2026-10-05T06:05:59Z INFO [469/3678] 478d01f7-ab1e-4d8c-96b8-421ebab41a9b: does not qualify; 1.8 s; peak memory 666 MiB.
2026-10-05T06:05:59Z INFO [470/3678] 478d6eb4-732a-4bd7-915f-84db2ed9b3db: does not qualify; 0.8 s; peak memory 666 MiB.
2026-10-05T06:06:03Z INFO [471/3678] 478da05e-5686-42bf-9318-e665e12623d6: does not qualify; 3.8 s; peak memory 666 MiB.
2026-10-05T06:06:04Z INFO [472/3678] 478da626-2762-4fed-a56d-70a988ba8781: does not qualify; 1.0 s; peak memory 666 MiB.
2026-10-05T06:06:05Z INFO [473/3678] 478dbf8b-dc75-4555-956c-0849ee01fc37: does not qualify; 0.7 s; peak memory 666 MiB.
2026-10-05T06:06:06Z INFO [474/3678] 478e56d8-bb8f-43a0-a322-a5c1a9a4ff9d: does not qualify; 0.7 s; peak memory 666 MiB.
2026-10-05T06:06:06Z INFO [475/3678] 478fadc5-32b3-478a-899e-d1e5ac5ec110: does not qualify; 0.6 s; peak memory 666 MiB.
2026-10-05T06:06:08Z INFO [476/3678] 478fc615-2c16-4373-a16c-1b663b33e418: does not qualify; 2.0 s; peak memory 666 MiB.
2026-10-05T06:06:09Z INFO [477/3678] 47915263-3970-4b2d-9be3-21e1b9a6e553: does not qualify; 0.8 s; peak memory 666 MiB.
2026-10-05T06:06:10Z INFO [478/3678] 4791584f-909c-4558-8825-3bac38773d83: does not qualify; 0.9 s; peak memory 666 MiB.
2026-10-05T06:06:10Z INFO [479/3678] 4791c2de-f207-4ea6-9aac-27fadd4a9906: does not qualify; 0.7 s; peak memory 666 MiB.
2026-10-05T06:06:14Z INFO [480/3678] 47925bd8-0688-4167-aa4a-1abe1e6ed99d: does not qualify; 3.4 s; peak memory 666 MiB.
2026-10-05T06:06:15Z INFO [481/3678] 479275ac-f657-49b4-996c-a486379805ff: does not qualify; 0.7 s; peak memory 666 MiB.
2026-10-05T06:06:16Z INFO [482/3678] 47927966-e169-4cfb-b3bf-1d6d73ac71a2: does not qualify; 1.0 s; peak memory 666 MiB.
2026-10-05T06:06:16Z INFO [483/3678] 4792a2fa-bb71-4f45-b53a-1f4da96d9639: does not qualify; 0.8 s; peak memory 666 MiB.
2026-10-05T06:06:17Z INFO [484/3678] 47930f8a-d913-4eee-8738-dd3b8f3bc609: does not qualify; 0.7 s; peak memory 666 MiB.
2026-10-05T06:06:18Z INFO [485/3678] 479349f6-0e8c-4165-b178-444f928d1d06: does not qualify; 1.3 s; peak memory 666 MiB.
2026-10-05T06:06:26Z INFO [486/3678] 47938a87-9d79-4ef3-9314-e1a73221e72e: does not qualify; 7.3 s; peak memory 666 MiB.
2026-10-05T06:06:27Z INFO [487/3678] 4793bcc7-fbe1-4339-8c74-683d43fc5a77: does not qualify; 0.9 s; peak memory 666 MiB.
2026-10-05T06:06:40Z INFO [488/3678] 4793d94a-1a48-47f8-a4f7-0ca82e9d1f13: does not qualify; 13.4 s; peak memory 666 MiB.
2026-10-05T06:06:41Z INFO [489/3678] 4794c8ab-9fd2-455d-ac27-dc3d82b4e5b4: does not qualify; 0.8 s; peak memory 666 MiB.
2026-10-05T06:06:41Z INFO [490/3678] 4795798c-d57d-45d9-9f49-c9a93c6dcaee: does not qualify; 0.6 s; peak memory 666 MiB.
2026-10-05T06:06:42Z INFO [491/3678] 4795917e-3245-4eba-9dfe-2d37df22cbe4: does not qualify; 1.1 s; peak memory 666 MiB.
2026-10-05T06:06:43Z INFO [492/3678] 4795c6ca-3a7a-4930-b275-d9682510dddb: does not qualify; 0.7 s; peak memory 666 MiB.
2026-10-05T06:06:48Z INFO [493/3678] 47964522-2190-4fb5-9bde-7f6a8613839d: does not qualify; 5.0 s; peak memory 666 MiB.
2026-10-05T06:06:59Z INFO [494/3678] 4796d33e-884d-4fa4-9b9e-dcf4eea33038: does not qualify; 10.9 s; peak memory 666 MiB.
2026-10-05T06:07:01Z INFO [495/3678] 4797dbab-5573-4320-9391-f44f40ab3383: qualifies; 2.1 s; peak memory 666 MiB.
2026-10-05T06:07:01Z INFO [496/3678] 4797e6ed-d20d-48de-a9a4-dcba59faf246: does not qualify; 0.4 s; peak memory 666 MiB.
2026-10-05T06:07:02Z INFO [497/3678] 47981312-51a2-43b0-99f6-74f37c221b99: does not qualify; 0.6 s; peak memory 666 MiB.
2026-10-05T06:07:03Z INFO [498/3678] 4799a9a9-bed4-4502-bd29-941a23129df8: does not qualify; 1.0 s; peak memory 666 MiB.
2026-10-05T06:07:04Z INFO [499/3678] 479a5d97-a315-4026-941b-52dd3a08a0a9: does not qualify; 1.4 s; peak memory 666 MiB.
2026-10-05T06:07:11Z INFO [500/3678] 479a8816-de69-4f0b-9c61-1c8a9a6fb323: does not qualify; 6.2 s; peak memory 666 MiB.
2026-10-05T06:07:11Z INFO [500/3678] 479a8816-de69-4f0b-9c61-1c8a9a6fb323: checkpointed 62965 records.
2026-10-05T06:07:15Z INFO [501/3678] 479c0c3c-b0d6-4867-b1a7-cdda20b0a493: does not qualify; 4.2 s; peak memory 666 MiB.
2026-10-05T06:07:20Z INFO [502/3678] 479c56f6-cf8d-4014-95e8-fbbb15de547e: does not qualify; 4.6 s; peak memory 680 MiB.
2026-10-05T06:07:20Z INFO [503/3678] 479e2401-c63c-48c1-a0ef-2b743519f740: does not qualify; 0.5 s; peak memory 680 MiB.
2026-10-05T06:07:21Z INFO [504/3678] 479ec858-6cc7-4e63-a748-2578207d90f2: does not qualify; 0.6 s; peak memory 680 MiB.
2026-10-05T06:07:21Z INFO [505/3678] 479f24b6-3d89-497b-908b-785a753d17ab: does not qualify; 0.7 s; peak memory 680 MiB.
2026-10-05T06:07:23Z INFO [506/3678] 479f51aa-7b80-4d02-93ca-1c7566002c5d: does not qualify; 1.2 s; peak memory 680 MiB.
2026-10-05T06:07:23Z INFO [507/3678] 47a02d68-ae22-470b-aece-3d71fb700121: does not qualify; 0.8 s; peak memory 680 MiB.
2026-10-05T06:07:24Z INFO [508/3678] 47a04549-b0ca-42d5-a4d6-56199587afc9: does not qualify; 0.7 s; peak memory 680 MiB.
2026-10-05T06:07:28Z INFO [509/3678] 47a084a3-7e6f-4c33-8b9e-2d7692cdb6fa: does not qualify; 3.7 s; peak memory 680 MiB.
2026-10-05T06:07:30Z INFO [510/3678] 47a08c71-455c-4663-8c96-1da4103e3085: does not qualify; 2.2 s; peak memory 680 MiB.
2026-10-05T06:07:31Z INFO [511/3678] 47a0a636-fd71-4ff7-91f5-0e44e6c3b398: does not qualify; 0.6 s; peak memory 680 MiB.
2026-10-05T06:09:59Z INFO [512/3678] 47a0e2af-912b-4ff8-b4f4-13b59663163e: does not qualify; 148.5 s; peak memory 901 MiB.
2026-10-05T06:10:00Z INFO [513/3678] 47a10415-1af3-46cd-b6e6-40e06531bc31: does not qualify; 1.3 s; peak memory 901 MiB.
2026-10-05T06:10:02Z INFO [514/3678] 47a1530d-e7ef-403c-8230-7a02966dea8f: does not qualify; 1.7 s; peak memory 901 MiB.
2026-10-05T06:10:03Z INFO [515/3678] 47a2561b-65aa-4934-b6fe-4057e3ce6b6e: does not qualify; 1.4 s; peak memory 901 MiB.
2026-10-05T06:10:05Z INFO [516/3678] 47a29d17-a98d-4729-b355-23b95ebc1257: does not qualify; 1.1 s; peak memory 901 MiB.
2026-10-05T06:10:06Z INFO [517/3678] 47a2ee4c-91bc-4df3-8615-e1768b145dce: does not qualify; 1.1 s; peak memory 901 MiB.
2026-10-05T06:10:07Z INFO [518/3678] 47a34110-bb1b-4e2a-ae2c-8b11f56b106e: does not qualify; 1.3 s; peak memory 901 MiB.
2026-10-05T06:10:08Z INFO [519/3678] 47a3702b-f389-4599-b8cf-ed4aca154f2a: does not qualify; 0.8 s; peak memory 901 MiB.
2026-10-05T06:10:09Z INFO [520/3678] 47a3bf6a-36a3-440e-9e03-9b88789250ed: does not qualify; 0.9 s; peak memory 901 MiB.
2026-10-05T06:10:10Z INFO [521/3678] 47a44de2-82bc-4478-b5c3-e702db8d1d62: qualifies; 1.8 s; peak memory 901 MiB.
2026-10-05T06:10:11Z INFO [522/3678] 47a4ac38-60e3-473c-962c-80058c8bdc70: does not qualify; 1.0 s; peak memory 901 MiB.
2026-10-05T06:10:12Z INFO [523/3678] 47a52ce9-d829-4933-8d42-ee1aad9de62b: does not qualify; 0.9 s; peak memory 901 MiB.
2026-10-05T06:10:13Z INFO [524/3678] 47a61540-d739-4980-9476-c30c6b2559b4: does not qualify; 0.9 s; peak memory 901 MiB.
2026-10-05T06:10:14Z INFO [525/3678] 47a69d43-e5f1-491b-aca3-ce867cd5aff8: does not qualify; 0.7 s; peak memory 901 MiB.
2026-10-05T06:10:22Z INFO [526/3678] 47a8e36c-35db-4975-85a7-bef20a27b841: does not qualify; 8.1 s; peak memory 901 MiB.
2026-10-05T06:10:23Z INFO [527/3678] 47a9a74c-d442-44b1-9df9-fe6ba9e607e3: does not qualify; 1.5 s; peak memory 901 MiB.
2026-10-05T06:10:24Z INFO [528/3678] 47aaf059-b8f3-4c30-9db3-5541552c265b: does not qualify; 0.8 s; peak memory 901 MiB.
2026-10-05T06:10:25Z INFO [529/3678] 47ac8716-6f12-47c9-b0fe-ad92e3194825: does not qualify; 0.8 s; peak memory 901 MiB.
2026-10-05T06:10:31Z INFO [530/3678] 47ace3d7-3b2f-4495-b9cd-320bf3e1b5e2: does not qualify; 5.8 s; peak memory 901 MiB.
2026-10-05T06:10:32Z INFO [531/3678] 47ad1a1c-e576-4193-ae26-fc0b87efab4e: does not qualify; 1.3 s; peak memory 901 MiB.
2026-10-05T06:10:34Z INFO [532/3678] 47ae53da-c235-4471-bef8-1b8c6ad8574a: does not qualify; 1.6 s; peak memory 901 MiB.
2026-10-05T06:10:41Z INFO [533/3678] 47aeaa09-a36b-4859-ba95-fd0dcd233f93: does not qualify; 7.0 s; peak memory 901 MiB.
2026-10-05T06:10:42Z INFO [534/3678] 47b125c8-c70b-4405-a1cb-82b627d28f72: does not qualify; 0.9 s; peak memory 901 MiB.
2026-10-05T06:10:43Z INFO [535/3678] 47b190fd-c7a4-44ef-90cd-14a88e4bdef0: does not qualify; 1.4 s; peak memory 901 MiB.
2026-10-05T06:10:45Z INFO [536/3678] 47b2cb86-1967-4b91-a9f9-a542909ba624: does not qualify; 1.8 s; peak memory 901 MiB.
2026-10-05T06:10:46Z INFO [537/3678] 47b2f993-d4da-4885-a32e-fb3a1cf5dff8: does not qualify; 0.8 s; peak memory 901 MiB.
2026-10-05T06:10:47Z INFO [538/3678] 47b34df5-04a0-4a41-91ef-cae2bbcb0e10: does not qualify; 1.3 s; peak memory 901 MiB.
2026-10-05T06:10:48Z INFO [539/3678] 47b3c2f8-71b9-4234-91f9-b41c643d6d29: does not qualify; 0.8 s; peak memory 901 MiB.
2026-10-05T06:10:48Z INFO [540/3678] 47b45539-d45b-41dc-b5be-7d9c2958cf37: does not qualify; 0.7 s; peak memory 901 MiB.
2026-10-05T06:10:49Z INFO [541/3678] 47b47b93-4984-4392-8033-90cb8153754d: does not qualify; 0.8 s; peak memory 901 MiB.
2026-10-05T06:10:51Z INFO [542/3678] 47b4c7dc-df0e-4e8c-8266-4fc11172fc25: does not qualify; 1.7 s; peak memory 901 MiB.
2026-10-05T06:10:52Z INFO [543/3678] 47b4ee33-b8f3-4e71-860f-0d9a0a469296: does not qualify; 0.8 s; peak memory 901 MiB.
2026-10-05T06:10:52Z INFO [544/3678] 47b6bdd1-8189-4e6d-9c79-a0f2631eabf4: does not qualify; 0.7 s; peak memory 901 MiB.
2026-10-05T06:10:58Z INFO [545/3678] 47b768d6-b7ea-48d5-b404-ab75bf5d16a4: does not qualify; 5.5 s; peak memory 901 MiB.
2026-10-05T06:10:59Z INFO [546/3678] 47b7c553-5769-4a4e-baa9-776fb7b8d1e8: does not qualify; 0.9 s; peak memory 901 MiB.
2026-10-05T06:11:00Z INFO [547/3678] 47b8c9f1-6c2e-4090-8bcf-5793523b2b3b: does not qualify; 0.7 s; peak memory 901 MiB.
2026-10-05T06:11:00Z INFO [548/3678] 47b8cb3d-816b-4fce-972a-2f6f6ec8eaba: does not qualify; 0.8 s; peak memory 901 MiB.
2026-10-05T06:11:01Z INFO [549/3678] 47b8d757-8ee1-4aa7-897b-d6cf7b1b8249: does not qualify; 0.7 s; peak memory 901 MiB.
2026-10-05T06:11:02Z INFO [550/3678] 47b91afc-a228-4671-bc55-3a0331678606: does not qualify; 1.1 s; peak memory 901 MiB.
2026-10-05T06:11:02Z INFO [550/3678] 47b91afc-a228-4671-bc55-3a0331678606: checkpointed 63015 records.
2026-10-05T06:11:03Z INFO [551/3678] 47bcc937-3907-42b7-a848-58ea9dec5fdf: does not qualify; 0.8 s; peak memory 901 MiB.
2026-10-05T06:11:04Z INFO [552/3678] 47be3773-cc67-43b9-ba7f-08aec54997a0: does not qualify; 1.2 s; peak memory 901 MiB.
2026-10-05T06:11:06Z INFO [553/3678] 47beaad4-3d51-4404-9c9f-2e11af4e3c05: does not qualify; 1.7 s; peak memory 901 MiB.
2026-10-05T06:11:07Z INFO [554/3678] 47c172c9-a9a6-43c3-a0ee-eb67ee4b3902: does not qualify; 1.5 s; peak memory 901 MiB.
2026-10-05T06:11:09Z INFO [555/3678] 47c19728-6cdf-4c53-afeb-d5d41e2c87ed: does not qualify; 1.9 s; peak memory 901 MiB.
2026-10-05T06:11:10Z INFO [556/3678] 47c1e7c1-537e-4348-b92b-ebf2a4d5d3ea: does not qualify; 0.7 s; peak memory 901 MiB.
2026-10-05T06:11:11Z INFO [557/3678] 47c23e78-2256-4f5e-ae05-5f937575156b: does not qualify; 0.7 s; peak memory 901 MiB.
2026-10-05T06:11:11Z INFO [558/3678] 47c4a96c-5add-4ba7-ae1a-915e6e053d22: does not qualify; 0.5 s; peak memory 901 MiB.
2026-10-05T06:11:12Z INFO [559/3678] 47c4f74a-6364-4c1f-a480-5bc4bd43af35: does not qualify; 1.1 s; peak memory 901 MiB.
2026-10-05T06:11:15Z INFO [560/3678] 47c593f5-189b-4b00-8187-626f4fe7515e: does not qualify; 3.1 s; peak memory 901 MiB.
2026-10-05T06:11:17Z INFO [561/3678] 47c5b590-26c6-4de6-ac95-2db6d39171e1: does not qualify; 1.6 s; peak memory 901 MiB.
2026-10-05T06:11:18Z INFO [562/3678] 47c64e5b-fdd1-4dee-8aa7-a5db6304748f: does not qualify; 0.7 s; peak memory 901 MiB.
2026-10-05T06:11:18Z INFO [563/3678] 47c6b4ca-6dbf-4b2d-9310-fed860b44dcd: does not qualify; 0.7 s; peak memory 901 MiB.
2026-10-05T06:11:23Z INFO [564/3678] 47c6d40f-cf1a-4cc4-976b-e23c5d7637c2: does not qualify; 4.5 s; peak memory 901 MiB.
2026-10-05T06:11:24Z INFO [565/3678] 47c6f6c9-12ae-4c86-8616-d4fa0c3c347e: does not qualify; 0.7 s; peak memory 901 MiB.
2026-10-05T06:11:25Z INFO [566/3678] 47c78f66-9795-4363-ae96-8ff4f1a752a0: does not qualify; 1.6 s; peak memory 901 MiB.
2026-10-05T06:11:26Z INFO [567/3678] 47c87497-1533-4476-81ae-5ea49ce99477: does not qualify; 1.0 s; peak memory 901 MiB.
2026-10-05T06:11:27Z INFO [568/3678] 47c88e9c-b270-4f68-982d-18a551cc745f: does not qualify; 0.8 s; peak memory 901 MiB.
2026-10-05T06:11:28Z INFO [569/3678] 47c8aa8e-035b-4c88-b294-8da9a1366673: does not qualify; 0.7 s; peak memory 901 MiB.
2026-10-05T06:11:28Z INFO [570/3678] 47c91918-e1cc-4234-974f-68940de0f12c: does not qualify; 0.7 s; peak memory 901 MiB.
2026-10-05T06:11:29Z INFO [571/3678] 47c99775-5e6b-429f-8010-bf860bfad760: does not qualify; 0.8 s; peak memory 901 MiB.
2026-10-05T06:11:30Z INFO [572/3678] 47cb68d5-6ba0-4a8e-be35-fc11c19736ba: does not qualify; 0.7 s; peak memory 901 MiB.
2026-10-05T06:11:31Z INFO [573/3678] 47cb9c1c-6073-4e72-b4b5-f6c9118b27e4: qualifies; 1.3 s; peak memory 901 MiB.
2026-10-05T06:11:32Z INFO [574/3678] 47cc1b88-33da-4853-a5dd-1dc5c4346213: does not qualify; 0.9 s; peak memory 901 MiB.
2026-10-05T06:11:33Z INFO [575/3678] 47cc93b0-1af5-4c1c-b36f-4a521cf407a4: does not qualify; 0.7 s; peak memory 901 MiB.
2026-10-05T06:11:42Z INFO [576/3678] 47ccc1ff-cbe1-40a2-8793-c700629ddfab: does not qualify; 9.1 s; peak memory 901 MiB.
2026-10-05T06:11:43Z INFO [577/3678] 47cd2a58-00af-4a25-9094-b686693c3a83: does not qualify; 1.3 s; peak memory 901 MiB.
2026-10-05T06:11:44Z INFO [578/3678] 47cd7b88-dcc5-4a28-bc86-476ada772dec: does not qualify; 0.4 s; peak memory 901 MiB.
2026-10-05T06:11:44Z INFO [579/3678] 47ce2e29-bc3a-40af-9380-477d7ebc77ed: does not qualify; 0.4 s; peak memory 901 MiB.
2026-10-05T06:11:45Z INFO [580/3678] 47ceeff9-55f0-4fd5-84df-20f1216bf9fc: does not qualify; 0.9 s; peak memory 901 MiB.
2026-10-05T06:11:46Z INFO [581/3678] 47cfdcd8-6bed-4cd5-985f-3bfaf06924cd: does not qualify; 0.5 s; peak memory 901 MiB.
2026-10-05T06:11:46Z INFO [582/3678] 47cfe670-d0e8-4360-96c7-99fda35d25ff: does not qualify; 0.9 s; peak memory 901 MiB.
2026-10-05T06:11:48Z INFO [583/3678] 47d0172e-2144-4b28-a729-09beed035667: does not qualify; 1.1 s; peak memory 901 MiB.
2026-10-05T06:11:48Z INFO [584/3678] 47d020f9-013b-428f-91c6-ab4a6ad49fa2: does not qualify; 0.7 s; peak memory 901 MiB.
2026-10-05T06:11:49Z INFO [585/3678] 47d11ea3-3c0a-40fb-8cfe-a97164607e57: does not qualify; 0.5 s; peak memory 901 MiB.
2026-10-05T06:11:49Z INFO [586/3678] 47d12345-3d85-4af6-b083-1ab61e2b3f93: does not qualify; 0.6 s; peak memory 901 MiB.
2026-10-05T06:11:50Z INFO [587/3678] 47d1d9de-d6be-4d5f-8895-89e4f48f9bc0: does not qualify; 0.7 s; peak memory 901 MiB.
2026-10-05T06:11:51Z INFO [588/3678] 47d276af-9370-4d86-a924-30dc91a789cd: does not qualify; 0.8 s; peak memory 901 MiB.
2026-10-05T06:11:52Z INFO [589/3678] 47d3a4d6-4a43-4ec6-b4cf-e2cef16d3328: does not qualify; 0.8 s; peak memory 901 MiB.
2026-10-05T06:11:52Z INFO [590/3678] 47d44736-4062-461d-8c2a-3789e6d84b9a: does not qualify; 0.7 s; peak memory 901 MiB.
2026-10-05T06:11:53Z INFO [591/3678] 47d48234-d0b5-4ddb-a611-451a0030b104: does not qualify; 0.9 s; peak memory 901 MiB.
2026-10-05T06:11:55Z INFO [592/3678] 47d54272-d250-4505-add6-5a12409f4ba8: does not qualify; 1.7 s; peak memory 901 MiB.
2026-10-05T06:11:56Z INFO [593/3678] 47d549f0-0c0f-4964-9912-ea40b4efd277: does not qualify; 1.0 s; peak memory 901 MiB.
2026-10-05T06:11:57Z INFO [594/3678] 47d55afc-2886-491b-9558-88f9311cdb05: does not qualify; 1.0 s; peak memory 901 MiB.
2026-10-05T06:11:58Z INFO [595/3678] 47d57b06-2755-40ef-a292-e7b7d6a82f11: does not qualify; 1.4 s; peak memory 901 MiB.
2026-10-05T06:11:59Z INFO [596/3678] 47d638e0-bb22-4729-863a-90a92230052e: does not qualify; 0.8 s; peak memory 901 MiB.
2026-10-05T06:12:05Z INFO [597/3678] 47d6a588-826c-4c71-839a-a71abee36a47: does not qualify; 6.0 s; peak memory 901 MiB.
2026-10-05T06:12:06Z INFO [598/3678] 47d780bb-8f84-48df-8f31-f293066da28d: does not qualify; 0.6 s; peak memory 901 MiB.
2026-10-05T06:12:07Z INFO [599/3678] 47d87791-920d-4bf6-8e34-87e156c97d4d: does not qualify; 1.3 s; peak memory 901 MiB.
2026-10-05T06:12:08Z INFO [600/3678] 47d8a01b-4cb1-4bd1-a74b-7af6a9c0f3f0: does not qualify; 0.6 s; peak memory 901 MiB.
2026-10-05T06:12:08Z INFO [600/3678] 47d8a01b-4cb1-4bd1-a74b-7af6a9c0f3f0: checkpointed 63065 records.
2026-10-05T06:12:14Z INFO [601/3678] 47d8a84c-8ac1-4b5b-9556-ba34caae8a87: does not qualify; 6.2 s; peak memory 901 MiB.
2026-10-05T06:12:15Z INFO [602/3678] 47d90186-5572-403f-a6f8-84c4544d8196: does not qualify; 0.7 s; peak memory 901 MiB.
2026-10-05T06:12:16Z INFO [603/3678] 47d94f83-df06-40db-9e6b-b5929c19f2d5: does not qualify; 1.8 s; peak memory 901 MiB.
2026-10-05T06:12:17Z INFO [604/3678] 47daf593-7b92-40ce-9614-570a11618363: does not qualify; 0.7 s; peak memory 901 MiB.
2026-10-05T06:12:18Z INFO [605/3678] 47db65f7-54da-4821-8204-d674ab2c4bca: does not qualify; 0.7 s; peak memory 901 MiB.
2026-10-05T06:12:19Z INFO [606/3678] 47db931c-6440-428e-92bf-8f7cc310c2bf: does not qualify; 0.8 s; peak memory 901 MiB.
2026-10-05T06:12:21Z INFO [607/3678] 47dcb43c-6d88-4970-ac48-6a32f0f31a58: does not qualify; 2.3 s; peak memory 901 MiB.
2026-10-05T06:12:21Z INFO [608/3678] 47de98a2-fa4a-4441-9d10-18f42b9e9fa0: does not qualify; 0.6 s; peak memory 901 MiB.
2026-10-05T06:12:25Z INFO [609/3678] 47def2fe-f40e-4c8e-9eff-63ac9ae938f5: does not qualify; 3.2 s; peak memory 901 MiB.
2026-10-05T06:12:37Z INFO [610/3678] 47dfdcfb-a565-4aaa-89af-391125ce73dd: does not qualify; 12.8 s; peak memory 901 MiB.
2026-10-05T06:12:38Z INFO [611/3678] 47e04dfd-24bc-4178-bb8b-61f9f99bdb55: does not qualify; 0.8 s; peak memory 901 MiB.
2026-10-05T06:12:39Z INFO [612/3678] 47e070a4-14c3-4cbc-9183-396a99d72a2e: does not qualify; 1.2 s; peak memory 901 MiB.
2026-10-05T06:12:41Z INFO [613/3678] 47e0aec4-e5d8-4141-9ea8-ee430936014f: does not qualify; 1.0 s; peak memory 901 MiB.
2026-10-05T06:12:44Z INFO [614/3678] 47e15d24-defb-4d8d-b362-563af0fbd06b: does not qualify; 3.8 s; peak memory 901 MiB.
2026-10-05T06:12:45Z INFO [615/3678] 47e328cc-5836-4aee-acef-dc83814de7b5: does not qualify; 0.8 s; peak memory 901 MiB.
2026-10-05T06:12:46Z INFO [616/3678] 47e37fcb-357e-486a-a77f-ff12781f59e2: does not qualify; 0.6 s; peak memory 901 MiB.
2026-10-05T06:12:46Z INFO [617/3678] 47e471ce-df04-43a4-b609-36e94035c568: does not qualify; 0.5 s; peak memory 901 MiB.
2026-10-05T06:12:47Z INFO [618/3678] 47e47a24-6eb0-46d4-aad2-0b2a8208e347: does not qualify; 0.8 s; peak memory 901 MiB.
2026-10-05T06:12:49Z INFO [619/3678] 47e620b1-df40-4fdd-a9d5-0026dad46125: does not qualify; 2.1 s; peak memory 901 MiB.
2026-10-05T06:12:50Z INFO [620/3678] 47e6b19e-80ea-46a9-9f73-8b18a5586e28: does not qualify; 0.9 s; peak memory 901 MiB.
2026-10-05T06:12:51Z INFO [621/3678] 47e6c3ae-96b6-4d2d-9663-441dff92a215: does not qualify; 0.9 s; peak memory 901 MiB.
2026-10-05T06:12:52Z INFO [622/3678] 47e7827f-3e93-4eaf-a207-639d97a850d4: does not qualify; 0.9 s; peak memory 901 MiB.
2026-10-05T06:13:00Z INFO [623/3678] 47e7c28b-9e44-4564-8070-dde7d26d44c7: does not qualify; 8.5 s; peak memory 901 MiB.
2026-10-05T06:13:01Z INFO [624/3678] 47e8215f-a467-402e-9223-dd1a3c21614a: does not qualify; 1.0 s; peak memory 901 MiB.
2026-10-05T06:13:02Z INFO [625/3678] 47e8de23-a24c-44a6-9b6a-3da71e05345c: does not qualify; 1.2 s; peak memory 901 MiB.
2026-10-05T06:13:04Z INFO [626/3678] 47e8de7d-c09d-4ba1-89a2-b917cd3a1203: does not qualify; 1.6 s; peak memory 901 MiB.
2026-10-05T06:13:05Z INFO [627/3678] 47e91479-061c-4586-ba18-758fd68f7a14: does not qualify; 1.0 s; peak memory 901 MiB.
2026-10-05T06:13:07Z INFO [628/3678] 47e97510-dbfa-449d-9905-3e78d14d686b: does not qualify; 1.7 s; peak memory 901 MiB.
2026-10-05T06:13:08Z INFO [629/3678] 47e9ffae-6f2b-4f42-a605-80b04405794f: does not qualify; 1.6 s; peak memory 901 MiB.
2026-10-05T06:13:09Z INFO [630/3678] 47ead5d5-c0a7-48d6-a981-243efc1ebcb6: does not qualify; 0.6 s; peak memory 901 MiB.
2026-10-05T06:13:10Z INFO [631/3678] 47ebbb5d-eeba-4e75-838a-84c687885e93: does not qualify; 1.1 s; peak memory 901 MiB.
2026-10-05T06:13:11Z INFO [632/3678] 47ebcfdf-0304-4ccd-aaab-bdcdab63c374: does not qualify; 0.7 s; peak memory 901 MiB.
2026-10-05T06:13:13Z INFO [633/3678] 47ec0f4c-c2a9-4412-ac58-bc5fe64cb60a: does not qualify; 2.5 s; peak memory 901 MiB.
2026-10-05T06:13:14Z INFO [634/3678] 47ec5817-f548-44d5-87a1-0d362adc1fd3: does not qualify; 0.9 s; peak memory 901 MiB.
2026-10-05T06:13:15Z INFO [635/3678] 47eca576-ebd9-478d-892a-07df8daf6df4: does not qualify; 1.1 s; peak memory 901 MiB.
2026-10-05T06:13:16Z INFO [636/3678] 47ed8907-e072-4f61-b417-671d36303290: does not qualify; 0.7 s; peak memory 901 MiB.
2026-10-05T06:13:17Z INFO [637/3678] 47ed9177-1ec1-496c-b315-cad0811b8af7: does not qualify; 1.1 s; peak memory 901 MiB.
2026-10-05T06:13:18Z INFO [638/3678] 47edbac2-7776-4602-a960-f52ef45d3284: does not qualify; 0.8 s; peak memory 901 MiB.
2026-10-05T06:13:19Z INFO [639/3678] 47ee0757-5ffe-42d6-a534-391d1bf21de2: does not qualify; 0.7 s; peak memory 901 MiB.
2026-10-05T06:13:19Z INFO [640/3678] 47ee940c-a157-4d6e-a2d8-6730a7f0f49a: does not qualify; 0.6 s; peak memory 901 MiB.
2026-10-05T06:13:20Z INFO [641/3678] 47eeed54-dcfd-4564-b99b-7806164b36da: does not qualify; 0.8 s; peak memory 901 MiB.
2026-10-05T06:13:21Z INFO [642/3678] 47ef4b1c-84cf-4dd3-8923-350e37260219: does not qualify; 0.8 s; peak memory 901 MiB.
2026-10-05T06:13:22Z INFO [643/3678] 47f136a6-40b1-4bfd-8e20-d6a77f0c401d: does not qualify; 0.6 s; peak memory 901 MiB.
2026-10-05T06:13:22Z INFO [644/3678] 47f13ecb-f881-468d-a2eb-caebf47e698d: does not qualify; 0.9 s; peak memory 901 MiB.
2026-10-05T06:13:23Z INFO [645/3678] 47f1f946-064b-4d9f-aaa6-34ff8b4df6da: does not qualify; 0.9 s; peak memory 901 MiB.
2026-10-05T06:13:24Z INFO [646/3678] 47f255ac-8e05-4141-a2fd-0a1bcc3f9402: does not qualify; 0.7 s; peak memory 901 MiB.
2026-10-05T06:13:25Z INFO [647/3678] 47f2d71f-0535-4a75-a587-5ac2461bdb1b: does not qualify; 0.5 s; peak memory 901 MiB.
2026-10-05T06:13:26Z INFO [648/3678] 47f373aa-6f44-4ece-bd54-d7a1edd4bbd2: does not qualify; 1.3 s; peak memory 901 MiB.
2026-10-05T06:13:32Z INFO [649/3678] 47f39de1-e736-4513-8eea-e93fd99ce70d: does not qualify; 6.5 s; peak memory 901 MiB.
2026-10-05T06:13:33Z INFO [650/3678] 47f4992c-1b0c-453e-a589-a48629ea6d41: does not qualify; 0.8 s; peak memory 901 MiB.
2026-10-05T06:13:33Z INFO [650/3678] 47f4992c-1b0c-453e-a589-a48629ea6d41: checkpointed 63115 records.
2026-10-05T06:13:38Z INFO [651/3678] 47f550c9-1e04-401f-a37a-c765e5f5085c: does not qualify; 4.9 s; peak memory 901 MiB.
2026-10-05T06:13:39Z INFO [652/3678] 47f5602f-6c2b-4dcd-b278-02057f1b07ef: does not qualify; 0.7 s; peak memory 901 MiB.
2026-10-05T06:13:40Z INFO [653/3678] 47f5acea-ba84-44df-9e56-4fddaca9327a: does not qualify; 0.9 s; peak memory 901 MiB.
2026-10-05T06:13:41Z INFO [654/3678] 47f623d1-3882-44d0-b2ea-2b23d2ea6d2e: does not qualify; 1.1 s; peak memory 901 MiB.
2026-10-05T06:13:42Z INFO [655/3678] 47f68f31-e8a0-4def-9744-87b2725e7abe: does not qualify; 1.2 s; peak memory 901 MiB.
2026-10-05T06:13:44Z INFO [656/3678] 47f85bd0-e9a3-4614-b685-5e7f41fd40d7: does not qualify; 1.8 s; peak memory 901 MiB.
2026-10-05T06:13:45Z INFO [657/3678] 47f868ef-893d-4b6f-98d8-fb8934ca246e: does not qualify; 0.7 s; peak memory 901 MiB.
2026-10-05T06:13:46Z INFO [658/3678] 47f87e27-b732-4fff-8c23-6a9245b4b6e9: does not qualify; 0.8 s; peak memory 901 MiB.
2026-10-05T06:13:47Z INFO [659/3678] 47f8edae-9167-4886-b5fe-713f6b3fcfe6: does not qualify; 1.0 s; peak memory 901 MiB.
2026-10-05T06:13:47Z INFO [660/3678] 47f952f6-ae86-49dc-b485-1fa2c3b51113: does not qualify; 0.8 s; peak memory 901 MiB.
2026-10-05T06:13:49Z INFO [661/3678] 47f9dfec-d909-4eb6-bcf4-b8c7054e734d: does not qualify; 1.9 s; peak memory 901 MiB.
2026-10-05T06:13:50Z INFO [662/3678] 47fa2eb9-3f18-4fc5-93f7-fedf2adda39d: does not qualify; 0.5 s; peak memory 901 MiB.
2026-10-05T06:13:50Z INFO [663/3678] 47fa4d87-3ca8-4ffa-b51b-10f2e05ab383: does not qualify; 0.7 s; peak memory 901 MiB.
2026-10-05T06:13:51Z INFO [664/3678] 47fa57d2-bf48-4725-ae23-c5b4e66c0335: does not qualify; 0.8 s; peak memory 901 MiB.
2026-10-05T06:13:56Z INFO [665/3678] 47fa632a-57c6-4691-8b8d-41b2d462dd64: does not qualify; 4.4 s; peak memory 901 MiB.
2026-10-05T06:13:56Z INFO [666/3678] 47fb60ec-1563-43ca-9bb5-008797e4fdca: does not qualify; 0.9 s; peak memory 901 MiB.
2026-10-05T06:13:57Z INFO [667/3678] 47fbb0dc-a5db-4713-962e-4bc174ec53ba: does not qualify; 0.6 s; peak memory 901 MiB.
2026-10-05T06:13:58Z INFO [668/3678] 47fbf936-1eb1-423f-bac7-01455dc9c6bb: does not qualify; 0.7 s; peak memory 901 MiB.
2026-10-05T06:13:58Z INFO [669/3678] 47fc208f-bda0-4d7f-9c96-9f4ad0039eda: does not qualify; 0.6 s; peak memory 901 MiB.
2026-10-05T06:13:59Z INFO [670/3678] 47fc8f0a-5e5e-483d-b5b4-6c4041f5cbbd: does not qualify; 0.6 s; peak memory 901 MiB.
2026-10-05T06:14:00Z INFO [671/3678] 47fcdc80-bbe8-4840-bd21-6ddef46907bc: does not qualify; 0.7 s; peak memory 901 MiB.
2026-10-05T06:14:01Z INFO [672/3678] 47fedc0b-b9be-451b-95bc-e378c7613896: does not qualify; 0.9 s; peak memory 901 MiB.
2026-10-05T06:14:02Z INFO [673/3678] 47feead4-bf9a-4223-8707-7fadc9c5eeb6: does not qualify; 1.0 s; peak memory 901 MiB.
2026-10-05T06:14:03Z INFO [674/3678] 47ffb049-b545-4f63-84da-76dc4bfbb292: does not qualify; 0.8 s; peak memory 901 MiB.
2026-10-05T06:14:03Z INFO [675/3678] 4800ad1d-18b3-45f0-9abf-e0f0a72aeeb5: does not qualify; 0.7 s; peak memory 901 MiB.
2026-10-05T06:14:06Z INFO [676/3678] 4800c3ca-b177-4dd8-b907-4dac27f4c289: does not qualify; 3.3 s; peak memory 901 MiB.
2026-10-05T06:14:08Z INFO [677/3678] 48011fdb-820b-4c53-ba25-c22f0454c519: does not qualify; 1.1 s; peak memory 901 MiB.
2026-10-05T06:14:08Z INFO [678/3678] 480199b6-ec26-4de3-aa64-81256f87593b: does not qualify; 0.7 s; peak memory 901 MiB.
2026-10-05T06:14:09Z INFO [679/3678] 4801bf98-84f5-46e2-9d33-080c953f42da: does not qualify; 0.9 s; peak memory 901 MiB.
2026-10-05T06:14:10Z INFO [680/3678] 4801d416-f98a-4349-9cac-9e3266db1164: does not qualify; 0.8 s; peak memory 901 MiB.
2026-10-05T06:14:11Z INFO [681/3678] 48024d4a-3bb6-408e-a709-d1df9f27403e: does not qualify; 0.6 s; peak memory 901 MiB.
2026-10-05T06:14:11Z INFO [682/3678] 4802bc77-4cd7-406a-b488-ea8411be0913: does not qualify; 0.8 s; peak memory 901 MiB.
2026-10-05T06:14:12Z INFO [683/3678] 4802e92e-7350-480f-9d07-080aa4027506: does not qualify; 0.8 s; peak memory 901 MiB.
2026-10-05T06:14:13Z INFO [684/3678] 4804290f-1135-4248-83e8-2dd6c8c9a12a: does not qualify; 1.0 s; peak memory 901 MiB.
2026-10-05T06:14:14Z INFO [685/3678] 480537ab-3403-466c-bdbd-1522fb262d5b: does not qualify; 0.8 s; peak memory 901 MiB.
2026-10-05T06:14:15Z INFO [686/3678] 48054296-c53c-4b32-94c4-e026edc08874: does not qualify; 1.5 s; peak memory 901 MiB.
2026-10-05T06:14:16Z INFO [687/3678] 48062e82-fbcc-4722-9e59-304fd3666d5a: does not qualify; 0.9 s; peak memory 901 MiB.
2026-10-05T06:14:18Z INFO [688/3678] 4806b019-7ae1-4139-8049-ca4fb828b619: does not qualify; 1.7 s; peak memory 901 MiB.
2026-10-05T06:14:18Z INFO [689/3678] 4807037e-7a98-4380-8ec0-81b2dfd636c4: does not qualify; 0.6 s; peak memory 901 MiB.
2026-10-05T06:14:20Z INFO [690/3678] 48098329-6069-4fba-8092-f369ce49af7a: does not qualify; 1.1 s; peak memory 901 MiB.
2026-10-05T06:14:20Z INFO [691/3678] 4809a35a-4c12-41e0-8398-3916172681c1: does not qualify; 0.7 s; peak memory 901 MiB.
2026-10-05T06:14:25Z INFO [692/3678] 480aba96-4c2c-4c25-be5a-9b46cde8a26e: does not qualify; 4.7 s; peak memory 901 MiB.
2026-10-05T06:14:36Z INFO [693/3678] 480b1d8d-dbe3-44e5-a4a9-c81fa8ee10bd: does not qualify; 11.5 s; peak memory 901 MiB.
2026-10-05T06:14:38Z INFO [694/3678] 480b8897-1c3b-427f-9af0-728ecaf038a6: does not qualify; 1.1 s; peak memory 901 MiB.
2026-10-05T06:14:38Z INFO [695/3678] 480c065c-882c-4a72-bcba-642879e50d4f: does not qualify; 0.7 s; peak memory 901 MiB.
2026-10-05T06:14:39Z INFO [696/3678] 480c3c3f-aac4-44a1-b271-1a0e35ad67a7: does not qualify; 0.6 s; peak memory 901 MiB.
2026-10-05T06:14:39Z INFO [697/3678] 480cedef-877e-48a9-8b0d-b778d591934b: does not qualify; 0.6 s; peak memory 901 MiB.
2026-10-05T06:14:40Z INFO [698/3678] 480d26c0-e371-4e2a-aabf-7a6eec5bc494: does not qualify; 0.8 s; peak memory 901 MiB.
2026-10-05T06:14:41Z INFO [699/3678] 480d82fa-988a-4344-a81b-3d1604f90508: does not qualify; 0.7 s; peak memory 901 MiB.
2026-10-05T06:14:42Z INFO [700/3678] 480ddae8-f9c1-4b81-8dbd-5458fd4739d8: does not qualify; 0.7 s; peak memory 901 MiB.
2026-10-05T06:14:42Z INFO [700/3678] 480ddae8-f9c1-4b81-8dbd-5458fd4739d8: checkpointed 63165 records.
2026-10-05T06:14:43Z INFO [701/3678] 480e48d4-9615-4028-a590-83ecb6c0777e: does not qualify; 1.0 s; peak memory 901 MiB.
2026-10-05T06:14:44Z INFO [702/3678] 480e764b-f164-42be-a6bb-546de5e3162f: does not qualify; 1.0 s; peak memory 901 MiB.
2026-10-05T06:14:44Z INFO [703/3678] 480ebc76-f530-4e10-8c47-1fe3a0bda755: does not qualify; 0.4 s; peak memory 901 MiB.
2026-10-05T06:14:45Z INFO [704/3678] 480fd26b-8d09-4b46-aa5d-4b6f02b63c59: does not qualify; 0.5 s; peak memory 901 MiB.
2026-10-05T06:14:45Z INFO [705/3678] 4810053e-5b34-4dd9-901c-d3be8ff55aa4: does not qualify; 0.7 s; peak memory 901 MiB.
2026-10-05T06:14:53Z INFO [706/3678] 48101bad-357f-40fe-be00-64ea3f035db8: does not qualify; 7.5 s; peak memory 901 MiB.
2026-10-05T06:14:53Z INFO [707/3678] 4810795a-66ef-4c14-adc5-b15fae0a4d1f: does not qualify; 0.6 s; peak memory 901 MiB.
2026-10-05T06:14:54Z INFO [708/3678] 4810fdf7-4877-430a-8781-1203a760f57c: does not qualify; 1.1 s; peak memory 901 MiB.
2026-10-05T06:14:55Z INFO [709/3678] 4811855c-a088-497e-ac78-38180e2d5354: does not qualify; 0.9 s; peak memory 901 MiB.
2026-10-05T06:14:56Z INFO [710/3678] 48118a67-910b-4b8f-ace8-49e18cd03ab6: does not qualify; 0.7 s; peak memory 901 MiB.
2026-10-05T06:14:57Z INFO [711/3678] 48124a56-1024-47da-b066-64e9c0104f5f: does not qualify; 0.6 s; peak memory 901 MiB.
2026-10-05T06:14:57Z INFO [712/3678] 48133d87-c742-4f86-b57a-f5e19a06bc50: does not qualify; 0.7 s; peak memory 901 MiB.
2026-10-05T06:14:58Z INFO [713/3678] 4813518f-73d9-4bf8-b9c6-c5d92c0dcb29: does not qualify; 0.7 s; peak memory 901 MiB.
2026-10-05T06:15:02Z INFO [714/3678] 48149282-39d4-41c1-87ee-a7d147a94757: does not qualify; 3.7 s; peak memory 901 MiB.
2026-10-05T06:15:05Z INFO [715/3678] 481528eb-4e40-4ba9-a233-6cbce5b2f095: does not qualify; 3.3 s; peak memory 901 MiB.
2026-10-05T06:15:06Z INFO [716/3678] 48155d0d-255a-4a13-863a-dc7873205b7f: does not qualify; 0.8 s; peak memory 901 MiB.
2026-10-05T06:15:07Z INFO [717/3678] 48155f87-0652-4176-98e0-96b1be9c568d: does not qualify; 0.7 s; peak memory 901 MiB.
2026-10-05T06:15:08Z INFO [718/3678] 4815c341-bb70-4c80-8f30-7aa8c9b43309: does not qualify; 1.2 s; peak memory 901 MiB.
2026-10-05T06:15:09Z INFO [719/3678] 4817227c-dc8e-46d2-93f6-659711c3cab5: does not qualify; 0.7 s; peak memory 901 MiB.
2026-10-05T06:15:09Z INFO [720/3678] 48173291-ce95-439b-9dc1-f1df88b553c1: does not qualify; 0.9 s; peak memory 901 MiB.
2026-10-05T06:15:10Z INFO [721/3678] 481989e4-f888-411c-8bf3-ba10d6cae0e0: does not qualify; 0.9 s; peak memory 901 MiB.
2026-10-05T06:15:11Z INFO [722/3678] 4819c26e-daac-44d7-ac83-ea43ce510c4c: does not qualify; 1.1 s; peak memory 901 MiB.
2026-10-05T06:15:13Z INFO [723/3678] 481a1147-7a4d-4268-a047-6b6a1b994933: does not qualify; 1.6 s; peak memory 901 MiB.
2026-10-05T06:15:19Z INFO [724/3678] 481a4c9f-34fd-4ab6-bedb-4be043881833: does not qualify; 5.9 s; peak memory 901 MiB.
2026-10-05T06:15:20Z INFO [725/3678] 481a7af9-5595-4bc2-a648-f40d743176e2: does not qualify; 1.2 s; peak memory 901 MiB.
2026-10-05T06:15:21Z INFO [726/3678] 481aa8b4-22b1-4991-a0cd-6712eceefa92: does not qualify; 0.7 s; peak memory 901 MiB.
2026-10-05T06:15:21Z INFO [727/3678] 481af612-a840-437a-817f-063388a63913: does not qualify; 0.4 s; peak memory 901 MiB.
2026-10-05T06:15:25Z INFO [728/3678] 481b352a-f315-47f3-837f-a55ed6d0b851: does not qualify; 3.5 s; peak memory 901 MiB.
2026-10-05T06:15:26Z INFO [729/3678] 481b3c28-13c7-4676-937d-79807af478e9: does not qualify; 1.0 s; peak memory 901 MiB.
2026-10-05T06:15:27Z INFO [730/3678] 481c10d5-9585-426e-b7ea-1bbfb5bddac1: does not qualify; 1.0 s; peak memory 901 MiB.
2026-10-05T06:15:27Z INFO [731/3678] 481d435b-dac6-419a-8d96-5c79bcf47628: does not qualify; 0.6 s; peak memory 901 MiB.
2026-10-05T06:15:28Z INFO [732/3678] 481ddaab-38a8-49e0-84fd-5506afca603f: does not qualify; 0.7 s; peak memory 901 MiB.
2026-10-05T06:15:32Z INFO [733/3678] 481e136c-6eb7-4743-9d83-346f7d1a445a: does not qualify; 4.4 s; peak memory 901 MiB.
2026-10-05T06:15:36Z INFO [734/3678] 481e58c4-3ed6-4e00-9275-791a2bb8b0e1: does not qualify; 4.1 s; peak memory 901 MiB.
2026-10-05T06:15:37Z INFO [735/3678] 481f1519-735f-44ac-96ea-0de1ada3374d: does not qualify; 0.6 s; peak memory 901 MiB.
2026-10-05T06:15:38Z INFO [736/3678] 481f5523-fd70-494f-b5d1-143cd596af74: does not qualify; 0.7 s; peak memory 901 MiB.
2026-10-05T06:15:40Z INFO [737/3678] 48208811-cf0d-4d48-9ea8-9d2377ca3973: does not qualify; 2.4 s; peak memory 901 MiB.
2026-10-05T06:15:44Z INFO [738/3678] 4821db61-2720-4d61-8556-182eba14b1fe: does not qualify; 3.9 s; peak memory 901 MiB.
2026-10-05T06:15:45Z INFO [739/3678] 48233332-db53-42c8-9592-4605e4a26ff9: does not qualify; 1.4 s; peak memory 901 MiB.
2026-10-05T06:15:47Z INFO [740/3678] 48246ca9-c7f7-4cfa-81e7-81ef272eb3b6: does not qualify; 1.2 s; peak memory 901 MiB.
2026-10-05T06:15:49Z INFO [741/3678] 4825bce4-ef80-4a89-abb1-fbb1e1b82e25: does not qualify; 1.9 s; peak memory 901 MiB.
2026-10-05T06:15:50Z INFO [742/3678] 4825cfd1-bc75-4dd2-b4b7-77995ab57e0a: qualifies; 1.2 s; peak memory 901 MiB.
2026-10-05T06:15:51Z INFO [743/3678] 48271717-f698-425a-95c5-9a3990003a13: does not qualify; 1.4 s; peak memory 901 MiB.
2026-10-05T06:15:52Z INFO [744/3678] 482731d2-fdc8-4ca6-ad6b-e421c5847940: does not qualify; 1.0 s; peak memory 901 MiB.
2026-10-05T06:15:53Z INFO [745/3678] 48278361-1ed4-4faa-8989-65bac5d5e035: does not qualify; 1.1 s; peak memory 901 MiB.
2026-10-05T06:15:56Z INFO [746/3678] 48283f65-bb2e-4bcc-8234-a7ddce6b5dd3: does not qualify; 2.3 s; peak memory 901 MiB.
2026-10-05T06:15:56Z INFO [747/3678] 48284166-949c-46cf-ac19-1b7323cea941: does not qualify; 0.8 s; peak memory 901 MiB.
2026-10-05T06:15:57Z INFO [748/3678] 4829251f-f36a-449a-a65c-a6b24dc1d8c6: does not qualify; 0.8 s; peak memory 901 MiB.
2026-10-05T06:15:58Z INFO [749/3678] 482926d2-05b8-4a75-a9e8-37180a096a0c: does not qualify; 0.7 s; peak memory 901 MiB.
2026-10-05T06:16:06Z INFO [750/3678] 48297b1a-d72d-4c30-8988-0cb1444c9c20: does not qualify; 8.2 s; peak memory 901 MiB.
2026-10-05T06:16:06Z INFO [750/3678] 48297b1a-d72d-4c30-8988-0cb1444c9c20: checkpointed 63215 records.
2026-10-05T06:16:07Z INFO [751/3678] 482a8ac2-38cf-4f1f-ad5f-93ac51afe1e7: does not qualify; 0.8 s; peak memory 901 MiB.
2026-10-05T06:16:08Z INFO [752/3678] 482b71ef-e556-4631-ba34-34257c553b31: qualifies; 1.3 s; peak memory 901 MiB.
2026-10-05T06:16:09Z INFO [753/3678] 482b81c6-70c5-4e20-9827-85812a9ec6e6: does not qualify; 1.1 s; peak memory 901 MiB.
2026-10-05T06:16:10Z INFO [754/3678] 482c36dc-d83b-41ef-9636-d0863eeb5767: does not qualify; 0.6 s; peak memory 901 MiB.
2026-10-05T06:16:11Z INFO [755/3678] 482cdafc-4f51-4e9c-8387-77e02b0515e9: does not qualify; 0.7 s; peak memory 901 MiB.
2026-10-05T06:16:12Z INFO [756/3678] 482e4b82-6853-48e0-b61c-bf8dd0ce84dc: does not qualify; 0.8 s; peak memory 901 MiB.
2026-10-05T06:16:12Z INFO [757/3678] 482e9752-da88-4b2f-926a-a2c43a347879: does not qualify; 0.8 s; peak memory 901 MiB.
2026-10-05T06:16:21Z INFO [758/3678] 482ea313-0fd1-43b5-8bdd-bebc46ad1f72: does not qualify; 8.7 s; peak memory 901 MiB.
2026-10-05T06:16:22Z INFO [759/3678] 482ecc17-8c6e-44e3-a9df-27703a809746: does not qualify; 1.0 s; peak memory 901 MiB.
2026-10-05T06:16:22Z INFO [760/3678] 482f4034-8ee5-44f5-97b9-7454886c4eb1: does not qualify; 0.5 s; peak memory 901 MiB.
2026-10-05T06:16:33Z INFO [761/3678] 483001f5-184a-45fb-8bd0-6ba51a846742: does not qualify; 10.5 s; peak memory 901 MiB.
2026-10-05T06:16:35Z INFO [762/3678] 48301c45-e502-4296-b2c0-a224a0c68d73: does not qualify; 2.0 s; peak memory 901 MiB.
2026-10-05T06:16:36Z INFO [763/3678] 48305aed-be31-43c7-ab25-894fa29b98a9: does not qualify; 0.7 s; peak memory 901 MiB.
2026-10-05T06:16:36Z INFO [764/3678] 4830e251-24cb-478b-bbb1-f6ae68a3a533: does not qualify; 0.8 s; peak memory 901 MiB.
2026-10-05T06:16:37Z INFO [765/3678] 48313b9c-63d3-443b-acd8-8b08c062fe2d: does not qualify; 0.6 s; peak memory 901 MiB.
2026-10-05T06:16:39Z INFO [766/3678] 48314297-a0b8-4642-93c6-11e465fb742b: does not qualify; 1.8 s; peak memory 901 MiB.
2026-10-05T06:16:42Z INFO [767/3678] 483149c2-bff8-456a-ad70-3b2516925899: does not qualify; 3.5 s; peak memory 901 MiB.
2026-10-05T06:16:43Z INFO [768/3678] 4832e79f-44d7-4833-9ecf-93d9b2f35352: does not qualify; 0.7 s; peak memory 901 MiB.
2026-10-05T06:16:46Z INFO [769/3678] 483320a2-4294-41d2-9821-986ea6964e6e: does not qualify; 2.7 s; peak memory 901 MiB.
2026-10-05T06:16:48Z INFO [770/3678] 483447ea-9dfc-4444-b921-81454dab3b9b: does not qualify; 2.8 s; peak memory 901 MiB.
2026-10-05T06:16:49Z INFO [771/3678] 483447f1-e204-4a8f-aa19-5d7ce3031d7c: does not qualify; 0.8 s; peak memory 901 MiB.
2026-10-05T06:17:02Z INFO [772/3678] 4835a0f8-96dd-49b7-9770-f0e3356e97b6: does not qualify; 13.1 s; peak memory 901 MiB.
2026-10-05T06:17:03Z INFO [773/3678] 4835ce67-601d-4fc3-be25-6ffca1483218: does not qualify; 0.9 s; peak memory 901 MiB.
2026-10-05T06:17:05Z INFO [774/3678] 483654df-b101-40d8-874b-c7132726c917: does not qualify; 1.7 s; peak memory 901 MiB.
2026-10-05T06:17:06Z INFO [775/3678] 48366d31-e5e7-4e52-aa26-aa916679effb: does not qualify; 0.9 s; peak memory 901 MiB.
2026-10-05T06:17:07Z INFO [776/3678] 4836e978-018c-4e45-8266-77c4a580119b: does not qualify; 0.8 s; peak memory 901 MiB.
2026-10-05T06:17:07Z INFO [777/3678] 4837bf2a-ef60-4088-abe1-04349ce64745: does not qualify; 0.5 s; peak memory 901 MiB.
2026-10-05T06:17:08Z INFO [778/3678] 483804ac-bc75-400b-89a3-ee9f10b3a5e3: does not qualify; 0.7 s; peak memory 901 MiB.
2026-10-05T06:17:09Z INFO [779/3678] 48381bc7-4080-4eb8-ae9c-a3338f2dd1ae: does not qualify; 1.2 s; peak memory 901 MiB.
2026-10-05T06:17:10Z INFO [780/3678] 48383bdd-a4a6-473e-89f6-672923c861bd: does not qualify; 0.9 s; peak memory 901 MiB.
2026-10-05T06:17:12Z INFO [781/3678] 48389b58-6195-4b3b-9ad2-8bc2e740f8d0: does not qualify; 1.6 s; peak memory 901 MiB.
2026-10-05T06:17:17Z INFO [782/3678] 4838a474-4b42-4a1e-b4be-e79a738fbd79: does not qualify; 5.2 s; peak memory 901 MiB.
2026-10-05T06:17:18Z INFO [783/3678] 483ad172-731b-4166-8a07-6052dec7d57a: does not qualify; 0.8 s; peak memory 901 MiB.
2026-10-05T06:17:19Z INFO [784/3678] 483dfa9c-deb0-41de-afeb-41ead83d0691: does not qualify; 1.6 s; peak memory 901 MiB.
2026-10-05T06:17:20Z INFO [785/3678] 483e3d31-3237-4d94-9e4b-de91211763c2: does not qualify; 0.7 s; peak memory 901 MiB.
2026-10-05T06:17:22Z INFO [786/3678] 483e61b9-7d03-4078-bf23-5fca860a976b: does not qualify; 1.9 s; peak memory 901 MiB.
2026-10-05T06:17:29Z INFO [787/3678] 48408e0d-4231-42e7-9571-e777891cef6f: does not qualify; 7.6 s; peak memory 901 MiB.
2026-10-05T06:17:30Z INFO [788/3678] 4840c964-f9f9-4e2a-945e-55368b9f389a: does not qualify; 0.9 s; peak memory 901 MiB.
2026-10-05T06:17:31Z INFO [789/3678] 484192b5-e650-4b21-ab82-b74dfc1b4b17: does not qualify; 0.6 s; peak memory 901 MiB.
2026-10-05T06:17:32Z INFO [790/3678] 48421a74-9083-4221-90c2-d0e2beae4483: does not qualify; 0.7 s; peak memory 901 MiB.
2026-10-05T06:17:32Z INFO [791/3678] 4842428c-8c0d-4ea0-b267-a96db291f0d7: does not qualify; 0.9 s; peak memory 901 MiB.
2026-10-05T06:17:33Z INFO [792/3678] 48439149-f611-47bf-b9f3-1f5dcc9bad3c: does not qualify; 0.9 s; peak memory 901 MiB.
2026-10-05T06:17:36Z INFO [793/3678] 4843a943-ccf8-48a1-8184-0ed00d217756: does not qualify; 2.3 s; peak memory 901 MiB.
2026-10-05T06:17:37Z INFO [794/3678] 4844156b-0757-4177-a5f5-68b64df474cf: does not qualify; 1.0 s; peak memory 901 MiB.
2026-10-05T06:17:37Z INFO [795/3678] 4844e68f-41b3-405e-b0bb-ebc72be706d4: does not qualify; 0.8 s; peak memory 901 MiB.
2026-10-05T06:17:38Z INFO [796/3678] 48450056-ba51-459e-9d3d-e4a8546f22cf: does not qualify; 0.9 s; peak memory 901 MiB.
2026-10-05T06:17:39Z INFO [797/3678] 4845531f-44ff-46db-8aa7-32ff8cbd487d: does not qualify; 0.7 s; peak memory 901 MiB.
2026-10-05T06:17:40Z INFO [798/3678] 4845768d-426a-4aa1-93d3-2bc37e3244ab: does not qualify; 1.0 s; peak memory 901 MiB.
2026-10-05T06:17:41Z INFO [799/3678] 484719e8-f59e-4a29-baf6-7e050b2fb730: does not qualify; 1.0 s; peak memory 901 MiB.
2026-10-05T06:17:42Z INFO [800/3678] 4847a9a0-456f-40df-8bc2-4c9500200498: does not qualify; 0.6 s; peak memory 901 MiB.
2026-10-05T06:17:42Z INFO [800/3678] 4847a9a0-456f-40df-8bc2-4c9500200498: checkpointed 63265 records.
2026-10-05T06:17:43Z INFO [801/3678] 484891c9-7c8c-47e8-b6ec-b999204cd902: does not qualify; 1.4 s; peak memory 901 MiB.
2026-10-05T06:17:44Z INFO [802/3678] 48489643-cf60-4536-95e4-8a3750c2a9d7: does not qualify; 0.7 s; peak memory 901 MiB.
2026-10-05T06:17:45Z INFO [803/3678] 484a1467-2a5b-4538-ad95-98439745bd52: does not qualify; 0.7 s; peak memory 901 MiB.
2026-10-05T06:17:46Z INFO [804/3678] 484a3b83-477d-4078-ba0d-34754ad431fa: does not qualify; 0.9 s; peak memory 901 MiB.
2026-10-05T06:17:46Z INFO [805/3678] 484c4c7d-7a34-456b-83bc-7f7d8a44e7f0: does not qualify; 0.9 s; peak memory 901 MiB.
2026-10-05T06:17:49Z INFO [806/3678] 484dd744-b70c-4433-9a3e-562e84a8d7f7: does not qualify; 2.9 s; peak memory 901 MiB.
2026-10-05T06:17:53Z INFO [807/3678] 484e639c-c36f-4769-9019-0eb2d182d4d6: does not qualify; 3.4 s; peak memory 901 MiB.
2026-10-05T06:18:00Z INFO [808/3678] 484ea802-781b-4507-87ab-dc347ba2e5c5: does not qualify; 6.8 s; peak memory 901 MiB.
2026-10-05T06:18:00Z INFO [809/3678] 484ebd76-0206-4915-83b1-99a95cd55e5f: does not qualify; 0.6 s; peak memory 901 MiB.
2026-10-05T06:18:07Z INFO [810/3678] 484ee6e9-d6e3-4086-b734-7e23c912d36b: does not qualify; 6.8 s; peak memory 901 MiB.
2026-10-05T06:18:08Z INFO [811/3678] 484f0706-fdde-4eea-93d2-656c8e16c6c2: does not qualify; 0.6 s; peak memory 901 MiB.
2026-10-05T06:18:09Z INFO [812/3678] 484f3909-e642-4b59-b95d-d200a220b7b4: does not qualify; 1.4 s; peak memory 901 MiB.
2026-10-05T06:18:10Z INFO [813/3678] 48503176-5dc3-412a-b0cb-142bb408f520: does not qualify; 0.7 s; peak memory 901 MiB.
2026-10-05T06:18:11Z INFO [814/3678] 48504d56-cf67-4ba2-b48e-30693ec2860c: does not qualify; 0.8 s; peak memory 901 MiB.
2026-10-05T06:18:11Z INFO [815/3678] 4850a688-dddc-4621-acd8-1f71c62bb071: does not qualify; 0.9 s; peak memory 901 MiB.
2026-10-05T06:18:12Z INFO [816/3678] 4850ec2e-a666-4613-b8c0-fd3abc2fffe8: does not qualify; 0.4 s; peak memory 901 MiB.
2026-10-05T06:18:13Z INFO [817/3678] 48515cda-21d4-4fb8-b7e9-f4de6af66065: does not qualify; 0.8 s; peak memory 901 MiB.
2026-10-05T06:18:14Z INFO [818/3678] 48516d62-f131-47bf-b085-3b6130de0e0c: does not qualify; 0.9 s; peak memory 901 MiB.
2026-10-05T06:18:15Z INFO [819/3678] 48525a19-68f0-4708-964d-eecf8ae9eb44: does not qualify; 1.3 s; peak memory 901 MiB.
2026-10-05T06:18:16Z INFO [820/3678] 4852828d-cf6f-439a-8402-443274dd599f: does not qualify; 0.9 s; peak memory 901 MiB.
2026-10-05T06:18:17Z INFO [821/3678] 4852d74f-265a-474f-8daa-45826deb0910: does not qualify; 0.9 s; peak memory 901 MiB.
2026-10-05T06:18:21Z INFO [822/3678] 4854323b-ce94-48ff-af3e-48ae0e6791ce: qualifies; 4.5 s; peak memory 901 MiB.
2026-10-05T06:18:22Z INFO [823/3678] 48548e08-fc90-4985-b54a-0804026fe8e1: does not qualify; 0.5 s; peak memory 901 MiB.
2026-10-05T06:18:24Z INFO [824/3678] 48561a2a-919d-40b9-8eab-ece2779b6706: does not qualify; 1.9 s; peak memory 901 MiB.
2026-10-05T06:18:25Z INFO [825/3678] 48561fa9-74a2-4dab-a421-ea7db75ec4ea: does not qualify; 1.0 s; peak memory 901 MiB.
2026-10-05T06:18:26Z INFO [826/3678] 48564205-f711-449a-848b-bb53b578d59b: does not qualify; 1.7 s; peak memory 901 MiB.
2026-10-05T06:18:27Z INFO [827/3678] 48566ed1-01c1-40ea-a241-479df53327a1: does not qualify; 0.6 s; peak memory 901 MiB.
2026-10-05T06:18:28Z INFO [828/3678] 4856b5d0-601b-4a5d-a748-ba918264ddc4: does not qualify; 0.9 s; peak memory 901 MiB.
2026-10-05T06:18:31Z INFO [829/3678] 4856eb98-57fd-4b1f-9358-e8dd463fb572: does not qualify; 3.3 s; peak memory 901 MiB.
2026-10-05T06:18:32Z INFO [830/3678] 48576136-2aed-47cb-bddf-f0a72c659b4e: does not qualify; 0.8 s; peak memory 901 MiB.
2026-10-05T06:18:33Z INFO [831/3678] 48579d85-51ee-45ee-80f6-b5a17e2a9b95: does not qualify; 0.7 s; peak memory 901 MiB.
2026-10-05T06:18:33Z INFO [832/3678] 4857a148-0e41-481a-902d-84104b84768a: does not qualify; 0.7 s; peak memory 901 MiB.
2026-10-05T06:18:34Z INFO [833/3678] 48582575-7824-4d58-b44a-6a0b7831eda8: does not qualify; 1.0 s; peak memory 901 MiB.
2026-10-05T06:18:35Z INFO [834/3678] 48593a2f-bc08-4e09-8861-13ee051b80a0: does not qualify; 0.8 s; peak memory 901 MiB.
2026-10-05T06:18:36Z INFO [835/3678] 4859d729-ff61-42a0-a37a-895e06d20ab3: does not qualify; 0.5 s; peak memory 901 MiB.
2026-10-05T06:18:36Z INFO [836/3678] 485ac78d-6f8d-4ff1-b419-3e810677c40a: does not qualify; 0.8 s; peak memory 901 MiB.
2026-10-05T06:18:38Z INFO [837/3678] 485b62b3-9d1f-49ed-8028-7c621c2f5a73: does not qualify; 2.0 s; peak memory 901 MiB.
2026-10-05T06:18:55Z INFO [838/3678] 485babce-3963-40e5-ab96-54e1e5b7f710: does not qualify; 16.7 s; peak memory 901 MiB.
2026-10-05T06:19:11Z INFO [839/3678] 485c47b6-f5ec-4266-8251-307b3d559e3c: does not qualify; 15.6 s; peak memory 901 MiB.
2026-10-05T06:19:12Z INFO [840/3678] 485cc178-4d78-489c-bb8a-fc4456bcb9a9: does not qualify; 1.1 s; peak memory 901 MiB.
2026-10-05T06:19:13Z INFO [841/3678] 485d2efe-2c8a-49ef-b07a-187928fe563e: does not qualify; 0.8 s; peak memory 901 MiB.
2026-10-05T06:19:14Z INFO [842/3678] 485d88bf-203c-4ec2-92a6-a6e2be2baed7: does not qualify; 1.0 s; peak memory 901 MiB.
2026-10-05T06:19:14Z INFO [843/3678] 485db5fe-fb68-4ad9-ba32-704b2fc6079c: does not qualify; 0.8 s; peak memory 901 MiB.
2026-10-05T06:19:15Z INFO [844/3678] 485dc9d3-5ea2-4fd6-ae4a-30fa49168881: does not qualify; 0.7 s; peak memory 901 MiB.
2026-10-05T06:19:22Z INFO [845/3678] 485e5c89-e2b6-4ad0-8b83-842c02e1c7eb: does not qualify; 7.3 s; peak memory 901 MiB.
2026-10-05T06:19:24Z INFO [846/3678] 485e62b1-7f71-4594-b00f-847f9edc2158: does not qualify; 1.2 s; peak memory 901 MiB.
2026-10-05T06:19:24Z INFO [847/3678] 485f3f17-c6c5-40d3-9746-69c30a73377c: does not qualify; 0.7 s; peak memory 901 MiB.
2026-10-05T06:19:25Z INFO [848/3678] 485fc3b4-9d00-4924-a0db-a7850889d192: does not qualify; 1.0 s; peak memory 901 MiB.
2026-10-05T06:19:30Z INFO [849/3678] 4860d74c-4acf-4a4e-b200-6f32cfe22759: does not qualify; 5.0 s; peak memory 901 MiB.
2026-10-05T06:19:31Z INFO [850/3678] 4860e964-897b-4f6f-a678-406acec6df61: does not qualify; 0.7 s; peak memory 901 MiB.
2026-10-05T06:19:31Z INFO [850/3678] 4860e964-897b-4f6f-a678-406acec6df61: checkpointed 63315 records.
2026-10-05T06:19:32Z INFO [851/3678] 48615625-c827-48b7-b833-5f916b4ea541: does not qualify; 0.7 s; peak memory 901 MiB.
2026-10-05T06:19:33Z INFO [852/3678] 4862a574-bf86-44bd-aaef-f59035857ee6: does not qualify; 0.7 s; peak memory 901 MiB.
2026-10-05T06:19:33Z INFO [853/3678] 4862aad8-091c-4c3f-a758-90698b2bb540: does not qualify; 0.8 s; peak memory 901 MiB.
2026-10-05T06:19:34Z INFO [854/3678] 4862c0e6-2bb7-4111-a740-d66c96602869: does not qualify; 0.8 s; peak memory 901 MiB.
2026-10-05T06:19:36Z INFO [855/3678] 4862c346-c028-4519-94bb-416b0fbed2ee: does not qualify; 1.9 s; peak memory 901 MiB.
2026-10-05T06:19:37Z INFO [856/3678] 4863357c-7f0b-4dfb-acff-712249b816cb: does not qualify; 0.8 s; peak memory 901 MiB.
2026-10-05T06:19:38Z INFO [857/3678] 48635bb8-b8ae-4245-96fb-905057012e02: does not qualify; 0.9 s; peak memory 901 MiB.
2026-10-05T06:19:38Z INFO [858/3678] 48636984-0635-471b-b884-21d17c86320b: does not qualify; 0.8 s; peak memory 901 MiB.
2026-10-05T06:19:39Z INFO [859/3678] 48637765-bed6-4aef-9a4b-3b43d9c4ac03: does not qualify; 0.7 s; peak memory 901 MiB.
2026-10-05T06:19:40Z INFO [860/3678] 4864cb05-8133-4569-943e-01eb5705f149: does not qualify; 1.1 s; peak memory 901 MiB.
2026-10-05T06:19:41Z INFO [861/3678] 48650480-2d7b-4993-91d6-e07fe91e8ec2: does not qualify; 0.7 s; peak memory 901 MiB.
2026-10-05T06:19:42Z INFO [862/3678] 486527a2-02de-4b5f-bedf-9953c1b3fc1b: does not qualify; 0.7 s; peak memory 901 MiB.
2026-10-05T06:19:42Z INFO [863/3678] 4865299f-d70e-4d06-ab85-2654d69d2261: does not qualify; 0.7 s; peak memory 901 MiB.
2026-10-05T06:19:43Z INFO [864/3678] 48664385-470f-4e15-9f1e-b5920ad1de27: does not qualify; 0.8 s; peak memory 901 MiB.
2026-10-05T06:19:44Z INFO [865/3678] 48668463-180c-4e5e-b639-8c8499f36919: does not qualify; 0.7 s; peak memory 901 MiB.
2026-10-05T06:19:45Z INFO [866/3678] 486711fb-7572-494e-aee4-fe4de3b4d409: does not qualify; 1.6 s; peak memory 901 MiB.
2026-10-05T06:19:46Z INFO [867/3678] 4867f1ca-ab39-4326-a0cc-7852c48a1180: does not qualify; 0.7 s; peak memory 901 MiB.
2026-10-05T06:19:47Z INFO [868/3678] 48696c92-9ce1-4ff6-af55-08eb3f29bb24: does not qualify; 0.7 s; peak memory 901 MiB.
2026-10-05T06:19:47Z INFO [869/3678] 4869e0d0-f67f-4f5b-8926-2d5b2150a6aa: does not qualify; 0.6 s; peak memory 901 MiB.
2026-10-05T06:19:49Z INFO [870/3678] 486a4550-5421-44ef-ad5d-f26fc45598c2: does not qualify; 1.8 s; peak memory 901 MiB.
2026-10-05T06:19:50Z INFO [871/3678] 486b3a79-fcd5-46bb-b454-acc0b4046eaa: does not qualify; 0.9 s; peak memory 901 MiB.
2026-10-05T06:19:52Z INFO [872/3678] 486c5be4-8de3-4794-a0f3-c9821028d9e5: does not qualify; 1.8 s; peak memory 901 MiB.
2026-10-05T06:19:53Z INFO [873/3678] 486c75c0-0023-4839-8fb5-8947b2f601bf: does not qualify; 0.9 s; peak memory 901 MiB.
2026-10-05T06:19:54Z INFO [874/3678] 486c7a2f-98ff-41d0-b8ae-db53c04413c6: does not qualify; 0.8 s; peak memory 901 MiB.
2026-10-05T06:20:00Z INFO [875/3678] 486caf5e-6382-46cd-a5ab-6a4cd23c9510: does not qualify; 6.1 s; peak memory 901 MiB.
2026-10-05T06:20:01Z INFO [876/3678] 486cb5db-6dbc-4929-81d1-f1bf35e78729: does not qualify; 0.9 s; peak memory 901 MiB.
2026-10-05T06:20:01Z INFO [877/3678] 486cd2aa-83b7-477a-bbcf-24593edba326: does not qualify; 0.8 s; peak memory 901 MiB.
2026-10-05T06:20:03Z INFO [878/3678] 486d7fa1-b5d3-4501-afea-5f034dc6da1d: does not qualify; 1.4 s; peak memory 901 MiB.
2026-10-05T06:20:04Z INFO [879/3678] 486dcc32-a7e6-49d5-b410-db09ddd038fc: does not qualify; 0.8 s; peak memory 901 MiB.
2026-10-05T06:20:04Z INFO [880/3678] 486ddd30-7d6c-4b1c-a76c-7f694a872b46: does not qualify; 0.9 s; peak memory 901 MiB.
2026-10-05T06:20:05Z INFO [881/3678] 486e171b-7b37-464d-8429-b23c5abd117c: does not qualify; 0.7 s; peak memory 901 MiB.
2026-10-05T06:20:07Z INFO [882/3678] 486f3230-eac1-469f-a175-af32677f3ee8: does not qualify; 2.0 s; peak memory 901 MiB.
2026-10-05T06:20:08Z INFO [883/3678] 486f84b8-160a-409a-b89a-ed6683a065a5: qualifies; 1.2 s; peak memory 901 MiB.
2026-10-05T06:20:09Z INFO [884/3678] 48709592-4d5b-48d0-809d-8a05c145cd08: does not qualify; 0.9 s; peak memory 901 MiB.
2026-10-05T06:20:10Z INFO [885/3678] 48709e4f-2025-4f2a-9ba4-3bf63d18ee51: does not qualify; 1.0 s; peak memory 901 MiB.
2026-10-05T06:20:11Z INFO [886/3678] 4870e10a-e369-40e1-9b64-7764232c7238: does not qualify; 1.0 s; peak memory 901 MiB.
2026-10-05T06:20:12Z INFO [887/3678] 48713f07-bebd-4448-8ac2-374ae9d0bb20: does not qualify; 0.6 s; peak memory 901 MiB.
2026-10-05T06:20:13Z INFO [888/3678] 48718438-0cba-4787-979e-b78d649c24dc: does not qualify; 0.8 s; peak memory 901 MiB.
2026-10-05T06:20:14Z INFO [889/3678] 4871e123-d8b4-4203-bce0-d06a6ce31cd4: does not qualify; 1.0 s; peak memory 901 MiB.
2026-10-05T06:20:14Z INFO [890/3678] 4872019c-6375-4049-95d2-31ca6e73eb68: does not qualify; 0.8 s; peak memory 901 MiB.
2026-10-05T06:20:15Z INFO [891/3678] 487231bf-09de-4e8c-a355-745c2525377b: does not qualify; 0.6 s; peak memory 901 MiB.
2026-10-05T06:20:15Z INFO [892/3678] 487296c0-b968-4993-bda6-6c7c8d30d97a: does not qualify; 0.5 s; peak memory 901 MiB.
2026-10-05T06:20:16Z INFO [893/3678] 4872f49e-4ac8-4db4-b1b6-d1637b6c7ddb: does not qualify; 1.0 s; peak memory 901 MiB.
2026-10-05T06:20:24Z INFO [894/3678] 48734b9b-ce7a-4c52-9d2c-1c618afaab4a: does not qualify; 7.4 s; peak memory 901 MiB.
2026-10-05T06:20:28Z INFO [895/3678] 48738472-61d1-4554-9fd4-715e205cbdd9: does not qualify; 3.8 s; peak memory 901 MiB.
2026-10-05T06:20:30Z INFO [896/3678] 487482a9-70aa-43c5-9f1a-06262c6774b0: does not qualify; 2.2 s; peak memory 901 MiB.
2026-10-05T06:20:31Z INFO [897/3678] 4877a0be-68d8-46a4-aecc-a0015c6b0510: does not qualify; 1.0 s; peak memory 901 MiB.
2026-10-05T06:20:32Z INFO [898/3678] 4877e17d-1ab4-4070-8ddd-456b690ae417: does not qualify; 0.7 s; peak memory 901 MiB.
2026-10-05T06:20:32Z INFO [899/3678] 48791d48-2e56-421a-a191-107dfa23b555: does not qualify; 0.5 s; peak memory 901 MiB.
2026-10-05T06:20:33Z INFO [900/3678] 487b9b37-6ea3-4c4d-9fe6-303f5ac562ec: does not qualify; 0.8 s; peak memory 901 MiB.
2026-10-05T06:20:33Z INFO [900/3678] 487b9b37-6ea3-4c4d-9fe6-303f5ac562ec: checkpointed 63365 records.
2026-10-05T06:20:34Z INFO [901/3678] 487c34b9-8647-47cf-8ed0-78b5ed7b0eda: does not qualify; 0.6 s; peak memory 901 MiB.
2026-10-05T06:20:35Z INFO [902/3678] 487c6f3e-47ff-4da5-a71a-6d9996c6c880: qualifies; 1.4 s; peak memory 901 MiB.
2026-10-05T06:20:36Z INFO [903/3678] 487dd169-a8ce-40ca-bdcb-30acd97c8822: does not qualify; 0.9 s; peak memory 901 MiB.
2026-10-05T06:20:39Z INFO [904/3678] 487f2653-39b3-44c4-b5b7-f8d2f4b63eba: does not qualify; 3.1 s; peak memory 901 MiB.
2026-10-05T06:20:44Z INFO [905/3678] 4880fc98-cc3e-427c-a667-26a3d4ceedf7: does not qualify; 4.9 s; peak memory 901 MiB.
2026-10-05T06:20:45Z INFO [906/3678] 4881486d-3d1a-4097-ab66-950848032b8e: does not qualify; 0.9 s; peak memory 901 MiB.
2026-10-05T06:20:45Z INFO [907/3678] 4882a156-1e02-4b8d-bd38-6bdf8e61eef9: does not qualify; 0.6 s; peak memory 901 MiB.
2026-10-05T06:20:46Z INFO [908/3678] 4882c79a-2dc5-45ce-81ee-89552ebeedbf: does not qualify; 0.7 s; peak memory 901 MiB.
2026-10-05T06:20:47Z INFO [909/3678] 4882d0db-3659-4d04-804a-4f312752ba90: does not qualify; 0.7 s; peak memory 901 MiB.
2026-10-05T06:20:48Z INFO [910/3678] 48831421-d9fa-491f-8b09-ed75fd758313: does not qualify; 0.8 s; peak memory 901 MiB.
2026-10-05T06:20:49Z INFO [911/3678] 48846714-04e2-45d6-a68d-7f58e55d7aad: does not qualify; 1.8 s; peak memory 901 MiB.
2026-10-05T06:20:52Z INFO [912/3678] 4884749d-bfef-4a2e-8ae1-fe7acac092fd: does not qualify; 2.8 s; peak memory 901 MiB.
2026-10-05T06:20:53Z INFO [913/3678] 4884cbc8-2eb2-4597-8caa-bb66fab279b9: does not qualify; 0.6 s; peak memory 901 MiB.
2026-10-05T06:20:56Z INFO [914/3678] 48856f4f-cd5b-4e0e-83af-27025370eaff: does not qualify; 3.6 s; peak memory 901 MiB.
2026-10-05T06:20:58Z INFO [915/3678] 4885a7fc-1be5-4d38-bf3f-390bc98d36d2: does not qualify; 1.7 s; peak memory 901 MiB.
2026-10-05T06:20:59Z INFO [916/3678] 4885c135-1de5-4085-91a5-512ad31a7a30: does not qualify; 0.7 s; peak memory 901 MiB.
2026-10-05T06:21:09Z INFO [917/3678] 48868a88-e99b-4e76-9698-8070f5215532: does not qualify; 10.5 s; peak memory 901 MiB.
2026-10-05T06:21:10Z INFO [918/3678] 48869fee-1571-4e2a-a403-4b88d4120dca: does not qualify; 0.5 s; peak memory 901 MiB.
2026-10-05T06:21:11Z INFO [919/3678] 4886a114-35f7-49cb-9e7b-d9052e49ec48: does not qualify; 0.7 s; peak memory 901 MiB.
2026-10-05T06:21:11Z INFO [920/3678] 48875f20-2dc7-4958-baeb-b6f9d6336b90: does not qualify; 0.7 s; peak memory 901 MiB.
2026-10-05T06:21:12Z INFO [921/3678] 48881407-e14a-4130-a3f8-78a4d4eecefb: does not qualify; 0.9 s; peak memory 901 MiB.
2026-10-05T06:21:13Z INFO [922/3678] 4888373d-acc5-459c-9a25-b591236ce5f2: does not qualify; 0.5 s; peak memory 901 MiB.
2026-10-05T06:21:13Z INFO [923/3678] 488845cf-8750-47a9-a154-60a230c31a8d: does not qualify; 0.8 s; peak memory 901 MiB.
2026-10-05T06:21:15Z INFO [924/3678] 4888f1cb-bfbc-4b30-b5b9-eb76bcc8379a: does not qualify; 1.1 s; peak memory 901 MiB.
2026-10-05T06:21:15Z INFO [925/3678] 488a67c8-2345-45e2-a028-0ef09cd3b96d: does not qualify; 0.8 s; peak memory 901 MiB.
2026-10-05T06:21:17Z INFO [926/3678] 488ab60f-9a06-49d6-b95d-cda10adf3d0c: does not qualify; 1.4 s; peak memory 901 MiB.
2026-10-05T06:21:18Z INFO [927/3678] 488aef14-a33a-47ae-a40d-5e905235e4e0: does not qualify; 0.7 s; peak memory 901 MiB.
2026-10-05T06:21:18Z INFO [928/3678] 488b48bd-7a77-4bd0-86bf-50a67660c19b: does not qualify; 0.8 s; peak memory 901 MiB.
2026-10-05T06:21:23Z INFO [929/3678] 488ca38e-5f86-4b98-ac60-c191a1a2dd82: does not qualify; 4.3 s; peak memory 901 MiB.
2026-10-05T06:21:28Z INFO [930/3678] 488d4e6c-a307-4e21-9f22-0c3d78d65885: does not qualify; 5.0 s; peak memory 901 MiB.
2026-10-05T06:21:28Z INFO [931/3678] 488d94ca-6b98-4b24-9ad1-8c274e77497e: does not qualify; 0.6 s; peak memory 901 MiB.
2026-10-05T06:21:29Z INFO [932/3678] 488e2641-9762-4616-b19e-50c042a38c75: does not qualify; 0.7 s; peak memory 901 MiB.
2026-10-05T06:21:30Z INFO [933/3678] 488e538e-1da5-473d-a93d-58dfe64c2c19: does not qualify; 1.4 s; peak memory 901 MiB.
2026-10-05T06:21:31Z INFO [934/3678] 488ecb1d-93be-4c1c-a3c4-22b0db75e382: does not qualify; 0.5 s; peak memory 901 MiB.
2026-10-05T06:21:32Z INFO [935/3678] 488ffc8d-3e68-4385-ad45-6da74446cb5f: does not qualify; 0.6 s; peak memory 901 MiB.
2026-10-05T06:21:32Z INFO [936/3678] 4890c6b2-499f-4061-986f-4fd8817b8ac9: does not qualify; 0.9 s; peak memory 901 MiB.
2026-10-05T06:21:35Z INFO [937/3678] 4891bbce-8a7a-40e9-897b-47997922be99: does not qualify; 2.6 s; peak memory 901 MiB.
2026-10-05T06:21:36Z INFO [938/3678] 4892486b-b151-4cac-a10c-df684649ce88: does not qualify; 0.8 s; peak memory 901 MiB.
2026-10-05T06:21:37Z INFO [939/3678] 48926a0a-9454-4b5e-af74-6c6a4d497493: does not qualify; 0.9 s; peak memory 901 MiB.
2026-10-05T06:21:38Z INFO [940/3678] 48926df9-922f-46e2-9a92-3e654dd8ff47: does not qualify; 0.7 s; peak memory 901 MiB.
2026-10-05T06:21:38Z INFO [941/3678] 4892d4c8-02f2-4648-8b7e-15a4f7510ce2: does not qualify; 0.5 s; peak memory 901 MiB.
2026-10-05T06:21:39Z INFO [942/3678] 4893259f-c4dd-4804-8952-21561384e0f5: does not qualify; 0.9 s; peak memory 901 MiB.
2026-10-05T06:21:40Z INFO [943/3678] 48932c63-f330-4e85-9504-7c27f4582414: does not qualify; 0.7 s; peak memory 901 MiB.
2026-10-05T06:21:42Z INFO [944/3678] 489452c6-c4d2-48af-926e-3fe34dfe2f74: does not qualify; 2.0 s; peak memory 901 MiB.
2026-10-05T06:21:43Z INFO [945/3678] 48949510-c7f1-4b54-960c-500c37d131a3: does not qualify; 1.1 s; peak memory 901 MiB.
2026-10-05T06:21:44Z INFO [946/3678] 48950b28-3708-428b-ac51-0166dd313e85: does not qualify; 1.4 s; peak memory 901 MiB.
2026-10-05T06:21:45Z INFO [947/3678] 4895f2c7-2487-4d95-8257-558fab2c2227: does not qualify; 0.7 s; peak memory 901 MiB.
2026-10-05T06:21:46Z INFO [948/3678] 48960965-5073-48bc-8527-3cb65f66ef87: does not qualify; 1.6 s; peak memory 901 MiB.
2026-10-05T06:21:49Z INFO [949/3678] 489629e3-1d15-4dce-a82d-70d396de1e26: does not qualify; 2.1 s; peak memory 901 MiB.
2026-10-05T06:21:49Z INFO [950/3678] 48974aff-ef86-4a09-ab0d-156e795d997d: does not qualify; 0.9 s; peak memory 901 MiB.
2026-10-05T06:21:49Z INFO [950/3678] 48974aff-ef86-4a09-ab0d-156e795d997d: checkpointed 63415 records.
2026-10-05T06:21:51Z INFO [951/3678] 4897bd18-04d1-4bc2-bfed-4a1beb0743d2: does not qualify; 1.1 s; peak memory 901 MiB.
2026-10-05T06:21:51Z INFO [952/3678] 48985891-ae4b-4527-ae11-dafea1fa2530: does not qualify; 0.6 s; peak memory 901 MiB.
2026-10-05T06:21:52Z INFO [953/3678] 4898eb82-4605-46a8-bd3b-0390c4b7c80f: does not qualify; 1.0 s; peak memory 901 MiB.
2026-10-05T06:21:53Z INFO [954/3678] 489935f8-a412-471c-83f7-a28d21b5777c: does not qualify; 0.6 s; peak memory 901 MiB.
2026-10-05T06:21:54Z INFO [955/3678] 489a2365-3003-473b-808b-497b9877e8a6: does not qualify; 0.7 s; peak memory 901 MiB.
2026-10-05T06:21:57Z INFO [956/3678] 489ace25-8c9b-4470-b2e8-200936301b00: does not qualify; 3.6 s; peak memory 901 MiB.
2026-10-05T06:21:58Z INFO [957/3678] 489ae5ce-8120-4b14-ac23-34de5183a0f5: does not qualify; 0.4 s; peak memory 901 MiB.
2026-10-05T06:22:01Z INFO [958/3678] 489b1b87-088a-4701-9bcc-a85ed480e1b5: does not qualify; 3.2 s; peak memory 901 MiB.
2026-10-05T06:22:04Z INFO [959/3678] 489b7cac-7938-408f-b2e5-e6e64807ec33: does not qualify; 3.5 s; peak memory 901 MiB.
2026-10-05T06:22:08Z INFO [960/3678] 489bc610-fb0d-4d4d-8d62-9b3c4eec92ff: does not qualify; 3.7 s; peak memory 901 MiB.
2026-10-05T06:22:09Z INFO [961/3678] 489c0e85-01ad-4ddf-b9e1-239a082a5f42: does not qualify; 0.9 s; peak memory 901 MiB.
2026-10-05T06:22:15Z INFO [962/3678] 489c8d4f-db75-4dcd-a8ba-cad04ec7e342: does not qualify; 6.5 s; peak memory 901 MiB.
2026-10-05T06:22:19Z INFO [963/3678] 489e8f29-91d5-4d7b-b420-71100e265048: does not qualify; 3.5 s; peak memory 901 MiB.
2026-10-05T06:22:20Z INFO [964/3678] 489f57ed-666b-42d9-acf2-e6374393db8b: does not qualify; 0.8 s; peak memory 901 MiB.
2026-10-05T06:22:28Z INFO [965/3678] 489fb73d-c35a-4312-b9b3-c1f004d5c223: does not qualify; 8.5 s; peak memory 901 MiB.
2026-10-05T06:22:29Z INFO [966/3678] 48a0b985-24d5-4606-a874-6471b2f66013: does not qualify; 0.8 s; peak memory 901 MiB.
2026-10-05T06:22:34Z INFO [967/3678] 48a118b2-6106-4945-8d9e-5b590e18f7d5: does not qualify; 5.1 s; peak memory 901 MiB.
2026-10-05T06:22:35Z INFO [968/3678] 48a21d99-7643-4134-9bc6-d1b1b583e0d2: does not qualify; 0.9 s; peak memory 901 MiB.
2026-10-05T06:22:38Z INFO [969/3678] 48a251c7-4c10-4a66-9ca8-be421b27e390: does not qualify; 3.1 s; peak memory 901 MiB.
2026-10-05T06:22:39Z INFO [970/3678] 48a26679-9655-4ba8-9052-dc0539faddb3: does not qualify; 0.6 s; peak memory 901 MiB.
2026-10-05T06:22:43Z INFO [971/3678] 48a2e2dc-aba6-401c-bd5a-adb160089af5: does not qualify; 4.4 s; peak memory 901 MiB.
2026-10-05T06:22:44Z INFO [972/3678] 48a37a09-a136-4f3b-84ea-2de287c75a43: does not qualify; 0.8 s; peak memory 901 MiB.
2026-10-05T06:22:45Z INFO [973/3678] 48a44be5-3fe3-4a21-b5b4-adafee647e0a: does not qualify; 0.8 s; peak memory 901 MiB.
2026-10-05T06:22:52Z INFO [974/3678] 48a46681-dfd7-4e58-b779-e7ebaebbd105: does not qualify; 7.2 s; peak memory 901 MiB.
2026-10-05T06:22:53Z INFO [975/3678] 48a496fb-1cf6-4fb1-9e7d-1c4f18c9ca8d: does not qualify; 0.8 s; peak memory 901 MiB.
2026-10-05T06:22:53Z INFO [976/3678] 48a527f8-d8a6-4393-8b78-7e70b6865b3e: does not qualify; 0.6 s; peak memory 901 MiB.
2026-10-05T06:22:54Z INFO [977/3678] 48a52b26-7381-4961-8f42-0de80b8601da: does not qualify; 0.7 s; peak memory 901 MiB.
2026-10-05T06:22:55Z INFO [978/3678] 48a603a5-4a17-45c1-8a4a-0a9c8dc38496: does not qualify; 0.8 s; peak memory 901 MiB.
2026-10-05T06:22:55Z INFO [979/3678] 48a6c129-3146-4242-9b14-f886232a7b3b: does not qualify; 0.6 s; peak memory 901 MiB.
2026-10-05T06:22:56Z INFO [980/3678] 48a9486f-de91-44c6-8afe-a3d07e6ef23a: does not qualify; 0.8 s; peak memory 901 MiB.
2026-10-05T06:22:57Z INFO [981/3678] 48a9a8b4-f1d9-4c46-b697-c6680cda709f: does not qualify; 1.0 s; peak memory 901 MiB.
2026-10-05T06:22:58Z INFO [982/3678] 48aaade6-e4bb-4a6b-b97e-16a80ff1b86c: does not qualify; 0.6 s; peak memory 901 MiB.
2026-10-05T06:22:59Z INFO [983/3678] 48ab53e0-04a8-434f-af8c-57730e6b29d5: does not qualify; 0.7 s; peak memory 901 MiB.
2026-10-05T06:23:00Z INFO [984/3678] 48ac3674-c894-410a-be76-490eecad7311: does not qualify; 1.8 s; peak memory 901 MiB.
2026-10-05T06:23:01Z INFO [985/3678] 48ac3862-f425-4054-b28c-7d98504be8c0: does not qualify; 0.8 s; peak memory 901 MiB.
2026-10-05T06:23:02Z INFO [986/3678] 48ac4eae-51b0-4476-99b7-830a56069ae4: does not qualify; 1.1 s; peak memory 901 MiB.
2026-10-05T06:23:03Z INFO [987/3678] 48ad2d92-1135-44f0-baf8-fc4f6aea21bb: does not qualify; 0.9 s; peak memory 901 MiB.
2026-10-05T06:23:04Z INFO [988/3678] 48ad3bbf-edae-4344-8d01-39644f6d1409: does not qualify; 1.2 s; peak memory 901 MiB.
2026-10-05T06:23:05Z INFO [989/3678] 48adf6ad-43c5-4cf2-992e-7b6857f8fa63: does not qualify; 0.7 s; peak memory 901 MiB.
2026-10-05T06:23:06Z INFO [990/3678] 48ae5458-b6f4-44d3-ad87-90b09be8c19c: does not qualify; 0.7 s; peak memory 901 MiB.
2026-10-05T06:23:08Z INFO [991/3678] 48ae66d2-1278-4382-93ec-a70f5b21e111: does not qualify; 1.9 s; peak memory 901 MiB.
2026-10-05T06:23:09Z INFO [992/3678] 48aee5ef-95b5-4917-9946-c0cade04a5a6: does not qualify; 0.8 s; peak memory 901 MiB.
2026-10-05T06:23:13Z INFO [993/3678] 48afcbf5-df67-430e-8fc2-eb83e2fd0356: does not qualify; 4.2 s; peak memory 901 MiB.
2026-10-05T06:23:14Z INFO [994/3678] 48b05e23-8e5e-443b-b9f8-68129193a01d: does not qualify; 0.9 s; peak memory 901 MiB.
2026-10-05T06:23:20Z INFO [995/3678] 48b12712-5ab1-4544-a26b-3c02f8f58ac8: does not qualify; 6.6 s; peak memory 901 MiB.
2026-10-05T06:23:21Z INFO [996/3678] 48b1c580-d8f6-4200-9016-e0ee82f85167: does not qualify; 0.6 s; peak memory 901 MiB.
2026-10-05T06:23:21Z INFO [997/3678] 48b1f3ef-9dae-43ad-80fc-d60a7362ad03: does not qualify; 0.4 s; peak memory 901 MiB.
2026-10-05T06:23:25Z INFO [998/3678] 48b2041d-6ffd-41ca-89d2-b6eaf5778bd9: does not qualify; 3.4 s; peak memory 901 MiB.
2026-10-05T06:23:26Z INFO [999/3678] 48b24a2f-19c1-4ab1-a965-d60713b36758: does not qualify; 0.8 s; peak memory 901 MiB.
2026-10-05T06:23:26Z INFO [1000/3678] 48b25762-7da6-4839-b604-429fd252228e: does not qualify; 0.7 s; peak memory 901 MiB.
2026-10-05T06:23:26Z INFO [1000/3678] 48b25762-7da6-4839-b604-429fd252228e: checkpointed 63465 records.
2026-10-05T06:23:27Z INFO [1001/3678] 48b3e578-a942-437a-be05-104669afaa81: does not qualify; 0.6 s; peak memory 901 MiB.
2026-10-05T06:23:28Z INFO [1002/3678] 48b3e772-4151-4a43-8ec7-faa562484594: does not qualify; 1.5 s; peak memory 901 MiB.
2026-10-05T06:23:29Z INFO [1003/3678] 48b40a76-6fe4-41d8-9c91-d4fe40c5c51f: does not qualify; 1.0 s; peak memory 901 MiB.
2026-10-05T06:23:34Z INFO [1004/3678] 48b46719-f94b-4117-b62c-981c5ffbf2d5: qualifies; 4.1 s; peak memory 901 MiB.
2026-10-05T06:23:35Z INFO [1005/3678] 48b4f631-879a-43b0-94bf-49fe48e14d55: does not qualify; 1.4 s; peak memory 901 MiB.
2026-10-05T06:23:36Z INFO [1006/3678] 48b575a6-acfa-46ee-b17d-2ed97fe26381: does not qualify; 0.7 s; peak memory 901 MiB.
2026-10-05T06:23:36Z INFO [1007/3678] 48b6751c-59b9-454e-ac09-a8f986d94333: does not qualify; 0.6 s; peak memory 901 MiB.
2026-10-05T06:23:37Z INFO [1008/3678] 48b691f9-e33c-49c3-bf0a-d562f1be37f7: does not qualify; 1.0 s; peak memory 901 MiB.
2026-10-05T06:23:39Z INFO [1009/3678] 48b6f51c-fa7c-4c72-8f60-d70c1bd3b94b: does not qualify; 1.9 s; peak memory 901 MiB.
2026-10-05T06:23:40Z INFO [1010/3678] 48b78461-623c-4f3b-bb8e-b79a65a583f8: does not qualify; 0.8 s; peak memory 901 MiB.
2026-10-05T06:23:42Z INFO [1011/3678] 48b869b8-9171-4436-afc0-b79411ae0fa3: does not qualify; 1.7 s; peak memory 901 MiB.
2026-10-05T06:23:48Z INFO [1012/3678] 48b90443-a685-4aa5-890d-b01291f40bdc: does not qualify; 6.1 s; peak memory 901 MiB.
2026-10-05T06:23:48Z INFO [1013/3678] 48b9ae19-2b2d-45eb-9f9c-0688de6c5b75: does not qualify; 0.7 s; peak memory 901 MiB.
2026-10-05T06:23:49Z INFO [1014/3678] 48ba4e5c-f88f-468d-8d3a-9f13674e6180: does not qualify; 0.8 s; peak memory 901 MiB.
2026-10-05T06:23:50Z INFO [1015/3678] 48ba87ad-051e-41ad-af5b-98b650005ad3: does not qualify; 0.9 s; peak memory 901 MiB.
2026-10-05T06:23:54Z INFO [1016/3678] 48ba92da-b401-497b-be1d-19d78cdfe865: does not qualify; 4.1 s; peak memory 901 MiB.
2026-10-05T06:23:55Z INFO [1017/3678] 48ba9949-6a69-4e52-93e5-7929de2ad5ec: does not qualify; 0.5 s; peak memory 901 MiB.
2026-10-05T06:23:55Z INFO [1018/3678] 48bad1de-ff55-453c-87b3-cc4a03964f7a: does not qualify; 0.7 s; peak memory 901 MiB.
2026-10-05T06:23:57Z INFO [1019/3678] 48bb6143-c9be-4ccd-b629-543ec972d1cc: does not qualify; 1.3 s; peak memory 901 MiB.
2026-10-05T06:23:58Z INFO [1020/3678] 48bbc4e9-d39e-4841-a3e0-3d282107866b: does not qualify; 1.0 s; peak memory 901 MiB.
2026-10-05T06:23:59Z INFO [1021/3678] 48bbd58c-da01-4865-8a94-43a62ac282a4: does not qualify; 0.8 s; peak memory 901 MiB.
2026-10-05T06:25:11Z INFO [1022/3678] 48bc44d3-6579-46e1-b19e-758617952f19: does not qualify; 72.4 s; peak memory 901 MiB.
2026-10-05T06:25:13Z INFO [1023/3678] 48bd8642-2cc2-4ca8-8e3b-1c762c7c0de9: does not qualify; 2.2 s; peak memory 901 MiB.
2026-10-05T06:25:14Z INFO [1024/3678] 48bdad65-17e9-4647-80bc-a3128dd99da7: does not qualify; 1.1 s; peak memory 901 MiB.
2026-10-05T06:25:21Z INFO [1025/3678] 48beb139-623a-41f0-ad5d-5fd93c2d4cf8: does not qualify; 7.1 s; peak memory 901 MiB.
2026-10-05T06:25:22Z INFO [1026/3678] 48becd30-fa0f-4b46-a27b-ba85f88080e6: does not qualify; 0.9 s; peak memory 901 MiB.
2026-10-05T06:25:23Z INFO [1027/3678] 48bf3379-15d3-404c-8b38-be12cde36aed: does not qualify; 1.4 s; peak memory 901 MiB.
2026-10-05T06:25:28Z INFO [1028/3678] 48c0a308-fb2d-4a89-b4e9-172358e7e140: does not qualify; 4.7 s; peak memory 901 MiB.
2026-10-05T06:25:29Z INFO [1029/3678] 48c0c2d8-8048-4929-9e32-995bcb49c1cd: does not qualify; 1.3 s; peak memory 901 MiB.
2026-10-05T06:25:30Z INFO [1030/3678] 48c0e32c-78d0-4b0c-b877-4cfc9c03c9cb: does not qualify; 0.9 s; peak memory 901 MiB.
2026-10-05T06:25:31Z INFO [1031/3678] 48c0ea84-54f0-451b-a7cc-9251602c3727: does not qualify; 0.8 s; peak memory 901 MiB.
2026-10-05T06:25:32Z INFO [1032/3678] 48c121f4-b3cd-42b0-bba2-a3d26acc8432: does not qualify; 0.6 s; peak memory 901 MiB.
2026-10-05T06:25:33Z INFO [1033/3678] 48c1787d-e9aa-4779-b14b-5f762acf36a8: does not qualify; 0.7 s; peak memory 901 MiB.
2026-10-05T06:25:34Z INFO [1034/3678] 48c1da81-51cd-494b-b66b-9547e60feccb: does not qualify; 1.8 s; peak memory 901 MiB.
2026-10-05T06:25:35Z INFO [1035/3678] 48c26549-f467-4704-b2ed-c3d7bd44a0ff: does not qualify; 0.7 s; peak memory 901 MiB.
2026-10-05T06:25:36Z INFO [1036/3678] 48c376f3-977f-45a6-a36d-11060ddcdb69: does not qualify; 0.7 s; peak memory 901 MiB.
2026-10-05T06:25:36Z INFO [1037/3678] 48c391e3-a208-443f-9acb-183be42195d5: does not qualify; 0.8 s; peak memory 901 MiB.
2026-10-05T06:25:37Z INFO [1038/3678] 48c3aaeb-4c18-487d-851a-ef3510fdbd25: does not qualify; 0.7 s; peak memory 901 MiB.
2026-10-05T06:25:38Z INFO [1039/3678] 48c44bfa-df30-4406-8e57-74625a64f1ac: does not qualify; 0.8 s; peak memory 901 MiB.
2026-10-05T06:25:39Z INFO [1040/3678] 48c50639-9e03-4ebc-bc7c-11df1c8ebe10: does not qualify; 1.2 s; peak memory 901 MiB.
2026-10-05T06:25:40Z INFO [1041/3678] 48c53d8a-6d58-494b-a42f-f03b08c3e7f6: does not qualify; 0.6 s; peak memory 901 MiB.
2026-10-05T06:25:40Z INFO [1042/3678] 48c56675-041f-476a-8d89-355ba5c15690: does not qualify; 0.7 s; peak memory 901 MiB.
2026-10-05T06:25:50Z INFO [1043/3678] 48c5db07-c3e0-4c01-880d-d647a623e6b7: does not qualify; 9.5 s; peak memory 901 MiB.
2026-10-05T06:25:57Z INFO [1044/3678] 48c67850-60b5-464c-978f-63b0410f9415: does not qualify; 7.1 s; peak memory 901 MiB.
2026-10-05T06:25:59Z INFO [1045/3678] 48c6f2cc-4c42-44bd-970f-3078cb7cbd76: does not qualify; 1.5 s; peak memory 901 MiB.
2026-10-05T06:26:00Z INFO [1046/3678] 48c7fce9-57b7-4eba-9691-c1ec35dd8721: does not qualify; 1.8 s; peak memory 901 MiB.
2026-10-05T06:26:01Z INFO [1047/3678] 48c809ce-4709-440a-b934-39edd35411c7: does not qualify; 1.1 s; peak memory 901 MiB.
2026-10-05T06:26:03Z INFO [1048/3678] 48c883be-edfd-40c1-8a0d-776ce0507b91: does not qualify; 1.0 s; peak memory 901 MiB.
2026-10-05T06:26:03Z INFO [1049/3678] 48c88f8d-6b2c-4478-b5ad-6edb8480faba: does not qualify; 0.7 s; peak memory 901 MiB.
2026-10-05T06:26:04Z INFO [1050/3678] 48c946c0-2df7-4b81-afcd-15ecf70b0d24: does not qualify; 0.9 s; peak memory 901 MiB.
2026-10-05T06:26:04Z INFO [1050/3678] 48c946c0-2df7-4b81-afcd-15ecf70b0d24: checkpointed 63515 records.
2026-10-05T06:26:06Z INFO [1051/3678] 48c988cb-0d04-4493-87c8-2d3a774e7696: does not qualify; 1.3 s; peak memory 901 MiB.
2026-10-05T06:26:06Z INFO [1052/3678] 48c99f96-7389-4250-9c0c-736b3fe94202: does not qualify; 0.6 s; peak memory 901 MiB.
2026-10-05T06:26:11Z INFO [1053/3678] 48cbe3e4-3973-40e8-865c-619c2c07adae: does not qualify; 4.8 s; peak memory 901 MiB.
2026-10-05T06:26:17Z INFO [1054/3678] 48cbec55-b89c-41d9-a9a7-485f950dbd46: does not qualify; 6.1 s; peak memory 901 MiB.
2026-10-05T06:26:18Z INFO [1055/3678] 48cc67f4-c64f-4976-b8ae-707f2ed01051: does not qualify; 0.9 s; peak memory 901 MiB.
2026-10-05T06:26:19Z INFO [1056/3678] 48ccd02e-eb2a-4ae8-bccc-4fe6e5f08b4f: does not qualify; 1.1 s; peak memory 901 MiB.
2026-10-05T06:26:20Z INFO [1057/3678] 48cced09-5338-418e-a681-8ea371438e16: does not qualify; 0.6 s; peak memory 901 MiB.
2026-10-05T06:26:21Z INFO [1058/3678] 48cd3481-9147-4f42-a731-db6ed9155cdb: does not qualify; 1.0 s; peak memory 901 MiB.
2026-10-05T06:26:22Z INFO [1059/3678] 48cd5706-baaa-4b46-8ecd-2cb4cf470bc6: does not qualify; 1.1 s; peak memory 901 MiB.
2026-10-05T06:26:29Z INFO [1060/3678] 48ce6a0f-9429-4444-87e8-30cbd65f7547: does not qualify; 7.1 s; peak memory 901 MiB.
2026-10-05T06:26:33Z INFO [1061/3678] 48cf756c-873b-4f75-ba71-365d545cff36: qualifies; 3.8 s; peak memory 901 MiB.
2026-10-05T06:26:33Z INFO [1062/3678] 48cf7612-c522-47b2-8969-f0edc36b5cc3: does not qualify; 0.8 s; peak memory 901 MiB.
2026-10-05T06:26:35Z INFO [1063/3678] 48d05d7a-7949-4851-bbcd-5c22de9383e1: does not qualify; 1.5 s; peak memory 901 MiB.
2026-10-05T06:26:35Z INFO [1064/3678] 48d08be1-6387-4cbd-8b92-952a7d63bb3a: does not qualify; 0.5 s; peak memory 901 MiB.
2026-10-05T06:26:39Z INFO [1065/3678] 48d12e5b-a828-4a15-8caa-f7ea23128671: does not qualify; 3.6 s; peak memory 901 MiB.
2026-10-05T06:26:40Z INFO [1066/3678] 48d14609-f425-4c25-a5fd-b4fdf9ea3319: does not qualify; 0.8 s; peak memory 901 MiB.
2026-10-05T06:26:41Z INFO [1067/3678] 48d1ff93-b8a2-4cda-95be-9144446750d9: does not qualify; 1.0 s; peak memory 901 MiB.
2026-10-05T06:26:42Z INFO [1068/3678] 48d27f17-7fb2-4d5f-ace5-d614228e7d08: does not qualify; 1.4 s; peak memory 901 MiB.
2026-10-05T06:26:43Z INFO [1069/3678] 48d32972-b789-440a-8b63-f81f12da935a: does not qualify; 1.1 s; peak memory 901 MiB.
2026-10-05T06:26:44Z INFO [1070/3678] 48d35172-f71c-4125-a899-7e9125266c45: does not qualify; 0.9 s; peak memory 901 MiB.
2026-10-05T06:26:45Z INFO [1071/3678] 48d37f8c-3bd3-46aa-aa17-4d6d835b0cb5: does not qualify; 0.8 s; peak memory 901 MiB.
2026-10-05T06:26:46Z INFO [1072/3678] 48d4ba97-e701-4531-baba-b21e4678f1e0: does not qualify; 1.1 s; peak memory 901 MiB.
2026-10-05T06:26:47Z INFO [1073/3678] 48d52071-744b-4c0c-afe6-fd7494b4458d: does not qualify; 1.3 s; peak memory 901 MiB.
2026-10-05T06:26:48Z INFO [1074/3678] 48d675a4-d985-47b8-a21f-330a3859e22f: does not qualify; 0.7 s; peak memory 901 MiB.
2026-10-05T06:26:52Z INFO [1075/3678] 48d6eb1d-1cb0-49fb-8cae-abbf622dc6ec: qualifies; 3.9 s; peak memory 901 MiB.
2026-10-05T06:26:53Z INFO [1076/3678] 48d7b786-e291-46ca-8b56-871297dc365b: does not qualify; 0.7 s; peak memory 901 MiB.
2026-10-05T06:26:53Z INFO [1077/3678] 48d81449-65c1-45da-82f2-66b7399442ac: does not qualify; 0.4 s; peak memory 901 MiB.
2026-10-05T06:26:54Z INFO [1078/3678] 48d9637d-2a64-47cc-8e2e-37c4d974fe74: does not qualify; 0.7 s; peak memory 901 MiB.
2026-10-05T06:26:56Z INFO [1079/3678] 48d967ea-392c-4129-8562-d19df304f62d: does not qualify; 1.7 s; peak memory 901 MiB.
2026-10-05T06:26:57Z INFO [1080/3678] 48d968f8-2e08-426e-90fb-811ca11abf06: does not qualify; 1.0 s; peak memory 901 MiB.
2026-10-05T06:26:58Z INFO [1081/3678] 48d9782a-1473-4b63-b9f6-b6a51cf84c30: qualifies; 1.2 s; peak memory 901 MiB.
2026-10-05T06:26:59Z INFO [1082/3678] 48d9dfcf-8aae-4f77-b70e-5e122717c4fa: does not qualify; 0.8 s; peak memory 901 MiB.
2026-10-05T06:27:03Z INFO [1083/3678] 48da4e45-5708-4ab6-953e-111248693bf2: does not qualify; 4.1 s; peak memory 901 MiB.
2026-10-05T06:27:03Z INFO [1084/3678] 48dafe71-1e6d-4482-a5bb-a0b0d89e1814: does not qualify; 0.7 s; peak memory 901 MiB.
2026-10-05T06:27:04Z INFO [1085/3678] 48db96e6-2171-4b9b-ab86-270ee2b020c4: does not qualify; 0.6 s; peak memory 901 MiB.
2026-10-05T06:27:06Z INFO [1086/3678] 48db9a5d-debf-4ebb-88e0-886ab218eeba: does not qualify; 1.8 s; peak memory 901 MiB.
2026-10-05T06:27:07Z INFO [1087/3678] 48dc395a-55df-4382-9e08-f2ba646bfd65: does not qualify; 1.0 s; peak memory 901 MiB.
2026-10-05T06:27:10Z INFO [1088/3678] 48dca33a-97c3-43b7-8f2c-d7dc24038746: does not qualify; 2.6 s; peak memory 901 MiB.
2026-10-05T06:27:10Z INFO [1089/3678] 48dd6120-0cb1-471d-9cfa-20b86b78fa37: does not qualify; 0.9 s; peak memory 901 MiB.
2026-10-05T06:27:13Z INFO [1090/3678] 48dda10d-0723-4ed6-a98b-8eb094cba59d: does not qualify; 2.6 s; peak memory 901 MiB.
2026-10-05T06:27:14Z INFO [1091/3678] 48df5844-578a-45bd-940b-c36d2054f020: does not qualify; 0.6 s; peak memory 901 MiB.
2026-10-05T06:27:14Z INFO [1092/3678] 48df8985-4891-4c95-93d6-1b68a4b1fb48: does not qualify; 0.7 s; peak memory 901 MiB.
2026-10-05T06:27:19Z INFO [1093/3678] 48e01dac-2f91-4a82-84cc-2d1a174772ef: does not qualify; 4.6 s; peak memory 901 MiB.
2026-10-05T06:27:20Z INFO [1094/3678] 48e07b32-49ed-4db8-8929-bdfe6864f186: does not qualify; 1.1 s; peak memory 901 MiB.
2026-10-05T06:27:21Z INFO [1095/3678] 48e10ba3-64ba-4d26-9c56-7549fb97e2d0: does not qualify; 1.4 s; peak memory 901 MiB.
2026-10-05T06:27:22Z INFO [1096/3678] 48e16028-fcee-45e9-9356-af9a0d876604: does not qualify; 0.9 s; peak memory 901 MiB.
2026-10-05T06:27:23Z INFO [1097/3678] 48e22280-af90-4053-8b03-78aea639cb3b: does not qualify; 0.8 s; peak memory 901 MiB.
2026-10-05T06:27:24Z INFO [1098/3678] 48e29546-67a5-4521-83b9-df79d572bd22: does not qualify; 0.8 s; peak memory 901 MiB.
2026-10-05T06:27:25Z INFO [1099/3678] 48e297fb-84ae-4dfb-87f1-228371c14d8e: does not qualify; 0.8 s; peak memory 901 MiB.
2026-10-05T06:27:31Z INFO [1100/3678] 48e34aa8-8171-43eb-aecd-7bede85e4e85: does not qualify; 6.5 s; peak memory 901 MiB.
2026-10-05T06:27:31Z INFO [1100/3678] 48e34aa8-8171-43eb-aecd-7bede85e4e85: checkpointed 63565 records.
2026-10-05T06:27:32Z INFO [1101/3678] 48e39173-c402-464c-bb18-a9bb0a384dfd: does not qualify; 0.7 s; peak memory 901 MiB.
2026-10-05T06:27:33Z INFO [1102/3678] 48e3c788-ff9a-4c54-9918-083f1523d457: does not qualify; 0.8 s; peak memory 901 MiB.
2026-10-05T06:27:33Z INFO [1103/3678] 48e3fc8e-4fce-4c3d-9e9a-795b544b47e9: does not qualify; 0.8 s; peak memory 901 MiB.
2026-10-05T06:27:40Z INFO [1104/3678] 48e40d2b-45e5-4949-9e8d-cc6866d4f861: does not qualify; 6.8 s; peak memory 901 MiB.
2026-10-05T06:27:41Z INFO [1105/3678] 48e458f6-e8ea-4053-b4f1-024ad1bfe152: does not qualify; 0.8 s; peak memory 901 MiB.
2026-10-05T06:27:42Z INFO [1106/3678] 48e4e5a4-51d0-4901-acc7-0fcbf9c414c3: does not qualify; 1.0 s; peak memory 901 MiB.
2026-10-05T06:27:43Z INFO [1107/3678] 48e6586f-d8e7-43ef-b6d3-b5dfe45ff658: does not qualify; 0.6 s; peak memory 901 MiB.
2026-10-05T06:27:43Z INFO [1108/3678] 48e666b7-c119-4911-ac38-9a966d898196: does not qualify; 0.8 s; peak memory 901 MiB.
2026-10-05T06:27:44Z INFO [1109/3678] 48e6faa6-c14e-4bb1-b61b-60ed725c75c2: does not qualify; 1.0 s; peak memory 901 MiB.
2026-10-05T06:27:45Z INFO [1110/3678] 48e795af-37b4-4f68-8324-0dc221354edd: does not qualify; 0.8 s; peak memory 901 MiB.
2026-10-05T06:27:46Z INFO [1111/3678] 48e79fa0-2ef1-4f6e-963f-87a1439ab735: does not qualify; 0.5 s; peak memory 901 MiB.
2026-10-05T06:27:46Z INFO [1112/3678] 48e7a3ec-f39a-45a2-85ba-612d3df9243a: does not qualify; 0.7 s; peak memory 901 MiB.
2026-10-05T06:27:48Z INFO [1113/3678] 48e7ac4c-b528-4d53-919f-cb0f2a78807d: does not qualify; 1.2 s; peak memory 901 MiB.
2026-10-05T06:27:48Z INFO [1114/3678] 48e831ee-ef8b-4337-a050-13085bd08329: does not qualify; 0.5 s; peak memory 901 MiB.
2026-10-05T06:27:50Z INFO [1115/3678] 48e91531-ace5-45df-84d7-45e82694da50: qualifies; 1.7 s; peak memory 901 MiB.
2026-10-05T06:27:51Z INFO [1116/3678] 48e94c72-868c-4a4f-ab2e-3049f7968c85: does not qualify; 0.8 s; peak memory 901 MiB.
2026-10-05T06:27:54Z INFO [1117/3678] 48e9d80d-24cf-4267-964c-74659964b368: does not qualify; 3.7 s; peak memory 901 MiB.
2026-10-05T06:27:55Z INFO [1118/3678] 48ea50e9-b525-450a-858e-787e8e7c8d4f: does not qualify; 0.8 s; peak memory 901 MiB.
2026-10-05T06:27:59Z INFO [1119/3678] 48eaa6e1-9989-4e78-8031-fafade2e0d21: does not qualify; 3.6 s; peak memory 901 MiB.
2026-10-05T06:27:59Z INFO [1120/3678] 48ec9402-15c8-416a-b00e-2c1ac7c06205: does not qualify; 0.7 s; peak memory 901 MiB.
2026-10-05T06:28:00Z INFO [1121/3678] 48ed0db6-a54c-4ce1-a792-7f33ea4230f0: does not qualify; 0.5 s; peak memory 901 MiB.
2026-10-05T06:28:01Z INFO [1122/3678] 48edb6fd-b3a7-4799-a63f-4490994c054f: does not qualify; 1.1 s; peak memory 901 MiB.
2026-10-05T06:28:02Z INFO [1123/3678] 48edcb16-37ac-46c5-9bed-cf1a297ce3f4: does not qualify; 0.8 s; peak memory 901 MiB.
2026-10-05T06:28:02Z INFO [1124/3678] 48ede4f8-10a2-4069-ab0e-57e43646c2f8: does not qualify; 0.8 s; peak memory 901 MiB.
2026-10-05T06:28:04Z INFO [1125/3678] 48ef1db4-796f-45c2-9739-d46fa85c708b: does not qualify; 1.4 s; peak memory 901 MiB.
2026-10-05T06:28:05Z INFO [1126/3678] 48ef7159-7469-4ca7-b377-338ae1074975: does not qualify; 1.1 s; peak memory 901 MiB.
2026-10-05T06:28:06Z INFO [1127/3678] 48ef91e0-ff56-42e3-9b0a-75e4c1fda38e: does not qualify; 1.2 s; peak memory 901 MiB.
2026-10-05T06:28:07Z INFO [1128/3678] 48f00182-925f-4834-9697-19775069aa58: does not qualify; 0.5 s; peak memory 901 MiB.
2026-10-05T06:28:08Z INFO [1129/3678] 48f0bd76-8f54-417c-8e75-f50d1d1e5585: does not qualify; 1.0 s; peak memory 901 MiB.
2026-10-05T06:28:09Z INFO [1130/3678] 48f16157-61df-4817-a3b6-bb204df766ac: does not qualify; 0.8 s; peak memory 901 MiB.
2026-10-05T06:28:10Z INFO [1131/3678] 48f2c0aa-628e-4fdd-a6ee-8c3845e251b1: qualifies; 1.4 s; peak memory 901 MiB.
2026-10-05T06:28:11Z INFO [1132/3678] 48f332b6-f4e3-44d9-a04a-71bf6d933574: does not qualify; 1.0 s; peak memory 901 MiB.
2026-10-05T06:28:12Z INFO [1133/3678] 48f33d1b-75b7-4845-abcc-dd5fc345e7bc: does not qualify; 0.8 s; peak memory 901 MiB.
2026-10-05T06:28:12Z INFO [1134/3678] 48f3421c-bb7a-4d55-989d-7d83f5401e66: does not qualify; 0.8 s; peak memory 901 MiB.
2026-10-05T06:28:13Z INFO [1135/3678] 48f37560-1294-4ed6-8869-8a512835f831: does not qualify; 0.8 s; peak memory 901 MiB.
2026-10-05T06:28:17Z INFO [1136/3678] 48f3f465-b3ff-4e32-9568-64fd4c579bd1: does not qualify; 3.7 s; peak memory 901 MiB.
2026-10-05T06:28:18Z INFO [1137/3678] 48f484cd-a3f8-4c0a-9c72-caedc89d42e8: does not qualify; 1.4 s; peak memory 901 MiB.
2026-10-05T06:28:19Z INFO [1138/3678] 48f4c412-7c74-4456-8a14-73bd74540a56: does not qualify; 1.1 s; peak memory 901 MiB.
2026-10-05T06:28:20Z INFO [1139/3678] 48f4f709-986f-452e-bf39-5442ddb26947: does not qualify; 0.7 s; peak memory 901 MiB.
2026-10-05T06:28:21Z INFO [1140/3678] 48f51b76-7c94-431a-b819-a1ff1bd545fa: does not qualify; 0.6 s; peak memory 901 MiB.
2026-10-05T06:29:51Z INFO [1141/3678] 48f5521e-4cfb-44b7-8a0c-157cc10940e8: does not qualify; 90.6 s; peak memory 901 MiB.
2026-10-05T06:29:54Z INFO [1142/3678] 48f60c53-0d47-43b3-876f-12dd97856c64: does not qualify; 2.1 s; peak memory 901 MiB.
2026-10-05T06:29:54Z INFO [1143/3678] 48f87086-51ca-4858-8f3c-8ef600786a0d: does not qualify; 0.5 s; peak memory 901 MiB.
2026-10-05T06:29:55Z INFO [1144/3678] 48fa397c-8b04-4e2b-ad5e-fa2c193216ef: does not qualify; 0.7 s; peak memory 901 MiB.
2026-10-05T06:29:55Z INFO [1145/3678] 48fa4fd2-9650-4332-b63b-9be0526d64af: does not qualify; 0.5 s; peak memory 901 MiB.
2026-10-05T06:29:56Z INFO [1146/3678] 48fa94de-74b0-417e-95e6-ede24f7ed2f3: does not qualify; 1.0 s; peak memory 901 MiB.
2026-10-05T06:29:57Z INFO [1147/3678] 48fd64fb-03b5-4a51-98e4-a174445a2f1e: qualifies; 1.0 s; peak memory 901 MiB.
2026-10-05T06:29:58Z INFO [1148/3678] 48fd6ed3-fff0-4eb1-9664-cfa8366bf35d: does not qualify; 0.5 s; peak memory 901 MiB.
2026-10-05T06:30:02Z INFO [1149/3678] 48fdbcf9-9aea-4c97-8000-d082dd9c2ded: does not qualify; 4.0 s; peak memory 901 MiB.
2026-10-05T06:30:03Z INFO [1150/3678] 48fde149-eec9-4620-9074-23594b4fd843: does not qualify; 0.9 s; peak memory 901 MiB.
2026-10-05T06:30:03Z INFO [1150/3678] 48fde149-eec9-4620-9074-23594b4fd843: checkpointed 63615 records.
2026-10-05T06:30:08Z INFO [1151/3678] 48fe4ae2-5b35-42c1-b6ae-4826c790b710: does not qualify; 5.3 s; peak memory 901 MiB.
2026-10-05T06:30:09Z INFO [1152/3678] 48feaa4b-eb51-4d07-9916-0aa24d74acff: does not qualify; 1.0 s; peak memory 901 MiB.
2026-10-05T06:30:10Z INFO [1153/3678] 48ff1cac-4412-4c62-a8c9-444e3b456c51: does not qualify; 0.9 s; peak memory 901 MiB.
2026-10-05T06:30:11Z INFO [1154/3678] 48ff4bc4-ef6a-46d2-9e4c-b64a8952c9c8: does not qualify; 1.1 s; peak memory 901 MiB.
2026-10-05T06:30:11Z INFO [1155/3678] 4900a11a-9bf1-4225-8624-c404074008bd: does not qualify; 0.5 s; peak memory 901 MiB.
2026-10-05T06:30:16Z INFO [1156/3678] 4900d7aa-86ef-433e-bde3-933160eaabc5: qualifies; 4.2 s; peak memory 901 MiB.
2026-10-05T06:30:17Z INFO [1157/3678] 4901596e-b5ac-4dbb-a417-1a35d5d63c07: does not qualify; 1.2 s; peak memory 901 MiB.
2026-10-05T06:30:22Z INFO [1158/3678] 4901a17e-82ea-47a9-a4e0-725347c13c70: does not qualify; 5.3 s; peak memory 901 MiB.
2026-10-05T06:30:23Z INFO [1159/3678] 49020637-9e6f-4aa8-8c91-9a79428f437b: does not qualify; 0.7 s; peak memory 901 MiB.
2026-10-05T06:30:24Z INFO [1160/3678] 4903147c-a5cf-48a7-b8c3-e46cb7e39ae4: does not qualify; 0.9 s; peak memory 901 MiB.
2026-10-05T06:30:25Z INFO [1161/3678] 49034de3-418a-4e4a-a887-0f9f29f2917c: does not qualify; 0.7 s; peak memory 901 MiB.
2026-10-05T06:30:28Z INFO [1162/3678] 4903552c-5a42-46e8-83d1-7e70b1bcf4c4: does not qualify; 3.3 s; peak memory 901 MiB.
2026-10-05T06:30:29Z INFO [1163/3678] 49044ee0-ed6b-43a1-b2a6-7688bf58ff8e: does not qualify; 0.7 s; peak memory 901 MiB.
2026-10-05T06:30:29Z INFO [1164/3678] 49055ce1-7d21-426c-9c48-de34a9b02ef0: does not qualify; 0.4 s; peak memory 901 MiB.
2026-10-05T06:30:30Z INFO [1165/3678] 4905be07-0650-4227-be7c-8cda69e03391: does not qualify; 0.7 s; peak memory 901 MiB.
2026-10-05T06:30:31Z INFO [1166/3678] 4905c1aa-5b9d-4f7f-8528-aa2ef195cd2e: does not qualify; 0.9 s; peak memory 901 MiB.
2026-10-05T06:30:31Z INFO [1167/3678] 4905e0bb-54f3-4e01-8df1-5e3aa4baa455: does not qualify; 0.8 s; peak memory 901 MiB.
2026-10-05T06:30:32Z INFO [1168/3678] 49061664-27cf-49fc-8950-548bfc0c085f: does not qualify; 0.4 s; peak memory 901 MiB.
2026-10-05T06:30:33Z INFO [1169/3678] 49064af5-dde5-43b9-84ee-6044c83bc7ac: does not qualify; 0.8 s; peak memory 901 MiB.
2026-10-05T06:30:37Z INFO [1170/3678] 49067f30-4493-4d09-bac6-c38074c3883e: qualifies; 4.1 s; peak memory 901 MiB.
2026-10-05T06:30:38Z INFO [1171/3678] 4906e510-7c8d-4814-acf4-870dc517d935: does not qualify; 1.5 s; peak memory 901 MiB.
2026-10-05T06:30:39Z INFO [1172/3678] 49073be5-2542-48bb-9c03-0ae8e4a3ab5d: does not qualify; 0.9 s; peak memory 901 MiB.
2026-10-05T06:30:40Z INFO [1173/3678] 4907d80c-c9e0-46ac-b0b9-1cf223ad358d: does not qualify; 0.6 s; peak memory 901 MiB.
2026-10-05T06:30:42Z INFO [1174/3678] 490829b4-92bb-45bd-8799-94b74e307b4c: does not qualify; 1.9 s; peak memory 901 MiB.
2026-10-05T06:30:46Z INFO [1175/3678] 4908abef-5a3c-464a-b061-92906666147c: does not qualify; 4.3 s; peak memory 901 MiB.
2026-10-05T06:30:47Z INFO [1176/3678] 4908aee1-918e-438d-a6d5-cd9bf924e236: does not qualify; 1.1 s; peak memory 901 MiB.
2026-10-05T06:30:50Z INFO [1177/3678] 4908fa09-d1ac-4a7c-88bb-f08316b469bd: does not qualify; 3.3 s; peak memory 901 MiB.
2026-10-05T06:30:51Z INFO [1178/3678] 490a22ba-8f36-4cf1-a576-afdb84d09faf: does not qualify; 0.8 s; peak memory 901 MiB.
2026-10-05T06:30:52Z INFO [1179/3678] 490a77fa-37c7-4080-85ca-06441a93071f: does not qualify; 0.9 s; peak memory 901 MiB.
2026-10-05T06:30:53Z INFO [1180/3678] 490c5b8f-70a6-4b31-87a2-7828e029db0c: does not qualify; 1.4 s; peak memory 901 MiB.
2026-10-05T06:30:54Z INFO [1181/3678] 490d78e3-db2d-40f9-9603-c5951e676f68: does not qualify; 0.9 s; peak memory 901 MiB.
2026-10-05T06:30:55Z INFO [1182/3678] 490e3533-2b6c-4d65-b4a6-aa880c6afeea: does not qualify; 0.5 s; peak memory 901 MiB.
2026-10-05T06:30:56Z INFO [1183/3678] 490e8788-859c-4eac-a204-5f12de34aa8f: does not qualify; 1.0 s; peak memory 901 MiB.
2026-10-05T06:30:57Z INFO [1184/3678] 49102a84-b1a0-40cd-9079-3e98e75dea67: does not qualify; 1.7 s; peak memory 901 MiB.
2026-10-05T06:30:58Z INFO [1185/3678] 49105eda-a5b5-41c5-abe5-ed4094737228: does not qualify; 0.5 s; peak memory 901 MiB.
2026-10-05T06:31:01Z INFO [1186/3678] 49115005-400b-4a51-a46e-c5dc8c8e7c80: does not qualify; 2.9 s; peak memory 901 MiB.
2026-10-05T06:31:02Z INFO [1187/3678] 49115ec5-4792-46e6-989f-51a3dd8c3f00: does not qualify; 0.7 s; peak memory 901 MiB.
2026-10-05T06:31:02Z INFO [1188/3678] 4913361d-f1ad-41a4-9211-8b855a5e8095: does not qualify; 0.6 s; peak memory 901 MiB.
2026-10-05T06:31:04Z INFO [1189/3678] 49133b28-4c3b-4537-a36c-486e2e32e680: does not qualify; 1.7 s; peak memory 901 MiB.
2026-10-05T06:31:05Z INFO [1190/3678] 49135a5b-1f0b-4d52-9db5-29c24c4ab42c: does not qualify; 0.7 s; peak memory 901 MiB.
2026-10-05T06:31:06Z INFO [1191/3678] 49146429-648b-4658-bd1e-59ccbe02d203: does not qualify; 1.0 s; peak memory 901 MiB.
2026-10-05T06:31:08Z INFO [1192/3678] 491479ca-96d8-4fad-88e4-a02bb25281f2: does not qualify; 2.3 s; peak memory 901 MiB.
2026-10-05T06:31:09Z INFO [1193/3678] 4914c0e4-d936-4764-999d-fef59943256d: does not qualify; 1.2 s; peak memory 901 MiB.
2026-10-05T06:31:10Z INFO [1194/3678] 4914c166-191e-4352-bc2d-2a92b7d690ef: does not qualify; 0.9 s; peak memory 901 MiB.
2026-10-05T06:31:11Z INFO [1195/3678] 49154b75-51b7-4a16-b84a-658761fd3b6c: does not qualify; 0.8 s; peak memory 901 MiB.
2026-10-05T06:31:11Z INFO [1196/3678] 49167ddf-fd33-456a-9fde-26feccd44355: does not qualify; 0.6 s; peak memory 901 MiB.
2026-10-05T06:31:12Z INFO [1197/3678] 4916d125-f4af-49fc-b8df-a76344275d77: does not qualify; 1.1 s; peak memory 901 MiB.
2026-10-05T06:31:13Z INFO [1198/3678] 4916e98f-3edf-4af7-94d7-07252bb42a70: does not qualify; 0.6 s; peak memory 901 MiB.
2026-10-05T06:31:14Z INFO [1199/3678] 49173b8c-360e-4ed2-9118-7b60ad91e731: does not qualify; 0.8 s; peak memory 901 MiB.
2026-10-05T06:31:15Z INFO [1200/3678] 4917eb03-49e4-4ea6-a252-c85ed006d1fd: does not qualify; 0.8 s; peak memory 901 MiB.
2026-10-05T06:31:15Z INFO [1200/3678] 4917eb03-49e4-4ea6-a252-c85ed006d1fd: checkpointed 63665 records.
2026-10-05T06:31:16Z INFO [1201/3678] 491843d0-73c6-413e-bd53-dde2d158d0a8: does not qualify; 1.6 s; peak memory 901 MiB.
2026-10-05T06:31:17Z INFO [1202/3678] 491864b0-3ac9-403b-8d2f-76bb195a5740: does not qualify; 0.7 s; peak memory 901 MiB.
2026-10-05T06:31:18Z INFO [1203/3678] 49187fab-ed3c-4c30-a268-9e74edd9f62b: does not qualify; 0.8 s; peak memory 901 MiB.
2026-10-05T06:31:19Z INFO [1204/3678] 49191b56-e552-43ed-993f-9a4d70f55ec1: does not qualify; 1.6 s; peak memory 901 MiB.
2026-10-05T06:31:20Z INFO [1205/3678] 4919a016-bb92-4601-828b-77b23f4ff0e6: does not qualify; 1.0 s; peak memory 901 MiB.
2026-10-05T06:31:21Z INFO [1206/3678] 491b408d-41d6-462c-aac7-7535defd335f: does not qualify; 0.8 s; peak memory 901 MiB.
2026-10-05T06:31:22Z INFO [1207/3678] 491b60c6-ab44-41b7-8a18-c6ff1959e4dd: does not qualify; 0.8 s; peak memory 901 MiB.
2026-10-05T06:31:23Z INFO [1208/3678] 491ce7f0-450b-4c7f-b5fe-605d10d8861c: does not qualify; 0.8 s; peak memory 901 MiB.
2026-10-05T06:31:24Z INFO [1209/3678] 491dd6c5-908d-45dc-b396-12183d4926ae: does not qualify; 1.1 s; peak memory 901 MiB.
2026-10-05T06:31:25Z INFO [1210/3678] 491e4583-367c-4069-84ea-03371a0f4a9c: does not qualify; 1.6 s; peak memory 901 MiB.
2026-10-05T06:31:26Z INFO [1211/3678] 491f055b-be41-4369-b619-300c518ad3e2: does not qualify; 0.7 s; peak memory 901 MiB.
2026-10-05T06:31:27Z INFO [1212/3678] 49210a6b-5f5c-4f03-803e-d895fec54800: does not qualify; 0.9 s; peak memory 901 MiB.
2026-10-05T06:31:28Z INFO [1213/3678] 49214376-8e60-4fad-b60e-1925526b378e: does not qualify; 0.9 s; peak memory 901 MiB.
2026-10-05T06:31:30Z INFO [1214/3678] 49214d20-15bb-4350-8d5b-066647ee6e91: does not qualify; 1.6 s; peak memory 901 MiB.
2026-10-05T06:31:31Z INFO [1215/3678] 49229fc5-96cb-42cc-a6df-224629105905: does not qualify; 1.2 s; peak memory 901 MiB.
2026-10-05T06:31:31Z INFO [1216/3678] 49244483-c7ba-40cd-8c98-8c04500785c9: does not qualify; 0.7 s; peak memory 901 MiB.
2026-10-05T06:31:32Z INFO [1217/3678] 49257421-29df-4391-b9de-14e394896be9: does not qualify; 0.6 s; peak memory 901 MiB.
2026-10-05T06:31:33Z INFO [1218/3678] 4925a91c-43ac-4734-8d3a-e1f68ed4cb79: does not qualify; 0.6 s; peak memory 901 MiB.
2026-10-05T06:31:34Z INFO [1219/3678] 49260f1d-dd8e-4c76-8059-29b9c131e980: does not qualify; 0.9 s; peak memory 901 MiB.
2026-10-05T06:31:34Z INFO [1220/3678] 49286512-9182-4068-b3b3-e461e8e8f50b: does not qualify; 0.6 s; peak memory 901 MiB.
2026-10-05T06:31:36Z INFO [1221/3678] 49287818-fd13-4241-a4c2-045b066c6c1e: does not qualify; 1.6 s; peak memory 901 MiB.
2026-10-05T06:31:37Z INFO [1222/3678] 4928a465-13a3-42d8-83e0-366050359772: does not qualify; 1.1 s; peak memory 901 MiB.
2026-10-05T06:31:38Z INFO [1223/3678] 4928ab31-bd08-453a-9914-b90469e7c652: does not qualify; 0.7 s; peak memory 901 MiB.
2026-10-05T06:32:07Z INFO [1224/3678] 492937bc-a0b9-4c58-9513-dadb17702b3e: does not qualify; 29.4 s; peak memory 901 MiB.
2026-10-05T06:32:08Z INFO [1225/3678] 492a7efc-feec-40ff-9591-2ee39d7a013b: does not qualify; 0.6 s; peak memory 901 MiB.
2026-10-05T06:32:17Z INFO [1226/3678] 492b0998-b102-4000-9b52-e856ca4ac634: does not qualify; 9.1 s; peak memory 901 MiB.
2026-10-05T06:32:17Z INFO [1227/3678] 492b2b7f-e991-41bb-8b46-e431c6708b1b: does not qualify; 0.8 s; peak memory 901 MiB.
2026-10-05T06:32:21Z INFO [1228/3678] 492b60fe-db31-42f9-9414-0ebe6d7c08eb: does not qualify; 3.3 s; peak memory 901 MiB.
2026-10-05T06:32:21Z INFO [1229/3678] 492c4e6c-fc4a-4ccb-9bda-17369dd6b7c5: does not qualify; 0.7 s; peak memory 901 MiB.
2026-10-05T06:32:27Z INFO [1230/3678] 492c529c-88a7-4118-9e9d-75895d75aff0: does not qualify; 6.0 s; peak memory 901 MiB.
2026-10-05T06:32:29Z INFO [1231/3678] 492c7fa1-d176-43bf-b4d9-cf6cfe010ad9: does not qualify; 1.2 s; peak memory 901 MiB.
2026-10-05T06:32:58Z INFO [1232/3678] 492cba18-afd7-40d9-b755-4f128143a1db: does not qualify; 29.2 s; peak memory 901 MiB.
2026-10-05T06:32:59Z INFO [1233/3678] 492d13f8-2866-4365-b2c7-e66cd9548df2: does not qualify; 0.8 s; peak memory 901 MiB.
2026-10-05T06:33:00Z INFO [1234/3678] 492d7a07-7255-4b10-8c6f-7f92ec41134a: does not qualify; 1.0 s; peak memory 901 MiB.
2026-10-05T06:33:00Z INFO [1235/3678] 49300c0d-8f67-4f47-86f9-2db75b26869b: does not qualify; 0.7 s; peak memory 901 MiB.
2026-10-05T06:33:01Z INFO [1236/3678] 49302305-eb94-4fa2-a071-6a897357126b: does not qualify; 0.7 s; peak memory 901 MiB.
2026-10-05T06:33:02Z INFO [1237/3678] 49309178-b117-41ef-b641-97e2539e0db1: does not qualify; 0.7 s; peak memory 901 MiB.
2026-10-05T06:33:06Z INFO [1238/3678] 4930f403-c6fa-4710-af3f-21eba3dc5bfa: does not qualify; 4.7 s; peak memory 901 MiB.
2026-10-05T06:33:07Z INFO [1239/3678] 49313b61-7e6e-48d3-82bf-110509acd3cb: does not qualify; 0.9 s; peak memory 901 MiB.
2026-10-05T06:33:08Z INFO [1240/3678] 4931b9b4-48fd-4f83-9cc5-11f0261c07ab: does not qualify; 0.7 s; peak memory 901 MiB.
2026-10-05T06:33:09Z INFO [1241/3678] 4932ba0b-85bb-4465-9aa4-b5d70f4af562: does not qualify; 0.7 s; peak memory 901 MiB.
2026-10-05T06:33:09Z INFO [1242/3678] 49331679-c6d4-444a-9e60-84d03c30c74b: does not qualify; 0.7 s; peak memory 901 MiB.
2026-10-05T06:33:10Z INFO [1243/3678] 4933aad7-0b7b-4b10-a2af-fc3046b92ea9: does not qualify; 0.8 s; peak memory 901 MiB.
2026-10-05T06:33:11Z INFO [1244/3678] 4934b650-eb3a-44fb-898d-9f3f4732f58c: does not qualify; 0.9 s; peak memory 901 MiB.
2026-10-05T06:33:25Z INFO [1245/3678] 493566ec-76fb-4beb-ae6b-0559170ab441: does not qualify; 13.9 s; peak memory 901 MiB.
2026-10-05T06:33:25Z INFO [1246/3678] 4935b928-c953-434f-9f06-75b3c9a15348: does not qualify; 0.5 s; peak memory 901 MiB.
2026-10-05T06:33:26Z INFO [1247/3678] 4935c96b-a9e6-485b-8b86-d118d2fcc7fa: does not qualify; 0.8 s; peak memory 901 MiB.
2026-10-05T06:33:28Z INFO [1248/3678] 49365e14-9cb2-4c99-b8eb-a5b9ac5b4d48: does not qualify; 1.7 s; peak memory 901 MiB.
2026-10-05T06:33:34Z INFO [1249/3678] 49377ac4-f43a-40d9-9e16-f7833019b4dd: does not qualify; 5.6 s; peak memory 901 MiB.
2026-10-05T06:33:40Z INFO [1250/3678] 4939469c-7fa6-440f-88da-135f6afe12d2: does not qualify; 6.6 s; peak memory 901 MiB.
2026-10-05T06:33:40Z INFO [1250/3678] 4939469c-7fa6-440f-88da-135f6afe12d2: checkpointed 63715 records.
2026-10-05T06:33:41Z INFO [1251/3678] 493a1fa2-aebe-42be-a655-a65d475a40fb: does not qualify; 0.9 s; peak memory 901 MiB.
2026-10-05T06:33:45Z INFO [1252/3678] 493a3aca-bf97-498a-aef5-742460ce3207: does not qualify; 4.1 s; peak memory 901 MiB.
2026-10-05T06:33:47Z INFO [1253/3678] 493a8f6d-889c-4620-9fbe-43bd89599d95: does not qualify; 2.1 s; peak memory 901 MiB.
2026-10-05T06:33:53Z INFO [1254/3678] 493b7b29-1d28-4696-97a1-f92dadf416f3: does not qualify; 5.7 s; peak memory 901 MiB.
2026-10-05T06:33:55Z INFO [1255/3678] 493baedb-a1a6-4894-a9d3-2ffd911d4c0e: does not qualify; 1.4 s; peak memory 901 MiB.
2026-10-05T06:33:59Z INFO [1256/3678] 493bb4d3-2e6f-4e0e-8f00-dfbe5598a9d2: does not qualify; 4.5 s; peak memory 901 MiB.
2026-10-05T06:34:00Z INFO [1257/3678] 493cab46-86a9-44c3-8d1c-6981335824d1: does not qualify; 1.0 s; peak memory 901 MiB.
2026-10-05T06:34:01Z INFO [1258/3678] 493dac91-1d40-40e4-97af-fc2c252b43bd: does not qualify; 0.7 s; peak memory 901 MiB.
2026-10-05T06:34:08Z INFO [1259/3678] 493db69c-fee7-4af0-bdcd-784d1ff0f0a0: does not qualify; 6.9 s; peak memory 901 MiB.
2026-10-05T06:34:09Z INFO [1260/3678] 493ea3d3-6e20-43c1-8367-e2bb62a25c1f: does not qualify; 1.0 s; peak memory 901 MiB.
2026-10-05T06:34:09Z INFO [1261/3678] 4940011a-6017-4ed5-a701-ee6f3626d003: does not qualify; 0.8 s; peak memory 901 MiB.
2026-10-05T06:34:13Z INFO [1262/3678] 49404e3c-0b4f-4074-a653-12b9992102ba: does not qualify; 3.3 s; peak memory 901 MiB.
2026-10-05T06:34:13Z INFO [1263/3678] 49406a87-1c60-480c-bf38-446619836231: does not qualify; 0.5 s; peak memory 901 MiB.
2026-10-05T06:34:15Z INFO [1264/3678] 4940ce92-f722-457c-938a-e383bebcc69e: does not qualify; 1.4 s; peak memory 901 MiB.
2026-10-05T06:34:16Z INFO [1265/3678] 49424ee5-416d-499c-8076-e83cfc9e3c3e: does not qualify; 1.0 s; peak memory 901 MiB.
2026-10-05T06:34:16Z INFO [1266/3678] 4942888f-0351-4cec-bedd-6e384f008975: does not qualify; 0.7 s; peak memory 901 MiB.
2026-10-05T06:34:17Z INFO [1267/3678] 4943b9f3-2d3e-4728-8593-a5adad591dae: does not qualify; 0.8 s; peak memory 901 MiB.
2026-10-05T06:34:18Z INFO [1268/3678] 4944698f-af63-4718-8700-c163f54a6a17: does not qualify; 1.2 s; peak memory 901 MiB.
2026-10-05T06:34:19Z INFO [1269/3678] 49450b4c-a931-40a2-8bc3-1616eac154b9: does not qualify; 0.9 s; peak memory 901 MiB.
2026-10-05T06:34:20Z INFO [1270/3678] 49457868-6121-4b96-b08e-6c52e55eb2d0: does not qualify; 0.5 s; peak memory 901 MiB.
2026-10-05T06:34:20Z INFO [1271/3678] 49477462-60b0-41a2-8563-dd6a2f6b3f66: does not qualify; 0.7 s; peak memory 901 MiB.
2026-10-05T06:34:21Z INFO [1272/3678] 4947dac3-42a6-4634-b30c-5d39fac2ba2d: does not qualify; 0.7 s; peak memory 901 MiB.
2026-10-05T06:34:22Z INFO [1273/3678] 49480d4a-b506-4575-baac-d35d7fe4b09d: does not qualify; 0.7 s; peak memory 901 MiB.
2026-10-05T06:34:27Z INFO [1274/3678] 494836a6-9660-43ec-80bc-dbc899457444: does not qualify; 4.7 s; peak memory 901 MiB.
2026-10-05T06:34:27Z INFO [1275/3678] 49485ac2-2925-4810-8261-157f05e26d32: does not qualify; 0.8 s; peak memory 901 MiB.
2026-10-05T06:34:29Z INFO [1276/3678] 49492f0c-be73-4d08-bc99-0a03d60c6b86: does not qualify; 2.0 s; peak memory 901 MiB.
2026-10-05T06:34:30Z INFO [1277/3678] 49498aec-f009-4600-9f16-384a7aab1c7b: does not qualify; 0.7 s; peak memory 901 MiB.
2026-10-05T06:34:37Z INFO [1278/3678] 4949907d-bbc9-494b-89fb-0f28b0ca4669: qualifies; 6.9 s; peak memory 901 MiB.
2026-10-05T06:34:38Z INFO [1279/3678] 4949bec7-8b9c-43d6-bbc3-a5f9581b6e9e: does not qualify; 1.0 s; peak memory 901 MiB.
2026-10-05T06:34:40Z INFO [1280/3678] 4949c6d6-1d48-4108-87e3-13b250f2a88e: does not qualify; 2.4 s; peak memory 901 MiB.
2026-10-05T06:34:42Z INFO [1281/3678] 494a80cd-3c26-4e84-a5ab-e5a89d4843d9: does not qualify; 1.2 s; peak memory 901 MiB.
2026-10-05T06:34:46Z INFO [1282/3678] 494a95d4-ccdf-4ac0-8deb-c3db5d8a39b3: does not qualify; 4.4 s; peak memory 901 MiB.
2026-10-05T06:34:49Z INFO [1283/3678] 494b2bab-b431-42e4-8e08-e1bb38033398: does not qualify; 2.8 s; peak memory 901 MiB.
2026-10-05T06:34:50Z INFO [1284/3678] 494bb140-6794-49d8-a01a-ff611d83b42e: does not qualify; 0.7 s; peak memory 901 MiB.
2026-10-05T06:34:50Z INFO [1285/3678] 494c9aae-bdd1-43d8-9495-3f5b7c9cefda: does not qualify; 0.9 s; peak memory 901 MiB.
2026-10-05T06:34:58Z INFO [1286/3678] 494dbd26-48c0-4fe8-b1be-7b306d3aeb68: does not qualify; 7.6 s; peak memory 901 MiB.
2026-10-05T06:34:59Z INFO [1287/3678] 494f43b6-1b40-4070-a489-b9a19be70d79: does not qualify; 0.8 s; peak memory 901 MiB.
2026-10-05T06:34:59Z INFO [1288/3678] 494f7cf7-714d-4ccd-896c-48c6a8fdd249: does not qualify; 0.5 s; peak memory 901 MiB.
2026-10-05T06:35:00Z INFO [1289/3678] 494f919c-bd6d-4615-97ed-3da91df70d86: does not qualify; 0.8 s; peak memory 901 MiB.
2026-10-05T06:35:01Z INFO [1290/3678] 4951463f-e426-444f-b1dd-1680eab12839: does not qualify; 0.8 s; peak memory 901 MiB.
2026-10-05T06:35:02Z INFO [1291/3678] 4951cb60-6bff-483e-900d-d6f9bc44bb20: does not qualify; 1.1 s; peak memory 901 MiB.
2026-10-05T06:35:04Z INFO [1292/3678] 495268c7-33ef-4169-862d-9fb8df78bb68: does not qualify; 1.8 s; peak memory 901 MiB.
2026-10-05T06:35:04Z INFO [1293/3678] 49530e38-51c6-4ee3-892f-d92b2bae5180: does not qualify; 0.4 s; peak memory 901 MiB.
2026-10-05T06:35:12Z INFO [1294/3678] 4953cf38-9791-46ae-b622-08590cd7aa6b: does not qualify; 7.4 s; peak memory 901 MiB.
2026-10-05T06:35:15Z INFO [1295/3678] 4953fdee-6bb9-4050-821e-1ee043943ef7: does not qualify; 3.3 s; peak memory 901 MiB.
2026-10-05T06:35:16Z INFO [1296/3678] 49557943-a3d7-4bf6-b04c-48a465bb85b7: does not qualify; 0.7 s; peak memory 901 MiB.
2026-10-05T06:35:21Z INFO [1297/3678] 49563a29-0f40-4ca6-8195-1bbe6310fba0: does not qualify; 5.6 s; peak memory 901 MiB.
2026-10-05T06:35:22Z INFO [1298/3678] 49572d66-fe34-49da-b9f2-7db0d9fed27e: does not qualify; 0.8 s; peak memory 901 MiB.
2026-10-05T06:35:24Z INFO [1299/3678] 4957b936-1777-4a5b-a44c-591c200b3b2c: does not qualify; 2.2 s; peak memory 901 MiB.
2026-10-05T06:35:25Z INFO [1300/3678] 4957ec3a-45b2-4ab5-8602-e991c6f940d0: does not qualify; 0.7 s; peak memory 901 MiB.
2026-10-05T06:35:25Z INFO [1300/3678] 4957ec3a-45b2-4ab5-8602-e991c6f940d0: checkpointed 63765 records.
2026-10-05T06:35:30Z INFO [1301/3678] 4957ed4c-7ae2-4cde-8044-684c866ddcaa: does not qualify; 4.8 s; peak memory 901 MiB.
2026-10-05T06:35:31Z INFO [1302/3678] 4957faa4-e47c-4c27-8137-2880396c3091: does not qualify; 0.8 s; peak memory 901 MiB.
2026-10-05T06:35:32Z INFO [1303/3678] 4959e740-ce28-4de4-91c2-8c12cc3a9c0d: does not qualify; 0.6 s; peak memory 901 MiB.
2026-10-05T06:35:33Z INFO [1304/3678] 495ab4b2-3d50-4a71-917b-da75d37c1f3f: does not qualify; 1.9 s; peak memory 901 MiB.
2026-10-05T06:35:34Z INFO [1305/3678] 495df6e1-ebc6-4638-aaa7-5d9468028c8f: does not qualify; 1.1 s; peak memory 901 MiB.
2026-10-05T06:35:35Z INFO [1306/3678] 495e1336-8456-4298-ae54-b331934a26b6: does not qualify; 0.7 s; peak memory 901 MiB.
2026-10-05T06:35:36Z INFO [1307/3678] 495e317f-5275-4f7a-97b0-ccaaf67a9ca1: does not qualify; 0.8 s; peak memory 901 MiB.
2026-10-05T06:35:37Z INFO [1308/3678] 495e4326-0f73-4d9b-a7d2-8cacd5bd524b: does not qualify; 0.9 s; peak memory 901 MiB.
2026-10-05T06:35:38Z INFO [1309/3678] 495e591f-19a5-4cf6-aeca-8d6439dde3e1: does not qualify; 0.7 s; peak memory 901 MiB.
2026-10-05T06:35:38Z INFO [1310/3678] 495f222d-4330-44f8-879c-06e0b389d1cd: does not qualify; 0.8 s; peak memory 901 MiB.
2026-10-05T06:35:39Z INFO [1311/3678] 495f2d4c-86ab-433b-b8e6-17e5dd42bc7a: does not qualify; 0.8 s; peak memory 901 MiB.
2026-10-05T06:35:43Z INFO [1312/3678] 49609a03-df45-4261-b6e0-65abf426bdf7: does not qualify; 3.8 s; peak memory 901 MiB.
2026-10-05T06:35:44Z INFO [1313/3678] 4960a2a0-5793-4895-bb01-93b648f8a351: does not qualify; 0.9 s; peak memory 901 MiB.
2026-10-05T06:35:45Z INFO [1314/3678] 4960ce38-a85e-496a-81ef-d81555da0179: does not qualify; 0.8 s; peak memory 901 MiB.
2026-10-05T06:35:46Z INFO [1315/3678] 49619179-78d3-4ba9-8d31-c3eddd44ea15: does not qualify; 1.7 s; peak memory 901 MiB.
2026-10-05T06:35:47Z INFO [1316/3678] 4963dbac-eaa7-4cb2-8755-6d9d014cd546: does not qualify; 0.9 s; peak memory 901 MiB.
2026-10-05T06:35:48Z INFO [1317/3678] 49647153-5b14-4c21-9243-01dfa9e80d11: does not qualify; 1.1 s; peak memory 901 MiB.
2026-10-05T06:35:49Z INFO [1318/3678] 49653ca9-6eba-414e-865b-bc661328498e: does not qualify; 0.6 s; peak memory 901 MiB.
2026-10-05T06:35:56Z INFO [1319/3678] 4965a1ba-4dba-410e-87fb-b03852a7cf20: does not qualify; 6.9 s; peak memory 901 MiB.
2026-10-05T06:35:57Z INFO [1320/3678] 4965bf57-b31a-4a26-8119-709a0b458fc7: does not qualify; 0.7 s; peak memory 901 MiB.
2026-10-05T06:35:57Z INFO [1321/3678] 4965db68-8042-4e69-b4d2-7fdfc0f87275: does not qualify; 0.6 s; peak memory 901 MiB.
2026-10-05T06:35:59Z INFO [1322/3678] 4965f497-2272-42a5-8e32-8df660e577a3: does not qualify; 1.6 s; peak memory 901 MiB.
2026-10-05T06:36:01Z INFO [1323/3678] 4966720e-2062-4dda-af44-54c9217abffc: does not qualify; 2.0 s; peak memory 901 MiB.
2026-10-05T06:36:05Z INFO [1324/3678] 49667903-188f-4d07-bc88-a80a0dcf939f: does not qualify; 4.2 s; peak memory 901 MiB.
2026-10-05T06:36:06Z INFO [1325/3678] 4966ce83-1a05-4cb7-a5f1-d64e8ba5ac35: does not qualify; 0.8 s; peak memory 901 MiB.
2026-10-05T06:36:07Z INFO [1326/3678] 4966d1cd-366b-493d-b933-2c2526ceb517: does not qualify; 0.8 s; peak memory 901 MiB.
2026-10-05T06:36:08Z INFO [1327/3678] 496768fa-53e1-4d71-b525-f8c0020afb22: does not qualify; 1.0 s; peak memory 901 MiB.
2026-10-05T06:36:12Z INFO [1328/3678] 4967ad51-e4bb-4023-8b3f-df8f3c5e51d2: does not qualify; 3.9 s; peak memory 901 MiB.
2026-10-05T06:36:12Z INFO [1329/3678] 49683470-e42a-4a57-82f8-41a5dbc9b13c: does not qualify; 0.8 s; peak memory 901 MiB.
2026-10-05T06:36:13Z INFO [1330/3678] 4968861e-549b-4a6e-aedb-360453d41cd0: does not qualify; 0.8 s; peak memory 901 MiB.
2026-10-05T06:36:14Z INFO [1331/3678] 4969e639-7934-4965-a131-6427438e94d2: does not qualify; 0.9 s; peak memory 901 MiB.
2026-10-05T06:36:15Z INFO [1332/3678] 496aa412-773c-4391-8c93-a1bf7be157b1: does not qualify; 0.8 s; peak memory 901 MiB.
2026-10-05T06:36:19Z INFO [1333/3678] 496acd2d-4a53-4c58-9b8c-b1a6ffa41908: does not qualify; 4.1 s; peak memory 901 MiB.
2026-10-05T06:36:19Z INFO [1334/3678] 496cd6cc-2e12-4388-bf58-30e18022c6eb: does not qualify; 0.4 s; peak memory 901 MiB.
2026-10-05T06:36:20Z INFO [1335/3678] 496d631d-4e79-4fc1-8acb-ffad91eb0cc8: does not qualify; 0.7 s; peak memory 901 MiB.
2026-10-05T06:36:21Z INFO [1336/3678] 496dd069-d657-4ca3-b17e-b3617d2e3102: does not qualify; 1.0 s; peak memory 901 MiB.
2026-10-05T06:36:25Z INFO [1337/3678] 496de790-fe05-47c6-9a87-028735c1157d: does not qualify; 3.8 s; peak memory 901 MiB.
2026-10-05T06:36:26Z INFO [1338/3678] 496e0526-919b-4dcd-801e-48075180bd86: does not qualify; 1.1 s; peak memory 901 MiB.
2026-10-05T06:36:31Z INFO [1339/3678] 496e2506-958c-407e-bafb-e338b09dca45: does not qualify; 4.7 s; peak memory 901 MiB.
2026-10-05T06:36:31Z INFO [1340/3678] 496ea5de-9c02-4f69-9ba1-1ea803172c0c: does not qualify; 0.8 s; peak memory 901 MiB.
2026-10-05T06:36:36Z INFO [1341/3678] 496efe0d-ad28-42b4-9660-64dfcf7de610: does not qualify; 4.9 s; peak memory 901 MiB.
2026-10-05T06:36:37Z INFO [1342/3678] 496f8fbf-583e-454e-9454-037d564ac5dc: does not qualify; 1.0 s; peak memory 901 MiB.
2026-10-05T06:36:38Z INFO [1343/3678] 49704b68-47da-4d4c-9af9-f935cc7b018e: does not qualify; 1.0 s; peak memory 901 MiB.
2026-10-05T06:36:39Z INFO [1344/3678] 49705177-b429-40dc-9c9d-95baac0e2b75: does not qualify; 0.6 s; peak memory 901 MiB.
2026-10-05T06:36:40Z INFO [1345/3678] 4970f7f6-0109-4402-bddc-e1212bc9facb: does not qualify; 0.8 s; peak memory 901 MiB.
2026-10-05T06:36:41Z INFO [1346/3678] 49722c4f-70b2-4cec-b44c-68bbcfe59294: does not qualify; 0.9 s; peak memory 901 MiB.
2026-10-05T06:36:41Z INFO [1347/3678] 4972c411-a5f7-4722-aabc-b9fb54832c54: does not qualify; 0.4 s; peak memory 901 MiB.
2026-10-05T06:36:42Z INFO [1348/3678] 4974d523-4ace-4a22-8d7e-b68280962881: does not qualify; 1.1 s; peak memory 901 MiB.
2026-10-05T06:36:44Z INFO [1349/3678] 49757438-325e-4225-a3a1-6c51c6ebb11e: does not qualify; 1.7 s; peak memory 901 MiB.
2026-10-05T06:36:45Z INFO [1350/3678] 49760915-9ae9-4674-b33f-904b154df23b: does not qualify; 0.9 s; peak memory 901 MiB.
2026-10-05T06:36:45Z INFO [1350/3678] 49760915-9ae9-4674-b33f-904b154df23b: checkpointed 63815 records.
2026-10-05T06:36:46Z INFO [1351/3678] 4976832c-c34f-47b5-a4b6-b0e5b74e343e: does not qualify; 0.9 s; peak memory 901 MiB.
2026-10-05T06:36:47Z INFO [1352/3678] 49769bc8-5f44-4ff3-8f29-7befd0b90293: does not qualify; 1.6 s; peak memory 901 MiB.
2026-10-05T06:36:48Z INFO [1353/3678] 4976b44e-003f-4f81-bc3c-9f7440b64048: does not qualify; 0.9 s; peak memory 901 MiB.
2026-10-05T06:36:49Z INFO [1354/3678] 4976f7a1-7d2b-4e43-bfba-07cb33148f0c: does not qualify; 0.6 s; peak memory 901 MiB.
2026-10-05T06:36:50Z INFO [1355/3678] 49772e39-f13a-40cd-9782-1784e6947a4c: does not qualify; 0.9 s; peak memory 901 MiB.
2026-10-05T06:36:56Z INFO [1356/3678] 497788b0-6fbd-42a9-9119-c314060b8c7c: does not qualify; 6.5 s; peak memory 901 MiB.
2026-10-05T06:36:57Z INFO [1357/3678] 4978c591-05a0-4280-aa1c-e752833fae79: does not qualify; 0.9 s; peak memory 901 MiB.
2026-10-05T06:36:58Z INFO [1358/3678] 4978c9d4-4bc9-4a56-99e7-fac658d7bc8d: does not qualify; 1.3 s; peak memory 901 MiB.
2026-10-05T06:37:00Z INFO [1359/3678] 4979b9e6-6f1b-4f8a-94bc-41dd7e6a8e18: does not qualify; 1.8 s; peak memory 901 MiB.
2026-10-05T06:37:01Z INFO [1360/3678] 4979fe3d-b92f-4bef-8d73-fd2517a721a3: does not qualify; 0.7 s; peak memory 901 MiB.
2026-10-05T06:37:07Z INFO [1361/3678] 497a11c4-b2cd-4e87-a173-fde39c3216f2: does not qualify; 6.0 s; peak memory 901 MiB.
2026-10-05T06:37:08Z INFO [1362/3678] 497a3c4d-6564-4568-8d78-5dc3a38d9546: qualifies; 1.1 s; peak memory 901 MiB.
2026-10-05T06:37:09Z INFO [1363/3678] 497b6de6-6b5a-4179-9f51-0628f43831c0: does not qualify; 1.1 s; peak memory 901 MiB.
2026-10-05T06:37:10Z INFO [1364/3678] 497bcf12-cc3e-4bca-ae5f-e18089b94a06: does not qualify; 0.9 s; peak memory 901 MiB.
2026-10-05T06:37:11Z INFO [1365/3678] 497bf778-7918-4d29-83bd-5f8d5d334ddb: does not qualify; 1.1 s; peak memory 901 MiB.
2026-10-05T06:37:12Z INFO [1366/3678] 497c0f3e-53ff-4fd5-a157-d0acc5a4bead: does not qualify; 0.9 s; peak memory 901 MiB.
2026-10-05T06:37:15Z INFO [1367/3678] 497d00ec-c360-4e70-b1a4-d3bb0bca194d: does not qualify; 3.4 s; peak memory 901 MiB.
2026-10-05T06:37:18Z INFO [1368/3678] 497d8272-60c0-4bab-a935-e9f0581dedd7: does not qualify; 2.8 s; peak memory 901 MiB.
2026-10-05T06:39:03Z INFO [1369/3678] 497e68a0-01f7-4fce-8dec-b4bfd364db0b: qualifies; 105.2 s; peak memory 7829 MiB.
2026-10-05T06:39:04Z INFO [1370/3678] 497f9e8e-d51b-4654-a309-0c45a9e426cd: does not qualify; 0.9 s; peak memory 7829 MiB.
2026-10-05T06:39:08Z INFO [1371/3678] 49804ae8-f90a-4140-b1c7-51ba86bd565b: qualifies; 3.8 s; peak memory 7829 MiB.
2026-10-05T06:39:09Z INFO [1372/3678] 49804e6e-4dcf-4423-bb3f-64d70edf5414: does not qualify; 0.7 s; peak memory 7829 MiB.
2026-10-05T06:39:09Z INFO [1373/3678] 49818a13-c736-47ac-8345-1483c2464b3b: does not qualify; 0.5 s; peak memory 7829 MiB.
2026-10-05T06:39:10Z INFO [1374/3678] 49818b1a-bad7-440f-a83c-ba16fe6f5a26: does not qualify; 0.7 s; peak memory 7829 MiB.
2026-10-05T06:40:30Z INFO [1375/3678] 49825cf6-8a2b-408d-8798-3c48205e0a81: qualifies; 79.9 s; peak memory 7829 MiB.
2026-10-05T06:40:31Z INFO [1376/3678] 49839026-70dd-4e65-867d-5199b353902d: does not qualify; 1.1 s; peak memory 7829 MiB.
2026-10-05T06:40:32Z INFO [1377/3678] 4983c02c-2f44-4478-8e36-0c348ef7a1d0: does not qualify; 0.9 s; peak memory 7829 MiB.
2026-10-05T06:40:35Z INFO [1378/3678] 4983cae4-8a57-4eea-9e75-667bfb77aa14: does not qualify; 3.5 s; peak memory 7829 MiB.
2026-10-05T06:40:39Z INFO [1379/3678] 4983cbc1-bff0-4ac5-a3a4-b35cc41e7ac9: does not qualify; 4.0 s; peak memory 7829 MiB.
2026-10-05T06:40:40Z INFO [1380/3678] 4983e550-6600-413a-9be1-aebc0255c242: does not qualify; 1.2 s; peak memory 7829 MiB.
2026-10-05T06:40:41Z INFO [1381/3678] 49851b62-b75e-48ac-a732-cba2991916d6: does not qualify; 0.7 s; peak memory 7829 MiB.
2026-10-05T06:40:42Z INFO [1382/3678] 498555c3-5644-4c22-84b7-ee4e3e9f05f8: does not qualify; 1.3 s; peak memory 7829 MiB.
2026-10-05T06:40:43Z INFO [1383/3678] 498580ec-532a-4b39-b834-452535d31680: does not qualify; 0.6 s; peak memory 7829 MiB.
2026-10-05T06:40:46Z INFO [1384/3678] 49858a8d-ff5a-430a-880c-b0b5a5308d91: does not qualify; 3.3 s; peak memory 7829 MiB.
2026-10-05T06:40:48Z INFO [1385/3678] 49863231-0828-49db-b5d1-ae1ba013fd69: does not qualify; 1.6 s; peak memory 7829 MiB.
2026-10-05T06:40:49Z INFO [1386/3678] 4986c73f-55fd-4813-9c86-11886bb8bd4c: does not qualify; 1.0 s; peak memory 7829 MiB.
2026-10-05T06:40:53Z INFO [1387/3678] 49873c4c-36bd-4c28-b652-c046e67d1017: does not qualify; 4.3 s; peak memory 7829 MiB.
2026-10-05T06:40:54Z INFO [1388/3678] 4988917d-8182-4bd8-9e38-dd38c94c08fa: does not qualify; 0.8 s; peak memory 7829 MiB.
2026-10-05T06:40:55Z INFO [1389/3678] 4988b6c4-a7ef-4d81-b465-f4cc83ff62fd: does not qualify; 1.0 s; peak memory 7829 MiB.
2026-10-05T06:40:56Z INFO [1390/3678] 4988c86a-0d38-4d75-9244-6515f0cc0cab: does not qualify; 0.9 s; peak memory 7829 MiB.
2026-10-05T06:40:57Z INFO [1391/3678] 4988f865-8ecd-4bd7-a211-8d5071f45e5a: does not qualify; 0.9 s; peak memory 7829 MiB.
2026-10-05T06:40:58Z INFO [1392/3678] 498b2f6a-1027-4fcc-a82d-82fb405c4978: does not qualify; 1.0 s; peak memory 7829 MiB.
2026-10-05T06:40:59Z INFO [1393/3678] 498be83f-e170-44da-96b9-73f7b872234b: does not qualify; 0.7 s; peak memory 7829 MiB.
2026-10-05T06:40:59Z INFO [1394/3678] 498cc0fe-890f-4014-8da6-faa0c8dd4d25: does not qualify; 0.7 s; peak memory 7829 MiB.
2026-10-05T06:41:00Z INFO [1395/3678] 498d279c-c11a-46c8-8e6e-d29f311195d0: does not qualify; 0.9 s; peak memory 7829 MiB.
2026-10-05T06:41:01Z INFO [1396/3678] 498f65fc-a5dd-4450-a783-aac926493c8e: does not qualify; 0.7 s; peak memory 7829 MiB.
2026-10-05T06:41:02Z INFO [1397/3678] 498f7502-a60b-4344-97e1-47396abaae9c: does not qualify; 0.8 s; peak memory 7829 MiB.
2026-10-05T06:41:02Z INFO [1398/3678] 498f7f6a-84e7-4f8a-b849-3c0f2b8308ab: does not qualify; 0.8 s; peak memory 7829 MiB.
2026-10-05T06:41:07Z INFO [1399/3678] 498f8c00-2b5e-4d5d-a3b5-79c97ae6f600: does not qualify; 4.3 s; peak memory 7829 MiB.
2026-10-05T06:41:08Z INFO [1400/3678] 4990a74b-3855-439e-8df6-4a955edb38cd: does not qualify; 1.0 s; peak memory 7829 MiB.
2026-10-05T06:41:08Z INFO [1400/3678] 4990a74b-3855-439e-8df6-4a955edb38cd: checkpointed 63865 records.
2026-10-05T06:41:09Z INFO [1401/3678] 49931cd3-617f-4ca1-a284-8532cd478620: does not qualify; 0.7 s; peak memory 7829 MiB.
2026-10-05T06:41:13Z INFO [1402/3678] 4994123a-aada-45ed-a754-67ae7389b312: does not qualify; 4.2 s; peak memory 7829 MiB.
2026-10-05T06:41:13Z INFO [1403/3678] 49941fcb-b9f3-4e49-aa2e-1424f4c17c63: does not qualify; 0.7 s; peak memory 7829 MiB.
2026-10-05T06:41:14Z INFO [1404/3678] 49943cc4-5e98-4971-bb8e-0a8a42328059: does not qualify; 0.7 s; peak memory 7829 MiB.
2026-10-05T06:41:15Z INFO [1405/3678] 49944c1c-ff35-487f-8577-13168afd924f: does not qualify; 0.7 s; peak memory 7829 MiB.
2026-10-05T06:41:16Z INFO [1406/3678] 4994c6ae-7348-4ad4-bb7f-399a0628a017: does not qualify; 0.8 s; peak memory 7829 MiB.
2026-10-05T06:41:17Z INFO [1407/3678] 4994e4d1-73c4-481d-9f80-ccd95be8efdc: does not qualify; 1.3 s; peak memory 7829 MiB.
2026-10-05T06:41:18Z INFO [1408/3678] 4994f2a8-7e74-4872-92be-37a14da73b7e: does not qualify; 0.5 s; peak memory 7829 MiB.
2026-10-05T06:41:18Z INFO [1409/3678] 499536ea-43d2-4fb2-9b7a-685cced0dc08: does not qualify; 0.7 s; peak memory 7829 MiB.
2026-10-05T06:41:19Z INFO [1410/3678] 4995f5ad-2527-45a0-bb93-066e2bd2e83f: does not qualify; 1.0 s; peak memory 7829 MiB.
2026-10-05T06:41:20Z INFO [1411/3678] 49973d9a-0617-4e6f-845a-59ff76ef83d9: does not qualify; 0.6 s; peak memory 7829 MiB.
2026-10-05T06:41:21Z INFO [1412/3678] 4997c090-8c38-4978-b7d8-334d708be7f8: does not qualify; 0.9 s; peak memory 7829 MiB.
2026-10-05T06:41:23Z INFO [1413/3678] 4997d065-0918-4483-9821-5120cdafa88b: does not qualify; 2.1 s; peak memory 7829 MiB.
2026-10-05T06:41:23Z INFO [1414/3678] 4998b475-7b8f-4d22-9b82-08b94146ac08: does not qualify; 0.5 s; peak memory 7829 MiB.
2026-10-05T06:41:24Z INFO [1415/3678] 49990a5e-deb6-46ab-a2b5-2b93ba635091: does not qualify; 0.5 s; peak memory 7829 MiB.
2026-10-05T06:41:25Z INFO [1416/3678] 49992a60-dd89-4fb6-8870-9517f60fdf5f: does not qualify; 0.9 s; peak memory 7829 MiB.
2026-10-05T06:41:26Z INFO [1417/3678] 49996258-ca38-4e8f-be54-00b9fe2a0eab: does not qualify; 1.0 s; peak memory 7829 MiB.
2026-10-05T06:41:29Z INFO [1418/3678] 499a0d06-811f-4309-802d-44929a6bb9fe: does not qualify; 3.2 s; peak memory 7829 MiB.
2026-10-05T06:41:30Z INFO [1419/3678] 499a33f6-5118-498a-824e-06f9a21a099c: does not qualify; 1.2 s; peak memory 7829 MiB.
2026-10-05T06:41:31Z INFO [1420/3678] 499aa11b-ef9d-4288-a8a4-e4be93beea0a: does not qualify; 1.1 s; peak memory 7829 MiB.
2026-10-05T06:41:32Z INFO [1421/3678] 499b7c19-77ff-48d4-83b6-502b1ca6b388: does not qualify; 0.5 s; peak memory 7829 MiB.
2026-10-05T06:41:32Z INFO [1422/3678] 499cc39e-c8f3-49d5-83aa-ed55830aeb62: does not qualify; 0.5 s; peak memory 7829 MiB.
2026-10-05T06:41:33Z INFO [1423/3678] 499cee4d-a2db-4198-be86-d8b260837e32: does not qualify; 0.9 s; peak memory 7829 MiB.
2026-10-05T06:41:34Z INFO [1424/3678] 499eac63-6635-4fc9-a360-b46a750bad5b: does not qualify; 0.8 s; peak memory 7829 MiB.
2026-10-05T06:41:35Z INFO [1425/3678] 499ed41a-1d40-42ff-8efe-07364d4d80e9: does not qualify; 1.0 s; peak memory 7829 MiB.
2026-10-05T06:41:36Z INFO [1426/3678] 499edc1f-1d07-4b53-b52a-89759e50b1ba: does not qualify; 1.0 s; peak memory 7829 MiB.
2026-10-05T06:41:37Z INFO [1427/3678] 499fb4d7-0dce-4004-94e0-eabbf28ad8cb: does not qualify; 0.6 s; peak memory 7829 MiB.
2026-10-05T06:41:37Z INFO [1428/3678] 49a0e988-6521-4bff-9d53-cfa33669a1c5: does not qualify; 0.6 s; peak memory 7829 MiB.
2026-10-05T06:41:38Z INFO [1429/3678] 49a0fbaf-e121-4f49-ae6e-4fc5c857a0d6: does not qualify; 0.8 s; peak memory 7829 MiB.
2026-10-05T06:41:39Z INFO [1430/3678] 49a32a95-140b-4679-9605-6b36210ad386: does not qualify; 0.9 s; peak memory 7829 MiB.
2026-10-05T06:41:40Z INFO [1431/3678] 49a39a2a-384b-4d3b-be60-dfa2503af47e: does not qualify; 0.8 s; peak memory 7829 MiB.
2026-10-05T06:41:41Z INFO [1432/3678] 49a406f3-7822-4e31-ae80-a22690bb3185: does not qualify; 0.7 s; peak memory 7829 MiB.
2026-10-05T06:41:44Z INFO [1433/3678] 49a46f4d-0fca-45c6-bcdc-2843b1d6ed31: does not qualify; 3.9 s; peak memory 7829 MiB.
2026-10-05T06:41:46Z INFO [1434/3678] 49a4b660-afbe-4cbb-89bf-8b3f2007379d: does not qualify; 1.9 s; peak memory 7829 MiB.
2026-10-05T06:41:47Z INFO [1435/3678] 49a4cf5b-2f7c-4689-817e-f3bd49d69669: does not qualify; 0.8 s; peak memory 7829 MiB.
2026-10-05T06:41:48Z INFO [1436/3678] 49a4eee2-8049-45c7-8a74-e0fd2d936e56: does not qualify; 1.0 s; peak memory 7829 MiB.
2026-10-05T06:41:49Z INFO [1437/3678] 49a5213c-3422-4d22-9862-9e5ade06e952: does not qualify; 0.6 s; peak memory 7829 MiB.
2026-10-05T06:41:49Z INFO [1438/3678] 49a53839-b851-4d25-a772-01400d5de7ef: does not qualify; 0.5 s; peak memory 7829 MiB.
2026-10-05T06:41:50Z INFO [1439/3678] 49a54fba-e1d9-4f1c-9422-afc24f8640d1: does not qualify; 0.7 s; peak memory 7829 MiB.
2026-10-05T06:41:51Z INFO [1440/3678] 49a56a64-f12d-412c-be71-40339d59c043: does not qualify; 0.7 s; peak memory 7829 MiB.
2026-10-05T06:41:51Z INFO [1441/3678] 49a616c4-5550-44ac-9391-34daa1b3d62e: does not qualify; 0.7 s; peak memory 7829 MiB.
2026-10-05T06:41:53Z INFO [1442/3678] 49a62ae8-00dc-4dfd-aa78-84f76dfb4404: does not qualify; 2.0 s; peak memory 7829 MiB.
2026-10-05T06:41:54Z INFO [1443/3678] 49a64729-a52f-42ca-8ec6-028d3af82f02: does not qualify; 1.0 s; peak memory 7829 MiB.
2026-10-05T06:41:55Z INFO [1444/3678] 49a674eb-e96a-4290-ab68-c44946b1c44a: does not qualify; 0.7 s; peak memory 7829 MiB.
2026-10-05T06:42:00Z INFO [1445/3678] 49a72fae-440b-494c-a1f4-6beaa68b3c37: does not qualify; 5.0 s; peak memory 7829 MiB.
2026-10-05T06:42:01Z INFO [1446/3678] 49a77ec3-21d5-47e2-a7bd-bde5cf4e1f0d: does not qualify; 0.8 s; peak memory 7829 MiB.
2026-10-05T06:42:02Z INFO [1447/3678] 49a79400-7cd0-4096-8545-ac9587b5e24f: does not qualify; 1.1 s; peak memory 7829 MiB.
2026-10-05T06:42:05Z INFO [1448/3678] 49a7cd6a-9ac5-40ac-be95-c49b739504ac: qualifies; 3.1 s; peak memory 7829 MiB.
2026-10-05T06:42:06Z INFO [1449/3678] 49a7e4d2-961f-427a-bece-d09febe35358: does not qualify; 1.0 s; peak memory 7829 MiB.
2026-10-05T06:42:07Z INFO [1450/3678] 49a7f38b-a444-40be-b02f-8dcd0265147d: does not qualify; 0.8 s; peak memory 7829 MiB.
2026-10-05T06:42:07Z INFO [1450/3678] 49a7f38b-a444-40be-b02f-8dcd0265147d: checkpointed 63915 records.
2026-10-05T06:42:08Z INFO [1451/3678] 49a8027b-b609-4745-93b2-df521e498e6d: does not qualify; 0.8 s; peak memory 7829 MiB.
2026-10-05T06:42:08Z INFO [1452/3678] 49a9bd41-4238-44c9-92ee-8804d16bf7f0: does not qualify; 0.5 s; peak memory 7829 MiB.
2026-10-05T06:42:09Z INFO [1453/3678] 49a9ca08-aebe-428f-9833-1db4660c01d8: does not qualify; 0.9 s; peak memory 7829 MiB.
2026-10-05T06:42:10Z INFO [1454/3678] 49aac4c0-94f8-4056-9161-4de451884216: does not qualify; 0.9 s; peak memory 7829 MiB.
2026-10-05T06:42:10Z INFO [1455/3678] 49ab33b1-e353-47a8-86aa-0c363e20e0fa: does not qualify; 0.4 s; peak memory 7829 MiB.
2026-10-05T06:42:18Z INFO [1456/3678] 49ac2812-8e7b-4a3a-b36e-af4e86282d0f: does not qualify; 7.7 s; peak memory 7829 MiB.
2026-10-05T06:42:19Z INFO [1457/3678] 49adbabd-19b1-4c6b-9cb9-7ee33e3187e5: does not qualify; 0.7 s; peak memory 7829 MiB.
2026-10-05T06:42:20Z INFO [1458/3678] 49ae8fd9-ecae-4942-8fc4-8e1d8dc06391: does not qualify; 1.1 s; peak memory 7829 MiB.
2026-10-05T06:42:21Z INFO [1459/3678] 49aeafa4-13fd-4ce9-9596-59d15c3a86b1: does not qualify; 0.7 s; peak memory 7829 MiB.
2026-10-05T06:42:22Z INFO [1460/3678] 49aef526-3f97-4d85-8578-2a3487232312: does not qualify; 1.3 s; peak memory 7829 MiB.
2026-10-05T06:42:23Z INFO [1461/3678] 49af1bdb-1790-4a42-86be-0602dbb0a268: does not qualify; 0.7 s; peak memory 7829 MiB.
2026-10-05T06:42:23Z INFO [1462/3678] 49b0aacf-fa50-4d49-9b92-1c1c0d89755a: does not qualify; 0.8 s; peak memory 7829 MiB.
2026-10-05T06:42:24Z INFO [1463/3678] 49b117ab-f921-431b-9cfd-e67ed509e5ff: does not qualify; 0.8 s; peak memory 7829 MiB.
2026-10-05T06:42:25Z INFO [1464/3678] 49b16d26-e16b-45b0-8cde-77a25ea7eb38: does not qualify; 0.8 s; peak memory 7829 MiB.
2026-10-05T06:42:26Z INFO [1465/3678] 49b1730d-df83-4301-a3e6-26526752daa1: does not qualify; 0.8 s; peak memory 7829 MiB.
2026-10-05T06:42:26Z INFO [1466/3678] 49b24e26-40bc-4e2e-8803-b0cc1346b778: does not qualify; 0.6 s; peak memory 7829 MiB.
2026-10-05T06:42:27Z INFO [1467/3678] 49b2fcea-20dd-48da-beec-462c544baa24: does not qualify; 0.9 s; peak memory 7829 MiB.
2026-10-05T06:42:28Z INFO [1468/3678] 49b3259e-5e3f-41db-b3f8-863126dd2fa4: does not qualify; 0.9 s; peak memory 7829 MiB.
2026-10-05T06:42:32Z INFO [1469/3678] 49b3b56a-7bd3-48cc-954c-3c4eef6e2c9f: does not qualify; 4.2 s; peak memory 7829 MiB.
2026-10-05T06:42:36Z INFO [1470/3678] 49b3e4c6-bfa3-40a0-9563-3a7936907915: does not qualify; 3.4 s; peak memory 7829 MiB.
2026-10-05T06:42:40Z INFO [1471/3678] 49b3f268-3ee4-4af3-ad88-79ed314979f2: does not qualify; 4.3 s; peak memory 7829 MiB.
2026-10-05T06:42:41Z INFO [1472/3678] 49b4e1a7-4f01-4924-97e8-2c2fc4069437: does not qualify; 1.1 s; peak memory 7829 MiB.
2026-10-05T06:42:45Z INFO [1473/3678] 49b5a8f5-7649-4627-8637-26a43815439c: does not qualify; 3.6 s; peak memory 7829 MiB.
2026-10-05T06:42:45Z INFO [1474/3678] 49b5aa67-e901-48d4-891d-3072615667e7: does not qualify; 0.7 s; peak memory 7829 MiB.
2026-10-05T06:42:46Z INFO [1475/3678] 49b61f4c-51ad-4c99-bdb7-7e89dd81633b: does not qualify; 1.1 s; peak memory 7829 MiB.
2026-10-05T06:42:47Z INFO [1476/3678] 49b6a49b-13c6-4a62-a4f1-3ba9efff41d2: does not qualify; 0.7 s; peak memory 7829 MiB.
2026-10-05T06:42:48Z INFO [1477/3678] 49b6ef4b-6e94-4037-ade5-6d9f7b7faa5e: does not qualify; 0.7 s; peak memory 7829 MiB.
2026-10-05T06:42:49Z INFO [1478/3678] 49b70416-8033-4310-866e-0b8618279106: does not qualify; 0.7 s; peak memory 7829 MiB.
2026-10-05T06:42:49Z INFO [1479/3678] 49b86514-0037-4f01-afc5-437ce749403f: does not qualify; 0.8 s; peak memory 7829 MiB.
2026-10-05T06:42:50Z INFO [1480/3678] 49b8de71-26f8-4eaf-855c-b76f90f0e356: does not qualify; 0.8 s; peak memory 7829 MiB.
2026-10-05T06:42:51Z INFO [1481/3678] 49b9ae91-03d2-4916-9c61-b5f46ff0f0ef: does not qualify; 0.7 s; peak memory 7829 MiB.
2026-10-05T06:42:52Z INFO [1482/3678] 49ba36b6-d061-4853-901a-8b16157194f6: does not qualify; 1.0 s; peak memory 7829 MiB.
2026-10-05T06:42:53Z INFO [1483/3678] 49babcd8-2ca9-4c97-afb8-eb269f0883ae: does not qualify; 0.8 s; peak memory 7829 MiB.
2026-10-05T06:42:53Z INFO [1484/3678] 49bb6713-7db2-4513-bf91-06a9aa474615: does not qualify; 0.4 s; peak memory 7829 MiB.
2026-10-05T06:42:54Z INFO [1485/3678] 49bc111f-0862-4847-8d5f-9939a75b0d64: does not qualify; 0.7 s; peak memory 7829 MiB.
2026-10-05T06:42:55Z INFO [1486/3678] 49bcbce7-3c64-4a9a-b162-001b2a162d85: does not qualify; 0.9 s; peak memory 7829 MiB.
2026-10-05T06:42:59Z INFO [1487/3678] 49bccf2b-9354-40f2-82f4-a3ae69192ec7: does not qualify; 4.2 s; peak memory 7829 MiB.
2026-10-05T06:42:59Z INFO [1488/3678] 49bd5bda-8a07-42d9-9051-602569ecfb3a: does not qualify; 0.7 s; peak memory 7829 MiB.
2026-10-05T06:43:00Z INFO [1489/3678] 49bf2bbc-b764-4d58-bae9-6a5f27d4e43a: does not qualify; 0.8 s; peak memory 7829 MiB.
2026-10-05T06:43:01Z INFO [1490/3678] 49c12d3d-b67f-4bbd-89a5-4a65c70a9e38: does not qualify; 0.7 s; peak memory 7829 MiB.
2026-10-05T06:43:01Z INFO [1491/3678] 49c1836d-8306-4c6f-ad12-1bb5f1cfa59c: does not qualify; 0.5 s; peak memory 7829 MiB.
2026-10-05T06:43:02Z INFO [1492/3678] 49c24ff3-5d45-4835-a51a-38b6e97c9cae: does not qualify; 0.7 s; peak memory 7829 MiB.
2026-10-05T06:43:06Z INFO [1493/3678] 49c29c7b-62f5-4f6b-af53-ae242f36f0cb: does not qualify; 4.3 s; peak memory 7829 MiB.
2026-10-05T06:43:07Z INFO [1494/3678] 49c2f0a3-bb52-48f7-9bb0-4e7f06b102cc: does not qualify; 0.9 s; peak memory 7829 MiB.
2026-10-05T06:43:16Z INFO [1495/3678] 49c36c51-4a7e-4c15-b2a4-329260a5c5be: does not qualify; 9.0 s; peak memory 7829 MiB.
2026-10-05T06:43:17Z INFO [1496/3678] 49c573e6-baa5-48af-b483-3aa58fa259f2: does not qualify; 0.9 s; peak memory 7829 MiB.
2026-10-05T06:43:18Z INFO [1497/3678] 49c5754b-a638-4924-8022-b4f999755ad9: does not qualify; 1.3 s; peak memory 7829 MiB.
2026-10-05T06:43:19Z INFO [1498/3678] 49c579d0-c3f1-4aa3-b9af-72daebafa96e: does not qualify; 0.5 s; peak memory 7829 MiB.
2026-10-05T06:43:20Z INFO [1499/3678] 49c6109b-bb6f-47dd-b0d9-f1db662e229f: does not qualify; 0.8 s; peak memory 7829 MiB.
2026-10-05T06:43:21Z INFO [1500/3678] 49c6362a-1fea-4314-b80f-9018dc24ffc4: does not qualify; 0.7 s; peak memory 7829 MiB.
2026-10-05T06:43:21Z INFO [1500/3678] 49c6362a-1fea-4314-b80f-9018dc24ffc4: checkpointed 63965 records.
2026-10-05T06:43:21Z INFO [1501/3678] 49c889f1-58d3-43ce-8f71-1c21ed35f9dd: does not qualify; 0.8 s; peak memory 7829 MiB.
2026-10-05T06:43:24Z INFO [1502/3678] 49c940c4-ca5d-4338-8685-33a9e2d04b13: does not qualify; 2.1 s; peak memory 7829 MiB.
2026-10-05T06:43:24Z INFO [1503/3678] 49ca1516-839e-4a20-8a9e-b41d6034a4c6: does not qualify; 0.9 s; peak memory 7829 MiB.
2026-10-05T06:43:34Z INFO [1504/3678] 49ca20ae-4668-4aa6-b46e-66dc6eb23a2d: does not qualify; 9.9 s; peak memory 7829 MiB.
2026-10-05T06:43:35Z INFO [1505/3678] 49ca6850-961c-4d5a-9c76-3b4f85bcc8f0: does not qualify; 1.1 s; peak memory 7829 MiB.
2026-10-05T06:43:37Z INFO [1506/3678] 49cacf82-395d-408f-944b-4ba85cfabae0: does not qualify; 1.1 s; peak memory 7829 MiB.
2026-10-05T06:43:37Z INFO [1507/3678] 49cbdbea-5a4e-40fb-9b46-99cb1b8c554a: does not qualify; 0.7 s; peak memory 7829 MiB.
2026-10-05T06:43:38Z INFO [1508/3678] 49cced88-02ff-43e5-9462-f9bccf2637df: does not qualify; 0.7 s; peak memory 7829 MiB.
2026-10-05T06:43:39Z INFO [1509/3678] 49cd406d-b497-45fd-97fb-b0317d8716c9: does not qualify; 0.9 s; peak memory 7829 MiB.
2026-10-05T06:43:44Z INFO [1510/3678] 49ce6246-5116-46be-bf95-c51dc3ba470e: does not qualify; 5.3 s; peak memory 7829 MiB.
2026-10-05T06:43:45Z INFO [1511/3678] 49d00a51-ca32-4fd3-a493-f73572f31114: does not qualify; 0.9 s; peak memory 7829 MiB.
2026-10-05T06:43:46Z INFO [1512/3678] 49d0e2de-78eb-4705-bc17-b4fb8e5c2631: does not qualify; 1.0 s; peak memory 7829 MiB.
2026-10-05T06:43:47Z INFO [1513/3678] 49d0eed7-35b9-41ce-9fe9-75c5c2cd666a: does not qualify; 1.1 s; peak memory 7829 MiB.
2026-10-05T06:43:48Z INFO [1514/3678] 49d167ac-4942-49d5-a74c-b24b21a9663c: does not qualify; 0.9 s; peak memory 7829 MiB.
2026-10-05T06:43:49Z INFO [1515/3678] 49d38443-fa5c-400d-bf4d-b1b09df6d876: does not qualify; 0.7 s; peak memory 7829 MiB.
2026-10-05T06:43:50Z INFO [1516/3678] 49d3b24e-8c0a-4585-8f99-b64fbc4c9857: does not qualify; 1.1 s; peak memory 7829 MiB.
2026-10-05T06:43:51Z INFO [1517/3678] 49d51c46-5826-4cc6-8bb1-1d2fe134456c: does not qualify; 0.6 s; peak memory 7829 MiB.
2026-10-05T06:43:51Z INFO [1518/3678] 49d60c06-44a6-45bd-a37d-6e7911b1f9fe: does not qualify; 0.7 s; peak memory 7829 MiB.
2026-10-05T06:43:52Z INFO [1519/3678] 49d638c3-44c5-4443-9abc-fc278ff6b591: does not qualify; 1.0 s; peak memory 7829 MiB.
2026-10-05T06:43:53Z INFO [1520/3678] 49d6449f-d9df-4c30-a2bb-ab1a327b0fab: does not qualify; 0.8 s; peak memory 7829 MiB.
2026-10-05T06:43:54Z INFO [1521/3678] 49d67c26-6501-420f-b041-d7d0fbf34feb: does not qualify; 0.7 s; peak memory 7829 MiB.
2026-10-05T06:43:54Z INFO [1522/3678] 49d736c9-210e-48e9-974f-2f5298125db2: does not qualify; 0.7 s; peak memory 7829 MiB.
2026-10-05T06:43:55Z INFO [1523/3678] 49d7ae71-c219-4793-bd4a-dbde5fa001f7: does not qualify; 0.8 s; peak memory 7829 MiB.
2026-10-05T06:43:56Z INFO [1524/3678] 49d7bc03-5132-4bff-b881-e87077996436: does not qualify; 0.7 s; peak memory 7829 MiB.
2026-10-05T06:43:57Z INFO [1525/3678] 49d7f6a7-c74b-4ddc-bc56-331b3cf9eba7: does not qualify; 0.7 s; peak memory 7829 MiB.
2026-10-05T06:43:58Z INFO [1526/3678] 49d825d5-e44f-48d2-a763-2a489eac9f4d: does not qualify; 0.9 s; peak memory 7829 MiB.
2026-10-05T06:43:58Z INFO [1527/3678] 49d83986-eb42-481f-8d71-f1cab2768237: does not qualify; 0.5 s; peak memory 7829 MiB.
2026-10-05T06:43:59Z INFO [1528/3678] 49d8aa5b-df93-4525-a244-fa6febb7cb62: does not qualify; 0.7 s; peak memory 7829 MiB.
2026-10-05T06:44:00Z INFO [1529/3678] 49d8ca8f-6296-4b2e-8cf9-efbdb65d8df6: does not qualify; 1.4 s; peak memory 7829 MiB.
2026-10-05T06:44:01Z INFO [1530/3678] 49d8da4b-f4a5-4d07-9785-45051528bddc: does not qualify; 0.9 s; peak memory 7829 MiB.
2026-10-05T06:44:02Z INFO [1531/3678] 49d944cd-d6cc-447f-ba7f-b619de764da7: does not qualify; 1.0 s; peak memory 7829 MiB.
2026-10-05T06:44:03Z INFO [1532/3678] 49d98732-dfb0-48b6-b00a-9add56a5174d: does not qualify; 1.1 s; peak memory 7829 MiB.
2026-10-05T06:44:04Z INFO [1533/3678] 49d9a4de-04bd-4d06-b159-460a23400696: does not qualify; 0.9 s; peak memory 7829 MiB.
2026-10-05T06:44:05Z INFO [1534/3678] 49da67c0-6e0d-4603-9469-40d87e859ab4: does not qualify; 0.6 s; peak memory 7829 MiB.
2026-10-05T06:44:05Z INFO [1535/3678] 49da6e6e-0eed-4841-915d-8e4cd2fc2ef3: does not qualify; 0.8 s; peak memory 7829 MiB.
2026-10-05T06:44:06Z INFO [1536/3678] 49db8feb-0b9a-40f6-8cfb-a84846a57f03: does not qualify; 0.8 s; peak memory 7829 MiB.
2026-10-05T06:44:07Z INFO [1537/3678] 49dc1e39-b7f8-4108-96eb-870613708124: does not qualify; 0.8 s; peak memory 7829 MiB.
2026-10-05T06:44:08Z INFO [1538/3678] 49dc5362-f06c-456a-a8e8-36115f48d710: does not qualify; 1.4 s; peak memory 7829 MiB.
2026-10-05T06:44:16Z INFO [1539/3678] 49dd3ddf-8fa3-4fb5-8995-4c48fd4625c5: does not qualify; 7.1 s; peak memory 7829 MiB.
2026-10-05T06:44:17Z INFO [1540/3678] 49dde529-bb8f-46cf-b2df-0d4dab3e4fc0: does not qualify; 1.1 s; peak memory 7829 MiB.
2026-10-05T06:44:17Z INFO [1541/3678] 49de076c-ef14-4b12-aaac-377d567af33f: does not qualify; 0.9 s; peak memory 7829 MiB.
2026-10-05T06:44:18Z INFO [1542/3678] 49dfdbc2-cb07-460e-90e6-3bb49b684947: does not qualify; 0.9 s; peak memory 7829 MiB.
2026-10-05T06:44:19Z INFO [1543/3678] 49e01ed4-b0d3-4e16-b5ae-52da140c93f6: does not qualify; 0.6 s; peak memory 7829 MiB.
2026-10-05T06:44:23Z INFO [1544/3678] 49e04c9c-43ad-499e-8f15-c2d929aef73a: does not qualify; 4.0 s; peak memory 7829 MiB.
2026-10-05T06:44:28Z INFO [1545/3678] 49e0ee2f-1245-4422-a70e-8564693b49e2: does not qualify; 4.7 s; peak memory 7829 MiB.
2026-10-05T06:44:29Z INFO [1546/3678] 49e18e40-48b4-4443-923f-d21f9dbe9202: does not qualify; 0.9 s; peak memory 7829 MiB.
2026-10-05T06:44:29Z INFO [1547/3678] 49e22e7a-8996-491f-b821-c044986c4dcf: does not qualify; 0.7 s; peak memory 7829 MiB.
2026-10-05T06:44:30Z INFO [1548/3678] 49e27878-2a12-454d-9f7c-7f4b3da45ba6: does not qualify; 0.6 s; peak memory 7829 MiB.
2026-10-05T06:44:31Z INFO [1549/3678] 49e2a547-1821-412a-878d-8794d8e939e6: does not qualify; 1.2 s; peak memory 7829 MiB.
2026-10-05T06:44:32Z INFO [1550/3678] 49e2b04c-4843-4241-b337-9a8b418c75e7: does not qualify; 1.0 s; peak memory 7829 MiB.
2026-10-05T06:44:32Z INFO [1550/3678] 49e2b04c-4843-4241-b337-9a8b418c75e7: checkpointed 64015 records.
2026-10-05T06:44:33Z INFO [1551/3678] 49e2fcff-eee7-4dac-8e4e-31f1d3f23ed7: does not qualify; 0.8 s; peak memory 7829 MiB.
2026-10-05T06:44:34Z INFO [1552/3678] 49e3e323-0953-4ff7-93f2-7e143468a1f8: does not qualify; 0.8 s; peak memory 7829 MiB.
2026-10-05T06:44:35Z INFO [1553/3678] 49e42ae7-43eb-4031-956c-83ab54d4b4f7: does not qualify; 0.8 s; peak memory 7829 MiB.
2026-10-05T06:44:35Z INFO [1554/3678] 49e46bc3-6731-444e-a777-165741347ba3: does not qualify; 0.9 s; peak memory 7829 MiB.
2026-10-05T06:44:36Z INFO [1555/3678] 49e4bd49-af7b-4400-89cb-029097e6327a: does not qualify; 0.6 s; peak memory 7829 MiB.
2026-10-05T06:44:37Z INFO [1556/3678] 49e518bf-ac11-4dff-a81b-3088fa5c5d88: does not qualify; 0.6 s; peak memory 7829 MiB.
2026-10-05T06:44:37Z INFO [1557/3678] 49e56c61-187f-4518-8a80-e4e448b2fa12: does not qualify; 0.7 s; peak memory 7829 MiB.
2026-10-05T06:44:42Z INFO [1558/3678] 49e59c7b-fcbc-4c03-a269-067a8d32e001: does not qualify; 4.2 s; peak memory 7829 MiB.
2026-10-05T06:44:42Z INFO [1559/3678] 49e5f284-d087-4f55-bf56-82a914d10cfa: does not qualify; 0.6 s; peak memory 7829 MiB.
2026-10-05T06:44:45Z INFO [1560/3678] 49e80ef0-b1eb-4873-aacc-d9647a22bb0a: does not qualify; 2.5 s; peak memory 7829 MiB.
2026-10-05T06:44:46Z INFO [1561/3678] 49e821c5-1ae1-440e-9fb1-1059f9e117c8: does not qualify; 1.2 s; peak memory 7829 MiB.
2026-10-05T06:44:47Z INFO [1562/3678] 49e85f1f-57bc-4697-bdfc-95f0940b3690: does not qualify; 0.9 s; peak memory 7829 MiB.
2026-10-05T06:44:48Z INFO [1563/3678] 49e87c7e-cea9-478b-a677-067a4970bea4: does not qualify; 1.1 s; peak memory 7829 MiB.
2026-10-05T06:44:49Z INFO [1564/3678] 49e992d4-fbc1-4212-a15a-e45d0c535bcf: does not qualify; 1.0 s; peak memory 7829 MiB.
2026-10-05T06:44:51Z INFO [1565/3678] 49ea1ca5-39ee-4c58-adec-ac9c815206a6: does not qualify; 1.6 s; peak memory 7829 MiB.
2026-10-05T06:44:51Z INFO [1566/3678] 49ea489c-f513-40c8-8950-58418ad09a73: does not qualify; 0.9 s; peak memory 7829 MiB.
2026-10-05T06:44:52Z INFO [1567/3678] 49ea7ec6-e8c3-410b-9a64-aa786c54f93a: does not qualify; 0.5 s; peak memory 7829 MiB.
2026-10-05T06:44:53Z INFO [1568/3678] 49eabc54-54c4-4391-8412-da10f41df139: does not qualify; 1.0 s; peak memory 7829 MiB.
2026-10-05T06:44:54Z INFO [1569/3678] 49ebc5dc-4ddd-4b38-95fb-c9160d451ea4: does not qualify; 0.9 s; peak memory 7829 MiB.
2026-10-05T06:44:54Z INFO [1570/3678] 49ed8e49-640a-49ce-bd9f-288dd396a665: does not qualify; 0.5 s; peak memory 7829 MiB.
2026-10-05T06:44:56Z INFO [1571/3678] 49eda484-bb14-4faa-a80e-4856438d30dc: does not qualify; 1.6 s; peak memory 7829 MiB.
2026-10-05T06:44:57Z INFO [1572/3678] 49ee5189-6402-443f-a2ef-f7e18cdae899: does not qualify; 1.2 s; peak memory 7829 MiB.
2026-10-05T06:44:58Z INFO [1573/3678] 49eedf72-6eb4-4379-8d1f-ea22b47446e6: does not qualify; 0.6 s; peak memory 7829 MiB.
2026-10-05T06:44:59Z INFO [1574/3678] 49eefe0f-dda0-4a13-9bc6-26f82441321c: does not qualify; 0.7 s; peak memory 7829 MiB.
2026-10-05T06:45:02Z INFO [1575/3678] 49ef7337-8ca6-4ced-b95f-f703710854a7: does not qualify; 3.7 s; peak memory 7829 MiB.
2026-10-05T06:45:03Z INFO [1576/3678] 49efc8bc-ed68-4f74-a551-365b8e7b303b: does not qualify; 0.9 s; peak memory 7829 MiB.
2026-10-05T06:45:04Z INFO [1577/3678] 49efd8d1-0adc-48fd-a954-ee91f626f690: does not qualify; 1.0 s; peak memory 7829 MiB.
2026-10-05T06:45:05Z INFO [1578/3678] 49f2165f-b2e7-4f59-bbc4-e630b0c5178f: does not qualify; 0.6 s; peak memory 7829 MiB.
2026-10-05T06:45:05Z INFO [1579/3678] 49f4417a-f1dd-49b1-8c02-1898af810636: does not qualify; 0.6 s; peak memory 7829 MiB.
2026-10-05T06:45:12Z INFO [1580/3678] 49f55193-e3a3-4047-8767-4f2255fa6460: does not qualify; 7.0 s; peak memory 7829 MiB.
2026-10-05T06:45:14Z INFO [1581/3678] 49f58947-6910-42ae-a962-cd70e412b9d2: does not qualify; 1.2 s; peak memory 7829 MiB.
2026-10-05T06:45:14Z INFO [1582/3678] 49f6766f-6837-4e6f-bd96-16f90c7ee4ab: does not qualify; 0.4 s; peak memory 7829 MiB.
2026-10-05T06:45:16Z INFO [1583/3678] 49f75805-1fa4-44e8-960b-a3379aa4b549: does not qualify; 1.8 s; peak memory 7829 MiB.
2026-10-05T06:45:17Z INFO [1584/3678] 49f80b48-2f78-433d-b07b-6bbebbda691d: does not qualify; 0.9 s; peak memory 7829 MiB.
2026-10-05T06:45:24Z INFO [1585/3678] 49f961af-1409-43ae-93a3-bc78b110180a: does not qualify; 7.0 s; peak memory 7829 MiB.
2026-10-05T06:45:24Z INFO [1586/3678] 49f968f6-e2c9-464d-a438-5818157f99fa: does not qualify; 0.8 s; peak memory 7829 MiB.
2026-10-05T06:45:26Z INFO [1587/3678] 49f97895-16ee-45be-8305-074501421f82: does not qualify; 1.7 s; peak memory 7829 MiB.
2026-10-05T06:45:28Z INFO [1588/3678] 49f9e13f-1be8-4f49-a27e-008accd9fc5b: does not qualify; 1.7 s; peak memory 7829 MiB.
2026-10-05T06:45:29Z INFO [1589/3678] 49fa56f4-2370-42b3-aa2f-0ed25b53e317: does not qualify; 1.6 s; peak memory 7829 MiB.
2026-10-05T06:45:31Z INFO [1590/3678] 49faa6f8-7ce8-4024-b066-0449fab3b942: does not qualify; 1.7 s; peak memory 7829 MiB.
2026-10-05T06:45:32Z INFO [1591/3678] 49fc136b-56d0-4bd6-8b1e-78ce6e5a21d9: does not qualify; 0.6 s; peak memory 7829 MiB.
2026-10-05T06:45:44Z INFO [1592/3678] 49fcaa5f-755e-405e-a6d5-499599575f04: does not qualify; 12.2 s; peak memory 7829 MiB.
2026-10-05T06:45:45Z INFO [1593/3678] 49fcba70-f983-4734-a152-9df4b99f5cf1: does not qualify; 0.8 s; peak memory 7829 MiB.
2026-10-05T06:45:45Z INFO [1594/3678] 49fcdbc0-7e8e-45d9-bb3d-34ec9834bdfe: does not qualify; 0.4 s; peak memory 7829 MiB.
2026-10-05T06:45:46Z INFO [1595/3678] 49fcdff4-07bc-4e37-bad1-e78f18f5ee39: does not qualify; 1.0 s; peak memory 7829 MiB.
2026-10-05T06:45:47Z INFO [1596/3678] 49fd4bbe-5ced-4bff-8a1d-6b150fb4171d: does not qualify; 0.8 s; peak memory 7829 MiB.
2026-10-05T06:45:48Z INFO [1597/3678] 49fe5156-b801-4e3f-9cf0-0309cafde85b: does not qualify; 0.6 s; peak memory 7829 MiB.
2026-10-05T06:45:48Z INFO [1598/3678] 49ff1d0a-ea6a-4bfd-8959-4b88b856db96: does not qualify; 0.4 s; peak memory 7829 MiB.
2026-10-05T06:45:49Z INFO [1599/3678] 4a000342-8273-434f-af8e-225e2f78e28b: does not qualify; 1.1 s; peak memory 7829 MiB.
2026-10-05T06:45:50Z INFO [1600/3678] 4a0036c7-3db8-4949-abb8-b876cbd34068: does not qualify; 1.4 s; peak memory 7829 MiB.
2026-10-05T06:45:51Z INFO [1600/3678] 4a0036c7-3db8-4949-abb8-b876cbd34068: checkpointed 64065 records.
2026-10-05T06:45:51Z INFO [1601/3678] 4a004322-461a-410a-8f55-ed15ec6cce74: does not qualify; 0.6 s; peak memory 7829 MiB.
2026-10-05T06:45:52Z INFO [1602/3678] 4a00a3d7-a744-4f8b-829d-b7713b4fb6c7: does not qualify; 1.1 s; peak memory 7829 MiB.
2026-10-05T06:45:53Z INFO [1603/3678] 4a00f288-5cc3-408a-84c8-38fbcdcf5530: does not qualify; 0.7 s; peak memory 7829 MiB.
2026-10-05T06:45:54Z INFO [1604/3678] 4a013658-aa16-422b-976e-5846feb5b730: does not qualify; 0.8 s; peak memory 7829 MiB.
2026-10-05T06:45:54Z INFO [1605/3678] 4a0194cc-ff03-4b4f-90d2-b5752c3f7f8d: does not qualify; 0.4 s; peak memory 7829 MiB.
2026-10-05T06:45:55Z INFO [1606/3678] 4a019a01-46b2-4543-9acc-2c5681b7faf4: does not qualify; 1.0 s; peak memory 7829 MiB.
2026-10-05T06:45:56Z INFO [1607/3678] 4a0240ff-58ec-4adc-ba00-fc310819a9e0: does not qualify; 0.9 s; peak memory 7829 MiB.
2026-10-05T06:45:57Z INFO [1608/3678] 4a033083-c8bf-415f-a373-b5572bb3c0dc: does not qualify; 0.7 s; peak memory 7829 MiB.
2026-10-05T06:45:58Z INFO [1609/3678] 4a035c35-cc94-4407-9566-e1c91a605534: does not qualify; 0.9 s; peak memory 7829 MiB.
2026-10-05T06:45:59Z INFO [1610/3678] 4a036e01-92c5-4794-a099-a18fcb8580e6: does not qualify; 0.8 s; peak memory 7829 MiB.
2026-10-05T06:45:59Z INFO [1611/3678] 4a037a0c-363e-465a-8824-bc2fcee046f2: does not qualify; 0.8 s; peak memory 7829 MiB.
2026-10-05T06:46:00Z INFO [1612/3678] 4a03a610-ebfb-4954-bdda-3a24c5081505: does not qualify; 0.6 s; peak memory 7829 MiB.
2026-10-05T06:46:01Z INFO [1613/3678] 4a03aa42-499f-4a94-a9e7-d2720a77b4b4: does not qualify; 1.0 s; peak memory 7829 MiB.
2026-10-05T06:46:03Z INFO [1614/3678] 4a03b70d-60d3-4c7a-8294-a7484e5fb28c: does not qualify; 2.4 s; peak memory 7829 MiB.
2026-10-05T06:46:04Z INFO [1615/3678] 4a040d80-79a0-4f03-827f-5b56fcfe46d1: does not qualify; 1.1 s; peak memory 7829 MiB.
2026-10-05T06:46:05Z INFO [1616/3678] 4a0443be-fedb-4ea6-8958-f857abf7d1cf: does not qualify; 0.9 s; peak memory 7829 MiB.
2026-10-05T06:46:06Z INFO [1617/3678] 4a047d73-e0e3-4d94-b53b-b20fdee41dc3: does not qualify; 1.1 s; peak memory 7829 MiB.
2026-10-05T06:46:07Z INFO [1618/3678] 4a05274f-0671-4958-977e-e32665b6d5d3: does not qualify; 0.7 s; peak memory 7829 MiB.
2026-10-05T06:46:08Z INFO [1619/3678] 4a0533e8-6103-4164-a495-0693644635c9: does not qualify; 0.7 s; peak memory 7829 MiB.
2026-10-05T06:46:09Z INFO [1620/3678] 4a0541de-c43d-4461-9a85-262a3988dc20: does not qualify; 1.0 s; peak memory 7829 MiB.
2026-10-05T06:46:11Z INFO [1621/3678] 4a054531-facd-462b-aded-5df1a4b3b897: does not qualify; 2.3 s; peak memory 7829 MiB.
2026-10-05T06:46:13Z INFO [1622/3678] 4a0596ad-dc7d-43e2-8ffe-64df7181ccf6: does not qualify; 1.9 s; peak memory 7829 MiB.
2026-10-05T06:46:14Z INFO [1623/3678] 4a05fc9f-743f-4584-afb8-03dc67e9c98b: does not qualify; 1.1 s; peak memory 7829 MiB.
2026-10-05T06:46:15Z INFO [1624/3678] 4a06236a-f561-4815-9b9f-e6b66dac6d9b: does not qualify; 1.0 s; peak memory 7829 MiB.
2026-10-05T06:46:16Z INFO [1625/3678] 4a068105-8276-453f-9880-b0952dd453ef: does not qualify; 0.4 s; peak memory 7829 MiB.
2026-10-05T06:46:16Z INFO [1626/3678] 4a0694cf-aa51-4405-807d-8a517b77eaa6: does not qualify; 0.9 s; peak memory 7829 MiB.
2026-10-05T06:46:17Z INFO [1627/3678] 4a069703-c97c-4ce9-8d4b-e39d2fcd76a0: does not qualify; 0.4 s; peak memory 7829 MiB.
2026-10-05T06:46:18Z INFO [1628/3678] 4a075606-3008-47d7-b20f-25e62a721bc7: does not qualify; 0.8 s; peak memory 7829 MiB.
2026-10-05T06:46:27Z INFO [1629/3678] 4a076049-8c36-4e49-aabf-1f2ef7addea4: does not qualify; 8.9 s; peak memory 7829 MiB.
2026-10-05T06:46:35Z INFO [1630/3678] 4a0869a4-4894-44e6-9e60-62ae6df02812: does not qualify; 8.9 s; peak memory 7829 MiB.
2026-10-05T06:46:36Z INFO [1631/3678] 4a09d42b-3d61-4d16-9dc1-7c8b926ac2c2: does not qualify; 0.6 s; peak memory 7829 MiB.
2026-10-05T06:46:38Z INFO [1632/3678] 4a0ae650-b623-49c1-916c-81aec154eda8: does not qualify; 1.7 s; peak memory 7829 MiB.
2026-10-05T06:46:38Z INFO [1633/3678] 4a0b4289-137b-4bca-a7e4-f84520400f8e: does not qualify; 0.5 s; peak memory 7829 MiB.
2026-10-05T06:46:39Z INFO [1634/3678] 4a0bb116-433d-4348-916c-7c5bf5d2bbe0: does not qualify; 0.8 s; peak memory 7829 MiB.
2026-10-05T06:46:42Z INFO [1635/3678] 4a0c04e0-3fad-4413-a5a6-1f82a553af1f: does not qualify; 2.7 s; peak memory 7829 MiB.
2026-10-05T06:46:43Z INFO [1636/3678] 4a0c386d-ba9d-46c6-bd83-a20a82216809: does not qualify; 0.9 s; peak memory 7829 MiB.
2026-10-05T06:46:43Z INFO [1637/3678] 4a0c8f07-b714-458a-8e54-638984447f1f: does not qualify; 0.5 s; peak memory 7829 MiB.
2026-10-05T06:46:44Z INFO [1638/3678] 4a0d7785-c746-4e6f-a2e4-800e9fdb1feb: does not qualify; 0.7 s; peak memory 7829 MiB.
2026-10-05T06:46:49Z INFO [1639/3678] 4a0daa2f-9abe-424b-93cd-42645f159df2: does not qualify; 5.1 s; peak memory 7829 MiB.
2026-10-05T06:46:54Z INFO [1640/3678] 4a0db4b6-0c01-4bf2-9bc8-9217e28a2b30: does not qualify; 4.9 s; peak memory 7829 MiB.
2026-10-05T06:46:55Z INFO [1641/3678] 4a0dee3d-ac28-4dfb-b5d4-e3246633775a: does not qualify; 0.9 s; peak memory 7829 MiB.
2026-10-05T06:46:55Z INFO [1642/3678] 4a0e3f91-450e-4c9b-bf19-db994380dd3f: does not qualify; 0.5 s; peak memory 7829 MiB.
2026-10-05T06:46:56Z INFO [1643/3678] 4a0f23b6-6f1e-456c-97c3-fc6a3c54beb5: does not qualify; 1.0 s; peak memory 7829 MiB.
2026-10-05T06:46:57Z INFO [1644/3678] 4a0feb83-e1eb-4a3b-bb68-de06adf34f65: does not qualify; 0.9 s; peak memory 7829 MiB.
2026-10-05T06:47:09Z INFO [1645/3678] 4a106014-9146-415f-9259-3add43cba833: does not qualify; 12.1 s; peak memory 7829 MiB.
2026-10-05T06:47:13Z INFO [1646/3678] 4a1118e8-cd39-478e-a58b-8a9dd5285c21: does not qualify; 4.2 s; peak memory 7829 MiB.
2026-10-05T06:47:14Z INFO [1647/3678] 4a11b1ca-f295-4858-a231-01b93ec1520b: does not qualify; 0.6 s; peak memory 7829 MiB.
2026-10-05T06:47:15Z INFO [1648/3678] 4a11dab6-c63b-49e6-9d7f-a5753041f188: does not qualify; 0.5 s; peak memory 7829 MiB.
2026-10-05T06:47:19Z INFO [1649/3678] 4a122743-d707-4133-944b-c10f96502fea: does not qualify; 4.1 s; peak memory 7829 MiB.
2026-10-05T06:47:23Z INFO [1650/3678] 4a126e07-a135-40cc-b597-dccb87763f04: does not qualify; 4.8 s; peak memory 7829 MiB.
2026-10-05T06:47:24Z INFO [1650/3678] 4a126e07-a135-40cc-b597-dccb87763f04: checkpointed 64115 records.
2026-10-05T06:47:26Z INFO [1651/3678] 4a12d2ca-1555-437b-86c0-35fe56cb79ef: does not qualify; 2.0 s; peak memory 7829 MiB.
2026-10-05T06:47:27Z INFO [1652/3678] 4a1329c5-0fe8-41cd-a30a-98bdcba762e6: does not qualify; 1.2 s; peak memory 7829 MiB.
2026-10-05T06:47:28Z INFO [1653/3678] 4a146b38-bc95-42e2-9ea0-6d6251e4f07c: does not qualify; 1.4 s; peak memory 7829 MiB.
2026-10-05T06:47:29Z INFO [1654/3678] 4a14c968-7f49-40e8-8d76-5e874de1c2ca: does not qualify; 0.6 s; peak memory 7829 MiB.
2026-10-05T06:47:33Z INFO [1655/3678] 4a1529b5-98ad-49e0-82b4-37ab7f55a9ff: does not qualify; 4.2 s; peak memory 7829 MiB.
2026-10-05T06:47:37Z INFO [1656/3678] 4a15939c-831c-4188-8de1-c1be604a27ce: does not qualify; 3.8 s; peak memory 7829 MiB.
2026-10-05T06:47:37Z INFO [1657/3678] 4a160fc0-871a-41ac-b33c-4b878c1536b0: does not qualify; 0.5 s; peak memory 7829 MiB.
2026-10-05T06:47:42Z INFO [1658/3678] 4a166038-3b56-4edc-99a5-8c37fa9524f0: does not qualify; 4.3 s; peak memory 7829 MiB.
2026-10-05T06:47:42Z INFO [1659/3678] 4a1755de-4fd2-4415-8bb1-9bdaf64c9c21: does not qualify; 0.6 s; peak memory 7829 MiB.
2026-10-05T06:47:43Z INFO [1660/3678] 4a176368-b4c8-445f-a094-35b1aa883ea2: does not qualify; 0.6 s; peak memory 7829 MiB.
2026-10-05T06:47:45Z INFO [1661/3678] 4a17827f-76c1-478e-b0ef-00571d7e0314: does not qualify; 1.8 s; peak memory 7829 MiB.
2026-10-05T06:47:46Z INFO [1662/3678] 4a17a4de-51df-424f-866d-406f5617bcb0: does not qualify; 0.8 s; peak memory 7829 MiB.
2026-10-05T06:47:46Z INFO [1663/3678] 4a180156-3f5a-4c28-ab0b-8a64602dcfdb: does not qualify; 0.9 s; peak memory 7829 MiB.
2026-10-05T06:47:47Z INFO [1664/3678] 4a183abe-cd05-45fe-adce-d314360fc052: does not qualify; 0.7 s; peak memory 7829 MiB.
2026-10-05T06:47:48Z INFO [1665/3678] 4a1862b4-bbcb-4e16-962c-55d01ab90f8b: does not qualify; 0.6 s; peak memory 7829 MiB.
2026-10-05T06:47:49Z INFO [1666/3678] 4a19c8c4-3754-4f64-bfda-ce437e2b7a25: does not qualify; 1.3 s; peak memory 7829 MiB.
2026-10-05T06:47:50Z INFO [1667/3678] 4a19cc48-828e-416e-adff-a3ee3294d435: does not qualify; 0.9 s; peak memory 7829 MiB.
2026-10-05T06:47:54Z INFO [1668/3678] 4a19ea1b-683a-4ffb-98e8-cb702cddee93: qualifies; 3.7 s; peak memory 7829 MiB.
2026-10-05T06:47:55Z INFO [1669/3678] 4a1a10dd-73b5-4fab-bbb7-4e16a24e2807: does not qualify; 1.8 s; peak memory 7829 MiB.
2026-10-05T06:47:56Z INFO [1670/3678] 4a1a7170-6692-4160-a16d-0f4b7c56415b: does not qualify; 0.4 s; peak memory 7829 MiB.
2026-10-05T06:47:57Z INFO [1671/3678] 4a1a9c5f-4e2b-4934-833a-b86b598d56c5: does not qualify; 0.8 s; peak memory 7829 MiB.
2026-10-05T06:48:00Z INFO [1672/3678] 4a1b2b86-fde7-4200-bd32-66bdde2f8c42: does not qualify; 3.8 s; peak memory 7829 MiB.
2026-10-05T06:48:01Z INFO [1673/3678] 4a1b384f-8d0d-4440-baf9-056969d72ad3: does not qualify; 0.8 s; peak memory 7829 MiB.
2026-10-05T06:48:07Z INFO [1674/3678] 4a1b4dcc-caa7-4f4b-a461-37fe407dda52: does not qualify; 6.4 s; peak memory 7829 MiB.
2026-10-05T06:48:08Z INFO [1675/3678] 4a1b76c1-b7a9-49ca-b749-ceb44f69befe: does not qualify; 0.7 s; peak memory 7829 MiB.
2026-10-05T06:48:09Z INFO [1676/3678] 4a1bdcdb-1c51-46e6-9c3b-3c53bdab4a5f: does not qualify; 1.3 s; peak memory 7829 MiB.
2026-10-05T06:48:11Z INFO [1677/3678] 4a1c88af-b0d7-42b6-91b1-e676ef707b0b: does not qualify; 1.2 s; peak memory 7829 MiB.
2026-10-05T06:48:11Z INFO [1678/3678] 4a1c8f5a-178b-4db3-852a-a2ea43293c35: does not qualify; 0.6 s; peak memory 7829 MiB.
2026-10-05T06:48:12Z INFO [1679/3678] 4a1c9824-22b4-44b7-9702-aa75892d825f: does not qualify; 0.6 s; peak memory 7829 MiB.
2026-10-05T06:48:14Z INFO [1680/3678] 4a1cfb69-93cd-4d58-8c5b-00c3d51cc464: does not qualify; 1.8 s; peak memory 7829 MiB.
2026-10-05T06:48:19Z INFO [1681/3678] 4a1d3385-2fa1-4b17-b9b7-5d057c484d28: does not qualify; 5.6 s; peak memory 7829 MiB.
2026-10-05T06:48:21Z INFO [1682/3678] 4a1e220a-9f9b-4d5a-8b88-50949d04109d: qualifies; 1.4 s; peak memory 7829 MiB.
2026-10-05T06:48:21Z INFO [1683/3678] 4a1edd72-bad4-40db-aafc-6f3a89949ee2: does not qualify; 0.7 s; peak memory 7829 MiB.
2026-10-05T06:48:28Z INFO [1684/3678] 4a1ef2a8-aad8-4153-b8fb-821292e0c5fe: does not qualify; 6.5 s; peak memory 7829 MiB.
2026-10-05T06:48:30Z INFO [1685/3678] 4a1f0bec-f0a0-493f-a66f-b6e9e866a217: does not qualify; 2.1 s; peak memory 7829 MiB.
2026-10-05T06:48:31Z INFO [1686/3678] 4a20324b-d1d8-439b-9126-bd1a04a4ef3c: does not qualify; 1.0 s; peak memory 7829 MiB.
2026-10-05T06:48:32Z INFO [1687/3678] 4a20636b-e8fd-40a2-9e7d-97c22d8b0d38: does not qualify; 1.1 s; peak memory 7829 MiB.
2026-10-05T06:48:34Z INFO [1688/3678] 4a20bd17-8014-4999-ae8c-fd76d6d5adf5: does not qualify; 1.8 s; peak memory 7829 MiB.
2026-10-05T06:48:35Z INFO [1689/3678] 4a20fdda-883f-4084-bb17-3d148b4fa5a7: does not qualify; 0.6 s; peak memory 7829 MiB.
2026-10-05T06:48:35Z INFO [1690/3678] 4a214485-af96-44a8-b8a8-95cb9824e59b: does not qualify; 1.0 s; peak memory 7829 MiB.
2026-10-05T06:48:36Z INFO [1691/3678] 4a2175db-114d-436f-bbfd-d96a69f313c2: does not qualify; 1.0 s; peak memory 7829 MiB.
2026-10-05T06:48:42Z INFO [1692/3678] 4a2195a6-3cba-4a80-bbcc-4b80f619986b: does not qualify; 5.4 s; peak memory 7829 MiB.
2026-10-05T06:48:46Z INFO [1693/3678] 4a23d165-cc0f-4a31-88d8-076a0cd44bb6: does not qualify; 4.2 s; peak memory 7829 MiB.
2026-10-05T06:48:47Z INFO [1694/3678] 4a24288b-c1dd-4da6-afef-ecfe8271d419: does not qualify; 0.9 s; peak memory 7829 MiB.
2026-10-05T06:48:48Z INFO [1695/3678] 4a2432b8-ea5d-4255-8557-08f6af5cb782: does not qualify; 1.4 s; peak memory 7829 MiB.
2026-10-05T06:48:49Z INFO [1696/3678] 4a24586b-abba-42e5-9104-6d89d758a3e9: does not qualify; 0.7 s; peak memory 7829 MiB.
2026-10-05T06:48:50Z INFO [1697/3678] 4a249afe-5d4f-44d1-a272-f6ff6cd3df30: does not qualify; 1.3 s; peak memory 7829 MiB.
2026-10-05T06:48:52Z INFO [1698/3678] 4a24bdd2-4559-479f-aaac-01f513c1460f: does not qualify; 1.4 s; peak memory 7829 MiB.
2026-10-05T06:48:52Z INFO [1699/3678] 4a24c9f9-5269-4025-a623-7a3bf75baacb: does not qualify; 0.7 s; peak memory 7829 MiB.
2026-10-05T06:48:56Z INFO [1700/3678] 4a25ffd0-1e09-4705-b111-b686a63bf8da: does not qualify; 3.7 s; peak memory 7829 MiB.
2026-10-05T06:48:56Z INFO [1700/3678] 4a25ffd0-1e09-4705-b111-b686a63bf8da: checkpointed 64165 records.
2026-10-05T06:48:58Z INFO [1701/3678] 4a26fa6f-45af-41fc-b515-cf3dd8ee6872: does not qualify; 1.2 s; peak memory 7829 MiB.
2026-10-05T06:48:58Z INFO [1702/3678] 4a2713d2-6f9a-4831-bc68-547aa05f2083: does not qualify; 0.6 s; peak memory 7829 MiB.
2026-10-05T06:49:02Z INFO [1703/3678] 4a2836d4-549e-4e24-abc8-07a825425db6: does not qualify; 3.6 s; peak memory 7829 MiB.
2026-10-05T06:49:07Z INFO [1704/3678] 4a297ea2-dae7-4a67-aa1b-b0b2c251ccf6: does not qualify; 5.0 s; peak memory 7829 MiB.
2026-10-05T06:49:08Z INFO [1705/3678] 4a2a6311-3ed5-44e1-a42c-f5f045bb08c8: does not qualify; 0.8 s; peak memory 7829 MiB.
2026-10-05T06:49:08Z INFO [1706/3678] 4a2aa2c9-d975-48b0-b131-d0494f542b91: does not qualify; 0.7 s; peak memory 7829 MiB.
2026-10-05T06:49:10Z INFO [1707/3678] 4a2b165a-467b-4a5f-b911-31429e8ffa24: does not qualify; 1.4 s; peak memory 7829 MiB.
2026-10-05T06:49:11Z INFO [1708/3678] 4a2bc6f4-61a6-45d8-a346-64c50ce23b81: does not qualify; 0.9 s; peak memory 7829 MiB.
2026-10-05T06:49:17Z INFO [1709/3678] 4a2ce0e8-9846-4a5e-8bf9-7c82e8e90f72: does not qualify; 6.6 s; peak memory 7829 MiB.
2026-10-05T06:49:19Z INFO [1710/3678] 4a2ce6ad-56e5-4905-a99d-b685972f3801: does not qualify; 1.3 s; peak memory 7829 MiB.
2026-10-05T06:49:19Z INFO [1711/3678] 4a2d5967-6155-4a16-a53b-cde0a50cca62: does not qualify; 0.9 s; peak memory 7829 MiB.
2026-10-05T06:49:20Z INFO [1712/3678] 4a2d76a3-768f-47e7-bbb3-37eacf4a1b33: does not qualify; 0.4 s; peak memory 7829 MiB.
2026-10-05T06:49:21Z INFO [1713/3678] 4a2dd974-a280-4e5d-957f-2b9cf6113bd0: does not qualify; 0.9 s; peak memory 7829 MiB.
2026-10-05T06:49:22Z INFO [1714/3678] 4a2ef0d4-c45b-4dd6-b925-0a79a3b46b7b: does not qualify; 0.9 s; peak memory 7829 MiB.
2026-10-05T06:49:23Z INFO [1715/3678] 4a301d1a-4689-4757-89c7-6c6fea8fb5a6: does not qualify; 1.0 s; peak memory 7829 MiB.
2026-10-05T06:49:23Z INFO [1716/3678] 4a316acd-1bac-498a-86ae-45b1d0cb19c3: does not qualify; 0.8 s; peak memory 7829 MiB.
2026-10-05T06:49:24Z INFO [1717/3678] 4a3203d4-cbf0-49ef-a436-7fefa2c9e567: does not qualify; 1.0 s; peak memory 7829 MiB.
2026-10-05T06:49:25Z INFO [1718/3678] 4a320c82-d8c3-4ece-9f54-79c3428fd301: does not qualify; 1.1 s; peak memory 7829 MiB.
2026-10-05T06:49:27Z INFO [1719/3678] 4a32269e-f8c5-4bbd-8ee0-98de57cf2a0d: does not qualify; 1.1 s; peak memory 7829 MiB.
2026-10-05T06:49:27Z INFO [1720/3678] 4a3244ba-c330-4e02-8a60-035a05892929: does not qualify; 0.7 s; peak memory 7829 MiB.
2026-10-05T06:49:28Z INFO [1721/3678] 4a32dd3e-4ac5-4516-af10-fefca794ceae: does not qualify; 1.0 s; peak memory 7829 MiB.
2026-10-05T06:49:29Z INFO [1722/3678] 4a3340b3-fd53-43a0-8b8d-e9e6434f9710: does not qualify; 0.6 s; peak memory 7829 MiB.
2026-10-05T06:49:30Z INFO [1723/3678] 4a3399d0-3f88-411f-8630-1bb89a4d9613: does not qualify; 1.3 s; peak memory 7829 MiB.
2026-10-05T06:49:31Z INFO [1724/3678] 4a33ccf4-3d86-4cf8-95ad-c0a0c7a47743: does not qualify; 0.7 s; peak memory 7829 MiB.
2026-10-05T06:49:32Z INFO [1725/3678] 4a3411dd-68be-43f2-abdf-671399ecfe61: does not qualify; 0.9 s; peak memory 7829 MiB.
2026-10-05T06:49:33Z INFO [1726/3678] 4a345c0a-1e3c-4667-812a-4d35fd71fa6a: does not qualify; 0.9 s; peak memory 7829 MiB.
2026-10-05T06:49:34Z INFO [1727/3678] 4a34a741-f5f3-4265-befd-2d05f319ba28: does not qualify; 0.8 s; peak memory 7829 MiB.
2026-10-05T06:49:34Z INFO [1728/3678] 4a351bad-5ec3-4516-ab1d-d69dc126aee3: does not qualify; 0.9 s; peak memory 7829 MiB.
2026-10-05T06:49:41Z INFO [1729/3678] 4a359021-086d-4990-af26-0ab8f9f4f252: does not qualify; 7.0 s; peak memory 7829 MiB.
2026-10-05T06:49:49Z INFO [1730/3678] 4a35954c-f154-48c1-a0ef-858d4d2262e6: does not qualify; 7.9 s; peak memory 7829 MiB.
2026-10-05T06:49:50Z INFO [1731/3678] 4a374c83-b2c4-401a-8e4f-de47b62dd5df: does not qualify; 0.6 s; peak memory 7829 MiB.
2026-10-05T06:49:56Z INFO [1732/3678] 4a383c52-2dde-4d3d-98b1-967628c63d46: does not qualify; 6.2 s; peak memory 7829 MiB.
2026-10-05T06:49:57Z INFO [1733/3678] 4a393547-10b6-4aec-a34a-5ca0b894c263: does not qualify; 0.8 s; peak memory 7829 MiB.
2026-10-05T06:49:58Z INFO [1734/3678] 4a3964c5-2d9e-4fe2-a835-4f82142d0425: does not qualify; 1.1 s; peak memory 7829 MiB.
2026-10-05T06:49:59Z INFO [1735/3678] 4a3a32e6-6a46-4acc-b488-6dda257aaa21: does not qualify; 0.7 s; peak memory 7829 MiB.
2026-10-05T06:50:00Z INFO [1736/3678] 4a3a56e5-a05d-4657-914d-7541cd50bed3: does not qualify; 0.8 s; peak memory 7829 MiB.
2026-10-05T06:50:01Z INFO [1737/3678] 4a3a98e9-d707-43ca-b017-d9af3f61bd61: does not qualify; 1.7 s; peak memory 7829 MiB.
2026-10-05T06:50:02Z INFO [1738/3678] 4a3b77ac-ced1-4c7a-ae22-d54355e017d2: does not qualify; 1.0 s; peak memory 7829 MiB.
2026-10-05T06:50:03Z INFO [1739/3678] 4a3bb4ae-54e7-4f4c-8cca-7b393285c955: does not qualify; 0.8 s; peak memory 7829 MiB.
2026-10-05T06:50:04Z INFO [1740/3678] 4a3bdb57-e3b9-4e6e-979b-c69d3d62c3f1: does not qualify; 0.9 s; peak memory 7829 MiB.
2026-10-05T06:50:05Z INFO [1741/3678] 4a3c292b-0b49-4440-a125-caf89f94ad02: does not qualify; 0.9 s; peak memory 7829 MiB.
2026-10-05T06:50:05Z INFO [1742/3678] 4a3c66e9-ac50-4ed2-aed9-d5337f9407e2: does not qualify; 0.7 s; peak memory 7829 MiB.
2026-10-05T06:50:06Z INFO [1743/3678] 4a3cf1e8-99b0-4ef1-b1a5-a05ef5be359c: does not qualify; 0.6 s; peak memory 7829 MiB.
2026-10-05T06:50:08Z INFO [1744/3678] 4a3dd304-4c6e-44d8-81a4-beaf03e4022f: does not qualify; 1.5 s; peak memory 7829 MiB.
2026-10-05T06:50:08Z INFO [1745/3678] 4a3e2bbb-35ed-4dcf-8123-1dbd246af288: does not qualify; 0.5 s; peak memory 7829 MiB.
2026-10-05T06:50:09Z INFO [1746/3678] 4a3eecda-25f0-464f-99e8-a9876febb399: does not qualify; 0.7 s; peak memory 7829 MiB.
2026-10-05T06:50:09Z INFO [1747/3678] 4a3f1959-e2b0-4472-8b66-57462279e0ce: does not qualify; 0.7 s; peak memory 7829 MiB.
2026-10-05T06:50:10Z INFO [1748/3678] 4a3f38a0-df63-4577-a0e4-e57ae4a63331: does not qualify; 0.7 s; peak memory 7829 MiB.
2026-10-05T06:51:00Z INFO [1749/3678] 4a3f4b9f-00cc-4987-9ca6-d57e398f485e: qualifies; 50.0 s; peak memory 7829 MiB.
2026-10-05T06:51:01Z INFO [1750/3678] 4a3feb7b-0217-43ab-9efa-df8fbf4a5522: does not qualify; 0.9 s; peak memory 7829 MiB.
2026-10-05T06:51:01Z INFO [1750/3678] 4a3feb7b-0217-43ab-9efa-df8fbf4a5522: checkpointed 64215 records.
2026-10-05T06:51:02Z INFO [1751/3678] 4a403a5d-88fc-49f1-a2af-37aae21ac5d3: does not qualify; 0.9 s; peak memory 7829 MiB.
2026-10-05T06:51:03Z INFO [1752/3678] 4a407588-f447-4463-9a67-6bd44069b227: does not qualify; 0.6 s; peak memory 7829 MiB.
2026-10-05T06:51:04Z INFO [1753/3678] 4a40afe5-5d27-4577-8297-f532efceb762: does not qualify; 0.8 s; peak memory 7829 MiB.
2026-10-05T06:51:04Z INFO [1754/3678] 4a416104-fc65-4bbd-9344-a041cdf7b0ec: does not qualify; 0.5 s; peak memory 7829 MiB.
2026-10-05T06:51:05Z INFO [1755/3678] 4a41d19d-fc23-425f-a142-907d07382397: does not qualify; 0.6 s; peak memory 7829 MiB.
2026-10-05T06:51:06Z INFO [1756/3678] 4a422345-c942-44d7-b6aa-f96a288b0b20: does not qualify; 1.2 s; peak memory 7829 MiB.
2026-10-05T06:51:07Z INFO [1757/3678] 4a4226f7-056a-4a78-868e-fd34404193fb: does not qualify; 0.7 s; peak memory 7829 MiB.
2026-10-05T06:51:07Z INFO [1758/3678] 4a42a4fd-e7fe-4b3f-8323-aa2430c9ae38: does not qualify; 1.0 s; peak memory 7829 MiB.
2026-10-05T06:51:10Z INFO [1759/3678] 4a4319b8-26dd-4e12-bcb0-4e210b4e6e0f: does not qualify; 2.1 s; peak memory 7829 MiB.
2026-10-05T06:51:14Z INFO [1760/3678] 4a437270-c7f6-49d7-a5ff-9fafbcf79433: does not qualify; 4.2 s; peak memory 7829 MiB.
2026-10-05T06:51:14Z INFO [1761/3678] 4a440aca-1422-48a8-b732-a2dc2fb3729c: does not qualify; 0.7 s; peak memory 7829 MiB.
2026-10-05T06:51:25Z INFO [1762/3678] 4a4453f3-7845-41b2-bce8-e8c5a55faecf: does not qualify; 10.5 s; peak memory 7829 MiB.
2026-10-05T06:51:26Z INFO [1763/3678] 4a467d09-e8a5-4f48-bc59-edc0b66d3608: does not qualify; 0.9 s; peak memory 7829 MiB.
2026-10-05T06:51:27Z INFO [1764/3678] 4a46a558-05ff-47d0-87a2-21255ab4039a: does not qualify; 1.1 s; peak memory 7829 MiB.
2026-10-05T06:51:28Z INFO [1765/3678] 4a47137f-8aec-4307-9774-9c4ea1eaa605: does not qualify; 1.2 s; peak memory 7829 MiB.
2026-10-05T06:51:29Z INFO [1766/3678] 4a4794e4-0a00-4ef7-9662-b5a4c83084fc: does not qualify; 0.7 s; peak memory 7829 MiB.
2026-10-05T06:51:30Z INFO [1767/3678] 4a479bcc-3a1d-4883-a869-cebfd2bfde7e: does not qualify; 0.7 s; peak memory 7829 MiB.
2026-10-05T06:51:31Z INFO [1768/3678] 4a47c4b8-0a4f-45f5-9aa5-a9a9b7e69f79: does not qualify; 1.4 s; peak memory 7829 MiB.
2026-10-05T06:51:32Z INFO [1769/3678] 4a47d2d8-19f5-4838-9df6-0025e926b848: does not qualify; 0.8 s; peak memory 7829 MiB.
2026-10-05T06:51:32Z INFO [1770/3678] 4a47e73d-028c-483e-b40b-ef0774f6cd5d: does not qualify; 0.7 s; peak memory 7829 MiB.
2026-10-05T06:51:33Z INFO [1771/3678] 4a4825a0-554e-45c3-bed3-e859e54249bc: does not qualify; 0.5 s; peak memory 7829 MiB.
2026-10-05T06:51:34Z INFO [1772/3678] 4a485e8a-3c5b-4675-8022-d94069f69544: does not qualify; 0.8 s; peak memory 7829 MiB.
2026-10-05T06:51:36Z INFO [1773/3678] 4a48a3da-83c4-409e-ab4a-0afc5ec27cdc: does not qualify; 2.3 s; peak memory 7829 MiB.
2026-10-05T06:51:37Z INFO [1774/3678] 4a48beb7-e837-4971-989f-0be498ca9e0b: does not qualify; 0.8 s; peak memory 7829 MiB.
2026-10-05T06:51:38Z INFO [1775/3678] 4a48c11a-43c3-4197-8b47-d787e37311d0: does not qualify; 0.9 s; peak memory 7829 MiB.
2026-10-05T06:51:38Z INFO [1776/3678] 4a48e19a-19ea-4d37-8249-24bb4046ae04: does not qualify; 0.7 s; peak memory 7829 MiB.
2026-10-05T06:51:40Z INFO [1777/3678] 4a497aa5-456f-4dc8-b208-934807102e70: does not qualify; 1.7 s; peak memory 7829 MiB.
2026-10-05T06:51:42Z INFO [1778/3678] 4a4a6813-5c7e-4f00-877a-0105354d71f1: does not qualify; 2.3 s; peak memory 7829 MiB.
2026-10-05T06:51:43Z INFO [1779/3678] 4a4ad6c5-755b-4c94-a5d1-0ade0b8641ad: does not qualify; 0.7 s; peak memory 7829 MiB.
2026-10-05T06:51:44Z INFO [1780/3678] 4a4b14f8-7302-4866-8048-0bff5646a699: does not qualify; 1.0 s; peak memory 7829 MiB.
2026-10-05T06:51:45Z INFO [1781/3678] 4a4bbbfa-c0c9-4af2-bc5b-c340e88ae2a3: does not qualify; 0.9 s; peak memory 7829 MiB.
2026-10-05T06:51:46Z INFO [1782/3678] 4a4c853b-9c2f-4e8c-bfe8-50dc5b8e7291: does not qualify; 1.5 s; peak memory 7829 MiB.
2026-10-05T06:51:47Z INFO [1783/3678] 4a4ca33c-df97-4056-b881-6311c95eeabc: does not qualify; 0.9 s; peak memory 7829 MiB.
2026-10-05T06:51:48Z INFO [1784/3678] 4a4dec06-553e-4218-aea6-0d25ba27d979: does not qualify; 0.6 s; peak memory 7829 MiB.
2026-10-05T06:51:49Z INFO [1785/3678] 4a4e3436-3ceb-464c-9b82-694c000b9245: does not qualify; 0.9 s; peak memory 7829 MiB.
2026-10-05T06:51:50Z INFO [1786/3678] 4a4e40af-3496-4639-8c86-376d33861945: does not qualify; 0.7 s; peak memory 7829 MiB.
2026-10-05T06:51:51Z INFO [1787/3678] 4a4e4755-55d3-48e0-986e-53af153f25ec: does not qualify; 1.3 s; peak memory 7829 MiB.
2026-10-05T06:51:52Z INFO [1788/3678] 4a4f2b7e-63a4-452f-8845-55bbf296e762: does not qualify; 1.5 s; peak memory 7829 MiB.
2026-10-05T06:51:53Z INFO [1789/3678] 4a4f2b80-39b1-4787-aa92-db9212b7ae77: does not qualify; 0.7 s; peak memory 7829 MiB.
2026-10-05T06:51:54Z INFO [1790/3678] 4a4f7369-ff6d-471d-9a25-d8c57c07c200: does not qualify; 0.5 s; peak memory 7829 MiB.
2026-10-05T06:51:56Z INFO [1791/3678] 4a50425e-1213-4c72-bdc3-fc3e9230c6c0: does not qualify; 2.5 s; peak memory 7829 MiB.
2026-10-05T06:51:57Z INFO [1792/3678] 4a510a03-81c9-4f7c-ae03-711d7c92a28a: does not qualify; 0.8 s; peak memory 7829 MiB.
2026-10-05T06:51:58Z INFO [1793/3678] 4a5125af-24e7-4114-b4f2-dc02819b92fa: does not qualify; 0.9 s; peak memory 7829 MiB.
2026-10-05T06:51:58Z INFO [1794/3678] 4a51d757-8806-407f-9f30-27ff659aff01: does not qualify; 0.8 s; peak memory 7829 MiB.
2026-10-05T06:51:59Z INFO [1795/3678] 4a51ddc0-47b2-43e4-9a8a-1483e634010d: does not qualify; 0.7 s; peak memory 7829 MiB.
2026-10-05T06:52:00Z INFO [1796/3678] 4a5263ed-b8d0-45f4-bb82-d0cc3f5d27ad: does not qualify; 0.7 s; peak memory 7829 MiB.
2026-10-05T06:52:01Z INFO [1797/3678] 4a5278b8-2f32-4dd7-a2a8-f1b8e0f23819: does not qualify; 0.8 s; peak memory 7829 MiB.
2026-10-05T06:52:02Z INFO [1798/3678] 4a53211b-ddd2-4bb0-9073-91fa77266a93: does not qualify; 1.1 s; peak memory 7829 MiB.
2026-10-05T06:52:03Z INFO [1799/3678] 4a5366a0-7ebb-49c4-992c-6b496e0dc52e: does not qualify; 1.0 s; peak memory 7829 MiB.
2026-10-05T06:52:03Z INFO [1800/3678] 4a54c952-9b03-470b-9540-36f9f53c93da: does not qualify; 0.6 s; peak memory 7829 MiB.
2026-10-05T06:52:03Z INFO [1800/3678] 4a54c952-9b03-470b-9540-36f9f53c93da: checkpointed 64265 records.
2026-10-05T06:52:05Z INFO [1801/3678] 4a55275a-8e64-4cd9-9842-bfbe17557394: does not qualify; 1.9 s; peak memory 7829 MiB.
2026-10-05T06:52:06Z INFO [1802/3678] 4a55433f-23c4-459a-ac63-edf580c15a8c: does not qualify; 0.8 s; peak memory 7829 MiB.
2026-10-05T06:52:08Z INFO [1803/3678] 4a55a9ac-58f5-4da1-bcbe-7bf4e395028a: does not qualify; 1.5 s; peak memory 7829 MiB.
2026-10-05T06:52:09Z INFO [1804/3678] 4a563d16-0a36-45d5-b267-09b35cbfe8e0: does not qualify; 1.2 s; peak memory 7829 MiB.
2026-10-05T06:52:10Z INFO [1805/3678] 4a5675e5-ffbb-491e-95fa-ebcf58db4e5a: does not qualify; 0.7 s; peak memory 7829 MiB.
2026-10-05T06:52:10Z INFO [1806/3678] 4a568227-5fa3-4f46-a9c8-c900c414a4f4: does not qualify; 0.7 s; peak memory 7829 MiB.
2026-10-05T06:52:11Z INFO [1807/3678] 4a56f3db-d78c-48b1-b193-bd67c42d7818: does not qualify; 0.9 s; peak memory 7829 MiB.
2026-10-05T06:52:12Z INFO [1808/3678] 4a57e2d3-c11e-4c12-9aa5-c74bed4d9c63: does not qualify; 0.9 s; peak memory 7829 MiB.
2026-10-05T06:52:13Z INFO [1809/3678] 4a58a23b-eabd-4480-8386-0f2a06742c3d: does not qualify; 0.8 s; peak memory 7829 MiB.
2026-10-05T06:52:14Z INFO [1810/3678] 4a59d1af-bf00-4ac7-a9ea-f6bdf0ac0de3: does not qualify; 0.9 s; peak memory 7829 MiB.
2026-10-05T06:52:16Z INFO [1811/3678] 4a5ae981-8d5b-48d9-998b-05f3a00e1482: does not qualify; 2.5 s; peak memory 7829 MiB.
2026-10-05T06:52:17Z INFO [1812/3678] 4a5cae65-45b7-41b3-be0a-4b7643945b8e: does not qualify; 1.0 s; peak memory 7829 MiB.
2026-10-05T06:52:18Z INFO [1813/3678] 4a5d4b3f-117b-49e2-8f69-03cddcca97cc: does not qualify; 0.9 s; peak memory 7829 MiB.
2026-10-05T06:52:19Z INFO [1814/3678] 4a5e7871-26a2-49a1-8322-4338fdd78846: does not qualify; 0.6 s; peak memory 7829 MiB.
2026-10-05T06:52:19Z INFO [1815/3678] 4a5f311a-8eed-4731-b94b-27c54697b55f: does not qualify; 0.6 s; peak memory 7829 MiB.
2026-10-05T06:52:20Z INFO [1816/3678] 4a61c776-b474-40a6-8247-37c49c2ae14e: does not qualify; 0.8 s; peak memory 7829 MiB.
2026-10-05T06:52:22Z INFO [1817/3678] 4a623d3d-4459-49f7-9f5c-e786793edb64: does not qualify; 1.4 s; peak memory 7829 MiB.
2026-10-05T06:52:22Z INFO [1818/3678] 4a624194-b5b7-4bcd-8ef0-273574541d92: does not qualify; 0.8 s; peak memory 7829 MiB.
2026-10-05T06:52:24Z INFO [1819/3678] 4a627d17-9a2a-47a5-91f4-da62d5f237a9: does not qualify; 1.3 s; peak memory 7829 MiB.
2026-10-05T06:52:24Z INFO [1820/3678] 4a63bc82-beb9-400a-b354-e32ce21aeef6: does not qualify; 0.4 s; peak memory 7829 MiB.
2026-10-05T06:52:25Z INFO [1821/3678] 4a6444be-86d0-49ee-be23-065d0d2d58a2: does not qualify; 0.8 s; peak memory 7829 MiB.
2026-10-05T06:52:25Z INFO [1822/3678] 4a65949a-1a41-4f04-ba1f-4632dcf477dc: does not qualify; 0.5 s; peak memory 7829 MiB.
2026-10-05T06:52:41Z INFO [1823/3678] 4a65965f-c303-4471-ad82-cbdded7d8849: does not qualify; 15.6 s; peak memory 7829 MiB.
2026-10-05T06:52:42Z INFO [1824/3678] 4a6599fe-d2c2-493d-841e-8ddb02985b45: does not qualify; 1.1 s; peak memory 7829 MiB.
2026-10-05T06:52:43Z INFO [1825/3678] 4a65e811-069e-448d-b077-94f4fefa977b: does not qualify; 0.8 s; peak memory 7829 MiB.
2026-10-05T06:52:44Z INFO [1826/3678] 4a660134-dc27-4321-9282-c03a2371a76a: does not qualify; 0.8 s; peak memory 7829 MiB.
2026-10-05T06:52:44Z INFO [1827/3678] 4a661c94-f4f2-4bda-a791-f164e6badc9a: does not qualify; 0.8 s; peak memory 7829 MiB.
2026-10-05T06:52:45Z INFO [1828/3678] 4a6633b7-98e5-471e-9e5d-06cc5b23672d: does not qualify; 0.8 s; peak memory 7829 MiB.
2026-10-05T06:52:48Z INFO [1829/3678] 4a66ff22-3ead-4138-a700-03d1b44d9dd2: does not qualify; 2.9 s; peak memory 7829 MiB.
2026-10-05T06:52:49Z INFO [1830/3678] 4a672419-26fd-4cf7-90dc-329e3c572216: does not qualify; 0.9 s; peak memory 7829 MiB.
2026-10-05T06:52:50Z INFO [1831/3678] 4a67ab06-808a-4c63-a5b7-ad6a8b794d93: does not qualify; 0.8 s; peak memory 7829 MiB.
2026-10-05T06:52:51Z INFO [1832/3678] 4a67e942-66b1-40f6-b26d-aff97403a648: does not qualify; 0.9 s; peak memory 7829 MiB.
2026-10-05T06:52:51Z INFO [1833/3678] 4a67ec25-2b04-4568-92b8-670f5bf2c6b6: does not qualify; 0.7 s; peak memory 7829 MiB.
2026-10-05T06:52:52Z INFO [1834/3678] 4a68803b-33e7-4c54-88cc-dd0608f29992: does not qualify; 0.8 s; peak memory 7829 MiB.
2026-10-05T06:52:53Z INFO [1835/3678] 4a6883e5-0f9f-452d-9450-141bd9c82aa2: does not qualify; 0.9 s; peak memory 7829 MiB.
2026-10-05T06:52:59Z INFO [1836/3678] 4a68be25-92a6-45bb-9247-32bf6aec24bb: does not qualify; 6.1 s; peak memory 7829 MiB.
2026-10-05T06:53:01Z INFO [1837/3678] 4a68ee59-a0fe-42c1-83df-d197722b3e45: does not qualify; 1.7 s; peak memory 7829 MiB.
2026-10-05T06:53:02Z INFO [1838/3678] 4a6931df-f0ad-4131-99a8-e8840c20bc4c: does not qualify; 0.9 s; peak memory 7829 MiB.
2026-10-05T06:53:02Z INFO [1839/3678] 4a6959cd-d0cd-41a9-bb54-485e7fe9df3b: does not qualify; 0.6 s; peak memory 7829 MiB.
2026-10-05T06:53:05Z INFO [1840/3678] 4a697931-dcf7-4e0d-90c6-af11b2c8f6e2: does not qualify; 3.1 s; peak memory 7829 MiB.
2026-10-05T06:53:06Z INFO [1841/3678] 4a69a270-231b-4af8-904d-ed49e0e56d35: does not qualify; 1.0 s; peak memory 7829 MiB.
2026-10-05T06:53:07Z INFO [1842/3678] 4a6a2b0b-4d75-4187-a34d-cd62712b49c6: does not qualify; 0.7 s; peak memory 7829 MiB.
2026-10-05T06:53:08Z INFO [1843/3678] 4a6a42b1-7027-46ec-929f-d0509b3fed37: does not qualify; 0.6 s; peak memory 7829 MiB.
2026-10-05T06:53:09Z INFO [1844/3678] 4a6ae51e-7a05-4646-a4c9-c27a5d4fad00: does not qualify; 0.8 s; peak memory 7829 MiB.
2026-10-05T06:53:10Z INFO [1845/3678] 4a6b9a84-3e7d-4670-aee3-0940e482a953: does not qualify; 0.9 s; peak memory 7829 MiB.
2026-10-05T06:53:11Z INFO [1846/3678] 4a6bde63-6feb-47f3-8360-5c63d9c2fcdd: does not qualify; 1.1 s; peak memory 7829 MiB.
2026-10-05T06:53:18Z INFO [1847/3678] 4a6be9ac-c225-4d16-a51c-2ac85245c30c: does not qualify; 7.3 s; peak memory 7829 MiB.
2026-10-05T06:53:18Z INFO [1848/3678] 4a6c4b1e-7327-4fc4-bc02-53c8681ba266: does not qualify; 0.5 s; peak memory 7829 MiB.
2026-10-05T06:53:19Z INFO [1849/3678] 4a6cc5d4-6427-4439-974c-d924e416086a: does not qualify; 0.8 s; peak memory 7829 MiB.
2026-10-05T06:53:20Z INFO [1850/3678] 4a6d0d67-7958-4acd-ac97-77b56d37e801: does not qualify; 0.9 s; peak memory 7829 MiB.
2026-10-05T06:53:20Z INFO [1850/3678] 4a6d0d67-7958-4acd-ac97-77b56d37e801: checkpointed 64315 records.
2026-10-05T06:53:21Z INFO [1851/3678] 4a6d8041-011b-46e3-a92a-ec9fd70c7c50: does not qualify; 0.5 s; peak memory 7829 MiB.
2026-10-05T06:53:22Z INFO [1852/3678] 4a6d915c-4c1e-42bb-a769-d43d8d5f2e1d: does not qualify; 0.8 s; peak memory 7829 MiB.
2026-10-05T06:53:23Z INFO [1853/3678] 4a6e5e97-b408-4422-8e29-4f2fccd496c2: does not qualify; 0.9 s; peak memory 7829 MiB.
2026-10-05T06:53:25Z INFO [1854/3678] 4a70e372-1c39-4e9a-8225-572d4e12582a: does not qualify; 2.5 s; peak memory 7829 MiB.
2026-10-05T06:53:26Z INFO [1855/3678] 4a70ea1a-ccbd-4440-b31e-37b70fa6cba3: does not qualify; 0.7 s; peak memory 7829 MiB.
2026-10-05T06:53:26Z INFO [1856/3678] 4a70f417-ba9a-42fd-ab4d-8d300cd155ae: does not qualify; 0.4 s; peak memory 7829 MiB.
2026-10-05T06:53:27Z INFO [1857/3678] 4a711be0-d09f-4963-b9f3-7994888e8e0f: does not qualify; 1.0 s; peak memory 7829 MiB.
2026-10-05T06:53:28Z INFO [1858/3678] 4a714b4b-f776-4644-9d46-3dfc3ee24ceb: does not qualify; 0.8 s; peak memory 7829 MiB.
2026-10-05T06:53:29Z INFO [1859/3678] 4a715721-d2ef-40b6-bc41-173315dbdf6e: does not qualify; 0.9 s; peak memory 7829 MiB.
2026-10-05T06:53:30Z INFO [1860/3678] 4a722172-a222-43d3-9d10-9fa4e019eaba: does not qualify; 0.7 s; peak memory 7829 MiB.
2026-10-05T06:53:30Z INFO [1861/3678] 4a722644-d896-448e-bc0c-614be59abbaa: does not qualify; 0.6 s; peak memory 7829 MiB.
2026-10-05T06:53:31Z INFO [1862/3678] 4a727a59-e50e-4504-904b-3ffe7888c061: does not qualify; 0.9 s; peak memory 7829 MiB.
2026-10-05T06:53:36Z INFO [1863/3678] 4a73a786-d209-4386-bdcc-53623f5e5da9: does not qualify; 4.8 s; peak memory 7829 MiB.
2026-10-05T06:53:37Z INFO [1864/3678] 4a73f863-0c81-4b7c-bc96-06b64694469f: does not qualify; 0.9 s; peak memory 7829 MiB.
2026-10-05T06:53:41Z INFO [1865/3678] 4a749c68-cc29-453d-a4f3-925f2a88aa74: does not qualify; 4.1 s; peak memory 7829 MiB.
2026-10-05T06:53:41Z INFO [1866/3678] 4a74ca23-accf-4fb9-bb3e-f19823522ab8: does not qualify; 0.4 s; peak memory 7829 MiB.
2026-10-05T06:53:42Z INFO [1867/3678] 4a74f70e-da6e-4ce7-9204-545d9aa0f789: does not qualify; 0.7 s; peak memory 7829 MiB.
2026-10-05T06:53:43Z INFO [1868/3678] 4a75e0db-01b7-497b-98ae-9c551d5fdc2d: does not qualify; 0.7 s; peak memory 7829 MiB.
2026-10-05T06:53:46Z INFO [1869/3678] 4a7606b9-b180-4732-a872-d9782387b609: does not qualify; 3.1 s; peak memory 7829 MiB.
2026-10-05T06:53:46Z INFO [1870/3678] 4a76a02b-6eea-4578-8b77-40199ec39b47: does not qualify; 0.6 s; peak memory 7829 MiB.
2026-10-05T06:53:47Z INFO [1871/3678] 4a774d65-2081-4850-bee3-e149ffeb2ce1: does not qualify; 0.9 s; peak memory 7829 MiB.
2026-10-05T06:53:49Z INFO [1872/3678] 4a7787ab-66cf-4f8a-91d9-21cbaaf71df6: does not qualify; 1.3 s; peak memory 7829 MiB.
2026-10-05T06:53:51Z INFO [1873/3678] 4a77d4f7-b27f-480e-a150-f98d3a79e661: does not qualify; 1.9 s; peak memory 7829 MiB.
2026-10-05T06:53:52Z INFO [1874/3678] 4a77fd0c-bb89-4d24-815f-4f2de37a5eab: does not qualify; 1.0 s; peak memory 7829 MiB.
2026-10-05T06:53:53Z INFO [1875/3678] 4a78b2b4-d99d-4736-a672-1a6d423c48c3: does not qualify; 0.9 s; peak memory 7829 MiB.
2026-10-05T06:53:54Z INFO [1876/3678] 4a78ce4d-47c2-4019-943e-b34873deaf5f: does not qualify; 1.4 s; peak memory 7829 MiB.
2026-10-05T06:53:55Z INFO [1877/3678] 4a78ea5a-81b8-4dad-9aa0-276163a9e12d: does not qualify; 1.5 s; peak memory 7829 MiB.
2026-10-05T06:53:56Z INFO [1878/3678] 4a7967a3-e389-424d-a3a9-940ffc4636d1: does not qualify; 0.9 s; peak memory 7829 MiB.
2026-10-05T06:53:57Z INFO [1879/3678] 4a797151-2fd5-44a2-826b-15528bf99f86: does not qualify; 0.8 s; peak memory 7829 MiB.
2026-10-05T06:54:01Z INFO [1880/3678] 4a7a5962-dab9-4a36-a16d-7ca90cc7e580: qualifies; 4.3 s; peak memory 7829 MiB.
2026-10-05T06:54:02Z INFO [1881/3678] 4a7abaf9-52f2-4865-803e-23f710570703: does not qualify; 0.6 s; peak memory 7829 MiB.
2026-10-05T06:54:03Z INFO [1882/3678] 4a7ac72b-1a24-4d72-8867-b1b60be5a0a7: does not qualify; 1.0 s; peak memory 7829 MiB.
2026-10-05T06:54:04Z INFO [1883/3678] 4a7b5b5a-65c5-456b-93e9-291b4941af4c: does not qualify; 1.3 s; peak memory 7829 MiB.
2026-10-05T06:54:05Z INFO [1884/3678] 4a7c1752-91ab-411b-9045-9b7203251550: does not qualify; 0.7 s; peak memory 7829 MiB.
2026-10-05T06:54:06Z INFO [1885/3678] 4a7c705d-8c5b-4c4a-83c2-419edabca43f: does not qualify; 1.0 s; peak memory 7829 MiB.
2026-10-05T06:54:10Z INFO [1886/3678] 4a7c90f6-edc5-4c0b-8e8a-d2d9d751ab8b: does not qualify; 4.1 s; peak memory 7829 MiB.
2026-10-05T06:54:11Z INFO [1887/3678] 4a7ccb31-3276-4f74-9e1d-faf23fd9006c: does not qualify; 0.8 s; peak memory 7829 MiB.
2026-10-05T06:54:11Z INFO [1888/3678] 4a7f8163-f10f-491b-8759-59a23b8976c8: does not qualify; 0.7 s; peak memory 7829 MiB.
2026-10-05T06:54:12Z INFO [1889/3678] 4a80789c-882c-40c2-af44-648dc689d4f7: does not qualify; 0.7 s; peak memory 7829 MiB.
2026-10-05T06:54:13Z INFO [1890/3678] 4a80c8dc-1512-4765-959b-5bbe80febed4: does not qualify; 0.9 s; peak memory 7829 MiB.
2026-10-05T06:54:15Z INFO [1891/3678] 4a80d00a-5e0d-4ac2-9adf-ec23d70dbced: does not qualify; 1.8 s; peak memory 7829 MiB.
2026-10-05T06:54:16Z INFO [1892/3678] 4a81564b-bae1-4364-a55c-ebc612408745: does not qualify; 0.5 s; peak memory 7829 MiB.
2026-10-05T06:54:20Z INFO [1893/3678] 4a818c5b-f3d3-4dab-8c7e-fe7f191ab2e0: does not qualify; 4.0 s; peak memory 7829 MiB.
2026-10-05T06:54:23Z INFO [1894/3678] 4a823de9-df9e-4561-aa0a-95812cfa4e0c: does not qualify; 3.5 s; peak memory 7829 MiB.
2026-10-05T06:54:24Z INFO [1895/3678] 4a824703-f7f9-4221-b8a4-53d3b95f94e9: does not qualify; 0.5 s; peak memory 7829 MiB.
2026-10-05T06:54:24Z INFO [1896/3678] 4a82dd03-5242-4230-9f8f-3f21b53ab883: does not qualify; 0.8 s; peak memory 7829 MiB.
2026-10-05T06:54:32Z INFO [1897/3678] 4a833462-f411-46d4-ad6b-cd67391170a3: does not qualify; 7.4 s; peak memory 7829 MiB.
2026-10-05T06:54:33Z INFO [1898/3678] 4a835a33-5a23-4cf7-a151-5a9f1cb1e048: does not qualify; 0.9 s; peak memory 7829 MiB.
2026-10-05T06:54:34Z INFO [1899/3678] 4a8374d0-62c0-4d32-9453-2fe26a78e773: does not qualify; 0.9 s; peak memory 7829 MiB.
2026-10-05T06:54:34Z INFO [1900/3678] 4a83d840-be2e-4cc9-909c-24a25c94b32b: does not qualify; 0.5 s; peak memory 7829 MiB.
2026-10-05T06:54:34Z INFO [1900/3678] 4a83d840-be2e-4cc9-909c-24a25c94b32b: checkpointed 64365 records.
2026-10-05T06:54:35Z INFO [1901/3678] 4a83da77-b628-44fa-a57e-0984c51bcb9a: does not qualify; 1.0 s; peak memory 7829 MiB.
2026-10-05T06:54:36Z INFO [1902/3678] 4a85121c-5775-42fc-a4cf-d4cce4b535aa: does not qualify; 0.6 s; peak memory 7829 MiB.
2026-10-05T06:54:37Z INFO [1903/3678] 4a858e12-5fa3-4947-b336-459eb5f76bc2: does not qualify; 0.9 s; peak memory 7829 MiB.
2026-10-05T06:54:37Z INFO [1904/3678] 4a862b0c-9270-4048-ac22-9f00e92fc721: does not qualify; 0.4 s; peak memory 7829 MiB.
2026-10-05T06:54:40Z INFO [1905/3678] 4a863cb7-e22c-4faa-825a-c894770d4fab: does not qualify; 2.4 s; peak memory 7829 MiB.
2026-10-05T06:54:40Z INFO [1906/3678] 4a869a25-e5f7-4ddc-887b-d480ebfe017d: does not qualify; 0.8 s; peak memory 7829 MiB.
2026-10-05T06:54:41Z INFO [1907/3678] 4a86c8bf-0fed-459e-b848-f145b9a7366c: does not qualify; 0.9 s; peak memory 7829 MiB.
2026-10-05T06:54:42Z INFO [1908/3678] 4a871b72-e0ef-45c9-a7b4-adb490bfc7e9: does not qualify; 0.9 s; peak memory 7829 MiB.
2026-10-05T06:54:46Z INFO [1909/3678] 4a8772d1-341c-4244-b5fa-ab049670fbfb: does not qualify; 3.8 s; peak memory 7829 MiB.
2026-10-05T06:54:47Z INFO [1910/3678] 4a87a881-9402-4978-b85e-7b229a50f5d3: does not qualify; 0.5 s; peak memory 7829 MiB.
2026-10-05T06:54:48Z INFO [1911/3678] 4a87e7e9-6fb4-4f58-8140-43203f746d1f: does not qualify; 1.2 s; peak memory 7829 MiB.
2026-10-05T06:54:49Z INFO [1912/3678] 4a88068e-1cce-4383-b836-826bcec0e6e7: does not qualify; 0.7 s; peak memory 7829 MiB.
2026-10-05T06:54:50Z INFO [1913/3678] 4a8a3722-940a-4e46-a018-5734136515c1: does not qualify; 1.1 s; peak memory 7829 MiB.
2026-10-05T06:54:51Z INFO [1914/3678] 4a8ab8cd-6a9d-4f05-9cd7-504924693583: does not qualify; 1.0 s; peak memory 7829 MiB.
2026-10-05T06:54:51Z INFO [1915/3678] 4a8b28bd-2ef5-483a-8d00-320d2ddddaeb: does not qualify; 0.6 s; peak memory 7829 MiB.
2026-10-05T06:54:52Z INFO [1916/3678] 4a8bee3b-3e0c-46a1-b5dc-a05e24bb4d34: does not qualify; 0.9 s; peak memory 7829 MiB.
2026-10-05T06:54:57Z INFO [1917/3678] 4a8c20bf-a08f-4b28-bf2b-749fd92715e1: does not qualify; 4.9 s; peak memory 7829 MiB.
2026-10-05T06:54:58Z INFO [1918/3678] 4a8c29f4-61df-437b-bb8d-71932ae8e86b: does not qualify; 0.8 s; peak memory 7829 MiB.
2026-10-05T06:54:59Z INFO [1919/3678] 4a8c47fc-22b9-4650-9619-af0fc328912b: does not qualify; 0.8 s; peak memory 7829 MiB.
2026-10-05T06:55:00Z INFO [1920/3678] 4a8d3bac-a074-4a38-9525-cc0c96034371: does not qualify; 0.8 s; peak memory 7829 MiB.
2026-10-05T06:55:01Z INFO [1921/3678] 4a8db21d-98ed-4987-a41b-b585e3b7f360: does not qualify; 1.4 s; peak memory 7829 MiB.
2026-10-05T06:55:05Z INFO [1922/3678] 4a8e1a2d-5f9b-4b89-abcf-33a72156b003: does not qualify; 3.6 s; peak memory 7829 MiB.
2026-10-05T06:55:05Z INFO [1923/3678] 4a8e2629-538c-4558-9de4-1f2cf598add0: does not qualify; 0.7 s; peak memory 7829 MiB.
2026-10-05T06:55:06Z INFO [1924/3678] 4a8f6267-6e51-429d-a9c7-0f90d4731447: does not qualify; 0.9 s; peak memory 7829 MiB.
2026-10-05T06:55:10Z INFO [1925/3678] 4a900b8a-ba5c-473a-84e6-2bb104d077e4: does not qualify; 3.8 s; peak memory 7829 MiB.
2026-10-05T06:55:14Z INFO [1926/3678] 4a9015f2-ddae-42ed-9763-6cf9840d2767: does not qualify; 4.1 s; peak memory 7829 MiB.
2026-10-05T06:55:21Z INFO [1927/3678] 4a90420d-da4b-47b0-9cba-24e34a73eb20: does not qualify; 7.0 s; peak memory 7829 MiB.
2026-10-05T06:55:22Z INFO [1928/3678] 4a9139b1-d8d8-4c86-85df-baaf20797990: does not qualify; 0.8 s; peak memory 7829 MiB.
2026-10-05T06:55:26Z INFO [1929/3678] 4a9187ed-67be-4901-a60f-23984cb4d119: does not qualify; 4.2 s; peak memory 7829 MiB.
2026-10-05T06:55:27Z INFO [1930/3678] 4a919f1f-fea4-4973-8720-43628537f573: does not qualify; 0.6 s; peak memory 7829 MiB.
2026-10-05T06:55:29Z INFO [1931/3678] 4a936255-2ccc-41e4-ae0e-2d36818e4dff: does not qualify; 1.8 s; peak memory 7829 MiB.
2026-10-05T06:55:29Z INFO [1932/3678] 4a93cbeb-d2ad-4660-b3ec-ba0afc0753a7: does not qualify; 0.8 s; peak memory 7829 MiB.
2026-10-05T06:55:31Z INFO [1933/3678] 4a948476-7da7-48d6-a1b1-412e765d4e82: does not qualify; 1.4 s; peak memory 7829 MiB.
2026-10-05T06:55:32Z INFO [1934/3678] 4a94a3d4-7340-422a-9480-e70a2a6aa6ac: does not qualify; 0.9 s; peak memory 7829 MiB.
2026-10-05T06:55:32Z INFO [1935/3678] 4a953b01-c369-4c9e-b225-2882916dec78: does not qualify; 0.4 s; peak memory 7829 MiB.
2026-10-05T06:55:33Z INFO [1936/3678] 4a957925-461c-4497-a78d-3654a35171a3: does not qualify; 0.5 s; peak memory 7829 MiB.
2026-10-05T06:55:33Z INFO [1937/3678] 4a96ea72-6b07-4af6-a5df-5fbfc3c2c62f: does not qualify; 0.7 s; peak memory 7829 MiB.
2026-10-05T06:55:34Z INFO [1938/3678] 4a970f71-5d9d-4306-911a-9ed144a20bf2: does not qualify; 0.9 s; peak memory 7829 MiB.
2026-10-05T06:55:35Z INFO [1939/3678] 4a9739f1-26ea-4975-8a8a-9cf6ff54064f: does not qualify; 1.0 s; peak memory 7829 MiB.
2026-10-05T06:55:40Z INFO [1940/3678] 4a97a96f-a112-4005-b20f-d0533663ef64: does not qualify; 4.9 s; peak memory 7829 MiB.
2026-10-05T06:55:41Z INFO [1941/3678] 4a97b075-8785-4e21-b48f-cc4a605c32bf: does not qualify; 0.6 s; peak memory 7829 MiB.
2026-10-05T06:55:41Z INFO [1942/3678] 4a98384e-3481-4aba-80ba-da856333ee5e: does not qualify; 0.7 s; peak memory 7829 MiB.
2026-10-05T06:55:42Z INFO [1943/3678] 4a987e86-d51d-43a3-b14d-1ab699c044bd: does not qualify; 0.8 s; peak memory 7829 MiB.
2026-10-05T06:55:44Z INFO [1944/3678] 4a98b037-849e-4311-b452-50233b3411a3: does not qualify; 2.2 s; peak memory 7829 MiB.
2026-10-05T06:55:45Z INFO [1945/3678] 4a99595c-5d40-4a3d-9514-b5bb5f197f96: does not qualify; 0.8 s; peak memory 7829 MiB.
2026-10-05T06:55:46Z INFO [1946/3678] 4a9a25b7-35ee-4e59-ab59-082036529c57: does not qualify; 1.0 s; peak memory 7829 MiB.
2026-10-05T06:55:47Z INFO [1947/3678] 4a9a474e-e2f1-4242-9fee-4963bb515ffa: does not qualify; 0.6 s; peak memory 7829 MiB.
2026-10-05T06:55:48Z INFO [1948/3678] 4a9af207-1530-4d99-9fc8-6f99a9ba94b0: does not qualify; 0.8 s; peak memory 7829 MiB.
2026-10-05T06:55:48Z INFO [1949/3678] 4a9ca903-fe31-4d8c-b52a-7af454bcad1c: does not qualify; 0.6 s; peak memory 7829 MiB.
2026-10-05T06:55:49Z INFO [1950/3678] 4a9cd0bb-73da-4d87-bf31-83cd288520ce: does not qualify; 0.6 s; peak memory 7829 MiB.
2026-10-05T06:55:49Z INFO [1950/3678] 4a9cd0bb-73da-4d87-bf31-83cd288520ce: checkpointed 64415 records.
2026-10-05T06:56:08Z INFO [1951/3678] 4a9d3c18-e893-44c8-8d21-49f3433d6b9c: does not qualify; 19.6 s; peak memory 7829 MiB.
2026-10-05T06:56:10Z INFO [1952/3678] 4a9e0059-649d-4b8e-82a1-b5efa48185a2: does not qualify; 1.8 s; peak memory 7829 MiB.
2026-10-05T06:56:11Z INFO [1953/3678] 4a9e73dc-70d6-4fd6-86d3-1415c179f5a1: does not qualify; 0.5 s; peak memory 7829 MiB.
2026-10-05T06:56:12Z INFO [1954/3678] 4aa02b9a-601b-4648-8d20-45198614e248: does not qualify; 1.1 s; peak memory 7829 MiB.
2026-10-05T06:56:13Z INFO [1955/3678] 4aa058b6-4ddf-4996-8173-b6c75751e942: does not qualify; 1.3 s; peak memory 7829 MiB.
2026-10-05T06:56:14Z INFO [1956/3678] 4aa05ea3-d724-4897-8534-8ee7cbb8352b: does not qualify; 0.7 s; peak memory 7829 MiB.
2026-10-05T06:56:17Z INFO [1957/3678] 4aa0c4ea-b677-47c3-9a4f-182cb8877129: does not qualify; 3.2 s; peak memory 7829 MiB.
2026-10-05T06:56:18Z INFO [1958/3678] 4aa0e587-0fbb-43e7-a5bf-75e23f8b09f3: does not qualify; 1.4 s; peak memory 7829 MiB.
2026-10-05T06:56:19Z INFO [1959/3678] 4aa11ca5-4143-47c1-94c8-eda0f47c22f0: does not qualify; 0.7 s; peak memory 7829 MiB.
2026-10-05T06:56:21Z INFO [1960/3678] 4aa18901-ac57-4b08-8aa4-bb749c6228d4: does not qualify; 2.2 s; peak memory 7829 MiB.
2026-10-05T06:56:22Z INFO [1961/3678] 4aa20bac-3f8c-48cf-8938-dd59f75ce193: does not qualify; 0.7 s; peak memory 7829 MiB.
2026-10-05T06:56:24Z INFO [1962/3678] 4aa2b4d8-ce2f-4607-98c4-7405430f62c8: does not qualify; 1.6 s; peak memory 7829 MiB.
2026-10-05T06:56:27Z INFO [1963/3678] 4aa2f801-5041-4671-8fe1-f7bed93a65ac: does not qualify; 3.6 s; peak memory 7829 MiB.
2026-10-05T06:56:28Z INFO [1964/3678] 4aa3675c-9d82-4c08-9783-e968d6af4dfa: does not qualify; 0.9 s; peak memory 7829 MiB.
2026-10-05T06:56:30Z INFO [1965/3678] 4aa3a134-8922-426c-8794-e76e8199c2bf: does not qualify; 1.6 s; peak memory 7829 MiB.
2026-10-05T06:56:30Z INFO [1966/3678] 4aa5291c-444f-4abb-b4e1-7ccfa5a8d403: does not qualify; 0.8 s; peak memory 7829 MiB.
2026-10-05T06:56:31Z INFO [1967/3678] 4aa578da-19c4-4dc8-91ca-71ed1397afa1: does not qualify; 0.7 s; peak memory 7829 MiB.
2026-10-05T06:56:32Z INFO [1968/3678] 4aa5ef9b-503a-4592-8387-815bb0823f3b: does not qualify; 0.7 s; peak memory 7829 MiB.
2026-10-05T06:56:32Z INFO [1969/3678] 4aa691be-a531-478f-88e4-76f30e706dea: does not qualify; 0.5 s; peak memory 7829 MiB.
2026-10-05T06:56:33Z INFO [1970/3678] 4aa7e3d6-5dd4-4f2b-a39a-dbf47c730e59: does not qualify; 0.5 s; peak memory 7829 MiB.
2026-10-05T06:56:33Z INFO [1971/3678] 4aa7e6f7-49f3-46ae-af4d-28d4e79aec6d: does not qualify; 0.6 s; peak memory 7829 MiB.
2026-10-05T06:56:39Z INFO [1972/3678] 4aa7f920-6427-478e-af67-939a320b36f0: does not qualify; 6.0 s; peak memory 7829 MiB.
2026-10-05T06:56:44Z INFO [1973/3678] 4aa814c6-9b7d-448f-8214-bbca75015dbb: does not qualify; 4.9 s; peak memory 7829 MiB.
2026-10-05T06:56:45Z INFO [1974/3678] 4aa8620e-5424-4a31-8972-b237988055ca: does not qualify; 1.1 s; peak memory 7829 MiB.
2026-10-05T06:56:54Z INFO [1975/3678] 4aa86dee-8029-4a2c-b8d9-d7e7979d4fcc: does not qualify; 8.3 s; peak memory 7829 MiB.
2026-10-05T06:56:54Z INFO [1976/3678] 4aa904ef-85b8-44f0-8b4f-efb6da09e667: does not qualify; 0.6 s; peak memory 7829 MiB.
2026-10-05T06:56:55Z INFO [1977/3678] 4aab2810-1196-48fb-b62c-773c61ca6eab: does not qualify; 0.9 s; peak memory 7829 MiB.
2026-10-05T06:56:56Z INFO [1978/3678] 4aaca9be-339e-4bd5-ab34-73d1f3e7bbc9: does not qualify; 0.8 s; peak memory 7829 MiB.
2026-10-05T06:56:57Z INFO [1979/3678] 4aacb63a-6ed9-490c-8e9d-e7f822a11e46: does not qualify; 0.9 s; peak memory 7829 MiB.
2026-10-05T06:56:57Z INFO [1980/3678] 4aacd629-7eb6-45b9-ae75-c7fde966f27d: does not qualify; 0.4 s; peak memory 7829 MiB.
2026-10-05T06:56:58Z INFO [1981/3678] 4aae37de-59cd-48aa-a460-c9f3dece955c: does not qualify; 0.7 s; peak memory 7829 MiB.
2026-10-05T06:57:02Z INFO [1982/3678] 4aaf7b8a-9ec8-4fd0-b879-acd606ffeb58: does not qualify; 4.3 s; peak memory 7829 MiB.
2026-10-05T06:57:07Z INFO [1983/3678] 4ab18c9a-9def-4a95-888b-e26a539c2f0f: does not qualify; 4.6 s; peak memory 7829 MiB.
2026-10-05T06:57:08Z INFO [1984/3678] 4ab1e3fd-6a17-4e78-a413-6c2c174b990a: does not qualify; 0.9 s; peak memory 7829 MiB.
2026-10-05T06:57:09Z INFO [1985/3678] 4ab35de5-d6db-4d57-9740-d28b8b6354d0: does not qualify; 1.2 s; peak memory 7829 MiB.
2026-10-05T06:57:10Z INFO [1986/3678] 4ab38fab-8e8b-4f5f-8968-6b693cdd9b77: does not qualify; 0.6 s; peak memory 7829 MiB.
2026-10-05T06:57:10Z INFO [1987/3678] 4ab3db3e-5c7f-48a9-ad71-8e087e0fc1ed: does not qualify; 0.8 s; peak memory 7829 MiB.
2026-10-05T06:57:11Z INFO [1988/3678] 4ab40a6e-b997-44d0-9670-d6987e45dc3a: does not qualify; 0.8 s; peak memory 7829 MiB.
2026-10-05T06:57:12Z INFO [1989/3678] 4ab41ec0-f767-4662-8f01-aed322f3544d: does not qualify; 0.8 s; peak memory 7829 MiB.
2026-10-05T06:57:16Z INFO [1990/3678] 4ab4451d-cbc6-49b7-b740-8f7c0f9031a0: does not qualify; 4.1 s; peak memory 7829 MiB.
2026-10-05T06:57:17Z INFO [1991/3678] 4ab46f92-c7df-45ac-a0c9-b4c005273016: does not qualify; 0.7 s; peak memory 7829 MiB.
2026-10-05T06:57:21Z INFO [1992/3678] 4ab48021-c9bd-457f-a16f-3fa110c28965: does not qualify; 4.2 s; peak memory 7829 MiB.
2026-10-05T06:57:22Z INFO [1993/3678] 4ab4859e-4766-4c61-aed7-9ffe89e42485: does not qualify; 0.8 s; peak memory 7829 MiB.
2026-10-05T06:57:23Z INFO [1994/3678] 4ab4b126-a243-450d-9d9c-2d7c71931391: does not qualify; 0.7 s; peak memory 7829 MiB.
2026-10-05T06:57:26Z INFO [1995/3678] 4ab4da17-3ffd-45de-85de-1edac6625ba9: does not qualify; 3.4 s; peak memory 7829 MiB.
2026-10-05T06:57:27Z INFO [1996/3678] 4ab5b3a2-c7f7-4c2a-9b6c-14532ba3c80f: does not qualify; 1.1 s; peak memory 7829 MiB.
2026-10-05T06:57:28Z INFO [1997/3678] 4ab680d2-448b-4964-bca9-2682bb24c079: does not qualify; 0.7 s; peak memory 7829 MiB.
2026-10-05T06:57:28Z INFO [1998/3678] 4ab71e7f-9296-4dc2-8a66-eabe55f1847f: does not qualify; 0.5 s; peak memory 7829 MiB.
2026-10-05T06:57:29Z INFO [1999/3678] 4ab73b94-6e99-41ce-ad18-b15fdbe27655: does not qualify; 0.5 s; peak memory 7829 MiB.
2026-10-05T06:57:30Z INFO [2000/3678] 4ab7505d-c0c1-4e02-b9c3-35ca7462d5ee: does not qualify; 1.2 s; peak memory 7829 MiB.
2026-10-05T06:57:30Z INFO [2000/3678] 4ab7505d-c0c1-4e02-b9c3-35ca7462d5ee: checkpointed 64465 records.
2026-10-05T06:57:31Z INFO [2001/3678] 4ab7608b-66bf-499f-be42-d855ba05238f: does not qualify; 0.7 s; peak memory 7829 MiB.
2026-10-05T06:57:32Z INFO [2002/3678] 4ab785c2-4017-418a-b638-083fe05d056b: does not qualify; 1.0 s; peak memory 7829 MiB.
2026-10-05T06:57:32Z INFO [2003/3678] 4ab789c0-2998-4efd-a75b-8dc84894d719: does not qualify; 0.8 s; peak memory 7829 MiB.
2026-10-05T06:57:34Z INFO [2004/3678] 4ab7e551-c957-4a3a-8320-74fa15359a6a: does not qualify; 1.9 s; peak memory 7829 MiB.
2026-10-05T06:57:36Z INFO [2005/3678] 4ab84225-8f39-470d-b364-c2377d5c6023: does not qualify; 1.4 s; peak memory 7829 MiB.
2026-10-05T06:57:36Z INFO [2006/3678] 4ab979e4-e12f-49e1-b10a-d6a29d440911: does not qualify; 0.9 s; peak memory 7829 MiB.
2026-10-05T06:57:38Z INFO [2007/3678] 4ab9d1dc-9bf2-44bf-a89c-b09368d039bf: does not qualify; 1.1 s; peak memory 7829 MiB.
2026-10-05T06:57:41Z INFO [2008/3678] 4ab9d6e7-0e56-4384-a0cc-f78ce0ba9c89: does not qualify; 3.8 s; peak memory 7829 MiB.
2026-10-05T06:57:42Z INFO [2009/3678] 4ab9da0f-9404-48f1-8d01-3056e77ef89e: does not qualify; 0.8 s; peak memory 7829 MiB.
2026-10-05T06:57:53Z INFO [2010/3678] 4ab9e26a-236a-4318-ad68-e86fbecdf79f: does not qualify; 11.2 s; peak memory 7829 MiB.
2026-10-05T06:57:54Z INFO [2011/3678] 4aba6c80-a06a-46dc-ad09-76646ab6079d: does not qualify; 0.8 s; peak memory 7829 MiB.
2026-10-05T06:57:55Z INFO [2012/3678] 4abab73d-96ea-4b7d-b786-13b230d1e4e7: does not qualify; 0.8 s; peak memory 7829 MiB.
2026-10-05T06:57:56Z INFO [2013/3678] 4abafbc5-b446-45a3-9855-923232c452f3: does not qualify; 1.1 s; peak memory 7829 MiB.
2026-10-05T06:57:57Z INFO [2014/3678] 4abc2aca-446f-4ba2-a7e2-ef7e6b6ce11b: does not qualify; 1.5 s; peak memory 7829 MiB.
2026-10-05T06:57:58Z INFO [2015/3678] 4abd4f83-17d3-47fa-aebd-1b02cdb73a19: does not qualify; 0.8 s; peak memory 7829 MiB.
2026-10-05T06:57:59Z INFO [2016/3678] 4abe3f21-bb09-4beb-ad05-968d1c726a46: does not qualify; 1.1 s; peak memory 7829 MiB.
2026-10-05T06:58:13Z INFO [2017/3678] 4abe9dcf-eaf5-4b0d-97c4-8d190eb89db4: does not qualify; 13.5 s; peak memory 7829 MiB.
2026-10-05T06:58:16Z INFO [2018/3678] 4abee190-be4e-483c-b5e5-69703b45c6b5: does not qualify; 2.9 s; peak memory 7829 MiB.
2026-10-05T06:58:16Z INFO [2019/3678] 4ac05b69-e1e0-485f-ac61-da8dcc876b95: does not qualify; 0.5 s; peak memory 7829 MiB.
2026-10-05T06:58:17Z INFO [2020/3678] 4ac0aea5-ad1f-4df9-913e-12ff40123441: does not qualify; 0.4 s; peak memory 7829 MiB.
2026-10-05T06:58:17Z INFO [2021/3678] 4ac0e11b-0d41-4b1c-9220-5d2d1ea8c4f2: does not qualify; 0.4 s; peak memory 7829 MiB.
2026-10-05T06:58:18Z INFO [2022/3678] 4ac13f31-830f-47ea-a7fe-6d158ee674bb: does not qualify; 0.9 s; peak memory 7829 MiB.
2026-10-05T06:58:19Z INFO [2023/3678] 4ac31acc-fb46-42ca-bbab-c85f2f77a2b2: does not qualify; 1.0 s; peak memory 7829 MiB.
2026-10-05T06:58:20Z INFO [2024/3678] 4ac3d41d-097c-4849-a1ce-d46fdb95e859: does not qualify; 0.8 s; peak memory 7829 MiB.
2026-10-05T06:58:20Z INFO [2025/3678] 4ac4cc48-5d31-4280-8486-cee14bedfe07: does not qualify; 0.7 s; peak memory 7829 MiB.
2026-10-05T06:58:24Z INFO [2026/3678] 4ac503d4-a61c-4fc1-be38-88feb65c9b96: does not qualify; 4.0 s; peak memory 7829 MiB.
2026-10-05T06:58:25Z INFO [2027/3678] 4ac54966-dd03-467e-9783-7dce8be3836e: does not qualify; 0.4 s; peak memory 7829 MiB.
2026-10-05T06:58:25Z INFO [2028/3678] 4ac5bf1a-0bad-442d-8c8a-5330b8ef1cce: does not qualify; 0.4 s; peak memory 7829 MiB.
2026-10-05T06:58:26Z INFO [2029/3678] 4ac64d2f-b95b-46fb-b026-724686d7ac91: does not qualify; 0.4 s; peak memory 7829 MiB.
2026-10-05T06:58:32Z INFO [2030/3678] 4ac6bb5f-0c12-4563-a821-a300d0c02a6d: does not qualify; 6.2 s; peak memory 7829 MiB.
2026-10-05T06:58:33Z INFO [2031/3678] 4ac6ea87-ac7e-4c49-a3c8-c3aaeff98c38: does not qualify; 0.8 s; peak memory 7829 MiB.
2026-10-05T06:58:33Z INFO [2032/3678] 4ac889d3-4567-4c3b-9b16-c6dde74baab5: does not qualify; 0.4 s; peak memory 7829 MiB.
2026-10-05T06:58:35Z INFO [2033/3678] 4ac90035-b8cd-4bc4-8cef-8fd7a44d1e37: does not qualify; 1.4 s; peak memory 7829 MiB.
2026-10-05T06:58:35Z INFO [2034/3678] 4ac90bc4-d34b-4476-9528-9fe6c60b2890: does not qualify; 0.9 s; peak memory 7829 MiB.
2026-10-05T06:58:43Z INFO [2035/3678] 4aca9c39-e9bc-4cf3-9d97-34ca3167c371: does not qualify; 7.5 s; peak memory 7829 MiB.
2026-10-05T06:58:44Z INFO [2036/3678] 4acad272-ff49-4f29-966d-9be6c8ea4a31: does not qualify; 0.8 s; peak memory 7829 MiB.
2026-10-05T06:58:50Z INFO [2037/3678] 4acb63cb-2123-4335-8f4b-45919288f66f: does not qualify; 6.3 s; peak memory 7829 MiB.
2026-10-05T06:58:51Z INFO [2038/3678] 4acc76a5-9508-434d-b65e-ffa8158c6981: does not qualify; 0.8 s; peak memory 7829 MiB.
2026-10-05T06:58:52Z INFO [2039/3678] 4acd26eb-06ff-47cc-ad66-67a362f3ac4f: qualifies; 1.1 s; peak memory 7829 MiB.
2026-10-05T06:58:52Z INFO [2040/3678] 4ace5518-98ad-4f9c-afed-c6dd3511bcdd: does not qualify; 0.4 s; peak memory 7829 MiB.
2026-10-05T06:58:53Z INFO [2041/3678] 4acea719-cd42-4935-9696-2bed83f34ea6: does not qualify; 0.6 s; peak memory 7829 MiB.
2026-10-05T06:58:54Z INFO [2042/3678] 4acececd-7afc-4340-a73c-61f4c3a048b8: does not qualify; 0.8 s; peak memory 7829 MiB.
2026-10-05T06:58:55Z INFO [2043/3678] 4acf0949-37ad-4048-a777-86baab8aa356: does not qualify; 0.8 s; peak memory 7829 MiB.
2026-10-05T06:58:55Z INFO [2044/3678] 4acf394f-7b00-482d-8fe5-271859cb0229: does not qualify; 0.6 s; peak memory 7829 MiB.
2026-10-05T06:58:56Z INFO [2045/3678] 4acf594c-c84a-4032-be54-9769f0555e39: does not qualify; 0.5 s; peak memory 7829 MiB.
2026-10-05T06:58:58Z INFO [2046/3678] 4acf992d-4b6a-4a88-81c2-81461bd497d2: does not qualify; 1.9 s; peak memory 7829 MiB.
2026-10-05T06:58:58Z INFO [2047/3678] 4ad03463-a688-4ac4-9ebe-166a6b21cc2b: does not qualify; 0.5 s; peak memory 7829 MiB.
2026-10-05T06:58:59Z INFO [2048/3678] 4ad157b3-5f50-4902-b7bb-f203a2998d1f: does not qualify; 0.6 s; peak memory 7829 MiB.
2026-10-05T06:59:00Z INFO [2049/3678] 4ad1dba7-a187-4362-ad73-11d36d67c0a2: does not qualify; 1.1 s; peak memory 7829 MiB.
2026-10-05T06:59:01Z INFO [2050/3678] 4ad22a00-bc86-470a-a2a9-3de95b15af08: does not qualify; 0.6 s; peak memory 7829 MiB.
2026-10-05T06:59:01Z INFO [2050/3678] 4ad22a00-bc86-470a-a2a9-3de95b15af08: checkpointed 64515 records.
2026-10-05T06:59:02Z INFO [2051/3678] 4ad33261-b28d-43f9-83bc-a07122fb9c5e: does not qualify; 0.8 s; peak memory 7829 MiB.
2026-10-05T06:59:02Z INFO [2052/3678] 4ad46223-ac1f-41ae-8b37-dcf75bff5f07: does not qualify; 0.8 s; peak memory 7829 MiB.
2026-10-05T06:59:06Z INFO [2053/3678] 4ad4c559-9023-47b1-9fce-81fc50f53ba9: does not qualify; 3.8 s; peak memory 7829 MiB.
2026-10-05T06:59:07Z INFO [2054/3678] 4ad58783-04cc-4d95-91be-efd64ac581fa: does not qualify; 0.8 s; peak memory 7829 MiB.
2026-10-05T06:59:08Z INFO [2055/3678] 4ad58f1f-ccb7-4555-8ab6-6b20231f7985: does not qualify; 1.3 s; peak memory 7829 MiB.
2026-10-05T06:59:09Z INFO [2056/3678] 4ad59d5a-d190-4439-b859-9ccd6ab655da: does not qualify; 0.7 s; peak memory 7829 MiB.
2026-10-05T06:59:09Z INFO [2057/3678] 4ad5cb26-23a4-4b6c-aad4-a8b5c3610043: does not qualify; 0.6 s; peak memory 7829 MiB.
2026-10-05T06:59:10Z INFO [2058/3678] 4ad5e72a-744e-4334-9ed6-e2c657b33b2b: does not qualify; 0.8 s; peak memory 7829 MiB.
2026-10-05T06:59:11Z INFO [2059/3678] 4ad5f068-7e1e-45d3-b9db-cb74da875506: does not qualify; 0.6 s; peak memory 7829 MiB.
2026-10-05T06:59:13Z INFO [2060/3678] 4ad617fe-8c49-435d-b7b0-57456a4d0449: does not qualify; 1.7 s; peak memory 7829 MiB.
2026-10-05T06:59:13Z INFO [2061/3678] 4ad69433-5f12-49b5-a4df-42c2b6673c33: does not qualify; 0.9 s; peak memory 7829 MiB.
2026-10-05T06:59:15Z INFO [2062/3678] 4ad7040c-aaf1-4e0c-891a-51986d06355d: does not qualify; 1.5 s; peak memory 7829 MiB.
2026-10-05T06:59:16Z INFO [2063/3678] 4ad70d99-0680-48c7-89cf-be1381274795: does not qualify; 0.7 s; peak memory 7829 MiB.
2026-10-05T06:59:18Z INFO [2064/3678] 4ad76d57-ec2c-4129-8010-ff84af7b5547: does not qualify; 2.4 s; peak memory 7829 MiB.
2026-10-05T06:59:19Z INFO [2065/3678] 4ad874ea-2f02-4d86-ae72-09a5170540b6: does not qualify; 0.9 s; peak memory 7829 MiB.
2026-10-05T06:59:20Z INFO [2066/3678] 4ad8b93d-a8cc-4061-b209-f20a279faee2: does not qualify; 1.2 s; peak memory 7829 MiB.
2026-10-05T06:59:21Z INFO [2067/3678] 4ad9142a-475a-40d1-83fe-3c4f1e22c4c9: does not qualify; 0.8 s; peak memory 7829 MiB.
2026-10-05T06:59:22Z INFO [2068/3678] 4ad969d3-8347-4cf5-854b-fc7b4c4a1d69: does not qualify; 0.8 s; peak memory 7829 MiB.
2026-10-05T06:59:23Z INFO [2069/3678] 4ada1122-0df2-4960-81d1-b9cc77f19af6: does not qualify; 0.8 s; peak memory 7829 MiB.
2026-10-05T06:59:27Z INFO [2070/3678] 4ada7d3a-3fbc-443c-b4ce-6e507ceecf57: does not qualify; 4.6 s; peak memory 7829 MiB.
2026-10-05T06:59:28Z INFO [2071/3678] 4adac714-791a-45a1-82f3-9e22dacbe790: does not qualify; 1.1 s; peak memory 7829 MiB.
2026-10-05T06:59:31Z INFO [2072/3678] 4adb34fc-ff3b-45a0-8725-3e64b7b69145: does not qualify; 3.1 s; peak memory 7829 MiB.
2026-10-05T06:59:32Z INFO [2073/3678] 4adc098a-ddba-42c2-ae90-a2d5d1d4136d: does not qualify; 0.5 s; peak memory 7829 MiB.
2026-10-05T06:59:33Z INFO [2074/3678] 4adc2467-f89a-4195-a7a6-433ee953c117: does not qualify; 0.8 s; peak memory 7829 MiB.
2026-10-05T06:59:34Z INFO [2075/3678] 4ade7e62-24f3-45f6-8361-4953f5ae82e7: does not qualify; 1.4 s; peak memory 7829 MiB.
2026-10-05T06:59:34Z INFO [2076/3678] 4adf72d5-4f83-4d2a-8174-141d82604617: does not qualify; 0.5 s; peak memory 7829 MiB.
2026-10-05T06:59:38Z INFO [2077/3678] 4ae007de-cc83-4878-8475-4c6437c52011: does not qualify; 3.8 s; peak memory 7829 MiB.
2026-10-05T06:59:39Z INFO [2078/3678] 4ae0d085-8f6e-47e2-a227-c2f953cebcc0: does not qualify; 0.8 s; peak memory 7829 MiB.
2026-10-05T06:59:43Z INFO [2079/3678] 4ae1d366-fbfb-4570-af2c-1973f6fcce42: does not qualify; 3.6 s; peak memory 7829 MiB.
2026-10-05T06:59:44Z INFO [2080/3678] 4ae22551-8fca-4b31-87dc-b31d0cd8f7ba: does not qualify; 0.9 s; peak memory 7829 MiB.
2026-10-05T06:59:44Z INFO [2081/3678] 4ae23b17-f217-4892-a1cb-8425155b9aee: does not qualify; 0.5 s; peak memory 7829 MiB.
2026-10-05T06:59:45Z INFO [2082/3678] 4ae4030e-2b2d-430b-bd46-3e7d615f4f35: does not qualify; 0.7 s; peak memory 7829 MiB.
2026-10-05T06:59:46Z INFO [2083/3678] 4ae439de-379e-4263-99cc-b776ac3769ca: does not qualify; 1.3 s; peak memory 7829 MiB.
2026-10-05T06:59:47Z INFO [2084/3678] 4ae4c80a-1624-4b58-9291-1c583fe10c72: does not qualify; 0.7 s; peak memory 7829 MiB.
2026-10-05T06:59:48Z INFO [2085/3678] 4ae5876b-382c-46f0-afe7-cb24319d30cd: does not qualify; 0.9 s; peak memory 7829 MiB.
2026-10-05T06:59:53Z INFO [2086/3678] 4ae64fb3-0f6c-4825-af45-4357e07732c0: does not qualify; 5.1 s; peak memory 7829 MiB.
2026-10-05T07:00:02Z INFO [2087/3678] 4ae7252c-30a0-446f-ae6b-74693aa9f55b: does not qualify; 8.7 s; peak memory 7829 MiB.
2026-10-05T07:00:03Z INFO [2088/3678] 4ae7a716-a3a6-4767-9ec1-4db859deb7bd: does not qualify; 1.2 s; peak memory 7829 MiB.
2026-10-05T07:00:04Z INFO [2089/3678] 4ae9104b-80d7-4288-82ff-f0ebff567284: does not qualify; 0.8 s; peak memory 7829 MiB.
2026-10-05T07:00:05Z INFO [2090/3678] 4ae9209a-5a57-4e23-a965-265172f1fb70: does not qualify; 1.0 s; peak memory 7829 MiB.
2026-10-05T07:00:06Z INFO [2091/3678] 4aea17d0-95d3-4030-a312-6ae61043e816: does not qualify; 1.5 s; peak memory 7829 MiB.
2026-10-05T07:00:08Z INFO [2092/3678] 4aea70a3-3fb3-45fc-a9ff-8a55c0682267: qualifies; 2.1 s; peak memory 7829 MiB.
2026-10-05T07:00:09Z INFO [2093/3678] 4aea7e04-2fca-4aac-bfe4-d8eac9878fee: does not qualify; 1.1 s; peak memory 7829 MiB.
2026-10-05T07:00:11Z INFO [2094/3678] 4aea86d4-5e6c-4011-a68e-2b7e329f77b0: does not qualify; 2.0 s; peak memory 7829 MiB.
2026-10-05T07:00:12Z INFO [2095/3678] 4aeac3ef-fb35-4d07-ba1e-f0d93cb7d6e6: does not qualify; 0.6 s; peak memory 7829 MiB.
2026-10-05T07:00:13Z INFO [2096/3678] 4aeb7f90-6e55-4562-a3d0-22d35efbeec4: does not qualify; 0.8 s; peak memory 7829 MiB.
2026-10-05T07:00:14Z INFO [2097/3678] 4aeb8054-242a-43e6-8451-4a8cdbe1677f: does not qualify; 1.5 s; peak memory 7829 MiB.
2026-10-05T07:00:37Z INFO [2098/3678] 4aeba912-6731-4b7c-b829-40eb0fc6d7fc: does not qualify; 22.6 s; peak memory 7829 MiB.
2026-10-05T07:00:37Z INFO [2099/3678] 4aec7fc0-3b38-4866-81ed-e9da302c1d75: does not qualify; 0.7 s; peak memory 7829 MiB.
2026-10-05T07:00:38Z INFO [2100/3678] 4aecf50a-e3cb-43e6-8e92-a7e1c3cd0ecd: does not qualify; 0.5 s; peak memory 7829 MiB.
2026-10-05T07:00:38Z INFO [2100/3678] 4aecf50a-e3cb-43e6-8e92-a7e1c3cd0ecd: checkpointed 64565 records.
2026-10-05T07:00:42Z INFO [2101/3678] 4aee12e0-1c72-4bc2-b606-1e3d5146011e: does not qualify; 4.2 s; peak memory 7829 MiB.
2026-10-05T07:00:43Z INFO [2102/3678] 4aeea422-a7a4-40b4-922d-9129177791a7: does not qualify; 0.6 s; peak memory 7829 MiB.
2026-10-05T07:00:44Z INFO [2103/3678] 4aef879c-dcef-485e-9434-6786a100359d: does not qualify; 1.1 s; peak memory 7829 MiB.
2026-10-05T07:00:45Z INFO [2104/3678] 4aefaba3-7643-4b8a-8a99-22bb9cd6e297: does not qualify; 0.8 s; peak memory 7829 MiB.
2026-10-05T07:00:49Z INFO [2105/3678] 4af09797-4961-40a0-91f1-e59dcb37eb18: qualifies; 4.5 s; peak memory 7829 MiB.
2026-10-05T07:00:51Z INFO [2106/3678] 4af1356f-c684-4add-9b9b-5a7f73acd903: does not qualify; 1.9 s; peak memory 7829 MiB.
2026-10-05T07:00:52Z INFO [2107/3678] 4af1d288-9dc8-48b2-adf8-a75f8802879a: does not qualify; 0.6 s; peak memory 7829 MiB.
2026-10-05T07:00:57Z INFO [2108/3678] 4af29a74-2515-4342-8492-e10ae0e43bd3: does not qualify; 5.4 s; peak memory 7829 MiB.
2026-10-05T07:00:58Z INFO [2109/3678] 4af2edad-2de5-4cc0-a367-13a5f1fa2650: does not qualify; 0.8 s; peak memory 7829 MiB.
2026-10-05T07:00:59Z INFO [2110/3678] 4af31685-b59e-4e70-92e1-d339c8306f87: does not qualify; 0.7 s; peak memory 7829 MiB.
2026-10-05T07:01:05Z INFO [2111/3678] 4af34c61-575f-4c3d-86ae-cf2626c8cef9: does not qualify; 6.3 s; peak memory 7829 MiB.
2026-10-05T07:01:06Z INFO [2112/3678] 4af354b4-498c-469a-9357-3ffe2d3deaf9: does not qualify; 1.2 s; peak memory 7829 MiB.
2026-10-05T07:01:07Z INFO [2113/3678] 4af43fe1-4ecb-4e10-9a63-957b8cb8fd5c: does not qualify; 1.1 s; peak memory 7829 MiB.
2026-10-05T07:01:08Z INFO [2114/3678] 4af53300-9a38-4037-8b58-b2d3280f58b9: does not qualify; 0.7 s; peak memory 7829 MiB.
2026-10-05T07:01:09Z INFO [2115/3678] 4af58acf-1ab0-4f91-8927-5ff2e60dcf9c: does not qualify; 0.6 s; peak memory 7829 MiB.
2026-10-05T07:01:10Z INFO [2116/3678] 4af634e7-7772-4b42-9c82-5fe30675ae9c: does not qualify; 1.4 s; peak memory 7829 MiB.
2026-10-05T07:01:11Z INFO [2117/3678] 4af783ed-68df-42fb-a759-ebe8529c8e19: does not qualify; 0.6 s; peak memory 7829 MiB.
2026-10-05T07:01:11Z INFO [2118/3678] 4af7e1dd-deca-4604-af48-b290bdf8f611: does not qualify; 0.9 s; peak memory 7829 MiB.
2026-10-05T07:01:12Z INFO [2119/3678] 4af7e7d9-3f42-48aa-a313-ed3a35b4aecd: does not qualify; 1.0 s; peak memory 7829 MiB.
2026-10-05T07:01:15Z INFO [2120/3678] 4af8629e-3eb5-4db5-a00e-997a9a16554d: does not qualify; 2.7 s; peak memory 7829 MiB.
2026-10-05T07:01:17Z INFO [2121/3678] 4af991c9-05a7-4671-87f9-cd103433fc3e: does not qualify; 2.2 s; peak memory 7829 MiB.
2026-10-05T07:01:18Z INFO [2122/3678] 4af9cec4-4d4e-46c5-a46b-4bcf49f90e16: does not qualify; 0.9 s; peak memory 7829 MiB.
2026-10-05T07:01:19Z INFO [2123/3678] 4afa2025-be2c-4942-a2b6-19796467587a: does not qualify; 0.8 s; peak memory 7829 MiB.
2026-10-05T07:01:20Z INFO [2124/3678] 4afa572f-4829-42bd-8d76-b57e32b32721: does not qualify; 0.6 s; peak memory 7829 MiB.
2026-10-05T07:01:23Z INFO [2125/3678] 4afd00cb-da66-4a1f-a63d-59f1caa9af1b: does not qualify; 4.0 s; peak memory 7829 MiB.
2026-10-05T07:01:24Z INFO [2126/3678] 4afeb4e6-9941-4ca8-81bd-74ff98cad8b0: does not qualify; 0.9 s; peak memory 7829 MiB.
2026-10-05T07:01:26Z INFO [2127/3678] 4aff88a0-2978-4ffa-a0a4-df7d75a13390: does not qualify; 1.2 s; peak memory 7829 MiB.
2026-10-05T07:01:27Z INFO [2128/3678] 4affdec2-eefe-486b-b4fb-ad42758b843c: does not qualify; 1.5 s; peak memory 7829 MiB.
2026-10-05T07:01:31Z INFO [2129/3678] 4b0031d9-1f99-47dc-ab14-4a3109b4e097: does not qualify; 4.3 s; peak memory 7829 MiB.
2026-10-05T07:01:32Z INFO [2130/3678] 4b00670d-f93c-4d58-aee7-e5762dc9fa60: does not qualify; 1.0 s; peak memory 7829 MiB.
2026-10-05T07:01:33Z INFO [2131/3678] 4b00a2c7-dd74-49d0-9ab4-1e8eab3865a5: does not qualify; 1.0 s; peak memory 7829 MiB.
2026-10-05T07:01:34Z INFO [2132/3678] 4b0126df-9149-4b67-b7b0-5963c0e12f4e: does not qualify; 0.6 s; peak memory 7829 MiB.
2026-10-05T07:01:35Z INFO [2133/3678] 4b012fa9-a36f-4aec-bda7-ac46565ce6ad: does not qualify; 0.6 s; peak memory 7829 MiB.
2026-10-05T07:01:36Z INFO [2134/3678] 4b0130ee-d81c-4b33-b115-3e99a63ab00a: does not qualify; 1.0 s; peak memory 7829 MiB.
2026-10-05T07:01:36Z INFO [2135/3678] 4b013ac5-376c-47fa-acd9-63b06cef55f2: does not qualify; 0.8 s; peak memory 7829 MiB.
2026-10-05T07:01:37Z INFO [2136/3678] 4b022c94-83a2-4437-b3c9-484adc908623: does not qualify; 0.7 s; peak memory 7829 MiB.
2026-10-05T07:01:38Z INFO [2137/3678] 4b0276a9-164f-472a-862d-3adc7f9efdd2: does not qualify; 0.7 s; peak memory 7829 MiB.
2026-10-05T07:01:40Z INFO [2138/3678] 4b038498-cec0-446f-8181-ebe31ee440a7: does not qualify; 2.1 s; peak memory 7829 MiB.
2026-10-05T07:01:41Z INFO [2139/3678] 4b03a8c8-d8b8-42bf-9649-c8577c18ea64: does not qualify; 1.2 s; peak memory 7829 MiB.
2026-10-05T07:01:42Z INFO [2140/3678] 4b03da64-0380-4655-a084-1e150543fb62: does not qualify; 0.7 s; peak memory 7829 MiB.
2026-10-05T07:01:44Z INFO [2141/3678] 4b04a78d-762c-46a6-b4c7-659ee39afbb7: does not qualify; 1.7 s; peak memory 7829 MiB.
2026-10-05T07:01:45Z INFO [2142/3678] 4b04c50d-a29a-4e39-9d4d-ef9ed154b0ed: does not qualify; 1.5 s; peak memory 7829 MiB.
2026-10-05T07:01:46Z INFO [2143/3678] 4b06fc38-9c41-48bd-80ce-554fcc9b38f5: does not qualify; 0.9 s; peak memory 7829 MiB.
2026-10-05T07:01:47Z INFO [2144/3678] 4b074951-f79e-4ba1-a8ec-170cd3861b31: does not qualify; 1.0 s; peak memory 7829 MiB.
2026-10-05T07:01:48Z INFO [2145/3678] 4b086e53-1a39-4c37-8248-a58b42ae251d: does not qualify; 1.0 s; peak memory 7829 MiB.
2026-10-05T07:01:51Z INFO [2146/3678] 4b0882f4-6c51-4ce9-8fc0-72a6ae548a57: does not qualify; 2.8 s; peak memory 7829 MiB.
2026-10-05T07:01:54Z INFO [2147/3678] 4b0922ad-cbc7-4c6c-80d3-8dfedcf72817: does not qualify; 3.6 s; peak memory 7829 MiB.
2026-10-05T07:01:55Z INFO [2148/3678] 4b0aae0d-7cb1-4d23-b159-cb5280df8226: does not qualify; 0.8 s; peak memory 7829 MiB.
2026-10-05T07:01:56Z INFO [2149/3678] 4b0afb85-bd8b-4717-bf36-8a35c20d4f58: does not qualify; 1.0 s; peak memory 7829 MiB.
2026-10-05T07:01:57Z INFO [2150/3678] 4b0b66f8-302d-480d-9f68-f4cd527011fc: does not qualify; 0.9 s; peak memory 7829 MiB.
2026-10-05T07:01:57Z INFO [2150/3678] 4b0b66f8-302d-480d-9f68-f4cd527011fc: checkpointed 64615 records.
2026-10-05T07:01:58Z INFO [2151/3678] 4b0cb8e8-e7b3-4a08-865c-7128b16f3857: does not qualify; 1.1 s; peak memory 7829 MiB.
2026-10-05T07:01:59Z INFO [2152/3678] 4b0d1c22-38e5-47d7-9144-8d76af54a806: does not qualify; 1.0 s; peak memory 7829 MiB.
2026-10-05T07:02:01Z INFO [2153/3678] 4b0e6aa6-8541-4866-a7d4-769e0131ef47: does not qualify; 1.4 s; peak memory 7829 MiB.
2026-10-05T07:02:02Z INFO [2154/3678] 4b0ec727-6947-4f9d-8cea-e75c56358804: does not qualify; 0.7 s; peak memory 7829 MiB.
2026-10-05T07:02:05Z INFO [2155/3678] 4b0ef2c2-e58b-4776-89a9-a0ea6797972e: does not qualify; 3.7 s; peak memory 7829 MiB.
2026-10-05T07:02:06Z INFO [2156/3678] 4b0f9f87-d945-4636-9f11-fe34516f6b91: does not qualify; 0.9 s; peak memory 7829 MiB.
2026-10-05T07:02:07Z INFO [2157/3678] 4b103ddd-3bec-47dc-ab0c-488ccb56ccdb: does not qualify; 0.6 s; peak memory 7829 MiB.
2026-10-05T07:02:08Z INFO [2158/3678] 4b105f4c-d061-414d-ae33-cdc06e49644a: does not qualify; 0.7 s; peak memory 7829 MiB.
2026-10-05T07:02:08Z INFO [2159/3678] 4b110693-c912-4d16-bc6f-db70c4cdead4: does not qualify; 0.7 s; peak memory 7829 MiB.
2026-10-05T07:02:09Z INFO [2160/3678] 4b11efce-84bf-465f-8b06-ad8af4c4f699: does not qualify; 0.8 s; peak memory 7829 MiB.
2026-10-05T07:02:11Z INFO [2161/3678] 4b135794-6851-4794-9af8-916ef8c257b9: does not qualify; 2.2 s; peak memory 7829 MiB.
2026-10-05T07:02:12Z INFO [2162/3678] 4b13afe3-c0e9-4668-b5f6-e902f00142d2: does not qualify; 0.8 s; peak memory 7829 MiB.
2026-10-05T07:02:13Z INFO [2163/3678] 4b1480e5-cd08-4840-bcc3-4ed98725d2ab: does not qualify; 1.3 s; peak memory 7829 MiB.
2026-10-05T07:02:14Z INFO [2164/3678] 4b14d596-cbd9-4433-b709-b50587a6416c: does not qualify; 1.1 s; peak memory 7829 MiB.
2026-10-05T07:02:15Z INFO [2165/3678] 4b161838-9371-43dc-8815-91b5fec571c0: does not qualify; 0.5 s; peak memory 7829 MiB.
2026-10-05T07:02:20Z INFO [2166/3678] 4b172dc7-d9b9-48a3-b67f-b957e05d6ad0: does not qualify; 4.9 s; peak memory 7829 MiB.
2026-10-05T07:02:20Z INFO [2167/3678] 4b17b0f6-660a-48f5-aa32-5a03ad98a5aa: does not qualify; 0.7 s; peak memory 7829 MiB.
2026-10-05T07:02:21Z INFO [2168/3678] 4b17fae6-32cf-491a-8a00-e73a35c48264: does not qualify; 0.6 s; peak memory 7829 MiB.
2026-10-05T07:02:22Z INFO [2169/3678] 4b1918da-cbac-4318-a81d-5efd75d0147c: does not qualify; 0.7 s; peak memory 7829 MiB.
2026-10-05T07:02:23Z INFO [2170/3678] 4b192d1e-a491-4738-a27c-97527b1265ec: does not qualify; 1.0 s; peak memory 7829 MiB.
2026-10-05T07:02:24Z INFO [2171/3678] 4b1934e9-9ff9-4ca7-9ea5-f495e348c349: does not qualify; 1.0 s; peak memory 7829 MiB.
2026-10-05T07:02:40Z INFO [2172/3678] 4b1969e2-aeb5-4e48-8384-f601fd34e725: does not qualify; 16.0 s; peak memory 7829 MiB.
2026-10-05T07:02:43Z INFO [2173/3678] 4b1a3deb-cfdb-461e-8afd-1298ef745bf5: does not qualify; 3.5 s; peak memory 7829 MiB.
2026-10-05T07:02:44Z INFO [2174/3678] 4b1aceca-ec77-42a6-a485-c191ddaeb173: does not qualify; 0.5 s; peak memory 7829 MiB.
2026-10-05T07:02:44Z INFO [2175/3678] 4b1c3522-0a66-4cb5-a84e-90b79a9edaf7: does not qualify; 0.6 s; peak memory 7829 MiB.
2026-10-05T07:02:45Z INFO [2176/3678] 4b1c93bc-f355-4aa8-9c37-136f29a4d815: does not qualify; 0.8 s; peak memory 7829 MiB.
2026-10-05T07:02:46Z INFO [2177/3678] 4b1cf222-37e3-4b28-ac2a-54a79265ad25: does not qualify; 0.9 s; peak memory 7829 MiB.
2026-10-05T07:02:47Z INFO [2178/3678] 4b1d7252-2b95-409b-8b8c-b1f36aba6372: does not qualify; 1.0 s; peak memory 7829 MiB.
2026-10-05T07:02:48Z INFO [2179/3678] 4b1de384-4d2d-4768-8e3c-07bcf8435d4f: does not qualify; 0.9 s; peak memory 7829 MiB.
2026-10-05T07:02:49Z INFO [2180/3678] 4b1e1ee5-9800-45db-8b2f-c325cde1912d: does not qualify; 0.7 s; peak memory 7829 MiB.
2026-10-05T07:02:50Z INFO [2181/3678] 4b1e4778-6d1c-40f5-b899-1664d1fdc981: does not qualify; 0.8 s; peak memory 7829 MiB.
2026-10-05T07:02:50Z INFO [2182/3678] 4b1e6961-6f05-494f-8071-66cc267cbb43: does not qualify; 0.7 s; peak memory 7829 MiB.
2026-10-05T07:02:51Z INFO [2183/3678] 4b1ee7a6-223b-4f8d-9cd0-60ff0196092f: does not qualify; 0.7 s; peak memory 7829 MiB.
2026-10-05T07:02:53Z INFO [2184/3678] 4b1f16e8-aef6-481d-8fdd-64807d40ba1a: qualifies; 1.9 s; peak memory 7829 MiB.
2026-10-05T07:02:54Z INFO [2185/3678] 4b1f5a7d-432a-4f55-b635-81923156c311: does not qualify; 0.8 s; peak memory 7829 MiB.
2026-10-05T07:02:55Z INFO [2186/3678] 4b1fa0b5-c608-49eb-83c0-d6d4f6818e1a: does not qualify; 1.7 s; peak memory 7829 MiB.
2026-10-05T07:02:56Z INFO [2187/3678] 4b1feed9-6a4d-4f1b-a05b-7501ac2dc9f2: does not qualify; 1.0 s; peak memory 7829 MiB.
2026-10-05T07:02:57Z INFO [2188/3678] 4b20cef0-bafe-452d-92ea-036e1dfebe63: does not qualify; 1.0 s; peak memory 7829 MiB.
2026-10-05T07:03:00Z INFO [2189/3678] 4b20d1bd-0777-414b-8bab-564e7835ff57: does not qualify; 2.1 s; peak memory 7829 MiB.
2026-10-05T07:03:00Z INFO [2190/3678] 4b216500-eb2a-4997-af49-73a59ccbb489: does not qualify; 0.9 s; peak memory 7829 MiB.
2026-10-05T07:03:04Z INFO [2191/3678] 4b218485-b269-431c-bd03-f309adeb667e: does not qualify; 3.7 s; peak memory 7829 MiB.
2026-10-05T07:03:09Z INFO [2192/3678] 4b21a393-4c64-40fb-a026-4445c3f29c5b: does not qualify; 5.3 s; peak memory 7829 MiB.
2026-10-05T07:03:11Z INFO [2193/3678] 4b21af02-2f2c-4f0a-9c28-1825b26e6ee4: does not qualify; 1.3 s; peak memory 7829 MiB.
2026-10-05T07:03:12Z INFO [2194/3678] 4b21d8c2-927a-497b-8436-9a3da8665190: does not qualify; 0.9 s; peak memory 7829 MiB.
2026-10-05T07:03:13Z INFO [2195/3678] 4b2252af-8cef-4ffb-a8d0-13e1a71bf69e: does not qualify; 1.0 s; peak memory 7829 MiB.
2026-10-05T07:03:13Z INFO [2196/3678] 4b22e579-5495-4699-82d6-e0aaed697e8b: does not qualify; 0.8 s; peak memory 7829 MiB.
2026-10-05T07:03:20Z INFO [2197/3678] 4b254559-f7d7-4c41-a6ec-53bc495c721b: does not qualify; 6.8 s; peak memory 7829 MiB.
2026-10-05T07:03:22Z INFO [2198/3678] 4b2557e7-3e9a-4b15-b35d-5fd4271f0b2b: does not qualify; 1.5 s; peak memory 7829 MiB.
2026-10-05T07:03:22Z INFO [2199/3678] 4b25a2f1-9700-4d62-b73b-7857b98742d2: does not qualify; 0.8 s; peak memory 7829 MiB.
2026-10-05T07:03:24Z INFO [2200/3678] 4b267608-043d-4fa6-990e-6fec6cb094df: does not qualify; 1.6 s; peak memory 7829 MiB.
2026-10-05T07:03:24Z INFO [2200/3678] 4b267608-043d-4fa6-990e-6fec6cb094df: checkpointed 64665 records.
2026-10-05T07:03:26Z INFO [2201/3678] 4b26b3b7-7519-4063-97ef-9670d9b8ed54: does not qualify; 1.5 s; peak memory 7829 MiB.
2026-10-05T07:03:27Z INFO [2202/3678] 4b275637-4650-44c9-bb3c-14b54a01ea54: does not qualify; 0.8 s; peak memory 7829 MiB.
2026-10-05T07:03:27Z INFO [2203/3678] 4b27584d-4bca-43b9-bf82-c8732fb9b032: does not qualify; 0.6 s; peak memory 7829 MiB.
2026-10-05T07:03:29Z INFO [2204/3678] 4b281f5f-51cb-4d0c-acf1-2b6c42d0c6c6: does not qualify; 1.5 s; peak memory 7829 MiB.
2026-10-05T07:03:29Z INFO [2205/3678] 4b282e3d-c911-48a8-92f6-c7b6824c0da0: does not qualify; 0.8 s; peak memory 7829 MiB.
2026-10-05T07:03:30Z INFO [2206/3678] 4b29026c-caf7-48c0-80c1-c01977a08a9e: does not qualify; 0.9 s; peak memory 7829 MiB.
2026-10-05T07:03:34Z INFO [2207/3678] 4b296d47-dd18-4dbb-9260-7c46b76821c4: does not qualify; 4.1 s; peak memory 7829 MiB.
2026-10-05T07:03:38Z INFO [2208/3678] 4b29c7af-9092-48aa-ac58-0bb54450f229: does not qualify; 3.8 s; peak memory 7829 MiB.
2026-10-05T07:03:40Z INFO [2209/3678] 4b29fecd-a3ca-464d-89ba-4fe46d6fa6a6: does not qualify; 1.8 s; peak memory 7829 MiB.
2026-10-05T07:03:41Z INFO [2210/3678] 4b2a1615-9c88-4e73-9e35-222d4bfe3739: does not qualify; 0.6 s; peak memory 7829 MiB.
2026-10-05T07:03:43Z INFO [2211/3678] 4b2aba0b-8484-4edd-b59c-0910673d7d76: does not qualify; 2.1 s; peak memory 7829 MiB.
2026-10-05T07:03:43Z INFO [2212/3678] 4b2d3bf4-c604-4c70-b1ed-91ba953a848f: does not qualify; 0.6 s; peak memory 7829 MiB.
2026-10-05T07:03:45Z INFO [2213/3678] 4b2e508e-60ff-4f0a-abaa-50b4dc062db8: does not qualify; 1.7 s; peak memory 7829 MiB.
2026-10-05T07:03:46Z INFO [2214/3678] 4b2f020d-0daf-4f19-91f2-237bb3283f1e: does not qualify; 1.0 s; peak memory 7829 MiB.
2026-10-05T07:03:47Z INFO [2215/3678] 4b2f9911-a7a8-4747-ad37-078a840fd7bb: does not qualify; 0.7 s; peak memory 7829 MiB.
2026-10-05T07:03:48Z INFO [2216/3678] 4b30cdd0-3575-4bf5-850b-a65fddf6e11a: does not qualify; 1.1 s; peak memory 7829 MiB.
2026-10-05T07:03:49Z INFO [2217/3678] 4b313ec8-6bcc-4aea-83b6-acf51a2ca273: does not qualify; 0.8 s; peak memory 7829 MiB.
2026-10-05T07:03:50Z INFO [2218/3678] 4b31c37a-cc26-4d3e-ab19-30c668768634: does not qualify; 1.0 s; peak memory 7829 MiB.
2026-10-05T07:03:50Z INFO [2219/3678] 4b320f54-7a1f-449d-b4ca-7551a19c669f: does not qualify; 0.6 s; peak memory 7829 MiB.
2026-10-05T07:03:51Z INFO [2220/3678] 4b326d5f-543a-41b8-8f65-87247e7d9848: does not qualify; 1.1 s; peak memory 7829 MiB.
2026-10-05T07:03:52Z INFO [2221/3678] 4b3291c4-fe94-40b5-a3a4-3e5859a73af9: does not qualify; 1.0 s; peak memory 7829 MiB.
2026-10-05T07:03:53Z INFO [2222/3678] 4b32a2e3-5a26-48bf-8571-39791d4a85b0: does not qualify; 1.1 s; peak memory 7829 MiB.
2026-10-05T07:04:00Z INFO [2223/3678] 4b32a46d-f4de-467e-8cc8-ab354bef17cf: does not qualify; 6.8 s; peak memory 7829 MiB.
2026-10-05T07:04:01Z INFO [2224/3678] 4b334b8d-e125-4c2a-aaed-257b86b1064f: does not qualify; 0.7 s; peak memory 7829 MiB.
2026-10-05T07:04:02Z INFO [2225/3678] 4b338466-5aae-4bb6-acbb-ef542c48f85d: does not qualify; 0.8 s; peak memory 7829 MiB.
2026-10-05T07:04:03Z INFO [2226/3678] 4b33ab07-4cf4-41e5-a0b9-133128b3eb49: qualifies; 1.1 s; peak memory 7829 MiB.
2026-10-05T07:04:07Z INFO [2227/3678] 4b33f415-3e37-4d8d-8752-c5df10d8bac0: does not qualify; 3.9 s; peak memory 7829 MiB.
2026-10-05T07:04:09Z INFO [2228/3678] 4b3421d5-8d65-4a5e-bd87-11d1428547ec: does not qualify; 2.5 s; peak memory 7829 MiB.
2026-10-05T07:04:10Z INFO [2229/3678] 4b349610-482f-4ac7-966a-7637d50cf380: does not qualify; 0.9 s; peak memory 7829 MiB.
2026-10-05T07:04:11Z INFO [2230/3678] 4b35a234-e284-4c05-a532-0a0215d014d0: does not qualify; 0.8 s; peak memory 7829 MiB.
2026-10-05T07:04:12Z INFO [2231/3678] 4b3661c7-e36c-4d51-96d4-2fb050c0cdc2: does not qualify; 0.8 s; peak memory 7829 MiB.
2026-10-05T07:04:13Z INFO [2232/3678] 4b370ef6-cc6f-4c2c-a8ba-d0658275c8f3: does not qualify; 1.2 s; peak memory 7829 MiB.
2026-10-05T07:04:15Z INFO [2233/3678] 4b37d29a-6395-4d0f-8077-9beb50c2207b: does not qualify; 1.8 s; peak memory 7829 MiB.
2026-10-05T07:04:16Z INFO [2234/3678] 4b383419-6305-422d-88c5-b81836d70499: does not qualify; 0.9 s; peak memory 7829 MiB.
2026-10-05T07:04:16Z INFO [2235/3678] 4b3887b9-92da-4dcd-bd13-c96269235314: does not qualify; 0.4 s; peak memory 7829 MiB.
2026-10-05T07:04:17Z INFO [2236/3678] 4b38ecb4-ba3f-4d17-909c-82af56b7c156: does not qualify; 0.8 s; peak memory 7829 MiB.
2026-10-05T07:04:18Z INFO [2237/3678] 4b393ddd-482e-45ea-a62d-42d300ffec76: does not qualify; 0.7 s; peak memory 7829 MiB.
2026-10-05T07:04:18Z INFO [2238/3678] 4b3956c8-79c3-4954-a576-63fd8f06aa17: does not qualify; 0.5 s; peak memory 7829 MiB.
2026-10-05T07:04:19Z INFO [2239/3678] 4b3a92e4-f973-4a17-a865-0afb2f81e3e7: does not qualify; 0.8 s; peak memory 7829 MiB.
2026-10-05T07:04:20Z INFO [2240/3678] 4b3b3f38-cd0d-4a4c-aa63-0befd3c534b5: does not qualify; 1.0 s; peak memory 7829 MiB.
2026-10-05T07:04:21Z INFO [2241/3678] 4b3bd226-1f4d-4cf4-ae27-3d9352c88f47: does not qualify; 1.2 s; peak memory 7829 MiB.
2026-10-05T07:04:22Z INFO [2242/3678] 4b3c2c79-2566-4f80-bf23-96d009c79342: does not qualify; 0.5 s; peak memory 7829 MiB.
2026-10-05T07:04:23Z INFO [2243/3678] 4b3c3ec5-fdd0-4714-b488-058745b6c6d3: does not qualify; 0.9 s; peak memory 7829 MiB.
2026-10-05T07:04:24Z INFO [2244/3678] 4b3d1550-4e83-4e5c-839b-728d2551e0e3: does not qualify; 0.9 s; peak memory 7829 MiB.
2026-10-05T07:04:24Z INFO [2245/3678] 4b3d2d81-2e9d-43da-900a-9fb7aa3253f4: does not qualify; 0.9 s; peak memory 7829 MiB.
2026-10-05T07:04:25Z INFO [2246/3678] 4b3d523a-7438-4c6f-86d7-a0a0f09f7754: does not qualify; 0.6 s; peak memory 7829 MiB.
2026-10-05T07:04:26Z INFO [2247/3678] 4b3e1673-f519-4b38-b8d0-cdd792f226c7: does not qualify; 1.5 s; peak memory 7829 MiB.
2026-10-05T07:04:28Z INFO [2248/3678] 4b3eada8-0fe5-4f2e-9647-bacd8bc72d98: does not qualify; 1.2 s; peak memory 7829 MiB.
2026-10-05T07:04:28Z INFO [2249/3678] 4b3eee8c-bdc8-4eab-a208-a380128ec346: does not qualify; 0.7 s; peak memory 7829 MiB.
2026-10-05T07:04:29Z INFO [2250/3678] 4b3f0197-02ed-4eec-9d6f-8dad4324853d: does not qualify; 0.5 s; peak memory 7829 MiB.
2026-10-05T07:04:29Z INFO [2250/3678] 4b3f0197-02ed-4eec-9d6f-8dad4324853d: checkpointed 64715 records.
2026-10-05T07:04:30Z INFO [2251/3678] 4b3f028d-9173-474d-97d3-4d24bd77e54d: does not qualify; 0.9 s; peak memory 7829 MiB.
2026-10-05T07:04:32Z INFO [2252/3678] 4b3f123a-7a9d-40aa-9a05-01e0df78d7d4: does not qualify; 1.9 s; peak memory 7829 MiB.
2026-10-05T07:04:32Z INFO [2253/3678] 4b3fe738-88fb-44c3-986c-a31a34f55d67: does not qualify; 0.7 s; peak memory 7829 MiB.
2026-10-05T07:04:33Z INFO [2254/3678] 4b40031d-0eff-426e-92c2-7ed3da535a2c: does not qualify; 0.8 s; peak memory 7829 MiB.
2026-10-05T07:04:36Z INFO [2255/3678] 4b40ff53-383f-400c-b607-69474f0ad017: does not qualify; 3.1 s; peak memory 7829 MiB.
2026-10-05T07:04:37Z INFO [2256/3678] 4b414199-fba0-4729-ad53-02072b847dfe: does not qualify; 0.8 s; peak memory 7829 MiB.
2026-10-05T07:04:39Z INFO [2257/3678] 4b41aa1d-5a87-4bb1-b3d6-78338d58bfa0: does not qualify; 1.5 s; peak memory 7829 MiB.
2026-10-05T07:04:39Z INFO [2258/3678] 4b41ae09-0252-4813-91ac-1e335522189e: does not qualify; 0.6 s; peak memory 7829 MiB.
2026-10-05T07:04:40Z INFO [2259/3678] 4b41d934-bc3f-44e2-abcd-4029be96a198: does not qualify; 1.0 s; peak memory 7829 MiB.
2026-10-05T07:04:41Z INFO [2260/3678] 4b424294-04b6-4710-86c3-ccb8a60aa1c4: does not qualify; 0.7 s; peak memory 7829 MiB.
2026-10-05T07:04:42Z INFO [2261/3678] 4b426472-2231-4859-aef1-51c2c8be2e52: does not qualify; 0.7 s; peak memory 7829 MiB.
2026-10-05T07:04:42Z INFO [2262/3678] 4b432c19-c3f0-476a-8a60-730c3e7b4776: does not qualify; 0.8 s; peak memory 7829 MiB.
2026-10-05T07:04:43Z INFO [2263/3678] 4b44a5b9-d747-40fc-a070-a8abf738d158: does not qualify; 0.9 s; peak memory 7829 MiB.
2026-10-05T07:04:44Z INFO [2264/3678] 4b454730-ad6d-4a6c-b5df-2a0e600d172d: does not qualify; 0.9 s; peak memory 7829 MiB.
2026-10-05T07:04:45Z INFO [2265/3678] 4b46141d-9f08-49df-b3d5-7ce03493b510: does not qualify; 0.9 s; peak memory 7829 MiB.
2026-10-05T07:04:52Z INFO [2266/3678] 4b481fe9-6b4e-4df3-8db1-0100797d6ec7: does not qualify; 6.4 s; peak memory 7829 MiB.
2026-10-05T07:04:52Z INFO [2267/3678] 4b48b0d7-89a1-41e5-846c-8c4206a6d7e8: does not qualify; 0.8 s; peak memory 7829 MiB.
2026-10-05T07:04:53Z INFO [2268/3678] 4b48d907-dd7d-4b41-8154-d7ca866029b5: does not qualify; 1.1 s; peak memory 7829 MiB.
2026-10-05T07:04:54Z INFO [2269/3678] 4b48e93d-9c20-4a83-9371-32d225d3691c: does not qualify; 0.6 s; peak memory 7829 MiB.
2026-10-05T07:04:55Z INFO [2270/3678] 4b48fce3-12e8-4be9-9e4a-1dbf1c391031: does not qualify; 0.6 s; peak memory 7829 MiB.
2026-10-05T07:04:59Z INFO [2271/3678] 4b4908a2-ebf5-4283-a1c6-4c8b0be01712: does not qualify; 4.8 s; peak memory 7829 MiB.
2026-10-05T07:05:00Z INFO [2272/3678] 4b49a1de-d8e4-48aa-bb5c-a8ff91dffd8d: does not qualify; 0.8 s; peak memory 7829 MiB.
2026-10-05T07:05:01Z INFO [2273/3678] 4b49d887-5dff-4559-82cf-0dd57e16ba2f: does not qualify; 1.0 s; peak memory 7829 MiB.
2026-10-05T07:05:02Z INFO [2274/3678] 4b4a2233-9fb5-40be-9e2e-129156a22c38: does not qualify; 1.1 s; peak memory 7829 MiB.
2026-10-05T07:05:03Z INFO [2275/3678] 4b4a85d2-06cd-4a3f-be01-4a4dbf0c550f: does not qualify; 0.7 s; peak memory 7829 MiB.
2026-10-05T07:05:04Z INFO [2276/3678] 4b4c9140-c8c3-4ac0-98d9-8ef380d6cd48: does not qualify; 1.0 s; peak memory 7829 MiB.
2026-10-05T07:05:04Z INFO [2277/3678] 4b4d75bf-3296-49fe-bf13-7cb03d668fee: does not qualify; 0.5 s; peak memory 7829 MiB.
2026-10-05T07:05:07Z INFO [2278/3678] 4b4d770d-5ab9-49c3-9363-42500c98ad1a: does not qualify; 2.5 s; peak memory 7829 MiB.
2026-10-05T07:05:08Z INFO [2279/3678] 4b4dcb57-d839-44a2-aa81-ee7c32327bf3: does not qualify; 1.1 s; peak memory 7829 MiB.
2026-10-05T07:05:09Z INFO [2280/3678] 4b4e9016-3513-48a8-95de-789061011861: does not qualify; 0.7 s; peak memory 7829 MiB.
2026-10-05T07:05:09Z INFO [2281/3678] 4b4ed3fa-9435-4cb8-8a66-2de194862034: does not qualify; 0.6 s; peak memory 7829 MiB.
2026-10-05T07:05:10Z INFO [2282/3678] 4b509b73-6552-46cf-9495-7eb089234462: does not qualify; 0.9 s; peak memory 7829 MiB.
2026-10-05T07:05:11Z INFO [2283/3678] 4b51cfbd-54be-4436-b543-fbfd9b944484: does not qualify; 0.6 s; peak memory 7829 MiB.
2026-10-05T07:05:11Z INFO [2284/3678] 4b52398f-4f17-42ce-95fc-296008545715: does not qualify; 0.5 s; peak memory 7829 MiB.
2026-10-05T07:05:12Z INFO [2285/3678] 4b527c42-7a7a-4c85-8dec-cc917e9e4f0f: does not qualify; 0.9 s; peak memory 7829 MiB.
2026-10-05T07:05:13Z INFO [2286/3678] 4b528cf4-9f48-436f-b0b3-bbb7e2b443b3: does not qualify; 0.6 s; peak memory 7829 MiB.
2026-10-05T07:05:18Z INFO [2287/3678] 4b529a02-37b6-42c5-af1d-25ed7a22f45a: does not qualify; 5.0 s; peak memory 7829 MiB.
2026-10-05T07:05:19Z INFO [2288/3678] 4b53efce-d1b6-4234-9b73-180db4ce8115: does not qualify; 0.9 s; peak memory 7829 MiB.
2026-10-05T07:05:19Z INFO [2289/3678] 4b54fa50-ae9b-47fc-8962-74a3c3de5b4c: does not qualify; 0.7 s; peak memory 7829 MiB.
2026-10-05T07:05:20Z INFO [2290/3678] 4b569eba-0178-4fd3-bfb7-ecf5c2af0ee5: does not qualify; 0.9 s; peak memory 7829 MiB.
2026-10-05T07:05:21Z INFO [2291/3678] 4b576e0b-98e9-4fa4-8800-52bfce5ab404: does not qualify; 0.7 s; peak memory 7829 MiB.
2026-10-05T07:05:22Z INFO [2292/3678] 4b57d4da-2d3a-4158-8443-af390d639824: does not qualify; 0.5 s; peak memory 7829 MiB.
2026-10-05T07:05:25Z INFO [2293/3678] 4b586d5f-8ec7-47ba-8d76-d1bb39aad1ae: does not qualify; 3.8 s; peak memory 7829 MiB.
2026-10-05T07:05:27Z INFO [2294/3678] 4b589d89-22de-419c-9866-0ddf97c456e0: does not qualify; 1.7 s; peak memory 7829 MiB.
2026-10-05T07:05:29Z INFO [2295/3678] 4b58da4b-f7f4-4f74-895a-42a4544f7d2a: does not qualify; 2.1 s; peak memory 7829 MiB.
2026-10-05T07:05:30Z INFO [2296/3678] 4b594a05-70e0-4944-ba7f-a179126a5fb3: does not qualify; 1.2 s; peak memory 7829 MiB.
2026-10-05T07:05:31Z INFO [2297/3678] 4b597432-ed31-400d-8516-603b343900cb: does not qualify; 0.7 s; peak memory 7829 MiB.
2026-10-05T07:05:32Z INFO [2298/3678] 4b59fa98-cd1d-4717-be1e-f75588cc6633: does not qualify; 1.2 s; peak memory 7829 MiB.
2026-10-05T07:05:33Z INFO [2299/3678] 4b5a4f6b-60cb-4dbc-99bf-fc811dd2ecbd: does not qualify; 0.7 s; peak memory 7829 MiB.
2026-10-05T07:05:34Z INFO [2300/3678] 4b5aaddc-68de-4c2b-afb4-fe05846048fa: does not qualify; 0.6 s; peak memory 7829 MiB.
2026-10-05T07:05:34Z INFO [2300/3678] 4b5aaddc-68de-4c2b-afb4-fe05846048fa: checkpointed 64765 records.
2026-10-05T07:05:35Z INFO [2301/3678] 4b5ac0f8-519c-4131-a30b-bf35ec4dac0f: does not qualify; 1.1 s; peak memory 7829 MiB.
2026-10-05T07:05:35Z INFO [2302/3678] 4b5d7bb8-7a57-4701-87c8-15bc59605727: does not qualify; 0.7 s; peak memory 7829 MiB.
2026-10-05T07:05:36Z INFO [2303/3678] 4b5e77e8-b437-40f0-b193-c82aab8b8d6c: does not qualify; 0.7 s; peak memory 7829 MiB.
2026-10-05T07:05:40Z INFO [2304/3678] 4b5ed2e3-17a0-4cdb-9878-461f3a74e86b: does not qualify; 4.1 s; peak memory 7829 MiB.
2026-10-05T07:05:41Z INFO [2305/3678] 4b5f1884-31fc-4cd1-a4fd-bed3754ac935: does not qualify; 1.0 s; peak memory 7829 MiB.
2026-10-05T07:05:42Z INFO [2306/3678] 4b5f5313-92b4-4468-bc44-5e98a44ec8f2: does not qualify; 0.6 s; peak memory 7829 MiB.
2026-10-05T07:05:42Z INFO [2307/3678] 4b5f8ae0-bec5-4f8e-a43e-0f38c5704c5d: does not qualify; 0.6 s; peak memory 7829 MiB.
2026-10-05T07:05:43Z INFO [2308/3678] 4b60c4ce-2928-4f03-8389-9e19eb881c08: does not qualify; 0.7 s; peak memory 7829 MiB.
2026-10-05T07:05:44Z INFO [2309/3678] 4b6129bd-e826-4df3-8992-e5bb0ba7fa3e: does not qualify; 0.7 s; peak memory 7829 MiB.
2026-10-05T07:05:45Z INFO [2310/3678] 4b62279d-9c16-441b-9168-d10448f2da97: does not qualify; 1.3 s; peak memory 7829 MiB.
2026-10-05T07:05:46Z INFO [2311/3678] 4b6267ed-06fd-4b90-ac72-17ba00adb745: does not qualify; 1.1 s; peak memory 7829 MiB.
2026-10-05T07:05:47Z INFO [2312/3678] 4b629cec-6f6f-44a2-ba40-1941f058f8fe: does not qualify; 1.4 s; peak memory 7829 MiB.
2026-10-05T07:05:51Z INFO [2313/3678] 4b62a943-a59b-4957-ab2e-64d25a31437b: does not qualify; 3.8 s; peak memory 7829 MiB.
2026-10-05T07:05:55Z INFO [2314/3678] 4b62e75f-b74f-4ab9-b418-baa88b2f2f65: does not qualify; 3.5 s; peak memory 7829 MiB.
2026-10-05T07:07:05Z INFO [2315/3678] 4b631caa-d2ca-4399-9e0e-9e1c1c5c7985: does not qualify; 70.3 s; peak memory 7829 MiB.
2026-10-05T07:07:06Z INFO [2316/3678] 4b632da2-86ee-4097-b29e-b33f941e41e2: does not qualify; 0.7 s; peak memory 7829 MiB.
2026-10-05T07:07:09Z INFO [2317/3678] 4b63623b-a3ab-4a50-99a1-cee3dd88be18: does not qualify; 3.3 s; peak memory 7829 MiB.
2026-10-05T07:07:11Z INFO [2318/3678] 4b6376a3-10f7-494b-a529-0458426fd6d2: does not qualify; 1.6 s; peak memory 7829 MiB.
2026-10-05T07:07:11Z INFO [2319/3678] 4b63c409-da83-48ed-84b6-105952c2b5fc: does not qualify; 0.7 s; peak memory 7829 MiB.
2026-10-05T07:07:13Z INFO [2320/3678] 4b64b824-38a5-4287-bc43-f147ae707202: does not qualify; 1.7 s; peak memory 7829 MiB.
2026-10-05T07:07:14Z INFO [2321/3678] 4b652237-547d-448e-b4bb-c973c5c47f7a: does not qualify; 0.9 s; peak memory 7829 MiB.
2026-10-05T07:07:19Z INFO [2322/3678] 4b6523e7-df92-409b-8033-89cf973beaf5: does not qualify; 4.9 s; peak memory 7829 MiB.
2026-10-05T07:07:20Z INFO [2323/3678] 4b65cb0e-6779-4573-acdb-28e63c8b33cc: does not qualify; 0.7 s; peak memory 7829 MiB.
2026-10-05T07:07:20Z INFO [2324/3678] 4b6613da-72aa-419f-9c43-a9e75eb0d287: does not qualify; 0.6 s; peak memory 7829 MiB.
2026-10-05T07:07:24Z INFO [2325/3678] 4b667c2d-4f2e-4987-878a-2ae4b4c1164f: does not qualify; 3.5 s; peak memory 7829 MiB.
2026-10-05T07:07:25Z INFO [2326/3678] 4b66f83a-482b-43a2-bcaf-47b54c79f720: does not qualify; 0.9 s; peak memory 7829 MiB.
2026-10-05T07:07:26Z INFO [2327/3678] 4b673bc0-1ea5-4231-846d-d3b4e8c51a90: does not qualify; 1.0 s; peak memory 7829 MiB.
2026-10-05T07:07:26Z INFO [2328/3678] 4b674e92-a1ce-4313-bdaa-9959a20f9d84: does not qualify; 0.7 s; peak memory 7829 MiB.
2026-10-05T07:07:27Z INFO [2329/3678] 4b67e8ee-f91d-4a4c-9720-4dd92e56dec6: does not qualify; 0.5 s; peak memory 7829 MiB.
2026-10-05T07:07:30Z INFO [2330/3678] 4b685978-2521-4a9b-b9c0-507e6b562f67: does not qualify; 2.7 s; peak memory 7829 MiB.
2026-10-05T07:07:34Z INFO [2331/3678] 4b6942b8-390a-43d2-a588-fa69a014c8ee: does not qualify; 4.2 s; peak memory 7829 MiB.
2026-10-05T07:07:34Z INFO [2332/3678] 4b69b9dd-7794-45f1-87cc-9e6213036ca2: does not qualify; 0.5 s; peak memory 7829 MiB.
2026-10-05T07:07:35Z INFO [2333/3678] 4b69d5cb-13f9-429c-9725-4cc9586ab346: does not qualify; 0.6 s; peak memory 7829 MiB.
2026-10-05T07:07:36Z INFO [2334/3678] 4b69eb8b-3094-4484-809e-ef654b10cfb7: does not qualify; 0.9 s; peak memory 7829 MiB.
2026-10-05T07:07:37Z INFO [2335/3678] 4b6b4680-957e-494c-91ad-919a9ea8be9a: does not qualify; 0.8 s; peak memory 7829 MiB.
2026-10-05T07:07:38Z INFO [2336/3678] 4b6bd01e-f173-4a4a-ad59-1e07a9dc4333: does not qualify; 1.1 s; peak memory 7829 MiB.
2026-10-05T07:07:38Z INFO [2337/3678] 4b6c80c4-945c-4541-b675-0060aca6d6b0: does not qualify; 0.6 s; peak memory 7829 MiB.
2026-10-05T07:07:39Z INFO [2338/3678] 4b6d4b8e-e5bc-4541-99dd-c08450947fb4: does not qualify; 0.8 s; peak memory 7829 MiB.
2026-10-05T07:07:40Z INFO [2339/3678] 4b6e6637-9275-4c32-a0a3-26a7193d0e55: does not qualify; 0.9 s; peak memory 7829 MiB.
2026-10-05T07:09:38Z INFO [2340/3678] 4b6f2ab9-d880-4907-a124-35c7d8b6518f: does not qualify; 117.9 s; peak memory 7829 MiB.
2026-10-05T07:09:39Z INFO [2341/3678] 4b6f57a6-b124-4b47-b920-8c317de6155c: does not qualify; 1.3 s; peak memory 7829 MiB.
2026-10-05T07:09:40Z INFO [2342/3678] 4b6f801e-c187-4ddd-9f8a-f0554b20e438: does not qualify; 1.1 s; peak memory 7829 MiB.
2026-10-05T07:09:41Z INFO [2343/3678] 4b6fef40-e515-486a-9cd1-e2171f970185: does not qualify; 0.9 s; peak memory 7829 MiB.
2026-10-05T07:09:43Z INFO [2344/3678] 4b706a77-dc5c-450e-97a5-601aa4c6a724: does not qualify; 1.4 s; peak memory 7829 MiB.
2026-10-05T07:09:43Z INFO [2345/3678] 4b70edc2-8f6f-44fb-bbc0-f0ef0f06971f: does not qualify; 0.8 s; peak memory 7829 MiB.
2026-10-05T07:09:47Z INFO [2346/3678] 4b714b04-4e6a-4e3b-adf4-fd31ea5bb10d: does not qualify; 3.6 s; peak memory 7829 MiB.
2026-10-05T07:09:48Z INFO [2347/3678] 4b728d60-5e30-4fea-b12b-2f576eee308d: does not qualify; 0.8 s; peak memory 7829 MiB.
2026-10-05T07:09:49Z INFO [2348/3678] 4b72ff80-9d74-4669-83c9-bf6696bf474c: does not qualify; 0.8 s; peak memory 7829 MiB.
2026-10-05T07:09:49Z INFO [2349/3678] 4b7346d5-34e5-4795-a3f6-1937188080d5: does not qualify; 0.7 s; peak memory 7829 MiB.
2026-10-05T07:09:55Z INFO [2350/3678] 4b73bc2a-0b8c-4d5b-b728-b5b2794aaf7d: does not qualify; 6.0 s; peak memory 7829 MiB.
2026-10-05T07:09:56Z INFO [2350/3678] 4b73bc2a-0b8c-4d5b-b728-b5b2794aaf7d: checkpointed 64815 records.
2026-10-05T07:10:01Z INFO [2351/3678] 4b74d91c-4db5-483d-946d-e816c1c856e8: does not qualify; 5.5 s; peak memory 7829 MiB.
2026-10-05T07:10:02Z INFO [2352/3678] 4b74fe76-d56a-4bed-a2db-9b3a52211a34: does not qualify; 0.6 s; peak memory 7829 MiB.
2026-10-05T07:10:05Z INFO [2353/3678] 4b750279-4b3f-4de4-a2dc-bd126f41b0b6: does not qualify; 2.9 s; peak memory 7829 MiB.
2026-10-05T07:10:12Z INFO [2354/3678] 4b7642f3-6b89-4ec3-bc75-53c48837c77e: does not qualify; 7.5 s; peak memory 7829 MiB.
2026-10-05T07:10:13Z INFO [2355/3678] 4b774bd3-fa2a-4691-bbc7-511a9cca1f75: does not qualify; 0.6 s; peak memory 7829 MiB.
2026-10-05T07:10:14Z INFO [2356/3678] 4b784159-ce45-4256-ac9c-8a69e15e8e02: does not qualify; 0.9 s; peak memory 7829 MiB.
2026-10-05T07:10:15Z INFO [2357/3678] 4b797b5d-ff35-4bcc-9b55-263ad4388efe: does not qualify; 0.8 s; peak memory 7829 MiB.
2026-10-05T07:10:16Z INFO [2358/3678] 4b798800-2491-4774-8076-9fc5a2a27f5a: does not qualify; 1.1 s; peak memory 7829 MiB.
2026-10-05T07:10:16Z INFO [2359/3678] 4b7a1d31-a1d8-447b-8347-859d28fbc79a: does not qualify; 0.8 s; peak memory 7829 MiB.
2026-10-05T07:10:17Z INFO [2360/3678] 4b7a4675-f591-4f89-8c82-9c683dca118a: does not qualify; 0.7 s; peak memory 7829 MiB.
2026-10-05T07:10:18Z INFO [2361/3678] 4b7b6c5f-3c91-4076-ab58-c0c9c6b11797: does not qualify; 0.7 s; peak memory 7829 MiB.
2026-10-05T07:10:19Z INFO [2362/3678] 4b7ba62d-0aaa-4371-b73e-63dc66a59d20: does not qualify; 0.6 s; peak memory 7829 MiB.
2026-10-05T07:10:19Z INFO [2363/3678] 4b7be82d-3a02-4aa7-a604-a1968fecaebf: does not qualify; 0.7 s; peak memory 7829 MiB.
2026-10-05T07:10:20Z INFO [2364/3678] 4b7bf5cf-e7a5-4f7c-946a-c6586b1ce8d4: does not qualify; 0.7 s; peak memory 7829 MiB.
2026-10-05T07:10:21Z INFO [2365/3678] 4b7c11fd-6cdc-4f59-9300-ccdc161ed413: does not qualify; 0.5 s; peak memory 7829 MiB.
2026-10-05T07:10:21Z INFO [2366/3678] 4b7c9a7f-31a2-47e7-8246-148b8f60018e: does not qualify; 0.5 s; peak memory 7829 MiB.
2026-10-05T07:10:22Z INFO [2367/3678] 4b7d6061-96c6-4e10-a472-2ddb810b837f: does not qualify; 0.8 s; peak memory 7829 MiB.
2026-10-05T07:10:23Z INFO [2368/3678] 4b7d81c6-ee96-4ce7-b9af-4c747900fd62: does not qualify; 0.8 s; peak memory 7829 MiB.
2026-10-05T07:10:27Z INFO [2369/3678] 4b7d9a63-b698-4342-aa62-28e2a22e744b: does not qualify; 4.8 s; peak memory 7829 MiB.
2026-10-05T07:10:28Z INFO [2370/3678] 4b7ec209-b3e5-499d-a5f9-57b4e8355fde: does not qualify; 0.7 s; peak memory 7829 MiB.
2026-10-05T07:10:29Z INFO [2371/3678] 4b7f82c3-3e65-44d9-8f62-22497c9c171a: does not qualify; 0.7 s; peak memory 7829 MiB.
2026-10-05T07:10:30Z INFO [2372/3678] 4b7f9f98-a48d-4b1f-b9a6-a9a6f5fe2efa: does not qualify; 0.7 s; peak memory 7829 MiB.
2026-10-05T07:10:30Z INFO [2373/3678] 4b7fffd3-3592-402b-af07-e4c4ce338d1f: does not qualify; 0.8 s; peak memory 7829 MiB.
2026-10-05T07:10:31Z INFO [2374/3678] 4b806242-9497-4b9e-a8bc-31200fff7768: does not qualify; 0.7 s; peak memory 7829 MiB.
2026-10-05T07:10:32Z INFO [2375/3678] 4b8095dd-d633-44dd-aba7-d53acb99abad: does not qualify; 0.8 s; peak memory 7829 MiB.
2026-10-05T07:10:51Z INFO [2376/3678] 4b80bffd-1951-4f19-af49-c73cbc35c0ac: does not qualify; 18.6 s; peak memory 7829 MiB.
2026-10-05T07:10:56Z INFO [2377/3678] 4b8287bc-ee5b-49c6-8993-d1d48fe63ff3: does not qualify; 5.1 s; peak memory 7829 MiB.
2026-10-05T07:10:56Z INFO [2378/3678] 4b832a02-c64b-4a5e-861f-686887dd1775: does not qualify; 0.7 s; peak memory 7829 MiB.
2026-10-05T07:10:57Z INFO [2379/3678] 4b83d6bb-aff0-43c4-9052-6cedde3cdb6d: does not qualify; 0.8 s; peak memory 7829 MiB.
2026-10-05T07:10:58Z INFO [2380/3678] 4b841537-0b46-4e76-afbf-83fd8cd15b63: does not qualify; 0.4 s; peak memory 7829 MiB.
2026-10-05T07:10:58Z INFO [2381/3678] 4b857ec0-fd90-41ab-830f-27b90c840966: does not qualify; 0.8 s; peak memory 7829 MiB.
2026-10-05T07:10:59Z INFO [2382/3678] 4b85a350-6e84-439c-853e-d63363c2a54a: does not qualify; 0.8 s; peak memory 7829 MiB.
2026-10-05T07:11:00Z INFO [2383/3678] 4b883ebf-bc4a-4161-a89f-2ff252761532: does not qualify; 0.8 s; peak memory 7829 MiB.
2026-10-05T07:11:01Z INFO [2384/3678] 4b88a68f-93df-4532-a97f-8d0ff3507371: does not qualify; 0.8 s; peak memory 7829 MiB.
2026-10-05T07:11:01Z INFO [2385/3678] 4b88e7ab-224b-439d-8e6d-822fe280c3bd: does not qualify; 0.5 s; peak memory 7829 MiB.
2026-10-05T07:11:03Z INFO [2386/3678] 4b8951f1-8733-45f8-a50f-7faa502f7868: does not qualify; 1.4 s; peak memory 7829 MiB.
2026-10-05T07:11:03Z INFO [2387/3678] 4b897749-ff7d-47ab-b61d-40975e1f35ee: does not qualify; 0.5 s; peak memory 7829 MiB.
2026-10-05T07:11:05Z INFO [2388/3678] 4b899874-354b-42ec-bd29-e4b550e2f79a: does not qualify; 1.7 s; peak memory 7829 MiB.
2026-10-05T07:11:06Z INFO [2389/3678] 4b89d0d1-9a23-4392-b22e-a19c9f98face: does not qualify; 0.9 s; peak memory 7829 MiB.
2026-10-05T07:11:38Z INFO [2390/3678] 4b8a7d1b-62a8-430d-9d6a-641f5f6aac81: does not qualify; 32.6 s; peak memory 7829 MiB.
2026-10-05T07:11:41Z INFO [2391/3678] 4b8b5f52-09ff-4dd2-bc39-67c4eaa97d21: does not qualify; 2.2 s; peak memory 7829 MiB.
2026-10-05T07:11:46Z INFO [2392/3678] 4b8c497d-2ac8-41b2-ad5a-3553aba8d33e: does not qualify; 5.8 s; peak memory 7829 MiB.
2026-10-05T07:11:47Z INFO [2393/3678] 4b8e161c-4e6c-49e8-bd58-2e8c7851ac93: does not qualify; 1.0 s; peak memory 7829 MiB.
2026-10-05T07:11:51Z INFO [2394/3678] 4b8e1c13-89a4-4213-af04-c6d1e267d5a2: does not qualify; 3.4 s; peak memory 7829 MiB.
2026-10-05T07:11:54Z INFO [2395/3678] 4b8e2063-3b6b-4187-ae06-2bee304f7541: qualifies; 3.5 s; peak memory 7829 MiB.
2026-10-05T07:12:02Z INFO [2396/3678] 4b8fa507-0209-40b6-967a-8a94832b6a67: does not qualify; 7.8 s; peak memory 7829 MiB.
2026-10-05T07:12:03Z INFO [2397/3678] 4b8fbb6d-f079-4c8c-9a50-7fb53c0692ea: does not qualify; 0.8 s; peak memory 7829 MiB.
2026-10-05T07:12:04Z INFO [2398/3678] 4b90454d-78c8-4125-a2c1-ea7ae480c3fd: does not qualify; 1.6 s; peak memory 7829 MiB.
2026-10-05T07:12:05Z INFO [2399/3678] 4b923da9-4aa3-4ea5-be85-0e49cab4f4ae: does not qualify; 0.7 s; peak memory 7829 MiB.
2026-10-05T07:12:07Z INFO [2400/3678] 4b93732b-965c-4b0a-8c0e-01684df79fee: does not qualify; 1.8 s; peak memory 7829 MiB.
2026-10-05T07:12:07Z INFO [2400/3678] 4b93732b-965c-4b0a-8c0e-01684df79fee: checkpointed 64865 records.
2026-10-05T07:12:10Z INFO [2401/3678] 4b9468dd-c1ea-4be5-a4c2-249cc45fdda4: does not qualify; 3.4 s; peak memory 7829 MiB.
2026-10-05T07:12:11Z INFO [2402/3678] 4b9626b4-bc02-4f2d-8720-7c45a8d1b7b9: does not qualify; 0.5 s; peak memory 7829 MiB.
2026-10-05T07:12:12Z INFO [2403/3678] 4b9695fe-7ee8-4344-a58a-f9d1d3ff21a0: does not qualify; 1.0 s; peak memory 7829 MiB.
2026-10-05T07:12:13Z INFO [2404/3678] 4b96bd1e-c0c0-443f-a871-aaf08e65bc5c: does not qualify; 1.3 s; peak memory 7829 MiB.
2026-10-05T07:12:19Z INFO [2405/3678] 4b979f1f-72a2-4513-8940-447c671da600: does not qualify; 5.3 s; peak memory 7829 MiB.
2026-10-05T07:12:23Z INFO [2406/3678] 4b97f275-db60-46f5-8064-6d4a1fec4054: does not qualify; 4.4 s; peak memory 7829 MiB.
2026-10-05T07:12:24Z INFO [2407/3678] 4b985324-968c-4cee-8dd5-9bbf2d448169: does not qualify; 1.0 s; peak memory 7829 MiB.
2026-10-05T07:12:24Z INFO [2408/3678] 4b98b35b-6c63-4da4-bbeb-2d3e279c9d1c: does not qualify; 0.4 s; peak memory 7829 MiB.
2026-10-05T07:12:25Z INFO [2409/3678] 4b98b720-696d-43d5-879a-7c2eb6fdd881: does not qualify; 0.7 s; peak memory 7829 MiB.
2026-10-05T07:12:28Z INFO [2410/3678] 4b995d60-e583-4f19-9b25-ac3fc965e1c7: does not qualify; 3.3 s; peak memory 7829 MiB.
2026-10-05T07:12:29Z INFO [2411/3678] 4b99f50b-4c34-4b4a-803f-0d80e9b18c07: does not qualify; 0.7 s; peak memory 7829 MiB.
2026-10-05T07:12:30Z INFO [2412/3678] 4b9a102a-15e7-407d-92e4-d202b21325c7: does not qualify; 0.9 s; peak memory 7829 MiB.
2026-10-05T07:12:31Z INFO [2413/3678] 4b9ab864-c2a5-4b0d-b4f0-bd43fdd1b603: does not qualify; 0.7 s; peak memory 7829 MiB.
2026-10-05T07:12:31Z INFO [2414/3678] 4b9ad317-a33e-4ef5-8225-f36bc9ae722f: does not qualify; 0.6 s; peak memory 7829 MiB.
2026-10-05T07:12:33Z INFO [2415/3678] 4b9b47bf-d7ae-48c4-b010-76b263dcfd1b: does not qualify; 1.2 s; peak memory 7829 MiB.
2026-10-05T07:12:33Z INFO [2416/3678] 4b9b9443-cbe4-41bc-b377-e58b9ad0d995: does not qualify; 0.4 s; peak memory 7829 MiB.
2026-10-05T07:12:35Z INFO [2417/3678] 4b9c07eb-2fa0-4a15-b513-86970f6edde8: does not qualify; 2.1 s; peak memory 7829 MiB.
2026-10-05T07:12:40Z INFO [2418/3678] 4b9c48fc-41f7-456f-9bed-e944fb3c97ba: does not qualify; 4.7 s; peak memory 7829 MiB.
2026-10-05T07:12:40Z INFO [2419/3678] 4b9cf41e-aabc-42d4-9a85-243cfe188a87: does not qualify; 0.5 s; peak memory 7829 MiB.
2026-10-05T07:12:44Z INFO [2420/3678] 4b9d3870-f5bc-4427-a0bb-683df8321f6c: does not qualify; 3.3 s; peak memory 7829 MiB.
2026-10-05T07:12:45Z INFO [2421/3678] 4b9d7c2b-1057-443f-9d1d-16a037c8093e: does not qualify; 1.3 s; peak memory 7829 MiB.
2026-10-05T07:12:46Z INFO [2422/3678] 4b9d94d1-bb75-4615-8bfe-1b1a3fcf181d: does not qualify; 0.7 s; peak memory 7829 MiB.
2026-10-05T07:12:50Z INFO [2423/3678] 4b9e3350-70c6-40da-8993-2e8c01026030: does not qualify; 4.8 s; peak memory 7829 MiB.
2026-10-05T07:12:51Z INFO [2424/3678] 4b9e3e11-737a-4c14-9ed0-4936937a5ea1: does not qualify; 0.8 s; peak memory 7829 MiB.
2026-10-05T07:13:00Z INFO [2425/3678] 4b9e4311-ab03-44cc-8cf5-c48ae1af5678: does not qualify; 9.1 s; peak memory 7829 MiB.
2026-10-05T07:13:02Z INFO [2426/3678] 4b9f9b99-d69f-4d35-af07-d0172702d2dc: does not qualify; 1.7 s; peak memory 7829 MiB.
2026-10-05T07:13:03Z INFO [2427/3678] 4b9fca0e-d56d-4655-9829-ab7c9bfb4506: does not qualify; 0.7 s; peak memory 7829 MiB.
2026-10-05T07:13:04Z INFO [2428/3678] 4b9ff4dd-5615-4463-bf6c-ccd342ae1af8: does not qualify; 1.8 s; peak memory 7829 MiB.
2026-10-05T07:13:05Z INFO [2429/3678] 4ba1a897-4e90-44ab-858c-596b97278f6f: does not qualify; 1.0 s; peak memory 7829 MiB.
2026-10-05T07:13:09Z INFO [2430/3678] 4ba2355e-6644-4289-a5c9-6f8486369f13: does not qualify; 3.4 s; peak memory 7829 MiB.
2026-10-05T07:13:14Z INFO [2431/3678] 4ba577ee-c6ce-497d-bbaf-1290dea0f2f6: does not qualify; 4.7 s; peak memory 7829 MiB.
2026-10-05T07:13:15Z INFO [2432/3678] 4ba632f8-d11b-491e-826b-240da1cc29ec: does not qualify; 0.9 s; peak memory 7829 MiB.
2026-10-05T07:13:15Z INFO [2433/3678] 4ba64c36-d8aa-4502-9481-3b102fa19615: does not qualify; 0.9 s; peak memory 7829 MiB.
2026-10-05T07:13:19Z INFO [2434/3678] 4ba6f165-f73c-425c-8f34-3874e21589a6: does not qualify; 3.4 s; peak memory 7829 MiB.
2026-10-05T07:13:20Z INFO [2435/3678] 4ba728c3-160c-46eb-93fb-a74feb0ae9b4: does not qualify; 0.7 s; peak memory 7829 MiB.
2026-10-05T07:13:21Z INFO [2436/3678] 4ba72d40-6318-4852-84cf-9c06f4434b0b: does not qualify; 1.2 s; peak memory 7829 MiB.
2026-10-05T07:13:21Z INFO [2437/3678] 4ba7edeb-de01-4b29-b9f8-4e0bc750e269: does not qualify; 0.7 s; peak memory 7829 MiB.
2026-10-05T07:13:22Z INFO [2438/3678] 4ba7efbe-5e15-48db-8577-4a29b2293ed7: does not qualify; 0.8 s; peak memory 7829 MiB.
2026-10-05T07:13:23Z INFO [2439/3678] 4ba801f9-ec6e-4b61-a04d-dabc5894265a: does not qualify; 0.8 s; peak memory 7829 MiB.
2026-10-05T07:13:24Z INFO [2440/3678] 4ba836b5-39be-4d2a-afe8-eb90822b0fbc: does not qualify; 0.8 s; peak memory 7829 MiB.
2026-10-05T07:13:24Z INFO [2441/3678] 4ba83c0f-7eaf-4dd9-9287-fbf3020fb2bb: does not qualify; 0.7 s; peak memory 7829 MiB.
2026-10-05T07:13:26Z INFO [2442/3678] 4ba8a44e-37ef-4bc2-9534-ee60f442b124: does not qualify; 1.5 s; peak memory 7829 MiB.
2026-10-05T07:13:27Z INFO [2443/3678] 4ba91e9c-a84d-4cf2-91ec-bfc31736ff38: does not qualify; 0.8 s; peak memory 7829 MiB.
2026-10-05T07:13:28Z INFO [2444/3678] 4ba94771-29ab-4413-8ce2-6cf348dc17c5: does not qualify; 1.2 s; peak memory 7829 MiB.
2026-10-05T07:13:29Z INFO [2445/3678] 4ba94c64-25de-4c54-ae10-4e9fe1e0273a: does not qualify; 0.7 s; peak memory 7829 MiB.
2026-10-05T07:13:29Z INFO [2446/3678] 4ba967aa-2fbd-4b4b-bd5a-cfcecec4b43a: does not qualify; 0.5 s; peak memory 7829 MiB.
2026-10-05T07:13:31Z INFO [2447/3678] 4ba9cb5a-97ff-4307-8407-126b8c32a32a: does not qualify; 1.5 s; peak memory 7829 MiB.
2026-10-05T07:13:31Z INFO [2448/3678] 4bab271a-07a1-44d9-8f3f-549d11ed21e4: does not qualify; 0.4 s; peak memory 7829 MiB.
2026-10-05T07:13:35Z INFO [2449/3678] 4babaa19-8af5-4b9b-830e-c407cb5be5ca: does not qualify; 4.4 s; peak memory 7829 MiB.
2026-10-05T07:13:36Z INFO [2450/3678] 4babb921-8939-4bd8-bcf2-bac0d814f2d3: does not qualify; 0.8 s; peak memory 7829 MiB.
2026-10-05T07:13:36Z INFO [2450/3678] 4babb921-8939-4bd8-bcf2-bac0d814f2d3: checkpointed 64915 records.
2026-10-05T07:13:40Z INFO [2451/3678] 4bac6914-b4dc-4dac-ba9d-3e3f5aba989b: does not qualify; 3.5 s; peak memory 7829 MiB.
2026-10-05T07:13:41Z INFO [2452/3678] 4baf6c9d-979a-4029-adbb-41ac156e0395: does not qualify; 0.8 s; peak memory 7829 MiB.
2026-10-05T07:13:45Z INFO [2453/3678] 4baffe42-9b47-42d1-b7ec-e35ac98c139e: does not qualify; 4.4 s; peak memory 7829 MiB.
2026-10-05T07:13:46Z INFO [2454/3678] 4bb09c8e-730a-41af-81f2-a54545c2f7b8: does not qualify; 0.8 s; peak memory 7829 MiB.
2026-10-05T07:13:47Z INFO [2455/3678] 4bb0f117-2ea9-4d24-bdd3-7012f9b29b3d: does not qualify; 1.1 s; peak memory 7829 MiB.
2026-10-05T07:13:48Z INFO [2456/3678] 4bb10829-f6e9-4120-9863-ca97dcc6bf44: does not qualify; 0.7 s; peak memory 7829 MiB.
2026-10-05T07:13:49Z INFO [2457/3678] 4bb12315-c245-44c7-9821-bd884ac6707e: does not qualify; 1.0 s; peak memory 7829 MiB.
2026-10-05T07:13:49Z INFO [2458/3678] 4bb1bde2-7c1d-4c14-93dd-aaf6f216e282: does not qualify; 0.7 s; peak memory 7829 MiB.
2026-10-05T07:13:52Z INFO [2459/3678] 4bb32538-1684-4ef3-9221-4a85f245d1bf: does not qualify; 2.4 s; peak memory 7829 MiB.
2026-10-05T07:13:56Z INFO [2460/3678] 4bb5b30e-2417-4a82-95cd-d4aebeaa0b49: does not qualify; 4.2 s; peak memory 7829 MiB.
2026-10-05T07:14:02Z INFO [2461/3678] 4bb5db2f-3751-47e2-b77d-c84a4846a3a0: does not qualify; 5.6 s; peak memory 7829 MiB.
2026-10-05T07:14:02Z INFO [2462/3678] 4bb63c48-ea81-4b3d-b232-68cadf07c27d: does not qualify; 0.4 s; peak memory 7829 MiB.
2026-10-05T07:14:03Z INFO [2463/3678] 4bb72e63-33af-42cd-8d66-690ad019853a: does not qualify; 1.0 s; peak memory 7829 MiB.
2026-10-05T07:14:03Z INFO [2464/3678] 4bb73966-8fe9-45c9-81e7-a7a27a98dae9: does not qualify; 0.4 s; peak memory 7829 MiB.
2026-10-05T07:14:11Z INFO [2465/3678] 4bb7404b-bd1c-4f68-872d-112e057c27d3: does not qualify; 7.3 s; peak memory 7829 MiB.
2026-10-05T07:14:12Z INFO [2466/3678] 4bb75aad-e8bb-4f24-88bf-ce3d0b6297cc: does not qualify; 0.9 s; peak memory 7829 MiB.
2026-10-05T07:14:13Z INFO [2467/3678] 4bb8307e-d3de-4b2f-b80d-a96c54dacf5a: does not qualify; 1.0 s; peak memory 7829 MiB.
2026-10-05T07:14:13Z INFO [2468/3678] 4bb87237-1ba0-4c69-ac38-0d755efff567: does not qualify; 0.7 s; peak memory 7829 MiB.
2026-10-05T07:14:15Z INFO [2469/3678] 4bb92a63-9a9b-4ab7-9345-a2ea07ffbc96: does not qualify; 1.5 s; peak memory 7829 MiB.
2026-10-05T07:14:16Z INFO [2470/3678] 4bba847c-bc4c-4140-ab6f-ede206740ebf: does not qualify; 1.3 s; peak memory 7829 MiB.
2026-10-05T07:14:17Z INFO [2471/3678] 4bbad0e8-8eb7-4259-b459-4ee6653b0909: does not qualify; 0.8 s; peak memory 7829 MiB.
2026-10-05T07:14:18Z INFO [2472/3678] 4bbad7f5-8cd5-4664-9b38-b5a86e86dbff: does not qualify; 0.8 s; peak memory 7829 MiB.
2026-10-05T07:14:19Z INFO [2473/3678] 4bbb6400-23bc-4750-ba84-d8de5875d7be: does not qualify; 1.0 s; peak memory 7829 MiB.
2026-10-05T07:14:19Z INFO [2474/3678] 4bbb895c-dce0-4544-8a1d-b454395a6a90: does not qualify; 0.5 s; peak memory 7829 MiB.
2026-10-05T07:14:20Z INFO [2475/3678] 4bbb9264-9e89-4871-8e1b-41f06217ef9d: does not qualify; 0.8 s; peak memory 7829 MiB.
2026-10-05T07:14:21Z INFO [2476/3678] 4bbc08b5-17f7-45a0-99e6-15b174a3e15f: does not qualify; 0.9 s; peak memory 7829 MiB.
2026-10-05T07:14:22Z INFO [2477/3678] 4bbc959f-436e-4cba-abe7-65f40db7078e: does not qualify; 0.8 s; peak memory 7829 MiB.
2026-10-05T07:14:33Z INFO [2478/3678] 4bbce1ac-1a91-4cf0-b1b3-1eedb58219c8: does not qualify; 11.0 s; peak memory 7829 MiB.
2026-10-05T07:14:34Z INFO [2479/3678] 4bbd0d02-7a99-4049-afdb-a2384d594c3c: does not qualify; 0.6 s; peak memory 7829 MiB.
2026-10-05T07:14:36Z INFO [2480/3678] 4bbd86cd-a56e-4be1-8ce2-c1484a33a95a: does not qualify; 2.3 s; peak memory 7829 MiB.
2026-10-05T07:14:37Z INFO [2481/3678] 4bbda70d-6c51-4818-9393-cf7f056ec5b4: does not qualify; 0.8 s; peak memory 7829 MiB.
2026-10-05T07:14:37Z INFO [2482/3678] 4bbf4fae-4a81-4ea4-8515-4e7d7ede3b73: does not qualify; 0.8 s; peak memory 7829 MiB.
2026-10-05T07:14:38Z INFO [2483/3678] 4bbf83c4-10f4-4d4f-9f00-5eb540384d1a: does not qualify; 0.9 s; peak memory 7829 MiB.
2026-10-05T07:14:40Z INFO [2484/3678] 4bc04951-6260-4dd8-8b58-9dd6dd897858: does not qualify; 1.8 s; peak memory 7829 MiB.
2026-10-05T07:14:41Z INFO [2485/3678] 4bc0e8f4-d5b9-4f9c-8e13-42d7bd326753: does not qualify; 0.8 s; peak memory 7829 MiB.
2026-10-05T07:14:42Z INFO [2486/3678] 4bc0ebbb-c6b0-4a10-bc5f-c88fa69d3532: does not qualify; 1.1 s; peak memory 7829 MiB.
2026-10-05T07:14:43Z INFO [2487/3678] 4bc11a73-2f70-4717-a264-e24f9cae6c4b: does not qualify; 0.6 s; peak memory 7829 MiB.
2026-10-05T07:14:43Z INFO [2488/3678] 4bc15e74-bdeb-4b16-b57d-12870f1673ee: does not qualify; 0.8 s; peak memory 7829 MiB.
2026-10-05T07:14:45Z INFO [2489/3678] 4bc1af55-4bbe-4e6f-8798-3b97475bd979: does not qualify; 1.3 s; peak memory 7829 MiB.
2026-10-05T07:14:45Z INFO [2490/3678] 4bc2daf5-8703-4676-ae7c-d6e9346afd94: does not qualify; 0.7 s; peak memory 7829 MiB.
2026-10-05T07:14:51Z INFO [2491/3678] 4bc321bf-8063-4ab2-b60d-1c362b4e8bbe: does not qualify; 5.5 s; peak memory 7829 MiB.
2026-10-05T07:14:52Z INFO [2492/3678] 4bc3fe8d-b16c-46ae-b7c4-d61334495c33: does not qualify; 1.0 s; peak memory 7829 MiB.
2026-10-05T07:14:53Z INFO [2493/3678] 4bc510ec-56f2-445f-96a9-91eac5a196a0: does not qualify; 0.9 s; peak memory 7829 MiB.
2026-10-05T07:14:55Z INFO [2494/3678] 4bc5e725-80f5-4bfd-b97b-374ce8e2d26a: does not qualify; 2.1 s; peak memory 7829 MiB.
2026-10-05T07:14:55Z INFO [2495/3678] 4bc6ad07-af8a-4836-9762-5ce87aa35c83: does not qualify; 0.7 s; peak memory 7829 MiB.
2026-10-05T07:14:57Z INFO [2496/3678] 4bc74c90-db08-4c97-8bd4-e9a87e5d4c44: does not qualify; 1.2 s; peak memory 7829 MiB.
2026-10-05T07:14:57Z INFO [2497/3678] 4bc891ec-6541-4069-bb33-ef9720117d06: does not qualify; 0.8 s; peak memory 7829 MiB.
2026-10-05T07:15:01Z INFO [2498/3678] 4bc8a214-361d-4133-a929-c90a645b3b7b: does not qualify; 4.0 s; peak memory 7829 MiB.
2026-10-05T07:15:02Z INFO [2499/3678] 4bc8bc82-5be8-4216-936e-f4d7930591d8: does not qualify; 0.9 s; peak memory 7829 MiB.
2026-10-05T07:15:08Z INFO [2500/3678] 4bc8f960-6678-4457-948f-373559677cb8: does not qualify; 5.9 s; peak memory 7829 MiB.
2026-10-05T07:15:08Z INFO [2500/3678] 4bc8f960-6678-4457-948f-373559677cb8: checkpointed 64965 records.
2026-10-05T07:15:09Z INFO [2501/3678] 4bc8fc4e-724d-483e-a4c7-71f8d8312385: does not qualify; 0.4 s; peak memory 7829 MiB.
2026-10-05T07:15:10Z INFO [2502/3678] 4bc90942-4831-4bf3-a904-3cfad3d67d7a: does not qualify; 1.6 s; peak memory 7829 MiB.
2026-10-05T07:15:17Z INFO [2503/3678] 4bc920e4-6013-4e49-acf8-60dda660c7c5: does not qualify; 6.6 s; peak memory 7829 MiB.
2026-10-05T07:15:21Z INFO [2504/3678] 4bc989dd-c7e3-46e8-b53e-14b8b4604d04: does not qualify; 4.2 s; peak memory 7829 MiB.
2026-10-05T07:15:22Z INFO [2505/3678] 4bc9bc13-a0b6-46f4-a09a-853254136f81: does not qualify; 0.8 s; peak memory 7829 MiB.
2026-10-05T07:15:23Z INFO [2506/3678] 4bca1462-7d9f-4a2a-a597-f92002afb150: does not qualify; 0.9 s; peak memory 7829 MiB.
2026-10-05T07:15:28Z INFO [2507/3678] 4bcb7d3d-d0fc-41c1-b9d2-5a926648059c: does not qualify; 4.8 s; peak memory 7829 MiB.
2026-10-05T07:15:29Z INFO [2508/3678] 4bcc03f6-c98c-4d10-a687-2d40e90d0570: does not qualify; 0.9 s; peak memory 7829 MiB.
2026-10-05T07:15:29Z INFO [2509/3678] 4bcc04ee-bb4d-4748-bd28-3be296615c85: does not qualify; 0.7 s; peak memory 7829 MiB.
2026-10-05T07:15:30Z INFO [2510/3678] 4bcc0a50-a3de-4854-b6d7-b639f5ec9044: does not qualify; 0.8 s; peak memory 7829 MiB.
2026-10-05T07:15:36Z INFO [2511/3678] 4bcc1f05-5584-4f5c-bf7f-4e317290ad40: does not qualify; 5.8 s; peak memory 7829 MiB.
2026-10-05T07:15:36Z INFO [2512/3678] 4bcc4c07-6f9b-419f-af8c-0fa2d66710a9: does not qualify; 0.6 s; peak memory 7829 MiB.
2026-10-05T07:15:38Z INFO [2513/3678] 4bccc5c8-0514-4dfb-88e8-41eca0bd5697: does not qualify; 1.7 s; peak memory 7829 MiB.
2026-10-05T07:15:39Z INFO [2514/3678] 4bcdfb73-5c6f-4bf7-ac6d-aa8700903590: does not qualify; 0.9 s; peak memory 7829 MiB.
2026-10-05T07:15:40Z INFO [2515/3678] 4bd02c1f-7067-472b-9fca-490f444c9649: does not qualify; 0.8 s; peak memory 7829 MiB.
2026-10-05T07:15:40Z INFO [2516/3678] 4bd0c26d-9932-4ae5-96cd-132fe916a4bc: does not qualify; 0.5 s; peak memory 7829 MiB.
2026-10-05T07:15:45Z INFO [2517/3678] 4bd385fc-febf-45dc-8b29-3326e0ec478c: does not qualify; 4.5 s; peak memory 7829 MiB.
2026-10-05T07:15:55Z INFO [2518/3678] 4bd44b7b-c705-4cfc-8ee3-1255ccd3a864: does not qualify; 9.7 s; peak memory 7829 MiB.
2026-10-05T07:15:55Z INFO [2519/3678] 4bd4892f-8b25-4e93-adae-ff9d4878a557: does not qualify; 0.7 s; peak memory 7829 MiB.
2026-10-05T07:15:57Z INFO [2520/3678] 4bd4f941-f36f-45db-a778-756bdf26013b: does not qualify; 1.5 s; peak memory 7829 MiB.
2026-10-05T07:15:57Z INFO [2521/3678] 4bd5bd23-60e5-4272-afbe-2488cf439cb2: does not qualify; 0.5 s; peak memory 7829 MiB.
2026-10-05T07:15:58Z INFO [2522/3678] 4bd66b16-2a1c-4509-b0d9-7fae93762d46: does not qualify; 0.5 s; peak memory 7829 MiB.
2026-10-05T07:16:02Z INFO [2523/3678] 4bd686ff-898a-4df3-bd6d-2714b623041b: does not qualify; 4.0 s; peak memory 7829 MiB.
2026-10-05T07:16:03Z INFO [2524/3678] 4bd76101-4e6f-40a3-9cac-eb53155081d0: does not qualify; 0.7 s; peak memory 7829 MiB.
2026-10-05T07:16:04Z INFO [2525/3678] 4bd7c800-3f1f-42cb-8f8a-36f4e1eb2cbd: does not qualify; 1.1 s; peak memory 7829 MiB.
2026-10-05T07:16:04Z INFO [2526/3678] 4bd92036-c56c-4e1c-a165-d45cf0068220: does not qualify; 0.9 s; peak memory 7829 MiB.
2026-10-05T07:16:06Z INFO [2527/3678] 4bda379e-22ce-4321-8298-85696d24c8b8: does not qualify; 1.3 s; peak memory 7829 MiB.
2026-10-05T07:16:06Z INFO [2528/3678] 4bda42c2-c103-44b8-a5e3-5780246fd08e: does not qualify; 0.6 s; peak memory 7829 MiB.
2026-10-05T07:16:07Z INFO [2529/3678] 4bdaa865-7c72-4447-8c9c-ff228fa4f1fa: does not qualify; 0.7 s; peak memory 7829 MiB.
2026-10-05T07:16:08Z INFO [2530/3678] 4bdb6222-83c3-4c7f-9df4-55876d0936d3: does not qualify; 0.6 s; peak memory 7829 MiB.
2026-10-05T07:16:09Z INFO [2531/3678] 4bdb87fe-eba5-4f8a-884a-3a4941f31d50: does not qualify; 1.0 s; peak memory 7829 MiB.
2026-10-05T07:16:10Z INFO [2532/3678] 4bdc01e1-b319-444e-b62e-fe7a4f66e684: does not qualify; 1.0 s; peak memory 7829 MiB.
2026-10-05T07:16:10Z INFO [2533/3678] 4bdd0ac7-3229-47bf-ae48-5f6dd477bb58: does not qualify; 0.8 s; peak memory 7829 MiB.
2026-10-05T07:16:12Z INFO [2534/3678] 4bdd16db-bc13-4f42-a998-596b3c2fb454: does not qualify; 1.6 s; peak memory 7829 MiB.
2026-10-05T07:16:13Z INFO [2535/3678] 4bdd4dac-05be-436d-bed8-80564a4e5605: does not qualify; 0.7 s; peak memory 7829 MiB.
2026-10-05T07:16:14Z INFO [2536/3678] 4bddeec0-0f53-463a-a633-610f8b881204: does not qualify; 1.0 s; peak memory 7829 MiB.
2026-10-05T07:16:15Z INFO [2537/3678] 4bdec71b-431a-4662-a444-6e041c31e431: does not qualify; 0.8 s; peak memory 7829 MiB.
2026-10-05T07:16:15Z INFO [2538/3678] 4bdf1bed-6ba4-4e5f-ba83-dce7f9d0085c: does not qualify; 0.8 s; peak memory 7829 MiB.
2026-10-05T07:16:17Z INFO [2539/3678] 4bdf8d29-d054-4f10-a1b8-752c7d87f15b: does not qualify; 1.4 s; peak memory 7829 MiB.
2026-10-05T07:16:21Z INFO [2540/3678] 4be0666a-f11a-4087-a90b-e75a4fc7ef6f: does not qualify; 4.0 s; peak memory 7829 MiB.
2026-10-05T07:16:22Z INFO [2541/3678] 4be0acf6-ee36-412a-aedd-47c94bb9ebbb: does not qualify; 0.8 s; peak memory 7829 MiB.
2026-10-05T07:16:23Z INFO [2542/3678] 4be0e11d-f8a3-44e3-afa4-2ab1b1c691e7: does not qualify; 0.9 s; peak memory 7829 MiB.
2026-10-05T07:16:24Z INFO [2543/3678] 4be1d912-74bd-4bf5-b739-3b02fee8137f: does not qualify; 1.5 s; peak memory 7829 MiB.
2026-10-05T07:16:25Z INFO [2544/3678] 4be25784-a657-44f0-a14d-57299f2fa82a: does not qualify; 0.9 s; peak memory 7829 MiB.
2026-10-05T07:16:27Z INFO [2545/3678] 4be2e6f0-1466-444b-8da6-6bb6fe6ccb6e: does not qualify; 1.7 s; peak memory 7829 MiB.
2026-10-05T07:16:28Z INFO [2546/3678] 4be2fa9d-f812-44a0-b2cc-3180b6b790cf: does not qualify; 1.0 s; peak memory 7829 MiB.
2026-10-05T07:16:29Z INFO [2547/3678] 4be3bc62-ffc8-48f1-9dbc-2e22a16b17bd: does not qualify; 1.0 s; peak memory 7829 MiB.
2026-10-05T07:16:29Z INFO [2548/3678] 4be49c0d-26a9-4bb0-8176-473e8ce0d163: does not qualify; 0.5 s; peak memory 7829 MiB.
2026-10-05T07:16:30Z INFO [2549/3678] 4be4c9e4-0ec1-4fbd-8e2a-1ba3ceb54362: does not qualify; 1.0 s; peak memory 7829 MiB.
2026-10-05T07:16:31Z INFO [2550/3678] 4be4e382-a13f-4013-9480-d26d08b2a8de: does not qualify; 1.0 s; peak memory 7829 MiB.
2026-10-05T07:16:31Z INFO [2550/3678] 4be4e382-a13f-4013-9480-d26d08b2a8de: checkpointed 65015 records.
2026-10-05T07:16:32Z INFO [2551/3678] 4be4e519-120b-423c-95f3-1acab854fe68: does not qualify; 0.4 s; peak memory 7829 MiB.
2026-10-05T07:16:32Z INFO [2552/3678] 4be56574-dbf1-48ee-afff-76efce79c86c: does not qualify; 0.7 s; peak memory 7829 MiB.
2026-10-05T07:16:36Z INFO [2553/3678] 4be66afd-4b3b-4989-8748-1e20c5852271: does not qualify; 3.6 s; peak memory 7829 MiB.
2026-10-05T07:16:37Z INFO [2554/3678] 4be6b47b-fd9a-4aa3-b62d-56bc427ca6c2: does not qualify; 0.8 s; peak memory 7829 MiB.
2026-10-05T07:16:38Z INFO [2555/3678] 4be763c6-7975-4d6c-ba17-42aa9446934e: does not qualify; 1.0 s; peak memory 7829 MiB.
2026-10-05T07:16:39Z INFO [2556/3678] 4be7bc36-e517-46a0-9972-f4281616549b: does not qualify; 0.8 s; peak memory 7829 MiB.
2026-10-05T07:16:39Z INFO [2557/3678] 4be907e8-7bd1-42f4-ab22-a7bc945c85d2: does not qualify; 0.7 s; peak memory 7829 MiB.
2026-10-05T07:16:40Z INFO [2558/3678] 4bea19df-8955-495a-a5d5-43419aa48bc7: does not qualify; 0.7 s; peak memory 7829 MiB.
2026-10-05T07:16:40Z INFO [2559/3678] 4beb0bdb-6831-437a-a60d-51c30230da40: does not qualify; 0.4 s; peak memory 7829 MiB.
2026-10-05T07:16:56Z INFO [2560/3678] 4bec5472-8876-4148-aaa6-d8aeaf36d597: does not qualify; 15.7 s; peak memory 7829 MiB.
2026-10-05T07:16:57Z INFO [2561/3678] 4bec8abf-0c50-4d91-b92f-c7388c64641f: does not qualify; 0.8 s; peak memory 7829 MiB.
2026-10-05T07:16:58Z INFO [2562/3678] 4becffb9-3781-4762-b6c5-91188bd62934: does not qualify; 0.9 s; peak memory 7829 MiB.
2026-10-05T07:16:59Z INFO [2563/3678] 4bedb6cb-c680-4b53-a789-e381aa40bd6a: does not qualify; 1.2 s; peak memory 7829 MiB.
2026-10-05T07:16:59Z INFO [2564/3678] 4bee0509-b01a-4917-92cc-d238fdee5f3e: does not qualify; 0.5 s; peak memory 7829 MiB.
2026-10-05T07:17:00Z INFO [2565/3678] 4bee979a-8dd3-4f98-a701-c740d777e8bb: does not qualify; 0.9 s; peak memory 7829 MiB.
2026-10-05T07:17:04Z INFO [2566/3678] 4befc8fb-387e-48ae-8ccc-4560f0be7d6c: does not qualify; 3.8 s; peak memory 7829 MiB.
2026-10-05T07:17:05Z INFO [2567/3678] 4bf037e2-f947-4a4f-aada-6ec808db1fa7: does not qualify; 1.0 s; peak memory 7829 MiB.
2026-10-05T07:17:06Z INFO [2568/3678] 4bf1d0d8-35e3-4436-99ee-55584b95b7f8: does not qualify; 1.0 s; peak memory 7829 MiB.
2026-10-05T07:17:11Z INFO [2569/3678] 4bf1f007-749b-4bca-83d6-b777ece5251a: does not qualify; 5.0 s; peak memory 7829 MiB.
2026-10-05T07:17:12Z INFO [2570/3678] 4bf25038-edbe-45c5-a9cc-08956d3b1167: does not qualify; 1.2 s; peak memory 7829 MiB.
2026-10-05T07:17:13Z INFO [2571/3678] 4bf2f9ab-ad83-41a9-a81f-e48dd891fe6f: does not qualify; 1.0 s; peak memory 7829 MiB.
2026-10-05T07:17:14Z INFO [2572/3678] 4bf30f08-2590-491c-ab5a-aed1eb53d699: does not qualify; 0.6 s; peak memory 7829 MiB.
2026-10-05T07:17:15Z INFO [2573/3678] 4bf34657-ed0e-442b-b2db-cc7f91c6cbeb: does not qualify; 0.8 s; peak memory 7829 MiB.
2026-10-05T07:17:16Z INFO [2574/3678] 4bf481aa-048a-442f-8b60-afe4a6d38e4a: does not qualify; 1.0 s; peak memory 7829 MiB.
2026-10-05T07:17:16Z INFO [2575/3678] 4bf58358-037e-437d-a510-056d9d577989: does not qualify; 0.8 s; peak memory 7829 MiB.
2026-10-05T07:17:17Z INFO [2576/3678] 4bf58b2b-441c-4cb0-a66a-2208549d3310: does not qualify; 0.9 s; peak memory 7829 MiB.
2026-10-05T07:17:22Z INFO [2577/3678] 4bf598b8-682d-4114-94cd-1f92015a53e5: does not qualify; 4.3 s; peak memory 7829 MiB.
2026-10-05T07:17:23Z INFO [2578/3678] 4bf663d2-cec4-4060-9871-dcccf379af2c: does not qualify; 0.9 s; peak memory 7829 MiB.
2026-10-05T07:17:27Z INFO [2579/3678] 4bf6bfd7-48ce-4221-90a9-7a198a2805e5: does not qualify; 4.8 s; peak memory 7829 MiB.
2026-10-05T07:17:28Z INFO [2580/3678] 4bf7a286-3b9c-4ae5-9ba8-a86bad010bf6: does not qualify; 0.8 s; peak memory 7829 MiB.
2026-10-05T07:17:29Z INFO [2581/3678] 4bf7c69f-12d2-48e4-8ab4-d47aeae994bd: does not qualify; 0.8 s; peak memory 7829 MiB.
2026-10-05T07:17:30Z INFO [2582/3678] 4bf7cfae-7f12-49ac-8bca-4ebfbdc41053: does not qualify; 0.8 s; peak memory 7829 MiB.
2026-10-05T07:17:31Z INFO [2583/3678] 4bf7e7d3-fd4e-46be-babf-0c1d4d6eb565: does not qualify; 0.9 s; peak memory 7829 MiB.
2026-10-05T07:17:31Z INFO [2584/3678] 4bf7ed1d-b36f-433f-900f-a9850f2cb032: does not qualify; 0.6 s; peak memory 7829 MiB.
2026-10-05T07:17:32Z INFO [2585/3678] 4bf841c2-5270-4d10-a6a7-2aa3755e5d09: does not qualify; 0.8 s; peak memory 7829 MiB.
2026-10-05T07:17:35Z INFO [2586/3678] 4bf85083-987f-4065-bc2a-3ee5d1c8b666: does not qualify; 3.0 s; peak memory 7829 MiB.
2026-10-05T07:17:36Z INFO [2587/3678] 4bf86222-5d72-4309-9c68-aff97babcde6: does not qualify; 0.6 s; peak memory 7829 MiB.
2026-10-05T07:17:36Z INFO [2588/3678] 4bf8ba31-fdcf-436d-a26e-dd7b41854de8: does not qualify; 0.7 s; peak memory 7829 MiB.
2026-10-05T07:17:37Z INFO [2589/3678] 4bf95cd7-c6c3-41db-8488-a42dd425a664: does not qualify; 0.8 s; peak memory 7829 MiB.
2026-10-05T07:17:39Z INFO [2590/3678] 4bfaa296-995b-4ab0-966e-acaa23963fb8: does not qualify; 1.6 s; peak memory 7829 MiB.
2026-10-05T07:17:40Z INFO [2591/3678] 4bfad255-11c0-484f-a66d-5c6d02be58a2: does not qualify; 1.3 s; peak memory 7829 MiB.
2026-10-05T07:17:41Z INFO [2592/3678] 4bfb65cd-7237-4aa1-b23b-6dba6b1128dd: does not qualify; 0.9 s; peak memory 7829 MiB.
2026-10-05T07:17:42Z INFO [2593/3678] 4bfb8b4b-b567-4775-a9bf-3e6011c2a7ef: does not qualify; 0.6 s; peak memory 7829 MiB.
2026-10-05T07:17:43Z INFO [2594/3678] 4bfbbef6-7373-4a88-b5d7-6fe11209aa7a: does not qualify; 1.6 s; peak memory 7829 MiB.
2026-10-05T07:17:44Z INFO [2595/3678] 4bfcfdf5-0121-4810-b881-37a9438a781d: does not qualify; 0.9 s; peak memory 7829 MiB.
2026-10-05T07:17:48Z INFO [2596/3678] 4bfd3066-4ffc-4d58-9c44-04ce8358a1c2: does not qualify; 3.8 s; peak memory 7829 MiB.
2026-10-05T07:17:50Z INFO [2597/3678] 4bfe60d9-ce12-42bf-b35a-d2cdc137788c: does not qualify; 1.8 s; peak memory 7829 MiB.
2026-10-05T07:17:50Z INFO [2598/3678] 4bfebf10-197a-444d-924b-3d40a7f7a21b: does not qualify; 0.4 s; peak memory 7829 MiB.
2026-10-05T07:17:51Z INFO [2599/3678] 4bff0c0f-aae0-4984-84fd-d8933cbce79c: does not qualify; 0.4 s; peak memory 7829 MiB.
2026-10-05T07:17:51Z INFO [2600/3678] 4bff347a-f93e-453e-821e-7d06ae0fc748: does not qualify; 0.6 s; peak memory 7829 MiB.
2026-10-05T07:17:51Z INFO [2600/3678] 4bff347a-f93e-453e-821e-7d06ae0fc748: checkpointed 65065 records.
2026-10-05T07:17:52Z INFO [2601/3678] 4c00b38d-a09a-4a48-9ed4-85b5fee10f8c: does not qualify; 0.8 s; peak memory 7829 MiB.
2026-10-05T07:17:55Z INFO [2602/3678] 4c0103f8-4c5d-4a48-9bc0-85866fea8e41: does not qualify; 2.6 s; peak memory 7829 MiB.
2026-10-05T07:17:56Z INFO [2603/3678] 4c015ec3-b4bf-4ef2-95ab-543dce02c103: does not qualify; 0.9 s; peak memory 7829 MiB.
2026-10-05T07:18:00Z INFO [2604/3678] 4c01acf9-6f5c-4ddb-95bd-38e91dd9d8a8: does not qualify; 4.8 s; peak memory 7829 MiB.
2026-10-05T07:18:01Z INFO [2605/3678] 4c02c86b-5c88-4554-bd9f-a2825adae690: does not qualify; 0.7 s; peak memory 7829 MiB.
2026-10-05T07:18:06Z INFO [2606/3678] 4c03060e-acab-4cd6-a7bb-1fdc6e001baa: does not qualify; 4.6 s; peak memory 7829 MiB.
2026-10-05T07:18:07Z INFO [2607/3678] 4c04e119-b91b-4dee-8de8-7d4f70f34fab: does not qualify; 0.9 s; peak memory 7829 MiB.
2026-10-05T07:18:07Z INFO [2608/3678] 4c055b41-49fd-41eb-9d7c-646c493aa2fa: does not qualify; 0.9 s; peak memory 7829 MiB.
2026-10-05T07:18:11Z INFO [2609/3678] 4c05e543-c0a6-4618-bd0d-ba24a049cf12: does not qualify; 3.8 s; peak memory 7829 MiB.
2026-10-05T07:18:14Z INFO [2610/3678] 4c072bd0-66cb-4b75-b2bb-1ad979d415a1: does not qualify; 2.6 s; peak memory 7829 MiB.
2026-10-05T07:18:15Z INFO [2611/3678] 4c0808b3-ce81-47f5-b2dc-5ddaaa5b25d8: does not qualify; 0.8 s; peak memory 7829 MiB.
2026-10-05T07:18:16Z INFO [2612/3678] 4c087bdc-771b-4b99-91e6-830f96b647e4: does not qualify; 1.5 s; peak memory 7829 MiB.
2026-10-05T07:18:18Z INFO [2613/3678] 4c089089-2670-44c5-8e76-53ba7d303365: does not qualify; 2.1 s; peak memory 7829 MiB.
2026-10-05T07:18:19Z INFO [2614/3678] 4c08e8ac-16c8-4aea-97f8-5ec27d0db45f: does not qualify; 1.2 s; peak memory 7829 MiB.
2026-10-05T07:18:20Z INFO [2615/3678] 4c09cf72-aeb8-4cb2-8379-ca18aa72e7d1: does not qualify; 0.7 s; peak memory 7829 MiB.
2026-10-05T07:18:21Z INFO [2616/3678] 4c0a5905-4137-4a65-894c-fc2e947c3042: does not qualify; 0.6 s; peak memory 7829 MiB.
2026-10-05T07:18:22Z INFO [2617/3678] 4c0ab19b-1877-4ede-b399-bbb0ff92eb5b: does not qualify; 0.8 s; peak memory 7829 MiB.
2026-10-05T07:18:26Z INFO [2618/3678] 4c0ac304-9f45-47d6-9481-997d38383254: does not qualify; 4.7 s; peak memory 7829 MiB.
2026-10-05T07:18:30Z INFO [2619/3678] 4c0acbb6-0338-4a36-94c3-55f5a0ffba44: does not qualify; 4.3 s; peak memory 7829 MiB.
2026-10-05T07:18:32Z INFO [2620/3678] 4c0b2fc1-efc9-43ca-8b34-907f5f3fbaef: does not qualify; 1.1 s; peak memory 7829 MiB.
2026-10-05T07:18:32Z INFO [2621/3678] 4c0b5c53-59a5-40f0-b43e-d014e4b7ccee: does not qualify; 0.5 s; peak memory 7829 MiB.
2026-10-05T07:18:36Z INFO [2622/3678] 4c0ce0f1-3542-4137-a8bd-29ace00b77a8: does not qualify; 4.2 s; peak memory 7829 MiB.
2026-10-05T07:18:42Z INFO [2623/3678] 4c0e66c3-7c44-4044-b18b-71e71a70058f: does not qualify; 6.2 s; peak memory 7829 MiB.
2026-10-05T07:18:47Z INFO [2624/3678] 4c0ea683-ea41-4401-a0eb-34e7c8a8d4be: does not qualify; 4.2 s; peak memory 7829 MiB.
2026-10-05T07:18:48Z INFO [2625/3678] 4c0ec643-5763-4bdc-b6ab-679c891c1514: does not qualify; 1.1 s; peak memory 7829 MiB.
2026-10-05T07:18:48Z INFO [2626/3678] 4c0f2ee7-d355-4aeb-9676-af077316da4e: does not qualify; 0.5 s; peak memory 7829 MiB.
2026-10-05T07:18:49Z INFO [2627/3678] 4c0f37cd-bd22-4b05-a273-0917bb69455c: does not qualify; 1.2 s; peak memory 7829 MiB.
2026-10-05T07:18:51Z INFO [2628/3678] 4c108d88-9689-4872-89eb-57ff5f7fe88e: does not qualify; 1.5 s; peak memory 7829 MiB.
2026-10-05T07:18:52Z INFO [2629/3678] 4c10a1e9-b2c2-4cac-9e2d-3453e47a21d1: does not qualify; 0.8 s; peak memory 7829 MiB.
2026-10-05T07:18:53Z INFO [2630/3678] 4c10eb8f-7901-4851-ae14-892bf5d423f3: does not qualify; 1.1 s; peak memory 7829 MiB.
2026-10-05T07:18:56Z INFO [2631/3678] 4c1154b4-8673-42b7-aeb4-9f56d026ef6b: does not qualify; 2.8 s; peak memory 7829 MiB.
2026-10-05T07:18:57Z INFO [2632/3678] 4c1199f6-ddee-4f39-b9de-a1b0b1b7284e: does not qualify; 1.6 s; peak memory 7829 MiB.
2026-10-05T07:18:58Z INFO [2633/3678] 4c1228a8-e132-46fb-843e-4c558a20ee48: does not qualify; 0.9 s; peak memory 7829 MiB.
2026-10-05T07:18:59Z INFO [2634/3678] 4c1253a6-d176-4954-995b-8b08baccdfdd: does not qualify; 0.7 s; peak memory 7829 MiB.
2026-10-05T07:19:05Z INFO [2635/3678] 4c132e83-db11-4546-828f-2abeb0bff743: does not qualify; 6.1 s; peak memory 7829 MiB.
2026-10-05T07:19:06Z INFO [2636/3678] 4c136d7d-8c69-4ddc-aa81-23aaf9def656: does not qualify; 0.9 s; peak memory 7829 MiB.
2026-10-05T07:19:08Z INFO [2637/3678] 4c13b4d1-2ddd-45ab-afb5-1ebdc83afe0a: does not qualify; 1.8 s; peak memory 7829 MiB.
2026-10-05T07:19:08Z INFO [2638/3678] 4c148694-77b3-4bd9-8df4-7cf7d18d9ee0: does not qualify; 0.7 s; peak memory 7829 MiB.
2026-10-05T07:19:09Z INFO [2639/3678] 4c14fed4-cc6e-4e3d-909f-f66fc4b17b69: does not qualify; 0.8 s; peak memory 7829 MiB.
2026-10-05T07:19:10Z INFO [2640/3678] 4c154ab3-ca23-4cbd-b240-ee1cfe840a0c: does not qualify; 1.0 s; peak memory 7829 MiB.
2026-10-05T07:19:11Z INFO [2641/3678] 4c157fbc-6b76-4147-b65c-62cff019e060: does not qualify; 0.9 s; peak memory 7829 MiB.
2026-10-05T07:19:12Z INFO [2642/3678] 4c161707-85ca-40c1-a81a-360e5877f848: does not qualify; 0.8 s; peak memory 7829 MiB.
2026-10-05T07:19:13Z INFO [2643/3678] 4c171b52-a6a3-4d1b-98de-77ef92fa67f5: does not qualify; 0.7 s; peak memory 7829 MiB.
2026-10-05T07:19:15Z INFO [2644/3678] 4c173ca0-3ff8-4c2d-9436-8df1de3b6f04: does not qualify; 2.1 s; peak memory 7829 MiB.
2026-10-05T07:19:16Z INFO [2645/3678] 4c18b691-0570-4e43-a07b-bff2b0f681dd: does not qualify; 0.9 s; peak memory 7829 MiB.
2026-10-05T07:19:16Z INFO [2646/3678] 4c1923c6-3d20-4ac6-8ba6-1dbc7bd91d6a: does not qualify; 0.8 s; peak memory 7829 MiB.
2026-10-05T07:19:22Z INFO [2647/3678] 4c19e808-f781-4fd7-9d73-d1317f46d98a: does not qualify; 5.9 s; peak memory 7829 MiB.
2026-10-05T07:19:23Z INFO [2648/3678] 4c19f487-3a1e-48b3-9fe7-bb3cc4d1f058: does not qualify; 0.7 s; peak memory 7829 MiB.
2026-10-05T07:19:24Z INFO [2649/3678] 4c1a6365-79c7-4f9b-8eb4-1cef12bf6c78: does not qualify; 1.1 s; peak memory 7829 MiB.
2026-10-05T07:19:25Z INFO [2650/3678] 4c1a74b9-44d5-4cf6-8818-1c2cbaf618fd: does not qualify; 0.7 s; peak memory 7829 MiB.
2026-10-05T07:19:25Z INFO [2650/3678] 4c1a74b9-44d5-4cf6-8818-1c2cbaf618fd: checkpointed 65115 records.
2026-10-05T07:19:26Z INFO [2651/3678] 4c1a91a7-d541-4499-b23c-4a3438134510: does not qualify; 0.7 s; peak memory 7829 MiB.
2026-10-05T07:19:27Z INFO [2652/3678] 4c1bb75c-0949-49a2-9acc-2e3a456c6bda: does not qualify; 0.9 s; peak memory 7829 MiB.
2026-10-05T07:19:28Z INFO [2653/3678] 4c1c0520-882a-4c82-8c90-c3d69a4e1bbc: does not qualify; 1.1 s; peak memory 7829 MiB.
2026-10-05T07:19:29Z INFO [2654/3678] 4c1c15a4-66dc-4dd8-8b90-5041aa88a826: qualifies; 1.1 s; peak memory 7829 MiB.
2026-10-05T07:19:30Z INFO [2655/3678] 4c1c9ac2-4e49-48f9-8714-f52a0908f4d4: does not qualify; 0.7 s; peak memory 7829 MiB.
2026-10-05T07:19:30Z INFO [2656/3678] 4c1d094b-f546-4415-9373-ef3c148fdb38: does not qualify; 0.9 s; peak memory 7829 MiB.
2026-10-05T07:19:32Z INFO [2657/3678] 4c1d67fd-94c7-4c46-8235-477dae7f54fc: does not qualify; 1.2 s; peak memory 7829 MiB.
2026-10-05T07:19:32Z INFO [2658/3678] 4c1d87bd-c2b4-4bcd-b647-f9d0af936a7e: does not qualify; 0.7 s; peak memory 7829 MiB.
2026-10-05T07:19:34Z INFO [2659/3678] 4c1dcc60-b720-4b65-b3d5-19c20efb877c: does not qualify; 1.7 s; peak memory 7829 MiB.
2026-10-05T07:19:35Z INFO [2660/3678] 4c207f7a-c6ab-4851-9fdd-0cc8f79001f6: does not qualify; 0.7 s; peak memory 7829 MiB.
2026-10-05T07:19:36Z INFO [2661/3678] 4c20ecc5-f2d0-4ac2-b043-a3493ed7416f: does not qualify; 1.3 s; peak memory 7829 MiB.
2026-10-05T07:19:37Z INFO [2662/3678] 4c213c0d-1cc1-452c-9d67-86dcc5a581fa: does not qualify; 0.7 s; peak memory 7829 MiB.
2026-10-05T07:19:37Z INFO [2663/3678] 4c214db1-7c4d-49c4-9033-4b4394e9857a: does not qualify; 0.4 s; peak memory 7829 MiB.
2026-10-05T07:19:38Z INFO [2664/3678] 4c220a58-7858-435c-ae04-462c5a644446: does not qualify; 0.8 s; peak memory 7829 MiB.
2026-10-05T07:19:38Z INFO [2665/3678] 4c222f72-ec83-4e70-bc63-422991dbfb79: does not qualify; 0.4 s; peak memory 7829 MiB.
2026-10-05T07:19:39Z INFO [2666/3678] 4c22b20c-c72c-4269-b7cc-0910fa27b9c6: does not qualify; 1.0 s; peak memory 7829 MiB.
2026-10-05T07:19:40Z INFO [2667/3678] 4c22cbbe-af7c-4196-b0d3-4e80b3f187f6: does not qualify; 0.6 s; peak memory 7829 MiB.
2026-10-05T07:19:44Z INFO [2668/3678] 4c23cf93-4057-4c67-a4ca-9547bf502b07: does not qualify; 3.7 s; peak memory 7829 MiB.
2026-10-05T07:19:45Z INFO [2669/3678] 4c2406ee-ecd9-4015-bb96-df7eb6ed3895: does not qualify; 1.4 s; peak memory 7829 MiB.
2026-10-05T07:19:46Z INFO [2670/3678] 4c246d89-215a-4740-a4df-3e370bde7458: does not qualify; 0.7 s; peak memory 7829 MiB.
2026-10-05T07:19:47Z INFO [2671/3678] 4c24c326-9d38-4be4-8be7-6ae4124df9ba: does not qualify; 0.8 s; peak memory 7829 MiB.
2026-10-05T07:19:48Z INFO [2672/3678] 4c25241b-19da-4939-ae54-638c5d2ff934: does not qualify; 1.4 s; peak memory 7829 MiB.
2026-10-05T07:19:49Z INFO [2673/3678] 4c252664-5a90-4758-84cf-bcc4e25ad52e: does not qualify; 1.3 s; peak memory 7829 MiB.
2026-10-05T07:19:50Z INFO [2674/3678] 4c2539c1-54ef-4b39-b105-4deae8adfdd8: does not qualify; 0.9 s; peak memory 7829 MiB.
2026-10-05T07:19:51Z INFO [2675/3678] 4c25dd8e-9d78-4ec7-9343-d6c8e3b5c798: does not qualify; 0.6 s; peak memory 7829 MiB.
2026-10-05T07:19:53Z INFO [2676/3678] 4c2606b7-4356-4fbf-9bdb-363c542913b8: does not qualify; 2.1 s; peak memory 7829 MiB.
2026-10-05T07:19:54Z INFO [2677/3678] 4c2608ae-021c-42b9-a2cc-01304849e250: does not qualify; 1.2 s; peak memory 7829 MiB.
2026-10-05T07:19:55Z INFO [2678/3678] 4c268057-ec80-4c5a-97d3-cef6bfde091e: does not qualify; 0.6 s; peak memory 7829 MiB.
2026-10-05T07:19:55Z INFO [2679/3678] 4c269193-0a96-4838-8de1-cad0e6328cc9: does not qualify; 0.9 s; peak memory 7829 MiB.
2026-10-05T07:20:28Z INFO [2680/3678] 4c2699b6-aab1-44f0-ba93-78b97798fd08: does not qualify; 32.4 s; peak memory 7829 MiB.
2026-10-05T07:20:29Z INFO [2681/3678] 4c26ccf3-330b-445f-a246-935716d937b7: does not qualify; 0.7 s; peak memory 7829 MiB.
2026-10-05T07:20:29Z INFO [2682/3678] 4c26ec02-b517-4c54-9113-add56a198c37: does not qualify; 0.6 s; peak memory 7829 MiB.
2026-10-05T07:20:33Z INFO [2683/3678] 4c26f053-7977-4791-b3f6-8a0b780d6d06: does not qualify; 3.4 s; peak memory 7829 MiB.
2026-10-05T07:20:33Z INFO [2684/3678] 4c27a2cc-02f7-4ca5-9950-131851045bc4: does not qualify; 0.8 s; peak memory 7829 MiB.
2026-10-05T07:20:39Z INFO [2685/3678] 4c27b7c8-3524-406a-9e01-0083f5c5d4c4: does not qualify; 5.9 s; peak memory 7829 MiB.
2026-10-05T07:20:42Z INFO [2686/3678] 4c27c91b-8053-4b50-b7f9-b3a49a5c4070: does not qualify; 3.1 s; peak memory 7829 MiB.
2026-10-05T07:20:44Z INFO [2687/3678] 4c286b09-d6c5-4dca-aa39-5294a4c3eeb2: does not qualify; 1.6 s; peak memory 7829 MiB.
2026-10-05T07:20:45Z INFO [2688/3678] 4c286f52-4f49-453d-b3b5-542a57402124: does not qualify; 0.5 s; peak memory 7829 MiB.
2026-10-05T07:20:45Z INFO [2689/3678] 4c28fc06-7f34-4dbd-8c17-2a7a42d8a5d4: does not qualify; 0.5 s; peak memory 7829 MiB.
2026-10-05T07:20:46Z INFO [2690/3678] 4c28ff00-0392-4f97-82da-83a078afacfc: does not qualify; 1.0 s; peak memory 7829 MiB.
2026-10-05T07:20:47Z INFO [2691/3678] 4c297b75-4fba-4d2d-8f76-11c0473788ee: does not qualify; 0.8 s; peak memory 7829 MiB.
2026-10-05T07:20:48Z INFO [2692/3678] 4c2bdf37-9a7d-4a8e-9802-7c0784eb40fa: does not qualify; 0.9 s; peak memory 7829 MiB.
2026-10-05T07:20:49Z INFO [2693/3678] 4c2c8207-8a11-47e0-982f-e091cb946cea: does not qualify; 1.1 s; peak memory 7829 MiB.
2026-10-05T07:20:50Z INFO [2694/3678] 4c2c85a6-d513-478b-a381-353cd9fc21e2: does not qualify; 0.7 s; peak memory 7829 MiB.
2026-10-05T07:20:50Z INFO [2695/3678] 4c2cbf90-9036-4911-9017-33e07f0cad35: does not qualify; 0.7 s; peak memory 7829 MiB.
2026-10-05T07:20:51Z INFO [2696/3678] 4c2ccf7a-b4dd-4f97-a8a0-862051ea8983: qualifies; 1.1 s; peak memory 7829 MiB.
2026-10-05T07:20:56Z INFO [2697/3678] 4c2db448-efbe-4ce0-b1b1-8bd728f4b7ea: does not qualify; 4.7 s; peak memory 7829 MiB.
2026-10-05T07:21:01Z INFO [2698/3678] 4c2e006c-2f60-421a-b580-404e3716b8f5: does not qualify; 5.0 s; peak memory 7829 MiB.
2026-10-05T07:21:09Z INFO [2699/3678] 4c2f548f-593d-493d-879b-c0de8fe66f67: does not qualify; 7.8 s; peak memory 7829 MiB.
2026-10-05T07:21:10Z INFO [2700/3678] 4c2f7301-2c80-43e2-95cd-4b26a7305701: does not qualify; 0.9 s; peak memory 7829 MiB.
2026-10-05T07:21:10Z INFO [2700/3678] 4c2f7301-2c80-43e2-95cd-4b26a7305701: checkpointed 65165 records.
2026-10-05T07:21:11Z INFO [2701/3678] 4c303526-7491-46b5-8918-97b8feff7215: does not qualify; 1.0 s; peak memory 7829 MiB.
2026-10-05T07:21:12Z INFO [2702/3678] 4c3038ef-9d9a-4e05-a81c-3c3c6fe8b6a5: does not qualify; 1.2 s; peak memory 7829 MiB.
2026-10-05T07:21:13Z INFO [2703/3678] 4c30fca7-621b-43e7-85b3-5ee84f060bb1: does not qualify; 1.1 s; peak memory 7829 MiB.
2026-10-05T07:21:18Z INFO [2704/3678] 4c312d9d-77d8-4531-961e-4926e89c6b77: does not qualify; 4.7 s; peak memory 7829 MiB.
2026-10-05T07:21:19Z INFO [2705/3678] 4c31827c-66e9-4def-80f3-9919d2f9a498: does not qualify; 0.7 s; peak memory 7829 MiB.
2026-10-05T07:21:19Z INFO [2706/3678] 4c31d5f6-4dbe-4e18-a192-753b5436bc86: does not qualify; 0.7 s; peak memory 7829 MiB.
2026-10-05T07:21:21Z INFO [2707/3678] 4c31e421-058c-42b1-8564-42c37af2613b: does not qualify; 1.4 s; peak memory 7829 MiB.
2026-10-05T07:21:21Z INFO [2708/3678] 4c3240bd-6654-4fd4-8b5e-cb07b4100636: does not qualify; 0.4 s; peak memory 7829 MiB.
2026-10-05T07:21:22Z INFO [2709/3678] 4c32501e-a2c1-478c-8a62-a1eb34220325: does not qualify; 0.6 s; peak memory 7829 MiB.
2026-10-05T07:21:24Z INFO [2710/3678] 4c327a72-b9a4-4023-8272-ef35076d5dd6: does not qualify; 2.0 s; peak memory 7829 MiB.
2026-10-05T07:21:25Z INFO [2711/3678] 4c328772-3c78-4fdf-bde4-9a51a512f6ec: does not qualify; 0.9 s; peak memory 7829 MiB.
2026-10-05T07:21:28Z INFO [2712/3678] 4c32b6f2-ac03-44b8-a4d1-c8f2558da3d0: does not qualify; 3.4 s; peak memory 7829 MiB.
2026-10-05T07:21:29Z INFO [2713/3678] 4c33d4c0-41cf-44e5-acb1-a0d18d685473: does not qualify; 1.0 s; peak memory 7829 MiB.
2026-10-05T07:21:31Z INFO [2714/3678] 4c3411b8-f978-45bf-9ff7-4a9fffca43c7: does not qualify; 2.0 s; peak memory 7829 MiB.
2026-10-05T07:21:32Z INFO [2715/3678] 4c345c5e-c5e1-4781-8678-7290b3c95cd9: does not qualify; 0.7 s; peak memory 7829 MiB.
2026-10-05T07:21:33Z INFO [2716/3678] 4c352224-f710-443b-8a6a-4d3445f08c3c: does not qualify; 0.9 s; peak memory 7829 MiB.
2026-10-05T07:21:33Z INFO [2717/3678] 4c35611d-5bab-4b7a-b3a3-6f401dd24047: does not qualify; 0.8 s; peak memory 7829 MiB.
2026-10-05T07:21:35Z INFO [2718/3678] 4c36f821-0fe1-4bff-ba47-43e6aeb5fc0e: does not qualify; 1.5 s; peak memory 7829 MiB.
2026-10-05T07:21:36Z INFO [2719/3678] 4c372b02-ae6a-47f3-969a-0ff802b1a567: does not qualify; 0.8 s; peak memory 7829 MiB.
2026-10-05T07:21:37Z INFO [2720/3678] 4c3748e8-aa86-4bd0-873c-779b782004fb: does not qualify; 1.8 s; peak memory 7829 MiB.
2026-10-05T07:21:42Z INFO [2721/3678] 4c38376a-4e38-462a-a2f7-3e7cb5d97d1b: does not qualify; 5.0 s; peak memory 7829 MiB.
2026-10-05T07:21:43Z INFO [2722/3678] 4c3863f3-907f-4aaf-95b0-ec6de57159b7: does not qualify; 0.9 s; peak memory 7829 MiB.
2026-10-05T07:21:46Z INFO [2723/3678] 4c38cfa5-13a9-4170-b140-dc895270f93f: does not qualify; 2.7 s; peak memory 7829 MiB.
2026-10-05T07:21:48Z INFO [2724/3678] 4c3bac3b-99a7-4f85-8cb2-84f8b3a4be8c: does not qualify; 1.6 s; peak memory 7829 MiB.
2026-10-05T07:21:49Z INFO [2725/3678] 4c3d18a1-065e-4862-aab3-0149410256d0: does not qualify; 1.0 s; peak memory 7829 MiB.
2026-10-05T07:21:50Z INFO [2726/3678] 4c3e0dea-4ad9-45df-a5eb-8960f1a77d38: does not qualify; 0.9 s; peak memory 7829 MiB.
2026-10-05T07:21:50Z INFO [2727/3678] 4c3e5e74-18e1-43e4-825f-ecef2e26cf1f: does not qualify; 0.9 s; peak memory 7829 MiB.
2026-10-05T07:21:51Z INFO [2728/3678] 4c3f03cb-e326-436b-8388-cb82e6b3ea3a: does not qualify; 0.5 s; peak memory 7829 MiB.
2026-10-05T07:21:59Z INFO [2729/3678] 4c3f1207-68c9-4029-935f-2c694af055ec: does not qualify; 7.8 s; peak memory 7829 MiB.
2026-10-05T07:22:00Z INFO [2730/3678] 4c3f13e3-f454-4b26-b808-de492132c9aa: does not qualify; 1.7 s; peak memory 7829 MiB.
2026-10-05T07:22:04Z INFO [2731/3678] 4c3fef95-ed04-418a-8054-2769f20b7a6e: does not qualify; 3.6 s; peak memory 7829 MiB.
2026-10-05T07:22:05Z INFO [2732/3678] 4c403134-a222-4ebe-b256-171f95c065b1: does not qualify; 0.8 s; peak memory 7829 MiB.
2026-10-05T07:22:09Z INFO [2733/3678] 4c40cf14-ec3a-4e07-bd61-5943831c231c: does not qualify; 3.8 s; peak memory 7829 MiB.
2026-10-05T07:22:10Z INFO [2734/3678] 4c41296e-0a7c-4fdd-93ad-e82a6ad06a9e: does not qualify; 1.0 s; peak memory 7829 MiB.
2026-10-05T07:22:10Z INFO [2735/3678] 4c41929e-0232-4fd7-90f5-d63d04f4861a: does not qualify; 0.8 s; peak memory 7829 MiB.
2026-10-05T07:22:11Z INFO [2736/3678] 4c427260-5653-40ea-b5cc-f47fc73ea1ae: does not qualify; 0.7 s; peak memory 7829 MiB.
2026-10-05T07:22:13Z INFO [2737/3678] 4c441660-863b-459a-99db-adb72b09fbe9: does not qualify; 2.0 s; peak memory 7829 MiB.
2026-10-05T07:22:15Z INFO [2738/3678] 4c444f92-1f9e-45e9-bebe-830917e1be63: does not qualify; 1.4 s; peak memory 7829 MiB.
2026-10-05T07:22:15Z INFO [2739/3678] 4c447606-e135-4801-b40f-719ab8053e6b: does not qualify; 0.8 s; peak memory 7829 MiB.
2026-10-05T07:22:16Z INFO [2740/3678] 4c44d08e-ada9-44bc-8e9f-876fc60daf61: does not qualify; 0.7 s; peak memory 7829 MiB.
2026-10-05T07:22:17Z INFO [2741/3678] 4c44ea9f-4186-40e8-8881-442213330cad: does not qualify; 0.8 s; peak memory 7829 MiB.
2026-10-05T07:22:17Z INFO [2742/3678] 4c45b9ce-76b7-42bd-b0ae-b742cfb8f910: does not qualify; 0.4 s; peak memory 7829 MiB.
2026-10-05T07:22:19Z INFO [2743/3678] 4c45f391-1648-40c5-b9ee-c1ba10838d47: does not qualify; 1.9 s; peak memory 7829 MiB.
2026-10-05T07:22:20Z INFO [2744/3678] 4c46396e-a21d-49ab-9b5f-148368002f91: does not qualify; 0.7 s; peak memory 7829 MiB.
2026-10-05T07:22:21Z INFO [2745/3678] 4c46eaa1-c423-4e3f-b76b-ba68da6d9e40: does not qualify; 0.7 s; peak memory 7829 MiB.
2026-10-05T07:22:22Z INFO [2746/3678] 4c473e3f-48cf-4c52-9da5-5727a86888a0: does not qualify; 0.9 s; peak memory 7829 MiB.
2026-10-05T07:22:23Z INFO [2747/3678] 4c4797b3-855a-42cc-ba44-c8b7ebb01c36: does not qualify; 1.5 s; peak memory 7829 MiB.
2026-10-05T07:22:24Z INFO [2748/3678] 4c4908d6-380a-4bcf-8859-f6bfba1a80a9: does not qualify; 0.8 s; peak memory 7829 MiB.
2026-10-05T07:22:25Z INFO [2749/3678] 4c4a96f5-7d67-4d56-92e9-f78ad89e9111: does not qualify; 0.8 s; peak memory 7829 MiB.
2026-10-05T07:22:25Z INFO [2750/3678] 4c4ade10-3119-4e65-93e9-bda777c2b8c0: does not qualify; 0.7 s; peak memory 7829 MiB.
2026-10-05T07:22:25Z INFO [2750/3678] 4c4ade10-3119-4e65-93e9-bda777c2b8c0: checkpointed 65215 records.
2026-10-05T07:22:28Z INFO [2751/3678] 4c4b4ae2-eef4-4877-9345-85318579e78d: does not qualify; 2.8 s; peak memory 7829 MiB.
2026-10-05T07:22:29Z INFO [2752/3678] 4c4b95b0-312f-4d4e-b6cf-2f09613a1539: does not qualify; 0.9 s; peak memory 7829 MiB.
2026-10-05T07:23:41Z INFO [2753/3678] 4c4c4185-b759-467d-893c-c9e5b6dc42c2: qualifies; 71.5 s; peak memory 7829 MiB.
2026-10-05T07:23:42Z INFO [2754/3678] 4c4c6c7d-ced8-451d-a277-ecdc53f052f4: does not qualify; 1.2 s; peak memory 7829 MiB.
2026-10-05T07:23:42Z INFO [2755/3678] 4c4cde09-8b99-433c-8fbc-6e4d52b2fc81: does not qualify; 0.7 s; peak memory 7829 MiB.
2026-10-05T07:23:47Z INFO [2756/3678] 4c4d65d9-6925-45a7-aa0d-ca79e65fd73a: does not qualify; 4.2 s; peak memory 7829 MiB.
2026-10-05T07:23:47Z INFO [2757/3678] 4c4dc687-33ee-493c-aa5c-7aeddde9afd5: does not qualify; 0.7 s; peak memory 7829 MiB.
2026-10-05T07:23:49Z INFO [2758/3678] 4c4dd6cd-346c-45fd-9694-bd7e470cafd7: does not qualify; 1.5 s; peak memory 7829 MiB.
2026-10-05T07:23:51Z INFO [2759/3678] 4c4e4399-9bbc-4697-a269-2b80a53fbf95: does not qualify; 2.0 s; peak memory 7829 MiB.
2026-10-05T07:23:51Z INFO [2760/3678] 4c4e5a9e-521d-4509-9287-2e8af459cca9: does not qualify; 0.6 s; peak memory 7829 MiB.
2026-10-05T07:23:52Z INFO [2761/3678] 4c4fe421-b86c-4ac6-aa36-4101c22b184c: does not qualify; 0.7 s; peak memory 7829 MiB.
2026-10-05T07:23:53Z INFO [2762/3678] 4c506952-9713-41b0-8614-22934b88e556: does not qualify; 0.9 s; peak memory 7829 MiB.
2026-10-05T07:23:59Z INFO [2763/3678] 4c508e31-ee14-4fd2-8093-f8b1898c45f6: does not qualify; 5.9 s; peak memory 7829 MiB.
2026-10-05T07:24:00Z INFO [2764/3678] 4c50ff81-24e1-46b6-bc64-3880d59fc582: does not qualify; 0.9 s; peak memory 7829 MiB.
2026-10-05T07:24:01Z INFO [2765/3678] 4c51bc53-39b0-4517-b21d-fa3e2a8c5518: does not qualify; 1.3 s; peak memory 7829 MiB.
2026-10-05T07:24:02Z INFO [2766/3678] 4c51be12-b06a-46a2-aba0-1e5f322c93bd: does not qualify; 0.9 s; peak memory 7829 MiB.
2026-10-05T07:24:03Z INFO [2767/3678] 4c51cb98-a0d6-42d2-82df-8a5690c4125a: does not qualify; 0.6 s; peak memory 7829 MiB.
2026-10-05T07:24:03Z INFO [2768/3678] 4c528dd5-5144-4e7e-83ab-4958390cf9d4: does not qualify; 0.5 s; peak memory 7829 MiB.
2026-10-05T07:24:04Z INFO [2769/3678] 4c52ceb8-ede3-4edd-9436-2dcaa44ec402: does not qualify; 1.1 s; peak memory 7829 MiB.
2026-10-05T07:24:05Z INFO [2770/3678] 4c52e0d6-c5b2-4a4f-8430-a3d96433e23a: does not qualify; 0.8 s; peak memory 7829 MiB.
2026-10-05T07:24:06Z INFO [2771/3678] 4c5313f8-6d47-4cad-8f66-72bbde97e5e8: does not qualify; 1.4 s; peak memory 7829 MiB.
2026-10-05T07:29:29Z INFO [2772/3678] 4c5338f4-828d-4eac-a909-13b52dd834c7: qualifies; 322.8 s; peak memory 7829 MiB.
2026-10-05T07:29:30Z INFO [2773/3678] 4c539e07-65ba-49d2-ae49-98ae49c245d1: does not qualify; 1.1 s; peak memory 7829 MiB.
2026-10-05T07:29:32Z INFO [2774/3678] 4c5400c3-a190-4c6d-af7a-8d2eed3788d5: does not qualify; 1.4 s; peak memory 7829 MiB.
2026-10-05T07:29:33Z INFO [2775/3678] 4c555de1-fcb5-4826-a545-5f9e7f041b69: does not qualify; 1.0 s; peak memory 7829 MiB.
2026-10-05T07:29:34Z INFO [2776/3678] 4c558f59-03f6-4b93-980b-be2bf8880125: does not qualify; 1.1 s; peak memory 7829 MiB.
2026-10-05T07:29:34Z INFO [2777/3678] 4c55d833-c7dc-4099-bdb4-ae8d44452813: does not qualify; 0.6 s; peak memory 7829 MiB.
2026-10-05T07:29:35Z INFO [2778/3678] 4c561c70-4305-4057-a5b6-d1d65aee3caa: does not qualify; 0.7 s; peak memory 7829 MiB.
2026-10-05T07:29:36Z INFO [2779/3678] 4c5642cb-da61-4209-9c9b-01d69b6ebbf2: does not qualify; 0.6 s; peak memory 7829 MiB.
2026-10-05T07:29:37Z INFO [2780/3678] 4c56538f-3c55-4c2f-9b27-aa7fd996f5e6: does not qualify; 1.3 s; peak memory 7829 MiB.
2026-10-05T07:29:38Z INFO [2781/3678] 4c5726bf-4184-499a-a6b3-f1f7c8ff62ba: does not qualify; 0.9 s; peak memory 7829 MiB.
2026-10-05T07:29:39Z INFO [2782/3678] 4c57ca54-348e-4bb3-ab28-a8638430181c: does not qualify; 1.0 s; peak memory 7829 MiB.
2026-10-05T07:29:39Z INFO [2783/3678] 4c590596-ea6c-4911-b387-8c3a847c250a: does not qualify; 0.6 s; peak memory 7829 MiB.
2026-10-05T07:29:40Z INFO [2784/3678] 4c591197-0fd1-424c-a02b-323bdf0e72a9: does not qualify; 0.7 s; peak memory 7829 MiB.
2026-10-05T07:29:41Z INFO [2785/3678] 4c59652d-4c99-4777-93cb-9b15e9ddec30: does not qualify; 0.7 s; peak memory 7829 MiB.
2026-10-05T07:29:47Z INFO [2786/3678] 4c59941f-7182-4f6b-a346-6935f516e924: does not qualify; 5.9 s; peak memory 7829 MiB.
2026-10-05T07:29:47Z INFO [2787/3678] 4c5a2873-1319-4397-8b93-cc1111f4052d: does not qualify; 0.9 s; peak memory 7829 MiB.
2026-10-05T07:29:48Z INFO [2788/3678] 4c5c4980-44e5-4b55-8ee0-041977967d9a: does not qualify; 1.0 s; peak memory 7829 MiB.
2026-10-05T07:29:49Z INFO [2789/3678] 4c5c72bf-1bf8-462d-aa09-b0aa5905f6a1: does not qualify; 0.8 s; peak memory 7829 MiB.
2026-10-05T07:29:51Z INFO [2790/3678] 4c5cc7da-eda6-4480-9058-91c50b3fc59f: does not qualify; 1.5 s; peak memory 7829 MiB.
2026-10-05T07:29:52Z INFO [2791/3678] 4c5d0102-03da-4c10-a759-94bfefeecf91: does not qualify; 0.8 s; peak memory 7829 MiB.
2026-10-05T07:29:53Z INFO [2792/3678] 4c5d65b9-9fb7-475b-b28f-755ba969b06c: does not qualify; 1.0 s; peak memory 7829 MiB.
2026-10-05T07:29:56Z INFO [2793/3678] 4c5ddb3b-c83e-4eb5-a438-6f109a9c0b58: does not qualify; 3.4 s; peak memory 7829 MiB.
2026-10-05T07:30:00Z INFO [2794/3678] 4c5f282c-638c-40a2-9616-f87bef75a808: does not qualify; 3.8 s; peak memory 7829 MiB.
2026-10-05T07:30:01Z INFO [2795/3678] 4c5f7620-8ac2-48ec-969d-5fa556df1d8c: does not qualify; 1.0 s; peak memory 7829 MiB.
2026-10-05T07:30:01Z INFO [2796/3678] 4c5fbb99-cdf6-41ed-ab1e-8742ec32ab4b: does not qualify; 0.5 s; peak memory 7829 MiB.
2026-10-05T07:30:02Z INFO [2797/3678] 4c60915a-07e9-4d17-b699-7fc504069d7a: does not qualify; 0.5 s; peak memory 7829 MiB.
2026-10-05T07:30:02Z INFO [2798/3678] 4c60b03b-c2a6-428b-baae-cf1779a6c741: does not qualify; 0.6 s; peak memory 7829 MiB.
2026-10-05T07:30:03Z INFO [2799/3678] 4c60caf0-e645-4502-8406-168fdbd70f69: does not qualify; 1.0 s; peak memory 7829 MiB.
2026-10-05T07:30:04Z INFO [2800/3678] 4c60ea9b-0d9f-4dd3-8f53-43e15d6f62b6: does not qualify; 1.1 s; peak memory 7829 MiB.
2026-10-05T07:30:04Z INFO [2800/3678] 4c60ea9b-0d9f-4dd3-8f53-43e15d6f62b6: checkpointed 65265 records.
2026-10-05T07:30:05Z INFO [2801/3678] 4c616f9c-89e8-4aae-8312-175a60010e1b: does not qualify; 0.8 s; peak memory 7829 MiB.
2026-10-05T07:30:06Z INFO [2802/3678] 4c6221f3-b92d-49d4-9ddf-1c7164a1ad59: does not qualify; 0.7 s; peak memory 7829 MiB.
2026-10-05T07:30:07Z INFO [2803/3678] 4c625870-24d8-419b-910d-b9212631ae9b: does not qualify; 0.8 s; peak memory 7829 MiB.
2026-10-05T07:30:11Z INFO [2804/3678] 4c641321-d6fe-4ee2-a939-2aeb06c12af1: does not qualify; 3.8 s; peak memory 7829 MiB.
2026-10-05T07:30:12Z INFO [2805/3678] 4c651238-046a-4c27-bd41-09b732ec822c: does not qualify; 1.2 s; peak memory 7829 MiB.
2026-10-05T07:30:12Z INFO [2806/3678] 4c65fd1e-c40d-46b6-a99c-a1222cd9a979: does not qualify; 0.7 s; peak memory 7829 MiB.
2026-10-05T07:30:13Z INFO [2807/3678] 4c662bac-bd15-4d71-80a6-ba78ecdb92ff: does not qualify; 0.8 s; peak memory 7829 MiB.
2026-10-05T07:30:14Z INFO [2808/3678] 4c6715fa-0810-439d-ba34-04319ee1d5d6: does not qualify; 0.7 s; peak memory 7829 MiB.
2026-10-05T07:30:14Z INFO [2809/3678] 4c67b903-c5ca-405b-80fd-512fb1b2b995: does not qualify; 0.5 s; peak memory 7829 MiB.
2026-10-05T07:30:15Z INFO [2810/3678] 4c67cd3d-0867-473f-85cb-695539337e6a: does not qualify; 0.4 s; peak memory 7829 MiB.
2026-10-05T07:30:16Z INFO [2811/3678] 4c68bf8e-3c1a-43b8-a436-56696b365287: does not qualify; 0.8 s; peak memory 7829 MiB.
2026-10-05T07:30:16Z INFO [2812/3678] 4c692868-4a27-4527-8e1f-d4e5c4829e6b: does not qualify; 0.5 s; peak memory 7829 MiB.
2026-10-05T07:30:16Z INFO [2813/3678] 4c695fbe-633b-4c18-ba35-6c17c0134d1e: does not qualify; 0.4 s; peak memory 7829 MiB.
2026-10-05T07:30:17Z INFO [2814/3678] 4c6969a4-6731-49f4-a636-bc299dbb5121: does not qualify; 0.7 s; peak memory 7829 MiB.
2026-10-05T07:30:20Z INFO [2815/3678] 4c69beb2-7c7e-4cab-92d3-593b44d30961: does not qualify; 3.0 s; peak memory 7829 MiB.
2026-10-05T07:30:21Z INFO [2816/3678] 4c6bc9e2-0aa6-4954-97bc-acfc5af41bfe: does not qualify; 1.0 s; peak memory 7829 MiB.
2026-10-05T07:30:22Z INFO [2817/3678] 4c6bef28-52e0-40a0-b847-d26e90b01e04: does not qualify; 0.5 s; peak memory 7829 MiB.
2026-10-05T07:30:22Z INFO [2818/3678] 4c6ccf55-ecf9-4ea6-a02b-db03f2a0f9ac: does not qualify; 0.5 s; peak memory 7829 MiB.
2026-10-05T07:30:23Z INFO [2819/3678] 4c6cd55d-4ca6-4cc2-80f9-6a19193ae295: does not qualify; 0.7 s; peak memory 7829 MiB.
2026-10-05T07:30:24Z INFO [2820/3678] 4c6ed25c-91f6-40ba-a5b5-7f7fc54b0b31: does not qualify; 1.1 s; peak memory 7829 MiB.
2026-10-05T07:30:25Z INFO [2821/3678] 4c6efe51-0e86-4f91-b1fb-4afb538a9f39: does not qualify; 0.8 s; peak memory 7829 MiB.
2026-10-05T07:30:26Z INFO [2822/3678] 4c70918c-6a08-4ec0-8a19-eeda70f85846: does not qualify; 0.8 s; peak memory 7829 MiB.
2026-10-05T07:30:29Z INFO [2823/3678] 4c71c6bf-4bcc-499e-9d97-d8bc840f78f8: does not qualify; 3.2 s; peak memory 7829 MiB.
2026-10-05T07:30:31Z INFO [2824/3678] 4c71c90e-a13c-4382-b2fe-28393b05394f: does not qualify; 2.0 s; peak memory 7829 MiB.
2026-10-05T07:30:32Z INFO [2825/3678] 4c72aff3-ec1d-4e54-b89b-3882fb54df59: does not qualify; 1.2 s; peak memory 7829 MiB.
2026-10-05T07:30:32Z INFO [2826/3678] 4c72be39-564a-409c-834d-fb18551d0b31: does not qualify; 0.5 s; peak memory 7829 MiB.
2026-10-05T07:30:33Z INFO [2827/3678] 4c744c7e-e504-4e36-9560-374326ac3784: does not qualify; 0.8 s; peak memory 7829 MiB.
2026-10-05T07:30:34Z INFO [2828/3678] 4c766719-477f-493c-b320-5b473bebca3c: does not qualify; 0.8 s; peak memory 7829 MiB.
2026-10-05T07:30:35Z INFO [2829/3678] 4c76791e-17b2-4a76-a71a-f43e60c5e2a3: does not qualify; 0.7 s; peak memory 7829 MiB.
2026-10-05T07:30:36Z INFO [2830/3678] 4c767a39-b380-4f1b-898b-cffcdee74d0a: does not qualify; 0.9 s; peak memory 7829 MiB.
2026-10-05T07:30:36Z INFO [2831/3678] 4c76bad3-5fc2-4e77-be8f-113212b3e263: does not qualify; 0.5 s; peak memory 7829 MiB.
2026-10-05T07:30:37Z INFO [2832/3678] 4c771c89-d82c-42dd-a4c5-5a2f486a7423: does not qualify; 0.6 s; peak memory 7829 MiB.
2026-10-05T07:30:37Z INFO [2833/3678] 4c777d0c-1ace-4e5b-afe2-9cf6f6d069cb: does not qualify; 0.7 s; peak memory 7829 MiB.
2026-10-05T07:30:38Z INFO [2834/3678] 4c77dde4-8759-4a2f-a115-680d989a0bee: does not qualify; 1.1 s; peak memory 7829 MiB.
2026-10-05T07:30:40Z INFO [2835/3678] 4c784092-56fd-48f9-bf41-1e3e2965daf0: does not qualify; 1.1 s; peak memory 7829 MiB.
2026-10-05T07:30:40Z INFO [2836/3678] 4c78a731-bc0f-4a43-a31f-47eb7ed9507c: does not qualify; 0.5 s; peak memory 7829 MiB.
2026-10-05T07:30:43Z INFO [2837/3678] 4c78dc12-4660-4619-b457-d27681919109: does not qualify; 3.3 s; peak memory 7829 MiB.
2026-10-05T07:30:44Z INFO [2838/3678] 4c7964e9-2f98-40c2-bf10-9ac5e6177a63: does not qualify; 0.9 s; peak memory 7829 MiB.
2026-10-05T07:30:45Z INFO [2839/3678] 4c79dd9d-2931-4dcb-bfef-70eadfb28834: does not qualify; 0.8 s; peak memory 7829 MiB.
2026-10-05T07:30:46Z INFO [2840/3678] 4c7a3347-d7d9-4db9-9df1-876de9f64bdb: does not qualify; 0.7 s; peak memory 7829 MiB.
2026-10-05T07:30:47Z INFO [2841/3678] 4c7a5ac2-54ba-4f87-bf91-61b7f10d95ed: does not qualify; 1.1 s; peak memory 7829 MiB.
2026-10-05T07:30:48Z INFO [2842/3678] 4c7b7380-957f-49c0-9bc6-cdef91646414: does not qualify; 0.9 s; peak memory 7829 MiB.
2026-10-05T07:30:48Z INFO [2843/3678] 4c7c8730-3b37-460c-9825-7ef3baed82af: does not qualify; 0.7 s; peak memory 7829 MiB.
2026-10-05T07:30:49Z INFO [2844/3678] 4c7da133-aa88-450b-a2d1-25857dccb742: does not qualify; 1.1 s; peak memory 7829 MiB.
2026-10-05T07:30:50Z INFO [2845/3678] 4c7dcd0e-9ba3-40e5-88c7-0b37852fd5d7: does not qualify; 0.5 s; peak memory 7829 MiB.
2026-10-05T07:30:55Z INFO [2846/3678] 4c7e0bdd-6bec-4906-ab93-4523a3e035f2: does not qualify; 4.8 s; peak memory 7829 MiB.
2026-10-05T07:30:56Z INFO [2847/3678] 4c7e7272-77cd-4bf5-a607-367fff3d8387: does not qualify; 0.8 s; peak memory 7829 MiB.
2026-10-05T07:30:56Z INFO [2848/3678] 4c7fdbad-40ac-451e-8e4a-18db6e8322c8: does not qualify; 0.6 s; peak memory 7829 MiB.
2026-10-05T07:30:57Z INFO [2849/3678] 4c804d5a-ba73-4552-b818-182006cb80dc: does not qualify; 0.6 s; peak memory 7829 MiB.
2026-10-05T07:30:57Z INFO [2850/3678] 4c805f7a-2919-4728-9a2e-86f89da42e92: does not qualify; 0.6 s; peak memory 7829 MiB.
2026-10-05T07:30:58Z INFO [2850/3678] 4c805f7a-2919-4728-9a2e-86f89da42e92: checkpointed 65315 records.
2026-10-05T07:30:58Z INFO [2851/3678] 4c8100dd-81c6-419e-86e2-555281f94987: does not qualify; 0.7 s; peak memory 7829 MiB.
2026-10-05T07:31:00Z INFO [2852/3678] 4c8107a8-5e07-4683-ba31-779c0381e749: does not qualify; 1.3 s; peak memory 7829 MiB.
2026-10-05T07:31:00Z INFO [2853/3678] 4c81cf27-18e3-4663-af0c-3a5374bfd8f9: does not qualify; 0.6 s; peak memory 7829 MiB.
2026-10-05T07:31:01Z INFO [2854/3678] 4c824ae3-87b4-4788-9799-0b630f033513: does not qualify; 0.9 s; peak memory 7829 MiB.
2026-10-05T07:31:02Z INFO [2855/3678] 4c83e573-0098-4531-af3b-ddf936082ed7: does not qualify; 0.9 s; peak memory 7829 MiB.
2026-10-05T07:31:03Z INFO [2856/3678] 4c85bdf0-c535-4318-9dd9-014fcb03b013: does not qualify; 0.7 s; peak memory 7829 MiB.
2026-10-05T07:31:04Z INFO [2857/3678] 4c86a516-1f61-4168-9e4a-d0dcc46d3123: does not qualify; 0.9 s; peak memory 7829 MiB.
2026-10-05T07:31:05Z INFO [2858/3678] 4c86afe5-a4c0-476d-8fc6-c4ab71bccf1c: does not qualify; 0.9 s; peak memory 7829 MiB.
2026-10-05T07:31:05Z INFO [2859/3678] 4c86b995-c47b-4d31-86f5-ecc076ca4e03: does not qualify; 0.7 s; peak memory 7829 MiB.
2026-10-05T07:31:06Z INFO [2860/3678] 4c86d0db-74ad-45e6-95d1-d3ba89570114: does not qualify; 1.0 s; peak memory 7829 MiB.
2026-10-05T07:31:07Z INFO [2861/3678] 4c86d32c-2405-4de2-8720-42ad276e97c7: does not qualify; 0.7 s; peak memory 7829 MiB.
2026-10-05T07:31:11Z INFO [2862/3678] 4c87039a-5071-416d-83f2-c95c0bb983a0: does not qualify; 3.6 s; peak memory 7829 MiB.
2026-10-05T07:31:12Z INFO [2863/3678] 4c871b0b-c85b-41e8-9a08-c2750932872c: does not qualify; 1.4 s; peak memory 7829 MiB.
2026-10-05T07:31:13Z INFO [2864/3678] 4c87e807-bc72-4307-a5e3-4b506de509ca: does not qualify; 0.9 s; peak memory 7829 MiB.
2026-10-05T07:31:14Z INFO [2865/3678] 4c8850e0-d850-4997-aebb-95109e0a5e65: does not qualify; 0.7 s; peak memory 7829 MiB.
2026-10-05T07:31:16Z INFO [2866/3678] 4c885da6-b37b-414d-a043-09f156277785: qualifies; 2.0 s; peak memory 7829 MiB.
2026-10-05T07:31:16Z INFO [2867/3678] 4c8919f1-ed76-4596-a584-952dd3dff4ad: does not qualify; 0.9 s; peak memory 7829 MiB.
2026-10-05T07:31:18Z INFO [2868/3678] 4c8924cc-9da5-4ec6-ab8e-56159a4da198: does not qualify; 1.1 s; peak memory 7829 MiB.
2026-10-05T07:31:18Z INFO [2869/3678] 4c89dd7e-a3ee-4232-aba8-3fc700e2b81b: does not qualify; 0.7 s; peak memory 7829 MiB.
2026-10-05T07:31:19Z INFO [2870/3678] 4c8bcb98-a295-4cf3-8aee-17075e8bcfb2: does not qualify; 1.0 s; peak memory 7829 MiB.
2026-10-05T07:31:20Z INFO [2871/3678] 4c8bcc6e-8f85-4663-aeab-e53a4cdfa332: does not qualify; 0.6 s; peak memory 7829 MiB.
2026-10-05T07:31:24Z INFO [2872/3678] 4c8c6c99-f570-4e0a-9de9-5c6058542cef: does not qualify; 4.2 s; peak memory 7829 MiB.
2026-10-05T07:31:25Z INFO [2873/3678] 4c8c82d1-d1e7-4673-a845-e3d0828836f4: does not qualify; 0.7 s; peak memory 7829 MiB.
2026-10-05T07:31:26Z INFO [2874/3678] 4c8cf250-c2ba-4600-a6ad-4dc0bc9c631d: does not qualify; 0.8 s; peak memory 7829 MiB.
2026-10-05T07:31:26Z INFO [2875/3678] 4c8d2086-9c08-4539-8530-0de9e0b4f03d: does not qualify; 0.8 s; peak memory 7829 MiB.
2026-10-05T07:31:34Z INFO [2876/3678] 4c8d4566-c7f0-46a8-ac0f-75a08711595a: does not qualify; 8.2 s; peak memory 7829 MiB.
2026-10-05T07:31:35Z INFO [2877/3678] 4c8e060a-d0dc-40f5-8f54-832cf629cabf: does not qualify; 0.8 s; peak memory 7829 MiB.
2026-10-05T07:31:40Z INFO [2878/3678] 4c8f3513-ca9c-4e3b-8af0-8e486b41010d: does not qualify; 4.2 s; peak memory 7829 MiB.
2026-10-05T07:31:40Z INFO [2879/3678] 4c8f5605-3aa8-4188-80ad-1bf6f6011ed4: does not qualify; 0.4 s; peak memory 7829 MiB.
2026-10-05T07:31:41Z INFO [2880/3678] 4c907eda-b105-483d-9b10-dd07210ec1fa: does not qualify; 0.9 s; peak memory 7829 MiB.
2026-10-05T07:31:42Z INFO [2881/3678] 4c9151bb-ac12-4cab-ad52-dc86cbdd7d47: does not qualify; 0.7 s; peak memory 7829 MiB.
2026-10-05T07:31:42Z INFO [2882/3678] 4c9319b9-c604-4234-ba1f-18bc7781e433: does not qualify; 0.7 s; peak memory 7829 MiB.
2026-10-05T07:31:43Z INFO [2883/3678] 4c935bfd-d1b7-46d1-b7fb-a4ecd9fc22ac: does not qualify; 0.7 s; peak memory 7829 MiB.
2026-10-05T07:31:44Z INFO [2884/3678] 4c93ba00-21be-4d0a-aa68-88ae8eb85165: does not qualify; 0.8 s; peak memory 7829 MiB.
2026-10-05T07:31:45Z INFO [2885/3678] 4c948fe7-2988-4688-8fcc-6420a5329d7e: does not qualify; 0.9 s; peak memory 7829 MiB.
2026-10-05T07:31:49Z INFO [2886/3678] 4c949de4-0bf8-422a-9e6d-22ba76633b68: does not qualify; 3.9 s; peak memory 7829 MiB.
2026-10-05T07:31:50Z INFO [2887/3678] 4c94c023-e48f-4bce-b918-cb7ce2626d62: does not qualify; 0.8 s; peak memory 7829 MiB.
2026-10-05T07:31:51Z INFO [2888/3678] 4c94c5f9-1843-44fb-9447-8a7b2e415dfe: does not qualify; 1.3 s; peak memory 7829 MiB.
2026-10-05T07:31:57Z INFO [2889/3678] 4c94d4c2-5e7c-4d74-9fb3-369e9c473b67: does not qualify; 5.7 s; peak memory 7829 MiB.
2026-10-05T07:31:57Z INFO [2890/3678] 4c9519dc-38bf-435b-87b8-c1e24295a114: does not qualify; 0.8 s; peak memory 7829 MiB.
2026-10-05T07:31:58Z INFO [2891/3678] 4c962079-3219-4b0d-b7e3-ebeed81ec213: does not qualify; 0.8 s; peak memory 7829 MiB.
2026-10-05T07:31:59Z INFO [2892/3678] 4c966647-b4e1-4012-b346-b1b6b5aaa5c6: does not qualify; 1.3 s; peak memory 7829 MiB.
2026-10-05T07:32:00Z INFO [2893/3678] 4c9734c0-1f33-4be1-90b5-4cbc8e738abb: does not qualify; 0.8 s; peak memory 7829 MiB.
2026-10-05T07:32:01Z INFO [2894/3678] 4c9743c3-2a7e-49fc-bdb7-19aae857d4f7: does not qualify; 0.9 s; peak memory 7829 MiB.
2026-10-05T07:32:02Z INFO [2895/3678] 4c9842bd-9733-480a-b5ef-f039b053b503: does not qualify; 0.8 s; peak memory 7829 MiB.
2026-10-05T07:32:11Z INFO [2896/3678] 4c987197-3e21-44cd-a591-d9bb4f401e07: does not qualify; 8.7 s; peak memory 7829 MiB.
2026-10-05T07:32:11Z INFO [2897/3678] 4c98741b-da44-4f09-9220-3b5aa6f7e4f1: does not qualify; 0.6 s; peak memory 7829 MiB.
2026-10-05T07:32:13Z INFO [2898/3678] 4c98c640-c563-4af0-a714-67756ca91937: does not qualify; 1.6 s; peak memory 7829 MiB.
2026-10-05T07:32:14Z INFO [2899/3678] 4c992d2c-aeeb-47fd-93f8-888ce97ec806: does not qualify; 1.0 s; peak memory 7829 MiB.
2026-10-05T07:32:15Z INFO [2900/3678] 4c9a833e-4d51-4e43-9b22-f197ed82032e: does not qualify; 0.7 s; peak memory 7829 MiB.
2026-10-05T07:32:15Z INFO [2900/3678] 4c9a833e-4d51-4e43-9b22-f197ed82032e: checkpointed 65365 records.
2026-10-05T07:32:15Z INFO [2901/3678] 4c9ae5c8-25cb-4cf5-b329-52e98afea976: does not qualify; 0.8 s; peak memory 7829 MiB.
2026-10-05T07:32:20Z INFO [2902/3678] 4c9b08a1-61e2-408a-b323-e8d4b4b2f97a: does not qualify; 4.2 s; peak memory 7829 MiB.
2026-10-05T07:32:21Z INFO [2903/3678] 4c9bf2f6-4462-43a4-98fd-4de20fc14a13: does not qualify; 1.0 s; peak memory 7829 MiB.
2026-10-05T07:32:21Z INFO [2904/3678] 4c9c679e-f40f-406a-995a-4654e20abe8e: does not qualify; 0.5 s; peak memory 7829 MiB.
2026-10-05T07:32:25Z INFO [2905/3678] 4c9d0001-5ef1-465b-9d42-a81a6b6d23b8: does not qualify; 4.1 s; peak memory 7829 MiB.
2026-10-05T07:32:30Z INFO [2906/3678] 4c9e13ab-ae33-4cce-83c5-aec9439ce906: does not qualify; 5.1 s; peak memory 7829 MiB.
2026-10-05T07:32:31Z INFO [2907/3678] 4c9e244d-90c3-4c19-8ba4-b81a1592dc77: does not qualify; 1.1 s; peak memory 7829 MiB.
2026-10-05T07:32:33Z INFO [2908/3678] 4c9f3233-32ec-41f1-b6da-3a4e1c53222d: does not qualify; 1.1 s; peak memory 7829 MiB.
2026-10-05T07:32:34Z INFO [2909/3678] 4ca0662e-2fd4-4b7d-ada0-c054ed226b58: qualifies; 1.4 s; peak memory 7829 MiB.
2026-10-05T07:32:35Z INFO [2910/3678] 4ca15c48-5ab3-4326-a8cc-f90c05eabdc1: does not qualify; 0.9 s; peak memory 7829 MiB.
2026-10-05T07:32:36Z INFO [2911/3678] 4ca1b389-3a1b-46e2-8216-8951a61095c4: does not qualify; 1.3 s; peak memory 7829 MiB.
2026-10-05T07:32:37Z INFO [2912/3678] 4ca2d11c-335c-48c1-a9fd-eb22e44ba71a: qualifies; 1.2 s; peak memory 7829 MiB.
2026-10-05T07:32:41Z INFO [2913/3678] 4ca4540d-8c5b-4db9-9b2f-d3319dbe1187: does not qualify; 3.6 s; peak memory 7829 MiB.
2026-10-05T07:32:45Z INFO [2914/3678] 4ca456ac-42ab-42c6-a2bd-bd1c485ae5f1: does not qualify; 3.8 s; peak memory 7829 MiB.
2026-10-05T07:32:50Z INFO [2915/3678] 4ca4fdde-6607-4771-9eb7-22f1615affc2: does not qualify; 5.1 s; peak memory 7829 MiB.
2026-10-05T07:32:51Z INFO [2916/3678] 4ca50e30-6a27-40ef-9cab-60c838c919e2: does not qualify; 1.1 s; peak memory 7829 MiB.
2026-10-05T07:32:56Z INFO [2917/3678] 4ca67b5a-4c05-4c53-89ee-cecfd503ade1: does not qualify; 4.8 s; peak memory 7829 MiB.
2026-10-05T07:32:58Z INFO [2918/3678] 4ca6b01b-422f-4567-862f-3f2f7b7f0aaa: does not qualify; 2.1 s; peak memory 7829 MiB.
2026-10-05T07:32:58Z INFO [2919/3678] 4ca772c5-e71f-4618-98fd-122244a5f211: does not qualify; 0.7 s; peak memory 7829 MiB.
2026-10-05T07:32:59Z INFO [2920/3678] 4ca77dce-eea3-4fa8-9a86-3d20a1ca0075: does not qualify; 0.8 s; peak memory 7829 MiB.
2026-10-05T07:33:00Z INFO [2921/3678] 4ca7a259-ca9a-4055-b0b6-d25b8ab9ecee: does not qualify; 0.6 s; peak memory 7829 MiB.
2026-10-05T07:33:01Z INFO [2922/3678] 4ca83335-f081-4db8-8046-5b299a6da43a: does not qualify; 1.1 s; peak memory 7829 MiB.
2026-10-05T07:33:02Z INFO [2923/3678] 4ca8b41a-7c3f-4ee1-8c3f-fcde9fa16659: does not qualify; 0.8 s; peak memory 7829 MiB.
2026-10-05T07:33:03Z INFO [2924/3678] 4ca8c666-c81c-4ad4-a6b2-2c82d69335bc: does not qualify; 0.9 s; peak memory 7829 MiB.
2026-10-05T07:33:04Z INFO [2925/3678] 4ca8c9b0-83c6-40aa-81a5-562a99a6f4a3: does not qualify; 0.9 s; peak memory 7829 MiB.
2026-10-05T07:33:11Z INFO [2926/3678] 4ca8dd3d-e1d4-404b-a0b6-9f662467c872: does not qualify; 6.9 s; peak memory 7829 MiB.
2026-10-05T07:33:11Z INFO [2927/3678] 4ca8f6eb-1cd2-47ba-b29f-1ab9e081df36: does not qualify; 0.7 s; peak memory 7829 MiB.
2026-10-05T07:33:12Z INFO [2928/3678] 4ca9a039-c5d1-4046-9b0f-8ba4ee7363da: does not qualify; 0.6 s; peak memory 7829 MiB.
2026-10-05T07:33:13Z INFO [2929/3678] 4ca9aa7c-ba44-4293-9a49-f8b806d2d8a9: does not qualify; 1.5 s; peak memory 7829 MiB.
2026-10-05T07:33:14Z INFO [2930/3678] 4caa4a9d-c271-4346-b0d4-12ee64502119: does not qualify; 0.7 s; peak memory 7829 MiB.
2026-10-05T07:33:15Z INFO [2931/3678] 4cabe022-a637-4246-b33a-95b7d2fecfba: does not qualify; 0.6 s; peak memory 7829 MiB.
2026-10-05T07:33:16Z INFO [2932/3678] 4cadc6a8-a315-4549-bc25-e1dbb246b12d: does not qualify; 0.8 s; peak memory 7829 MiB.
2026-10-05T07:33:17Z INFO [2933/3678] 4cae42b5-ed21-4a4f-90d8-fa8dafff0e9f: does not qualify; 1.2 s; peak memory 7829 MiB.
2026-10-05T07:33:20Z INFO [2934/3678] 4cae845d-ac1b-47ef-ad00-a572d4b8cb48: does not qualify; 3.4 s; peak memory 7829 MiB.
2026-10-05T07:33:25Z INFO [2935/3678] 4cae84e6-aee2-43cd-ac61-66b35db3acac: does not qualify; 4.9 s; peak memory 7829 MiB.
2026-10-05T07:33:26Z INFO [2936/3678] 4caf201e-61d4-4b7e-93b6-ce4987893e65: does not qualify; 1.2 s; peak memory 7829 MiB.
2026-10-05T07:33:27Z INFO [2937/3678] 4caf4be7-2e08-4985-9215-f78483ae51ba: does not qualify; 1.2 s; peak memory 7829 MiB.
2026-10-05T07:33:31Z INFO [2938/3678] 4cb0720a-8251-4a38-8a36-6b1326551c7d: does not qualify; 3.3 s; peak memory 7829 MiB.
2026-10-05T07:33:31Z INFO [2939/3678] 4cb11758-44ca-4cb6-8363-ac501355a74a: does not qualify; 0.6 s; peak memory 7829 MiB.
2026-10-05T07:33:32Z INFO [2940/3678] 4cb2196c-6404-401a-87f7-657b6e1004c4: does not qualify; 1.1 s; peak memory 7829 MiB.
2026-10-05T07:33:33Z INFO [2941/3678] 4cb21991-1097-4a48-b7fe-574ca97e8686: does not qualify; 0.9 s; peak memory 7829 MiB.
2026-10-05T07:33:34Z INFO [2942/3678] 4cb29b80-e058-4d66-8306-423426bb4549: does not qualify; 0.6 s; peak memory 7829 MiB.
2026-10-05T07:33:35Z INFO [2943/3678] 4cb2c893-c33c-4e5c-9894-86beb8c12abc: does not qualify; 1.4 s; peak memory 7829 MiB.
2026-10-05T07:33:36Z INFO [2944/3678] 4cb33700-b230-40c7-9ffc-7a2cdf3d6fa1: does not qualify; 0.7 s; peak memory 7829 MiB.
2026-10-05T07:33:37Z INFO [2945/3678] 4cb3ba84-b77c-460c-8551-316b9130e43a: does not qualify; 1.1 s; peak memory 7829 MiB.
2026-10-05T07:33:38Z INFO [2946/3678] 4cb3ff40-b04b-46c0-a3c3-7fa230ac4a2e: does not qualify; 0.8 s; peak memory 7829 MiB.
2026-10-05T07:33:39Z INFO [2947/3678] 4cb5c740-7b6e-4741-a25e-9b156bb72b01: does not qualify; 1.0 s; peak memory 7829 MiB.
2026-10-05T07:33:40Z INFO [2948/3678] 4cb62e0a-1301-4a75-998e-903f5dc9e550: does not qualify; 0.8 s; peak memory 7829 MiB.
2026-10-05T07:33:41Z INFO [2949/3678] 4cb7dcfa-b6b6-49bf-a40a-5b37c9dd3fc4: does not qualify; 0.9 s; peak memory 7829 MiB.
2026-10-05T07:33:41Z INFO [2950/3678] 4cb8ff1c-e79e-4411-80b1-1909bf853677: does not qualify; 0.8 s; peak memory 7829 MiB.
2026-10-05T07:33:42Z INFO [2950/3678] 4cb8ff1c-e79e-4411-80b1-1909bf853677: checkpointed 65415 records.
2026-10-05T07:33:43Z INFO [2951/3678] 4cb909fe-da66-4447-9833-8801fa8e7db2: does not qualify; 1.6 s; peak memory 7829 MiB.
2026-10-05T07:33:44Z INFO [2952/3678] 4cb91ca5-0bfc-4e46-9122-bbda9453e31e: does not qualify; 0.8 s; peak memory 7829 MiB.
2026-10-05T07:33:45Z INFO [2953/3678] 4cb934cb-c759-4f2c-ac23-5ec0a7adbe2a: does not qualify; 0.6 s; peak memory 7829 MiB.
2026-10-05T07:33:45Z INFO [2954/3678] 4cb934ce-aa76-486f-a9b3-a332cafe1c1d: does not qualify; 0.8 s; peak memory 7829 MiB.
2026-10-05T07:33:46Z INFO [2955/3678] 4cb98a3a-9ac6-4781-a255-844f2ac8359e: does not qualify; 0.7 s; peak memory 7829 MiB.
2026-10-05T07:33:47Z INFO [2956/3678] 4cb9e251-d8d2-4de9-83c8-dd09850bcee3: does not qualify; 0.8 s; peak memory 7829 MiB.
2026-10-05T07:33:48Z INFO [2957/3678] 4cba90f3-417e-4737-b412-80dc08d2caec: does not qualify; 0.8 s; peak memory 7829 MiB.
2026-10-05T07:33:48Z INFO [2958/3678] 4cbaa633-9726-4820-a82a-b0c41ab23785: does not qualify; 0.5 s; peak memory 7829 MiB.
2026-10-05T07:33:49Z INFO [2959/3678] 4cbabfb1-ccbd-4685-9173-4b77404411ad: does not qualify; 0.8 s; peak memory 7829 MiB.
2026-10-05T07:33:50Z INFO [2960/3678] 4cbacbaa-2201-4655-a274-dda067d8a66d: does not qualify; 0.6 s; peak memory 7829 MiB.
2026-10-05T07:33:50Z INFO [2961/3678] 4cbc87e5-ce0b-4849-a564-8f4f3695fd70: does not qualify; 0.6 s; peak memory 7829 MiB.
2026-10-05T07:33:51Z INFO [2962/3678] 4cbcea07-b9db-4d84-b12a-9ce0227496b7: does not qualify; 1.0 s; peak memory 7829 MiB.
2026-10-05T07:33:52Z INFO [2963/3678] 4cbd3ae6-0da6-4625-98c6-6e8aafdcd42b: does not qualify; 1.0 s; peak memory 7829 MiB.
2026-10-05T07:33:53Z INFO [2964/3678] 4cbd94ec-4383-4bcc-9d73-2bf81c5dcd50: does not qualify; 0.7 s; peak memory 7829 MiB.
2026-10-05T07:33:54Z INFO [2965/3678] 4cbe0e97-ec32-4c11-ae76-bf93a724c50e: does not qualify; 0.9 s; peak memory 7829 MiB.
2026-10-05T07:33:55Z INFO [2966/3678] 4cbe1f3e-071a-48ea-b39e-a7b214326cdd: does not qualify; 0.8 s; peak memory 7829 MiB.
2026-10-05T07:33:55Z INFO [2967/3678] 4cbe369e-1297-4544-a874-09e95d3ae429: does not qualify; 0.7 s; peak memory 7829 MiB.
2026-10-05T07:33:57Z INFO [2968/3678] 4cbe8d19-a337-4432-88eb-79f151d62318: does not qualify; 1.2 s; peak memory 7829 MiB.
2026-10-05T07:33:58Z INFO [2969/3678] 4cbeb179-24fe-4b7d-b5ba-a283464eac80: does not qualify; 1.0 s; peak memory 7829 MiB.
2026-10-05T07:33:58Z INFO [2970/3678] 4cc02fda-896f-4b87-ab99-614d4322f109: does not qualify; 0.5 s; peak memory 7829 MiB.
2026-10-05T07:33:59Z INFO [2971/3678] 4cc0ef11-ba04-4a85-8553-d08d5ead1bbf: does not qualify; 1.1 s; peak memory 7829 MiB.
2026-10-05T07:34:00Z INFO [2972/3678] 4cc2fa17-3e9d-44e6-958c-58b1df975dca: does not qualify; 0.8 s; peak memory 7829 MiB.
2026-10-05T07:34:05Z INFO [2973/3678] 4cc33200-3215-4252-8897-00888a0481d0: does not qualify; 4.9 s; peak memory 7829 MiB.
2026-10-05T07:34:06Z INFO [2974/3678] 4cc3c3db-cdeb-404a-af30-25b73ccfe9c4: does not qualify; 0.8 s; peak memory 7829 MiB.
2026-10-05T07:34:07Z INFO [2975/3678] 4cc41090-6a1f-4a95-98c6-1e391d1534f5: does not qualify; 1.3 s; peak memory 7829 MiB.
2026-10-05T07:34:08Z INFO [2976/3678] 4cc573e1-ad18-42d9-82d4-8fce352cf69c: does not qualify; 0.8 s; peak memory 7829 MiB.
2026-10-05T07:34:09Z INFO [2977/3678] 4cc5d1bb-82c2-42f8-9c1a-215a4c2c7252: does not qualify; 0.7 s; peak memory 7829 MiB.
2026-10-05T07:34:10Z INFO [2978/3678] 4cc66cfa-3394-4da3-a9fa-792e2b001e66: does not qualify; 1.3 s; peak memory 7829 MiB.
2026-10-05T07:34:12Z INFO [2979/3678] 4cc6c25d-9314-4905-abd2-71eaf31b1bc7: does not qualify; 2.0 s; peak memory 7829 MiB.
2026-10-05T07:34:12Z INFO [2980/3678] 4cc6fb79-54ee-4174-86a9-c0c985ff0800: does not qualify; 0.7 s; peak memory 7829 MiB.
2026-10-05T07:34:16Z INFO [2981/3678] 4cc7539b-59ad-4aec-8aae-1f490fbba8f3: does not qualify; 3.5 s; peak memory 7829 MiB.
2026-10-05T07:34:17Z INFO [2982/3678] 4cc7aa77-bc45-4f0c-bee9-2a0b433caf56: does not qualify; 0.6 s; peak memory 7829 MiB.
2026-10-05T07:34:17Z INFO [2983/3678] 4cc832ba-c4da-4d0d-94bd-f3cbfe79fa4f: does not qualify; 0.8 s; peak memory 7829 MiB.
2026-10-05T07:34:18Z INFO [2984/3678] 4cc87f1e-3ea4-4dec-8f57-224d998c35e0: does not qualify; 0.9 s; peak memory 7829 MiB.
2026-10-05T07:34:19Z INFO [2985/3678] 4cc8e746-89d4-40d4-918e-15e0a37b86e3: does not qualify; 1.0 s; peak memory 7829 MiB.
2026-10-05T07:34:20Z INFO [2986/3678] 4cc915f2-d7ce-438f-88cd-565b9c5f9bd9: does not qualify; 0.5 s; peak memory 7829 MiB.
2026-10-05T07:34:21Z INFO [2987/3678] 4cc921c6-5f60-42ef-a1c4-7c9716ac167b: does not qualify; 1.6 s; peak memory 7829 MiB.
2026-10-05T07:34:24Z INFO [2988/3678] 4cc959a5-ecb7-4a6a-a98b-58623c70d038: does not qualify; 3.0 s; peak memory 7829 MiB.
2026-10-05T07:34:25Z INFO [2989/3678] 4cc9a2c9-2d14-48c0-95bf-8c2b7c2abeb8: does not qualify; 1.0 s; peak memory 7829 MiB.
2026-10-05T07:34:26Z INFO [2990/3678] 4cc9c4c2-84dd-4e92-82b3-6f36778b502d: does not qualify; 0.7 s; peak memory 7829 MiB.
2026-10-05T07:34:27Z INFO [2991/3678] 4cca813d-c0b3-40af-97fd-35d73276c231: does not qualify; 0.4 s; peak memory 7829 MiB.
2026-10-05T07:34:27Z INFO [2992/3678] 4ccae93e-0144-4d62-bdd0-04c9fc6cd573: does not qualify; 0.6 s; peak memory 7829 MiB.
2026-10-05T07:34:28Z INFO [2993/3678] 4ccbac77-5ec8-4cfb-862a-0ba100d8a103: does not qualify; 0.9 s; peak memory 7829 MiB.
2026-10-05T07:34:29Z INFO [2994/3678] 4ccbb512-e86f-4228-ad54-2b46de3f8cc7: does not qualify; 0.8 s; peak memory 7829 MiB.
2026-10-05T07:34:30Z INFO [2995/3678] 4ccbd95c-e4d6-49fe-8798-eadeeaf8e280: does not qualify; 0.8 s; peak memory 7829 MiB.
2026-10-05T07:34:30Z INFO [2996/3678] 4ccc7150-9a4d-411c-a307-f903e5139d7c: does not qualify; 0.7 s; peak memory 7829 MiB.
2026-10-05T07:34:32Z INFO [2997/3678] 4ccd7f2e-fcb7-4183-9da8-f5c151b9565c: does not qualify; 2.0 s; peak memory 7829 MiB.
2026-10-05T07:34:34Z INFO [2998/3678] 4ccfe093-3ce3-4370-a4af-c4857cd719cb: does not qualify; 1.7 s; peak memory 7829 MiB.
2026-10-05T07:34:35Z INFO [2999/3678] 4ccfe821-7381-4881-b7db-b3a6ece69138: does not qualify; 0.7 s; peak memory 7829 MiB.
2026-10-05T07:34:36Z INFO [3000/3678] 4cd06b9f-bf98-4caa-94d3-6aa0d8a13f95: does not qualify; 1.3 s; peak memory 7829 MiB.
2026-10-05T07:34:36Z INFO [3000/3678] 4cd06b9f-bf98-4caa-94d3-6aa0d8a13f95: checkpointed 65465 records.
2026-10-05T07:34:37Z INFO [3001/3678] 4cd13675-828c-4025-8e27-4cf4a660c8d0: does not qualify; 0.5 s; peak memory 7829 MiB.
2026-10-05T07:34:38Z INFO [3002/3678] 4cd1b8d3-0651-449e-b4ae-f5bcdaea1175: does not qualify; 0.8 s; peak memory 7829 MiB.
2026-10-05T07:34:38Z INFO [3003/3678] 4cd2805b-3716-4735-a252-5e1f47b91188: does not qualify; 0.9 s; peak memory 7829 MiB.
2026-10-05T07:34:42Z INFO [3004/3678] 4cd2ec71-83a1-49f8-8835-4c969dcbd828: does not qualify; 3.1 s; peak memory 7829 MiB.
2026-10-05T07:34:42Z INFO [3005/3678] 4cd39f3d-457e-4ff8-a227-3496249e935b: does not qualify; 0.7 s; peak memory 7829 MiB.
2026-10-05T07:34:46Z INFO [3006/3678] 4cd4c01a-8554-49aa-83e0-1e21553934bf: does not qualify; 4.1 s; peak memory 7829 MiB.
2026-10-05T07:34:47Z INFO [3007/3678] 4cd5c54c-b56b-445a-8fb8-f6558a2d65f0: does not qualify; 0.9 s; peak memory 7829 MiB.
2026-10-05T07:34:48Z INFO [3008/3678] 4cd5c6ba-8f9f-4547-832c-d8677bda56ad: does not qualify; 0.9 s; peak memory 7829 MiB.
2026-10-05T07:34:49Z INFO [3009/3678] 4cd6724f-63d6-4d06-91c5-c5481f808396: does not qualify; 0.7 s; peak memory 7829 MiB.
2026-10-05T07:34:50Z INFO [3010/3678] 4cd813a7-b6ee-4fa2-9948-ea5c69584123: does not qualify; 1.0 s; peak memory 7829 MiB.
2026-10-05T07:34:52Z INFO [3011/3678] 4cd8be5b-8394-4644-9984-59a214e127eb: does not qualify; 2.1 s; peak memory 7829 MiB.
2026-10-05T07:34:53Z INFO [3012/3678] 4cd8f7c2-2f40-4313-98b9-4735869e24da: does not qualify; 1.5 s; peak memory 7829 MiB.
2026-10-05T07:34:54Z INFO [3013/3678] 4cd926de-5629-426b-8617-60950d1b030c: does not qualify; 0.7 s; peak memory 7829 MiB.
2026-10-05T07:34:55Z INFO [3014/3678] 4cd9e714-eb2f-4d24-b31f-26e70de2732f: does not qualify; 1.0 s; peak memory 7829 MiB.
2026-10-05T07:34:56Z INFO [3015/3678] 4cda1648-d213-45a0-8a7f-1f7691848189: does not qualify; 0.7 s; peak memory 7829 MiB.
2026-10-05T07:34:56Z INFO [3016/3678] 4cda3a02-737f-46bd-a25f-cc3948200c61: does not qualify; 0.8 s; peak memory 7829 MiB.
2026-10-05T07:34:57Z INFO [3017/3678] 4cda573f-24e1-4872-8fcc-7860dbf5544f: does not qualify; 0.6 s; peak memory 7829 MiB.
2026-10-05T07:34:58Z INFO [3018/3678] 4cdae5e8-de2d-459e-b19b-574f1b465a1b: does not qualify; 0.7 s; peak memory 7829 MiB.
2026-10-05T07:34:59Z INFO [3019/3678] 4cdaf1c6-f0d3-48c1-9d14-797f312ecd9d: does not qualify; 0.8 s; peak memory 7829 MiB.
2026-10-05T07:35:00Z INFO [3020/3678] 4cdafbff-1b48-4e98-bddd-337105514ee0: does not qualify; 1.3 s; peak memory 7829 MiB.
2026-10-05T07:35:01Z INFO [3021/3678] 4cdb350d-df29-48bb-a7cc-fa1328fa4088: does not qualify; 0.7 s; peak memory 7829 MiB.
2026-10-05T07:35:01Z INFO [3022/3678] 4cdc4c2e-0f60-4df2-b921-40a594859de6: does not qualify; 0.7 s; peak memory 7829 MiB.
2026-10-05T07:35:03Z INFO [3023/3678] 4cdd5694-e7d4-44cd-b185-622c91828522: does not qualify; 1.7 s; peak memory 7829 MiB.
2026-10-05T07:35:05Z INFO [3024/3678] 4cdd6fb5-24a5-4bd6-8732-c6f27e13ce50: does not qualify; 1.9 s; peak memory 7829 MiB.
2026-10-05T07:35:07Z INFO [3025/3678] 4cdecfd0-234b-47f5-8a69-38d933d99fdc: does not qualify; 1.7 s; peak memory 7829 MiB.
2026-10-05T07:35:07Z INFO [3026/3678] 4cdf2374-5e33-4afe-932f-6296b47ce719: does not qualify; 0.8 s; peak memory 7829 MiB.
2026-10-05T07:35:09Z INFO [3027/3678] 4cdf5a83-53e2-41c8-bb83-7089586e29e6: does not qualify; 1.9 s; peak memory 7829 MiB.
2026-10-05T07:35:10Z INFO [3028/3678] 4ce02349-bd05-43b1-b56f-ee107a67d7a5: does not qualify; 0.5 s; peak memory 7829 MiB.
2026-10-05T07:35:12Z INFO [3029/3678] 4ce060fb-9138-469e-a083-8a25fc849fba: does not qualify; 1.8 s; peak memory 7829 MiB.
2026-10-05T07:35:13Z INFO [3030/3678] 4ce06d2c-094f-40cf-a775-6a4b97056554: does not qualify; 0.8 s; peak memory 7829 MiB.
2026-10-05T07:35:14Z INFO [3031/3678] 4ce0ae87-1c46-4240-abf6-b3a5a3513d98: does not qualify; 1.4 s; peak memory 7829 MiB.
2026-10-05T07:35:27Z INFO [3032/3678] 4ce15471-ea53-4b40-99c9-d2c2181d08ce: does not qualify; 12.9 s; peak memory 7829 MiB.
2026-10-05T07:35:31Z INFO [3033/3678] 4ce23189-173e-410d-b766-d91f8f14561b: does not qualify; 3.8 s; peak memory 7829 MiB.
2026-10-05T07:35:31Z INFO [3034/3678] 4ce237de-b0f0-4dc5-aa9d-399dca5b7142: does not qualify; 0.8 s; peak memory 7829 MiB.
2026-10-05T07:35:32Z INFO [3035/3678] 4ce284bb-bc0d-4f22-9170-e5ee81445de5: does not qualify; 0.6 s; peak memory 7829 MiB.
2026-10-05T07:35:33Z INFO [3036/3678] 4ce2b551-c71b-46b8-a367-d9d2f32ec043: does not qualify; 0.8 s; peak memory 7829 MiB.
2026-10-05T07:35:34Z INFO [3037/3678] 4ce3b9ea-05d4-47aa-a801-37ef166e1a91: does not qualify; 0.8 s; peak memory 7829 MiB.
2026-10-05T07:35:35Z INFO [3038/3678] 4ce4e306-1c06-44e9-b49c-54c426e6cf64: does not qualify; 1.4 s; peak memory 7829 MiB.
2026-10-05T07:35:36Z INFO [3039/3678] 4ce518d2-dc49-456f-b76f-9bdf83419feb: does not qualify; 0.7 s; peak memory 7829 MiB.
2026-10-05T07:35:36Z INFO [3040/3678] 4ce52687-5b16-4a9f-90d2-2a61feeb52b9: does not qualify; 0.7 s; peak memory 7829 MiB.
2026-10-05T07:35:41Z INFO [3041/3678] 4ce5e704-edf6-46e5-9893-c7eb191b196a: does not qualify; 5.0 s; peak memory 7829 MiB.
2026-10-05T07:35:42Z INFO [3042/3678] 4ce61aa6-f722-4568-9f4b-e1cd554a33db: does not qualify; 0.7 s; peak memory 7829 MiB.
2026-10-05T07:35:43Z INFO [3043/3678] 4ce6dd71-b1a8-48a3-b4b6-0fa14e8a570b: does not qualify; 0.7 s; peak memory 7829 MiB.
2026-10-05T07:35:45Z INFO [3044/3678] 4ce79644-120a-4678-bea1-a0e03b6f0b4e: does not qualify; 2.1 s; peak memory 7829 MiB.
2026-10-05T07:35:46Z INFO [3045/3678] 4ce7d708-48e0-4bb1-a63c-acf88fe5a8bb: does not qualify; 0.9 s; peak memory 7829 MiB.
2026-10-05T07:35:48Z INFO [3046/3678] 4ce82833-0a78-47a7-b4d4-3720d7c11746: does not qualify; 2.3 s; peak memory 7829 MiB.
2026-10-05T07:35:49Z INFO [3047/3678] 4ce92712-d74e-4e39-b967-49da151a97c4: does not qualify; 1.1 s; peak memory 7829 MiB.
2026-10-05T07:35:50Z INFO [3048/3678] 4ce954d3-5b32-495e-855d-d042dd5482b1: does not qualify; 1.1 s; peak memory 7829 MiB.
2026-10-05T07:35:54Z INFO [3049/3678] 4cea2431-6abc-4100-89be-12209793f49b: does not qualify; 3.9 s; peak memory 7829 MiB.
2026-10-05T07:35:55Z INFO [3050/3678] 4cead413-2dff-4f84-afd1-e87244835979: does not qualify; 0.9 s; peak memory 7829 MiB.
2026-10-05T07:35:55Z INFO [3050/3678] 4cead413-2dff-4f84-afd1-e87244835979: checkpointed 65515 records.
2026-10-05T07:35:59Z INFO [3051/3678] 4cec3302-f3ea-4353-ac76-631a513f6cd0: does not qualify; 3.4 s; peak memory 7829 MiB.
2026-10-05T07:36:00Z INFO [3052/3678] 4cec4087-8c6e-4223-bbb6-d69a8a4b58da: does not qualify; 1.0 s; peak memory 7829 MiB.
2026-10-05T07:36:00Z INFO [3053/3678] 4cecc360-3c27-46c3-b46f-c49ad252b7d0: does not qualify; 0.7 s; peak memory 7829 MiB.
2026-10-05T07:36:01Z INFO [3054/3678] 4ced66c4-8767-4d53-909b-57a660352e58: does not qualify; 0.6 s; peak memory 7829 MiB.
2026-10-05T07:36:01Z INFO [3055/3678] 4ced73b6-cbfa-4dfb-99d0-27a81e8d3330: does not qualify; 0.5 s; peak memory 7829 MiB.
2026-10-05T07:36:04Z INFO [3056/3678] 4cedb5d9-52be-453e-9a9a-e7b6e89c5d83: does not qualify; 2.2 s; peak memory 7829 MiB.
2026-10-05T07:36:04Z INFO [3057/3678] 4cedff44-6c00-4617-a2db-d175b978b0cb: does not qualify; 0.8 s; peak memory 7829 MiB.
2026-10-05T07:36:09Z INFO [3058/3678] 4cee1b78-c64a-4951-92c7-c6d22693b17d: does not qualify; 5.0 s; peak memory 7829 MiB.
2026-10-05T07:36:11Z INFO [3059/3678] 4cf00abe-c181-4014-9706-100a49bbd406: does not qualify; 1.3 s; peak memory 7829 MiB.
2026-10-05T07:36:17Z INFO [3060/3678] 4cf1331d-db0a-4322-a71a-5b6e7cf948b2: does not qualify; 6.1 s; peak memory 7829 MiB.
2026-10-05T07:36:17Z INFO [3061/3678] 4cf33942-62e5-4807-b017-bdfa51eb3d10: does not qualify; 0.4 s; peak memory 7829 MiB.
2026-10-05T07:36:21Z INFO [3062/3678] 4cf36e22-4a73-4dd8-9f36-ae5caf2f62e3: qualifies; 3.7 s; peak memory 7829 MiB.
2026-10-05T07:36:23Z INFO [3063/3678] 4cf3a671-c045-4dd0-aa94-fd4238c9b2e6: does not qualify; 1.6 s; peak memory 7829 MiB.
2026-10-05T07:36:23Z INFO [3064/3678] 4cf3c534-e99f-4ce4-a2e8-0ada6af88dda: does not qualify; 0.6 s; peak memory 7829 MiB.
2026-10-05T07:36:24Z INFO [3065/3678] 4cf53c45-af16-4a84-8c9a-b62d9a1d6f6e: does not qualify; 0.7 s; peak memory 7829 MiB.
2026-10-05T07:36:25Z INFO [3066/3678] 4cf56cc8-3957-4114-b178-91a2d298a768: does not qualify; 1.1 s; peak memory 7829 MiB.
2026-10-05T07:36:26Z INFO [3067/3678] 4cf6583c-1964-4226-9982-0c522425dab7: does not qualify; 0.9 s; peak memory 7829 MiB.
2026-10-05T07:36:27Z INFO [3068/3678] 4cf6bdc1-5399-4e69-bf35-f4cf83c89ba5: does not qualify; 1.6 s; peak memory 7829 MiB.
2026-10-05T07:36:29Z INFO [3069/3678] 4cf6d762-662d-480b-aa4a-dfc84b10fab9: does not qualify; 1.8 s; peak memory 7829 MiB.
2026-10-05T07:36:30Z INFO [3070/3678] 4cf7df6a-d941-4e33-86d2-8214cc569122: does not qualify; 0.9 s; peak memory 7829 MiB.
2026-10-05T07:36:31Z INFO [3071/3678] 4cf85451-53f3-4b84-8c81-6267b6bcac39: does not qualify; 0.9 s; peak memory 7829 MiB.
2026-10-05T07:36:31Z INFO [3072/3678] 4cf8e4de-184c-4b90-b2ab-7ae1272f7b13: does not qualify; 0.5 s; peak memory 7829 MiB.
2026-10-05T07:36:34Z INFO [3073/3678] 4cfa25c9-cec9-475c-af3f-692a83450391: does not qualify; 2.4 s; peak memory 7829 MiB.
2026-10-05T07:36:35Z INFO [3074/3678] 4cfa5600-acac-4494-a9e4-4d5d53c502f3: does not qualify; 1.5 s; peak memory 7829 MiB.
2026-10-05T07:36:36Z INFO [3075/3678] 4cfb547f-ca3e-4978-a573-77493f32b7fa: does not qualify; 1.1 s; peak memory 7829 MiB.
2026-10-05T07:36:42Z INFO [3076/3678] 4cfb9f72-be95-422d-9d96-02c9d6f48103: does not qualify; 5.7 s; peak memory 7829 MiB.
2026-10-05T07:36:43Z INFO [3077/3678] 4cfbfc41-5d5a-403c-a2cf-17600c7a7a3a: does not qualify; 0.7 s; peak memory 7829 MiB.
2026-10-05T07:36:47Z INFO [3078/3678] 4cfc14d8-dab9-4721-afde-31ba84646e98: does not qualify; 4.0 s; peak memory 7829 MiB.
2026-10-05T07:36:48Z INFO [3079/3678] 4cfc2ca9-0aa6-486e-9bbc-25ad3419eed1: does not qualify; 0.7 s; peak memory 7829 MiB.
2026-10-05T07:36:48Z INFO [3080/3678] 4cfc6c99-f009-4732-ac78-b4c4158a39eb: does not qualify; 0.5 s; peak memory 7829 MiB.
2026-10-05T07:36:49Z INFO [3081/3678] 4cfd8560-6bc4-467a-acb2-edab6072b217: does not qualify; 0.7 s; peak memory 7829 MiB.
2026-10-05T07:36:49Z INFO [3082/3678] 4cfe192a-a3dc-417d-b825-44c59c5863cc: does not qualify; 0.6 s; peak memory 7829 MiB.
2026-10-05T07:36:50Z INFO [3083/3678] 4cfe1a3c-e681-45c2-ab45-d23868fa2547: does not qualify; 0.7 s; peak memory 7829 MiB.
2026-10-05T07:36:51Z INFO [3084/3678] 4cfe288a-206a-4128-932b-6fecfb4273e7: does not qualify; 0.5 s; peak memory 7829 MiB.
2026-10-05T07:36:51Z INFO [3085/3678] 4cfe3250-9e5c-45e0-a489-5d6b89f746b1: does not qualify; 0.5 s; peak memory 7829 MiB.
2026-10-05T07:36:52Z INFO [3086/3678] 4cff70aa-5df4-4c3d-9d4d-016636fde235: does not qualify; 0.9 s; peak memory 7829 MiB.
2026-10-05T07:36:53Z INFO [3087/3678] 4cffc380-5f31-4f5a-9969-252fe2aa68c1: does not qualify; 1.2 s; peak memory 7829 MiB.
2026-10-05T07:36:57Z INFO [3088/3678] 4d002723-b140-4841-9381-fa4f57b27cc4: does not qualify; 3.4 s; peak memory 7829 MiB.
2026-10-05T07:36:58Z INFO [3089/3678] 4d006220-7c11-4fc2-bef3-171d2fe081ec: does not qualify; 1.2 s; peak memory 7829 MiB.
2026-10-05T07:36:59Z INFO [3090/3678] 4d014c86-836d-4ac2-b061-25b453950132: does not qualify; 0.9 s; peak memory 7829 MiB.
2026-10-05T07:37:00Z INFO [3091/3678] 4d0297c7-93a6-4458-9497-d6de860b4237: does not qualify; 0.7 s; peak memory 7829 MiB.
2026-10-05T07:37:01Z INFO [3092/3678] 4d031b41-741a-436f-8b67-40df8ed8cb47: does not qualify; 1.2 s; peak memory 7829 MiB.
2026-10-05T07:37:02Z INFO [3093/3678] 4d039751-10cb-4c86-b7cd-6ca0941be61e: does not qualify; 1.1 s; peak memory 7829 MiB.
2026-10-05T07:37:03Z INFO [3094/3678] 4d03ab62-d064-4340-a094-bb01b647606a: does not qualify; 0.8 s; peak memory 7829 MiB.
2026-10-05T07:37:12Z INFO [3095/3678] 4d03ee5b-10f2-41b0-bf8e-94cc3db99dac: does not qualify; 9.4 s; peak memory 7829 MiB.
2026-10-05T07:37:16Z INFO [3096/3678] 4d0538d7-b842-4757-8dd6-427e1bce0fd1: does not qualify; 3.6 s; peak memory 7829 MiB.
2026-10-05T07:37:16Z INFO [3097/3678] 4d059b44-32ae-41b3-8eb2-346daaf814cf: does not qualify; 0.7 s; peak memory 7829 MiB.
2026-10-05T07:37:17Z INFO [3098/3678] 4d05a70d-e1ad-499a-b227-d3fc702707ea: does not qualify; 1.0 s; peak memory 7829 MiB.
2026-10-05T07:37:18Z INFO [3099/3678] 4d067431-74ee-46c1-8be2-1f0459ae3b6d: does not qualify; 0.8 s; peak memory 7829 MiB.
2026-10-05T07:37:19Z INFO [3100/3678] 4d07c7fb-2ffc-4797-a2ae-49553389c719: does not qualify; 1.1 s; peak memory 7829 MiB.
2026-10-05T07:37:19Z INFO [3100/3678] 4d07c7fb-2ffc-4797-a2ae-49553389c719: checkpointed 65565 records.
2026-10-05T07:37:20Z INFO [3101/3678] 4d07fa80-d684-4a50-a5a0-a1ce7051ccde: does not qualify; 1.0 s; peak memory 7829 MiB.
2026-10-05T07:37:21Z INFO [3102/3678] 4d081b8f-8e31-4d56-ac45-3ff076661297: does not qualify; 1.1 s; peak memory 7829 MiB.
2026-10-05T07:37:22Z INFO [3103/3678] 4d0879d9-f5be-4afb-b55d-06477f296caf: does not qualify; 0.7 s; peak memory 7829 MiB.
2026-10-05T07:37:23Z INFO [3104/3678] 4d09904b-0477-48a5-aed5-900d18267139: does not qualify; 0.4 s; peak memory 7829 MiB.
2026-10-05T07:37:23Z INFO [3105/3678] 4d0a1089-4f57-4883-84f1-77052c2ea408: does not qualify; 0.9 s; peak memory 7829 MiB.
2026-10-05T07:37:24Z INFO [3106/3678] 4d0ae7b3-fa60-4f6d-803b-062d5ae34021: does not qualify; 0.7 s; peak memory 7829 MiB.
2026-10-05T07:37:30Z INFO [3107/3678] 4d0b89e9-94a2-4dc1-95f2-5de55378e079: does not qualify; 5.6 s; peak memory 7829 MiB.
2026-10-05T07:37:31Z INFO [3108/3678] 4d0c15cb-b469-44ba-952c-573023889971: does not qualify; 1.1 s; peak memory 7829 MiB.
2026-10-05T07:37:32Z INFO [3109/3678] 4d0c40f5-3356-428e-b563-d151f4aff543: does not qualify; 1.1 s; peak memory 7829 MiB.
2026-10-05T07:37:34Z INFO [3110/3678] 4d0d6e67-7566-499a-8438-238a28f10972: does not qualify; 2.3 s; peak memory 7829 MiB.
2026-10-05T07:37:36Z INFO [3111/3678] 4d0e38cb-cdac-40ef-8004-062aa8dafd96: does not qualify; 1.3 s; peak memory 7829 MiB.
2026-10-05T07:37:40Z INFO [3112/3678] 4d0e7bda-dafd-48e2-8963-683cc2706cca: does not qualify; 4.3 s; peak memory 7829 MiB.
2026-10-05T07:37:41Z INFO [3113/3678] 4d0ea095-18d6-4f66-b7cd-63287a87c573: does not qualify; 1.0 s; peak memory 7829 MiB.
2026-10-05T07:37:42Z INFO [3114/3678] 4d0edc04-791a-4d21-b878-3f2a5e2349ef: does not qualify; 1.4 s; peak memory 7829 MiB.
2026-10-05T07:37:43Z INFO [3115/3678] 4d0f7b5c-6515-40da-b7f8-5e24abff0482: does not qualify; 0.8 s; peak memory 7829 MiB.
2026-10-05T07:37:44Z INFO [3116/3678] 4d0f8b1b-88fe-48b7-baac-7b11646625da: does not qualify; 0.6 s; peak memory 7829 MiB.
2026-10-05T07:37:45Z INFO [3117/3678] 4d0fc9d9-992f-4b51-97e9-dddbe83d4b64: does not qualify; 0.7 s; peak memory 7829 MiB.
2026-10-05T07:37:45Z INFO [3118/3678] 4d0ffaec-c260-4b70-af1b-4d6fbd278ee0: does not qualify; 0.8 s; peak memory 7829 MiB.
2026-10-05T07:37:46Z INFO [3119/3678] 4d107b01-f34e-486f-89a9-e9a886c4fd1c: does not qualify; 0.9 s; peak memory 7829 MiB.
2026-10-05T07:37:47Z INFO [3120/3678] 4d1082f9-e6f3-41b2-93c1-0147a9fdb992: does not qualify; 1.0 s; peak memory 7829 MiB.
2026-10-05T07:37:48Z INFO [3121/3678] 4d10d586-3a09-4a33-a8c0-d26ce408febc: does not qualify; 0.7 s; peak memory 7829 MiB.
2026-10-05T07:37:49Z INFO [3122/3678] 4d11676f-d4c5-4181-98dd-2b27e3606eb3: does not qualify; 0.8 s; peak memory 7829 MiB.
2026-10-05T07:37:49Z INFO [3123/3678] 4d119947-f720-46d7-b763-af1bb0d1a028: does not qualify; 0.7 s; peak memory 7829 MiB.
2026-10-05T07:37:50Z INFO [3124/3678] 4d12382c-a11e-48b7-bfa9-49f964fdf3b0: does not qualify; 0.6 s; peak memory 7829 MiB.
2026-10-05T07:37:51Z INFO [3125/3678] 4d12c8fc-a791-45e9-bab2-c38cb5a4ba32: does not qualify; 0.5 s; peak memory 7829 MiB.
2026-10-05T07:37:53Z INFO [3126/3678] 4d14c695-fac8-467e-82db-10b7140e668c: does not qualify; 2.0 s; peak memory 7829 MiB.
2026-10-05T07:37:53Z INFO [3127/3678] 4d151ecb-2aed-4f99-95d6-6358b1cec979: does not qualify; 0.8 s; peak memory 7829 MiB.
2026-10-05T07:37:54Z INFO [3128/3678] 4d1573a5-e1ff-4b0b-9770-f9c13e5c933f: does not qualify; 0.8 s; peak memory 7829 MiB.
2026-10-05T07:37:55Z INFO [3129/3678] 4d158ba8-0d2d-4015-ae49-69fea3784407: does not qualify; 0.6 s; peak memory 7829 MiB.
2026-10-05T07:37:55Z INFO [3130/3678] 4d15a4b9-5230-4765-90ff-1918f8dc5866: does not qualify; 0.8 s; peak memory 7829 MiB.
2026-10-05T07:37:56Z INFO [3131/3678] 4d15c84a-d2c7-4c8b-9fe5-c407de5acb80: does not qualify; 1.0 s; peak memory 7829 MiB.
2026-10-05T07:37:57Z INFO [3132/3678] 4d165679-4f33-43b5-bb90-266357b51439: does not qualify; 1.1 s; peak memory 7829 MiB.
2026-10-05T07:37:59Z INFO [3133/3678] 4d166298-8851-4f10-9e79-eff4e12ad40d: does not qualify; 1.1 s; peak memory 7829 MiB.
2026-10-05T07:37:59Z INFO [3134/3678] 4d16fd42-8b9e-409b-8bd6-f7dbbcac1a8b: does not qualify; 0.7 s; peak memory 7829 MiB.
2026-10-05T07:38:00Z INFO [3135/3678] 4d171326-8fc2-4224-94eb-06cf727383b2: does not qualify; 0.9 s; peak memory 7829 MiB.
2026-10-05T07:38:01Z INFO [3136/3678] 4d17c3f8-e048-4522-b570-0e9497efdaf5: does not qualify; 0.8 s; peak memory 7829 MiB.
2026-10-05T07:38:02Z INFO [3137/3678] 4d189cb6-5988-49bd-83fd-9f3e2ea3e275: does not qualify; 1.0 s; peak memory 7829 MiB.
2026-10-05T07:38:04Z INFO [3138/3678] 4d18f06b-9450-4b66-ae1f-1d88e1997086: does not qualify; 1.6 s; peak memory 7829 MiB.
2026-10-05T07:38:05Z INFO [3139/3678] 4d191471-0427-46e9-b978-9a2e3bf42afc: does not qualify; 1.0 s; peak memory 7829 MiB.
2026-10-05T07:38:05Z INFO [3140/3678] 4d19263d-0634-4e4c-85ae-1b3a0a4ef6da: does not qualify; 0.6 s; peak memory 7829 MiB.
2026-10-05T07:38:11Z INFO [3141/3678] 4d199fbc-a198-43a7-b676-3c11b539df92: does not qualify; 5.4 s; peak memory 7829 MiB.
2026-10-05T07:38:11Z INFO [3142/3678] 4d19c0f5-cf09-486e-9f7a-e806b22f498e: does not qualify; 0.9 s; peak memory 7829 MiB.
2026-10-05T07:38:12Z INFO [3143/3678] 4d1a31fe-d548-4c15-8a2d-255ded2d0d6d: does not qualify; 0.8 s; peak memory 7829 MiB.
2026-10-05T07:38:13Z INFO [3144/3678] 4d1ae59f-4ff9-4868-8737-fe5f9f4a2c0a: does not qualify; 0.9 s; peak memory 7829 MiB.
2026-10-05T07:38:14Z INFO [3145/3678] 4d1afccd-32f2-4f23-bce5-c342660780c6: does not qualify; 1.3 s; peak memory 7829 MiB.
2026-10-05T07:38:15Z INFO [3146/3678] 4d1b092f-101b-4b76-a92e-63c0889d059f: does not qualify; 1.0 s; peak memory 7829 MiB.
2026-10-05T07:38:21Z INFO [3147/3678] 4d1b9d2b-5a94-4294-86de-fe0a7bf7d35a: does not qualify; 5.2 s; peak memory 7829 MiB.
2026-10-05T07:38:22Z INFO [3148/3678] 4d1c675f-8532-40cc-a064-23e6add2dfa1: does not qualify; 0.9 s; peak memory 7829 MiB.
2026-10-05T07:38:23Z INFO [3149/3678] 4d1c9848-6cd9-4020-8cfc-57c4b54443e2: does not qualify; 1.7 s; peak memory 7829 MiB.
2026-10-05T07:38:25Z INFO [3150/3678] 4d1d2b92-95a7-4379-9def-db199d7bc2a8: qualifies; 2.1 s; peak memory 7829 MiB.
2026-10-05T07:38:25Z INFO [3150/3678] 4d1d2b92-95a7-4379-9def-db199d7bc2a8: checkpointed 65615 records.
2026-10-05T07:38:27Z INFO [3151/3678] 4d1d6d83-86b2-41fd-ba91-5476a31a51a9: does not qualify; 1.1 s; peak memory 7829 MiB.
2026-10-05T07:38:28Z INFO [3152/3678] 4d1d6eef-a8f4-444e-b791-db6be3841a22: does not qualify; 1.1 s; peak memory 7829 MiB.
2026-10-05T07:38:28Z INFO [3153/3678] 4d1dbd52-4df1-433f-9b15-0693503170e5: does not qualify; 0.4 s; peak memory 7829 MiB.
2026-10-05T07:38:29Z INFO [3154/3678] 4d1e059e-bdd9-417d-8d09-40973c15636f: does not qualify; 1.3 s; peak memory 7829 MiB.
2026-10-05T07:38:30Z INFO [3155/3678] 4d1f411c-9c4e-4b37-9650-6f508aa546c9: does not qualify; 0.9 s; peak memory 7829 MiB.
2026-10-05T07:38:31Z INFO [3156/3678] 4d1fd5d4-32c3-42dd-8cae-7cb72d52ffa1: does not qualify; 0.9 s; peak memory 7829 MiB.
2026-10-05T07:38:32Z INFO [3157/3678] 4d2001a9-3724-49af-a21f-37c445154440: does not qualify; 0.8 s; peak memory 7829 MiB.
2026-10-05T07:38:33Z INFO [3158/3678] 4d205012-839d-4837-9a30-dd613467b9dd: does not qualify; 0.8 s; peak memory 7829 MiB.
2026-10-05T07:38:33Z INFO [3159/3678] 4d2190b2-9988-4083-a5bc-b6ebac74454b: does not qualify; 0.7 s; peak memory 7829 MiB.
2026-10-05T07:38:35Z INFO [3160/3678] 4d219cef-63f9-49f2-b212-646dca2e32cf: does not qualify; 1.2 s; peak memory 7829 MiB.
2026-10-05T07:38:36Z INFO [3161/3678] 4d21fbd7-8713-473a-96e2-3959865922dc: does not qualify; 1.0 s; peak memory 7829 MiB.
2026-10-05T07:38:37Z INFO [3162/3678] 4d22c685-4511-49ac-b828-8562b4a72d36: does not qualify; 1.0 s; peak memory 7829 MiB.
2026-10-05T07:38:37Z INFO [3163/3678] 4d22d0d1-cfd8-4533-8f58-a22e70903ba4: does not qualify; 0.8 s; peak memory 7829 MiB.
2026-10-05T07:38:39Z INFO [3164/3678] 4d232dab-0d1f-42f6-9c13-c9947ddf1e44: does not qualify; 1.1 s; peak memory 7829 MiB.
2026-10-05T07:38:39Z INFO [3165/3678] 4d271cfa-2b89-47ad-b3a6-aad6a378a413: does not qualify; 0.8 s; peak memory 7829 MiB.
2026-10-05T07:38:43Z INFO [3166/3678] 4d27ff25-d7ec-45a2-9014-97a57260c463: does not qualify; 3.8 s; peak memory 7829 MiB.
2026-10-05T07:38:44Z INFO [3167/3678] 4d2875ba-d83b-44d5-9036-74f42e19e8a0: qualifies; 1.3 s; peak memory 7829 MiB.
2026-10-05T07:38:45Z INFO [3168/3678] 4d28827a-25cf-4479-90e5-6c15393040ea: does not qualify; 0.5 s; peak memory 7829 MiB.
2026-10-05T07:38:46Z INFO [3169/3678] 4d2976f1-82bc-459c-ab40-ab9b18c75d9f: does not qualify; 1.1 s; peak memory 7829 MiB.
2026-10-05T07:38:47Z INFO [3170/3678] 4d29f8c6-9cc7-4eba-afd4-df9ffc921a8b: does not qualify; 0.8 s; peak memory 7829 MiB.
2026-10-05T07:38:48Z INFO [3171/3678] 4d2a7e4a-6dce-414e-97bb-85d85c47d6d7: does not qualify; 0.7 s; peak memory 7829 MiB.
2026-10-05T07:38:49Z INFO [3172/3678] 4d2ad519-7081-444e-97ab-6a556cb63385: does not qualify; 1.4 s; peak memory 7829 MiB.
2026-10-05T07:38:50Z INFO [3173/3678] 4d2b05e0-62cc-493f-b951-43c7530f53e4: does not qualify; 0.6 s; peak memory 7829 MiB.
2026-10-05T07:38:50Z INFO [3174/3678] 4d2b6eec-68c9-415c-b2ea-e89a8c0fe172: does not qualify; 0.6 s; peak memory 7829 MiB.
2026-10-05T07:38:54Z INFO [3175/3678] 4d2b778f-4b68-467c-b1cb-87e7f0cdeef5: does not qualify; 4.0 s; peak memory 7829 MiB.
2026-10-05T07:38:59Z INFO [3176/3678] 4d2b8b68-7d87-4308-84e3-ca08dbd87d09: does not qualify; 4.3 s; peak memory 7829 MiB.
2026-10-05T07:38:59Z INFO [3177/3678] 4d2bd499-16c2-4c7f-af49-2d23e8da1d2a: does not qualify; 0.5 s; peak memory 7829 MiB.
2026-10-05T07:39:00Z INFO [3178/3678] 4d2c6960-e6d3-4c1f-a1b7-8e636b30aa06: does not qualify; 1.1 s; peak memory 7829 MiB.
2026-10-05T07:39:07Z INFO [3179/3678] 4d2e81c5-6ebe-416e-b328-749f6c76d35b: does not qualify; 7.1 s; peak memory 7829 MiB.
2026-10-05T07:39:08Z INFO [3180/3678] 4d2f5680-2d99-4afe-acba-699edc96e038: does not qualify; 0.8 s; peak memory 7829 MiB.
2026-10-05T07:39:09Z INFO [3181/3678] 4d2f6c50-b096-4775-91a6-af0976e3e611: does not qualify; 0.8 s; peak memory 7829 MiB.
2026-10-05T07:39:10Z INFO [3182/3678] 4d30480a-63ab-4cfd-b8e6-6b1b5fbe4625: does not qualify; 1.0 s; peak memory 7829 MiB.
2026-10-05T07:39:16Z INFO [3183/3678] 4d345f35-2bf4-45bd-b9da-c372ca072d1f: does not qualify; 5.8 s; peak memory 7829 MiB.
2026-10-05T07:39:20Z INFO [3184/3678] 4d34895d-7773-458e-9037-e21a83ae24b3: does not qualify; 4.6 s; peak memory 7829 MiB.
2026-10-05T07:39:22Z INFO [3185/3678] 4d34a690-2b46-405b-96bf-b981094b2c68: does not qualify; 1.8 s; peak memory 7829 MiB.
2026-10-05T07:39:23Z INFO [3186/3678] 4d354ccc-34ae-4f37-8bfc-22256edb5562: does not qualify; 0.9 s; peak memory 7829 MiB.
2026-10-05T07:39:24Z INFO [3187/3678] 4d36a43e-bc83-4f6b-a149-8ae0c82545f6: does not qualify; 0.8 s; peak memory 7829 MiB.
2026-10-05T07:39:26Z INFO [3188/3678] 4d37cb32-504d-4e04-9337-cb8a83d3a3cf: does not qualify; 2.6 s; peak memory 7829 MiB.
2026-10-05T07:39:27Z INFO [3189/3678] 4d383933-bfd4-49fd-91a4-e79433bb6844: does not qualify; 0.8 s; peak memory 7829 MiB.
2026-10-05T07:39:28Z INFO [3190/3678] 4d383b02-a80c-4226-a47b-5e6622c479f8: does not qualify; 1.2 s; peak memory 7829 MiB.
2026-10-05T07:39:30Z INFO [3191/3678] 4d39b2bc-6399-464a-91a2-b3bac0b96f6a: does not qualify; 1.3 s; peak memory 7829 MiB.
2026-10-05T07:39:33Z INFO [3192/3678] 4d3a33d1-9e53-445a-afc9-40986be3bdb5: does not qualify; 3.8 s; peak memory 7829 MiB.
2026-10-05T07:39:36Z INFO [3193/3678] 4d3affff-0626-4cad-9e0b-a1c675c4950a: does not qualify; 2.1 s; peak memory 7829 MiB.
2026-10-05T07:39:42Z INFO [3194/3678] 4d3b9d33-3525-4845-8365-763a15437b8f: does not qualify; 6.7 s; peak memory 7829 MiB.
2026-10-05T07:39:43Z INFO [3195/3678] 4d3bc356-0f11-46cf-9154-9ee901571eb6: does not qualify; 1.1 s; peak memory 7829 MiB.
2026-10-05T07:39:44Z INFO [3196/3678] 4d3c1f6f-b582-4e32-be51-a05fc6e92b33: does not qualify; 0.6 s; peak memory 7829 MiB.
2026-10-05T07:39:45Z INFO [3197/3678] 4d3c2072-cd30-4ccc-96ab-af6781d53f93: does not qualify; 1.2 s; peak memory 7829 MiB.
2026-10-05T07:39:46Z INFO [3198/3678] 4d3c6f08-e453-4beb-a667-b106065fa3a6: does not qualify; 1.0 s; peak memory 7829 MiB.
2026-10-05T07:39:49Z INFO [3199/3678] 4d3c781d-3311-4752-846c-f2957ac8f17e: does not qualify; 2.6 s; peak memory 7829 MiB.
2026-10-05T07:39:50Z INFO [3200/3678] 4d3c7cb9-9d20-4824-ae27-6b8f2846738a: does not qualify; 0.9 s; peak memory 7829 MiB.
2026-10-05T07:39:50Z INFO [3200/3678] 4d3c7cb9-9d20-4824-ae27-6b8f2846738a: checkpointed 65665 records.
2026-10-05T07:39:50Z INFO [3201/3678] 4d3d7d81-f471-4176-ae77-3f15d805a582: does not qualify; 0.6 s; peak memory 7829 MiB.
2026-10-05T07:39:51Z INFO [3202/3678] 4d3e0b45-6fec-4d3f-aa32-f35f0e43c71e: does not qualify; 0.7 s; peak memory 7829 MiB.
2026-10-05T07:39:52Z INFO [3203/3678] 4d3f476f-92c3-4782-b7c7-d4eca0e1cbef: does not qualify; 1.1 s; peak memory 7829 MiB.
2026-10-05T07:39:56Z INFO [3204/3678] 4d3f6b9b-9e34-4b68-8c43-df3d968f41fc: does not qualify; 3.9 s; peak memory 7829 MiB.
2026-10-05T07:39:57Z INFO [3205/3678] 4d3f71bf-9506-4880-bf28-911bb713c473: does not qualify; 0.7 s; peak memory 7829 MiB.
2026-10-05T07:40:17Z INFO [3206/3678] 4d3f9b03-8284-4cc6-8582-f8b4414da455: does not qualify; 20.4 s; peak memory 7829 MiB.
2026-10-05T07:40:19Z INFO [3207/3678] 4d3ffc21-5db6-40d3-8dd9-324cb9d97203: does not qualify; 1.8 s; peak memory 7829 MiB.
2026-10-05T07:40:21Z INFO [3208/3678] 4d405572-ce48-4cbc-b828-df1a85a59e8b: does not qualify; 1.8 s; peak memory 7829 MiB.
2026-10-05T07:40:21Z INFO [3209/3678] 4d406a2d-d0a2-49af-8c06-c8a222161c15: does not qualify; 0.7 s; peak memory 7829 MiB.
2026-10-05T07:40:26Z INFO [3210/3678] 4d409cc3-62cc-49ad-a5e0-6982c9663242: does not qualify; 4.8 s; peak memory 7829 MiB.
2026-10-05T07:40:27Z INFO [3211/3678] 4d40bb59-b7f6-4dd7-8191-9ca53d76b5f3: does not qualify; 1.0 s; peak memory 7829 MiB.
2026-10-05T07:40:28Z INFO [3212/3678] 4d41080b-96cc-4d88-87d2-acd46beb5d69: does not qualify; 1.0 s; peak memory 7829 MiB.
2026-10-05T07:40:33Z INFO [3213/3678] 4d420e8d-4402-4c75-948c-e50c40644c04: does not qualify; 5.2 s; peak memory 7829 MiB.
2026-10-05T07:40:35Z INFO [3214/3678] 4d42d18d-57a4-43ec-b1d3-a257f2043555: does not qualify; 1.7 s; peak memory 7829 MiB.
2026-10-05T07:40:36Z INFO [3215/3678] 4d43ab07-ca5d-4309-9734-5e18c2a76d37: does not qualify; 0.7 s; peak memory 7829 MiB.
2026-10-05T07:40:37Z INFO [3216/3678] 4d43c0a1-32a2-4dcd-9437-793640cf1105: does not qualify; 0.9 s; peak memory 7829 MiB.
2026-10-05T07:40:38Z INFO [3217/3678] 4d44455a-ceb6-48c5-bb81-a65576a81c2b: does not qualify; 1.1 s; peak memory 7829 MiB.
2026-10-05T07:40:38Z INFO [3218/3678] 4d446595-7416-49a9-a27c-a29c1af2048c: does not qualify; 0.7 s; peak memory 7829 MiB.
2026-10-05T07:40:39Z INFO [3219/3678] 4d447a47-0769-4f89-b5ce-60d73ce5983a: does not qualify; 0.9 s; peak memory 7829 MiB.
2026-10-05T07:40:40Z INFO [3220/3678] 4d4531f7-7e2d-4bfe-9ec3-44d00ca13076: does not qualify; 0.5 s; peak memory 7829 MiB.
2026-10-05T07:40:41Z INFO [3221/3678] 4d455786-290a-4a57-b601-d6a6b6536278: does not qualify; 0.7 s; peak memory 7829 MiB.
2026-10-05T07:40:41Z INFO [3222/3678] 4d46c95e-b194-4dad-8358-0b497ce663a1: does not qualify; 0.6 s; peak memory 7829 MiB.
2026-10-05T07:40:42Z INFO [3223/3678] 4d4710af-94f8-4f21-87cb-c046e5e6eddf: does not qualify; 0.6 s; peak memory 7829 MiB.
2026-10-05T07:40:44Z INFO [3224/3678] 4d478188-a1a8-4600-a67e-82abd16fd0a4: does not qualify; 2.3 s; peak memory 7829 MiB.
2026-10-05T07:40:46Z INFO [3225/3678] 4d47ea13-3512-41ec-b69e-a06a88debca7: does not qualify; 1.5 s; peak memory 7829 MiB.
2026-10-05T07:40:47Z INFO [3226/3678] 4d48cdce-6068-4921-88ef-f678fa7f9ff6: does not qualify; 1.0 s; peak memory 7829 MiB.
2026-10-05T07:40:47Z INFO [3227/3678] 4d48e398-ca08-4913-a033-fccc2e4e5cf6: does not qualify; 0.9 s; peak memory 7829 MiB.
2026-10-05T07:40:48Z INFO [3228/3678] 4d4913d9-5fa9-4082-9c95-9f597ed5139a: does not qualify; 0.8 s; peak memory 7829 MiB.
2026-10-05T07:40:49Z INFO [3229/3678] 4d49e5d3-9a91-411f-b8fa-6feb788d4b7a: does not qualify; 0.9 s; peak memory 7829 MiB.
2026-10-05T07:40:50Z INFO [3230/3678] 4d49fe4c-76eb-4636-97df-6886b0738cb1: does not qualify; 0.8 s; peak memory 7829 MiB.
2026-10-05T07:40:51Z INFO [3231/3678] 4d4a8dd0-41d5-4354-ae33-9f5151379707: does not qualify; 1.3 s; peak memory 7829 MiB.
2026-10-05T07:40:55Z INFO [3232/3678] 4d4a97f7-83a7-45b7-8f05-487f107087c2: does not qualify; 4.0 s; peak memory 7829 MiB.
2026-10-05T07:40:56Z INFO [3233/3678] 4d4b3a8a-f5bf-4d33-a816-e2c3c14c7d06: does not qualify; 0.7 s; peak memory 7829 MiB.
2026-10-05T07:41:28Z INFO [3234/3678] 4d4b5647-8288-4c95-937f-9e767bc20de1: does not qualify; 31.6 s; peak memory 7829 MiB.
2026-10-05T07:41:28Z INFO [3235/3678] 4d4bbf5a-7b05-4170-8877-2960462c56a0: does not qualify; 0.8 s; peak memory 7829 MiB.
2026-10-05T07:41:29Z INFO [3236/3678] 4d4cbf65-d0e2-4077-a05a-55d532998810: does not qualify; 0.7 s; peak memory 7829 MiB.
2026-10-05T07:41:30Z INFO [3237/3678] 4d4d8626-345f-43b8-9971-7ad172ab0dc8: does not qualify; 0.7 s; peak memory 7829 MiB.
2026-10-05T07:41:31Z INFO [3238/3678] 4d4d92b6-eee5-4256-b8b8-48dc92eda725: does not qualify; 0.7 s; peak memory 7829 MiB.
2026-10-05T07:41:32Z INFO [3239/3678] 4d4dda27-86a8-48a7-9fa7-155158999d92: does not qualify; 1.9 s; peak memory 7829 MiB.
2026-10-05T07:41:34Z INFO [3240/3678] 4d4e8107-b319-4ca4-aee9-9a8405d13cce: does not qualify; 1.8 s; peak memory 7829 MiB.
2026-10-05T07:41:35Z INFO [3241/3678] 4d4e9c5d-ad51-4f23-8dba-610eb272208f: does not qualify; 0.9 s; peak memory 7829 MiB.
2026-10-05T07:41:36Z INFO [3242/3678] 4d505874-e963-4339-8173-2a8775ccc3d6: does not qualify; 0.7 s; peak memory 7829 MiB.
2026-10-05T07:41:37Z INFO [3243/3678] 4d50b8ef-206e-46d8-bad2-c790a8c2acb2: does not qualify; 0.9 s; peak memory 7829 MiB.
2026-10-05T07:41:38Z INFO [3244/3678] 4d51f427-a09a-4d1d-a845-23421adff2b2: does not qualify; 1.0 s; peak memory 7829 MiB.
2026-10-05T07:41:39Z INFO [3245/3678] 4d5206a1-0465-4b6f-ba5a-199757d830a6: does not qualify; 0.7 s; peak memory 7829 MiB.
2026-10-05T07:41:41Z INFO [3246/3678] 4d52e877-f31e-43b6-9819-5788f244d58b: does not qualify; 2.6 s; peak memory 7829 MiB.
2026-10-05T07:41:42Z INFO [3247/3678] 4d544c60-775f-4dec-bce3-ba790c335ad1: does not qualify; 1.1 s; peak memory 7829 MiB.
2026-10-05T07:41:43Z INFO [3248/3678] 4d544dda-439f-4fa6-851e-9921483f33e4: does not qualify; 0.7 s; peak memory 7829 MiB.
2026-10-05T07:41:44Z INFO [3249/3678] 4d548006-478d-42bd-99f7-07f63a3231e4: does not qualify; 0.7 s; peak memory 7829 MiB.
2026-10-05T07:41:45Z INFO [3250/3678] 4d54f2e9-7ab7-4bdc-a6d4-56d99bdc20ce: does not qualify; 0.9 s; peak memory 7829 MiB.
2026-10-05T07:41:45Z INFO [3250/3678] 4d54f2e9-7ab7-4bdc-a6d4-56d99bdc20ce: checkpointed 65715 records.
2026-10-05T07:41:48Z INFO [3251/3678] 4d5524d6-113d-4c67-946a-d9f57b93d28d: does not qualify; 3.5 s; peak memory 7829 MiB.
2026-10-05T07:41:51Z INFO [3252/3678] 4d55b8eb-3803-4ffe-8c87-0e0b174670c1: does not qualify; 3.0 s; peak memory 7829 MiB.
2026-10-05T07:41:52Z INFO [3253/3678] 4d55c6e4-9991-48c3-9b3f-f03161dd81c8: does not qualify; 0.9 s; peak memory 7829 MiB.
2026-10-05T07:41:53Z INFO [3254/3678] 4d562491-01f3-4859-8538-7c6e957dbbfa: does not qualify; 0.8 s; peak memory 7829 MiB.
2026-10-05T07:41:54Z INFO [3255/3678] 4d56d3f4-8dad-4040-a8be-99667d6fbfda: does not qualify; 0.9 s; peak memory 7829 MiB.
2026-10-05T07:41:54Z INFO [3256/3678] 4d570ef8-e6fa-442b-96cf-1426f8633408: does not qualify; 0.8 s; peak memory 7829 MiB.
2026-10-05T07:41:55Z INFO [3257/3678] 4d57eb5a-9110-4f65-9597-919e6a208a73: does not qualify; 0.5 s; peak memory 7829 MiB.
2026-10-05T07:41:56Z INFO [3258/3678] 4d580c1b-5ea1-4fb9-b88f-1e1bf8cb3530: does not qualify; 0.7 s; peak memory 7829 MiB.
2026-10-05T07:41:56Z INFO [3259/3678] 4d58bc77-a739-41df-802f-a2e6b4102ee4: does not qualify; 0.8 s; peak memory 7829 MiB.
2026-10-05T07:41:57Z INFO [3260/3678] 4d597a28-c472-4ea7-ad8d-3f6d56e274e2: does not qualify; 0.7 s; peak memory 7829 MiB.
2026-10-05T07:41:58Z INFO [3261/3678] 4d59d8c7-6371-48cd-9af6-fee53df421e3: does not qualify; 0.8 s; peak memory 7829 MiB.
2026-10-05T07:42:04Z INFO [3262/3678] 4d5a6eed-4d25-48f1-94e7-b458fd610690: does not qualify; 6.5 s; peak memory 7829 MiB.
2026-10-05T07:42:05Z INFO [3263/3678] 4d5a9083-e9ab-4153-adb7-61f538d2068c: does not qualify; 0.8 s; peak memory 7829 MiB.
2026-10-05T07:42:08Z INFO [3264/3678] 4d5acf88-7d0b-467e-bf95-04f57e746fc9: does not qualify; 3.0 s; peak memory 7829 MiB.
2026-10-05T07:42:09Z INFO [3265/3678] 4d5b23b1-4c5b-4514-8acb-0e96eb087646: does not qualify; 0.6 s; peak memory 7829 MiB.
2026-10-05T07:42:09Z INFO [3266/3678] 4d5d7433-eb2e-4cc8-a1c0-45d6d0a8e5b3: does not qualify; 0.7 s; peak memory 7829 MiB.
2026-10-05T07:42:10Z INFO [3267/3678] 4d5f7458-e6f5-44bb-b1b8-355facf126eb: does not qualify; 0.6 s; peak memory 7829 MiB.
2026-10-05T07:42:11Z INFO [3268/3678] 4d60074d-92f1-4af1-a768-78b48958df80: does not qualify; 1.2 s; peak memory 7829 MiB.
2026-10-05T07:42:13Z INFO [3269/3678] 4d606f5f-0640-4ac7-81fd-dc51c312a1f4: does not qualify; 1.6 s; peak memory 7829 MiB.
2026-10-05T07:42:13Z INFO [3270/3678] 4d60d0da-43fe-4589-88fd-345b3585eada: does not qualify; 0.4 s; peak memory 7829 MiB.
2026-10-05T07:42:14Z INFO [3271/3678] 4d60d19c-f259-4678-b938-fb3600777238: does not qualify; 1.0 s; peak memory 7829 MiB.
2026-10-05T07:42:15Z INFO [3272/3678] 4d615a58-5c76-43c1-bdc0-bf2de8583d6e: does not qualify; 0.8 s; peak memory 7829 MiB.
2026-10-05T07:42:16Z INFO [3273/3678] 4d61db13-cdf0-4ee0-a25d-49e8549409c2: does not qualify; 1.3 s; peak memory 7829 MiB.
2026-10-05T07:42:18Z INFO [3274/3678] 4d61fd45-a5ef-4a50-a05a-955b88eea901: does not qualify; 1.1 s; peak memory 7829 MiB.
2026-10-05T07:42:18Z INFO [3275/3678] 4d621a45-e16f-47a0-8388-dea7dbe19949: does not qualify; 0.7 s; peak memory 7829 MiB.
2026-10-05T07:42:22Z INFO [3276/3678] 4d62444c-d539-4701-85b6-5ed104b78081: does not qualify; 4.2 s; peak memory 7829 MiB.
2026-10-05T07:42:26Z INFO [3277/3678] 4d6262c6-673d-4ee9-9173-18bd375c888a: does not qualify; 3.9 s; peak memory 7829 MiB.
2026-10-05T07:42:27Z INFO [3278/3678] 4d6269e9-ed0b-49fa-91f1-76d9bc334a2d: does not qualify; 1.1 s; peak memory 7829 MiB.
2026-10-05T07:42:28Z INFO [3279/3678] 4d629caa-1825-4cc2-b1af-c595e611b0d2: does not qualify; 0.8 s; peak memory 7829 MiB.
2026-10-05T07:42:29Z INFO [3280/3678] 4d62fd3d-ee42-432e-8f9a-afab6f1d55f2: does not qualify; 0.8 s; peak memory 7829 MiB.
2026-10-05T07:42:33Z INFO [3281/3678] 4d633efd-2a56-4791-9366-b53d1bd3e684: does not qualify; 4.4 s; peak memory 7829 MiB.
2026-10-05T07:42:34Z INFO [3282/3678] 4d6434b0-14a0-490c-9610-abb8f746e0fd: does not qualify; 0.9 s; peak memory 7829 MiB.
2026-10-05T07:42:35Z INFO [3283/3678] 4d64dc38-2bfc-4d09-bf0b-a60c3da72edf: does not qualify; 0.8 s; peak memory 7829 MiB.
2026-10-05T07:42:36Z INFO [3284/3678] 4d64f120-733a-4fba-bb44-63414ca7ab8a: does not qualify; 0.8 s; peak memory 7829 MiB.
2026-10-05T07:42:37Z INFO [3285/3678] 4d656a07-e847-4eb0-a393-a54d71abd1a1: does not qualify; 0.8 s; peak memory 7829 MiB.
2026-10-05T07:42:38Z INFO [3286/3678] 4d66a64d-49fe-49e6-b1d2-5ba60fd830eb: does not qualify; 1.4 s; peak memory 7829 MiB.
2026-10-05T07:42:39Z INFO [3287/3678] 4d671363-7e5e-47c2-afde-61ab91f125ab: does not qualify; 1.0 s; peak memory 7829 MiB.
2026-10-05T07:42:40Z INFO [3288/3678] 4d678d25-1768-4481-8882-946eb0b4b69c: does not qualify; 0.8 s; peak memory 7829 MiB.
2026-10-05T07:42:42Z INFO [3289/3678] 4d67a9c7-a179-42cf-90c8-c4b054aa2fe8: does not qualify; 1.9 s; peak memory 7829 MiB.
2026-10-05T07:42:43Z INFO [3290/3678] 4d67d512-b751-4878-be8c-929004eebca8: does not qualify; 0.9 s; peak memory 7829 MiB.
2026-10-05T07:42:47Z INFO [3291/3678] 4d67ebf8-9f35-4942-8c4c-6cac6b1811d8: does not qualify; 4.5 s; peak memory 7829 MiB.
2026-10-05T07:42:48Z INFO [3292/3678] 4d690bc3-0914-40ab-8993-527bd000bda1: does not qualify; 1.0 s; peak memory 7829 MiB.
2026-10-05T07:43:17Z INFO [3293/3678] 4d6a3eaf-0831-4272-ba1a-cc53694e19cd: does not qualify; 28.7 s; peak memory 7829 MiB.
2026-10-05T07:43:18Z INFO [3294/3678] 4d6a55d3-480e-4a40-9e61-548f326ea7f9: does not qualify; 1.0 s; peak memory 7829 MiB.
2026-10-05T07:43:22Z INFO [3295/3678] 4d6a72e2-ba88-4cc5-9b6a-c1f1a1d541ae: does not qualify; 4.6 s; peak memory 7829 MiB.
2026-10-05T07:43:27Z INFO [3296/3678] 4d6add29-f0d1-4f87-9dc2-88291d0fb573: does not qualify; 4.2 s; peak memory 7829 MiB.
2026-10-05T07:43:27Z INFO [3297/3678] 4d6b1755-bcec-4b2a-ba48-55c250cb4c3e: does not qualify; 0.8 s; peak memory 7829 MiB.
2026-10-05T07:43:28Z INFO [3298/3678] 4d6d7c30-8c41-498b-9ab9-d87cd2e84fba: does not qualify; 0.6 s; peak memory 7829 MiB.
2026-10-05T07:43:29Z INFO [3299/3678] 4d6e83de-bf5c-4808-8d8e-96c3e0db0253: does not qualify; 0.6 s; peak memory 7829 MiB.
2026-10-05T07:43:30Z INFO [3300/3678] 4d6f4f59-ae68-4849-81d1-abe4e4db554b: does not qualify; 1.0 s; peak memory 7829 MiB.
2026-10-05T07:43:30Z INFO [3300/3678] 4d6f4f59-ae68-4849-81d1-abe4e4db554b: checkpointed 65765 records.
2026-10-05T07:43:31Z INFO [3301/3678] 4d7037fc-321d-4abb-99a6-493751fb94ee: does not qualify; 1.6 s; peak memory 7829 MiB.
2026-10-05T07:43:32Z INFO [3302/3678] 4d70a69e-f056-49fa-b1f8-512cba9be70c: does not qualify; 0.8 s; peak memory 7829 MiB.
2026-10-05T07:43:39Z INFO [3303/3678] 4d70cef5-fb27-48d7-b8c2-7b75123f7b2a: does not qualify; 7.0 s; peak memory 7829 MiB.
2026-10-05T07:43:40Z INFO [3304/3678] 4d71c49d-e9ab-4258-b3c5-d91bb85c0fd9: does not qualify; 0.6 s; peak memory 7829 MiB.
2026-10-05T07:43:41Z INFO [3305/3678] 4d71f2cf-bd0a-4592-8d48-10f914fb8cf3: does not qualify; 0.9 s; peak memory 7829 MiB.
2026-10-05T07:43:41Z INFO [3306/3678] 4d72461b-066c-4428-ae1c-faa3849a4c1b: does not qualify; 0.7 s; peak memory 7829 MiB.
2026-10-05T07:43:42Z INFO [3307/3678] 4d7273f6-b3dd-40f9-af91-bb4543fb8137: does not qualify; 0.6 s; peak memory 7829 MiB.
2026-10-05T07:43:43Z INFO [3308/3678] 4d740175-53c8-4cc4-aa11-53b8b9b6880b: does not qualify; 0.5 s; peak memory 7829 MiB.
2026-10-05T07:43:44Z INFO [3309/3678] 4d74ebe0-6c8d-42e7-bfec-cf671db1f820: does not qualify; 1.0 s; peak memory 7829 MiB.
2026-10-05T07:43:45Z INFO [3310/3678] 4d7523bd-025e-460a-b740-98ec44d6d0c3: does not qualify; 1.1 s; peak memory 7829 MiB.
2026-10-05T07:43:45Z INFO [3311/3678] 4d75a19f-f1aa-459a-a555-459b0bf77731: does not qualify; 0.6 s; peak memory 7829 MiB.
2026-10-05T07:43:46Z INFO [3312/3678] 4d76edd0-0e21-42b6-928e-20a668573dd7: does not qualify; 0.9 s; peak memory 7829 MiB.
2026-10-05T07:43:48Z INFO [3313/3678] 4d770040-e125-48ba-93e8-f5fdfb4ae48d: does not qualify; 1.5 s; peak memory 7829 MiB.
2026-10-05T07:43:49Z INFO [3314/3678] 4d774b10-5078-4661-92eb-d21324e23fbb: does not qualify; 0.8 s; peak memory 7829 MiB.
2026-10-05T07:43:50Z INFO [3315/3678] 4d7754f8-7f09-4578-844d-e0b1f3064329: does not qualify; 1.1 s; peak memory 7829 MiB.
2026-10-05T07:43:52Z INFO [3316/3678] 4d7765d5-b387-4d07-a1a2-6bd3c7d73fba: does not qualify; 2.4 s; peak memory 7829 MiB.
2026-10-05T07:43:53Z INFO [3317/3678] 4d77ccaa-8d93-4f99-a599-357c69540af5: does not qualify; 0.6 s; peak memory 7829 MiB.
2026-10-05T07:43:55Z INFO [3318/3678] 4d780a04-8995-407b-9238-9666e278cdc3: does not qualify; 2.1 s; peak memory 7829 MiB.
2026-10-05T07:43:55Z INFO [3319/3678] 4d7834ad-6af2-429b-8732-69d31bd16feb: does not qualify; 0.5 s; peak memory 7829 MiB.
2026-10-05T07:43:57Z INFO [3320/3678] 4d787506-acc0-434c-8064-811254579502: does not qualify; 1.3 s; peak memory 7829 MiB.
2026-10-05T07:43:57Z INFO [3321/3678] 4d788560-2b18-4a73-8284-7f459570661b: does not qualify; 0.7 s; peak memory 7829 MiB.
2026-10-05T07:44:02Z INFO [3322/3678] 4d7b0e28-c92e-4ee4-9359-730347d73759: does not qualify; 4.6 s; peak memory 7829 MiB.
2026-10-05T07:44:03Z INFO [3323/3678] 4d7d627f-a048-473f-a540-646769076426: does not qualify; 0.9 s; peak memory 7829 MiB.
2026-10-05T07:44:04Z INFO [3324/3678] 4d7dc5de-ef90-4df7-b7e7-c4c55b074b1e: does not qualify; 1.6 s; peak memory 7829 MiB.
2026-10-05T07:44:05Z INFO [3325/3678] 4d7e0631-17f6-4bcb-895b-1437d5ea2cd0: does not qualify; 0.8 s; peak memory 7829 MiB.
2026-10-05T07:44:07Z INFO [3326/3678] 4d7eabc9-9014-48a9-9938-aad890b8d1eb: does not qualify; 1.4 s; peak memory 7829 MiB.
2026-10-05T07:44:08Z INFO [3327/3678] 4d7f52b3-f241-4d22-bc58-fcebee36a645: does not qualify; 0.9 s; peak memory 7829 MiB.
2026-10-05T07:44:09Z INFO [3328/3678] 4d7f68ed-1754-41f6-bff3-b21357730645: does not qualify; 2.0 s; peak memory 7829 MiB.
2026-10-05T07:44:10Z INFO [3329/3678] 4d80747a-1eed-48dd-87b8-e599b2977664: does not qualify; 0.6 s; peak memory 7829 MiB.
2026-10-05T07:44:11Z INFO [3330/3678] 4d80908c-0799-43e5-872f-f8bbde960c2b: does not qualify; 1.1 s; peak memory 7829 MiB.
2026-10-05T07:44:14Z INFO [3331/3678] 4d818348-cbbd-43e2-b78d-d198b1353347: does not qualify; 3.3 s; peak memory 7829 MiB.
2026-10-05T07:44:15Z INFO [3332/3678] 4d818fad-8f5c-4de5-8c78-3a374d9c069e: does not qualify; 0.8 s; peak memory 7829 MiB.
2026-10-05T07:44:16Z INFO [3333/3678] 4d81f8a1-0350-4ba5-af43-bb1fb958e1bf: does not qualify; 1.2 s; peak memory 7829 MiB.
2026-10-05T07:44:17Z INFO [3334/3678] 4d821ba1-ecd9-48b4-90e3-af0c587dfd43: does not qualify; 0.7 s; peak memory 7829 MiB.
2026-10-05T07:44:18Z INFO [3335/3678] 4d82cfff-2480-484f-bea5-ae69e89af3a0: does not qualify; 1.1 s; peak memory 7829 MiB.
2026-10-05T07:44:22Z INFO [3336/3678] 4d82e860-e90f-4089-b3ed-62de2d396209: does not qualify; 4.0 s; peak memory 7829 MiB.
2026-10-05T07:44:27Z INFO [3337/3678] 4d83069e-a3a1-41a4-a9ed-99455fad8675: does not qualify; 5.3 s; peak memory 7829 MiB.
2026-10-05T07:44:28Z INFO [3338/3678] 4d8409b8-f0e1-46cb-899e-9271e6d67700: does not qualify; 1.0 s; peak memory 7829 MiB.
2026-10-05T07:44:30Z INFO [3339/3678] 4d84232e-a04b-4b8a-9e28-90ae2dbf509b: does not qualify; 1.1 s; peak memory 7829 MiB.
2026-10-05T07:44:30Z INFO [3340/3678] 4d8490d6-b54a-47cc-a0b2-b0116002c70d: does not qualify; 0.5 s; peak memory 7829 MiB.
2026-10-05T07:44:31Z INFO [3341/3678] 4d84a116-6bba-4461-9a31-d11352577f01: does not qualify; 1.1 s; peak memory 7829 MiB.
2026-10-05T07:44:32Z INFO [3342/3678] 4d84ee01-c19b-4699-9c91-b182b1d22f81: does not qualify; 1.0 s; peak memory 7829 MiB.
2026-10-05T07:44:33Z INFO [3343/3678] 4d854700-1a55-4b5d-a61a-7c54e47ebebc: does not qualify; 0.9 s; peak memory 7829 MiB.
2026-10-05T07:44:37Z INFO [3344/3678] 4d86662e-d692-4923-bc25-6d8a2c5c0237: does not qualify; 3.9 s; peak memory 7829 MiB.
2026-10-05T07:44:39Z INFO [3345/3678] 4d87342d-0bdd-4953-9be1-503ad1127dc0: does not qualify; 1.7 s; peak memory 7829 MiB.
2026-10-05T07:44:40Z INFO [3346/3678] 4d876401-f36f-48d4-9fe6-4ff75ed0faa0: does not qualify; 1.7 s; peak memory 7829 MiB.
2026-10-05T07:44:41Z INFO [3347/3678] 4d87bb30-6842-49de-adb1-a0c5a133e6d4: does not qualify; 0.7 s; peak memory 7829 MiB.
2026-10-05T07:44:42Z INFO [3348/3678] 4d885217-969d-4192-a5e5-3acf3dadd41e: does not qualify; 0.8 s; peak memory 7829 MiB.
2026-10-05T07:44:43Z INFO [3349/3678] 4d89a3dd-0595-4e07-ba58-9a820ce07afb: does not qualify; 1.1 s; peak memory 7829 MiB.
2026-10-05T07:44:43Z INFO [3350/3678] 4d89d938-6b5c-49ed-b5c2-a4ec2454b65b: does not qualify; 0.4 s; peak memory 7829 MiB.
2026-10-05T07:44:43Z INFO [3350/3678] 4d89d938-6b5c-49ed-b5c2-a4ec2454b65b: checkpointed 65815 records.
2026-10-05T07:44:45Z INFO [3351/3678] 4d89f179-24c2-4e50-8721-03928542d3c2: does not qualify; 1.2 s; peak memory 7829 MiB.
2026-10-05T07:44:45Z INFO [3352/3678] 4d8a630a-c6ec-4f52-b6f6-631053401473: does not qualify; 0.5 s; peak memory 7829 MiB.
2026-10-05T07:44:46Z INFO [3353/3678] 4d8ac47f-3eff-4718-b97b-276fb03d9439: does not qualify; 1.0 s; peak memory 7829 MiB.
2026-10-05T07:44:47Z INFO [3354/3678] 4d8afed3-2f3c-4245-ad1d-77629929d3e1: does not qualify; 0.9 s; peak memory 7829 MiB.
2026-10-05T07:44:48Z INFO [3355/3678] 4d8b158e-f961-4f63-aedf-dfa41d70860b: does not qualify; 0.7 s; peak memory 7829 MiB.
2026-10-05T07:44:50Z INFO [3356/3678] 4d8c13fd-33b6-4af9-b0f1-d1f67ffd0feb: does not qualify; 1.7 s; peak memory 7829 MiB.
2026-10-05T07:44:54Z INFO [3357/3678] 4d8d6082-54a8-4f00-87b1-e9ee52acd029: does not qualify; 4.0 s; peak memory 7829 MiB.
2026-10-05T07:44:54Z INFO [3358/3678] 4d8d7826-1647-49c7-af52-8fb359732d3e: does not qualify; 0.6 s; peak memory 7829 MiB.
2026-10-05T07:44:55Z INFO [3359/3678] 4d8fe4d1-b79b-4fc7-9969-c0837bb4139d: does not qualify; 0.7 s; peak memory 7829 MiB.
2026-10-05T07:44:55Z INFO [3360/3678] 4d90212e-36b0-429b-8524-fbdf41695d67: does not qualify; 0.4 s; peak memory 7829 MiB.
2026-10-05T07:44:56Z INFO [3361/3678] 4d910abb-2117-4562-b054-65af646bc0bd: does not qualify; 0.7 s; peak memory 7829 MiB.
2026-10-05T07:44:58Z INFO [3362/3678] 4d91188e-9eff-4d2d-9087-addd8b922c73: does not qualify; 1.7 s; peak memory 7829 MiB.
2026-10-05T07:44:58Z INFO [3363/3678] 4d91eccc-a8f5-40e3-8acf-22ff784a16f4: does not qualify; 0.5 s; peak memory 7829 MiB.
2026-10-05T07:44:59Z INFO [3364/3678] 4d92090f-f561-4767-89ce-324ba17769a5: does not qualify; 0.9 s; peak memory 7829 MiB.
2026-10-05T07:45:01Z INFO [3365/3678] 4d92ff41-1339-494b-a9d5-17a697bb9a75: does not qualify; 1.4 s; peak memory 7829 MiB.
2026-10-05T07:45:01Z INFO [3366/3678] 4d93554a-7287-4423-beaa-72b8414a5000: does not qualify; 0.7 s; peak memory 7829 MiB.
2026-10-05T07:45:02Z INFO [3367/3678] 4d93595e-daac-4763-8cda-fccb85f1b66e: does not qualify; 0.6 s; peak memory 7829 MiB.
2026-10-05T07:45:03Z INFO [3368/3678] 4d9392a4-0ede-47ed-b4e1-03e8e9a343af: does not qualify; 0.7 s; peak memory 7829 MiB.
2026-10-05T07:45:03Z INFO [3369/3678] 4d93b8f2-0d15-49d0-b3f8-36878a681610: does not qualify; 0.9 s; peak memory 7829 MiB.
2026-10-05T07:45:04Z INFO [3370/3678] 4d9516e0-9830-4aa9-a930-96f863eaf96c: does not qualify; 0.8 s; peak memory 7829 MiB.
2026-10-05T07:45:05Z INFO [3371/3678] 4d967b82-26ce-41eb-9a96-e47929ece7f6: does not qualify; 0.7 s; peak memory 7829 MiB.
2026-10-05T07:45:06Z INFO [3372/3678] 4d96bc9c-d7cd-4ca9-a551-7ba179ce417a: does not qualify; 0.8 s; peak memory 7829 MiB.
2026-10-05T07:45:12Z INFO [3373/3678] 4d96c821-9ff0-4ce3-b797-d76c18a8c1a0: does not qualify; 6.1 s; peak memory 7829 MiB.
2026-10-05T07:45:13Z INFO [3374/3678] 4d99b52e-e013-4ae6-9a21-8b0102368ae3: does not qualify; 0.7 s; peak memory 7829 MiB.
2026-10-05T07:45:13Z INFO [3375/3678] 4d9b2694-fef2-48b0-93fb-6ebc102a7e4d: does not qualify; 0.5 s; peak memory 7829 MiB.
2026-10-05T07:45:21Z INFO [3376/3678] 4d9b3877-d07d-46da-b043-54a01b5ca12a: does not qualify; 8.4 s; peak memory 7829 MiB.
2026-10-05T07:45:22Z INFO [3377/3678] 4d9b9676-dd06-479b-af2a-6bd972aee4d6: does not qualify; 0.5 s; peak memory 7829 MiB.
2026-10-05T07:45:23Z INFO [3378/3678] 4d9ba455-ce05-4a50-ab1d-51ecd2f336f9: does not qualify; 0.7 s; peak memory 7829 MiB.
2026-10-05T07:45:27Z INFO [3379/3678] 4d9bac4c-6373-4f8d-9ee1-c6ff5bbcedfa: does not qualify; 4.1 s; peak memory 7829 MiB.
2026-10-05T07:45:28Z INFO [3380/3678] 4d9d82d6-49d3-4028-ba39-9eedd1731cf8: does not qualify; 1.2 s; peak memory 7829 MiB.
2026-10-05T07:45:29Z INFO [3381/3678] 4d9dd479-72e7-491c-943b-ba1b2d5b2e7b: does not qualify; 0.6 s; peak memory 7829 MiB.
2026-10-05T07:45:29Z INFO [3382/3678] 4d9e50d5-d743-40aa-86aa-fae31560c5e2: does not qualify; 0.7 s; peak memory 7829 MiB.
2026-10-05T07:45:30Z INFO [3383/3678] 4d9fb3bc-aa36-412b-846c-f5162fd82f88: does not qualify; 0.7 s; peak memory 7829 MiB.
2026-10-05T07:45:31Z INFO [3384/3678] 4d9fde69-c849-42e7-b7ff-2e271bfa4627: does not qualify; 0.9 s; peak memory 7829 MiB.
2026-10-05T07:45:32Z INFO [3385/3678] 4da015be-fcf5-4ab3-94b9-ddceefe567f0: does not qualify; 1.0 s; peak memory 7829 MiB.
2026-10-05T07:45:33Z INFO [3386/3678] 4da028a2-0941-431b-8839-52be16c6e9fd: does not qualify; 0.6 s; peak memory 7829 MiB.
2026-10-05T07:45:33Z INFO [3387/3678] 4da071bc-4fba-48fe-b5c3-ad5b13ce9018: does not qualify; 0.8 s; peak memory 7829 MiB.
2026-10-05T07:45:35Z INFO [3388/3678] 4da07d05-cd8b-4e46-beeb-6c4a6aa6b44f: does not qualify; 1.2 s; peak memory 7829 MiB.
2026-10-05T07:45:35Z INFO [3389/3678] 4da0ba3d-de63-439e-907f-0596c1a00133: does not qualify; 0.9 s; peak memory 7829 MiB.
2026-10-05T07:45:36Z INFO [3390/3678] 4da0bf9d-0ed9-4fad-81bf-e21ae6af9399: does not qualify; 1.0 s; peak memory 7829 MiB.
2026-10-05T07:45:37Z INFO [3391/3678] 4da125d2-0e77-4c7e-8f24-29e0b4e4b29f: does not qualify; 0.6 s; peak memory 7829 MiB.
2026-10-05T07:45:40Z INFO [3392/3678] 4da1deef-ffb3-4a56-bd65-2f55479ca44f: does not qualify; 2.7 s; peak memory 7829 MiB.
2026-10-05T07:45:41Z INFO [3393/3678] 4da22bda-5a36-419c-9020-4f60d1ee7900: does not qualify; 1.2 s; peak memory 7829 MiB.
2026-10-05T07:45:46Z INFO [3394/3678] 4da268b5-9c36-486d-886b-c74bf983d8eb: does not qualify; 4.8 s; peak memory 7829 MiB.
2026-10-05T07:45:47Z INFO [3395/3678] 4da2da33-c769-4196-9e6b-685ed72852f4: does not qualify; 1.3 s; peak memory 7829 MiB.
2026-10-05T07:45:48Z INFO [3396/3678] 4da351ed-5905-4974-901a-1c1e6ec55916: does not qualify; 0.6 s; peak memory 7829 MiB.
2026-10-05T07:45:52Z INFO [3397/3678] 4da3a86c-91da-418d-a5f4-c4788c8950ca: does not qualify; 4.1 s; peak memory 7829 MiB.
2026-10-05T07:45:53Z INFO [3398/3678] 4da3fc0e-22cc-4569-abba-b66aa31f5cab: does not qualify; 0.9 s; peak memory 7829 MiB.
2026-10-05T07:45:53Z INFO [3399/3678] 4da49e0a-2d01-457c-8f14-83de1ee36c98: does not qualify; 0.7 s; peak memory 7829 MiB.
2026-10-05T07:45:54Z INFO [3400/3678] 4da56556-defc-4a75-9090-6c319ae08ba0: does not qualify; 0.7 s; peak memory 7829 MiB.
2026-10-05T07:45:54Z INFO [3400/3678] 4da56556-defc-4a75-9090-6c319ae08ba0: checkpointed 65865 records.
2026-10-05T07:45:55Z INFO [3401/3678] 4da5ae54-0e9f-43dd-8963-6e1cf1e5eb3f: does not qualify; 0.9 s; peak memory 7829 MiB.
2026-10-05T07:45:59Z INFO [3402/3678] 4da5d2ee-036f-47a7-be5e-8d5371ede3e9: does not qualify; 4.0 s; peak memory 7829 MiB.
2026-10-05T07:46:00Z INFO [3403/3678] 4da6d317-4e6e-43fa-84a9-56024ee3bcdd: does not qualify; 0.9 s; peak memory 7829 MiB.
2026-10-05T07:46:02Z INFO [3404/3678] 4da7e7cb-37bd-443f-a69f-1c4be15f3956: does not qualify; 1.8 s; peak memory 7829 MiB.
2026-10-05T07:46:03Z INFO [3405/3678] 4da84d10-9caf-42ea-987c-263eb32a841e: does not qualify; 0.8 s; peak memory 7829 MiB.
2026-10-05T07:46:04Z INFO [3406/3678] 4da8b100-f774-4616-961e-f80f84ef7bc5: qualifies; 1.4 s; peak memory 7829 MiB.
2026-10-05T07:46:05Z INFO [3407/3678] 4da96754-9896-4cfe-a839-a55713dccf3c: does not qualify; 0.6 s; peak memory 7829 MiB.
2026-10-05T07:46:07Z INFO [3408/3678] 4daa29d8-efa3-4ffe-a142-63948ec6ebc4: does not qualify; 2.2 s; peak memory 7829 MiB.
2026-10-05T07:46:07Z INFO [3409/3678] 4daa2cb2-6b48-4a14-8685-8e573a52eb5a: does not qualify; 0.6 s; peak memory 7829 MiB.
2026-10-05T07:46:08Z INFO [3410/3678] 4daaa4ff-0dd2-4e8b-9392-a701fb759152: does not qualify; 0.6 s; peak memory 7829 MiB.
2026-10-05T07:46:09Z INFO [3411/3678] 4daacc6a-2b1e-418e-a4c9-40945595641e: does not qualify; 1.0 s; peak memory 7829 MiB.
2026-10-05T07:46:10Z INFO [3412/3678] 4dab41ab-2227-40ee-ab55-bfdf0ff8bba5: qualifies; 1.3 s; peak memory 7829 MiB.
2026-10-05T07:46:11Z INFO [3413/3678] 4dabed9e-2dbb-44f5-9445-f555e83d555c: does not qualify; 0.7 s; peak memory 7829 MiB.
2026-10-05T07:46:12Z INFO [3414/3678] 4dac8a65-1028-4021-85b4-cd60fa78c86f: does not qualify; 0.8 s; peak memory 7829 MiB.
2026-10-05T07:46:12Z INFO [3415/3678] 4dad7ffb-641b-4089-8a0d-007adc574c29: does not qualify; 0.6 s; peak memory 7829 MiB.
2026-10-05T07:46:13Z INFO [3416/3678] 4dadc727-5961-4419-8cb2-d90afbbf70ad: does not qualify; 0.6 s; peak memory 7829 MiB.
2026-10-05T07:46:14Z INFO [3417/3678] 4dae1c84-80c7-4585-a554-7a77fb1da07b: does not qualify; 0.8 s; peak memory 7829 MiB.
2026-10-05T07:46:15Z INFO [3418/3678] 4dae4398-1489-4272-9e78-9f30e13b48d3: does not qualify; 0.9 s; peak memory 7829 MiB.
2026-10-05T07:46:15Z INFO [3419/3678] 4dae9b1a-fbea-4e23-a000-0396bc84c3c5: does not qualify; 0.7 s; peak memory 7829 MiB.
2026-10-05T07:46:16Z INFO [3420/3678] 4daec055-2319-42c7-98da-6a3e6fe34c3a: does not qualify; 0.4 s; peak memory 7829 MiB.
2026-10-05T07:46:18Z INFO [3421/3678] 4daed25d-b514-43a8-820f-e1beefed4c71: does not qualify; 2.1 s; peak memory 7829 MiB.
2026-10-05T07:46:18Z INFO [3422/3678] 4daf398e-1334-4c20-8ebb-653834d6265c: does not qualify; 0.5 s; peak memory 7829 MiB.
2026-10-05T07:46:26Z INFO [3423/3678] 4dafb820-983f-41eb-b41f-8b3c06f9ab06: does not qualify; 7.5 s; peak memory 7829 MiB.
2026-10-05T07:46:31Z INFO [3424/3678] 4db02a93-431a-4ee2-9c6b-860d37be6db9: does not qualify; 5.3 s; peak memory 7829 MiB.
2026-10-05T07:46:32Z INFO [3425/3678] 4db04171-ecb9-4f15-9644-c44825c57c74: does not qualify; 0.7 s; peak memory 7829 MiB.
2026-10-05T07:46:33Z INFO [3426/3678] 4db0ca97-d410-472d-9bf4-fb566b18270a: does not qualify; 0.9 s; peak memory 7829 MiB.
2026-10-05T07:46:33Z INFO [3427/3678] 4db221f0-70dd-4bb8-818a-39994f040c4b: does not qualify; 0.7 s; peak memory 7829 MiB.
2026-10-05T07:46:34Z INFO [3428/3678] 4db2d5f7-6c1e-443e-bebd-97b4f5c7ca91: does not qualify; 0.9 s; peak memory 7829 MiB.
2026-10-05T07:46:36Z INFO [3429/3678] 4db2f8ac-1b60-4723-9780-20423d34d9e2: does not qualify; 1.9 s; peak memory 7829 MiB.
2026-10-05T07:46:37Z INFO [3430/3678] 4db3220d-9140-46c5-b1b1-1da03b4837fb: does not qualify; 0.7 s; peak memory 7829 MiB.
2026-10-05T07:46:37Z INFO [3431/3678] 4db34193-6ab9-4938-96e1-09d847f7c042: does not qualify; 0.5 s; peak memory 7829 MiB.
2026-10-05T07:46:38Z INFO [3432/3678] 4db35929-40fd-4576-b2a8-4fdddd827172: does not qualify; 1.0 s; peak memory 7829 MiB.
2026-10-05T07:46:39Z INFO [3433/3678] 4db3633d-c90a-4eda-810f-a576bfd8ee5b: does not qualify; 0.9 s; peak memory 7829 MiB.
2026-10-05T07:46:40Z INFO [3434/3678] 4db443f2-7106-4e99-a969-ab99eb6bbd17: does not qualify; 0.9 s; peak memory 7829 MiB.
2026-10-05T07:46:47Z INFO [3435/3678] 4db53aa1-43aa-4b40-9dd5-87156c99552a: does not qualify; 6.9 s; peak memory 7829 MiB.
2026-10-05T07:46:48Z INFO [3436/3678] 4db57cfb-9480-4114-b815-dbf7fcaf6971: does not qualify; 0.8 s; peak memory 7829 MiB.
2026-10-05T07:46:48Z INFO [3437/3678] 4db57e89-b9c8-409d-a3e9-230df7fe39ac: does not qualify; 0.5 s; peak memory 7829 MiB.
2026-10-05T07:46:49Z INFO [3438/3678] 4db5b793-7d15-4c2e-b370-006f87665dbc: does not qualify; 0.6 s; peak memory 7829 MiB.
2026-10-05T07:46:50Z INFO [3439/3678] 4db5c4f7-10fc-4b02-aea3-51823e393790: does not qualify; 0.8 s; peak memory 7829 MiB.
2026-10-05T07:46:51Z INFO [3440/3678] 4db5e24a-a9ec-499a-bba1-47902919ab31: does not qualify; 1.4 s; peak memory 7829 MiB.
2026-10-05T07:46:52Z INFO [3441/3678] 4db6067e-e17f-4ab0-8eb5-588a124325dd: does not qualify; 0.9 s; peak memory 7829 MiB.
2026-10-05T07:46:53Z INFO [3442/3678] 4db6498c-dccf-45c0-9c43-0929cb3015fe: does not qualify; 0.5 s; peak memory 7829 MiB.
2026-10-05T07:46:53Z INFO [3443/3678] 4db651eb-724b-43f0-bf35-6a71742c78c2: does not qualify; 0.4 s; peak memory 7829 MiB.
2026-10-05T07:46:56Z INFO [3444/3678] 4db6d75f-7702-496f-b421-0614647e3565: does not qualify; 3.1 s; peak memory 7829 MiB.
2026-10-05T07:46:57Z INFO [3445/3678] 4db6ea0a-221c-432b-8199-a7342c4a617a: does not qualify; 0.9 s; peak memory 7829 MiB.
2026-10-05T07:46:58Z INFO [3446/3678] 4db8409e-fd93-47c9-87d6-57e2de7a7ec8: does not qualify; 0.8 s; peak memory 7829 MiB.
2026-10-05T07:47:03Z INFO [3447/3678] 4db9f9ec-5b34-4c90-b2a3-854f369eba5e: does not qualify; 4.7 s; peak memory 7829 MiB.
2026-10-05T07:47:04Z INFO [3448/3678] 4db9fc57-3706-4ddc-9a7a-ce67ee185783: does not qualify; 1.2 s; peak memory 7829 MiB.
2026-10-05T07:47:04Z INFO [3449/3678] 4dbaa210-6bf1-4860-9ffb-22e4b1b224d5: does not qualify; 0.7 s; peak memory 7829 MiB.
2026-10-05T07:47:05Z INFO [3450/3678] 4dbb9972-026f-4d07-9e64-35a6d6bb22a1: does not qualify; 1.0 s; peak memory 7829 MiB.
2026-10-05T07:47:06Z INFO [3450/3678] 4dbb9972-026f-4d07-9e64-35a6d6bb22a1: checkpointed 65915 records.
2026-10-05T07:47:07Z INFO [3451/3678] 4dbd2c79-0fbe-4c06-b271-a95973caaab9: does not qualify; 1.0 s; peak memory 7829 MiB.
2026-10-05T07:47:07Z INFO [3452/3678] 4dbf0f68-6845-4f57-a604-32e5f0d13bf8: does not qualify; 0.6 s; peak memory 7829 MiB.
2026-10-05T07:47:10Z INFO [3453/3678] 4dc030e6-07b1-4288-b0cd-2e23b12f2156: qualifies; 3.3 s; peak memory 7829 MiB.
2026-10-05T07:47:11Z INFO [3454/3678] 4dc1fcc3-07e0-4809-ae1c-0bab0b553270: does not qualify; 1.0 s; peak memory 7829 MiB.
2026-10-05T07:47:12Z INFO [3455/3678] 4dc2073e-ac40-41e9-994c-7a390340a810: does not qualify; 0.8 s; peak memory 7829 MiB.
2026-10-05T07:47:13Z INFO [3456/3678] 4dc2188d-9384-4af3-9467-f43464b8d9fa: does not qualify; 0.8 s; peak memory 7829 MiB.
2026-10-05T07:47:14Z INFO [3457/3678] 4dc2bb16-62af-48e9-ba9c-b19d94c1d8dc: does not qualify; 1.4 s; peak memory 7829 MiB.
2026-10-05T07:47:39Z INFO [3458/3678] 4dc3947d-0a8b-4af3-8adf-481213a3a34e: does not qualify; 24.6 s; peak memory 7829 MiB.
2026-10-05T07:47:40Z INFO [3459/3678] 4dc3b5e9-613c-40b4-8466-a368e0378f7a: does not qualify; 0.5 s; peak memory 7829 MiB.
2026-10-05T07:47:40Z INFO [3460/3678] 4dc3e0fc-b868-40c6-836b-41c2bdd616f6: does not qualify; 0.9 s; peak memory 7829 MiB.
2026-10-05T07:47:41Z INFO [3461/3678] 4dc4631f-1ef3-4cfa-a98b-2b6899f807f1: does not qualify; 0.7 s; peak memory 7829 MiB.
2026-10-05T07:47:44Z INFO [3462/3678] 4dc46710-0867-4fdb-8bc2-234f0b9a1b9e: does not qualify; 2.6 s; peak memory 7829 MiB.
2026-10-05T07:47:44Z INFO [3463/3678] 4dc51b61-6ee1-4997-bf43-94df4107994d: does not qualify; 0.7 s; peak memory 7829 MiB.
2026-10-05T07:47:46Z INFO [3464/3678] 4dc52c83-f5a7-4980-96ef-bc2eb9962a3b: qualifies; 1.1 s; peak memory 7829 MiB.
2026-10-05T07:47:46Z INFO [3465/3678] 4dc5cb31-fb5e-46e6-8504-35200877f082: does not qualify; 0.9 s; peak memory 7829 MiB.
2026-10-05T07:47:48Z INFO [3466/3678] 4dc5d81d-d452-444e-a3c9-40fe5779246d: does not qualify; 1.2 s; peak memory 7829 MiB.
2026-10-05T07:47:48Z INFO [3467/3678] 4dc5d9ee-bf26-4b51-b29c-41a8d3adc9ab: does not qualify; 0.8 s; peak memory 7829 MiB.
2026-10-05T07:47:49Z INFO [3468/3678] 4dc91ea9-b102-4e82-b9bc-d7902bfb6af0: does not qualify; 0.5 s; peak memory 7829 MiB.
2026-10-05T07:47:50Z INFO [3469/3678] 4dc956e2-c0de-4227-853d-9cfb7ad6c90d: does not qualify; 1.0 s; peak memory 7829 MiB.
2026-10-05T07:47:51Z INFO [3470/3678] 4dca8400-dc0e-43c0-94c3-bbf971df7bc3: does not qualify; 0.7 s; peak memory 7829 MiB.
2026-10-05T07:47:51Z INFO [3471/3678] 4dca8a83-bb1d-411e-9d83-562c1d58bd55: does not qualify; 0.8 s; peak memory 7829 MiB.
2026-10-05T07:47:52Z INFO [3472/3678] 4dcae3f3-25a5-468c-ab0d-8a8845530c5a: does not qualify; 0.8 s; peak memory 7829 MiB.
2026-10-05T07:47:53Z INFO [3473/3678] 4dcb0f4e-67ed-434e-b912-d2f387361861: does not qualify; 0.8 s; peak memory 7829 MiB.
2026-10-05T07:47:54Z INFO [3474/3678] 4dccd810-3898-4a26-b366-30efeabc79f9: does not qualify; 1.3 s; peak memory 7829 MiB.
2026-10-05T07:47:55Z INFO [3475/3678] 4dcce674-0516-4f37-8b39-ad2576018303: does not qualify; 0.6 s; peak memory 7829 MiB.
2026-10-05T07:47:57Z INFO [3476/3678] 4dcd6c7f-18a5-4451-8b79-731792a8817f: does not qualify; 1.8 s; peak memory 7829 MiB.
2026-10-05T07:48:00Z INFO [3477/3678] 4dcd9b28-8aff-46e5-86e0-700e05f668ec: does not qualify; 3.4 s; peak memory 7829 MiB.
2026-10-05T07:48:01Z INFO [3478/3678] 4dcea265-8d1b-4980-8dd3-f421b6513922: does not qualify; 0.6 s; peak memory 7829 MiB.
2026-10-05T07:48:01Z INFO [3479/3678] 4dcebdda-3465-4250-be4e-2d94c34c13bb: does not qualify; 0.7 s; peak memory 7829 MiB.
2026-10-05T07:48:02Z INFO [3480/3678] 4dcf5aa1-e50e-44a5-a9b9-a20540f0a99e: does not qualify; 0.8 s; peak memory 7829 MiB.
2026-10-05T07:48:03Z INFO [3481/3678] 4dd03654-e16f-40b2-8b22-52128cf5717e: does not qualify; 0.7 s; peak memory 7829 MiB.
2026-10-05T07:48:04Z INFO [3482/3678] 4dd0c0be-50b2-40d2-bb03-0c0d96b9404b: does not qualify; 0.8 s; peak memory 7829 MiB.
2026-10-05T07:48:04Z INFO [3483/3678] 4dd1af3e-19fd-4895-b40e-e6b1e3104c00: does not qualify; 0.6 s; peak memory 7829 MiB.
2026-10-05T07:48:05Z INFO [3484/3678] 4dd2a9e4-0b09-4f39-845c-379977749da1: does not qualify; 0.6 s; peak memory 7829 MiB.
2026-10-05T07:48:06Z INFO [3485/3678] 4dd3f9f5-7044-4617-8f0e-84e728f9302f: does not qualify; 0.8 s; peak memory 7829 MiB.
2026-10-05T07:48:09Z INFO [3486/3678] 4dd503c5-ebd8-4d65-a992-ce5c25dbc35f: does not qualify; 3.6 s; peak memory 7829 MiB.
2026-10-05T07:48:10Z INFO [3487/3678] 4dd50b62-ca01-43c4-a57c-efce8f060560: does not qualify; 0.8 s; peak memory 7829 MiB.
2026-10-05T07:48:14Z INFO [3488/3678] 4dd5262c-577d-4cec-bf28-237cf86f7ddd: does not qualify; 4.2 s; peak memory 7829 MiB.
2026-10-05T07:48:15Z INFO [3489/3678] 4dd6164e-4b27-4f40-99e4-93796ce64eed: does not qualify; 0.6 s; peak memory 7829 MiB.
2026-10-05T07:48:16Z INFO [3490/3678] 4dd65ee0-2fcb-4c97-bb77-84620a6fd56f: does not qualify; 0.7 s; peak memory 7829 MiB.
2026-10-05T07:48:22Z INFO [3491/3678] 4dd683ee-42eb-496c-bc2e-930fd7aaa66a: does not qualify; 6.5 s; peak memory 7829 MiB.
2026-10-05T07:48:23Z INFO [3492/3678] 4dd6a57b-6d76-47af-a11a-7a38011f0927: does not qualify; 0.9 s; peak memory 7829 MiB.
2026-10-05T07:48:24Z INFO [3493/3678] 4dd6d193-534b-4a3d-be6f-8e8b0c7f4b4a: does not qualify; 0.5 s; peak memory 7829 MiB.
2026-10-05T07:48:24Z INFO [3494/3678] 4dd70552-9d71-4a3d-8886-42b9ebf1a8fc: does not qualify; 0.7 s; peak memory 7829 MiB.
2026-10-05T07:48:25Z INFO [3495/3678] 4dd963fd-5e2a-43bf-8706-e2739466563a: does not qualify; 1.2 s; peak memory 7829 MiB.
2026-10-05T07:48:26Z INFO [3496/3678] 4ddad476-719b-425c-85cf-626e7ccdd793: does not qualify; 0.9 s; peak memory 7829 MiB.
2026-10-05T07:48:27Z INFO [3497/3678] 4ddcc519-df4e-40a8-acec-151f1cb4ab41: does not qualify; 0.9 s; peak memory 7829 MiB.
2026-10-05T07:48:32Z INFO [3498/3678] 4ddccf1d-7a88-4165-b92d-2c2e32374f7c: does not qualify; 4.5 s; peak memory 7829 MiB.
2026-10-05T07:48:32Z INFO [3499/3678] 4ddcfd45-34be-44f5-96db-bcc91ce879fb: does not qualify; 0.6 s; peak memory 7829 MiB.
2026-10-05T07:48:33Z INFO [3500/3678] 4dddea02-2272-41fe-895b-2afe32e26f47: does not qualify; 1.1 s; peak memory 7829 MiB.
2026-10-05T07:48:34Z INFO [3500/3678] 4dddea02-2272-41fe-895b-2afe32e26f47: checkpointed 65965 records.
2026-10-05T07:48:35Z INFO [3501/3678] 4dde1b9a-f7c5-4905-825e-f76c9e3515e9: does not qualify; 0.9 s; peak memory 7829 MiB.
2026-10-05T07:48:35Z INFO [3502/3678] 4dde1ee1-834a-4ca5-aec2-3c3feb0f09b9: does not qualify; 0.9 s; peak memory 7829 MiB.
2026-10-05T07:48:36Z INFO [3503/3678] 4dde8f21-822b-4fe9-aa9b-48a0a4ed8fc1: does not qualify; 0.5 s; peak memory 7829 MiB.
2026-10-05T07:48:37Z INFO [3504/3678] 4dded9b7-24e7-4d61-8913-ff5dcd5926ea: does not qualify; 1.3 s; peak memory 7829 MiB.
2026-10-05T07:48:39Z INFO [3505/3678] 4ddfa213-431f-4cb2-86b5-f3bb62cbcfff: does not qualify; 1.3 s; peak memory 7829 MiB.
2026-10-05T07:48:39Z INFO [3506/3678] 4ddfae0b-ce9b-4157-ad52-dffbe7a7d2f4: does not qualify; 0.8 s; peak memory 7829 MiB.
2026-10-05T07:48:40Z INFO [3507/3678] 4de0260d-ef7e-49eb-a8f6-60df51d8ffe9: does not qualify; 0.9 s; peak memory 7829 MiB.
2026-10-05T07:48:42Z INFO [3508/3678] 4de03a72-cac7-4700-a621-127bcd8772c5: does not qualify; 1.5 s; peak memory 7829 MiB.
2026-10-05T07:48:42Z INFO [3509/3678] 4de0b56f-2c1a-45f4-bfe8-c723bcb076f4: does not qualify; 0.7 s; peak memory 7829 MiB.
2026-10-05T07:48:43Z INFO [3510/3678] 4de18123-fb01-4f39-af15-a1752b098d14: does not qualify; 0.5 s; peak memory 7829 MiB.
2026-10-05T07:48:43Z INFO [3511/3678] 4de1bbad-2609-4f97-bdb3-87160c0ad510: does not qualify; 0.5 s; peak memory 7829 MiB.
2026-10-05T07:48:44Z INFO [3512/3678] 4de2142f-2629-439b-8c5b-325a0bf3b6ae: does not qualify; 0.8 s; peak memory 7829 MiB.
2026-10-05T07:48:46Z INFO [3513/3678] 4de24451-50f1-46f8-b0cf-bcaef020372a: does not qualify; 1.3 s; peak memory 7829 MiB.
2026-10-05T07:48:50Z INFO [3514/3678] 4de33eb1-ff18-4f06-b26a-27bbddd9e3ab: does not qualify; 4.3 s; peak memory 7829 MiB.
2026-10-05T07:48:50Z INFO [3515/3678] 4de3e2d9-fcac-4dff-9900-2077021682d1: does not qualify; 0.5 s; peak memory 7829 MiB.
2026-10-05T07:48:51Z INFO [3516/3678] 4de425c2-5754-4d42-acb6-91bd2adde2aa: does not qualify; 0.5 s; peak memory 7829 MiB.
2026-10-05T07:48:52Z INFO [3517/3678] 4de45b94-c13d-4329-915e-bb8de00deb58: does not qualify; 0.8 s; peak memory 7829 MiB.
2026-10-05T07:49:01Z INFO [3518/3678] 4de4e607-a434-4623-b49c-a8abeacc3105: does not qualify; 9.0 s; peak memory 7829 MiB.
2026-10-05T07:49:01Z INFO [3519/3678] 4de60f7f-5fae-4b61-83b8-d85f8fb48fb2: does not qualify; 0.7 s; peak memory 7829 MiB.
2026-10-05T07:49:02Z INFO [3520/3678] 4de6699e-bd3d-4167-9452-710b4d0e2ad1: does not qualify; 0.8 s; peak memory 7829 MiB.
2026-10-05T07:49:03Z INFO [3521/3678] 4de7ae1c-77e7-4dec-bc46-b37bf2f846c7: does not qualify; 0.6 s; peak memory 7829 MiB.
2026-10-05T07:49:05Z INFO [3522/3678] 4de7d36c-7a99-4caa-9ef0-2d66645db608: does not qualify; 2.2 s; peak memory 7829 MiB.
2026-10-05T07:49:06Z INFO [3523/3678] 4de820e5-5c68-4ccd-9b49-04b8682d4928: does not qualify; 1.0 s; peak memory 7829 MiB.
2026-10-05T07:49:07Z INFO [3524/3678] 4de898f7-09aa-4cbe-9c4f-68b79d61bda4: does not qualify; 0.8 s; peak memory 7829 MiB.
2026-10-05T07:49:08Z INFO [3525/3678] 4de8da0f-b733-414c-8d70-31bcd8fc0b0b: qualifies; 1.2 s; peak memory 7829 MiB.
2026-10-05T07:49:09Z INFO [3526/3678] 4de8e29e-ec75-49e3-8cfc-8d6f7441aee7: does not qualify; 1.1 s; peak memory 7829 MiB.
2026-10-05T07:49:10Z INFO [3527/3678] 4de904d0-ea99-4682-bd2f-090183f3feb1: does not qualify; 0.9 s; peak memory 7829 MiB.
2026-10-05T07:49:11Z INFO [3528/3678] 4de9871e-a0b2-4a47-8394-8ab00fb1e119: does not qualify; 1.1 s; peak memory 7829 MiB.
2026-10-05T07:49:12Z INFO [3529/3678] 4de9e2e8-7c4f-49c0-bbe0-3fc68d48f2bd: does not qualify; 0.9 s; peak memory 7829 MiB.
2026-10-05T07:49:17Z INFO [3530/3678] 4deba5db-b2cc-478f-8efd-710cd0095794: does not qualify; 4.8 s; peak memory 7829 MiB.
2026-10-05T07:49:17Z INFO [3531/3678] 4dec50aa-06e6-4fb6-964f-ecb4b0861da6: does not qualify; 0.5 s; peak memory 7829 MiB.
2026-10-05T07:49:18Z INFO [3532/3678] 4dec6fb0-163f-41f4-9636-480fbb2f4561: does not qualify; 0.5 s; peak memory 7829 MiB.
2026-10-05T07:49:18Z INFO [3533/3678] 4dec8005-9f99-4642-b4fd-d5ed800eaaa4: does not qualify; 0.7 s; peak memory 7829 MiB.
2026-10-05T07:49:20Z INFO [3534/3678] 4dedc875-8962-4a24-bc9d-f41f2cfd7a77: does not qualify; 1.4 s; peak memory 7829 MiB.
2026-10-05T07:49:21Z INFO [3535/3678] 4dee88eb-2f94-4d24-be08-07e3aec5b3aa: does not qualify; 1.0 s; peak memory 7829 MiB.
2026-10-05T07:49:26Z INFO [3536/3678] 4deea135-b895-4b77-8236-18210f488efa: does not qualify; 4.8 s; peak memory 7829 MiB.
2026-10-05T07:49:27Z INFO [3537/3678] 4def3f91-069b-47dd-a24e-30e9e57fb113: does not qualify; 0.8 s; peak memory 7829 MiB.
2026-10-05T07:49:27Z INFO [3538/3678] 4def9611-d232-4e08-bae8-cfff15a199a4: does not qualify; 0.8 s; peak memory 7829 MiB.
2026-10-05T07:49:30Z INFO [3539/3678] 4df02d7b-4184-460c-a83c-b7fd460d323e: does not qualify; 2.5 s; peak memory 7829 MiB.
2026-10-05T07:49:31Z INFO [3540/3678] 4df0c707-2708-4d84-a2a1-9d8a7ff0d458: does not qualify; 0.6 s; peak memory 7829 MiB.
2026-10-05T07:49:31Z INFO [3541/3678] 4df0eba0-37ea-4296-a60f-b087c7d0bac6: does not qualify; 0.9 s; peak memory 7829 MiB.
2026-10-05T07:49:34Z INFO [3542/3678] 4df0fbac-eae6-4655-b867-b6422a0a36f9: does not qualify; 2.2 s; peak memory 7829 MiB.
2026-10-05T07:49:34Z INFO [3543/3678] 4df20e7a-a9c4-4364-be25-6f5d6e4907b5: does not qualify; 0.7 s; peak memory 7829 MiB.
2026-10-05T07:49:35Z INFO [3544/3678] 4df2171d-2b2c-47ed-a0fe-6e7c023e2ca4: does not qualify; 0.9 s; peak memory 7829 MiB.
2026-10-05T07:49:36Z INFO [3545/3678] 4df21d51-7b55-40c4-ba6c-22f61ff82f74: does not qualify; 1.1 s; peak memory 7829 MiB.
2026-10-05T07:49:37Z INFO [3546/3678] 4df26aa3-aed2-421c-b239-40ad64085f17: does not qualify; 0.8 s; peak memory 7829 MiB.
2026-10-05T07:49:38Z INFO [3547/3678] 4df2aed3-5e70-4e99-a537-04602f64c721: does not qualify; 0.8 s; peak memory 7829 MiB.
2026-10-05T07:49:44Z INFO [3548/3678] 4df2be86-aa7f-433b-9989-e6c3887eb42a: does not qualify; 6.2 s; peak memory 7829 MiB.
2026-10-05T07:49:45Z INFO [3549/3678] 4df32d6a-4871-40c6-9691-eda6330acf0e: does not qualify; 0.8 s; peak memory 7829 MiB.
2026-10-05T07:49:49Z INFO [3550/3678] 4df3b9e9-6053-47ac-9094-89856b8d9e55: qualifies; 3.8 s; peak memory 7829 MiB.
2026-10-05T07:49:49Z INFO [3550/3678] 4df3b9e9-6053-47ac-9094-89856b8d9e55: checkpointed 66015 records.
2026-10-05T07:49:52Z INFO [3551/3678] 4df3bda6-a049-4261-9920-c19988168ca7: does not qualify; 3.1 s; peak memory 7829 MiB.
2026-10-05T07:49:55Z INFO [3552/3678] 4df3e070-27cc-4c3d-8826-fcfe76a29fe4: does not qualify; 2.7 s; peak memory 7829 MiB.
2026-10-05T07:49:56Z INFO [3553/3678] 4df42719-5300-4446-b732-bb6269d31cfe: does not qualify; 1.2 s; peak memory 7829 MiB.
2026-10-05T07:49:56Z INFO [3554/3678] 4df48909-f9b2-438b-8b53-d6aa8ad603b0: does not qualify; 0.6 s; peak memory 7829 MiB.
2026-10-05T07:49:58Z INFO [3555/3678] 4df610f2-7baf-4304-8981-e287b547eaf9: does not qualify; 1.5 s; peak memory 7829 MiB.
2026-10-05T07:49:59Z INFO [3556/3678] 4df63e0e-e769-447e-9b82-f9ec76e893ac: does not qualify; 1.1 s; peak memory 7829 MiB.
2026-10-05T07:50:00Z INFO [3557/3678] 4df664ef-12fe-4592-a1eb-be943621dcca: does not qualify; 0.7 s; peak memory 7829 MiB.
2026-10-05T07:50:00Z INFO [3558/3678] 4df801b9-02a6-4560-8e4a-6b226397288b: does not qualify; 0.7 s; peak memory 7829 MiB.
2026-10-05T07:50:01Z INFO [3559/3678] 4dfad144-ab23-44fb-a863-0686c4e0ddff: does not qualify; 0.8 s; peak memory 7829 MiB.
2026-10-05T07:50:03Z INFO [3560/3678] 4dfaf92c-6418-4136-8a4b-b32725f25d6a: does not qualify; 1.8 s; peak memory 7829 MiB.
2026-10-05T07:50:04Z INFO [3561/3678] 4dfb1ab3-585f-491a-b34c-f9245e4fc703: does not qualify; 1.4 s; peak memory 7829 MiB.
2026-10-05T07:50:05Z INFO [3562/3678] 4dfb6d23-bd4d-4fba-b0e4-4f6c5d0d0718: does not qualify; 0.8 s; peak memory 7829 MiB.
2026-10-05T07:50:07Z INFO [3563/3678] 4dfb9143-8a3d-4a18-aa5f-d2a06ab512f7: does not qualify; 2.1 s; peak memory 7829 MiB.
2026-10-05T07:50:09Z INFO [3564/3678] 4dfc23e3-f80d-466b-959b-4b556c4d998e: does not qualify; 1.7 s; peak memory 7829 MiB.
2026-10-05T07:50:10Z INFO [3565/3678] 4dfc4b3d-935b-4293-9110-a3f8a566dd52: does not qualify; 0.6 s; peak memory 7829 MiB.
2026-10-05T07:50:16Z INFO [3566/3678] 4dfc6019-144d-4e08-9b32-f18585c0a2ed: does not qualify; 6.5 s; peak memory 7829 MiB.
2026-10-05T07:50:17Z INFO [3567/3678] 4dfd0ee8-5fad-43ea-9427-921ab4e4b99a: does not qualify; 0.5 s; peak memory 7829 MiB.
2026-10-05T07:50:17Z INFO [3568/3678] 4dfda47d-761b-4512-b4e0-40d19331a62d: does not qualify; 0.5 s; peak memory 7829 MiB.
2026-10-05T07:50:18Z INFO [3569/3678] 4dfe1463-b928-45ce-869f-1e7ac8996efe: does not qualify; 0.7 s; peak memory 7829 MiB.
2026-10-05T07:50:18Z INFO [3570/3678] 4dfee3cb-c294-42e4-a45d-69e61e287831: does not qualify; 0.5 s; peak memory 7829 MiB.
2026-10-05T07:50:23Z INFO [3571/3678] 4dff70ed-49bf-41fb-b73d-af5964ab4398: does not qualify; 4.4 s; peak memory 7829 MiB.
2026-10-05T07:50:27Z INFO [3572/3678] 4dffdc11-0440-44e6-b287-d4545d76d28c: does not qualify; 3.8 s; peak memory 7829 MiB.
2026-10-05T07:50:27Z INFO [3573/3678] 4e001236-962b-4af6-8476-95ba18e86cfa: does not qualify; 0.7 s; peak memory 7829 MiB.
2026-10-05T07:50:35Z INFO [3574/3678] 4e002a3d-8dec-49b7-930c-743a11999391: does not qualify; 7.2 s; peak memory 7829 MiB.
2026-10-05T07:50:36Z INFO [3575/3678] 4e00a616-6285-4251-8184-a148ccbcb8ca: does not qualify; 1.0 s; peak memory 7829 MiB.
2026-10-05T07:50:36Z INFO [3576/3678] 4e012ed7-50ad-469d-87f8-b0ab21aa4fde: does not qualify; 0.6 s; peak memory 7829 MiB.
2026-10-05T07:50:47Z INFO [3577/3678] 4e0196c9-1421-4dc0-97bd-c5b8fc8e6ac3: does not qualify; 10.4 s; peak memory 7829 MiB.
2026-10-05T07:50:49Z INFO [3578/3678] 4e02162b-6f1f-441a-8c7e-1e248f023127: does not qualify; 2.7 s; peak memory 7829 MiB.
2026-10-05T07:50:50Z INFO [3579/3678] 4e023cdb-3550-476e-bb6f-bb41df60c293: does not qualify; 0.8 s; peak memory 7829 MiB.
2026-10-05T07:50:55Z INFO [3580/3678] 4e028d6d-b2a9-4d06-b15f-4c750dbfb7ab: does not qualify; 5.2 s; peak memory 7829 MiB.
2026-10-05T07:51:01Z INFO [3581/3678] 4e02a144-69d2-4add-ac7a-ff7366691d2c: does not qualify; 5.3 s; peak memory 7829 MiB.
2026-10-05T07:51:01Z INFO [3582/3678] 4e03ba62-2b6c-4722-959e-0b0f509c00eb: does not qualify; 0.7 s; peak memory 7829 MiB.
2026-10-05T07:51:02Z INFO [3583/3678] 4e0491a7-dfb4-49a8-9c00-92c0fa29b184: does not qualify; 0.8 s; peak memory 7829 MiB.
2026-10-05T07:51:03Z INFO [3584/3678] 4e05d074-f445-4602-9ca8-789514348f1c: does not qualify; 0.8 s; peak memory 7829 MiB.
2026-10-05T07:51:07Z INFO [3585/3678] 4e066040-1ace-4387-abf9-4f2f5454f9c9: does not qualify; 3.8 s; peak memory 7829 MiB.
2026-10-05T07:51:08Z INFO [3586/3678] 4e06a016-b8d8-4e43-9468-bb33b8f15ca4: does not qualify; 1.0 s; peak memory 7829 MiB.
2026-10-05T07:51:08Z INFO [3587/3678] 4e06f93d-7c2c-4905-a66b-62912e988741: does not qualify; 0.5 s; peak memory 7829 MiB.
2026-10-05T07:51:09Z INFO [3588/3678] 4e075b97-7866-4d66-b275-66fb630f8f68: does not qualify; 1.1 s; peak memory 7829 MiB.
2026-10-05T07:51:11Z INFO [3589/3678] 4e089f3e-164d-40d4-9b0c-cae63447b969: does not qualify; 1.5 s; peak memory 7829 MiB.
2026-10-05T07:51:12Z INFO [3590/3678] 4e0a63cc-6b0a-46e7-9cb3-f9285f757fd1: does not qualify; 1.6 s; peak memory 7829 MiB.
2026-10-05T07:51:13Z INFO [3591/3678] 4e0aa72a-4a01-47fe-815e-eb9be973724a: does not qualify; 0.7 s; peak memory 7829 MiB.
2026-10-05T07:51:14Z INFO [3592/3678] 4e0c5bf9-ca43-41fa-ba6c-343513808284: does not qualify; 0.8 s; peak memory 7829 MiB.
2026-10-05T07:51:15Z INFO [3593/3678] 4e0d45fe-3746-4ade-b2c6-e3b78869a7d7: does not qualify; 1.0 s; peak memory 7829 MiB.
2026-10-05T07:51:16Z INFO [3594/3678] 4e0df9e5-eade-43a2-8fc3-0bb5dcb680ae: does not qualify; 0.7 s; peak memory 7829 MiB.
2026-10-05T07:51:16Z INFO [3595/3678] 4e0e1ca8-98ec-4dd3-89fe-18ab0a597d81: does not qualify; 0.4 s; peak memory 7829 MiB.
2026-10-05T07:51:17Z INFO [3596/3678] 4e0e324e-14d0-493f-acff-ee4641c7ae6c: does not qualify; 0.7 s; peak memory 7829 MiB.
2026-10-05T07:51:17Z INFO [3597/3678] 4e0e64fa-af4d-44ff-ad3a-d24a90cc84ce: does not qualify; 0.5 s; peak memory 7829 MiB.
2026-10-05T07:51:18Z INFO [3598/3678] 4e0ef4e4-495b-448c-bbf3-bc614b9f4cc2: does not qualify; 0.5 s; peak memory 7829 MiB.
2026-10-05T07:51:19Z INFO [3599/3678] 4e0f15c9-0319-42ed-a83b-59826c06376a: does not qualify; 1.6 s; peak memory 7829 MiB.
2026-10-05T07:51:20Z INFO [3600/3678] 4e0f915e-f298-42b1-9729-2b25527d099e: does not qualify; 0.7 s; peak memory 7829 MiB.
2026-10-05T07:51:20Z INFO [3600/3678] 4e0f915e-f298-42b1-9729-2b25527d099e: checkpointed 66065 records.
2026-10-05T07:51:21Z INFO [3601/3678] 4e0fa19c-aacb-4723-b2b9-90c53a556b98: does not qualify; 0.9 s; peak memory 7829 MiB.
2026-10-05T07:51:23Z INFO [3602/3678] 4e0fe7b9-0ad7-41b3-b925-37af1286dccc: does not qualify; 1.7 s; peak memory 7829 MiB.
2026-10-05T07:51:24Z INFO [3603/3678] 4e11b4b5-853f-48c4-a78f-fad01422d9ef: does not qualify; 0.9 s; peak memory 7829 MiB.
2026-10-05T07:51:31Z INFO [3604/3678] 4e125f12-fe6b-4d97-9f8e-4066a587bd8d: does not qualify; 7.6 s; peak memory 7829 MiB.
2026-10-05T07:51:32Z INFO [3605/3678] 4e12b8fd-b18b-4c96-a2a0-b4bf2c6eab5c: does not qualify; 0.9 s; peak memory 7829 MiB.
2026-10-05T07:51:33Z INFO [3606/3678] 4e12ca77-3760-4d9b-b392-c2fbbfae5aa5: does not qualify; 1.0 s; peak memory 7829 MiB.
2026-10-05T07:51:34Z INFO [3607/3678] 4e12e35a-6b80-487f-8d69-5f2f515f1bfc: does not qualify; 0.7 s; peak memory 7829 MiB.
2026-10-05T07:51:35Z INFO [3608/3678] 4e1304f2-59f3-4ecf-bf07-b2f47d6dc827: does not qualify; 0.8 s; peak memory 7829 MiB.
2026-10-05T07:51:38Z INFO [3609/3678] 4e138ffc-7276-4cad-bba8-90be982dd395: does not qualify; 3.8 s; peak memory 7829 MiB.
2026-10-05T07:51:39Z INFO [3610/3678] 4e13c08a-71e6-4bc8-9e19-4e9cff8b913d: does not qualify; 0.8 s; peak memory 7829 MiB.
2026-10-05T07:51:43Z INFO [3611/3678] 4e13e2b1-5617-41a4-aec8-4f3c5c59d9ea: does not qualify; 3.2 s; peak memory 7829 MiB.
2026-10-05T07:51:43Z INFO [3612/3678] 4e14e982-c5d8-444a-a740-ab5456be45ee: does not qualify; 0.6 s; peak memory 7829 MiB.
2026-10-05T07:51:44Z INFO [3613/3678] 4e1530e0-b0f7-4e01-b192-bdf4a0abc938: does not qualify; 1.2 s; peak memory 7829 MiB.
2026-10-05T07:51:45Z INFO [3614/3678] 4e15845a-0896-4196-8ccb-d67e8c1026bb: does not qualify; 0.6 s; peak memory 7829 MiB.
2026-10-05T07:51:46Z INFO [3615/3678] 4e16278e-f3b0-4a38-92ad-512d6c1fa125: does not qualify; 0.6 s; peak memory 7829 MiB.
2026-10-05T07:51:47Z INFO [3616/3678] 4e167e89-fe4a-46ef-a3ac-e420697b9139: does not qualify; 1.1 s; peak memory 7829 MiB.
2026-10-05T07:51:47Z INFO [3617/3678] 4e192cdb-bc71-49ab-b19d-4c85114edefe: does not qualify; 0.8 s; peak memory 7829 MiB.
2026-10-05T07:51:48Z INFO [3618/3678] 4e19fe8e-419b-44cb-828b-9300b7b767ae: does not qualify; 0.8 s; peak memory 7829 MiB.
2026-10-05T07:51:49Z INFO [3619/3678] 4e1aacc9-bf9b-4019-829a-d81f244e6b39: does not qualify; 1.1 s; peak memory 7829 MiB.
2026-10-05T07:51:50Z INFO [3620/3678] 4e1ba9b1-80ef-4f44-9651-ff75b7e2e416: does not qualify; 0.6 s; peak memory 7829 MiB.
2026-10-05T07:51:51Z INFO [3621/3678] 4e1c8e85-a8bf-4542-926c-a8348620fdec: does not qualify; 0.8 s; peak memory 7829 MiB.
2026-10-05T07:51:51Z INFO [3622/3678] 4e1d6cf0-4c90-4af4-9868-7dc473f486a4: does not qualify; 0.7 s; peak memory 7829 MiB.
2026-10-05T07:51:52Z INFO [3623/3678] 4e1dcdc2-c742-44e2-9a5e-5f6117b4f586: does not qualify; 0.6 s; peak memory 7829 MiB.
2026-10-05T07:51:53Z INFO [3624/3678] 4e1eb602-f9da-4d3a-8c51-cc31fcb54cf3: does not qualify; 1.0 s; peak memory 7829 MiB.
2026-10-05T07:51:54Z INFO [3625/3678] 4e1f5f58-9454-43f4-bd1e-320a702ebe11: does not qualify; 0.7 s; peak memory 7829 MiB.
2026-10-05T07:51:54Z INFO [3626/3678] 4e201196-a3c7-4762-ad8c-0b38bef7521c: does not qualify; 0.6 s; peak memory 7829 MiB.
2026-10-05T07:52:04Z INFO [3627/3678] 4e20b37f-5671-4568-ba85-22295ed874aa: does not qualify; 9.5 s; peak memory 7829 MiB.
2026-10-05T07:52:05Z INFO [3628/3678] 4e21f6f3-6735-4a71-a247-ed15a2ec854d: does not qualify; 0.6 s; peak memory 7829 MiB.
2026-10-05T07:52:05Z INFO [3629/3678] 4e224e70-1541-44c2-83e9-26ce14c26946: does not qualify; 0.6 s; peak memory 7829 MiB.
2026-10-05T07:52:10Z INFO [3630/3678] 4e24b384-80a7-4c13-b663-c3931ef7a2e2: does not qualify; 4.6 s; peak memory 7829 MiB.
2026-10-05T07:52:13Z INFO [3631/3678] 4e251835-fa12-4eb4-a6f4-afc4fd1d5c40: does not qualify; 3.5 s; peak memory 7829 MiB.
2026-10-05T07:52:17Z INFO [3632/3678] 4e258e30-9b07-4ccc-9c86-9a6fe104027d: does not qualify; 4.3 s; peak memory 7829 MiB.
2026-10-05T07:52:21Z INFO [3633/3678] 4e26173a-6e79-4eb4-9c1b-2b3ff83b9cca: does not qualify; 3.9 s; peak memory 7829 MiB.
2026-10-05T07:52:22Z INFO [3634/3678] 4e263fb6-cbd5-40ac-a1a1-9a09d3e184c1: does not qualify; 0.8 s; peak memory 7829 MiB.
2026-10-05T07:52:23Z INFO [3635/3678] 4e265799-e068-444f-be81-0c3acddc1eac: does not qualify; 0.9 s; peak memory 7829 MiB.
2026-10-05T07:52:24Z INFO [3636/3678] 4e276bc5-e97c-4bc2-9064-4d26d1c84ead: does not qualify; 0.9 s; peak memory 7829 MiB.
2026-10-05T07:52:25Z INFO [3637/3678] 4e27cd52-458a-4beb-9aaa-ff9bd602a124: does not qualify; 0.8 s; peak memory 7829 MiB.
2026-10-05T07:52:26Z INFO [3638/3678] 4e27e8b1-3327-4049-815e-d4652ea0d698: does not qualify; 0.9 s; peak memory 7829 MiB.
2026-10-05T07:52:26Z INFO [3639/3678] 4e282c97-abc0-4a6c-96bf-d0425853d8ad: does not qualify; 0.8 s; peak memory 7829 MiB.
2026-10-05T07:52:30Z INFO [3640/3678] 4e28b99d-ff94-48b4-ab92-23378afa122c: does not qualify; 3.2 s; peak memory 7829 MiB.
2026-10-05T07:52:34Z INFO [3641/3678] 4e29946a-b3e0-4071-9003-03fa5c878b4d: does not qualify; 4.4 s; peak memory 7829 MiB.
2026-10-05T07:52:34Z INFO [3642/3678] 4e29a352-e39c-48aa-859e-6db7454690f7: does not qualify; 0.4 s; peak memory 7829 MiB.
2026-10-05T07:52:35Z INFO [3643/3678] 4e29e5e6-c073-4ca9-af7c-87bd00034afb: does not qualify; 0.7 s; peak memory 7829 MiB.
2026-10-05T07:52:36Z INFO [3644/3678] 4e2a8404-9704-488d-b4f6-bc4e889274b7: does not qualify; 0.9 s; peak memory 7829 MiB.
2026-10-05T07:52:37Z INFO [3645/3678] 4e2c435b-7844-4810-8855-aeef4a428b68: does not qualify; 0.5 s; peak memory 7829 MiB.
2026-10-05T07:52:41Z INFO [3646/3678] 4e2c7bb4-68af-431d-b73e-b12c7199b35d: does not qualify; 4.4 s; peak memory 7829 MiB.
2026-10-05T07:52:42Z INFO [3647/3678] 4e2cf1b9-56e4-4294-96c2-ef96289fa061: does not qualify; 0.7 s; peak memory 7829 MiB.
2026-10-05T07:52:43Z INFO [3648/3678] 4e2d3e0a-ead9-423c-a131-3e335958a683: does not qualify; 0.9 s; peak memory 7829 MiB.
2026-10-05T07:52:43Z INFO [3649/3678] 4e2dc1ec-30bb-41af-a89e-0f78e6751152: does not qualify; 0.7 s; peak memory 7829 MiB.
2026-10-05T07:52:45Z INFO [3650/3678] 4e2decda-14cf-46ec-a3b1-a22642d4ea06: does not qualify; 1.2 s; peak memory 7829 MiB.
2026-10-05T07:52:45Z INFO [3650/3678] 4e2decda-14cf-46ec-a3b1-a22642d4ea06: checkpointed 66115 records.
2026-10-05T07:52:48Z INFO [3651/3678] 4e3009f1-1474-466e-a375-289eb8dcf7e0: does not qualify; 3.1 s; peak memory 7829 MiB.
2026-10-05T07:52:49Z INFO [3652/3678] 4e30bf01-d64d-4ae4-a3aa-62a40ce97ff0: does not qualify; 0.7 s; peak memory 7829 MiB.
2026-10-05T07:52:49Z INFO [3653/3678] 4e30d936-50c0-45c8-9f54-7d98ec87500b: does not qualify; 0.5 s; peak memory 7829 MiB.
2026-10-05T07:52:53Z INFO [3654/3678] 4e312846-8733-4647-bb2e-f0d05fb9dfec: does not qualify; 4.1 s; peak memory 7829 MiB.
2026-10-05T07:52:55Z INFO [3655/3678] 4e312943-326b-4f1b-a03e-45e96e42afd0: does not qualify; 1.6 s; peak memory 7829 MiB.
2026-10-05T07:52:56Z INFO [3656/3678] 4e31a983-2bb5-477a-99a3-d07ab30388df: does not qualify; 1.1 s; peak memory 7829 MiB.
2026-10-05T07:52:57Z INFO [3657/3678] 4e31bdba-5e44-44de-b947-79fa93b146f3: does not qualify; 0.7 s; peak memory 7829 MiB.
2026-10-05T07:52:59Z INFO [3658/3678] 4e31be29-7611-4176-ae8d-08b9c6e5bd20: does not qualify; 2.1 s; peak memory 7829 MiB.
2026-10-05T07:53:00Z INFO [3659/3678] 4e326988-07e5-4a8e-8363-c24780bb9edf: does not qualify; 1.1 s; peak memory 7829 MiB.
2026-10-05T07:53:01Z INFO [3660/3678] 4e33390c-2cd1-4d8a-a2aa-da08e1c6c579: does not qualify; 1.0 s; peak memory 7829 MiB.
2026-10-05T07:53:01Z INFO [3661/3678] 4e33616b-d228-4723-96ef-9a22f321d4af: does not qualify; 0.7 s; peak memory 7829 MiB.
2026-10-05T07:53:02Z INFO [3662/3678] 4e34f4a0-bec6-4b65-a589-8c4937eb13d0: does not qualify; 0.5 s; peak memory 7829 MiB.
2026-10-05T07:53:06Z INFO [3663/3678] 4e350c44-55cc-49fa-b41a-4eb63f657d2a: does not qualify; 4.3 s; peak memory 7829 MiB.
2026-10-05T07:53:08Z INFO [3664/3678] 4e352afe-4245-47eb-a155-438bb022d480: does not qualify; 1.5 s; peak memory 7829 MiB.
2026-10-05T07:53:11Z INFO [3665/3678] 4e352b91-b8df-4ce1-a4d6-49ca44c01892: does not qualify; 3.2 s; peak memory 7829 MiB.
2026-10-05T07:53:11Z INFO [3666/3678] 4e35da79-b4d6-46fd-87ea-9feaaaacff24: does not qualify; 0.5 s; peak memory 7829 MiB.
2026-10-05T07:53:13Z INFO [3667/3678] 4e371eb1-fb8f-4bdf-b9c2-5135656f3410: does not qualify; 1.2 s; peak memory 7829 MiB.
2026-10-05T07:53:13Z INFO [3668/3678] 4e38f952-67cd-4325-b405-aca7ade3af9a: does not qualify; 0.6 s; peak memory 7829 MiB.
2026-10-05T07:53:14Z INFO [3669/3678] 4e38fe23-6b7d-4c73-8654-b817eb7cee99: does not qualify; 1.2 s; peak memory 7829 MiB.
2026-10-05T07:53:15Z INFO [3670/3678] 4e392bad-f1ff-465b-a8e9-abf8c984c2cf: does not qualify; 0.8 s; peak memory 7829 MiB.
2026-10-05T07:53:16Z INFO [3671/3678] 4e393fe7-44a8-40a5-a041-d4e8ba15bb5c: does not qualify; 0.9 s; peak memory 7829 MiB.
2026-10-05T07:53:17Z INFO [3672/3678] 4e3a1ede-9cbb-4f4a-a110-885f7ae5626c: does not qualify; 0.6 s; peak memory 7829 MiB.
2026-10-05T07:53:18Z INFO [3673/3678] 4e3a88c9-de81-44ed-bbe8-25eb4da0dd8a: does not qualify; 1.3 s; peak memory 7829 MiB.
2026-10-05T07:53:19Z INFO [3674/3678] 4e3bb2ef-fdc3-4164-892f-aecd5f61ef03: does not qualify; 0.8 s; peak memory 7829 MiB.
2026-10-05T07:53:20Z INFO [3675/3678] 4e3c265a-9c6c-4b96-9705-00d363bf8aca: does not qualify; 0.9 s; peak memory 7829 MiB.
2026-10-05T07:53:20Z INFO [3676/3678] 4e3d5e88-0645-49dc-a9cf-0340c87d74c7: does not qualify; 0.6 s; peak memory 7829 MiB.
2026-10-05T07:53:21Z INFO [3677/3678] 4e3da782-3aab-4937-afef-4b9576b74e45: does not qualify; 0.8 s; peak memory 7829 MiB.
2026-10-05T07:53:22Z INFO [3678/3678] 4e3e86b7-59b8-45de-b756-46eda6bed504: qualifies; 1.5 s; peak memory 7829 MiB.
2026-10-05T07:53:23Z INFO Wrote 66143 records to /tmp/derivatives/qualifying_lfp_content_ids.jsonl (3678 new, 0 failed) in 123.8 min (peak memory 7829 MiB).
