2026-09-29T21:57:05Z INFO Logging to /tmp/logs/update_2026-09-29T21-57-05Z.log.
2026-09-29T21:57:05Z INFO Update qualifying-lfp-content-ids (base directory /tmp).
2026-09-29T21:57:06Z INFO Processing 369 items (60602 already recorded).
2026-09-29T21:57:07Z WARNING 1ebe7af5-46da-4019-bfe6-1736e045b5c5: failed while reading the ElectricalSeries rates (AttributeError: module 'spikeinterface.extractors' has no attribute 'NwbRecordingExtractor')
2026-09-29T21:57:07Z WARNING [1/369] 1ebe7af5-46da-4019-bfe6-1736e045b5c5: leaving unrecorded for a later run to retry.
2026-09-29T21:57:07Z WARNING 1ec01265-894b-4939-bc07-fe816abe453b: failed while reading the ElectricalSeries rates (AttributeError: module 'spikeinterface.extractors' has no attribute 'NwbRecordingExtractor')
2026-09-29T21:57:07Z WARNING [2/369] 1ec01265-894b-4939-bc07-fe816abe453b: leaving unrecorded for a later run to retry.
2026-09-29T21:57:07Z WARNING 1ec03e33-68ce-4116-94a8-395f698575c3: failed while reading the ElectricalSeries rates (AttributeError: module 'spikeinterface.extractors' has no attribute 'NwbRecordingExtractor')
2026-09-29T21:57:07Z WARNING [3/369] 1ec03e33-68ce-4116-94a8-395f698575c3: leaving unrecorded for a later run to retry.
2026-09-29T21:57:07Z WARNING 1ec04393-f604-4505-89df-5bf6105c0831: failed while reading the ElectricalSeries rates (AttributeError: module 'spikeinterface.extractors' has no attribute 'NwbRecordingExtractor')
2026-09-29T21:57:07Z WARNING [4/369] 1ec04393-f604-4505-89df-5bf6105c0831: leaving unrecorded for a later run to retry.
2026-09-29T21:57:07Z WARNING 1ec0d955-9dfb-44b1-a6d7-0a9e1629f9c6: failed while reading the ElectricalSeries rates (AttributeError: module 'spikeinterface.extractors' has no attribute 'NwbRecordingExtractor')
2026-09-29T21:57:07Z WARNING [5/369] 1ec0d955-9dfb-44b1-a6d7-0a9e1629f9c6: leaving unrecorded for a later run to retry.
2026-09-29T21:57:07Z WARNING 1ec18c03-7539-4f19-8ab4-f86bc19d598e: failed while reading the ElectricalSeries rates (AttributeError: module 'spikeinterface.extractors' has no attribute 'NwbRecordingExtractor')
2026-09-29T21:57:07Z WARNING [6/369] 1ec18c03-7539-4f19-8ab4-f86bc19d598e: leaving unrecorded for a later run to retry.
2026-09-29T21:57:07Z WARNING 1ec1a2c1-4e13-48ed-a622-280882a06b80: failed while reading the ElectricalSeries rates (AttributeError: module 'spikeinterface.extractors' has no attribute 'NwbRecordingExtractor')
2026-09-29T21:57:07Z WARNING [7/369] 1ec1a2c1-4e13-48ed-a622-280882a06b80: leaving unrecorded for a later run to retry.
2026-09-29T21:57:07Z WARNING 1ec20868-635a-4e3d-85c4-b0cfde824859: failed while reading the ElectricalSeries rates (AttributeError: module 'spikeinterface.extractors' has no attribute 'NwbRecordingExtractor')
2026-09-29T21:57:07Z WARNING [8/369] 1ec20868-635a-4e3d-85c4-b0cfde824859: leaving unrecorded for a later run to retry.
2026-09-29T21:57:07Z WARNING 1ec279f4-a39e-4f74-b506-bdb58e18faee: failed while reading the ElectricalSeries rates (AttributeError: module 'spikeinterface.extractors' has no attribute 'NwbRecordingExtractor')
2026-09-29T21:57:07Z WARNING [9/369] 1ec279f4-a39e-4f74-b506-bdb58e18faee: leaving unrecorded for a later run to retry.
2026-09-29T21:57:07Z WARNING 1ec35557-249a-4dfd-a44c-b8d76adf32dc: failed while reading the ElectricalSeries rates (AttributeError: module 'spikeinterface.extractors' has no attribute 'NwbRecordingExtractor')
2026-09-29T21:57:07Z WARNING [10/369] 1ec35557-249a-4dfd-a44c-b8d76adf32dc: leaving unrecorded for a later run to retry.
2026-09-29T21:57:07Z WARNING 1ec35c0b-10f7-41e6-a5e6-5bc5b752e74d: failed while reading the ElectricalSeries rates (AttributeError: module 'spikeinterface.extractors' has no attribute 'NwbRecordingExtractor')
2026-09-29T21:57:07Z WARNING [11/369] 1ec35c0b-10f7-41e6-a5e6-5bc5b752e74d: leaving unrecorded for a later run to retry.
2026-09-29T21:57:08Z WARNING 1ec36f66-68ac-476f-998e-0381106c48e9: failed while reading the ElectricalSeries rates (AttributeError: module 'spikeinterface.extractors' has no attribute 'NwbRecordingExtractor')
2026-09-29T21:57:08Z WARNING [12/369] 1ec36f66-68ac-476f-998e-0381106c48e9: leaving unrecorded for a later run to retry.
2026-09-29T21:57:08Z WARNING 1ec3c6d3-0889-4329-9633-58f2cf1eedde: failed while reading the ElectricalSeries rates (AttributeError: module 'spikeinterface.extractors' has no attribute 'NwbRecordingExtractor')
2026-09-29T21:57:08Z WARNING [13/369] 1ec3c6d3-0889-4329-9633-58f2cf1eedde: leaving unrecorded for a later run to retry.
2026-09-29T21:57:08Z WARNING 1ec59440-ded8-4553-9a1e-b6d7d3697c33: failed while reading the ElectricalSeries rates (AttributeError: module 'spikeinterface.extractors' has no attribute 'NwbRecordingExtractor')
2026-09-29T21:57:08Z WARNING [14/369] 1ec59440-ded8-4553-9a1e-b6d7d3697c33: leaving unrecorded for a later run to retry.
2026-09-29T21:57:08Z WARNING 1ec60477-21c9-4015-85ec-10d7d49ea28c: failed while reading the ElectricalSeries rates (AttributeError: module 'spikeinterface.extractors' has no attribute 'NwbRecordingExtractor')
2026-09-29T21:57:08Z WARNING [15/369] 1ec60477-21c9-4015-85ec-10d7d49ea28c: leaving unrecorded for a later run to retry.
2026-09-29T21:57:08Z WARNING 1ec77cf5-62bd-4c86-9c01-9672eb57a978: failed while reading the ElectricalSeries rates (AttributeError: module 'spikeinterface.extractors' has no attribute 'NwbRecordingExtractor')
2026-09-29T21:57:08Z WARNING [16/369] 1ec77cf5-62bd-4c86-9c01-9672eb57a978: leaving unrecorded for a later run to retry.
2026-09-29T21:57:08Z WARNING 1ec78002-c80c-4e6c-95e5-78fc57784b4c: failed while reading the ElectricalSeries rates (AttributeError: module 'spikeinterface.extractors' has no attribute 'NwbRecordingExtractor')
2026-09-29T21:57:08Z WARNING [17/369] 1ec78002-c80c-4e6c-95e5-78fc57784b4c: leaving unrecorded for a later run to retry.
2026-09-29T21:57:08Z WARNING 1ec80295-464a-419d-b044-f9481e577ae1: failed while reading the ElectricalSeries rates (AttributeError: module 'spikeinterface.extractors' has no attribute 'NwbRecordingExtractor')
2026-09-29T21:57:08Z WARNING [18/369] 1ec80295-464a-419d-b044-f9481e577ae1: leaving unrecorded for a later run to retry.
2026-09-29T21:57:08Z WARNING 1ec8a415-0f05-4253-8ac9-d9acc8ffdc71: failed while reading the ElectricalSeries rates (AttributeError: module 'spikeinterface.extractors' has no attribute 'NwbRecordingExtractor')
2026-09-29T21:57:08Z WARNING [19/369] 1ec8a415-0f05-4253-8ac9-d9acc8ffdc71: leaving unrecorded for a later run to retry.
2026-09-29T21:57:08Z WARNING 1ec8d443-5fd5-432a-81ff-fb5529243f72: failed while reading the ElectricalSeries rates (AttributeError: module 'spikeinterface.extractors' has no attribute 'NwbRecordingExtractor')
2026-09-29T21:57:08Z WARNING [20/369] 1ec8d443-5fd5-432a-81ff-fb5529243f72: leaving unrecorded for a later run to retry.
2026-09-29T21:57:08Z WARNING 1ec8e46a-6fbd-445a-a8d9-53bf150099c3: failed while reading the ElectricalSeries rates (AttributeError: module 'spikeinterface.extractors' has no attribute 'NwbRecordingExtractor')
2026-09-29T21:57:08Z WARNING [21/369] 1ec8e46a-6fbd-445a-a8d9-53bf150099c3: leaving unrecorded for a later run to retry.
2026-09-29T21:57:08Z WARNING 1ec92c22-8827-48df-be87-651f36bbc4db: failed while reading the ElectricalSeries rates (AttributeError: module 'spikeinterface.extractors' has no attribute 'NwbRecordingExtractor')
2026-09-29T21:57:08Z WARNING [22/369] 1ec92c22-8827-48df-be87-651f36bbc4db: leaving unrecorded for a later run to retry.
2026-09-29T21:57:08Z WARNING 1ec95144-18de-435e-975c-d7538632b712: failed while reading the ElectricalSeries rates (AttributeError: module 'spikeinterface.extractors' has no attribute 'NwbRecordingExtractor')
2026-09-29T21:57:08Z WARNING [23/369] 1ec95144-18de-435e-975c-d7538632b712: leaving unrecorded for a later run to retry.
2026-09-29T21:57:08Z WARNING 1ec9b47e-02ff-45bd-941f-a57d28a3080c: failed while reading the ElectricalSeries rates (AttributeError: module 'spikeinterface.extractors' has no attribute 'NwbRecordingExtractor')
2026-09-29T21:57:08Z WARNING [24/369] 1ec9b47e-02ff-45bd-941f-a57d28a3080c: leaving unrecorded for a later run to retry.
2026-09-29T21:57:08Z WARNING 1ecb4c57-cc88-4814-96ee-996edc54d89b: failed while reading the ElectricalSeries rates (AttributeError: module 'spikeinterface.extractors' has no attribute 'NwbRecordingExtractor')
2026-09-29T21:57:08Z WARNING [25/369] 1ecb4c57-cc88-4814-96ee-996edc54d89b: leaving unrecorded for a later run to retry.
2026-09-29T21:57:09Z WARNING 1ecb8015-c054-43bf-b6a6-8f678ff4638b: failed while reading the ElectricalSeries rates (AttributeError: module 'spikeinterface.extractors' has no attribute 'NwbRecordingExtractor')
2026-09-29T21:57:09Z WARNING [26/369] 1ecb8015-c054-43bf-b6a6-8f678ff4638b: leaving unrecorded for a later run to retry.
2026-09-29T21:57:09Z WARNING 1ecbfb88-0bbd-421c-ad56-cac70c00fc3b: failed while reading the ElectricalSeries rates (AttributeError: module 'spikeinterface.extractors' has no attribute 'NwbRecordingExtractor')
2026-09-29T21:57:09Z WARNING [27/369] 1ecbfb88-0bbd-421c-ad56-cac70c00fc3b: leaving unrecorded for a later run to retry.
2026-09-29T21:57:09Z WARNING 1ecc0016-e4d7-44ab-94ae-5176ff50f0ac: failed while reading the ElectricalSeries rates (AttributeError: module 'spikeinterface.extractors' has no attribute 'NwbRecordingExtractor')
2026-09-29T21:57:09Z WARNING [28/369] 1ecc0016-e4d7-44ab-94ae-5176ff50f0ac: leaving unrecorded for a later run to retry.
2026-09-29T21:57:09Z WARNING 1ecc4ddd-de54-45b4-83f0-c0da095d0c0b: failed while reading the ElectricalSeries rates (AttributeError: module 'spikeinterface.extractors' has no attribute 'NwbRecordingExtractor')
2026-09-29T21:57:09Z WARNING [29/369] 1ecc4ddd-de54-45b4-83f0-c0da095d0c0b: leaving unrecorded for a later run to retry.
2026-09-29T21:57:09Z WARNING 1ecdb00b-ae15-4712-9880-55bdf87a44b4: failed while reading the ElectricalSeries rates (AttributeError: module 'spikeinterface.extractors' has no attribute 'NwbRecordingExtractor')
2026-09-29T21:57:09Z WARNING [30/369] 1ecdb00b-ae15-4712-9880-55bdf87a44b4: leaving unrecorded for a later run to retry.
2026-09-29T21:57:09Z WARNING 1ecdb083-532e-46df-8975-17acad78f522: failed while reading the ElectricalSeries rates (AttributeError: module 'spikeinterface.extractors' has no attribute 'NwbRecordingExtractor')
2026-09-29T21:57:09Z WARNING [31/369] 1ecdb083-532e-46df-8975-17acad78f522: leaving unrecorded for a later run to retry.
2026-09-29T21:57:09Z WARNING 1ece7745-d6c2-431b-ae96-815710180d6c: failed while reading the ElectricalSeries rates (AttributeError: module 'spikeinterface.extractors' has no attribute 'NwbRecordingExtractor')
2026-09-29T21:57:09Z WARNING [32/369] 1ece7745-d6c2-431b-ae96-815710180d6c: leaving unrecorded for a later run to retry.
2026-09-29T21:57:09Z WARNING 1ecef4b7-83ba-479f-aa56-6706927ef1f6: failed while reading the ElectricalSeries rates (AttributeError: module 'spikeinterface.extractors' has no attribute 'NwbRecordingExtractor')
2026-09-29T21:57:09Z WARNING [33/369] 1ecef4b7-83ba-479f-aa56-6706927ef1f6: leaving unrecorded for a later run to retry.
2026-09-29T21:57:09Z WARNING 1ecf0524-f06b-4bdb-b337-f5211c5b3d0b: failed while reading the ElectricalSeries rates (AttributeError: module 'spikeinterface.extractors' has no attribute 'NwbRecordingExtractor')
2026-09-29T21:57:09Z WARNING [34/369] 1ecf0524-f06b-4bdb-b337-f5211c5b3d0b: leaving unrecorded for a later run to retry.
2026-09-29T21:57:09Z WARNING 1ecf0cb2-1bd7-4728-8aff-07f162f15f9c: failed while reading the ElectricalSeries rates (AttributeError: module 'spikeinterface.extractors' has no attribute 'NwbRecordingExtractor')
2026-09-29T21:57:09Z WARNING [35/369] 1ecf0cb2-1bd7-4728-8aff-07f162f15f9c: leaving unrecorded for a later run to retry.
2026-09-29T21:57:09Z WARNING 1ecf647d-06d5-46a3-8220-504f7839757a: failed while reading the ElectricalSeries rates (AttributeError: module 'spikeinterface.extractors' has no attribute 'NwbRecordingExtractor')
2026-09-29T21:57:09Z WARNING [36/369] 1ecf647d-06d5-46a3-8220-504f7839757a: leaving unrecorded for a later run to retry.
2026-09-29T21:57:09Z WARNING 1ed037f1-c5f7-4100-913c-faf448792156: failed while reading the ElectricalSeries rates (AttributeError: module 'spikeinterface.extractors' has no attribute 'NwbRecordingExtractor')
2026-09-29T21:57:09Z WARNING [37/369] 1ed037f1-c5f7-4100-913c-faf448792156: leaving unrecorded for a later run to retry.
2026-09-29T21:57:09Z WARNING 1ed0d28b-d072-4f87-9170-b0371b1db362: failed while reading the ElectricalSeries rates (AttributeError: module 'spikeinterface.extractors' has no attribute 'NwbRecordingExtractor')
2026-09-29T21:57:09Z WARNING [38/369] 1ed0d28b-d072-4f87-9170-b0371b1db362: leaving unrecorded for a later run to retry.
2026-09-29T21:57:10Z WARNING 1ed139a3-1c6a-4f4a-a36b-c70b58566e0c: failed while reading the ElectricalSeries rates (AttributeError: module 'spikeinterface.extractors' has no attribute 'NwbRecordingExtractor')
2026-09-29T21:57:10Z WARNING [39/369] 1ed139a3-1c6a-4f4a-a36b-c70b58566e0c: leaving unrecorded for a later run to retry.
2026-09-29T21:57:10Z WARNING 1ed1ba3b-6fa6-4cb7-8f2b-394aea39fe0b: failed while reading the ElectricalSeries rates (AttributeError: module 'spikeinterface.extractors' has no attribute 'NwbRecordingExtractor')
2026-09-29T21:57:10Z WARNING [40/369] 1ed1ba3b-6fa6-4cb7-8f2b-394aea39fe0b: leaving unrecorded for a later run to retry.
2026-09-29T21:57:10Z WARNING 1ed1e9b9-5831-4f55-81f0-8e30e6949f27: failed while reading the ElectricalSeries rates (AttributeError: module 'spikeinterface.extractors' has no attribute 'NwbRecordingExtractor')
2026-09-29T21:57:10Z WARNING [41/369] 1ed1e9b9-5831-4f55-81f0-8e30e6949f27: leaving unrecorded for a later run to retry.
2026-09-29T21:57:10Z WARNING 1ed22ae0-abb0-438e-a9cb-ac6529128917: failed while reading the ElectricalSeries rates (AttributeError: module 'spikeinterface.extractors' has no attribute 'NwbRecordingExtractor')
2026-09-29T21:57:10Z WARNING [42/369] 1ed22ae0-abb0-438e-a9cb-ac6529128917: leaving unrecorded for a later run to retry.
2026-09-29T21:57:10Z WARNING 1ed28752-90cc-4e0b-ac8e-93550cdd0a89: failed while reading the ElectricalSeries rates (AttributeError: module 'spikeinterface.extractors' has no attribute 'NwbRecordingExtractor')
2026-09-29T21:57:10Z WARNING [43/369] 1ed28752-90cc-4e0b-ac8e-93550cdd0a89: leaving unrecorded for a later run to retry.
2026-09-29T21:57:10Z WARNING 1ed3bc66-ba4d-4af0-a2da-6e7fdd4f49bd: failed while reading the ElectricalSeries rates (AttributeError: module 'spikeinterface.extractors' has no attribute 'NwbRecordingExtractor')
2026-09-29T21:57:10Z WARNING [44/369] 1ed3bc66-ba4d-4af0-a2da-6e7fdd4f49bd: leaving unrecorded for a later run to retry.
2026-09-29T21:57:10Z WARNING 1ed463a4-66b1-413f-a561-1e30394ac178: failed while reading the ElectricalSeries rates (AttributeError: module 'spikeinterface.extractors' has no attribute 'NwbRecordingExtractor')
2026-09-29T21:57:10Z WARNING [45/369] 1ed463a4-66b1-413f-a561-1e30394ac178: leaving unrecorded for a later run to retry.
2026-09-29T21:57:10Z WARNING 1ed50f2b-89fa-4812-a31f-cd88a5f12378: failed while reading the ElectricalSeries rates (AttributeError: module 'spikeinterface.extractors' has no attribute 'NwbRecordingExtractor')
2026-09-29T21:57:10Z WARNING [46/369] 1ed50f2b-89fa-4812-a31f-cd88a5f12378: leaving unrecorded for a later run to retry.
2026-09-29T21:57:10Z WARNING 1ed530e5-1b83-4ccb-93a7-5ddd73731efc: failed while reading the ElectricalSeries rates (AttributeError: module 'spikeinterface.extractors' has no attribute 'NwbRecordingExtractor')
2026-09-29T21:57:10Z WARNING [47/369] 1ed530e5-1b83-4ccb-93a7-5ddd73731efc: leaving unrecorded for a later run to retry.
2026-09-29T21:57:10Z WARNING 1ed53410-02af-4496-971e-ae4ed534a9d9: failed while reading the ElectricalSeries rates (AttributeError: module 'spikeinterface.extractors' has no attribute 'NwbRecordingExtractor')
2026-09-29T21:57:10Z WARNING [48/369] 1ed53410-02af-4496-971e-ae4ed534a9d9: leaving unrecorded for a later run to retry.
2026-09-29T21:57:10Z WARNING 1ed5b3c1-c631-4e27-8ca2-fef489167164: failed while reading the ElectricalSeries rates (AttributeError: module 'spikeinterface.extractors' has no attribute 'NwbRecordingExtractor')
2026-09-29T21:57:10Z WARNING [49/369] 1ed5b3c1-c631-4e27-8ca2-fef489167164: leaving unrecorded for a later run to retry.
2026-09-29T21:57:10Z WARNING 1ed6207d-6acd-49da-81ad-2b84a3281b9b: failed while reading the ElectricalSeries rates (AttributeError: module 'spikeinterface.extractors' has no attribute 'NwbRecordingExtractor')
2026-09-29T21:57:10Z WARNING [50/369] 1ed6207d-6acd-49da-81ad-2b84a3281b9b: leaving unrecorded for a later run to retry.
2026-09-29T21:57:10Z INFO [50/369] 1ed6207d-6acd-49da-81ad-2b84a3281b9b: checkpointed 60602 records.
2026-09-29T21:57:10Z WARNING 1ed6d321-bc3d-4958-9da9-9223529300a2: failed while reading the ElectricalSeries rates (AttributeError: module 'spikeinterface.extractors' has no attribute 'NwbRecordingExtractor')
2026-09-29T21:57:10Z WARNING [51/369] 1ed6d321-bc3d-4958-9da9-9223529300a2: leaving unrecorded for a later run to retry.
2026-09-29T21:57:10Z WARNING 1ed6ffff-a50d-424e-a058-deb4181691e1: failed while reading the ElectricalSeries rates (AttributeError: module 'spikeinterface.extractors' has no attribute 'NwbRecordingExtractor')
2026-09-29T21:57:10Z WARNING [52/369] 1ed6ffff-a50d-424e-a058-deb4181691e1: leaving unrecorded for a later run to retry.
2026-09-29T21:57:10Z WARNING 1ed74181-b391-43c7-860c-f9b390b49099: failed while reading the ElectricalSeries rates (AttributeError: module 'spikeinterface.extractors' has no attribute 'NwbRecordingExtractor')
2026-09-29T21:57:10Z WARNING [53/369] 1ed74181-b391-43c7-860c-f9b390b49099: leaving unrecorded for a later run to retry.
2026-09-29T21:57:10Z WARNING 1ed7777e-7bcb-462f-a458-b7fe42d1bb5c: failed while reading the ElectricalSeries rates (AttributeError: module 'spikeinterface.extractors' has no attribute 'NwbRecordingExtractor')
2026-09-29T21:57:10Z WARNING [54/369] 1ed7777e-7bcb-462f-a458-b7fe42d1bb5c: leaving unrecorded for a later run to retry.
2026-09-29T21:57:11Z WARNING 1ed783d9-bbe4-44b8-a447-393a7bd648cf: failed while reading the ElectricalSeries rates (AttributeError: module 'spikeinterface.extractors' has no attribute 'NwbRecordingExtractor')
2026-09-29T21:57:11Z WARNING [55/369] 1ed783d9-bbe4-44b8-a447-393a7bd648cf: leaving unrecorded for a later run to retry.
2026-09-29T21:57:11Z WARNING 1ed78c01-08c6-4db2-a5a7-a7a599db023d: failed while reading the ElectricalSeries rates (AttributeError: module 'spikeinterface.extractors' has no attribute 'NwbRecordingExtractor')
2026-09-29T21:57:11Z WARNING [56/369] 1ed78c01-08c6-4db2-a5a7-a7a599db023d: leaving unrecorded for a later run to retry.
2026-09-29T21:57:11Z WARNING 1ed7f4a4-90bd-43b0-99cb-2415f4dfa69c: failed while reading the ElectricalSeries rates (AttributeError: module 'spikeinterface.extractors' has no attribute 'NwbRecordingExtractor')
2026-09-29T21:57:11Z WARNING [57/369] 1ed7f4a4-90bd-43b0-99cb-2415f4dfa69c: leaving unrecorded for a later run to retry.
2026-09-29T21:57:11Z WARNING 1ed89224-27ad-41a2-8a1e-24dc687b22b4: failed while reading the ElectricalSeries rates (AttributeError: module 'spikeinterface.extractors' has no attribute 'NwbRecordingExtractor')
2026-09-29T21:57:11Z WARNING [58/369] 1ed89224-27ad-41a2-8a1e-24dc687b22b4: leaving unrecorded for a later run to retry.
2026-09-29T21:57:11Z WARNING 1ed97550-7d93-4db2-a782-8c15722f7688: failed while reading the ElectricalSeries rates (AttributeError: module 'spikeinterface.extractors' has no attribute 'NwbRecordingExtractor')
2026-09-29T21:57:11Z WARNING [59/369] 1ed97550-7d93-4db2-a782-8c15722f7688: leaving unrecorded for a later run to retry.
2026-09-29T21:57:11Z WARNING 1ed99c62-38b0-467b-93ad-bd2475f2595d: failed while reading the ElectricalSeries rates (AttributeError: module 'spikeinterface.extractors' has no attribute 'NwbRecordingExtractor')
2026-09-29T21:57:11Z WARNING [60/369] 1ed99c62-38b0-467b-93ad-bd2475f2595d: leaving unrecorded for a later run to retry.
2026-09-29T21:57:11Z WARNING 1eda47b5-9db2-4146-8ab9-277f470ce9ae: failed while reading the ElectricalSeries rates (AttributeError: module 'spikeinterface.extractors' has no attribute 'NwbRecordingExtractor')
2026-09-29T21:57:11Z WARNING [61/369] 1eda47b5-9db2-4146-8ab9-277f470ce9ae: leaving unrecorded for a later run to retry.
2026-09-29T21:57:11Z WARNING 1edac93d-dc68-409d-98a8-7a6d501d5fff: failed while reading the ElectricalSeries rates (AttributeError: module 'spikeinterface.extractors' has no attribute 'NwbRecordingExtractor')
2026-09-29T21:57:11Z WARNING [62/369] 1edac93d-dc68-409d-98a8-7a6d501d5fff: leaving unrecorded for a later run to retry.
2026-09-29T21:57:11Z WARNING 1edc05f2-7f60-48de-9cc1-0b241d626570: failed while reading the ElectricalSeries rates (AttributeError: module 'spikeinterface.extractors' has no attribute 'NwbRecordingExtractor')
2026-09-29T21:57:11Z WARNING [63/369] 1edc05f2-7f60-48de-9cc1-0b241d626570: leaving unrecorded for a later run to retry.
2026-09-29T21:57:11Z WARNING 1edcd24c-ab81-4c28-9a47-ff696fc48daa: failed while reading the ElectricalSeries rates (AttributeError: module 'spikeinterface.extractors' has no attribute 'NwbRecordingExtractor')
2026-09-29T21:57:11Z WARNING [64/369] 1edcd24c-ab81-4c28-9a47-ff696fc48daa: leaving unrecorded for a later run to retry.
2026-09-29T21:57:11Z WARNING 1edd217c-7607-423f-8081-88b4d025ed85: failed while reading the ElectricalSeries rates (AttributeError: module 'spikeinterface.extractors' has no attribute 'NwbRecordingExtractor')
2026-09-29T21:57:11Z WARNING [65/369] 1edd217c-7607-423f-8081-88b4d025ed85: leaving unrecorded for a later run to retry.
2026-09-29T21:57:11Z WARNING 1ede2eca-51e7-4284-b73d-af98dfd5ef80: failed while reading the ElectricalSeries rates (AttributeError: module 'spikeinterface.extractors' has no attribute 'NwbRecordingExtractor')
2026-09-29T21:57:11Z WARNING [66/369] 1ede2eca-51e7-4284-b73d-af98dfd5ef80: leaving unrecorded for a later run to retry.
2026-09-29T21:57:11Z WARNING 1ede78fb-c73e-4fd6-887e-791e63af2edd: failed while reading the ElectricalSeries rates (AttributeError: module 'spikeinterface.extractors' has no attribute 'NwbRecordingExtractor')
2026-09-29T21:57:11Z WARNING [67/369] 1ede78fb-c73e-4fd6-887e-791e63af2edd: leaving unrecorded for a later run to retry.
2026-09-29T21:57:11Z WARNING 1edf4a76-9639-4275-87c5-d5c5acedd6f6: failed while reading the ElectricalSeries rates (AttributeError: module 'spikeinterface.extractors' has no attribute 'NwbRecordingExtractor')
2026-09-29T21:57:11Z WARNING [68/369] 1edf4a76-9639-4275-87c5-d5c5acedd6f6: leaving unrecorded for a later run to retry.
2026-09-29T21:57:11Z WARNING 1ee0d17b-8e35-4f0e-84b1-4e10199dc759: failed while reading the ElectricalSeries rates (AttributeError: module 'spikeinterface.extractors' has no attribute 'NwbRecordingExtractor')
2026-09-29T21:57:11Z WARNING [69/369] 1ee0d17b-8e35-4f0e-84b1-4e10199dc759: leaving unrecorded for a later run to retry.
2026-09-29T21:57:11Z WARNING 1ee0e2f4-0ed0-4736-b443-e45cd0bda5e5: failed while reading the ElectricalSeries rates (AttributeError: module 'spikeinterface.extractors' has no attribute 'NwbRecordingExtractor')
2026-09-29T21:57:11Z WARNING [70/369] 1ee0e2f4-0ed0-4736-b443-e45cd0bda5e5: leaving unrecorded for a later run to retry.
2026-09-29T21:57:12Z WARNING 1ee16931-241c-40d8-838c-b16d6a40ea52: failed while reading the ElectricalSeries rates (AttributeError: module 'spikeinterface.extractors' has no attribute 'NwbRecordingExtractor')
2026-09-29T21:57:12Z WARNING [71/369] 1ee16931-241c-40d8-838c-b16d6a40ea52: leaving unrecorded for a later run to retry.
2026-09-29T21:57:12Z WARNING 1ee21819-d2bf-4bc9-8c67-a85ed3fea053: failed while reading the ElectricalSeries rates (AttributeError: module 'spikeinterface.extractors' has no attribute 'NwbRecordingExtractor')
2026-09-29T21:57:12Z WARNING [72/369] 1ee21819-d2bf-4bc9-8c67-a85ed3fea053: leaving unrecorded for a later run to retry.
2026-09-29T21:57:12Z WARNING 1ee32f9d-5756-4204-a4bd-fc91833ec31c: failed while reading the ElectricalSeries rates (AttributeError: module 'spikeinterface.extractors' has no attribute 'NwbRecordingExtractor')
2026-09-29T21:57:12Z WARNING [73/369] 1ee32f9d-5756-4204-a4bd-fc91833ec31c: leaving unrecorded for a later run to retry.
2026-09-29T21:57:12Z WARNING 1ee3a42b-402b-487e-a3ed-1b190b12f9ef: failed while reading the ElectricalSeries rates (AttributeError: module 'spikeinterface.extractors' has no attribute 'NwbRecordingExtractor')
2026-09-29T21:57:12Z WARNING [74/369] 1ee3a42b-402b-487e-a3ed-1b190b12f9ef: leaving unrecorded for a later run to retry.
2026-09-29T21:57:12Z WARNING 1ee3b43d-4291-4bd3-9682-259f143e7773: failed while reading the ElectricalSeries rates (AttributeError: module 'spikeinterface.extractors' has no attribute 'NwbRecordingExtractor')
2026-09-29T21:57:12Z WARNING [75/369] 1ee3b43d-4291-4bd3-9682-259f143e7773: leaving unrecorded for a later run to retry.
2026-09-29T21:57:12Z WARNING 1ee4105a-aeee-4653-a153-df3afdd27c88: failed while reading the ElectricalSeries rates (AttributeError: module 'spikeinterface.extractors' has no attribute 'NwbRecordingExtractor')
2026-09-29T21:57:12Z WARNING [76/369] 1ee4105a-aeee-4653-a153-df3afdd27c88: leaving unrecorded for a later run to retry.
2026-09-29T21:57:12Z WARNING 1ee42db4-b9de-4e8b-9b1e-930913a0fd31: failed while reading the ElectricalSeries rates (AttributeError: module 'spikeinterface.extractors' has no attribute 'NwbRecordingExtractor')
2026-09-29T21:57:12Z WARNING [77/369] 1ee42db4-b9de-4e8b-9b1e-930913a0fd31: leaving unrecorded for a later run to retry.
2026-09-29T21:57:12Z WARNING 1ee597bf-abb5-4b5c-a66f-c9186012acef: failed while reading the ElectricalSeries rates (AttributeError: module 'spikeinterface.extractors' has no attribute 'NwbRecordingExtractor')
2026-09-29T21:57:12Z WARNING [78/369] 1ee597bf-abb5-4b5c-a66f-c9186012acef: leaving unrecorded for a later run to retry.
2026-09-29T21:57:12Z WARNING 1ee5b240-b7de-4a27-b4f5-f46bcebcefa6: failed while reading the ElectricalSeries rates (AttributeError: module 'spikeinterface.extractors' has no attribute 'NwbRecordingExtractor')
2026-09-29T21:57:12Z WARNING [79/369] 1ee5b240-b7de-4a27-b4f5-f46bcebcefa6: leaving unrecorded for a later run to retry.
2026-09-29T21:57:12Z WARNING 1ee65bb4-501f-470f-8757-e6517b0e0d6e: failed while reading the ElectricalSeries rates (AttributeError: module 'spikeinterface.extractors' has no attribute 'NwbRecordingExtractor')
2026-09-29T21:57:12Z WARNING [80/369] 1ee65bb4-501f-470f-8757-e6517b0e0d6e: leaving unrecorded for a later run to retry.
2026-09-29T21:57:12Z WARNING 1ee7c1f4-e0dc-491c-a4a3-6ff967e6aab9: failed while reading the ElectricalSeries rates (AttributeError: module 'spikeinterface.extractors' has no attribute 'NwbRecordingExtractor')
2026-09-29T21:57:12Z WARNING [81/369] 1ee7c1f4-e0dc-491c-a4a3-6ff967e6aab9: leaving unrecorded for a later run to retry.
2026-09-29T21:57:12Z WARNING 1ee82be2-ecbe-4b01-9cd1-aa1db696a0d8: failed while reading the ElectricalSeries rates (AttributeError: module 'spikeinterface.extractors' has no attribute 'NwbRecordingExtractor')
2026-09-29T21:57:12Z WARNING [82/369] 1ee82be2-ecbe-4b01-9cd1-aa1db696a0d8: leaving unrecorded for a later run to retry.
2026-09-29T21:57:12Z WARNING 1ee8fd38-6419-477b-8400-dfb921cfa08b: failed while reading the ElectricalSeries rates (AttributeError: module 'spikeinterface.extractors' has no attribute 'NwbRecordingExtractor')
2026-09-29T21:57:12Z WARNING [83/369] 1ee8fd38-6419-477b-8400-dfb921cfa08b: leaving unrecorded for a later run to retry.
2026-09-29T21:57:12Z WARNING 1ee91168-16dc-4c20-b762-b904a9dcb66b: failed while reading the ElectricalSeries rates (AttributeError: module 'spikeinterface.extractors' has no attribute 'NwbRecordingExtractor')
2026-09-29T21:57:12Z WARNING [84/369] 1ee91168-16dc-4c20-b762-b904a9dcb66b: leaving unrecorded for a later run to retry.
2026-09-29T21:57:12Z WARNING 1ee92a8f-beb8-4978-867c-89578486c95d: failed while reading the ElectricalSeries rates (AttributeError: module 'spikeinterface.extractors' has no attribute 'NwbRecordingExtractor')
2026-09-29T21:57:12Z WARNING [85/369] 1ee92a8f-beb8-4978-867c-89578486c95d: leaving unrecorded for a later run to retry.
2026-09-29T21:57:13Z WARNING 1eea0b09-635f-4976-90f1-ee91112fde2a: failed while reading the ElectricalSeries rates (AttributeError: module 'spikeinterface.extractors' has no attribute 'NwbRecordingExtractor')
2026-09-29T21:57:13Z WARNING [86/369] 1eea0b09-635f-4976-90f1-ee91112fde2a: leaving unrecorded for a later run to retry.
2026-09-29T21:57:13Z WARNING 1eeb897d-a458-4eb6-809d-d67720b3f62d: failed while reading the ElectricalSeries rates (AttributeError: module 'spikeinterface.extractors' has no attribute 'NwbRecordingExtractor')
2026-09-29T21:57:13Z WARNING [87/369] 1eeb897d-a458-4eb6-809d-d67720b3f62d: leaving unrecorded for a later run to retry.
2026-09-29T21:57:13Z WARNING 1eec1df0-605e-41cc-890e-1aed3d8b9dfe: failed while reading the ElectricalSeries rates (AttributeError: module 'spikeinterface.extractors' has no attribute 'NwbRecordingExtractor')
2026-09-29T21:57:13Z WARNING [88/369] 1eec1df0-605e-41cc-890e-1aed3d8b9dfe: leaving unrecorded for a later run to retry.
2026-09-29T21:57:13Z WARNING 1eec2f70-050d-4056-b241-f3486210d3c8: failed while reading the ElectricalSeries rates (AttributeError: module 'spikeinterface.extractors' has no attribute 'NwbRecordingExtractor')
2026-09-29T21:57:13Z WARNING [89/369] 1eec2f70-050d-4056-b241-f3486210d3c8: leaving unrecorded for a later run to retry.
2026-09-29T21:57:13Z WARNING 1eef0089-3145-462b-8d29-b5af8ef9a585: failed while reading the ElectricalSeries rates (AttributeError: module 'spikeinterface.extractors' has no attribute 'NwbRecordingExtractor')
2026-09-29T21:57:13Z WARNING [90/369] 1eef0089-3145-462b-8d29-b5af8ef9a585: leaving unrecorded for a later run to retry.
2026-09-29T21:57:13Z WARNING 1eef40b2-85d8-4def-854a-73352bd2af24: failed while reading the ElectricalSeries rates (AttributeError: module 'spikeinterface.extractors' has no attribute 'NwbRecordingExtractor')
2026-09-29T21:57:13Z WARNING [91/369] 1eef40b2-85d8-4def-854a-73352bd2af24: leaving unrecorded for a later run to retry.
2026-09-29T21:57:13Z WARNING 1eefcdf1-fa46-4cc7-bb51-03dbc9bc0407: failed while reading the ElectricalSeries rates (AttributeError: module 'spikeinterface.extractors' has no attribute 'NwbRecordingExtractor')
2026-09-29T21:57:13Z WARNING [92/369] 1eefcdf1-fa46-4cc7-bb51-03dbc9bc0407: leaving unrecorded for a later run to retry.
2026-09-29T21:57:13Z WARNING 1eeff61d-3612-4020-a400-1c122e081994: failed while reading the ElectricalSeries rates (AttributeError: module 'spikeinterface.extractors' has no attribute 'NwbRecordingExtractor')
2026-09-29T21:57:13Z WARNING [93/369] 1eeff61d-3612-4020-a400-1c122e081994: leaving unrecorded for a later run to retry.
2026-09-29T21:57:13Z WARNING 1ef054b0-a488-4043-9a9c-e76489406a31: failed while reading the ElectricalSeries rates (AttributeError: module 'spikeinterface.extractors' has no attribute 'NwbRecordingExtractor')
2026-09-29T21:57:13Z WARNING [94/369] 1ef054b0-a488-4043-9a9c-e76489406a31: leaving unrecorded for a later run to retry.
2026-09-29T21:57:13Z WARNING 1ef077bf-d0d3-4599-be8d-cb7c6123c491: failed while reading the ElectricalSeries rates (AttributeError: module 'spikeinterface.extractors' has no attribute 'NwbRecordingExtractor')
2026-09-29T21:57:13Z WARNING [95/369] 1ef077bf-d0d3-4599-be8d-cb7c6123c491: leaving unrecorded for a later run to retry.
2026-09-29T21:57:13Z WARNING 1ef0847a-c716-48de-a312-0df64a36d508: failed while reading the ElectricalSeries rates (AttributeError: module 'spikeinterface.extractors' has no attribute 'NwbRecordingExtractor')
2026-09-29T21:57:13Z WARNING [96/369] 1ef0847a-c716-48de-a312-0df64a36d508: leaving unrecorded for a later run to retry.
2026-09-29T21:57:13Z WARNING 1ef0f168-8a80-464f-8fa9-c779c2bc4e7b: failed while reading the ElectricalSeries rates (AttributeError: module 'spikeinterface.extractors' has no attribute 'NwbRecordingExtractor')
2026-09-29T21:57:13Z WARNING [97/369] 1ef0f168-8a80-464f-8fa9-c779c2bc4e7b: leaving unrecorded for a later run to retry.
2026-09-29T21:57:13Z WARNING 1ef1c03c-b4db-4d31-ac6d-2f304a99e543: failed while reading the ElectricalSeries rates (AttributeError: module 'spikeinterface.extractors' has no attribute 'NwbRecordingExtractor')
2026-09-29T21:57:13Z WARNING [98/369] 1ef1c03c-b4db-4d31-ac6d-2f304a99e543: leaving unrecorded for a later run to retry.
2026-09-29T21:57:14Z WARNING 1ef279cf-63c5-4267-8719-eb96ed1a59c0: failed while reading the ElectricalSeries rates (AttributeError: module 'spikeinterface.extractors' has no attribute 'NwbRecordingExtractor')
2026-09-29T21:57:14Z WARNING [99/369] 1ef279cf-63c5-4267-8719-eb96ed1a59c0: leaving unrecorded for a later run to retry.
2026-09-29T21:57:14Z WARNING 1ef2ef62-56ca-4a7e-80b7-b7dcb255cf45: failed while reading the ElectricalSeries rates (AttributeError: module 'spikeinterface.extractors' has no attribute 'NwbRecordingExtractor')
2026-09-29T21:57:14Z WARNING [100/369] 1ef2ef62-56ca-4a7e-80b7-b7dcb255cf45: leaving unrecorded for a later run to retry.
2026-09-29T21:57:14Z INFO [100/369] 1ef2ef62-56ca-4a7e-80b7-b7dcb255cf45: checkpointed 60602 records.
2026-09-29T21:57:14Z WARNING 1ef46b95-1d4d-46c2-b84a-33c4219d58d5: failed while reading the ElectricalSeries rates (AttributeError: module 'spikeinterface.extractors' has no attribute 'NwbRecordingExtractor')
2026-09-29T21:57:14Z WARNING [101/369] 1ef46b95-1d4d-46c2-b84a-33c4219d58d5: leaving unrecorded for a later run to retry.
2026-09-29T21:57:14Z WARNING 1ef496a2-c1f2-4b3f-a2eb-4797e18f7e72: failed while reading the ElectricalSeries rates (AttributeError: module 'spikeinterface.extractors' has no attribute 'NwbRecordingExtractor')
2026-09-29T21:57:14Z WARNING [102/369] 1ef496a2-c1f2-4b3f-a2eb-4797e18f7e72: leaving unrecorded for a later run to retry.
2026-09-29T21:57:14Z WARNING 1ef4ac37-a175-41ec-9902-711933151a42: failed while reading the ElectricalSeries rates (AttributeError: module 'spikeinterface.extractors' has no attribute 'NwbRecordingExtractor')
2026-09-29T21:57:14Z WARNING [103/369] 1ef4ac37-a175-41ec-9902-711933151a42: leaving unrecorded for a later run to retry.
2026-09-29T21:57:14Z WARNING 1ef4f10a-4ffc-4259-8991-f89225af8c21: failed while reading the ElectricalSeries rates (AttributeError: module 'spikeinterface.extractors' has no attribute 'NwbRecordingExtractor')
2026-09-29T21:57:14Z WARNING [104/369] 1ef4f10a-4ffc-4259-8991-f89225af8c21: leaving unrecorded for a later run to retry.
2026-09-29T21:57:14Z WARNING 1ef4f4d1-0fc5-4369-8b68-4fdb19ce0bd0: failed while reading the ElectricalSeries rates (AttributeError: module 'spikeinterface.extractors' has no attribute 'NwbRecordingExtractor')
2026-09-29T21:57:14Z WARNING [105/369] 1ef4f4d1-0fc5-4369-8b68-4fdb19ce0bd0: leaving unrecorded for a later run to retry.
2026-09-29T21:57:14Z WARNING 1ef58070-1505-4d4e-92ac-4bc21a03d713: failed while reading the ElectricalSeries rates (AttributeError: module 'spikeinterface.extractors' has no attribute 'NwbRecordingExtractor')
2026-09-29T21:57:14Z WARNING [106/369] 1ef58070-1505-4d4e-92ac-4bc21a03d713: leaving unrecorded for a later run to retry.
2026-09-29T21:57:14Z WARNING 1ef5fcb3-925e-491a-9604-bb9b4fb624e8: failed while reading the ElectricalSeries rates (AttributeError: module 'spikeinterface.extractors' has no attribute 'NwbRecordingExtractor')
2026-09-29T21:57:14Z WARNING [107/369] 1ef5fcb3-925e-491a-9604-bb9b4fb624e8: leaving unrecorded for a later run to retry.
2026-09-29T21:57:14Z WARNING 1ef6c1fc-7991-4788-87d6-1f2b95dfbfa5: failed while reading the ElectricalSeries rates (AttributeError: module 'spikeinterface.extractors' has no attribute 'NwbRecordingExtractor')
2026-09-29T21:57:14Z WARNING [108/369] 1ef6c1fc-7991-4788-87d6-1f2b95dfbfa5: leaving unrecorded for a later run to retry.
2026-09-29T21:57:14Z WARNING 1ef7639b-097b-4ae8-ab02-e798df4f06e9: failed while reading the ElectricalSeries rates (AttributeError: module 'spikeinterface.extractors' has no attribute 'NwbRecordingExtractor')
2026-09-29T21:57:14Z WARNING [109/369] 1ef7639b-097b-4ae8-ab02-e798df4f06e9: leaving unrecorded for a later run to retry.
2026-09-29T21:57:14Z WARNING 1ef7b5ae-a59b-45ff-9cb2-ecb964ee061c: failed while reading the ElectricalSeries rates (AttributeError: module 'spikeinterface.extractors' has no attribute 'NwbRecordingExtractor')
2026-09-29T21:57:14Z WARNING [110/369] 1ef7b5ae-a59b-45ff-9cb2-ecb964ee061c: leaving unrecorded for a later run to retry.
2026-09-29T21:57:15Z WARNING 1ef7d0b8-aefe-4ccd-aa38-a107dbecc0b9: failed while reading the ElectricalSeries rates (AttributeError: module 'spikeinterface.extractors' has no attribute 'NwbRecordingExtractor')
2026-09-29T21:57:15Z WARNING [111/369] 1ef7d0b8-aefe-4ccd-aa38-a107dbecc0b9: leaving unrecorded for a later run to retry.
2026-09-29T21:57:15Z WARNING 1ef7e5be-6c64-4415-848d-a2f9c05b42e5: failed while reading the ElectricalSeries rates (AttributeError: module 'spikeinterface.extractors' has no attribute 'NwbRecordingExtractor')
2026-09-29T21:57:15Z WARNING [112/369] 1ef7e5be-6c64-4415-848d-a2f9c05b42e5: leaving unrecorded for a later run to retry.
2026-09-29T21:57:15Z WARNING 1ef947b8-700a-47e5-901a-62625b57359f: failed while reading the ElectricalSeries rates (AttributeError: module 'spikeinterface.extractors' has no attribute 'NwbRecordingExtractor')
2026-09-29T21:57:15Z WARNING [113/369] 1ef947b8-700a-47e5-901a-62625b57359f: leaving unrecorded for a later run to retry.
2026-09-29T21:57:15Z WARNING 1efa1ee5-b182-4e46-8fda-d729df1c4e2d: failed while reading the ElectricalSeries rates (AttributeError: module 'spikeinterface.extractors' has no attribute 'NwbRecordingExtractor')
2026-09-29T21:57:15Z WARNING [114/369] 1efa1ee5-b182-4e46-8fda-d729df1c4e2d: leaving unrecorded for a later run to retry.
2026-09-29T21:57:15Z WARNING 1efb329e-a752-4555-9abb-60c83c37d18e: failed while reading the ElectricalSeries rates (AttributeError: module 'spikeinterface.extractors' has no attribute 'NwbRecordingExtractor')
2026-09-29T21:57:15Z WARNING [115/369] 1efb329e-a752-4555-9abb-60c83c37d18e: leaving unrecorded for a later run to retry.
2026-09-29T21:57:15Z WARNING 1efb57d2-6e67-4528-819b-440a40aebb10: failed while reading the ElectricalSeries rates (AttributeError: module 'spikeinterface.extractors' has no attribute 'NwbRecordingExtractor')
2026-09-29T21:57:15Z WARNING [116/369] 1efb57d2-6e67-4528-819b-440a40aebb10: leaving unrecorded for a later run to retry.
2026-09-29T21:57:15Z WARNING 1efc3c1c-ed13-4e19-a887-8073774249e0: failed while reading the ElectricalSeries rates (AttributeError: module 'spikeinterface.extractors' has no attribute 'NwbRecordingExtractor')
2026-09-29T21:57:15Z WARNING [117/369] 1efc3c1c-ed13-4e19-a887-8073774249e0: leaving unrecorded for a later run to retry.
2026-09-29T21:57:15Z WARNING 1efc8317-d4e9-411e-8a79-83311d8146da: failed while reading the ElectricalSeries rates (AttributeError: module 'spikeinterface.extractors' has no attribute 'NwbRecordingExtractor')
2026-09-29T21:57:15Z WARNING [118/369] 1efc8317-d4e9-411e-8a79-83311d8146da: leaving unrecorded for a later run to retry.
2026-09-29T21:57:15Z WARNING 1efdff9f-7ef2-475c-aca9-6e6ca73e1a1a: failed while reading the ElectricalSeries rates (AttributeError: module 'spikeinterface.extractors' has no attribute 'NwbRecordingExtractor')
2026-09-29T21:57:15Z WARNING [119/369] 1efdff9f-7ef2-475c-aca9-6e6ca73e1a1a: leaving unrecorded for a later run to retry.
2026-09-29T21:57:15Z WARNING 1efee0ae-4fe7-46df-9b28-ce36362871cc: failed while reading the ElectricalSeries rates (AttributeError: module 'spikeinterface.extractors' has no attribute 'NwbRecordingExtractor')
2026-09-29T21:57:15Z WARNING [120/369] 1efee0ae-4fe7-46df-9b28-ce36362871cc: leaving unrecorded for a later run to retry.
2026-09-29T21:57:15Z WARNING 1eff8eb1-f061-427e-8e90-e94f9b8b3fa2: failed while reading the ElectricalSeries rates (AttributeError: module 'spikeinterface.extractors' has no attribute 'NwbRecordingExtractor')
2026-09-29T21:57:15Z WARNING [121/369] 1eff8eb1-f061-427e-8e90-e94f9b8b3fa2: leaving unrecorded for a later run to retry.
2026-09-29T21:57:15Z WARNING 1effd55b-f6bc-4cb2-9b36-cb9f86f8f4f1: failed while reading the ElectricalSeries rates (AttributeError: module 'spikeinterface.extractors' has no attribute 'NwbRecordingExtractor')
2026-09-29T21:57:15Z WARNING [122/369] 1effd55b-f6bc-4cb2-9b36-cb9f86f8f4f1: leaving unrecorded for a later run to retry.
2026-09-29T21:57:15Z WARNING 1f00a1ba-4832-48eb-8df5-e2dabde04717: failed while reading the ElectricalSeries rates (AttributeError: module 'spikeinterface.extractors' has no attribute 'NwbRecordingExtractor')
2026-09-29T21:57:15Z WARNING [123/369] 1f00a1ba-4832-48eb-8df5-e2dabde04717: leaving unrecorded for a later run to retry.
2026-09-29T21:57:15Z WARNING 1f036d45-9acc-4c05-a9e3-a86723e161db: failed while reading the ElectricalSeries rates (AttributeError: module 'spikeinterface.extractors' has no attribute 'NwbRecordingExtractor')
2026-09-29T21:57:15Z WARNING [124/369] 1f036d45-9acc-4c05-a9e3-a86723e161db: leaving unrecorded for a later run to retry.
2026-09-29T21:57:16Z WARNING 1f03c7cb-c490-4eea-8e16-da2f16ba4f56: failed while reading the ElectricalSeries rates (AttributeError: module 'spikeinterface.extractors' has no attribute 'NwbRecordingExtractor')
2026-09-29T21:57:16Z WARNING [125/369] 1f03c7cb-c490-4eea-8e16-da2f16ba4f56: leaving unrecorded for a later run to retry.
2026-09-29T21:57:16Z WARNING 1f052baa-fe9c-4a7a-ad73-e4b9eb3fa088: failed while reading the ElectricalSeries rates (AttributeError: module 'spikeinterface.extractors' has no attribute 'NwbRecordingExtractor')
2026-09-29T21:57:16Z WARNING [126/369] 1f052baa-fe9c-4a7a-ad73-e4b9eb3fa088: leaving unrecorded for a later run to retry.
2026-09-29T21:57:16Z WARNING 1f054523-b42f-4181-9706-72f883537d3c: failed while reading the ElectricalSeries rates (AttributeError: module 'spikeinterface.extractors' has no attribute 'NwbRecordingExtractor')
2026-09-29T21:57:16Z WARNING [127/369] 1f054523-b42f-4181-9706-72f883537d3c: leaving unrecorded for a later run to retry.
2026-09-29T21:57:16Z WARNING 1f0551c2-670c-4902-a1aa-b5a05ec402c1: failed while reading the ElectricalSeries rates (AttributeError: module 'spikeinterface.extractors' has no attribute 'NwbRecordingExtractor')
2026-09-29T21:57:16Z WARNING [128/369] 1f0551c2-670c-4902-a1aa-b5a05ec402c1: leaving unrecorded for a later run to retry.
2026-09-29T21:57:16Z WARNING 1f073a5a-fd3a-4788-9de2-45edfc962b75: failed while reading the ElectricalSeries rates (AttributeError: module 'spikeinterface.extractors' has no attribute 'NwbRecordingExtractor')
2026-09-29T21:57:16Z WARNING [129/369] 1f073a5a-fd3a-4788-9de2-45edfc962b75: leaving unrecorded for a later run to retry.
2026-09-29T21:57:16Z WARNING 1f0742a4-47dd-4095-be60-cf23ae8b71e0: failed while reading the ElectricalSeries rates (AttributeError: module 'spikeinterface.extractors' has no attribute 'NwbRecordingExtractor')
2026-09-29T21:57:16Z WARNING [130/369] 1f0742a4-47dd-4095-be60-cf23ae8b71e0: leaving unrecorded for a later run to retry.
2026-09-29T21:57:16Z WARNING 1f078bcb-8849-4b03-8364-cfa26351f1a7: failed while reading the ElectricalSeries rates (AttributeError: module 'spikeinterface.extractors' has no attribute 'NwbRecordingExtractor')
2026-09-29T21:57:16Z WARNING [131/369] 1f078bcb-8849-4b03-8364-cfa26351f1a7: leaving unrecorded for a later run to retry.
2026-09-29T21:57:16Z WARNING 1f078ce3-9cdd-4782-861a-687304725a88: failed while reading the ElectricalSeries rates (AttributeError: module 'spikeinterface.extractors' has no attribute 'NwbRecordingExtractor')
2026-09-29T21:57:16Z WARNING [132/369] 1f078ce3-9cdd-4782-861a-687304725a88: leaving unrecorded for a later run to retry.
2026-09-29T21:57:16Z WARNING 1f08466f-a3ef-4682-922a-1a23f5f5db36: failed while reading the ElectricalSeries rates (AttributeError: module 'spikeinterface.extractors' has no attribute 'NwbRecordingExtractor')
2026-09-29T21:57:16Z WARNING [133/369] 1f08466f-a3ef-4682-922a-1a23f5f5db36: leaving unrecorded for a later run to retry.
2026-09-29T21:57:16Z WARNING 1f0bb7ee-1980-4c3b-9bba-fbb1cf519315: failed while reading the ElectricalSeries rates (AttributeError: module 'spikeinterface.extractors' has no attribute 'NwbRecordingExtractor')
2026-09-29T21:57:16Z WARNING [134/369] 1f0bb7ee-1980-4c3b-9bba-fbb1cf519315: leaving unrecorded for a later run to retry.
2026-09-29T21:57:16Z WARNING 1f0bbeeb-03bf-4ede-b19e-fc69db69e6de: failed while reading the ElectricalSeries rates (AttributeError: module 'spikeinterface.extractors' has no attribute 'NwbRecordingExtractor')
2026-09-29T21:57:16Z WARNING [135/369] 1f0bbeeb-03bf-4ede-b19e-fc69db69e6de: leaving unrecorded for a later run to retry.
2026-09-29T21:57:16Z WARNING 1f0c7189-89ed-40c2-801f-9da96a1b98e9: failed while reading the ElectricalSeries rates (AttributeError: module 'spikeinterface.extractors' has no attribute 'NwbRecordingExtractor')
2026-09-29T21:57:16Z WARNING [136/369] 1f0c7189-89ed-40c2-801f-9da96a1b98e9: leaving unrecorded for a later run to retry.
2026-09-29T21:57:17Z WARNING 1f0cbc43-b217-4674-820b-141806f93a1b: failed while reading the ElectricalSeries rates (AttributeError: module 'spikeinterface.extractors' has no attribute 'NwbRecordingExtractor')
2026-09-29T21:57:17Z WARNING [137/369] 1f0cbc43-b217-4674-820b-141806f93a1b: leaving unrecorded for a later run to retry.
2026-09-29T21:57:17Z WARNING 1f0dd182-ec88-4713-a9dd-777db276680f: failed while reading the ElectricalSeries rates (AttributeError: module 'spikeinterface.extractors' has no attribute 'NwbRecordingExtractor')
2026-09-29T21:57:17Z WARNING [138/369] 1f0dd182-ec88-4713-a9dd-777db276680f: leaving unrecorded for a later run to retry.
2026-09-29T21:57:17Z WARNING 1f0e497f-da52-4a5a-b3ef-5176a1974395: failed while reading the ElectricalSeries rates (AttributeError: module 'spikeinterface.extractors' has no attribute 'NwbRecordingExtractor')
2026-09-29T21:57:17Z WARNING [139/369] 1f0e497f-da52-4a5a-b3ef-5176a1974395: leaving unrecorded for a later run to retry.
2026-09-29T21:57:17Z WARNING 1f104cce-3439-4d0e-86cb-5ccf6bf99e8b: failed while reading the ElectricalSeries rates (AttributeError: module 'spikeinterface.extractors' has no attribute 'NwbRecordingExtractor')
2026-09-29T21:57:17Z WARNING [140/369] 1f104cce-3439-4d0e-86cb-5ccf6bf99e8b: leaving unrecorded for a later run to retry.
2026-09-29T21:57:17Z WARNING 1f104ff9-9da6-47da-a819-7904de395e49: failed while reading the ElectricalSeries rates (AttributeError: module 'spikeinterface.extractors' has no attribute 'NwbRecordingExtractor')
2026-09-29T21:57:17Z WARNING [141/369] 1f104ff9-9da6-47da-a819-7904de395e49: leaving unrecorded for a later run to retry.
2026-09-29T21:57:17Z WARNING 1f11a090-0969-4ec8-9456-35b80c7b811d: failed while reading the ElectricalSeries rates (AttributeError: module 'spikeinterface.extractors' has no attribute 'NwbRecordingExtractor')
2026-09-29T21:57:17Z WARNING [142/369] 1f11a090-0969-4ec8-9456-35b80c7b811d: leaving unrecorded for a later run to retry.
2026-09-29T21:57:17Z WARNING 1f11d3fd-2789-46ab-995d-4ef7030a7119: failed while reading the ElectricalSeries rates (AttributeError: module 'spikeinterface.extractors' has no attribute 'NwbRecordingExtractor')
2026-09-29T21:57:17Z WARNING [143/369] 1f11d3fd-2789-46ab-995d-4ef7030a7119: leaving unrecorded for a later run to retry.
2026-09-29T21:57:17Z WARNING 1f11e677-22d8-4b0e-a29f-00d9de16cb60: failed while reading the ElectricalSeries rates (AttributeError: module 'spikeinterface.extractors' has no attribute 'NwbRecordingExtractor')
2026-09-29T21:57:17Z WARNING [144/369] 1f11e677-22d8-4b0e-a29f-00d9de16cb60: leaving unrecorded for a later run to retry.
2026-09-29T21:57:17Z WARNING 1f11f5c5-d1a9-4e1c-a0c2-7ed042f48fe0: failed while reading the ElectricalSeries rates (AttributeError: module 'spikeinterface.extractors' has no attribute 'NwbRecordingExtractor')
2026-09-29T21:57:17Z WARNING [145/369] 1f11f5c5-d1a9-4e1c-a0c2-7ed042f48fe0: leaving unrecorded for a later run to retry.
2026-09-29T21:57:17Z WARNING 1f122014-6953-4daa-9fab-90fb99d84ced: failed while reading the ElectricalSeries rates (AttributeError: module 'spikeinterface.extractors' has no attribute 'NwbRecordingExtractor')
2026-09-29T21:57:17Z WARNING [146/369] 1f122014-6953-4daa-9fab-90fb99d84ced: leaving unrecorded for a later run to retry.
2026-09-29T21:57:17Z WARNING 1f12f6e6-fa9c-4316-972b-8fc2c63da918: failed while reading the ElectricalSeries rates (AttributeError: module 'spikeinterface.extractors' has no attribute 'NwbRecordingExtractor')
2026-09-29T21:57:17Z WARNING [147/369] 1f12f6e6-fa9c-4316-972b-8fc2c63da918: leaving unrecorded for a later run to retry.
2026-09-29T21:57:17Z WARNING 1f1364f1-0c76-4bf7-bb6b-478ceffbcb3e: failed while reading the ElectricalSeries rates (AttributeError: module 'spikeinterface.extractors' has no attribute 'NwbRecordingExtractor')
2026-09-29T21:57:17Z WARNING [148/369] 1f1364f1-0c76-4bf7-bb6b-478ceffbcb3e: leaving unrecorded for a later run to retry.
2026-09-29T21:57:17Z WARNING 1f13a76a-8f50-4266-8188-f088fa526200: failed while reading the ElectricalSeries rates (AttributeError: module 'spikeinterface.extractors' has no attribute 'NwbRecordingExtractor')
2026-09-29T21:57:17Z WARNING [149/369] 1f13a76a-8f50-4266-8188-f088fa526200: leaving unrecorded for a later run to retry.
2026-09-29T21:57:17Z WARNING 1f13e571-0597-4550-812e-c195864ca03b: failed while reading the ElectricalSeries rates (AttributeError: module 'spikeinterface.extractors' has no attribute 'NwbRecordingExtractor')
2026-09-29T21:57:17Z WARNING [150/369] 1f13e571-0597-4550-812e-c195864ca03b: leaving unrecorded for a later run to retry.
2026-09-29T21:57:17Z INFO [150/369] 1f13e571-0597-4550-812e-c195864ca03b: checkpointed 60602 records.
2026-09-29T21:57:18Z WARNING 1f1400a1-25a1-47cb-9bbe-b2c47a452c83: failed while reading the ElectricalSeries rates (AttributeError: module 'spikeinterface.extractors' has no attribute 'NwbRecordingExtractor')
2026-09-29T21:57:18Z WARNING [151/369] 1f1400a1-25a1-47cb-9bbe-b2c47a452c83: leaving unrecorded for a later run to retry.
2026-09-29T21:57:18Z WARNING 1f140cfc-7667-4627-a0f5-b3e0048dc009: failed while reading the ElectricalSeries rates (AttributeError: module 'spikeinterface.extractors' has no attribute 'NwbRecordingExtractor')
2026-09-29T21:57:18Z WARNING [152/369] 1f140cfc-7667-4627-a0f5-b3e0048dc009: leaving unrecorded for a later run to retry.
2026-09-29T21:57:18Z WARNING 1f1431c3-3fd5-4baf-a70e-a8653fe2b7d2: failed while reading the ElectricalSeries rates (AttributeError: module 'spikeinterface.extractors' has no attribute 'NwbRecordingExtractor')
2026-09-29T21:57:18Z WARNING [153/369] 1f1431c3-3fd5-4baf-a70e-a8653fe2b7d2: leaving unrecorded for a later run to retry.
2026-09-29T21:57:18Z WARNING 1f14946b-1cbe-4d52-970d-9666d4cd49aa: failed while reading the ElectricalSeries rates (AttributeError: module 'spikeinterface.extractors' has no attribute 'NwbRecordingExtractor')
2026-09-29T21:57:18Z WARNING [154/369] 1f14946b-1cbe-4d52-970d-9666d4cd49aa: leaving unrecorded for a later run to retry.
2026-09-29T21:57:18Z WARNING 1f15aea3-9aa1-4d6e-9000-342834ac2d49: failed while reading the ElectricalSeries rates (AttributeError: module 'spikeinterface.extractors' has no attribute 'NwbRecordingExtractor')
2026-09-29T21:57:18Z WARNING [155/369] 1f15aea3-9aa1-4d6e-9000-342834ac2d49: leaving unrecorded for a later run to retry.
2026-09-29T21:57:18Z WARNING 1f166033-0395-426b-9035-c8f333610c44: failed while reading the ElectricalSeries rates (AttributeError: module 'spikeinterface.extractors' has no attribute 'NwbRecordingExtractor')
2026-09-29T21:57:18Z WARNING [156/369] 1f166033-0395-426b-9035-c8f333610c44: leaving unrecorded for a later run to retry.
2026-09-29T21:57:18Z WARNING 1f1676fb-a365-4fcf-af30-fc2f60a7096d: failed while reading the ElectricalSeries rates (AttributeError: module 'spikeinterface.extractors' has no attribute 'NwbRecordingExtractor')
2026-09-29T21:57:18Z WARNING [157/369] 1f1676fb-a365-4fcf-af30-fc2f60a7096d: leaving unrecorded for a later run to retry.
2026-09-29T21:57:18Z WARNING 1f1713c2-ee52-4adc-a052-10fa157dd036: failed while reading the ElectricalSeries rates (AttributeError: module 'spikeinterface.extractors' has no attribute 'NwbRecordingExtractor')
2026-09-29T21:57:18Z WARNING [158/369] 1f1713c2-ee52-4adc-a052-10fa157dd036: leaving unrecorded for a later run to retry.
2026-09-29T21:57:18Z WARNING 1f1717f9-a604-43e9-8861-a01a08b5e260: failed while reading the ElectricalSeries rates (AttributeError: module 'spikeinterface.extractors' has no attribute 'NwbRecordingExtractor')
2026-09-29T21:57:18Z WARNING [159/369] 1f1717f9-a604-43e9-8861-a01a08b5e260: leaving unrecorded for a later run to retry.
2026-09-29T21:57:18Z WARNING 1f173517-89e5-4410-8e81-d652358671cf: failed while reading the ElectricalSeries rates (AttributeError: module 'spikeinterface.extractors' has no attribute 'NwbRecordingExtractor')
2026-09-29T21:57:18Z WARNING [160/369] 1f173517-89e5-4410-8e81-d652358671cf: leaving unrecorded for a later run to retry.
2026-09-29T21:57:18Z WARNING 1f180681-56f6-45a1-b849-dc0f50e895f1: failed while reading the ElectricalSeries rates (AttributeError: module 'spikeinterface.extractors' has no attribute 'NwbRecordingExtractor')
2026-09-29T21:57:18Z WARNING [161/369] 1f180681-56f6-45a1-b849-dc0f50e895f1: leaving unrecorded for a later run to retry.
2026-09-29T21:57:18Z WARNING 1f185939-ab39-49fb-a44d-b28dd5fe052d: failed while reading the ElectricalSeries rates (AttributeError: module 'spikeinterface.extractors' has no attribute 'NwbRecordingExtractor')
2026-09-29T21:57:18Z WARNING [162/369] 1f185939-ab39-49fb-a44d-b28dd5fe052d: leaving unrecorded for a later run to retry.
2026-09-29T21:57:18Z WARNING 1f18c002-ccd9-43a0-9822-523536f8aa86: failed while reading the ElectricalSeries rates (AttributeError: module 'spikeinterface.extractors' has no attribute 'NwbRecordingExtractor')
2026-09-29T21:57:18Z WARNING [163/369] 1f18c002-ccd9-43a0-9822-523536f8aa86: leaving unrecorded for a later run to retry.
2026-09-29T21:57:18Z WARNING 1f19652b-b665-4e4e-972a-40486eeb0d55: failed while reading the ElectricalSeries rates (AttributeError: module 'spikeinterface.extractors' has no attribute 'NwbRecordingExtractor')
2026-09-29T21:57:18Z WARNING [164/369] 1f19652b-b665-4e4e-972a-40486eeb0d55: leaving unrecorded for a later run to retry.
2026-09-29T21:57:18Z WARNING 1f196d7b-4c8c-4d22-bc2e-d464830619a4: failed while reading the ElectricalSeries rates (AttributeError: module 'spikeinterface.extractors' has no attribute 'NwbRecordingExtractor')
2026-09-29T21:57:18Z WARNING [165/369] 1f196d7b-4c8c-4d22-bc2e-d464830619a4: leaving unrecorded for a later run to retry.
2026-09-29T21:57:18Z WARNING 1f197211-d613-4d68-a5bf-59685b717568: failed while reading the ElectricalSeries rates (AttributeError: module 'spikeinterface.extractors' has no attribute 'NwbRecordingExtractor')
2026-09-29T21:57:18Z WARNING [166/369] 1f197211-d613-4d68-a5bf-59685b717568: leaving unrecorded for a later run to retry.
2026-09-29T21:57:18Z WARNING 1f1a812d-db4e-4a89-8de8-ca65356be222: failed while reading the ElectricalSeries rates (AttributeError: module 'spikeinterface.extractors' has no attribute 'NwbRecordingExtractor')
2026-09-29T21:57:18Z WARNING [167/369] 1f1a812d-db4e-4a89-8de8-ca65356be222: leaving unrecorded for a later run to retry.
2026-09-29T21:57:19Z WARNING 1f1b0858-9cc4-4db9-86aa-f5e25b6901a6: failed while reading the ElectricalSeries rates (AttributeError: module 'spikeinterface.extractors' has no attribute 'NwbRecordingExtractor')
2026-09-29T21:57:19Z WARNING [168/369] 1f1b0858-9cc4-4db9-86aa-f5e25b6901a6: leaving unrecorded for a later run to retry.
2026-09-29T21:57:19Z WARNING 1f1b8dbd-3fc5-4e28-ae19-ced9657f0153: failed while reading the ElectricalSeries rates (AttributeError: module 'spikeinterface.extractors' has no attribute 'NwbRecordingExtractor')
2026-09-29T21:57:19Z WARNING [169/369] 1f1b8dbd-3fc5-4e28-ae19-ced9657f0153: leaving unrecorded for a later run to retry.
2026-09-29T21:57:19Z WARNING 1f1c86d7-7bc9-486a-9e15-dfd13d0d8a77: failed while reading the ElectricalSeries rates (AttributeError: module 'spikeinterface.extractors' has no attribute 'NwbRecordingExtractor')
2026-09-29T21:57:19Z WARNING [170/369] 1f1c86d7-7bc9-486a-9e15-dfd13d0d8a77: leaving unrecorded for a later run to retry.
2026-09-29T21:57:19Z WARNING 1f1d6582-c9e0-4a8d-89bd-3671b4966e6e: failed while reading the ElectricalSeries rates (AttributeError: module 'spikeinterface.extractors' has no attribute 'NwbRecordingExtractor')
2026-09-29T21:57:19Z WARNING [171/369] 1f1d6582-c9e0-4a8d-89bd-3671b4966e6e: leaving unrecorded for a later run to retry.
2026-09-29T21:57:19Z WARNING 1f1dc382-cb2f-4ccb-897d-ae434d6213cc: failed while reading the ElectricalSeries rates (AttributeError: module 'spikeinterface.extractors' has no attribute 'NwbRecordingExtractor')
2026-09-29T21:57:19Z WARNING [172/369] 1f1dc382-cb2f-4ccb-897d-ae434d6213cc: leaving unrecorded for a later run to retry.
2026-09-29T21:57:19Z WARNING 1f1e70bd-405c-4a73-9a39-08c21f5a4c8f: failed while reading the ElectricalSeries rates (AttributeError: module 'spikeinterface.extractors' has no attribute 'NwbRecordingExtractor')
2026-09-29T21:57:19Z WARNING [173/369] 1f1e70bd-405c-4a73-9a39-08c21f5a4c8f: leaving unrecorded for a later run to retry.
2026-09-29T21:57:19Z WARNING 1f1e7443-15ce-46d0-bc39-cbd39f34a341: failed while reading the ElectricalSeries rates (AttributeError: module 'spikeinterface.extractors' has no attribute 'NwbRecordingExtractor')
2026-09-29T21:57:19Z WARNING [174/369] 1f1e7443-15ce-46d0-bc39-cbd39f34a341: leaving unrecorded for a later run to retry.
2026-09-29T21:57:19Z WARNING 1f1eb98f-52dd-4602-a8c3-1ccf928eb179: failed while reading the ElectricalSeries rates (AttributeError: module 'spikeinterface.extractors' has no attribute 'NwbRecordingExtractor')
2026-09-29T21:57:19Z WARNING [175/369] 1f1eb98f-52dd-4602-a8c3-1ccf928eb179: leaving unrecorded for a later run to retry.
2026-09-29T21:57:19Z WARNING 1f1f95e5-9251-4314-ab69-0f7ae8c6ae66: failed while reading the ElectricalSeries rates (AttributeError: module 'spikeinterface.extractors' has no attribute 'NwbRecordingExtractor')
2026-09-29T21:57:19Z WARNING [176/369] 1f1f95e5-9251-4314-ab69-0f7ae8c6ae66: leaving unrecorded for a later run to retry.
2026-09-29T21:57:19Z WARNING 1f1fade9-b502-47dc-8607-fbf4dabe1b70: failed while reading the ElectricalSeries rates (AttributeError: module 'spikeinterface.extractors' has no attribute 'NwbRecordingExtractor')
2026-09-29T21:57:19Z WARNING [177/369] 1f1fade9-b502-47dc-8607-fbf4dabe1b70: leaving unrecorded for a later run to retry.
2026-09-29T21:57:19Z WARNING 1f1fb04a-9493-47c2-a08c-240cb08caaae: failed while reading the ElectricalSeries rates (AttributeError: module 'spikeinterface.extractors' has no attribute 'NwbRecordingExtractor')
2026-09-29T21:57:19Z WARNING [178/369] 1f1fb04a-9493-47c2-a08c-240cb08caaae: leaving unrecorded for a later run to retry.
2026-09-29T21:57:19Z WARNING 1f1ffddd-45ee-4d7e-8edf-88c048defc34: failed while reading the ElectricalSeries rates (AttributeError: module 'spikeinterface.extractors' has no attribute 'NwbRecordingExtractor')
2026-09-29T21:57:19Z WARNING [179/369] 1f1ffddd-45ee-4d7e-8edf-88c048defc34: leaving unrecorded for a later run to retry.
2026-09-29T21:57:19Z WARNING 1f2040a1-6c79-4469-b266-1db1310b470e: failed while reading the ElectricalSeries rates (AttributeError: module 'spikeinterface.extractors' has no attribute 'NwbRecordingExtractor')
2026-09-29T21:57:19Z WARNING [180/369] 1f2040a1-6c79-4469-b266-1db1310b470e: leaving unrecorded for a later run to retry.
2026-09-29T21:57:20Z WARNING 1f20459b-3586-49ce-b41a-29a209cea01f: failed while reading the ElectricalSeries rates (AttributeError: module 'spikeinterface.extractors' has no attribute 'NwbRecordingExtractor')
2026-09-29T21:57:20Z WARNING [181/369] 1f20459b-3586-49ce-b41a-29a209cea01f: leaving unrecorded for a later run to retry.
2026-09-29T21:57:20Z WARNING 1f20e821-2bf8-4aed-a1df-b22dc94523b1: failed while reading the ElectricalSeries rates (AttributeError: module 'spikeinterface.extractors' has no attribute 'NwbRecordingExtractor')
2026-09-29T21:57:20Z WARNING [182/369] 1f20e821-2bf8-4aed-a1df-b22dc94523b1: leaving unrecorded for a later run to retry.
2026-09-29T21:57:20Z WARNING 1f20ef73-d72d-444d-b975-c83391989687: failed while reading the ElectricalSeries rates (AttributeError: module 'spikeinterface.extractors' has no attribute 'NwbRecordingExtractor')
2026-09-29T21:57:20Z WARNING [183/369] 1f20ef73-d72d-444d-b975-c83391989687: leaving unrecorded for a later run to retry.
2026-09-29T21:57:20Z WARNING 1f210859-d143-4401-9f3b-2de624f47681: failed while reading the ElectricalSeries rates (AttributeError: module 'spikeinterface.extractors' has no attribute 'NwbRecordingExtractor')
2026-09-29T21:57:20Z WARNING [184/369] 1f210859-d143-4401-9f3b-2de624f47681: leaving unrecorded for a later run to retry.
2026-09-29T21:57:20Z WARNING 1f216af9-8141-4c72-9499-f26bdea6ad48: failed while reading the ElectricalSeries rates (AttributeError: module 'spikeinterface.extractors' has no attribute 'NwbRecordingExtractor')
2026-09-29T21:57:20Z WARNING [185/369] 1f216af9-8141-4c72-9499-f26bdea6ad48: leaving unrecorded for a later run to retry.
2026-09-29T21:57:20Z WARNING 1f224ead-2be0-4cb8-afea-b746444ac132: failed while reading the ElectricalSeries rates (AttributeError: module 'spikeinterface.extractors' has no attribute 'NwbRecordingExtractor')
2026-09-29T21:57:20Z WARNING [186/369] 1f224ead-2be0-4cb8-afea-b746444ac132: leaving unrecorded for a later run to retry.
2026-09-29T21:57:20Z WARNING 1f227963-4faf-4fba-b389-8bf0f5808bf3: failed while reading the ElectricalSeries rates (AttributeError: module 'spikeinterface.extractors' has no attribute 'NwbRecordingExtractor')
2026-09-29T21:57:20Z WARNING [187/369] 1f227963-4faf-4fba-b389-8bf0f5808bf3: leaving unrecorded for a later run to retry.
2026-09-29T21:57:20Z WARNING 1f22b882-965f-4af1-8648-b223d4e9935b: failed while reading the ElectricalSeries rates (AttributeError: module 'spikeinterface.extractors' has no attribute 'NwbRecordingExtractor')
2026-09-29T21:57:20Z WARNING [188/369] 1f22b882-965f-4af1-8648-b223d4e9935b: leaving unrecorded for a later run to retry.
2026-09-29T21:57:20Z WARNING 1f23bfdd-b55d-405b-a2e4-15277d364014: failed while reading the ElectricalSeries rates (AttributeError: module 'spikeinterface.extractors' has no attribute 'NwbRecordingExtractor')
2026-09-29T21:57:20Z WARNING [189/369] 1f23bfdd-b55d-405b-a2e4-15277d364014: leaving unrecorded for a later run to retry.
2026-09-29T21:57:20Z WARNING 1f248b52-448c-4e8c-9ebe-2384d9a1f0f2: failed while reading the ElectricalSeries rates (AttributeError: module 'spikeinterface.extractors' has no attribute 'NwbRecordingExtractor')
2026-09-29T21:57:20Z WARNING [190/369] 1f248b52-448c-4e8c-9ebe-2384d9a1f0f2: leaving unrecorded for a later run to retry.
2026-09-29T21:57:20Z WARNING 1f24a3c7-1086-4127-8586-7d65a9c168b4: failed while reading the ElectricalSeries rates (AttributeError: module 'spikeinterface.extractors' has no attribute 'NwbRecordingExtractor')
2026-09-29T21:57:20Z WARNING [191/369] 1f24a3c7-1086-4127-8586-7d65a9c168b4: leaving unrecorded for a later run to retry.
2026-09-29T21:57:20Z WARNING 1f24b760-4458-4f69-b22a-3fb729142340: failed while reading the ElectricalSeries rates (AttributeError: module 'spikeinterface.extractors' has no attribute 'NwbRecordingExtractor')
2026-09-29T21:57:20Z WARNING [192/369] 1f24b760-4458-4f69-b22a-3fb729142340: leaving unrecorded for a later run to retry.
2026-09-29T21:57:20Z WARNING 1f25bb50-0a94-46e2-b239-da58ac3d6926: failed while reading the ElectricalSeries rates (AttributeError: module 'spikeinterface.extractors' has no attribute 'NwbRecordingExtractor')
2026-09-29T21:57:20Z WARNING [193/369] 1f25bb50-0a94-46e2-b239-da58ac3d6926: leaving unrecorded for a later run to retry.
2026-09-29T21:57:20Z WARNING 1f25d3f8-b600-40cd-989b-8778a1693889: failed while reading the ElectricalSeries rates (AttributeError: module 'spikeinterface.extractors' has no attribute 'NwbRecordingExtractor')
2026-09-29T21:57:20Z WARNING [194/369] 1f25d3f8-b600-40cd-989b-8778a1693889: leaving unrecorded for a later run to retry.
2026-09-29T21:57:20Z WARNING 1f26bd43-7418-41c4-b7f9-45288953e364: failed while reading the ElectricalSeries rates (AttributeError: module 'spikeinterface.extractors' has no attribute 'NwbRecordingExtractor')
2026-09-29T21:57:20Z WARNING [195/369] 1f26bd43-7418-41c4-b7f9-45288953e364: leaving unrecorded for a later run to retry.
2026-09-29T21:57:20Z WARNING 1f283dae-c333-422f-a913-1d53831bdbde: failed while reading the ElectricalSeries rates (AttributeError: module 'spikeinterface.extractors' has no attribute 'NwbRecordingExtractor')
2026-09-29T21:57:20Z WARNING [196/369] 1f283dae-c333-422f-a913-1d53831bdbde: leaving unrecorded for a later run to retry.
2026-09-29T21:57:21Z WARNING 1f287143-a7ce-409a-8678-17b8c355a414: failed while reading the ElectricalSeries rates (AttributeError: module 'spikeinterface.extractors' has no attribute 'NwbRecordingExtractor')
2026-09-29T21:57:21Z WARNING [197/369] 1f287143-a7ce-409a-8678-17b8c355a414: leaving unrecorded for a later run to retry.
2026-09-29T21:57:21Z WARNING 1f28c9c8-4963-4aec-a82f-820312862ee1: failed while reading the ElectricalSeries rates (AttributeError: module 'spikeinterface.extractors' has no attribute 'NwbRecordingExtractor')
2026-09-29T21:57:21Z WARNING [198/369] 1f28c9c8-4963-4aec-a82f-820312862ee1: leaving unrecorded for a later run to retry.
2026-09-29T21:57:21Z WARNING 1f28f495-854f-48e3-aad0-80e05484d5cb: failed while reading the ElectricalSeries rates (AttributeError: module 'spikeinterface.extractors' has no attribute 'NwbRecordingExtractor')
2026-09-29T21:57:21Z WARNING [199/369] 1f28f495-854f-48e3-aad0-80e05484d5cb: leaving unrecorded for a later run to retry.
2026-09-29T21:57:21Z WARNING 1f2920f6-1e50-41d5-965b-729842380062: failed while reading the ElectricalSeries rates (AttributeError: module 'spikeinterface.extractors' has no attribute 'NwbRecordingExtractor')
2026-09-29T21:57:21Z WARNING [200/369] 1f2920f6-1e50-41d5-965b-729842380062: leaving unrecorded for a later run to retry.
2026-09-29T21:57:21Z INFO [200/369] 1f2920f6-1e50-41d5-965b-729842380062: checkpointed 60602 records.
2026-09-29T21:57:21Z WARNING 1f2a2557-04f1-493c-9238-2571ef6e61d4: failed while reading the ElectricalSeries rates (AttributeError: module 'spikeinterface.extractors' has no attribute 'NwbRecordingExtractor')
2026-09-29T21:57:21Z WARNING [201/369] 1f2a2557-04f1-493c-9238-2571ef6e61d4: leaving unrecorded for a later run to retry.
2026-09-29T21:57:21Z WARNING 1f2aa2ad-8902-4abe-bf69-3b8451077384: failed while reading the ElectricalSeries rates (AttributeError: module 'spikeinterface.extractors' has no attribute 'NwbRecordingExtractor')
2026-09-29T21:57:21Z WARNING [202/369] 1f2aa2ad-8902-4abe-bf69-3b8451077384: leaving unrecorded for a later run to retry.
2026-09-29T21:57:21Z WARNING 1f2ae3b3-c509-447f-8daf-03d2405f29f8: failed while reading the ElectricalSeries rates (AttributeError: module 'spikeinterface.extractors' has no attribute 'NwbRecordingExtractor')
2026-09-29T21:57:21Z WARNING [203/369] 1f2ae3b3-c509-447f-8daf-03d2405f29f8: leaving unrecorded for a later run to retry.
2026-09-29T21:57:21Z WARNING 1f2af7ec-66db-49a0-822a-9981bd78adc7: failed while reading the ElectricalSeries rates (AttributeError: module 'spikeinterface.extractors' has no attribute 'NwbRecordingExtractor')
2026-09-29T21:57:21Z WARNING [204/369] 1f2af7ec-66db-49a0-822a-9981bd78adc7: leaving unrecorded for a later run to retry.
2026-09-29T21:57:21Z WARNING 1f2b1fae-ecbb-413c-a9f9-95ad5fb3ccec: failed while reading the ElectricalSeries rates (AttributeError: module 'spikeinterface.extractors' has no attribute 'NwbRecordingExtractor')
2026-09-29T21:57:21Z WARNING [205/369] 1f2b1fae-ecbb-413c-a9f9-95ad5fb3ccec: leaving unrecorded for a later run to retry.
2026-09-29T21:57:21Z WARNING 1f2ce6ee-a747-46c1-9edc-53b19c483d99: failed while reading the ElectricalSeries rates (AttributeError: module 'spikeinterface.extractors' has no attribute 'NwbRecordingExtractor')
2026-09-29T21:57:21Z WARNING [206/369] 1f2ce6ee-a747-46c1-9edc-53b19c483d99: leaving unrecorded for a later run to retry.
2026-09-29T21:57:21Z WARNING 1f2d2c99-a613-44cf-8c61-17826e34b2e6: failed while reading the ElectricalSeries rates (AttributeError: module 'spikeinterface.extractors' has no attribute 'NwbRecordingExtractor')
2026-09-29T21:57:21Z WARNING [207/369] 1f2d2c99-a613-44cf-8c61-17826e34b2e6: leaving unrecorded for a later run to retry.
2026-09-29T21:57:21Z WARNING 1f2d3e92-ce8b-4204-81a0-72ab4f4e541d: failed while reading the ElectricalSeries rates (AttributeError: module 'spikeinterface.extractors' has no attribute 'NwbRecordingExtractor')
2026-09-29T21:57:21Z WARNING [208/369] 1f2d3e92-ce8b-4204-81a0-72ab4f4e541d: leaving unrecorded for a later run to retry.
2026-09-29T21:57:22Z WARNING 1f2d4edc-1f35-4914-bf94-51f546b24e00: failed while reading the ElectricalSeries rates (AttributeError: module 'spikeinterface.extractors' has no attribute 'NwbRecordingExtractor')
2026-09-29T21:57:22Z WARNING [209/369] 1f2d4edc-1f35-4914-bf94-51f546b24e00: leaving unrecorded for a later run to retry.
2026-09-29T21:57:22Z WARNING 1f2dd58c-1388-4916-b1f0-5413d81f71d6: failed while reading the ElectricalSeries rates (AttributeError: module 'spikeinterface.extractors' has no attribute 'NwbRecordingExtractor')
2026-09-29T21:57:22Z WARNING [210/369] 1f2dd58c-1388-4916-b1f0-5413d81f71d6: leaving unrecorded for a later run to retry.
2026-09-29T21:57:22Z WARNING 1f2e8b07-a680-4480-8144-5f4f63840a63: failed while reading the ElectricalSeries rates (AttributeError: module 'spikeinterface.extractors' has no attribute 'NwbRecordingExtractor')
2026-09-29T21:57:22Z WARNING [211/369] 1f2e8b07-a680-4480-8144-5f4f63840a63: leaving unrecorded for a later run to retry.
2026-09-29T21:57:22Z WARNING 1f2f740a-11eb-4103-827d-1a38db50fe1a: failed while reading the ElectricalSeries rates (AttributeError: module 'spikeinterface.extractors' has no attribute 'NwbRecordingExtractor')
2026-09-29T21:57:22Z WARNING [212/369] 1f2f740a-11eb-4103-827d-1a38db50fe1a: leaving unrecorded for a later run to retry.
2026-09-29T21:57:22Z WARNING 1f2f9cd0-2f8d-46c1-81bd-e8ed741663c8: failed while reading the ElectricalSeries rates (AttributeError: module 'spikeinterface.extractors' has no attribute 'NwbRecordingExtractor')
2026-09-29T21:57:22Z WARNING [213/369] 1f2f9cd0-2f8d-46c1-81bd-e8ed741663c8: leaving unrecorded for a later run to retry.
2026-09-29T21:57:22Z WARNING 1f301124-fd40-45c2-b7f2-41d180860bf5: failed while reading the ElectricalSeries rates (AttributeError: module 'spikeinterface.extractors' has no attribute 'NwbRecordingExtractor')
2026-09-29T21:57:22Z WARNING [214/369] 1f301124-fd40-45c2-b7f2-41d180860bf5: leaving unrecorded for a later run to retry.
2026-09-29T21:57:22Z WARNING 1f3094a6-c74b-4213-8045-5573c31910cf: failed while reading the ElectricalSeries rates (AttributeError: module 'spikeinterface.extractors' has no attribute 'NwbRecordingExtractor')
2026-09-29T21:57:22Z WARNING [215/369] 1f3094a6-c74b-4213-8045-5573c31910cf: leaving unrecorded for a later run to retry.
2026-09-29T21:57:22Z WARNING 1f31f1c0-cdef-436a-9092-56dc6f5a43b6: failed while reading the ElectricalSeries rates (AttributeError: module 'spikeinterface.extractors' has no attribute 'NwbRecordingExtractor')
2026-09-29T21:57:22Z WARNING [216/369] 1f31f1c0-cdef-436a-9092-56dc6f5a43b6: leaving unrecorded for a later run to retry.
2026-09-29T21:57:22Z WARNING 1f321ba3-76cf-41bf-8450-277ad70b7afe: failed while reading the ElectricalSeries rates (AttributeError: module 'spikeinterface.extractors' has no attribute 'NwbRecordingExtractor')
2026-09-29T21:57:22Z WARNING [217/369] 1f321ba3-76cf-41bf-8450-277ad70b7afe: leaving unrecorded for a later run to retry.
2026-09-29T21:57:22Z WARNING 1f33ec3a-f39d-41ef-9c6b-184863d8c186: failed while reading the ElectricalSeries rates (AttributeError: module 'spikeinterface.extractors' has no attribute 'NwbRecordingExtractor')
2026-09-29T21:57:22Z WARNING [218/369] 1f33ec3a-f39d-41ef-9c6b-184863d8c186: leaving unrecorded for a later run to retry.
2026-09-29T21:57:22Z WARNING 1f33f5bb-fd39-48a9-b4df-c0b2566c13ad: failed while reading the ElectricalSeries rates (AttributeError: module 'spikeinterface.extractors' has no attribute 'NwbRecordingExtractor')
2026-09-29T21:57:22Z WARNING [219/369] 1f33f5bb-fd39-48a9-b4df-c0b2566c13ad: leaving unrecorded for a later run to retry.
2026-09-29T21:57:22Z WARNING 1f34c520-4113-4a92-ac05-e7063602feb4: failed while reading the ElectricalSeries rates (AttributeError: module 'spikeinterface.extractors' has no attribute 'NwbRecordingExtractor')
2026-09-29T21:57:22Z WARNING [220/369] 1f34c520-4113-4a92-ac05-e7063602feb4: leaving unrecorded for a later run to retry.
2026-09-29T21:57:22Z WARNING 1f34ec26-5cb6-40e0-9f5e-cc2082d05371: failed while reading the ElectricalSeries rates (AttributeError: module 'spikeinterface.extractors' has no attribute 'NwbRecordingExtractor')
2026-09-29T21:57:22Z WARNING [221/369] 1f34ec26-5cb6-40e0-9f5e-cc2082d05371: leaving unrecorded for a later run to retry.
2026-09-29T21:57:22Z WARNING 1f35d4ed-4505-46e4-a336-cbb4700da748: failed while reading the ElectricalSeries rates (AttributeError: module 'spikeinterface.extractors' has no attribute 'NwbRecordingExtractor')
2026-09-29T21:57:22Z WARNING [222/369] 1f35d4ed-4505-46e4-a336-cbb4700da748: leaving unrecorded for a later run to retry.
2026-09-29T21:57:22Z WARNING 1f35ff36-797b-487d-8d47-73b96445051d: failed while reading the ElectricalSeries rates (AttributeError: module 'spikeinterface.extractors' has no attribute 'NwbRecordingExtractor')
2026-09-29T21:57:22Z WARNING [223/369] 1f35ff36-797b-487d-8d47-73b96445051d: leaving unrecorded for a later run to retry.
2026-09-29T21:57:22Z WARNING 1f36bc8c-34dd-45e7-befc-cb0fe7d6afe1: failed while reading the ElectricalSeries rates (AttributeError: module 'spikeinterface.extractors' has no attribute 'NwbRecordingExtractor')
2026-09-29T21:57:22Z WARNING [224/369] 1f36bc8c-34dd-45e7-befc-cb0fe7d6afe1: leaving unrecorded for a later run to retry.
2026-09-29T21:57:23Z WARNING 1f36d54a-cf61-4e49-91f3-c70a24315d88: failed while reading the ElectricalSeries rates (AttributeError: module 'spikeinterface.extractors' has no attribute 'NwbRecordingExtractor')
2026-09-29T21:57:23Z WARNING [225/369] 1f36d54a-cf61-4e49-91f3-c70a24315d88: leaving unrecorded for a later run to retry.
2026-09-29T21:57:23Z WARNING 1f379238-0cac-4a00-bd4e-3987d45f3ff0: failed while reading the ElectricalSeries rates (AttributeError: module 'spikeinterface.extractors' has no attribute 'NwbRecordingExtractor')
2026-09-29T21:57:23Z WARNING [226/369] 1f379238-0cac-4a00-bd4e-3987d45f3ff0: leaving unrecorded for a later run to retry.
2026-09-29T21:57:23Z WARNING 1f37d633-b6e5-4722-ba97-e505e4dfb22a: failed while reading the ElectricalSeries rates (AttributeError: module 'spikeinterface.extractors' has no attribute 'NwbRecordingExtractor')
2026-09-29T21:57:23Z WARNING [227/369] 1f37d633-b6e5-4722-ba97-e505e4dfb22a: leaving unrecorded for a later run to retry.
2026-09-29T21:57:23Z WARNING 1f38a888-2620-4575-b540-4e83bad272b7: failed while reading the ElectricalSeries rates (AttributeError: module 'spikeinterface.extractors' has no attribute 'NwbRecordingExtractor')
2026-09-29T21:57:23Z WARNING [228/369] 1f38a888-2620-4575-b540-4e83bad272b7: leaving unrecorded for a later run to retry.
2026-09-29T21:57:23Z WARNING 1f394062-99f3-4915-a72e-c28e833c1e86: failed while reading the ElectricalSeries rates (AttributeError: module 'spikeinterface.extractors' has no attribute 'NwbRecordingExtractor')
2026-09-29T21:57:23Z WARNING [229/369] 1f394062-99f3-4915-a72e-c28e833c1e86: leaving unrecorded for a later run to retry.
2026-09-29T21:57:23Z WARNING 1f3a00cf-f9c3-416d-9b40-c41e2fdd5926: failed while reading the ElectricalSeries rates (AttributeError: module 'spikeinterface.extractors' has no attribute 'NwbRecordingExtractor')
2026-09-29T21:57:23Z WARNING [230/369] 1f3a00cf-f9c3-416d-9b40-c41e2fdd5926: leaving unrecorded for a later run to retry.
2026-09-29T21:57:23Z WARNING 1f3a6b21-2afb-4f89-9709-ec20e8980561: failed while reading the ElectricalSeries rates (AttributeError: module 'spikeinterface.extractors' has no attribute 'NwbRecordingExtractor')
2026-09-29T21:57:23Z WARNING [231/369] 1f3a6b21-2afb-4f89-9709-ec20e8980561: leaving unrecorded for a later run to retry.
2026-09-29T21:57:23Z WARNING 1f3b0c48-c3a0-4d01-bb90-8b2c75857e9f: failed while reading the ElectricalSeries rates (AttributeError: module 'spikeinterface.extractors' has no attribute 'NwbRecordingExtractor')
2026-09-29T21:57:23Z WARNING [232/369] 1f3b0c48-c3a0-4d01-bb90-8b2c75857e9f: leaving unrecorded for a later run to retry.
2026-09-29T21:57:23Z WARNING 1f3bb135-77f4-4095-9d74-cd00b18dbd95: failed while reading the ElectricalSeries rates (AttributeError: module 'spikeinterface.extractors' has no attribute 'NwbRecordingExtractor')
2026-09-29T21:57:23Z WARNING [233/369] 1f3bb135-77f4-4095-9d74-cd00b18dbd95: leaving unrecorded for a later run to retry.
2026-09-29T21:57:23Z WARNING 1f3bd472-d10e-450b-9d0b-d8f566b93f64: failed while reading the ElectricalSeries rates (AttributeError: module 'spikeinterface.extractors' has no attribute 'NwbRecordingExtractor')
2026-09-29T21:57:23Z WARNING [234/369] 1f3bd472-d10e-450b-9d0b-d8f566b93f64: leaving unrecorded for a later run to retry.
2026-09-29T21:57:23Z WARNING 1f3c95b5-8425-466c-9620-5a5311efe4c4: failed while reading the ElectricalSeries rates (AttributeError: module 'spikeinterface.extractors' has no attribute 'NwbRecordingExtractor')
2026-09-29T21:57:23Z WARNING [235/369] 1f3c95b5-8425-466c-9620-5a5311efe4c4: leaving unrecorded for a later run to retry.
2026-09-29T21:57:23Z WARNING 1f3ca37a-cc15-4c7e-b274-5a35bc433aff: failed while reading the ElectricalSeries rates (AttributeError: module 'spikeinterface.extractors' has no attribute 'NwbRecordingExtractor')
2026-09-29T21:57:23Z WARNING [236/369] 1f3ca37a-cc15-4c7e-b274-5a35bc433aff: leaving unrecorded for a later run to retry.
2026-09-29T21:57:23Z WARNING 1f3df49c-ba73-435f-80b1-75478a4b3819: failed while reading the ElectricalSeries rates (AttributeError: module 'spikeinterface.extractors' has no attribute 'NwbRecordingExtractor')
2026-09-29T21:57:23Z WARNING [237/369] 1f3df49c-ba73-435f-80b1-75478a4b3819: leaving unrecorded for a later run to retry.
2026-09-29T21:57:23Z WARNING 1f3e01d2-40b0-4491-a0b6-890a996a8479: failed while reading the ElectricalSeries rates (AttributeError: module 'spikeinterface.extractors' has no attribute 'NwbRecordingExtractor')
2026-09-29T21:57:23Z WARNING [238/369] 1f3e01d2-40b0-4491-a0b6-890a996a8479: leaving unrecorded for a later run to retry.
2026-09-29T21:57:23Z WARNING 1f3e5046-9600-4fe2-ae06-87bfa33110a4: failed while reading the ElectricalSeries rates (AttributeError: module 'spikeinterface.extractors' has no attribute 'NwbRecordingExtractor')
2026-09-29T21:57:23Z WARNING [239/369] 1f3e5046-9600-4fe2-ae06-87bfa33110a4: leaving unrecorded for a later run to retry.
2026-09-29T21:57:23Z WARNING 1f3e5db0-3eca-4c6a-966d-29046eac4006: failed while reading the ElectricalSeries rates (AttributeError: module 'spikeinterface.extractors' has no attribute 'NwbRecordingExtractor')
2026-09-29T21:57:23Z WARNING [240/369] 1f3e5db0-3eca-4c6a-966d-29046eac4006: leaving unrecorded for a later run to retry.
2026-09-29T21:57:23Z WARNING 1f3f151d-5f7a-4367-b187-54d1dd191db2: failed while reading the ElectricalSeries rates (AttributeError: module 'spikeinterface.extractors' has no attribute 'NwbRecordingExtractor')
2026-09-29T21:57:23Z WARNING [241/369] 1f3f151d-5f7a-4367-b187-54d1dd191db2: leaving unrecorded for a later run to retry.
2026-09-29T21:57:24Z WARNING 1f3f2005-af53-4c8e-8914-e4113d52e022: failed while reading the ElectricalSeries rates (AttributeError: module 'spikeinterface.extractors' has no attribute 'NwbRecordingExtractor')
2026-09-29T21:57:24Z WARNING [242/369] 1f3f2005-af53-4c8e-8914-e4113d52e022: leaving unrecorded for a later run to retry.
2026-09-29T21:57:24Z WARNING 1f3f478c-64ff-4d17-9f6d-8c8241a366e3: failed while reading the ElectricalSeries rates (AttributeError: module 'spikeinterface.extractors' has no attribute 'NwbRecordingExtractor')
2026-09-29T21:57:24Z WARNING [243/369] 1f3f478c-64ff-4d17-9f6d-8c8241a366e3: leaving unrecorded for a later run to retry.
2026-09-29T21:57:24Z WARNING 1f3f6796-618f-45ea-9d13-7a8e34f02230: failed while reading the ElectricalSeries rates (AttributeError: module 'spikeinterface.extractors' has no attribute 'NwbRecordingExtractor')
2026-09-29T21:57:24Z WARNING [244/369] 1f3f6796-618f-45ea-9d13-7a8e34f02230: leaving unrecorded for a later run to retry.
2026-09-29T21:57:24Z WARNING 1f3fab72-046d-447f-b695-95abd40bc6a6: failed while reading the ElectricalSeries rates (AttributeError: module 'spikeinterface.extractors' has no attribute 'NwbRecordingExtractor')
2026-09-29T21:57:24Z WARNING [245/369] 1f3fab72-046d-447f-b695-95abd40bc6a6: leaving unrecorded for a later run to retry.
2026-09-29T21:57:24Z WARNING 1f401828-8526-41fb-a7c2-963d626ea241: failed while reading the ElectricalSeries rates (AttributeError: module 'spikeinterface.extractors' has no attribute 'NwbRecordingExtractor')
2026-09-29T21:57:24Z WARNING [246/369] 1f401828-8526-41fb-a7c2-963d626ea241: leaving unrecorded for a later run to retry.
2026-09-29T21:57:24Z WARNING 1f411806-f357-48d6-9225-799c100a6e04: failed while reading the ElectricalSeries rates (AttributeError: module 'spikeinterface.extractors' has no attribute 'NwbRecordingExtractor')
2026-09-29T21:57:24Z WARNING [247/369] 1f411806-f357-48d6-9225-799c100a6e04: leaving unrecorded for a later run to retry.
2026-09-29T21:57:24Z WARNING 1f414b6b-3061-4f87-8ec4-5373611eee3b: failed while reading the ElectricalSeries rates (AttributeError: module 'spikeinterface.extractors' has no attribute 'NwbRecordingExtractor')
2026-09-29T21:57:24Z WARNING [248/369] 1f414b6b-3061-4f87-8ec4-5373611eee3b: leaving unrecorded for a later run to retry.
2026-09-29T21:57:24Z WARNING 1f4185a3-1d5b-4b83-9dae-8264455e10b1: failed while reading the ElectricalSeries rates (AttributeError: module 'spikeinterface.extractors' has no attribute 'NwbRecordingExtractor')
2026-09-29T21:57:24Z WARNING [249/369] 1f4185a3-1d5b-4b83-9dae-8264455e10b1: leaving unrecorded for a later run to retry.
2026-09-29T21:57:24Z WARNING 1f41bfa9-ad98-4f59-b555-25d87729d151: failed while reading the ElectricalSeries rates (AttributeError: module 'spikeinterface.extractors' has no attribute 'NwbRecordingExtractor')
2026-09-29T21:57:24Z WARNING [250/369] 1f41bfa9-ad98-4f59-b555-25d87729d151: leaving unrecorded for a later run to retry.
2026-09-29T21:57:24Z INFO [250/369] 1f41bfa9-ad98-4f59-b555-25d87729d151: checkpointed 60602 records.
2026-09-29T21:57:24Z WARNING 1f41d116-84a5-4745-bfba-2bb1c8b07437: failed while reading the ElectricalSeries rates (AttributeError: module 'spikeinterface.extractors' has no attribute 'NwbRecordingExtractor')
2026-09-29T21:57:24Z WARNING [251/369] 1f41d116-84a5-4745-bfba-2bb1c8b07437: leaving unrecorded for a later run to retry.
2026-09-29T21:57:24Z WARNING 1f41da06-191c-42c8-873e-b265744f3dd1: failed while reading the ElectricalSeries rates (AttributeError: module 'spikeinterface.extractors' has no attribute 'NwbRecordingExtractor')
2026-09-29T21:57:24Z WARNING [252/369] 1f41da06-191c-42c8-873e-b265744f3dd1: leaving unrecorded for a later run to retry.
2026-09-29T21:57:24Z WARNING 1f4463b6-f757-4020-b19e-ff16291cf1eb: failed while reading the ElectricalSeries rates (AttributeError: module 'spikeinterface.extractors' has no attribute 'NwbRecordingExtractor')
2026-09-29T21:57:24Z WARNING [253/369] 1f4463b6-f757-4020-b19e-ff16291cf1eb: leaving unrecorded for a later run to retry.
2026-09-29T21:57:24Z WARNING 1f446b3e-080f-4ee5-ba41-93c9603c0d7a: failed while reading the ElectricalSeries rates (AttributeError: module 'spikeinterface.extractors' has no attribute 'NwbRecordingExtractor')
2026-09-29T21:57:24Z WARNING [254/369] 1f446b3e-080f-4ee5-ba41-93c9603c0d7a: leaving unrecorded for a later run to retry.
2026-09-29T21:57:24Z WARNING 1f44df62-1374-4d37-b9ba-99d076227629: failed while reading the ElectricalSeries rates (AttributeError: module 'spikeinterface.extractors' has no attribute 'NwbRecordingExtractor')
2026-09-29T21:57:24Z WARNING [255/369] 1f44df62-1374-4d37-b9ba-99d076227629: leaving unrecorded for a later run to retry.
2026-09-29T21:57:25Z WARNING 1f454b5e-2617-439c-a741-3e10ef71e736: failed while reading the ElectricalSeries rates (AttributeError: module 'spikeinterface.extractors' has no attribute 'NwbRecordingExtractor')
2026-09-29T21:57:25Z WARNING [256/369] 1f454b5e-2617-439c-a741-3e10ef71e736: leaving unrecorded for a later run to retry.
2026-09-29T21:57:25Z WARNING 1f46bea7-d28f-4420-937d-7b14af5a608e: failed while reading the ElectricalSeries rates (AttributeError: module 'spikeinterface.extractors' has no attribute 'NwbRecordingExtractor')
2026-09-29T21:57:25Z WARNING [257/369] 1f46bea7-d28f-4420-937d-7b14af5a608e: leaving unrecorded for a later run to retry.
2026-09-29T21:57:25Z WARNING 1f46e3d5-8557-4e8c-aa00-2e029f449ef5: failed while reading the ElectricalSeries rates (AttributeError: module 'spikeinterface.extractors' has no attribute 'NwbRecordingExtractor')
2026-09-29T21:57:25Z WARNING [258/369] 1f46e3d5-8557-4e8c-aa00-2e029f449ef5: leaving unrecorded for a later run to retry.
2026-09-29T21:57:25Z WARNING 1f47315f-0b65-4af9-8096-a2eec1d54458: failed while reading the ElectricalSeries rates (AttributeError: module 'spikeinterface.extractors' has no attribute 'NwbRecordingExtractor')
2026-09-29T21:57:25Z WARNING [259/369] 1f47315f-0b65-4af9-8096-a2eec1d54458: leaving unrecorded for a later run to retry.
2026-09-29T21:57:25Z WARNING 1f474ba8-b2ce-42b0-8eef-b006e69ffd3a: failed while reading the ElectricalSeries rates (AttributeError: module 'spikeinterface.extractors' has no attribute 'NwbRecordingExtractor')
2026-09-29T21:57:25Z WARNING [260/369] 1f474ba8-b2ce-42b0-8eef-b006e69ffd3a: leaving unrecorded for a later run to retry.
2026-09-29T21:57:25Z WARNING 1f47fa23-e4b9-44ec-ba37-4da26cbf48d8: failed while reading the ElectricalSeries rates (AttributeError: module 'spikeinterface.extractors' has no attribute 'NwbRecordingExtractor')
2026-09-29T21:57:25Z WARNING [261/369] 1f47fa23-e4b9-44ec-ba37-4da26cbf48d8: leaving unrecorded for a later run to retry.
2026-09-29T21:57:25Z WARNING 1f48601a-3a23-4b5a-9555-33f5ca9237b9: failed while reading the ElectricalSeries rates (AttributeError: module 'spikeinterface.extractors' has no attribute 'NwbRecordingExtractor')
2026-09-29T21:57:25Z WARNING [262/369] 1f48601a-3a23-4b5a-9555-33f5ca9237b9: leaving unrecorded for a later run to retry.
2026-09-29T21:57:25Z WARNING 1f489cd3-1d85-4ca9-83dd-dded89142933: failed while reading the ElectricalSeries rates (AttributeError: module 'spikeinterface.extractors' has no attribute 'NwbRecordingExtractor')
2026-09-29T21:57:25Z WARNING [263/369] 1f489cd3-1d85-4ca9-83dd-dded89142933: leaving unrecorded for a later run to retry.
2026-09-29T21:57:25Z WARNING 1f48a266-2a07-4a96-a343-ac2f91bf0d88: failed while reading the ElectricalSeries rates (AttributeError: module 'spikeinterface.extractors' has no attribute 'NwbRecordingExtractor')
2026-09-29T21:57:25Z WARNING [264/369] 1f48a266-2a07-4a96-a343-ac2f91bf0d88: leaving unrecorded for a later run to retry.
2026-09-29T21:57:25Z WARNING 1f491b01-56a2-4766-8cdc-09cda943f1fd: failed while reading the ElectricalSeries rates (AttributeError: module 'spikeinterface.extractors' has no attribute 'NwbRecordingExtractor')
2026-09-29T21:57:25Z WARNING [265/369] 1f491b01-56a2-4766-8cdc-09cda943f1fd: leaving unrecorded for a later run to retry.
2026-09-29T21:57:25Z WARNING 1f49a88a-e1f1-45e0-b74f-e62abfde7f8c: failed while reading the ElectricalSeries rates (AttributeError: module 'spikeinterface.extractors' has no attribute 'NwbRecordingExtractor')
2026-09-29T21:57:25Z WARNING [266/369] 1f49a88a-e1f1-45e0-b74f-e62abfde7f8c: leaving unrecorded for a later run to retry.
2026-09-29T21:57:25Z WARNING 1f4a616b-08f6-4c6d-8dcf-3ce38cbc3bf7: failed while reading the ElectricalSeries rates (AttributeError: module 'spikeinterface.extractors' has no attribute 'NwbRecordingExtractor')
2026-09-29T21:57:25Z WARNING [267/369] 1f4a616b-08f6-4c6d-8dcf-3ce38cbc3bf7: leaving unrecorded for a later run to retry.
2026-09-29T21:57:25Z WARNING 1f4aae70-2d3e-40b8-9a8c-4cee48d3f2a3: failed while reading the ElectricalSeries rates (AttributeError: module 'spikeinterface.extractors' has no attribute 'NwbRecordingExtractor')
2026-09-29T21:57:25Z WARNING [268/369] 1f4aae70-2d3e-40b8-9a8c-4cee48d3f2a3: leaving unrecorded for a later run to retry.
2026-09-29T21:57:25Z WARNING 1f4aaf96-a621-4bf0-aa78-e1c5279931ab: failed while reading the ElectricalSeries rates (AttributeError: module 'spikeinterface.extractors' has no attribute 'NwbRecordingExtractor')
2026-09-29T21:57:25Z WARNING [269/369] 1f4aaf96-a621-4bf0-aa78-e1c5279931ab: leaving unrecorded for a later run to retry.
2026-09-29T21:57:25Z WARNING 1f4b00c4-55ab-463e-82a4-88b9f90ce5fb: failed while reading the ElectricalSeries rates (AttributeError: module 'spikeinterface.extractors' has no attribute 'NwbRecordingExtractor')
2026-09-29T21:57:25Z WARNING [270/369] 1f4b00c4-55ab-463e-82a4-88b9f90ce5fb: leaving unrecorded for a later run to retry.
2026-09-29T21:57:25Z WARNING 1f4ba14d-83ab-46f3-9274-059b5d878b5c: failed while reading the ElectricalSeries rates (AttributeError: module 'spikeinterface.extractors' has no attribute 'NwbRecordingExtractor')
2026-09-29T21:57:25Z WARNING [271/369] 1f4ba14d-83ab-46f3-9274-059b5d878b5c: leaving unrecorded for a later run to retry.
2026-09-29T21:57:26Z WARNING 1f4c0a01-1cf2-49ff-baf0-0d719f926435: failed while reading the ElectricalSeries rates (AttributeError: module 'spikeinterface.extractors' has no attribute 'NwbRecordingExtractor')
2026-09-29T21:57:26Z WARNING [272/369] 1f4c0a01-1cf2-49ff-baf0-0d719f926435: leaving unrecorded for a later run to retry.
2026-09-29T21:57:26Z WARNING 1f4ccbc7-12d6-4d01-83a5-cd979f91b420: failed while reading the ElectricalSeries rates (AttributeError: module 'spikeinterface.extractors' has no attribute 'NwbRecordingExtractor')
2026-09-29T21:57:26Z WARNING [273/369] 1f4ccbc7-12d6-4d01-83a5-cd979f91b420: leaving unrecorded for a later run to retry.
2026-09-29T21:57:26Z WARNING 1f4cd8dd-321b-4396-b9c1-66e550c6fb35: failed while reading the ElectricalSeries rates (AttributeError: module 'spikeinterface.extractors' has no attribute 'NwbRecordingExtractor')
2026-09-29T21:57:26Z WARNING [274/369] 1f4cd8dd-321b-4396-b9c1-66e550c6fb35: leaving unrecorded for a later run to retry.
2026-09-29T21:57:26Z WARNING 1f4db884-8a96-4c82-9d57-2e508b7741dc: failed while reading the ElectricalSeries rates (AttributeError: module 'spikeinterface.extractors' has no attribute 'NwbRecordingExtractor')
2026-09-29T21:57:26Z WARNING [275/369] 1f4db884-8a96-4c82-9d57-2e508b7741dc: leaving unrecorded for a later run to retry.
2026-09-29T21:57:26Z WARNING 1f4dfc96-ff83-4782-aee7-add85e32842e: failed while reading the ElectricalSeries rates (AttributeError: module 'spikeinterface.extractors' has no attribute 'NwbRecordingExtractor')
2026-09-29T21:57:26Z WARNING [276/369] 1f4dfc96-ff83-4782-aee7-add85e32842e: leaving unrecorded for a later run to retry.
2026-09-29T21:57:26Z WARNING 1f4e155c-1a8d-46bb-9c6b-3f858b6ed714: failed while reading the ElectricalSeries rates (AttributeError: module 'spikeinterface.extractors' has no attribute 'NwbRecordingExtractor')
2026-09-29T21:57:26Z WARNING [277/369] 1f4e155c-1a8d-46bb-9c6b-3f858b6ed714: leaving unrecorded for a later run to retry.
2026-09-29T21:57:26Z WARNING 1f4fe6d5-1241-44cb-bbb4-0a3872a1496f: failed while reading the ElectricalSeries rates (AttributeError: module 'spikeinterface.extractors' has no attribute 'NwbRecordingExtractor')
2026-09-29T21:57:26Z WARNING [278/369] 1f4fe6d5-1241-44cb-bbb4-0a3872a1496f: leaving unrecorded for a later run to retry.
2026-09-29T21:57:26Z WARNING 1f4ff606-c526-4bc6-a788-cbd5bb479ba8: failed while reading the ElectricalSeries rates (AttributeError: module 'spikeinterface.extractors' has no attribute 'NwbRecordingExtractor')
2026-09-29T21:57:26Z WARNING [279/369] 1f4ff606-c526-4bc6-a788-cbd5bb479ba8: leaving unrecorded for a later run to retry.
2026-09-29T21:57:26Z WARNING 1f50343a-c43d-4edc-b6e1-39df1b59e884: failed while reading the ElectricalSeries rates (AttributeError: module 'spikeinterface.extractors' has no attribute 'NwbRecordingExtractor')
2026-09-29T21:57:26Z WARNING [280/369] 1f50343a-c43d-4edc-b6e1-39df1b59e884: leaving unrecorded for a later run to retry.
2026-09-29T21:57:26Z WARNING 1f50b787-6a28-4893-b0e7-117749416a2a: failed while reading the ElectricalSeries rates (AttributeError: module 'spikeinterface.extractors' has no attribute 'NwbRecordingExtractor')
2026-09-29T21:57:26Z WARNING [281/369] 1f50b787-6a28-4893-b0e7-117749416a2a: leaving unrecorded for a later run to retry.
2026-09-29T21:57:26Z WARNING 1f51be64-919a-4873-8962-60d2bbdd7752: failed while reading the ElectricalSeries rates (AttributeError: module 'spikeinterface.extractors' has no attribute 'NwbRecordingExtractor')
2026-09-29T21:57:26Z WARNING [282/369] 1f51be64-919a-4873-8962-60d2bbdd7752: leaving unrecorded for a later run to retry.
2026-09-29T21:57:26Z WARNING 1f5255a1-ec6b-4c69-b9c2-53a2653a3a61: failed while reading the ElectricalSeries rates (AttributeError: module 'spikeinterface.extractors' has no attribute 'NwbRecordingExtractor')
2026-09-29T21:57:26Z WARNING [283/369] 1f5255a1-ec6b-4c69-b9c2-53a2653a3a61: leaving unrecorded for a later run to retry.
2026-09-29T21:57:26Z WARNING 1f52a231-86c7-46d9-a7c4-db56bfcfcf49: failed while reading the ElectricalSeries rates (AttributeError: module 'spikeinterface.extractors' has no attribute 'NwbRecordingExtractor')
2026-09-29T21:57:26Z WARNING [284/369] 1f52a231-86c7-46d9-a7c4-db56bfcfcf49: leaving unrecorded for a later run to retry.
2026-09-29T21:57:26Z WARNING 1f52a3ad-ad63-45b6-8c28-3001696b1220: failed while reading the ElectricalSeries rates (AttributeError: module 'spikeinterface.extractors' has no attribute 'NwbRecordingExtractor')
2026-09-29T21:57:26Z WARNING [285/369] 1f52a3ad-ad63-45b6-8c28-3001696b1220: leaving unrecorded for a later run to retry.
2026-09-29T21:57:27Z WARNING 1f52e09a-47fa-4406-8333-8f747b42e8a0: failed while reading the ElectricalSeries rates (AttributeError: module 'spikeinterface.extractors' has no attribute 'NwbRecordingExtractor')
2026-09-29T21:57:27Z WARNING [286/369] 1f52e09a-47fa-4406-8333-8f747b42e8a0: leaving unrecorded for a later run to retry.
2026-09-29T21:57:27Z WARNING 1f531993-5b7d-4941-a3d1-1fd27feed793: failed while reading the ElectricalSeries rates (AttributeError: module 'spikeinterface.extractors' has no attribute 'NwbRecordingExtractor')
2026-09-29T21:57:27Z WARNING [287/369] 1f531993-5b7d-4941-a3d1-1fd27feed793: leaving unrecorded for a later run to retry.
2026-09-29T21:57:27Z WARNING 1f532304-e5d1-4e41-98c4-53b5accb8047: failed while reading the ElectricalSeries rates (AttributeError: module 'spikeinterface.extractors' has no attribute 'NwbRecordingExtractor')
2026-09-29T21:57:27Z WARNING [288/369] 1f532304-e5d1-4e41-98c4-53b5accb8047: leaving unrecorded for a later run to retry.
2026-09-29T21:57:27Z WARNING 1f53cd7d-03ff-49cc-b233-1d238fefc0c7: failed while reading the ElectricalSeries rates (AttributeError: module 'spikeinterface.extractors' has no attribute 'NwbRecordingExtractor')
2026-09-29T21:57:27Z WARNING [289/369] 1f53cd7d-03ff-49cc-b233-1d238fefc0c7: leaving unrecorded for a later run to retry.
2026-09-29T21:57:27Z WARNING 1f54770d-9597-43e5-bbf9-8b958de2a847: failed while reading the ElectricalSeries rates (AttributeError: module 'spikeinterface.extractors' has no attribute 'NwbRecordingExtractor')
2026-09-29T21:57:27Z WARNING [290/369] 1f54770d-9597-43e5-bbf9-8b958de2a847: leaving unrecorded for a later run to retry.
2026-09-29T21:57:27Z WARNING 1f5553fd-49f0-400f-889d-b8052990cb35: failed while reading the ElectricalSeries rates (AttributeError: module 'spikeinterface.extractors' has no attribute 'NwbRecordingExtractor')
2026-09-29T21:57:27Z WARNING [291/369] 1f5553fd-49f0-400f-889d-b8052990cb35: leaving unrecorded for a later run to retry.
2026-09-29T21:57:27Z WARNING 1f56a434-0f93-4a48-9305-a78cbadaaae5: failed while reading the ElectricalSeries rates (AttributeError: module 'spikeinterface.extractors' has no attribute 'NwbRecordingExtractor')
2026-09-29T21:57:27Z WARNING [292/369] 1f56a434-0f93-4a48-9305-a78cbadaaae5: leaving unrecorded for a later run to retry.
2026-09-29T21:57:27Z WARNING 1f5734fa-1d0d-47fa-95bf-6eba8edfff04: failed while reading the ElectricalSeries rates (AttributeError: module 'spikeinterface.extractors' has no attribute 'NwbRecordingExtractor')
2026-09-29T21:57:27Z WARNING [293/369] 1f5734fa-1d0d-47fa-95bf-6eba8edfff04: leaving unrecorded for a later run to retry.
2026-09-29T21:57:27Z WARNING 1f57c573-74f8-4638-94cd-73ef732cccd1: failed while reading the ElectricalSeries rates (AttributeError: module 'spikeinterface.extractors' has no attribute 'NwbRecordingExtractor')
2026-09-29T21:57:27Z WARNING [294/369] 1f57c573-74f8-4638-94cd-73ef732cccd1: leaving unrecorded for a later run to retry.
2026-09-29T21:57:27Z WARNING 1f583c90-1f10-43ab-89a7-488fbdb001ed: failed while reading the ElectricalSeries rates (AttributeError: module 'spikeinterface.extractors' has no attribute 'NwbRecordingExtractor')
2026-09-29T21:57:27Z WARNING [295/369] 1f583c90-1f10-43ab-89a7-488fbdb001ed: leaving unrecorded for a later run to retry.
2026-09-29T21:57:27Z WARNING 1f584ffa-944f-4502-969a-55d405a5f500: failed while reading the ElectricalSeries rates (AttributeError: module 'spikeinterface.extractors' has no attribute 'NwbRecordingExtractor')
2026-09-29T21:57:27Z WARNING [296/369] 1f584ffa-944f-4502-969a-55d405a5f500: leaving unrecorded for a later run to retry.
2026-09-29T21:57:27Z WARNING 1f599304-26f3-4bc9-b35f-61671519f7f9: failed while reading the ElectricalSeries rates (AttributeError: module 'spikeinterface.extractors' has no attribute 'NwbRecordingExtractor')
2026-09-29T21:57:27Z WARNING [297/369] 1f599304-26f3-4bc9-b35f-61671519f7f9: leaving unrecorded for a later run to retry.
2026-09-29T21:57:27Z WARNING 1f5a163f-ed00-4a37-8398-20c3a0a114a2: failed while reading the ElectricalSeries rates (AttributeError: module 'spikeinterface.extractors' has no attribute 'NwbRecordingExtractor')
2026-09-29T21:57:27Z WARNING [298/369] 1f5a163f-ed00-4a37-8398-20c3a0a114a2: leaving unrecorded for a later run to retry.
2026-09-29T21:57:27Z WARNING 1f5a2855-9179-46d0-8349-bf787653b7e5: failed while reading the ElectricalSeries rates (AttributeError: module 'spikeinterface.extractors' has no attribute 'NwbRecordingExtractor')
2026-09-29T21:57:27Z WARNING [299/369] 1f5a2855-9179-46d0-8349-bf787653b7e5: leaving unrecorded for a later run to retry.
2026-09-29T21:57:27Z WARNING 1f5c03f8-ac4c-4b77-9db3-6a92d21de5dc: failed while reading the ElectricalSeries rates (AttributeError: module 'spikeinterface.extractors' has no attribute 'NwbRecordingExtractor')
2026-09-29T21:57:27Z WARNING [300/369] 1f5c03f8-ac4c-4b77-9db3-6a92d21de5dc: leaving unrecorded for a later run to retry.
2026-09-29T21:57:27Z INFO [300/369] 1f5c03f8-ac4c-4b77-9db3-6a92d21de5dc: checkpointed 60602 records.
2026-09-29T21:57:28Z WARNING 1f5c1db1-c47b-4352-b68f-7d452dc54d1d: failed while reading the ElectricalSeries rates (AttributeError: module 'spikeinterface.extractors' has no attribute 'NwbRecordingExtractor')
2026-09-29T21:57:28Z WARNING [301/369] 1f5c1db1-c47b-4352-b68f-7d452dc54d1d: leaving unrecorded for a later run to retry.
2026-09-29T21:57:28Z WARNING 1f5c2f95-0f6d-4167-bb95-2d9d1e6691c3: failed while reading the ElectricalSeries rates (AttributeError: module 'spikeinterface.extractors' has no attribute 'NwbRecordingExtractor')
2026-09-29T21:57:28Z WARNING [302/369] 1f5c2f95-0f6d-4167-bb95-2d9d1e6691c3: leaving unrecorded for a later run to retry.
2026-09-29T21:57:28Z WARNING 1f5cbc51-070c-4233-9e74-bcad4a4bd055: failed while reading the ElectricalSeries rates (AttributeError: module 'spikeinterface.extractors' has no attribute 'NwbRecordingExtractor')
2026-09-29T21:57:28Z WARNING [303/369] 1f5cbc51-070c-4233-9e74-bcad4a4bd055: leaving unrecorded for a later run to retry.
2026-09-29T21:57:28Z WARNING 1f5d790d-d502-40e1-8879-6e90dbd36010: failed while reading the ElectricalSeries rates (AttributeError: module 'spikeinterface.extractors' has no attribute 'NwbRecordingExtractor')
2026-09-29T21:57:28Z WARNING [304/369] 1f5d790d-d502-40e1-8879-6e90dbd36010: leaving unrecorded for a later run to retry.
2026-09-29T21:57:28Z WARNING 1f5f4374-a8f6-46b2-9e78-544c9d43db27: failed while reading the ElectricalSeries rates (AttributeError: module 'spikeinterface.extractors' has no attribute 'NwbRecordingExtractor')
2026-09-29T21:57:28Z WARNING [305/369] 1f5f4374-a8f6-46b2-9e78-544c9d43db27: leaving unrecorded for a later run to retry.
2026-09-29T21:57:28Z WARNING 1f5f7e16-3481-42b0-bae4-816fcc28230f: failed while reading the ElectricalSeries rates (AttributeError: module 'spikeinterface.extractors' has no attribute 'NwbRecordingExtractor')
2026-09-29T21:57:28Z WARNING [306/369] 1f5f7e16-3481-42b0-bae4-816fcc28230f: leaving unrecorded for a later run to retry.
2026-09-29T21:57:28Z WARNING 1f60591a-28ec-4ee2-a454-3861003dfca4: failed while reading the ElectricalSeries rates (AttributeError: module 'spikeinterface.extractors' has no attribute 'NwbRecordingExtractor')
2026-09-29T21:57:28Z WARNING [307/369] 1f60591a-28ec-4ee2-a454-3861003dfca4: leaving unrecorded for a later run to retry.
2026-09-29T21:57:28Z WARNING 1f606881-fa83-41c7-8599-2e0a91eae510: failed while reading the ElectricalSeries rates (AttributeError: module 'spikeinterface.extractors' has no attribute 'NwbRecordingExtractor')
2026-09-29T21:57:28Z WARNING [308/369] 1f606881-fa83-41c7-8599-2e0a91eae510: leaving unrecorded for a later run to retry.
2026-09-29T21:57:28Z WARNING 1f619fb8-28dc-46af-ba8e-5b81f78877d8: failed while reading the ElectricalSeries rates (AttributeError: module 'spikeinterface.extractors' has no attribute 'NwbRecordingExtractor')
2026-09-29T21:57:28Z WARNING [309/369] 1f619fb8-28dc-46af-ba8e-5b81f78877d8: leaving unrecorded for a later run to retry.
2026-09-29T21:57:28Z WARNING 1f61ec51-e311-477b-85e2-9ebb230432fd: failed while reading the ElectricalSeries rates (AttributeError: module 'spikeinterface.extractors' has no attribute 'NwbRecordingExtractor')
2026-09-29T21:57:28Z WARNING [310/369] 1f61ec51-e311-477b-85e2-9ebb230432fd: leaving unrecorded for a later run to retry.
2026-09-29T21:57:28Z WARNING 1f62fff7-b5ed-45cb-8d62-c29677c118fd: failed while reading the ElectricalSeries rates (AttributeError: module 'spikeinterface.extractors' has no attribute 'NwbRecordingExtractor')
2026-09-29T21:57:28Z WARNING [311/369] 1f62fff7-b5ed-45cb-8d62-c29677c118fd: leaving unrecorded for a later run to retry.
2026-09-29T21:57:28Z WARNING 1f63299a-313e-4ab2-a3ca-c76297928dc7: failed while reading the ElectricalSeries rates (AttributeError: module 'spikeinterface.extractors' has no attribute 'NwbRecordingExtractor')
2026-09-29T21:57:28Z WARNING [312/369] 1f63299a-313e-4ab2-a3ca-c76297928dc7: leaving unrecorded for a later run to retry.
2026-09-29T21:57:28Z WARNING 1f635be5-c43f-4dbc-bbd0-6abf89edba3f: failed while reading the ElectricalSeries rates (AttributeError: module 'spikeinterface.extractors' has no attribute 'NwbRecordingExtractor')
2026-09-29T21:57:28Z WARNING [313/369] 1f635be5-c43f-4dbc-bbd0-6abf89edba3f: leaving unrecorded for a later run to retry.
2026-09-29T21:57:28Z WARNING 1f639c97-8e84-45ba-b266-49a6d0e87e3c: failed while reading the ElectricalSeries rates (AttributeError: module 'spikeinterface.extractors' has no attribute 'NwbRecordingExtractor')
2026-09-29T21:57:28Z WARNING [314/369] 1f639c97-8e84-45ba-b266-49a6d0e87e3c: leaving unrecorded for a later run to retry.
2026-09-29T21:57:28Z WARNING 1f63e554-1934-41ba-aa26-90b00646aa3d: failed while reading the ElectricalSeries rates (AttributeError: module 'spikeinterface.extractors' has no attribute 'NwbRecordingExtractor')
2026-09-29T21:57:28Z WARNING [315/369] 1f63e554-1934-41ba-aa26-90b00646aa3d: leaving unrecorded for a later run to retry.
2026-09-29T21:57:28Z WARNING 1f63ee61-f43f-4166-9992-4ef1a0fe2a1c: failed while reading the ElectricalSeries rates (AttributeError: module 'spikeinterface.extractors' has no attribute 'NwbRecordingExtractor')
2026-09-29T21:57:28Z WARNING [316/369] 1f63ee61-f43f-4166-9992-4ef1a0fe2a1c: leaving unrecorded for a later run to retry.
2026-09-29T21:57:29Z WARNING 1f64388d-2ec8-4b02-8d1d-11c1e884c6d1: failed while reading the ElectricalSeries rates (AttributeError: module 'spikeinterface.extractors' has no attribute 'NwbRecordingExtractor')
2026-09-29T21:57:29Z WARNING [317/369] 1f64388d-2ec8-4b02-8d1d-11c1e884c6d1: leaving unrecorded for a later run to retry.
2026-09-29T21:57:29Z WARNING 1f651c4f-02f0-465c-9ac6-4da948f779e9: failed while reading the ElectricalSeries rates (AttributeError: module 'spikeinterface.extractors' has no attribute 'NwbRecordingExtractor')
2026-09-29T21:57:29Z WARNING [318/369] 1f651c4f-02f0-465c-9ac6-4da948f779e9: leaving unrecorded for a later run to retry.
2026-09-29T21:57:29Z WARNING 1f65ac95-76d1-4dd4-817b-8a9739d1a7b2: failed while reading the ElectricalSeries rates (AttributeError: module 'spikeinterface.extractors' has no attribute 'NwbRecordingExtractor')
2026-09-29T21:57:29Z WARNING [319/369] 1f65ac95-76d1-4dd4-817b-8a9739d1a7b2: leaving unrecorded for a later run to retry.
2026-09-29T21:57:29Z WARNING 1f668b0a-a9bd-48e6-958a-f01dbedbf1dd: failed while reading the ElectricalSeries rates (AttributeError: module 'spikeinterface.extractors' has no attribute 'NwbRecordingExtractor')
2026-09-29T21:57:29Z WARNING [320/369] 1f668b0a-a9bd-48e6-958a-f01dbedbf1dd: leaving unrecorded for a later run to retry.
2026-09-29T21:57:29Z WARNING 1f67331d-cbdb-4104-be24-5415ff77c07d: failed while reading the ElectricalSeries rates (AttributeError: module 'spikeinterface.extractors' has no attribute 'NwbRecordingExtractor')
2026-09-29T21:57:29Z WARNING [321/369] 1f67331d-cbdb-4104-be24-5415ff77c07d: leaving unrecorded for a later run to retry.
2026-09-29T21:57:29Z WARNING 1f6753c4-2bab-42a2-ab90-a7ec9ab3669f: failed while reading the ElectricalSeries rates (AttributeError: module 'spikeinterface.extractors' has no attribute 'NwbRecordingExtractor')
2026-09-29T21:57:29Z WARNING [322/369] 1f6753c4-2bab-42a2-ab90-a7ec9ab3669f: leaving unrecorded for a later run to retry.
2026-09-29T21:57:29Z WARNING 1f6759bf-3252-4e48-9f73-0d2afaa57d93: failed while reading the ElectricalSeries rates (AttributeError: module 'spikeinterface.extractors' has no attribute 'NwbRecordingExtractor')
2026-09-29T21:57:29Z WARNING [323/369] 1f6759bf-3252-4e48-9f73-0d2afaa57d93: leaving unrecorded for a later run to retry.
2026-09-29T21:57:29Z WARNING 1f67c0de-d008-4b35-9971-2869a55c980b: failed while reading the ElectricalSeries rates (AttributeError: module 'spikeinterface.extractors' has no attribute 'NwbRecordingExtractor')
2026-09-29T21:57:29Z WARNING [324/369] 1f67c0de-d008-4b35-9971-2869a55c980b: leaving unrecorded for a later run to retry.
2026-09-29T21:57:29Z WARNING 1f689d5d-c688-4099-9f12-d1df86a17156: failed while reading the ElectricalSeries rates (AttributeError: module 'spikeinterface.extractors' has no attribute 'NwbRecordingExtractor')
2026-09-29T21:57:29Z WARNING [325/369] 1f689d5d-c688-4099-9f12-d1df86a17156: leaving unrecorded for a later run to retry.
2026-09-29T21:57:29Z WARNING 1f692ba5-8559-4ef8-9a17-824b12d29adf: failed while reading the ElectricalSeries rates (AttributeError: module 'spikeinterface.extractors' has no attribute 'NwbRecordingExtractor')
2026-09-29T21:57:29Z WARNING [326/369] 1f692ba5-8559-4ef8-9a17-824b12d29adf: leaving unrecorded for a later run to retry.
2026-09-29T21:57:29Z WARNING 1f69c93a-09d2-4003-b7dc-2043bf2aa621: failed while reading the ElectricalSeries rates (AttributeError: module 'spikeinterface.extractors' has no attribute 'NwbRecordingExtractor')
2026-09-29T21:57:29Z WARNING [327/369] 1f69c93a-09d2-4003-b7dc-2043bf2aa621: leaving unrecorded for a later run to retry.
2026-09-29T21:57:29Z WARNING 1f69e538-cf79-44e6-9d34-3e70148741e7: failed while reading the ElectricalSeries rates (AttributeError: module 'spikeinterface.extractors' has no attribute 'NwbRecordingExtractor')
2026-09-29T21:57:29Z WARNING [328/369] 1f69e538-cf79-44e6-9d34-3e70148741e7: leaving unrecorded for a later run to retry.
2026-09-29T21:57:29Z WARNING 1f6afbe5-067f-4256-9aaa-e70ed4eb787d: failed while reading the ElectricalSeries rates (AttributeError: module 'spikeinterface.extractors' has no attribute 'NwbRecordingExtractor')
2026-09-29T21:57:29Z WARNING [329/369] 1f6afbe5-067f-4256-9aaa-e70ed4eb787d: leaving unrecorded for a later run to retry.
2026-09-29T21:57:29Z WARNING 1f6ba77f-321d-4724-9393-7eb1418f366d: failed while reading the ElectricalSeries rates (AttributeError: module 'spikeinterface.extractors' has no attribute 'NwbRecordingExtractor')
2026-09-29T21:57:29Z WARNING [330/369] 1f6ba77f-321d-4724-9393-7eb1418f366d: leaving unrecorded for a later run to retry.
2026-09-29T21:57:29Z WARNING 1f6bd30e-1f77-4d2a-9abe-ddd6837c01cd: failed while reading the ElectricalSeries rates (AttributeError: module 'spikeinterface.extractors' has no attribute 'NwbRecordingExtractor')
2026-09-29T21:57:29Z WARNING [331/369] 1f6bd30e-1f77-4d2a-9abe-ddd6837c01cd: leaving unrecorded for a later run to retry.
2026-09-29T21:57:29Z WARNING 1f6beca6-2e5a-42f1-9a28-5b7d0cd13411: failed while reading the ElectricalSeries rates (AttributeError: module 'spikeinterface.extractors' has no attribute 'NwbRecordingExtractor')
2026-09-29T21:57:29Z WARNING [332/369] 1f6beca6-2e5a-42f1-9a28-5b7d0cd13411: leaving unrecorded for a later run to retry.
2026-09-29T21:57:30Z WARNING 1f6cbfa2-fc3d-4dbc-a588-144fdce40f16: failed while reading the ElectricalSeries rates (AttributeError: module 'spikeinterface.extractors' has no attribute 'NwbRecordingExtractor')
2026-09-29T21:57:30Z WARNING [333/369] 1f6cbfa2-fc3d-4dbc-a588-144fdce40f16: leaving unrecorded for a later run to retry.
2026-09-29T21:57:30Z WARNING 1f6cca85-4bff-4a77-93e7-e586fd729804: failed while reading the ElectricalSeries rates (AttributeError: module 'spikeinterface.extractors' has no attribute 'NwbRecordingExtractor')
2026-09-29T21:57:30Z WARNING [334/369] 1f6cca85-4bff-4a77-93e7-e586fd729804: leaving unrecorded for a later run to retry.
2026-09-29T21:57:30Z WARNING 1f6decd0-9770-4f45-9521-4e760f5d6d51: failed while reading the ElectricalSeries rates (AttributeError: module 'spikeinterface.extractors' has no attribute 'NwbRecordingExtractor')
2026-09-29T21:57:30Z WARNING [335/369] 1f6decd0-9770-4f45-9521-4e760f5d6d51: leaving unrecorded for a later run to retry.
2026-09-29T21:57:30Z WARNING 1f6e524b-9a63-4e97-9e75-9455a5fd080a: failed while reading the ElectricalSeries rates (AttributeError: module 'spikeinterface.extractors' has no attribute 'NwbRecordingExtractor')
2026-09-29T21:57:30Z WARNING [336/369] 1f6e524b-9a63-4e97-9e75-9455a5fd080a: leaving unrecorded for a later run to retry.
2026-09-29T21:57:30Z WARNING 1f6f0d5c-f480-4841-b79c-62817984071b: failed while reading the ElectricalSeries rates (AttributeError: module 'spikeinterface.extractors' has no attribute 'NwbRecordingExtractor')
2026-09-29T21:57:30Z WARNING [337/369] 1f6f0d5c-f480-4841-b79c-62817984071b: leaving unrecorded for a later run to retry.
2026-09-29T21:57:30Z WARNING 1f6f9e9d-5013-49a3-98f6-eed3e7e1ca87: failed while reading the ElectricalSeries rates (AttributeError: module 'spikeinterface.extractors' has no attribute 'NwbRecordingExtractor')
2026-09-29T21:57:30Z WARNING [338/369] 1f6f9e9d-5013-49a3-98f6-eed3e7e1ca87: leaving unrecorded for a later run to retry.
2026-09-29T21:57:30Z WARNING 1f704334-f256-4db3-8a85-8e162d5977bc: failed while reading the ElectricalSeries rates (AttributeError: module 'spikeinterface.extractors' has no attribute 'NwbRecordingExtractor')
2026-09-29T21:57:30Z WARNING [339/369] 1f704334-f256-4db3-8a85-8e162d5977bc: leaving unrecorded for a later run to retry.
2026-09-29T21:57:30Z WARNING 1f7077f2-1347-47a4-8b14-f6c7c45a688f: failed while reading the ElectricalSeries rates (AttributeError: module 'spikeinterface.extractors' has no attribute 'NwbRecordingExtractor')
2026-09-29T21:57:30Z WARNING [340/369] 1f7077f2-1347-47a4-8b14-f6c7c45a688f: leaving unrecorded for a later run to retry.
2026-09-29T21:57:30Z WARNING 1f714c28-4e24-4d7e-ab87-9f7c68172e07: failed while reading the ElectricalSeries rates (AttributeError: module 'spikeinterface.extractors' has no attribute 'NwbRecordingExtractor')
2026-09-29T21:57:30Z WARNING [341/369] 1f714c28-4e24-4d7e-ab87-9f7c68172e07: leaving unrecorded for a later run to retry.
2026-09-29T21:57:30Z WARNING 1f71d161-9945-4792-91af-1a9088062c8e: failed while reading the ElectricalSeries rates (AttributeError: module 'spikeinterface.extractors' has no attribute 'NwbRecordingExtractor')
2026-09-29T21:57:30Z WARNING [342/369] 1f71d161-9945-4792-91af-1a9088062c8e: leaving unrecorded for a later run to retry.
2026-09-29T21:57:30Z WARNING 1f72cb9e-786e-46d7-85e1-bf36c7a16cc9: failed while reading the ElectricalSeries rates (AttributeError: module 'spikeinterface.extractors' has no attribute 'NwbRecordingExtractor')
2026-09-29T21:57:30Z WARNING [343/369] 1f72cb9e-786e-46d7-85e1-bf36c7a16cc9: leaving unrecorded for a later run to retry.
2026-09-29T21:57:30Z WARNING 1f74027b-d208-45aa-846c-c73dd60476a7: failed while reading the ElectricalSeries rates (AttributeError: module 'spikeinterface.extractors' has no attribute 'NwbRecordingExtractor')
2026-09-29T21:57:30Z WARNING [344/369] 1f74027b-d208-45aa-846c-c73dd60476a7: leaving unrecorded for a later run to retry.
2026-09-29T21:57:30Z WARNING 1f753061-5fbd-4d6e-9064-d5a17d87680f: failed while reading the ElectricalSeries rates (AttributeError: module 'spikeinterface.extractors' has no attribute 'NwbRecordingExtractor')
2026-09-29T21:57:30Z WARNING [345/369] 1f753061-5fbd-4d6e-9064-d5a17d87680f: leaving unrecorded for a later run to retry.
2026-09-29T21:57:30Z WARNING 1f76cb93-76fe-4214-a680-16f521db016c: failed while reading the ElectricalSeries rates (AttributeError: module 'spikeinterface.extractors' has no attribute 'NwbRecordingExtractor')
2026-09-29T21:57:30Z WARNING [346/369] 1f76cb93-76fe-4214-a680-16f521db016c: leaving unrecorded for a later run to retry.
2026-09-29T21:57:30Z WARNING 1f770ea1-c7fb-4285-8f79-a27f9d39c24b: failed while reading the ElectricalSeries rates (AttributeError: module 'spikeinterface.extractors' has no attribute 'NwbRecordingExtractor')
2026-09-29T21:57:30Z WARNING [347/369] 1f770ea1-c7fb-4285-8f79-a27f9d39c24b: leaving unrecorded for a later run to retry.
2026-09-29T21:57:30Z WARNING 1f773003-2328-4d66-a1c9-649da44415a1: failed while reading the ElectricalSeries rates (AttributeError: module 'spikeinterface.extractors' has no attribute 'NwbRecordingExtractor')
2026-09-29T21:57:30Z WARNING [348/369] 1f773003-2328-4d66-a1c9-649da44415a1: leaving unrecorded for a later run to retry.
2026-09-29T21:57:31Z WARNING 1f78152c-caf3-44e7-96ee-cb5163202c21: failed while reading the ElectricalSeries rates (AttributeError: module 'spikeinterface.extractors' has no attribute 'NwbRecordingExtractor')
2026-09-29T21:57:31Z WARNING [349/369] 1f78152c-caf3-44e7-96ee-cb5163202c21: leaving unrecorded for a later run to retry.
2026-09-29T21:57:31Z WARNING 1f78ac46-9520-4bf3-9e0d-18edbe8a243b: failed while reading the ElectricalSeries rates (AttributeError: module 'spikeinterface.extractors' has no attribute 'NwbRecordingExtractor')
2026-09-29T21:57:31Z WARNING [350/369] 1f78ac46-9520-4bf3-9e0d-18edbe8a243b: leaving unrecorded for a later run to retry.
2026-09-29T21:57:31Z INFO [350/369] 1f78ac46-9520-4bf3-9e0d-18edbe8a243b: checkpointed 60602 records.
2026-09-29T21:57:31Z WARNING 1f78ebc0-a3e2-49cc-b968-a9a9cefe02ac: failed while reading the ElectricalSeries rates (AttributeError: module 'spikeinterface.extractors' has no attribute 'NwbRecordingExtractor')
2026-09-29T21:57:31Z WARNING [351/369] 1f78ebc0-a3e2-49cc-b968-a9a9cefe02ac: leaving unrecorded for a later run to retry.
2026-09-29T21:57:31Z WARNING 1f790271-e965-4ba7-a3fd-3856401c9d0b: failed while reading the ElectricalSeries rates (AttributeError: module 'spikeinterface.extractors' has no attribute 'NwbRecordingExtractor')
2026-09-29T21:57:31Z WARNING [352/369] 1f790271-e965-4ba7-a3fd-3856401c9d0b: leaving unrecorded for a later run to retry.
2026-09-29T21:57:31Z WARNING 1f791075-0206-49b9-8694-5bfbcd1c63ca: failed while reading the ElectricalSeries rates (AttributeError: module 'spikeinterface.extractors' has no attribute 'NwbRecordingExtractor')
2026-09-29T21:57:31Z WARNING [353/369] 1f791075-0206-49b9-8694-5bfbcd1c63ca: leaving unrecorded for a later run to retry.
2026-09-29T21:57:31Z WARNING 1f7931ba-71b1-48ad-b3f3-09ca2257d9a4: failed while reading the ElectricalSeries rates (AttributeError: module 'spikeinterface.extractors' has no attribute 'NwbRecordingExtractor')
2026-09-29T21:57:31Z WARNING [354/369] 1f7931ba-71b1-48ad-b3f3-09ca2257d9a4: leaving unrecorded for a later run to retry.
2026-09-29T21:57:31Z WARNING 1f797891-83c4-414a-b375-60a60e693743: failed while reading the ElectricalSeries rates (AttributeError: module 'spikeinterface.extractors' has no attribute 'NwbRecordingExtractor')
2026-09-29T21:57:31Z WARNING [355/369] 1f797891-83c4-414a-b375-60a60e693743: leaving unrecorded for a later run to retry.
2026-09-29T21:57:31Z WARNING 1f79bccb-5f93-4dbe-a556-5e3c41e73f8b: failed while reading the ElectricalSeries rates (AttributeError: module 'spikeinterface.extractors' has no attribute 'NwbRecordingExtractor')
2026-09-29T21:57:31Z WARNING [356/369] 1f79bccb-5f93-4dbe-a556-5e3c41e73f8b: leaving unrecorded for a later run to retry.
2026-09-29T21:57:31Z WARNING 1f7a6232-10c8-4696-a047-2c83fca793d9: failed while reading the ElectricalSeries rates (AttributeError: module 'spikeinterface.extractors' has no attribute 'NwbRecordingExtractor')
2026-09-29T21:57:31Z WARNING [357/369] 1f7a6232-10c8-4696-a047-2c83fca793d9: leaving unrecorded for a later run to retry.
2026-09-29T21:57:31Z WARNING 1f7b94af-5430-43d8-b63e-37d434e2ce0d: failed while reading the ElectricalSeries rates (AttributeError: module 'spikeinterface.extractors' has no attribute 'NwbRecordingExtractor')
2026-09-29T21:57:31Z WARNING [358/369] 1f7b94af-5430-43d8-b63e-37d434e2ce0d: leaving unrecorded for a later run to retry.
2026-09-29T21:57:31Z WARNING 1f7c661d-0adb-45f6-909f-51998573c503: failed while reading the ElectricalSeries rates (AttributeError: module 'spikeinterface.extractors' has no attribute 'NwbRecordingExtractor')
2026-09-29T21:57:31Z WARNING [359/369] 1f7c661d-0adb-45f6-909f-51998573c503: leaving unrecorded for a later run to retry.
2026-09-29T21:57:31Z WARNING 1f7cd265-33bf-4a86-81a6-451990548eab: failed while reading the ElectricalSeries rates (AttributeError: module 'spikeinterface.extractors' has no attribute 'NwbRecordingExtractor')
2026-09-29T21:57:31Z WARNING [360/369] 1f7cd265-33bf-4a86-81a6-451990548eab: leaving unrecorded for a later run to retry.
2026-09-29T21:57:31Z WARNING 1f7d661b-dd80-474c-bae1-be3046bc7bc7: failed while reading the ElectricalSeries rates (AttributeError: module 'spikeinterface.extractors' has no attribute 'NwbRecordingExtractor')
2026-09-29T21:57:31Z WARNING [361/369] 1f7d661b-dd80-474c-bae1-be3046bc7bc7: leaving unrecorded for a later run to retry.
2026-09-29T21:57:31Z WARNING 1f7e6055-dfca-437f-b08d-42d579a44dea: failed while reading the ElectricalSeries rates (AttributeError: module 'spikeinterface.extractors' has no attribute 'NwbRecordingExtractor')
2026-09-29T21:57:31Z WARNING [362/369] 1f7e6055-dfca-437f-b08d-42d579a44dea: leaving unrecorded for a later run to retry.
2026-09-29T21:57:32Z WARNING 1f7ee3e0-9a8e-49e2-890d-78e2501aa2b0: failed while reading the ElectricalSeries rates (AttributeError: module 'spikeinterface.extractors' has no attribute 'NwbRecordingExtractor')
2026-09-29T21:57:32Z WARNING [363/369] 1f7ee3e0-9a8e-49e2-890d-78e2501aa2b0: leaving unrecorded for a later run to retry.
2026-09-29T21:57:32Z WARNING 1f7f286a-ca82-4197-b9fb-8cce0f6b9d8f: failed while reading the ElectricalSeries rates (AttributeError: module 'spikeinterface.extractors' has no attribute 'NwbRecordingExtractor')
2026-09-29T21:57:32Z WARNING [364/369] 1f7f286a-ca82-4197-b9fb-8cce0f6b9d8f: leaving unrecorded for a later run to retry.
2026-09-29T21:57:32Z WARNING 1f7f4ba2-5866-458d-b18b-cda44b768be5: failed while reading the ElectricalSeries rates (AttributeError: module 'spikeinterface.extractors' has no attribute 'NwbRecordingExtractor')
2026-09-29T21:57:32Z WARNING [365/369] 1f7f4ba2-5866-458d-b18b-cda44b768be5: leaving unrecorded for a later run to retry.
2026-09-29T21:57:32Z WARNING 1f7ffae3-be35-4779-a0dc-cfbefe29bad7: failed while reading the ElectricalSeries rates (AttributeError: module 'spikeinterface.extractors' has no attribute 'NwbRecordingExtractor')
2026-09-29T21:57:32Z WARNING [366/369] 1f7ffae3-be35-4779-a0dc-cfbefe29bad7: leaving unrecorded for a later run to retry.
2026-09-29T21:57:32Z WARNING 1f801bea-d477-4938-9615-e68be1646ca6: failed while reading the ElectricalSeries rates (AttributeError: module 'spikeinterface.extractors' has no attribute 'NwbRecordingExtractor')
2026-09-29T21:57:32Z WARNING [367/369] 1f801bea-d477-4938-9615-e68be1646ca6: leaving unrecorded for a later run to retry.
2026-09-29T21:57:32Z WARNING 1f810078-ac45-4736-8817-3dc19b73d537: failed while reading the ElectricalSeries rates (AttributeError: module 'spikeinterface.extractors' has no attribute 'NwbRecordingExtractor')
2026-09-29T21:57:32Z WARNING [368/369] 1f810078-ac45-4736-8817-3dc19b73d537: leaving unrecorded for a later run to retry.
2026-09-29T21:57:32Z WARNING 94e54413-a85a-4639-a68b-9d07f180d6bc: failed while reading the ElectricalSeries rates (AttributeError: module 'spikeinterface.extractors' has no attribute 'NwbRecordingExtractor')
2026-09-29T21:57:32Z WARNING [369/369] 94e54413-a85a-4639-a68b-9d07f180d6bc: leaving unrecorded for a later run to retry.
2026-09-29T21:57:32Z INFO Wrote 60602 records to /tmp/derivatives/qualifying_lfp_content_ids.jsonl (0 new, 369 failed) in 0.4 min (peak memory 212 MiB).
