2026-10-03T08:13:58Z INFO Logging to /tmp/logs/update_2026-10-03T08-13-58Z.log.
2026-10-03T08:13:58Z INFO Update qualifying-lfp-content-ids (base directory /tmp).
2026-10-03T08:14:00Z INFO Processing 1870 items (60602 already recorded).
2026-10-03T08:14:00Z WARNING 08b2cd01-16c0-4986-af8e-ba3b217bf9de: failed while reading the ElectricalSeries rates (AttributeError: module 'spikeinterface.extractors' has no attribute 'NwbRecordingExtractor')
2026-10-03T08:14:00Z WARNING [1/1870] 08b2cd01-16c0-4986-af8e-ba3b217bf9de: leaving unrecorded for a later run to retry.
2026-10-03T08:14:00Z WARNING 0b145ea2-9ef2-491e-8a4d-5d6c9174f5dd: failed while reading the ElectricalSeries rates (AttributeError: module 'spikeinterface.extractors' has no attribute 'NwbRecordingExtractor')
2026-10-03T08:14:00Z WARNING [2/1870] 0b145ea2-9ef2-491e-8a4d-5d6c9174f5dd: leaving unrecorded for a later run to retry.
2026-10-03T08:14:01Z WARNING 0b3928b9-fcaf-4785-b1a7-b05d5f0dd12a: failed while reading the ElectricalSeries rates (AttributeError: module 'spikeinterface.extractors' has no attribute 'NwbRecordingExtractor')
2026-10-03T08:14:01Z WARNING [3/1870] 0b3928b9-fcaf-4785-b1a7-b05d5f0dd12a: leaving unrecorded for a later run to retry.
2026-10-03T08:14:01Z WARNING 0c2c9ea2-55a4-45f4-b80a-60df61c1e3c7: failed while reading the ElectricalSeries rates (AttributeError: module 'spikeinterface.extractors' has no attribute 'NwbRecordingExtractor')
2026-10-03T08:14:01Z WARNING [4/1870] 0c2c9ea2-55a4-45f4-b80a-60df61c1e3c7: leaving unrecorded for a later run to retry.
2026-10-03T08:14:01Z WARNING 0f98167d-a4d8-46a4-8bd4-5d79a06e975d: failed while reading the ElectricalSeries rates (AttributeError: module 'spikeinterface.extractors' has no attribute 'NwbRecordingExtractor')
2026-10-03T08:14:01Z WARNING [5/1870] 0f98167d-a4d8-46a4-8bd4-5d79a06e975d: leaving unrecorded for a later run to retry.
2026-10-03T08:14:01Z WARNING 0fd844ef-329b-475c-96ee-9e3bb8bc2856: failed while reading the ElectricalSeries rates (AttributeError: module 'spikeinterface.extractors' has no attribute 'NwbRecordingExtractor')
2026-10-03T08:14:01Z WARNING [6/1870] 0fd844ef-329b-475c-96ee-9e3bb8bc2856: leaving unrecorded for a later run to retry.
2026-10-03T08:14:01Z WARNING 1788cbc1-51e2-4426-9d3c-ac68a8acca8b: failed while reading the ElectricalSeries rates (AttributeError: module 'spikeinterface.extractors' has no attribute 'NwbRecordingExtractor')
2026-10-03T08:14:01Z WARNING [7/1870] 1788cbc1-51e2-4426-9d3c-ac68a8acca8b: leaving unrecorded for a later run to retry.
2026-10-03T08:14:02Z WARNING 1a9c402b-03b2-44ea-868b-145f3116bfe8: failed while reading the ElectricalSeries rates (AttributeError: module 'spikeinterface.extractors' has no attribute 'NwbRecordingExtractor')
2026-10-03T08:14:02Z WARNING [8/1870] 1a9c402b-03b2-44ea-868b-145f3116bfe8: leaving unrecorded for a later run to retry.
2026-10-03T08:14:02Z WARNING 1b09d602-db38-4928-8923-dfae6141122e: failed while reading the ElectricalSeries rates (AttributeError: module 'spikeinterface.extractors' has no attribute 'NwbRecordingExtractor')
2026-10-03T08:14:02Z WARNING [9/1870] 1b09d602-db38-4928-8923-dfae6141122e: leaving unrecorded for a later run to retry.
2026-10-03T08:14:02Z WARNING 1e31a6b1-f917-4399-b9df-1a2b03344e96: failed while reading the ElectricalSeries rates (AttributeError: module 'spikeinterface.extractors' has no attribute 'NwbRecordingExtractor')
2026-10-03T08:14:02Z WARNING [10/1870] 1e31a6b1-f917-4399-b9df-1a2b03344e96: leaving unrecorded for a later run to retry.
2026-10-03T08:14:02Z WARNING 21767d51-c480-47d7-8cc8-76b36b323288: failed while reading the ElectricalSeries rates (AttributeError: module 'spikeinterface.extractors' has no attribute 'NwbRecordingExtractor')
2026-10-03T08:14:02Z WARNING [11/1870] 21767d51-c480-47d7-8cc8-76b36b323288: leaving unrecorded for a later run to retry.
2026-10-03T08:14:03Z WARNING 21d7f690-9811-471a-afd5-b7ade1355987: failed while reading the ElectricalSeries rates (AttributeError: module 'spikeinterface.extractors' has no attribute 'NwbRecordingExtractor')
2026-10-03T08:14:03Z WARNING [12/1870] 21d7f690-9811-471a-afd5-b7ade1355987: leaving unrecorded for a later run to retry.
2026-10-03T08:14:03Z WARNING 279d185a-de58-444b-a88e-79fd14f2a0ee: failed while reading the ElectricalSeries rates (AttributeError: module 'spikeinterface.extractors' has no attribute 'NwbRecordingExtractor')
2026-10-03T08:14:03Z WARNING [13/1870] 279d185a-de58-444b-a88e-79fd14f2a0ee: leaving unrecorded for a later run to retry.
2026-10-03T08:14:03Z WARNING 29de6856-8db7-4047-a80b-f81d86b35afc: failed while reading the ElectricalSeries rates (AttributeError: module 'spikeinterface.extractors' has no attribute 'NwbRecordingExtractor')
2026-10-03T08:14:03Z WARNING [14/1870] 29de6856-8db7-4047-a80b-f81d86b35afc: leaving unrecorded for a later run to retry.
2026-10-03T08:14:03Z WARNING 2a6da3c2-c9eb-4027-a279-93f8fff863c7: failed while reading the ElectricalSeries rates (AttributeError: module 'spikeinterface.extractors' has no attribute 'NwbRecordingExtractor')
2026-10-03T08:14:03Z WARNING [15/1870] 2a6da3c2-c9eb-4027-a279-93f8fff863c7: leaving unrecorded for a later run to retry.
2026-10-03T08:14:03Z WARNING 2bb75f1f-ab03-4038-88c2-1593cdc5e99a: failed while reading the ElectricalSeries rates (AttributeError: module 'spikeinterface.extractors' has no attribute 'NwbRecordingExtractor')
2026-10-03T08:14:03Z WARNING [16/1870] 2bb75f1f-ab03-4038-88c2-1593cdc5e99a: leaving unrecorded for a later run to retry.
2026-10-03T08:14:04Z WARNING 2bb7cbc2-cd84-4f8a-8379-b3d6dfb894a1: failed while reading the ElectricalSeries rates (AttributeError: module 'spikeinterface.extractors' has no attribute 'NwbRecordingExtractor')
2026-10-03T08:14:04Z WARNING [17/1870] 2bb7cbc2-cd84-4f8a-8379-b3d6dfb894a1: leaving unrecorded for a later run to retry.
2026-10-03T08:14:04Z WARNING 2bb7d4b2-e484-4643-8747-65ef41210772: failed while reading the ElectricalSeries rates (AttributeError: module 'spikeinterface.extractors' has no attribute 'NwbRecordingExtractor')
2026-10-03T08:14:04Z WARNING [18/1870] 2bb7d4b2-e484-4643-8747-65ef41210772: leaving unrecorded for a later run to retry.
2026-10-03T08:14:04Z WARNING 2bb82419-80b4-4162-b81b-8f1bd9ee2e6c: failed while reading the ElectricalSeries rates (AttributeError: module 'spikeinterface.extractors' has no attribute 'NwbRecordingExtractor')
2026-10-03T08:14:04Z WARNING [19/1870] 2bb82419-80b4-4162-b81b-8f1bd9ee2e6c: leaving unrecorded for a later run to retry.
2026-10-03T08:14:05Z WARNING 2bb8a5db-c31b-4ea2-9a39-9ea6c755e58b: failed while reading the ElectricalSeries rates (AttributeError: module 'spikeinterface.extractors' has no attribute 'NwbRecordingExtractor')
2026-10-03T08:14:05Z WARNING [20/1870] 2bb8a5db-c31b-4ea2-9a39-9ea6c755e58b: leaving unrecorded for a later run to retry.
2026-10-03T08:14:05Z WARNING 2bb8a660-0033-48e2-93a4-3f536e0de286: failed while reading the ElectricalSeries rates (AttributeError: module 'spikeinterface.extractors' has no attribute 'NwbRecordingExtractor')
2026-10-03T08:14:05Z WARNING [21/1870] 2bb8a660-0033-48e2-93a4-3f536e0de286: leaving unrecorded for a later run to retry.
2026-10-03T08:14:05Z WARNING 2bb9481d-1d5b-4d30-bcf5-fab4ece137dd: failed while reading the ElectricalSeries rates (AttributeError: module 'spikeinterface.extractors' has no attribute 'NwbRecordingExtractor')
2026-10-03T08:14:05Z WARNING [22/1870] 2bb9481d-1d5b-4d30-bcf5-fab4ece137dd: leaving unrecorded for a later run to retry.
2026-10-03T08:14:05Z WARNING 2bbc0dc8-c989-4e6c-9240-fcff5672407b: failed while reading the ElectricalSeries rates (AttributeError: module 'spikeinterface.extractors' has no attribute 'NwbRecordingExtractor')
2026-10-03T08:14:05Z WARNING [23/1870] 2bbc0dc8-c989-4e6c-9240-fcff5672407b: leaving unrecorded for a later run to retry.
2026-10-03T08:14:06Z WARNING 2bbc208a-709c-445b-90ab-ca9f35a98ab9: failed while reading the ElectricalSeries rates (AttributeError: module 'spikeinterface.extractors' has no attribute 'NwbRecordingExtractor')
2026-10-03T08:14:06Z WARNING [24/1870] 2bbc208a-709c-445b-90ab-ca9f35a98ab9: leaving unrecorded for a later run to retry.
2026-10-03T08:14:06Z WARNING 2bbc3cf7-b1b3-4ad4-884c-47b2523c0c92: failed while reading the ElectricalSeries rates (AttributeError: module 'spikeinterface.extractors' has no attribute 'NwbRecordingExtractor')
2026-10-03T08:14:06Z WARNING [25/1870] 2bbc3cf7-b1b3-4ad4-884c-47b2523c0c92: leaving unrecorded for a later run to retry.
2026-10-03T08:14:06Z WARNING 2bbd671a-2b2d-48e2-85bc-ce79acce2cb8: failed while reading the ElectricalSeries rates (AttributeError: module 'spikeinterface.extractors' has no attribute 'NwbRecordingExtractor')
2026-10-03T08:14:06Z WARNING [26/1870] 2bbd671a-2b2d-48e2-85bc-ce79acce2cb8: leaving unrecorded for a later run to retry.
2026-10-03T08:14:06Z WARNING 2bbe2884-ab3b-49d7-9eea-a6c48e0b5d3f: failed while reading the ElectricalSeries rates (AttributeError: module 'spikeinterface.extractors' has no attribute 'NwbRecordingExtractor')
2026-10-03T08:14:06Z WARNING [27/1870] 2bbe2884-ab3b-49d7-9eea-a6c48e0b5d3f: leaving unrecorded for a later run to retry.
2026-10-03T08:14:07Z WARNING 2bbe43bd-f13a-4b8c-ba7a-d9f70f99dc3f: failed while reading the ElectricalSeries rates (AttributeError: module 'spikeinterface.extractors' has no attribute 'NwbRecordingExtractor')
2026-10-03T08:14:07Z WARNING [28/1870] 2bbe43bd-f13a-4b8c-ba7a-d9f70f99dc3f: leaving unrecorded for a later run to retry.
2026-10-03T08:14:07Z WARNING 2bbea460-15d8-4090-a48e-7aa0910cbcd3: failed while reading the ElectricalSeries rates (AttributeError: module 'spikeinterface.extractors' has no attribute 'NwbRecordingExtractor')
2026-10-03T08:14:07Z WARNING [29/1870] 2bbea460-15d8-4090-a48e-7aa0910cbcd3: leaving unrecorded for a later run to retry.
2026-10-03T08:14:07Z WARNING 2bbefcb3-7b52-4c81-abd4-b005aedc32d0: failed while reading the ElectricalSeries rates (AttributeError: module 'spikeinterface.extractors' has no attribute 'NwbRecordingExtractor')
2026-10-03T08:14:07Z WARNING [30/1870] 2bbefcb3-7b52-4c81-abd4-b005aedc32d0: leaving unrecorded for a later run to retry.
2026-10-03T08:14:07Z WARNING 2bbf085e-654a-488d-b949-bf56708b6c57: failed while reading the ElectricalSeries rates (AttributeError: module 'spikeinterface.extractors' has no attribute 'NwbRecordingExtractor')
2026-10-03T08:14:07Z WARNING [31/1870] 2bbf085e-654a-488d-b949-bf56708b6c57: leaving unrecorded for a later run to retry.
2026-10-03T08:14:08Z WARNING 2bc050a7-adf2-45d8-8926-01d9631e37a3: failed while reading the ElectricalSeries rates (AttributeError: module 'spikeinterface.extractors' has no attribute 'NwbRecordingExtractor')
2026-10-03T08:14:08Z WARNING [32/1870] 2bc050a7-adf2-45d8-8926-01d9631e37a3: leaving unrecorded for a later run to retry.
2026-10-03T08:14:08Z WARNING 2bc0a25f-92f4-4387-897e-554303c7a3a5: failed while reading the ElectricalSeries rates (AttributeError: module 'spikeinterface.extractors' has no attribute 'NwbRecordingExtractor')
2026-10-03T08:14:08Z WARNING [33/1870] 2bc0a25f-92f4-4387-897e-554303c7a3a5: leaving unrecorded for a later run to retry.
2026-10-03T08:14:08Z WARNING 2bc0cb7a-2b96-4c05-99d9-5cc1222892b3: failed while reading the ElectricalSeries rates (AttributeError: module 'spikeinterface.extractors' has no attribute 'NwbRecordingExtractor')
2026-10-03T08:14:08Z WARNING [34/1870] 2bc0cb7a-2b96-4c05-99d9-5cc1222892b3: leaving unrecorded for a later run to retry.
2026-10-03T08:14:09Z WARNING 2bc10d70-e1bb-4888-a07d-2f2bc2fbd5ee: failed while reading the ElectricalSeries rates (AttributeError: module 'spikeinterface.extractors' has no attribute 'NwbRecordingExtractor')
2026-10-03T08:14:09Z WARNING [35/1870] 2bc10d70-e1bb-4888-a07d-2f2bc2fbd5ee: leaving unrecorded for a later run to retry.
2026-10-03T08:14:09Z WARNING 2bc18fec-d017-471e-be11-bdcb52995f6b: failed while reading the ElectricalSeries rates (AttributeError: module 'spikeinterface.extractors' has no attribute 'NwbRecordingExtractor')
2026-10-03T08:14:09Z WARNING [36/1870] 2bc18fec-d017-471e-be11-bdcb52995f6b: leaving unrecorded for a later run to retry.
2026-10-03T08:14:09Z WARNING 2bc27884-bb3e-469e-8316-d01f24ed095f: failed while reading the ElectricalSeries rates (AttributeError: module 'spikeinterface.extractors' has no attribute 'NwbRecordingExtractor')
2026-10-03T08:14:09Z WARNING [37/1870] 2bc27884-bb3e-469e-8316-d01f24ed095f: leaving unrecorded for a later run to retry.
2026-10-03T08:14:09Z WARNING 2bc376b3-79ad-4225-a305-60871df1d6fb: failed while reading the ElectricalSeries rates (AttributeError: module 'spikeinterface.extractors' has no attribute 'NwbRecordingExtractor')
2026-10-03T08:14:09Z WARNING [38/1870] 2bc376b3-79ad-4225-a305-60871df1d6fb: leaving unrecorded for a later run to retry.
2026-10-03T08:14:10Z WARNING 2bc38341-2c49-46e0-b5bf-fe6dc6acb1db: failed while reading the ElectricalSeries rates (AttributeError: module 'spikeinterface.extractors' has no attribute 'NwbRecordingExtractor')
2026-10-03T08:14:10Z WARNING [39/1870] 2bc38341-2c49-46e0-b5bf-fe6dc6acb1db: leaving unrecorded for a later run to retry.
2026-10-03T08:14:10Z WARNING 2bc455ee-e7a7-46a1-92bd-4b241be1714e: failed while reading the ElectricalSeries rates (AttributeError: module 'spikeinterface.extractors' has no attribute 'NwbRecordingExtractor')
2026-10-03T08:14:10Z WARNING [40/1870] 2bc455ee-e7a7-46a1-92bd-4b241be1714e: leaving unrecorded for a later run to retry.
2026-10-03T08:14:10Z WARNING 2bc64b59-5980-411c-8761-44f92feb1728: failed while reading the ElectricalSeries rates (AttributeError: module 'spikeinterface.extractors' has no attribute 'NwbRecordingExtractor')
2026-10-03T08:14:10Z WARNING [41/1870] 2bc64b59-5980-411c-8761-44f92feb1728: leaving unrecorded for a later run to retry.
2026-10-03T08:14:10Z WARNING 2bc64cca-6132-47ea-8437-0de8e10147ad: failed while reading the ElectricalSeries rates (AttributeError: module 'spikeinterface.extractors' has no attribute 'NwbRecordingExtractor')
2026-10-03T08:14:10Z WARNING [42/1870] 2bc64cca-6132-47ea-8437-0de8e10147ad: leaving unrecorded for a later run to retry.
2026-10-03T08:14:11Z WARNING 2bc66598-2faf-4e6d-9501-c4a3d99bcc00: failed while reading the ElectricalSeries rates (AttributeError: module 'spikeinterface.extractors' has no attribute 'NwbRecordingExtractor')
2026-10-03T08:14:11Z WARNING [43/1870] 2bc66598-2faf-4e6d-9501-c4a3d99bcc00: leaving unrecorded for a later run to retry.
2026-10-03T08:14:11Z WARNING 2bc74f8c-7558-46ec-9cdf-cd43a564f5fa: failed while reading the ElectricalSeries rates (AttributeError: module 'spikeinterface.extractors' has no attribute 'NwbRecordingExtractor')
2026-10-03T08:14:11Z WARNING [44/1870] 2bc74f8c-7558-46ec-9cdf-cd43a564f5fa: leaving unrecorded for a later run to retry.
2026-10-03T08:14:11Z WARNING 2bc772ad-b808-4f45-9a0e-b9a7cd4f21ed: failed while reading the ElectricalSeries rates (AttributeError: module 'spikeinterface.extractors' has no attribute 'NwbRecordingExtractor')
2026-10-03T08:14:11Z WARNING [45/1870] 2bc772ad-b808-4f45-9a0e-b9a7cd4f21ed: leaving unrecorded for a later run to retry.
2026-10-03T08:14:11Z WARNING 2bc82603-3b9e-41a1-a5ef-71967f71d600: failed while reading the ElectricalSeries rates (AttributeError: module 'spikeinterface.extractors' has no attribute 'NwbRecordingExtractor')
2026-10-03T08:14:11Z WARNING [46/1870] 2bc82603-3b9e-41a1-a5ef-71967f71d600: leaving unrecorded for a later run to retry.
2026-10-03T08:14:12Z WARNING 2bc83420-d1ac-4b75-b38c-9b4c678154d3: failed while reading the ElectricalSeries rates (AttributeError: module 'spikeinterface.extractors' has no attribute 'NwbRecordingExtractor')
2026-10-03T08:14:12Z WARNING [47/1870] 2bc83420-d1ac-4b75-b38c-9b4c678154d3: leaving unrecorded for a later run to retry.
2026-10-03T08:14:12Z WARNING 2bc8489f-643a-42d8-8e27-6b8601370eb5: failed while reading the ElectricalSeries rates (AttributeError: module 'spikeinterface.extractors' has no attribute 'NwbRecordingExtractor')
2026-10-03T08:14:12Z WARNING [48/1870] 2bc8489f-643a-42d8-8e27-6b8601370eb5: leaving unrecorded for a later run to retry.
2026-10-03T08:14:12Z WARNING 2bc87985-4557-4fd0-b497-bdc960bc11b5: failed while reading the ElectricalSeries rates (AttributeError: module 'spikeinterface.extractors' has no attribute 'NwbRecordingExtractor')
2026-10-03T08:14:12Z WARNING [49/1870] 2bc87985-4557-4fd0-b497-bdc960bc11b5: leaving unrecorded for a later run to retry.
2026-10-03T08:14:12Z WARNING 2bc93694-99dc-4f51-991d-9b16765c06a8: failed while reading the ElectricalSeries rates (AttributeError: module 'spikeinterface.extractors' has no attribute 'NwbRecordingExtractor')
2026-10-03T08:14:12Z WARNING [50/1870] 2bc93694-99dc-4f51-991d-9b16765c06a8: leaving unrecorded for a later run to retry.
2026-10-03T08:14:12Z INFO [50/1870] 2bc93694-99dc-4f51-991d-9b16765c06a8: checkpointed 60602 records.
2026-10-03T08:14:13Z WARNING 2bc95cdf-5903-4512-83e5-26beb6b7cd79: failed while reading the ElectricalSeries rates (AttributeError: module 'spikeinterface.extractors' has no attribute 'NwbRecordingExtractor')
2026-10-03T08:14:13Z WARNING [51/1870] 2bc95cdf-5903-4512-83e5-26beb6b7cd79: leaving unrecorded for a later run to retry.
2026-10-03T08:14:13Z WARNING 2bc9a494-068a-413e-b8c1-30c2ba63ec3b: failed while reading the ElectricalSeries rates (AttributeError: module 'spikeinterface.extractors' has no attribute 'NwbRecordingExtractor')
2026-10-03T08:14:13Z WARNING [52/1870] 2bc9a494-068a-413e-b8c1-30c2ba63ec3b: leaving unrecorded for a later run to retry.
2026-10-03T08:14:13Z WARNING 2bc9fba3-519f-4b83-826e-ab6020515511: failed while reading the ElectricalSeries rates (AttributeError: module 'spikeinterface.extractors' has no attribute 'NwbRecordingExtractor')
2026-10-03T08:14:13Z WARNING [53/1870] 2bc9fba3-519f-4b83-826e-ab6020515511: leaving unrecorded for a later run to retry.
2026-10-03T08:14:13Z WARNING 2bca3b50-34a1-4952-9da6-cad4f21673fc: failed while reading the ElectricalSeries rates (AttributeError: module 'spikeinterface.extractors' has no attribute 'NwbRecordingExtractor')
2026-10-03T08:14:13Z WARNING [54/1870] 2bca3b50-34a1-4952-9da6-cad4f21673fc: leaving unrecorded for a later run to retry.
2026-10-03T08:14:14Z WARNING 2bca547a-8fcf-4fa3-be82-b51d0b261393: failed while reading the ElectricalSeries rates (AttributeError: module 'spikeinterface.extractors' has no attribute 'NwbRecordingExtractor')
2026-10-03T08:14:14Z WARNING [55/1870] 2bca547a-8fcf-4fa3-be82-b51d0b261393: leaving unrecorded for a later run to retry.
2026-10-03T08:14:14Z WARNING 2bca764d-6fe1-4c20-bd09-82a76fc681a2: failed while reading the ElectricalSeries rates (AttributeError: module 'spikeinterface.extractors' has no attribute 'NwbRecordingExtractor')
2026-10-03T08:14:14Z WARNING [56/1870] 2bca764d-6fe1-4c20-bd09-82a76fc681a2: leaving unrecorded for a later run to retry.
2026-10-03T08:14:14Z WARNING 2bcaba44-9ac5-4719-b979-450c849e899a: failed while reading the ElectricalSeries rates (AttributeError: module 'spikeinterface.extractors' has no attribute 'NwbRecordingExtractor')
2026-10-03T08:14:14Z WARNING [57/1870] 2bcaba44-9ac5-4719-b979-450c849e899a: leaving unrecorded for a later run to retry.
2026-10-03T08:14:14Z WARNING 2bcc52b2-de34-4239-ac17-7b5ec4436171: failed while reading the ElectricalSeries rates (AttributeError: module 'spikeinterface.extractors' has no attribute 'NwbRecordingExtractor')
2026-10-03T08:14:14Z WARNING [58/1870] 2bcc52b2-de34-4239-ac17-7b5ec4436171: leaving unrecorded for a later run to retry.
2026-10-03T08:14:15Z WARNING 2bccb1c0-75eb-498d-90e1-29c72a629f4b: failed while reading the ElectricalSeries rates (AttributeError: module 'spikeinterface.extractors' has no attribute 'NwbRecordingExtractor')
2026-10-03T08:14:15Z WARNING [59/1870] 2bccb1c0-75eb-498d-90e1-29c72a629f4b: leaving unrecorded for a later run to retry.
2026-10-03T08:14:15Z WARNING 2bcdee47-d420-428b-a5a1-ef1e67012e90: failed while reading the ElectricalSeries rates (AttributeError: module 'spikeinterface.extractors' has no attribute 'NwbRecordingExtractor')
2026-10-03T08:14:15Z WARNING [60/1870] 2bcdee47-d420-428b-a5a1-ef1e67012e90: leaving unrecorded for a later run to retry.
2026-10-03T08:14:15Z WARNING 2bce6d87-5de0-4e78-a6f0-ef11df959cb2: failed while reading the ElectricalSeries rates (AttributeError: module 'spikeinterface.extractors' has no attribute 'NwbRecordingExtractor')
2026-10-03T08:14:15Z WARNING [61/1870] 2bce6d87-5de0-4e78-a6f0-ef11df959cb2: leaving unrecorded for a later run to retry.
2026-10-03T08:14:15Z WARNING 2bce7796-5258-458c-a159-9839b5250073: failed while reading the ElectricalSeries rates (AttributeError: module 'spikeinterface.extractors' has no attribute 'NwbRecordingExtractor')
2026-10-03T08:14:15Z WARNING [62/1870] 2bce7796-5258-458c-a159-9839b5250073: leaving unrecorded for a later run to retry.
2026-10-03T08:14:15Z WARNING 2bcfb4fe-8a30-44fb-b9a0-007968e28595: failed while reading the ElectricalSeries rates (AttributeError: module 'spikeinterface.extractors' has no attribute 'NwbRecordingExtractor')
2026-10-03T08:14:15Z WARNING [63/1870] 2bcfb4fe-8a30-44fb-b9a0-007968e28595: leaving unrecorded for a later run to retry.
2026-10-03T08:14:16Z WARNING 2bd07aa8-a9e9-42bf-ad3b-67171900366a: failed while reading the ElectricalSeries rates (AttributeError: module 'spikeinterface.extractors' has no attribute 'NwbRecordingExtractor')
2026-10-03T08:14:16Z WARNING [64/1870] 2bd07aa8-a9e9-42bf-ad3b-67171900366a: leaving unrecorded for a later run to retry.
2026-10-03T08:14:16Z WARNING 2bd0a799-5fad-474f-812e-bffe03bdd353: failed while reading the ElectricalSeries rates (AttributeError: module 'spikeinterface.extractors' has no attribute 'NwbRecordingExtractor')
2026-10-03T08:14:16Z WARNING [65/1870] 2bd0a799-5fad-474f-812e-bffe03bdd353: leaving unrecorded for a later run to retry.
2026-10-03T08:14:16Z WARNING 2bd1a843-98dd-473f-99a1-16a9e7105c54: failed while reading the ElectricalSeries rates (AttributeError: module 'spikeinterface.extractors' has no attribute 'NwbRecordingExtractor')
2026-10-03T08:14:16Z WARNING [66/1870] 2bd1a843-98dd-473f-99a1-16a9e7105c54: leaving unrecorded for a later run to retry.
2026-10-03T08:14:16Z WARNING 2bd1e2a3-89af-4c50-982f-567402aebd2f: failed while reading the ElectricalSeries rates (AttributeError: module 'spikeinterface.extractors' has no attribute 'NwbRecordingExtractor')
2026-10-03T08:14:16Z WARNING [67/1870] 2bd1e2a3-89af-4c50-982f-567402aebd2f: leaving unrecorded for a later run to retry.
2026-10-03T08:14:17Z WARNING 2bd26136-730f-4609-a497-4505294fe1fa: failed while reading the ElectricalSeries rates (AttributeError: module 'spikeinterface.extractors' has no attribute 'NwbRecordingExtractor')
2026-10-03T08:14:17Z WARNING [68/1870] 2bd26136-730f-4609-a497-4505294fe1fa: leaving unrecorded for a later run to retry.
2026-10-03T08:14:17Z WARNING 2bd37b50-eeda-447d-a6a6-1c88a27fb12f: failed while reading the ElectricalSeries rates (AttributeError: module 'spikeinterface.extractors' has no attribute 'NwbRecordingExtractor')
2026-10-03T08:14:17Z WARNING [69/1870] 2bd37b50-eeda-447d-a6a6-1c88a27fb12f: leaving unrecorded for a later run to retry.
2026-10-03T08:14:17Z WARNING 2bd37f4c-d354-4dfa-981c-648bd71ed473: failed while reading the ElectricalSeries rates (AttributeError: module 'spikeinterface.extractors' has no attribute 'NwbRecordingExtractor')
2026-10-03T08:14:17Z WARNING [70/1870] 2bd37f4c-d354-4dfa-981c-648bd71ed473: leaving unrecorded for a later run to retry.
2026-10-03T08:14:17Z WARNING 2bd3ad1c-e93d-4095-a2b4-8b18d839218b: failed while reading the ElectricalSeries rates (AttributeError: module 'spikeinterface.extractors' has no attribute 'NwbRecordingExtractor')
2026-10-03T08:14:17Z WARNING [71/1870] 2bd3ad1c-e93d-4095-a2b4-8b18d839218b: leaving unrecorded for a later run to retry.
2026-10-03T08:14:18Z WARNING 2bd4cc40-b324-45fd-9442-d99b5173d392: failed while reading the ElectricalSeries rates (AttributeError: module 'spikeinterface.extractors' has no attribute 'NwbRecordingExtractor')
2026-10-03T08:14:18Z WARNING [72/1870] 2bd4cc40-b324-45fd-9442-d99b5173d392: leaving unrecorded for a later run to retry.
2026-10-03T08:14:18Z WARNING 2bd5088c-b486-4071-9dcb-44dbe9e47b5e: failed while reading the ElectricalSeries rates (AttributeError: module 'spikeinterface.extractors' has no attribute 'NwbRecordingExtractor')
2026-10-03T08:14:18Z WARNING [73/1870] 2bd5088c-b486-4071-9dcb-44dbe9e47b5e: leaving unrecorded for a later run to retry.
2026-10-03T08:14:18Z WARNING 2bd68d7f-af11-4853-bebf-0082a1665514: failed while reading the ElectricalSeries rates (AttributeError: module 'spikeinterface.extractors' has no attribute 'NwbRecordingExtractor')
2026-10-03T08:14:18Z WARNING [74/1870] 2bd68d7f-af11-4853-bebf-0082a1665514: leaving unrecorded for a later run to retry.
2026-10-03T08:14:18Z WARNING 2bd73888-75ea-429b-bbbe-9469d3dd87ff: failed while reading the ElectricalSeries rates (AttributeError: module 'spikeinterface.extractors' has no attribute 'NwbRecordingExtractor')
2026-10-03T08:14:18Z WARNING [75/1870] 2bd73888-75ea-429b-bbbe-9469d3dd87ff: leaving unrecorded for a later run to retry.
2026-10-03T08:14:19Z WARNING 2bd7cefd-7326-4963-bd79-fdd5230e1017: failed while reading the ElectricalSeries rates (AttributeError: module 'spikeinterface.extractors' has no attribute 'NwbRecordingExtractor')
2026-10-03T08:14:19Z WARNING [76/1870] 2bd7cefd-7326-4963-bd79-fdd5230e1017: leaving unrecorded for a later run to retry.
2026-10-03T08:14:19Z WARNING 2bd81c73-21bd-48b0-9a3b-77992c73e647: failed while reading the ElectricalSeries rates (AttributeError: module 'spikeinterface.extractors' has no attribute 'NwbRecordingExtractor')
2026-10-03T08:14:19Z WARNING [77/1870] 2bd81c73-21bd-48b0-9a3b-77992c73e647: leaving unrecorded for a later run to retry.
2026-10-03T08:14:19Z WARNING 2bd91a4e-1494-4be1-9e8e-c5cc3664d5ac: failed while reading the ElectricalSeries rates (AttributeError: module 'spikeinterface.extractors' has no attribute 'NwbRecordingExtractor')
2026-10-03T08:14:19Z WARNING [78/1870] 2bd91a4e-1494-4be1-9e8e-c5cc3664d5ac: leaving unrecorded for a later run to retry.
2026-10-03T08:14:19Z WARNING 2bd95c21-2c49-4a45-9842-5aa32d95861e: failed while reading the ElectricalSeries rates (AttributeError: module 'spikeinterface.extractors' has no attribute 'NwbRecordingExtractor')
2026-10-03T08:14:19Z WARNING [79/1870] 2bd95c21-2c49-4a45-9842-5aa32d95861e: leaving unrecorded for a later run to retry.
2026-10-03T08:14:20Z WARNING 2bda3aac-ecfa-43b8-9cce-1fd8c46c5f65: failed while reading the ElectricalSeries rates (AttributeError: module 'spikeinterface.extractors' has no attribute 'NwbRecordingExtractor')
2026-10-03T08:14:20Z WARNING [80/1870] 2bda3aac-ecfa-43b8-9cce-1fd8c46c5f65: leaving unrecorded for a later run to retry.
2026-10-03T08:14:20Z WARNING 2bdb07af-3de6-4eae-987e-4dd3df0d37e2: failed while reading the ElectricalSeries rates (AttributeError: module 'spikeinterface.extractors' has no attribute 'NwbRecordingExtractor')
2026-10-03T08:14:20Z WARNING [81/1870] 2bdb07af-3de6-4eae-987e-4dd3df0d37e2: leaving unrecorded for a later run to retry.
2026-10-03T08:14:20Z WARNING 2bdb2202-dbdb-46f4-b949-6eac142de844: failed while reading the ElectricalSeries rates (AttributeError: module 'spikeinterface.extractors' has no attribute 'NwbRecordingExtractor')
2026-10-03T08:14:20Z WARNING [82/1870] 2bdb2202-dbdb-46f4-b949-6eac142de844: leaving unrecorded for a later run to retry.
2026-10-03T08:14:20Z WARNING 2bdb3434-6d70-4e96-af9b-c14acc8f0a51: failed while reading the ElectricalSeries rates (AttributeError: module 'spikeinterface.extractors' has no attribute 'NwbRecordingExtractor')
2026-10-03T08:14:20Z WARNING [83/1870] 2bdb3434-6d70-4e96-af9b-c14acc8f0a51: leaving unrecorded for a later run to retry.
2026-10-03T08:14:21Z WARNING 2bdbb420-a3e8-48e0-9998-9ee3728578ff: failed while reading the ElectricalSeries rates (AttributeError: module 'spikeinterface.extractors' has no attribute 'NwbRecordingExtractor')
2026-10-03T08:14:21Z WARNING [84/1870] 2bdbb420-a3e8-48e0-9998-9ee3728578ff: leaving unrecorded for a later run to retry.
2026-10-03T08:14:21Z WARNING 2bdd6fc6-90df-40b2-8c82-7fe5b1cebefd: failed while reading the ElectricalSeries rates (AttributeError: module 'spikeinterface.extractors' has no attribute 'NwbRecordingExtractor')
2026-10-03T08:14:21Z WARNING [85/1870] 2bdd6fc6-90df-40b2-8c82-7fe5b1cebefd: leaving unrecorded for a later run to retry.
2026-10-03T08:14:21Z WARNING 2bdda4b9-42f8-427d-a466-34f2936f7bfe: failed while reading the ElectricalSeries rates (AttributeError: module 'spikeinterface.extractors' has no attribute 'NwbRecordingExtractor')
2026-10-03T08:14:21Z WARNING [86/1870] 2bdda4b9-42f8-427d-a466-34f2936f7bfe: leaving unrecorded for a later run to retry.
2026-10-03T08:14:21Z WARNING 2bde3f67-420c-45b1-971d-68dd79612f30: failed while reading the ElectricalSeries rates (AttributeError: module 'spikeinterface.extractors' has no attribute 'NwbRecordingExtractor')
2026-10-03T08:14:21Z WARNING [87/1870] 2bde3f67-420c-45b1-971d-68dd79612f30: leaving unrecorded for a later run to retry.
2026-10-03T08:14:22Z WARNING 2bdecf42-6935-4f4e-8362-99f4eecaddce: failed while reading the ElectricalSeries rates (AttributeError: module 'spikeinterface.extractors' has no attribute 'NwbRecordingExtractor')
2026-10-03T08:14:22Z WARNING [88/1870] 2bdecf42-6935-4f4e-8362-99f4eecaddce: leaving unrecorded for a later run to retry.
2026-10-03T08:14:22Z WARNING 2bdf6d21-34ee-4e89-87ae-c0cc8ddb98bf: failed while reading the ElectricalSeries rates (AttributeError: module 'spikeinterface.extractors' has no attribute 'NwbRecordingExtractor')
2026-10-03T08:14:22Z WARNING [89/1870] 2bdf6d21-34ee-4e89-87ae-c0cc8ddb98bf: leaving unrecorded for a later run to retry.
2026-10-03T08:14:22Z WARNING 2be0f1bc-7e73-403c-83c2-c7ed9ef8581d: failed while reading the ElectricalSeries rates (AttributeError: module 'spikeinterface.extractors' has no attribute 'NwbRecordingExtractor')
2026-10-03T08:14:22Z WARNING [90/1870] 2be0f1bc-7e73-403c-83c2-c7ed9ef8581d: leaving unrecorded for a later run to retry.
2026-10-03T08:14:22Z WARNING 2be1700a-a0ca-44f7-ad3c-14e902964ceb: failed while reading the ElectricalSeries rates (AttributeError: module 'spikeinterface.extractors' has no attribute 'NwbRecordingExtractor')
2026-10-03T08:14:22Z WARNING [91/1870] 2be1700a-a0ca-44f7-ad3c-14e902964ceb: leaving unrecorded for a later run to retry.
2026-10-03T08:14:22Z WARNING 2be24d69-23eb-45cd-81e1-21413b23cecb: failed while reading the ElectricalSeries rates (AttributeError: module 'spikeinterface.extractors' has no attribute 'NwbRecordingExtractor')
2026-10-03T08:14:22Z WARNING [92/1870] 2be24d69-23eb-45cd-81e1-21413b23cecb: leaving unrecorded for a later run to retry.
2026-10-03T08:14:23Z WARNING 2be251ef-29de-4b35-a841-8f1dac93ee7b: failed while reading the ElectricalSeries rates (AttributeError: module 'spikeinterface.extractors' has no attribute 'NwbRecordingExtractor')
2026-10-03T08:14:23Z WARNING [93/1870] 2be251ef-29de-4b35-a841-8f1dac93ee7b: leaving unrecorded for a later run to retry.
2026-10-03T08:14:23Z WARNING 2be27c5f-3ddb-453d-b3b9-6eb4e4b18cf2: failed while reading the ElectricalSeries rates (AttributeError: module 'spikeinterface.extractors' has no attribute 'NwbRecordingExtractor')
2026-10-03T08:14:23Z WARNING [94/1870] 2be27c5f-3ddb-453d-b3b9-6eb4e4b18cf2: leaving unrecorded for a later run to retry.
2026-10-03T08:14:23Z WARNING 2be293a5-f874-465a-a410-8a3acb91412d: failed while reading the ElectricalSeries rates (AttributeError: module 'spikeinterface.extractors' has no attribute 'NwbRecordingExtractor')
2026-10-03T08:14:23Z WARNING [95/1870] 2be293a5-f874-465a-a410-8a3acb91412d: leaving unrecorded for a later run to retry.
2026-10-03T08:14:23Z WARNING 2be2a505-15a0-4cbd-91b1-da72889228f5: failed while reading the ElectricalSeries rates (AttributeError: module 'spikeinterface.extractors' has no attribute 'NwbRecordingExtractor')
2026-10-03T08:14:23Z WARNING [96/1870] 2be2a505-15a0-4cbd-91b1-da72889228f5: leaving unrecorded for a later run to retry.
2026-10-03T08:14:23Z WARNING 2be2c31b-5cac-4983-b3ff-26dd6b87206e: failed while reading the ElectricalSeries rates (AttributeError: module 'spikeinterface.extractors' has no attribute 'NwbRecordingExtractor')
2026-10-03T08:14:23Z WARNING [97/1870] 2be2c31b-5cac-4983-b3ff-26dd6b87206e: leaving unrecorded for a later run to retry.
2026-10-03T08:14:24Z WARNING 2be2ed00-2e88-47c1-ad96-7551f6210004: failed while reading the ElectricalSeries rates (AttributeError: module 'spikeinterface.extractors' has no attribute 'NwbRecordingExtractor')
2026-10-03T08:14:24Z WARNING [98/1870] 2be2ed00-2e88-47c1-ad96-7551f6210004: leaving unrecorded for a later run to retry.
2026-10-03T08:14:24Z WARNING 2be37968-900d-403c-8a67-961a575d45f9: failed while reading the ElectricalSeries rates (AttributeError: module 'spikeinterface.extractors' has no attribute 'NwbRecordingExtractor')
2026-10-03T08:14:24Z WARNING [99/1870] 2be37968-900d-403c-8a67-961a575d45f9: leaving unrecorded for a later run to retry.
2026-10-03T08:14:24Z WARNING 2be49675-1beb-4a37-9865-910d4fab5a7b: failed while reading the ElectricalSeries rates (AttributeError: module 'spikeinterface.extractors' has no attribute 'NwbRecordingExtractor')
2026-10-03T08:14:24Z WARNING [100/1870] 2be49675-1beb-4a37-9865-910d4fab5a7b: leaving unrecorded for a later run to retry.
2026-10-03T08:14:24Z INFO [100/1870] 2be49675-1beb-4a37-9865-910d4fab5a7b: checkpointed 60602 records.
2026-10-03T08:14:25Z WARNING 2be50342-2ca6-4178-ac0c-71ee7dad891d: failed while reading the ElectricalSeries rates (AttributeError: module 'spikeinterface.extractors' has no attribute 'NwbRecordingExtractor')
2026-10-03T08:14:25Z WARNING [101/1870] 2be50342-2ca6-4178-ac0c-71ee7dad891d: leaving unrecorded for a later run to retry.
2026-10-03T08:14:25Z WARNING 2be577f9-c463-4c3a-b715-f06dade0f7b4: failed while reading the ElectricalSeries rates (AttributeError: module 'spikeinterface.extractors' has no attribute 'NwbRecordingExtractor')
2026-10-03T08:14:25Z WARNING [102/1870] 2be577f9-c463-4c3a-b715-f06dade0f7b4: leaving unrecorded for a later run to retry.
2026-10-03T08:14:25Z WARNING 2be58a7c-1fa0-4a7b-ab84-97c030e0aa15: failed while reading the ElectricalSeries rates (AttributeError: module 'spikeinterface.extractors' has no attribute 'NwbRecordingExtractor')
2026-10-03T08:14:25Z WARNING [103/1870] 2be58a7c-1fa0-4a7b-ab84-97c030e0aa15: leaving unrecorded for a later run to retry.
2026-10-03T08:14:25Z WARNING 2be5c729-a123-41dd-bd18-4fe83e122d7f: failed while reading the ElectricalSeries rates (AttributeError: module 'spikeinterface.extractors' has no attribute 'NwbRecordingExtractor')
2026-10-03T08:14:25Z WARNING [104/1870] 2be5c729-a123-41dd-bd18-4fe83e122d7f: leaving unrecorded for a later run to retry.
2026-10-03T08:14:25Z WARNING 2be642d6-7d8f-486a-acda-cb7733f44eac: failed while reading the ElectricalSeries rates (AttributeError: module 'spikeinterface.extractors' has no attribute 'NwbRecordingExtractor')
2026-10-03T08:14:25Z WARNING [105/1870] 2be642d6-7d8f-486a-acda-cb7733f44eac: leaving unrecorded for a later run to retry.
2026-10-03T08:14:26Z WARNING 2be6b404-8bc6-4f4b-9048-2694e3fc66ad: failed while reading the ElectricalSeries rates (AttributeError: module 'spikeinterface.extractors' has no attribute 'NwbRecordingExtractor')
2026-10-03T08:14:26Z WARNING [106/1870] 2be6b404-8bc6-4f4b-9048-2694e3fc66ad: leaving unrecorded for a later run to retry.
2026-10-03T08:14:26Z WARNING 2be6e9aa-1ebf-4ac9-8d48-13a9c7f96770: failed while reading the ElectricalSeries rates (AttributeError: module 'spikeinterface.extractors' has no attribute 'NwbRecordingExtractor')
2026-10-03T08:14:26Z WARNING [107/1870] 2be6e9aa-1ebf-4ac9-8d48-13a9c7f96770: leaving unrecorded for a later run to retry.
2026-10-03T08:14:26Z WARNING 2be772bb-d634-4312-9b43-e71bb47a1141: failed while reading the ElectricalSeries rates (AttributeError: module 'spikeinterface.extractors' has no attribute 'NwbRecordingExtractor')
2026-10-03T08:14:26Z WARNING [108/1870] 2be772bb-d634-4312-9b43-e71bb47a1141: leaving unrecorded for a later run to retry.
2026-10-03T08:14:26Z WARNING 2be7905f-93cf-4862-9aff-323df0bf7992: failed while reading the ElectricalSeries rates (AttributeError: module 'spikeinterface.extractors' has no attribute 'NwbRecordingExtractor')
2026-10-03T08:14:26Z WARNING [109/1870] 2be7905f-93cf-4862-9aff-323df0bf7992: leaving unrecorded for a later run to retry.
2026-10-03T08:14:27Z WARNING 2be7ab76-fd6c-42d2-83e1-a407aab9419f: failed while reading the ElectricalSeries rates (AttributeError: module 'spikeinterface.extractors' has no attribute 'NwbRecordingExtractor')
2026-10-03T08:14:27Z WARNING [110/1870] 2be7ab76-fd6c-42d2-83e1-a407aab9419f: leaving unrecorded for a later run to retry.
2026-10-03T08:14:27Z WARNING 2be7c59c-7668-4606-afa4-8a0a6fdb24cc: failed while reading the ElectricalSeries rates (AttributeError: module 'spikeinterface.extractors' has no attribute 'NwbRecordingExtractor')
2026-10-03T08:14:27Z WARNING [111/1870] 2be7c59c-7668-4606-afa4-8a0a6fdb24cc: leaving unrecorded for a later run to retry.
2026-10-03T08:14:27Z WARNING 2be8939f-19de-4d94-b6da-66a3e3372a1f: failed while reading the ElectricalSeries rates (AttributeError: module 'spikeinterface.extractors' has no attribute 'NwbRecordingExtractor')
2026-10-03T08:14:27Z WARNING [112/1870] 2be8939f-19de-4d94-b6da-66a3e3372a1f: leaving unrecorded for a later run to retry.
2026-10-03T08:14:27Z WARNING 2be97537-fc7d-4175-8fb9-153ac5d7639a: failed while reading the ElectricalSeries rates (AttributeError: module 'spikeinterface.extractors' has no attribute 'NwbRecordingExtractor')
2026-10-03T08:14:27Z WARNING [113/1870] 2be97537-fc7d-4175-8fb9-153ac5d7639a: leaving unrecorded for a later run to retry.
2026-10-03T08:14:28Z WARNING 2be9e151-b63f-4f8d-8bfb-228801c68c20: failed while reading the ElectricalSeries rates (AttributeError: module 'spikeinterface.extractors' has no attribute 'NwbRecordingExtractor')
2026-10-03T08:14:28Z WARNING [114/1870] 2be9e151-b63f-4f8d-8bfb-228801c68c20: leaving unrecorded for a later run to retry.
2026-10-03T08:14:28Z WARNING 2bea9b39-a78f-44b0-8160-5bf99d6187a6: failed while reading the ElectricalSeries rates (AttributeError: module 'spikeinterface.extractors' has no attribute 'NwbRecordingExtractor')
2026-10-03T08:14:28Z WARNING [115/1870] 2bea9b39-a78f-44b0-8160-5bf99d6187a6: leaving unrecorded for a later run to retry.
2026-10-03T08:14:28Z WARNING 2beaab58-42c0-4730-a568-bf18d0927b42: failed while reading the ElectricalSeries rates (AttributeError: module 'spikeinterface.extractors' has no attribute 'NwbRecordingExtractor')
2026-10-03T08:14:28Z WARNING [116/1870] 2beaab58-42c0-4730-a568-bf18d0927b42: leaving unrecorded for a later run to retry.
2026-10-03T08:14:28Z WARNING 2beaef83-69ac-46cb-8646-58d43ef1940f: failed while reading the ElectricalSeries rates (AttributeError: module 'spikeinterface.extractors' has no attribute 'NwbRecordingExtractor')
2026-10-03T08:14:28Z WARNING [117/1870] 2beaef83-69ac-46cb-8646-58d43ef1940f: leaving unrecorded for a later run to retry.
2026-10-03T08:14:28Z WARNING 2beb09fc-ae77-44cf-b8a3-e524b7167bbc: failed while reading the ElectricalSeries rates (AttributeError: module 'spikeinterface.extractors' has no attribute 'NwbRecordingExtractor')
2026-10-03T08:14:28Z WARNING [118/1870] 2beb09fc-ae77-44cf-b8a3-e524b7167bbc: leaving unrecorded for a later run to retry.
2026-10-03T08:14:29Z WARNING 2beb34cb-36ae-4d17-8620-10157afe92e1: failed while reading the ElectricalSeries rates (AttributeError: module 'spikeinterface.extractors' has no attribute 'NwbRecordingExtractor')
2026-10-03T08:14:29Z WARNING [119/1870] 2beb34cb-36ae-4d17-8620-10157afe92e1: leaving unrecorded for a later run to retry.
2026-10-03T08:14:29Z WARNING 2beb6a07-e7fa-472e-bac3-b9f956501268: failed while reading the ElectricalSeries rates (AttributeError: module 'spikeinterface.extractors' has no attribute 'NwbRecordingExtractor')
2026-10-03T08:14:29Z WARNING [120/1870] 2beb6a07-e7fa-472e-bac3-b9f956501268: leaving unrecorded for a later run to retry.
2026-10-03T08:14:29Z WARNING 2bec8fe7-ed1d-4e5c-b1e3-a712f7e81c26: failed while reading the ElectricalSeries rates (AttributeError: module 'spikeinterface.extractors' has no attribute 'NwbRecordingExtractor')
2026-10-03T08:14:29Z WARNING [121/1870] 2bec8fe7-ed1d-4e5c-b1e3-a712f7e81c26: leaving unrecorded for a later run to retry.
2026-10-03T08:14:29Z WARNING 2becc1f1-831f-414d-a1a8-7aa770d1e264: failed while reading the ElectricalSeries rates (AttributeError: module 'spikeinterface.extractors' has no attribute 'NwbRecordingExtractor')
2026-10-03T08:14:29Z WARNING [122/1870] 2becc1f1-831f-414d-a1a8-7aa770d1e264: leaving unrecorded for a later run to retry.
2026-10-03T08:14:30Z WARNING 2bed4faa-2245-4ff5-a77d-464cae417273: failed while reading the ElectricalSeries rates (AttributeError: module 'spikeinterface.extractors' has no attribute 'NwbRecordingExtractor')
2026-10-03T08:14:30Z WARNING [123/1870] 2bed4faa-2245-4ff5-a77d-464cae417273: leaving unrecorded for a later run to retry.
2026-10-03T08:14:30Z WARNING 2bed5044-e555-4754-a9c4-7259f3906612: failed while reading the ElectricalSeries rates (AttributeError: module 'spikeinterface.extractors' has no attribute 'NwbRecordingExtractor')
2026-10-03T08:14:30Z WARNING [124/1870] 2bed5044-e555-4754-a9c4-7259f3906612: leaving unrecorded for a later run to retry.
2026-10-03T08:14:30Z WARNING 2bee444d-af30-4e0e-9ce2-e6babf4feb53: failed while reading the ElectricalSeries rates (AttributeError: module 'spikeinterface.extractors' has no attribute 'NwbRecordingExtractor')
2026-10-03T08:14:30Z WARNING [125/1870] 2bee444d-af30-4e0e-9ce2-e6babf4feb53: leaving unrecorded for a later run to retry.
2026-10-03T08:14:30Z WARNING 2bee9209-755d-4984-a4d4-79ac2ee7d4e7: failed while reading the ElectricalSeries rates (AttributeError: module 'spikeinterface.extractors' has no attribute 'NwbRecordingExtractor')
2026-10-03T08:14:30Z WARNING [126/1870] 2bee9209-755d-4984-a4d4-79ac2ee7d4e7: leaving unrecorded for a later run to retry.
2026-10-03T08:14:31Z WARNING 2beecf27-6db4-4ba0-b466-803e3dc5d068: failed while reading the ElectricalSeries rates (AttributeError: module 'spikeinterface.extractors' has no attribute 'NwbRecordingExtractor')
2026-10-03T08:14:31Z WARNING [127/1870] 2beecf27-6db4-4ba0-b466-803e3dc5d068: leaving unrecorded for a later run to retry.
2026-10-03T08:14:31Z WARNING 2bef78ac-84a9-485b-9afd-854fb8c5f5d4: failed while reading the ElectricalSeries rates (AttributeError: module 'spikeinterface.extractors' has no attribute 'NwbRecordingExtractor')
2026-10-03T08:14:31Z WARNING [128/1870] 2bef78ac-84a9-485b-9afd-854fb8c5f5d4: leaving unrecorded for a later run to retry.
2026-10-03T08:14:31Z WARNING 2bf0b85b-8f4d-41ed-a5a0-067af87b8a87: failed while reading the ElectricalSeries rates (AttributeError: module 'spikeinterface.extractors' has no attribute 'NwbRecordingExtractor')
2026-10-03T08:14:31Z WARNING [129/1870] 2bf0b85b-8f4d-41ed-a5a0-067af87b8a87: leaving unrecorded for a later run to retry.
2026-10-03T08:14:31Z WARNING 2bf0da9b-c62f-441a-bd81-2bd5fcfbb25b: failed while reading the ElectricalSeries rates (AttributeError: module 'spikeinterface.extractors' has no attribute 'NwbRecordingExtractor')
2026-10-03T08:14:31Z WARNING [130/1870] 2bf0da9b-c62f-441a-bd81-2bd5fcfbb25b: leaving unrecorded for a later run to retry.
2026-10-03T08:14:32Z WARNING 2bf11704-6191-41c1-9792-7b32070ea7ff: failed while reading the ElectricalSeries rates (AttributeError: module 'spikeinterface.extractors' has no attribute 'NwbRecordingExtractor')
2026-10-03T08:14:32Z WARNING [131/1870] 2bf11704-6191-41c1-9792-7b32070ea7ff: leaving unrecorded for a later run to retry.
2026-10-03T08:14:32Z WARNING 2bf1a8f5-16b2-4dce-b5bd-f0cba57d7bab: failed while reading the ElectricalSeries rates (AttributeError: module 'spikeinterface.extractors' has no attribute 'NwbRecordingExtractor')
2026-10-03T08:14:32Z WARNING [132/1870] 2bf1a8f5-16b2-4dce-b5bd-f0cba57d7bab: leaving unrecorded for a later run to retry.
2026-10-03T08:14:32Z WARNING 2bf1e051-7b2b-4521-8257-e5141b12e4e7: failed while reading the ElectricalSeries rates (AttributeError: module 'spikeinterface.extractors' has no attribute 'NwbRecordingExtractor')
2026-10-03T08:14:32Z WARNING [133/1870] 2bf1e051-7b2b-4521-8257-e5141b12e4e7: leaving unrecorded for a later run to retry.
2026-10-03T08:14:32Z WARNING 2bf2afe1-daf9-434c-88cb-5e38b02f4c51: failed while reading the ElectricalSeries rates (AttributeError: module 'spikeinterface.extractors' has no attribute 'NwbRecordingExtractor')
2026-10-03T08:14:32Z WARNING [134/1870] 2bf2afe1-daf9-434c-88cb-5e38b02f4c51: leaving unrecorded for a later run to retry.
2026-10-03T08:14:33Z WARNING 2bf2baeb-2151-4c36-bbe7-f89b7ef85a9a: failed while reading the ElectricalSeries rates (AttributeError: module 'spikeinterface.extractors' has no attribute 'NwbRecordingExtractor')
2026-10-03T08:14:33Z WARNING [135/1870] 2bf2baeb-2151-4c36-bbe7-f89b7ef85a9a: leaving unrecorded for a later run to retry.
2026-10-03T08:14:33Z WARNING 2bf2f49c-c949-489b-8d26-fec016b68924: failed while reading the ElectricalSeries rates (AttributeError: module 'spikeinterface.extractors' has no attribute 'NwbRecordingExtractor')
2026-10-03T08:14:33Z WARNING [136/1870] 2bf2f49c-c949-489b-8d26-fec016b68924: leaving unrecorded for a later run to retry.
2026-10-03T08:14:33Z WARNING 2bf39bce-0919-46a2-8f04-cdb39c066fd0: failed while reading the ElectricalSeries rates (AttributeError: module 'spikeinterface.extractors' has no attribute 'NwbRecordingExtractor')
2026-10-03T08:14:33Z WARNING [137/1870] 2bf39bce-0919-46a2-8f04-cdb39c066fd0: leaving unrecorded for a later run to retry.
2026-10-03T08:14:33Z WARNING 2bf49ee9-735e-42b0-8562-abc1304a04a4: failed while reading the ElectricalSeries rates (AttributeError: module 'spikeinterface.extractors' has no attribute 'NwbRecordingExtractor')
2026-10-03T08:14:33Z WARNING [138/1870] 2bf49ee9-735e-42b0-8562-abc1304a04a4: leaving unrecorded for a later run to retry.
2026-10-03T08:14:34Z WARNING 2bf4fa09-6d0c-45f4-94cb-ec1929db0233: failed while reading the ElectricalSeries rates (AttributeError: module 'spikeinterface.extractors' has no attribute 'NwbRecordingExtractor')
2026-10-03T08:14:34Z WARNING [139/1870] 2bf4fa09-6d0c-45f4-94cb-ec1929db0233: leaving unrecorded for a later run to retry.
2026-10-03T08:14:34Z WARNING 2bf5d067-a56d-426c-85b5-a2495441c01c: failed while reading the ElectricalSeries rates (AttributeError: module 'spikeinterface.extractors' has no attribute 'NwbRecordingExtractor')
2026-10-03T08:14:34Z WARNING [140/1870] 2bf5d067-a56d-426c-85b5-a2495441c01c: leaving unrecorded for a later run to retry.
2026-10-03T08:14:34Z WARNING 2bf67f03-0d3c-4c68-b2d8-80799597bbbf: failed while reading the ElectricalSeries rates (AttributeError: module 'spikeinterface.extractors' has no attribute 'NwbRecordingExtractor')
2026-10-03T08:14:34Z WARNING [141/1870] 2bf67f03-0d3c-4c68-b2d8-80799597bbbf: leaving unrecorded for a later run to retry.
2026-10-03T08:14:34Z WARNING 2bf73228-114c-45e6-9c04-86af6dbb41ff: failed while reading the ElectricalSeries rates (AttributeError: module 'spikeinterface.extractors' has no attribute 'NwbRecordingExtractor')
2026-10-03T08:14:34Z WARNING [142/1870] 2bf73228-114c-45e6-9c04-86af6dbb41ff: leaving unrecorded for a later run to retry.
2026-10-03T08:14:35Z WARNING 2bf7e578-354e-453c-acce-8da73e4354dc: failed while reading the ElectricalSeries rates (AttributeError: module 'spikeinterface.extractors' has no attribute 'NwbRecordingExtractor')
2026-10-03T08:14:35Z WARNING [143/1870] 2bf7e578-354e-453c-acce-8da73e4354dc: leaving unrecorded for a later run to retry.
2026-10-03T08:14:35Z WARNING 2bf834a2-7b32-4f49-968e-1dac4bcf4fd8: failed while reading the ElectricalSeries rates (AttributeError: module 'spikeinterface.extractors' has no attribute 'NwbRecordingExtractor')
2026-10-03T08:14:35Z WARNING [144/1870] 2bf834a2-7b32-4f49-968e-1dac4bcf4fd8: leaving unrecorded for a later run to retry.
2026-10-03T08:14:35Z WARNING 2bf8fd72-85f2-453b-92d0-a2c7b2979b8a: failed while reading the ElectricalSeries rates (AttributeError: module 'spikeinterface.extractors' has no attribute 'NwbRecordingExtractor')
2026-10-03T08:14:35Z WARNING [145/1870] 2bf8fd72-85f2-453b-92d0-a2c7b2979b8a: leaving unrecorded for a later run to retry.
2026-10-03T08:14:35Z WARNING 2bfa9852-a47a-4483-8252-a4c1ed45ef7d: failed while reading the ElectricalSeries rates (AttributeError: module 'spikeinterface.extractors' has no attribute 'NwbRecordingExtractor')
2026-10-03T08:14:35Z WARNING [146/1870] 2bfa9852-a47a-4483-8252-a4c1ed45ef7d: leaving unrecorded for a later run to retry.
2026-10-03T08:14:36Z WARNING 2bfb51d0-1496-4082-b88a-275bf223e274: failed while reading the ElectricalSeries rates (AttributeError: module 'spikeinterface.extractors' has no attribute 'NwbRecordingExtractor')
2026-10-03T08:14:36Z WARNING [147/1870] 2bfb51d0-1496-4082-b88a-275bf223e274: leaving unrecorded for a later run to retry.
2026-10-03T08:14:36Z WARNING 2bfbc0fd-d969-4663-a758-27dbaf258480: failed while reading the ElectricalSeries rates (AttributeError: module 'spikeinterface.extractors' has no attribute 'NwbRecordingExtractor')
2026-10-03T08:14:36Z WARNING [148/1870] 2bfbc0fd-d969-4663-a758-27dbaf258480: leaving unrecorded for a later run to retry.
2026-10-03T08:14:36Z WARNING 2bfc8cda-b968-4e53-9b57-54bcfb578c5a: failed while reading the ElectricalSeries rates (AttributeError: module 'spikeinterface.extractors' has no attribute 'NwbRecordingExtractor')
2026-10-03T08:14:36Z WARNING [149/1870] 2bfc8cda-b968-4e53-9b57-54bcfb578c5a: leaving unrecorded for a later run to retry.
2026-10-03T08:14:36Z WARNING 2bfc9112-1552-43c7-be2e-35fa0fc9e0ae: failed while reading the ElectricalSeries rates (AttributeError: module 'spikeinterface.extractors' has no attribute 'NwbRecordingExtractor')
2026-10-03T08:14:36Z WARNING [150/1870] 2bfc9112-1552-43c7-be2e-35fa0fc9e0ae: leaving unrecorded for a later run to retry.
2026-10-03T08:14:36Z INFO [150/1870] 2bfc9112-1552-43c7-be2e-35fa0fc9e0ae: checkpointed 60602 records.
2026-10-03T08:14:37Z WARNING 2bfc99e6-cc47-4b0d-85f3-05cd6194379f: failed while reading the ElectricalSeries rates (AttributeError: module 'spikeinterface.extractors' has no attribute 'NwbRecordingExtractor')
2026-10-03T08:14:37Z WARNING [151/1870] 2bfc99e6-cc47-4b0d-85f3-05cd6194379f: leaving unrecorded for a later run to retry.
2026-10-03T08:14:37Z WARNING 2bfcc756-902f-465a-a3b0-949c3509b71d: failed while reading the ElectricalSeries rates (AttributeError: module 'spikeinterface.extractors' has no attribute 'NwbRecordingExtractor')
2026-10-03T08:14:37Z WARNING [152/1870] 2bfcc756-902f-465a-a3b0-949c3509b71d: leaving unrecorded for a later run to retry.
2026-10-03T08:14:37Z WARNING 2bfcdc3e-68a2-44eb-a183-16430b35b550: failed while reading the ElectricalSeries rates (AttributeError: module 'spikeinterface.extractors' has no attribute 'NwbRecordingExtractor')
2026-10-03T08:14:37Z WARNING [153/1870] 2bfcdc3e-68a2-44eb-a183-16430b35b550: leaving unrecorded for a later run to retry.
2026-10-03T08:14:38Z WARNING 2bfd0324-e2ca-4d71-a5c4-c8d7b213d00f: failed while reading the ElectricalSeries rates (AttributeError: module 'spikeinterface.extractors' has no attribute 'NwbRecordingExtractor')
2026-10-03T08:14:38Z WARNING [154/1870] 2bfd0324-e2ca-4d71-a5c4-c8d7b213d00f: leaving unrecorded for a later run to retry.
2026-10-03T08:14:38Z WARNING 2bfd9541-3124-4077-a64f-682fbecb6ade: failed while reading the ElectricalSeries rates (AttributeError: module 'spikeinterface.extractors' has no attribute 'NwbRecordingExtractor')
2026-10-03T08:14:38Z WARNING [155/1870] 2bfd9541-3124-4077-a64f-682fbecb6ade: leaving unrecorded for a later run to retry.
2026-10-03T08:14:38Z WARNING 2bfdce51-1412-4d0e-8b3b-f4e5bc04a54a: failed while reading the ElectricalSeries rates (AttributeError: module 'spikeinterface.extractors' has no attribute 'NwbRecordingExtractor')
2026-10-03T08:14:38Z WARNING [156/1870] 2bfdce51-1412-4d0e-8b3b-f4e5bc04a54a: leaving unrecorded for a later run to retry.
2026-10-03T08:14:38Z WARNING 2bfe15d0-3f80-4bac-9706-53e121c8f71e: failed while reading the ElectricalSeries rates (AttributeError: module 'spikeinterface.extractors' has no attribute 'NwbRecordingExtractor')
2026-10-03T08:14:38Z WARNING [157/1870] 2bfe15d0-3f80-4bac-9706-53e121c8f71e: leaving unrecorded for a later run to retry.
2026-10-03T08:14:39Z WARNING 2bfe2d94-bba5-4f4b-82ed-2412ef17acfd: failed while reading the ElectricalSeries rates (AttributeError: module 'spikeinterface.extractors' has no attribute 'NwbRecordingExtractor')
2026-10-03T08:14:39Z WARNING [158/1870] 2bfe2d94-bba5-4f4b-82ed-2412ef17acfd: leaving unrecorded for a later run to retry.
2026-10-03T08:14:39Z WARNING 2bfeedf1-6d46-40b1-9019-d3053867f2b8: failed while reading the ElectricalSeries rates (AttributeError: module 'spikeinterface.extractors' has no attribute 'NwbRecordingExtractor')
2026-10-03T08:14:39Z WARNING [159/1870] 2bfeedf1-6d46-40b1-9019-d3053867f2b8: leaving unrecorded for a later run to retry.
2026-10-03T08:14:39Z WARNING 2bff5949-f836-4090-b87a-220c15526acd: failed while reading the ElectricalSeries rates (AttributeError: module 'spikeinterface.extractors' has no attribute 'NwbRecordingExtractor')
2026-10-03T08:14:39Z WARNING [160/1870] 2bff5949-f836-4090-b87a-220c15526acd: leaving unrecorded for a later run to retry.
2026-10-03T08:14:39Z WARNING 2bffa58d-da9f-4121-82e2-0517e18e12c9: failed while reading the ElectricalSeries rates (AttributeError: module 'spikeinterface.extractors' has no attribute 'NwbRecordingExtractor')
2026-10-03T08:14:39Z WARNING [161/1870] 2bffa58d-da9f-4121-82e2-0517e18e12c9: leaving unrecorded for a later run to retry.
2026-10-03T08:14:40Z WARNING 2c054aa9-38a4-4e75-b937-c67b62b18d43: failed while reading the ElectricalSeries rates (AttributeError: module 'spikeinterface.extractors' has no attribute 'NwbRecordingExtractor')
2026-10-03T08:14:40Z WARNING [162/1870] 2c054aa9-38a4-4e75-b937-c67b62b18d43: leaving unrecorded for a later run to retry.
2026-10-03T08:14:40Z WARNING 2c05e01e-d40f-413b-a76b-43459b449593: failed while reading the ElectricalSeries rates (AttributeError: module 'spikeinterface.extractors' has no attribute 'NwbRecordingExtractor')
2026-10-03T08:14:40Z WARNING [163/1870] 2c05e01e-d40f-413b-a76b-43459b449593: leaving unrecorded for a later run to retry.
2026-10-03T08:14:40Z WARNING 2c067cba-5369-47a6-bc57-4d220d57f9c6: failed while reading the ElectricalSeries rates (AttributeError: module 'spikeinterface.extractors' has no attribute 'NwbRecordingExtractor')
2026-10-03T08:14:40Z WARNING [164/1870] 2c067cba-5369-47a6-bc57-4d220d57f9c6: leaving unrecorded for a later run to retry.
2026-10-03T08:14:40Z WARNING 2c0888c3-1d70-4dd7-9fc3-04d08c849ebb: failed while reading the ElectricalSeries rates (AttributeError: module 'spikeinterface.extractors' has no attribute 'NwbRecordingExtractor')
2026-10-03T08:14:40Z WARNING [165/1870] 2c0888c3-1d70-4dd7-9fc3-04d08c849ebb: leaving unrecorded for a later run to retry.
2026-10-03T08:14:40Z WARNING 2c09060f-c48c-4d32-bc13-23950ae04b10: failed while reading the ElectricalSeries rates (AttributeError: module 'spikeinterface.extractors' has no attribute 'NwbRecordingExtractor')
2026-10-03T08:14:40Z WARNING [166/1870] 2c09060f-c48c-4d32-bc13-23950ae04b10: leaving unrecorded for a later run to retry.
2026-10-03T08:14:41Z WARNING 2c0a9392-6801-4e5c-882a-f74f14b3a1db: failed while reading the ElectricalSeries rates (AttributeError: module 'spikeinterface.extractors' has no attribute 'NwbRecordingExtractor')
2026-10-03T08:14:41Z WARNING [167/1870] 2c0a9392-6801-4e5c-882a-f74f14b3a1db: leaving unrecorded for a later run to retry.
2026-10-03T08:14:41Z WARNING 2c0acd2f-13bf-4d11-82b2-488e5cc50afe: failed while reading the ElectricalSeries rates (AttributeError: module 'spikeinterface.extractors' has no attribute 'NwbRecordingExtractor')
2026-10-03T08:14:41Z WARNING [168/1870] 2c0acd2f-13bf-4d11-82b2-488e5cc50afe: leaving unrecorded for a later run to retry.
2026-10-03T08:14:41Z WARNING 2c0b6ad5-c9f9-4263-90af-6ed208a3aa8e: failed while reading the ElectricalSeries rates (AttributeError: module 'spikeinterface.extractors' has no attribute 'NwbRecordingExtractor')
2026-10-03T08:14:41Z WARNING [169/1870] 2c0b6ad5-c9f9-4263-90af-6ed208a3aa8e: leaving unrecorded for a later run to retry.
2026-10-03T08:14:41Z WARNING 2c0c1430-6a4f-45f1-8cfc-5f30bee7a830: failed while reading the ElectricalSeries rates (AttributeError: module 'spikeinterface.extractors' has no attribute 'NwbRecordingExtractor')
2026-10-03T08:14:41Z WARNING [170/1870] 2c0c1430-6a4f-45f1-8cfc-5f30bee7a830: leaving unrecorded for a later run to retry.
2026-10-03T08:14:41Z WARNING 2c0c48c7-28bc-4d93-aa9f-93c6b5c75405: failed while reading the ElectricalSeries rates (AttributeError: module 'spikeinterface.extractors' has no attribute 'NwbRecordingExtractor')
2026-10-03T08:14:41Z WARNING [171/1870] 2c0c48c7-28bc-4d93-aa9f-93c6b5c75405: leaving unrecorded for a later run to retry.
2026-10-03T08:14:42Z WARNING 2c0d1ff3-6e9a-4b1d-8f14-bbdad485453e: failed while reading the ElectricalSeries rates (AttributeError: module 'spikeinterface.extractors' has no attribute 'NwbRecordingExtractor')
2026-10-03T08:14:42Z WARNING [172/1870] 2c0d1ff3-6e9a-4b1d-8f14-bbdad485453e: leaving unrecorded for a later run to retry.
2026-10-03T08:14:42Z WARNING 2c0dab7d-1a24-4ba5-876c-b594e9975322: failed while reading the ElectricalSeries rates (AttributeError: module 'spikeinterface.extractors' has no attribute 'NwbRecordingExtractor')
2026-10-03T08:14:42Z WARNING [173/1870] 2c0dab7d-1a24-4ba5-876c-b594e9975322: leaving unrecorded for a later run to retry.
2026-10-03T08:14:42Z WARNING 2c0dd670-a596-4b2b-a689-f7f7fe50fafa: failed while reading the ElectricalSeries rates (AttributeError: module 'spikeinterface.extractors' has no attribute 'NwbRecordingExtractor')
2026-10-03T08:14:42Z WARNING [174/1870] 2c0dd670-a596-4b2b-a689-f7f7fe50fafa: leaving unrecorded for a later run to retry.
2026-10-03T08:14:42Z WARNING 2c0f22e2-aaf8-4f4f-bc6d-a7dffade6ce1: failed while reading the ElectricalSeries rates (AttributeError: module 'spikeinterface.extractors' has no attribute 'NwbRecordingExtractor')
2026-10-03T08:14:42Z WARNING [175/1870] 2c0f22e2-aaf8-4f4f-bc6d-a7dffade6ce1: leaving unrecorded for a later run to retry.
2026-10-03T08:14:43Z WARNING 2c0f9970-953e-415f-837c-e3d79254353f: failed while reading the ElectricalSeries rates (AttributeError: module 'spikeinterface.extractors' has no attribute 'NwbRecordingExtractor')
2026-10-03T08:14:43Z WARNING [176/1870] 2c0f9970-953e-415f-837c-e3d79254353f: leaving unrecorded for a later run to retry.
2026-10-03T08:14:43Z WARNING 2c0fe0b1-c98e-47b5-9170-e61a185a55b8: failed while reading the ElectricalSeries rates (AttributeError: module 'spikeinterface.extractors' has no attribute 'NwbRecordingExtractor')
2026-10-03T08:14:43Z WARNING [177/1870] 2c0fe0b1-c98e-47b5-9170-e61a185a55b8: leaving unrecorded for a later run to retry.
2026-10-03T08:14:43Z WARNING 2c105262-fc9b-42f9-b2a4-f307828fbd7a: failed while reading the ElectricalSeries rates (AttributeError: module 'spikeinterface.extractors' has no attribute 'NwbRecordingExtractor')
2026-10-03T08:14:43Z WARNING [178/1870] 2c105262-fc9b-42f9-b2a4-f307828fbd7a: leaving unrecorded for a later run to retry.
2026-10-03T08:14:43Z WARNING 2c105641-fa55-4aa2-8296-d178774d51ae: failed while reading the ElectricalSeries rates (AttributeError: module 'spikeinterface.extractors' has no attribute 'NwbRecordingExtractor')
2026-10-03T08:14:43Z WARNING [179/1870] 2c105641-fa55-4aa2-8296-d178774d51ae: leaving unrecorded for a later run to retry.
2026-10-03T08:14:44Z WARNING 2c105b23-53d9-40bf-829d-0049b68e470a: failed while reading the ElectricalSeries rates (AttributeError: module 'spikeinterface.extractors' has no attribute 'NwbRecordingExtractor')
2026-10-03T08:14:44Z WARNING [180/1870] 2c105b23-53d9-40bf-829d-0049b68e470a: leaving unrecorded for a later run to retry.
2026-10-03T08:14:44Z WARNING 2c10817c-6496-4326-acd6-ff6320167ef2: failed while reading the ElectricalSeries rates (AttributeError: module 'spikeinterface.extractors' has no attribute 'NwbRecordingExtractor')
2026-10-03T08:14:44Z WARNING [181/1870] 2c10817c-6496-4326-acd6-ff6320167ef2: leaving unrecorded for a later run to retry.
2026-10-03T08:14:44Z WARNING 2c10f8b3-0e99-4e5c-80a8-23ac142938b9: failed while reading the ElectricalSeries rates (AttributeError: module 'spikeinterface.extractors' has no attribute 'NwbRecordingExtractor')
2026-10-03T08:14:44Z WARNING [182/1870] 2c10f8b3-0e99-4e5c-80a8-23ac142938b9: leaving unrecorded for a later run to retry.
2026-10-03T08:14:44Z WARNING 2c1122b6-7a8d-4844-984e-9db141c491d3: failed while reading the ElectricalSeries rates (AttributeError: module 'spikeinterface.extractors' has no attribute 'NwbRecordingExtractor')
2026-10-03T08:14:44Z WARNING [183/1870] 2c1122b6-7a8d-4844-984e-9db141c491d3: leaving unrecorded for a later run to retry.
2026-10-03T08:14:45Z WARNING 2c11fa38-8bff-488e-ad62-df6cffde320b: failed while reading the ElectricalSeries rates (AttributeError: module 'spikeinterface.extractors' has no attribute 'NwbRecordingExtractor')
2026-10-03T08:14:45Z WARNING [184/1870] 2c11fa38-8bff-488e-ad62-df6cffde320b: leaving unrecorded for a later run to retry.
2026-10-03T08:14:45Z WARNING 2c123277-6bd8-4f63-a41c-b47681ce632e: failed while reading the ElectricalSeries rates (AttributeError: module 'spikeinterface.extractors' has no attribute 'NwbRecordingExtractor')
2026-10-03T08:14:45Z WARNING [185/1870] 2c123277-6bd8-4f63-a41c-b47681ce632e: leaving unrecorded for a later run to retry.
2026-10-03T08:14:45Z WARNING 2c12507b-8f61-4b79-bc63-0eb9f6db2ebe: failed while reading the ElectricalSeries rates (AttributeError: module 'spikeinterface.extractors' has no attribute 'NwbRecordingExtractor')
2026-10-03T08:14:45Z WARNING [186/1870] 2c12507b-8f61-4b79-bc63-0eb9f6db2ebe: leaving unrecorded for a later run to retry.
2026-10-03T08:14:45Z WARNING 2c1311ac-7870-442c-a12f-0430753833eb: failed while reading the ElectricalSeries rates (AttributeError: module 'spikeinterface.extractors' has no attribute 'NwbRecordingExtractor')
2026-10-03T08:14:45Z WARNING [187/1870] 2c1311ac-7870-442c-a12f-0430753833eb: leaving unrecorded for a later run to retry.
2026-10-03T08:14:45Z WARNING 2c1390a5-515d-4ffa-a155-9e719b757dc9: failed while reading the ElectricalSeries rates (AttributeError: module 'spikeinterface.extractors' has no attribute 'NwbRecordingExtractor')
2026-10-03T08:14:45Z WARNING [188/1870] 2c1390a5-515d-4ffa-a155-9e719b757dc9: leaving unrecorded for a later run to retry.
2026-10-03T08:14:46Z WARNING 2c13a847-a889-4b16-9121-aa9e51bb65fb: failed while reading the ElectricalSeries rates (AttributeError: module 'spikeinterface.extractors' has no attribute 'NwbRecordingExtractor')
2026-10-03T08:14:46Z WARNING [189/1870] 2c13a847-a889-4b16-9121-aa9e51bb65fb: leaving unrecorded for a later run to retry.
2026-10-03T08:14:46Z WARNING 2c13b660-c3b8-4741-8c70-f94cc293cebe: failed while reading the ElectricalSeries rates (AttributeError: module 'spikeinterface.extractors' has no attribute 'NwbRecordingExtractor')
2026-10-03T08:14:46Z WARNING [190/1870] 2c13b660-c3b8-4741-8c70-f94cc293cebe: leaving unrecorded for a later run to retry.
2026-10-03T08:14:46Z WARNING 2c140a45-b116-4ec5-927c-5990fb233199: failed while reading the ElectricalSeries rates (AttributeError: module 'spikeinterface.extractors' has no attribute 'NwbRecordingExtractor')
2026-10-03T08:14:46Z WARNING [191/1870] 2c140a45-b116-4ec5-927c-5990fb233199: leaving unrecorded for a later run to retry.
2026-10-03T08:14:46Z WARNING 2c14a83e-dc58-4eb0-a4c4-42fa45523148: failed while reading the ElectricalSeries rates (AttributeError: module 'spikeinterface.extractors' has no attribute 'NwbRecordingExtractor')
2026-10-03T08:14:46Z WARNING [192/1870] 2c14a83e-dc58-4eb0-a4c4-42fa45523148: leaving unrecorded for a later run to retry.
2026-10-03T08:14:47Z WARNING 2c14da3c-4718-4c32-abfe-4d031378138a: failed while reading the ElectricalSeries rates (AttributeError: module 'spikeinterface.extractors' has no attribute 'NwbRecordingExtractor')
2026-10-03T08:14:47Z WARNING [193/1870] 2c14da3c-4718-4c32-abfe-4d031378138a: leaving unrecorded for a later run to retry.
2026-10-03T08:14:47Z WARNING 2c151398-0a0f-4960-ab26-92f723cd7be6: failed while reading the ElectricalSeries rates (AttributeError: module 'spikeinterface.extractors' has no attribute 'NwbRecordingExtractor')
2026-10-03T08:14:47Z WARNING [194/1870] 2c151398-0a0f-4960-ab26-92f723cd7be6: leaving unrecorded for a later run to retry.
2026-10-03T08:14:47Z WARNING 2c159da4-1138-4fdc-b330-cf433c132f9e: failed while reading the ElectricalSeries rates (AttributeError: module 'spikeinterface.extractors' has no attribute 'NwbRecordingExtractor')
2026-10-03T08:14:47Z WARNING [195/1870] 2c159da4-1138-4fdc-b330-cf433c132f9e: leaving unrecorded for a later run to retry.
2026-10-03T08:14:47Z WARNING 2c169051-4bdd-4900-b9a9-9586fe3327cb: failed while reading the ElectricalSeries rates (AttributeError: module 'spikeinterface.extractors' has no attribute 'NwbRecordingExtractor')
2026-10-03T08:14:47Z WARNING [196/1870] 2c169051-4bdd-4900-b9a9-9586fe3327cb: leaving unrecorded for a later run to retry.
2026-10-03T08:14:47Z WARNING 2c171f59-978a-49ad-9f81-410281d66a60: failed while reading the ElectricalSeries rates (AttributeError: module 'spikeinterface.extractors' has no attribute 'NwbRecordingExtractor')
2026-10-03T08:14:47Z WARNING [197/1870] 2c171f59-978a-49ad-9f81-410281d66a60: leaving unrecorded for a later run to retry.
2026-10-03T08:14:48Z WARNING 2c18a41c-a960-4c80-89f1-97b92ec68140: failed while reading the ElectricalSeries rates (AttributeError: module 'spikeinterface.extractors' has no attribute 'NwbRecordingExtractor')
2026-10-03T08:14:48Z WARNING [198/1870] 2c18a41c-a960-4c80-89f1-97b92ec68140: leaving unrecorded for a later run to retry.
2026-10-03T08:14:48Z WARNING 2c18db9a-0d87-43fa-948a-ab3d04eb1112: failed while reading the ElectricalSeries rates (AttributeError: module 'spikeinterface.extractors' has no attribute 'NwbRecordingExtractor')
2026-10-03T08:14:48Z WARNING [199/1870] 2c18db9a-0d87-43fa-948a-ab3d04eb1112: leaving unrecorded for a later run to retry.
2026-10-03T08:14:48Z WARNING 2c1a0ec1-8c0f-4638-a0a5-7fcc3467d052: failed while reading the ElectricalSeries rates (AttributeError: module 'spikeinterface.extractors' has no attribute 'NwbRecordingExtractor')
2026-10-03T08:14:48Z WARNING [200/1870] 2c1a0ec1-8c0f-4638-a0a5-7fcc3467d052: leaving unrecorded for a later run to retry.
2026-10-03T08:14:48Z INFO [200/1870] 2c1a0ec1-8c0f-4638-a0a5-7fcc3467d052: checkpointed 60602 records.
2026-10-03T08:14:48Z WARNING 2c1a2943-7992-4b51-aaa7-2ae80a8fcfe6: failed while reading the ElectricalSeries rates (AttributeError: module 'spikeinterface.extractors' has no attribute 'NwbRecordingExtractor')
2026-10-03T08:14:48Z WARNING [201/1870] 2c1a2943-7992-4b51-aaa7-2ae80a8fcfe6: leaving unrecorded for a later run to retry.
2026-10-03T08:14:49Z WARNING 2c1b08d9-7426-494e-863f-e47b53b4d765: failed while reading the ElectricalSeries rates (AttributeError: module 'spikeinterface.extractors' has no attribute 'NwbRecordingExtractor')
2026-10-03T08:14:49Z WARNING [202/1870] 2c1b08d9-7426-494e-863f-e47b53b4d765: leaving unrecorded for a later run to retry.
2026-10-03T08:14:49Z WARNING 2c1b623e-bd3a-4d90-ade7-affed136dfa8: failed while reading the ElectricalSeries rates (AttributeError: module 'spikeinterface.extractors' has no attribute 'NwbRecordingExtractor')
2026-10-03T08:14:49Z WARNING [203/1870] 2c1b623e-bd3a-4d90-ade7-affed136dfa8: leaving unrecorded for a later run to retry.
2026-10-03T08:14:49Z WARNING 2c1b716a-a32c-452e-8d9f-c51660e8c02c: failed while reading the ElectricalSeries rates (AttributeError: module 'spikeinterface.extractors' has no attribute 'NwbRecordingExtractor')
2026-10-03T08:14:49Z WARNING [204/1870] 2c1b716a-a32c-452e-8d9f-c51660e8c02c: leaving unrecorded for a later run to retry.
2026-10-03T08:14:49Z WARNING 2c1be066-8e7a-4622-b5b3-532d455108a4: failed while reading the ElectricalSeries rates (AttributeError: module 'spikeinterface.extractors' has no attribute 'NwbRecordingExtractor')
2026-10-03T08:14:49Z WARNING [205/1870] 2c1be066-8e7a-4622-b5b3-532d455108a4: leaving unrecorded for a later run to retry.
2026-10-03T08:14:50Z WARNING 2c1c8ca9-66a7-4ed7-b607-c85ab923f32f: failed while reading the ElectricalSeries rates (AttributeError: module 'spikeinterface.extractors' has no attribute 'NwbRecordingExtractor')
2026-10-03T08:14:50Z WARNING [206/1870] 2c1c8ca9-66a7-4ed7-b607-c85ab923f32f: leaving unrecorded for a later run to retry.
2026-10-03T08:14:50Z WARNING 2c1d6186-847a-4bd4-b9f6-a8e89e5629f0: failed while reading the ElectricalSeries rates (AttributeError: module 'spikeinterface.extractors' has no attribute 'NwbRecordingExtractor')
2026-10-03T08:14:50Z WARNING [207/1870] 2c1d6186-847a-4bd4-b9f6-a8e89e5629f0: leaving unrecorded for a later run to retry.
2026-10-03T08:14:50Z WARNING 2c1d6292-6151-4d9c-9310-da9fb2c5007d: failed while reading the ElectricalSeries rates (AttributeError: module 'spikeinterface.extractors' has no attribute 'NwbRecordingExtractor')
2026-10-03T08:14:50Z WARNING [208/1870] 2c1d6292-6151-4d9c-9310-da9fb2c5007d: leaving unrecorded for a later run to retry.
2026-10-03T08:14:50Z WARNING 2c1e61d3-9e29-4bb5-8e9c-96c11d18a65c: failed while reading the ElectricalSeries rates (AttributeError: module 'spikeinterface.extractors' has no attribute 'NwbRecordingExtractor')
2026-10-03T08:14:50Z WARNING [209/1870] 2c1e61d3-9e29-4bb5-8e9c-96c11d18a65c: leaving unrecorded for a later run to retry.
2026-10-03T08:14:50Z WARNING 2c1edc25-bffd-4b6d-ab01-f1e85600f0cf: failed while reading the ElectricalSeries rates (AttributeError: module 'spikeinterface.extractors' has no attribute 'NwbRecordingExtractor')
2026-10-03T08:14:50Z WARNING [210/1870] 2c1edc25-bffd-4b6d-ab01-f1e85600f0cf: leaving unrecorded for a later run to retry.
2026-10-03T08:14:51Z WARNING 2c1ee58c-8894-4b59-bb94-3c31e673b0d0: failed while reading the ElectricalSeries rates (AttributeError: module 'spikeinterface.extractors' has no attribute 'NwbRecordingExtractor')
2026-10-03T08:14:51Z WARNING [211/1870] 2c1ee58c-8894-4b59-bb94-3c31e673b0d0: leaving unrecorded for a later run to retry.
2026-10-03T08:14:51Z WARNING 2c236dd8-892b-444a-bf15-4bf523f06df0: failed while reading the ElectricalSeries rates (AttributeError: module 'spikeinterface.extractors' has no attribute 'NwbRecordingExtractor')
2026-10-03T08:14:51Z WARNING [212/1870] 2c236dd8-892b-444a-bf15-4bf523f06df0: leaving unrecorded for a later run to retry.
2026-10-03T08:14:51Z WARNING 2c24083a-38f4-4a1a-8109-60abd9023a0d: failed while reading the ElectricalSeries rates (AttributeError: module 'spikeinterface.extractors' has no attribute 'NwbRecordingExtractor')
2026-10-03T08:14:51Z WARNING [213/1870] 2c24083a-38f4-4a1a-8109-60abd9023a0d: leaving unrecorded for a later run to retry.
2026-10-03T08:14:51Z WARNING 2c258102-a2a0-4705-9039-9e94a224e2a8: failed while reading the ElectricalSeries rates (AttributeError: module 'spikeinterface.extractors' has no attribute 'NwbRecordingExtractor')
2026-10-03T08:14:51Z WARNING [214/1870] 2c258102-a2a0-4705-9039-9e94a224e2a8: leaving unrecorded for a later run to retry.
2026-10-03T08:14:52Z WARNING 2c25bfa9-8141-4b89-8053-b2b6b4013183: failed while reading the ElectricalSeries rates (AttributeError: module 'spikeinterface.extractors' has no attribute 'NwbRecordingExtractor')
2026-10-03T08:14:52Z WARNING [215/1870] 2c25bfa9-8141-4b89-8053-b2b6b4013183: leaving unrecorded for a later run to retry.
2026-10-03T08:14:52Z WARNING 2c25cf2b-0f5e-443d-88e6-e14256b59213: failed while reading the ElectricalSeries rates (AttributeError: module 'spikeinterface.extractors' has no attribute 'NwbRecordingExtractor')
2026-10-03T08:14:52Z WARNING [216/1870] 2c25cf2b-0f5e-443d-88e6-e14256b59213: leaving unrecorded for a later run to retry.
2026-10-03T08:14:52Z WARNING 2c25e2ce-aeef-4ab3-b2dd-5f9f51da0750: failed while reading the ElectricalSeries rates (AttributeError: module 'spikeinterface.extractors' has no attribute 'NwbRecordingExtractor')
2026-10-03T08:14:52Z WARNING [217/1870] 2c25e2ce-aeef-4ab3-b2dd-5f9f51da0750: leaving unrecorded for a later run to retry.
2026-10-03T08:14:52Z WARNING 2c2654bc-356b-4f5c-8ac1-3b45003bef99: failed while reading the ElectricalSeries rates (AttributeError: module 'spikeinterface.extractors' has no attribute 'NwbRecordingExtractor')
2026-10-03T08:14:52Z WARNING [218/1870] 2c2654bc-356b-4f5c-8ac1-3b45003bef99: leaving unrecorded for a later run to retry.
2026-10-03T08:14:52Z WARNING 2c2743e2-f9bb-4a12-88a9-4b23080d03e5: failed while reading the ElectricalSeries rates (AttributeError: module 'spikeinterface.extractors' has no attribute 'NwbRecordingExtractor')
2026-10-03T08:14:52Z WARNING [219/1870] 2c2743e2-f9bb-4a12-88a9-4b23080d03e5: leaving unrecorded for a later run to retry.
2026-10-03T08:14:53Z WARNING 2c278417-949c-4c27-857e-ff932dc1fff6: failed while reading the ElectricalSeries rates (AttributeError: module 'spikeinterface.extractors' has no attribute 'NwbRecordingExtractor')
2026-10-03T08:14:53Z WARNING [220/1870] 2c278417-949c-4c27-857e-ff932dc1fff6: leaving unrecorded for a later run to retry.
2026-10-03T08:14:53Z WARNING 2c27c2e3-e8cb-4ee5-8f81-7a181b0fd58f: failed while reading the ElectricalSeries rates (AttributeError: module 'spikeinterface.extractors' has no attribute 'NwbRecordingExtractor')
2026-10-03T08:14:53Z WARNING [221/1870] 2c27c2e3-e8cb-4ee5-8f81-7a181b0fd58f: leaving unrecorded for a later run to retry.
2026-10-03T08:14:53Z WARNING 2c280d77-6226-4635-8de4-7bceb89904ac: failed while reading the ElectricalSeries rates (AttributeError: module 'spikeinterface.extractors' has no attribute 'NwbRecordingExtractor')
2026-10-03T08:14:53Z WARNING [222/1870] 2c280d77-6226-4635-8de4-7bceb89904ac: leaving unrecorded for a later run to retry.
2026-10-03T08:14:54Z WARNING 2c282585-42ad-4344-b2c6-86dddd74a281: failed while reading the ElectricalSeries rates (AttributeError: module 'spikeinterface.extractors' has no attribute 'NwbRecordingExtractor')
2026-10-03T08:14:54Z WARNING [223/1870] 2c282585-42ad-4344-b2c6-86dddd74a281: leaving unrecorded for a later run to retry.
2026-10-03T08:14:54Z WARNING 2c28971e-2b9c-45ec-a171-8b8b311c69aa: failed while reading the ElectricalSeries rates (AttributeError: module 'spikeinterface.extractors' has no attribute 'NwbRecordingExtractor')
2026-10-03T08:14:54Z WARNING [224/1870] 2c28971e-2b9c-45ec-a171-8b8b311c69aa: leaving unrecorded for a later run to retry.
2026-10-03T08:14:54Z WARNING 2c290f3e-e1f1-4023-9322-c5b429333bec: failed while reading the ElectricalSeries rates (AttributeError: module 'spikeinterface.extractors' has no attribute 'NwbRecordingExtractor')
2026-10-03T08:14:54Z WARNING [225/1870] 2c290f3e-e1f1-4023-9322-c5b429333bec: leaving unrecorded for a later run to retry.
2026-10-03T08:14:54Z WARNING 2c2a5fd0-80dc-41e2-8810-4ff47379ef78: failed while reading the ElectricalSeries rates (AttributeError: module 'spikeinterface.extractors' has no attribute 'NwbRecordingExtractor')
2026-10-03T08:14:54Z WARNING [226/1870] 2c2a5fd0-80dc-41e2-8810-4ff47379ef78: leaving unrecorded for a later run to retry.
2026-10-03T08:14:54Z WARNING 2c2a8634-e73e-45ca-b1a2-9660965e9757: failed while reading the ElectricalSeries rates (AttributeError: module 'spikeinterface.extractors' has no attribute 'NwbRecordingExtractor')
2026-10-03T08:14:54Z WARNING [227/1870] 2c2a8634-e73e-45ca-b1a2-9660965e9757: leaving unrecorded for a later run to retry.
2026-10-03T08:14:55Z WARNING 2c2ad145-cecf-4ae9-a27a-a04058181c79: failed while reading the ElectricalSeries rates (AttributeError: module 'spikeinterface.extractors' has no attribute 'NwbRecordingExtractor')
2026-10-03T08:14:55Z WARNING [228/1870] 2c2ad145-cecf-4ae9-a27a-a04058181c79: leaving unrecorded for a later run to retry.
2026-10-03T08:14:55Z WARNING 2c2bc943-1968-4253-8235-cbf649cb3e14: failed while reading the ElectricalSeries rates (AttributeError: module 'spikeinterface.extractors' has no attribute 'NwbRecordingExtractor')
2026-10-03T08:14:55Z WARNING [229/1870] 2c2bc943-1968-4253-8235-cbf649cb3e14: leaving unrecorded for a later run to retry.
2026-10-03T08:14:55Z WARNING 2c2bd112-7752-4970-8739-d59aa24b144f: failed while reading the ElectricalSeries rates (AttributeError: module 'spikeinterface.extractors' has no attribute 'NwbRecordingExtractor')
2026-10-03T08:14:55Z WARNING [230/1870] 2c2bd112-7752-4970-8739-d59aa24b144f: leaving unrecorded for a later run to retry.
2026-10-03T08:14:55Z WARNING 2c2bd5be-9104-4d26-8216-40929257bebc: failed while reading the ElectricalSeries rates (AttributeError: module 'spikeinterface.extractors' has no attribute 'NwbRecordingExtractor')
2026-10-03T08:14:55Z WARNING [231/1870] 2c2bd5be-9104-4d26-8216-40929257bebc: leaving unrecorded for a later run to retry.
2026-10-03T08:14:56Z WARNING 2c2d3c96-ba04-4d0e-8cba-cffcfa49803d: failed while reading the ElectricalSeries rates (AttributeError: module 'spikeinterface.extractors' has no attribute 'NwbRecordingExtractor')
2026-10-03T08:14:56Z WARNING [232/1870] 2c2d3c96-ba04-4d0e-8cba-cffcfa49803d: leaving unrecorded for a later run to retry.
2026-10-03T08:14:56Z WARNING 2c2d8ef4-2225-4032-a57d-ad1c429f8224: failed while reading the ElectricalSeries rates (AttributeError: module 'spikeinterface.extractors' has no attribute 'NwbRecordingExtractor')
2026-10-03T08:14:56Z WARNING [233/1870] 2c2d8ef4-2225-4032-a57d-ad1c429f8224: leaving unrecorded for a later run to retry.
2026-10-03T08:14:56Z WARNING 2c2da062-a40e-48af-af28-e9163b7e3f83: failed while reading the ElectricalSeries rates (AttributeError: module 'spikeinterface.extractors' has no attribute 'NwbRecordingExtractor')
2026-10-03T08:14:56Z WARNING [234/1870] 2c2da062-a40e-48af-af28-e9163b7e3f83: leaving unrecorded for a later run to retry.
2026-10-03T08:14:56Z WARNING 2c2db6c2-fcde-4335-8574-ac7b6f262793: failed while reading the ElectricalSeries rates (AttributeError: module 'spikeinterface.extractors' has no attribute 'NwbRecordingExtractor')
2026-10-03T08:14:56Z WARNING [235/1870] 2c2db6c2-fcde-4335-8574-ac7b6f262793: leaving unrecorded for a later run to retry.
2026-10-03T08:14:57Z WARNING 2c2e4acb-1ce8-4c63-ae32-af3a73a46f4d: failed while reading the ElectricalSeries rates (AttributeError: module 'spikeinterface.extractors' has no attribute 'NwbRecordingExtractor')
2026-10-03T08:14:57Z WARNING [236/1870] 2c2e4acb-1ce8-4c63-ae32-af3a73a46f4d: leaving unrecorded for a later run to retry.
2026-10-03T08:14:57Z WARNING 2c2f4765-65c9-4961-a3f0-f697828c0c0d: failed while reading the ElectricalSeries rates (AttributeError: module 'spikeinterface.extractors' has no attribute 'NwbRecordingExtractor')
2026-10-03T08:14:57Z WARNING [237/1870] 2c2f4765-65c9-4961-a3f0-f697828c0c0d: leaving unrecorded for a later run to retry.
2026-10-03T08:14:57Z WARNING 2c2fbf2b-35ab-4aac-8622-fb41913d29a5: failed while reading the ElectricalSeries rates (AttributeError: module 'spikeinterface.extractors' has no attribute 'NwbRecordingExtractor')
2026-10-03T08:14:57Z WARNING [238/1870] 2c2fbf2b-35ab-4aac-8622-fb41913d29a5: leaving unrecorded for a later run to retry.
2026-10-03T08:14:57Z WARNING 2c2ffd5c-1702-4071-882e-c8d089c03b49: failed while reading the ElectricalSeries rates (AttributeError: module 'spikeinterface.extractors' has no attribute 'NwbRecordingExtractor')
2026-10-03T08:14:57Z WARNING [239/1870] 2c2ffd5c-1702-4071-882e-c8d089c03b49: leaving unrecorded for a later run to retry.
2026-10-03T08:14:57Z WARNING 2c300631-79ea-4ea0-ba67-84b04f38a950: failed while reading the ElectricalSeries rates (AttributeError: module 'spikeinterface.extractors' has no attribute 'NwbRecordingExtractor')
2026-10-03T08:14:57Z WARNING [240/1870] 2c300631-79ea-4ea0-ba67-84b04f38a950: leaving unrecorded for a later run to retry.
2026-10-03T08:14:58Z WARNING 2c303878-5b4c-4414-a907-81ce10b57d36: failed while reading the ElectricalSeries rates (AttributeError: module 'spikeinterface.extractors' has no attribute 'NwbRecordingExtractor')
2026-10-03T08:14:58Z WARNING [241/1870] 2c303878-5b4c-4414-a907-81ce10b57d36: leaving unrecorded for a later run to retry.
2026-10-03T08:14:58Z WARNING 2c319fd6-3215-4623-af9d-02a90abeb708: failed while reading the ElectricalSeries rates (AttributeError: module 'spikeinterface.extractors' has no attribute 'NwbRecordingExtractor')
2026-10-03T08:14:58Z WARNING [242/1870] 2c319fd6-3215-4623-af9d-02a90abeb708: leaving unrecorded for a later run to retry.
2026-10-03T08:14:58Z WARNING 2c31b64a-572d-457a-b9d3-4771fe8ad487: failed while reading the ElectricalSeries rates (AttributeError: module 'spikeinterface.extractors' has no attribute 'NwbRecordingExtractor')
2026-10-03T08:14:58Z WARNING [243/1870] 2c31b64a-572d-457a-b9d3-4771fe8ad487: leaving unrecorded for a later run to retry.
2026-10-03T08:14:58Z WARNING 2c328927-be59-4fc3-b60a-64a15444b239: failed while reading the ElectricalSeries rates (AttributeError: module 'spikeinterface.extractors' has no attribute 'NwbRecordingExtractor')
2026-10-03T08:14:58Z WARNING [244/1870] 2c328927-be59-4fc3-b60a-64a15444b239: leaving unrecorded for a later run to retry.
2026-10-03T08:14:59Z WARNING 2c32b60c-314f-44f2-944d-00e509e0f5ca: failed while reading the ElectricalSeries rates (AttributeError: module 'spikeinterface.extractors' has no attribute 'NwbRecordingExtractor')
2026-10-03T08:14:59Z WARNING [245/1870] 2c32b60c-314f-44f2-944d-00e509e0f5ca: leaving unrecorded for a later run to retry.
2026-10-03T08:14:59Z WARNING 2c33c05e-3a6b-472a-b35b-3fd42e92de0c: failed while reading the ElectricalSeries rates (AttributeError: module 'spikeinterface.extractors' has no attribute 'NwbRecordingExtractor')
2026-10-03T08:14:59Z WARNING [246/1870] 2c33c05e-3a6b-472a-b35b-3fd42e92de0c: leaving unrecorded for a later run to retry.
2026-10-03T08:14:59Z WARNING 2c34656d-6f4d-4b7c-8d2e-90cb67f79009: failed while reading the ElectricalSeries rates (AttributeError: module 'spikeinterface.extractors' has no attribute 'NwbRecordingExtractor')
2026-10-03T08:14:59Z WARNING [247/1870] 2c34656d-6f4d-4b7c-8d2e-90cb67f79009: leaving unrecorded for a later run to retry.
2026-10-03T08:14:59Z WARNING 2c34d430-f2aa-4cbe-a7cd-ce7126204be6: failed while reading the ElectricalSeries rates (AttributeError: module 'spikeinterface.extractors' has no attribute 'NwbRecordingExtractor')
2026-10-03T08:14:59Z WARNING [248/1870] 2c34d430-f2aa-4cbe-a7cd-ce7126204be6: leaving unrecorded for a later run to retry.
2026-10-03T08:14:59Z WARNING 2c34e541-37ae-419e-99f2-9a70ad504277: failed while reading the ElectricalSeries rates (AttributeError: module 'spikeinterface.extractors' has no attribute 'NwbRecordingExtractor')
2026-10-03T08:14:59Z WARNING [249/1870] 2c34e541-37ae-419e-99f2-9a70ad504277: leaving unrecorded for a later run to retry.
2026-10-03T08:15:00Z WARNING 2c35cb54-5706-4256-9e00-55d50a7b27f5: failed while reading the ElectricalSeries rates (AttributeError: module 'spikeinterface.extractors' has no attribute 'NwbRecordingExtractor')
2026-10-03T08:15:00Z WARNING [250/1870] 2c35cb54-5706-4256-9e00-55d50a7b27f5: leaving unrecorded for a later run to retry.
2026-10-03T08:15:00Z INFO [250/1870] 2c35cb54-5706-4256-9e00-55d50a7b27f5: checkpointed 60602 records.
2026-10-03T08:15:00Z WARNING 2c35debf-38b6-4e4f-af97-63968217d268: failed while reading the ElectricalSeries rates (AttributeError: module 'spikeinterface.extractors' has no attribute 'NwbRecordingExtractor')
2026-10-03T08:15:00Z WARNING [251/1870] 2c35debf-38b6-4e4f-af97-63968217d268: leaving unrecorded for a later run to retry.
2026-10-03T08:15:00Z WARNING 2c35f9d5-8eed-465f-b039-b9e3b3dfa1d6: failed while reading the ElectricalSeries rates (AttributeError: module 'spikeinterface.extractors' has no attribute 'NwbRecordingExtractor')
2026-10-03T08:15:00Z WARNING [252/1870] 2c35f9d5-8eed-465f-b039-b9e3b3dfa1d6: leaving unrecorded for a later run to retry.
2026-10-03T08:15:01Z WARNING 2c36180b-cc4d-46e3-b781-d86c4208242f: failed while reading the ElectricalSeries rates (AttributeError: module 'spikeinterface.extractors' has no attribute 'NwbRecordingExtractor')
2026-10-03T08:15:01Z WARNING [253/1870] 2c36180b-cc4d-46e3-b781-d86c4208242f: leaving unrecorded for a later run to retry.
2026-10-03T08:15:01Z WARNING 2c36b426-e0fd-4e83-b147-12e03664cb26: failed while reading the ElectricalSeries rates (AttributeError: module 'spikeinterface.extractors' has no attribute 'NwbRecordingExtractor')
2026-10-03T08:15:01Z WARNING [254/1870] 2c36b426-e0fd-4e83-b147-12e03664cb26: leaving unrecorded for a later run to retry.
2026-10-03T08:15:01Z WARNING 2c37e0f7-16ec-49b8-b73b-ae9b1640f818: failed while reading the ElectricalSeries rates (AttributeError: module 'spikeinterface.extractors' has no attribute 'NwbRecordingExtractor')
2026-10-03T08:15:01Z WARNING [255/1870] 2c37e0f7-16ec-49b8-b73b-ae9b1640f818: leaving unrecorded for a later run to retry.
2026-10-03T08:15:01Z WARNING 2c37efd7-9cea-4992-a64a-9331a4df15b6: failed while reading the ElectricalSeries rates (AttributeError: module 'spikeinterface.extractors' has no attribute 'NwbRecordingExtractor')
2026-10-03T08:15:01Z WARNING [256/1870] 2c37efd7-9cea-4992-a64a-9331a4df15b6: leaving unrecorded for a later run to retry.
2026-10-03T08:15:01Z WARNING 2c383bb5-db85-4dab-898a-0629a1137100: failed while reading the ElectricalSeries rates (AttributeError: module 'spikeinterface.extractors' has no attribute 'NwbRecordingExtractor')
2026-10-03T08:15:01Z WARNING [257/1870] 2c383bb5-db85-4dab-898a-0629a1137100: leaving unrecorded for a later run to retry.
2026-10-03T08:15:02Z WARNING 2c398142-4581-497f-a301-45ec8ca2b627: failed while reading the ElectricalSeries rates (AttributeError: module 'spikeinterface.extractors' has no attribute 'NwbRecordingExtractor')
2026-10-03T08:15:02Z WARNING [258/1870] 2c398142-4581-497f-a301-45ec8ca2b627: leaving unrecorded for a later run to retry.
2026-10-03T08:15:02Z WARNING 2c3a8da2-938d-4805-b187-0483654b558c: failed while reading the ElectricalSeries rates (AttributeError: module 'spikeinterface.extractors' has no attribute 'NwbRecordingExtractor')
2026-10-03T08:15:02Z WARNING [259/1870] 2c3a8da2-938d-4805-b187-0483654b558c: leaving unrecorded for a later run to retry.
2026-10-03T08:15:02Z WARNING 2c3ba635-f8bd-4200-9d48-281fae5a86ff: failed while reading the ElectricalSeries rates (AttributeError: module 'spikeinterface.extractors' has no attribute 'NwbRecordingExtractor')
2026-10-03T08:15:02Z WARNING [260/1870] 2c3ba635-f8bd-4200-9d48-281fae5a86ff: leaving unrecorded for a later run to retry.
2026-10-03T08:15:02Z WARNING 2c3c7fdd-535b-47b7-80c3-400a03a7c669: failed while reading the ElectricalSeries rates (AttributeError: module 'spikeinterface.extractors' has no attribute 'NwbRecordingExtractor')
2026-10-03T08:15:02Z WARNING [261/1870] 2c3c7fdd-535b-47b7-80c3-400a03a7c669: leaving unrecorded for a later run to retry.
2026-10-03T08:15:02Z WARNING 2c3e7db3-9f2a-46b4-93a8-1b5f74be0df8: failed while reading the ElectricalSeries rates (AttributeError: module 'spikeinterface.extractors' has no attribute 'NwbRecordingExtractor')
2026-10-03T08:15:02Z WARNING [262/1870] 2c3e7db3-9f2a-46b4-93a8-1b5f74be0df8: leaving unrecorded for a later run to retry.
2026-10-03T08:15:03Z WARNING 2c3e8a87-afb4-417a-ac03-0f7e5d35617e: failed while reading the ElectricalSeries rates (AttributeError: module 'spikeinterface.extractors' has no attribute 'NwbRecordingExtractor')
2026-10-03T08:15:03Z WARNING [263/1870] 2c3e8a87-afb4-417a-ac03-0f7e5d35617e: leaving unrecorded for a later run to retry.
2026-10-03T08:15:03Z WARNING 2c3e9ed9-b996-4c0f-ba64-080d8b16680f: failed while reading the ElectricalSeries rates (AttributeError: module 'spikeinterface.extractors' has no attribute 'NwbRecordingExtractor')
2026-10-03T08:15:03Z WARNING [264/1870] 2c3e9ed9-b996-4c0f-ba64-080d8b16680f: leaving unrecorded for a later run to retry.
2026-10-03T08:15:03Z WARNING 2c3ee816-6db8-4a4c-a18e-6e44343806c3: failed while reading the ElectricalSeries rates (AttributeError: module 'spikeinterface.extractors' has no attribute 'NwbRecordingExtractor')
2026-10-03T08:15:03Z WARNING [265/1870] 2c3ee816-6db8-4a4c-a18e-6e44343806c3: leaving unrecorded for a later run to retry.
2026-10-03T08:15:03Z WARNING 2c3f3828-80a4-4494-be41-77af6cf80ee1: failed while reading the ElectricalSeries rates (AttributeError: module 'spikeinterface.extractors' has no attribute 'NwbRecordingExtractor')
2026-10-03T08:15:03Z WARNING [266/1870] 2c3f3828-80a4-4494-be41-77af6cf80ee1: leaving unrecorded for a later run to retry.
2026-10-03T08:15:04Z WARNING 2c3fadbc-a556-421e-96b0-644978a45b4a: failed while reading the ElectricalSeries rates (AttributeError: module 'spikeinterface.extractors' has no attribute 'NwbRecordingExtractor')
2026-10-03T08:15:04Z WARNING [267/1870] 2c3fadbc-a556-421e-96b0-644978a45b4a: leaving unrecorded for a later run to retry.
2026-10-03T08:15:04Z WARNING 2c40168a-4371-4c40-8b9d-796ca1d7ea81: failed while reading the ElectricalSeries rates (AttributeError: module 'spikeinterface.extractors' has no attribute 'NwbRecordingExtractor')
2026-10-03T08:15:04Z WARNING [268/1870] 2c40168a-4371-4c40-8b9d-796ca1d7ea81: leaving unrecorded for a later run to retry.
2026-10-03T08:15:04Z WARNING 2c40f8a5-1fc5-451f-9724-1a429b362bde: failed while reading the ElectricalSeries rates (AttributeError: module 'spikeinterface.extractors' has no attribute 'NwbRecordingExtractor')
2026-10-03T08:15:04Z WARNING [269/1870] 2c40f8a5-1fc5-451f-9724-1a429b362bde: leaving unrecorded for a later run to retry.
2026-10-03T08:15:04Z WARNING 2c4119ab-ca0a-40db-87db-1aca95ad68e9: failed while reading the ElectricalSeries rates (AttributeError: module 'spikeinterface.extractors' has no attribute 'NwbRecordingExtractor')
2026-10-03T08:15:04Z WARNING [270/1870] 2c4119ab-ca0a-40db-87db-1aca95ad68e9: leaving unrecorded for a later run to retry.
2026-10-03T08:15:04Z WARNING 2c4201a7-ea3b-4d00-ac15-3d96fb5147ac: failed while reading the ElectricalSeries rates (AttributeError: module 'spikeinterface.extractors' has no attribute 'NwbRecordingExtractor')
2026-10-03T08:15:04Z WARNING [271/1870] 2c4201a7-ea3b-4d00-ac15-3d96fb5147ac: leaving unrecorded for a later run to retry.
2026-10-03T08:15:05Z WARNING 2c4266a0-22f8-448f-9c20-baf05fdcedee: failed while reading the ElectricalSeries rates (AttributeError: module 'spikeinterface.extractors' has no attribute 'NwbRecordingExtractor')
2026-10-03T08:15:05Z WARNING [272/1870] 2c4266a0-22f8-448f-9c20-baf05fdcedee: leaving unrecorded for a later run to retry.
2026-10-03T08:15:05Z WARNING 2c4267b1-e221-4a29-aa03-3da0ae6bfc89: failed while reading the ElectricalSeries rates (AttributeError: module 'spikeinterface.extractors' has no attribute 'NwbRecordingExtractor')
2026-10-03T08:15:05Z WARNING [273/1870] 2c4267b1-e221-4a29-aa03-3da0ae6bfc89: leaving unrecorded for a later run to retry.
2026-10-03T08:15:05Z WARNING 2c439c8f-b6b2-4964-9fea-ddf95556779a: failed while reading the ElectricalSeries rates (AttributeError: module 'spikeinterface.extractors' has no attribute 'NwbRecordingExtractor')
2026-10-03T08:15:05Z WARNING [274/1870] 2c439c8f-b6b2-4964-9fea-ddf95556779a: leaving unrecorded for a later run to retry.
2026-10-03T08:15:05Z WARNING 2c43fc66-41e8-4939-9695-957cc95f3d2e: failed while reading the ElectricalSeries rates (AttributeError: module 'spikeinterface.extractors' has no attribute 'NwbRecordingExtractor')
2026-10-03T08:15:05Z WARNING [275/1870] 2c43fc66-41e8-4939-9695-957cc95f3d2e: leaving unrecorded for a later run to retry.
2026-10-03T08:15:06Z WARNING 2c4529a5-54d4-4137-a203-0234da6e8b72: failed while reading the ElectricalSeries rates (AttributeError: module 'spikeinterface.extractors' has no attribute 'NwbRecordingExtractor')
2026-10-03T08:15:06Z WARNING [276/1870] 2c4529a5-54d4-4137-a203-0234da6e8b72: leaving unrecorded for a later run to retry.
2026-10-03T08:15:06Z WARNING 2c45890a-1d25-4571-8eae-ae35f7e59fd0: failed while reading the ElectricalSeries rates (AttributeError: module 'spikeinterface.extractors' has no attribute 'NwbRecordingExtractor')
2026-10-03T08:15:06Z WARNING [277/1870] 2c45890a-1d25-4571-8eae-ae35f7e59fd0: leaving unrecorded for a later run to retry.
2026-10-03T08:15:06Z WARNING 2c45f7f6-4385-4674-b286-7136c27a6cff: failed while reading the ElectricalSeries rates (AttributeError: module 'spikeinterface.extractors' has no attribute 'NwbRecordingExtractor')
2026-10-03T08:15:06Z WARNING [278/1870] 2c45f7f6-4385-4674-b286-7136c27a6cff: leaving unrecorded for a later run to retry.
2026-10-03T08:15:06Z WARNING 2c4623d0-7eeb-4ccc-b67b-40dd89cd5861: failed while reading the ElectricalSeries rates (AttributeError: module 'spikeinterface.extractors' has no attribute 'NwbRecordingExtractor')
2026-10-03T08:15:06Z WARNING [279/1870] 2c4623d0-7eeb-4ccc-b67b-40dd89cd5861: leaving unrecorded for a later run to retry.
2026-10-03T08:15:07Z WARNING 2c468648-ec02-4735-bf64-3d43fcf7ef4f: failed while reading the ElectricalSeries rates (AttributeError: module 'spikeinterface.extractors' has no attribute 'NwbRecordingExtractor')
2026-10-03T08:15:07Z WARNING [280/1870] 2c468648-ec02-4735-bf64-3d43fcf7ef4f: leaving unrecorded for a later run to retry.
2026-10-03T08:15:07Z WARNING 2c479f9a-e2e6-4b3b-9f25-de6aa179b849: failed while reading the ElectricalSeries rates (AttributeError: module 'spikeinterface.extractors' has no attribute 'NwbRecordingExtractor')
2026-10-03T08:15:07Z WARNING [281/1870] 2c479f9a-e2e6-4b3b-9f25-de6aa179b849: leaving unrecorded for a later run to retry.
2026-10-03T08:15:07Z WARNING 2c47b898-6e96-4090-8b5b-0af5335bbe68: failed while reading the ElectricalSeries rates (AttributeError: module 'spikeinterface.extractors' has no attribute 'NwbRecordingExtractor')
2026-10-03T08:15:07Z WARNING [282/1870] 2c47b898-6e96-4090-8b5b-0af5335bbe68: leaving unrecorded for a later run to retry.
2026-10-03T08:15:07Z WARNING 2c4807cb-2668-4be8-bf2b-f8a586885a03: failed while reading the ElectricalSeries rates (AttributeError: module 'spikeinterface.extractors' has no attribute 'NwbRecordingExtractor')
2026-10-03T08:15:07Z WARNING [283/1870] 2c4807cb-2668-4be8-bf2b-f8a586885a03: leaving unrecorded for a later run to retry.
2026-10-03T08:15:08Z WARNING 2c487df3-a7e7-46f7-acc6-c85839a66ee3: failed while reading the ElectricalSeries rates (AttributeError: module 'spikeinterface.extractors' has no attribute 'NwbRecordingExtractor')
2026-10-03T08:15:08Z WARNING [284/1870] 2c487df3-a7e7-46f7-acc6-c85839a66ee3: leaving unrecorded for a later run to retry.
2026-10-03T08:15:08Z WARNING 2c4958e7-dc43-4acd-82cd-7a6755eaf9d7: failed while reading the ElectricalSeries rates (AttributeError: module 'spikeinterface.extractors' has no attribute 'NwbRecordingExtractor')
2026-10-03T08:15:08Z WARNING [285/1870] 2c4958e7-dc43-4acd-82cd-7a6755eaf9d7: leaving unrecorded for a later run to retry.
2026-10-03T08:15:08Z WARNING 2c496555-5ca8-434a-94a3-94b4f15900d6: failed while reading the ElectricalSeries rates (AttributeError: module 'spikeinterface.extractors' has no attribute 'NwbRecordingExtractor')
2026-10-03T08:15:08Z WARNING [286/1870] 2c496555-5ca8-434a-94a3-94b4f15900d6: leaving unrecorded for a later run to retry.
2026-10-03T08:15:08Z WARNING 2c497f3f-c0f5-4559-92c0-401ab1945008: failed while reading the ElectricalSeries rates (AttributeError: module 'spikeinterface.extractors' has no attribute 'NwbRecordingExtractor')
2026-10-03T08:15:08Z WARNING [287/1870] 2c497f3f-c0f5-4559-92c0-401ab1945008: leaving unrecorded for a later run to retry.
2026-10-03T08:15:09Z WARNING 2c49a6ff-f8e8-4031-9108-cf85b53198b9: failed while reading the ElectricalSeries rates (AttributeError: module 'spikeinterface.extractors' has no attribute 'NwbRecordingExtractor')
2026-10-03T08:15:09Z WARNING [288/1870] 2c49a6ff-f8e8-4031-9108-cf85b53198b9: leaving unrecorded for a later run to retry.
2026-10-03T08:15:09Z WARNING 2c4a1787-9e0c-4136-9db4-0c4c5f019664: failed while reading the ElectricalSeries rates (AttributeError: module 'spikeinterface.extractors' has no attribute 'NwbRecordingExtractor')
2026-10-03T08:15:09Z WARNING [289/1870] 2c4a1787-9e0c-4136-9db4-0c4c5f019664: leaving unrecorded for a later run to retry.
2026-10-03T08:15:09Z WARNING 2c4a2416-0501-4f2f-9d43-0560fa30d389: failed while reading the ElectricalSeries rates (AttributeError: module 'spikeinterface.extractors' has no attribute 'NwbRecordingExtractor')
2026-10-03T08:15:09Z WARNING [290/1870] 2c4a2416-0501-4f2f-9d43-0560fa30d389: leaving unrecorded for a later run to retry.
2026-10-03T08:15:09Z WARNING 2c4a4038-285f-4048-978b-6c66af186d10: failed while reading the ElectricalSeries rates (AttributeError: module 'spikeinterface.extractors' has no attribute 'NwbRecordingExtractor')
2026-10-03T08:15:09Z WARNING [291/1870] 2c4a4038-285f-4048-978b-6c66af186d10: leaving unrecorded for a later run to retry.
2026-10-03T08:15:09Z WARNING 2c4ce994-bf58-45a8-8979-a976041f1648: failed while reading the ElectricalSeries rates (AttributeError: module 'spikeinterface.extractors' has no attribute 'NwbRecordingExtractor')
2026-10-03T08:15:09Z WARNING [292/1870] 2c4ce994-bf58-45a8-8979-a976041f1648: leaving unrecorded for a later run to retry.
2026-10-03T08:15:10Z WARNING 2c4cf9cd-5ed0-4904-8533-f2a70ddccf11: failed while reading the ElectricalSeries rates (AttributeError: module 'spikeinterface.extractors' has no attribute 'NwbRecordingExtractor')
2026-10-03T08:15:10Z WARNING [293/1870] 2c4cf9cd-5ed0-4904-8533-f2a70ddccf11: leaving unrecorded for a later run to retry.
2026-10-03T08:15:10Z WARNING 2c4d3b92-e022-47d7-b752-1c2a2462f144: failed while reading the ElectricalSeries rates (AttributeError: module 'spikeinterface.extractors' has no attribute 'NwbRecordingExtractor')
2026-10-03T08:15:10Z WARNING [294/1870] 2c4d3b92-e022-47d7-b752-1c2a2462f144: leaving unrecorded for a later run to retry.
2026-10-03T08:15:10Z WARNING 2c4dae78-e7f0-4b49-a2a0-40ced2e9ea2f: failed while reading the ElectricalSeries rates (AttributeError: module 'spikeinterface.extractors' has no attribute 'NwbRecordingExtractor')
2026-10-03T08:15:10Z WARNING [295/1870] 2c4dae78-e7f0-4b49-a2a0-40ced2e9ea2f: leaving unrecorded for a later run to retry.
2026-10-03T08:15:10Z WARNING 2c4db669-7eec-4cff-bb61-60cbe44d7e0e: failed while reading the ElectricalSeries rates (AttributeError: module 'spikeinterface.extractors' has no attribute 'NwbRecordingExtractor')
2026-10-03T08:15:10Z WARNING [296/1870] 2c4db669-7eec-4cff-bb61-60cbe44d7e0e: leaving unrecorded for a later run to retry.
2026-10-03T08:15:11Z WARNING 2c4ee85f-10f6-4d0c-b0fc-baff56b8730c: failed while reading the ElectricalSeries rates (AttributeError: module 'spikeinterface.extractors' has no attribute 'NwbRecordingExtractor')
2026-10-03T08:15:11Z WARNING [297/1870] 2c4ee85f-10f6-4d0c-b0fc-baff56b8730c: leaving unrecorded for a later run to retry.
2026-10-03T08:15:11Z WARNING 2c4f28f7-0a5e-4ef7-b57c-e55704609254: failed while reading the ElectricalSeries rates (AttributeError: module 'spikeinterface.extractors' has no attribute 'NwbRecordingExtractor')
2026-10-03T08:15:11Z WARNING [298/1870] 2c4f28f7-0a5e-4ef7-b57c-e55704609254: leaving unrecorded for a later run to retry.
2026-10-03T08:15:11Z WARNING 2c4f50e2-102d-44ba-a8b7-490db84b3eb3: failed while reading the ElectricalSeries rates (AttributeError: module 'spikeinterface.extractors' has no attribute 'NwbRecordingExtractor')
2026-10-03T08:15:11Z WARNING [299/1870] 2c4f50e2-102d-44ba-a8b7-490db84b3eb3: leaving unrecorded for a later run to retry.
2026-10-03T08:15:11Z WARNING 2c4f5e99-5c3e-44bc-a16d-eb22b6c88850: failed while reading the ElectricalSeries rates (AttributeError: module 'spikeinterface.extractors' has no attribute 'NwbRecordingExtractor')
2026-10-03T08:15:11Z WARNING [300/1870] 2c4f5e99-5c3e-44bc-a16d-eb22b6c88850: leaving unrecorded for a later run to retry.
2026-10-03T08:15:11Z INFO [300/1870] 2c4f5e99-5c3e-44bc-a16d-eb22b6c88850: checkpointed 60602 records.
2026-10-03T08:15:12Z WARNING 2c4f9861-aec9-4ecd-96a4-a7832eec48fb: failed while reading the ElectricalSeries rates (AttributeError: module 'spikeinterface.extractors' has no attribute 'NwbRecordingExtractor')
2026-10-03T08:15:12Z WARNING [301/1870] 2c4f9861-aec9-4ecd-96a4-a7832eec48fb: leaving unrecorded for a later run to retry.
2026-10-03T08:15:12Z WARNING 2c4fd32c-2ba9-4ea1-a706-786c27f5ff28: failed while reading the ElectricalSeries rates (AttributeError: module 'spikeinterface.extractors' has no attribute 'NwbRecordingExtractor')
2026-10-03T08:15:12Z WARNING [302/1870] 2c4fd32c-2ba9-4ea1-a706-786c27f5ff28: leaving unrecorded for a later run to retry.
2026-10-03T08:15:12Z WARNING 2c503fda-512d-4ccf-b341-1ae50ea7a5e4: failed while reading the ElectricalSeries rates (AttributeError: module 'spikeinterface.extractors' has no attribute 'NwbRecordingExtractor')
2026-10-03T08:15:12Z WARNING [303/1870] 2c503fda-512d-4ccf-b341-1ae50ea7a5e4: leaving unrecorded for a later run to retry.
2026-10-03T08:15:12Z WARNING 2c510cba-c832-476b-8e8a-8c8b96d4d7fa: failed while reading the ElectricalSeries rates (AttributeError: module 'spikeinterface.extractors' has no attribute 'NwbRecordingExtractor')
2026-10-03T08:15:12Z WARNING [304/1870] 2c510cba-c832-476b-8e8a-8c8b96d4d7fa: leaving unrecorded for a later run to retry.
2026-10-03T08:15:12Z WARNING 2c51d993-8c2c-4521-9806-eee7c7d1ed42: failed while reading the ElectricalSeries rates (AttributeError: module 'spikeinterface.extractors' has no attribute 'NwbRecordingExtractor')
2026-10-03T08:15:12Z WARNING [305/1870] 2c51d993-8c2c-4521-9806-eee7c7d1ed42: leaving unrecorded for a later run to retry.
2026-10-03T08:15:13Z WARNING 2c53bde3-80c9-44ff-916f-a984565e9ecd: failed while reading the ElectricalSeries rates (AttributeError: module 'spikeinterface.extractors' has no attribute 'NwbRecordingExtractor')
2026-10-03T08:15:13Z WARNING [306/1870] 2c53bde3-80c9-44ff-916f-a984565e9ecd: leaving unrecorded for a later run to retry.
2026-10-03T08:15:13Z WARNING 2c5557d4-5d6f-47c6-b713-1e79c3b29a64: failed while reading the ElectricalSeries rates (AttributeError: module 'spikeinterface.extractors' has no attribute 'NwbRecordingExtractor')
2026-10-03T08:15:13Z WARNING [307/1870] 2c5557d4-5d6f-47c6-b713-1e79c3b29a64: leaving unrecorded for a later run to retry.
2026-10-03T08:15:13Z WARNING 2c559b03-ddcd-4b63-87bf-fe61b3702036: failed while reading the ElectricalSeries rates (AttributeError: module 'spikeinterface.extractors' has no attribute 'NwbRecordingExtractor')
2026-10-03T08:15:13Z WARNING [308/1870] 2c559b03-ddcd-4b63-87bf-fe61b3702036: leaving unrecorded for a later run to retry.
2026-10-03T08:15:13Z WARNING 2c55ab43-6fe7-4ae5-9b2c-0e1379ecb78b: failed while reading the ElectricalSeries rates (AttributeError: module 'spikeinterface.extractors' has no attribute 'NwbRecordingExtractor')
2026-10-03T08:15:13Z WARNING [309/1870] 2c55ab43-6fe7-4ae5-9b2c-0e1379ecb78b: leaving unrecorded for a later run to retry.
2026-10-03T08:15:13Z WARNING 2c55efb8-39e1-49a7-a00a-42e97e53b059: failed while reading the ElectricalSeries rates (AttributeError: module 'spikeinterface.extractors' has no attribute 'NwbRecordingExtractor')
2026-10-03T08:15:13Z WARNING [310/1870] 2c55efb8-39e1-49a7-a00a-42e97e53b059: leaving unrecorded for a later run to retry.
2026-10-03T08:15:14Z WARNING 2c564087-d900-4805-9c05-f01ffb62653e: failed while reading the ElectricalSeries rates (AttributeError: module 'spikeinterface.extractors' has no attribute 'NwbRecordingExtractor')
2026-10-03T08:15:14Z WARNING [311/1870] 2c564087-d900-4805-9c05-f01ffb62653e: leaving unrecorded for a later run to retry.
2026-10-03T08:15:14Z WARNING 2c5756f4-e138-48f3-910c-964a4db3dacb: failed while reading the ElectricalSeries rates (AttributeError: module 'spikeinterface.extractors' has no attribute 'NwbRecordingExtractor')
2026-10-03T08:15:14Z WARNING [312/1870] 2c5756f4-e138-48f3-910c-964a4db3dacb: leaving unrecorded for a later run to retry.
2026-10-03T08:15:14Z WARNING 2c577719-1298-4452-84ef-bfed6f49715d: failed while reading the ElectricalSeries rates (AttributeError: module 'spikeinterface.extractors' has no attribute 'NwbRecordingExtractor')
2026-10-03T08:15:14Z WARNING [313/1870] 2c577719-1298-4452-84ef-bfed6f49715d: leaving unrecorded for a later run to retry.
2026-10-03T08:15:14Z WARNING 2c5786e1-b163-45d9-be85-6606ea2b7b05: failed while reading the ElectricalSeries rates (AttributeError: module 'spikeinterface.extractors' has no attribute 'NwbRecordingExtractor')
2026-10-03T08:15:14Z WARNING [314/1870] 2c5786e1-b163-45d9-be85-6606ea2b7b05: leaving unrecorded for a later run to retry.
2026-10-03T08:15:15Z WARNING 2c57916e-c950-469b-928a-e787b389fc34: failed while reading the ElectricalSeries rates (AttributeError: module 'spikeinterface.extractors' has no attribute 'NwbRecordingExtractor')
2026-10-03T08:15:15Z WARNING [315/1870] 2c57916e-c950-469b-928a-e787b389fc34: leaving unrecorded for a later run to retry.
2026-10-03T08:15:15Z WARNING 2c57b035-34c4-42a5-8b00-fa34c848142a: failed while reading the ElectricalSeries rates (AttributeError: module 'spikeinterface.extractors' has no attribute 'NwbRecordingExtractor')
2026-10-03T08:15:15Z WARNING [316/1870] 2c57b035-34c4-42a5-8b00-fa34c848142a: leaving unrecorded for a later run to retry.
2026-10-03T08:15:15Z WARNING 2c57e7af-705f-47b5-af21-8f3b68611622: failed while reading the ElectricalSeries rates (AttributeError: module 'spikeinterface.extractors' has no attribute 'NwbRecordingExtractor')
2026-10-03T08:15:15Z WARNING [317/1870] 2c57e7af-705f-47b5-af21-8f3b68611622: leaving unrecorded for a later run to retry.
2026-10-03T08:15:15Z WARNING 2c583fd7-a69b-4d92-bb22-fadd691329fa: failed while reading the ElectricalSeries rates (AttributeError: module 'spikeinterface.extractors' has no attribute 'NwbRecordingExtractor')
2026-10-03T08:15:15Z WARNING [318/1870] 2c583fd7-a69b-4d92-bb22-fadd691329fa: leaving unrecorded for a later run to retry.
2026-10-03T08:15:15Z WARNING 2c584ac1-36cc-4c87-a2ee-754a2c774e48: failed while reading the ElectricalSeries rates (AttributeError: module 'spikeinterface.extractors' has no attribute 'NwbRecordingExtractor')
2026-10-03T08:15:15Z WARNING [319/1870] 2c584ac1-36cc-4c87-a2ee-754a2c774e48: leaving unrecorded for a later run to retry.
2026-10-03T08:15:16Z WARNING 2c5856b6-31fd-464d-a5c6-02b87e3999ab: failed while reading the ElectricalSeries rates (AttributeError: module 'spikeinterface.extractors' has no attribute 'NwbRecordingExtractor')
2026-10-03T08:15:16Z WARNING [320/1870] 2c5856b6-31fd-464d-a5c6-02b87e3999ab: leaving unrecorded for a later run to retry.
2026-10-03T08:15:16Z WARNING 2c586315-e000-4c47-8c7e-a250bd9691ca: failed while reading the ElectricalSeries rates (AttributeError: module 'spikeinterface.extractors' has no attribute 'NwbRecordingExtractor')
2026-10-03T08:15:16Z WARNING [321/1870] 2c586315-e000-4c47-8c7e-a250bd9691ca: leaving unrecorded for a later run to retry.
2026-10-03T08:15:16Z WARNING 2c59611e-7619-438d-80d0-2bd26f4ec763: failed while reading the ElectricalSeries rates (AttributeError: module 'spikeinterface.extractors' has no attribute 'NwbRecordingExtractor')
2026-10-03T08:15:16Z WARNING [322/1870] 2c59611e-7619-438d-80d0-2bd26f4ec763: leaving unrecorded for a later run to retry.
2026-10-03T08:15:16Z WARNING 2c5997bd-d6e5-4e88-8862-f65e0df88cca: failed while reading the ElectricalSeries rates (AttributeError: module 'spikeinterface.extractors' has no attribute 'NwbRecordingExtractor')
2026-10-03T08:15:16Z WARNING [323/1870] 2c5997bd-d6e5-4e88-8862-f65e0df88cca: leaving unrecorded for a later run to retry.
2026-10-03T08:15:17Z WARNING 2c5a1ee3-97b4-4ac0-8d73-db26ef37864a: failed while reading the ElectricalSeries rates (AttributeError: module 'spikeinterface.extractors' has no attribute 'NwbRecordingExtractor')
2026-10-03T08:15:17Z WARNING [324/1870] 2c5a1ee3-97b4-4ac0-8d73-db26ef37864a: leaving unrecorded for a later run to retry.
2026-10-03T08:15:17Z WARNING 2c5abe7b-0807-4416-8b11-ea24cbd1fa03: failed while reading the ElectricalSeries rates (AttributeError: module 'spikeinterface.extractors' has no attribute 'NwbRecordingExtractor')
2026-10-03T08:15:17Z WARNING [325/1870] 2c5abe7b-0807-4416-8b11-ea24cbd1fa03: leaving unrecorded for a later run to retry.
2026-10-03T08:15:17Z WARNING 2c5b5d4c-1035-46e7-ae14-236a7067e933: failed while reading the ElectricalSeries rates (AttributeError: module 'spikeinterface.extractors' has no attribute 'NwbRecordingExtractor')
2026-10-03T08:15:17Z WARNING [326/1870] 2c5b5d4c-1035-46e7-ae14-236a7067e933: leaving unrecorded for a later run to retry.
2026-10-03T08:15:17Z WARNING 2c5b80a3-d01a-40ad-80e1-cb66f4d89d29: failed while reading the ElectricalSeries rates (AttributeError: module 'spikeinterface.extractors' has no attribute 'NwbRecordingExtractor')
2026-10-03T08:15:17Z WARNING [327/1870] 2c5b80a3-d01a-40ad-80e1-cb66f4d89d29: leaving unrecorded for a later run to retry.
2026-10-03T08:15:17Z WARNING 2c5c2f13-18bf-4aa0-b049-6437ee099f64: failed while reading the ElectricalSeries rates (AttributeError: module 'spikeinterface.extractors' has no attribute 'NwbRecordingExtractor')
2026-10-03T08:15:17Z WARNING [328/1870] 2c5c2f13-18bf-4aa0-b049-6437ee099f64: leaving unrecorded for a later run to retry.
2026-10-03T08:15:18Z WARNING 2c5ca2d0-b484-41e6-a771-98b488b9317f: failed while reading the ElectricalSeries rates (AttributeError: module 'spikeinterface.extractors' has no attribute 'NwbRecordingExtractor')
2026-10-03T08:15:18Z WARNING [329/1870] 2c5ca2d0-b484-41e6-a771-98b488b9317f: leaving unrecorded for a later run to retry.
2026-10-03T08:15:18Z WARNING 2c5f197e-fa49-4b8d-888d-4f7963851076: failed while reading the ElectricalSeries rates (AttributeError: module 'spikeinterface.extractors' has no attribute 'NwbRecordingExtractor')
2026-10-03T08:15:18Z WARNING [330/1870] 2c5f197e-fa49-4b8d-888d-4f7963851076: leaving unrecorded for a later run to retry.
2026-10-03T08:15:18Z WARNING 2c5f3fa3-b1cb-4168-b7d3-ae3286ffd1e4: failed while reading the ElectricalSeries rates (AttributeError: module 'spikeinterface.extractors' has no attribute 'NwbRecordingExtractor')
2026-10-03T08:15:18Z WARNING [331/1870] 2c5f3fa3-b1cb-4168-b7d3-ae3286ffd1e4: leaving unrecorded for a later run to retry.
2026-10-03T08:15:18Z WARNING 2c600517-e3a6-4cba-b025-c83195fa4f5d: failed while reading the ElectricalSeries rates (AttributeError: module 'spikeinterface.extractors' has no attribute 'NwbRecordingExtractor')
2026-10-03T08:15:18Z WARNING [332/1870] 2c600517-e3a6-4cba-b025-c83195fa4f5d: leaving unrecorded for a later run to retry.
2026-10-03T08:15:18Z WARNING 2c61d415-f073-473a-850d-af1bc821ff39: failed while reading the ElectricalSeries rates (AttributeError: module 'spikeinterface.extractors' has no attribute 'NwbRecordingExtractor')
2026-10-03T08:15:19Z WARNING [333/1870] 2c61d415-f073-473a-850d-af1bc821ff39: leaving unrecorded for a later run to retry.
2026-10-03T08:15:19Z WARNING 2c6420e9-35da-4c31-a56e-958c116fc7cf: failed while reading the ElectricalSeries rates (AttributeError: module 'spikeinterface.extractors' has no attribute 'NwbRecordingExtractor')
2026-10-03T08:15:19Z WARNING [334/1870] 2c6420e9-35da-4c31-a56e-958c116fc7cf: leaving unrecorded for a later run to retry.
2026-10-03T08:15:19Z WARNING 2c656a8e-3e90-46e0-a008-088d53654b97: failed while reading the ElectricalSeries rates (AttributeError: module 'spikeinterface.extractors' has no attribute 'NwbRecordingExtractor')
2026-10-03T08:15:19Z WARNING [335/1870] 2c656a8e-3e90-46e0-a008-088d53654b97: leaving unrecorded for a later run to retry.
2026-10-03T08:15:19Z WARNING 2c65795f-d24f-4694-9052-3c4622b5f5c9: failed while reading the ElectricalSeries rates (AttributeError: module 'spikeinterface.extractors' has no attribute 'NwbRecordingExtractor')
2026-10-03T08:15:19Z WARNING [336/1870] 2c65795f-d24f-4694-9052-3c4622b5f5c9: leaving unrecorded for a later run to retry.
2026-10-03T08:15:19Z WARNING 2c672913-9493-4c89-a5c5-17323917de4b: failed while reading the ElectricalSeries rates (AttributeError: module 'spikeinterface.extractors' has no attribute 'NwbRecordingExtractor')
2026-10-03T08:15:19Z WARNING [337/1870] 2c672913-9493-4c89-a5c5-17323917de4b: leaving unrecorded for a later run to retry.
2026-10-03T08:15:20Z WARNING 2c6789b6-56a2-4a23-b09a-644d8db90e85: failed while reading the ElectricalSeries rates (AttributeError: module 'spikeinterface.extractors' has no attribute 'NwbRecordingExtractor')
2026-10-03T08:15:20Z WARNING [338/1870] 2c6789b6-56a2-4a23-b09a-644d8db90e85: leaving unrecorded for a later run to retry.
2026-10-03T08:15:20Z WARNING 2c679df8-bec8-4f95-9234-dc35dd9323e2: failed while reading the ElectricalSeries rates (AttributeError: module 'spikeinterface.extractors' has no attribute 'NwbRecordingExtractor')
2026-10-03T08:15:20Z WARNING [339/1870] 2c679df8-bec8-4f95-9234-dc35dd9323e2: leaving unrecorded for a later run to retry.
2026-10-03T08:15:20Z WARNING 2c684549-fbfa-4019-bca8-f5a7f22311b8: failed while reading the ElectricalSeries rates (AttributeError: module 'spikeinterface.extractors' has no attribute 'NwbRecordingExtractor')
2026-10-03T08:15:20Z WARNING [340/1870] 2c684549-fbfa-4019-bca8-f5a7f22311b8: leaving unrecorded for a later run to retry.
2026-10-03T08:15:20Z WARNING 2c689e83-c7ae-4dd5-aeaa-fbc5dc1c62b8: failed while reading the ElectricalSeries rates (AttributeError: module 'spikeinterface.extractors' has no attribute 'NwbRecordingExtractor')
2026-10-03T08:15:20Z WARNING [341/1870] 2c689e83-c7ae-4dd5-aeaa-fbc5dc1c62b8: leaving unrecorded for a later run to retry.
2026-10-03T08:15:21Z WARNING 2c68affe-ace4-4a60-aedc-fbfec7ed6c73: failed while reading the ElectricalSeries rates (AttributeError: module 'spikeinterface.extractors' has no attribute 'NwbRecordingExtractor')
2026-10-03T08:15:21Z WARNING [342/1870] 2c68affe-ace4-4a60-aedc-fbfec7ed6c73: leaving unrecorded for a later run to retry.
2026-10-03T08:15:21Z WARNING 2c694f92-7254-4491-9ecf-9f6e7f41e5ea: failed while reading the ElectricalSeries rates (AttributeError: module 'spikeinterface.extractors' has no attribute 'NwbRecordingExtractor')
2026-10-03T08:15:21Z WARNING [343/1870] 2c694f92-7254-4491-9ecf-9f6e7f41e5ea: leaving unrecorded for a later run to retry.
2026-10-03T08:15:21Z WARNING 2c69c533-9bcb-4a61-8192-e004c246cbea: failed while reading the ElectricalSeries rates (AttributeError: module 'spikeinterface.extractors' has no attribute 'NwbRecordingExtractor')
2026-10-03T08:15:21Z WARNING [344/1870] 2c69c533-9bcb-4a61-8192-e004c246cbea: leaving unrecorded for a later run to retry.
2026-10-03T08:15:21Z WARNING 2c6a7ed1-22df-46d0-9764-351cf02f1b4a: failed while reading the ElectricalSeries rates (AttributeError: module 'spikeinterface.extractors' has no attribute 'NwbRecordingExtractor')
2026-10-03T08:15:21Z WARNING [345/1870] 2c6a7ed1-22df-46d0-9764-351cf02f1b4a: leaving unrecorded for a later run to retry.
2026-10-03T08:15:21Z WARNING 2c6b3e5c-1314-49ff-99eb-686a35aa25d5: failed while reading the ElectricalSeries rates (AttributeError: module 'spikeinterface.extractors' has no attribute 'NwbRecordingExtractor')
2026-10-03T08:15:21Z WARNING [346/1870] 2c6b3e5c-1314-49ff-99eb-686a35aa25d5: leaving unrecorded for a later run to retry.
2026-10-03T08:15:22Z WARNING 2c6c7eba-db73-41a9-be3a-434539905571: failed while reading the ElectricalSeries rates (AttributeError: module 'spikeinterface.extractors' has no attribute 'NwbRecordingExtractor')
2026-10-03T08:15:22Z WARNING [347/1870] 2c6c7eba-db73-41a9-be3a-434539905571: leaving unrecorded for a later run to retry.
2026-10-03T08:15:22Z WARNING 2c6cee21-6cad-44e2-8548-758d8a7afc87: failed while reading the ElectricalSeries rates (AttributeError: module 'spikeinterface.extractors' has no attribute 'NwbRecordingExtractor')
2026-10-03T08:15:22Z WARNING [348/1870] 2c6cee21-6cad-44e2-8548-758d8a7afc87: leaving unrecorded for a later run to retry.
2026-10-03T08:15:22Z WARNING 2c6d4c6c-06de-478d-be66-2492d94e7c1b: failed while reading the ElectricalSeries rates (AttributeError: module 'spikeinterface.extractors' has no attribute 'NwbRecordingExtractor')
2026-10-03T08:15:22Z WARNING [349/1870] 2c6d4c6c-06de-478d-be66-2492d94e7c1b: leaving unrecorded for a later run to retry.
2026-10-03T08:15:22Z WARNING 2c6d6389-1097-4bb8-b443-4189f9d9e002: failed while reading the ElectricalSeries rates (AttributeError: module 'spikeinterface.extractors' has no attribute 'NwbRecordingExtractor')
2026-10-03T08:15:22Z WARNING [350/1870] 2c6d6389-1097-4bb8-b443-4189f9d9e002: leaving unrecorded for a later run to retry.
2026-10-03T08:15:22Z INFO [350/1870] 2c6d6389-1097-4bb8-b443-4189f9d9e002: checkpointed 60602 records.
2026-10-03T08:15:23Z WARNING 2c6d85f8-b6ba-4481-bb1d-fd001519de59: failed while reading the ElectricalSeries rates (AttributeError: module 'spikeinterface.extractors' has no attribute 'NwbRecordingExtractor')
2026-10-03T08:15:23Z WARNING [351/1870] 2c6d85f8-b6ba-4481-bb1d-fd001519de59: leaving unrecorded for a later run to retry.
2026-10-03T08:15:23Z WARNING 2c6dca28-8ffb-481c-90f0-d36b68fe6ec2: failed while reading the ElectricalSeries rates (AttributeError: module 'spikeinterface.extractors' has no attribute 'NwbRecordingExtractor')
2026-10-03T08:15:23Z WARNING [352/1870] 2c6dca28-8ffb-481c-90f0-d36b68fe6ec2: leaving unrecorded for a later run to retry.
2026-10-03T08:15:23Z WARNING 2c6df0c8-aded-4daf-a440-c562ec743539: failed while reading the ElectricalSeries rates (AttributeError: module 'spikeinterface.extractors' has no attribute 'NwbRecordingExtractor')
2026-10-03T08:15:23Z WARNING [353/1870] 2c6df0c8-aded-4daf-a440-c562ec743539: leaving unrecorded for a later run to retry.
2026-10-03T08:15:23Z WARNING 2c6f028c-30b1-4b59-aec9-dc244d22561d: failed while reading the ElectricalSeries rates (AttributeError: module 'spikeinterface.extractors' has no attribute 'NwbRecordingExtractor')
2026-10-03T08:15:23Z WARNING [354/1870] 2c6f028c-30b1-4b59-aec9-dc244d22561d: leaving unrecorded for a later run to retry.
2026-10-03T08:15:24Z WARNING 2c6f16c9-14e8-4989-9337-9271802814e5: failed while reading the ElectricalSeries rates (AttributeError: module 'spikeinterface.extractors' has no attribute 'NwbRecordingExtractor')
2026-10-03T08:15:24Z WARNING [355/1870] 2c6f16c9-14e8-4989-9337-9271802814e5: leaving unrecorded for a later run to retry.
2026-10-03T08:15:24Z WARNING 2c6f9304-29bc-4516-a7d7-c52f6ccef2c9: failed while reading the ElectricalSeries rates (AttributeError: module 'spikeinterface.extractors' has no attribute 'NwbRecordingExtractor')
2026-10-03T08:15:24Z WARNING [356/1870] 2c6f9304-29bc-4516-a7d7-c52f6ccef2c9: leaving unrecorded for a later run to retry.
2026-10-03T08:15:24Z WARNING 2c70255a-d24e-4695-bf49-905c9d1a3766: failed while reading the ElectricalSeries rates (AttributeError: module 'spikeinterface.extractors' has no attribute 'NwbRecordingExtractor')
2026-10-03T08:15:24Z WARNING [357/1870] 2c70255a-d24e-4695-bf49-905c9d1a3766: leaving unrecorded for a later run to retry.
2026-10-03T08:15:24Z WARNING 2c702687-2fb1-42e9-9d09-537031745464: failed while reading the ElectricalSeries rates (AttributeError: module 'spikeinterface.extractors' has no attribute 'NwbRecordingExtractor')
2026-10-03T08:15:24Z WARNING [358/1870] 2c702687-2fb1-42e9-9d09-537031745464: leaving unrecorded for a later run to retry.
2026-10-03T08:15:24Z WARNING 2c706aeb-193e-4b5c-ac49-7982ada1eb47: failed while reading the ElectricalSeries rates (AttributeError: module 'spikeinterface.extractors' has no attribute 'NwbRecordingExtractor')
2026-10-03T08:15:24Z WARNING [359/1870] 2c706aeb-193e-4b5c-ac49-7982ada1eb47: leaving unrecorded for a later run to retry.
2026-10-03T08:15:25Z WARNING 2c70debc-8cd2-4e8f-8e21-d50de2bdc54b: failed while reading the ElectricalSeries rates (AttributeError: module 'spikeinterface.extractors' has no attribute 'NwbRecordingExtractor')
2026-10-03T08:15:25Z WARNING [360/1870] 2c70debc-8cd2-4e8f-8e21-d50de2bdc54b: leaving unrecorded for a later run to retry.
2026-10-03T08:15:25Z WARNING 2c711963-f50e-4489-9a36-f7f3e2d2290d: failed while reading the ElectricalSeries rates (AttributeError: module 'spikeinterface.extractors' has no attribute 'NwbRecordingExtractor')
2026-10-03T08:15:25Z WARNING [361/1870] 2c711963-f50e-4489-9a36-f7f3e2d2290d: leaving unrecorded for a later run to retry.
2026-10-03T08:15:25Z WARNING 2c72c310-4eef-4cf0-a07f-3c3cff8742e9: failed while reading the ElectricalSeries rates (AttributeError: module 'spikeinterface.extractors' has no attribute 'NwbRecordingExtractor')
2026-10-03T08:15:25Z WARNING [362/1870] 2c72c310-4eef-4cf0-a07f-3c3cff8742e9: leaving unrecorded for a later run to retry.
2026-10-03T08:15:25Z WARNING 2c73465d-67b4-44df-b701-c8a217b7bcc2: failed while reading the ElectricalSeries rates (AttributeError: module 'spikeinterface.extractors' has no attribute 'NwbRecordingExtractor')
2026-10-03T08:15:25Z WARNING [363/1870] 2c73465d-67b4-44df-b701-c8a217b7bcc2: leaving unrecorded for a later run to retry.
2026-10-03T08:15:26Z WARNING 2c739b94-076a-484a-8fcc-9d15e490f603: failed while reading the ElectricalSeries rates (AttributeError: module 'spikeinterface.extractors' has no attribute 'NwbRecordingExtractor')
2026-10-03T08:15:26Z WARNING [364/1870] 2c739b94-076a-484a-8fcc-9d15e490f603: leaving unrecorded for a later run to retry.
2026-10-03T08:15:26Z WARNING 2c757500-0a38-4e7c-a340-5d1679f90a9d: failed while reading the ElectricalSeries rates (AttributeError: module 'spikeinterface.extractors' has no attribute 'NwbRecordingExtractor')
2026-10-03T08:15:26Z WARNING [365/1870] 2c757500-0a38-4e7c-a340-5d1679f90a9d: leaving unrecorded for a later run to retry.
2026-10-03T08:15:26Z WARNING 2c766f80-75d6-4a55-b8b7-c3b61293b26d: failed while reading the ElectricalSeries rates (AttributeError: module 'spikeinterface.extractors' has no attribute 'NwbRecordingExtractor')
2026-10-03T08:15:26Z WARNING [366/1870] 2c766f80-75d6-4a55-b8b7-c3b61293b26d: leaving unrecorded for a later run to retry.
2026-10-03T08:15:26Z WARNING 2c76ea51-f0ee-4661-9585-bd7c5ed6fd47: failed while reading the ElectricalSeries rates (AttributeError: module 'spikeinterface.extractors' has no attribute 'NwbRecordingExtractor')
2026-10-03T08:15:26Z WARNING [367/1870] 2c76ea51-f0ee-4661-9585-bd7c5ed6fd47: leaving unrecorded for a later run to retry.
2026-10-03T08:15:27Z WARNING 2c76f0fb-f1c6-4254-a987-e6781e4d0411: failed while reading the ElectricalSeries rates (AttributeError: module 'spikeinterface.extractors' has no attribute 'NwbRecordingExtractor')
2026-10-03T08:15:27Z WARNING [368/1870] 2c76f0fb-f1c6-4254-a987-e6781e4d0411: leaving unrecorded for a later run to retry.
2026-10-03T08:15:27Z WARNING 2c772f75-a25a-4952-9171-e1e0a9522ca8: failed while reading the ElectricalSeries rates (AttributeError: module 'spikeinterface.extractors' has no attribute 'NwbRecordingExtractor')
2026-10-03T08:15:27Z WARNING [369/1870] 2c772f75-a25a-4952-9171-e1e0a9522ca8: leaving unrecorded for a later run to retry.
2026-10-03T08:15:27Z WARNING 2c7739c1-345c-47fa-b17c-cf7f45cceedd: failed while reading the ElectricalSeries rates (AttributeError: module 'spikeinterface.extractors' has no attribute 'NwbRecordingExtractor')
2026-10-03T08:15:27Z WARNING [370/1870] 2c7739c1-345c-47fa-b17c-cf7f45cceedd: leaving unrecorded for a later run to retry.
2026-10-03T08:15:27Z WARNING 2c77f392-da64-462f-99a9-7d58b10702be: failed while reading the ElectricalSeries rates (AttributeError: module 'spikeinterface.extractors' has no attribute 'NwbRecordingExtractor')
2026-10-03T08:15:27Z WARNING [371/1870] 2c77f392-da64-462f-99a9-7d58b10702be: leaving unrecorded for a later run to retry.
2026-10-03T08:15:28Z WARNING 2c77fac9-ebcf-4078-a82b-2260bf8ed2fa: failed while reading the ElectricalSeries rates (AttributeError: module 'spikeinterface.extractors' has no attribute 'NwbRecordingExtractor')
2026-10-03T08:15:28Z WARNING [372/1870] 2c77fac9-ebcf-4078-a82b-2260bf8ed2fa: leaving unrecorded for a later run to retry.
2026-10-03T08:15:28Z WARNING 2c788c06-6bcf-4e03-913b-2230f1ff55bf: failed while reading the ElectricalSeries rates (AttributeError: module 'spikeinterface.extractors' has no attribute 'NwbRecordingExtractor')
2026-10-03T08:15:28Z WARNING [373/1870] 2c788c06-6bcf-4e03-913b-2230f1ff55bf: leaving unrecorded for a later run to retry.
2026-10-03T08:15:28Z WARNING 2c790782-ab38-4ea9-bba0-e654955f5953: failed while reading the ElectricalSeries rates (AttributeError: module 'spikeinterface.extractors' has no attribute 'NwbRecordingExtractor')
2026-10-03T08:15:28Z WARNING [374/1870] 2c790782-ab38-4ea9-bba0-e654955f5953: leaving unrecorded for a later run to retry.
2026-10-03T08:15:28Z WARNING 2c79de34-8dbf-42b5-8a59-e2ed64d89ca0: failed while reading the ElectricalSeries rates (AttributeError: module 'spikeinterface.extractors' has no attribute 'NwbRecordingExtractor')
2026-10-03T08:15:28Z WARNING [375/1870] 2c79de34-8dbf-42b5-8a59-e2ed64d89ca0: leaving unrecorded for a later run to retry.
2026-10-03T08:15:28Z WARNING 2c7a3608-478c-41ea-b9e9-451702d41cc4: failed while reading the ElectricalSeries rates (AttributeError: module 'spikeinterface.extractors' has no attribute 'NwbRecordingExtractor')
2026-10-03T08:15:28Z WARNING [376/1870] 2c7a3608-478c-41ea-b9e9-451702d41cc4: leaving unrecorded for a later run to retry.
2026-10-03T08:15:29Z WARNING 2c7afe41-30ff-4ced-b3c5-f29df5897e8b: failed while reading the ElectricalSeries rates (AttributeError: module 'spikeinterface.extractors' has no attribute 'NwbRecordingExtractor')
2026-10-03T08:15:29Z WARNING [377/1870] 2c7afe41-30ff-4ced-b3c5-f29df5897e8b: leaving unrecorded for a later run to retry.
2026-10-03T08:15:29Z WARNING 2c7b00e6-5cc2-48b2-b6d3-c3d6b39baf07: failed while reading the ElectricalSeries rates (AttributeError: module 'spikeinterface.extractors' has no attribute 'NwbRecordingExtractor')
2026-10-03T08:15:29Z WARNING [378/1870] 2c7b00e6-5cc2-48b2-b6d3-c3d6b39baf07: leaving unrecorded for a later run to retry.
2026-10-03T08:15:29Z WARNING 2c7b853b-5f2b-4ab6-9137-8771c1371de8: failed while reading the ElectricalSeries rates (AttributeError: module 'spikeinterface.extractors' has no attribute 'NwbRecordingExtractor')
2026-10-03T08:15:29Z WARNING [379/1870] 2c7b853b-5f2b-4ab6-9137-8771c1371de8: leaving unrecorded for a later run to retry.
2026-10-03T08:15:29Z WARNING 2c7b88e7-4d37-4b26-b531-6efb48435fc6: failed while reading the ElectricalSeries rates (AttributeError: module 'spikeinterface.extractors' has no attribute 'NwbRecordingExtractor')
2026-10-03T08:15:29Z WARNING [380/1870] 2c7b88e7-4d37-4b26-b531-6efb48435fc6: leaving unrecorded for a later run to retry.
2026-10-03T08:15:29Z WARNING 2c7c3b12-0fdc-482c-b93b-f7df0e0caffb: failed while reading the ElectricalSeries rates (AttributeError: module 'spikeinterface.extractors' has no attribute 'NwbRecordingExtractor')
2026-10-03T08:15:29Z WARNING [381/1870] 2c7c3b12-0fdc-482c-b93b-f7df0e0caffb: leaving unrecorded for a later run to retry.
2026-10-03T08:15:30Z WARNING 2c7c6b2a-1660-4068-ac7b-a6409d7bcccd: failed while reading the ElectricalSeries rates (AttributeError: module 'spikeinterface.extractors' has no attribute 'NwbRecordingExtractor')
2026-10-03T08:15:30Z WARNING [382/1870] 2c7c6b2a-1660-4068-ac7b-a6409d7bcccd: leaving unrecorded for a later run to retry.
2026-10-03T08:15:30Z WARNING 2c7cd48a-4471-415d-8cea-bd129f1bdd35: failed while reading the ElectricalSeries rates (AttributeError: module 'spikeinterface.extractors' has no attribute 'NwbRecordingExtractor')
2026-10-03T08:15:30Z WARNING [383/1870] 2c7cd48a-4471-415d-8cea-bd129f1bdd35: leaving unrecorded for a later run to retry.
2026-10-03T08:15:30Z WARNING 2c7def6b-2f60-4f6e-ab81-8ea8a774eb87: failed while reading the ElectricalSeries rates (AttributeError: module 'spikeinterface.extractors' has no attribute 'NwbRecordingExtractor')
2026-10-03T08:15:30Z WARNING [384/1870] 2c7def6b-2f60-4f6e-ab81-8ea8a774eb87: leaving unrecorded for a later run to retry.
2026-10-03T08:15:30Z WARNING 2c7eb346-550a-4fe0-a823-814f29f92d26: failed while reading the ElectricalSeries rates (AttributeError: module 'spikeinterface.extractors' has no attribute 'NwbRecordingExtractor')
2026-10-03T08:15:30Z WARNING [385/1870] 2c7eb346-550a-4fe0-a823-814f29f92d26: leaving unrecorded for a later run to retry.
2026-10-03T08:15:31Z WARNING 2c80310c-015e-4caa-ae25-842264d1811a: failed while reading the ElectricalSeries rates (AttributeError: module 'spikeinterface.extractors' has no attribute 'NwbRecordingExtractor')
2026-10-03T08:15:31Z WARNING [386/1870] 2c80310c-015e-4caa-ae25-842264d1811a: leaving unrecorded for a later run to retry.
2026-10-03T08:15:31Z WARNING 2c80601b-30d3-451c-a121-b192b7699a3a: failed while reading the ElectricalSeries rates (AttributeError: module 'spikeinterface.extractors' has no attribute 'NwbRecordingExtractor')
2026-10-03T08:15:31Z WARNING [387/1870] 2c80601b-30d3-451c-a121-b192b7699a3a: leaving unrecorded for a later run to retry.
2026-10-03T08:15:31Z WARNING 2c80a4ca-71f2-4354-91a6-c2dde16e34e9: failed while reading the ElectricalSeries rates (AttributeError: module 'spikeinterface.extractors' has no attribute 'NwbRecordingExtractor')
2026-10-03T08:15:31Z WARNING [388/1870] 2c80a4ca-71f2-4354-91a6-c2dde16e34e9: leaving unrecorded for a later run to retry.
2026-10-03T08:15:31Z WARNING 2c8156a4-0aa6-4600-a7c4-d870067c4bc2: failed while reading the ElectricalSeries rates (AttributeError: module 'spikeinterface.extractors' has no attribute 'NwbRecordingExtractor')
2026-10-03T08:15:31Z WARNING [389/1870] 2c8156a4-0aa6-4600-a7c4-d870067c4bc2: leaving unrecorded for a later run to retry.
2026-10-03T08:15:31Z WARNING 2c815d50-088a-410f-a241-9946aa22e637: failed while reading the ElectricalSeries rates (AttributeError: module 'spikeinterface.extractors' has no attribute 'NwbRecordingExtractor')
2026-10-03T08:15:31Z WARNING [390/1870] 2c815d50-088a-410f-a241-9946aa22e637: leaving unrecorded for a later run to retry.
2026-10-03T08:15:32Z WARNING 2c82b9e5-ec4d-4c30-a534-9d6397341085: failed while reading the ElectricalSeries rates (AttributeError: module 'spikeinterface.extractors' has no attribute 'NwbRecordingExtractor')
2026-10-03T08:15:32Z WARNING [391/1870] 2c82b9e5-ec4d-4c30-a534-9d6397341085: leaving unrecorded for a later run to retry.
2026-10-03T08:15:32Z WARNING 2c839593-d391-4018-9939-9e973e35d02b: failed while reading the ElectricalSeries rates (AttributeError: module 'spikeinterface.extractors' has no attribute 'NwbRecordingExtractor')
2026-10-03T08:15:32Z WARNING [392/1870] 2c839593-d391-4018-9939-9e973e35d02b: leaving unrecorded for a later run to retry.
2026-10-03T08:15:32Z WARNING 2c83fcc1-9fda-4b43-a560-43a5032ae7b9: failed while reading the ElectricalSeries rates (AttributeError: module 'spikeinterface.extractors' has no attribute 'NwbRecordingExtractor')
2026-10-03T08:15:32Z WARNING [393/1870] 2c83fcc1-9fda-4b43-a560-43a5032ae7b9: leaving unrecorded for a later run to retry.
2026-10-03T08:15:32Z WARNING 2c8424e4-a263-4233-b032-eeaf65459a43: failed while reading the ElectricalSeries rates (AttributeError: module 'spikeinterface.extractors' has no attribute 'NwbRecordingExtractor')
2026-10-03T08:15:32Z WARNING [394/1870] 2c8424e4-a263-4233-b032-eeaf65459a43: leaving unrecorded for a later run to retry.
2026-10-03T08:15:33Z WARNING 2c843e6f-2f60-45ff-8f9c-400a300b0132: failed while reading the ElectricalSeries rates (AttributeError: module 'spikeinterface.extractors' has no attribute 'NwbRecordingExtractor')
2026-10-03T08:15:33Z WARNING [395/1870] 2c843e6f-2f60-45ff-8f9c-400a300b0132: leaving unrecorded for a later run to retry.
2026-10-03T08:15:33Z WARNING 2c845952-4a5d-47a9-949e-8beb47600507: failed while reading the ElectricalSeries rates (AttributeError: module 'spikeinterface.extractors' has no attribute 'NwbRecordingExtractor')
2026-10-03T08:15:33Z WARNING [396/1870] 2c845952-4a5d-47a9-949e-8beb47600507: leaving unrecorded for a later run to retry.
2026-10-03T08:15:33Z WARNING 2c8467e4-6747-42f5-8726-16927969b626: failed while reading the ElectricalSeries rates (AttributeError: module 'spikeinterface.extractors' has no attribute 'NwbRecordingExtractor')
2026-10-03T08:15:33Z WARNING [397/1870] 2c8467e4-6747-42f5-8726-16927969b626: leaving unrecorded for a later run to retry.
2026-10-03T08:15:33Z WARNING 2c849f66-0e21-44df-a43e-f31c4c040c0e: failed while reading the ElectricalSeries rates (AttributeError: module 'spikeinterface.extractors' has no attribute 'NwbRecordingExtractor')
2026-10-03T08:15:33Z WARNING [398/1870] 2c849f66-0e21-44df-a43e-f31c4c040c0e: leaving unrecorded for a later run to retry.
2026-10-03T08:15:34Z WARNING 2c851bd5-be25-4a68-8e7a-8d63d9991888: failed while reading the ElectricalSeries rates (AttributeError: module 'spikeinterface.extractors' has no attribute 'NwbRecordingExtractor')
2026-10-03T08:15:34Z WARNING [399/1870] 2c851bd5-be25-4a68-8e7a-8d63d9991888: leaving unrecorded for a later run to retry.
2026-10-03T08:15:34Z WARNING 2c856987-602e-44f2-86ff-508645507481: failed while reading the ElectricalSeries rates (AttributeError: module 'spikeinterface.extractors' has no attribute 'NwbRecordingExtractor')
2026-10-03T08:15:34Z WARNING [400/1870] 2c856987-602e-44f2-86ff-508645507481: leaving unrecorded for a later run to retry.
2026-10-03T08:15:34Z INFO [400/1870] 2c856987-602e-44f2-86ff-508645507481: checkpointed 60602 records.
2026-10-03T08:15:34Z WARNING 2c863ed5-872c-4971-bde6-7f2f6b2a7d6a: failed while reading the ElectricalSeries rates (AttributeError: module 'spikeinterface.extractors' has no attribute 'NwbRecordingExtractor')
2026-10-03T08:15:34Z WARNING [401/1870] 2c863ed5-872c-4971-bde6-7f2f6b2a7d6a: leaving unrecorded for a later run to retry.
2026-10-03T08:15:34Z WARNING 2c877525-75a5-4037-ae85-6747d7a6df8c: failed while reading the ElectricalSeries rates (AttributeError: module 'spikeinterface.extractors' has no attribute 'NwbRecordingExtractor')
2026-10-03T08:15:34Z WARNING [402/1870] 2c877525-75a5-4037-ae85-6747d7a6df8c: leaving unrecorded for a later run to retry.
2026-10-03T08:15:35Z WARNING 2c87aa6a-6be9-4a95-ac44-1d1c95088c7e: failed while reading the ElectricalSeries rates (AttributeError: module 'spikeinterface.extractors' has no attribute 'NwbRecordingExtractor')
2026-10-03T08:15:35Z WARNING [403/1870] 2c87aa6a-6be9-4a95-ac44-1d1c95088c7e: leaving unrecorded for a later run to retry.
2026-10-03T08:15:35Z WARNING 2c886487-5379-4f9a-b863-1aaa1825b728: failed while reading the ElectricalSeries rates (AttributeError: module 'spikeinterface.extractors' has no attribute 'NwbRecordingExtractor')
2026-10-03T08:15:35Z WARNING [404/1870] 2c886487-5379-4f9a-b863-1aaa1825b728: leaving unrecorded for a later run to retry.
2026-10-03T08:15:35Z WARNING 2c88a833-8319-4baa-98e9-c4f24607bb94: failed while reading the ElectricalSeries rates (AttributeError: module 'spikeinterface.extractors' has no attribute 'NwbRecordingExtractor')
2026-10-03T08:15:35Z WARNING [405/1870] 2c88a833-8319-4baa-98e9-c4f24607bb94: leaving unrecorded for a later run to retry.
2026-10-03T08:15:35Z WARNING 2c88ea8d-a8c7-4137-be1a-2def3238cc18: failed while reading the ElectricalSeries rates (AttributeError: module 'spikeinterface.extractors' has no attribute 'NwbRecordingExtractor')
2026-10-03T08:15:35Z WARNING [406/1870] 2c88ea8d-a8c7-4137-be1a-2def3238cc18: leaving unrecorded for a later run to retry.
2026-10-03T08:15:35Z WARNING 2c891ac8-1b0f-4ca1-9b2b-71ba7df75bb0: failed while reading the ElectricalSeries rates (AttributeError: module 'spikeinterface.extractors' has no attribute 'NwbRecordingExtractor')
2026-10-03T08:15:35Z WARNING [407/1870] 2c891ac8-1b0f-4ca1-9b2b-71ba7df75bb0: leaving unrecorded for a later run to retry.
2026-10-03T08:15:36Z WARNING 2c89ea36-c27c-4cca-bd25-919bae42e7f9: failed while reading the ElectricalSeries rates (AttributeError: module 'spikeinterface.extractors' has no attribute 'NwbRecordingExtractor')
2026-10-03T08:15:36Z WARNING [408/1870] 2c89ea36-c27c-4cca-bd25-919bae42e7f9: leaving unrecorded for a later run to retry.
2026-10-03T08:15:36Z WARNING 2c8a221f-8dc1-45ec-8765-b3e09f9656eb: failed while reading the ElectricalSeries rates (AttributeError: module 'spikeinterface.extractors' has no attribute 'NwbRecordingExtractor')
2026-10-03T08:15:36Z WARNING [409/1870] 2c8a221f-8dc1-45ec-8765-b3e09f9656eb: leaving unrecorded for a later run to retry.
2026-10-03T08:15:36Z WARNING 2c8a72ee-16d1-4ec1-b461-bf6257cd76b4: failed while reading the ElectricalSeries rates (AttributeError: module 'spikeinterface.extractors' has no attribute 'NwbRecordingExtractor')
2026-10-03T08:15:36Z WARNING [410/1870] 2c8a72ee-16d1-4ec1-b461-bf6257cd76b4: leaving unrecorded for a later run to retry.
2026-10-03T08:15:36Z WARNING 2c8ae61b-161c-4ee7-b629-a3be981f1674: failed while reading the ElectricalSeries rates (AttributeError: module 'spikeinterface.extractors' has no attribute 'NwbRecordingExtractor')
2026-10-03T08:15:36Z WARNING [411/1870] 2c8ae61b-161c-4ee7-b629-a3be981f1674: leaving unrecorded for a later run to retry.
2026-10-03T08:15:36Z WARNING 2c8bae2c-0237-4188-8ab8-43a829645173: failed while reading the ElectricalSeries rates (AttributeError: module 'spikeinterface.extractors' has no attribute 'NwbRecordingExtractor')
2026-10-03T08:15:36Z WARNING [412/1870] 2c8bae2c-0237-4188-8ab8-43a829645173: leaving unrecorded for a later run to retry.
2026-10-03T08:15:37Z WARNING 2c8ce069-3326-43af-b155-fb63a8b7ce85: failed while reading the ElectricalSeries rates (AttributeError: module 'spikeinterface.extractors' has no attribute 'NwbRecordingExtractor')
2026-10-03T08:15:37Z WARNING [413/1870] 2c8ce069-3326-43af-b155-fb63a8b7ce85: leaving unrecorded for a later run to retry.
2026-10-03T08:15:37Z WARNING 2c8d1a67-bf74-49ba-92e7-2c510d039555: failed while reading the ElectricalSeries rates (AttributeError: module 'spikeinterface.extractors' has no attribute 'NwbRecordingExtractor')
2026-10-03T08:15:37Z WARNING [414/1870] 2c8d1a67-bf74-49ba-92e7-2c510d039555: leaving unrecorded for a later run to retry.
2026-10-03T08:15:37Z WARNING 2c8d731b-62cc-4988-af73-0174e9f41daf: failed while reading the ElectricalSeries rates (AttributeError: module 'spikeinterface.extractors' has no attribute 'NwbRecordingExtractor')
2026-10-03T08:15:37Z WARNING [415/1870] 2c8d731b-62cc-4988-af73-0174e9f41daf: leaving unrecorded for a later run to retry.
2026-10-03T08:15:37Z WARNING 2c8e339f-2410-403e-8dfc-ff79547f8483: failed while reading the ElectricalSeries rates (AttributeError: module 'spikeinterface.extractors' has no attribute 'NwbRecordingExtractor')
2026-10-03T08:15:37Z WARNING [416/1870] 2c8e339f-2410-403e-8dfc-ff79547f8483: leaving unrecorded for a later run to retry.
2026-10-03T08:15:38Z WARNING 2c8e5476-42aa-4c7b-b58f-a44ff83cad45: failed while reading the ElectricalSeries rates (AttributeError: module 'spikeinterface.extractors' has no attribute 'NwbRecordingExtractor')
2026-10-03T08:15:38Z WARNING [417/1870] 2c8e5476-42aa-4c7b-b58f-a44ff83cad45: leaving unrecorded for a later run to retry.
2026-10-03T08:15:38Z WARNING 2c8ed00e-902f-4551-b71b-3151f41e0ecc: failed while reading the ElectricalSeries rates (AttributeError: module 'spikeinterface.extractors' has no attribute 'NwbRecordingExtractor')
2026-10-03T08:15:38Z WARNING [418/1870] 2c8ed00e-902f-4551-b71b-3151f41e0ecc: leaving unrecorded for a later run to retry.
2026-10-03T08:15:38Z WARNING 2c8f1056-6d20-480f-ac11-f6c195286d51: failed while reading the ElectricalSeries rates (AttributeError: module 'spikeinterface.extractors' has no attribute 'NwbRecordingExtractor')
2026-10-03T08:15:38Z WARNING [419/1870] 2c8f1056-6d20-480f-ac11-f6c195286d51: leaving unrecorded for a later run to retry.
2026-10-03T08:15:38Z WARNING 2c8f130f-8fcf-4323-993a-210ccdc1608e: failed while reading the ElectricalSeries rates (AttributeError: module 'spikeinterface.extractors' has no attribute 'NwbRecordingExtractor')
2026-10-03T08:15:38Z WARNING [420/1870] 2c8f130f-8fcf-4323-993a-210ccdc1608e: leaving unrecorded for a later run to retry.
2026-10-03T08:15:39Z WARNING 2c8fad95-eda6-462b-b948-120fb22d941c: failed while reading the ElectricalSeries rates (AttributeError: module 'spikeinterface.extractors' has no attribute 'NwbRecordingExtractor')
2026-10-03T08:15:39Z WARNING [421/1870] 2c8fad95-eda6-462b-b948-120fb22d941c: leaving unrecorded for a later run to retry.
2026-10-03T08:15:39Z WARNING 2c8fc688-62e6-42e9-b254-132d89dd8567: failed while reading the ElectricalSeries rates (AttributeError: module 'spikeinterface.extractors' has no attribute 'NwbRecordingExtractor')
2026-10-03T08:15:39Z WARNING [422/1870] 2c8fc688-62e6-42e9-b254-132d89dd8567: leaving unrecorded for a later run to retry.
2026-10-03T08:15:39Z WARNING 2c8fc860-3e75-4d05-b056-53f04c82abac: failed while reading the ElectricalSeries rates (AttributeError: module 'spikeinterface.extractors' has no attribute 'NwbRecordingExtractor')
2026-10-03T08:15:39Z WARNING [423/1870] 2c8fc860-3e75-4d05-b056-53f04c82abac: leaving unrecorded for a later run to retry.
2026-10-03T08:15:39Z WARNING 2c903d95-1635-4e47-8e36-2fd996008b36: failed while reading the ElectricalSeries rates (AttributeError: module 'spikeinterface.extractors' has no attribute 'NwbRecordingExtractor')
2026-10-03T08:15:39Z WARNING [424/1870] 2c903d95-1635-4e47-8e36-2fd996008b36: leaving unrecorded for a later run to retry.
2026-10-03T08:15:39Z WARNING 2c908520-a000-4d96-a9e2-df4c8bb41e58: failed while reading the ElectricalSeries rates (AttributeError: module 'spikeinterface.extractors' has no attribute 'NwbRecordingExtractor')
2026-10-03T08:15:39Z WARNING [425/1870] 2c908520-a000-4d96-a9e2-df4c8bb41e58: leaving unrecorded for a later run to retry.
2026-10-03T08:15:40Z WARNING 2c9114bf-27fd-4dc8-bfbb-5b9ac2235b55: failed while reading the ElectricalSeries rates (AttributeError: module 'spikeinterface.extractors' has no attribute 'NwbRecordingExtractor')
2026-10-03T08:15:40Z WARNING [426/1870] 2c9114bf-27fd-4dc8-bfbb-5b9ac2235b55: leaving unrecorded for a later run to retry.
2026-10-03T08:15:40Z WARNING 2c912f19-aaa4-473c-a70a-538a11355f04: failed while reading the ElectricalSeries rates (AttributeError: module 'spikeinterface.extractors' has no attribute 'NwbRecordingExtractor')
2026-10-03T08:15:40Z WARNING [427/1870] 2c912f19-aaa4-473c-a70a-538a11355f04: leaving unrecorded for a later run to retry.
2026-10-03T08:15:40Z WARNING 2c918cd5-7829-411b-91bb-da00bcadb078: failed while reading the ElectricalSeries rates (AttributeError: module 'spikeinterface.extractors' has no attribute 'NwbRecordingExtractor')
2026-10-03T08:15:40Z WARNING [428/1870] 2c918cd5-7829-411b-91bb-da00bcadb078: leaving unrecorded for a later run to retry.
2026-10-03T08:15:40Z WARNING 2c918ea9-a715-48d9-9776-7405bcc939d4: failed while reading the ElectricalSeries rates (AttributeError: module 'spikeinterface.extractors' has no attribute 'NwbRecordingExtractor')
2026-10-03T08:15:40Z WARNING [429/1870] 2c918ea9-a715-48d9-9776-7405bcc939d4: leaving unrecorded for a later run to retry.
2026-10-03T08:15:40Z WARNING 2c91f812-875e-4c1c-b0e0-3183aeeef886: failed while reading the ElectricalSeries rates (AttributeError: module 'spikeinterface.extractors' has no attribute 'NwbRecordingExtractor')
2026-10-03T08:15:40Z WARNING [430/1870] 2c91f812-875e-4c1c-b0e0-3183aeeef886: leaving unrecorded for a later run to retry.
2026-10-03T08:15:41Z WARNING 2c92d4e0-a90f-4635-a1d4-614fea2d3dca: failed while reading the ElectricalSeries rates (AttributeError: module 'spikeinterface.extractors' has no attribute 'NwbRecordingExtractor')
2026-10-03T08:15:41Z WARNING [431/1870] 2c92d4e0-a90f-4635-a1d4-614fea2d3dca: leaving unrecorded for a later run to retry.
2026-10-03T08:15:41Z WARNING 2c92f227-4ffd-4e42-b681-d616f5e244e8: failed while reading the ElectricalSeries rates (AttributeError: module 'spikeinterface.extractors' has no attribute 'NwbRecordingExtractor')
2026-10-03T08:15:41Z WARNING [432/1870] 2c92f227-4ffd-4e42-b681-d616f5e244e8: leaving unrecorded for a later run to retry.
2026-10-03T08:15:41Z WARNING 2c93c63a-9775-4a2b-bb84-0a9e92b9b6ca: failed while reading the ElectricalSeries rates (AttributeError: module 'spikeinterface.extractors' has no attribute 'NwbRecordingExtractor')
2026-10-03T08:15:41Z WARNING [433/1870] 2c93c63a-9775-4a2b-bb84-0a9e92b9b6ca: leaving unrecorded for a later run to retry.
2026-10-03T08:15:41Z WARNING 2c948f31-78ed-43b1-81e3-a6d0e7ec6e36: failed while reading the ElectricalSeries rates (AttributeError: module 'spikeinterface.extractors' has no attribute 'NwbRecordingExtractor')
2026-10-03T08:15:41Z WARNING [434/1870] 2c948f31-78ed-43b1-81e3-a6d0e7ec6e36: leaving unrecorded for a later run to retry.
2026-10-03T08:15:42Z WARNING 2c95981e-397e-46d8-b23c-2fdddbbe2a00: failed while reading the ElectricalSeries rates (AttributeError: module 'spikeinterface.extractors' has no attribute 'NwbRecordingExtractor')
2026-10-03T08:15:42Z WARNING [435/1870] 2c95981e-397e-46d8-b23c-2fdddbbe2a00: leaving unrecorded for a later run to retry.
2026-10-03T08:15:42Z WARNING 2c95c693-3ac7-4c52-96c7-43ee0663841c: failed while reading the ElectricalSeries rates (AttributeError: module 'spikeinterface.extractors' has no attribute 'NwbRecordingExtractor')
2026-10-03T08:15:42Z WARNING [436/1870] 2c95c693-3ac7-4c52-96c7-43ee0663841c: leaving unrecorded for a later run to retry.
2026-10-03T08:15:42Z WARNING 2c96b564-7216-4dfe-aea3-ddd9a4f7bc76: failed while reading the ElectricalSeries rates (AttributeError: module 'spikeinterface.extractors' has no attribute 'NwbRecordingExtractor')
2026-10-03T08:15:42Z WARNING [437/1870] 2c96b564-7216-4dfe-aea3-ddd9a4f7bc76: leaving unrecorded for a later run to retry.
2026-10-03T08:15:42Z WARNING 2c96d7f1-cd53-4b8a-9a8a-5fbbc5b67606: failed while reading the ElectricalSeries rates (AttributeError: module 'spikeinterface.extractors' has no attribute 'NwbRecordingExtractor')
2026-10-03T08:15:42Z WARNING [438/1870] 2c96d7f1-cd53-4b8a-9a8a-5fbbc5b67606: leaving unrecorded for a later run to retry.
2026-10-03T08:15:43Z WARNING 2c96e527-01f8-48e8-bcf7-567fcd7331e7: failed while reading the ElectricalSeries rates (AttributeError: module 'spikeinterface.extractors' has no attribute 'NwbRecordingExtractor')
2026-10-03T08:15:43Z WARNING [439/1870] 2c96e527-01f8-48e8-bcf7-567fcd7331e7: leaving unrecorded for a later run to retry.
2026-10-03T08:15:43Z WARNING 2c975c9a-98ba-49cc-a157-f96036dfabbf: failed while reading the ElectricalSeries rates (AttributeError: module 'spikeinterface.extractors' has no attribute 'NwbRecordingExtractor')
2026-10-03T08:15:43Z WARNING [440/1870] 2c975c9a-98ba-49cc-a157-f96036dfabbf: leaving unrecorded for a later run to retry.
2026-10-03T08:15:43Z WARNING 2c976d13-e78d-4bda-9c07-b4ef1c803ce7: failed while reading the ElectricalSeries rates (AttributeError: module 'spikeinterface.extractors' has no attribute 'NwbRecordingExtractor')
2026-10-03T08:15:43Z WARNING [441/1870] 2c976d13-e78d-4bda-9c07-b4ef1c803ce7: leaving unrecorded for a later run to retry.
2026-10-03T08:15:43Z WARNING 2c978186-9255-4ba2-b4ba-5eca52cd592b: failed while reading the ElectricalSeries rates (AttributeError: module 'spikeinterface.extractors' has no attribute 'NwbRecordingExtractor')
2026-10-03T08:15:43Z WARNING [442/1870] 2c978186-9255-4ba2-b4ba-5eca52cd592b: leaving unrecorded for a later run to retry.
2026-10-03T08:15:43Z WARNING 2c98c191-a1aa-4e68-be54-61de28d3b7e9: failed while reading the ElectricalSeries rates (AttributeError: module 'spikeinterface.extractors' has no attribute 'NwbRecordingExtractor')
2026-10-03T08:15:43Z WARNING [443/1870] 2c98c191-a1aa-4e68-be54-61de28d3b7e9: leaving unrecorded for a later run to retry.
2026-10-03T08:15:44Z WARNING 2c997c12-0948-4d22-bcf1-e8f44f30b25c: failed while reading the ElectricalSeries rates (AttributeError: module 'spikeinterface.extractors' has no attribute 'NwbRecordingExtractor')
2026-10-03T08:15:44Z WARNING [444/1870] 2c997c12-0948-4d22-bcf1-e8f44f30b25c: leaving unrecorded for a later run to retry.
2026-10-03T08:15:44Z WARNING 2c9a5355-a76a-48c8-9706-c6ad9337881e: failed while reading the ElectricalSeries rates (AttributeError: module 'spikeinterface.extractors' has no attribute 'NwbRecordingExtractor')
2026-10-03T08:15:44Z WARNING [445/1870] 2c9a5355-a76a-48c8-9706-c6ad9337881e: leaving unrecorded for a later run to retry.
2026-10-03T08:15:44Z WARNING 2c9acf82-1fbd-48f8-baeb-ed304cedce4c: failed while reading the ElectricalSeries rates (AttributeError: module 'spikeinterface.extractors' has no attribute 'NwbRecordingExtractor')
2026-10-03T08:15:44Z WARNING [446/1870] 2c9acf82-1fbd-48f8-baeb-ed304cedce4c: leaving unrecorded for a later run to retry.
2026-10-03T08:15:44Z WARNING 2c9add55-45b6-4e04-87ba-42cc01af4428: failed while reading the ElectricalSeries rates (AttributeError: module 'spikeinterface.extractors' has no attribute 'NwbRecordingExtractor')
2026-10-03T08:15:44Z WARNING [447/1870] 2c9add55-45b6-4e04-87ba-42cc01af4428: leaving unrecorded for a later run to retry.
2026-10-03T08:15:45Z WARNING 2c9bc67b-6ba0-4639-83ff-621f34f8d3f8: failed while reading the ElectricalSeries rates (AttributeError: module 'spikeinterface.extractors' has no attribute 'NwbRecordingExtractor')
2026-10-03T08:15:45Z WARNING [448/1870] 2c9bc67b-6ba0-4639-83ff-621f34f8d3f8: leaving unrecorded for a later run to retry.
2026-10-03T08:15:45Z WARNING 2c9ce6f8-3507-412b-83e8-85a9a4a25e65: failed while reading the ElectricalSeries rates (AttributeError: module 'spikeinterface.extractors' has no attribute 'NwbRecordingExtractor')
2026-10-03T08:15:45Z WARNING [449/1870] 2c9ce6f8-3507-412b-83e8-85a9a4a25e65: leaving unrecorded for a later run to retry.
2026-10-03T08:15:45Z WARNING 2c9eaef3-2959-4f4f-8a5f-ba7cdabe0515: failed while reading the ElectricalSeries rates (AttributeError: module 'spikeinterface.extractors' has no attribute 'NwbRecordingExtractor')
2026-10-03T08:15:45Z WARNING [450/1870] 2c9eaef3-2959-4f4f-8a5f-ba7cdabe0515: leaving unrecorded for a later run to retry.
2026-10-03T08:15:45Z INFO [450/1870] 2c9eaef3-2959-4f4f-8a5f-ba7cdabe0515: checkpointed 60602 records.
2026-10-03T08:15:45Z WARNING 2c9eeb82-cf57-452a-8b2e-64397f94886d: failed while reading the ElectricalSeries rates (AttributeError: module 'spikeinterface.extractors' has no attribute 'NwbRecordingExtractor')
2026-10-03T08:15:45Z WARNING [451/1870] 2c9eeb82-cf57-452a-8b2e-64397f94886d: leaving unrecorded for a later run to retry.
2026-10-03T08:15:45Z WARNING 2c9f0d18-4ec4-444a-890b-32f9a258d9e7: failed while reading the ElectricalSeries rates (AttributeError: module 'spikeinterface.extractors' has no attribute 'NwbRecordingExtractor')
2026-10-03T08:15:45Z WARNING [452/1870] 2c9f0d18-4ec4-444a-890b-32f9a258d9e7: leaving unrecorded for a later run to retry.
2026-10-03T08:15:46Z WARNING 2c9f2c9c-b353-465c-bf01-0c5e2ab33ca4: failed while reading the ElectricalSeries rates (AttributeError: module 'spikeinterface.extractors' has no attribute 'NwbRecordingExtractor')
2026-10-03T08:15:46Z WARNING [453/1870] 2c9f2c9c-b353-465c-bf01-0c5e2ab33ca4: leaving unrecorded for a later run to retry.
2026-10-03T08:15:46Z WARNING 2c9f7486-3595-4792-a5c3-7e98b1249cde: failed while reading the ElectricalSeries rates (AttributeError: module 'spikeinterface.extractors' has no attribute 'NwbRecordingExtractor')
2026-10-03T08:15:46Z WARNING [454/1870] 2c9f7486-3595-4792-a5c3-7e98b1249cde: leaving unrecorded for a later run to retry.
2026-10-03T08:15:46Z WARNING 2ca0d224-0550-49eb-9e76-009d4e11bbc2: failed while reading the ElectricalSeries rates (AttributeError: module 'spikeinterface.extractors' has no attribute 'NwbRecordingExtractor')
2026-10-03T08:15:46Z WARNING [455/1870] 2ca0d224-0550-49eb-9e76-009d4e11bbc2: leaving unrecorded for a later run to retry.
2026-10-03T08:15:46Z WARNING 2ca1b550-5143-4572-be18-15d0bdfa454a: failed while reading the ElectricalSeries rates (AttributeError: module 'spikeinterface.extractors' has no attribute 'NwbRecordingExtractor')
2026-10-03T08:15:46Z WARNING [456/1870] 2ca1b550-5143-4572-be18-15d0bdfa454a: leaving unrecorded for a later run to retry.
2026-10-03T08:15:47Z WARNING 2ca1f8fb-e6b9-49c3-a8c6-866d92912551: failed while reading the ElectricalSeries rates (AttributeError: module 'spikeinterface.extractors' has no attribute 'NwbRecordingExtractor')
2026-10-03T08:15:47Z WARNING [457/1870] 2ca1f8fb-e6b9-49c3-a8c6-866d92912551: leaving unrecorded for a later run to retry.
2026-10-03T08:15:47Z WARNING 2ca20535-efd3-462a-9ee5-a69ae302ffb0: failed while reading the ElectricalSeries rates (AttributeError: module 'spikeinterface.extractors' has no attribute 'NwbRecordingExtractor')
2026-10-03T08:15:47Z WARNING [458/1870] 2ca20535-efd3-462a-9ee5-a69ae302ffb0: leaving unrecorded for a later run to retry.
2026-10-03T08:15:47Z WARNING 2ca24d5e-fa4b-4af9-a6cc-225237426e95: failed while reading the ElectricalSeries rates (AttributeError: module 'spikeinterface.extractors' has no attribute 'NwbRecordingExtractor')
2026-10-03T08:15:47Z WARNING [459/1870] 2ca24d5e-fa4b-4af9-a6cc-225237426e95: leaving unrecorded for a later run to retry.
2026-10-03T08:15:47Z WARNING 2ca2a97d-2f1b-41c2-a35b-7ba2fd2d0dd4: failed while reading the ElectricalSeries rates (AttributeError: module 'spikeinterface.extractors' has no attribute 'NwbRecordingExtractor')
2026-10-03T08:15:47Z WARNING [460/1870] 2ca2a97d-2f1b-41c2-a35b-7ba2fd2d0dd4: leaving unrecorded for a later run to retry.
2026-10-03T08:15:47Z WARNING 2ca337ca-ec87-42c0-a775-fe6a805af894: failed while reading the ElectricalSeries rates (AttributeError: module 'spikeinterface.extractors' has no attribute 'NwbRecordingExtractor')
2026-10-03T08:15:47Z WARNING [461/1870] 2ca337ca-ec87-42c0-a775-fe6a805af894: leaving unrecorded for a later run to retry.
2026-10-03T08:15:48Z WARNING 2ca3df3d-e736-413f-9839-3e49b73433dc: failed while reading the ElectricalSeries rates (AttributeError: module 'spikeinterface.extractors' has no attribute 'NwbRecordingExtractor')
2026-10-03T08:15:48Z WARNING [462/1870] 2ca3df3d-e736-413f-9839-3e49b73433dc: leaving unrecorded for a later run to retry.
2026-10-03T08:15:48Z WARNING 2ca44aef-f9cc-469b-97ce-55ef61a28720: failed while reading the ElectricalSeries rates (AttributeError: module 'spikeinterface.extractors' has no attribute 'NwbRecordingExtractor')
2026-10-03T08:15:48Z WARNING [463/1870] 2ca44aef-f9cc-469b-97ce-55ef61a28720: leaving unrecorded for a later run to retry.
2026-10-03T08:15:48Z WARNING 2ca47f59-c04f-46cc-8163-213a21c7b61b: failed while reading the ElectricalSeries rates (AttributeError: module 'spikeinterface.extractors' has no attribute 'NwbRecordingExtractor')
2026-10-03T08:15:48Z WARNING [464/1870] 2ca47f59-c04f-46cc-8163-213a21c7b61b: leaving unrecorded for a later run to retry.
2026-10-03T08:15:48Z WARNING 2ca59b40-12bd-40ba-a84f-559ac96c249c: failed while reading the ElectricalSeries rates (AttributeError: module 'spikeinterface.extractors' has no attribute 'NwbRecordingExtractor')
2026-10-03T08:15:48Z WARNING [465/1870] 2ca59b40-12bd-40ba-a84f-559ac96c249c: leaving unrecorded for a later run to retry.
2026-10-03T08:15:49Z WARNING 2ca5d7f1-6fae-455a-bfee-04e49cabe7fe: failed while reading the ElectricalSeries rates (AttributeError: module 'spikeinterface.extractors' has no attribute 'NwbRecordingExtractor')
2026-10-03T08:15:49Z WARNING [466/1870] 2ca5d7f1-6fae-455a-bfee-04e49cabe7fe: leaving unrecorded for a later run to retry.
2026-10-03T08:15:49Z WARNING 2ca83a4c-ac43-4980-976a-f59961bf5108: failed while reading the ElectricalSeries rates (AttributeError: module 'spikeinterface.extractors' has no attribute 'NwbRecordingExtractor')
2026-10-03T08:15:49Z WARNING [467/1870] 2ca83a4c-ac43-4980-976a-f59961bf5108: leaving unrecorded for a later run to retry.
2026-10-03T08:15:49Z WARNING 2caae102-382d-4b7b-a492-2c336a978687: failed while reading the ElectricalSeries rates (AttributeError: module 'spikeinterface.extractors' has no attribute 'NwbRecordingExtractor')
2026-10-03T08:15:49Z WARNING [468/1870] 2caae102-382d-4b7b-a492-2c336a978687: leaving unrecorded for a later run to retry.
2026-10-03T08:15:49Z WARNING 2cab5f4a-0798-4c4a-80ac-3d0202677b07: failed while reading the ElectricalSeries rates (AttributeError: module 'spikeinterface.extractors' has no attribute 'NwbRecordingExtractor')
2026-10-03T08:15:49Z WARNING [469/1870] 2cab5f4a-0798-4c4a-80ac-3d0202677b07: leaving unrecorded for a later run to retry.
2026-10-03T08:15:49Z WARNING 2cac8599-062b-4d0d-968e-84299659d00b: failed while reading the ElectricalSeries rates (AttributeError: module 'spikeinterface.extractors' has no attribute 'NwbRecordingExtractor')
2026-10-03T08:15:49Z WARNING [470/1870] 2cac8599-062b-4d0d-968e-84299659d00b: leaving unrecorded for a later run to retry.
2026-10-03T08:15:50Z WARNING 2cadbf40-dc9d-4e90-a81e-f3f3a9af2e64: failed while reading the ElectricalSeries rates (AttributeError: module 'spikeinterface.extractors' has no attribute 'NwbRecordingExtractor')
2026-10-03T08:15:50Z WARNING [471/1870] 2cadbf40-dc9d-4e90-a81e-f3f3a9af2e64: leaving unrecorded for a later run to retry.
2026-10-03T08:15:50Z WARNING 2cae1bcb-c332-464a-a482-ba16d03e5f1a: failed while reading the ElectricalSeries rates (AttributeError: module 'spikeinterface.extractors' has no attribute 'NwbRecordingExtractor')
2026-10-03T08:15:50Z WARNING [472/1870] 2cae1bcb-c332-464a-a482-ba16d03e5f1a: leaving unrecorded for a later run to retry.
2026-10-03T08:15:50Z WARNING 2caebafe-379a-40f8-9e04-dafbaf01554c: failed while reading the ElectricalSeries rates (AttributeError: module 'spikeinterface.extractors' has no attribute 'NwbRecordingExtractor')
2026-10-03T08:15:50Z WARNING [473/1870] 2caebafe-379a-40f8-9e04-dafbaf01554c: leaving unrecorded for a later run to retry.
2026-10-03T08:15:50Z WARNING 2cafc8a5-e897-4609-acb6-bb58e78b0868: failed while reading the ElectricalSeries rates (AttributeError: module 'spikeinterface.extractors' has no attribute 'NwbRecordingExtractor')
2026-10-03T08:15:50Z WARNING [474/1870] 2cafc8a5-e897-4609-acb6-bb58e78b0868: leaving unrecorded for a later run to retry.
2026-10-03T08:15:51Z WARNING 2cb044cb-bbaa-4a82-90b7-6e13803b52dd: failed while reading the ElectricalSeries rates (AttributeError: module 'spikeinterface.extractors' has no attribute 'NwbRecordingExtractor')
2026-10-03T08:15:51Z WARNING [475/1870] 2cb044cb-bbaa-4a82-90b7-6e13803b52dd: leaving unrecorded for a later run to retry.
2026-10-03T08:15:51Z WARNING 2cb067bd-6874-4abb-8b10-448ff43e14aa: failed while reading the ElectricalSeries rates (AttributeError: module 'spikeinterface.extractors' has no attribute 'NwbRecordingExtractor')
2026-10-03T08:15:51Z WARNING [476/1870] 2cb067bd-6874-4abb-8b10-448ff43e14aa: leaving unrecorded for a later run to retry.
2026-10-03T08:15:51Z WARNING 2cb08da0-3a43-4e11-ba7b-9c4b2b451621: failed while reading the ElectricalSeries rates (AttributeError: module 'spikeinterface.extractors' has no attribute 'NwbRecordingExtractor')
2026-10-03T08:15:51Z WARNING [477/1870] 2cb08da0-3a43-4e11-ba7b-9c4b2b451621: leaving unrecorded for a later run to retry.
2026-10-03T08:15:51Z WARNING 2cb0a196-75a5-4aca-b9e6-0a72591d38d4: failed while reading the ElectricalSeries rates (AttributeError: module 'spikeinterface.extractors' has no attribute 'NwbRecordingExtractor')
2026-10-03T08:15:51Z WARNING [478/1870] 2cb0a196-75a5-4aca-b9e6-0a72591d38d4: leaving unrecorded for a later run to retry.
2026-10-03T08:15:51Z WARNING 2cb1fa9a-4aad-4cc2-bbb0-be72f145198b: failed while reading the ElectricalSeries rates (AttributeError: module 'spikeinterface.extractors' has no attribute 'NwbRecordingExtractor')
2026-10-03T08:15:51Z WARNING [479/1870] 2cb1fa9a-4aad-4cc2-bbb0-be72f145198b: leaving unrecorded for a later run to retry.
2026-10-03T08:15:52Z WARNING 2cb3abd4-6f40-4eee-b16a-b3485784958c: failed while reading the ElectricalSeries rates (AttributeError: module 'spikeinterface.extractors' has no attribute 'NwbRecordingExtractor')
2026-10-03T08:15:52Z WARNING [480/1870] 2cb3abd4-6f40-4eee-b16a-b3485784958c: leaving unrecorded for a later run to retry.
2026-10-03T08:15:52Z WARNING 2cb417d8-6d9a-4ee6-8bf2-9f6f9e1a9f62: failed while reading the ElectricalSeries rates (AttributeError: module 'spikeinterface.extractors' has no attribute 'NwbRecordingExtractor')
2026-10-03T08:15:52Z WARNING [481/1870] 2cb417d8-6d9a-4ee6-8bf2-9f6f9e1a9f62: leaving unrecorded for a later run to retry.
2026-10-03T08:15:52Z WARNING 2cb49390-a4b2-4ff0-9790-789ffed5e2b9: failed while reading the ElectricalSeries rates (AttributeError: module 'spikeinterface.extractors' has no attribute 'NwbRecordingExtractor')
2026-10-03T08:15:52Z WARNING [482/1870] 2cb49390-a4b2-4ff0-9790-789ffed5e2b9: leaving unrecorded for a later run to retry.
2026-10-03T08:15:52Z WARNING 2cb4e092-dee3-44a5-9544-d1b3054c5558: failed while reading the ElectricalSeries rates (AttributeError: module 'spikeinterface.extractors' has no attribute 'NwbRecordingExtractor')
2026-10-03T08:15:52Z WARNING [483/1870] 2cb4e092-dee3-44a5-9544-d1b3054c5558: leaving unrecorded for a later run to retry.
2026-10-03T08:15:53Z WARNING 2cb621f6-156d-4ea9-96e9-80d207947423: failed while reading the ElectricalSeries rates (AttributeError: module 'spikeinterface.extractors' has no attribute 'NwbRecordingExtractor')
2026-10-03T08:15:53Z WARNING [484/1870] 2cb621f6-156d-4ea9-96e9-80d207947423: leaving unrecorded for a later run to retry.
2026-10-03T08:15:53Z WARNING 2cb65944-ead6-4ec5-a1ae-decec17918b7: failed while reading the ElectricalSeries rates (AttributeError: module 'spikeinterface.extractors' has no attribute 'NwbRecordingExtractor')
2026-10-03T08:15:53Z WARNING [485/1870] 2cb65944-ead6-4ec5-a1ae-decec17918b7: leaving unrecorded for a later run to retry.
2026-10-03T08:15:53Z WARNING 2cb75ecc-8e4d-46e0-9845-5aa83a614489: failed while reading the ElectricalSeries rates (AttributeError: module 'spikeinterface.extractors' has no attribute 'NwbRecordingExtractor')
2026-10-03T08:15:53Z WARNING [486/1870] 2cb75ecc-8e4d-46e0-9845-5aa83a614489: leaving unrecorded for a later run to retry.
2026-10-03T08:15:53Z WARNING 2cb82625-bf14-4e8c-98ba-2a8aef9ce3dd: failed while reading the ElectricalSeries rates (AttributeError: module 'spikeinterface.extractors' has no attribute 'NwbRecordingExtractor')
2026-10-03T08:15:53Z WARNING [487/1870] 2cb82625-bf14-4e8c-98ba-2a8aef9ce3dd: leaving unrecorded for a later run to retry.
2026-10-03T08:15:53Z WARNING 2cb89f68-8597-4b6e-ad74-4f08426e578d: failed while reading the ElectricalSeries rates (AttributeError: module 'spikeinterface.extractors' has no attribute 'NwbRecordingExtractor')
2026-10-03T08:15:53Z WARNING [488/1870] 2cb89f68-8597-4b6e-ad74-4f08426e578d: leaving unrecorded for a later run to retry.
2026-10-03T08:15:54Z WARNING 2cb8cdbe-7fe1-4f19-bc13-8c9bc3a6fcc1: failed while reading the ElectricalSeries rates (AttributeError: module 'spikeinterface.extractors' has no attribute 'NwbRecordingExtractor')
2026-10-03T08:15:54Z WARNING [489/1870] 2cb8cdbe-7fe1-4f19-bc13-8c9bc3a6fcc1: leaving unrecorded for a later run to retry.
2026-10-03T08:15:54Z WARNING 2cb90397-d53f-451d-897e-d059fb8e5775: failed while reading the ElectricalSeries rates (AttributeError: module 'spikeinterface.extractors' has no attribute 'NwbRecordingExtractor')
2026-10-03T08:15:54Z WARNING [490/1870] 2cb90397-d53f-451d-897e-d059fb8e5775: leaving unrecorded for a later run to retry.
2026-10-03T08:15:54Z WARNING 2cba6976-c875-4c7f-8bad-326afb27562e: failed while reading the ElectricalSeries rates (AttributeError: module 'spikeinterface.extractors' has no attribute 'NwbRecordingExtractor')
2026-10-03T08:15:54Z WARNING [491/1870] 2cba6976-c875-4c7f-8bad-326afb27562e: leaving unrecorded for a later run to retry.
2026-10-03T08:15:54Z WARNING 2cbb1eb6-64bc-428d-825a-74ed06888d52: failed while reading the ElectricalSeries rates (AttributeError: module 'spikeinterface.extractors' has no attribute 'NwbRecordingExtractor')
2026-10-03T08:15:54Z WARNING [492/1870] 2cbb1eb6-64bc-428d-825a-74ed06888d52: leaving unrecorded for a later run to retry.
2026-10-03T08:15:54Z WARNING 2cbb84a7-2eaf-47c9-8778-d37eda7bf61f: failed while reading the ElectricalSeries rates (AttributeError: module 'spikeinterface.extractors' has no attribute 'NwbRecordingExtractor')
2026-10-03T08:15:54Z WARNING [493/1870] 2cbb84a7-2eaf-47c9-8778-d37eda7bf61f: leaving unrecorded for a later run to retry.
2026-10-03T08:15:55Z WARNING 2cbc5d09-445d-4f5e-9c03-521e729d9437: failed while reading the ElectricalSeries rates (AttributeError: module 'spikeinterface.extractors' has no attribute 'NwbRecordingExtractor')
2026-10-03T08:15:55Z WARNING [494/1870] 2cbc5d09-445d-4f5e-9c03-521e729d9437: leaving unrecorded for a later run to retry.
2026-10-03T08:15:55Z WARNING 2cbc6001-da97-4b6f-b55b-4dd2394ef613: failed while reading the ElectricalSeries rates (AttributeError: module 'spikeinterface.extractors' has no attribute 'NwbRecordingExtractor')
2026-10-03T08:15:55Z WARNING [495/1870] 2cbc6001-da97-4b6f-b55b-4dd2394ef613: leaving unrecorded for a later run to retry.
2026-10-03T08:15:55Z WARNING 2cbd1a83-09b1-40d4-b2e8-2861f39d219e: failed while reading the ElectricalSeries rates (AttributeError: module 'spikeinterface.extractors' has no attribute 'NwbRecordingExtractor')
2026-10-03T08:15:55Z WARNING [496/1870] 2cbd1a83-09b1-40d4-b2e8-2861f39d219e: leaving unrecorded for a later run to retry.
2026-10-03T08:15:55Z WARNING 2cbd9453-019c-40fd-844b-67ca7faf187e: failed while reading the ElectricalSeries rates (AttributeError: module 'spikeinterface.extractors' has no attribute 'NwbRecordingExtractor')
2026-10-03T08:15:55Z WARNING [497/1870] 2cbd9453-019c-40fd-844b-67ca7faf187e: leaving unrecorded for a later run to retry.
2026-10-03T08:15:56Z WARNING 2cbdc28a-5d33-40a8-b4ff-453d9439360e: failed while reading the ElectricalSeries rates (AttributeError: module 'spikeinterface.extractors' has no attribute 'NwbRecordingExtractor')
2026-10-03T08:15:56Z WARNING [498/1870] 2cbdc28a-5d33-40a8-b4ff-453d9439360e: leaving unrecorded for a later run to retry.
2026-10-03T08:15:56Z WARNING 2cbf5663-7f94-4979-a644-699f7ee326cc: failed while reading the ElectricalSeries rates (AttributeError: module 'spikeinterface.extractors' has no attribute 'NwbRecordingExtractor')
2026-10-03T08:15:56Z WARNING [499/1870] 2cbf5663-7f94-4979-a644-699f7ee326cc: leaving unrecorded for a later run to retry.
2026-10-03T08:15:56Z WARNING 2cbf7c3b-c83c-49e7-bce5-61199282ad70: failed while reading the ElectricalSeries rates (AttributeError: module 'spikeinterface.extractors' has no attribute 'NwbRecordingExtractor')
2026-10-03T08:15:56Z WARNING [500/1870] 2cbf7c3b-c83c-49e7-bce5-61199282ad70: leaving unrecorded for a later run to retry.
2026-10-03T08:15:56Z INFO [500/1870] 2cbf7c3b-c83c-49e7-bce5-61199282ad70: checkpointed 60602 records.
2026-10-03T08:15:56Z WARNING 2cbf86c9-2a5d-4be2-a2fe-27708effd578: failed while reading the ElectricalSeries rates (AttributeError: module 'spikeinterface.extractors' has no attribute 'NwbRecordingExtractor')
2026-10-03T08:15:56Z WARNING [501/1870] 2cbf86c9-2a5d-4be2-a2fe-27708effd578: leaving unrecorded for a later run to retry.
2026-10-03T08:15:57Z WARNING 2cc04658-9b58-474f-9b5b-0a1e41e9c96b: failed while reading the ElectricalSeries rates (AttributeError: module 'spikeinterface.extractors' has no attribute 'NwbRecordingExtractor')
2026-10-03T08:15:57Z WARNING [502/1870] 2cc04658-9b58-474f-9b5b-0a1e41e9c96b: leaving unrecorded for a later run to retry.
2026-10-03T08:15:57Z WARNING 2cc189b6-33e1-4c90-b399-e37977c478c7: failed while reading the ElectricalSeries rates (AttributeError: module 'spikeinterface.extractors' has no attribute 'NwbRecordingExtractor')
2026-10-03T08:15:57Z WARNING [503/1870] 2cc189b6-33e1-4c90-b399-e37977c478c7: leaving unrecorded for a later run to retry.
2026-10-03T08:15:57Z WARNING 2cc2f5d5-0371-4237-957c-fed3ea3f2fc6: failed while reading the ElectricalSeries rates (AttributeError: module 'spikeinterface.extractors' has no attribute 'NwbRecordingExtractor')
2026-10-03T08:15:57Z WARNING [504/1870] 2cc2f5d5-0371-4237-957c-fed3ea3f2fc6: leaving unrecorded for a later run to retry.
2026-10-03T08:15:57Z WARNING 2cc3dc8f-f4a6-4ed5-aa5f-81b52561be3f: failed while reading the ElectricalSeries rates (AttributeError: module 'spikeinterface.extractors' has no attribute 'NwbRecordingExtractor')
2026-10-03T08:15:57Z WARNING [505/1870] 2cc3dc8f-f4a6-4ed5-aa5f-81b52561be3f: leaving unrecorded for a later run to retry.
2026-10-03T08:15:57Z WARNING 2cc3eae0-b88c-4529-9d95-549c002781fd: failed while reading the ElectricalSeries rates (AttributeError: module 'spikeinterface.extractors' has no attribute 'NwbRecordingExtractor')
2026-10-03T08:15:57Z WARNING [506/1870] 2cc3eae0-b88c-4529-9d95-549c002781fd: leaving unrecorded for a later run to retry.
2026-10-03T08:15:58Z WARNING 2cc44d60-75b8-4e1a-ab85-2965416f7e06: failed while reading the ElectricalSeries rates (AttributeError: module 'spikeinterface.extractors' has no attribute 'NwbRecordingExtractor')
2026-10-03T08:15:58Z WARNING [507/1870] 2cc44d60-75b8-4e1a-ab85-2965416f7e06: leaving unrecorded for a later run to retry.
2026-10-03T08:15:58Z WARNING 2cc4b8cc-340a-4ce5-95c7-dfb2fb6a6986: failed while reading the ElectricalSeries rates (AttributeError: module 'spikeinterface.extractors' has no attribute 'NwbRecordingExtractor')
2026-10-03T08:15:58Z WARNING [508/1870] 2cc4b8cc-340a-4ce5-95c7-dfb2fb6a6986: leaving unrecorded for a later run to retry.
2026-10-03T08:15:58Z WARNING 2cc5a632-dcae-4b7a-bd0b-0229b912c946: failed while reading the ElectricalSeries rates (AttributeError: module 'spikeinterface.extractors' has no attribute 'NwbRecordingExtractor')
2026-10-03T08:15:58Z WARNING [509/1870] 2cc5a632-dcae-4b7a-bd0b-0229b912c946: leaving unrecorded for a later run to retry.
2026-10-03T08:15:58Z WARNING 2cc5dcf8-823f-473b-916f-8cc517a6f54b: failed while reading the ElectricalSeries rates (AttributeError: module 'spikeinterface.extractors' has no attribute 'NwbRecordingExtractor')
2026-10-03T08:15:58Z WARNING [510/1870] 2cc5dcf8-823f-473b-916f-8cc517a6f54b: leaving unrecorded for a later run to retry.
2026-10-03T08:15:59Z WARNING 2cc6fe6a-77cb-4af6-9a46-42eeb334c318: failed while reading the ElectricalSeries rates (AttributeError: module 'spikeinterface.extractors' has no attribute 'NwbRecordingExtractor')
2026-10-03T08:15:59Z WARNING [511/1870] 2cc6fe6a-77cb-4af6-9a46-42eeb334c318: leaving unrecorded for a later run to retry.
2026-10-03T08:15:59Z WARNING 2cc7062f-5717-4c63-b075-54cda811bcdd: failed while reading the ElectricalSeries rates (AttributeError: module 'spikeinterface.extractors' has no attribute 'NwbRecordingExtractor')
2026-10-03T08:15:59Z WARNING [512/1870] 2cc7062f-5717-4c63-b075-54cda811bcdd: leaving unrecorded for a later run to retry.
2026-10-03T08:15:59Z WARNING 2cc78c70-029d-4ea5-8e19-06c2f58e675f: failed while reading the ElectricalSeries rates (AttributeError: module 'spikeinterface.extractors' has no attribute 'NwbRecordingExtractor')
2026-10-03T08:15:59Z WARNING [513/1870] 2cc78c70-029d-4ea5-8e19-06c2f58e675f: leaving unrecorded for a later run to retry.
2026-10-03T08:15:59Z WARNING 2cc7e655-562c-49d8-b6aa-de6dc863cbd4: failed while reading the ElectricalSeries rates (AttributeError: module 'spikeinterface.extractors' has no attribute 'NwbRecordingExtractor')
2026-10-03T08:15:59Z WARNING [514/1870] 2cc7e655-562c-49d8-b6aa-de6dc863cbd4: leaving unrecorded for a later run to retry.
2026-10-03T08:16:00Z WARNING 2cc81e9c-c0c1-4ff0-9fd4-a9c04ae0480d: failed while reading the ElectricalSeries rates (AttributeError: module 'spikeinterface.extractors' has no attribute 'NwbRecordingExtractor')
2026-10-03T08:16:00Z WARNING [515/1870] 2cc81e9c-c0c1-4ff0-9fd4-a9c04ae0480d: leaving unrecorded for a later run to retry.
2026-10-03T08:16:00Z WARNING 2cc84b41-3a2a-4aae-9326-6669b773db7b: failed while reading the ElectricalSeries rates (AttributeError: module 'spikeinterface.extractors' has no attribute 'NwbRecordingExtractor')
2026-10-03T08:16:00Z WARNING [516/1870] 2cc84b41-3a2a-4aae-9326-6669b773db7b: leaving unrecorded for a later run to retry.
2026-10-03T08:16:00Z WARNING 2cc8a0f9-5313-4032-af15-70de09467845: failed while reading the ElectricalSeries rates (AttributeError: module 'spikeinterface.extractors' has no attribute 'NwbRecordingExtractor')
2026-10-03T08:16:00Z WARNING [517/1870] 2cc8a0f9-5313-4032-af15-70de09467845: leaving unrecorded for a later run to retry.
2026-10-03T08:16:00Z WARNING 2cc8e902-ef28-45ce-82b8-d7249e0b8d7b: failed while reading the ElectricalSeries rates (AttributeError: module 'spikeinterface.extractors' has no attribute 'NwbRecordingExtractor')
2026-10-03T08:16:00Z WARNING [518/1870] 2cc8e902-ef28-45ce-82b8-d7249e0b8d7b: leaving unrecorded for a later run to retry.
2026-10-03T08:16:00Z WARNING 2cc9b71c-7828-4a65-8202-340cd77fff4b: failed while reading the ElectricalSeries rates (AttributeError: module 'spikeinterface.extractors' has no attribute 'NwbRecordingExtractor')
2026-10-03T08:16:00Z WARNING [519/1870] 2cc9b71c-7828-4a65-8202-340cd77fff4b: leaving unrecorded for a later run to retry.
2026-10-03T08:16:01Z WARNING 2cca1067-d7f9-4d36-81d2-f819cf48a428: failed while reading the ElectricalSeries rates (AttributeError: module 'spikeinterface.extractors' has no attribute 'NwbRecordingExtractor')
2026-10-03T08:16:01Z WARNING [520/1870] 2cca1067-d7f9-4d36-81d2-f819cf48a428: leaving unrecorded for a later run to retry.
2026-10-03T08:16:01Z WARNING 2cca1e54-dd71-4d39-a046-c93c0b07ed7c: failed while reading the ElectricalSeries rates (AttributeError: module 'spikeinterface.extractors' has no attribute 'NwbRecordingExtractor')
2026-10-03T08:16:01Z WARNING [521/1870] 2cca1e54-dd71-4d39-a046-c93c0b07ed7c: leaving unrecorded for a later run to retry.
2026-10-03T08:16:01Z WARNING 2cca9e55-e949-4d62-9ea2-febf83bb7083: failed while reading the ElectricalSeries rates (AttributeError: module 'spikeinterface.extractors' has no attribute 'NwbRecordingExtractor')
2026-10-03T08:16:01Z WARNING [522/1870] 2cca9e55-e949-4d62-9ea2-febf83bb7083: leaving unrecorded for a later run to retry.
2026-10-03T08:16:01Z WARNING 2ccb17c8-294e-4fd6-a945-8f54040358b7: failed while reading the ElectricalSeries rates (AttributeError: module 'spikeinterface.extractors' has no attribute 'NwbRecordingExtractor')
2026-10-03T08:16:01Z WARNING [523/1870] 2ccb17c8-294e-4fd6-a945-8f54040358b7: leaving unrecorded for a later run to retry.
2026-10-03T08:16:01Z WARNING 2ccb22e7-ee24-48d1-9d3b-7c223a5af4c8: failed while reading the ElectricalSeries rates (AttributeError: module 'spikeinterface.extractors' has no attribute 'NwbRecordingExtractor')
2026-10-03T08:16:01Z WARNING [524/1870] 2ccb22e7-ee24-48d1-9d3b-7c223a5af4c8: leaving unrecorded for a later run to retry.
2026-10-03T08:16:02Z WARNING 2ccb9d42-8e13-4442-ae56-5f229eedef8e: failed while reading the ElectricalSeries rates (AttributeError: module 'spikeinterface.extractors' has no attribute 'NwbRecordingExtractor')
2026-10-03T08:16:02Z WARNING [525/1870] 2ccb9d42-8e13-4442-ae56-5f229eedef8e: leaving unrecorded for a later run to retry.
2026-10-03T08:16:02Z WARNING 2ccbafab-77fe-44c3-a032-4b586616d8d9: failed while reading the ElectricalSeries rates (AttributeError: module 'spikeinterface.extractors' has no attribute 'NwbRecordingExtractor')
2026-10-03T08:16:02Z WARNING [526/1870] 2ccbafab-77fe-44c3-a032-4b586616d8d9: leaving unrecorded for a later run to retry.
2026-10-03T08:16:02Z WARNING 2ccc40bd-1104-441f-9f85-d9579bd30e0c: failed while reading the ElectricalSeries rates (AttributeError: module 'spikeinterface.extractors' has no attribute 'NwbRecordingExtractor')
2026-10-03T08:16:02Z WARNING [527/1870] 2ccc40bd-1104-441f-9f85-d9579bd30e0c: leaving unrecorded for a later run to retry.
2026-10-03T08:16:02Z WARNING 2ccc6247-eb44-409f-b185-6f69b1730e50: failed while reading the ElectricalSeries rates (AttributeError: module 'spikeinterface.extractors' has no attribute 'NwbRecordingExtractor')
2026-10-03T08:16:02Z WARNING [528/1870] 2ccc6247-eb44-409f-b185-6f69b1730e50: leaving unrecorded for a later run to retry.
2026-10-03T08:16:03Z WARNING 2ccd0f50-6d02-44ac-91f0-1d06d8a3540f: failed while reading the ElectricalSeries rates (AttributeError: module 'spikeinterface.extractors' has no attribute 'NwbRecordingExtractor')
2026-10-03T08:16:03Z WARNING [529/1870] 2ccd0f50-6d02-44ac-91f0-1d06d8a3540f: leaving unrecorded for a later run to retry.
2026-10-03T08:16:03Z WARNING 2ccdb6d0-74ef-45e4-9efa-99d78eb96671: failed while reading the ElectricalSeries rates (AttributeError: module 'spikeinterface.extractors' has no attribute 'NwbRecordingExtractor')
2026-10-03T08:16:03Z WARNING [530/1870] 2ccdb6d0-74ef-45e4-9efa-99d78eb96671: leaving unrecorded for a later run to retry.
2026-10-03T08:16:03Z WARNING 2ccdc7cd-b575-43e7-bf28-3bd19e511972: failed while reading the ElectricalSeries rates (AttributeError: module 'spikeinterface.extractors' has no attribute 'NwbRecordingExtractor')
2026-10-03T08:16:03Z WARNING [531/1870] 2ccdc7cd-b575-43e7-bf28-3bd19e511972: leaving unrecorded for a later run to retry.
2026-10-03T08:16:03Z WARNING 2cce6631-ff0b-4619-bbde-ee01b98f4711: failed while reading the ElectricalSeries rates (AttributeError: module 'spikeinterface.extractors' has no attribute 'NwbRecordingExtractor')
2026-10-03T08:16:03Z WARNING [532/1870] 2cce6631-ff0b-4619-bbde-ee01b98f4711: leaving unrecorded for a later run to retry.
2026-10-03T08:16:04Z WARNING 2cce9a29-6e79-4e5b-9de7-7e7d4879e6b5: failed while reading the ElectricalSeries rates (AttributeError: module 'spikeinterface.extractors' has no attribute 'NwbRecordingExtractor')
2026-10-03T08:16:04Z WARNING [533/1870] 2cce9a29-6e79-4e5b-9de7-7e7d4879e6b5: leaving unrecorded for a later run to retry.
2026-10-03T08:16:04Z WARNING 2ccf1061-0ac0-4a80-8266-9768b466d7f6: failed while reading the ElectricalSeries rates (AttributeError: module 'spikeinterface.extractors' has no attribute 'NwbRecordingExtractor')
2026-10-03T08:16:04Z WARNING [534/1870] 2ccf1061-0ac0-4a80-8266-9768b466d7f6: leaving unrecorded for a later run to retry.
2026-10-03T08:16:04Z WARNING 2cd0bf9f-e1fd-4035-b344-2ddef403e52c: failed while reading the ElectricalSeries rates (AttributeError: module 'spikeinterface.extractors' has no attribute 'NwbRecordingExtractor')
2026-10-03T08:16:04Z WARNING [535/1870] 2cd0bf9f-e1fd-4035-b344-2ddef403e52c: leaving unrecorded for a later run to retry.
2026-10-03T08:16:04Z WARNING 2cd14d92-2263-4955-86ca-8dea3e72c36c: failed while reading the ElectricalSeries rates (AttributeError: module 'spikeinterface.extractors' has no attribute 'NwbRecordingExtractor')
2026-10-03T08:16:04Z WARNING [536/1870] 2cd14d92-2263-4955-86ca-8dea3e72c36c: leaving unrecorded for a later run to retry.
2026-10-03T08:16:04Z WARNING 2cd160ef-0f4e-490f-aed0-306f768f6685: failed while reading the ElectricalSeries rates (AttributeError: module 'spikeinterface.extractors' has no attribute 'NwbRecordingExtractor')
2026-10-03T08:16:04Z WARNING [537/1870] 2cd160ef-0f4e-490f-aed0-306f768f6685: leaving unrecorded for a later run to retry.
2026-10-03T08:16:05Z WARNING 2cd2dead-bde5-48fb-8d6c-08d8369b2bc0: failed while reading the ElectricalSeries rates (AttributeError: module 'spikeinterface.extractors' has no attribute 'NwbRecordingExtractor')
2026-10-03T08:16:05Z WARNING [538/1870] 2cd2dead-bde5-48fb-8d6c-08d8369b2bc0: leaving unrecorded for a later run to retry.
2026-10-03T08:16:05Z WARNING 2cd51bc0-7231-408e-9088-0fa7af777311: failed while reading the ElectricalSeries rates (AttributeError: module 'spikeinterface.extractors' has no attribute 'NwbRecordingExtractor')
2026-10-03T08:16:05Z WARNING [539/1870] 2cd51bc0-7231-408e-9088-0fa7af777311: leaving unrecorded for a later run to retry.
2026-10-03T08:16:05Z WARNING 2cd54794-c6f9-4a37-9c46-f402bd720c81: failed while reading the ElectricalSeries rates (AttributeError: module 'spikeinterface.extractors' has no attribute 'NwbRecordingExtractor')
2026-10-03T08:16:05Z WARNING [540/1870] 2cd54794-c6f9-4a37-9c46-f402bd720c81: leaving unrecorded for a later run to retry.
2026-10-03T08:16:05Z WARNING 2cd58836-58a8-414d-9880-8ecc41173a94: failed while reading the ElectricalSeries rates (AttributeError: module 'spikeinterface.extractors' has no attribute 'NwbRecordingExtractor')
2026-10-03T08:16:05Z WARNING [541/1870] 2cd58836-58a8-414d-9880-8ecc41173a94: leaving unrecorded for a later run to retry.
2026-10-03T08:16:06Z WARNING 2cd5da1f-95a1-4ba6-a2b6-8f2eebd352e0: failed while reading the ElectricalSeries rates (AttributeError: module 'spikeinterface.extractors' has no attribute 'NwbRecordingExtractor')
2026-10-03T08:16:06Z WARNING [542/1870] 2cd5da1f-95a1-4ba6-a2b6-8f2eebd352e0: leaving unrecorded for a later run to retry.
2026-10-03T08:16:06Z WARNING 2cd655b8-004d-4baf-ab17-89c63d2ab4d3: failed while reading the ElectricalSeries rates (AttributeError: module 'spikeinterface.extractors' has no attribute 'NwbRecordingExtractor')
2026-10-03T08:16:06Z WARNING [543/1870] 2cd655b8-004d-4baf-ab17-89c63d2ab4d3: leaving unrecorded for a later run to retry.
2026-10-03T08:16:06Z WARNING 2cd6d834-a6d6-47d3-b9a5-c2e627df8ca5: failed while reading the ElectricalSeries rates (AttributeError: module 'spikeinterface.extractors' has no attribute 'NwbRecordingExtractor')
2026-10-03T08:16:06Z WARNING [544/1870] 2cd6d834-a6d6-47d3-b9a5-c2e627df8ca5: leaving unrecorded for a later run to retry.
2026-10-03T08:16:06Z WARNING 2cd6e2fa-29eb-4cdb-8305-531d0bb64a69: failed while reading the ElectricalSeries rates (AttributeError: module 'spikeinterface.extractors' has no attribute 'NwbRecordingExtractor')
2026-10-03T08:16:06Z WARNING [545/1870] 2cd6e2fa-29eb-4cdb-8305-531d0bb64a69: leaving unrecorded for a later run to retry.
2026-10-03T08:16:06Z WARNING 2cd7298d-6cf4-4b18-a50e-1b34d7b35674: failed while reading the ElectricalSeries rates (AttributeError: module 'spikeinterface.extractors' has no attribute 'NwbRecordingExtractor')
2026-10-03T08:16:06Z WARNING [546/1870] 2cd7298d-6cf4-4b18-a50e-1b34d7b35674: leaving unrecorded for a later run to retry.
2026-10-03T08:16:07Z WARNING 2cd7a123-b9af-414d-b806-c1cbd6db6049: failed while reading the ElectricalSeries rates (AttributeError: module 'spikeinterface.extractors' has no attribute 'NwbRecordingExtractor')
2026-10-03T08:16:07Z WARNING [547/1870] 2cd7a123-b9af-414d-b806-c1cbd6db6049: leaving unrecorded for a later run to retry.
2026-10-03T08:16:07Z WARNING 2cd85331-31c1-488a-b90f-45ceedc1d476: failed while reading the ElectricalSeries rates (AttributeError: module 'spikeinterface.extractors' has no attribute 'NwbRecordingExtractor')
2026-10-03T08:16:07Z WARNING [548/1870] 2cd85331-31c1-488a-b90f-45ceedc1d476: leaving unrecorded for a later run to retry.
2026-10-03T08:16:07Z WARNING 2cd8e361-0489-4f11-9f64-b7723b1efe9e: failed while reading the ElectricalSeries rates (AttributeError: module 'spikeinterface.extractors' has no attribute 'NwbRecordingExtractor')
2026-10-03T08:16:07Z WARNING [549/1870] 2cd8e361-0489-4f11-9f64-b7723b1efe9e: leaving unrecorded for a later run to retry.
2026-10-03T08:16:07Z WARNING 2cd8e8ee-db9f-4ae6-aa64-042feefb9318: failed while reading the ElectricalSeries rates (AttributeError: module 'spikeinterface.extractors' has no attribute 'NwbRecordingExtractor')
2026-10-03T08:16:07Z WARNING [550/1870] 2cd8e8ee-db9f-4ae6-aa64-042feefb9318: leaving unrecorded for a later run to retry.
2026-10-03T08:16:07Z INFO [550/1870] 2cd8e8ee-db9f-4ae6-aa64-042feefb9318: checkpointed 60602 records.
2026-10-03T08:16:08Z WARNING 2cd8f4c0-104f-4019-b783-2c6969be1607: failed while reading the ElectricalSeries rates (AttributeError: module 'spikeinterface.extractors' has no attribute 'NwbRecordingExtractor')
2026-10-03T08:16:08Z WARNING [551/1870] 2cd8f4c0-104f-4019-b783-2c6969be1607: leaving unrecorded for a later run to retry.
2026-10-03T08:16:08Z WARNING 2cd9778b-6944-46af-8c67-a590a97551df: failed while reading the ElectricalSeries rates (AttributeError: module 'spikeinterface.extractors' has no attribute 'NwbRecordingExtractor')
2026-10-03T08:16:08Z WARNING [552/1870] 2cd9778b-6944-46af-8c67-a590a97551df: leaving unrecorded for a later run to retry.
2026-10-03T08:16:08Z WARNING 2cdac48f-2330-4dc2-a213-02a143dae649: failed while reading the ElectricalSeries rates (AttributeError: module 'spikeinterface.extractors' has no attribute 'NwbRecordingExtractor')
2026-10-03T08:16:08Z WARNING [553/1870] 2cdac48f-2330-4dc2-a213-02a143dae649: leaving unrecorded for a later run to retry.
2026-10-03T08:16:08Z WARNING 2cdb2bb7-e7d1-4a2a-9c52-147f02eaf05c: failed while reading the ElectricalSeries rates (AttributeError: module 'spikeinterface.extractors' has no attribute 'NwbRecordingExtractor')
2026-10-03T08:16:08Z WARNING [554/1870] 2cdb2bb7-e7d1-4a2a-9c52-147f02eaf05c: leaving unrecorded for a later run to retry.
2026-10-03T08:16:09Z WARNING 2cdb4c6a-7bd6-4999-a1e4-c760607e47e6: failed while reading the ElectricalSeries rates (AttributeError: module 'spikeinterface.extractors' has no attribute 'NwbRecordingExtractor')
2026-10-03T08:16:09Z WARNING [555/1870] 2cdb4c6a-7bd6-4999-a1e4-c760607e47e6: leaving unrecorded for a later run to retry.
2026-10-03T08:16:09Z WARNING 2cdbc12f-f863-4afe-bef8-cc253dde2267: failed while reading the ElectricalSeries rates (AttributeError: module 'spikeinterface.extractors' has no attribute 'NwbRecordingExtractor')
2026-10-03T08:16:09Z WARNING [556/1870] 2cdbc12f-f863-4afe-bef8-cc253dde2267: leaving unrecorded for a later run to retry.
2026-10-03T08:16:09Z WARNING 2cdc0a8e-314c-4571-8030-2993ff5f7daf: failed while reading the ElectricalSeries rates (AttributeError: module 'spikeinterface.extractors' has no attribute 'NwbRecordingExtractor')
2026-10-03T08:16:09Z WARNING [557/1870] 2cdc0a8e-314c-4571-8030-2993ff5f7daf: leaving unrecorded for a later run to retry.
2026-10-03T08:16:09Z WARNING 2cdce245-a653-4c04-84e6-3f632579d3a0: failed while reading the ElectricalSeries rates (AttributeError: module 'spikeinterface.extractors' has no attribute 'NwbRecordingExtractor')
2026-10-03T08:16:09Z WARNING [558/1870] 2cdce245-a653-4c04-84e6-3f632579d3a0: leaving unrecorded for a later run to retry.
2026-10-03T08:16:09Z WARNING 2cdce400-7e18-4819-b7a7-f16959080b23: failed while reading the ElectricalSeries rates (AttributeError: module 'spikeinterface.extractors' has no attribute 'NwbRecordingExtractor')
2026-10-03T08:16:09Z WARNING [559/1870] 2cdce400-7e18-4819-b7a7-f16959080b23: leaving unrecorded for a later run to retry.
2026-10-03T08:16:10Z WARNING 2cdd8e3b-a85e-47ef-890d-6363844f99ba: failed while reading the ElectricalSeries rates (AttributeError: module 'spikeinterface.extractors' has no attribute 'NwbRecordingExtractor')
2026-10-03T08:16:10Z WARNING [560/1870] 2cdd8e3b-a85e-47ef-890d-6363844f99ba: leaving unrecorded for a later run to retry.
2026-10-03T08:16:10Z WARNING 2cdda551-6b5d-41b8-a4f7-335dca4b6771: failed while reading the ElectricalSeries rates (AttributeError: module 'spikeinterface.extractors' has no attribute 'NwbRecordingExtractor')
2026-10-03T08:16:10Z WARNING [561/1870] 2cdda551-6b5d-41b8-a4f7-335dca4b6771: leaving unrecorded for a later run to retry.
2026-10-03T08:16:10Z WARNING 2cde5e00-910f-454f-8152-b3fa022214a6: failed while reading the ElectricalSeries rates (AttributeError: module 'spikeinterface.extractors' has no attribute 'NwbRecordingExtractor')
2026-10-03T08:16:10Z WARNING [562/1870] 2cde5e00-910f-454f-8152-b3fa022214a6: leaving unrecorded for a later run to retry.
2026-10-03T08:16:10Z WARNING 2cde89b5-4aac-4b43-b3ef-60c01ca242ca: failed while reading the ElectricalSeries rates (AttributeError: module 'spikeinterface.extractors' has no attribute 'NwbRecordingExtractor')
2026-10-03T08:16:10Z WARNING [563/1870] 2cde89b5-4aac-4b43-b3ef-60c01ca242ca: leaving unrecorded for a later run to retry.
2026-10-03T08:16:10Z WARNING 2cdf2e9a-1b3c-42c3-adde-0af9e35ad2d0: failed while reading the ElectricalSeries rates (AttributeError: module 'spikeinterface.extractors' has no attribute 'NwbRecordingExtractor')
2026-10-03T08:16:10Z WARNING [564/1870] 2cdf2e9a-1b3c-42c3-adde-0af9e35ad2d0: leaving unrecorded for a later run to retry.
2026-10-03T08:16:11Z WARNING 2cdf6497-ccd6-4100-a379-9257deb0b443: failed while reading the ElectricalSeries rates (AttributeError: module 'spikeinterface.extractors' has no attribute 'NwbRecordingExtractor')
2026-10-03T08:16:11Z WARNING [565/1870] 2cdf6497-ccd6-4100-a379-9257deb0b443: leaving unrecorded for a later run to retry.
2026-10-03T08:16:11Z WARNING 2cdf7e18-16d5-46a1-a503-6eaec426fbcf: failed while reading the ElectricalSeries rates (AttributeError: module 'spikeinterface.extractors' has no attribute 'NwbRecordingExtractor')
2026-10-03T08:16:11Z WARNING [566/1870] 2cdf7e18-16d5-46a1-a503-6eaec426fbcf: leaving unrecorded for a later run to retry.
2026-10-03T08:16:11Z WARNING 2cdfe01f-69a8-4a53-ae38-415921896c1d: failed while reading the ElectricalSeries rates (AttributeError: module 'spikeinterface.extractors' has no attribute 'NwbRecordingExtractor')
2026-10-03T08:16:11Z WARNING [567/1870] 2cdfe01f-69a8-4a53-ae38-415921896c1d: leaving unrecorded for a later run to retry.
2026-10-03T08:16:11Z WARNING 2cdfedd6-148d-44fb-8dfe-2274ada68598: failed while reading the ElectricalSeries rates (AttributeError: module 'spikeinterface.extractors' has no attribute 'NwbRecordingExtractor')
2026-10-03T08:16:11Z WARNING [568/1870] 2cdfedd6-148d-44fb-8dfe-2274ada68598: leaving unrecorded for a later run to retry.
2026-10-03T08:16:12Z WARNING 2ce15091-ce4e-46ed-8285-56edc6faff26: failed while reading the ElectricalSeries rates (AttributeError: module 'spikeinterface.extractors' has no attribute 'NwbRecordingExtractor')
2026-10-03T08:16:12Z WARNING [569/1870] 2ce15091-ce4e-46ed-8285-56edc6faff26: leaving unrecorded for a later run to retry.
2026-10-03T08:16:12Z WARNING 2ce1a58e-360b-4d8b-bfa0-7eabd08b2b0a: failed while reading the ElectricalSeries rates (AttributeError: module 'spikeinterface.extractors' has no attribute 'NwbRecordingExtractor')
2026-10-03T08:16:12Z WARNING [570/1870] 2ce1a58e-360b-4d8b-bfa0-7eabd08b2b0a: leaving unrecorded for a later run to retry.
2026-10-03T08:16:12Z WARNING 2ce20afb-a5a5-423a-9839-6086875434f8: failed while reading the ElectricalSeries rates (AttributeError: module 'spikeinterface.extractors' has no attribute 'NwbRecordingExtractor')
2026-10-03T08:16:12Z WARNING [571/1870] 2ce20afb-a5a5-423a-9839-6086875434f8: leaving unrecorded for a later run to retry.
2026-10-03T08:16:12Z WARNING 2ce26199-50ae-403c-8eb7-ab0c9f92c4fb: failed while reading the ElectricalSeries rates (AttributeError: module 'spikeinterface.extractors' has no attribute 'NwbRecordingExtractor')
2026-10-03T08:16:12Z WARNING [572/1870] 2ce26199-50ae-403c-8eb7-ab0c9f92c4fb: leaving unrecorded for a later run to retry.
2026-10-03T08:16:12Z WARNING 2ce3bfde-eb3e-4749-bc03-7a38df008075: failed while reading the ElectricalSeries rates (AttributeError: module 'spikeinterface.extractors' has no attribute 'NwbRecordingExtractor')
2026-10-03T08:16:12Z WARNING [573/1870] 2ce3bfde-eb3e-4749-bc03-7a38df008075: leaving unrecorded for a later run to retry.
2026-10-03T08:16:13Z WARNING 2ce40829-f246-45de-9131-5afdd111698f: failed while reading the ElectricalSeries rates (AttributeError: module 'spikeinterface.extractors' has no attribute 'NwbRecordingExtractor')
2026-10-03T08:16:13Z WARNING [574/1870] 2ce40829-f246-45de-9131-5afdd111698f: leaving unrecorded for a later run to retry.
2026-10-03T08:16:13Z WARNING 2ce63ab3-2533-4411-9778-f30fe40deaf4: failed while reading the ElectricalSeries rates (AttributeError: module 'spikeinterface.extractors' has no attribute 'NwbRecordingExtractor')
2026-10-03T08:16:13Z WARNING [575/1870] 2ce63ab3-2533-4411-9778-f30fe40deaf4: leaving unrecorded for a later run to retry.
2026-10-03T08:16:13Z WARNING 2ce6f140-447d-4ab2-8f87-2ef9da32740e: failed while reading the ElectricalSeries rates (AttributeError: module 'spikeinterface.extractors' has no attribute 'NwbRecordingExtractor')
2026-10-03T08:16:13Z WARNING [576/1870] 2ce6f140-447d-4ab2-8f87-2ef9da32740e: leaving unrecorded for a later run to retry.
2026-10-03T08:16:13Z WARNING 2ce92ea2-0e6a-419b-9ede-9cdb825465a6: failed while reading the ElectricalSeries rates (AttributeError: module 'spikeinterface.extractors' has no attribute 'NwbRecordingExtractor')
2026-10-03T08:16:13Z WARNING [577/1870] 2ce92ea2-0e6a-419b-9ede-9cdb825465a6: leaving unrecorded for a later run to retry.
2026-10-03T08:16:14Z WARNING 2ce96097-2822-4e52-b4a6-b8984d71f854: failed while reading the ElectricalSeries rates (AttributeError: module 'spikeinterface.extractors' has no attribute 'NwbRecordingExtractor')
2026-10-03T08:16:14Z WARNING [578/1870] 2ce96097-2822-4e52-b4a6-b8984d71f854: leaving unrecorded for a later run to retry.
2026-10-03T08:16:14Z WARNING 2cea6229-8ae3-4301-83b7-5596ab14c468: failed while reading the ElectricalSeries rates (AttributeError: module 'spikeinterface.extractors' has no attribute 'NwbRecordingExtractor')
2026-10-03T08:16:14Z WARNING [579/1870] 2cea6229-8ae3-4301-83b7-5596ab14c468: leaving unrecorded for a later run to retry.
2026-10-03T08:16:14Z WARNING 2cea7726-2703-4aa1-ab74-166e9c7f2c72: failed while reading the ElectricalSeries rates (AttributeError: module 'spikeinterface.extractors' has no attribute 'NwbRecordingExtractor')
2026-10-03T08:16:14Z WARNING [580/1870] 2cea7726-2703-4aa1-ab74-166e9c7f2c72: leaving unrecorded for a later run to retry.
2026-10-03T08:16:14Z WARNING 2ceae34a-d322-4485-ae8b-095e7bd1f4cb: failed while reading the ElectricalSeries rates (AttributeError: module 'spikeinterface.extractors' has no attribute 'NwbRecordingExtractor')
2026-10-03T08:16:14Z WARNING [581/1870] 2ceae34a-d322-4485-ae8b-095e7bd1f4cb: leaving unrecorded for a later run to retry.
2026-10-03T08:16:15Z WARNING 2ceaf06a-af7d-4e5a-8246-8dc5a68a2911: failed while reading the ElectricalSeries rates (AttributeError: module 'spikeinterface.extractors' has no attribute 'NwbRecordingExtractor')
2026-10-03T08:16:15Z WARNING [582/1870] 2ceaf06a-af7d-4e5a-8246-8dc5a68a2911: leaving unrecorded for a later run to retry.
2026-10-03T08:16:15Z WARNING 2ceb2bce-48ba-41e1-846e-156263968510: failed while reading the ElectricalSeries rates (AttributeError: module 'spikeinterface.extractors' has no attribute 'NwbRecordingExtractor')
2026-10-03T08:16:15Z WARNING [583/1870] 2ceb2bce-48ba-41e1-846e-156263968510: leaving unrecorded for a later run to retry.
2026-10-03T08:16:15Z WARNING 2ceb3a4d-624f-4c92-8415-d720f2e3f6c2: failed while reading the ElectricalSeries rates (AttributeError: module 'spikeinterface.extractors' has no attribute 'NwbRecordingExtractor')
2026-10-03T08:16:15Z WARNING [584/1870] 2ceb3a4d-624f-4c92-8415-d720f2e3f6c2: leaving unrecorded for a later run to retry.
2026-10-03T08:16:15Z WARNING 2ceb9bd4-dcc5-4663-bd24-22d3056187f0: failed while reading the ElectricalSeries rates (AttributeError: module 'spikeinterface.extractors' has no attribute 'NwbRecordingExtractor')
2026-10-03T08:16:15Z WARNING [585/1870] 2ceb9bd4-dcc5-4663-bd24-22d3056187f0: leaving unrecorded for a later run to retry.
2026-10-03T08:16:15Z WARNING 2cebb51b-5b2b-4655-b23a-caa5e13a250a: failed while reading the ElectricalSeries rates (AttributeError: module 'spikeinterface.extractors' has no attribute 'NwbRecordingExtractor')
2026-10-03T08:16:15Z WARNING [586/1870] 2cebb51b-5b2b-4655-b23a-caa5e13a250a: leaving unrecorded for a later run to retry.
2026-10-03T08:16:16Z WARNING 2cec0752-da10-48ee-bcae-0e47e4e65eac: failed while reading the ElectricalSeries rates (AttributeError: module 'spikeinterface.extractors' has no attribute 'NwbRecordingExtractor')
2026-10-03T08:16:16Z WARNING [587/1870] 2cec0752-da10-48ee-bcae-0e47e4e65eac: leaving unrecorded for a later run to retry.
2026-10-03T08:16:16Z WARNING 2cec307c-d814-430b-b0ca-8163107d485c: failed while reading the ElectricalSeries rates (AttributeError: module 'spikeinterface.extractors' has no attribute 'NwbRecordingExtractor')
2026-10-03T08:16:16Z WARNING [588/1870] 2cec307c-d814-430b-b0ca-8163107d485c: leaving unrecorded for a later run to retry.
2026-10-03T08:16:16Z WARNING 2cecc776-ba17-417f-8cb9-8c6621c57f38: failed while reading the ElectricalSeries rates (AttributeError: module 'spikeinterface.extractors' has no attribute 'NwbRecordingExtractor')
2026-10-03T08:16:16Z WARNING [589/1870] 2cecc776-ba17-417f-8cb9-8c6621c57f38: leaving unrecorded for a later run to retry.
2026-10-03T08:16:16Z WARNING 2cece7d4-28dd-48d6-8fa4-d8e3f1800b73: failed while reading the ElectricalSeries rates (AttributeError: module 'spikeinterface.extractors' has no attribute 'NwbRecordingExtractor')
2026-10-03T08:16:16Z WARNING [590/1870] 2cece7d4-28dd-48d6-8fa4-d8e3f1800b73: leaving unrecorded for a later run to retry.
2026-10-03T08:16:16Z WARNING 2cecefb7-fd74-416c-bb78-ce17e3eb52fa: failed while reading the ElectricalSeries rates (AttributeError: module 'spikeinterface.extractors' has no attribute 'NwbRecordingExtractor')
2026-10-03T08:16:16Z WARNING [591/1870] 2cecefb7-fd74-416c-bb78-ce17e3eb52fa: leaving unrecorded for a later run to retry.
2026-10-03T08:16:17Z WARNING 2cecf042-0c5f-4a02-92da-ada6b45d81b2: failed while reading the ElectricalSeries rates (AttributeError: module 'spikeinterface.extractors' has no attribute 'NwbRecordingExtractor')
2026-10-03T08:16:17Z WARNING [592/1870] 2cecf042-0c5f-4a02-92da-ada6b45d81b2: leaving unrecorded for a later run to retry.
2026-10-03T08:16:17Z WARNING 2ced41d1-b187-477c-9050-b8843509bc9f: failed while reading the ElectricalSeries rates (AttributeError: module 'spikeinterface.extractors' has no attribute 'NwbRecordingExtractor')
2026-10-03T08:16:17Z WARNING [593/1870] 2ced41d1-b187-477c-9050-b8843509bc9f: leaving unrecorded for a later run to retry.
2026-10-03T08:16:17Z WARNING 2ced6e25-0882-425d-bfa2-f516379fd0c9: failed while reading the ElectricalSeries rates (AttributeError: module 'spikeinterface.extractors' has no attribute 'NwbRecordingExtractor')
2026-10-03T08:16:17Z WARNING [594/1870] 2ced6e25-0882-425d-bfa2-f516379fd0c9: leaving unrecorded for a later run to retry.
2026-10-03T08:16:17Z WARNING 2cee3d78-b490-4801-a6fe-ccbb46acb0bb: failed while reading the ElectricalSeries rates (AttributeError: module 'spikeinterface.extractors' has no attribute 'NwbRecordingExtractor')
2026-10-03T08:16:17Z WARNING [595/1870] 2cee3d78-b490-4801-a6fe-ccbb46acb0bb: leaving unrecorded for a later run to retry.
2026-10-03T08:16:17Z WARNING 2cee8c3d-04fc-453a-a06b-4825dc7acac9: failed while reading the ElectricalSeries rates (AttributeError: module 'spikeinterface.extractors' has no attribute 'NwbRecordingExtractor')
2026-10-03T08:16:17Z WARNING [596/1870] 2cee8c3d-04fc-453a-a06b-4825dc7acac9: leaving unrecorded for a later run to retry.
2026-10-03T08:16:18Z WARNING 2ceefb7e-fdb8-4f3c-8b41-3155db17bf89: failed while reading the ElectricalSeries rates (AttributeError: module 'spikeinterface.extractors' has no attribute 'NwbRecordingExtractor')
2026-10-03T08:16:18Z WARNING [597/1870] 2ceefb7e-fdb8-4f3c-8b41-3155db17bf89: leaving unrecorded for a later run to retry.
2026-10-03T08:16:18Z WARNING 2cef7ac0-3c03-4e5e-8025-f01a90a656c5: failed while reading the ElectricalSeries rates (AttributeError: module 'spikeinterface.extractors' has no attribute 'NwbRecordingExtractor')
2026-10-03T08:16:18Z WARNING [598/1870] 2cef7ac0-3c03-4e5e-8025-f01a90a656c5: leaving unrecorded for a later run to retry.
2026-10-03T08:16:18Z WARNING 2cefb839-2085-4fc5-aa8d-74c3975f763e: failed while reading the ElectricalSeries rates (AttributeError: module 'spikeinterface.extractors' has no attribute 'NwbRecordingExtractor')
2026-10-03T08:16:18Z WARNING [599/1870] 2cefb839-2085-4fc5-aa8d-74c3975f763e: leaving unrecorded for a later run to retry.
2026-10-03T08:16:18Z WARNING 2cf021aa-b8ef-4b9a-a31e-c7c0d14749e2: failed while reading the ElectricalSeries rates (AttributeError: module 'spikeinterface.extractors' has no attribute 'NwbRecordingExtractor')
2026-10-03T08:16:18Z WARNING [600/1870] 2cf021aa-b8ef-4b9a-a31e-c7c0d14749e2: leaving unrecorded for a later run to retry.
2026-10-03T08:16:18Z INFO [600/1870] 2cf021aa-b8ef-4b9a-a31e-c7c0d14749e2: checkpointed 60602 records.
2026-10-03T08:16:19Z WARNING 2cf1de10-9575-4d50-821b-6c4f0539da3c: failed while reading the ElectricalSeries rates (AttributeError: module 'spikeinterface.extractors' has no attribute 'NwbRecordingExtractor')
2026-10-03T08:16:19Z WARNING [601/1870] 2cf1de10-9575-4d50-821b-6c4f0539da3c: leaving unrecorded for a later run to retry.
2026-10-03T08:16:19Z WARNING 2cf2364f-98d2-4998-8c5c-6f499c1dca21: failed while reading the ElectricalSeries rates (AttributeError: module 'spikeinterface.extractors' has no attribute 'NwbRecordingExtractor')
2026-10-03T08:16:19Z WARNING [602/1870] 2cf2364f-98d2-4998-8c5c-6f499c1dca21: leaving unrecorded for a later run to retry.
2026-10-03T08:16:19Z WARNING 2cf2d3eb-c27c-4f44-b7d4-f669e38b6aeb: failed while reading the ElectricalSeries rates (AttributeError: module 'spikeinterface.extractors' has no attribute 'NwbRecordingExtractor')
2026-10-03T08:16:19Z WARNING [603/1870] 2cf2d3eb-c27c-4f44-b7d4-f669e38b6aeb: leaving unrecorded for a later run to retry.
2026-10-03T08:16:19Z WARNING 2cf30a33-7625-4689-abcc-9782c13af508: failed while reading the ElectricalSeries rates (AttributeError: module 'spikeinterface.extractors' has no attribute 'NwbRecordingExtractor')
2026-10-03T08:16:19Z WARNING [604/1870] 2cf30a33-7625-4689-abcc-9782c13af508: leaving unrecorded for a later run to retry.
2026-10-03T08:16:20Z WARNING 2cf32440-86d1-49e9-ad93-cf738aad5814: failed while reading the ElectricalSeries rates (AttributeError: module 'spikeinterface.extractors' has no attribute 'NwbRecordingExtractor')
2026-10-03T08:16:20Z WARNING [605/1870] 2cf32440-86d1-49e9-ad93-cf738aad5814: leaving unrecorded for a later run to retry.
2026-10-03T08:16:20Z WARNING 2cf36d66-3b60-47b1-a6fa-eb4fedbd1628: failed while reading the ElectricalSeries rates (AttributeError: module 'spikeinterface.extractors' has no attribute 'NwbRecordingExtractor')
2026-10-03T08:16:20Z WARNING [606/1870] 2cf36d66-3b60-47b1-a6fa-eb4fedbd1628: leaving unrecorded for a later run to retry.
2026-10-03T08:16:20Z WARNING 2cf3920d-f611-4381-966b-5f508ecb0c9b: failed while reading the ElectricalSeries rates (AttributeError: module 'spikeinterface.extractors' has no attribute 'NwbRecordingExtractor')
2026-10-03T08:16:20Z WARNING [607/1870] 2cf3920d-f611-4381-966b-5f508ecb0c9b: leaving unrecorded for a later run to retry.
2026-10-03T08:16:20Z WARNING 2cf3d653-a0fd-4123-8e48-a478a62ebd2c: failed while reading the ElectricalSeries rates (AttributeError: module 'spikeinterface.extractors' has no attribute 'NwbRecordingExtractor')
2026-10-03T08:16:20Z WARNING [608/1870] 2cf3d653-a0fd-4123-8e48-a478a62ebd2c: leaving unrecorded for a later run to retry.
2026-10-03T08:16:20Z WARNING 2cf3d6e4-97aa-4707-aa1c-a6aff79c605b: failed while reading the ElectricalSeries rates (AttributeError: module 'spikeinterface.extractors' has no attribute 'NwbRecordingExtractor')
2026-10-03T08:16:20Z WARNING [609/1870] 2cf3d6e4-97aa-4707-aa1c-a6aff79c605b: leaving unrecorded for a later run to retry.
2026-10-03T08:16:21Z WARNING 2cf445bd-6ba2-49f1-ac73-f1bdf7b5407a: failed while reading the ElectricalSeries rates (AttributeError: module 'spikeinterface.extractors' has no attribute 'NwbRecordingExtractor')
2026-10-03T08:16:21Z WARNING [610/1870] 2cf445bd-6ba2-49f1-ac73-f1bdf7b5407a: leaving unrecorded for a later run to retry.
2026-10-03T08:16:21Z WARNING 2cf4758c-dc85-4f42-8295-683f3547cb53: failed while reading the ElectricalSeries rates (AttributeError: module 'spikeinterface.extractors' has no attribute 'NwbRecordingExtractor')
2026-10-03T08:16:21Z WARNING [611/1870] 2cf4758c-dc85-4f42-8295-683f3547cb53: leaving unrecorded for a later run to retry.
2026-10-03T08:16:21Z WARNING 2cf4fcf7-98bb-4f3c-8b1f-017652cb5653: failed while reading the ElectricalSeries rates (AttributeError: module 'spikeinterface.extractors' has no attribute 'NwbRecordingExtractor')
2026-10-03T08:16:21Z WARNING [612/1870] 2cf4fcf7-98bb-4f3c-8b1f-017652cb5653: leaving unrecorded for a later run to retry.
2026-10-03T08:16:21Z WARNING 2cf5b78c-7215-465e-9ec7-731638cc357f: failed while reading the ElectricalSeries rates (AttributeError: module 'spikeinterface.extractors' has no attribute 'NwbRecordingExtractor')
2026-10-03T08:16:21Z WARNING [613/1870] 2cf5b78c-7215-465e-9ec7-731638cc357f: leaving unrecorded for a later run to retry.
2026-10-03T08:16:21Z WARNING 2cf5e7ff-acd0-46bd-ae4b-782982573354: failed while reading the ElectricalSeries rates (AttributeError: module 'spikeinterface.extractors' has no attribute 'NwbRecordingExtractor')
2026-10-03T08:16:21Z WARNING [614/1870] 2cf5e7ff-acd0-46bd-ae4b-782982573354: leaving unrecorded for a later run to retry.
2026-10-03T08:16:22Z WARNING 2cf6da45-f2b4-4b78-abb5-673b327bb5db: failed while reading the ElectricalSeries rates (AttributeError: module 'spikeinterface.extractors' has no attribute 'NwbRecordingExtractor')
2026-10-03T08:16:22Z WARNING [615/1870] 2cf6da45-f2b4-4b78-abb5-673b327bb5db: leaving unrecorded for a later run to retry.
2026-10-03T08:16:22Z WARNING 2cf74a7c-e97b-4882-a8ec-c6c296ece1c4: failed while reading the ElectricalSeries rates (AttributeError: module 'spikeinterface.extractors' has no attribute 'NwbRecordingExtractor')
2026-10-03T08:16:22Z WARNING [616/1870] 2cf74a7c-e97b-4882-a8ec-c6c296ece1c4: leaving unrecorded for a later run to retry.
2026-10-03T08:16:22Z WARNING 2cf76396-bb9f-4125-9fef-caa8ff198074: failed while reading the ElectricalSeries rates (AttributeError: module 'spikeinterface.extractors' has no attribute 'NwbRecordingExtractor')
2026-10-03T08:16:22Z WARNING [617/1870] 2cf76396-bb9f-4125-9fef-caa8ff198074: leaving unrecorded for a later run to retry.
2026-10-03T08:16:22Z WARNING 2cf9fcad-953f-4580-839a-1a40a28c7d62: failed while reading the ElectricalSeries rates (AttributeError: module 'spikeinterface.extractors' has no attribute 'NwbRecordingExtractor')
2026-10-03T08:16:22Z WARNING [618/1870] 2cf9fcad-953f-4580-839a-1a40a28c7d62: leaving unrecorded for a later run to retry.
2026-10-03T08:16:23Z WARNING 2cfa14e2-6b7c-4d81-80a2-55422cfd354f: failed while reading the ElectricalSeries rates (AttributeError: module 'spikeinterface.extractors' has no attribute 'NwbRecordingExtractor')
2026-10-03T08:16:23Z WARNING [619/1870] 2cfa14e2-6b7c-4d81-80a2-55422cfd354f: leaving unrecorded for a later run to retry.
2026-10-03T08:16:23Z WARNING 2cfa339a-8273-4cfc-adcd-aea831df7f56: failed while reading the ElectricalSeries rates (AttributeError: module 'spikeinterface.extractors' has no attribute 'NwbRecordingExtractor')
2026-10-03T08:16:23Z WARNING [620/1870] 2cfa339a-8273-4cfc-adcd-aea831df7f56: leaving unrecorded for a later run to retry.
2026-10-03T08:16:23Z WARNING 2cfa4afc-9694-44aa-bc54-8eca64ecac59: failed while reading the ElectricalSeries rates (AttributeError: module 'spikeinterface.extractors' has no attribute 'NwbRecordingExtractor')
2026-10-03T08:16:23Z WARNING [621/1870] 2cfa4afc-9694-44aa-bc54-8eca64ecac59: leaving unrecorded for a later run to retry.
2026-10-03T08:16:23Z WARNING 2cfa55a9-1a5d-4218-97db-50e2f1a48029: failed while reading the ElectricalSeries rates (AttributeError: module 'spikeinterface.extractors' has no attribute 'NwbRecordingExtractor')
2026-10-03T08:16:23Z WARNING [622/1870] 2cfa55a9-1a5d-4218-97db-50e2f1a48029: leaving unrecorded for a later run to retry.
2026-10-03T08:16:23Z WARNING 2cfa62f9-944b-41e9-816b-0971118c61b0: failed while reading the ElectricalSeries rates (AttributeError: module 'spikeinterface.extractors' has no attribute 'NwbRecordingExtractor')
2026-10-03T08:16:23Z WARNING [623/1870] 2cfa62f9-944b-41e9-816b-0971118c61b0: leaving unrecorded for a later run to retry.
2026-10-03T08:16:24Z WARNING 2cfb936e-2632-4268-8bf6-cc8c2f75f65f: failed while reading the ElectricalSeries rates (AttributeError: module 'spikeinterface.extractors' has no attribute 'NwbRecordingExtractor')
2026-10-03T08:16:24Z WARNING [624/1870] 2cfb936e-2632-4268-8bf6-cc8c2f75f65f: leaving unrecorded for a later run to retry.
2026-10-03T08:16:24Z WARNING 2cfbd8d7-6b3a-4db1-9fbe-7b4a3b193e05: failed while reading the ElectricalSeries rates (AttributeError: module 'spikeinterface.extractors' has no attribute 'NwbRecordingExtractor')
2026-10-03T08:16:24Z WARNING [625/1870] 2cfbd8d7-6b3a-4db1-9fbe-7b4a3b193e05: leaving unrecorded for a later run to retry.
2026-10-03T08:16:24Z WARNING 2cfbe34d-60c4-46ff-b7c4-99cd0e3bdab3: failed while reading the ElectricalSeries rates (AttributeError: module 'spikeinterface.extractors' has no attribute 'NwbRecordingExtractor')
2026-10-03T08:16:24Z WARNING [626/1870] 2cfbe34d-60c4-46ff-b7c4-99cd0e3bdab3: leaving unrecorded for a later run to retry.
2026-10-03T08:16:24Z WARNING 2cfd4491-5652-424e-9046-ac9eda9b3a1e: failed while reading the ElectricalSeries rates (AttributeError: module 'spikeinterface.extractors' has no attribute 'NwbRecordingExtractor')
2026-10-03T08:16:24Z WARNING [627/1870] 2cfd4491-5652-424e-9046-ac9eda9b3a1e: leaving unrecorded for a later run to retry.
2026-10-03T08:16:25Z WARNING 2cfd9780-dc37-4289-a469-b927dfcb6007: failed while reading the ElectricalSeries rates (AttributeError: module 'spikeinterface.extractors' has no attribute 'NwbRecordingExtractor')
2026-10-03T08:16:25Z WARNING [628/1870] 2cfd9780-dc37-4289-a469-b927dfcb6007: leaving unrecorded for a later run to retry.
2026-10-03T08:16:25Z WARNING 2cfdd52b-f1cf-4b4d-be01-e03953fe44d0: failed while reading the ElectricalSeries rates (AttributeError: module 'spikeinterface.extractors' has no attribute 'NwbRecordingExtractor')
2026-10-03T08:16:25Z WARNING [629/1870] 2cfdd52b-f1cf-4b4d-be01-e03953fe44d0: leaving unrecorded for a later run to retry.
2026-10-03T08:16:25Z WARNING 2cfe05e3-534c-441e-bd06-4e07d4577c5f: failed while reading the ElectricalSeries rates (AttributeError: module 'spikeinterface.extractors' has no attribute 'NwbRecordingExtractor')
2026-10-03T08:16:25Z WARNING [630/1870] 2cfe05e3-534c-441e-bd06-4e07d4577c5f: leaving unrecorded for a later run to retry.
2026-10-03T08:16:25Z WARNING 2cfe201b-76a5-4c87-acdd-873bf3946fb0: failed while reading the ElectricalSeries rates (AttributeError: module 'spikeinterface.extractors' has no attribute 'NwbRecordingExtractor')
2026-10-03T08:16:25Z WARNING [631/1870] 2cfe201b-76a5-4c87-acdd-873bf3946fb0: leaving unrecorded for a later run to retry.
2026-10-03T08:16:26Z WARNING 2cfe23f9-12a8-4c16-9471-bca75cfe49d7: failed while reading the ElectricalSeries rates (AttributeError: module 'spikeinterface.extractors' has no attribute 'NwbRecordingExtractor')
2026-10-03T08:16:26Z WARNING [632/1870] 2cfe23f9-12a8-4c16-9471-bca75cfe49d7: leaving unrecorded for a later run to retry.
2026-10-03T08:16:26Z WARNING 2cff1b07-848c-4bd8-b3ba-dcd19eacad93: failed while reading the ElectricalSeries rates (AttributeError: module 'spikeinterface.extractors' has no attribute 'NwbRecordingExtractor')
2026-10-03T08:16:26Z WARNING [633/1870] 2cff1b07-848c-4bd8-b3ba-dcd19eacad93: leaving unrecorded for a later run to retry.
2026-10-03T08:16:26Z WARNING 2cff9384-7985-4252-b988-b02948a894bb: failed while reading the ElectricalSeries rates (AttributeError: module 'spikeinterface.extractors' has no attribute 'NwbRecordingExtractor')
2026-10-03T08:16:26Z WARNING [634/1870] 2cff9384-7985-4252-b988-b02948a894bb: leaving unrecorded for a later run to retry.
2026-10-03T08:16:26Z WARNING 2cffb9e5-c687-4b4a-8fc3-03e18f64b1c3: failed while reading the ElectricalSeries rates (AttributeError: module 'spikeinterface.extractors' has no attribute 'NwbRecordingExtractor')
2026-10-03T08:16:26Z WARNING [635/1870] 2cffb9e5-c687-4b4a-8fc3-03e18f64b1c3: leaving unrecorded for a later run to retry.
2026-10-03T08:16:26Z WARNING 2d017446-76d8-4ae0-9adc-485966aa0052: failed while reading the ElectricalSeries rates (AttributeError: module 'spikeinterface.extractors' has no attribute 'NwbRecordingExtractor')
2026-10-03T08:16:26Z WARNING [636/1870] 2d017446-76d8-4ae0-9adc-485966aa0052: leaving unrecorded for a later run to retry.
2026-10-03T08:16:27Z WARNING 2d02a755-fa51-44b1-9a14-5a667415d4f5: failed while reading the ElectricalSeries rates (AttributeError: module 'spikeinterface.extractors' has no attribute 'NwbRecordingExtractor')
2026-10-03T08:16:27Z WARNING [637/1870] 2d02a755-fa51-44b1-9a14-5a667415d4f5: leaving unrecorded for a later run to retry.
2026-10-03T08:16:27Z WARNING 2d031813-bb67-4d3f-8207-39220b2df67e: failed while reading the ElectricalSeries rates (AttributeError: module 'spikeinterface.extractors' has no attribute 'NwbRecordingExtractor')
2026-10-03T08:16:27Z WARNING [638/1870] 2d031813-bb67-4d3f-8207-39220b2df67e: leaving unrecorded for a later run to retry.
2026-10-03T08:16:27Z WARNING 2d03235c-1ace-4e7e-aa67-adad632270d6: failed while reading the ElectricalSeries rates (AttributeError: module 'spikeinterface.extractors' has no attribute 'NwbRecordingExtractor')
2026-10-03T08:16:27Z WARNING [639/1870] 2d03235c-1ace-4e7e-aa67-adad632270d6: leaving unrecorded for a later run to retry.
2026-10-03T08:16:27Z WARNING 2d035bb4-95e7-4553-aee0-f099bd775619: failed while reading the ElectricalSeries rates (AttributeError: module 'spikeinterface.extractors' has no attribute 'NwbRecordingExtractor')
2026-10-03T08:16:27Z WARNING [640/1870] 2d035bb4-95e7-4553-aee0-f099bd775619: leaving unrecorded for a later run to retry.
2026-10-03T08:16:27Z WARNING 2d045971-e132-4457-a650-3e842c68f700: failed while reading the ElectricalSeries rates (AttributeError: module 'spikeinterface.extractors' has no attribute 'NwbRecordingExtractor')
2026-10-03T08:16:27Z WARNING [641/1870] 2d045971-e132-4457-a650-3e842c68f700: leaving unrecorded for a later run to retry.
2026-10-03T08:16:28Z WARNING 2d04612e-30bc-4779-9301-54d9767e340b: failed while reading the ElectricalSeries rates (AttributeError: module 'spikeinterface.extractors' has no attribute 'NwbRecordingExtractor')
2026-10-03T08:16:28Z WARNING [642/1870] 2d04612e-30bc-4779-9301-54d9767e340b: leaving unrecorded for a later run to retry.
2026-10-03T08:16:28Z WARNING 2d0517e0-6c09-4068-91c3-0788b60af21e: failed while reading the ElectricalSeries rates (AttributeError: module 'spikeinterface.extractors' has no attribute 'NwbRecordingExtractor')
2026-10-03T08:16:28Z WARNING [643/1870] 2d0517e0-6c09-4068-91c3-0788b60af21e: leaving unrecorded for a later run to retry.
2026-10-03T08:16:28Z WARNING 2d05b461-5f4b-4b3a-8f49-30cc26bf44f7: failed while reading the ElectricalSeries rates (AttributeError: module 'spikeinterface.extractors' has no attribute 'NwbRecordingExtractor')
2026-10-03T08:16:28Z WARNING [644/1870] 2d05b461-5f4b-4b3a-8f49-30cc26bf44f7: leaving unrecorded for a later run to retry.
2026-10-03T08:16:28Z WARNING 2d06c2ca-9da3-4f73-9cb4-77b4c5907223: failed while reading the ElectricalSeries rates (AttributeError: module 'spikeinterface.extractors' has no attribute 'NwbRecordingExtractor')
2026-10-03T08:16:28Z WARNING [645/1870] 2d06c2ca-9da3-4f73-9cb4-77b4c5907223: leaving unrecorded for a later run to retry.
2026-10-03T08:16:28Z WARNING 2d07097b-a192-4450-8e61-2b1ece405b4c: failed while reading the ElectricalSeries rates (AttributeError: module 'spikeinterface.extractors' has no attribute 'NwbRecordingExtractor')
2026-10-03T08:16:28Z WARNING [646/1870] 2d07097b-a192-4450-8e61-2b1ece405b4c: leaving unrecorded for a later run to retry.
2026-10-03T08:16:29Z WARNING 2d078f92-6e76-4216-8aa7-28a5782f0505: failed while reading the ElectricalSeries rates (AttributeError: module 'spikeinterface.extractors' has no attribute 'NwbRecordingExtractor')
2026-10-03T08:16:29Z WARNING [647/1870] 2d078f92-6e76-4216-8aa7-28a5782f0505: leaving unrecorded for a later run to retry.
2026-10-03T08:16:29Z WARNING 2d0885e5-608c-44b9-900e-ba1be0c8256b: failed while reading the ElectricalSeries rates (AttributeError: module 'spikeinterface.extractors' has no attribute 'NwbRecordingExtractor')
2026-10-03T08:16:29Z WARNING [648/1870] 2d0885e5-608c-44b9-900e-ba1be0c8256b: leaving unrecorded for a later run to retry.
2026-10-03T08:16:29Z WARNING 2d091757-9736-4d01-b828-e656063a661a: failed while reading the ElectricalSeries rates (AttributeError: module 'spikeinterface.extractors' has no attribute 'NwbRecordingExtractor')
2026-10-03T08:16:29Z WARNING [649/1870] 2d091757-9736-4d01-b828-e656063a661a: leaving unrecorded for a later run to retry.
2026-10-03T08:16:29Z WARNING 2d09d017-ae69-4b17-9cda-c48e4ec13ff0: failed while reading the ElectricalSeries rates (AttributeError: module 'spikeinterface.extractors' has no attribute 'NwbRecordingExtractor')
2026-10-03T08:16:29Z WARNING [650/1870] 2d09d017-ae69-4b17-9cda-c48e4ec13ff0: leaving unrecorded for a later run to retry.
2026-10-03T08:16:29Z INFO [650/1870] 2d09d017-ae69-4b17-9cda-c48e4ec13ff0: checkpointed 60602 records.
2026-10-03T08:16:30Z WARNING 2d0aa1d9-df6a-42cb-b626-4aa93f3fdeb5: failed while reading the ElectricalSeries rates (AttributeError: module 'spikeinterface.extractors' has no attribute 'NwbRecordingExtractor')
2026-10-03T08:16:30Z WARNING [651/1870] 2d0aa1d9-df6a-42cb-b626-4aa93f3fdeb5: leaving unrecorded for a later run to retry.
2026-10-03T08:16:30Z WARNING 2d0ad800-6141-49e8-8b92-7b0bc7f5a52d: failed while reading the ElectricalSeries rates (AttributeError: module 'spikeinterface.extractors' has no attribute 'NwbRecordingExtractor')
2026-10-03T08:16:30Z WARNING [652/1870] 2d0ad800-6141-49e8-8b92-7b0bc7f5a52d: leaving unrecorded for a later run to retry.
2026-10-03T08:16:30Z WARNING 2d0aee44-efbd-40f7-8820-4681ece3f83f: failed while reading the ElectricalSeries rates (AttributeError: module 'spikeinterface.extractors' has no attribute 'NwbRecordingExtractor')
2026-10-03T08:16:30Z WARNING [653/1870] 2d0aee44-efbd-40f7-8820-4681ece3f83f: leaving unrecorded for a later run to retry.
2026-10-03T08:16:30Z WARNING 2d0b25aa-d0f1-4e4a-af70-6c7c7aafb42f: failed while reading the ElectricalSeries rates (AttributeError: module 'spikeinterface.extractors' has no attribute 'NwbRecordingExtractor')
2026-10-03T08:16:30Z WARNING [654/1870] 2d0b25aa-d0f1-4e4a-af70-6c7c7aafb42f: leaving unrecorded for a later run to retry.
2026-10-03T08:16:31Z WARNING 2d0bbc68-9cd1-402d-b392-19efd7ed64df: failed while reading the ElectricalSeries rates (AttributeError: module 'spikeinterface.extractors' has no attribute 'NwbRecordingExtractor')
2026-10-03T08:16:31Z WARNING [655/1870] 2d0bbc68-9cd1-402d-b392-19efd7ed64df: leaving unrecorded for a later run to retry.
2026-10-03T08:16:31Z WARNING 2d0bf6be-222c-48a5-8184-901699404896: failed while reading the ElectricalSeries rates (AttributeError: module 'spikeinterface.extractors' has no attribute 'NwbRecordingExtractor')
2026-10-03T08:16:31Z WARNING [656/1870] 2d0bf6be-222c-48a5-8184-901699404896: leaving unrecorded for a later run to retry.
2026-10-03T08:16:31Z WARNING 2d0c98d0-1e1e-4c02-af42-66bf4686cc00: failed while reading the ElectricalSeries rates (AttributeError: module 'spikeinterface.extractors' has no attribute 'NwbRecordingExtractor')
2026-10-03T08:16:31Z WARNING [657/1870] 2d0c98d0-1e1e-4c02-af42-66bf4686cc00: leaving unrecorded for a later run to retry.
2026-10-03T08:16:31Z WARNING 2d0d301e-d97e-4e7b-b61d-1f2ff7dc75aa: failed while reading the ElectricalSeries rates (AttributeError: module 'spikeinterface.extractors' has no attribute 'NwbRecordingExtractor')
2026-10-03T08:16:31Z WARNING [658/1870] 2d0d301e-d97e-4e7b-b61d-1f2ff7dc75aa: leaving unrecorded for a later run to retry.
2026-10-03T08:16:32Z WARNING 2d0e6ecf-d7ea-4740-9e1d-548a8363149c: failed while reading the ElectricalSeries rates (AttributeError: module 'spikeinterface.extractors' has no attribute 'NwbRecordingExtractor')
2026-10-03T08:16:32Z WARNING [659/1870] 2d0e6ecf-d7ea-4740-9e1d-548a8363149c: leaving unrecorded for a later run to retry.
2026-10-03T08:16:32Z WARNING 2d0e80ff-437e-4af9-a96e-01129e0b19df: failed while reading the ElectricalSeries rates (AttributeError: module 'spikeinterface.extractors' has no attribute 'NwbRecordingExtractor')
2026-10-03T08:16:32Z WARNING [660/1870] 2d0e80ff-437e-4af9-a96e-01129e0b19df: leaving unrecorded for a later run to retry.
2026-10-03T08:16:32Z WARNING 2d0eac77-1c1f-47f7-b555-0a05ce549183: failed while reading the ElectricalSeries rates (AttributeError: module 'spikeinterface.extractors' has no attribute 'NwbRecordingExtractor')
2026-10-03T08:16:32Z WARNING [661/1870] 2d0eac77-1c1f-47f7-b555-0a05ce549183: leaving unrecorded for a later run to retry.
2026-10-03T08:16:32Z WARNING 2d0efc46-ac9b-4fb8-8319-cf67e46e6625: failed while reading the ElectricalSeries rates (AttributeError: module 'spikeinterface.extractors' has no attribute 'NwbRecordingExtractor')
2026-10-03T08:16:32Z WARNING [662/1870] 2d0efc46-ac9b-4fb8-8319-cf67e46e6625: leaving unrecorded for a later run to retry.
2026-10-03T08:16:32Z WARNING 2d0f2e09-49e8-4827-8f5d-a3e395c22d29: failed while reading the ElectricalSeries rates (AttributeError: module 'spikeinterface.extractors' has no attribute 'NwbRecordingExtractor')
2026-10-03T08:16:32Z WARNING [663/1870] 2d0f2e09-49e8-4827-8f5d-a3e395c22d29: leaving unrecorded for a later run to retry.
2026-10-03T08:16:33Z WARNING 2d0f4158-5b8c-4291-bef3-6533394baf9c: failed while reading the ElectricalSeries rates (AttributeError: module 'spikeinterface.extractors' has no attribute 'NwbRecordingExtractor')
2026-10-03T08:16:33Z WARNING [664/1870] 2d0f4158-5b8c-4291-bef3-6533394baf9c: leaving unrecorded for a later run to retry.
2026-10-03T08:16:33Z WARNING 2d0fa663-d1f6-4cac-80d1-8fec5b3590fd: failed while reading the ElectricalSeries rates (AttributeError: module 'spikeinterface.extractors' has no attribute 'NwbRecordingExtractor')
2026-10-03T08:16:33Z WARNING [665/1870] 2d0fa663-d1f6-4cac-80d1-8fec5b3590fd: leaving unrecorded for a later run to retry.
2026-10-03T08:16:33Z WARNING 2d0fdf92-a790-4faf-ae23-7b612421cbab: failed while reading the ElectricalSeries rates (AttributeError: module 'spikeinterface.extractors' has no attribute 'NwbRecordingExtractor')
2026-10-03T08:16:33Z WARNING [666/1870] 2d0fdf92-a790-4faf-ae23-7b612421cbab: leaving unrecorded for a later run to retry.
2026-10-03T08:16:33Z WARNING 2d102473-fb55-4edd-bd53-bd4f7ee012ff: failed while reading the ElectricalSeries rates (AttributeError: module 'spikeinterface.extractors' has no attribute 'NwbRecordingExtractor')
2026-10-03T08:16:33Z WARNING [667/1870] 2d102473-fb55-4edd-bd53-bd4f7ee012ff: leaving unrecorded for a later run to retry.
2026-10-03T08:16:33Z WARNING 2d10ede2-db79-4324-8b37-1cd541286927: failed while reading the ElectricalSeries rates (AttributeError: module 'spikeinterface.extractors' has no attribute 'NwbRecordingExtractor')
2026-10-03T08:16:33Z WARNING [668/1870] 2d10ede2-db79-4324-8b37-1cd541286927: leaving unrecorded for a later run to retry.
2026-10-03T08:16:34Z WARNING 2d1100a2-937f-49cc-8606-6aef76218ee2: failed while reading the ElectricalSeries rates (AttributeError: module 'spikeinterface.extractors' has no attribute 'NwbRecordingExtractor')
2026-10-03T08:16:34Z WARNING [669/1870] 2d1100a2-937f-49cc-8606-6aef76218ee2: leaving unrecorded for a later run to retry.
2026-10-03T08:16:34Z WARNING 2d11266f-b942-4f33-a88d-f212aa0e15e1: failed while reading the ElectricalSeries rates (AttributeError: module 'spikeinterface.extractors' has no attribute 'NwbRecordingExtractor')
2026-10-03T08:16:34Z WARNING [670/1870] 2d11266f-b942-4f33-a88d-f212aa0e15e1: leaving unrecorded for a later run to retry.
2026-10-03T08:16:34Z WARNING 2d11d39d-69b2-419f-820b-491f63d82241: failed while reading the ElectricalSeries rates (AttributeError: module 'spikeinterface.extractors' has no attribute 'NwbRecordingExtractor')
2026-10-03T08:16:34Z WARNING [671/1870] 2d11d39d-69b2-419f-820b-491f63d82241: leaving unrecorded for a later run to retry.
2026-10-03T08:16:34Z WARNING 2d11ddff-84eb-4041-b0c5-1d67f301c08b: failed while reading the ElectricalSeries rates (AttributeError: module 'spikeinterface.extractors' has no attribute 'NwbRecordingExtractor')
2026-10-03T08:16:34Z WARNING [672/1870] 2d11ddff-84eb-4041-b0c5-1d67f301c08b: leaving unrecorded for a later run to retry.
2026-10-03T08:16:35Z WARNING 2d1206cb-8cc0-4ac5-a518-d001e3af4fcf: failed while reading the ElectricalSeries rates (AttributeError: module 'spikeinterface.extractors' has no attribute 'NwbRecordingExtractor')
2026-10-03T08:16:35Z WARNING [673/1870] 2d1206cb-8cc0-4ac5-a518-d001e3af4fcf: leaving unrecorded for a later run to retry.
2026-10-03T08:16:35Z WARNING 2d13a622-da35-451a-a87f-b4d17506bb24: failed while reading the ElectricalSeries rates (AttributeError: module 'spikeinterface.extractors' has no attribute 'NwbRecordingExtractor')
2026-10-03T08:16:35Z WARNING [674/1870] 2d13a622-da35-451a-a87f-b4d17506bb24: leaving unrecorded for a later run to retry.
2026-10-03T08:16:35Z WARNING 2d13e5fe-efe3-4021-94f1-3deab337b407: failed while reading the ElectricalSeries rates (AttributeError: module 'spikeinterface.extractors' has no attribute 'NwbRecordingExtractor')
2026-10-03T08:16:35Z WARNING [675/1870] 2d13e5fe-efe3-4021-94f1-3deab337b407: leaving unrecorded for a later run to retry.
2026-10-03T08:16:35Z WARNING 2d13f667-0a4c-4236-994d-4580cfc6fb19: failed while reading the ElectricalSeries rates (AttributeError: module 'spikeinterface.extractors' has no attribute 'NwbRecordingExtractor')
2026-10-03T08:16:35Z WARNING [676/1870] 2d13f667-0a4c-4236-994d-4580cfc6fb19: leaving unrecorded for a later run to retry.
2026-10-03T08:16:35Z WARNING 2d145360-da34-4895-99a7-ef6947412b66: failed while reading the ElectricalSeries rates (AttributeError: module 'spikeinterface.extractors' has no attribute 'NwbRecordingExtractor')
2026-10-03T08:16:35Z WARNING [677/1870] 2d145360-da34-4895-99a7-ef6947412b66: leaving unrecorded for a later run to retry.
2026-10-03T08:16:36Z WARNING 2d14cd7a-25c0-43e0-a832-82737a9fdbfa: failed while reading the ElectricalSeries rates (AttributeError: module 'spikeinterface.extractors' has no attribute 'NwbRecordingExtractor')
2026-10-03T08:16:36Z WARNING [678/1870] 2d14cd7a-25c0-43e0-a832-82737a9fdbfa: leaving unrecorded for a later run to retry.
2026-10-03T08:16:36Z WARNING 2d14e0a5-699d-43fc-a1be-59a7dcbf3e40: failed while reading the ElectricalSeries rates (AttributeError: module 'spikeinterface.extractors' has no attribute 'NwbRecordingExtractor')
2026-10-03T08:16:36Z WARNING [679/1870] 2d14e0a5-699d-43fc-a1be-59a7dcbf3e40: leaving unrecorded for a later run to retry.
2026-10-03T08:16:36Z WARNING 2d14ee4f-7ae1-4de3-b7e6-0df4c02fe7a7: failed while reading the ElectricalSeries rates (AttributeError: module 'spikeinterface.extractors' has no attribute 'NwbRecordingExtractor')
2026-10-03T08:16:36Z WARNING [680/1870] 2d14ee4f-7ae1-4de3-b7e6-0df4c02fe7a7: leaving unrecorded for a later run to retry.
2026-10-03T08:16:36Z WARNING 2d14fb87-a7d1-4fc5-8733-7d4814c5271c: failed while reading the ElectricalSeries rates (AttributeError: module 'spikeinterface.extractors' has no attribute 'NwbRecordingExtractor')
2026-10-03T08:16:36Z WARNING [681/1870] 2d14fb87-a7d1-4fc5-8733-7d4814c5271c: leaving unrecorded for a later run to retry.
2026-10-03T08:16:37Z WARNING 2d14fdcf-1ad8-47a6-8a8b-5e5e98baff95: failed while reading the ElectricalSeries rates (AttributeError: module 'spikeinterface.extractors' has no attribute 'NwbRecordingExtractor')
2026-10-03T08:16:37Z WARNING [682/1870] 2d14fdcf-1ad8-47a6-8a8b-5e5e98baff95: leaving unrecorded for a later run to retry.
2026-10-03T08:16:37Z WARNING 2d181d1d-58ef-44c5-9c57-84fb10f79d35: failed while reading the ElectricalSeries rates (AttributeError: module 'spikeinterface.extractors' has no attribute 'NwbRecordingExtractor')
2026-10-03T08:16:37Z WARNING [683/1870] 2d181d1d-58ef-44c5-9c57-84fb10f79d35: leaving unrecorded for a later run to retry.
2026-10-03T08:16:37Z WARNING 2d186bc8-fd9c-473d-868d-c44a4d7cc34c: failed while reading the ElectricalSeries rates (AttributeError: module 'spikeinterface.extractors' has no attribute 'NwbRecordingExtractor')
2026-10-03T08:16:37Z WARNING [684/1870] 2d186bc8-fd9c-473d-868d-c44a4d7cc34c: leaving unrecorded for a later run to retry.
2026-10-03T08:16:37Z WARNING 2d1871cf-ff58-4383-864a-36f4fa3d0191: failed while reading the ElectricalSeries rates (AttributeError: module 'spikeinterface.extractors' has no attribute 'NwbRecordingExtractor')
2026-10-03T08:16:37Z WARNING [685/1870] 2d1871cf-ff58-4383-864a-36f4fa3d0191: leaving unrecorded for a later run to retry.
2026-10-03T08:16:37Z WARNING 2d198425-db66-4af9-9d13-0e81a97ebedc: failed while reading the ElectricalSeries rates (AttributeError: module 'spikeinterface.extractors' has no attribute 'NwbRecordingExtractor')
2026-10-03T08:16:37Z WARNING [686/1870] 2d198425-db66-4af9-9d13-0e81a97ebedc: leaving unrecorded for a later run to retry.
2026-10-03T08:16:38Z WARNING 2d1a10b6-c55b-4ca3-8d17-e462b8613ab7: failed while reading the ElectricalSeries rates (AttributeError: module 'spikeinterface.extractors' has no attribute 'NwbRecordingExtractor')
2026-10-03T08:16:38Z WARNING [687/1870] 2d1a10b6-c55b-4ca3-8d17-e462b8613ab7: leaving unrecorded for a later run to retry.
2026-10-03T08:16:38Z WARNING 2d1bcf0a-11c6-4873-8745-5a1fc956d939: failed while reading the ElectricalSeries rates (AttributeError: module 'spikeinterface.extractors' has no attribute 'NwbRecordingExtractor')
2026-10-03T08:16:38Z WARNING [688/1870] 2d1bcf0a-11c6-4873-8745-5a1fc956d939: leaving unrecorded for a later run to retry.
2026-10-03T08:16:38Z WARNING 2d1c663f-a3fb-43d8-a97c-952d43591ee3: failed while reading the ElectricalSeries rates (AttributeError: module 'spikeinterface.extractors' has no attribute 'NwbRecordingExtractor')
2026-10-03T08:16:38Z WARNING [689/1870] 2d1c663f-a3fb-43d8-a97c-952d43591ee3: leaving unrecorded for a later run to retry.
2026-10-03T08:16:38Z WARNING 2d1cb80a-f678-4921-aa20-c0cc926943fb: failed while reading the ElectricalSeries rates (AttributeError: module 'spikeinterface.extractors' has no attribute 'NwbRecordingExtractor')
2026-10-03T08:16:38Z WARNING [690/1870] 2d1cb80a-f678-4921-aa20-c0cc926943fb: leaving unrecorded for a later run to retry.
2026-10-03T08:16:38Z WARNING 2d1cf7fb-e8f3-4047-bb1f-054337653174: failed while reading the ElectricalSeries rates (AttributeError: module 'spikeinterface.extractors' has no attribute 'NwbRecordingExtractor')
2026-10-03T08:16:38Z WARNING [691/1870] 2d1cf7fb-e8f3-4047-bb1f-054337653174: leaving unrecorded for a later run to retry.
2026-10-03T08:16:39Z WARNING 2d1d1235-9bf9-4748-9fef-ec7700bba716: failed while reading the ElectricalSeries rates (AttributeError: module 'spikeinterface.extractors' has no attribute 'NwbRecordingExtractor')
2026-10-03T08:16:39Z WARNING [692/1870] 2d1d1235-9bf9-4748-9fef-ec7700bba716: leaving unrecorded for a later run to retry.
2026-10-03T08:16:39Z WARNING 2d1db673-443e-46f8-aceb-6dc7dc4d1842: failed while reading the ElectricalSeries rates (AttributeError: module 'spikeinterface.extractors' has no attribute 'NwbRecordingExtractor')
2026-10-03T08:16:39Z WARNING [693/1870] 2d1db673-443e-46f8-aceb-6dc7dc4d1842: leaving unrecorded for a later run to retry.
2026-10-03T08:16:39Z WARNING 2d1dda1c-dec0-40d8-a04f-95441109866e: failed while reading the ElectricalSeries rates (AttributeError: module 'spikeinterface.extractors' has no attribute 'NwbRecordingExtractor')
2026-10-03T08:16:39Z WARNING [694/1870] 2d1dda1c-dec0-40d8-a04f-95441109866e: leaving unrecorded for a later run to retry.
2026-10-03T08:16:39Z WARNING 2d1e94c9-6403-4c46-9e4f-262ce369b739: failed while reading the ElectricalSeries rates (AttributeError: module 'spikeinterface.extractors' has no attribute 'NwbRecordingExtractor')
2026-10-03T08:16:39Z WARNING [695/1870] 2d1e94c9-6403-4c46-9e4f-262ce369b739: leaving unrecorded for a later run to retry.
2026-10-03T08:16:40Z WARNING 2d1ec365-b793-4ffc-b074-a417f57857dc: failed while reading the ElectricalSeries rates (AttributeError: module 'spikeinterface.extractors' has no attribute 'NwbRecordingExtractor')
2026-10-03T08:16:40Z WARNING [696/1870] 2d1ec365-b793-4ffc-b074-a417f57857dc: leaving unrecorded for a later run to retry.
2026-10-03T08:16:40Z WARNING 2d1ed250-2f70-4143-91a9-41284b23d573: failed while reading the ElectricalSeries rates (AttributeError: module 'spikeinterface.extractors' has no attribute 'NwbRecordingExtractor')
2026-10-03T08:16:40Z WARNING [697/1870] 2d1ed250-2f70-4143-91a9-41284b23d573: leaving unrecorded for a later run to retry.
2026-10-03T08:16:40Z WARNING 2d1f1f0e-9748-45ac-a65d-31eca86be44e: failed while reading the ElectricalSeries rates (AttributeError: module 'spikeinterface.extractors' has no attribute 'NwbRecordingExtractor')
2026-10-03T08:16:40Z WARNING [698/1870] 2d1f1f0e-9748-45ac-a65d-31eca86be44e: leaving unrecorded for a later run to retry.
2026-10-03T08:16:40Z WARNING 2d1f4659-618c-408b-b699-d0ff5eed5234: failed while reading the ElectricalSeries rates (AttributeError: module 'spikeinterface.extractors' has no attribute 'NwbRecordingExtractor')
2026-10-03T08:16:40Z WARNING [699/1870] 2d1f4659-618c-408b-b699-d0ff5eed5234: leaving unrecorded for a later run to retry.
2026-10-03T08:16:40Z WARNING 2d1fcd60-dfcf-452c-ac26-a846cdedf6e7: failed while reading the ElectricalSeries rates (AttributeError: module 'spikeinterface.extractors' has no attribute 'NwbRecordingExtractor')
2026-10-03T08:16:40Z WARNING [700/1870] 2d1fcd60-dfcf-452c-ac26-a846cdedf6e7: leaving unrecorded for a later run to retry.
2026-10-03T08:16:41Z INFO [700/1870] 2d1fcd60-dfcf-452c-ac26-a846cdedf6e7: checkpointed 60602 records.
2026-10-03T08:16:41Z WARNING 2d1febda-de85-455c-b005-4a3e931c1dfd: failed while reading the ElectricalSeries rates (AttributeError: module 'spikeinterface.extractors' has no attribute 'NwbRecordingExtractor')
2026-10-03T08:16:41Z WARNING [701/1870] 2d1febda-de85-455c-b005-4a3e931c1dfd: leaving unrecorded for a later run to retry.
2026-10-03T08:16:41Z WARNING 2d20af1c-ccf6-4dc8-a775-3cb15aa2caac: failed while reading the ElectricalSeries rates (AttributeError: module 'spikeinterface.extractors' has no attribute 'NwbRecordingExtractor')
2026-10-03T08:16:41Z WARNING [702/1870] 2d20af1c-ccf6-4dc8-a775-3cb15aa2caac: leaving unrecorded for a later run to retry.
2026-10-03T08:16:41Z WARNING 2d20b5fc-c327-4f9c-90d9-266390cff4a0: failed while reading the ElectricalSeries rates (AttributeError: module 'spikeinterface.extractors' has no attribute 'NwbRecordingExtractor')
2026-10-03T08:16:41Z WARNING [703/1870] 2d20b5fc-c327-4f9c-90d9-266390cff4a0: leaving unrecorded for a later run to retry.
2026-10-03T08:16:42Z WARNING 2d20b933-d4b9-4371-8e21-574c5a7ad43d: failed while reading the ElectricalSeries rates (AttributeError: module 'spikeinterface.extractors' has no attribute 'NwbRecordingExtractor')
2026-10-03T08:16:42Z WARNING [704/1870] 2d20b933-d4b9-4371-8e21-574c5a7ad43d: leaving unrecorded for a later run to retry.
2026-10-03T08:16:42Z WARNING 2d20c3df-592e-434c-a28b-18bd5bacc3c7: failed while reading the ElectricalSeries rates (AttributeError: module 'spikeinterface.extractors' has no attribute 'NwbRecordingExtractor')
2026-10-03T08:16:42Z WARNING [705/1870] 2d20c3df-592e-434c-a28b-18bd5bacc3c7: leaving unrecorded for a later run to retry.
2026-10-03T08:16:42Z WARNING 2d218208-f03a-4c75-b3a5-f19d90f10374: failed while reading the ElectricalSeries rates (AttributeError: module 'spikeinterface.extractors' has no attribute 'NwbRecordingExtractor')
2026-10-03T08:16:42Z WARNING [706/1870] 2d218208-f03a-4c75-b3a5-f19d90f10374: leaving unrecorded for a later run to retry.
2026-10-03T08:16:42Z WARNING 2d21afad-5d96-4f83-b9df-e4c2df73cc9b: failed while reading the ElectricalSeries rates (AttributeError: module 'spikeinterface.extractors' has no attribute 'NwbRecordingExtractor')
2026-10-03T08:16:42Z WARNING [707/1870] 2d21afad-5d96-4f83-b9df-e4c2df73cc9b: leaving unrecorded for a later run to retry.
2026-10-03T08:16:42Z WARNING 2d22cd8a-0603-4621-9e6d-a3516188d391: failed while reading the ElectricalSeries rates (AttributeError: module 'spikeinterface.extractors' has no attribute 'NwbRecordingExtractor')
2026-10-03T08:16:42Z WARNING [708/1870] 2d22cd8a-0603-4621-9e6d-a3516188d391: leaving unrecorded for a later run to retry.
2026-10-03T08:16:43Z WARNING 2d23098c-8dc1-4295-9491-e2e9320f4d69: failed while reading the ElectricalSeries rates (AttributeError: module 'spikeinterface.extractors' has no attribute 'NwbRecordingExtractor')
2026-10-03T08:16:43Z WARNING [709/1870] 2d23098c-8dc1-4295-9491-e2e9320f4d69: leaving unrecorded for a later run to retry.
2026-10-03T08:16:43Z WARNING 2d23a9c3-5446-4424-b9db-b7254ab10233: failed while reading the ElectricalSeries rates (AttributeError: module 'spikeinterface.extractors' has no attribute 'NwbRecordingExtractor')
2026-10-03T08:16:43Z WARNING [710/1870] 2d23a9c3-5446-4424-b9db-b7254ab10233: leaving unrecorded for a later run to retry.
2026-10-03T08:16:43Z WARNING 2d23ca9b-77c1-4d0b-982d-5b3f2b573a2b: failed while reading the ElectricalSeries rates (AttributeError: module 'spikeinterface.extractors' has no attribute 'NwbRecordingExtractor')
2026-10-03T08:16:43Z WARNING [711/1870] 2d23ca9b-77c1-4d0b-982d-5b3f2b573a2b: leaving unrecorded for a later run to retry.
2026-10-03T08:16:43Z WARNING 2d23e484-a649-4651-9e25-973ac7a0904d: failed while reading the ElectricalSeries rates (AttributeError: module 'spikeinterface.extractors' has no attribute 'NwbRecordingExtractor')
2026-10-03T08:16:43Z WARNING [712/1870] 2d23e484-a649-4651-9e25-973ac7a0904d: leaving unrecorded for a later run to retry.
2026-10-03T08:16:43Z WARNING 2d240ec9-da73-4c0b-8071-7afa7bb254a2: failed while reading the ElectricalSeries rates (AttributeError: module 'spikeinterface.extractors' has no attribute 'NwbRecordingExtractor')
2026-10-03T08:16:43Z WARNING [713/1870] 2d240ec9-da73-4c0b-8071-7afa7bb254a2: leaving unrecorded for a later run to retry.
2026-10-03T08:16:44Z WARNING 2d241f10-6e9c-4354-b6f5-110cee25edb0: failed while reading the ElectricalSeries rates (AttributeError: module 'spikeinterface.extractors' has no attribute 'NwbRecordingExtractor')
2026-10-03T08:16:44Z WARNING [714/1870] 2d241f10-6e9c-4354-b6f5-110cee25edb0: leaving unrecorded for a later run to retry.
2026-10-03T08:16:44Z WARNING 2d250964-4518-4443-883c-127c25297ed4: failed while reading the ElectricalSeries rates (AttributeError: module 'spikeinterface.extractors' has no attribute 'NwbRecordingExtractor')
2026-10-03T08:16:44Z WARNING [715/1870] 2d250964-4518-4443-883c-127c25297ed4: leaving unrecorded for a later run to retry.
2026-10-03T08:16:44Z WARNING 2d251980-6ae4-4ba1-aca9-f4123ba464d9: failed while reading the ElectricalSeries rates (AttributeError: module 'spikeinterface.extractors' has no attribute 'NwbRecordingExtractor')
2026-10-03T08:16:44Z WARNING [716/1870] 2d251980-6ae4-4ba1-aca9-f4123ba464d9: leaving unrecorded for a later run to retry.
2026-10-03T08:16:44Z WARNING 2d25419d-0a91-40a0-829a-730b1d2015a5: failed while reading the ElectricalSeries rates (AttributeError: module 'spikeinterface.extractors' has no attribute 'NwbRecordingExtractor')
2026-10-03T08:16:44Z WARNING [717/1870] 2d25419d-0a91-40a0-829a-730b1d2015a5: leaving unrecorded for a later run to retry.
2026-10-03T08:16:45Z WARNING 2d2549a1-eb65-48c7-9286-d66c827279b6: failed while reading the ElectricalSeries rates (AttributeError: module 'spikeinterface.extractors' has no attribute 'NwbRecordingExtractor')
2026-10-03T08:16:45Z WARNING [718/1870] 2d2549a1-eb65-48c7-9286-d66c827279b6: leaving unrecorded for a later run to retry.
2026-10-03T08:16:45Z WARNING 2d25757a-f80d-42f1-9a87-c4f2ef17e116: failed while reading the ElectricalSeries rates (AttributeError: module 'spikeinterface.extractors' has no attribute 'NwbRecordingExtractor')
2026-10-03T08:16:45Z WARNING [719/1870] 2d25757a-f80d-42f1-9a87-c4f2ef17e116: leaving unrecorded for a later run to retry.
2026-10-03T08:16:45Z WARNING 2d263388-5ead-47ca-ac7e-847481629c2e: failed while reading the ElectricalSeries rates (AttributeError: module 'spikeinterface.extractors' has no attribute 'NwbRecordingExtractor')
2026-10-03T08:16:45Z WARNING [720/1870] 2d263388-5ead-47ca-ac7e-847481629c2e: leaving unrecorded for a later run to retry.
2026-10-03T08:16:45Z WARNING 2d268291-6f71-499a-9749-2aadb65351ad: failed while reading the ElectricalSeries rates (AttributeError: module 'spikeinterface.extractors' has no attribute 'NwbRecordingExtractor')
2026-10-03T08:16:45Z WARNING [721/1870] 2d268291-6f71-499a-9749-2aadb65351ad: leaving unrecorded for a later run to retry.
2026-10-03T08:16:45Z WARNING 2d26d224-a9e9-4b42-a9a2-4c3a6bb0864a: failed while reading the ElectricalSeries rates (AttributeError: module 'spikeinterface.extractors' has no attribute 'NwbRecordingExtractor')
2026-10-03T08:16:45Z WARNING [722/1870] 2d26d224-a9e9-4b42-a9a2-4c3a6bb0864a: leaving unrecorded for a later run to retry.
2026-10-03T08:16:46Z WARNING 2d2752ab-4cdc-4a1e-bcc0-2e113af8683e: failed while reading the ElectricalSeries rates (AttributeError: module 'spikeinterface.extractors' has no attribute 'NwbRecordingExtractor')
2026-10-03T08:16:46Z WARNING [723/1870] 2d2752ab-4cdc-4a1e-bcc0-2e113af8683e: leaving unrecorded for a later run to retry.
2026-10-03T08:16:46Z WARNING 2d276556-0eb6-43d2-ab03-2106edacdc25: failed while reading the ElectricalSeries rates (AttributeError: module 'spikeinterface.extractors' has no attribute 'NwbRecordingExtractor')
2026-10-03T08:16:46Z WARNING [724/1870] 2d276556-0eb6-43d2-ab03-2106edacdc25: leaving unrecorded for a later run to retry.
2026-10-03T08:16:46Z WARNING 2d28479f-7ef3-4c44-8279-4568120f6cb2: failed while reading the ElectricalSeries rates (AttributeError: module 'spikeinterface.extractors' has no attribute 'NwbRecordingExtractor')
2026-10-03T08:16:46Z WARNING [725/1870] 2d28479f-7ef3-4c44-8279-4568120f6cb2: leaving unrecorded for a later run to retry.
2026-10-03T08:16:46Z WARNING 2d28a621-c898-4211-b680-24b4d9872d85: failed while reading the ElectricalSeries rates (AttributeError: module 'spikeinterface.extractors' has no attribute 'NwbRecordingExtractor')
2026-10-03T08:16:46Z WARNING [726/1870] 2d28a621-c898-4211-b680-24b4d9872d85: leaving unrecorded for a later run to retry.
2026-10-03T08:16:47Z WARNING 2d28d49e-63d5-4402-9cd2-6f783e4e6193: failed while reading the ElectricalSeries rates (AttributeError: module 'spikeinterface.extractors' has no attribute 'NwbRecordingExtractor')
2026-10-03T08:16:47Z WARNING [727/1870] 2d28d49e-63d5-4402-9cd2-6f783e4e6193: leaving unrecorded for a later run to retry.
2026-10-03T08:16:47Z WARNING 2d28fad8-1300-44d0-a48e-65233f770852: failed while reading the ElectricalSeries rates (AttributeError: module 'spikeinterface.extractors' has no attribute 'NwbRecordingExtractor')
2026-10-03T08:16:47Z WARNING [728/1870] 2d28fad8-1300-44d0-a48e-65233f770852: leaving unrecorded for a later run to retry.
2026-10-03T08:16:47Z WARNING 2d29464a-5005-4f3c-b506-c9a2e8cdb3da: failed while reading the ElectricalSeries rates (AttributeError: module 'spikeinterface.extractors' has no attribute 'NwbRecordingExtractor')
2026-10-03T08:16:47Z WARNING [729/1870] 2d29464a-5005-4f3c-b506-c9a2e8cdb3da: leaving unrecorded for a later run to retry.
2026-10-03T08:16:47Z WARNING 2d29683f-1bbe-4188-b716-dae98600fc71: failed while reading the ElectricalSeries rates (AttributeError: module 'spikeinterface.extractors' has no attribute 'NwbRecordingExtractor')
2026-10-03T08:16:47Z WARNING [730/1870] 2d29683f-1bbe-4188-b716-dae98600fc71: leaving unrecorded for a later run to retry.
2026-10-03T08:16:48Z WARNING 2d298808-6dde-4ebb-bedd-fa2de1e683d2: failed while reading the ElectricalSeries rates (AttributeError: module 'spikeinterface.extractors' has no attribute 'NwbRecordingExtractor')
2026-10-03T08:16:48Z WARNING [731/1870] 2d298808-6dde-4ebb-bedd-fa2de1e683d2: leaving unrecorded for a later run to retry.
2026-10-03T08:16:48Z WARNING 2d2a71e5-4c1f-4f87-99db-405a35412b99: failed while reading the ElectricalSeries rates (AttributeError: module 'spikeinterface.extractors' has no attribute 'NwbRecordingExtractor')
2026-10-03T08:16:48Z WARNING [732/1870] 2d2a71e5-4c1f-4f87-99db-405a35412b99: leaving unrecorded for a later run to retry.
2026-10-03T08:16:48Z WARNING 2d2c9cb5-3cd2-4578-a6c6-4c795fe3212c: failed while reading the ElectricalSeries rates (AttributeError: module 'spikeinterface.extractors' has no attribute 'NwbRecordingExtractor')
2026-10-03T08:16:48Z WARNING [733/1870] 2d2c9cb5-3cd2-4578-a6c6-4c795fe3212c: leaving unrecorded for a later run to retry.
2026-10-03T08:16:48Z WARNING 2d2e0e63-4aea-4b54-9a57-60d6ef734cb0: failed while reading the ElectricalSeries rates (AttributeError: module 'spikeinterface.extractors' has no attribute 'NwbRecordingExtractor')
2026-10-03T08:16:48Z WARNING [734/1870] 2d2e0e63-4aea-4b54-9a57-60d6ef734cb0: leaving unrecorded for a later run to retry.
2026-10-03T08:16:48Z WARNING 2d2e1324-205f-4cae-b2d9-f6c1e75c5eb8: failed while reading the ElectricalSeries rates (AttributeError: module 'spikeinterface.extractors' has no attribute 'NwbRecordingExtractor')
2026-10-03T08:16:48Z WARNING [735/1870] 2d2e1324-205f-4cae-b2d9-f6c1e75c5eb8: leaving unrecorded for a later run to retry.
2026-10-03T08:16:49Z WARNING 2d3035f5-79fd-416c-9b70-bcf2c3d69ac4: failed while reading the ElectricalSeries rates (AttributeError: module 'spikeinterface.extractors' has no attribute 'NwbRecordingExtractor')
2026-10-03T08:16:49Z WARNING [736/1870] 2d3035f5-79fd-416c-9b70-bcf2c3d69ac4: leaving unrecorded for a later run to retry.
2026-10-03T08:16:49Z WARNING 2d30c534-a1bf-46b1-aa4b-5d11e26c65ac: failed while reading the ElectricalSeries rates (AttributeError: module 'spikeinterface.extractors' has no attribute 'NwbRecordingExtractor')
2026-10-03T08:16:49Z WARNING [737/1870] 2d30c534-a1bf-46b1-aa4b-5d11e26c65ac: leaving unrecorded for a later run to retry.
2026-10-03T08:16:49Z WARNING 2d31360f-43c0-481a-bfd9-4656ac806579: failed while reading the ElectricalSeries rates (AttributeError: module 'spikeinterface.extractors' has no attribute 'NwbRecordingExtractor')
2026-10-03T08:16:49Z WARNING [738/1870] 2d31360f-43c0-481a-bfd9-4656ac806579: leaving unrecorded for a later run to retry.
2026-10-03T08:16:49Z WARNING 2d31ad07-8a25-4e2c-8668-8d06d9cbefd6: failed while reading the ElectricalSeries rates (AttributeError: module 'spikeinterface.extractors' has no attribute 'NwbRecordingExtractor')
2026-10-03T08:16:49Z WARNING [739/1870] 2d31ad07-8a25-4e2c-8668-8d06d9cbefd6: leaving unrecorded for a later run to retry.
2026-10-03T08:16:50Z WARNING 2d3336b3-32ac-48de-9c21-633f9fd1688d: failed while reading the ElectricalSeries rates (AttributeError: module 'spikeinterface.extractors' has no attribute 'NwbRecordingExtractor')
2026-10-03T08:16:50Z WARNING [740/1870] 2d3336b3-32ac-48de-9c21-633f9fd1688d: leaving unrecorded for a later run to retry.
2026-10-03T08:16:50Z WARNING 2d346445-2eb5-4ace-a04b-e33ba453ff78: failed while reading the ElectricalSeries rates (AttributeError: module 'spikeinterface.extractors' has no attribute 'NwbRecordingExtractor')
2026-10-03T08:16:50Z WARNING [741/1870] 2d346445-2eb5-4ace-a04b-e33ba453ff78: leaving unrecorded for a later run to retry.
2026-10-03T08:16:50Z WARNING 2d346c88-2967-4343-a5f1-0c5ae76aab0d: failed while reading the ElectricalSeries rates (AttributeError: module 'spikeinterface.extractors' has no attribute 'NwbRecordingExtractor')
2026-10-03T08:16:50Z WARNING [742/1870] 2d346c88-2967-4343-a5f1-0c5ae76aab0d: leaving unrecorded for a later run to retry.
2026-10-03T08:16:50Z WARNING 2d34fd3e-7dc0-4988-97d9-e4f60dc24c2d: failed while reading the ElectricalSeries rates (AttributeError: module 'spikeinterface.extractors' has no attribute 'NwbRecordingExtractor')
2026-10-03T08:16:50Z WARNING [743/1870] 2d34fd3e-7dc0-4988-97d9-e4f60dc24c2d: leaving unrecorded for a later run to retry.
2026-10-03T08:16:50Z WARNING 2d35f9d2-7088-4515-93a7-ea2506dbbd47: failed while reading the ElectricalSeries rates (AttributeError: module 'spikeinterface.extractors' has no attribute 'NwbRecordingExtractor')
2026-10-03T08:16:50Z WARNING [744/1870] 2d35f9d2-7088-4515-93a7-ea2506dbbd47: leaving unrecorded for a later run to retry.
2026-10-03T08:16:51Z WARNING 2d361fb3-d3d1-46e1-af46-7a8468f6904b: failed while reading the ElectricalSeries rates (AttributeError: module 'spikeinterface.extractors' has no attribute 'NwbRecordingExtractor')
2026-10-03T08:16:51Z WARNING [745/1870] 2d361fb3-d3d1-46e1-af46-7a8468f6904b: leaving unrecorded for a later run to retry.
2026-10-03T08:16:51Z WARNING 2d365534-aac6-4948-92fa-05b545a18d67: failed while reading the ElectricalSeries rates (AttributeError: module 'spikeinterface.extractors' has no attribute 'NwbRecordingExtractor')
2026-10-03T08:16:51Z WARNING [746/1870] 2d365534-aac6-4948-92fa-05b545a18d67: leaving unrecorded for a later run to retry.
2026-10-03T08:16:51Z WARNING 2d3796e3-5288-4c5a-9ae3-1ad16d448d97: failed while reading the ElectricalSeries rates (AttributeError: module 'spikeinterface.extractors' has no attribute 'NwbRecordingExtractor')
2026-10-03T08:16:51Z WARNING [747/1870] 2d3796e3-5288-4c5a-9ae3-1ad16d448d97: leaving unrecorded for a later run to retry.
2026-10-03T08:16:51Z WARNING 2d3842cd-40d9-4928-9198-740bccded438: failed while reading the ElectricalSeries rates (AttributeError: module 'spikeinterface.extractors' has no attribute 'NwbRecordingExtractor')
2026-10-03T08:16:51Z WARNING [748/1870] 2d3842cd-40d9-4928-9198-740bccded438: leaving unrecorded for a later run to retry.
2026-10-03T08:16:52Z WARNING 2d39b1c1-7753-4351-9f08-276c0e587001: failed while reading the ElectricalSeries rates (AttributeError: module 'spikeinterface.extractors' has no attribute 'NwbRecordingExtractor')
2026-10-03T08:16:52Z WARNING [749/1870] 2d39b1c1-7753-4351-9f08-276c0e587001: leaving unrecorded for a later run to retry.
2026-10-03T08:16:52Z WARNING 2d3adb33-afd2-4c07-9557-25d0c4fd01da: failed while reading the ElectricalSeries rates (AttributeError: module 'spikeinterface.extractors' has no attribute 'NwbRecordingExtractor')
2026-10-03T08:16:52Z WARNING [750/1870] 2d3adb33-afd2-4c07-9557-25d0c4fd01da: leaving unrecorded for a later run to retry.
2026-10-03T08:16:52Z INFO [750/1870] 2d3adb33-afd2-4c07-9557-25d0c4fd01da: checkpointed 60602 records.
2026-10-03T08:16:52Z WARNING 2d3b6d30-ec07-42b0-b637-d06bf509bffa: failed while reading the ElectricalSeries rates (AttributeError: module 'spikeinterface.extractors' has no attribute 'NwbRecordingExtractor')
2026-10-03T08:16:52Z WARNING [751/1870] 2d3b6d30-ec07-42b0-b637-d06bf509bffa: leaving unrecorded for a later run to retry.
2026-10-03T08:16:52Z WARNING 2d3b6d7a-a32f-4aba-ae4d-ede571c223e2: failed while reading the ElectricalSeries rates (AttributeError: module 'spikeinterface.extractors' has no attribute 'NwbRecordingExtractor')
2026-10-03T08:16:52Z WARNING [752/1870] 2d3b6d7a-a32f-4aba-ae4d-ede571c223e2: leaving unrecorded for a later run to retry.
2026-10-03T08:16:52Z WARNING 2d3cd9ad-eb71-4613-90d1-e735c4767e01: failed while reading the ElectricalSeries rates (AttributeError: module 'spikeinterface.extractors' has no attribute 'NwbRecordingExtractor')
2026-10-03T08:16:52Z WARNING [753/1870] 2d3cd9ad-eb71-4613-90d1-e735c4767e01: leaving unrecorded for a later run to retry.
2026-10-03T08:16:53Z WARNING 2d3f6914-ed6c-42c2-a504-e71c3e459e4d: failed while reading the ElectricalSeries rates (AttributeError: module 'spikeinterface.extractors' has no attribute 'NwbRecordingExtractor')
2026-10-03T08:16:53Z WARNING [754/1870] 2d3f6914-ed6c-42c2-a504-e71c3e459e4d: leaving unrecorded for a later run to retry.
2026-10-03T08:16:53Z WARNING 2d3fba8f-989e-411a-a749-aa5c8b14adea: failed while reading the ElectricalSeries rates (AttributeError: module 'spikeinterface.extractors' has no attribute 'NwbRecordingExtractor')
2026-10-03T08:16:53Z WARNING [755/1870] 2d3fba8f-989e-411a-a749-aa5c8b14adea: leaving unrecorded for a later run to retry.
2026-10-03T08:16:53Z WARNING 2d40be17-d764-4e28-b497-fcc15e404007: failed while reading the ElectricalSeries rates (AttributeError: module 'spikeinterface.extractors' has no attribute 'NwbRecordingExtractor')
2026-10-03T08:16:53Z WARNING [756/1870] 2d40be17-d764-4e28-b497-fcc15e404007: leaving unrecorded for a later run to retry.
2026-10-03T08:16:53Z WARNING 2d4106f1-72ee-496d-b091-67b96842b768: failed while reading the ElectricalSeries rates (AttributeError: module 'spikeinterface.extractors' has no attribute 'NwbRecordingExtractor')
2026-10-03T08:16:53Z WARNING [757/1870] 2d4106f1-72ee-496d-b091-67b96842b768: leaving unrecorded for a later run to retry.
2026-10-03T08:16:54Z WARNING 2d416a91-7fd3-4054-a6b8-1c6c74e06b66: failed while reading the ElectricalSeries rates (AttributeError: module 'spikeinterface.extractors' has no attribute 'NwbRecordingExtractor')
2026-10-03T08:16:54Z WARNING [758/1870] 2d416a91-7fd3-4054-a6b8-1c6c74e06b66: leaving unrecorded for a later run to retry.
2026-10-03T08:16:54Z WARNING 2d4277e6-6a01-4c1e-a223-df636f41628e: failed while reading the ElectricalSeries rates (AttributeError: module 'spikeinterface.extractors' has no attribute 'NwbRecordingExtractor')
2026-10-03T08:16:54Z WARNING [759/1870] 2d4277e6-6a01-4c1e-a223-df636f41628e: leaving unrecorded for a later run to retry.
2026-10-03T08:16:54Z WARNING 2d44a93c-3ba2-4e7f-831b-3d6048886f09: failed while reading the ElectricalSeries rates (AttributeError: module 'spikeinterface.extractors' has no attribute 'NwbRecordingExtractor')
2026-10-03T08:16:54Z WARNING [760/1870] 2d44a93c-3ba2-4e7f-831b-3d6048886f09: leaving unrecorded for a later run to retry.
2026-10-03T08:16:54Z WARNING 2d450970-d49d-424c-9e1b-068c5e62aeef: failed while reading the ElectricalSeries rates (AttributeError: module 'spikeinterface.extractors' has no attribute 'NwbRecordingExtractor')
2026-10-03T08:16:54Z WARNING [761/1870] 2d450970-d49d-424c-9e1b-068c5e62aeef: leaving unrecorded for a later run to retry.
2026-10-03T08:16:55Z WARNING 2d4521d1-24d8-4aa2-a40c-f1ab7dd9b6d1: failed while reading the ElectricalSeries rates (AttributeError: module 'spikeinterface.extractors' has no attribute 'NwbRecordingExtractor')
2026-10-03T08:16:55Z WARNING [762/1870] 2d4521d1-24d8-4aa2-a40c-f1ab7dd9b6d1: leaving unrecorded for a later run to retry.
2026-10-03T08:16:55Z WARNING 2d45334e-b009-4429-86ab-fabed0f72553: failed while reading the ElectricalSeries rates (AttributeError: module 'spikeinterface.extractors' has no attribute 'NwbRecordingExtractor')
2026-10-03T08:16:55Z WARNING [763/1870] 2d45334e-b009-4429-86ab-fabed0f72553: leaving unrecorded for a later run to retry.
2026-10-03T08:16:55Z WARNING 2d4545d5-515f-48d7-ab2c-0354e6538486: failed while reading the ElectricalSeries rates (AttributeError: module 'spikeinterface.extractors' has no attribute 'NwbRecordingExtractor')
2026-10-03T08:16:55Z WARNING [764/1870] 2d4545d5-515f-48d7-ab2c-0354e6538486: leaving unrecorded for a later run to retry.
2026-10-03T08:16:55Z WARNING 2d4648fd-f493-43ac-a74b-310bb0a48b25: failed while reading the ElectricalSeries rates (AttributeError: module 'spikeinterface.extractors' has no attribute 'NwbRecordingExtractor')
2026-10-03T08:16:55Z WARNING [765/1870] 2d4648fd-f493-43ac-a74b-310bb0a48b25: leaving unrecorded for a later run to retry.
2026-10-03T08:16:55Z WARNING 2d475d56-f520-432c-8336-f06db95a1801: failed while reading the ElectricalSeries rates (AttributeError: module 'spikeinterface.extractors' has no attribute 'NwbRecordingExtractor')
2026-10-03T08:16:55Z WARNING [766/1870] 2d475d56-f520-432c-8336-f06db95a1801: leaving unrecorded for a later run to retry.
2026-10-03T08:16:56Z WARNING 2d47e09a-2542-49b7-aab0-d12510c9cf01: failed while reading the ElectricalSeries rates (AttributeError: module 'spikeinterface.extractors' has no attribute 'NwbRecordingExtractor')
2026-10-03T08:16:56Z WARNING [767/1870] 2d47e09a-2542-49b7-aab0-d12510c9cf01: leaving unrecorded for a later run to retry.
2026-10-03T08:16:56Z WARNING 2d48584b-6c2a-4852-8007-a163c687d4c3: failed while reading the ElectricalSeries rates (AttributeError: module 'spikeinterface.extractors' has no attribute 'NwbRecordingExtractor')
2026-10-03T08:16:56Z WARNING [768/1870] 2d48584b-6c2a-4852-8007-a163c687d4c3: leaving unrecorded for a later run to retry.
2026-10-03T08:16:56Z WARNING 2d48681b-61ae-48e9-8474-8e98bd529350: failed while reading the ElectricalSeries rates (AttributeError: module 'spikeinterface.extractors' has no attribute 'NwbRecordingExtractor')
2026-10-03T08:16:56Z WARNING [769/1870] 2d48681b-61ae-48e9-8474-8e98bd529350: leaving unrecorded for a later run to retry.
2026-10-03T08:16:56Z WARNING 2d48e2de-458c-4c7a-871f-d53c67058b90: failed while reading the ElectricalSeries rates (AttributeError: module 'spikeinterface.extractors' has no attribute 'NwbRecordingExtractor')
2026-10-03T08:16:56Z WARNING [770/1870] 2d48e2de-458c-4c7a-871f-d53c67058b90: leaving unrecorded for a later run to retry.
2026-10-03T08:16:56Z WARNING 2d4947b1-b809-4208-84ee-b0171a68aa79: failed while reading the ElectricalSeries rates (AttributeError: module 'spikeinterface.extractors' has no attribute 'NwbRecordingExtractor')
2026-10-03T08:16:56Z WARNING [771/1870] 2d4947b1-b809-4208-84ee-b0171a68aa79: leaving unrecorded for a later run to retry.
2026-10-03T08:16:57Z WARNING 2d495798-c695-4923-a0a4-f3f86c15fbb4: failed while reading the ElectricalSeries rates (AttributeError: module 'spikeinterface.extractors' has no attribute 'NwbRecordingExtractor')
2026-10-03T08:16:57Z WARNING [772/1870] 2d495798-c695-4923-a0a4-f3f86c15fbb4: leaving unrecorded for a later run to retry.
2026-10-03T08:16:57Z WARNING 2d4a1c59-3d63-496d-922e-62d49a8858f6: failed while reading the ElectricalSeries rates (AttributeError: module 'spikeinterface.extractors' has no attribute 'NwbRecordingExtractor')
2026-10-03T08:16:57Z WARNING [773/1870] 2d4a1c59-3d63-496d-922e-62d49a8858f6: leaving unrecorded for a later run to retry.
2026-10-03T08:16:57Z WARNING 2d4ce5f9-f2a2-4f15-a1ef-0898314d8072: failed while reading the ElectricalSeries rates (AttributeError: module 'spikeinterface.extractors' has no attribute 'NwbRecordingExtractor')
2026-10-03T08:16:57Z WARNING [774/1870] 2d4ce5f9-f2a2-4f15-a1ef-0898314d8072: leaving unrecorded for a later run to retry.
2026-10-03T08:16:57Z WARNING 2d4d050a-4d9f-4085-85ba-2c16dbe181c1: failed while reading the ElectricalSeries rates (AttributeError: module 'spikeinterface.extractors' has no attribute 'NwbRecordingExtractor')
2026-10-03T08:16:57Z WARNING [775/1870] 2d4d050a-4d9f-4085-85ba-2c16dbe181c1: leaving unrecorded for a later run to retry.
2026-10-03T08:16:58Z WARNING 2d4d052e-1148-41ca-96dc-6ae487120ee5: failed while reading the ElectricalSeries rates (AttributeError: module 'spikeinterface.extractors' has no attribute 'NwbRecordingExtractor')
2026-10-03T08:16:58Z WARNING [776/1870] 2d4d052e-1148-41ca-96dc-6ae487120ee5: leaving unrecorded for a later run to retry.
2026-10-03T08:16:58Z WARNING 2d4ea120-f3a0-41f7-8d7b-1124846b1c35: failed while reading the ElectricalSeries rates (AttributeError: module 'spikeinterface.extractors' has no attribute 'NwbRecordingExtractor')
2026-10-03T08:16:58Z WARNING [777/1870] 2d4ea120-f3a0-41f7-8d7b-1124846b1c35: leaving unrecorded for a later run to retry.
2026-10-03T08:16:58Z WARNING 2d4eecaa-118e-410d-b07e-2fc13cb033e4: failed while reading the ElectricalSeries rates (AttributeError: module 'spikeinterface.extractors' has no attribute 'NwbRecordingExtractor')
2026-10-03T08:16:58Z WARNING [778/1870] 2d4eecaa-118e-410d-b07e-2fc13cb033e4: leaving unrecorded for a later run to retry.
2026-10-03T08:16:58Z WARNING 2d4f590d-9c89-41da-a3f9-9c60076f5a61: failed while reading the ElectricalSeries rates (AttributeError: module 'spikeinterface.extractors' has no attribute 'NwbRecordingExtractor')
2026-10-03T08:16:58Z WARNING [779/1870] 2d4f590d-9c89-41da-a3f9-9c60076f5a61: leaving unrecorded for a later run to retry.
2026-10-03T08:16:58Z WARNING 2d50ac27-e720-4516-ab79-7f063e6a3707: failed while reading the ElectricalSeries rates (AttributeError: module 'spikeinterface.extractors' has no attribute 'NwbRecordingExtractor')
2026-10-03T08:16:58Z WARNING [780/1870] 2d50ac27-e720-4516-ab79-7f063e6a3707: leaving unrecorded for a later run to retry.
2026-10-03T08:16:59Z WARNING 2d513b09-b4e2-4af0-9f28-a40d0b0a1b81: failed while reading the ElectricalSeries rates (AttributeError: module 'spikeinterface.extractors' has no attribute 'NwbRecordingExtractor')
2026-10-03T08:16:59Z WARNING [781/1870] 2d513b09-b4e2-4af0-9f28-a40d0b0a1b81: leaving unrecorded for a later run to retry.
2026-10-03T08:16:59Z WARNING 2d519f45-db0e-4684-bdef-6d003140d588: failed while reading the ElectricalSeries rates (AttributeError: module 'spikeinterface.extractors' has no attribute 'NwbRecordingExtractor')
2026-10-03T08:16:59Z WARNING [782/1870] 2d519f45-db0e-4684-bdef-6d003140d588: leaving unrecorded for a later run to retry.
2026-10-03T08:16:59Z WARNING 2d51ddc9-17f2-4e95-9b5f-388c8efb9fcc: failed while reading the ElectricalSeries rates (AttributeError: module 'spikeinterface.extractors' has no attribute 'NwbRecordingExtractor')
2026-10-03T08:16:59Z WARNING [783/1870] 2d51ddc9-17f2-4e95-9b5f-388c8efb9fcc: leaving unrecorded for a later run to retry.
2026-10-03T08:16:59Z WARNING 2d51ef85-d77e-473c-94fa-8ec4e7eed499: failed while reading the ElectricalSeries rates (AttributeError: module 'spikeinterface.extractors' has no attribute 'NwbRecordingExtractor')
2026-10-03T08:16:59Z WARNING [784/1870] 2d51ef85-d77e-473c-94fa-8ec4e7eed499: leaving unrecorded for a later run to retry.
2026-10-03T08:16:59Z WARNING 2d52fe9c-bffe-4b54-95c9-b2f6089f9b5e: failed while reading the ElectricalSeries rates (AttributeError: module 'spikeinterface.extractors' has no attribute 'NwbRecordingExtractor')
2026-10-03T08:16:59Z WARNING [785/1870] 2d52fe9c-bffe-4b54-95c9-b2f6089f9b5e: leaving unrecorded for a later run to retry.
2026-10-03T08:17:00Z WARNING 2d5342d4-6546-4088-b355-18a52be3f177: failed while reading the ElectricalSeries rates (AttributeError: module 'spikeinterface.extractors' has no attribute 'NwbRecordingExtractor')
2026-10-03T08:17:00Z WARNING [786/1870] 2d5342d4-6546-4088-b355-18a52be3f177: leaving unrecorded for a later run to retry.
2026-10-03T08:17:00Z WARNING 2d5381d7-1613-4638-911f-32556eef86f3: failed while reading the ElectricalSeries rates (AttributeError: module 'spikeinterface.extractors' has no attribute 'NwbRecordingExtractor')
2026-10-03T08:17:00Z WARNING [787/1870] 2d5381d7-1613-4638-911f-32556eef86f3: leaving unrecorded for a later run to retry.
2026-10-03T08:17:00Z WARNING 2d53efc5-5dd6-4b03-b9f4-63106c66d4b9: failed while reading the ElectricalSeries rates (AttributeError: module 'spikeinterface.extractors' has no attribute 'NwbRecordingExtractor')
2026-10-03T08:17:00Z WARNING [788/1870] 2d53efc5-5dd6-4b03-b9f4-63106c66d4b9: leaving unrecorded for a later run to retry.
2026-10-03T08:17:00Z WARNING 2d547f30-5d58-4441-bbd6-ed7fd2e02767: failed while reading the ElectricalSeries rates (AttributeError: module 'spikeinterface.extractors' has no attribute 'NwbRecordingExtractor')
2026-10-03T08:17:00Z WARNING [789/1870] 2d547f30-5d58-4441-bbd6-ed7fd2e02767: leaving unrecorded for a later run to retry.
2026-10-03T08:17:00Z WARNING 2d548063-4aa9-4696-a6b4-869a75d9152a: failed while reading the ElectricalSeries rates (AttributeError: module 'spikeinterface.extractors' has no attribute 'NwbRecordingExtractor')
2026-10-03T08:17:00Z WARNING [790/1870] 2d548063-4aa9-4696-a6b4-869a75d9152a: leaving unrecorded for a later run to retry.
2026-10-03T08:17:01Z WARNING 2d5528cd-1ca0-4ccc-af10-81f55c5442aa: failed while reading the ElectricalSeries rates (AttributeError: module 'spikeinterface.extractors' has no attribute 'NwbRecordingExtractor')
2026-10-03T08:17:01Z WARNING [791/1870] 2d5528cd-1ca0-4ccc-af10-81f55c5442aa: leaving unrecorded for a later run to retry.
2026-10-03T08:17:01Z WARNING 2d567626-b91d-456c-944f-08a46e5b8c2e: failed while reading the ElectricalSeries rates (AttributeError: module 'spikeinterface.extractors' has no attribute 'NwbRecordingExtractor')
2026-10-03T08:17:01Z WARNING [792/1870] 2d567626-b91d-456c-944f-08a46e5b8c2e: leaving unrecorded for a later run to retry.
2026-10-03T08:17:01Z WARNING 2d583444-df7f-4ef9-94a8-f29dab577ee8: failed while reading the ElectricalSeries rates (AttributeError: module 'spikeinterface.extractors' has no attribute 'NwbRecordingExtractor')
2026-10-03T08:17:01Z WARNING [793/1870] 2d583444-df7f-4ef9-94a8-f29dab577ee8: leaving unrecorded for a later run to retry.
2026-10-03T08:17:01Z WARNING 2d5858b1-09a7-42e0-92d2-6ff27a996f25: failed while reading the ElectricalSeries rates (AttributeError: module 'spikeinterface.extractors' has no attribute 'NwbRecordingExtractor')
2026-10-03T08:17:01Z WARNING [794/1870] 2d5858b1-09a7-42e0-92d2-6ff27a996f25: leaving unrecorded for a later run to retry.
2026-10-03T08:17:02Z WARNING 2d58dd86-1773-46e6-9f8f-90e18b9815b0: failed while reading the ElectricalSeries rates (AttributeError: module 'spikeinterface.extractors' has no attribute 'NwbRecordingExtractor')
2026-10-03T08:17:02Z WARNING [795/1870] 2d58dd86-1773-46e6-9f8f-90e18b9815b0: leaving unrecorded for a later run to retry.
2026-10-03T08:17:02Z WARNING 2d594445-ce60-4558-9845-477bca097f29: failed while reading the ElectricalSeries rates (AttributeError: module 'spikeinterface.extractors' has no attribute 'NwbRecordingExtractor')
2026-10-03T08:17:02Z WARNING [796/1870] 2d594445-ce60-4558-9845-477bca097f29: leaving unrecorded for a later run to retry.
2026-10-03T08:17:02Z WARNING 2d59ed9d-4c21-4835-a29a-e37523575f36: failed while reading the ElectricalSeries rates (AttributeError: module 'spikeinterface.extractors' has no attribute 'NwbRecordingExtractor')
2026-10-03T08:17:02Z WARNING [797/1870] 2d59ed9d-4c21-4835-a29a-e37523575f36: leaving unrecorded for a later run to retry.
2026-10-03T08:17:02Z WARNING 2d5a31b3-fed5-4dda-ae22-3f183fb96699: failed while reading the ElectricalSeries rates (AttributeError: module 'spikeinterface.extractors' has no attribute 'NwbRecordingExtractor')
2026-10-03T08:17:02Z WARNING [798/1870] 2d5a31b3-fed5-4dda-ae22-3f183fb96699: leaving unrecorded for a later run to retry.
2026-10-03T08:17:02Z WARNING 2d5a56a5-72aa-4c9e-9d16-667a532d9064: failed while reading the ElectricalSeries rates (AttributeError: module 'spikeinterface.extractors' has no attribute 'NwbRecordingExtractor')
2026-10-03T08:17:02Z WARNING [799/1870] 2d5a56a5-72aa-4c9e-9d16-667a532d9064: leaving unrecorded for a later run to retry.
2026-10-03T08:17:03Z WARNING 2d5b78aa-3036-4aef-998d-fd6be941363d: failed while reading the ElectricalSeries rates (AttributeError: module 'spikeinterface.extractors' has no attribute 'NwbRecordingExtractor')
2026-10-03T08:17:03Z WARNING [800/1870] 2d5b78aa-3036-4aef-998d-fd6be941363d: leaving unrecorded for a later run to retry.
2026-10-03T08:17:03Z INFO [800/1870] 2d5b78aa-3036-4aef-998d-fd6be941363d: checkpointed 60602 records.
2026-10-03T08:17:03Z WARNING 2d5bbb15-a728-46f5-9166-b38d9a872c88: failed while reading the ElectricalSeries rates (AttributeError: module 'spikeinterface.extractors' has no attribute 'NwbRecordingExtractor')
2026-10-03T08:17:03Z WARNING [801/1870] 2d5bbb15-a728-46f5-9166-b38d9a872c88: leaving unrecorded for a later run to retry.
2026-10-03T08:17:03Z WARNING 2d5be0db-6482-4c3f-9107-49d7d4e41fe1: failed while reading the ElectricalSeries rates (AttributeError: module 'spikeinterface.extractors' has no attribute 'NwbRecordingExtractor')
2026-10-03T08:17:03Z WARNING [802/1870] 2d5be0db-6482-4c3f-9107-49d7d4e41fe1: leaving unrecorded for a later run to retry.
2026-10-03T08:17:03Z WARNING 2d5be3c5-5dd4-4336-87e2-ecca3b245f70: failed while reading the ElectricalSeries rates (AttributeError: module 'spikeinterface.extractors' has no attribute 'NwbRecordingExtractor')
2026-10-03T08:17:03Z WARNING [803/1870] 2d5be3c5-5dd4-4336-87e2-ecca3b245f70: leaving unrecorded for a later run to retry.
2026-10-03T08:17:04Z WARNING 2d5bec55-d5cb-4cb7-bf93-ecbc5cb0b079: failed while reading the ElectricalSeries rates (AttributeError: module 'spikeinterface.extractors' has no attribute 'NwbRecordingExtractor')
2026-10-03T08:17:04Z WARNING [804/1870] 2d5bec55-d5cb-4cb7-bf93-ecbc5cb0b079: leaving unrecorded for a later run to retry.
2026-10-03T08:17:04Z WARNING 2d5c9474-7b18-484d-a2d2-eba4bc7fe9a2: failed while reading the ElectricalSeries rates (AttributeError: module 'spikeinterface.extractors' has no attribute 'NwbRecordingExtractor')
2026-10-03T08:17:04Z WARNING [805/1870] 2d5c9474-7b18-484d-a2d2-eba4bc7fe9a2: leaving unrecorded for a later run to retry.
2026-10-03T08:17:04Z WARNING 2d5cbf19-f41c-4bb5-a1f7-7d78e5a821a2: failed while reading the ElectricalSeries rates (AttributeError: module 'spikeinterface.extractors' has no attribute 'NwbRecordingExtractor')
2026-10-03T08:17:04Z WARNING [806/1870] 2d5cbf19-f41c-4bb5-a1f7-7d78e5a821a2: leaving unrecorded for a later run to retry.
2026-10-03T08:17:04Z WARNING 2d5d05ad-223c-4d62-a40e-28920f3ef800: failed while reading the ElectricalSeries rates (AttributeError: module 'spikeinterface.extractors' has no attribute 'NwbRecordingExtractor')
2026-10-03T08:17:04Z WARNING [807/1870] 2d5d05ad-223c-4d62-a40e-28920f3ef800: leaving unrecorded for a later run to retry.
2026-10-03T08:17:05Z WARNING 2d5d70b2-4068-423e-a260-ded338b73f5f: failed while reading the ElectricalSeries rates (AttributeError: module 'spikeinterface.extractors' has no attribute 'NwbRecordingExtractor')
2026-10-03T08:17:05Z WARNING [808/1870] 2d5d70b2-4068-423e-a260-ded338b73f5f: leaving unrecorded for a later run to retry.
2026-10-03T08:17:05Z WARNING 2d5d7a3d-48d7-4671-bf72-a4f4895ca92d: failed while reading the ElectricalSeries rates (AttributeError: module 'spikeinterface.extractors' has no attribute 'NwbRecordingExtractor')
2026-10-03T08:17:05Z WARNING [809/1870] 2d5d7a3d-48d7-4671-bf72-a4f4895ca92d: leaving unrecorded for a later run to retry.
2026-10-03T08:17:05Z WARNING 2d5dc2e7-fc72-49da-9e09-51541d389c4f: failed while reading the ElectricalSeries rates (AttributeError: module 'spikeinterface.extractors' has no attribute 'NwbRecordingExtractor')
2026-10-03T08:17:05Z WARNING [810/1870] 2d5dc2e7-fc72-49da-9e09-51541d389c4f: leaving unrecorded for a later run to retry.
2026-10-03T08:17:05Z WARNING 2d5dea5c-d9ce-4f10-990b-8b5b6bec5b46: failed while reading the ElectricalSeries rates (AttributeError: module 'spikeinterface.extractors' has no attribute 'NwbRecordingExtractor')
2026-10-03T08:17:05Z WARNING [811/1870] 2d5dea5c-d9ce-4f10-990b-8b5b6bec5b46: leaving unrecorded for a later run to retry.
2026-10-03T08:17:05Z WARNING 2d5e248c-bdf0-40e8-9a19-143e7bd89c0b: failed while reading the ElectricalSeries rates (AttributeError: module 'spikeinterface.extractors' has no attribute 'NwbRecordingExtractor')
2026-10-03T08:17:05Z WARNING [812/1870] 2d5e248c-bdf0-40e8-9a19-143e7bd89c0b: leaving unrecorded for a later run to retry.
2026-10-03T08:17:06Z WARNING 2d5ef1f9-66fd-4ba4-a8de-b7dec514b45f: failed while reading the ElectricalSeries rates (AttributeError: module 'spikeinterface.extractors' has no attribute 'NwbRecordingExtractor')
2026-10-03T08:17:06Z WARNING [813/1870] 2d5ef1f9-66fd-4ba4-a8de-b7dec514b45f: leaving unrecorded for a later run to retry.
2026-10-03T08:17:06Z WARNING 2d5f6044-fa38-4800-b1ca-c49b1a81b5b6: failed while reading the ElectricalSeries rates (AttributeError: module 'spikeinterface.extractors' has no attribute 'NwbRecordingExtractor')
2026-10-03T08:17:06Z WARNING [814/1870] 2d5f6044-fa38-4800-b1ca-c49b1a81b5b6: leaving unrecorded for a later run to retry.
2026-10-03T08:17:06Z WARNING 2d5fa894-8b00-4607-9623-60e05ed0980a: failed while reading the ElectricalSeries rates (AttributeError: module 'spikeinterface.extractors' has no attribute 'NwbRecordingExtractor')
2026-10-03T08:17:06Z WARNING [815/1870] 2d5fa894-8b00-4607-9623-60e05ed0980a: leaving unrecorded for a later run to retry.
2026-10-03T08:17:06Z WARNING 2d5fec56-acf7-42b2-b6c6-76e3c196791f: failed while reading the ElectricalSeries rates (AttributeError: module 'spikeinterface.extractors' has no attribute 'NwbRecordingExtractor')
2026-10-03T08:17:06Z WARNING [816/1870] 2d5fec56-acf7-42b2-b6c6-76e3c196791f: leaving unrecorded for a later run to retry.
2026-10-03T08:17:06Z WARNING 2d5ffddf-6596-4111-ae47-2b3d6fb5c61e: failed while reading the ElectricalSeries rates (AttributeError: module 'spikeinterface.extractors' has no attribute 'NwbRecordingExtractor')
2026-10-03T08:17:06Z WARNING [817/1870] 2d5ffddf-6596-4111-ae47-2b3d6fb5c61e: leaving unrecorded for a later run to retry.
2026-10-03T08:17:07Z WARNING 2d601214-d5ca-4f7e-8c31-aca0288c6d98: failed while reading the ElectricalSeries rates (AttributeError: module 'spikeinterface.extractors' has no attribute 'NwbRecordingExtractor')
2026-10-03T08:17:07Z WARNING [818/1870] 2d601214-d5ca-4f7e-8c31-aca0288c6d98: leaving unrecorded for a later run to retry.
2026-10-03T08:17:07Z WARNING 2d609599-6cfa-4dd1-b323-443aa14a65bd: failed while reading the ElectricalSeries rates (AttributeError: module 'spikeinterface.extractors' has no attribute 'NwbRecordingExtractor')
2026-10-03T08:17:07Z WARNING [819/1870] 2d609599-6cfa-4dd1-b323-443aa14a65bd: leaving unrecorded for a later run to retry.
2026-10-03T08:17:07Z WARNING 2d63beee-689c-4528-8b4c-4ca7a7db6bf4: failed while reading the ElectricalSeries rates (AttributeError: module 'spikeinterface.extractors' has no attribute 'NwbRecordingExtractor')
2026-10-03T08:17:07Z WARNING [820/1870] 2d63beee-689c-4528-8b4c-4ca7a7db6bf4: leaving unrecorded for a later run to retry.
2026-10-03T08:17:07Z WARNING 2d64531b-b6fb-46c5-973f-f371468a5c87: failed while reading the ElectricalSeries rates (AttributeError: module 'spikeinterface.extractors' has no attribute 'NwbRecordingExtractor')
2026-10-03T08:17:07Z WARNING [821/1870] 2d64531b-b6fb-46c5-973f-f371468a5c87: leaving unrecorded for a later run to retry.
2026-10-03T08:17:08Z WARNING 2d645d00-0cd3-4161-be9c-ea20e66c4858: failed while reading the ElectricalSeries rates (AttributeError: module 'spikeinterface.extractors' has no attribute 'NwbRecordingExtractor')
2026-10-03T08:17:08Z WARNING [822/1870] 2d645d00-0cd3-4161-be9c-ea20e66c4858: leaving unrecorded for a later run to retry.
2026-10-03T08:17:08Z WARNING 2d659dae-e8bf-4175-adba-d2367da0727f: failed while reading the ElectricalSeries rates (AttributeError: module 'spikeinterface.extractors' has no attribute 'NwbRecordingExtractor')
2026-10-03T08:17:08Z WARNING [823/1870] 2d659dae-e8bf-4175-adba-d2367da0727f: leaving unrecorded for a later run to retry.
2026-10-03T08:17:08Z WARNING 2d65f764-7601-4655-94e0-171fde0cc244: failed while reading the ElectricalSeries rates (AttributeError: module 'spikeinterface.extractors' has no attribute 'NwbRecordingExtractor')
2026-10-03T08:17:08Z WARNING [824/1870] 2d65f764-7601-4655-94e0-171fde0cc244: leaving unrecorded for a later run to retry.
2026-10-03T08:17:08Z WARNING 2d664dce-daa5-4f44-98ff-a2b096796e1d: failed while reading the ElectricalSeries rates (AttributeError: module 'spikeinterface.extractors' has no attribute 'NwbRecordingExtractor')
2026-10-03T08:17:08Z WARNING [825/1870] 2d664dce-daa5-4f44-98ff-a2b096796e1d: leaving unrecorded for a later run to retry.
2026-10-03T08:17:08Z WARNING 2d66d572-258c-4d16-8572-c200975a6dda: failed while reading the ElectricalSeries rates (AttributeError: module 'spikeinterface.extractors' has no attribute 'NwbRecordingExtractor')
2026-10-03T08:17:08Z WARNING [826/1870] 2d66d572-258c-4d16-8572-c200975a6dda: leaving unrecorded for a later run to retry.
2026-10-03T08:17:09Z WARNING 2d66ece4-424a-4979-af62-6e595e19b2a0: failed while reading the ElectricalSeries rates (AttributeError: module 'spikeinterface.extractors' has no attribute 'NwbRecordingExtractor')
2026-10-03T08:17:09Z WARNING [827/1870] 2d66ece4-424a-4979-af62-6e595e19b2a0: leaving unrecorded for a later run to retry.
2026-10-03T08:17:09Z WARNING 2d6766ab-bcec-4bdd-8e09-106c07d4b3cd: failed while reading the ElectricalSeries rates (AttributeError: module 'spikeinterface.extractors' has no attribute 'NwbRecordingExtractor')
2026-10-03T08:17:09Z WARNING [828/1870] 2d6766ab-bcec-4bdd-8e09-106c07d4b3cd: leaving unrecorded for a later run to retry.
2026-10-03T08:17:09Z WARNING 2d68059c-a30f-4b9c-9cd9-13e079517430: failed while reading the ElectricalSeries rates (AttributeError: module 'spikeinterface.extractors' has no attribute 'NwbRecordingExtractor')
2026-10-03T08:17:09Z WARNING [829/1870] 2d68059c-a30f-4b9c-9cd9-13e079517430: leaving unrecorded for a later run to retry.
2026-10-03T08:17:09Z WARNING 2d6839cf-d00f-497a-9663-b695a50ab524: failed while reading the ElectricalSeries rates (AttributeError: module 'spikeinterface.extractors' has no attribute 'NwbRecordingExtractor')
2026-10-03T08:17:09Z WARNING [830/1870] 2d6839cf-d00f-497a-9663-b695a50ab524: leaving unrecorded for a later run to retry.
2026-10-03T08:17:10Z WARNING 2d688875-e51d-49cb-bfb1-106247700df8: failed while reading the ElectricalSeries rates (AttributeError: module 'spikeinterface.extractors' has no attribute 'NwbRecordingExtractor')
2026-10-03T08:17:10Z WARNING [831/1870] 2d688875-e51d-49cb-bfb1-106247700df8: leaving unrecorded for a later run to retry.
2026-10-03T08:17:10Z WARNING 2d688e7f-e930-4b85-a31e-b978c1843193: failed while reading the ElectricalSeries rates (AttributeError: module 'spikeinterface.extractors' has no attribute 'NwbRecordingExtractor')
2026-10-03T08:17:10Z WARNING [832/1870] 2d688e7f-e930-4b85-a31e-b978c1843193: leaving unrecorded for a later run to retry.
2026-10-03T08:17:10Z WARNING 2d6940ef-a4a3-473d-9ca7-b12a2a8e24bc: failed while reading the ElectricalSeries rates (AttributeError: module 'spikeinterface.extractors' has no attribute 'NwbRecordingExtractor')
2026-10-03T08:17:10Z WARNING [833/1870] 2d6940ef-a4a3-473d-9ca7-b12a2a8e24bc: leaving unrecorded for a later run to retry.
2026-10-03T08:17:10Z WARNING 2d69a65d-2d3d-4d6c-85f6-5dcf18a9f4e1: failed while reading the ElectricalSeries rates (AttributeError: module 'spikeinterface.extractors' has no attribute 'NwbRecordingExtractor')
2026-10-03T08:17:10Z WARNING [834/1870] 2d69a65d-2d3d-4d6c-85f6-5dcf18a9f4e1: leaving unrecorded for a later run to retry.
2026-10-03T08:17:10Z WARNING 2d69ee7e-ecca-41b9-a49c-691c5a4bbcde: failed while reading the ElectricalSeries rates (AttributeError: module 'spikeinterface.extractors' has no attribute 'NwbRecordingExtractor')
2026-10-03T08:17:10Z WARNING [835/1870] 2d69ee7e-ecca-41b9-a49c-691c5a4bbcde: leaving unrecorded for a later run to retry.
2026-10-03T08:17:11Z WARNING 2d6a37be-b386-4d5f-86c3-5c79223d9a30: failed while reading the ElectricalSeries rates (AttributeError: module 'spikeinterface.extractors' has no attribute 'NwbRecordingExtractor')
2026-10-03T08:17:11Z WARNING [836/1870] 2d6a37be-b386-4d5f-86c3-5c79223d9a30: leaving unrecorded for a later run to retry.
2026-10-03T08:17:11Z WARNING 2d6ac79d-9f28-480b-a316-fe2a95c6110b: failed while reading the ElectricalSeries rates (AttributeError: module 'spikeinterface.extractors' has no attribute 'NwbRecordingExtractor')
2026-10-03T08:17:11Z WARNING [837/1870] 2d6ac79d-9f28-480b-a316-fe2a95c6110b: leaving unrecorded for a later run to retry.
2026-10-03T08:17:11Z WARNING 2d6b384a-ecaa-4fd6-addd-300a10b2e471: failed while reading the ElectricalSeries rates (AttributeError: module 'spikeinterface.extractors' has no attribute 'NwbRecordingExtractor')
2026-10-03T08:17:11Z WARNING [838/1870] 2d6b384a-ecaa-4fd6-addd-300a10b2e471: leaving unrecorded for a later run to retry.
2026-10-03T08:17:11Z WARNING 2d6b8b17-1c51-4fc9-80b5-8ce8d18347e0: failed while reading the ElectricalSeries rates (AttributeError: module 'spikeinterface.extractors' has no attribute 'NwbRecordingExtractor')
2026-10-03T08:17:11Z WARNING [839/1870] 2d6b8b17-1c51-4fc9-80b5-8ce8d18347e0: leaving unrecorded for a later run to retry.
2026-10-03T08:17:11Z WARNING 2d6bb749-355f-4db1-99fa-30dfc641aede: failed while reading the ElectricalSeries rates (AttributeError: module 'spikeinterface.extractors' has no attribute 'NwbRecordingExtractor')
2026-10-03T08:17:11Z WARNING [840/1870] 2d6bb749-355f-4db1-99fa-30dfc641aede: leaving unrecorded for a later run to retry.
2026-10-03T08:17:12Z WARNING 2d6c4d52-d602-4164-a0e5-b435b19d2739: failed while reading the ElectricalSeries rates (AttributeError: module 'spikeinterface.extractors' has no attribute 'NwbRecordingExtractor')
2026-10-03T08:17:12Z WARNING [841/1870] 2d6c4d52-d602-4164-a0e5-b435b19d2739: leaving unrecorded for a later run to retry.
2026-10-03T08:17:12Z WARNING 2d6d3e0b-0de1-4195-8ce3-6c69714cfe07: failed while reading the ElectricalSeries rates (AttributeError: module 'spikeinterface.extractors' has no attribute 'NwbRecordingExtractor')
2026-10-03T08:17:12Z WARNING [842/1870] 2d6d3e0b-0de1-4195-8ce3-6c69714cfe07: leaving unrecorded for a later run to retry.
2026-10-03T08:17:12Z WARNING 2d6d8ea7-016f-41cb-9705-794db91a8628: failed while reading the ElectricalSeries rates (AttributeError: module 'spikeinterface.extractors' has no attribute 'NwbRecordingExtractor')
2026-10-03T08:17:12Z WARNING [843/1870] 2d6d8ea7-016f-41cb-9705-794db91a8628: leaving unrecorded for a later run to retry.
2026-10-03T08:17:12Z WARNING 2d6edabf-27b2-4dbe-99c8-8a41ab6398ca: failed while reading the ElectricalSeries rates (AttributeError: module 'spikeinterface.extractors' has no attribute 'NwbRecordingExtractor')
2026-10-03T08:17:12Z WARNING [844/1870] 2d6edabf-27b2-4dbe-99c8-8a41ab6398ca: leaving unrecorded for a later run to retry.
2026-10-03T08:17:13Z WARNING 2d6edf30-f66a-4676-aa6e-ef0dc2c6491d: failed while reading the ElectricalSeries rates (AttributeError: module 'spikeinterface.extractors' has no attribute 'NwbRecordingExtractor')
2026-10-03T08:17:13Z WARNING [845/1870] 2d6edf30-f66a-4676-aa6e-ef0dc2c6491d: leaving unrecorded for a later run to retry.
2026-10-03T08:17:13Z WARNING 2d6f8934-1a02-4025-8d6c-b8168b6ff4b4: failed while reading the ElectricalSeries rates (AttributeError: module 'spikeinterface.extractors' has no attribute 'NwbRecordingExtractor')
2026-10-03T08:17:13Z WARNING [846/1870] 2d6f8934-1a02-4025-8d6c-b8168b6ff4b4: leaving unrecorded for a later run to retry.
2026-10-03T08:17:13Z WARNING 2d703e03-0290-4f0c-b280-c1f9a7e0a5b8: failed while reading the ElectricalSeries rates (AttributeError: module 'spikeinterface.extractors' has no attribute 'NwbRecordingExtractor')
2026-10-03T08:17:13Z WARNING [847/1870] 2d703e03-0290-4f0c-b280-c1f9a7e0a5b8: leaving unrecorded for a later run to retry.
2026-10-03T08:17:13Z WARNING 2d70ddd1-d328-4057-a0c7-e8ab7560003c: failed while reading the ElectricalSeries rates (AttributeError: module 'spikeinterface.extractors' has no attribute 'NwbRecordingExtractor')
2026-10-03T08:17:13Z WARNING [848/1870] 2d70ddd1-d328-4057-a0c7-e8ab7560003c: leaving unrecorded for a later run to retry.
2026-10-03T08:17:13Z WARNING 2d71126a-07bb-4201-9a9a-8cb5e0c743a3: failed while reading the ElectricalSeries rates (AttributeError: module 'spikeinterface.extractors' has no attribute 'NwbRecordingExtractor')
2026-10-03T08:17:13Z WARNING [849/1870] 2d71126a-07bb-4201-9a9a-8cb5e0c743a3: leaving unrecorded for a later run to retry.
2026-10-03T08:17:14Z WARNING 2d711d79-eed1-404b-8399-073a2e997404: failed while reading the ElectricalSeries rates (AttributeError: module 'spikeinterface.extractors' has no attribute 'NwbRecordingExtractor')
2026-10-03T08:17:14Z WARNING [850/1870] 2d711d79-eed1-404b-8399-073a2e997404: leaving unrecorded for a later run to retry.
2026-10-03T08:17:14Z INFO [850/1870] 2d711d79-eed1-404b-8399-073a2e997404: checkpointed 60602 records.
2026-10-03T08:17:14Z WARNING 2d71f9e1-3476-4947-895a-851fb8b75555: failed while reading the ElectricalSeries rates (AttributeError: module 'spikeinterface.extractors' has no attribute 'NwbRecordingExtractor')
2026-10-03T08:17:14Z WARNING [851/1870] 2d71f9e1-3476-4947-895a-851fb8b75555: leaving unrecorded for a later run to retry.
2026-10-03T08:17:14Z WARNING 2d720e80-f091-463b-afd8-7c68e5bc7d16: failed while reading the ElectricalSeries rates (AttributeError: module 'spikeinterface.extractors' has no attribute 'NwbRecordingExtractor')
2026-10-03T08:17:14Z WARNING [852/1870] 2d720e80-f091-463b-afd8-7c68e5bc7d16: leaving unrecorded for a later run to retry.
2026-10-03T08:17:14Z WARNING 2d7219cc-5dcc-4e0b-9b2a-ae370e377816: failed while reading the ElectricalSeries rates (AttributeError: module 'spikeinterface.extractors' has no attribute 'NwbRecordingExtractor')
2026-10-03T08:17:14Z WARNING [853/1870] 2d7219cc-5dcc-4e0b-9b2a-ae370e377816: leaving unrecorded for a later run to retry.
2026-10-03T08:17:15Z WARNING 2d72712d-9150-4c88-9824-3dcca387961b: failed while reading the ElectricalSeries rates (AttributeError: module 'spikeinterface.extractors' has no attribute 'NwbRecordingExtractor')
2026-10-03T08:17:15Z WARNING [854/1870] 2d72712d-9150-4c88-9824-3dcca387961b: leaving unrecorded for a later run to retry.
2026-10-03T08:17:15Z WARNING 2d72cdd8-9759-49da-9784-c832ce4aec03: failed while reading the ElectricalSeries rates (AttributeError: module 'spikeinterface.extractors' has no attribute 'NwbRecordingExtractor')
2026-10-03T08:17:15Z WARNING [855/1870] 2d72cdd8-9759-49da-9784-c832ce4aec03: leaving unrecorded for a later run to retry.
2026-10-03T08:17:15Z WARNING 2d73cdb0-b963-4e08-b9f6-006f06e5fde1: failed while reading the ElectricalSeries rates (AttributeError: module 'spikeinterface.extractors' has no attribute 'NwbRecordingExtractor')
2026-10-03T08:17:15Z WARNING [856/1870] 2d73cdb0-b963-4e08-b9f6-006f06e5fde1: leaving unrecorded for a later run to retry.
2026-10-03T08:17:15Z WARNING 2d73ecc1-ff7a-4dd7-b3f8-47575d33fe0d: failed while reading the ElectricalSeries rates (AttributeError: module 'spikeinterface.extractors' has no attribute 'NwbRecordingExtractor')
2026-10-03T08:17:15Z WARNING [857/1870] 2d73ecc1-ff7a-4dd7-b3f8-47575d33fe0d: leaving unrecorded for a later run to retry.
2026-10-03T08:17:16Z WARNING 2d745019-235a-41b7-a8f4-bedc9054a0ff: failed while reading the ElectricalSeries rates (AttributeError: module 'spikeinterface.extractors' has no attribute 'NwbRecordingExtractor')
2026-10-03T08:17:16Z WARNING [858/1870] 2d745019-235a-41b7-a8f4-bedc9054a0ff: leaving unrecorded for a later run to retry.
2026-10-03T08:17:16Z WARNING 2d7656b8-247f-4baf-83f3-8bffa14b2be8: failed while reading the ElectricalSeries rates (AttributeError: module 'spikeinterface.extractors' has no attribute 'NwbRecordingExtractor')
2026-10-03T08:17:16Z WARNING [859/1870] 2d7656b8-247f-4baf-83f3-8bffa14b2be8: leaving unrecorded for a later run to retry.
2026-10-03T08:17:16Z WARNING 2d76c9ca-8940-4c3d-986f-fa6e783525c6: failed while reading the ElectricalSeries rates (AttributeError: module 'spikeinterface.extractors' has no attribute 'NwbRecordingExtractor')
2026-10-03T08:17:16Z WARNING [860/1870] 2d76c9ca-8940-4c3d-986f-fa6e783525c6: leaving unrecorded for a later run to retry.
2026-10-03T08:17:16Z WARNING 2d77211d-d936-4b93-8273-7ba6d9f6fe65: failed while reading the ElectricalSeries rates (AttributeError: module 'spikeinterface.extractors' has no attribute 'NwbRecordingExtractor')
2026-10-03T08:17:16Z WARNING [861/1870] 2d77211d-d936-4b93-8273-7ba6d9f6fe65: leaving unrecorded for a later run to retry.
2026-10-03T08:17:16Z WARNING 2d7761d1-430c-4676-92cc-7b696330f26b: failed while reading the ElectricalSeries rates (AttributeError: module 'spikeinterface.extractors' has no attribute 'NwbRecordingExtractor')
2026-10-03T08:17:16Z WARNING [862/1870] 2d7761d1-430c-4676-92cc-7b696330f26b: leaving unrecorded for a later run to retry.
2026-10-03T08:17:17Z WARNING 2d776de4-e068-4a98-a209-5a8dfcfb3c5a: failed while reading the ElectricalSeries rates (AttributeError: module 'spikeinterface.extractors' has no attribute 'NwbRecordingExtractor')
2026-10-03T08:17:17Z WARNING [863/1870] 2d776de4-e068-4a98-a209-5a8dfcfb3c5a: leaving unrecorded for a later run to retry.
2026-10-03T08:17:17Z WARNING 2d77b3a7-7183-4b1e-a7ba-6c8d24c6ffcd: failed while reading the ElectricalSeries rates (AttributeError: module 'spikeinterface.extractors' has no attribute 'NwbRecordingExtractor')
2026-10-03T08:17:17Z WARNING [864/1870] 2d77b3a7-7183-4b1e-a7ba-6c8d24c6ffcd: leaving unrecorded for a later run to retry.
2026-10-03T08:17:17Z WARNING 2d786e57-d959-4ffd-8a9f-504302092a23: failed while reading the ElectricalSeries rates (AttributeError: module 'spikeinterface.extractors' has no attribute 'NwbRecordingExtractor')
2026-10-03T08:17:17Z WARNING [865/1870] 2d786e57-d959-4ffd-8a9f-504302092a23: leaving unrecorded for a later run to retry.
2026-10-03T08:17:17Z WARNING 2d787bbb-6a7d-4c43-97b4-047bf501c732: failed while reading the ElectricalSeries rates (AttributeError: module 'spikeinterface.extractors' has no attribute 'NwbRecordingExtractor')
2026-10-03T08:17:17Z WARNING [866/1870] 2d787bbb-6a7d-4c43-97b4-047bf501c732: leaving unrecorded for a later run to retry.
2026-10-03T08:17:18Z WARNING 2d79f9e7-a060-4da0-80f2-950b5673f974: failed while reading the ElectricalSeries rates (AttributeError: module 'spikeinterface.extractors' has no attribute 'NwbRecordingExtractor')
2026-10-03T08:17:18Z WARNING [867/1870] 2d79f9e7-a060-4da0-80f2-950b5673f974: leaving unrecorded for a later run to retry.
2026-10-03T08:17:18Z WARNING 2d7b1450-8795-437d-9f52-350b308d0c5d: failed while reading the ElectricalSeries rates (AttributeError: module 'spikeinterface.extractors' has no attribute 'NwbRecordingExtractor')
2026-10-03T08:17:18Z WARNING [868/1870] 2d7b1450-8795-437d-9f52-350b308d0c5d: leaving unrecorded for a later run to retry.
2026-10-03T08:17:18Z WARNING 2d7b7dd4-7cc1-4dc0-8840-49ffc2bd5dc6: failed while reading the ElectricalSeries rates (AttributeError: module 'spikeinterface.extractors' has no attribute 'NwbRecordingExtractor')
2026-10-03T08:17:18Z WARNING [869/1870] 2d7b7dd4-7cc1-4dc0-8840-49ffc2bd5dc6: leaving unrecorded for a later run to retry.
2026-10-03T08:17:18Z WARNING 2d7cdf59-7b1c-4164-b929-a2543338dc29: failed while reading the ElectricalSeries rates (AttributeError: module 'spikeinterface.extractors' has no attribute 'NwbRecordingExtractor')
2026-10-03T08:17:18Z WARNING [870/1870] 2d7cdf59-7b1c-4164-b929-a2543338dc29: leaving unrecorded for a later run to retry.
2026-10-03T08:17:18Z WARNING 2d7d76e8-6a3e-4dc6-9626-8b3bc6b87784: failed while reading the ElectricalSeries rates (AttributeError: module 'spikeinterface.extractors' has no attribute 'NwbRecordingExtractor')
2026-10-03T08:17:18Z WARNING [871/1870] 2d7d76e8-6a3e-4dc6-9626-8b3bc6b87784: leaving unrecorded for a later run to retry.
2026-10-03T08:17:19Z WARNING 2d7d9eb2-cd84-4830-956e-790edfca9149: failed while reading the ElectricalSeries rates (AttributeError: module 'spikeinterface.extractors' has no attribute 'NwbRecordingExtractor')
2026-10-03T08:17:19Z WARNING [872/1870] 2d7d9eb2-cd84-4830-956e-790edfca9149: leaving unrecorded for a later run to retry.
2026-10-03T08:17:19Z WARNING 2d7e5001-8040-47a7-b3ef-f781a5e87987: failed while reading the ElectricalSeries rates (AttributeError: module 'spikeinterface.extractors' has no attribute 'NwbRecordingExtractor')
2026-10-03T08:17:19Z WARNING [873/1870] 2d7e5001-8040-47a7-b3ef-f781a5e87987: leaving unrecorded for a later run to retry.
2026-10-03T08:17:19Z WARNING 2d7ead8c-a47a-4e9b-b5d7-fe251b13249f: failed while reading the ElectricalSeries rates (AttributeError: module 'spikeinterface.extractors' has no attribute 'NwbRecordingExtractor')
2026-10-03T08:17:19Z WARNING [874/1870] 2d7ead8c-a47a-4e9b-b5d7-fe251b13249f: leaving unrecorded for a later run to retry.
2026-10-03T08:17:19Z WARNING 2d7f7d48-cf9c-43a8-ad4c-9b871d4966c1: failed while reading the ElectricalSeries rates (AttributeError: module 'spikeinterface.extractors' has no attribute 'NwbRecordingExtractor')
2026-10-03T08:17:19Z WARNING [875/1870] 2d7f7d48-cf9c-43a8-ad4c-9b871d4966c1: leaving unrecorded for a later run to retry.
2026-10-03T08:17:19Z WARNING 2d7fcf45-6b8e-4af5-823a-2e43a962795c: failed while reading the ElectricalSeries rates (AttributeError: module 'spikeinterface.extractors' has no attribute 'NwbRecordingExtractor')
2026-10-03T08:17:19Z WARNING [876/1870] 2d7fcf45-6b8e-4af5-823a-2e43a962795c: leaving unrecorded for a later run to retry.
2026-10-03T08:17:20Z WARNING 2d801315-5bca-4af2-9c61-b879b9de34d4: failed while reading the ElectricalSeries rates (AttributeError: module 'spikeinterface.extractors' has no attribute 'NwbRecordingExtractor')
2026-10-03T08:17:20Z WARNING [877/1870] 2d801315-5bca-4af2-9c61-b879b9de34d4: leaving unrecorded for a later run to retry.
2026-10-03T08:17:20Z WARNING 2d801bd6-dd45-4928-be1c-014238afaef7: failed while reading the ElectricalSeries rates (AttributeError: module 'spikeinterface.extractors' has no attribute 'NwbRecordingExtractor')
2026-10-03T08:17:20Z WARNING [878/1870] 2d801bd6-dd45-4928-be1c-014238afaef7: leaving unrecorded for a later run to retry.
2026-10-03T08:17:20Z WARNING 2d803bfc-2308-43f6-a2f2-28551e27b75b: failed while reading the ElectricalSeries rates (AttributeError: module 'spikeinterface.extractors' has no attribute 'NwbRecordingExtractor')
2026-10-03T08:17:20Z WARNING [879/1870] 2d803bfc-2308-43f6-a2f2-28551e27b75b: leaving unrecorded for a later run to retry.
2026-10-03T08:17:20Z WARNING 2d812477-4ed6-4927-b4a8-bacf4bd2da27: failed while reading the ElectricalSeries rates (AttributeError: module 'spikeinterface.extractors' has no attribute 'NwbRecordingExtractor')
2026-10-03T08:17:20Z WARNING [880/1870] 2d812477-4ed6-4927-b4a8-bacf4bd2da27: leaving unrecorded for a later run to retry.
2026-10-03T08:17:21Z WARNING 2d8124c7-9b4a-458c-8d1e-4077fffea7a3: failed while reading the ElectricalSeries rates (AttributeError: module 'spikeinterface.extractors' has no attribute 'NwbRecordingExtractor')
2026-10-03T08:17:21Z WARNING [881/1870] 2d8124c7-9b4a-458c-8d1e-4077fffea7a3: leaving unrecorded for a later run to retry.
2026-10-03T08:17:21Z WARNING 2d81289d-9fe5-4f10-bfa3-872e1733cdae: failed while reading the ElectricalSeries rates (AttributeError: module 'spikeinterface.extractors' has no attribute 'NwbRecordingExtractor')
2026-10-03T08:17:21Z WARNING [882/1870] 2d81289d-9fe5-4f10-bfa3-872e1733cdae: leaving unrecorded for a later run to retry.
2026-10-03T08:17:21Z WARNING 2d81296d-6ca2-4148-be87-de9d5853db22: failed while reading the ElectricalSeries rates (AttributeError: module 'spikeinterface.extractors' has no attribute 'NwbRecordingExtractor')
2026-10-03T08:17:21Z WARNING [883/1870] 2d81296d-6ca2-4148-be87-de9d5853db22: leaving unrecorded for a later run to retry.
2026-10-03T08:17:21Z WARNING 2d819acd-eb0f-447b-826b-6715d1238a15: failed while reading the ElectricalSeries rates (AttributeError: module 'spikeinterface.extractors' has no attribute 'NwbRecordingExtractor')
2026-10-03T08:17:21Z WARNING [884/1870] 2d819acd-eb0f-447b-826b-6715d1238a15: leaving unrecorded for a later run to retry.
2026-10-03T08:17:21Z WARNING 2d821d2e-38b7-405a-af54-d880013b6278: failed while reading the ElectricalSeries rates (AttributeError: module 'spikeinterface.extractors' has no attribute 'NwbRecordingExtractor')
2026-10-03T08:17:21Z WARNING [885/1870] 2d821d2e-38b7-405a-af54-d880013b6278: leaving unrecorded for a later run to retry.
2026-10-03T08:17:22Z WARNING 2d821f46-b9ad-4bad-a4d2-bc6946518651: failed while reading the ElectricalSeries rates (AttributeError: module 'spikeinterface.extractors' has no attribute 'NwbRecordingExtractor')
2026-10-03T08:17:22Z WARNING [886/1870] 2d821f46-b9ad-4bad-a4d2-bc6946518651: leaving unrecorded for a later run to retry.
2026-10-03T08:17:22Z WARNING 2d82398d-33c6-442b-a93b-c09d1f106a42: failed while reading the ElectricalSeries rates (AttributeError: module 'spikeinterface.extractors' has no attribute 'NwbRecordingExtractor')
2026-10-03T08:17:22Z WARNING [887/1870] 2d82398d-33c6-442b-a93b-c09d1f106a42: leaving unrecorded for a later run to retry.
2026-10-03T08:17:22Z WARNING 2d825e43-b4c3-43a9-9cdb-8eb877170ef6: failed while reading the ElectricalSeries rates (AttributeError: module 'spikeinterface.extractors' has no attribute 'NwbRecordingExtractor')
2026-10-03T08:17:22Z WARNING [888/1870] 2d825e43-b4c3-43a9-9cdb-8eb877170ef6: leaving unrecorded for a later run to retry.
2026-10-03T08:17:22Z WARNING 2d8307dc-40ea-46cf-8bf6-5d1294cf9db5: failed while reading the ElectricalSeries rates (AttributeError: module 'spikeinterface.extractors' has no attribute 'NwbRecordingExtractor')
2026-10-03T08:17:22Z WARNING [889/1870] 2d8307dc-40ea-46cf-8bf6-5d1294cf9db5: leaving unrecorded for a later run to retry.
2026-10-03T08:17:22Z WARNING 2d835ddd-52a9-4f9c-ac18-f85452fff2e0: failed while reading the ElectricalSeries rates (AttributeError: module 'spikeinterface.extractors' has no attribute 'NwbRecordingExtractor')
2026-10-03T08:17:22Z WARNING [890/1870] 2d835ddd-52a9-4f9c-ac18-f85452fff2e0: leaving unrecorded for a later run to retry.
2026-10-03T08:17:23Z WARNING 2d83629c-2713-4687-9eed-eff4a719b876: failed while reading the ElectricalSeries rates (AttributeError: module 'spikeinterface.extractors' has no attribute 'NwbRecordingExtractor')
2026-10-03T08:17:23Z WARNING [891/1870] 2d83629c-2713-4687-9eed-eff4a719b876: leaving unrecorded for a later run to retry.
2026-10-03T08:17:23Z WARNING 2d84c2f9-d6ef-4041-9367-57fc18d3b2f6: failed while reading the ElectricalSeries rates (AttributeError: module 'spikeinterface.extractors' has no attribute 'NwbRecordingExtractor')
2026-10-03T08:17:23Z WARNING [892/1870] 2d84c2f9-d6ef-4041-9367-57fc18d3b2f6: leaving unrecorded for a later run to retry.
2026-10-03T08:17:23Z WARNING 2d851eae-fe05-42b0-a0f0-459e8988b07d: failed while reading the ElectricalSeries rates (AttributeError: module 'spikeinterface.extractors' has no attribute 'NwbRecordingExtractor')
2026-10-03T08:17:23Z WARNING [893/1870] 2d851eae-fe05-42b0-a0f0-459e8988b07d: leaving unrecorded for a later run to retry.
2026-10-03T08:17:23Z WARNING 2d858195-78de-4fb4-9a8b-b6eaacf87220: failed while reading the ElectricalSeries rates (AttributeError: module 'spikeinterface.extractors' has no attribute 'NwbRecordingExtractor')
2026-10-03T08:17:23Z WARNING [894/1870] 2d858195-78de-4fb4-9a8b-b6eaacf87220: leaving unrecorded for a later run to retry.
2026-10-03T08:17:24Z WARNING 2d86138b-4da6-40b1-921a-cc9e5f95470a: failed while reading the ElectricalSeries rates (AttributeError: module 'spikeinterface.extractors' has no attribute 'NwbRecordingExtractor')
2026-10-03T08:17:24Z WARNING [895/1870] 2d86138b-4da6-40b1-921a-cc9e5f95470a: leaving unrecorded for a later run to retry.
2026-10-03T08:17:24Z WARNING 2d862663-9b68-4d4c-97f7-25944e363fbf: failed while reading the ElectricalSeries rates (AttributeError: module 'spikeinterface.extractors' has no attribute 'NwbRecordingExtractor')
2026-10-03T08:17:24Z WARNING [896/1870] 2d862663-9b68-4d4c-97f7-25944e363fbf: leaving unrecorded for a later run to retry.
2026-10-03T08:17:24Z WARNING 2d864cde-05c5-4417-92b7-5b8d611aa174: failed while reading the ElectricalSeries rates (AttributeError: module 'spikeinterface.extractors' has no attribute 'NwbRecordingExtractor')
2026-10-03T08:17:24Z WARNING [897/1870] 2d864cde-05c5-4417-92b7-5b8d611aa174: leaving unrecorded for a later run to retry.
2026-10-03T08:17:24Z WARNING 2d866c1d-6905-4214-ab82-81cda409a79d: failed while reading the ElectricalSeries rates (AttributeError: module 'spikeinterface.extractors' has no attribute 'NwbRecordingExtractor')
2026-10-03T08:17:24Z WARNING [898/1870] 2d866c1d-6905-4214-ab82-81cda409a79d: leaving unrecorded for a later run to retry.
2026-10-03T08:17:24Z WARNING 2d86c2d0-48d5-4cb9-9f6e-2eb4260bd450: failed while reading the ElectricalSeries rates (AttributeError: module 'spikeinterface.extractors' has no attribute 'NwbRecordingExtractor')
2026-10-03T08:17:24Z WARNING [899/1870] 2d86c2d0-48d5-4cb9-9f6e-2eb4260bd450: leaving unrecorded for a later run to retry.
2026-10-03T08:17:25Z WARNING 2d86e08b-d81f-432d-9b0e-67e5e0452d3f: failed while reading the ElectricalSeries rates (AttributeError: module 'spikeinterface.extractors' has no attribute 'NwbRecordingExtractor')
2026-10-03T08:17:25Z WARNING [900/1870] 2d86e08b-d81f-432d-9b0e-67e5e0452d3f: leaving unrecorded for a later run to retry.
2026-10-03T08:17:25Z INFO [900/1870] 2d86e08b-d81f-432d-9b0e-67e5e0452d3f: checkpointed 60602 records.
2026-10-03T08:17:25Z WARNING 2d880099-a3db-41a6-9795-2b1f1e33799e: failed while reading the ElectricalSeries rates (AttributeError: module 'spikeinterface.extractors' has no attribute 'NwbRecordingExtractor')
2026-10-03T08:17:25Z WARNING [901/1870] 2d880099-a3db-41a6-9795-2b1f1e33799e: leaving unrecorded for a later run to retry.
2026-10-03T08:17:25Z WARNING 2d8868d9-9412-430f-819a-cd0ba513aa5b: failed while reading the ElectricalSeries rates (AttributeError: module 'spikeinterface.extractors' has no attribute 'NwbRecordingExtractor')
2026-10-03T08:17:25Z WARNING [902/1870] 2d8868d9-9412-430f-819a-cd0ba513aa5b: leaving unrecorded for a later run to retry.
2026-10-03T08:17:25Z WARNING 2d89720b-f51a-4b42-a19e-686596ed4d4c: failed while reading the ElectricalSeries rates (AttributeError: module 'spikeinterface.extractors' has no attribute 'NwbRecordingExtractor')
2026-10-03T08:17:25Z WARNING [903/1870] 2d89720b-f51a-4b42-a19e-686596ed4d4c: leaving unrecorded for a later run to retry.
2026-10-03T08:17:26Z WARNING 2d899c3d-20c8-4972-84be-e4d62ea3ab57: failed while reading the ElectricalSeries rates (AttributeError: module 'spikeinterface.extractors' has no attribute 'NwbRecordingExtractor')
2026-10-03T08:17:26Z WARNING [904/1870] 2d899c3d-20c8-4972-84be-e4d62ea3ab57: leaving unrecorded for a later run to retry.
2026-10-03T08:17:26Z WARNING 2d8b0de0-d977-4c47-9e78-d98ac012a05e: failed while reading the ElectricalSeries rates (AttributeError: module 'spikeinterface.extractors' has no attribute 'NwbRecordingExtractor')
2026-10-03T08:17:26Z WARNING [905/1870] 2d8b0de0-d977-4c47-9e78-d98ac012a05e: leaving unrecorded for a later run to retry.
2026-10-03T08:17:26Z WARNING 2d8b33d1-beff-4c91-9bca-ab02a3e3747d: failed while reading the ElectricalSeries rates (AttributeError: module 'spikeinterface.extractors' has no attribute 'NwbRecordingExtractor')
2026-10-03T08:17:26Z WARNING [906/1870] 2d8b33d1-beff-4c91-9bca-ab02a3e3747d: leaving unrecorded for a later run to retry.
2026-10-03T08:17:26Z WARNING 2d8be6f0-996f-431a-83f2-bdd22267803d: failed while reading the ElectricalSeries rates (AttributeError: module 'spikeinterface.extractors' has no attribute 'NwbRecordingExtractor')
2026-10-03T08:17:26Z WARNING [907/1870] 2d8be6f0-996f-431a-83f2-bdd22267803d: leaving unrecorded for a later run to retry.
2026-10-03T08:17:27Z WARNING 2d8c3fbe-9158-4e64-b2e4-6c2c3c5e8271: failed while reading the ElectricalSeries rates (AttributeError: module 'spikeinterface.extractors' has no attribute 'NwbRecordingExtractor')
2026-10-03T08:17:27Z WARNING [908/1870] 2d8c3fbe-9158-4e64-b2e4-6c2c3c5e8271: leaving unrecorded for a later run to retry.
2026-10-03T08:17:27Z WARNING 2d8cb2e6-ec89-483b-bf8e-92a3003f8e66: failed while reading the ElectricalSeries rates (AttributeError: module 'spikeinterface.extractors' has no attribute 'NwbRecordingExtractor')
2026-10-03T08:17:27Z WARNING [909/1870] 2d8cb2e6-ec89-483b-bf8e-92a3003f8e66: leaving unrecorded for a later run to retry.
2026-10-03T08:17:27Z WARNING 2d8ccc0c-8ae8-45b0-bec7-7606f97c04dc: failed while reading the ElectricalSeries rates (AttributeError: module 'spikeinterface.extractors' has no attribute 'NwbRecordingExtractor')
2026-10-03T08:17:27Z WARNING [910/1870] 2d8ccc0c-8ae8-45b0-bec7-7606f97c04dc: leaving unrecorded for a later run to retry.
2026-10-03T08:17:27Z WARNING 2d8d6cec-b7b7-4efc-ac1c-124b7222e511: failed while reading the ElectricalSeries rates (AttributeError: module 'spikeinterface.extractors' has no attribute 'NwbRecordingExtractor')
2026-10-03T08:17:27Z WARNING [911/1870] 2d8d6cec-b7b7-4efc-ac1c-124b7222e511: leaving unrecorded for a later run to retry.
2026-10-03T08:17:27Z WARNING 2d8dda09-bc2d-4be7-b544-84796128b4f7: failed while reading the ElectricalSeries rates (AttributeError: module 'spikeinterface.extractors' has no attribute 'NwbRecordingExtractor')
2026-10-03T08:17:27Z WARNING [912/1870] 2d8dda09-bc2d-4be7-b544-84796128b4f7: leaving unrecorded for a later run to retry.
2026-10-03T08:17:28Z WARNING 2d8e8445-6728-4773-9611-c3c495deeb00: failed while reading the ElectricalSeries rates (AttributeError: module 'spikeinterface.extractors' has no attribute 'NwbRecordingExtractor')
2026-10-03T08:17:28Z WARNING [913/1870] 2d8e8445-6728-4773-9611-c3c495deeb00: leaving unrecorded for a later run to retry.
2026-10-03T08:17:28Z WARNING 2d8ed670-a809-4aa4-a231-acc2ed11226b: failed while reading the ElectricalSeries rates (AttributeError: module 'spikeinterface.extractors' has no attribute 'NwbRecordingExtractor')
2026-10-03T08:17:28Z WARNING [914/1870] 2d8ed670-a809-4aa4-a231-acc2ed11226b: leaving unrecorded for a later run to retry.
2026-10-03T08:17:28Z WARNING 2d8f43ba-c5f0-4ec8-8cb9-2e8efe04d03a: failed while reading the ElectricalSeries rates (AttributeError: module 'spikeinterface.extractors' has no attribute 'NwbRecordingExtractor')
2026-10-03T08:17:28Z WARNING [915/1870] 2d8f43ba-c5f0-4ec8-8cb9-2e8efe04d03a: leaving unrecorded for a later run to retry.
2026-10-03T08:17:28Z WARNING 2d8fab9b-e5ac-460a-bc4b-ea69f8ec7394: failed while reading the ElectricalSeries rates (AttributeError: module 'spikeinterface.extractors' has no attribute 'NwbRecordingExtractor')
2026-10-03T08:17:28Z WARNING [916/1870] 2d8fab9b-e5ac-460a-bc4b-ea69f8ec7394: leaving unrecorded for a later run to retry.
2026-10-03T08:17:28Z WARNING 2d900eed-733d-49a2-850f-e0d865f903d9: failed while reading the ElectricalSeries rates (AttributeError: module 'spikeinterface.extractors' has no attribute 'NwbRecordingExtractor')
2026-10-03T08:17:28Z WARNING [917/1870] 2d900eed-733d-49a2-850f-e0d865f903d9: leaving unrecorded for a later run to retry.
2026-10-03T08:17:29Z WARNING 2d903ebf-062f-45c0-81d8-a28b493262e6: failed while reading the ElectricalSeries rates (AttributeError: module 'spikeinterface.extractors' has no attribute 'NwbRecordingExtractor')
2026-10-03T08:17:29Z WARNING [918/1870] 2d903ebf-062f-45c0-81d8-a28b493262e6: leaving unrecorded for a later run to retry.
2026-10-03T08:17:29Z WARNING 2d904e3b-773c-4f4e-bce7-b6ba7cc87a06: failed while reading the ElectricalSeries rates (AttributeError: module 'spikeinterface.extractors' has no attribute 'NwbRecordingExtractor')
2026-10-03T08:17:29Z WARNING [919/1870] 2d904e3b-773c-4f4e-bce7-b6ba7cc87a06: leaving unrecorded for a later run to retry.
2026-10-03T08:17:29Z WARNING 2d90706c-8723-41b5-b094-2a65b3d653ba: failed while reading the ElectricalSeries rates (AttributeError: module 'spikeinterface.extractors' has no attribute 'NwbRecordingExtractor')
2026-10-03T08:17:29Z WARNING [920/1870] 2d90706c-8723-41b5-b094-2a65b3d653ba: leaving unrecorded for a later run to retry.
2026-10-03T08:17:29Z WARNING 2d907e7a-a52d-499a-8342-df134b5570bd: failed while reading the ElectricalSeries rates (AttributeError: module 'spikeinterface.extractors' has no attribute 'NwbRecordingExtractor')
2026-10-03T08:17:29Z WARNING [921/1870] 2d907e7a-a52d-499a-8342-df134b5570bd: leaving unrecorded for a later run to retry.
2026-10-03T08:17:30Z WARNING 2d908c8c-2ddf-4216-be1d-0d73ce2d4de2: failed while reading the ElectricalSeries rates (AttributeError: module 'spikeinterface.extractors' has no attribute 'NwbRecordingExtractor')
2026-10-03T08:17:30Z WARNING [922/1870] 2d908c8c-2ddf-4216-be1d-0d73ce2d4de2: leaving unrecorded for a later run to retry.
2026-10-03T08:17:30Z WARNING 2d90f423-41a0-4e8d-8bf9-56056fbe97bf: failed while reading the ElectricalSeries rates (AttributeError: module 'spikeinterface.extractors' has no attribute 'NwbRecordingExtractor')
2026-10-03T08:17:30Z WARNING [923/1870] 2d90f423-41a0-4e8d-8bf9-56056fbe97bf: leaving unrecorded for a later run to retry.
2026-10-03T08:17:30Z WARNING 2d92257c-80f8-45fc-96ac-798d79f5e530: failed while reading the ElectricalSeries rates (AttributeError: module 'spikeinterface.extractors' has no attribute 'NwbRecordingExtractor')
2026-10-03T08:17:30Z WARNING [924/1870] 2d92257c-80f8-45fc-96ac-798d79f5e530: leaving unrecorded for a later run to retry.
2026-10-03T08:17:30Z WARNING 2d94ae97-5b9b-437a-a5fa-5ae18e69bad9: failed while reading the ElectricalSeries rates (AttributeError: module 'spikeinterface.extractors' has no attribute 'NwbRecordingExtractor')
2026-10-03T08:17:30Z WARNING [925/1870] 2d94ae97-5b9b-437a-a5fa-5ae18e69bad9: leaving unrecorded for a later run to retry.
2026-10-03T08:17:30Z WARNING 2d95c506-14a1-4c27-a046-66d87fe1ecca: failed while reading the ElectricalSeries rates (AttributeError: module 'spikeinterface.extractors' has no attribute 'NwbRecordingExtractor')
2026-10-03T08:17:30Z WARNING [926/1870] 2d95c506-14a1-4c27-a046-66d87fe1ecca: leaving unrecorded for a later run to retry.
2026-10-03T08:17:31Z WARNING 2d95e45f-4bd7-4d34-9634-a2c8c393bbf3: failed while reading the ElectricalSeries rates (AttributeError: module 'spikeinterface.extractors' has no attribute 'NwbRecordingExtractor')
2026-10-03T08:17:31Z WARNING [927/1870] 2d95e45f-4bd7-4d34-9634-a2c8c393bbf3: leaving unrecorded for a later run to retry.
2026-10-03T08:17:31Z WARNING 2d966913-dbd0-49b4-aa22-b781cd055974: failed while reading the ElectricalSeries rates (AttributeError: module 'spikeinterface.extractors' has no attribute 'NwbRecordingExtractor')
2026-10-03T08:17:31Z WARNING [928/1870] 2d966913-dbd0-49b4-aa22-b781cd055974: leaving unrecorded for a later run to retry.
2026-10-03T08:17:31Z WARNING 2d968ac8-477d-4e9d-9a56-f539304553b2: failed while reading the ElectricalSeries rates (AttributeError: module 'spikeinterface.extractors' has no attribute 'NwbRecordingExtractor')
2026-10-03T08:17:31Z WARNING [929/1870] 2d968ac8-477d-4e9d-9a56-f539304553b2: leaving unrecorded for a later run to retry.
2026-10-03T08:17:31Z WARNING 2d97b37b-ed3c-4284-ae2a-9f47f09f3778: failed while reading the ElectricalSeries rates (AttributeError: module 'spikeinterface.extractors' has no attribute 'NwbRecordingExtractor')
2026-10-03T08:17:31Z WARNING [930/1870] 2d97b37b-ed3c-4284-ae2a-9f47f09f3778: leaving unrecorded for a later run to retry.
2026-10-03T08:17:31Z WARNING 2d99636d-6d7d-4d5a-a5ab-099cc1af4896: failed while reading the ElectricalSeries rates (AttributeError: module 'spikeinterface.extractors' has no attribute 'NwbRecordingExtractor')
2026-10-03T08:17:31Z WARNING [931/1870] 2d99636d-6d7d-4d5a-a5ab-099cc1af4896: leaving unrecorded for a later run to retry.
2026-10-03T08:17:32Z WARNING 2d998d06-8809-4a40-9561-e63bc3153a5e: failed while reading the ElectricalSeries rates (AttributeError: module 'spikeinterface.extractors' has no attribute 'NwbRecordingExtractor')
2026-10-03T08:17:32Z WARNING [932/1870] 2d998d06-8809-4a40-9561-e63bc3153a5e: leaving unrecorded for a later run to retry.
2026-10-03T08:17:32Z WARNING 2d99f1f6-cf9c-49a1-ae05-14ae8d90cd54: failed while reading the ElectricalSeries rates (AttributeError: module 'spikeinterface.extractors' has no attribute 'NwbRecordingExtractor')
2026-10-03T08:17:32Z WARNING [933/1870] 2d99f1f6-cf9c-49a1-ae05-14ae8d90cd54: leaving unrecorded for a later run to retry.
2026-10-03T08:17:32Z WARNING 2d9a71eb-88b2-40f7-a749-0979cc516d22: failed while reading the ElectricalSeries rates (AttributeError: module 'spikeinterface.extractors' has no attribute 'NwbRecordingExtractor')
2026-10-03T08:17:32Z WARNING [934/1870] 2d9a71eb-88b2-40f7-a749-0979cc516d22: leaving unrecorded for a later run to retry.
2026-10-03T08:17:32Z WARNING 2d9ab11a-7360-4ebe-8867-2a83fc79785a: failed while reading the ElectricalSeries rates (AttributeError: module 'spikeinterface.extractors' has no attribute 'NwbRecordingExtractor')
2026-10-03T08:17:32Z WARNING [935/1870] 2d9ab11a-7360-4ebe-8867-2a83fc79785a: leaving unrecorded for a later run to retry.
2026-10-03T08:17:32Z WARNING 2d9b20f7-5b0e-44f4-b039-be7a8dc5ace7: failed while reading the ElectricalSeries rates (AttributeError: module 'spikeinterface.extractors' has no attribute 'NwbRecordingExtractor')
2026-10-03T08:17:32Z WARNING [936/1870] 2d9b20f7-5b0e-44f4-b039-be7a8dc5ace7: leaving unrecorded for a later run to retry.
2026-10-03T08:17:33Z WARNING 2d9b43a0-4724-40ef-aa93-e2e361db4820: failed while reading the ElectricalSeries rates (AttributeError: module 'spikeinterface.extractors' has no attribute 'NwbRecordingExtractor')
2026-10-03T08:17:33Z WARNING [937/1870] 2d9b43a0-4724-40ef-aa93-e2e361db4820: leaving unrecorded for a later run to retry.
2026-10-03T08:17:33Z WARNING 2d9c516b-f7f2-4c9c-94fa-c7be388198d6: failed while reading the ElectricalSeries rates (AttributeError: module 'spikeinterface.extractors' has no attribute 'NwbRecordingExtractor')
2026-10-03T08:17:33Z WARNING [938/1870] 2d9c516b-f7f2-4c9c-94fa-c7be388198d6: leaving unrecorded for a later run to retry.
2026-10-03T08:17:33Z WARNING 2d9d1e07-e36e-42ac-9e33-7d79b144f90f: failed while reading the ElectricalSeries rates (AttributeError: module 'spikeinterface.extractors' has no attribute 'NwbRecordingExtractor')
2026-10-03T08:17:33Z WARNING [939/1870] 2d9d1e07-e36e-42ac-9e33-7d79b144f90f: leaving unrecorded for a later run to retry.
2026-10-03T08:17:33Z WARNING 2d9f7585-247d-449f-9098-f58526b68bd3: failed while reading the ElectricalSeries rates (AttributeError: module 'spikeinterface.extractors' has no attribute 'NwbRecordingExtractor')
2026-10-03T08:17:33Z WARNING [940/1870] 2d9f7585-247d-449f-9098-f58526b68bd3: leaving unrecorded for a later run to retry.
2026-10-03T08:17:34Z WARNING 2d9fe19d-438f-4faf-aa96-99d7593568fc: failed while reading the ElectricalSeries rates (AttributeError: module 'spikeinterface.extractors' has no attribute 'NwbRecordingExtractor')
2026-10-03T08:17:34Z WARNING [941/1870] 2d9fe19d-438f-4faf-aa96-99d7593568fc: leaving unrecorded for a later run to retry.
2026-10-03T08:17:34Z WARNING 2da0a687-008e-44ae-8038-bd9ed81b8556: failed while reading the ElectricalSeries rates (AttributeError: module 'spikeinterface.extractors' has no attribute 'NwbRecordingExtractor')
2026-10-03T08:17:34Z WARNING [942/1870] 2da0a687-008e-44ae-8038-bd9ed81b8556: leaving unrecorded for a later run to retry.
2026-10-03T08:17:34Z WARNING 2da0c6f5-ab27-413a-ab14-20f5fbe7a014: failed while reading the ElectricalSeries rates (AttributeError: module 'spikeinterface.extractors' has no attribute 'NwbRecordingExtractor')
2026-10-03T08:17:34Z WARNING [943/1870] 2da0c6f5-ab27-413a-ab14-20f5fbe7a014: leaving unrecorded for a later run to retry.
2026-10-03T08:17:34Z WARNING 2da0e9ac-845b-44f0-bc4b-b4a51669586f: failed while reading the ElectricalSeries rates (AttributeError: module 'spikeinterface.extractors' has no attribute 'NwbRecordingExtractor')
2026-10-03T08:17:34Z WARNING [944/1870] 2da0e9ac-845b-44f0-bc4b-b4a51669586f: leaving unrecorded for a later run to retry.
2026-10-03T08:17:34Z WARNING 2da200df-a879-4220-9a64-b95c2164d4b0: failed while reading the ElectricalSeries rates (AttributeError: module 'spikeinterface.extractors' has no attribute 'NwbRecordingExtractor')
2026-10-03T08:17:34Z WARNING [945/1870] 2da200df-a879-4220-9a64-b95c2164d4b0: leaving unrecorded for a later run to retry.
2026-10-03T08:17:35Z WARNING 2da22a9c-f6b1-430c-a4d4-bfa7d3c643a6: failed while reading the ElectricalSeries rates (AttributeError: module 'spikeinterface.extractors' has no attribute 'NwbRecordingExtractor')
2026-10-03T08:17:35Z WARNING [946/1870] 2da22a9c-f6b1-430c-a4d4-bfa7d3c643a6: leaving unrecorded for a later run to retry.
2026-10-03T08:17:35Z WARNING 2da28bcf-aad8-47a9-ad91-547d6f590a5d: failed while reading the ElectricalSeries rates (AttributeError: module 'spikeinterface.extractors' has no attribute 'NwbRecordingExtractor')
2026-10-03T08:17:35Z WARNING [947/1870] 2da28bcf-aad8-47a9-ad91-547d6f590a5d: leaving unrecorded for a later run to retry.
2026-10-03T08:17:35Z WARNING 2da2bc28-f73f-4eb9-bf9b-b8ddcf7b41af: failed while reading the ElectricalSeries rates (AttributeError: module 'spikeinterface.extractors' has no attribute 'NwbRecordingExtractor')
2026-10-03T08:17:35Z WARNING [948/1870] 2da2bc28-f73f-4eb9-bf9b-b8ddcf7b41af: leaving unrecorded for a later run to retry.
2026-10-03T08:17:35Z WARNING 2da31023-c60a-49af-bd79-90d56a26aa00: failed while reading the ElectricalSeries rates (AttributeError: module 'spikeinterface.extractors' has no attribute 'NwbRecordingExtractor')
2026-10-03T08:17:35Z WARNING [949/1870] 2da31023-c60a-49af-bd79-90d56a26aa00: leaving unrecorded for a later run to retry.
2026-10-03T08:17:36Z WARNING 2da364cd-e4fb-4065-acd5-dd5a5a876209: failed while reading the ElectricalSeries rates (AttributeError: module 'spikeinterface.extractors' has no attribute 'NwbRecordingExtractor')
2026-10-03T08:17:36Z WARNING [950/1870] 2da364cd-e4fb-4065-acd5-dd5a5a876209: leaving unrecorded for a later run to retry.
2026-10-03T08:17:36Z INFO [950/1870] 2da364cd-e4fb-4065-acd5-dd5a5a876209: checkpointed 60602 records.
2026-10-03T08:17:36Z WARNING 2da3c07f-5fe5-4814-ad98-6ca00f99ad44: failed while reading the ElectricalSeries rates (AttributeError: module 'spikeinterface.extractors' has no attribute 'NwbRecordingExtractor')
2026-10-03T08:17:36Z WARNING [951/1870] 2da3c07f-5fe5-4814-ad98-6ca00f99ad44: leaving unrecorded for a later run to retry.
2026-10-03T08:17:36Z WARNING 2da3c3f2-a095-4d2e-ad83-69313ddca13f: failed while reading the ElectricalSeries rates (AttributeError: module 'spikeinterface.extractors' has no attribute 'NwbRecordingExtractor')
2026-10-03T08:17:36Z WARNING [952/1870] 2da3c3f2-a095-4d2e-ad83-69313ddca13f: leaving unrecorded for a later run to retry.
2026-10-03T08:17:36Z WARNING 2da3ca71-7099-4725-a20d-47ba3155d39a: failed while reading the ElectricalSeries rates (AttributeError: module 'spikeinterface.extractors' has no attribute 'NwbRecordingExtractor')
2026-10-03T08:17:36Z WARNING [953/1870] 2da3ca71-7099-4725-a20d-47ba3155d39a: leaving unrecorded for a later run to retry.
2026-10-03T08:17:37Z WARNING 2da3e092-52d5-40f3-83d2-5d3891e86b9e: failed while reading the ElectricalSeries rates (AttributeError: module 'spikeinterface.extractors' has no attribute 'NwbRecordingExtractor')
2026-10-03T08:17:37Z WARNING [954/1870] 2da3e092-52d5-40f3-83d2-5d3891e86b9e: leaving unrecorded for a later run to retry.
2026-10-03T08:17:37Z WARNING 2da435f6-9399-41de-ab58-482808dd4bc7: failed while reading the ElectricalSeries rates (AttributeError: module 'spikeinterface.extractors' has no attribute 'NwbRecordingExtractor')
2026-10-03T08:17:37Z WARNING [955/1870] 2da435f6-9399-41de-ab58-482808dd4bc7: leaving unrecorded for a later run to retry.
2026-10-03T08:17:37Z WARNING 2da4b342-e815-4ab5-94de-2301714cf0c9: failed while reading the ElectricalSeries rates (AttributeError: module 'spikeinterface.extractors' has no attribute 'NwbRecordingExtractor')
2026-10-03T08:17:37Z WARNING [956/1870] 2da4b342-e815-4ab5-94de-2301714cf0c9: leaving unrecorded for a later run to retry.
2026-10-03T08:17:37Z WARNING 2da55030-711c-4951-8081-fab3a79d8288: failed while reading the ElectricalSeries rates (AttributeError: module 'spikeinterface.extractors' has no attribute 'NwbRecordingExtractor')
2026-10-03T08:17:37Z WARNING [957/1870] 2da55030-711c-4951-8081-fab3a79d8288: leaving unrecorded for a later run to retry.
2026-10-03T08:17:37Z WARNING 2da6d3f9-4a66-42c3-91a8-f4f0a739b554: failed while reading the ElectricalSeries rates (AttributeError: module 'spikeinterface.extractors' has no attribute 'NwbRecordingExtractor')
2026-10-03T08:17:37Z WARNING [958/1870] 2da6d3f9-4a66-42c3-91a8-f4f0a739b554: leaving unrecorded for a later run to retry.
2026-10-03T08:17:38Z WARNING 2da79ec7-5559-403a-86c8-ab395ca7f755: failed while reading the ElectricalSeries rates (AttributeError: module 'spikeinterface.extractors' has no attribute 'NwbRecordingExtractor')
2026-10-03T08:17:38Z WARNING [959/1870] 2da79ec7-5559-403a-86c8-ab395ca7f755: leaving unrecorded for a later run to retry.
2026-10-03T08:17:38Z WARNING 2da7bfbd-8d9d-4be9-be88-280b1411cd59: failed while reading the ElectricalSeries rates (AttributeError: module 'spikeinterface.extractors' has no attribute 'NwbRecordingExtractor')
2026-10-03T08:17:38Z WARNING [960/1870] 2da7bfbd-8d9d-4be9-be88-280b1411cd59: leaving unrecorded for a later run to retry.
2026-10-03T08:17:38Z WARNING 2daa620c-49b0-4431-a722-060b829ada1c: failed while reading the ElectricalSeries rates (AttributeError: module 'spikeinterface.extractors' has no attribute 'NwbRecordingExtractor')
2026-10-03T08:17:38Z WARNING [961/1870] 2daa620c-49b0-4431-a722-060b829ada1c: leaving unrecorded for a later run to retry.
2026-10-03T08:17:38Z WARNING 2daaf56d-023b-41a6-8ae2-c7e8bdc7734a: failed while reading the ElectricalSeries rates (AttributeError: module 'spikeinterface.extractors' has no attribute 'NwbRecordingExtractor')
2026-10-03T08:17:38Z WARNING [962/1870] 2daaf56d-023b-41a6-8ae2-c7e8bdc7734a: leaving unrecorded for a later run to retry.
2026-10-03T08:17:39Z WARNING 2dab033a-32e5-492f-b66d-32e2c8c61756: failed while reading the ElectricalSeries rates (AttributeError: module 'spikeinterface.extractors' has no attribute 'NwbRecordingExtractor')
2026-10-03T08:17:39Z WARNING [963/1870] 2dab033a-32e5-492f-b66d-32e2c8c61756: leaving unrecorded for a later run to retry.
2026-10-03T08:17:39Z WARNING 2dab515d-c42e-4208-b622-13d2ff73e277: failed while reading the ElectricalSeries rates (AttributeError: module 'spikeinterface.extractors' has no attribute 'NwbRecordingExtractor')
2026-10-03T08:17:39Z WARNING [964/1870] 2dab515d-c42e-4208-b622-13d2ff73e277: leaving unrecorded for a later run to retry.
2026-10-03T08:17:39Z WARNING 2dab8829-9af9-457e-84c2-c76c288420f6: failed while reading the ElectricalSeries rates (AttributeError: module 'spikeinterface.extractors' has no attribute 'NwbRecordingExtractor')
2026-10-03T08:17:39Z WARNING [965/1870] 2dab8829-9af9-457e-84c2-c76c288420f6: leaving unrecorded for a later run to retry.
2026-10-03T08:17:39Z WARNING 2dabbc3e-fbf3-4bc3-a858-b9447c698cbf: failed while reading the ElectricalSeries rates (AttributeError: module 'spikeinterface.extractors' has no attribute 'NwbRecordingExtractor')
2026-10-03T08:17:39Z WARNING [966/1870] 2dabbc3e-fbf3-4bc3-a858-b9447c698cbf: leaving unrecorded for a later run to retry.
2026-10-03T08:17:39Z WARNING 2dac1615-eed1-4847-a69a-c6bb7b38985c: failed while reading the ElectricalSeries rates (AttributeError: module 'spikeinterface.extractors' has no attribute 'NwbRecordingExtractor')
2026-10-03T08:17:39Z WARNING [967/1870] 2dac1615-eed1-4847-a69a-c6bb7b38985c: leaving unrecorded for a later run to retry.
2026-10-03T08:17:40Z WARNING 2dac4c4e-5791-4eb4-b6a9-372541e892e6: failed while reading the ElectricalSeries rates (AttributeError: module 'spikeinterface.extractors' has no attribute 'NwbRecordingExtractor')
2026-10-03T08:17:40Z WARNING [968/1870] 2dac4c4e-5791-4eb4-b6a9-372541e892e6: leaving unrecorded for a later run to retry.
2026-10-03T08:17:40Z WARNING 2dacc3b2-7dd4-4693-be96-b21a9ad61491: failed while reading the ElectricalSeries rates (AttributeError: module 'spikeinterface.extractors' has no attribute 'NwbRecordingExtractor')
2026-10-03T08:17:40Z WARNING [969/1870] 2dacc3b2-7dd4-4693-be96-b21a9ad61491: leaving unrecorded for a later run to retry.
2026-10-03T08:17:40Z WARNING 2dace050-ccc2-4e2e-bc18-c57feead7a4f: failed while reading the ElectricalSeries rates (AttributeError: module 'spikeinterface.extractors' has no attribute 'NwbRecordingExtractor')
2026-10-03T08:17:40Z WARNING [970/1870] 2dace050-ccc2-4e2e-bc18-c57feead7a4f: leaving unrecorded for a later run to retry.
2026-10-03T08:17:40Z WARNING 2dade966-133f-47b0-949a-835bac239578: failed while reading the ElectricalSeries rates (AttributeError: module 'spikeinterface.extractors' has no attribute 'NwbRecordingExtractor')
2026-10-03T08:17:40Z WARNING [971/1870] 2dade966-133f-47b0-949a-835bac239578: leaving unrecorded for a later run to retry.
2026-10-03T08:17:40Z WARNING 2dadf05a-6499-4aef-948f-88f265619071: failed while reading the ElectricalSeries rates (AttributeError: module 'spikeinterface.extractors' has no attribute 'NwbRecordingExtractor')
2026-10-03T08:17:40Z WARNING [972/1870] 2dadf05a-6499-4aef-948f-88f265619071: leaving unrecorded for a later run to retry.
2026-10-03T08:17:41Z WARNING 2dae577c-f938-4641-a644-fb0b085fa674: failed while reading the ElectricalSeries rates (AttributeError: module 'spikeinterface.extractors' has no attribute 'NwbRecordingExtractor')
2026-10-03T08:17:41Z WARNING [973/1870] 2dae577c-f938-4641-a644-fb0b085fa674: leaving unrecorded for a later run to retry.
2026-10-03T08:17:41Z WARNING 2daf0627-a174-4222-99ff-22b4f7473572: failed while reading the ElectricalSeries rates (AttributeError: module 'spikeinterface.extractors' has no attribute 'NwbRecordingExtractor')
2026-10-03T08:17:41Z WARNING [974/1870] 2daf0627-a174-4222-99ff-22b4f7473572: leaving unrecorded for a later run to retry.
2026-10-03T08:17:41Z WARNING 2daf16aa-bdc9-4f7a-8fed-d0825029e37b: failed while reading the ElectricalSeries rates (AttributeError: module 'spikeinterface.extractors' has no attribute 'NwbRecordingExtractor')
2026-10-03T08:17:41Z WARNING [975/1870] 2daf16aa-bdc9-4f7a-8fed-d0825029e37b: leaving unrecorded for a later run to retry.
2026-10-03T08:17:41Z WARNING 2db043c7-64fb-47ca-8c6f-f4c18eaf9b3a: failed while reading the ElectricalSeries rates (AttributeError: module 'spikeinterface.extractors' has no attribute 'NwbRecordingExtractor')
2026-10-03T08:17:41Z WARNING [976/1870] 2db043c7-64fb-47ca-8c6f-f4c18eaf9b3a: leaving unrecorded for a later run to retry.
2026-10-03T08:17:42Z WARNING 2db0f509-24eb-408f-9104-28df2cec67ff: failed while reading the ElectricalSeries rates (AttributeError: module 'spikeinterface.extractors' has no attribute 'NwbRecordingExtractor')
2026-10-03T08:17:42Z WARNING [977/1870] 2db0f509-24eb-408f-9104-28df2cec67ff: leaving unrecorded for a later run to retry.
2026-10-03T08:17:42Z WARNING 2db15ad2-9dd3-4a53-b5b5-adedebbbc860: failed while reading the ElectricalSeries rates (AttributeError: module 'spikeinterface.extractors' has no attribute 'NwbRecordingExtractor')
2026-10-03T08:17:42Z WARNING [978/1870] 2db15ad2-9dd3-4a53-b5b5-adedebbbc860: leaving unrecorded for a later run to retry.
2026-10-03T08:17:42Z WARNING 2db1ecb6-6c22-43a3-989a-464f34c310c5: failed while reading the ElectricalSeries rates (AttributeError: module 'spikeinterface.extractors' has no attribute 'NwbRecordingExtractor')
2026-10-03T08:17:42Z WARNING [979/1870] 2db1ecb6-6c22-43a3-989a-464f34c310c5: leaving unrecorded for a later run to retry.
2026-10-03T08:17:42Z WARNING 2db2f006-a622-44a4-9043-2921e146ef48: failed while reading the ElectricalSeries rates (AttributeError: module 'spikeinterface.extractors' has no attribute 'NwbRecordingExtractor')
2026-10-03T08:17:42Z WARNING [980/1870] 2db2f006-a622-44a4-9043-2921e146ef48: leaving unrecorded for a later run to retry.
2026-10-03T08:17:43Z WARNING 2db3a2c0-59f0-491c-9ab2-5a2a8ca5b96c: failed while reading the ElectricalSeries rates (AttributeError: module 'spikeinterface.extractors' has no attribute 'NwbRecordingExtractor')
2026-10-03T08:17:43Z WARNING [981/1870] 2db3a2c0-59f0-491c-9ab2-5a2a8ca5b96c: leaving unrecorded for a later run to retry.
2026-10-03T08:17:43Z WARNING 2db3a733-fbba-4787-91a0-85d7b7962d22: failed while reading the ElectricalSeries rates (AttributeError: module 'spikeinterface.extractors' has no attribute 'NwbRecordingExtractor')
2026-10-03T08:17:43Z WARNING [982/1870] 2db3a733-fbba-4787-91a0-85d7b7962d22: leaving unrecorded for a later run to retry.
2026-10-03T08:17:43Z WARNING 2db45377-3231-4f5d-818c-3b29f8956db3: failed while reading the ElectricalSeries rates (AttributeError: module 'spikeinterface.extractors' has no attribute 'NwbRecordingExtractor')
2026-10-03T08:17:43Z WARNING [983/1870] 2db45377-3231-4f5d-818c-3b29f8956db3: leaving unrecorded for a later run to retry.
2026-10-03T08:17:43Z WARNING 2db45da6-0d3f-4784-810b-afd56bbaf2c6: failed while reading the ElectricalSeries rates (AttributeError: module 'spikeinterface.extractors' has no attribute 'NwbRecordingExtractor')
2026-10-03T08:17:43Z WARNING [984/1870] 2db45da6-0d3f-4784-810b-afd56bbaf2c6: leaving unrecorded for a later run to retry.
2026-10-03T08:17:43Z WARNING 2db46a65-157d-4bc7-9179-9b3bf8d7a5c6: failed while reading the ElectricalSeries rates (AttributeError: module 'spikeinterface.extractors' has no attribute 'NwbRecordingExtractor')
2026-10-03T08:17:43Z WARNING [985/1870] 2db46a65-157d-4bc7-9179-9b3bf8d7a5c6: leaving unrecorded for a later run to retry.
2026-10-03T08:17:44Z WARNING 2db51501-9606-4e3b-a975-ebecc5bf992d: failed while reading the ElectricalSeries rates (AttributeError: module 'spikeinterface.extractors' has no attribute 'NwbRecordingExtractor')
2026-10-03T08:17:44Z WARNING [986/1870] 2db51501-9606-4e3b-a975-ebecc5bf992d: leaving unrecorded for a later run to retry.
2026-10-03T08:17:44Z WARNING 2db54bbe-457d-4e8c-ba21-6cb9ca73ef30: failed while reading the ElectricalSeries rates (AttributeError: module 'spikeinterface.extractors' has no attribute 'NwbRecordingExtractor')
2026-10-03T08:17:44Z WARNING [987/1870] 2db54bbe-457d-4e8c-ba21-6cb9ca73ef30: leaving unrecorded for a later run to retry.
2026-10-03T08:17:44Z WARNING 2db5bfc0-2865-400b-abca-6280178c3d38: failed while reading the ElectricalSeries rates (AttributeError: module 'spikeinterface.extractors' has no attribute 'NwbRecordingExtractor')
2026-10-03T08:17:44Z WARNING [988/1870] 2db5bfc0-2865-400b-abca-6280178c3d38: leaving unrecorded for a later run to retry.
2026-10-03T08:17:44Z WARNING 2db5c0f0-32e8-4284-acc4-f9c0614f813f: failed while reading the ElectricalSeries rates (AttributeError: module 'spikeinterface.extractors' has no attribute 'NwbRecordingExtractor')
2026-10-03T08:17:44Z WARNING [989/1870] 2db5c0f0-32e8-4284-acc4-f9c0614f813f: leaving unrecorded for a later run to retry.
2026-10-03T08:17:45Z WARNING 2db6cccf-d3d4-41e8-8372-b777ddcbf318: failed while reading the ElectricalSeries rates (AttributeError: module 'spikeinterface.extractors' has no attribute 'NwbRecordingExtractor')
2026-10-03T08:17:45Z WARNING [990/1870] 2db6cccf-d3d4-41e8-8372-b777ddcbf318: leaving unrecorded for a later run to retry.
2026-10-03T08:17:45Z WARNING 2db6eef4-62f5-43d9-98bd-a92ca88877c3: failed while reading the ElectricalSeries rates (AttributeError: module 'spikeinterface.extractors' has no attribute 'NwbRecordingExtractor')
2026-10-03T08:17:45Z WARNING [991/1870] 2db6eef4-62f5-43d9-98bd-a92ca88877c3: leaving unrecorded for a later run to retry.
2026-10-03T08:17:45Z WARNING 2db74fa3-01c5-466a-ad7e-5c5308282c45: failed while reading the ElectricalSeries rates (AttributeError: module 'spikeinterface.extractors' has no attribute 'NwbRecordingExtractor')
2026-10-03T08:17:45Z WARNING [992/1870] 2db74fa3-01c5-466a-ad7e-5c5308282c45: leaving unrecorded for a later run to retry.
2026-10-03T08:17:45Z WARNING 2db7d399-77fb-4760-bfb7-9c763aee2be6: failed while reading the ElectricalSeries rates (AttributeError: module 'spikeinterface.extractors' has no attribute 'NwbRecordingExtractor')
2026-10-03T08:17:45Z WARNING [993/1870] 2db7d399-77fb-4760-bfb7-9c763aee2be6: leaving unrecorded for a later run to retry.
2026-10-03T08:17:45Z WARNING 2db8ac0e-050e-4e64-9a65-5d1a0d8a66b6: failed while reading the ElectricalSeries rates (AttributeError: module 'spikeinterface.extractors' has no attribute 'NwbRecordingExtractor')
2026-10-03T08:17:45Z WARNING [994/1870] 2db8ac0e-050e-4e64-9a65-5d1a0d8a66b6: leaving unrecorded for a later run to retry.
2026-10-03T08:17:46Z WARNING 2db9d0af-8972-48a3-ae85-6dc6cf6e7424: failed while reading the ElectricalSeries rates (AttributeError: module 'spikeinterface.extractors' has no attribute 'NwbRecordingExtractor')
2026-10-03T08:17:46Z WARNING [995/1870] 2db9d0af-8972-48a3-ae85-6dc6cf6e7424: leaving unrecorded for a later run to retry.
2026-10-03T08:17:46Z WARNING 2dba1be1-efea-41c6-86c7-171b898bccba: failed while reading the ElectricalSeries rates (AttributeError: module 'spikeinterface.extractors' has no attribute 'NwbRecordingExtractor')
2026-10-03T08:17:46Z WARNING [996/1870] 2dba1be1-efea-41c6-86c7-171b898bccba: leaving unrecorded for a later run to retry.
2026-10-03T08:17:46Z WARNING 2dbbc577-3a04-4448-b911-14221d45bc33: failed while reading the ElectricalSeries rates (AttributeError: module 'spikeinterface.extractors' has no attribute 'NwbRecordingExtractor')
2026-10-03T08:17:46Z WARNING [997/1870] 2dbbc577-3a04-4448-b911-14221d45bc33: leaving unrecorded for a later run to retry.
2026-10-03T08:17:46Z WARNING 2dbbec5a-41bb-4bb6-8b2a-33f9cafabb0c: failed while reading the ElectricalSeries rates (AttributeError: module 'spikeinterface.extractors' has no attribute 'NwbRecordingExtractor')
2026-10-03T08:17:46Z WARNING [998/1870] 2dbbec5a-41bb-4bb6-8b2a-33f9cafabb0c: leaving unrecorded for a later run to retry.
2026-10-03T08:17:47Z WARNING 2dbbfd55-f58d-4fef-8cab-ccdbcafaec3b: failed while reading the ElectricalSeries rates (AttributeError: module 'spikeinterface.extractors' has no attribute 'NwbRecordingExtractor')
2026-10-03T08:17:47Z WARNING [999/1870] 2dbbfd55-f58d-4fef-8cab-ccdbcafaec3b: leaving unrecorded for a later run to retry.
2026-10-03T08:17:47Z WARNING 2dbc4a42-f0ca-42e1-8bdf-162025e665df: failed while reading the ElectricalSeries rates (AttributeError: module 'spikeinterface.extractors' has no attribute 'NwbRecordingExtractor')
2026-10-03T08:17:47Z WARNING [1000/1870] 2dbc4a42-f0ca-42e1-8bdf-162025e665df: leaving unrecorded for a later run to retry.
2026-10-03T08:17:47Z INFO [1000/1870] 2dbc4a42-f0ca-42e1-8bdf-162025e665df: checkpointed 60602 records.
2026-10-03T08:17:47Z WARNING 2dbe0d10-1b1f-467f-a623-ac41f74d945d: failed while reading the ElectricalSeries rates (AttributeError: module 'spikeinterface.extractors' has no attribute 'NwbRecordingExtractor')
2026-10-03T08:17:47Z WARNING [1001/1870] 2dbe0d10-1b1f-467f-a623-ac41f74d945d: leaving unrecorded for a later run to retry.
2026-10-03T08:17:47Z WARNING 2dbe17dc-33e0-4e5c-a801-4393b4c95bee: failed while reading the ElectricalSeries rates (AttributeError: module 'spikeinterface.extractors' has no attribute 'NwbRecordingExtractor')
2026-10-03T08:17:47Z WARNING [1002/1870] 2dbe17dc-33e0-4e5c-a801-4393b4c95bee: leaving unrecorded for a later run to retry.
2026-10-03T08:17:47Z WARNING 2dbeddc8-9b09-4767-b273-a2719b881d19: failed while reading the ElectricalSeries rates (AttributeError: module 'spikeinterface.extractors' has no attribute 'NwbRecordingExtractor')
2026-10-03T08:17:47Z WARNING [1003/1870] 2dbeddc8-9b09-4767-b273-a2719b881d19: leaving unrecorded for a later run to retry.
2026-10-03T08:17:48Z WARNING 2dbf26cb-446d-48c5-b0e6-fa7f9b113785: failed while reading the ElectricalSeries rates (AttributeError: module 'spikeinterface.extractors' has no attribute 'NwbRecordingExtractor')
2026-10-03T08:17:48Z WARNING [1004/1870] 2dbf26cb-446d-48c5-b0e6-fa7f9b113785: leaving unrecorded for a later run to retry.
2026-10-03T08:17:48Z WARNING 2dc01ab7-1cf8-4f9a-923d-671742050c2d: failed while reading the ElectricalSeries rates (AttributeError: module 'spikeinterface.extractors' has no attribute 'NwbRecordingExtractor')
2026-10-03T08:17:48Z WARNING [1005/1870] 2dc01ab7-1cf8-4f9a-923d-671742050c2d: leaving unrecorded for a later run to retry.
2026-10-03T08:17:48Z WARNING 2dc02af9-29e3-4876-b3cb-6a8db10dac63: failed while reading the ElectricalSeries rates (AttributeError: module 'spikeinterface.extractors' has no attribute 'NwbRecordingExtractor')
2026-10-03T08:17:48Z WARNING [1006/1870] 2dc02af9-29e3-4876-b3cb-6a8db10dac63: leaving unrecorded for a later run to retry.
2026-10-03T08:17:48Z WARNING 2dc0c194-e613-4387-8982-04c86eb97364: failed while reading the ElectricalSeries rates (AttributeError: module 'spikeinterface.extractors' has no attribute 'NwbRecordingExtractor')
2026-10-03T08:17:48Z WARNING [1007/1870] 2dc0c194-e613-4387-8982-04c86eb97364: leaving unrecorded for a later run to retry.
2026-10-03T08:17:48Z WARNING 2dc0fa3d-0aae-440a-8cc7-c562d71329ad: failed while reading the ElectricalSeries rates (AttributeError: module 'spikeinterface.extractors' has no attribute 'NwbRecordingExtractor')
2026-10-03T08:17:48Z WARNING [1008/1870] 2dc0fa3d-0aae-440a-8cc7-c562d71329ad: leaving unrecorded for a later run to retry.
2026-10-03T08:17:49Z WARNING 2dc131c4-5f14-48e1-ad4f-40a038d29726: failed while reading the ElectricalSeries rates (AttributeError: module 'spikeinterface.extractors' has no attribute 'NwbRecordingExtractor')
2026-10-03T08:17:49Z WARNING [1009/1870] 2dc131c4-5f14-48e1-ad4f-40a038d29726: leaving unrecorded for a later run to retry.
2026-10-03T08:17:49Z WARNING 2dc15ad2-1761-4289-b493-94f271a78e68: failed while reading the ElectricalSeries rates (AttributeError: module 'spikeinterface.extractors' has no attribute 'NwbRecordingExtractor')
2026-10-03T08:17:49Z WARNING [1010/1870] 2dc15ad2-1761-4289-b493-94f271a78e68: leaving unrecorded for a later run to retry.
2026-10-03T08:17:49Z WARNING 2dc15cb8-df55-4edb-9042-e7669d12aceb: failed while reading the ElectricalSeries rates (AttributeError: module 'spikeinterface.extractors' has no attribute 'NwbRecordingExtractor')
2026-10-03T08:17:49Z WARNING [1011/1870] 2dc15cb8-df55-4edb-9042-e7669d12aceb: leaving unrecorded for a later run to retry.
2026-10-03T08:17:49Z WARNING 2dc18fcf-8814-4661-8c3a-3d47d328711d: failed while reading the ElectricalSeries rates (AttributeError: module 'spikeinterface.extractors' has no attribute 'NwbRecordingExtractor')
2026-10-03T08:17:49Z WARNING [1012/1870] 2dc18fcf-8814-4661-8c3a-3d47d328711d: leaving unrecorded for a later run to retry.
2026-10-03T08:17:50Z WARNING 2dc314ba-00ca-4a5f-a394-2e7551576a16: failed while reading the ElectricalSeries rates (AttributeError: module 'spikeinterface.extractors' has no attribute 'NwbRecordingExtractor')
2026-10-03T08:17:50Z WARNING [1013/1870] 2dc314ba-00ca-4a5f-a394-2e7551576a16: leaving unrecorded for a later run to retry.
2026-10-03T08:17:50Z WARNING 2dc35968-890e-4a83-98b2-18e67dcbb411: failed while reading the ElectricalSeries rates (AttributeError: module 'spikeinterface.extractors' has no attribute 'NwbRecordingExtractor')
2026-10-03T08:17:50Z WARNING [1014/1870] 2dc35968-890e-4a83-98b2-18e67dcbb411: leaving unrecorded for a later run to retry.
2026-10-03T08:17:50Z WARNING 2dc3b51d-108a-402f-86cb-f59c785f18a9: failed while reading the ElectricalSeries rates (AttributeError: module 'spikeinterface.extractors' has no attribute 'NwbRecordingExtractor')
2026-10-03T08:17:50Z WARNING [1015/1870] 2dc3b51d-108a-402f-86cb-f59c785f18a9: leaving unrecorded for a later run to retry.
2026-10-03T08:17:50Z WARNING 2dc569b4-9756-44b9-a333-1cdc3c7a17bd: failed while reading the ElectricalSeries rates (AttributeError: module 'spikeinterface.extractors' has no attribute 'NwbRecordingExtractor')
2026-10-03T08:17:50Z WARNING [1016/1870] 2dc569b4-9756-44b9-a333-1cdc3c7a17bd: leaving unrecorded for a later run to retry.
2026-10-03T08:17:50Z WARNING 2dc5713a-947c-49bf-aa04-149d28e60430: failed while reading the ElectricalSeries rates (AttributeError: module 'spikeinterface.extractors' has no attribute 'NwbRecordingExtractor')
2026-10-03T08:17:50Z WARNING [1017/1870] 2dc5713a-947c-49bf-aa04-149d28e60430: leaving unrecorded for a later run to retry.
2026-10-03T08:17:51Z WARNING 2dc57ca5-cfe2-4217-a752-ba36e789807d: failed while reading the ElectricalSeries rates (AttributeError: module 'spikeinterface.extractors' has no attribute 'NwbRecordingExtractor')
2026-10-03T08:17:51Z WARNING [1018/1870] 2dc57ca5-cfe2-4217-a752-ba36e789807d: leaving unrecorded for a later run to retry.
2026-10-03T08:17:51Z WARNING 2dc6031e-83d8-410e-a020-fc74bd86a895: failed while reading the ElectricalSeries rates (AttributeError: module 'spikeinterface.extractors' has no attribute 'NwbRecordingExtractor')
2026-10-03T08:17:51Z WARNING [1019/1870] 2dc6031e-83d8-410e-a020-fc74bd86a895: leaving unrecorded for a later run to retry.
2026-10-03T08:17:51Z WARNING 2dc60966-af06-4755-8ab9-654fe9f85097: failed while reading the ElectricalSeries rates (AttributeError: module 'spikeinterface.extractors' has no attribute 'NwbRecordingExtractor')
2026-10-03T08:17:51Z WARNING [1020/1870] 2dc60966-af06-4755-8ab9-654fe9f85097: leaving unrecorded for a later run to retry.
2026-10-03T08:17:51Z WARNING 2dc62090-9f71-493b-9ad2-bcb4e545ceb6: failed while reading the ElectricalSeries rates (AttributeError: module 'spikeinterface.extractors' has no attribute 'NwbRecordingExtractor')
2026-10-03T08:17:51Z WARNING [1021/1870] 2dc62090-9f71-493b-9ad2-bcb4e545ceb6: leaving unrecorded for a later run to retry.
2026-10-03T08:17:51Z WARNING 2dc6ca58-2936-4043-91e7-c4a15f58f20a: failed while reading the ElectricalSeries rates (AttributeError: module 'spikeinterface.extractors' has no attribute 'NwbRecordingExtractor')
2026-10-03T08:17:51Z WARNING [1022/1870] 2dc6ca58-2936-4043-91e7-c4a15f58f20a: leaving unrecorded for a later run to retry.
2026-10-03T08:17:52Z WARNING 2dc7a10a-bd80-4c83-b1c8-a4dc59fae5cd: failed while reading the ElectricalSeries rates (AttributeError: module 'spikeinterface.extractors' has no attribute 'NwbRecordingExtractor')
2026-10-03T08:17:52Z WARNING [1023/1870] 2dc7a10a-bd80-4c83-b1c8-a4dc59fae5cd: leaving unrecorded for a later run to retry.
2026-10-03T08:17:52Z WARNING 2dc96e97-1d9a-499e-9496-d313ae175779: failed while reading the ElectricalSeries rates (AttributeError: module 'spikeinterface.extractors' has no attribute 'NwbRecordingExtractor')
2026-10-03T08:17:52Z WARNING [1024/1870] 2dc96e97-1d9a-499e-9496-d313ae175779: leaving unrecorded for a later run to retry.
2026-10-03T08:17:52Z WARNING 2dca0a1a-f2a4-4fc7-836b-130884a9260c: failed while reading the ElectricalSeries rates (AttributeError: module 'spikeinterface.extractors' has no attribute 'NwbRecordingExtractor')
2026-10-03T08:17:52Z WARNING [1025/1870] 2dca0a1a-f2a4-4fc7-836b-130884a9260c: leaving unrecorded for a later run to retry.
2026-10-03T08:17:52Z WARNING 2dca44d6-b5d9-4af3-9be3-fe3c71b75db4: failed while reading the ElectricalSeries rates (AttributeError: module 'spikeinterface.extractors' has no attribute 'NwbRecordingExtractor')
2026-10-03T08:17:52Z WARNING [1026/1870] 2dca44d6-b5d9-4af3-9be3-fe3c71b75db4: leaving unrecorded for a later run to retry.
2026-10-03T08:17:52Z WARNING 2dca53fd-81a1-49a3-9978-2148cfb3c207: failed while reading the ElectricalSeries rates (AttributeError: module 'spikeinterface.extractors' has no attribute 'NwbRecordingExtractor')
2026-10-03T08:17:52Z WARNING [1027/1870] 2dca53fd-81a1-49a3-9978-2148cfb3c207: leaving unrecorded for a later run to retry.
2026-10-03T08:17:53Z WARNING 2dcb57a4-cbbf-4773-8285-74600cbd45ef: failed while reading the ElectricalSeries rates (AttributeError: module 'spikeinterface.extractors' has no attribute 'NwbRecordingExtractor')
2026-10-03T08:17:53Z WARNING [1028/1870] 2dcb57a4-cbbf-4773-8285-74600cbd45ef: leaving unrecorded for a later run to retry.
2026-10-03T08:17:53Z WARNING 2dcc18ff-6b69-4022-8368-f0a20d58fa75: failed while reading the ElectricalSeries rates (AttributeError: module 'spikeinterface.extractors' has no attribute 'NwbRecordingExtractor')
2026-10-03T08:17:53Z WARNING [1029/1870] 2dcc18ff-6b69-4022-8368-f0a20d58fa75: leaving unrecorded for a later run to retry.
2026-10-03T08:17:53Z WARNING 2dcc7097-130d-4079-a98d-5be344e56f37: failed while reading the ElectricalSeries rates (AttributeError: module 'spikeinterface.extractors' has no attribute 'NwbRecordingExtractor')
2026-10-03T08:17:53Z WARNING [1030/1870] 2dcc7097-130d-4079-a98d-5be344e56f37: leaving unrecorded for a later run to retry.
2026-10-03T08:17:53Z WARNING 2dcd4fcc-1a05-476d-8565-f98ef230a5b1: failed while reading the ElectricalSeries rates (AttributeError: module 'spikeinterface.extractors' has no attribute 'NwbRecordingExtractor')
2026-10-03T08:17:53Z WARNING [1031/1870] 2dcd4fcc-1a05-476d-8565-f98ef230a5b1: leaving unrecorded for a later run to retry.
2026-10-03T08:17:54Z WARNING 2dce38a5-d072-474b-bb99-263b3fb53321: failed while reading the ElectricalSeries rates (AttributeError: module 'spikeinterface.extractors' has no attribute 'NwbRecordingExtractor')
2026-10-03T08:17:54Z WARNING [1032/1870] 2dce38a5-d072-474b-bb99-263b3fb53321: leaving unrecorded for a later run to retry.
2026-10-03T08:17:54Z WARNING 2dcfaa32-204a-43da-b1a7-b13b959592c0: failed while reading the ElectricalSeries rates (AttributeError: module 'spikeinterface.extractors' has no attribute 'NwbRecordingExtractor')
2026-10-03T08:17:54Z WARNING [1033/1870] 2dcfaa32-204a-43da-b1a7-b13b959592c0: leaving unrecorded for a later run to retry.
2026-10-03T08:17:54Z WARNING 2dd06c9e-2523-4e0a-92b6-a3c37ca8671e: failed while reading the ElectricalSeries rates (AttributeError: module 'spikeinterface.extractors' has no attribute 'NwbRecordingExtractor')
2026-10-03T08:17:54Z WARNING [1034/1870] 2dd06c9e-2523-4e0a-92b6-a3c37ca8671e: leaving unrecorded for a later run to retry.
2026-10-03T08:17:54Z WARNING 2dd0c971-1dac-4992-959c-2eb681240b21: failed while reading the ElectricalSeries rates (AttributeError: module 'spikeinterface.extractors' has no attribute 'NwbRecordingExtractor')
2026-10-03T08:17:54Z WARNING [1035/1870] 2dd0c971-1dac-4992-959c-2eb681240b21: leaving unrecorded for a later run to retry.
2026-10-03T08:17:54Z WARNING 2dd38b35-bd2b-4494-a1af-0176710ad914: failed while reading the ElectricalSeries rates (AttributeError: module 'spikeinterface.extractors' has no attribute 'NwbRecordingExtractor')
2026-10-03T08:17:54Z WARNING [1036/1870] 2dd38b35-bd2b-4494-a1af-0176710ad914: leaving unrecorded for a later run to retry.
2026-10-03T08:17:55Z WARNING 2dd3f198-bf3a-4aad-9c30-e5b9c3369380: failed while reading the ElectricalSeries rates (AttributeError: module 'spikeinterface.extractors' has no attribute 'NwbRecordingExtractor')
2026-10-03T08:17:55Z WARNING [1037/1870] 2dd3f198-bf3a-4aad-9c30-e5b9c3369380: leaving unrecorded for a later run to retry.
2026-10-03T08:17:55Z WARNING 2dd58899-a670-4068-b594-584be94f8e82: failed while reading the ElectricalSeries rates (AttributeError: module 'spikeinterface.extractors' has no attribute 'NwbRecordingExtractor')
2026-10-03T08:17:55Z WARNING [1038/1870] 2dd58899-a670-4068-b594-584be94f8e82: leaving unrecorded for a later run to retry.
2026-10-03T08:17:55Z WARNING 2dd5a227-2679-4b7b-bb8b-7b6e95485285: failed while reading the ElectricalSeries rates (AttributeError: module 'spikeinterface.extractors' has no attribute 'NwbRecordingExtractor')
2026-10-03T08:17:55Z WARNING [1039/1870] 2dd5a227-2679-4b7b-bb8b-7b6e95485285: leaving unrecorded for a later run to retry.
2026-10-03T08:17:55Z WARNING 2dd611a3-cf79-4325-b289-2b159de42982: failed while reading the ElectricalSeries rates (AttributeError: module 'spikeinterface.extractors' has no attribute 'NwbRecordingExtractor')
2026-10-03T08:17:55Z WARNING [1040/1870] 2dd611a3-cf79-4325-b289-2b159de42982: leaving unrecorded for a later run to retry.
2026-10-03T08:17:56Z WARNING 2dd6c625-7d38-44a8-b254-74b029f05019: failed while reading the ElectricalSeries rates (AttributeError: module 'spikeinterface.extractors' has no attribute 'NwbRecordingExtractor')
2026-10-03T08:17:56Z WARNING [1041/1870] 2dd6c625-7d38-44a8-b254-74b029f05019: leaving unrecorded for a later run to retry.
2026-10-03T08:17:56Z WARNING 2dd6e229-9621-4203-b759-150a237725b0: failed while reading the ElectricalSeries rates (AttributeError: module 'spikeinterface.extractors' has no attribute 'NwbRecordingExtractor')
2026-10-03T08:17:56Z WARNING [1042/1870] 2dd6e229-9621-4203-b759-150a237725b0: leaving unrecorded for a later run to retry.
2026-10-03T08:17:56Z WARNING 2dd6f83f-62f4-4bc2-bc1d-f3968f5354e4: failed while reading the ElectricalSeries rates (AttributeError: module 'spikeinterface.extractors' has no attribute 'NwbRecordingExtractor')
2026-10-03T08:17:56Z WARNING [1043/1870] 2dd6f83f-62f4-4bc2-bc1d-f3968f5354e4: leaving unrecorded for a later run to retry.
2026-10-03T08:17:56Z WARNING 2dd7249f-89b5-455c-be11-6c777d91cf29: failed while reading the ElectricalSeries rates (AttributeError: module 'spikeinterface.extractors' has no attribute 'NwbRecordingExtractor')
2026-10-03T08:17:56Z WARNING [1044/1870] 2dd7249f-89b5-455c-be11-6c777d91cf29: leaving unrecorded for a later run to retry.
2026-10-03T08:17:56Z WARNING 2dd75f9a-d0b1-4aa0-a50e-2417d3cca23b: failed while reading the ElectricalSeries rates (AttributeError: module 'spikeinterface.extractors' has no attribute 'NwbRecordingExtractor')
2026-10-03T08:17:56Z WARNING [1045/1870] 2dd75f9a-d0b1-4aa0-a50e-2417d3cca23b: leaving unrecorded for a later run to retry.
2026-10-03T08:17:57Z WARNING 2dd76583-8867-4a0c-a806-8dc251cc7061: failed while reading the ElectricalSeries rates (AttributeError: module 'spikeinterface.extractors' has no attribute 'NwbRecordingExtractor')
2026-10-03T08:17:57Z WARNING [1046/1870] 2dd76583-8867-4a0c-a806-8dc251cc7061: leaving unrecorded for a later run to retry.
2026-10-03T08:17:57Z WARNING 2dd76c3c-47f9-4080-bfbc-d30904bd310b: failed while reading the ElectricalSeries rates (AttributeError: module 'spikeinterface.extractors' has no attribute 'NwbRecordingExtractor')
2026-10-03T08:17:57Z WARNING [1047/1870] 2dd76c3c-47f9-4080-bfbc-d30904bd310b: leaving unrecorded for a later run to retry.
2026-10-03T08:17:57Z WARNING 2dd77ca6-d78c-4407-8236-337f12f1b5ad: failed while reading the ElectricalSeries rates (AttributeError: module 'spikeinterface.extractors' has no attribute 'NwbRecordingExtractor')
2026-10-03T08:17:57Z WARNING [1048/1870] 2dd77ca6-d78c-4407-8236-337f12f1b5ad: leaving unrecorded for a later run to retry.
2026-10-03T08:17:57Z WARNING 2dd7e595-2b1f-4b58-a84e-fdab596049b5: failed while reading the ElectricalSeries rates (AttributeError: module 'spikeinterface.extractors' has no attribute 'NwbRecordingExtractor')
2026-10-03T08:17:57Z WARNING [1049/1870] 2dd7e595-2b1f-4b58-a84e-fdab596049b5: leaving unrecorded for a later run to retry.
2026-10-03T08:17:57Z WARNING 2dd9441f-f834-4b77-8458-d289f8af3389: failed while reading the ElectricalSeries rates (AttributeError: module 'spikeinterface.extractors' has no attribute 'NwbRecordingExtractor')
2026-10-03T08:17:57Z WARNING [1050/1870] 2dd9441f-f834-4b77-8458-d289f8af3389: leaving unrecorded for a later run to retry.
2026-10-03T08:17:58Z INFO [1050/1870] 2dd9441f-f834-4b77-8458-d289f8af3389: checkpointed 60602 records.
2026-10-03T08:17:58Z WARNING 2dd9e92a-cdcb-485f-91df-027319a55779: failed while reading the ElectricalSeries rates (AttributeError: module 'spikeinterface.extractors' has no attribute 'NwbRecordingExtractor')
2026-10-03T08:17:58Z WARNING [1051/1870] 2dd9e92a-cdcb-485f-91df-027319a55779: leaving unrecorded for a later run to retry.
2026-10-03T08:17:58Z WARNING 2dda5590-0f49-4e2b-9305-9c451ca711da: failed while reading the ElectricalSeries rates (AttributeError: module 'spikeinterface.extractors' has no attribute 'NwbRecordingExtractor')
2026-10-03T08:17:58Z WARNING [1052/1870] 2dda5590-0f49-4e2b-9305-9c451ca711da: leaving unrecorded for a later run to retry.
2026-10-03T08:17:58Z WARNING 2ddac752-807c-4fa0-8953-fa958b7e48aa: failed while reading the ElectricalSeries rates (AttributeError: module 'spikeinterface.extractors' has no attribute 'NwbRecordingExtractor')
2026-10-03T08:17:58Z WARNING [1053/1870] 2ddac752-807c-4fa0-8953-fa958b7e48aa: leaving unrecorded for a later run to retry.
2026-10-03T08:17:58Z WARNING 2ddacbc4-4578-4618-b0b2-42dc24f10f43: failed while reading the ElectricalSeries rates (AttributeError: module 'spikeinterface.extractors' has no attribute 'NwbRecordingExtractor')
2026-10-03T08:17:58Z WARNING [1054/1870] 2ddacbc4-4578-4618-b0b2-42dc24f10f43: leaving unrecorded for a later run to retry.
2026-10-03T08:17:59Z WARNING 2ddb3cc7-6c4a-4fa3-93fe-babbb52c3f77: failed while reading the ElectricalSeries rates (AttributeError: module 'spikeinterface.extractors' has no attribute 'NwbRecordingExtractor')
2026-10-03T08:17:59Z WARNING [1055/1870] 2ddb3cc7-6c4a-4fa3-93fe-babbb52c3f77: leaving unrecorded for a later run to retry.
2026-10-03T08:17:59Z WARNING 2ddc46cb-2172-4408-beb8-79e4d3680c19: failed while reading the ElectricalSeries rates (AttributeError: module 'spikeinterface.extractors' has no attribute 'NwbRecordingExtractor')
2026-10-03T08:17:59Z WARNING [1056/1870] 2ddc46cb-2172-4408-beb8-79e4d3680c19: leaving unrecorded for a later run to retry.
2026-10-03T08:17:59Z WARNING 2ddd19df-7f5d-4fcd-bc2a-cbb4c06e2621: failed while reading the ElectricalSeries rates (AttributeError: module 'spikeinterface.extractors' has no attribute 'NwbRecordingExtractor')
2026-10-03T08:17:59Z WARNING [1057/1870] 2ddd19df-7f5d-4fcd-bc2a-cbb4c06e2621: leaving unrecorded for a later run to retry.
2026-10-03T08:17:59Z WARNING 2dddfe3c-5b46-46b6-af60-4c006100bef1: failed while reading the ElectricalSeries rates (AttributeError: module 'spikeinterface.extractors' has no attribute 'NwbRecordingExtractor')
2026-10-03T08:17:59Z WARNING [1058/1870] 2dddfe3c-5b46-46b6-af60-4c006100bef1: leaving unrecorded for a later run to retry.
2026-10-03T08:17:59Z WARNING 2dde18e7-513c-4427-add2-2a63de7d6502: failed while reading the ElectricalSeries rates (AttributeError: module 'spikeinterface.extractors' has no attribute 'NwbRecordingExtractor')
2026-10-03T08:17:59Z WARNING [1059/1870] 2dde18e7-513c-4427-add2-2a63de7d6502: leaving unrecorded for a later run to retry.
2026-10-03T08:18:00Z WARNING 2dde5526-e2c8-4374-a51a-ac263297bdd6: failed while reading the ElectricalSeries rates (AttributeError: module 'spikeinterface.extractors' has no attribute 'NwbRecordingExtractor')
2026-10-03T08:18:00Z WARNING [1060/1870] 2dde5526-e2c8-4374-a51a-ac263297bdd6: leaving unrecorded for a later run to retry.
2026-10-03T08:18:00Z WARNING 2dde6aa3-c5ac-47bc-b2ac-b0744bb8030f: failed while reading the ElectricalSeries rates (AttributeError: module 'spikeinterface.extractors' has no attribute 'NwbRecordingExtractor')
2026-10-03T08:18:00Z WARNING [1061/1870] 2dde6aa3-c5ac-47bc-b2ac-b0744bb8030f: leaving unrecorded for a later run to retry.
2026-10-03T08:18:00Z WARNING 2ddf1982-b5a9-409f-931d-e55ad555c5d3: failed while reading the ElectricalSeries rates (AttributeError: module 'spikeinterface.extractors' has no attribute 'NwbRecordingExtractor')
2026-10-03T08:18:00Z WARNING [1062/1870] 2ddf1982-b5a9-409f-931d-e55ad555c5d3: leaving unrecorded for a later run to retry.
2026-10-03T08:18:00Z WARNING 2ddf9bbf-0cf2-4c71-8411-61877428b882: failed while reading the ElectricalSeries rates (AttributeError: module 'spikeinterface.extractors' has no attribute 'NwbRecordingExtractor')
2026-10-03T08:18:00Z WARNING [1063/1870] 2ddf9bbf-0cf2-4c71-8411-61877428b882: leaving unrecorded for a later run to retry.
2026-10-03T08:18:01Z WARNING 2ddffdf7-7c46-4e2f-a997-b46a5def081f: failed while reading the ElectricalSeries rates (AttributeError: module 'spikeinterface.extractors' has no attribute 'NwbRecordingExtractor')
2026-10-03T08:18:01Z WARNING [1064/1870] 2ddffdf7-7c46-4e2f-a997-b46a5def081f: leaving unrecorded for a later run to retry.
2026-10-03T08:18:01Z WARNING 2de0b125-3c6c-42d6-b090-af70e1d235f5: failed while reading the ElectricalSeries rates (AttributeError: module 'spikeinterface.extractors' has no attribute 'NwbRecordingExtractor')
2026-10-03T08:18:01Z WARNING [1065/1870] 2de0b125-3c6c-42d6-b090-af70e1d235f5: leaving unrecorded for a later run to retry.
2026-10-03T08:18:01Z WARNING 2de0e6d5-4059-44d8-8ff7-fd43ac6995e9: failed while reading the ElectricalSeries rates (AttributeError: module 'spikeinterface.extractors' has no attribute 'NwbRecordingExtractor')
2026-10-03T08:18:01Z WARNING [1066/1870] 2de0e6d5-4059-44d8-8ff7-fd43ac6995e9: leaving unrecorded for a later run to retry.
2026-10-03T08:18:01Z WARNING 2de1ebcb-0b0f-4a40-ac38-4b23d4d2a399: failed while reading the ElectricalSeries rates (AttributeError: module 'spikeinterface.extractors' has no attribute 'NwbRecordingExtractor')
2026-10-03T08:18:01Z WARNING [1067/1870] 2de1ebcb-0b0f-4a40-ac38-4b23d4d2a399: leaving unrecorded for a later run to retry.
2026-10-03T08:18:01Z WARNING 2de1ef31-c03a-4f5c-b575-275851e421bd: failed while reading the ElectricalSeries rates (AttributeError: module 'spikeinterface.extractors' has no attribute 'NwbRecordingExtractor')
2026-10-03T08:18:01Z WARNING [1068/1870] 2de1ef31-c03a-4f5c-b575-275851e421bd: leaving unrecorded for a later run to retry.
2026-10-03T08:18:02Z WARNING 2de3f7a6-708e-4c56-b1a9-d48b0f97feb2: failed while reading the ElectricalSeries rates (AttributeError: module 'spikeinterface.extractors' has no attribute 'NwbRecordingExtractor')
2026-10-03T08:18:02Z WARNING [1069/1870] 2de3f7a6-708e-4c56-b1a9-d48b0f97feb2: leaving unrecorded for a later run to retry.
2026-10-03T08:18:02Z WARNING 2de44f77-8855-434a-b5a3-8d1ed04edf85: failed while reading the ElectricalSeries rates (AttributeError: module 'spikeinterface.extractors' has no attribute 'NwbRecordingExtractor')
2026-10-03T08:18:02Z WARNING [1070/1870] 2de44f77-8855-434a-b5a3-8d1ed04edf85: leaving unrecorded for a later run to retry.
2026-10-03T08:18:02Z WARNING 2de45a94-d306-48da-a7e4-892461a52227: failed while reading the ElectricalSeries rates (AttributeError: module 'spikeinterface.extractors' has no attribute 'NwbRecordingExtractor')
2026-10-03T08:18:02Z WARNING [1071/1870] 2de45a94-d306-48da-a7e4-892461a52227: leaving unrecorded for a later run to retry.
2026-10-03T08:18:02Z WARNING 2de47296-7bdd-4cd6-83c7-dedd1e9a0002: failed while reading the ElectricalSeries rates (AttributeError: module 'spikeinterface.extractors' has no attribute 'NwbRecordingExtractor')
2026-10-03T08:18:02Z WARNING [1072/1870] 2de47296-7bdd-4cd6-83c7-dedd1e9a0002: leaving unrecorded for a later run to retry.
2026-10-03T08:18:03Z WARNING 2de4f212-8538-4040-b68d-245e8d3bb784: failed while reading the ElectricalSeries rates (AttributeError: module 'spikeinterface.extractors' has no attribute 'NwbRecordingExtractor')
2026-10-03T08:18:03Z WARNING [1073/1870] 2de4f212-8538-4040-b68d-245e8d3bb784: leaving unrecorded for a later run to retry.
2026-10-03T08:18:03Z WARNING 2de5acaa-dfa4-4262-b352-a3a89677ad15: failed while reading the ElectricalSeries rates (AttributeError: module 'spikeinterface.extractors' has no attribute 'NwbRecordingExtractor')
2026-10-03T08:18:03Z WARNING [1074/1870] 2de5acaa-dfa4-4262-b352-a3a89677ad15: leaving unrecorded for a later run to retry.
2026-10-03T08:18:03Z WARNING 2de5ba74-7611-4c2b-9835-aca6d0280baa: failed while reading the ElectricalSeries rates (AttributeError: module 'spikeinterface.extractors' has no attribute 'NwbRecordingExtractor')
2026-10-03T08:18:03Z WARNING [1075/1870] 2de5ba74-7611-4c2b-9835-aca6d0280baa: leaving unrecorded for a later run to retry.
2026-10-03T08:18:03Z WARNING 2de600c5-4cad-4802-8220-153920c6a5c9: failed while reading the ElectricalSeries rates (AttributeError: module 'spikeinterface.extractors' has no attribute 'NwbRecordingExtractor')
2026-10-03T08:18:03Z WARNING [1076/1870] 2de600c5-4cad-4802-8220-153920c6a5c9: leaving unrecorded for a later run to retry.
2026-10-03T08:18:03Z WARNING 2de6269e-7769-48b0-a0a6-e989fb7d2073: failed while reading the ElectricalSeries rates (AttributeError: module 'spikeinterface.extractors' has no attribute 'NwbRecordingExtractor')
2026-10-03T08:18:03Z WARNING [1077/1870] 2de6269e-7769-48b0-a0a6-e989fb7d2073: leaving unrecorded for a later run to retry.
2026-10-03T08:18:04Z WARNING 2de805bb-f412-4708-bba4-7aa7c1643ae7: failed while reading the ElectricalSeries rates (AttributeError: module 'spikeinterface.extractors' has no attribute 'NwbRecordingExtractor')
2026-10-03T08:18:04Z WARNING [1078/1870] 2de805bb-f412-4708-bba4-7aa7c1643ae7: leaving unrecorded for a later run to retry.
2026-10-03T08:18:04Z WARNING 2de89c01-15f7-4697-ba9c-87f9bf4adf78: failed while reading the ElectricalSeries rates (AttributeError: module 'spikeinterface.extractors' has no attribute 'NwbRecordingExtractor')
2026-10-03T08:18:04Z WARNING [1079/1870] 2de89c01-15f7-4697-ba9c-87f9bf4adf78: leaving unrecorded for a later run to retry.
2026-10-03T08:18:04Z WARNING 2de95263-383b-4518-bc4c-41d187af84b0: failed while reading the ElectricalSeries rates (AttributeError: module 'spikeinterface.extractors' has no attribute 'NwbRecordingExtractor')
2026-10-03T08:18:04Z WARNING [1080/1870] 2de95263-383b-4518-bc4c-41d187af84b0: leaving unrecorded for a later run to retry.
2026-10-03T08:18:04Z WARNING 2de955e7-e6ca-45bb-924a-e6de0a813830: failed while reading the ElectricalSeries rates (AttributeError: module 'spikeinterface.extractors' has no attribute 'NwbRecordingExtractor')
2026-10-03T08:18:04Z WARNING [1081/1870] 2de955e7-e6ca-45bb-924a-e6de0a813830: leaving unrecorded for a later run to retry.
2026-10-03T08:18:05Z WARNING 2de9aacf-58c4-456e-84f1-94c8dc3ca810: failed while reading the ElectricalSeries rates (AttributeError: module 'spikeinterface.extractors' has no attribute 'NwbRecordingExtractor')
2026-10-03T08:18:05Z WARNING [1082/1870] 2de9aacf-58c4-456e-84f1-94c8dc3ca810: leaving unrecorded for a later run to retry.
2026-10-03T08:18:05Z WARNING 2de9d421-619e-47d3-8296-12679febcd97: failed while reading the ElectricalSeries rates (AttributeError: module 'spikeinterface.extractors' has no attribute 'NwbRecordingExtractor')
2026-10-03T08:18:05Z WARNING [1083/1870] 2de9d421-619e-47d3-8296-12679febcd97: leaving unrecorded for a later run to retry.
2026-10-03T08:18:05Z WARNING 2dea3cba-d973-4005-a374-867988b35768: failed while reading the ElectricalSeries rates (AttributeError: module 'spikeinterface.extractors' has no attribute 'NwbRecordingExtractor')
2026-10-03T08:18:05Z WARNING [1084/1870] 2dea3cba-d973-4005-a374-867988b35768: leaving unrecorded for a later run to retry.
2026-10-03T08:18:05Z WARNING 2dea6670-dc25-4125-9133-7a00e4cb82ff: failed while reading the ElectricalSeries rates (AttributeError: module 'spikeinterface.extractors' has no attribute 'NwbRecordingExtractor')
2026-10-03T08:18:05Z WARNING [1085/1870] 2dea6670-dc25-4125-9133-7a00e4cb82ff: leaving unrecorded for a later run to retry.
2026-10-03T08:18:05Z WARNING 2debc9f0-fddc-4361-8245-4c6fae917b00: failed while reading the ElectricalSeries rates (AttributeError: module 'spikeinterface.extractors' has no attribute 'NwbRecordingExtractor')
2026-10-03T08:18:05Z WARNING [1086/1870] 2debc9f0-fddc-4361-8245-4c6fae917b00: leaving unrecorded for a later run to retry.
2026-10-03T08:18:06Z WARNING 2dee6c46-06a4-4872-b620-ef5edf4d7e93: failed while reading the ElectricalSeries rates (AttributeError: module 'spikeinterface.extractors' has no attribute 'NwbRecordingExtractor')
2026-10-03T08:18:06Z WARNING [1087/1870] 2dee6c46-06a4-4872-b620-ef5edf4d7e93: leaving unrecorded for a later run to retry.
2026-10-03T08:18:06Z WARNING 2dee8bec-d7e6-4f63-9039-4faf4d2d01da: failed while reading the ElectricalSeries rates (AttributeError: module 'spikeinterface.extractors' has no attribute 'NwbRecordingExtractor')
2026-10-03T08:18:06Z WARNING [1088/1870] 2dee8bec-d7e6-4f63-9039-4faf4d2d01da: leaving unrecorded for a later run to retry.
2026-10-03T08:18:06Z WARNING 2deed165-0066-4c7d-8d63-b43429774eff: failed while reading the ElectricalSeries rates (AttributeError: module 'spikeinterface.extractors' has no attribute 'NwbRecordingExtractor')
2026-10-03T08:18:06Z WARNING [1089/1870] 2deed165-0066-4c7d-8d63-b43429774eff: leaving unrecorded for a later run to retry.
2026-10-03T08:18:06Z WARNING 2deedea2-45b8-493a-afca-858e03659c32: failed while reading the ElectricalSeries rates (AttributeError: module 'spikeinterface.extractors' has no attribute 'NwbRecordingExtractor')
2026-10-03T08:18:06Z WARNING [1090/1870] 2deedea2-45b8-493a-afca-858e03659c32: leaving unrecorded for a later run to retry.
2026-10-03T08:18:07Z WARNING 2def788d-b835-4015-a346-1508ea438a0d: failed while reading the ElectricalSeries rates (AttributeError: module 'spikeinterface.extractors' has no attribute 'NwbRecordingExtractor')
2026-10-03T08:18:07Z WARNING [1091/1870] 2def788d-b835-4015-a346-1508ea438a0d: leaving unrecorded for a later run to retry.
2026-10-03T08:18:07Z WARNING 2defb8ce-0561-4a83-a4d6-0f39a489b275: failed while reading the ElectricalSeries rates (AttributeError: module 'spikeinterface.extractors' has no attribute 'NwbRecordingExtractor')
2026-10-03T08:18:07Z WARNING [1092/1870] 2defb8ce-0561-4a83-a4d6-0f39a489b275: leaving unrecorded for a later run to retry.
2026-10-03T08:18:07Z WARNING 2defc912-dde2-4f93-8d14-25c127e58701: failed while reading the ElectricalSeries rates (AttributeError: module 'spikeinterface.extractors' has no attribute 'NwbRecordingExtractor')
2026-10-03T08:18:07Z WARNING [1093/1870] 2defc912-dde2-4f93-8d14-25c127e58701: leaving unrecorded for a later run to retry.
2026-10-03T08:18:07Z WARNING 2df0c517-e3ee-400e-a077-260e90eb8438: failed while reading the ElectricalSeries rates (AttributeError: module 'spikeinterface.extractors' has no attribute 'NwbRecordingExtractor')
2026-10-03T08:18:07Z WARNING [1094/1870] 2df0c517-e3ee-400e-a077-260e90eb8438: leaving unrecorded for a later run to retry.
2026-10-03T08:18:07Z WARNING 2df10db4-75c9-46ab-aa52-3783f98ecb42: failed while reading the ElectricalSeries rates (AttributeError: module 'spikeinterface.extractors' has no attribute 'NwbRecordingExtractor')
2026-10-03T08:18:07Z WARNING [1095/1870] 2df10db4-75c9-46ab-aa52-3783f98ecb42: leaving unrecorded for a later run to retry.
2026-10-03T08:18:08Z WARNING 2df25fa8-e3fb-49c0-a0a2-912e37108310: failed while reading the ElectricalSeries rates (AttributeError: module 'spikeinterface.extractors' has no attribute 'NwbRecordingExtractor')
2026-10-03T08:18:08Z WARNING [1096/1870] 2df25fa8-e3fb-49c0-a0a2-912e37108310: leaving unrecorded for a later run to retry.
2026-10-03T08:18:08Z WARNING 2df29dd5-854a-469b-b636-3782c5b44287: failed while reading the ElectricalSeries rates (AttributeError: module 'spikeinterface.extractors' has no attribute 'NwbRecordingExtractor')
2026-10-03T08:18:08Z WARNING [1097/1870] 2df29dd5-854a-469b-b636-3782c5b44287: leaving unrecorded for a later run to retry.
2026-10-03T08:18:08Z WARNING 2df39f87-f9b8-40e5-8de8-0fe2b8a3c2b1: failed while reading the ElectricalSeries rates (AttributeError: module 'spikeinterface.extractors' has no attribute 'NwbRecordingExtractor')
2026-10-03T08:18:08Z WARNING [1098/1870] 2df39f87-f9b8-40e5-8de8-0fe2b8a3c2b1: leaving unrecorded for a later run to retry.
2026-10-03T08:18:08Z WARNING 2df45f18-cda0-48f9-a118-7b05c30f8249: failed while reading the ElectricalSeries rates (AttributeError: module 'spikeinterface.extractors' has no attribute 'NwbRecordingExtractor')
2026-10-03T08:18:08Z WARNING [1099/1870] 2df45f18-cda0-48f9-a118-7b05c30f8249: leaving unrecorded for a later run to retry.
2026-10-03T08:18:09Z WARNING 2df4682c-0719-4bc2-913b-aeed15b21e18: failed while reading the ElectricalSeries rates (AttributeError: module 'spikeinterface.extractors' has no attribute 'NwbRecordingExtractor')
2026-10-03T08:18:09Z WARNING [1100/1870] 2df4682c-0719-4bc2-913b-aeed15b21e18: leaving unrecorded for a later run to retry.
2026-10-03T08:18:09Z INFO [1100/1870] 2df4682c-0719-4bc2-913b-aeed15b21e18: checkpointed 60602 records.
2026-10-03T08:18:09Z WARNING 2df47082-e673-46fc-88d1-e5ae8d674270: failed while reading the ElectricalSeries rates (AttributeError: module 'spikeinterface.extractors' has no attribute 'NwbRecordingExtractor')
2026-10-03T08:18:09Z WARNING [1101/1870] 2df47082-e673-46fc-88d1-e5ae8d674270: leaving unrecorded for a later run to retry.
2026-10-03T08:18:09Z WARNING 2df48652-6c04-4972-8f39-c945708cf671: failed while reading the ElectricalSeries rates (AttributeError: module 'spikeinterface.extractors' has no attribute 'NwbRecordingExtractor')
2026-10-03T08:18:09Z WARNING [1102/1870] 2df48652-6c04-4972-8f39-c945708cf671: leaving unrecorded for a later run to retry.
2026-10-03T08:18:09Z WARNING 2df4ceb0-48ae-49a6-8edf-5e33c9b7a9ea: failed while reading the ElectricalSeries rates (AttributeError: module 'spikeinterface.extractors' has no attribute 'NwbRecordingExtractor')
2026-10-03T08:18:09Z WARNING [1103/1870] 2df4ceb0-48ae-49a6-8edf-5e33c9b7a9ea: leaving unrecorded for a later run to retry.
2026-10-03T08:18:09Z WARNING 2df74844-10f8-4537-b224-947b9751ed32: failed while reading the ElectricalSeries rates (AttributeError: module 'spikeinterface.extractors' has no attribute 'NwbRecordingExtractor')
2026-10-03T08:18:09Z WARNING [1104/1870] 2df74844-10f8-4537-b224-947b9751ed32: leaving unrecorded for a later run to retry.
2026-10-03T08:18:10Z WARNING 2df85cc8-a4d2-43a8-9f29-d9364b214d89: failed while reading the ElectricalSeries rates (AttributeError: module 'spikeinterface.extractors' has no attribute 'NwbRecordingExtractor')
2026-10-03T08:18:10Z WARNING [1105/1870] 2df85cc8-a4d2-43a8-9f29-d9364b214d89: leaving unrecorded for a later run to retry.
2026-10-03T08:18:10Z WARNING 2df910df-929a-4bb3-8982-03d3bedf05e5: failed while reading the ElectricalSeries rates (AttributeError: module 'spikeinterface.extractors' has no attribute 'NwbRecordingExtractor')
2026-10-03T08:18:10Z WARNING [1106/1870] 2df910df-929a-4bb3-8982-03d3bedf05e5: leaving unrecorded for a later run to retry.
2026-10-03T08:18:10Z WARNING 2df92f84-b78f-4448-bbcf-530219eb8f9a: failed while reading the ElectricalSeries rates (AttributeError: module 'spikeinterface.extractors' has no attribute 'NwbRecordingExtractor')
2026-10-03T08:18:10Z WARNING [1107/1870] 2df92f84-b78f-4448-bbcf-530219eb8f9a: leaving unrecorded for a later run to retry.
2026-10-03T08:18:10Z WARNING 2df93e94-0d72-4eb9-8e3e-f271a018b0e7: failed while reading the ElectricalSeries rates (AttributeError: module 'spikeinterface.extractors' has no attribute 'NwbRecordingExtractor')
2026-10-03T08:18:10Z WARNING [1108/1870] 2df93e94-0d72-4eb9-8e3e-f271a018b0e7: leaving unrecorded for a later run to retry.
2026-10-03T08:18:10Z WARNING 2df9774a-944d-4212-821b-95c5d428abca: failed while reading the ElectricalSeries rates (AttributeError: module 'spikeinterface.extractors' has no attribute 'NwbRecordingExtractor')
2026-10-03T08:18:10Z WARNING [1109/1870] 2df9774a-944d-4212-821b-95c5d428abca: leaving unrecorded for a later run to retry.
2026-10-03T08:18:11Z WARNING 2df9972c-b16b-41e1-9a14-89c994072cf7: failed while reading the ElectricalSeries rates (AttributeError: module 'spikeinterface.extractors' has no attribute 'NwbRecordingExtractor')
2026-10-03T08:18:11Z WARNING [1110/1870] 2df9972c-b16b-41e1-9a14-89c994072cf7: leaving unrecorded for a later run to retry.
2026-10-03T08:18:11Z WARNING 2dfa1607-d19d-4b76-8635-285e4329a015: failed while reading the ElectricalSeries rates (AttributeError: module 'spikeinterface.extractors' has no attribute 'NwbRecordingExtractor')
2026-10-03T08:18:11Z WARNING [1111/1870] 2dfa1607-d19d-4b76-8635-285e4329a015: leaving unrecorded for a later run to retry.
2026-10-03T08:18:11Z WARNING 2dfbca23-e524-40c7-8fec-094cb7deb8a7: failed while reading the ElectricalSeries rates (AttributeError: module 'spikeinterface.extractors' has no attribute 'NwbRecordingExtractor')
2026-10-03T08:18:11Z WARNING [1112/1870] 2dfbca23-e524-40c7-8fec-094cb7deb8a7: leaving unrecorded for a later run to retry.
2026-10-03T08:18:11Z WARNING 2dfbe920-e96a-4521-b66f-9b91a0128f19: failed while reading the ElectricalSeries rates (AttributeError: module 'spikeinterface.extractors' has no attribute 'NwbRecordingExtractor')
2026-10-03T08:18:11Z WARNING [1113/1870] 2dfbe920-e96a-4521-b66f-9b91a0128f19: leaving unrecorded for a later run to retry.
2026-10-03T08:18:12Z WARNING 2dfbeeea-e910-408e-b36e-5c67c3d630fa: failed while reading the ElectricalSeries rates (AttributeError: module 'spikeinterface.extractors' has no attribute 'NwbRecordingExtractor')
2026-10-03T08:18:12Z WARNING [1114/1870] 2dfbeeea-e910-408e-b36e-5c67c3d630fa: leaving unrecorded for a later run to retry.
2026-10-03T08:18:12Z WARNING 2dfc2e18-1f9d-4c0f-9b30-ae202a8d0c52: failed while reading the ElectricalSeries rates (AttributeError: module 'spikeinterface.extractors' has no attribute 'NwbRecordingExtractor')
2026-10-03T08:18:12Z WARNING [1115/1870] 2dfc2e18-1f9d-4c0f-9b30-ae202a8d0c52: leaving unrecorded for a later run to retry.
2026-10-03T08:18:12Z WARNING 2dfce66a-27b8-4162-81b4-4d7670d7baf2: failed while reading the ElectricalSeries rates (AttributeError: module 'spikeinterface.extractors' has no attribute 'NwbRecordingExtractor')
2026-10-03T08:18:12Z WARNING [1116/1870] 2dfce66a-27b8-4162-81b4-4d7670d7baf2: leaving unrecorded for a later run to retry.
2026-10-03T08:18:12Z WARNING 2dfd0550-792d-4766-9b50-cf878ed37a37: failed while reading the ElectricalSeries rates (AttributeError: module 'spikeinterface.extractors' has no attribute 'NwbRecordingExtractor')
2026-10-03T08:18:12Z WARNING [1117/1870] 2dfd0550-792d-4766-9b50-cf878ed37a37: leaving unrecorded for a later run to retry.
2026-10-03T08:18:12Z WARNING 2dfd16e2-3dcb-4134-a6ea-53412e0da955: failed while reading the ElectricalSeries rates (AttributeError: module 'spikeinterface.extractors' has no attribute 'NwbRecordingExtractor')
2026-10-03T08:18:12Z WARNING [1118/1870] 2dfd16e2-3dcb-4134-a6ea-53412e0da955: leaving unrecorded for a later run to retry.
2026-10-03T08:18:13Z WARNING 2dfd849c-88aa-46eb-9d11-61f97701d41a: failed while reading the ElectricalSeries rates (AttributeError: module 'spikeinterface.extractors' has no attribute 'NwbRecordingExtractor')
2026-10-03T08:18:13Z WARNING [1119/1870] 2dfd849c-88aa-46eb-9d11-61f97701d41a: leaving unrecorded for a later run to retry.
2026-10-03T08:18:13Z WARNING 2dfd86c7-744b-4a6e-8ad6-b8442fa01862: failed while reading the ElectricalSeries rates (AttributeError: module 'spikeinterface.extractors' has no attribute 'NwbRecordingExtractor')
2026-10-03T08:18:13Z WARNING [1120/1870] 2dfd86c7-744b-4a6e-8ad6-b8442fa01862: leaving unrecorded for a later run to retry.
2026-10-03T08:18:13Z WARNING 2dfe2812-2b24-4cd7-91da-42ac5d2a9b9b: failed while reading the ElectricalSeries rates (AttributeError: module 'spikeinterface.extractors' has no attribute 'NwbRecordingExtractor')
2026-10-03T08:18:13Z WARNING [1121/1870] 2dfe2812-2b24-4cd7-91da-42ac5d2a9b9b: leaving unrecorded for a later run to retry.
2026-10-03T08:18:13Z WARNING 2dfec1ce-aa6a-4b6b-8ba9-e4b6219f2fba: failed while reading the ElectricalSeries rates (AttributeError: module 'spikeinterface.extractors' has no attribute 'NwbRecordingExtractor')
2026-10-03T08:18:13Z WARNING [1122/1870] 2dfec1ce-aa6a-4b6b-8ba9-e4b6219f2fba: leaving unrecorded for a later run to retry.
2026-10-03T08:18:14Z WARNING 2dfec93e-afc1-49f0-b936-2c42122dfbd2: failed while reading the ElectricalSeries rates (AttributeError: module 'spikeinterface.extractors' has no attribute 'NwbRecordingExtractor')
2026-10-03T08:18:14Z WARNING [1123/1870] 2dfec93e-afc1-49f0-b936-2c42122dfbd2: leaving unrecorded for a later run to retry.
2026-10-03T08:18:14Z WARNING 2dff0d13-2e8f-4ab8-81c2-28ac743acb6a: failed while reading the ElectricalSeries rates (AttributeError: module 'spikeinterface.extractors' has no attribute 'NwbRecordingExtractor')
2026-10-03T08:18:14Z WARNING [1124/1870] 2dff0d13-2e8f-4ab8-81c2-28ac743acb6a: leaving unrecorded for a later run to retry.
2026-10-03T08:18:14Z WARNING 2dff6802-4f7d-4dc5-9c81-82e44ff8e0f0: failed while reading the ElectricalSeries rates (AttributeError: module 'spikeinterface.extractors' has no attribute 'NwbRecordingExtractor')
2026-10-03T08:18:14Z WARNING [1125/1870] 2dff6802-4f7d-4dc5-9c81-82e44ff8e0f0: leaving unrecorded for a later run to retry.
2026-10-03T08:18:14Z WARNING 2e0078c8-8e3b-4ea2-a43b-65c5a39093e4: failed while reading the ElectricalSeries rates (AttributeError: module 'spikeinterface.extractors' has no attribute 'NwbRecordingExtractor')
2026-10-03T08:18:14Z WARNING [1126/1870] 2e0078c8-8e3b-4ea2-a43b-65c5a39093e4: leaving unrecorded for a later run to retry.
2026-10-03T08:18:14Z WARNING 2e01cb21-1d6a-4a9c-90c0-95aec3252b4d: failed while reading the ElectricalSeries rates (AttributeError: module 'spikeinterface.extractors' has no attribute 'NwbRecordingExtractor')
2026-10-03T08:18:14Z WARNING [1127/1870] 2e01cb21-1d6a-4a9c-90c0-95aec3252b4d: leaving unrecorded for a later run to retry.
2026-10-03T08:18:15Z WARNING 2e02333d-ba65-4b97-b0bd-1965601eacc8: failed while reading the ElectricalSeries rates (AttributeError: module 'spikeinterface.extractors' has no attribute 'NwbRecordingExtractor')
2026-10-03T08:18:15Z WARNING [1128/1870] 2e02333d-ba65-4b97-b0bd-1965601eacc8: leaving unrecorded for a later run to retry.
2026-10-03T08:18:15Z WARNING 2e02e7e3-6a32-461f-b89d-0af83b6dd2b5: failed while reading the ElectricalSeries rates (AttributeError: module 'spikeinterface.extractors' has no attribute 'NwbRecordingExtractor')
2026-10-03T08:18:15Z WARNING [1129/1870] 2e02e7e3-6a32-461f-b89d-0af83b6dd2b5: leaving unrecorded for a later run to retry.
2026-10-03T08:18:15Z WARNING 2e030e3f-dfd0-4558-bc15-651c25cee431: failed while reading the ElectricalSeries rates (AttributeError: module 'spikeinterface.extractors' has no attribute 'NwbRecordingExtractor')
2026-10-03T08:18:15Z WARNING [1130/1870] 2e030e3f-dfd0-4558-bc15-651c25cee431: leaving unrecorded for a later run to retry.
2026-10-03T08:18:15Z WARNING 2e03f6dd-eb6f-4792-987f-7ef51b2616f3: failed while reading the ElectricalSeries rates (AttributeError: module 'spikeinterface.extractors' has no attribute 'NwbRecordingExtractor')
2026-10-03T08:18:15Z WARNING [1131/1870] 2e03f6dd-eb6f-4792-987f-7ef51b2616f3: leaving unrecorded for a later run to retry.
2026-10-03T08:18:15Z WARNING 2e040bac-baa9-4604-a844-fd44361be07a: failed while reading the ElectricalSeries rates (AttributeError: module 'spikeinterface.extractors' has no attribute 'NwbRecordingExtractor')
2026-10-03T08:18:15Z WARNING [1132/1870] 2e040bac-baa9-4604-a844-fd44361be07a: leaving unrecorded for a later run to retry.
2026-10-03T08:18:16Z WARNING 2e04cdf5-63c8-405b-a57e-4907b588b632: failed while reading the ElectricalSeries rates (AttributeError: module 'spikeinterface.extractors' has no attribute 'NwbRecordingExtractor')
2026-10-03T08:18:16Z WARNING [1133/1870] 2e04cdf5-63c8-405b-a57e-4907b588b632: leaving unrecorded for a later run to retry.
2026-10-03T08:18:16Z WARNING 2e054d31-56cb-4f7b-9972-22f877521c3c: failed while reading the ElectricalSeries rates (AttributeError: module 'spikeinterface.extractors' has no attribute 'NwbRecordingExtractor')
2026-10-03T08:18:16Z WARNING [1134/1870] 2e054d31-56cb-4f7b-9972-22f877521c3c: leaving unrecorded for a later run to retry.
2026-10-03T08:18:16Z WARNING 2e059246-0d9a-499f-8bca-1e68ed789ad2: failed while reading the ElectricalSeries rates (AttributeError: module 'spikeinterface.extractors' has no attribute 'NwbRecordingExtractor')
2026-10-03T08:18:16Z WARNING [1135/1870] 2e059246-0d9a-499f-8bca-1e68ed789ad2: leaving unrecorded for a later run to retry.
2026-10-03T08:18:16Z WARNING 2e05da34-46d8-461f-9226-1406dd9fad5c: failed while reading the ElectricalSeries rates (AttributeError: module 'spikeinterface.extractors' has no attribute 'NwbRecordingExtractor')
2026-10-03T08:18:16Z WARNING [1136/1870] 2e05da34-46d8-461f-9226-1406dd9fad5c: leaving unrecorded for a later run to retry.
2026-10-03T08:18:17Z WARNING 2e06bcfb-04e6-4383-bd70-8ae534f1419c: failed while reading the ElectricalSeries rates (AttributeError: module 'spikeinterface.extractors' has no attribute 'NwbRecordingExtractor')
2026-10-03T08:18:17Z WARNING [1137/1870] 2e06bcfb-04e6-4383-bd70-8ae534f1419c: leaving unrecorded for a later run to retry.
2026-10-03T08:18:17Z WARNING 2e06db81-29a2-43ab-91e8-eeb32309d183: failed while reading the ElectricalSeries rates (AttributeError: module 'spikeinterface.extractors' has no attribute 'NwbRecordingExtractor')
2026-10-03T08:18:17Z WARNING [1138/1870] 2e06db81-29a2-43ab-91e8-eeb32309d183: leaving unrecorded for a later run to retry.
2026-10-03T08:18:17Z WARNING 2e070306-fa0a-402a-bcfc-88b0fcab7a8a: failed while reading the ElectricalSeries rates (AttributeError: module 'spikeinterface.extractors' has no attribute 'NwbRecordingExtractor')
2026-10-03T08:18:17Z WARNING [1139/1870] 2e070306-fa0a-402a-bcfc-88b0fcab7a8a: leaving unrecorded for a later run to retry.
2026-10-03T08:18:17Z WARNING 2e072f21-68de-40af-a8da-0cc30d4eadc9: failed while reading the ElectricalSeries rates (AttributeError: module 'spikeinterface.extractors' has no attribute 'NwbRecordingExtractor')
2026-10-03T08:18:17Z WARNING [1140/1870] 2e072f21-68de-40af-a8da-0cc30d4eadc9: leaving unrecorded for a later run to retry.
2026-10-03T08:18:17Z WARNING 2e076ed6-15db-4ca1-9c12-ea3a448a5e1e: failed while reading the ElectricalSeries rates (AttributeError: module 'spikeinterface.extractors' has no attribute 'NwbRecordingExtractor')
2026-10-03T08:18:17Z WARNING [1141/1870] 2e076ed6-15db-4ca1-9c12-ea3a448a5e1e: leaving unrecorded for a later run to retry.
2026-10-03T08:18:18Z WARNING 2e07b5fc-3973-49ba-a5f0-992922405d63: failed while reading the ElectricalSeries rates (AttributeError: module 'spikeinterface.extractors' has no attribute 'NwbRecordingExtractor')
2026-10-03T08:18:18Z WARNING [1142/1870] 2e07b5fc-3973-49ba-a5f0-992922405d63: leaving unrecorded for a later run to retry.
2026-10-03T08:18:18Z WARNING 2e07bb2e-683b-46f9-99ea-8d9fd7d42baf: failed while reading the ElectricalSeries rates (AttributeError: module 'spikeinterface.extractors' has no attribute 'NwbRecordingExtractor')
2026-10-03T08:18:18Z WARNING [1143/1870] 2e07bb2e-683b-46f9-99ea-8d9fd7d42baf: leaving unrecorded for a later run to retry.
2026-10-03T08:18:18Z WARNING 2e07ed4b-5f94-4f6e-9266-209ab153bd82: failed while reading the ElectricalSeries rates (AttributeError: module 'spikeinterface.extractors' has no attribute 'NwbRecordingExtractor')
2026-10-03T08:18:18Z WARNING [1144/1870] 2e07ed4b-5f94-4f6e-9266-209ab153bd82: leaving unrecorded for a later run to retry.
2026-10-03T08:18:18Z WARNING 2e0866c9-e7ca-4e3b-8a9b-2a6cfca9065a: failed while reading the ElectricalSeries rates (AttributeError: module 'spikeinterface.extractors' has no attribute 'NwbRecordingExtractor')
2026-10-03T08:18:18Z WARNING [1145/1870] 2e0866c9-e7ca-4e3b-8a9b-2a6cfca9065a: leaving unrecorded for a later run to retry.
2026-10-03T08:18:19Z WARNING 2e08d15a-bab4-40eb-86b7-a5cfa16c2e70: failed while reading the ElectricalSeries rates (AttributeError: module 'spikeinterface.extractors' has no attribute 'NwbRecordingExtractor')
2026-10-03T08:18:19Z WARNING [1146/1870] 2e08d15a-bab4-40eb-86b7-a5cfa16c2e70: leaving unrecorded for a later run to retry.
2026-10-03T08:18:19Z WARNING 2e0908be-dc65-46ad-9037-54621c06ee81: failed while reading the ElectricalSeries rates (AttributeError: module 'spikeinterface.extractors' has no attribute 'NwbRecordingExtractor')
2026-10-03T08:18:19Z WARNING [1147/1870] 2e0908be-dc65-46ad-9037-54621c06ee81: leaving unrecorded for a later run to retry.
2026-10-03T08:18:19Z WARNING 2e09258f-0ce8-43b9-b997-b0d20abf04db: failed while reading the ElectricalSeries rates (AttributeError: module 'spikeinterface.extractors' has no attribute 'NwbRecordingExtractor')
2026-10-03T08:18:19Z WARNING [1148/1870] 2e09258f-0ce8-43b9-b997-b0d20abf04db: leaving unrecorded for a later run to retry.
2026-10-03T08:18:19Z WARNING 2e09805a-b16e-4b0a-8e64-1297d5dee006: failed while reading the ElectricalSeries rates (AttributeError: module 'spikeinterface.extractors' has no attribute 'NwbRecordingExtractor')
2026-10-03T08:18:19Z WARNING [1149/1870] 2e09805a-b16e-4b0a-8e64-1297d5dee006: leaving unrecorded for a later run to retry.
2026-10-03T08:18:20Z WARNING 2e099510-d818-4645-9809-f1e2ca0aab4d: failed while reading the ElectricalSeries rates (AttributeError: module 'spikeinterface.extractors' has no attribute 'NwbRecordingExtractor')
2026-10-03T08:18:20Z WARNING [1150/1870] 2e099510-d818-4645-9809-f1e2ca0aab4d: leaving unrecorded for a later run to retry.
2026-10-03T08:18:20Z INFO [1150/1870] 2e099510-d818-4645-9809-f1e2ca0aab4d: checkpointed 60602 records.
2026-10-03T08:18:20Z WARNING 2e0a3b62-9ad4-4893-91f6-4c4525e6dca2: failed while reading the ElectricalSeries rates (AttributeError: module 'spikeinterface.extractors' has no attribute 'NwbRecordingExtractor')
2026-10-03T08:18:20Z WARNING [1151/1870] 2e0a3b62-9ad4-4893-91f6-4c4525e6dca2: leaving unrecorded for a later run to retry.
2026-10-03T08:18:20Z WARNING 2e0a6bf1-f90c-40eb-8222-6320f58ffb72: failed while reading the ElectricalSeries rates (AttributeError: module 'spikeinterface.extractors' has no attribute 'NwbRecordingExtractor')
2026-10-03T08:18:20Z WARNING [1152/1870] 2e0a6bf1-f90c-40eb-8222-6320f58ffb72: leaving unrecorded for a later run to retry.
2026-10-03T08:18:20Z WARNING 2e0aca9e-c502-4763-a1ac-cff33903e476: failed while reading the ElectricalSeries rates (AttributeError: module 'spikeinterface.extractors' has no attribute 'NwbRecordingExtractor')
2026-10-03T08:18:20Z WARNING [1153/1870] 2e0aca9e-c502-4763-a1ac-cff33903e476: leaving unrecorded for a later run to retry.
2026-10-03T08:18:21Z WARNING 2e0c4369-c5dd-4977-bada-dfa2b1528563: failed while reading the ElectricalSeries rates (AttributeError: module 'spikeinterface.extractors' has no attribute 'NwbRecordingExtractor')
2026-10-03T08:18:21Z WARNING [1154/1870] 2e0c4369-c5dd-4977-bada-dfa2b1528563: leaving unrecorded for a later run to retry.
2026-10-03T08:18:21Z WARNING 2e0c5b6a-d670-4e15-b491-cff7bfb939c1: failed while reading the ElectricalSeries rates (AttributeError: module 'spikeinterface.extractors' has no attribute 'NwbRecordingExtractor')
2026-10-03T08:18:21Z WARNING [1155/1870] 2e0c5b6a-d670-4e15-b491-cff7bfb939c1: leaving unrecorded for a later run to retry.
2026-10-03T08:18:21Z WARNING 2e0c8eaa-f081-4489-84d7-15cd07263e09: failed while reading the ElectricalSeries rates (AttributeError: module 'spikeinterface.extractors' has no attribute 'NwbRecordingExtractor')
2026-10-03T08:18:21Z WARNING [1156/1870] 2e0c8eaa-f081-4489-84d7-15cd07263e09: leaving unrecorded for a later run to retry.
2026-10-03T08:18:21Z WARNING 2e0d546b-494d-47c4-87dc-b6fdb8adc566: failed while reading the ElectricalSeries rates (AttributeError: module 'spikeinterface.extractors' has no attribute 'NwbRecordingExtractor')
2026-10-03T08:18:21Z WARNING [1157/1870] 2e0d546b-494d-47c4-87dc-b6fdb8adc566: leaving unrecorded for a later run to retry.
2026-10-03T08:18:21Z WARNING 2e0d8047-d8a8-4cbd-8686-2130aa03e991: failed while reading the ElectricalSeries rates (AttributeError: module 'spikeinterface.extractors' has no attribute 'NwbRecordingExtractor')
2026-10-03T08:18:21Z WARNING [1158/1870] 2e0d8047-d8a8-4cbd-8686-2130aa03e991: leaving unrecorded for a later run to retry.
2026-10-03T08:18:22Z WARNING 2e0d95e9-4325-4779-b087-88bde72e6799: failed while reading the ElectricalSeries rates (AttributeError: module 'spikeinterface.extractors' has no attribute 'NwbRecordingExtractor')
2026-10-03T08:18:22Z WARNING [1159/1870] 2e0d95e9-4325-4779-b087-88bde72e6799: leaving unrecorded for a later run to retry.
2026-10-03T08:18:22Z WARNING 2e0ec76c-5c76-406b-bd34-6cd307b0629f: failed while reading the ElectricalSeries rates (AttributeError: module 'spikeinterface.extractors' has no attribute 'NwbRecordingExtractor')
2026-10-03T08:18:22Z WARNING [1160/1870] 2e0ec76c-5c76-406b-bd34-6cd307b0629f: leaving unrecorded for a later run to retry.
2026-10-03T08:18:22Z WARNING 2e0fab25-6b4d-4755-adcd-451c2f3d87b7: failed while reading the ElectricalSeries rates (AttributeError: module 'spikeinterface.extractors' has no attribute 'NwbRecordingExtractor')
2026-10-03T08:18:22Z WARNING [1161/1870] 2e0fab25-6b4d-4755-adcd-451c2f3d87b7: leaving unrecorded for a later run to retry.
2026-10-03T08:18:22Z WARNING 2e0fc50e-40de-4f69-8171-022d801faf66: failed while reading the ElectricalSeries rates (AttributeError: module 'spikeinterface.extractors' has no attribute 'NwbRecordingExtractor')
2026-10-03T08:18:22Z WARNING [1162/1870] 2e0fc50e-40de-4f69-8171-022d801faf66: leaving unrecorded for a later run to retry.
2026-10-03T08:18:23Z WARNING 2e0fcf64-a65c-4510-b514-e4b40e2729da: failed while reading the ElectricalSeries rates (AttributeError: module 'spikeinterface.extractors' has no attribute 'NwbRecordingExtractor')
2026-10-03T08:18:23Z WARNING [1163/1870] 2e0fcf64-a65c-4510-b514-e4b40e2729da: leaving unrecorded for a later run to retry.
2026-10-03T08:18:23Z WARNING 2e0fdac4-0b99-4b67-8370-b22e8b1f8fd4: failed while reading the ElectricalSeries rates (AttributeError: module 'spikeinterface.extractors' has no attribute 'NwbRecordingExtractor')
2026-10-03T08:18:23Z WARNING [1164/1870] 2e0fdac4-0b99-4b67-8370-b22e8b1f8fd4: leaving unrecorded for a later run to retry.
2026-10-03T08:18:23Z WARNING 2e100b05-ffd3-4609-ba10-d1cd03280ce1: failed while reading the ElectricalSeries rates (AttributeError: module 'spikeinterface.extractors' has no attribute 'NwbRecordingExtractor')
2026-10-03T08:18:23Z WARNING [1165/1870] 2e100b05-ffd3-4609-ba10-d1cd03280ce1: leaving unrecorded for a later run to retry.
2026-10-03T08:18:23Z WARNING 2e10349e-018b-47a6-85db-31498586d0cf: failed while reading the ElectricalSeries rates (AttributeError: module 'spikeinterface.extractors' has no attribute 'NwbRecordingExtractor')
2026-10-03T08:18:23Z WARNING [1166/1870] 2e10349e-018b-47a6-85db-31498586d0cf: leaving unrecorded for a later run to retry.
2026-10-03T08:18:24Z WARNING 2e104c09-1f62-4af1-993e-71797a4803ba: failed while reading the ElectricalSeries rates (AttributeError: module 'spikeinterface.extractors' has no attribute 'NwbRecordingExtractor')
2026-10-03T08:18:24Z WARNING [1167/1870] 2e104c09-1f62-4af1-993e-71797a4803ba: leaving unrecorded for a later run to retry.
2026-10-03T08:18:24Z WARNING 2e111f45-7523-4b90-9849-cde45b78ae9a: failed while reading the ElectricalSeries rates (AttributeError: module 'spikeinterface.extractors' has no attribute 'NwbRecordingExtractor')
2026-10-03T08:18:24Z WARNING [1168/1870] 2e111f45-7523-4b90-9849-cde45b78ae9a: leaving unrecorded for a later run to retry.
2026-10-03T08:18:24Z WARNING 2e115bb5-9f15-40cd-8580-de1509d29034: failed while reading the ElectricalSeries rates (AttributeError: module 'spikeinterface.extractors' has no attribute 'NwbRecordingExtractor')
2026-10-03T08:18:24Z WARNING [1169/1870] 2e115bb5-9f15-40cd-8580-de1509d29034: leaving unrecorded for a later run to retry.
2026-10-03T08:18:24Z WARNING 2e11d926-7ea3-4331-9f02-d5b6378d769a: failed while reading the ElectricalSeries rates (AttributeError: module 'spikeinterface.extractors' has no attribute 'NwbRecordingExtractor')
2026-10-03T08:18:24Z WARNING [1170/1870] 2e11d926-7ea3-4331-9f02-d5b6378d769a: leaving unrecorded for a later run to retry.
2026-10-03T08:18:24Z WARNING 2e1369c9-250c-4d68-b46f-7728e08a3ba3: failed while reading the ElectricalSeries rates (AttributeError: module 'spikeinterface.extractors' has no attribute 'NwbRecordingExtractor')
2026-10-03T08:18:24Z WARNING [1171/1870] 2e1369c9-250c-4d68-b46f-7728e08a3ba3: leaving unrecorded for a later run to retry.
2026-10-03T08:18:25Z WARNING 2e1387e8-b8b4-4da7-9bbf-27ec098bc136: failed while reading the ElectricalSeries rates (AttributeError: module 'spikeinterface.extractors' has no attribute 'NwbRecordingExtractor')
2026-10-03T08:18:25Z WARNING [1172/1870] 2e1387e8-b8b4-4da7-9bbf-27ec098bc136: leaving unrecorded for a later run to retry.
2026-10-03T08:18:25Z WARNING 2e13991c-0bab-473e-91eb-eaf52679d784: failed while reading the ElectricalSeries rates (AttributeError: module 'spikeinterface.extractors' has no attribute 'NwbRecordingExtractor')
2026-10-03T08:18:25Z WARNING [1173/1870] 2e13991c-0bab-473e-91eb-eaf52679d784: leaving unrecorded for a later run to retry.
2026-10-03T08:18:25Z WARNING 2e13a06e-5441-4bd8-b63e-afcf9f9bc90f: failed while reading the ElectricalSeries rates (AttributeError: module 'spikeinterface.extractors' has no attribute 'NwbRecordingExtractor')
2026-10-03T08:18:25Z WARNING [1174/1870] 2e13a06e-5441-4bd8-b63e-afcf9f9bc90f: leaving unrecorded for a later run to retry.
2026-10-03T08:18:25Z WARNING 2e1455c2-f456-416f-a4ed-65f3414170cf: failed while reading the ElectricalSeries rates (AttributeError: module 'spikeinterface.extractors' has no attribute 'NwbRecordingExtractor')
2026-10-03T08:18:25Z WARNING [1175/1870] 2e1455c2-f456-416f-a4ed-65f3414170cf: leaving unrecorded for a later run to retry.
2026-10-03T08:18:25Z WARNING 2e1497b7-4113-4813-afde-efa4c8dd8a87: failed while reading the ElectricalSeries rates (AttributeError: module 'spikeinterface.extractors' has no attribute 'NwbRecordingExtractor')
2026-10-03T08:18:25Z WARNING [1176/1870] 2e1497b7-4113-4813-afde-efa4c8dd8a87: leaving unrecorded for a later run to retry.
2026-10-03T08:18:26Z WARNING 2e14faaa-ac89-460c-95e8-26d9ea67c780: failed while reading the ElectricalSeries rates (AttributeError: module 'spikeinterface.extractors' has no attribute 'NwbRecordingExtractor')
2026-10-03T08:18:26Z WARNING [1177/1870] 2e14faaa-ac89-460c-95e8-26d9ea67c780: leaving unrecorded for a later run to retry.
2026-10-03T08:18:26Z WARNING 2e156863-e1c1-4fe9-9268-cef50213649d: failed while reading the ElectricalSeries rates (AttributeError: module 'spikeinterface.extractors' has no attribute 'NwbRecordingExtractor')
2026-10-03T08:18:26Z WARNING [1178/1870] 2e156863-e1c1-4fe9-9268-cef50213649d: leaving unrecorded for a later run to retry.
2026-10-03T08:18:26Z WARNING 2e16a2ef-46e8-4a1d-b7b3-83b53a3799bb: failed while reading the ElectricalSeries rates (AttributeError: module 'spikeinterface.extractors' has no attribute 'NwbRecordingExtractor')
2026-10-03T08:18:26Z WARNING [1179/1870] 2e16a2ef-46e8-4a1d-b7b3-83b53a3799bb: leaving unrecorded for a later run to retry.
2026-10-03T08:18:26Z WARNING 2e1729ad-b013-4138-bf34-c69e10e7cdad: failed while reading the ElectricalSeries rates (AttributeError: module 'spikeinterface.extractors' has no attribute 'NwbRecordingExtractor')
2026-10-03T08:18:26Z WARNING [1180/1870] 2e1729ad-b013-4138-bf34-c69e10e7cdad: leaving unrecorded for a later run to retry.
2026-10-03T08:18:26Z WARNING 2e178b05-a1ed-4bdb-9de5-a83054e7453f: failed while reading the ElectricalSeries rates (AttributeError: module 'spikeinterface.extractors' has no attribute 'NwbRecordingExtractor')
2026-10-03T08:18:26Z WARNING [1181/1870] 2e178b05-a1ed-4bdb-9de5-a83054e7453f: leaving unrecorded for a later run to retry.
2026-10-03T08:18:27Z WARNING 2e17ab7b-489c-44d4-bbfc-2ae594b72b0e: failed while reading the ElectricalSeries rates (AttributeError: module 'spikeinterface.extractors' has no attribute 'NwbRecordingExtractor')
2026-10-03T08:18:27Z WARNING [1182/1870] 2e17ab7b-489c-44d4-bbfc-2ae594b72b0e: leaving unrecorded for a later run to retry.
2026-10-03T08:18:27Z WARNING 2e17c051-3edf-44cd-aaf0-d59e08abe11f: failed while reading the ElectricalSeries rates (AttributeError: module 'spikeinterface.extractors' has no attribute 'NwbRecordingExtractor')
2026-10-03T08:18:27Z WARNING [1183/1870] 2e17c051-3edf-44cd-aaf0-d59e08abe11f: leaving unrecorded for a later run to retry.
2026-10-03T08:18:27Z WARNING 2e18344b-bdb6-472c-ad2f-842e57fb9e12: failed while reading the ElectricalSeries rates (AttributeError: module 'spikeinterface.extractors' has no attribute 'NwbRecordingExtractor')
2026-10-03T08:18:27Z WARNING [1184/1870] 2e18344b-bdb6-472c-ad2f-842e57fb9e12: leaving unrecorded for a later run to retry.
2026-10-03T08:18:27Z WARNING 2e18f026-7612-458d-a4b3-1761dcd59f93: failed while reading the ElectricalSeries rates (AttributeError: module 'spikeinterface.extractors' has no attribute 'NwbRecordingExtractor')
2026-10-03T08:18:27Z WARNING [1185/1870] 2e18f026-7612-458d-a4b3-1761dcd59f93: leaving unrecorded for a later run to retry.
2026-10-03T08:18:27Z WARNING 2e1a80d2-63c0-49d3-84f7-76afd6f70b44: failed while reading the ElectricalSeries rates (AttributeError: module 'spikeinterface.extractors' has no attribute 'NwbRecordingExtractor')
2026-10-03T08:18:27Z WARNING [1186/1870] 2e1a80d2-63c0-49d3-84f7-76afd6f70b44: leaving unrecorded for a later run to retry.
2026-10-03T08:18:28Z WARNING 2e1a8359-fc5a-4826-b757-2a29f4c78221: failed while reading the ElectricalSeries rates (AttributeError: module 'spikeinterface.extractors' has no attribute 'NwbRecordingExtractor')
2026-10-03T08:18:28Z WARNING [1187/1870] 2e1a8359-fc5a-4826-b757-2a29f4c78221: leaving unrecorded for a later run to retry.
2026-10-03T08:18:28Z WARNING 2e1ac357-7656-4229-a525-80f7fb5e9bf2: failed while reading the ElectricalSeries rates (AttributeError: module 'spikeinterface.extractors' has no attribute 'NwbRecordingExtractor')
2026-10-03T08:18:28Z WARNING [1188/1870] 2e1ac357-7656-4229-a525-80f7fb5e9bf2: leaving unrecorded for a later run to retry.
2026-10-03T08:18:28Z WARNING 2e1b3a37-3654-454d-9430-8d0eb0c302cd: failed while reading the ElectricalSeries rates (AttributeError: module 'spikeinterface.extractors' has no attribute 'NwbRecordingExtractor')
2026-10-03T08:18:28Z WARNING [1189/1870] 2e1b3a37-3654-454d-9430-8d0eb0c302cd: leaving unrecorded for a later run to retry.
2026-10-03T08:18:28Z WARNING 2e1bfb78-a104-4836-8abe-3a9372555c67: failed while reading the ElectricalSeries rates (AttributeError: module 'spikeinterface.extractors' has no attribute 'NwbRecordingExtractor')
2026-10-03T08:18:28Z WARNING [1190/1870] 2e1bfb78-a104-4836-8abe-3a9372555c67: leaving unrecorded for a later run to retry.
2026-10-03T08:18:29Z WARNING 2e1c4617-8850-434b-a92d-58bf7fbe7159: failed while reading the ElectricalSeries rates (AttributeError: module 'spikeinterface.extractors' has no attribute 'NwbRecordingExtractor')
2026-10-03T08:18:29Z WARNING [1191/1870] 2e1c4617-8850-434b-a92d-58bf7fbe7159: leaving unrecorded for a later run to retry.
2026-10-03T08:18:29Z WARNING 2e1ca66f-475b-47ee-bcdc-a20e69208a9f: failed while reading the ElectricalSeries rates (AttributeError: module 'spikeinterface.extractors' has no attribute 'NwbRecordingExtractor')
2026-10-03T08:18:29Z WARNING [1192/1870] 2e1ca66f-475b-47ee-bcdc-a20e69208a9f: leaving unrecorded for a later run to retry.
2026-10-03T08:18:29Z WARNING 2e1cca30-0abe-4afd-90b7-4f53daaa5088: failed while reading the ElectricalSeries rates (AttributeError: module 'spikeinterface.extractors' has no attribute 'NwbRecordingExtractor')
2026-10-03T08:18:29Z WARNING [1193/1870] 2e1cca30-0abe-4afd-90b7-4f53daaa5088: leaving unrecorded for a later run to retry.
2026-10-03T08:18:29Z WARNING 2e1d5451-cfe6-4f13-b1f0-29c1e8fcebb9: failed while reading the ElectricalSeries rates (AttributeError: module 'spikeinterface.extractors' has no attribute 'NwbRecordingExtractor')
2026-10-03T08:18:29Z WARNING [1194/1870] 2e1d5451-cfe6-4f13-b1f0-29c1e8fcebb9: leaving unrecorded for a later run to retry.
2026-10-03T08:18:29Z WARNING 2e1d9734-75f0-4540-8d03-69471dc44c9e: failed while reading the ElectricalSeries rates (AttributeError: module 'spikeinterface.extractors' has no attribute 'NwbRecordingExtractor')
2026-10-03T08:18:29Z WARNING [1195/1870] 2e1d9734-75f0-4540-8d03-69471dc44c9e: leaving unrecorded for a later run to retry.
2026-10-03T08:18:30Z WARNING 2e1dc6e6-f2e2-4676-b207-1aad85c28d76: failed while reading the ElectricalSeries rates (AttributeError: module 'spikeinterface.extractors' has no attribute 'NwbRecordingExtractor')
2026-10-03T08:18:30Z WARNING [1196/1870] 2e1dc6e6-f2e2-4676-b207-1aad85c28d76: leaving unrecorded for a later run to retry.
2026-10-03T08:18:30Z WARNING 2e1e36bd-b570-42e1-b907-fbe047e84da7: failed while reading the ElectricalSeries rates (AttributeError: module 'spikeinterface.extractors' has no attribute 'NwbRecordingExtractor')
2026-10-03T08:18:30Z WARNING [1197/1870] 2e1e36bd-b570-42e1-b907-fbe047e84da7: leaving unrecorded for a later run to retry.
2026-10-03T08:18:30Z WARNING 2e1e95e0-f41e-4361-8ac9-9f5a866ac53e: failed while reading the ElectricalSeries rates (AttributeError: module 'spikeinterface.extractors' has no attribute 'NwbRecordingExtractor')
2026-10-03T08:18:30Z WARNING [1198/1870] 2e1e95e0-f41e-4361-8ac9-9f5a866ac53e: leaving unrecorded for a later run to retry.
2026-10-03T08:18:30Z WARNING 2e231d70-c8f5-47f3-968c-43ec5a02fe07: failed while reading the ElectricalSeries rates (AttributeError: module 'spikeinterface.extractors' has no attribute 'NwbRecordingExtractor')
2026-10-03T08:18:30Z WARNING [1199/1870] 2e231d70-c8f5-47f3-968c-43ec5a02fe07: leaving unrecorded for a later run to retry.
2026-10-03T08:18:30Z WARNING 2e232431-5298-4220-b8f4-ab62b928aab7: failed while reading the ElectricalSeries rates (AttributeError: module 'spikeinterface.extractors' has no attribute 'NwbRecordingExtractor')
2026-10-03T08:18:30Z WARNING [1200/1870] 2e232431-5298-4220-b8f4-ab62b928aab7: leaving unrecorded for a later run to retry.
2026-10-03T08:18:31Z INFO [1200/1870] 2e232431-5298-4220-b8f4-ab62b928aab7: checkpointed 60602 records.
2026-10-03T08:18:31Z WARNING 2e23c9f6-077c-4af6-a6f2-991cc7cefcbc: failed while reading the ElectricalSeries rates (AttributeError: module 'spikeinterface.extractors' has no attribute 'NwbRecordingExtractor')
2026-10-03T08:18:31Z WARNING [1201/1870] 2e23c9f6-077c-4af6-a6f2-991cc7cefcbc: leaving unrecorded for a later run to retry.
2026-10-03T08:18:31Z WARNING 2e240147-1e30-415d-bb02-cbbefc8eb012: failed while reading the ElectricalSeries rates (AttributeError: module 'spikeinterface.extractors' has no attribute 'NwbRecordingExtractor')
2026-10-03T08:18:31Z WARNING [1202/1870] 2e240147-1e30-415d-bb02-cbbefc8eb012: leaving unrecorded for a later run to retry.
2026-10-03T08:18:31Z WARNING 2e24fb4b-e38c-4516-abff-7d7ab995e1eb: failed while reading the ElectricalSeries rates (AttributeError: module 'spikeinterface.extractors' has no attribute 'NwbRecordingExtractor')
2026-10-03T08:18:31Z WARNING [1203/1870] 2e24fb4b-e38c-4516-abff-7d7ab995e1eb: leaving unrecorded for a later run to retry.
2026-10-03T08:18:31Z WARNING 2e26188e-bc02-4df3-bf98-4e0039e9da35: failed while reading the ElectricalSeries rates (AttributeError: module 'spikeinterface.extractors' has no attribute 'NwbRecordingExtractor')
2026-10-03T08:18:31Z WARNING [1204/1870] 2e26188e-bc02-4df3-bf98-4e0039e9da35: leaving unrecorded for a later run to retry.
2026-10-03T08:18:32Z WARNING 2e2753ed-5006-4aeb-a3b5-2b0424a62b7e: failed while reading the ElectricalSeries rates (AttributeError: module 'spikeinterface.extractors' has no attribute 'NwbRecordingExtractor')
2026-10-03T08:18:32Z WARNING [1205/1870] 2e2753ed-5006-4aeb-a3b5-2b0424a62b7e: leaving unrecorded for a later run to retry.
2026-10-03T08:18:32Z WARNING 2e275ff7-db88-474b-9d76-57984d7144f1: failed while reading the ElectricalSeries rates (AttributeError: module 'spikeinterface.extractors' has no attribute 'NwbRecordingExtractor')
2026-10-03T08:18:32Z WARNING [1206/1870] 2e275ff7-db88-474b-9d76-57984d7144f1: leaving unrecorded for a later run to retry.
2026-10-03T08:18:32Z WARNING 2e27d8b0-4ac4-4d55-b1ef-f90235de7bf0: failed while reading the ElectricalSeries rates (AttributeError: module 'spikeinterface.extractors' has no attribute 'NwbRecordingExtractor')
2026-10-03T08:18:32Z WARNING [1207/1870] 2e27d8b0-4ac4-4d55-b1ef-f90235de7bf0: leaving unrecorded for a later run to retry.
2026-10-03T08:18:32Z WARNING 2e299633-9047-4453-a5f8-bb2fe8442af9: failed while reading the ElectricalSeries rates (AttributeError: module 'spikeinterface.extractors' has no attribute 'NwbRecordingExtractor')
2026-10-03T08:18:32Z WARNING [1208/1870] 2e299633-9047-4453-a5f8-bb2fe8442af9: leaving unrecorded for a later run to retry.
2026-10-03T08:18:32Z WARNING 2e2a71ac-d80f-42b6-8438-b37e0e70acb8: failed while reading the ElectricalSeries rates (AttributeError: module 'spikeinterface.extractors' has no attribute 'NwbRecordingExtractor')
2026-10-03T08:18:32Z WARNING [1209/1870] 2e2a71ac-d80f-42b6-8438-b37e0e70acb8: leaving unrecorded for a later run to retry.
2026-10-03T08:18:33Z WARNING 2e2a7365-463d-40e8-a96e-ca6425615c58: failed while reading the ElectricalSeries rates (AttributeError: module 'spikeinterface.extractors' has no attribute 'NwbRecordingExtractor')
2026-10-03T08:18:33Z WARNING [1210/1870] 2e2a7365-463d-40e8-a96e-ca6425615c58: leaving unrecorded for a later run to retry.
2026-10-03T08:18:33Z WARNING 2e2ad275-c90c-4d55-96b8-10558e5e126d: failed while reading the ElectricalSeries rates (AttributeError: module 'spikeinterface.extractors' has no attribute 'NwbRecordingExtractor')
2026-10-03T08:18:33Z WARNING [1211/1870] 2e2ad275-c90c-4d55-96b8-10558e5e126d: leaving unrecorded for a later run to retry.
2026-10-03T08:18:33Z WARNING 2e2b0b74-c71f-4cff-b78b-5adf5c0d761d: failed while reading the ElectricalSeries rates (AttributeError: module 'spikeinterface.extractors' has no attribute 'NwbRecordingExtractor')
2026-10-03T08:18:33Z WARNING [1212/1870] 2e2b0b74-c71f-4cff-b78b-5adf5c0d761d: leaving unrecorded for a later run to retry.
2026-10-03T08:18:33Z WARNING 2e2b2948-dbf4-4925-85b5-40e3e53b9783: failed while reading the ElectricalSeries rates (AttributeError: module 'spikeinterface.extractors' has no attribute 'NwbRecordingExtractor')
2026-10-03T08:18:33Z WARNING [1213/1870] 2e2b2948-dbf4-4925-85b5-40e3e53b9783: leaving unrecorded for a later run to retry.
2026-10-03T08:18:34Z WARNING 2e2bc681-c1ee-4280-a063-1495d14c0ead: failed while reading the ElectricalSeries rates (AttributeError: module 'spikeinterface.extractors' has no attribute 'NwbRecordingExtractor')
2026-10-03T08:18:34Z WARNING [1214/1870] 2e2bc681-c1ee-4280-a063-1495d14c0ead: leaving unrecorded for a later run to retry.
2026-10-03T08:18:34Z WARNING 2e2bc987-2f57-4568-820a-e2ffd00c6d35: failed while reading the ElectricalSeries rates (AttributeError: module 'spikeinterface.extractors' has no attribute 'NwbRecordingExtractor')
2026-10-03T08:18:34Z WARNING [1215/1870] 2e2bc987-2f57-4568-820a-e2ffd00c6d35: leaving unrecorded for a later run to retry.
2026-10-03T08:18:34Z WARNING 2e2c0579-2836-4b9c-a64d-d5a6656b59a9: failed while reading the ElectricalSeries rates (AttributeError: module 'spikeinterface.extractors' has no attribute 'NwbRecordingExtractor')
2026-10-03T08:18:34Z WARNING [1216/1870] 2e2c0579-2836-4b9c-a64d-d5a6656b59a9: leaving unrecorded for a later run to retry.
2026-10-03T08:18:34Z WARNING 2e2cd824-39a4-4c4b-858a-79cbbd60c17c: failed while reading the ElectricalSeries rates (AttributeError: module 'spikeinterface.extractors' has no attribute 'NwbRecordingExtractor')
2026-10-03T08:18:34Z WARNING [1217/1870] 2e2cd824-39a4-4c4b-858a-79cbbd60c17c: leaving unrecorded for a later run to retry.
2026-10-03T08:18:34Z WARNING 2e2d1e7c-e5e3-45a7-95c1-7abbba010664: failed while reading the ElectricalSeries rates (AttributeError: module 'spikeinterface.extractors' has no attribute 'NwbRecordingExtractor')
2026-10-03T08:18:34Z WARNING [1218/1870] 2e2d1e7c-e5e3-45a7-95c1-7abbba010664: leaving unrecorded for a later run to retry.
2026-10-03T08:18:35Z WARNING 2e2e0357-44ce-46c8-aee3-c2d3301fef55: failed while reading the ElectricalSeries rates (AttributeError: module 'spikeinterface.extractors' has no attribute 'NwbRecordingExtractor')
2026-10-03T08:18:35Z WARNING [1219/1870] 2e2e0357-44ce-46c8-aee3-c2d3301fef55: leaving unrecorded for a later run to retry.
2026-10-03T08:18:35Z WARNING 2e2e2b2e-a960-4931-bc83-5aeaaaa9f980: failed while reading the ElectricalSeries rates (AttributeError: module 'spikeinterface.extractors' has no attribute 'NwbRecordingExtractor')
2026-10-03T08:18:35Z WARNING [1220/1870] 2e2e2b2e-a960-4931-bc83-5aeaaaa9f980: leaving unrecorded for a later run to retry.
2026-10-03T08:18:35Z WARNING 2e2e3e49-c503-46c4-ae21-10cebe98509d: failed while reading the ElectricalSeries rates (AttributeError: module 'spikeinterface.extractors' has no attribute 'NwbRecordingExtractor')
2026-10-03T08:18:35Z WARNING [1221/1870] 2e2e3e49-c503-46c4-ae21-10cebe98509d: leaving unrecorded for a later run to retry.
2026-10-03T08:18:35Z WARNING 2e2edc26-c9e0-46ff-89b3-cfda43dc15c8: failed while reading the ElectricalSeries rates (AttributeError: module 'spikeinterface.extractors' has no attribute 'NwbRecordingExtractor')
2026-10-03T08:18:35Z WARNING [1222/1870] 2e2edc26-c9e0-46ff-89b3-cfda43dc15c8: leaving unrecorded for a later run to retry.
2026-10-03T08:18:35Z WARNING 2e2ee20f-6cab-421c-a202-e5949c4d97e4: failed while reading the ElectricalSeries rates (AttributeError: module 'spikeinterface.extractors' has no attribute 'NwbRecordingExtractor')
2026-10-03T08:18:35Z WARNING [1223/1870] 2e2ee20f-6cab-421c-a202-e5949c4d97e4: leaving unrecorded for a later run to retry.
2026-10-03T08:18:36Z WARNING 2e2f3690-7590-470d-847e-fb3296441755: failed while reading the ElectricalSeries rates (AttributeError: module 'spikeinterface.extractors' has no attribute 'NwbRecordingExtractor')
2026-10-03T08:18:36Z WARNING [1224/1870] 2e2f3690-7590-470d-847e-fb3296441755: leaving unrecorded for a later run to retry.
2026-10-03T08:18:36Z WARNING 2e2fb8e5-d9c4-4173-a43a-92d321003af0: failed while reading the ElectricalSeries rates (AttributeError: module 'spikeinterface.extractors' has no attribute 'NwbRecordingExtractor')
2026-10-03T08:18:36Z WARNING [1225/1870] 2e2fb8e5-d9c4-4173-a43a-92d321003af0: leaving unrecorded for a later run to retry.
2026-10-03T08:18:36Z WARNING 2e3043aa-68d7-4d6c-9f92-7c4bd26681c3: failed while reading the ElectricalSeries rates (AttributeError: module 'spikeinterface.extractors' has no attribute 'NwbRecordingExtractor')
2026-10-03T08:18:36Z WARNING [1226/1870] 2e3043aa-68d7-4d6c-9f92-7c4bd26681c3: leaving unrecorded for a later run to retry.
2026-10-03T08:18:36Z WARNING 2e3159f4-ed05-4dd1-8ee3-0bb6673aa8d7: failed while reading the ElectricalSeries rates (AttributeError: module 'spikeinterface.extractors' has no attribute 'NwbRecordingExtractor')
2026-10-03T08:18:36Z WARNING [1227/1870] 2e3159f4-ed05-4dd1-8ee3-0bb6673aa8d7: leaving unrecorded for a later run to retry.
2026-10-03T08:18:36Z WARNING 2e3214a8-810c-4351-a960-128d2c5cd3e5: failed while reading the ElectricalSeries rates (AttributeError: module 'spikeinterface.extractors' has no attribute 'NwbRecordingExtractor')
2026-10-03T08:18:36Z WARNING [1228/1870] 2e3214a8-810c-4351-a960-128d2c5cd3e5: leaving unrecorded for a later run to retry.
2026-10-03T08:18:37Z WARNING 2e326e40-7b40-47d1-ada5-8c4d03360065: failed while reading the ElectricalSeries rates (AttributeError: module 'spikeinterface.extractors' has no attribute 'NwbRecordingExtractor')
2026-10-03T08:18:37Z WARNING [1229/1870] 2e326e40-7b40-47d1-ada5-8c4d03360065: leaving unrecorded for a later run to retry.
2026-10-03T08:18:37Z WARNING 2e3286bb-f18d-4c71-a5c1-4724393730d5: failed while reading the ElectricalSeries rates (AttributeError: module 'spikeinterface.extractors' has no attribute 'NwbRecordingExtractor')
2026-10-03T08:18:37Z WARNING [1230/1870] 2e3286bb-f18d-4c71-a5c1-4724393730d5: leaving unrecorded for a later run to retry.
2026-10-03T08:18:37Z WARNING 2e328caa-a0c2-4878-84cb-a069c5e7642d: failed while reading the ElectricalSeries rates (AttributeError: module 'spikeinterface.extractors' has no attribute 'NwbRecordingExtractor')
2026-10-03T08:18:37Z WARNING [1231/1870] 2e328caa-a0c2-4878-84cb-a069c5e7642d: leaving unrecorded for a later run to retry.
2026-10-03T08:18:37Z WARNING 2e32e3bc-138c-4ec8-badb-ca3ee2d7247b: failed while reading the ElectricalSeries rates (AttributeError: module 'spikeinterface.extractors' has no attribute 'NwbRecordingExtractor')
2026-10-03T08:18:37Z WARNING [1232/1870] 2e32e3bc-138c-4ec8-badb-ca3ee2d7247b: leaving unrecorded for a later run to retry.
2026-10-03T08:18:38Z WARNING 2e3331ce-8b5d-4bd9-a4aa-d33e56ded4d4: failed while reading the ElectricalSeries rates (AttributeError: module 'spikeinterface.extractors' has no attribute 'NwbRecordingExtractor')
2026-10-03T08:18:38Z WARNING [1233/1870] 2e3331ce-8b5d-4bd9-a4aa-d33e56ded4d4: leaving unrecorded for a later run to retry.
2026-10-03T08:18:38Z WARNING 2e336128-2672-45e1-93d8-19e4928d9d78: failed while reading the ElectricalSeries rates (AttributeError: module 'spikeinterface.extractors' has no attribute 'NwbRecordingExtractor')
2026-10-03T08:18:38Z WARNING [1234/1870] 2e336128-2672-45e1-93d8-19e4928d9d78: leaving unrecorded for a later run to retry.
2026-10-03T08:18:38Z WARNING 2e33d6be-78cc-4cc0-ac46-083d5174bc5e: failed while reading the ElectricalSeries rates (AttributeError: module 'spikeinterface.extractors' has no attribute 'NwbRecordingExtractor')
2026-10-03T08:18:38Z WARNING [1235/1870] 2e33d6be-78cc-4cc0-ac46-083d5174bc5e: leaving unrecorded for a later run to retry.
2026-10-03T08:18:38Z WARNING 2e351c9f-6237-425e-aed8-ed8899c474eb: failed while reading the ElectricalSeries rates (AttributeError: module 'spikeinterface.extractors' has no attribute 'NwbRecordingExtractor')
2026-10-03T08:18:38Z WARNING [1236/1870] 2e351c9f-6237-425e-aed8-ed8899c474eb: leaving unrecorded for a later run to retry.
2026-10-03T08:18:38Z WARNING 2e356abc-f0fb-4dc0-b361-f2a4ce4dd3e5: failed while reading the ElectricalSeries rates (AttributeError: module 'spikeinterface.extractors' has no attribute 'NwbRecordingExtractor')
2026-10-03T08:18:38Z WARNING [1237/1870] 2e356abc-f0fb-4dc0-b361-f2a4ce4dd3e5: leaving unrecorded for a later run to retry.
2026-10-03T08:18:39Z WARNING 2e35cf74-cd0a-455a-b5df-8290d7353ad6: failed while reading the ElectricalSeries rates (AttributeError: module 'spikeinterface.extractors' has no attribute 'NwbRecordingExtractor')
2026-10-03T08:18:39Z WARNING [1238/1870] 2e35cf74-cd0a-455a-b5df-8290d7353ad6: leaving unrecorded for a later run to retry.
2026-10-03T08:18:39Z WARNING 2e367311-f735-429b-bdb5-7c464b789305: failed while reading the ElectricalSeries rates (AttributeError: module 'spikeinterface.extractors' has no attribute 'NwbRecordingExtractor')
2026-10-03T08:18:39Z WARNING [1239/1870] 2e367311-f735-429b-bdb5-7c464b789305: leaving unrecorded for a later run to retry.
2026-10-03T08:18:39Z WARNING 2e368520-8ef4-4136-a303-083caea21e0c: failed while reading the ElectricalSeries rates (AttributeError: module 'spikeinterface.extractors' has no attribute 'NwbRecordingExtractor')
2026-10-03T08:18:39Z WARNING [1240/1870] 2e368520-8ef4-4136-a303-083caea21e0c: leaving unrecorded for a later run to retry.
2026-10-03T08:18:39Z WARNING 2e36d41f-4f8e-49dc-888d-019e9fc31b12: failed while reading the ElectricalSeries rates (AttributeError: module 'spikeinterface.extractors' has no attribute 'NwbRecordingExtractor')
2026-10-03T08:18:39Z WARNING [1241/1870] 2e36d41f-4f8e-49dc-888d-019e9fc31b12: leaving unrecorded for a later run to retry.
2026-10-03T08:18:39Z WARNING 2e3786eb-9adb-4e93-a687-0f7f1ada0cbb: failed while reading the ElectricalSeries rates (AttributeError: module 'spikeinterface.extractors' has no attribute 'NwbRecordingExtractor')
2026-10-03T08:18:39Z WARNING [1242/1870] 2e3786eb-9adb-4e93-a687-0f7f1ada0cbb: leaving unrecorded for a later run to retry.
2026-10-03T08:18:40Z WARNING 2e379e03-8677-4165-b4bd-a2267e719171: failed while reading the ElectricalSeries rates (AttributeError: module 'spikeinterface.extractors' has no attribute 'NwbRecordingExtractor')
2026-10-03T08:18:40Z WARNING [1243/1870] 2e379e03-8677-4165-b4bd-a2267e719171: leaving unrecorded for a later run to retry.
2026-10-03T08:18:40Z WARNING 2e37edaa-d7a4-404d-bdad-b6a6e5015ecb: failed while reading the ElectricalSeries rates (AttributeError: module 'spikeinterface.extractors' has no attribute 'NwbRecordingExtractor')
2026-10-03T08:18:40Z WARNING [1244/1870] 2e37edaa-d7a4-404d-bdad-b6a6e5015ecb: leaving unrecorded for a later run to retry.
2026-10-03T08:18:40Z WARNING 2e389f8b-6b54-4ebb-9b8b-f65a2bb88143: failed while reading the ElectricalSeries rates (AttributeError: module 'spikeinterface.extractors' has no attribute 'NwbRecordingExtractor')
2026-10-03T08:18:40Z WARNING [1245/1870] 2e389f8b-6b54-4ebb-9b8b-f65a2bb88143: leaving unrecorded for a later run to retry.
2026-10-03T08:18:40Z WARNING 2e38a2a4-52d1-4436-b046-32b23286090c: failed while reading the ElectricalSeries rates (AttributeError: module 'spikeinterface.extractors' has no attribute 'NwbRecordingExtractor')
2026-10-03T08:18:40Z WARNING [1246/1870] 2e38a2a4-52d1-4436-b046-32b23286090c: leaving unrecorded for a later run to retry.
2026-10-03T08:18:40Z WARNING 2e38af32-2720-4791-8cd6-224ff9137a2a: failed while reading the ElectricalSeries rates (AttributeError: module 'spikeinterface.extractors' has no attribute 'NwbRecordingExtractor')
2026-10-03T08:18:40Z WARNING [1247/1870] 2e38af32-2720-4791-8cd6-224ff9137a2a: leaving unrecorded for a later run to retry.
2026-10-03T08:18:41Z WARNING 2e39478d-9c18-4b84-b30f-a81054f3a5dd: failed while reading the ElectricalSeries rates (AttributeError: module 'spikeinterface.extractors' has no attribute 'NwbRecordingExtractor')
2026-10-03T08:18:41Z WARNING [1248/1870] 2e39478d-9c18-4b84-b30f-a81054f3a5dd: leaving unrecorded for a later run to retry.
2026-10-03T08:18:41Z WARNING 2e39b510-4669-4cbf-b42b-7d563edd30e1: failed while reading the ElectricalSeries rates (AttributeError: module 'spikeinterface.extractors' has no attribute 'NwbRecordingExtractor')
2026-10-03T08:18:41Z WARNING [1249/1870] 2e39b510-4669-4cbf-b42b-7d563edd30e1: leaving unrecorded for a later run to retry.
2026-10-03T08:18:41Z WARNING 2e3a036e-e1ea-41b2-aedb-624979809367: failed while reading the ElectricalSeries rates (AttributeError: module 'spikeinterface.extractors' has no attribute 'NwbRecordingExtractor')
2026-10-03T08:18:41Z WARNING [1250/1870] 2e3a036e-e1ea-41b2-aedb-624979809367: leaving unrecorded for a later run to retry.
2026-10-03T08:18:41Z INFO [1250/1870] 2e3a036e-e1ea-41b2-aedb-624979809367: checkpointed 60602 records.
2026-10-03T08:18:41Z WARNING 2e3a8283-aa85-4caf-8e58-846f0bc209e3: failed while reading the ElectricalSeries rates (AttributeError: module 'spikeinterface.extractors' has no attribute 'NwbRecordingExtractor')
2026-10-03T08:18:41Z WARNING [1251/1870] 2e3a8283-aa85-4caf-8e58-846f0bc209e3: leaving unrecorded for a later run to retry.
2026-10-03T08:18:42Z WARNING 2e3acb2a-4996-4a81-8bae-4ec7fdca29f7: failed while reading the ElectricalSeries rates (AttributeError: module 'spikeinterface.extractors' has no attribute 'NwbRecordingExtractor')
2026-10-03T08:18:42Z WARNING [1252/1870] 2e3acb2a-4996-4a81-8bae-4ec7fdca29f7: leaving unrecorded for a later run to retry.
2026-10-03T08:18:42Z WARNING 2e3afd14-9b1f-42d3-b7e0-257daabd3689: failed while reading the ElectricalSeries rates (AttributeError: module 'spikeinterface.extractors' has no attribute 'NwbRecordingExtractor')
2026-10-03T08:18:42Z WARNING [1253/1870] 2e3afd14-9b1f-42d3-b7e0-257daabd3689: leaving unrecorded for a later run to retry.
2026-10-03T08:18:42Z WARNING 2e3b3d34-93a9-47fd-bef0-b6fb3647561e: failed while reading the ElectricalSeries rates (AttributeError: module 'spikeinterface.extractors' has no attribute 'NwbRecordingExtractor')
2026-10-03T08:18:42Z WARNING [1254/1870] 2e3b3d34-93a9-47fd-bef0-b6fb3647561e: leaving unrecorded for a later run to retry.
2026-10-03T08:18:42Z WARNING 2e3b7adc-a532-4c69-a24c-9cd9ad933fbb: failed while reading the ElectricalSeries rates (AttributeError: module 'spikeinterface.extractors' has no attribute 'NwbRecordingExtractor')
2026-10-03T08:18:42Z WARNING [1255/1870] 2e3b7adc-a532-4c69-a24c-9cd9ad933fbb: leaving unrecorded for a later run to retry.
2026-10-03T08:18:43Z WARNING 2e3ba004-c720-484b-87f6-15721fb370c3: failed while reading the ElectricalSeries rates (AttributeError: module 'spikeinterface.extractors' has no attribute 'NwbRecordingExtractor')
2026-10-03T08:18:43Z WARNING [1256/1870] 2e3ba004-c720-484b-87f6-15721fb370c3: leaving unrecorded for a later run to retry.
2026-10-03T08:18:43Z WARNING 2e3bffae-b214-4dde-acb8-d95a3ead1b8b: failed while reading the ElectricalSeries rates (AttributeError: module 'spikeinterface.extractors' has no attribute 'NwbRecordingExtractor')
2026-10-03T08:18:43Z WARNING [1257/1870] 2e3bffae-b214-4dde-acb8-d95a3ead1b8b: leaving unrecorded for a later run to retry.
2026-10-03T08:18:43Z WARNING 2e3caa19-1c9a-4075-95b1-872edc65eb21: failed while reading the ElectricalSeries rates (AttributeError: module 'spikeinterface.extractors' has no attribute 'NwbRecordingExtractor')
2026-10-03T08:18:43Z WARNING [1258/1870] 2e3caa19-1c9a-4075-95b1-872edc65eb21: leaving unrecorded for a later run to retry.
2026-10-03T08:18:43Z WARNING 2e3d222b-af53-4234-a682-0d8981a1b109: failed while reading the ElectricalSeries rates (AttributeError: module 'spikeinterface.extractors' has no attribute 'NwbRecordingExtractor')
2026-10-03T08:18:43Z WARNING [1259/1870] 2e3d222b-af53-4234-a682-0d8981a1b109: leaving unrecorded for a later run to retry.
2026-10-03T08:18:44Z WARNING 2e3d6ce8-bafc-4b9a-85f6-05bbd92ac0ed: failed while reading the ElectricalSeries rates (AttributeError: module 'spikeinterface.extractors' has no attribute 'NwbRecordingExtractor')
2026-10-03T08:18:44Z WARNING [1260/1870] 2e3d6ce8-bafc-4b9a-85f6-05bbd92ac0ed: leaving unrecorded for a later run to retry.
2026-10-03T08:18:44Z WARNING 2e3dd82f-46d6-4b3c-b4b3-b3b70dfea1ad: failed while reading the ElectricalSeries rates (AttributeError: module 'spikeinterface.extractors' has no attribute 'NwbRecordingExtractor')
2026-10-03T08:18:44Z WARNING [1261/1870] 2e3dd82f-46d6-4b3c-b4b3-b3b70dfea1ad: leaving unrecorded for a later run to retry.
2026-10-03T08:18:44Z WARNING 2e3dde68-f0ea-4bba-b4f3-efd3ab7a497c: failed while reading the ElectricalSeries rates (AttributeError: module 'spikeinterface.extractors' has no attribute 'NwbRecordingExtractor')
2026-10-03T08:18:44Z WARNING [1262/1870] 2e3dde68-f0ea-4bba-b4f3-efd3ab7a497c: leaving unrecorded for a later run to retry.
2026-10-03T08:18:44Z WARNING 2e3e1d01-3b7e-44a2-8026-5d3fe1a01694: failed while reading the ElectricalSeries rates (AttributeError: module 'spikeinterface.extractors' has no attribute 'NwbRecordingExtractor')
2026-10-03T08:18:44Z WARNING [1263/1870] 2e3e1d01-3b7e-44a2-8026-5d3fe1a01694: leaving unrecorded for a later run to retry.
2026-10-03T08:18:45Z WARNING 2e3e3f41-ca58-458e-a4ae-7fbd5a51864c: failed while reading the ElectricalSeries rates (AttributeError: module 'spikeinterface.extractors' has no attribute 'NwbRecordingExtractor')
2026-10-03T08:18:45Z WARNING [1264/1870] 2e3e3f41-ca58-458e-a4ae-7fbd5a51864c: leaving unrecorded for a later run to retry.
2026-10-03T08:18:45Z WARNING 2e40b448-5712-46ba-b94d-5e8a17441083: failed while reading the ElectricalSeries rates (AttributeError: module 'spikeinterface.extractors' has no attribute 'NwbRecordingExtractor')
2026-10-03T08:18:45Z WARNING [1265/1870] 2e40b448-5712-46ba-b94d-5e8a17441083: leaving unrecorded for a later run to retry.
2026-10-03T08:18:45Z WARNING 2e41c5b2-1ab9-452e-9961-3053f059670f: failed while reading the ElectricalSeries rates (AttributeError: module 'spikeinterface.extractors' has no attribute 'NwbRecordingExtractor')
2026-10-03T08:18:45Z WARNING [1266/1870] 2e41c5b2-1ab9-452e-9961-3053f059670f: leaving unrecorded for a later run to retry.
2026-10-03T08:18:45Z WARNING 2e42bcdd-22ff-4014-8247-d9dd60d76952: failed while reading the ElectricalSeries rates (AttributeError: module 'spikeinterface.extractors' has no attribute 'NwbRecordingExtractor')
2026-10-03T08:18:45Z WARNING [1267/1870] 2e42bcdd-22ff-4014-8247-d9dd60d76952: leaving unrecorded for a later run to retry.
2026-10-03T08:18:45Z WARNING 2e42fea1-c4be-418a-9c44-53416419ed49: failed while reading the ElectricalSeries rates (AttributeError: module 'spikeinterface.extractors' has no attribute 'NwbRecordingExtractor')
2026-10-03T08:18:45Z WARNING [1268/1870] 2e42fea1-c4be-418a-9c44-53416419ed49: leaving unrecorded for a later run to retry.
2026-10-03T08:18:46Z WARNING 2e430666-fedc-413e-9f86-6abf3240d48a: failed while reading the ElectricalSeries rates (AttributeError: module 'spikeinterface.extractors' has no attribute 'NwbRecordingExtractor')
2026-10-03T08:18:46Z WARNING [1269/1870] 2e430666-fedc-413e-9f86-6abf3240d48a: leaving unrecorded for a later run to retry.
2026-10-03T08:18:46Z WARNING 2e4361dc-ca2d-42e9-9b89-dd90c2c49a0d: failed while reading the ElectricalSeries rates (AttributeError: module 'spikeinterface.extractors' has no attribute 'NwbRecordingExtractor')
2026-10-03T08:18:46Z WARNING [1270/1870] 2e4361dc-ca2d-42e9-9b89-dd90c2c49a0d: leaving unrecorded for a later run to retry.
2026-10-03T08:18:46Z WARNING 2e4368b4-2481-455f-8777-d34268cac1b1: failed while reading the ElectricalSeries rates (AttributeError: module 'spikeinterface.extractors' has no attribute 'NwbRecordingExtractor')
2026-10-03T08:18:46Z WARNING [1271/1870] 2e4368b4-2481-455f-8777-d34268cac1b1: leaving unrecorded for a later run to retry.
2026-10-03T08:18:46Z WARNING 2e4425b3-518b-460a-a049-b09321321da7: failed while reading the ElectricalSeries rates (AttributeError: module 'spikeinterface.extractors' has no attribute 'NwbRecordingExtractor')
2026-10-03T08:18:46Z WARNING [1272/1870] 2e4425b3-518b-460a-a049-b09321321da7: leaving unrecorded for a later run to retry.
2026-10-03T08:18:47Z WARNING 2e44dbbb-5f9c-40ac-87e9-a9c1da073c7b: failed while reading the ElectricalSeries rates (AttributeError: module 'spikeinterface.extractors' has no attribute 'NwbRecordingExtractor')
2026-10-03T08:18:47Z WARNING [1273/1870] 2e44dbbb-5f9c-40ac-87e9-a9c1da073c7b: leaving unrecorded for a later run to retry.
2026-10-03T08:18:47Z WARNING 2e452d66-f7ee-4320-855a-16f3f1b1d8b9: failed while reading the ElectricalSeries rates (AttributeError: module 'spikeinterface.extractors' has no attribute 'NwbRecordingExtractor')
2026-10-03T08:18:47Z WARNING [1274/1870] 2e452d66-f7ee-4320-855a-16f3f1b1d8b9: leaving unrecorded for a later run to retry.
2026-10-03T08:18:47Z WARNING 2e45840d-87e6-4df2-a1c9-3adfc6c6b83b: failed while reading the ElectricalSeries rates (AttributeError: module 'spikeinterface.extractors' has no attribute 'NwbRecordingExtractor')
2026-10-03T08:18:47Z WARNING [1275/1870] 2e45840d-87e6-4df2-a1c9-3adfc6c6b83b: leaving unrecorded for a later run to retry.
2026-10-03T08:18:47Z WARNING 2e46065c-a321-404e-aa2a-378501fca630: failed while reading the ElectricalSeries rates (AttributeError: module 'spikeinterface.extractors' has no attribute 'NwbRecordingExtractor')
2026-10-03T08:18:47Z WARNING [1276/1870] 2e46065c-a321-404e-aa2a-378501fca630: leaving unrecorded for a later run to retry.
2026-10-03T08:18:47Z WARNING 2e462b8f-5e7d-441b-be44-da6bc91299d5: failed while reading the ElectricalSeries rates (AttributeError: module 'spikeinterface.extractors' has no attribute 'NwbRecordingExtractor')
2026-10-03T08:18:47Z WARNING [1277/1870] 2e462b8f-5e7d-441b-be44-da6bc91299d5: leaving unrecorded for a later run to retry.
2026-10-03T08:18:48Z WARNING 2e472577-d60e-4e6b-990f-48febb160d93: failed while reading the ElectricalSeries rates (AttributeError: module 'spikeinterface.extractors' has no attribute 'NwbRecordingExtractor')
2026-10-03T08:18:48Z WARNING [1278/1870] 2e472577-d60e-4e6b-990f-48febb160d93: leaving unrecorded for a later run to retry.
2026-10-03T08:18:48Z WARNING 2e4749b0-1f1f-4229-bda5-834a337a3438: failed while reading the ElectricalSeries rates (AttributeError: module 'spikeinterface.extractors' has no attribute 'NwbRecordingExtractor')
2026-10-03T08:18:48Z WARNING [1279/1870] 2e4749b0-1f1f-4229-bda5-834a337a3438: leaving unrecorded for a later run to retry.
2026-10-03T08:18:48Z WARNING 2e4813aa-5ddd-4aa0-9a44-6320212bc182: failed while reading the ElectricalSeries rates (AttributeError: module 'spikeinterface.extractors' has no attribute 'NwbRecordingExtractor')
2026-10-03T08:18:48Z WARNING [1280/1870] 2e4813aa-5ddd-4aa0-9a44-6320212bc182: leaving unrecorded for a later run to retry.
2026-10-03T08:18:48Z WARNING 2e485b43-8907-4577-be66-e1a0bc5ca06e: failed while reading the ElectricalSeries rates (AttributeError: module 'spikeinterface.extractors' has no attribute 'NwbRecordingExtractor')
2026-10-03T08:18:48Z WARNING [1281/1870] 2e485b43-8907-4577-be66-e1a0bc5ca06e: leaving unrecorded for a later run to retry.
2026-10-03T08:18:48Z WARNING 2e486f35-e657-42e8-8f3c-2d4265cff6e5: failed while reading the ElectricalSeries rates (AttributeError: module 'spikeinterface.extractors' has no attribute 'NwbRecordingExtractor')
2026-10-03T08:18:48Z WARNING [1282/1870] 2e486f35-e657-42e8-8f3c-2d4265cff6e5: leaving unrecorded for a later run to retry.
2026-10-03T08:18:49Z WARNING 2e48f0e5-eed4-4a02-a2c1-67afb63e6ac9: failed while reading the ElectricalSeries rates (AttributeError: module 'spikeinterface.extractors' has no attribute 'NwbRecordingExtractor')
2026-10-03T08:18:49Z WARNING [1283/1870] 2e48f0e5-eed4-4a02-a2c1-67afb63e6ac9: leaving unrecorded for a later run to retry.
2026-10-03T08:18:49Z WARNING 2e49bb31-6a24-4898-b933-7dabcf444ea3: failed while reading the ElectricalSeries rates (AttributeError: module 'spikeinterface.extractors' has no attribute 'NwbRecordingExtractor')
2026-10-03T08:18:49Z WARNING [1284/1870] 2e49bb31-6a24-4898-b933-7dabcf444ea3: leaving unrecorded for a later run to retry.
2026-10-03T08:18:49Z WARNING 2e4a8b3d-c80c-45f2-9367-41d82777d4f1: failed while reading the ElectricalSeries rates (AttributeError: module 'spikeinterface.extractors' has no attribute 'NwbRecordingExtractor')
2026-10-03T08:18:49Z WARNING [1285/1870] 2e4a8b3d-c80c-45f2-9367-41d82777d4f1: leaving unrecorded for a later run to retry.
2026-10-03T08:18:49Z WARNING 2e4b3afa-5e04-488f-93a1-336561dc5b04: failed while reading the ElectricalSeries rates (AttributeError: module 'spikeinterface.extractors' has no attribute 'NwbRecordingExtractor')
2026-10-03T08:18:49Z WARNING [1286/1870] 2e4b3afa-5e04-488f-93a1-336561dc5b04: leaving unrecorded for a later run to retry.
2026-10-03T08:18:50Z WARNING 2e4c2cae-76a7-4052-8d97-a53f695d5a7d: failed while reading the ElectricalSeries rates (AttributeError: module 'spikeinterface.extractors' has no attribute 'NwbRecordingExtractor')
2026-10-03T08:18:50Z WARNING [1287/1870] 2e4c2cae-76a7-4052-8d97-a53f695d5a7d: leaving unrecorded for a later run to retry.
2026-10-03T08:18:50Z WARNING 2e4c30bb-7113-4b3c-a385-1b3428f457a0: failed while reading the ElectricalSeries rates (AttributeError: module 'spikeinterface.extractors' has no attribute 'NwbRecordingExtractor')
2026-10-03T08:18:50Z WARNING [1288/1870] 2e4c30bb-7113-4b3c-a385-1b3428f457a0: leaving unrecorded for a later run to retry.
2026-10-03T08:18:50Z WARNING 2e4d49b7-37f4-4769-bb4f-43b5f0a850ac: failed while reading the ElectricalSeries rates (AttributeError: module 'spikeinterface.extractors' has no attribute 'NwbRecordingExtractor')
2026-10-03T08:18:50Z WARNING [1289/1870] 2e4d49b7-37f4-4769-bb4f-43b5f0a850ac: leaving unrecorded for a later run to retry.
2026-10-03T08:18:50Z WARNING 2e4d5052-3512-4584-8fe5-981c8679af6a: failed while reading the ElectricalSeries rates (AttributeError: module 'spikeinterface.extractors' has no attribute 'NwbRecordingExtractor')
2026-10-03T08:18:50Z WARNING [1290/1870] 2e4d5052-3512-4584-8fe5-981c8679af6a: leaving unrecorded for a later run to retry.
2026-10-03T08:18:50Z WARNING 2e4d56a7-3d33-4666-90ac-6006780e3f7c: failed while reading the ElectricalSeries rates (AttributeError: module 'spikeinterface.extractors' has no attribute 'NwbRecordingExtractor')
2026-10-03T08:18:50Z WARNING [1291/1870] 2e4d56a7-3d33-4666-90ac-6006780e3f7c: leaving unrecorded for a later run to retry.
2026-10-03T08:18:51Z WARNING 2e4dbde3-efb4-45ba-a95f-a42f9827236b: failed while reading the ElectricalSeries rates (AttributeError: module 'spikeinterface.extractors' has no attribute 'NwbRecordingExtractor')
2026-10-03T08:18:51Z WARNING [1292/1870] 2e4dbde3-efb4-45ba-a95f-a42f9827236b: leaving unrecorded for a later run to retry.
2026-10-03T08:18:51Z WARNING 2e4e4b63-1668-457c-baaf-2e8e0877e7b2: failed while reading the ElectricalSeries rates (AttributeError: module 'spikeinterface.extractors' has no attribute 'NwbRecordingExtractor')
2026-10-03T08:18:51Z WARNING [1293/1870] 2e4e4b63-1668-457c-baaf-2e8e0877e7b2: leaving unrecorded for a later run to retry.
2026-10-03T08:18:51Z WARNING 2e4e630f-a4b8-42d5-8bf0-74c9a5522f14: failed while reading the ElectricalSeries rates (AttributeError: module 'spikeinterface.extractors' has no attribute 'NwbRecordingExtractor')
2026-10-03T08:18:51Z WARNING [1294/1870] 2e4e630f-a4b8-42d5-8bf0-74c9a5522f14: leaving unrecorded for a later run to retry.
2026-10-03T08:18:51Z WARNING 2e4ecb7b-1285-4ed5-8ba3-d63614443383: failed while reading the ElectricalSeries rates (AttributeError: module 'spikeinterface.extractors' has no attribute 'NwbRecordingExtractor')
2026-10-03T08:18:51Z WARNING [1295/1870] 2e4ecb7b-1285-4ed5-8ba3-d63614443383: leaving unrecorded for a later run to retry.
2026-10-03T08:18:52Z WARNING 2e4ef71f-7ee0-496f-aebd-9d0349f25773: failed while reading the ElectricalSeries rates (AttributeError: module 'spikeinterface.extractors' has no attribute 'NwbRecordingExtractor')
2026-10-03T08:18:52Z WARNING [1296/1870] 2e4ef71f-7ee0-496f-aebd-9d0349f25773: leaving unrecorded for a later run to retry.
2026-10-03T08:18:52Z WARNING 2e4f3e2b-b8cd-47b8-8a01-2ab9be4a82b4: failed while reading the ElectricalSeries rates (AttributeError: module 'spikeinterface.extractors' has no attribute 'NwbRecordingExtractor')
2026-10-03T08:18:52Z WARNING [1297/1870] 2e4f3e2b-b8cd-47b8-8a01-2ab9be4a82b4: leaving unrecorded for a later run to retry.
2026-10-03T08:18:52Z WARNING 2e4fd5de-052e-4915-b848-b247828e5235: failed while reading the ElectricalSeries rates (AttributeError: module 'spikeinterface.extractors' has no attribute 'NwbRecordingExtractor')
2026-10-03T08:18:52Z WARNING [1298/1870] 2e4fd5de-052e-4915-b848-b247828e5235: leaving unrecorded for a later run to retry.
2026-10-03T08:18:52Z WARNING 2e5125a2-68f7-45a7-b726-1ce4e9820125: failed while reading the ElectricalSeries rates (AttributeError: module 'spikeinterface.extractors' has no attribute 'NwbRecordingExtractor')
2026-10-03T08:18:52Z WARNING [1299/1870] 2e5125a2-68f7-45a7-b726-1ce4e9820125: leaving unrecorded for a later run to retry.
2026-10-03T08:18:53Z WARNING 2e51ffa0-dcff-49b5-a1fb-670bffaabd38: failed while reading the ElectricalSeries rates (AttributeError: module 'spikeinterface.extractors' has no attribute 'NwbRecordingExtractor')
2026-10-03T08:18:53Z WARNING [1300/1870] 2e51ffa0-dcff-49b5-a1fb-670bffaabd38: leaving unrecorded for a later run to retry.
2026-10-03T08:18:53Z INFO [1300/1870] 2e51ffa0-dcff-49b5-a1fb-670bffaabd38: checkpointed 60602 records.
2026-10-03T08:18:53Z WARNING 2e52af8b-2ac4-4e91-b0f9-045c7e600d9a: failed while reading the ElectricalSeries rates (AttributeError: module 'spikeinterface.extractors' has no attribute 'NwbRecordingExtractor')
2026-10-03T08:18:53Z WARNING [1301/1870] 2e52af8b-2ac4-4e91-b0f9-045c7e600d9a: leaving unrecorded for a later run to retry.
2026-10-03T08:18:53Z WARNING 2e530650-b5da-4a22-b002-dca68f625e03: failed while reading the ElectricalSeries rates (AttributeError: module 'spikeinterface.extractors' has no attribute 'NwbRecordingExtractor')
2026-10-03T08:18:53Z WARNING [1302/1870] 2e530650-b5da-4a22-b002-dca68f625e03: leaving unrecorded for a later run to retry.
2026-10-03T08:18:53Z WARNING 2e53f018-6392-4770-8d42-819eebc7465b: failed while reading the ElectricalSeries rates (AttributeError: module 'spikeinterface.extractors' has no attribute 'NwbRecordingExtractor')
2026-10-03T08:18:53Z WARNING [1303/1870] 2e53f018-6392-4770-8d42-819eebc7465b: leaving unrecorded for a later run to retry.
2026-10-03T08:18:53Z WARNING 2e540e30-44cc-4b7a-8fd4-16f94e9e7095: failed while reading the ElectricalSeries rates (AttributeError: module 'spikeinterface.extractors' has no attribute 'NwbRecordingExtractor')
2026-10-03T08:18:53Z WARNING [1304/1870] 2e540e30-44cc-4b7a-8fd4-16f94e9e7095: leaving unrecorded for a later run to retry.
2026-10-03T08:18:54Z WARNING 2e550cd3-430e-4dea-968a-656db1615d9b: failed while reading the ElectricalSeries rates (AttributeError: module 'spikeinterface.extractors' has no attribute 'NwbRecordingExtractor')
2026-10-03T08:18:54Z WARNING [1305/1870] 2e550cd3-430e-4dea-968a-656db1615d9b: leaving unrecorded for a later run to retry.
2026-10-03T08:18:54Z WARNING 2e556b53-65f9-45e5-9ac7-2f6a97792a54: failed while reading the ElectricalSeries rates (AttributeError: module 'spikeinterface.extractors' has no attribute 'NwbRecordingExtractor')
2026-10-03T08:18:54Z WARNING [1306/1870] 2e556b53-65f9-45e5-9ac7-2f6a97792a54: leaving unrecorded for a later run to retry.
2026-10-03T08:18:54Z WARNING 2e55aa77-fca6-4688-b4a4-611dd7517663: failed while reading the ElectricalSeries rates (AttributeError: module 'spikeinterface.extractors' has no attribute 'NwbRecordingExtractor')
2026-10-03T08:18:54Z WARNING [1307/1870] 2e55aa77-fca6-4688-b4a4-611dd7517663: leaving unrecorded for a later run to retry.
2026-10-03T08:18:54Z WARNING 2e56aeeb-5391-4215-ac83-6b91dca6635b: failed while reading the ElectricalSeries rates (AttributeError: module 'spikeinterface.extractors' has no attribute 'NwbRecordingExtractor')
2026-10-03T08:18:54Z WARNING [1308/1870] 2e56aeeb-5391-4215-ac83-6b91dca6635b: leaving unrecorded for a later run to retry.
2026-10-03T08:18:55Z WARNING 2e56d6ef-4a14-4ce0-9fb2-b80d457d8a63: failed while reading the ElectricalSeries rates (AttributeError: module 'spikeinterface.extractors' has no attribute 'NwbRecordingExtractor')
2026-10-03T08:18:55Z WARNING [1309/1870] 2e56d6ef-4a14-4ce0-9fb2-b80d457d8a63: leaving unrecorded for a later run to retry.
2026-10-03T08:18:55Z WARNING 2e57262e-3a94-43a9-ab0a-cb191c834199: failed while reading the ElectricalSeries rates (AttributeError: module 'spikeinterface.extractors' has no attribute 'NwbRecordingExtractor')
2026-10-03T08:18:55Z WARNING [1310/1870] 2e57262e-3a94-43a9-ab0a-cb191c834199: leaving unrecorded for a later run to retry.
2026-10-03T08:18:55Z WARNING 2e575160-d97f-45c9-a818-b20282304c75: failed while reading the ElectricalSeries rates (AttributeError: module 'spikeinterface.extractors' has no attribute 'NwbRecordingExtractor')
2026-10-03T08:18:55Z WARNING [1311/1870] 2e575160-d97f-45c9-a818-b20282304c75: leaving unrecorded for a later run to retry.
2026-10-03T08:18:55Z WARNING 2e578935-c6d3-43ac-b44c-e92c6153a8fd: failed while reading the ElectricalSeries rates (AttributeError: module 'spikeinterface.extractors' has no attribute 'NwbRecordingExtractor')
2026-10-03T08:18:55Z WARNING [1312/1870] 2e578935-c6d3-43ac-b44c-e92c6153a8fd: leaving unrecorded for a later run to retry.
2026-10-03T08:18:55Z WARNING 2e57d241-972d-4d2a-b604-b0f3e4be1c63: failed while reading the ElectricalSeries rates (AttributeError: module 'spikeinterface.extractors' has no attribute 'NwbRecordingExtractor')
2026-10-03T08:18:55Z WARNING [1313/1870] 2e57d241-972d-4d2a-b604-b0f3e4be1c63: leaving unrecorded for a later run to retry.
2026-10-03T08:18:56Z WARNING 2e57df75-dd57-4e71-8cc7-4c52c951d3c8: failed while reading the ElectricalSeries rates (AttributeError: module 'spikeinterface.extractors' has no attribute 'NwbRecordingExtractor')
2026-10-03T08:18:56Z WARNING [1314/1870] 2e57df75-dd57-4e71-8cc7-4c52c951d3c8: leaving unrecorded for a later run to retry.
2026-10-03T08:18:56Z WARNING 2e584aff-fd05-45ad-b064-24f5c28a2e2d: failed while reading the ElectricalSeries rates (AttributeError: module 'spikeinterface.extractors' has no attribute 'NwbRecordingExtractor')
2026-10-03T08:18:56Z WARNING [1315/1870] 2e584aff-fd05-45ad-b064-24f5c28a2e2d: leaving unrecorded for a later run to retry.
2026-10-03T08:18:56Z WARNING 2e585a84-a685-493c-8b67-0b9630b8b7fe: failed while reading the ElectricalSeries rates (AttributeError: module 'spikeinterface.extractors' has no attribute 'NwbRecordingExtractor')
2026-10-03T08:18:56Z WARNING [1316/1870] 2e585a84-a685-493c-8b67-0b9630b8b7fe: leaving unrecorded for a later run to retry.
2026-10-03T08:18:56Z WARNING 2e5868e0-2db6-4d30-8ec2-926dbc7a41e3: failed while reading the ElectricalSeries rates (AttributeError: module 'spikeinterface.extractors' has no attribute 'NwbRecordingExtractor')
2026-10-03T08:18:56Z WARNING [1317/1870] 2e5868e0-2db6-4d30-8ec2-926dbc7a41e3: leaving unrecorded for a later run to retry.
2026-10-03T08:18:56Z WARNING 2e59064a-b8de-4f7e-8af6-6e8710deda08: failed while reading the ElectricalSeries rates (AttributeError: module 'spikeinterface.extractors' has no attribute 'NwbRecordingExtractor')
2026-10-03T08:18:56Z WARNING [1318/1870] 2e59064a-b8de-4f7e-8af6-6e8710deda08: leaving unrecorded for a later run to retry.
2026-10-03T08:18:57Z WARNING 2e593463-581d-418e-a90b-266ca129b917: failed while reading the ElectricalSeries rates (AttributeError: module 'spikeinterface.extractors' has no attribute 'NwbRecordingExtractor')
2026-10-03T08:18:57Z WARNING [1319/1870] 2e593463-581d-418e-a90b-266ca129b917: leaving unrecorded for a later run to retry.
2026-10-03T08:18:57Z WARNING 2e5a7355-29f3-4dbb-80e2-231ce2546f12: failed while reading the ElectricalSeries rates (AttributeError: module 'spikeinterface.extractors' has no attribute 'NwbRecordingExtractor')
2026-10-03T08:18:57Z WARNING [1320/1870] 2e5a7355-29f3-4dbb-80e2-231ce2546f12: leaving unrecorded for a later run to retry.
2026-10-03T08:18:57Z WARNING 2e5aaab5-96e4-4732-8cca-32cf4dc4728c: failed while reading the ElectricalSeries rates (AttributeError: module 'spikeinterface.extractors' has no attribute 'NwbRecordingExtractor')
2026-10-03T08:18:57Z WARNING [1321/1870] 2e5aaab5-96e4-4732-8cca-32cf4dc4728c: leaving unrecorded for a later run to retry.
2026-10-03T08:18:57Z WARNING 2e5bd84c-5577-4ca1-8043-a1048b08a70b: failed while reading the ElectricalSeries rates (AttributeError: module 'spikeinterface.extractors' has no attribute 'NwbRecordingExtractor')
2026-10-03T08:18:57Z WARNING [1322/1870] 2e5bd84c-5577-4ca1-8043-a1048b08a70b: leaving unrecorded for a later run to retry.
2026-10-03T08:18:57Z WARNING 2e5ce688-05f6-4af3-8cd6-2ed5728968e7: failed while reading the ElectricalSeries rates (AttributeError: module 'spikeinterface.extractors' has no attribute 'NwbRecordingExtractor')
2026-10-03T08:18:57Z WARNING [1323/1870] 2e5ce688-05f6-4af3-8cd6-2ed5728968e7: leaving unrecorded for a later run to retry.
2026-10-03T08:18:58Z WARNING 2e5d0cbc-80ec-4fd0-88d8-e5f36bedadd2: failed while reading the ElectricalSeries rates (AttributeError: module 'spikeinterface.extractors' has no attribute 'NwbRecordingExtractor')
2026-10-03T08:18:58Z WARNING [1324/1870] 2e5d0cbc-80ec-4fd0-88d8-e5f36bedadd2: leaving unrecorded for a later run to retry.
2026-10-03T08:18:58Z WARNING 2e5e07f2-c498-4243-bb40-ceb9aded5135: failed while reading the ElectricalSeries rates (AttributeError: module 'spikeinterface.extractors' has no attribute 'NwbRecordingExtractor')
2026-10-03T08:18:58Z WARNING [1325/1870] 2e5e07f2-c498-4243-bb40-ceb9aded5135: leaving unrecorded for a later run to retry.
2026-10-03T08:18:58Z WARNING 2e5e521a-aaf2-475c-ac4d-ec550d70079c: failed while reading the ElectricalSeries rates (AttributeError: module 'spikeinterface.extractors' has no attribute 'NwbRecordingExtractor')
2026-10-03T08:18:58Z WARNING [1326/1870] 2e5e521a-aaf2-475c-ac4d-ec550d70079c: leaving unrecorded for a later run to retry.
2026-10-03T08:18:58Z WARNING 2e5e7058-4880-46d3-90c4-23be7328ac94: failed while reading the ElectricalSeries rates (AttributeError: module 'spikeinterface.extractors' has no attribute 'NwbRecordingExtractor')
2026-10-03T08:18:58Z WARNING [1327/1870] 2e5e7058-4880-46d3-90c4-23be7328ac94: leaving unrecorded for a later run to retry.
2026-10-03T08:18:59Z WARNING 2e5f2613-ac72-4ce2-8d51-12622c8b36c5: failed while reading the ElectricalSeries rates (AttributeError: module 'spikeinterface.extractors' has no attribute 'NwbRecordingExtractor')
2026-10-03T08:18:59Z WARNING [1328/1870] 2e5f2613-ac72-4ce2-8d51-12622c8b36c5: leaving unrecorded for a later run to retry.
2026-10-03T08:18:59Z WARNING 2e60dc16-9c3b-4a2b-951e-b1d5ec7f0c92: failed while reading the ElectricalSeries rates (AttributeError: module 'spikeinterface.extractors' has no attribute 'NwbRecordingExtractor')
2026-10-03T08:18:59Z WARNING [1329/1870] 2e60dc16-9c3b-4a2b-951e-b1d5ec7f0c92: leaving unrecorded for a later run to retry.
2026-10-03T08:18:59Z WARNING 2e60f720-ba3a-45dc-a501-757f167a8539: failed while reading the ElectricalSeries rates (AttributeError: module 'spikeinterface.extractors' has no attribute 'NwbRecordingExtractor')
2026-10-03T08:18:59Z WARNING [1330/1870] 2e60f720-ba3a-45dc-a501-757f167a8539: leaving unrecorded for a later run to retry.
2026-10-03T08:18:59Z WARNING 2e61b278-bf88-42ed-98b0-d95102b0a0bb: failed while reading the ElectricalSeries rates (AttributeError: module 'spikeinterface.extractors' has no attribute 'NwbRecordingExtractor')
2026-10-03T08:18:59Z WARNING [1331/1870] 2e61b278-bf88-42ed-98b0-d95102b0a0bb: leaving unrecorded for a later run to retry.
2026-10-03T08:18:59Z WARNING 2e61e89e-1cf5-4c4d-a917-32a96292b97b: failed while reading the ElectricalSeries rates (AttributeError: module 'spikeinterface.extractors' has no attribute 'NwbRecordingExtractor')
2026-10-03T08:18:59Z WARNING [1332/1870] 2e61e89e-1cf5-4c4d-a917-32a96292b97b: leaving unrecorded for a later run to retry.
2026-10-03T08:19:00Z WARNING 2e62640a-0092-4dd6-844e-a3abaedd692c: failed while reading the ElectricalSeries rates (AttributeError: module 'spikeinterface.extractors' has no attribute 'NwbRecordingExtractor')
2026-10-03T08:19:00Z WARNING [1333/1870] 2e62640a-0092-4dd6-844e-a3abaedd692c: leaving unrecorded for a later run to retry.
2026-10-03T08:19:00Z WARNING 2e62c8cc-10b7-40e2-82c5-e6ce26083664: failed while reading the ElectricalSeries rates (AttributeError: module 'spikeinterface.extractors' has no attribute 'NwbRecordingExtractor')
2026-10-03T08:19:00Z WARNING [1334/1870] 2e62c8cc-10b7-40e2-82c5-e6ce26083664: leaving unrecorded for a later run to retry.
2026-10-03T08:19:00Z WARNING 2e63ddca-31ef-42c0-b3d6-0f1a0a023f18: failed while reading the ElectricalSeries rates (AttributeError: module 'spikeinterface.extractors' has no attribute 'NwbRecordingExtractor')
2026-10-03T08:19:00Z WARNING [1335/1870] 2e63ddca-31ef-42c0-b3d6-0f1a0a023f18: leaving unrecorded for a later run to retry.
2026-10-03T08:19:00Z WARNING 2e63ecf7-bf0b-407d-bffd-e0d2146d73d4: failed while reading the ElectricalSeries rates (AttributeError: module 'spikeinterface.extractors' has no attribute 'NwbRecordingExtractor')
2026-10-03T08:19:00Z WARNING [1336/1870] 2e63ecf7-bf0b-407d-bffd-e0d2146d73d4: leaving unrecorded for a later run to retry.
2026-10-03T08:19:01Z WARNING 2e65e938-ed36-48c6-90f6-c069396aa742: failed while reading the ElectricalSeries rates (AttributeError: module 'spikeinterface.extractors' has no attribute 'NwbRecordingExtractor')
2026-10-03T08:19:01Z WARNING [1337/1870] 2e65e938-ed36-48c6-90f6-c069396aa742: leaving unrecorded for a later run to retry.
2026-10-03T08:19:01Z WARNING 2e65fffa-2770-4108-8662-1a883544dcb5: failed while reading the ElectricalSeries rates (AttributeError: module 'spikeinterface.extractors' has no attribute 'NwbRecordingExtractor')
2026-10-03T08:19:01Z WARNING [1338/1870] 2e65fffa-2770-4108-8662-1a883544dcb5: leaving unrecorded for a later run to retry.
2026-10-03T08:19:01Z WARNING 2e66b7e3-5311-45cf-ae36-b349ca7f9510: failed while reading the ElectricalSeries rates (AttributeError: module 'spikeinterface.extractors' has no attribute 'NwbRecordingExtractor')
2026-10-03T08:19:01Z WARNING [1339/1870] 2e66b7e3-5311-45cf-ae36-b349ca7f9510: leaving unrecorded for a later run to retry.
2026-10-03T08:19:01Z WARNING 2e671e82-52af-4960-8df7-5bd4c64676e0: failed while reading the ElectricalSeries rates (AttributeError: module 'spikeinterface.extractors' has no attribute 'NwbRecordingExtractor')
2026-10-03T08:19:01Z WARNING [1340/1870] 2e671e82-52af-4960-8df7-5bd4c64676e0: leaving unrecorded for a later run to retry.
2026-10-03T08:19:01Z WARNING 2e672612-01dd-46db-a045-31fcc3ee7106: failed while reading the ElectricalSeries rates (AttributeError: module 'spikeinterface.extractors' has no attribute 'NwbRecordingExtractor')
2026-10-03T08:19:01Z WARNING [1341/1870] 2e672612-01dd-46db-a045-31fcc3ee7106: leaving unrecorded for a later run to retry.
2026-10-03T08:19:02Z WARNING 2e67831a-7897-4fab-a143-8c8ab9b6caec: failed while reading the ElectricalSeries rates (AttributeError: module 'spikeinterface.extractors' has no attribute 'NwbRecordingExtractor')
2026-10-03T08:19:02Z WARNING [1342/1870] 2e67831a-7897-4fab-a143-8c8ab9b6caec: leaving unrecorded for a later run to retry.
2026-10-03T08:19:02Z WARNING 2e6788f2-9670-490d-ba97-ff856192a3a9: failed while reading the ElectricalSeries rates (AttributeError: module 'spikeinterface.extractors' has no attribute 'NwbRecordingExtractor')
2026-10-03T08:19:02Z WARNING [1343/1870] 2e6788f2-9670-490d-ba97-ff856192a3a9: leaving unrecorded for a later run to retry.
2026-10-03T08:19:02Z WARNING 2e67afd0-b0a7-4678-90dc-2fbf1f10db96: failed while reading the ElectricalSeries rates (AttributeError: module 'spikeinterface.extractors' has no attribute 'NwbRecordingExtractor')
2026-10-03T08:19:02Z WARNING [1344/1870] 2e67afd0-b0a7-4678-90dc-2fbf1f10db96: leaving unrecorded for a later run to retry.
2026-10-03T08:19:02Z WARNING 2e67bc77-f265-4a44-957d-41684d7f0bf8: failed while reading the ElectricalSeries rates (AttributeError: module 'spikeinterface.extractors' has no attribute 'NwbRecordingExtractor')
2026-10-03T08:19:02Z WARNING [1345/1870] 2e67bc77-f265-4a44-957d-41684d7f0bf8: leaving unrecorded for a later run to retry.
2026-10-03T08:19:02Z WARNING 2e680bbc-1827-4389-8385-090b6cc5b5e7: failed while reading the ElectricalSeries rates (AttributeError: module 'spikeinterface.extractors' has no attribute 'NwbRecordingExtractor')
2026-10-03T08:19:02Z WARNING [1346/1870] 2e680bbc-1827-4389-8385-090b6cc5b5e7: leaving unrecorded for a later run to retry.
2026-10-03T08:19:03Z WARNING 2e68295f-c1d7-4932-8077-3e7fc461c130: failed while reading the ElectricalSeries rates (AttributeError: module 'spikeinterface.extractors' has no attribute 'NwbRecordingExtractor')
2026-10-03T08:19:03Z WARNING [1347/1870] 2e68295f-c1d7-4932-8077-3e7fc461c130: leaving unrecorded for a later run to retry.
2026-10-03T08:19:03Z WARNING 2e68b0ca-22a6-47c7-b6b8-3d512365e256: failed while reading the ElectricalSeries rates (AttributeError: module 'spikeinterface.extractors' has no attribute 'NwbRecordingExtractor')
2026-10-03T08:19:03Z WARNING [1348/1870] 2e68b0ca-22a6-47c7-b6b8-3d512365e256: leaving unrecorded for a later run to retry.
2026-10-03T08:19:03Z WARNING 2e68c1c0-c117-4f77-86b6-e9e0026b73ba: failed while reading the ElectricalSeries rates (AttributeError: module 'spikeinterface.extractors' has no attribute 'NwbRecordingExtractor')
2026-10-03T08:19:03Z WARNING [1349/1870] 2e68c1c0-c117-4f77-86b6-e9e0026b73ba: leaving unrecorded for a later run to retry.
2026-10-03T08:19:03Z WARNING 2e6a4ac9-8ae5-4543-bbb1-5d445da7d515: failed while reading the ElectricalSeries rates (AttributeError: module 'spikeinterface.extractors' has no attribute 'NwbRecordingExtractor')
2026-10-03T08:19:03Z WARNING [1350/1870] 2e6a4ac9-8ae5-4543-bbb1-5d445da7d515: leaving unrecorded for a later run to retry.
2026-10-03T08:19:03Z INFO [1350/1870] 2e6a4ac9-8ae5-4543-bbb1-5d445da7d515: checkpointed 60602 records.
2026-10-03T08:19:04Z WARNING 2e6ac94a-3144-44c1-a1b8-c6799f39bf16: failed while reading the ElectricalSeries rates (AttributeError: module 'spikeinterface.extractors' has no attribute 'NwbRecordingExtractor')
2026-10-03T08:19:04Z WARNING [1351/1870] 2e6ac94a-3144-44c1-a1b8-c6799f39bf16: leaving unrecorded for a later run to retry.
2026-10-03T08:19:04Z WARNING 2e6cd9c2-ec7e-4d95-95be-bedb242b9377: failed while reading the ElectricalSeries rates (AttributeError: module 'spikeinterface.extractors' has no attribute 'NwbRecordingExtractor')
2026-10-03T08:19:04Z WARNING [1352/1870] 2e6cd9c2-ec7e-4d95-95be-bedb242b9377: leaving unrecorded for a later run to retry.
2026-10-03T08:19:04Z WARNING 2e6d250e-b1dc-4ac9-90a0-6a5e96efe96d: failed while reading the ElectricalSeries rates (AttributeError: module 'spikeinterface.extractors' has no attribute 'NwbRecordingExtractor')
2026-10-03T08:19:04Z WARNING [1353/1870] 2e6d250e-b1dc-4ac9-90a0-6a5e96efe96d: leaving unrecorded for a later run to retry.
2026-10-03T08:19:04Z WARNING 2e6d541b-225d-4c4c-b9cf-72eec742f893: failed while reading the ElectricalSeries rates (AttributeError: module 'spikeinterface.extractors' has no attribute 'NwbRecordingExtractor')
2026-10-03T08:19:04Z WARNING [1354/1870] 2e6d541b-225d-4c4c-b9cf-72eec742f893: leaving unrecorded for a later run to retry.
2026-10-03T08:19:05Z WARNING 2e6d6177-42ff-48de-b973-67f2eb335ef4: failed while reading the ElectricalSeries rates (AttributeError: module 'spikeinterface.extractors' has no attribute 'NwbRecordingExtractor')
2026-10-03T08:19:05Z WARNING [1355/1870] 2e6d6177-42ff-48de-b973-67f2eb335ef4: leaving unrecorded for a later run to retry.
2026-10-03T08:19:05Z WARNING 2e6d6a3e-fba7-4c4b-8497-cbc5299f6742: failed while reading the ElectricalSeries rates (AttributeError: module 'spikeinterface.extractors' has no attribute 'NwbRecordingExtractor')
2026-10-03T08:19:05Z WARNING [1356/1870] 2e6d6a3e-fba7-4c4b-8497-cbc5299f6742: leaving unrecorded for a later run to retry.
2026-10-03T08:19:05Z WARNING 2e6d92f8-6572-41e2-bd8f-263fd970945a: failed while reading the ElectricalSeries rates (AttributeError: module 'spikeinterface.extractors' has no attribute 'NwbRecordingExtractor')
2026-10-03T08:19:05Z WARNING [1357/1870] 2e6d92f8-6572-41e2-bd8f-263fd970945a: leaving unrecorded for a later run to retry.
2026-10-03T08:19:05Z WARNING 2e6df8fb-25c8-4b14-aad3-49974e6b5f59: failed while reading the ElectricalSeries rates (AttributeError: module 'spikeinterface.extractors' has no attribute 'NwbRecordingExtractor')
2026-10-03T08:19:05Z WARNING [1358/1870] 2e6df8fb-25c8-4b14-aad3-49974e6b5f59: leaving unrecorded for a later run to retry.
2026-10-03T08:19:05Z WARNING 2e6f46e5-1b53-4245-992c-4e94f0412ceb: failed while reading the ElectricalSeries rates (AttributeError: module 'spikeinterface.extractors' has no attribute 'NwbRecordingExtractor')
2026-10-03T08:19:05Z WARNING [1359/1870] 2e6f46e5-1b53-4245-992c-4e94f0412ceb: leaving unrecorded for a later run to retry.
2026-10-03T08:19:06Z WARNING 2e6fb19a-51ab-4df4-81d2-64a44ebbd14e: failed while reading the ElectricalSeries rates (AttributeError: module 'spikeinterface.extractors' has no attribute 'NwbRecordingExtractor')
2026-10-03T08:19:06Z WARNING [1360/1870] 2e6fb19a-51ab-4df4-81d2-64a44ebbd14e: leaving unrecorded for a later run to retry.
2026-10-03T08:19:06Z WARNING 2e70b656-d448-4048-851f-a9b74bc681b6: failed while reading the ElectricalSeries rates (AttributeError: module 'spikeinterface.extractors' has no attribute 'NwbRecordingExtractor')
2026-10-03T08:19:06Z WARNING [1361/1870] 2e70b656-d448-4048-851f-a9b74bc681b6: leaving unrecorded for a later run to retry.
2026-10-03T08:19:06Z WARNING 2e737762-ceef-4c1c-ae60-08232eea14de: failed while reading the ElectricalSeries rates (AttributeError: module 'spikeinterface.extractors' has no attribute 'NwbRecordingExtractor')
2026-10-03T08:19:06Z WARNING [1362/1870] 2e737762-ceef-4c1c-ae60-08232eea14de: leaving unrecorded for a later run to retry.
2026-10-03T08:19:06Z WARNING 2e743e50-984e-4207-b7d4-38c4df92697c: failed while reading the ElectricalSeries rates (AttributeError: module 'spikeinterface.extractors' has no attribute 'NwbRecordingExtractor')
2026-10-03T08:19:06Z WARNING [1363/1870] 2e743e50-984e-4207-b7d4-38c4df92697c: leaving unrecorded for a later run to retry.
2026-10-03T08:19:06Z WARNING 2e748eca-2b4c-4a79-b5e8-15ededebbca7: failed while reading the ElectricalSeries rates (AttributeError: module 'spikeinterface.extractors' has no attribute 'NwbRecordingExtractor')
2026-10-03T08:19:06Z WARNING [1364/1870] 2e748eca-2b4c-4a79-b5e8-15ededebbca7: leaving unrecorded for a later run to retry.
2026-10-03T08:19:07Z WARNING 2e7495cf-d92c-45b1-8461-f1afd9abc6c1: failed while reading the ElectricalSeries rates (AttributeError: module 'spikeinterface.extractors' has no attribute 'NwbRecordingExtractor')
2026-10-03T08:19:07Z WARNING [1365/1870] 2e7495cf-d92c-45b1-8461-f1afd9abc6c1: leaving unrecorded for a later run to retry.
2026-10-03T08:19:07Z WARNING 2e75146b-4b6b-44df-8ce5-97aeb8a353bc: failed while reading the ElectricalSeries rates (AttributeError: module 'spikeinterface.extractors' has no attribute 'NwbRecordingExtractor')
2026-10-03T08:19:07Z WARNING [1366/1870] 2e75146b-4b6b-44df-8ce5-97aeb8a353bc: leaving unrecorded for a later run to retry.
2026-10-03T08:19:07Z WARNING 2e75842e-dc12-44cc-8306-637d5d7ecdae: failed while reading the ElectricalSeries rates (AttributeError: module 'spikeinterface.extractors' has no attribute 'NwbRecordingExtractor')
2026-10-03T08:19:07Z WARNING [1367/1870] 2e75842e-dc12-44cc-8306-637d5d7ecdae: leaving unrecorded for a later run to retry.
2026-10-03T08:19:07Z WARNING 2e75c58e-7cf9-4a82-8a19-e0ffd2d69a32: failed while reading the ElectricalSeries rates (AttributeError: module 'spikeinterface.extractors' has no attribute 'NwbRecordingExtractor')
2026-10-03T08:19:07Z WARNING [1368/1870] 2e75c58e-7cf9-4a82-8a19-e0ffd2d69a32: leaving unrecorded for a later run to retry.
2026-10-03T08:19:07Z WARNING 2e7631aa-5ba6-43fd-9cdd-2278cd577bbf: failed while reading the ElectricalSeries rates (AttributeError: module 'spikeinterface.extractors' has no attribute 'NwbRecordingExtractor')
2026-10-03T08:19:07Z WARNING [1369/1870] 2e7631aa-5ba6-43fd-9cdd-2278cd577bbf: leaving unrecorded for a later run to retry.
2026-10-03T08:19:08Z WARNING 2e763db7-8aee-47b0-aea8-029383ecdc8c: failed while reading the ElectricalSeries rates (AttributeError: module 'spikeinterface.extractors' has no attribute 'NwbRecordingExtractor')
2026-10-03T08:19:08Z WARNING [1370/1870] 2e763db7-8aee-47b0-aea8-029383ecdc8c: leaving unrecorded for a later run to retry.
2026-10-03T08:19:08Z WARNING 2e769656-f1ab-4247-b7ef-d6ee9adbea29: failed while reading the ElectricalSeries rates (AttributeError: module 'spikeinterface.extractors' has no attribute 'NwbRecordingExtractor')
2026-10-03T08:19:08Z WARNING [1371/1870] 2e769656-f1ab-4247-b7ef-d6ee9adbea29: leaving unrecorded for a later run to retry.
2026-10-03T08:19:08Z WARNING 2e786842-1400-407b-ad5f-3f02cc9de480: failed while reading the ElectricalSeries rates (AttributeError: module 'spikeinterface.extractors' has no attribute 'NwbRecordingExtractor')
2026-10-03T08:19:08Z WARNING [1372/1870] 2e786842-1400-407b-ad5f-3f02cc9de480: leaving unrecorded for a later run to retry.
2026-10-03T08:19:08Z WARNING 2e787832-ca0d-4c56-a9a9-ae102a1e847e: failed while reading the ElectricalSeries rates (AttributeError: module 'spikeinterface.extractors' has no attribute 'NwbRecordingExtractor')
2026-10-03T08:19:08Z WARNING [1373/1870] 2e787832-ca0d-4c56-a9a9-ae102a1e847e: leaving unrecorded for a later run to retry.
2026-10-03T08:19:09Z WARNING 2e789f68-f799-49fd-af33-480e8a400872: failed while reading the ElectricalSeries rates (AttributeError: module 'spikeinterface.extractors' has no attribute 'NwbRecordingExtractor')
2026-10-03T08:19:09Z WARNING [1374/1870] 2e789f68-f799-49fd-af33-480e8a400872: leaving unrecorded for a later run to retry.
2026-10-03T08:19:09Z WARNING 2e78a8bc-0bec-4e9e-ae40-a27bc9ec1a87: failed while reading the ElectricalSeries rates (AttributeError: module 'spikeinterface.extractors' has no attribute 'NwbRecordingExtractor')
2026-10-03T08:19:09Z WARNING [1375/1870] 2e78a8bc-0bec-4e9e-ae40-a27bc9ec1a87: leaving unrecorded for a later run to retry.
2026-10-03T08:19:09Z WARNING 2e794671-0cac-4c86-a459-de6ecefbbc99: failed while reading the ElectricalSeries rates (AttributeError: module 'spikeinterface.extractors' has no attribute 'NwbRecordingExtractor')
2026-10-03T08:19:09Z WARNING [1376/1870] 2e794671-0cac-4c86-a459-de6ecefbbc99: leaving unrecorded for a later run to retry.
2026-10-03T08:19:09Z WARNING 2e79db74-ea3f-426d-a55c-acda3b2b9b83: failed while reading the ElectricalSeries rates (AttributeError: module 'spikeinterface.extractors' has no attribute 'NwbRecordingExtractor')
2026-10-03T08:19:09Z WARNING [1377/1870] 2e79db74-ea3f-426d-a55c-acda3b2b9b83: leaving unrecorded for a later run to retry.
2026-10-03T08:19:09Z WARNING 2e7a520e-7656-4147-b5f5-8658b9380317: failed while reading the ElectricalSeries rates (AttributeError: module 'spikeinterface.extractors' has no attribute 'NwbRecordingExtractor')
2026-10-03T08:19:09Z WARNING [1378/1870] 2e7a520e-7656-4147-b5f5-8658b9380317: leaving unrecorded for a later run to retry.
2026-10-03T08:19:10Z WARNING 2e7a87ff-b81f-45d3-a176-3f6bbc69fcf2: failed while reading the ElectricalSeries rates (AttributeError: module 'spikeinterface.extractors' has no attribute 'NwbRecordingExtractor')
2026-10-03T08:19:10Z WARNING [1379/1870] 2e7a87ff-b81f-45d3-a176-3f6bbc69fcf2: leaving unrecorded for a later run to retry.
2026-10-03T08:19:10Z WARNING 2e7c39f6-77eb-4ac1-9a11-21e24d77ebb0: failed while reading the ElectricalSeries rates (AttributeError: module 'spikeinterface.extractors' has no attribute 'NwbRecordingExtractor')
2026-10-03T08:19:10Z WARNING [1380/1870] 2e7c39f6-77eb-4ac1-9a11-21e24d77ebb0: leaving unrecorded for a later run to retry.
2026-10-03T08:19:10Z WARNING 2e7ceb05-26e3-4c22-a090-87b758598fcd: failed while reading the ElectricalSeries rates (AttributeError: module 'spikeinterface.extractors' has no attribute 'NwbRecordingExtractor')
2026-10-03T08:19:10Z WARNING [1381/1870] 2e7ceb05-26e3-4c22-a090-87b758598fcd: leaving unrecorded for a later run to retry.
2026-10-03T08:19:10Z WARNING 2e7d10e3-7068-4a0c-b367-49376711c94e: failed while reading the ElectricalSeries rates (AttributeError: module 'spikeinterface.extractors' has no attribute 'NwbRecordingExtractor')
2026-10-03T08:19:10Z WARNING [1382/1870] 2e7d10e3-7068-4a0c-b367-49376711c94e: leaving unrecorded for a later run to retry.
2026-10-03T08:19:10Z WARNING 2e7d2e7b-8cc9-479c-8116-2a125177f9a3: failed while reading the ElectricalSeries rates (AttributeError: module 'spikeinterface.extractors' has no attribute 'NwbRecordingExtractor')
2026-10-03T08:19:10Z WARNING [1383/1870] 2e7d2e7b-8cc9-479c-8116-2a125177f9a3: leaving unrecorded for a later run to retry.
2026-10-03T08:19:11Z WARNING 2e7d84de-1bf0-4ed3-ac15-19ac4151185c: failed while reading the ElectricalSeries rates (AttributeError: module 'spikeinterface.extractors' has no attribute 'NwbRecordingExtractor')
2026-10-03T08:19:11Z WARNING [1384/1870] 2e7d84de-1bf0-4ed3-ac15-19ac4151185c: leaving unrecorded for a later run to retry.
2026-10-03T08:19:11Z WARNING 2e7e2b8a-fea3-40e9-b956-e8450b31716c: failed while reading the ElectricalSeries rates (AttributeError: module 'spikeinterface.extractors' has no attribute 'NwbRecordingExtractor')
2026-10-03T08:19:11Z WARNING [1385/1870] 2e7e2b8a-fea3-40e9-b956-e8450b31716c: leaving unrecorded for a later run to retry.
2026-10-03T08:19:11Z WARNING 2e7e6419-ba3d-46cc-ab61-4b827aca3e89: failed while reading the ElectricalSeries rates (AttributeError: module 'spikeinterface.extractors' has no attribute 'NwbRecordingExtractor')
2026-10-03T08:19:11Z WARNING [1386/1870] 2e7e6419-ba3d-46cc-ab61-4b827aca3e89: leaving unrecorded for a later run to retry.
2026-10-03T08:19:11Z WARNING 2e7ea814-6c42-4fb9-b4e5-b280ec80958d: failed while reading the ElectricalSeries rates (AttributeError: module 'spikeinterface.extractors' has no attribute 'NwbRecordingExtractor')
2026-10-03T08:19:11Z WARNING [1387/1870] 2e7ea814-6c42-4fb9-b4e5-b280ec80958d: leaving unrecorded for a later run to retry.
2026-10-03T08:19:12Z WARNING 2e7ef0c9-2973-4b01-9e4f-dc0d46b26d06: failed while reading the ElectricalSeries rates (AttributeError: module 'spikeinterface.extractors' has no attribute 'NwbRecordingExtractor')
2026-10-03T08:19:12Z WARNING [1388/1870] 2e7ef0c9-2973-4b01-9e4f-dc0d46b26d06: leaving unrecorded for a later run to retry.
2026-10-03T08:19:12Z WARNING 2e802496-fa3c-495d-a5e0-debff46c8c01: failed while reading the ElectricalSeries rates (AttributeError: module 'spikeinterface.extractors' has no attribute 'NwbRecordingExtractor')
2026-10-03T08:19:12Z WARNING [1389/1870] 2e802496-fa3c-495d-a5e0-debff46c8c01: leaving unrecorded for a later run to retry.
2026-10-03T08:19:12Z WARNING 2e8080b0-3ba3-4a98-b17c-5c8e5674f4e9: failed while reading the ElectricalSeries rates (AttributeError: module 'spikeinterface.extractors' has no attribute 'NwbRecordingExtractor')
2026-10-03T08:19:12Z WARNING [1390/1870] 2e8080b0-3ba3-4a98-b17c-5c8e5674f4e9: leaving unrecorded for a later run to retry.
2026-10-03T08:19:12Z WARNING 2e81091d-38cc-43fa-9470-8e5889968c11: failed while reading the ElectricalSeries rates (AttributeError: module 'spikeinterface.extractors' has no attribute 'NwbRecordingExtractor')
2026-10-03T08:19:12Z WARNING [1391/1870] 2e81091d-38cc-43fa-9470-8e5889968c11: leaving unrecorded for a later run to retry.
2026-10-03T08:19:12Z WARNING 2e816774-0eac-4a58-8eb9-efede45f97c6: failed while reading the ElectricalSeries rates (AttributeError: module 'spikeinterface.extractors' has no attribute 'NwbRecordingExtractor')
2026-10-03T08:19:12Z WARNING [1392/1870] 2e816774-0eac-4a58-8eb9-efede45f97c6: leaving unrecorded for a later run to retry.
2026-10-03T08:19:13Z WARNING 2e8266d1-c340-4cd9-8dc4-5882abc46fcc: failed while reading the ElectricalSeries rates (AttributeError: module 'spikeinterface.extractors' has no attribute 'NwbRecordingExtractor')
2026-10-03T08:19:13Z WARNING [1393/1870] 2e8266d1-c340-4cd9-8dc4-5882abc46fcc: leaving unrecorded for a later run to retry.
2026-10-03T08:19:13Z WARNING 2e8268c3-a03c-468c-941c-dd3ca5703fbb: failed while reading the ElectricalSeries rates (AttributeError: module 'spikeinterface.extractors' has no attribute 'NwbRecordingExtractor')
2026-10-03T08:19:13Z WARNING [1394/1870] 2e8268c3-a03c-468c-941c-dd3ca5703fbb: leaving unrecorded for a later run to retry.
2026-10-03T08:19:13Z WARNING 2e850d48-18f3-4471-aeac-5d9b9d89017e: failed while reading the ElectricalSeries rates (AttributeError: module 'spikeinterface.extractors' has no attribute 'NwbRecordingExtractor')
2026-10-03T08:19:13Z WARNING [1395/1870] 2e850d48-18f3-4471-aeac-5d9b9d89017e: leaving unrecorded for a later run to retry.
2026-10-03T08:19:13Z WARNING 2e851380-8679-44c2-810e-e5cc79f68741: failed while reading the ElectricalSeries rates (AttributeError: module 'spikeinterface.extractors' has no attribute 'NwbRecordingExtractor')
2026-10-03T08:19:13Z WARNING [1396/1870] 2e851380-8679-44c2-810e-e5cc79f68741: leaving unrecorded for a later run to retry.
2026-10-03T08:19:13Z WARNING 2e85ceb1-50b7-409d-8ec0-71994d23468e: failed while reading the ElectricalSeries rates (AttributeError: module 'spikeinterface.extractors' has no attribute 'NwbRecordingExtractor')
2026-10-03T08:19:13Z WARNING [1397/1870] 2e85ceb1-50b7-409d-8ec0-71994d23468e: leaving unrecorded for a later run to retry.
2026-10-03T08:19:14Z WARNING 2e85fb6b-3571-4fd6-abb9-d505f36825f0: failed while reading the ElectricalSeries rates (AttributeError: module 'spikeinterface.extractors' has no attribute 'NwbRecordingExtractor')
2026-10-03T08:19:14Z WARNING [1398/1870] 2e85fb6b-3571-4fd6-abb9-d505f36825f0: leaving unrecorded for a later run to retry.
2026-10-03T08:19:14Z WARNING 2e86c494-953f-4b40-88bd-473d58f1bd4a: failed while reading the ElectricalSeries rates (AttributeError: module 'spikeinterface.extractors' has no attribute 'NwbRecordingExtractor')
2026-10-03T08:19:14Z WARNING [1399/1870] 2e86c494-953f-4b40-88bd-473d58f1bd4a: leaving unrecorded for a later run to retry.
2026-10-03T08:19:14Z WARNING 2e86e9e2-111e-4fc7-b0fc-7dadf844b61d: failed while reading the ElectricalSeries rates (AttributeError: module 'spikeinterface.extractors' has no attribute 'NwbRecordingExtractor')
2026-10-03T08:19:14Z WARNING [1400/1870] 2e86e9e2-111e-4fc7-b0fc-7dadf844b61d: leaving unrecorded for a later run to retry.
2026-10-03T08:19:14Z INFO [1400/1870] 2e86e9e2-111e-4fc7-b0fc-7dadf844b61d: checkpointed 60602 records.
2026-10-03T08:19:14Z WARNING 2e8975bf-6b2b-4f42-90c9-9fcae4d63316: failed while reading the ElectricalSeries rates (AttributeError: module 'spikeinterface.extractors' has no attribute 'NwbRecordingExtractor')
2026-10-03T08:19:14Z WARNING [1401/1870] 2e8975bf-6b2b-4f42-90c9-9fcae4d63316: leaving unrecorded for a later run to retry.
2026-10-03T08:19:15Z WARNING 2e8a0ed9-8c78-47e2-afaf-4fa8057783f3: failed while reading the ElectricalSeries rates (AttributeError: module 'spikeinterface.extractors' has no attribute 'NwbRecordingExtractor')
2026-10-03T08:19:15Z WARNING [1402/1870] 2e8a0ed9-8c78-47e2-afaf-4fa8057783f3: leaving unrecorded for a later run to retry.
2026-10-03T08:19:15Z WARNING 2e8a937d-b303-4da9-9c8e-2873206de443: failed while reading the ElectricalSeries rates (AttributeError: module 'spikeinterface.extractors' has no attribute 'NwbRecordingExtractor')
2026-10-03T08:19:15Z WARNING [1403/1870] 2e8a937d-b303-4da9-9c8e-2873206de443: leaving unrecorded for a later run to retry.
2026-10-03T08:19:15Z WARNING 2e8b142c-b96b-4e0b-9e43-b7cb016d4b75: failed while reading the ElectricalSeries rates (AttributeError: module 'spikeinterface.extractors' has no attribute 'NwbRecordingExtractor')
2026-10-03T08:19:15Z WARNING [1404/1870] 2e8b142c-b96b-4e0b-9e43-b7cb016d4b75: leaving unrecorded for a later run to retry.
2026-10-03T08:19:15Z WARNING 2e8c02d3-10aa-4664-b820-d5ef6366c6ab: failed while reading the ElectricalSeries rates (AttributeError: module 'spikeinterface.extractors' has no attribute 'NwbRecordingExtractor')
2026-10-03T08:19:15Z WARNING [1405/1870] 2e8c02d3-10aa-4664-b820-d5ef6366c6ab: leaving unrecorded for a later run to retry.
2026-10-03T08:19:15Z WARNING 2e8c2e17-434b-4b20-8e59-081982c59681: failed while reading the ElectricalSeries rates (AttributeError: module 'spikeinterface.extractors' has no attribute 'NwbRecordingExtractor')
2026-10-03T08:19:15Z WARNING [1406/1870] 2e8c2e17-434b-4b20-8e59-081982c59681: leaving unrecorded for a later run to retry.
2026-10-03T08:19:16Z WARNING 2e8d0432-c85c-4c2d-9d1e-2440604af5b0: failed while reading the ElectricalSeries rates (AttributeError: module 'spikeinterface.extractors' has no attribute 'NwbRecordingExtractor')
2026-10-03T08:19:16Z WARNING [1407/1870] 2e8d0432-c85c-4c2d-9d1e-2440604af5b0: leaving unrecorded for a later run to retry.
2026-10-03T08:19:16Z WARNING 2e8f4a28-d720-4445-bc2a-cfe5ede375e7: failed while reading the ElectricalSeries rates (AttributeError: module 'spikeinterface.extractors' has no attribute 'NwbRecordingExtractor')
2026-10-03T08:19:16Z WARNING [1408/1870] 2e8f4a28-d720-4445-bc2a-cfe5ede375e7: leaving unrecorded for a later run to retry.
2026-10-03T08:19:16Z WARNING 2e8f915c-33e4-4359-8673-d39f19fa55f4: failed while reading the ElectricalSeries rates (AttributeError: module 'spikeinterface.extractors' has no attribute 'NwbRecordingExtractor')
2026-10-03T08:19:16Z WARNING [1409/1870] 2e8f915c-33e4-4359-8673-d39f19fa55f4: leaving unrecorded for a later run to retry.
2026-10-03T08:19:16Z WARNING 2e8fe785-2e3b-4bf9-8308-dd61a40792f8: failed while reading the ElectricalSeries rates (AttributeError: module 'spikeinterface.extractors' has no attribute 'NwbRecordingExtractor')
2026-10-03T08:19:16Z WARNING [1410/1870] 2e8fe785-2e3b-4bf9-8308-dd61a40792f8: leaving unrecorded for a later run to retry.
2026-10-03T08:19:17Z WARNING 2e901c79-48cb-4987-bbef-50057ff774be: failed while reading the ElectricalSeries rates (AttributeError: module 'spikeinterface.extractors' has no attribute 'NwbRecordingExtractor')
2026-10-03T08:19:17Z WARNING [1411/1870] 2e901c79-48cb-4987-bbef-50057ff774be: leaving unrecorded for a later run to retry.
2026-10-03T08:19:17Z WARNING 2e906c76-ebe4-4b9d-83e5-00baf1647aaa: failed while reading the ElectricalSeries rates (AttributeError: module 'spikeinterface.extractors' has no attribute 'NwbRecordingExtractor')
2026-10-03T08:19:17Z WARNING [1412/1870] 2e906c76-ebe4-4b9d-83e5-00baf1647aaa: leaving unrecorded for a later run to retry.
2026-10-03T08:19:17Z WARNING 2e90ac13-60ee-49b0-b3ee-ca184891537a: failed while reading the ElectricalSeries rates (AttributeError: module 'spikeinterface.extractors' has no attribute 'NwbRecordingExtractor')
2026-10-03T08:19:17Z WARNING [1413/1870] 2e90ac13-60ee-49b0-b3ee-ca184891537a: leaving unrecorded for a later run to retry.
2026-10-03T08:19:17Z WARNING 2e90bc80-3511-44aa-a51f-f21824cf50ff: failed while reading the ElectricalSeries rates (AttributeError: module 'spikeinterface.extractors' has no attribute 'NwbRecordingExtractor')
2026-10-03T08:19:17Z WARNING [1414/1870] 2e90bc80-3511-44aa-a51f-f21824cf50ff: leaving unrecorded for a later run to retry.
2026-10-03T08:19:17Z WARNING 2e90e6d1-7b53-4490-a83d-065868ef813a: failed while reading the ElectricalSeries rates (AttributeError: module 'spikeinterface.extractors' has no attribute 'NwbRecordingExtractor')
2026-10-03T08:19:17Z WARNING [1415/1870] 2e90e6d1-7b53-4490-a83d-065868ef813a: leaving unrecorded for a later run to retry.
2026-10-03T08:19:18Z WARNING 2e9163ee-8598-4513-8e6d-44176bec7dd5: failed while reading the ElectricalSeries rates (AttributeError: module 'spikeinterface.extractors' has no attribute 'NwbRecordingExtractor')
2026-10-03T08:19:18Z WARNING [1416/1870] 2e9163ee-8598-4513-8e6d-44176bec7dd5: leaving unrecorded for a later run to retry.
2026-10-03T08:19:18Z WARNING 2e91fab9-6541-476c-b6b0-b6da407a54e8: failed while reading the ElectricalSeries rates (AttributeError: module 'spikeinterface.extractors' has no attribute 'NwbRecordingExtractor')
2026-10-03T08:19:18Z WARNING [1417/1870] 2e91fab9-6541-476c-b6b0-b6da407a54e8: leaving unrecorded for a later run to retry.
2026-10-03T08:19:18Z WARNING 2e922c24-e676-432a-bead-3b9c87204a06: failed while reading the ElectricalSeries rates (AttributeError: module 'spikeinterface.extractors' has no attribute 'NwbRecordingExtractor')
2026-10-03T08:19:18Z WARNING [1418/1870] 2e922c24-e676-432a-bead-3b9c87204a06: leaving unrecorded for a later run to retry.
2026-10-03T08:19:18Z WARNING 2e922ee3-3e31-4889-8bae-c187410fba1d: failed while reading the ElectricalSeries rates (AttributeError: module 'spikeinterface.extractors' has no attribute 'NwbRecordingExtractor')
2026-10-03T08:19:18Z WARNING [1419/1870] 2e922ee3-3e31-4889-8bae-c187410fba1d: leaving unrecorded for a later run to retry.
2026-10-03T08:19:18Z WARNING 2e92bf93-9696-4645-8ace-b6eb2e6d6718: failed while reading the ElectricalSeries rates (AttributeError: module 'spikeinterface.extractors' has no attribute 'NwbRecordingExtractor')
2026-10-03T08:19:18Z WARNING [1420/1870] 2e92bf93-9696-4645-8ace-b6eb2e6d6718: leaving unrecorded for a later run to retry.
2026-10-03T08:19:19Z WARNING 2e94a6b2-b676-4b5d-891a-0d30f17b5978: failed while reading the ElectricalSeries rates (AttributeError: module 'spikeinterface.extractors' has no attribute 'NwbRecordingExtractor')
2026-10-03T08:19:19Z WARNING [1421/1870] 2e94a6b2-b676-4b5d-891a-0d30f17b5978: leaving unrecorded for a later run to retry.
2026-10-03T08:19:19Z WARNING 2e95acdf-4fde-42d8-9d64-ea92f29e36ff: failed while reading the ElectricalSeries rates (AttributeError: module 'spikeinterface.extractors' has no attribute 'NwbRecordingExtractor')
2026-10-03T08:19:19Z WARNING [1422/1870] 2e95acdf-4fde-42d8-9d64-ea92f29e36ff: leaving unrecorded for a later run to retry.
2026-10-03T08:19:19Z WARNING 2e96746e-b803-4a3e-8aff-05a520da443c: failed while reading the ElectricalSeries rates (AttributeError: module 'spikeinterface.extractors' has no attribute 'NwbRecordingExtractor')
2026-10-03T08:19:19Z WARNING [1423/1870] 2e96746e-b803-4a3e-8aff-05a520da443c: leaving unrecorded for a later run to retry.
2026-10-03T08:19:19Z WARNING 2e96d3c8-6fc4-492a-9a5c-e3c0fb8b7d1b: failed while reading the ElectricalSeries rates (AttributeError: module 'spikeinterface.extractors' has no attribute 'NwbRecordingExtractor')
2026-10-03T08:19:19Z WARNING [1424/1870] 2e96d3c8-6fc4-492a-9a5c-e3c0fb8b7d1b: leaving unrecorded for a later run to retry.
2026-10-03T08:19:20Z WARNING 2e9903f5-9dd0-4820-b29a-dafe3f95d3c2: failed while reading the ElectricalSeries rates (AttributeError: module 'spikeinterface.extractors' has no attribute 'NwbRecordingExtractor')
2026-10-03T08:19:20Z WARNING [1425/1870] 2e9903f5-9dd0-4820-b29a-dafe3f95d3c2: leaving unrecorded for a later run to retry.
2026-10-03T08:19:20Z WARNING 2e99c279-b5e5-4c6b-b93c-c56ce30202a9: failed while reading the ElectricalSeries rates (AttributeError: module 'spikeinterface.extractors' has no attribute 'NwbRecordingExtractor')
2026-10-03T08:19:20Z WARNING [1426/1870] 2e99c279-b5e5-4c6b-b93c-c56ce30202a9: leaving unrecorded for a later run to retry.
2026-10-03T08:19:20Z WARNING 2e9aad8a-aa68-4478-a3c5-d4d6e47b1780: failed while reading the ElectricalSeries rates (AttributeError: module 'spikeinterface.extractors' has no attribute 'NwbRecordingExtractor')
2026-10-03T08:19:20Z WARNING [1427/1870] 2e9aad8a-aa68-4478-a3c5-d4d6e47b1780: leaving unrecorded for a later run to retry.
2026-10-03T08:19:20Z WARNING 2e9b5f0e-8a1b-4205-b4ea-f688175f62d9: failed while reading the ElectricalSeries rates (AttributeError: module 'spikeinterface.extractors' has no attribute 'NwbRecordingExtractor')
2026-10-03T08:19:20Z WARNING [1428/1870] 2e9b5f0e-8a1b-4205-b4ea-f688175f62d9: leaving unrecorded for a later run to retry.
2026-10-03T08:19:20Z WARNING 2e9bf43e-20c5-4342-a0f9-2f620d6ed02c: failed while reading the ElectricalSeries rates (AttributeError: module 'spikeinterface.extractors' has no attribute 'NwbRecordingExtractor')
2026-10-03T08:19:20Z WARNING [1429/1870] 2e9bf43e-20c5-4342-a0f9-2f620d6ed02c: leaving unrecorded for a later run to retry.
2026-10-03T08:19:21Z WARNING 2e9d7646-df3e-44fe-a776-5ccb7ae01bd0: failed while reading the ElectricalSeries rates (AttributeError: module 'spikeinterface.extractors' has no attribute 'NwbRecordingExtractor')
2026-10-03T08:19:21Z WARNING [1430/1870] 2e9d7646-df3e-44fe-a776-5ccb7ae01bd0: leaving unrecorded for a later run to retry.
2026-10-03T08:19:21Z WARNING 2e9dd198-55d0-4b0a-9a59-088648660cdc: failed while reading the ElectricalSeries rates (AttributeError: module 'spikeinterface.extractors' has no attribute 'NwbRecordingExtractor')
2026-10-03T08:19:21Z WARNING [1431/1870] 2e9dd198-55d0-4b0a-9a59-088648660cdc: leaving unrecorded for a later run to retry.
2026-10-03T08:19:21Z WARNING 2e9dd254-6575-4fe3-a0d7-45e9b89ff6d5: failed while reading the ElectricalSeries rates (AttributeError: module 'spikeinterface.extractors' has no attribute 'NwbRecordingExtractor')
2026-10-03T08:19:21Z WARNING [1432/1870] 2e9dd254-6575-4fe3-a0d7-45e9b89ff6d5: leaving unrecorded for a later run to retry.
2026-10-03T08:19:21Z WARNING 2e9ddea6-b8d0-4cea-a180-40de57076366: failed while reading the ElectricalSeries rates (AttributeError: module 'spikeinterface.extractors' has no attribute 'NwbRecordingExtractor')
2026-10-03T08:19:21Z WARNING [1433/1870] 2e9ddea6-b8d0-4cea-a180-40de57076366: leaving unrecorded for a later run to retry.
2026-10-03T08:19:22Z WARNING 2e9eead4-7e78-4c61-84b3-ff501eb92ebc: failed while reading the ElectricalSeries rates (AttributeError: module 'spikeinterface.extractors' has no attribute 'NwbRecordingExtractor')
2026-10-03T08:19:22Z WARNING [1434/1870] 2e9eead4-7e78-4c61-84b3-ff501eb92ebc: leaving unrecorded for a later run to retry.
2026-10-03T08:19:22Z WARNING 2e9fd3d6-688f-4c30-b321-7abb7bf18c2b: failed while reading the ElectricalSeries rates (AttributeError: module 'spikeinterface.extractors' has no attribute 'NwbRecordingExtractor')
2026-10-03T08:19:22Z WARNING [1435/1870] 2e9fd3d6-688f-4c30-b321-7abb7bf18c2b: leaving unrecorded for a later run to retry.
2026-10-03T08:19:22Z WARNING 2e9fec99-925f-4343-b742-8560b9eb5aeb: failed while reading the ElectricalSeries rates (AttributeError: module 'spikeinterface.extractors' has no attribute 'NwbRecordingExtractor')
2026-10-03T08:19:22Z WARNING [1436/1870] 2e9fec99-925f-4343-b742-8560b9eb5aeb: leaving unrecorded for a later run to retry.
2026-10-03T08:19:22Z WARNING 2ea03fab-87ab-4695-8d91-69858c6b64e3: failed while reading the ElectricalSeries rates (AttributeError: module 'spikeinterface.extractors' has no attribute 'NwbRecordingExtractor')
2026-10-03T08:19:22Z WARNING [1437/1870] 2ea03fab-87ab-4695-8d91-69858c6b64e3: leaving unrecorded for a later run to retry.
2026-10-03T08:19:22Z WARNING 2ea07369-dee9-4627-a79d-8d6470676d41: failed while reading the ElectricalSeries rates (AttributeError: module 'spikeinterface.extractors' has no attribute 'NwbRecordingExtractor')
2026-10-03T08:19:22Z WARNING [1438/1870] 2ea07369-dee9-4627-a79d-8d6470676d41: leaving unrecorded for a later run to retry.
2026-10-03T08:19:23Z WARNING 2ea0cf47-1211-4e62-a64a-027fe9d0bf4b: failed while reading the ElectricalSeries rates (AttributeError: module 'spikeinterface.extractors' has no attribute 'NwbRecordingExtractor')
2026-10-03T08:19:23Z WARNING [1439/1870] 2ea0cf47-1211-4e62-a64a-027fe9d0bf4b: leaving unrecorded for a later run to retry.
2026-10-03T08:19:23Z WARNING 2ea181c3-c560-469a-b679-235ca52131b0: failed while reading the ElectricalSeries rates (AttributeError: module 'spikeinterface.extractors' has no attribute 'NwbRecordingExtractor')
2026-10-03T08:19:23Z WARNING [1440/1870] 2ea181c3-c560-469a-b679-235ca52131b0: leaving unrecorded for a later run to retry.
2026-10-03T08:19:23Z WARNING 2ea2224c-2cfc-462f-804e-5f4f79775e45: failed while reading the ElectricalSeries rates (AttributeError: module 'spikeinterface.extractors' has no attribute 'NwbRecordingExtractor')
2026-10-03T08:19:23Z WARNING [1441/1870] 2ea2224c-2cfc-462f-804e-5f4f79775e45: leaving unrecorded for a later run to retry.
2026-10-03T08:19:23Z WARNING 2ea25daf-de2a-4ce4-96cd-43220b31409f: failed while reading the ElectricalSeries rates (AttributeError: module 'spikeinterface.extractors' has no attribute 'NwbRecordingExtractor')
2026-10-03T08:19:23Z WARNING [1442/1870] 2ea25daf-de2a-4ce4-96cd-43220b31409f: leaving unrecorded for a later run to retry.
2026-10-03T08:19:23Z WARNING 2ea26252-2997-4707-9a4c-8203f1aa14f5: failed while reading the ElectricalSeries rates (AttributeError: module 'spikeinterface.extractors' has no attribute 'NwbRecordingExtractor')
2026-10-03T08:19:23Z WARNING [1443/1870] 2ea26252-2997-4707-9a4c-8203f1aa14f5: leaving unrecorded for a later run to retry.
2026-10-03T08:19:24Z WARNING 2ea2c3d2-6c18-41b5-9b8a-841855dd9b8a: failed while reading the ElectricalSeries rates (AttributeError: module 'spikeinterface.extractors' has no attribute 'NwbRecordingExtractor')
2026-10-03T08:19:24Z WARNING [1444/1870] 2ea2c3d2-6c18-41b5-9b8a-841855dd9b8a: leaving unrecorded for a later run to retry.
2026-10-03T08:19:24Z WARNING 2ea37cd3-96a0-46db-ba39-91128694b359: failed while reading the ElectricalSeries rates (AttributeError: module 'spikeinterface.extractors' has no attribute 'NwbRecordingExtractor')
2026-10-03T08:19:24Z WARNING [1445/1870] 2ea37cd3-96a0-46db-ba39-91128694b359: leaving unrecorded for a later run to retry.
2026-10-03T08:19:24Z WARNING 2ea3eaab-be69-495a-9f09-9b5ec260633a: failed while reading the ElectricalSeries rates (AttributeError: module 'spikeinterface.extractors' has no attribute 'NwbRecordingExtractor')
2026-10-03T08:19:24Z WARNING [1446/1870] 2ea3eaab-be69-495a-9f09-9b5ec260633a: leaving unrecorded for a later run to retry.
2026-10-03T08:19:24Z WARNING 2ea571ae-1bfc-4790-afe8-275b3ae401f8: failed while reading the ElectricalSeries rates (AttributeError: module 'spikeinterface.extractors' has no attribute 'NwbRecordingExtractor')
2026-10-03T08:19:24Z WARNING [1447/1870] 2ea571ae-1bfc-4790-afe8-275b3ae401f8: leaving unrecorded for a later run to retry.
2026-10-03T08:19:24Z WARNING 2ea67021-7dfb-4b26-8adf-4a9a6c2b2682: failed while reading the ElectricalSeries rates (AttributeError: module 'spikeinterface.extractors' has no attribute 'NwbRecordingExtractor')
2026-10-03T08:19:24Z WARNING [1448/1870] 2ea67021-7dfb-4b26-8adf-4a9a6c2b2682: leaving unrecorded for a later run to retry.
2026-10-03T08:19:25Z WARNING 2ea6f5b6-e724-42f6-9677-30f6cac155df: failed while reading the ElectricalSeries rates (AttributeError: module 'spikeinterface.extractors' has no attribute 'NwbRecordingExtractor')
2026-10-03T08:19:25Z WARNING [1449/1870] 2ea6f5b6-e724-42f6-9677-30f6cac155df: leaving unrecorded for a later run to retry.
2026-10-03T08:19:25Z WARNING 2ea6fd18-2218-46e0-9259-e43d6edd4cea: failed while reading the ElectricalSeries rates (AttributeError: module 'spikeinterface.extractors' has no attribute 'NwbRecordingExtractor')
2026-10-03T08:19:25Z WARNING [1450/1870] 2ea6fd18-2218-46e0-9259-e43d6edd4cea: leaving unrecorded for a later run to retry.
2026-10-03T08:19:25Z INFO [1450/1870] 2ea6fd18-2218-46e0-9259-e43d6edd4cea: checkpointed 60602 records.
2026-10-03T08:19:25Z WARNING 2ea771b0-dc65-4269-8dd1-9c52c8823d7e: failed while reading the ElectricalSeries rates (AttributeError: module 'spikeinterface.extractors' has no attribute 'NwbRecordingExtractor')
2026-10-03T08:19:25Z WARNING [1451/1870] 2ea771b0-dc65-4269-8dd1-9c52c8823d7e: leaving unrecorded for a later run to retry.
2026-10-03T08:19:25Z WARNING 2ea804a2-33bc-4e41-83a7-9c0710fc0ddf: failed while reading the ElectricalSeries rates (AttributeError: module 'spikeinterface.extractors' has no attribute 'NwbRecordingExtractor')
2026-10-03T08:19:25Z WARNING [1452/1870] 2ea804a2-33bc-4e41-83a7-9c0710fc0ddf: leaving unrecorded for a later run to retry.
2026-10-03T08:19:26Z WARNING 2ea8b013-6a36-4921-bbd4-86fa2d511036: failed while reading the ElectricalSeries rates (AttributeError: module 'spikeinterface.extractors' has no attribute 'NwbRecordingExtractor')
2026-10-03T08:19:26Z WARNING [1453/1870] 2ea8b013-6a36-4921-bbd4-86fa2d511036: leaving unrecorded for a later run to retry.
2026-10-03T08:19:26Z WARNING 2ea8f65f-ebff-44e6-a94d-ec905092b21d: failed while reading the ElectricalSeries rates (AttributeError: module 'spikeinterface.extractors' has no attribute 'NwbRecordingExtractor')
2026-10-03T08:19:26Z WARNING [1454/1870] 2ea8f65f-ebff-44e6-a94d-ec905092b21d: leaving unrecorded for a later run to retry.
2026-10-03T08:19:26Z WARNING 2ea94c9c-8012-47ad-a7bf-b268984b658c: failed while reading the ElectricalSeries rates (AttributeError: module 'spikeinterface.extractors' has no attribute 'NwbRecordingExtractor')
2026-10-03T08:19:26Z WARNING [1455/1870] 2ea94c9c-8012-47ad-a7bf-b268984b658c: leaving unrecorded for a later run to retry.
2026-10-03T08:19:26Z WARNING 2ea9b8a4-7148-4674-9ffc-d605b0ad423b: failed while reading the ElectricalSeries rates (AttributeError: module 'spikeinterface.extractors' has no attribute 'NwbRecordingExtractor')
2026-10-03T08:19:26Z WARNING [1456/1870] 2ea9b8a4-7148-4674-9ffc-d605b0ad423b: leaving unrecorded for a later run to retry.
2026-10-03T08:19:26Z WARNING 2eaa696e-204c-48bb-9d41-815f1a0559a2: failed while reading the ElectricalSeries rates (AttributeError: module 'spikeinterface.extractors' has no attribute 'NwbRecordingExtractor')
2026-10-03T08:19:26Z WARNING [1457/1870] 2eaa696e-204c-48bb-9d41-815f1a0559a2: leaving unrecorded for a later run to retry.
2026-10-03T08:19:27Z WARNING 2eaa75b0-d01a-4770-94e2-d939f6ac548c: failed while reading the ElectricalSeries rates (AttributeError: module 'spikeinterface.extractors' has no attribute 'NwbRecordingExtractor')
2026-10-03T08:19:27Z WARNING [1458/1870] 2eaa75b0-d01a-4770-94e2-d939f6ac548c: leaving unrecorded for a later run to retry.
2026-10-03T08:19:27Z WARNING 2eaa8478-acf2-4644-b3ad-7eb509dba44f: failed while reading the ElectricalSeries rates (AttributeError: module 'spikeinterface.extractors' has no attribute 'NwbRecordingExtractor')
2026-10-03T08:19:27Z WARNING [1459/1870] 2eaa8478-acf2-4644-b3ad-7eb509dba44f: leaving unrecorded for a later run to retry.
2026-10-03T08:19:27Z WARNING 2eab4860-f591-47b1-abfd-54630a481b97: failed while reading the ElectricalSeries rates (AttributeError: module 'spikeinterface.extractors' has no attribute 'NwbRecordingExtractor')
2026-10-03T08:19:27Z WARNING [1460/1870] 2eab4860-f591-47b1-abfd-54630a481b97: leaving unrecorded for a later run to retry.
2026-10-03T08:19:27Z WARNING 2eac2228-2ed9-4193-9f11-4aa76786b6c3: failed while reading the ElectricalSeries rates (AttributeError: module 'spikeinterface.extractors' has no attribute 'NwbRecordingExtractor')
2026-10-03T08:19:27Z WARNING [1461/1870] 2eac2228-2ed9-4193-9f11-4aa76786b6c3: leaving unrecorded for a later run to retry.
2026-10-03T08:19:28Z WARNING 2ead4642-2918-4c2d-83a3-bd3bc33bfa1b: failed while reading the ElectricalSeries rates (AttributeError: module 'spikeinterface.extractors' has no attribute 'NwbRecordingExtractor')
2026-10-03T08:19:28Z WARNING [1462/1870] 2ead4642-2918-4c2d-83a3-bd3bc33bfa1b: leaving unrecorded for a later run to retry.
2026-10-03T08:19:28Z WARNING 2eae9dc2-599e-438b-964c-7ae7f24aea9e: failed while reading the ElectricalSeries rates (AttributeError: module 'spikeinterface.extractors' has no attribute 'NwbRecordingExtractor')
2026-10-03T08:19:28Z WARNING [1463/1870] 2eae9dc2-599e-438b-964c-7ae7f24aea9e: leaving unrecorded for a later run to retry.
2026-10-03T08:19:28Z WARNING 2eaec42c-5eb8-476d-8365-12b0901d4e57: failed while reading the ElectricalSeries rates (AttributeError: module 'spikeinterface.extractors' has no attribute 'NwbRecordingExtractor')
2026-10-03T08:19:28Z WARNING [1464/1870] 2eaec42c-5eb8-476d-8365-12b0901d4e57: leaving unrecorded for a later run to retry.
2026-10-03T08:19:28Z WARNING 2eaf2058-9ec6-4f95-96b1-00aee5649440: failed while reading the ElectricalSeries rates (AttributeError: module 'spikeinterface.extractors' has no attribute 'NwbRecordingExtractor')
2026-10-03T08:19:28Z WARNING [1465/1870] 2eaf2058-9ec6-4f95-96b1-00aee5649440: leaving unrecorded for a later run to retry.
2026-10-03T08:19:28Z WARNING 2eb00d42-1c3e-4f58-81ad-5d7e8b09efaa: failed while reading the ElectricalSeries rates (AttributeError: module 'spikeinterface.extractors' has no attribute 'NwbRecordingExtractor')
2026-10-03T08:19:28Z WARNING [1466/1870] 2eb00d42-1c3e-4f58-81ad-5d7e8b09efaa: leaving unrecorded for a later run to retry.
2026-10-03T08:19:29Z WARNING 2eb05a6b-73b6-4689-a824-fc6f3d916719: failed while reading the ElectricalSeries rates (AttributeError: module 'spikeinterface.extractors' has no attribute 'NwbRecordingExtractor')
2026-10-03T08:19:29Z WARNING [1467/1870] 2eb05a6b-73b6-4689-a824-fc6f3d916719: leaving unrecorded for a later run to retry.
2026-10-03T08:19:29Z WARNING 2eb11d36-532f-4aad-b2c5-145a3009f32e: failed while reading the ElectricalSeries rates (AttributeError: module 'spikeinterface.extractors' has no attribute 'NwbRecordingExtractor')
2026-10-03T08:19:29Z WARNING [1468/1870] 2eb11d36-532f-4aad-b2c5-145a3009f32e: leaving unrecorded for a later run to retry.
2026-10-03T08:19:29Z WARNING 2eb1942f-d3c1-4f38-8bcc-d58d270d23c7: failed while reading the ElectricalSeries rates (AttributeError: module 'spikeinterface.extractors' has no attribute 'NwbRecordingExtractor')
2026-10-03T08:19:29Z WARNING [1469/1870] 2eb1942f-d3c1-4f38-8bcc-d58d270d23c7: leaving unrecorded for a later run to retry.
2026-10-03T08:19:29Z WARNING 2eb211e8-b5a7-4ea8-9245-3321c7993ce1: failed while reading the ElectricalSeries rates (AttributeError: module 'spikeinterface.extractors' has no attribute 'NwbRecordingExtractor')
2026-10-03T08:19:29Z WARNING [1470/1870] 2eb211e8-b5a7-4ea8-9245-3321c7993ce1: leaving unrecorded for a later run to retry.
2026-10-03T08:19:29Z WARNING 2eb2301b-699b-46c7-a5fa-67d54d0206a7: failed while reading the ElectricalSeries rates (AttributeError: module 'spikeinterface.extractors' has no attribute 'NwbRecordingExtractor')
2026-10-03T08:19:29Z WARNING [1471/1870] 2eb2301b-699b-46c7-a5fa-67d54d0206a7: leaving unrecorded for a later run to retry.
2026-10-03T08:19:30Z WARNING 2eb30919-9ce4-41cf-bf83-cb26695e6020: failed while reading the ElectricalSeries rates (AttributeError: module 'spikeinterface.extractors' has no attribute 'NwbRecordingExtractor')
2026-10-03T08:19:30Z WARNING [1472/1870] 2eb30919-9ce4-41cf-bf83-cb26695e6020: leaving unrecorded for a later run to retry.
2026-10-03T08:19:30Z WARNING 2eb30ea5-8cc5-4f51-be76-023013118617: failed while reading the ElectricalSeries rates (AttributeError: module 'spikeinterface.extractors' has no attribute 'NwbRecordingExtractor')
2026-10-03T08:19:30Z WARNING [1473/1870] 2eb30ea5-8cc5-4f51-be76-023013118617: leaving unrecorded for a later run to retry.
2026-10-03T08:19:30Z WARNING 2eb395bd-2528-45ef-a2e7-92ca7db61dc0: failed while reading the ElectricalSeries rates (AttributeError: module 'spikeinterface.extractors' has no attribute 'NwbRecordingExtractor')
2026-10-03T08:19:30Z WARNING [1474/1870] 2eb395bd-2528-45ef-a2e7-92ca7db61dc0: leaving unrecorded for a later run to retry.
2026-10-03T08:19:30Z WARNING 2eb3fc4b-df12-4e8d-b745-44d6ffd73675: failed while reading the ElectricalSeries rates (AttributeError: module 'spikeinterface.extractors' has no attribute 'NwbRecordingExtractor')
2026-10-03T08:19:30Z WARNING [1475/1870] 2eb3fc4b-df12-4e8d-b745-44d6ffd73675: leaving unrecorded for a later run to retry.
2026-10-03T08:19:30Z WARNING 2eb40a77-3c81-4ac2-896a-abf560dfcd5a: failed while reading the ElectricalSeries rates (AttributeError: module 'spikeinterface.extractors' has no attribute 'NwbRecordingExtractor')
2026-10-03T08:19:30Z WARNING [1476/1870] 2eb40a77-3c81-4ac2-896a-abf560dfcd5a: leaving unrecorded for a later run to retry.
2026-10-03T08:19:31Z WARNING 2eb46225-13f0-48d5-86ff-434bffc66005: failed while reading the ElectricalSeries rates (AttributeError: module 'spikeinterface.extractors' has no attribute 'NwbRecordingExtractor')
2026-10-03T08:19:31Z WARNING [1477/1870] 2eb46225-13f0-48d5-86ff-434bffc66005: leaving unrecorded for a later run to retry.
2026-10-03T08:19:31Z WARNING 2eb59def-5f29-4380-83a3-70e4085b0eaf: failed while reading the ElectricalSeries rates (AttributeError: module 'spikeinterface.extractors' has no attribute 'NwbRecordingExtractor')
2026-10-03T08:19:31Z WARNING [1478/1870] 2eb59def-5f29-4380-83a3-70e4085b0eaf: leaving unrecorded for a later run to retry.
2026-10-03T08:19:31Z WARNING 2eb7e965-3ab5-4ed6-8293-0095d88db98b: failed while reading the ElectricalSeries rates (AttributeError: module 'spikeinterface.extractors' has no attribute 'NwbRecordingExtractor')
2026-10-03T08:19:31Z WARNING [1479/1870] 2eb7e965-3ab5-4ed6-8293-0095d88db98b: leaving unrecorded for a later run to retry.
2026-10-03T08:19:31Z WARNING 2eb94bbe-4f9b-4962-8f2e-60eb227b64f4: failed while reading the ElectricalSeries rates (AttributeError: module 'spikeinterface.extractors' has no attribute 'NwbRecordingExtractor')
2026-10-03T08:19:31Z WARNING [1480/1870] 2eb94bbe-4f9b-4962-8f2e-60eb227b64f4: leaving unrecorded for a later run to retry.
2026-10-03T08:19:32Z WARNING 2eb98413-4050-40a6-ae93-b4970f925d39: failed while reading the ElectricalSeries rates (AttributeError: module 'spikeinterface.extractors' has no attribute 'NwbRecordingExtractor')
2026-10-03T08:19:32Z WARNING [1481/1870] 2eb98413-4050-40a6-ae93-b4970f925d39: leaving unrecorded for a later run to retry.
2026-10-03T08:19:32Z WARNING 2eb98789-3f3a-4579-9737-c528aed9e323: failed while reading the ElectricalSeries rates (AttributeError: module 'spikeinterface.extractors' has no attribute 'NwbRecordingExtractor')
2026-10-03T08:19:32Z WARNING [1482/1870] 2eb98789-3f3a-4579-9737-c528aed9e323: leaving unrecorded for a later run to retry.
2026-10-03T08:19:32Z WARNING 2eba6bd5-52ee-42af-8777-1d165b736518: failed while reading the ElectricalSeries rates (AttributeError: module 'spikeinterface.extractors' has no attribute 'NwbRecordingExtractor')
2026-10-03T08:19:32Z WARNING [1483/1870] 2eba6bd5-52ee-42af-8777-1d165b736518: leaving unrecorded for a later run to retry.
2026-10-03T08:19:32Z WARNING 2ebad590-0556-4c8f-88ec-3226f489239c: failed while reading the ElectricalSeries rates (AttributeError: module 'spikeinterface.extractors' has no attribute 'NwbRecordingExtractor')
2026-10-03T08:19:32Z WARNING [1484/1870] 2ebad590-0556-4c8f-88ec-3226f489239c: leaving unrecorded for a later run to retry.
2026-10-03T08:19:32Z WARNING 2ebaf47f-3287-40fe-9613-46eb75ff0837: failed while reading the ElectricalSeries rates (AttributeError: module 'spikeinterface.extractors' has no attribute 'NwbRecordingExtractor')
2026-10-03T08:19:32Z WARNING [1485/1870] 2ebaf47f-3287-40fe-9613-46eb75ff0837: leaving unrecorded for a later run to retry.
2026-10-03T08:19:33Z WARNING 2ebb03f7-2994-4f6c-b70d-9c8d53f711c2: failed while reading the ElectricalSeries rates (AttributeError: module 'spikeinterface.extractors' has no attribute 'NwbRecordingExtractor')
2026-10-03T08:19:33Z WARNING [1486/1870] 2ebb03f7-2994-4f6c-b70d-9c8d53f711c2: leaving unrecorded for a later run to retry.
2026-10-03T08:19:33Z WARNING 2ebb054a-52fb-4139-b148-ba5264595b36: failed while reading the ElectricalSeries rates (AttributeError: module 'spikeinterface.extractors' has no attribute 'NwbRecordingExtractor')
2026-10-03T08:19:33Z WARNING [1487/1870] 2ebb054a-52fb-4139-b148-ba5264595b36: leaving unrecorded for a later run to retry.
2026-10-03T08:19:33Z WARNING 2ebc6efa-0eba-4e0a-a9b6-c91f5ddcae20: failed while reading the ElectricalSeries rates (AttributeError: module 'spikeinterface.extractors' has no attribute 'NwbRecordingExtractor')
2026-10-03T08:19:33Z WARNING [1488/1870] 2ebc6efa-0eba-4e0a-a9b6-c91f5ddcae20: leaving unrecorded for a later run to retry.
2026-10-03T08:19:33Z WARNING 2ebc825a-a723-4f23-96b8-d6bbe7844e32: failed while reading the ElectricalSeries rates (AttributeError: module 'spikeinterface.extractors' has no attribute 'NwbRecordingExtractor')
2026-10-03T08:19:33Z WARNING [1489/1870] 2ebc825a-a723-4f23-96b8-d6bbe7844e32: leaving unrecorded for a later run to retry.
2026-10-03T08:19:33Z WARNING 2ebd7006-dcbd-4cce-ae7c-05686cbe35dd: failed while reading the ElectricalSeries rates (AttributeError: module 'spikeinterface.extractors' has no attribute 'NwbRecordingExtractor')
2026-10-03T08:19:33Z WARNING [1490/1870] 2ebd7006-dcbd-4cce-ae7c-05686cbe35dd: leaving unrecorded for a later run to retry.
2026-10-03T08:19:34Z WARNING 2ebd9aab-247b-4e9b-b971-f275549792b1: failed while reading the ElectricalSeries rates (AttributeError: module 'spikeinterface.extractors' has no attribute 'NwbRecordingExtractor')
2026-10-03T08:19:34Z WARNING [1491/1870] 2ebd9aab-247b-4e9b-b971-f275549792b1: leaving unrecorded for a later run to retry.
2026-10-03T08:19:34Z WARNING 2ebe05b6-80f9-44b4-9692-0d8f3adeaa95: failed while reading the ElectricalSeries rates (AttributeError: module 'spikeinterface.extractors' has no attribute 'NwbRecordingExtractor')
2026-10-03T08:19:34Z WARNING [1492/1870] 2ebe05b6-80f9-44b4-9692-0d8f3adeaa95: leaving unrecorded for a later run to retry.
2026-10-03T08:19:34Z WARNING 2ebe19fa-0e9b-451e-8e21-5006c08bd040: failed while reading the ElectricalSeries rates (AttributeError: module 'spikeinterface.extractors' has no attribute 'NwbRecordingExtractor')
2026-10-03T08:19:34Z WARNING [1493/1870] 2ebe19fa-0e9b-451e-8e21-5006c08bd040: leaving unrecorded for a later run to retry.
2026-10-03T08:19:34Z WARNING 2ebee549-44f5-4df3-abfc-f483df8e69fd: failed while reading the ElectricalSeries rates (AttributeError: module 'spikeinterface.extractors' has no attribute 'NwbRecordingExtractor')
2026-10-03T08:19:34Z WARNING [1494/1870] 2ebee549-44f5-4df3-abfc-f483df8e69fd: leaving unrecorded for a later run to retry.
2026-10-03T08:19:34Z WARNING 2ebee7dd-5b25-48d9-a1d1-5bb954cbb11a: failed while reading the ElectricalSeries rates (AttributeError: module 'spikeinterface.extractors' has no attribute 'NwbRecordingExtractor')
2026-10-03T08:19:34Z WARNING [1495/1870] 2ebee7dd-5b25-48d9-a1d1-5bb954cbb11a: leaving unrecorded for a later run to retry.
2026-10-03T08:19:35Z WARNING 2ebf481c-0e5b-420e-af69-e53c1285b239: failed while reading the ElectricalSeries rates (AttributeError: module 'spikeinterface.extractors' has no attribute 'NwbRecordingExtractor')
2026-10-03T08:19:35Z WARNING [1496/1870] 2ebf481c-0e5b-420e-af69-e53c1285b239: leaving unrecorded for a later run to retry.
2026-10-03T08:19:35Z WARNING 2ec0d019-0a1f-4570-908b-f709775e1ac9: failed while reading the ElectricalSeries rates (AttributeError: module 'spikeinterface.extractors' has no attribute 'NwbRecordingExtractor')
2026-10-03T08:19:35Z WARNING [1497/1870] 2ec0d019-0a1f-4570-908b-f709775e1ac9: leaving unrecorded for a later run to retry.
2026-10-03T08:19:35Z WARNING 2ec0ec38-f026-4b07-9d0a-7496c35da831: failed while reading the ElectricalSeries rates (AttributeError: module 'spikeinterface.extractors' has no attribute 'NwbRecordingExtractor')
2026-10-03T08:19:35Z WARNING [1498/1870] 2ec0ec38-f026-4b07-9d0a-7496c35da831: leaving unrecorded for a later run to retry.
2026-10-03T08:19:35Z WARNING 2ec0fcfe-0e7b-49cf-987e-362d16d9b0bc: failed while reading the ElectricalSeries rates (AttributeError: module 'spikeinterface.extractors' has no attribute 'NwbRecordingExtractor')
2026-10-03T08:19:35Z WARNING [1499/1870] 2ec0fcfe-0e7b-49cf-987e-362d16d9b0bc: leaving unrecorded for a later run to retry.
2026-10-03T08:19:36Z WARNING 2ec20fb3-dbe3-4d2d-b1d9-4e351bb37890: failed while reading the ElectricalSeries rates (AttributeError: module 'spikeinterface.extractors' has no attribute 'NwbRecordingExtractor')
2026-10-03T08:19:36Z WARNING [1500/1870] 2ec20fb3-dbe3-4d2d-b1d9-4e351bb37890: leaving unrecorded for a later run to retry.
2026-10-03T08:19:36Z INFO [1500/1870] 2ec20fb3-dbe3-4d2d-b1d9-4e351bb37890: checkpointed 60602 records.
2026-10-03T08:19:36Z WARNING 2ec4449c-3371-4bc7-8399-6f19f426c59a: failed while reading the ElectricalSeries rates (AttributeError: module 'spikeinterface.extractors' has no attribute 'NwbRecordingExtractor')
2026-10-03T08:19:36Z WARNING [1501/1870] 2ec4449c-3371-4bc7-8399-6f19f426c59a: leaving unrecorded for a later run to retry.
2026-10-03T08:19:36Z WARNING 2ec66f44-db65-4a98-bf42-217c483f147b: failed while reading the ElectricalSeries rates (AttributeError: module 'spikeinterface.extractors' has no attribute 'NwbRecordingExtractor')
2026-10-03T08:19:36Z WARNING [1502/1870] 2ec66f44-db65-4a98-bf42-217c483f147b: leaving unrecorded for a later run to retry.
2026-10-03T08:19:36Z WARNING 2ec742af-e8b0-4137-a592-2a1cc1e7f1c6: failed while reading the ElectricalSeries rates (AttributeError: module 'spikeinterface.extractors' has no attribute 'NwbRecordingExtractor')
2026-10-03T08:19:36Z WARNING [1503/1870] 2ec742af-e8b0-4137-a592-2a1cc1e7f1c6: leaving unrecorded for a later run to retry.
2026-10-03T08:19:36Z WARNING 2ec7f135-cde7-423c-986c-5a9fe746e985: failed while reading the ElectricalSeries rates (AttributeError: module 'spikeinterface.extractors' has no attribute 'NwbRecordingExtractor')
2026-10-03T08:19:36Z WARNING [1504/1870] 2ec7f135-cde7-423c-986c-5a9fe746e985: leaving unrecorded for a later run to retry.
2026-10-03T08:19:37Z WARNING 2ec85010-c08e-4388-bb90-1bed9b88ade6: failed while reading the ElectricalSeries rates (AttributeError: module 'spikeinterface.extractors' has no attribute 'NwbRecordingExtractor')
2026-10-03T08:19:37Z WARNING [1505/1870] 2ec85010-c08e-4388-bb90-1bed9b88ade6: leaving unrecorded for a later run to retry.
2026-10-03T08:19:37Z WARNING 2ec85658-b25c-4eeb-96de-c9af8330822a: failed while reading the ElectricalSeries rates (AttributeError: module 'spikeinterface.extractors' has no attribute 'NwbRecordingExtractor')
2026-10-03T08:19:37Z WARNING [1506/1870] 2ec85658-b25c-4eeb-96de-c9af8330822a: leaving unrecorded for a later run to retry.
2026-10-03T08:19:37Z WARNING 2ec8c26b-fcd8-4a1b-9b5a-7a399850bb62: failed while reading the ElectricalSeries rates (AttributeError: module 'spikeinterface.extractors' has no attribute 'NwbRecordingExtractor')
2026-10-03T08:19:37Z WARNING [1507/1870] 2ec8c26b-fcd8-4a1b-9b5a-7a399850bb62: leaving unrecorded for a later run to retry.
2026-10-03T08:19:37Z WARNING 2ec8f592-9a1f-43ab-ae04-d6737570a80a: failed while reading the ElectricalSeries rates (AttributeError: module 'spikeinterface.extractors' has no attribute 'NwbRecordingExtractor')
2026-10-03T08:19:37Z WARNING [1508/1870] 2ec8f592-9a1f-43ab-ae04-d6737570a80a: leaving unrecorded for a later run to retry.
2026-10-03T08:19:38Z WARNING 2ec989d3-b6a0-41a5-bce1-f7ca9e1a23c8: failed while reading the ElectricalSeries rates (AttributeError: module 'spikeinterface.extractors' has no attribute 'NwbRecordingExtractor')
2026-10-03T08:19:38Z WARNING [1509/1870] 2ec989d3-b6a0-41a5-bce1-f7ca9e1a23c8: leaving unrecorded for a later run to retry.
2026-10-03T08:19:38Z WARNING 2ec9c020-3e6d-433a-9120-8749101be3cf: failed while reading the ElectricalSeries rates (AttributeError: module 'spikeinterface.extractors' has no attribute 'NwbRecordingExtractor')
2026-10-03T08:19:38Z WARNING [1510/1870] 2ec9c020-3e6d-433a-9120-8749101be3cf: leaving unrecorded for a later run to retry.
2026-10-03T08:19:38Z WARNING 2eca04b6-f056-4aea-a310-b3b07f313566: failed while reading the ElectricalSeries rates (AttributeError: module 'spikeinterface.extractors' has no attribute 'NwbRecordingExtractor')
2026-10-03T08:19:38Z WARNING [1511/1870] 2eca04b6-f056-4aea-a310-b3b07f313566: leaving unrecorded for a later run to retry.
2026-10-03T08:19:38Z WARNING 2ecac856-697e-463b-b5da-8c8b061104eb: failed while reading the ElectricalSeries rates (AttributeError: module 'spikeinterface.extractors' has no attribute 'NwbRecordingExtractor')
2026-10-03T08:19:38Z WARNING [1512/1870] 2ecac856-697e-463b-b5da-8c8b061104eb: leaving unrecorded for a later run to retry.
2026-10-03T08:19:38Z WARNING 2ecaec3c-5333-42ef-a383-81c9719ce586: failed while reading the ElectricalSeries rates (AttributeError: module 'spikeinterface.extractors' has no attribute 'NwbRecordingExtractor')
2026-10-03T08:19:38Z WARNING [1513/1870] 2ecaec3c-5333-42ef-a383-81c9719ce586: leaving unrecorded for a later run to retry.
2026-10-03T08:19:39Z WARNING 2eccc862-dfe9-4b16-ac47-49039bfa7888: failed while reading the ElectricalSeries rates (AttributeError: module 'spikeinterface.extractors' has no attribute 'NwbRecordingExtractor')
2026-10-03T08:19:39Z WARNING [1514/1870] 2eccc862-dfe9-4b16-ac47-49039bfa7888: leaving unrecorded for a later run to retry.
2026-10-03T08:19:39Z WARNING 2ece73cd-d2b5-4e3d-a285-2796635f4714: failed while reading the ElectricalSeries rates (AttributeError: module 'spikeinterface.extractors' has no attribute 'NwbRecordingExtractor')
2026-10-03T08:19:39Z WARNING [1515/1870] 2ece73cd-d2b5-4e3d-a285-2796635f4714: leaving unrecorded for a later run to retry.
2026-10-03T08:19:39Z WARNING 2ece8e62-b83d-4dae-b637-707367e6c320: failed while reading the ElectricalSeries rates (AttributeError: module 'spikeinterface.extractors' has no attribute 'NwbRecordingExtractor')
2026-10-03T08:19:39Z WARNING [1516/1870] 2ece8e62-b83d-4dae-b637-707367e6c320: leaving unrecorded for a later run to retry.
2026-10-03T08:19:39Z WARNING 2ed06f36-517a-4847-975c-281b4ec97671: failed while reading the ElectricalSeries rates (AttributeError: module 'spikeinterface.extractors' has no attribute 'NwbRecordingExtractor')
2026-10-03T08:19:39Z WARNING [1517/1870] 2ed06f36-517a-4847-975c-281b4ec97671: leaving unrecorded for a later run to retry.
2026-10-03T08:19:40Z WARNING 2ed0ee8e-2011-4646-9d01-fa165ef97c83: failed while reading the ElectricalSeries rates (AttributeError: module 'spikeinterface.extractors' has no attribute 'NwbRecordingExtractor')
2026-10-03T08:19:40Z WARNING [1518/1870] 2ed0ee8e-2011-4646-9d01-fa165ef97c83: leaving unrecorded for a later run to retry.
2026-10-03T08:19:40Z WARNING 2ed13956-fc78-4409-b123-d9f561e1a2cd: failed while reading the ElectricalSeries rates (AttributeError: module 'spikeinterface.extractors' has no attribute 'NwbRecordingExtractor')
2026-10-03T08:19:40Z WARNING [1519/1870] 2ed13956-fc78-4409-b123-d9f561e1a2cd: leaving unrecorded for a later run to retry.
2026-10-03T08:19:40Z WARNING 2ed14e18-fc15-472f-a8bf-3cd7c69db8ad: failed while reading the ElectricalSeries rates (AttributeError: module 'spikeinterface.extractors' has no attribute 'NwbRecordingExtractor')
2026-10-03T08:19:40Z WARNING [1520/1870] 2ed14e18-fc15-472f-a8bf-3cd7c69db8ad: leaving unrecorded for a later run to retry.
2026-10-03T08:19:40Z WARNING 2ed2b1ca-5547-4cb3-b4f3-17434a71f90a: failed while reading the ElectricalSeries rates (AttributeError: module 'spikeinterface.extractors' has no attribute 'NwbRecordingExtractor')
2026-10-03T08:19:40Z WARNING [1521/1870] 2ed2b1ca-5547-4cb3-b4f3-17434a71f90a: leaving unrecorded for a later run to retry.
2026-10-03T08:19:40Z WARNING 2ed2e554-a350-448a-baeb-2a2fd2f0983f: failed while reading the ElectricalSeries rates (AttributeError: module 'spikeinterface.extractors' has no attribute 'NwbRecordingExtractor')
2026-10-03T08:19:40Z WARNING [1522/1870] 2ed2e554-a350-448a-baeb-2a2fd2f0983f: leaving unrecorded for a later run to retry.
2026-10-03T08:19:41Z WARNING 2ed37b79-f2b7-4e2b-aeeb-48856df4934c: failed while reading the ElectricalSeries rates (AttributeError: module 'spikeinterface.extractors' has no attribute 'NwbRecordingExtractor')
2026-10-03T08:19:41Z WARNING [1523/1870] 2ed37b79-f2b7-4e2b-aeeb-48856df4934c: leaving unrecorded for a later run to retry.
2026-10-03T08:19:41Z WARNING 2ed3ed60-b07b-4f9d-8153-16963cec172d: failed while reading the ElectricalSeries rates (AttributeError: module 'spikeinterface.extractors' has no attribute 'NwbRecordingExtractor')
2026-10-03T08:19:41Z WARNING [1524/1870] 2ed3ed60-b07b-4f9d-8153-16963cec172d: leaving unrecorded for a later run to retry.
2026-10-03T08:19:41Z WARNING 2ed53bc7-245d-4e25-a016-4598c17630f1: failed while reading the ElectricalSeries rates (AttributeError: module 'spikeinterface.extractors' has no attribute 'NwbRecordingExtractor')
2026-10-03T08:19:41Z WARNING [1525/1870] 2ed53bc7-245d-4e25-a016-4598c17630f1: leaving unrecorded for a later run to retry.
2026-10-03T08:19:41Z WARNING 2ed5c456-2614-4ca8-b091-68aaae4b9da6: failed while reading the ElectricalSeries rates (AttributeError: module 'spikeinterface.extractors' has no attribute 'NwbRecordingExtractor')
2026-10-03T08:19:41Z WARNING [1526/1870] 2ed5c456-2614-4ca8-b091-68aaae4b9da6: leaving unrecorded for a later run to retry.
2026-10-03T08:19:41Z WARNING 2ed5f227-cb1a-41b2-bc0b-6591f4758cc9: failed while reading the ElectricalSeries rates (AttributeError: module 'spikeinterface.extractors' has no attribute 'NwbRecordingExtractor')
2026-10-03T08:19:41Z WARNING [1527/1870] 2ed5f227-cb1a-41b2-bc0b-6591f4758cc9: leaving unrecorded for a later run to retry.
2026-10-03T08:19:42Z WARNING 2ed63fa0-0e1e-410d-b96d-eeac8ddf513a: failed while reading the ElectricalSeries rates (AttributeError: module 'spikeinterface.extractors' has no attribute 'NwbRecordingExtractor')
2026-10-03T08:19:42Z WARNING [1528/1870] 2ed63fa0-0e1e-410d-b96d-eeac8ddf513a: leaving unrecorded for a later run to retry.
2026-10-03T08:19:42Z WARNING 2ed64b20-dcbd-4179-a6f4-ed804a831e83: failed while reading the ElectricalSeries rates (AttributeError: module 'spikeinterface.extractors' has no attribute 'NwbRecordingExtractor')
2026-10-03T08:19:42Z WARNING [1529/1870] 2ed64b20-dcbd-4179-a6f4-ed804a831e83: leaving unrecorded for a later run to retry.
2026-10-03T08:19:42Z WARNING 2ed6938e-b7f0-4741-82ff-e24db9407138: failed while reading the ElectricalSeries rates (AttributeError: module 'spikeinterface.extractors' has no attribute 'NwbRecordingExtractor')
2026-10-03T08:19:42Z WARNING [1530/1870] 2ed6938e-b7f0-4741-82ff-e24db9407138: leaving unrecorded for a later run to retry.
2026-10-03T08:19:42Z WARNING 2ed6db19-fadd-4262-a1a4-c6398c0fca08: failed while reading the ElectricalSeries rates (AttributeError: module 'spikeinterface.extractors' has no attribute 'NwbRecordingExtractor')
2026-10-03T08:19:42Z WARNING [1531/1870] 2ed6db19-fadd-4262-a1a4-c6398c0fca08: leaving unrecorded for a later run to retry.
2026-10-03T08:19:43Z WARNING 2ed6e6bd-6020-4bfb-b786-bc8b6e39f742: failed while reading the ElectricalSeries rates (AttributeError: module 'spikeinterface.extractors' has no attribute 'NwbRecordingExtractor')
2026-10-03T08:19:43Z WARNING [1532/1870] 2ed6e6bd-6020-4bfb-b786-bc8b6e39f742: leaving unrecorded for a later run to retry.
2026-10-03T08:19:43Z WARNING 2ed76e4a-59b2-4183-b636-e490e3dc3f21: failed while reading the ElectricalSeries rates (AttributeError: module 'spikeinterface.extractors' has no attribute 'NwbRecordingExtractor')
2026-10-03T08:19:43Z WARNING [1533/1870] 2ed76e4a-59b2-4183-b636-e490e3dc3f21: leaving unrecorded for a later run to retry.
2026-10-03T08:19:43Z WARNING 2ed80fa9-06d0-47ae-be0d-834ba1124369: failed while reading the ElectricalSeries rates (AttributeError: module 'spikeinterface.extractors' has no attribute 'NwbRecordingExtractor')
2026-10-03T08:19:43Z WARNING [1534/1870] 2ed80fa9-06d0-47ae-be0d-834ba1124369: leaving unrecorded for a later run to retry.
2026-10-03T08:19:43Z WARNING 2ed84c75-1921-484c-bea9-90637ca35632: failed while reading the ElectricalSeries rates (AttributeError: module 'spikeinterface.extractors' has no attribute 'NwbRecordingExtractor')
2026-10-03T08:19:43Z WARNING [1535/1870] 2ed84c75-1921-484c-bea9-90637ca35632: leaving unrecorded for a later run to retry.
2026-10-03T08:19:43Z WARNING 2ed9ca5e-f95c-4caa-8db8-26183e5e7971: failed while reading the ElectricalSeries rates (AttributeError: module 'spikeinterface.extractors' has no attribute 'NwbRecordingExtractor')
2026-10-03T08:19:43Z WARNING [1536/1870] 2ed9ca5e-f95c-4caa-8db8-26183e5e7971: leaving unrecorded for a later run to retry.
2026-10-03T08:19:44Z WARNING 2ed9cf2d-626d-4248-bf1b-70e2f1610c8a: failed while reading the ElectricalSeries rates (AttributeError: module 'spikeinterface.extractors' has no attribute 'NwbRecordingExtractor')
2026-10-03T08:19:44Z WARNING [1537/1870] 2ed9cf2d-626d-4248-bf1b-70e2f1610c8a: leaving unrecorded for a later run to retry.
2026-10-03T08:19:44Z WARNING 2edaa27c-2ede-4f7e-a2b2-c2d5ac7e5040: failed while reading the ElectricalSeries rates (AttributeError: module 'spikeinterface.extractors' has no attribute 'NwbRecordingExtractor')
2026-10-03T08:19:44Z WARNING [1538/1870] 2edaa27c-2ede-4f7e-a2b2-c2d5ac7e5040: leaving unrecorded for a later run to retry.
2026-10-03T08:19:44Z WARNING 2edabbe6-2ab7-4122-8be3-4c481a5e0a6d: failed while reading the ElectricalSeries rates (AttributeError: module 'spikeinterface.extractors' has no attribute 'NwbRecordingExtractor')
2026-10-03T08:19:44Z WARNING [1539/1870] 2edabbe6-2ab7-4122-8be3-4c481a5e0a6d: leaving unrecorded for a later run to retry.
2026-10-03T08:19:44Z WARNING 2edae55b-2505-4288-b9bd-aab705c06978: failed while reading the ElectricalSeries rates (AttributeError: module 'spikeinterface.extractors' has no attribute 'NwbRecordingExtractor')
2026-10-03T08:19:44Z WARNING [1540/1870] 2edae55b-2505-4288-b9bd-aab705c06978: leaving unrecorded for a later run to retry.
2026-10-03T08:19:45Z WARNING 2edb257c-7405-403f-894e-ace9397bce95: failed while reading the ElectricalSeries rates (AttributeError: module 'spikeinterface.extractors' has no attribute 'NwbRecordingExtractor')
2026-10-03T08:19:45Z WARNING [1541/1870] 2edb257c-7405-403f-894e-ace9397bce95: leaving unrecorded for a later run to retry.
2026-10-03T08:19:45Z WARNING 2edb8306-0e0a-48f6-94d7-21df4dbb89ba: failed while reading the ElectricalSeries rates (AttributeError: module 'spikeinterface.extractors' has no attribute 'NwbRecordingExtractor')
2026-10-03T08:19:45Z WARNING [1542/1870] 2edb8306-0e0a-48f6-94d7-21df4dbb89ba: leaving unrecorded for a later run to retry.
2026-10-03T08:19:45Z WARNING 2edd4604-d521-48c7-bd26-fa7a51707ca6: failed while reading the ElectricalSeries rates (AttributeError: module 'spikeinterface.extractors' has no attribute 'NwbRecordingExtractor')
2026-10-03T08:19:45Z WARNING [1543/1870] 2edd4604-d521-48c7-bd26-fa7a51707ca6: leaving unrecorded for a later run to retry.
2026-10-03T08:19:45Z WARNING 2edf5ed2-f43c-4513-9eab-2430ceb82f99: failed while reading the ElectricalSeries rates (AttributeError: module 'spikeinterface.extractors' has no attribute 'NwbRecordingExtractor')
2026-10-03T08:19:45Z WARNING [1544/1870] 2edf5ed2-f43c-4513-9eab-2430ceb82f99: leaving unrecorded for a later run to retry.
2026-10-03T08:19:45Z WARNING 2ee09467-dfcf-43f6-be4b-dc888a298a52: failed while reading the ElectricalSeries rates (AttributeError: module 'spikeinterface.extractors' has no attribute 'NwbRecordingExtractor')
2026-10-03T08:19:45Z WARNING [1545/1870] 2ee09467-dfcf-43f6-be4b-dc888a298a52: leaving unrecorded for a later run to retry.
2026-10-03T08:19:46Z WARNING 2ee120e9-f09d-4bd7-b749-f9c10ab1d191: failed while reading the ElectricalSeries rates (AttributeError: module 'spikeinterface.extractors' has no attribute 'NwbRecordingExtractor')
2026-10-03T08:19:46Z WARNING [1546/1870] 2ee120e9-f09d-4bd7-b749-f9c10ab1d191: leaving unrecorded for a later run to retry.
2026-10-03T08:19:46Z WARNING 2ee1932f-9fe8-48cc-8565-da6da232576c: failed while reading the ElectricalSeries rates (AttributeError: module 'spikeinterface.extractors' has no attribute 'NwbRecordingExtractor')
2026-10-03T08:19:46Z WARNING [1547/1870] 2ee1932f-9fe8-48cc-8565-da6da232576c: leaving unrecorded for a later run to retry.
2026-10-03T08:19:46Z WARNING 2ee24369-1e20-495f-a6e4-fe5887e963d1: failed while reading the ElectricalSeries rates (AttributeError: module 'spikeinterface.extractors' has no attribute 'NwbRecordingExtractor')
2026-10-03T08:19:46Z WARNING [1548/1870] 2ee24369-1e20-495f-a6e4-fe5887e963d1: leaving unrecorded for a later run to retry.
2026-10-03T08:19:46Z WARNING 2ee2d759-1a2c-45fc-97be-686a60595818: failed while reading the ElectricalSeries rates (AttributeError: module 'spikeinterface.extractors' has no attribute 'NwbRecordingExtractor')
2026-10-03T08:19:46Z WARNING [1549/1870] 2ee2d759-1a2c-45fc-97be-686a60595818: leaving unrecorded for a later run to retry.
2026-10-03T08:19:46Z WARNING 2ee30cd0-7f75-4909-8db4-78f4d42f73bd: failed while reading the ElectricalSeries rates (AttributeError: module 'spikeinterface.extractors' has no attribute 'NwbRecordingExtractor')
2026-10-03T08:19:46Z WARNING [1550/1870] 2ee30cd0-7f75-4909-8db4-78f4d42f73bd: leaving unrecorded for a later run to retry.
2026-10-03T08:19:47Z INFO [1550/1870] 2ee30cd0-7f75-4909-8db4-78f4d42f73bd: checkpointed 60602 records.
2026-10-03T08:19:47Z WARNING 2ee38cf0-fcc4-4cda-9314-9bd1f77369b8: failed while reading the ElectricalSeries rates (AttributeError: module 'spikeinterface.extractors' has no attribute 'NwbRecordingExtractor')
2026-10-03T08:19:47Z WARNING [1551/1870] 2ee38cf0-fcc4-4cda-9314-9bd1f77369b8: leaving unrecorded for a later run to retry.
2026-10-03T08:19:47Z WARNING 2ee4903b-5d0b-45c2-9280-9e194341ac07: failed while reading the ElectricalSeries rates (AttributeError: module 'spikeinterface.extractors' has no attribute 'NwbRecordingExtractor')
2026-10-03T08:19:47Z WARNING [1552/1870] 2ee4903b-5d0b-45c2-9280-9e194341ac07: leaving unrecorded for a later run to retry.
2026-10-03T08:19:47Z WARNING 2ee53456-51b7-4b9e-8b60-c8f0df35f20f: failed while reading the ElectricalSeries rates (AttributeError: module 'spikeinterface.extractors' has no attribute 'NwbRecordingExtractor')
2026-10-03T08:19:47Z WARNING [1553/1870] 2ee53456-51b7-4b9e-8b60-c8f0df35f20f: leaving unrecorded for a later run to retry.
2026-10-03T08:19:47Z WARNING 2ee648bd-dfa4-425c-88c6-4a052a2fefad: failed while reading the ElectricalSeries rates (AttributeError: module 'spikeinterface.extractors' has no attribute 'NwbRecordingExtractor')
2026-10-03T08:19:47Z WARNING [1554/1870] 2ee648bd-dfa4-425c-88c6-4a052a2fefad: leaving unrecorded for a later run to retry.
2026-10-03T08:19:48Z WARNING 2ee6b8e6-71aa-443a-a83c-545809b7fcea: failed while reading the ElectricalSeries rates (AttributeError: module 'spikeinterface.extractors' has no attribute 'NwbRecordingExtractor')
2026-10-03T08:19:48Z WARNING [1555/1870] 2ee6b8e6-71aa-443a-a83c-545809b7fcea: leaving unrecorded for a later run to retry.
2026-10-03T08:19:48Z WARNING 2ee79991-e5a7-4970-9eac-1e13834330c1: failed while reading the ElectricalSeries rates (AttributeError: module 'spikeinterface.extractors' has no attribute 'NwbRecordingExtractor')
2026-10-03T08:19:48Z WARNING [1556/1870] 2ee79991-e5a7-4970-9eac-1e13834330c1: leaving unrecorded for a later run to retry.
2026-10-03T08:19:48Z WARNING 2ee8aa72-42e7-46bd-a42a-665de469b881: failed while reading the ElectricalSeries rates (AttributeError: module 'spikeinterface.extractors' has no attribute 'NwbRecordingExtractor')
2026-10-03T08:19:48Z WARNING [1557/1870] 2ee8aa72-42e7-46bd-a42a-665de469b881: leaving unrecorded for a later run to retry.
2026-10-03T08:19:48Z WARNING 2ee8e247-9d70-42a9-86d7-8a523dda3639: failed while reading the ElectricalSeries rates (AttributeError: module 'spikeinterface.extractors' has no attribute 'NwbRecordingExtractor')
2026-10-03T08:19:48Z WARNING [1558/1870] 2ee8e247-9d70-42a9-86d7-8a523dda3639: leaving unrecorded for a later run to retry.
2026-10-03T08:19:48Z WARNING 2ee93e85-8ad3-4315-a906-3fb2743638b5: failed while reading the ElectricalSeries rates (AttributeError: module 'spikeinterface.extractors' has no attribute 'NwbRecordingExtractor')
2026-10-03T08:19:48Z WARNING [1559/1870] 2ee93e85-8ad3-4315-a906-3fb2743638b5: leaving unrecorded for a later run to retry.
2026-10-03T08:19:49Z WARNING 2eea6576-a1d9-4de4-87c4-80546046049a: failed while reading the ElectricalSeries rates (AttributeError: module 'spikeinterface.extractors' has no attribute 'NwbRecordingExtractor')
2026-10-03T08:19:49Z WARNING [1560/1870] 2eea6576-a1d9-4de4-87c4-80546046049a: leaving unrecorded for a later run to retry.
2026-10-03T08:19:49Z WARNING 2eea7a2e-2740-4f6f-9792-e2da8bde5e9d: failed while reading the ElectricalSeries rates (AttributeError: module 'spikeinterface.extractors' has no attribute 'NwbRecordingExtractor')
2026-10-03T08:19:49Z WARNING [1561/1870] 2eea7a2e-2740-4f6f-9792-e2da8bde5e9d: leaving unrecorded for a later run to retry.
2026-10-03T08:19:49Z WARNING 2eed09c1-a146-4839-bcc1-2fc7244f4ecc: failed while reading the ElectricalSeries rates (AttributeError: module 'spikeinterface.extractors' has no attribute 'NwbRecordingExtractor')
2026-10-03T08:19:49Z WARNING [1562/1870] 2eed09c1-a146-4839-bcc1-2fc7244f4ecc: leaving unrecorded for a later run to retry.
2026-10-03T08:19:49Z WARNING 2eeda87a-279a-4420-a1e7-baba89adb9b9: failed while reading the ElectricalSeries rates (AttributeError: module 'spikeinterface.extractors' has no attribute 'NwbRecordingExtractor')
2026-10-03T08:19:49Z WARNING [1563/1870] 2eeda87a-279a-4420-a1e7-baba89adb9b9: leaving unrecorded for a later run to retry.
2026-10-03T08:19:50Z WARNING 2eee6129-82df-4b27-83f8-886b2fddba9a: failed while reading the ElectricalSeries rates (AttributeError: module 'spikeinterface.extractors' has no attribute 'NwbRecordingExtractor')
2026-10-03T08:19:50Z WARNING [1564/1870] 2eee6129-82df-4b27-83f8-886b2fddba9a: leaving unrecorded for a later run to retry.
2026-10-03T08:19:50Z WARNING 2eee84d2-a95a-4b8c-b50f-5416ceb7d3d9: failed while reading the ElectricalSeries rates (AttributeError: module 'spikeinterface.extractors' has no attribute 'NwbRecordingExtractor')
2026-10-03T08:19:50Z WARNING [1565/1870] 2eee84d2-a95a-4b8c-b50f-5416ceb7d3d9: leaving unrecorded for a later run to retry.
2026-10-03T08:19:50Z WARNING 2eeed210-de35-4060-b3e6-891d6c8bce9e: failed while reading the ElectricalSeries rates (AttributeError: module 'spikeinterface.extractors' has no attribute 'NwbRecordingExtractor')
2026-10-03T08:19:50Z WARNING [1566/1870] 2eeed210-de35-4060-b3e6-891d6c8bce9e: leaving unrecorded for a later run to retry.
2026-10-03T08:19:50Z WARNING 2eef123f-44f1-445a-b24c-55ada0216da6: failed while reading the ElectricalSeries rates (AttributeError: module 'spikeinterface.extractors' has no attribute 'NwbRecordingExtractor')
2026-10-03T08:19:50Z WARNING [1567/1870] 2eef123f-44f1-445a-b24c-55ada0216da6: leaving unrecorded for a later run to retry.
2026-10-03T08:19:50Z WARNING 2eefad35-7b19-44ab-b506-13f26d88f624: failed while reading the ElectricalSeries rates (AttributeError: module 'spikeinterface.extractors' has no attribute 'NwbRecordingExtractor')
2026-10-03T08:19:50Z WARNING [1568/1870] 2eefad35-7b19-44ab-b506-13f26d88f624: leaving unrecorded for a later run to retry.
2026-10-03T08:19:51Z WARNING 2eeff729-66fd-4e2c-bf26-17de3ff47535: failed while reading the ElectricalSeries rates (AttributeError: module 'spikeinterface.extractors' has no attribute 'NwbRecordingExtractor')
2026-10-03T08:19:51Z WARNING [1569/1870] 2eeff729-66fd-4e2c-bf26-17de3ff47535: leaving unrecorded for a later run to retry.
2026-10-03T08:19:51Z WARNING 2ef06b36-0eef-4f86-8b66-7ca08af6f27d: failed while reading the ElectricalSeries rates (AttributeError: module 'spikeinterface.extractors' has no attribute 'NwbRecordingExtractor')
2026-10-03T08:19:51Z WARNING [1570/1870] 2ef06b36-0eef-4f86-8b66-7ca08af6f27d: leaving unrecorded for a later run to retry.
2026-10-03T08:19:51Z WARNING 2ef0eebe-a557-46d3-a2b7-2f94ba748322: failed while reading the ElectricalSeries rates (AttributeError: module 'spikeinterface.extractors' has no attribute 'NwbRecordingExtractor')
2026-10-03T08:19:51Z WARNING [1571/1870] 2ef0eebe-a557-46d3-a2b7-2f94ba748322: leaving unrecorded for a later run to retry.
2026-10-03T08:19:51Z WARNING 2ef125fa-e305-46ad-9c0b-797449ad5d70: failed while reading the ElectricalSeries rates (AttributeError: module 'spikeinterface.extractors' has no attribute 'NwbRecordingExtractor')
2026-10-03T08:19:51Z WARNING [1572/1870] 2ef125fa-e305-46ad-9c0b-797449ad5d70: leaving unrecorded for a later run to retry.
2026-10-03T08:19:51Z WARNING 2ef15f0f-268f-4320-b056-bfe74fd725ea: failed while reading the ElectricalSeries rates (AttributeError: module 'spikeinterface.extractors' has no attribute 'NwbRecordingExtractor')
2026-10-03T08:19:51Z WARNING [1573/1870] 2ef15f0f-268f-4320-b056-bfe74fd725ea: leaving unrecorded for a later run to retry.
2026-10-03T08:19:52Z WARNING 2ef1ab24-ab0b-4354-a35a-9c5495b48ac1: failed while reading the ElectricalSeries rates (AttributeError: module 'spikeinterface.extractors' has no attribute 'NwbRecordingExtractor')
2026-10-03T08:19:52Z WARNING [1574/1870] 2ef1ab24-ab0b-4354-a35a-9c5495b48ac1: leaving unrecorded for a later run to retry.
2026-10-03T08:19:52Z WARNING 2ef1d92b-ab96-46b9-b650-f156078d9020: failed while reading the ElectricalSeries rates (AttributeError: module 'spikeinterface.extractors' has no attribute 'NwbRecordingExtractor')
2026-10-03T08:19:52Z WARNING [1575/1870] 2ef1d92b-ab96-46b9-b650-f156078d9020: leaving unrecorded for a later run to retry.
2026-10-03T08:19:52Z WARNING 2ef1ff5c-fcf1-4fcc-99d3-d9d03a422a04: failed while reading the ElectricalSeries rates (AttributeError: module 'spikeinterface.extractors' has no attribute 'NwbRecordingExtractor')
2026-10-03T08:19:52Z WARNING [1576/1870] 2ef1ff5c-fcf1-4fcc-99d3-d9d03a422a04: leaving unrecorded for a later run to retry.
2026-10-03T08:19:52Z WARNING 2ef219bd-63f0-4b2f-b9fe-54ef375ccd3c: failed while reading the ElectricalSeries rates (AttributeError: module 'spikeinterface.extractors' has no attribute 'NwbRecordingExtractor')
2026-10-03T08:19:52Z WARNING [1577/1870] 2ef219bd-63f0-4b2f-b9fe-54ef375ccd3c: leaving unrecorded for a later run to retry.
2026-10-03T08:19:52Z WARNING 2ef2a144-42d2-4ea3-b86b-bf58185c2d71: failed while reading the ElectricalSeries rates (AttributeError: module 'spikeinterface.extractors' has no attribute 'NwbRecordingExtractor')
2026-10-03T08:19:52Z WARNING [1578/1870] 2ef2a144-42d2-4ea3-b86b-bf58185c2d71: leaving unrecorded for a later run to retry.
2026-10-03T08:19:53Z WARNING 2ef317c9-379c-4c8d-9006-b52c18fa5f3c: failed while reading the ElectricalSeries rates (AttributeError: module 'spikeinterface.extractors' has no attribute 'NwbRecordingExtractor')
2026-10-03T08:19:53Z WARNING [1579/1870] 2ef317c9-379c-4c8d-9006-b52c18fa5f3c: leaving unrecorded for a later run to retry.
2026-10-03T08:19:53Z WARNING 2ef418b9-5817-43d7-b794-0e3513411c14: failed while reading the ElectricalSeries rates (AttributeError: module 'spikeinterface.extractors' has no attribute 'NwbRecordingExtractor')
2026-10-03T08:19:53Z WARNING [1580/1870] 2ef418b9-5817-43d7-b794-0e3513411c14: leaving unrecorded for a later run to retry.
2026-10-03T08:19:53Z WARNING 2ef47d83-be07-43de-a057-18925447e9fd: failed while reading the ElectricalSeries rates (AttributeError: module 'spikeinterface.extractors' has no attribute 'NwbRecordingExtractor')
2026-10-03T08:19:53Z WARNING [1581/1870] 2ef47d83-be07-43de-a057-18925447e9fd: leaving unrecorded for a later run to retry.
2026-10-03T08:19:53Z WARNING 2ef4db1e-5f66-4281-a7b3-1a953544a502: failed while reading the ElectricalSeries rates (AttributeError: module 'spikeinterface.extractors' has no attribute 'NwbRecordingExtractor')
2026-10-03T08:19:53Z WARNING [1582/1870] 2ef4db1e-5f66-4281-a7b3-1a953544a502: leaving unrecorded for a later run to retry.
2026-10-03T08:19:53Z WARNING 2ef4e170-4376-4a61-b1a7-b19fa14d5274: failed while reading the ElectricalSeries rates (AttributeError: module 'spikeinterface.extractors' has no attribute 'NwbRecordingExtractor')
2026-10-03T08:19:53Z WARNING [1583/1870] 2ef4e170-4376-4a61-b1a7-b19fa14d5274: leaving unrecorded for a later run to retry.
2026-10-03T08:19:54Z WARNING 2ef4e825-9a04-4e20-88e0-75cacd273bcf: failed while reading the ElectricalSeries rates (AttributeError: module 'spikeinterface.extractors' has no attribute 'NwbRecordingExtractor')
2026-10-03T08:19:54Z WARNING [1584/1870] 2ef4e825-9a04-4e20-88e0-75cacd273bcf: leaving unrecorded for a later run to retry.
2026-10-03T08:19:54Z WARNING 2ef5f290-6326-4194-82b9-5076e945e9e8: failed while reading the ElectricalSeries rates (AttributeError: module 'spikeinterface.extractors' has no attribute 'NwbRecordingExtractor')
2026-10-03T08:19:54Z WARNING [1585/1870] 2ef5f290-6326-4194-82b9-5076e945e9e8: leaving unrecorded for a later run to retry.
2026-10-03T08:19:54Z WARNING 2ef65201-d1c7-49bf-a4f9-63cb3e08b8d0: failed while reading the ElectricalSeries rates (AttributeError: module 'spikeinterface.extractors' has no attribute 'NwbRecordingExtractor')
2026-10-03T08:19:54Z WARNING [1586/1870] 2ef65201-d1c7-49bf-a4f9-63cb3e08b8d0: leaving unrecorded for a later run to retry.
2026-10-03T08:19:54Z WARNING 2ef67774-c22c-4cc5-a0f6-d5b2bcdc45a3: failed while reading the ElectricalSeries rates (AttributeError: module 'spikeinterface.extractors' has no attribute 'NwbRecordingExtractor')
2026-10-03T08:19:54Z WARNING [1587/1870] 2ef67774-c22c-4cc5-a0f6-d5b2bcdc45a3: leaving unrecorded for a later run to retry.
2026-10-03T08:19:55Z WARNING 2ef71d23-9d5c-4b74-a3e8-18f57674e31d: failed while reading the ElectricalSeries rates (AttributeError: module 'spikeinterface.extractors' has no attribute 'NwbRecordingExtractor')
2026-10-03T08:19:55Z WARNING [1588/1870] 2ef71d23-9d5c-4b74-a3e8-18f57674e31d: leaving unrecorded for a later run to retry.
2026-10-03T08:19:55Z WARNING 2ef807d6-c9da-4c51-ab7b-a90ff1215fb7: failed while reading the ElectricalSeries rates (AttributeError: module 'spikeinterface.extractors' has no attribute 'NwbRecordingExtractor')
2026-10-03T08:19:55Z WARNING [1589/1870] 2ef807d6-c9da-4c51-ab7b-a90ff1215fb7: leaving unrecorded for a later run to retry.
2026-10-03T08:19:55Z WARNING 2ef83cbc-e9a1-4092-81a7-49a8e0eebf18: failed while reading the ElectricalSeries rates (AttributeError: module 'spikeinterface.extractors' has no attribute 'NwbRecordingExtractor')
2026-10-03T08:19:55Z WARNING [1590/1870] 2ef83cbc-e9a1-4092-81a7-49a8e0eebf18: leaving unrecorded for a later run to retry.
2026-10-03T08:19:55Z WARNING 2ef8638d-0a0e-4cc8-83bb-e1b7664eff08: failed while reading the ElectricalSeries rates (AttributeError: module 'spikeinterface.extractors' has no attribute 'NwbRecordingExtractor')
2026-10-03T08:19:55Z WARNING [1591/1870] 2ef8638d-0a0e-4cc8-83bb-e1b7664eff08: leaving unrecorded for a later run to retry.
2026-10-03T08:19:55Z WARNING 2ef8a834-89f7-40e4-ade6-039454fe2a94: failed while reading the ElectricalSeries rates (AttributeError: module 'spikeinterface.extractors' has no attribute 'NwbRecordingExtractor')
2026-10-03T08:19:55Z WARNING [1592/1870] 2ef8a834-89f7-40e4-ade6-039454fe2a94: leaving unrecorded for a later run to retry.
2026-10-03T08:19:56Z WARNING 2ef8acb3-9b6d-4b67-947d-44ee49be6c35: failed while reading the ElectricalSeries rates (AttributeError: module 'spikeinterface.extractors' has no attribute 'NwbRecordingExtractor')
2026-10-03T08:19:56Z WARNING [1593/1870] 2ef8acb3-9b6d-4b67-947d-44ee49be6c35: leaving unrecorded for a later run to retry.
2026-10-03T08:19:56Z WARNING 2ef8c825-9a74-490c-ae98-04530afaa14b: failed while reading the ElectricalSeries rates (AttributeError: module 'spikeinterface.extractors' has no attribute 'NwbRecordingExtractor')
2026-10-03T08:19:56Z WARNING [1594/1870] 2ef8c825-9a74-490c-ae98-04530afaa14b: leaving unrecorded for a later run to retry.
2026-10-03T08:19:56Z WARNING 2ef9051c-60cb-467a-a315-211df286b14b: failed while reading the ElectricalSeries rates (AttributeError: module 'spikeinterface.extractors' has no attribute 'NwbRecordingExtractor')
2026-10-03T08:19:56Z WARNING [1595/1870] 2ef9051c-60cb-467a-a315-211df286b14b: leaving unrecorded for a later run to retry.
2026-10-03T08:19:56Z WARNING 2ef94fca-8c24-48fd-a616-8be858329f86: failed while reading the ElectricalSeries rates (AttributeError: module 'spikeinterface.extractors' has no attribute 'NwbRecordingExtractor')
2026-10-03T08:19:56Z WARNING [1596/1870] 2ef94fca-8c24-48fd-a616-8be858329f86: leaving unrecorded for a later run to retry.
2026-10-03T08:19:56Z WARNING 2ef9a03a-465c-45b0-b87d-96d2574d1978: failed while reading the ElectricalSeries rates (AttributeError: module 'spikeinterface.extractors' has no attribute 'NwbRecordingExtractor')
2026-10-03T08:19:56Z WARNING [1597/1870] 2ef9a03a-465c-45b0-b87d-96d2574d1978: leaving unrecorded for a later run to retry.
2026-10-03T08:19:57Z WARNING 2ef9ba17-b167-4f11-b512-9ab557c2e3f7: failed while reading the ElectricalSeries rates (AttributeError: module 'spikeinterface.extractors' has no attribute 'NwbRecordingExtractor')
2026-10-03T08:19:57Z WARNING [1598/1870] 2ef9ba17-b167-4f11-b512-9ab557c2e3f7: leaving unrecorded for a later run to retry.
2026-10-03T08:19:57Z WARNING 2efb7453-e0ba-413e-a338-84b3b055fe87: failed while reading the ElectricalSeries rates (AttributeError: module 'spikeinterface.extractors' has no attribute 'NwbRecordingExtractor')
2026-10-03T08:19:57Z WARNING [1599/1870] 2efb7453-e0ba-413e-a338-84b3b055fe87: leaving unrecorded for a later run to retry.
2026-10-03T08:19:57Z WARNING 2efc991e-9808-4351-b00d-cb6e24bd0414: failed while reading the ElectricalSeries rates (AttributeError: module 'spikeinterface.extractors' has no attribute 'NwbRecordingExtractor')
2026-10-03T08:19:57Z WARNING [1600/1870] 2efc991e-9808-4351-b00d-cb6e24bd0414: leaving unrecorded for a later run to retry.
2026-10-03T08:19:57Z INFO [1600/1870] 2efc991e-9808-4351-b00d-cb6e24bd0414: checkpointed 60602 records.
2026-10-03T08:19:57Z WARNING 2efdc7e4-32c5-48bb-bff6-b836212b248a: failed while reading the ElectricalSeries rates (AttributeError: module 'spikeinterface.extractors' has no attribute 'NwbRecordingExtractor')
2026-10-03T08:19:57Z WARNING [1601/1870] 2efdc7e4-32c5-48bb-bff6-b836212b248a: leaving unrecorded for a later run to retry.
2026-10-03T08:19:58Z WARNING 2efe14fb-67ab-411e-92dd-4d9ab550b380: failed while reading the ElectricalSeries rates (AttributeError: module 'spikeinterface.extractors' has no attribute 'NwbRecordingExtractor')
2026-10-03T08:19:58Z WARNING [1602/1870] 2efe14fb-67ab-411e-92dd-4d9ab550b380: leaving unrecorded for a later run to retry.
2026-10-03T08:19:58Z WARNING 2efe6984-bc0d-49c2-817c-2b4c513e6c19: failed while reading the ElectricalSeries rates (AttributeError: module 'spikeinterface.extractors' has no attribute 'NwbRecordingExtractor')
2026-10-03T08:19:58Z WARNING [1603/1870] 2efe6984-bc0d-49c2-817c-2b4c513e6c19: leaving unrecorded for a later run to retry.
2026-10-03T08:19:58Z WARNING 2efe9ddb-e5c7-4878-9a98-2f4042021917: failed while reading the ElectricalSeries rates (AttributeError: module 'spikeinterface.extractors' has no attribute 'NwbRecordingExtractor')
2026-10-03T08:19:58Z WARNING [1604/1870] 2efe9ddb-e5c7-4878-9a98-2f4042021917: leaving unrecorded for a later run to retry.
2026-10-03T08:19:58Z WARNING 2efedac7-6d78-47ec-8d8c-6a9b5a696b85: failed while reading the ElectricalSeries rates (AttributeError: module 'spikeinterface.extractors' has no attribute 'NwbRecordingExtractor')
2026-10-03T08:19:58Z WARNING [1605/1870] 2efedac7-6d78-47ec-8d8c-6a9b5a696b85: leaving unrecorded for a later run to retry.
2026-10-03T08:19:58Z WARNING 2effbcab-c546-4d40-ac01-174ac1147a07: failed while reading the ElectricalSeries rates (AttributeError: module 'spikeinterface.extractors' has no attribute 'NwbRecordingExtractor')
2026-10-03T08:19:58Z WARNING [1606/1870] 2effbcab-c546-4d40-ac01-174ac1147a07: leaving unrecorded for a later run to retry.
2026-10-03T08:19:59Z WARNING 2effce63-4d61-449b-92c7-b3e19543442c: failed while reading the ElectricalSeries rates (AttributeError: module 'spikeinterface.extractors' has no attribute 'NwbRecordingExtractor')
2026-10-03T08:19:59Z WARNING [1607/1870] 2effce63-4d61-449b-92c7-b3e19543442c: leaving unrecorded for a later run to retry.
2026-10-03T08:19:59Z WARNING 2f003714-d1a9-4de4-88da-4d437c79cc5c: failed while reading the ElectricalSeries rates (AttributeError: module 'spikeinterface.extractors' has no attribute 'NwbRecordingExtractor')
2026-10-03T08:19:59Z WARNING [1608/1870] 2f003714-d1a9-4de4-88da-4d437c79cc5c: leaving unrecorded for a later run to retry.
2026-10-03T08:19:59Z WARNING 2f016891-10c6-45d3-ab4b-a1169dbbebf9: failed while reading the ElectricalSeries rates (AttributeError: module 'spikeinterface.extractors' has no attribute 'NwbRecordingExtractor')
2026-10-03T08:19:59Z WARNING [1609/1870] 2f016891-10c6-45d3-ab4b-a1169dbbebf9: leaving unrecorded for a later run to retry.
2026-10-03T08:19:59Z WARNING 2f01ac46-89d3-43f3-af9a-50fbd1145088: failed while reading the ElectricalSeries rates (AttributeError: module 'spikeinterface.extractors' has no attribute 'NwbRecordingExtractor')
2026-10-03T08:19:59Z WARNING [1610/1870] 2f01ac46-89d3-43f3-af9a-50fbd1145088: leaving unrecorded for a later run to retry.
2026-10-03T08:20:00Z WARNING 2f031faa-b3d1-40f7-addd-b516e88be1e7: failed while reading the ElectricalSeries rates (AttributeError: module 'spikeinterface.extractors' has no attribute 'NwbRecordingExtractor')
2026-10-03T08:20:00Z WARNING [1611/1870] 2f031faa-b3d1-40f7-addd-b516e88be1e7: leaving unrecorded for a later run to retry.
2026-10-03T08:20:00Z WARNING 2f0390f1-43e2-4acb-8152-696ca94b75d5: failed while reading the ElectricalSeries rates (AttributeError: module 'spikeinterface.extractors' has no attribute 'NwbRecordingExtractor')
2026-10-03T08:20:00Z WARNING [1612/1870] 2f0390f1-43e2-4acb-8152-696ca94b75d5: leaving unrecorded for a later run to retry.
2026-10-03T08:20:00Z WARNING 2f03b127-dd59-4670-b76e-12565891c021: failed while reading the ElectricalSeries rates (AttributeError: module 'spikeinterface.extractors' has no attribute 'NwbRecordingExtractor')
2026-10-03T08:20:00Z WARNING [1613/1870] 2f03b127-dd59-4670-b76e-12565891c021: leaving unrecorded for a later run to retry.
2026-10-03T08:20:00Z WARNING 2f04d4f6-58fa-4046-913d-baee9b69d4e5: failed while reading the ElectricalSeries rates (AttributeError: module 'spikeinterface.extractors' has no attribute 'NwbRecordingExtractor')
2026-10-03T08:20:00Z WARNING [1614/1870] 2f04d4f6-58fa-4046-913d-baee9b69d4e5: leaving unrecorded for a later run to retry.
2026-10-03T08:20:00Z WARNING 2f0515eb-8794-4d20-b49a-09b301864277: failed while reading the ElectricalSeries rates (AttributeError: module 'spikeinterface.extractors' has no attribute 'NwbRecordingExtractor')
2026-10-03T08:20:00Z WARNING [1615/1870] 2f0515eb-8794-4d20-b49a-09b301864277: leaving unrecorded for a later run to retry.
2026-10-03T08:20:01Z WARNING 2f06aa88-d5ba-48fa-a339-7a85eef304e8: failed while reading the ElectricalSeries rates (AttributeError: module 'spikeinterface.extractors' has no attribute 'NwbRecordingExtractor')
2026-10-03T08:20:01Z WARNING [1616/1870] 2f06aa88-d5ba-48fa-a339-7a85eef304e8: leaving unrecorded for a later run to retry.
2026-10-03T08:20:01Z WARNING 2f074d5d-05b2-41ff-bb33-1f1bd18525d8: failed while reading the ElectricalSeries rates (AttributeError: module 'spikeinterface.extractors' has no attribute 'NwbRecordingExtractor')
2026-10-03T08:20:01Z WARNING [1617/1870] 2f074d5d-05b2-41ff-bb33-1f1bd18525d8: leaving unrecorded for a later run to retry.
2026-10-03T08:20:01Z WARNING 2f0803fc-18fe-4ed0-9193-6e589a6c71c4: failed while reading the ElectricalSeries rates (AttributeError: module 'spikeinterface.extractors' has no attribute 'NwbRecordingExtractor')
2026-10-03T08:20:01Z WARNING [1618/1870] 2f0803fc-18fe-4ed0-9193-6e589a6c71c4: leaving unrecorded for a later run to retry.
2026-10-03T08:20:01Z WARNING 2f085c16-a050-438e-9736-ea9ec2a1e09a: failed while reading the ElectricalSeries rates (AttributeError: module 'spikeinterface.extractors' has no attribute 'NwbRecordingExtractor')
2026-10-03T08:20:01Z WARNING [1619/1870] 2f085c16-a050-438e-9736-ea9ec2a1e09a: leaving unrecorded for a later run to retry.
2026-10-03T08:20:01Z WARNING 2f088ca8-deab-4a4f-81ff-e25d3f41c09c: failed while reading the ElectricalSeries rates (AttributeError: module 'spikeinterface.extractors' has no attribute 'NwbRecordingExtractor')
2026-10-03T08:20:01Z WARNING [1620/1870] 2f088ca8-deab-4a4f-81ff-e25d3f41c09c: leaving unrecorded for a later run to retry.
2026-10-03T08:20:02Z WARNING 2f08f971-d9a0-4301-b2f4-6f9b04b57403: failed while reading the ElectricalSeries rates (AttributeError: module 'spikeinterface.extractors' has no attribute 'NwbRecordingExtractor')
2026-10-03T08:20:02Z WARNING [1621/1870] 2f08f971-d9a0-4301-b2f4-6f9b04b57403: leaving unrecorded for a later run to retry.
2026-10-03T08:20:02Z WARNING 2f0a19e1-f645-45ad-a966-a0af5c964944: failed while reading the ElectricalSeries rates (AttributeError: module 'spikeinterface.extractors' has no attribute 'NwbRecordingExtractor')
2026-10-03T08:20:02Z WARNING [1622/1870] 2f0a19e1-f645-45ad-a966-a0af5c964944: leaving unrecorded for a later run to retry.
2026-10-03T08:20:02Z WARNING 2f0ac10d-5db0-41e3-95ad-08eb5994511e: failed while reading the ElectricalSeries rates (AttributeError: module 'spikeinterface.extractors' has no attribute 'NwbRecordingExtractor')
2026-10-03T08:20:02Z WARNING [1623/1870] 2f0ac10d-5db0-41e3-95ad-08eb5994511e: leaving unrecorded for a later run to retry.
2026-10-03T08:20:02Z WARNING 2f0b38ba-3787-49cc-807f-b345d1e45652: failed while reading the ElectricalSeries rates (AttributeError: module 'spikeinterface.extractors' has no attribute 'NwbRecordingExtractor')
2026-10-03T08:20:02Z WARNING [1624/1870] 2f0b38ba-3787-49cc-807f-b345d1e45652: leaving unrecorded for a later run to retry.
2026-10-03T08:20:03Z WARNING 2f0bf0ee-50e9-4351-a436-66e0decaed0e: failed while reading the ElectricalSeries rates (AttributeError: module 'spikeinterface.extractors' has no attribute 'NwbRecordingExtractor')
2026-10-03T08:20:03Z WARNING [1625/1870] 2f0bf0ee-50e9-4351-a436-66e0decaed0e: leaving unrecorded for a later run to retry.
2026-10-03T08:20:03Z WARNING 2f0ca2df-2971-473f-9566-7af916a37335: failed while reading the ElectricalSeries rates (AttributeError: module 'spikeinterface.extractors' has no attribute 'NwbRecordingExtractor')
2026-10-03T08:20:03Z WARNING [1626/1870] 2f0ca2df-2971-473f-9566-7af916a37335: leaving unrecorded for a later run to retry.
2026-10-03T08:20:03Z WARNING 2f0d6163-fba5-4c65-a835-22bfcee7331d: failed while reading the ElectricalSeries rates (AttributeError: module 'spikeinterface.extractors' has no attribute 'NwbRecordingExtractor')
2026-10-03T08:20:03Z WARNING [1627/1870] 2f0d6163-fba5-4c65-a835-22bfcee7331d: leaving unrecorded for a later run to retry.
2026-10-03T08:20:03Z WARNING 2f0eb560-be7d-4719-a6ca-17ecfdfbf7cf: failed while reading the ElectricalSeries rates (AttributeError: module 'spikeinterface.extractors' has no attribute 'NwbRecordingExtractor')
2026-10-03T08:20:03Z WARNING [1628/1870] 2f0eb560-be7d-4719-a6ca-17ecfdfbf7cf: leaving unrecorded for a later run to retry.
2026-10-03T08:20:03Z WARNING 2f0ee4f5-5cfe-49d9-9ef1-f42ee86c422b: failed while reading the ElectricalSeries rates (AttributeError: module 'spikeinterface.extractors' has no attribute 'NwbRecordingExtractor')
2026-10-03T08:20:03Z WARNING [1629/1870] 2f0ee4f5-5cfe-49d9-9ef1-f42ee86c422b: leaving unrecorded for a later run to retry.
2026-10-03T08:20:04Z WARNING 2f0f097b-224f-49b0-b3d3-13c251bb47e2: failed while reading the ElectricalSeries rates (AttributeError: module 'spikeinterface.extractors' has no attribute 'NwbRecordingExtractor')
2026-10-03T08:20:04Z WARNING [1630/1870] 2f0f097b-224f-49b0-b3d3-13c251bb47e2: leaving unrecorded for a later run to retry.
2026-10-03T08:20:04Z WARNING 2f0fa340-ba3a-4aa0-97d3-2c2715733331: failed while reading the ElectricalSeries rates (AttributeError: module 'spikeinterface.extractors' has no attribute 'NwbRecordingExtractor')
2026-10-03T08:20:04Z WARNING [1631/1870] 2f0fa340-ba3a-4aa0-97d3-2c2715733331: leaving unrecorded for a later run to retry.
2026-10-03T08:20:04Z WARNING 2f0fc706-150e-4387-a353-8e550739b551: failed while reading the ElectricalSeries rates (AttributeError: module 'spikeinterface.extractors' has no attribute 'NwbRecordingExtractor')
2026-10-03T08:20:04Z WARNING [1632/1870] 2f0fc706-150e-4387-a353-8e550739b551: leaving unrecorded for a later run to retry.
2026-10-03T08:20:04Z WARNING 2f10566b-01b4-43e3-b649-576a112372c8: failed while reading the ElectricalSeries rates (AttributeError: module 'spikeinterface.extractors' has no attribute 'NwbRecordingExtractor')
2026-10-03T08:20:04Z WARNING [1633/1870] 2f10566b-01b4-43e3-b649-576a112372c8: leaving unrecorded for a later run to retry.
2026-10-03T08:20:04Z WARNING 2f1232d1-53f5-463b-a3a4-591147af5bfb: failed while reading the ElectricalSeries rates (AttributeError: module 'spikeinterface.extractors' has no attribute 'NwbRecordingExtractor')
2026-10-03T08:20:04Z WARNING [1634/1870] 2f1232d1-53f5-463b-a3a4-591147af5bfb: leaving unrecorded for a later run to retry.
2026-10-03T08:20:05Z WARNING 2f1268b0-c611-4b5f-abb1-fcd26c81d46b: failed while reading the ElectricalSeries rates (AttributeError: module 'spikeinterface.extractors' has no attribute 'NwbRecordingExtractor')
2026-10-03T08:20:05Z WARNING [1635/1870] 2f1268b0-c611-4b5f-abb1-fcd26c81d46b: leaving unrecorded for a later run to retry.
2026-10-03T08:20:05Z WARNING 2f12acf6-cf49-4237-a46b-30734d645736: failed while reading the ElectricalSeries rates (AttributeError: module 'spikeinterface.extractors' has no attribute 'NwbRecordingExtractor')
2026-10-03T08:20:05Z WARNING [1636/1870] 2f12acf6-cf49-4237-a46b-30734d645736: leaving unrecorded for a later run to retry.
2026-10-03T08:20:05Z WARNING 2f13035d-3f7d-4bb5-b9bc-199911960753: failed while reading the ElectricalSeries rates (AttributeError: module 'spikeinterface.extractors' has no attribute 'NwbRecordingExtractor')
2026-10-03T08:20:05Z WARNING [1637/1870] 2f13035d-3f7d-4bb5-b9bc-199911960753: leaving unrecorded for a later run to retry.
2026-10-03T08:20:05Z WARNING 2f13520c-c278-4d8f-9f6c-65bbbcd31cb3: failed while reading the ElectricalSeries rates (AttributeError: module 'spikeinterface.extractors' has no attribute 'NwbRecordingExtractor')
2026-10-03T08:20:05Z WARNING [1638/1870] 2f13520c-c278-4d8f-9f6c-65bbbcd31cb3: leaving unrecorded for a later run to retry.
2026-10-03T08:20:06Z WARNING 2f136a20-6155-4017-9cdd-b57d1e8b712d: failed while reading the ElectricalSeries rates (AttributeError: module 'spikeinterface.extractors' has no attribute 'NwbRecordingExtractor')
2026-10-03T08:20:06Z WARNING [1639/1870] 2f136a20-6155-4017-9cdd-b57d1e8b712d: leaving unrecorded for a later run to retry.
2026-10-03T08:20:06Z WARNING 2f13feb7-1453-4e56-9ad0-a2b0a073cc67: failed while reading the ElectricalSeries rates (AttributeError: module 'spikeinterface.extractors' has no attribute 'NwbRecordingExtractor')
2026-10-03T08:20:06Z WARNING [1640/1870] 2f13feb7-1453-4e56-9ad0-a2b0a073cc67: leaving unrecorded for a later run to retry.
2026-10-03T08:20:06Z WARNING 2f14e82e-b3a8-496a-9966-46ff8c7cae4b: failed while reading the ElectricalSeries rates (AttributeError: module 'spikeinterface.extractors' has no attribute 'NwbRecordingExtractor')
2026-10-03T08:20:06Z WARNING [1641/1870] 2f14e82e-b3a8-496a-9966-46ff8c7cae4b: leaving unrecorded for a later run to retry.
2026-10-03T08:20:06Z WARNING 2f158352-5324-4fca-859d-26422d2bd95c: failed while reading the ElectricalSeries rates (AttributeError: module 'spikeinterface.extractors' has no attribute 'NwbRecordingExtractor')
2026-10-03T08:20:06Z WARNING [1642/1870] 2f158352-5324-4fca-859d-26422d2bd95c: leaving unrecorded for a later run to retry.
2026-10-03T08:20:06Z WARNING 2f15a7c2-634f-4a24-bf1a-52ebbd51606f: failed while reading the ElectricalSeries rates (AttributeError: module 'spikeinterface.extractors' has no attribute 'NwbRecordingExtractor')
2026-10-03T08:20:06Z WARNING [1643/1870] 2f15a7c2-634f-4a24-bf1a-52ebbd51606f: leaving unrecorded for a later run to retry.
2026-10-03T08:20:07Z WARNING 2f15e7db-face-4b0f-961d-61066f4b0db7: failed while reading the ElectricalSeries rates (AttributeError: module 'spikeinterface.extractors' has no attribute 'NwbRecordingExtractor')
2026-10-03T08:20:07Z WARNING [1644/1870] 2f15e7db-face-4b0f-961d-61066f4b0db7: leaving unrecorded for a later run to retry.
2026-10-03T08:20:07Z WARNING 2f1616db-d713-4e1b-be99-38af4f79e2af: failed while reading the ElectricalSeries rates (AttributeError: module 'spikeinterface.extractors' has no attribute 'NwbRecordingExtractor')
2026-10-03T08:20:07Z WARNING [1645/1870] 2f1616db-d713-4e1b-be99-38af4f79e2af: leaving unrecorded for a later run to retry.
2026-10-03T08:20:07Z WARNING 2f16189e-233d-4cb6-890f-ccc0d0780afa: failed while reading the ElectricalSeries rates (AttributeError: module 'spikeinterface.extractors' has no attribute 'NwbRecordingExtractor')
2026-10-03T08:20:07Z WARNING [1646/1870] 2f16189e-233d-4cb6-890f-ccc0d0780afa: leaving unrecorded for a later run to retry.
2026-10-03T08:20:07Z WARNING 2f16301d-5731-440e-b34a-14fa75f370c5: failed while reading the ElectricalSeries rates (AttributeError: module 'spikeinterface.extractors' has no attribute 'NwbRecordingExtractor')
2026-10-03T08:20:07Z WARNING [1647/1870] 2f16301d-5731-440e-b34a-14fa75f370c5: leaving unrecorded for a later run to retry.
2026-10-03T08:20:07Z WARNING 2f16672e-488b-42ea-99d1-2de71cdbb2e6: failed while reading the ElectricalSeries rates (AttributeError: module 'spikeinterface.extractors' has no attribute 'NwbRecordingExtractor')
2026-10-03T08:20:07Z WARNING [1648/1870] 2f16672e-488b-42ea-99d1-2de71cdbb2e6: leaving unrecorded for a later run to retry.
2026-10-03T08:20:08Z WARNING 2f16c3d0-8cd3-4813-aa62-1130f576226c: failed while reading the ElectricalSeries rates (AttributeError: module 'spikeinterface.extractors' has no attribute 'NwbRecordingExtractor')
2026-10-03T08:20:08Z WARNING [1649/1870] 2f16c3d0-8cd3-4813-aa62-1130f576226c: leaving unrecorded for a later run to retry.
2026-10-03T08:20:08Z WARNING 2f16dc99-08a2-43e9-bd09-5db48e7827bf: failed while reading the ElectricalSeries rates (AttributeError: module 'spikeinterface.extractors' has no attribute 'NwbRecordingExtractor')
2026-10-03T08:20:08Z WARNING [1650/1870] 2f16dc99-08a2-43e9-bd09-5db48e7827bf: leaving unrecorded for a later run to retry.
2026-10-03T08:20:08Z INFO [1650/1870] 2f16dc99-08a2-43e9-bd09-5db48e7827bf: checkpointed 60602 records.
2026-10-03T08:20:08Z WARNING 2f176441-6b66-4a7c-b96a-a0400b346eba: failed while reading the ElectricalSeries rates (AttributeError: module 'spikeinterface.extractors' has no attribute 'NwbRecordingExtractor')
2026-10-03T08:20:08Z WARNING [1651/1870] 2f176441-6b66-4a7c-b96a-a0400b346eba: leaving unrecorded for a later run to retry.
2026-10-03T08:20:08Z WARNING 2f179647-0796-4661-8b05-c2d81511643c: failed while reading the ElectricalSeries rates (AttributeError: module 'spikeinterface.extractors' has no attribute 'NwbRecordingExtractor')
2026-10-03T08:20:08Z WARNING [1652/1870] 2f179647-0796-4661-8b05-c2d81511643c: leaving unrecorded for a later run to retry.
2026-10-03T08:20:09Z WARNING 2f18a413-ed23-4a6d-a0e8-63045c2e2b9f: failed while reading the ElectricalSeries rates (AttributeError: module 'spikeinterface.extractors' has no attribute 'NwbRecordingExtractor')
2026-10-03T08:20:09Z WARNING [1653/1870] 2f18a413-ed23-4a6d-a0e8-63045c2e2b9f: leaving unrecorded for a later run to retry.
2026-10-03T08:20:09Z WARNING 2f18dee6-6a39-43ee-b63c-3271528281f0: failed while reading the ElectricalSeries rates (AttributeError: module 'spikeinterface.extractors' has no attribute 'NwbRecordingExtractor')
2026-10-03T08:20:09Z WARNING [1654/1870] 2f18dee6-6a39-43ee-b63c-3271528281f0: leaving unrecorded for a later run to retry.
2026-10-03T08:20:09Z WARNING 2f190b69-44e3-477d-9f97-9f22d2f06607: failed while reading the ElectricalSeries rates (AttributeError: module 'spikeinterface.extractors' has no attribute 'NwbRecordingExtractor')
2026-10-03T08:20:09Z WARNING [1655/1870] 2f190b69-44e3-477d-9f97-9f22d2f06607: leaving unrecorded for a later run to retry.
2026-10-03T08:20:09Z WARNING 2f1936b9-1127-4f85-81d5-326fc5d788ff: failed while reading the ElectricalSeries rates (AttributeError: module 'spikeinterface.extractors' has no attribute 'NwbRecordingExtractor')
2026-10-03T08:20:09Z WARNING [1656/1870] 2f1936b9-1127-4f85-81d5-326fc5d788ff: leaving unrecorded for a later run to retry.
2026-10-03T08:20:09Z WARNING 2f1953f5-728c-4339-900c-e13e56a36aa7: failed while reading the ElectricalSeries rates (AttributeError: module 'spikeinterface.extractors' has no attribute 'NwbRecordingExtractor')
2026-10-03T08:20:09Z WARNING [1657/1870] 2f1953f5-728c-4339-900c-e13e56a36aa7: leaving unrecorded for a later run to retry.
2026-10-03T08:20:10Z WARNING 2f1a51e2-8253-4f4b-a474-2e9699c9aa7b: failed while reading the ElectricalSeries rates (AttributeError: module 'spikeinterface.extractors' has no attribute 'NwbRecordingExtractor')
2026-10-03T08:20:10Z WARNING [1658/1870] 2f1a51e2-8253-4f4b-a474-2e9699c9aa7b: leaving unrecorded for a later run to retry.
2026-10-03T08:20:10Z WARNING 2f1b2424-37d3-48b7-a020-9860e9712e9b: failed while reading the ElectricalSeries rates (AttributeError: module 'spikeinterface.extractors' has no attribute 'NwbRecordingExtractor')
2026-10-03T08:20:10Z WARNING [1659/1870] 2f1b2424-37d3-48b7-a020-9860e9712e9b: leaving unrecorded for a later run to retry.
2026-10-03T08:20:10Z WARNING 2f1b6026-9af7-4b57-a92f-83b7c0856285: failed while reading the ElectricalSeries rates (AttributeError: module 'spikeinterface.extractors' has no attribute 'NwbRecordingExtractor')
2026-10-03T08:20:10Z WARNING [1660/1870] 2f1b6026-9af7-4b57-a92f-83b7c0856285: leaving unrecorded for a later run to retry.
2026-10-03T08:20:10Z WARNING 2f1ba3b3-275a-4d52-a4b6-c63e53ae4a9d: failed while reading the ElectricalSeries rates (AttributeError: module 'spikeinterface.extractors' has no attribute 'NwbRecordingExtractor')
2026-10-03T08:20:10Z WARNING [1661/1870] 2f1ba3b3-275a-4d52-a4b6-c63e53ae4a9d: leaving unrecorded for a later run to retry.
2026-10-03T08:20:10Z WARNING 2f1bcbee-fbec-4ec3-95f3-3683febe983e: failed while reading the ElectricalSeries rates (AttributeError: module 'spikeinterface.extractors' has no attribute 'NwbRecordingExtractor')
2026-10-03T08:20:10Z WARNING [1662/1870] 2f1bcbee-fbec-4ec3-95f3-3683febe983e: leaving unrecorded for a later run to retry.
2026-10-03T08:20:11Z WARNING 2f1d5218-c3eb-4480-ba99-0ed7ce918577: failed while reading the ElectricalSeries rates (AttributeError: module 'spikeinterface.extractors' has no attribute 'NwbRecordingExtractor')
2026-10-03T08:20:11Z WARNING [1663/1870] 2f1d5218-c3eb-4480-ba99-0ed7ce918577: leaving unrecorded for a later run to retry.
2026-10-03T08:20:11Z WARNING 2f1d77e3-a168-46ec-8e6f-8c01f49b151f: failed while reading the ElectricalSeries rates (AttributeError: module 'spikeinterface.extractors' has no attribute 'NwbRecordingExtractor')
2026-10-03T08:20:11Z WARNING [1664/1870] 2f1d77e3-a168-46ec-8e6f-8c01f49b151f: leaving unrecorded for a later run to retry.
2026-10-03T08:20:11Z WARNING 2f1d7e9c-572b-495c-8ecb-07663e98fe75: failed while reading the ElectricalSeries rates (AttributeError: module 'spikeinterface.extractors' has no attribute 'NwbRecordingExtractor')
2026-10-03T08:20:11Z WARNING [1665/1870] 2f1d7e9c-572b-495c-8ecb-07663e98fe75: leaving unrecorded for a later run to retry.
2026-10-03T08:20:11Z WARNING 2f1e0058-f43f-4101-bad5-00f79b0509ed: failed while reading the ElectricalSeries rates (AttributeError: module 'spikeinterface.extractors' has no attribute 'NwbRecordingExtractor')
2026-10-03T08:20:11Z WARNING [1666/1870] 2f1e0058-f43f-4101-bad5-00f79b0509ed: leaving unrecorded for a later run to retry.
2026-10-03T08:20:11Z WARNING 2f20467a-b2be-4153-880e-5b1f1655e1cb: failed while reading the ElectricalSeries rates (AttributeError: module 'spikeinterface.extractors' has no attribute 'NwbRecordingExtractor')
2026-10-03T08:20:11Z WARNING [1667/1870] 2f20467a-b2be-4153-880e-5b1f1655e1cb: leaving unrecorded for a later run to retry.
2026-10-03T08:20:12Z WARNING 2f20742b-748a-40c3-9f2a-becc7d2e3667: failed while reading the ElectricalSeries rates (AttributeError: module 'spikeinterface.extractors' has no attribute 'NwbRecordingExtractor')
2026-10-03T08:20:12Z WARNING [1668/1870] 2f20742b-748a-40c3-9f2a-becc7d2e3667: leaving unrecorded for a later run to retry.
2026-10-03T08:20:12Z WARNING 2f20c1d1-053d-4491-b5bd-d6d324793a21: failed while reading the ElectricalSeries rates (AttributeError: module 'spikeinterface.extractors' has no attribute 'NwbRecordingExtractor')
2026-10-03T08:20:12Z WARNING [1669/1870] 2f20c1d1-053d-4491-b5bd-d6d324793a21: leaving unrecorded for a later run to retry.
2026-10-03T08:20:12Z WARNING 2f211eb8-c5eb-4727-9e1e-cb46772ee21c: failed while reading the ElectricalSeries rates (AttributeError: module 'spikeinterface.extractors' has no attribute 'NwbRecordingExtractor')
2026-10-03T08:20:12Z WARNING [1670/1870] 2f211eb8-c5eb-4727-9e1e-cb46772ee21c: leaving unrecorded for a later run to retry.
2026-10-03T08:20:12Z WARNING 2f221172-73ef-4a3f-b20e-48ea541227e8: failed while reading the ElectricalSeries rates (AttributeError: module 'spikeinterface.extractors' has no attribute 'NwbRecordingExtractor')
2026-10-03T08:20:12Z WARNING [1671/1870] 2f221172-73ef-4a3f-b20e-48ea541227e8: leaving unrecorded for a later run to retry.
2026-10-03T08:20:13Z WARNING 2f22b11a-7d81-4f10-a64d-94b6cbe7b3d4: failed while reading the ElectricalSeries rates (AttributeError: module 'spikeinterface.extractors' has no attribute 'NwbRecordingExtractor')
2026-10-03T08:20:13Z WARNING [1672/1870] 2f22b11a-7d81-4f10-a64d-94b6cbe7b3d4: leaving unrecorded for a later run to retry.
2026-10-03T08:20:13Z WARNING 2f23df11-1a36-4034-b78d-daddd956ab05: failed while reading the ElectricalSeries rates (AttributeError: module 'spikeinterface.extractors' has no attribute 'NwbRecordingExtractor')
2026-10-03T08:20:13Z WARNING [1673/1870] 2f23df11-1a36-4034-b78d-daddd956ab05: leaving unrecorded for a later run to retry.
2026-10-03T08:20:13Z WARNING 2f23f470-b3d5-4c90-8212-3951c219a838: failed while reading the ElectricalSeries rates (AttributeError: module 'spikeinterface.extractors' has no attribute 'NwbRecordingExtractor')
2026-10-03T08:20:13Z WARNING [1674/1870] 2f23f470-b3d5-4c90-8212-3951c219a838: leaving unrecorded for a later run to retry.
2026-10-03T08:20:13Z WARNING 2f244a7a-5906-4ad6-b4fc-e710a37d6151: failed while reading the ElectricalSeries rates (AttributeError: module 'spikeinterface.extractors' has no attribute 'NwbRecordingExtractor')
2026-10-03T08:20:13Z WARNING [1675/1870] 2f244a7a-5906-4ad6-b4fc-e710a37d6151: leaving unrecorded for a later run to retry.
2026-10-03T08:20:13Z WARNING 2f24d0c2-48c7-4f53-bb44-0797590cabd9: failed while reading the ElectricalSeries rates (AttributeError: module 'spikeinterface.extractors' has no attribute 'NwbRecordingExtractor')
2026-10-03T08:20:13Z WARNING [1676/1870] 2f24d0c2-48c7-4f53-bb44-0797590cabd9: leaving unrecorded for a later run to retry.
2026-10-03T08:20:14Z WARNING 2f25baa4-bbdf-4686-ad70-298d76321b23: failed while reading the ElectricalSeries rates (AttributeError: module 'spikeinterface.extractors' has no attribute 'NwbRecordingExtractor')
2026-10-03T08:20:14Z WARNING [1677/1870] 2f25baa4-bbdf-4686-ad70-298d76321b23: leaving unrecorded for a later run to retry.
2026-10-03T08:20:14Z WARNING 2f266b7d-99c9-404a-a82d-159fb2139fcd: failed while reading the ElectricalSeries rates (AttributeError: module 'spikeinterface.extractors' has no attribute 'NwbRecordingExtractor')
2026-10-03T08:20:14Z WARNING [1678/1870] 2f266b7d-99c9-404a-a82d-159fb2139fcd: leaving unrecorded for a later run to retry.
2026-10-03T08:20:14Z WARNING 2f2676be-9d81-4cce-9894-978e96f39643: failed while reading the ElectricalSeries rates (AttributeError: module 'spikeinterface.extractors' has no attribute 'NwbRecordingExtractor')
2026-10-03T08:20:14Z WARNING [1679/1870] 2f2676be-9d81-4cce-9894-978e96f39643: leaving unrecorded for a later run to retry.
2026-10-03T08:20:14Z WARNING 2f26a526-f4bc-4e3d-a2c1-630557050cf7: failed while reading the ElectricalSeries rates (AttributeError: module 'spikeinterface.extractors' has no attribute 'NwbRecordingExtractor')
2026-10-03T08:20:14Z WARNING [1680/1870] 2f26a526-f4bc-4e3d-a2c1-630557050cf7: leaving unrecorded for a later run to retry.
2026-10-03T08:20:15Z WARNING 2f2786ed-583c-4b67-a516-2c89c6fb3b41: failed while reading the ElectricalSeries rates (AttributeError: module 'spikeinterface.extractors' has no attribute 'NwbRecordingExtractor')
2026-10-03T08:20:15Z WARNING [1681/1870] 2f2786ed-583c-4b67-a516-2c89c6fb3b41: leaving unrecorded for a later run to retry.
2026-10-03T08:20:15Z WARNING 2f27ef6e-b794-4955-8a19-677e8b9c35bd: failed while reading the ElectricalSeries rates (AttributeError: module 'spikeinterface.extractors' has no attribute 'NwbRecordingExtractor')
2026-10-03T08:20:15Z WARNING [1682/1870] 2f27ef6e-b794-4955-8a19-677e8b9c35bd: leaving unrecorded for a later run to retry.
2026-10-03T08:20:15Z WARNING 2f2805e1-3ad7-48f8-bc8b-dfd831bf0412: failed while reading the ElectricalSeries rates (AttributeError: module 'spikeinterface.extractors' has no attribute 'NwbRecordingExtractor')
2026-10-03T08:20:15Z WARNING [1683/1870] 2f2805e1-3ad7-48f8-bc8b-dfd831bf0412: leaving unrecorded for a later run to retry.
2026-10-03T08:20:15Z WARNING 2f2885d5-17e3-4d62-9fbd-e445554ec718: failed while reading the ElectricalSeries rates (AttributeError: module 'spikeinterface.extractors' has no attribute 'NwbRecordingExtractor')
2026-10-03T08:20:15Z WARNING [1684/1870] 2f2885d5-17e3-4d62-9fbd-e445554ec718: leaving unrecorded for a later run to retry.
2026-10-03T08:20:15Z WARNING 2f2916dc-f965-4fad-8e6a-0b33166a1f8c: failed while reading the ElectricalSeries rates (AttributeError: module 'spikeinterface.extractors' has no attribute 'NwbRecordingExtractor')
2026-10-03T08:20:15Z WARNING [1685/1870] 2f2916dc-f965-4fad-8e6a-0b33166a1f8c: leaving unrecorded for a later run to retry.
2026-10-03T08:20:16Z WARNING 2f292d59-b718-414e-9ffd-17e0e0a1aa56: failed while reading the ElectricalSeries rates (AttributeError: module 'spikeinterface.extractors' has no attribute 'NwbRecordingExtractor')
2026-10-03T08:20:16Z WARNING [1686/1870] 2f292d59-b718-414e-9ffd-17e0e0a1aa56: leaving unrecorded for a later run to retry.
2026-10-03T08:20:16Z WARNING 2f2943d4-ff93-45af-8431-d0a49b02d279: failed while reading the ElectricalSeries rates (AttributeError: module 'spikeinterface.extractors' has no attribute 'NwbRecordingExtractor')
2026-10-03T08:20:16Z WARNING [1687/1870] 2f2943d4-ff93-45af-8431-d0a49b02d279: leaving unrecorded for a later run to retry.
2026-10-03T08:20:16Z WARNING 2f294ba7-16d8-4816-98b5-f83787d49255: failed while reading the ElectricalSeries rates (AttributeError: module 'spikeinterface.extractors' has no attribute 'NwbRecordingExtractor')
2026-10-03T08:20:16Z WARNING [1688/1870] 2f294ba7-16d8-4816-98b5-f83787d49255: leaving unrecorded for a later run to retry.
2026-10-03T08:20:16Z WARNING 2f2982da-72ce-4979-8bab-a7cf1c526c36: failed while reading the ElectricalSeries rates (AttributeError: module 'spikeinterface.extractors' has no attribute 'NwbRecordingExtractor')
2026-10-03T08:20:16Z WARNING [1689/1870] 2f2982da-72ce-4979-8bab-a7cf1c526c36: leaving unrecorded for a later run to retry.
2026-10-03T08:20:16Z WARNING 2f2a60a6-52d3-4a7f-914d-708fba4ef31a: failed while reading the ElectricalSeries rates (AttributeError: module 'spikeinterface.extractors' has no attribute 'NwbRecordingExtractor')
2026-10-03T08:20:16Z WARNING [1690/1870] 2f2a60a6-52d3-4a7f-914d-708fba4ef31a: leaving unrecorded for a later run to retry.
2026-10-03T08:20:17Z WARNING 2f2aa467-3bae-4460-8c43-b95507355343: failed while reading the ElectricalSeries rates (AttributeError: module 'spikeinterface.extractors' has no attribute 'NwbRecordingExtractor')
2026-10-03T08:20:17Z WARNING [1691/1870] 2f2aa467-3bae-4460-8c43-b95507355343: leaving unrecorded for a later run to retry.
2026-10-03T08:20:17Z WARNING 2f2b70ee-5e50-4528-9977-01a96449cb1c: failed while reading the ElectricalSeries rates (AttributeError: module 'spikeinterface.extractors' has no attribute 'NwbRecordingExtractor')
2026-10-03T08:20:17Z WARNING [1692/1870] 2f2b70ee-5e50-4528-9977-01a96449cb1c: leaving unrecorded for a later run to retry.
2026-10-03T08:20:17Z WARNING 2f2c4bc1-8be2-4ffe-9dc8-8b6cbf8d0981: failed while reading the ElectricalSeries rates (AttributeError: module 'spikeinterface.extractors' has no attribute 'NwbRecordingExtractor')
2026-10-03T08:20:17Z WARNING [1693/1870] 2f2c4bc1-8be2-4ffe-9dc8-8b6cbf8d0981: leaving unrecorded for a later run to retry.
2026-10-03T08:20:17Z WARNING 2f2c4db9-614d-479f-bade-21152e1fa222: failed while reading the ElectricalSeries rates (AttributeError: module 'spikeinterface.extractors' has no attribute 'NwbRecordingExtractor')
2026-10-03T08:20:17Z WARNING [1694/1870] 2f2c4db9-614d-479f-bade-21152e1fa222: leaving unrecorded for a later run to retry.
2026-10-03T08:20:17Z WARNING 2f2c7649-ad03-4191-9517-c2f865d51246: failed while reading the ElectricalSeries rates (AttributeError: module 'spikeinterface.extractors' has no attribute 'NwbRecordingExtractor')
2026-10-03T08:20:17Z WARNING [1695/1870] 2f2c7649-ad03-4191-9517-c2f865d51246: leaving unrecorded for a later run to retry.
2026-10-03T08:20:18Z WARNING 2f2d971b-c8ae-4370-9525-a1c983f4e633: failed while reading the ElectricalSeries rates (AttributeError: module 'spikeinterface.extractors' has no attribute 'NwbRecordingExtractor')
2026-10-03T08:20:18Z WARNING [1696/1870] 2f2d971b-c8ae-4370-9525-a1c983f4e633: leaving unrecorded for a later run to retry.
2026-10-03T08:20:18Z WARNING 2f2de172-cb8f-442d-865b-4aa49e586e40: failed while reading the ElectricalSeries rates (AttributeError: module 'spikeinterface.extractors' has no attribute 'NwbRecordingExtractor')
2026-10-03T08:20:18Z WARNING [1697/1870] 2f2de172-cb8f-442d-865b-4aa49e586e40: leaving unrecorded for a later run to retry.
2026-10-03T08:20:18Z WARNING 2f2deeb8-5988-45c2-a9a6-0230be3765e6: failed while reading the ElectricalSeries rates (AttributeError: module 'spikeinterface.extractors' has no attribute 'NwbRecordingExtractor')
2026-10-03T08:20:18Z WARNING [1698/1870] 2f2deeb8-5988-45c2-a9a6-0230be3765e6: leaving unrecorded for a later run to retry.
2026-10-03T08:20:18Z WARNING 2f2e30b0-d039-4328-9fdc-db06710a2435: failed while reading the ElectricalSeries rates (AttributeError: module 'spikeinterface.extractors' has no attribute 'NwbRecordingExtractor')
2026-10-03T08:20:18Z WARNING [1699/1870] 2f2e30b0-d039-4328-9fdc-db06710a2435: leaving unrecorded for a later run to retry.
2026-10-03T08:20:19Z WARNING 2f2f2439-941f-4014-93f7-469fdfc4b9da: failed while reading the ElectricalSeries rates (AttributeError: module 'spikeinterface.extractors' has no attribute 'NwbRecordingExtractor')
2026-10-03T08:20:19Z WARNING [1700/1870] 2f2f2439-941f-4014-93f7-469fdfc4b9da: leaving unrecorded for a later run to retry.
2026-10-03T08:20:19Z INFO [1700/1870] 2f2f2439-941f-4014-93f7-469fdfc4b9da: checkpointed 60602 records.
2026-10-03T08:20:19Z WARNING 2f2f3816-e613-4adc-be68-0f96f784d872: failed while reading the ElectricalSeries rates (AttributeError: module 'spikeinterface.extractors' has no attribute 'NwbRecordingExtractor')
2026-10-03T08:20:19Z WARNING [1701/1870] 2f2f3816-e613-4adc-be68-0f96f784d872: leaving unrecorded for a later run to retry.
2026-10-03T08:20:19Z WARNING 2f2f4320-0483-4ef2-86c5-9a3ebc2c520d: failed while reading the ElectricalSeries rates (AttributeError: module 'spikeinterface.extractors' has no attribute 'NwbRecordingExtractor')
2026-10-03T08:20:19Z WARNING [1702/1870] 2f2f4320-0483-4ef2-86c5-9a3ebc2c520d: leaving unrecorded for a later run to retry.
2026-10-03T08:20:19Z WARNING 2f2f9a1c-b729-4233-b5e6-28be79ba0cf2: failed while reading the ElectricalSeries rates (AttributeError: module 'spikeinterface.extractors' has no attribute 'NwbRecordingExtractor')
2026-10-03T08:20:19Z WARNING [1703/1870] 2f2f9a1c-b729-4233-b5e6-28be79ba0cf2: leaving unrecorded for a later run to retry.
2026-10-03T08:20:20Z WARNING 2f2fce73-a53e-4b37-9d39-07656dc52785: failed while reading the ElectricalSeries rates (AttributeError: module 'spikeinterface.extractors' has no attribute 'NwbRecordingExtractor')
2026-10-03T08:20:20Z WARNING [1704/1870] 2f2fce73-a53e-4b37-9d39-07656dc52785: leaving unrecorded for a later run to retry.
2026-10-03T08:20:20Z WARNING 2f302ddd-7709-4cff-b4de-48bc083588a0: failed while reading the ElectricalSeries rates (AttributeError: module 'spikeinterface.extractors' has no attribute 'NwbRecordingExtractor')
2026-10-03T08:20:20Z WARNING [1705/1870] 2f302ddd-7709-4cff-b4de-48bc083588a0: leaving unrecorded for a later run to retry.
2026-10-03T08:20:20Z WARNING 2f30ffe6-1e5e-42b2-8587-41f303bc6748: failed while reading the ElectricalSeries rates (AttributeError: module 'spikeinterface.extractors' has no attribute 'NwbRecordingExtractor')
2026-10-03T08:20:20Z WARNING [1706/1870] 2f30ffe6-1e5e-42b2-8587-41f303bc6748: leaving unrecorded for a later run to retry.
2026-10-03T08:20:20Z WARNING 2f311ea6-7156-4412-bc59-38eaf02a36b5: failed while reading the ElectricalSeries rates (AttributeError: module 'spikeinterface.extractors' has no attribute 'NwbRecordingExtractor')
2026-10-03T08:20:20Z WARNING [1707/1870] 2f311ea6-7156-4412-bc59-38eaf02a36b5: leaving unrecorded for a later run to retry.
2026-10-03T08:20:20Z WARNING 2f31707b-f5e2-4802-b844-ffbc723b0122: failed while reading the ElectricalSeries rates (AttributeError: module 'spikeinterface.extractors' has no attribute 'NwbRecordingExtractor')
2026-10-03T08:20:20Z WARNING [1708/1870] 2f31707b-f5e2-4802-b844-ffbc723b0122: leaving unrecorded for a later run to retry.
2026-10-03T08:20:21Z WARNING 2f31e928-bdfa-44d9-bcd6-7337c75c5021: failed while reading the ElectricalSeries rates (AttributeError: module 'spikeinterface.extractors' has no attribute 'NwbRecordingExtractor')
2026-10-03T08:20:21Z WARNING [1709/1870] 2f31e928-bdfa-44d9-bcd6-7337c75c5021: leaving unrecorded for a later run to retry.
2026-10-03T08:20:21Z WARNING 2f31ecff-6f8d-4de5-9da3-7bd3b9102938: failed while reading the ElectricalSeries rates (AttributeError: module 'spikeinterface.extractors' has no attribute 'NwbRecordingExtractor')
2026-10-03T08:20:21Z WARNING [1710/1870] 2f31ecff-6f8d-4de5-9da3-7bd3b9102938: leaving unrecorded for a later run to retry.
2026-10-03T08:20:21Z WARNING 2f3223bb-b495-44e8-bb33-d904e01383b2: failed while reading the ElectricalSeries rates (AttributeError: module 'spikeinterface.extractors' has no attribute 'NwbRecordingExtractor')
2026-10-03T08:20:21Z WARNING [1711/1870] 2f3223bb-b495-44e8-bb33-d904e01383b2: leaving unrecorded for a later run to retry.
2026-10-03T08:20:21Z WARNING 2f324ab6-c03c-446b-8b4c-f72e11260b55: failed while reading the ElectricalSeries rates (AttributeError: module 'spikeinterface.extractors' has no attribute 'NwbRecordingExtractor')
2026-10-03T08:20:21Z WARNING [1712/1870] 2f324ab6-c03c-446b-8b4c-f72e11260b55: leaving unrecorded for a later run to retry.
2026-10-03T08:20:21Z WARNING 2f329e56-abac-403b-9d89-baa7cdf87c67: failed while reading the ElectricalSeries rates (AttributeError: module 'spikeinterface.extractors' has no attribute 'NwbRecordingExtractor')
2026-10-03T08:20:21Z WARNING [1713/1870] 2f329e56-abac-403b-9d89-baa7cdf87c67: leaving unrecorded for a later run to retry.
2026-10-03T08:20:22Z WARNING 2f32f476-dab4-472b-869a-728a677034a6: failed while reading the ElectricalSeries rates (AttributeError: module 'spikeinterface.extractors' has no attribute 'NwbRecordingExtractor')
2026-10-03T08:20:22Z WARNING [1714/1870] 2f32f476-dab4-472b-869a-728a677034a6: leaving unrecorded for a later run to retry.
2026-10-03T08:20:22Z WARNING 2f33edc7-66cf-4a80-9908-a26f180da285: failed while reading the ElectricalSeries rates (AttributeError: module 'spikeinterface.extractors' has no attribute 'NwbRecordingExtractor')
2026-10-03T08:20:22Z WARNING [1715/1870] 2f33edc7-66cf-4a80-9908-a26f180da285: leaving unrecorded for a later run to retry.
2026-10-03T08:20:22Z WARNING 2f35501f-2b61-40a4-acd8-2e52b4f59daf: failed while reading the ElectricalSeries rates (AttributeError: module 'spikeinterface.extractors' has no attribute 'NwbRecordingExtractor')
2026-10-03T08:20:22Z WARNING [1716/1870] 2f35501f-2b61-40a4-acd8-2e52b4f59daf: leaving unrecorded for a later run to retry.
2026-10-03T08:20:22Z WARNING 2f35731e-0b41-461a-8515-68155997b2b0: failed while reading the ElectricalSeries rates (AttributeError: module 'spikeinterface.extractors' has no attribute 'NwbRecordingExtractor')
2026-10-03T08:20:22Z WARNING [1717/1870] 2f35731e-0b41-461a-8515-68155997b2b0: leaving unrecorded for a later run to retry.
2026-10-03T08:20:23Z WARNING 2f359ec0-df33-489b-bc58-3357f09b841d: failed while reading the ElectricalSeries rates (AttributeError: module 'spikeinterface.extractors' has no attribute 'NwbRecordingExtractor')
2026-10-03T08:20:23Z WARNING [1718/1870] 2f359ec0-df33-489b-bc58-3357f09b841d: leaving unrecorded for a later run to retry.
2026-10-03T08:20:23Z WARNING 2f36565d-964d-4321-868f-c309f62172df: failed while reading the ElectricalSeries rates (AttributeError: module 'spikeinterface.extractors' has no attribute 'NwbRecordingExtractor')
2026-10-03T08:20:23Z WARNING [1719/1870] 2f36565d-964d-4321-868f-c309f62172df: leaving unrecorded for a later run to retry.
2026-10-03T08:20:23Z WARNING 2f3678c7-06e0-4910-a6d8-0f09d93dd58a: failed while reading the ElectricalSeries rates (AttributeError: module 'spikeinterface.extractors' has no attribute 'NwbRecordingExtractor')
2026-10-03T08:20:23Z WARNING [1720/1870] 2f3678c7-06e0-4910-a6d8-0f09d93dd58a: leaving unrecorded for a later run to retry.
2026-10-03T08:20:23Z WARNING 2f380983-0971-47a7-ac0a-a0e477315934: failed while reading the ElectricalSeries rates (AttributeError: module 'spikeinterface.extractors' has no attribute 'NwbRecordingExtractor')
2026-10-03T08:20:23Z WARNING [1721/1870] 2f380983-0971-47a7-ac0a-a0e477315934: leaving unrecorded for a later run to retry.
2026-10-03T08:20:23Z WARNING 2f383eb8-a2e6-4cd6-a8bb-edd3f8efcc48: failed while reading the ElectricalSeries rates (AttributeError: module 'spikeinterface.extractors' has no attribute 'NwbRecordingExtractor')
2026-10-03T08:20:23Z WARNING [1722/1870] 2f383eb8-a2e6-4cd6-a8bb-edd3f8efcc48: leaving unrecorded for a later run to retry.
2026-10-03T08:20:24Z WARNING 2f39b413-b43d-4152-a6ee-a178e0700ea6: failed while reading the ElectricalSeries rates (AttributeError: module 'spikeinterface.extractors' has no attribute 'NwbRecordingExtractor')
2026-10-03T08:20:24Z WARNING [1723/1870] 2f39b413-b43d-4152-a6ee-a178e0700ea6: leaving unrecorded for a later run to retry.
2026-10-03T08:20:24Z WARNING 2f3a47de-85f1-4b68-9247-c3a450fe59b8: failed while reading the ElectricalSeries rates (AttributeError: module 'spikeinterface.extractors' has no attribute 'NwbRecordingExtractor')
2026-10-03T08:20:24Z WARNING [1724/1870] 2f3a47de-85f1-4b68-9247-c3a450fe59b8: leaving unrecorded for a later run to retry.
2026-10-03T08:20:24Z WARNING 2f3ad8b5-c584-461d-be5d-73ba0b7bdabf: failed while reading the ElectricalSeries rates (AttributeError: module 'spikeinterface.extractors' has no attribute 'NwbRecordingExtractor')
2026-10-03T08:20:24Z WARNING [1725/1870] 2f3ad8b5-c584-461d-be5d-73ba0b7bdabf: leaving unrecorded for a later run to retry.
2026-10-03T08:20:24Z WARNING 2f3ad9b4-540e-4da0-bebb-1c454678ece2: failed while reading the ElectricalSeries rates (AttributeError: module 'spikeinterface.extractors' has no attribute 'NwbRecordingExtractor')
2026-10-03T08:20:24Z WARNING [1726/1870] 2f3ad9b4-540e-4da0-bebb-1c454678ece2: leaving unrecorded for a later run to retry.
2026-10-03T08:20:24Z WARNING 2f3b94bc-78fa-4039-94f5-14fc93aeb66b: failed while reading the ElectricalSeries rates (AttributeError: module 'spikeinterface.extractors' has no attribute 'NwbRecordingExtractor')
2026-10-03T08:20:24Z WARNING [1727/1870] 2f3b94bc-78fa-4039-94f5-14fc93aeb66b: leaving unrecorded for a later run to retry.
2026-10-03T08:20:25Z WARNING 2f3bf754-7cf7-447a-811c-a579a17c6f5b: failed while reading the ElectricalSeries rates (AttributeError: module 'spikeinterface.extractors' has no attribute 'NwbRecordingExtractor')
2026-10-03T08:20:25Z WARNING [1728/1870] 2f3bf754-7cf7-447a-811c-a579a17c6f5b: leaving unrecorded for a later run to retry.
2026-10-03T08:20:25Z WARNING 2f3c7629-a283-4e42-ac3e-a36585c00fb3: failed while reading the ElectricalSeries rates (AttributeError: module 'spikeinterface.extractors' has no attribute 'NwbRecordingExtractor')
2026-10-03T08:20:25Z WARNING [1729/1870] 2f3c7629-a283-4e42-ac3e-a36585c00fb3: leaving unrecorded for a later run to retry.
2026-10-03T08:20:25Z WARNING 2f3cb872-9491-46e5-a2b6-c1547641f1f2: failed while reading the ElectricalSeries rates (AttributeError: module 'spikeinterface.extractors' has no attribute 'NwbRecordingExtractor')
2026-10-03T08:20:25Z WARNING [1730/1870] 2f3cb872-9491-46e5-a2b6-c1547641f1f2: leaving unrecorded for a later run to retry.
2026-10-03T08:20:25Z WARNING 2f3d5d19-defc-4d62-b927-0034efbd8baa: failed while reading the ElectricalSeries rates (AttributeError: module 'spikeinterface.extractors' has no attribute 'NwbRecordingExtractor')
2026-10-03T08:20:25Z WARNING [1731/1870] 2f3d5d19-defc-4d62-b927-0034efbd8baa: leaving unrecorded for a later run to retry.
2026-10-03T08:20:25Z WARNING 2f3e16b0-394a-4535-bb3b-db3fe38376ed: failed while reading the ElectricalSeries rates (AttributeError: module 'spikeinterface.extractors' has no attribute 'NwbRecordingExtractor')
2026-10-03T08:20:25Z WARNING [1732/1870] 2f3e16b0-394a-4535-bb3b-db3fe38376ed: leaving unrecorded for a later run to retry.
2026-10-03T08:20:26Z WARNING 2f3e469b-5b31-47d6-b2be-8ff162affb1b: failed while reading the ElectricalSeries rates (AttributeError: module 'spikeinterface.extractors' has no attribute 'NwbRecordingExtractor')
2026-10-03T08:20:26Z WARNING [1733/1870] 2f3e469b-5b31-47d6-b2be-8ff162affb1b: leaving unrecorded for a later run to retry.
2026-10-03T08:20:26Z WARNING 2f3e630d-2a88-4aee-b900-60968ce94d84: failed while reading the ElectricalSeries rates (AttributeError: module 'spikeinterface.extractors' has no attribute 'NwbRecordingExtractor')
2026-10-03T08:20:26Z WARNING [1734/1870] 2f3e630d-2a88-4aee-b900-60968ce94d84: leaving unrecorded for a later run to retry.
2026-10-03T08:20:26Z WARNING 2f3e656c-d3ba-40ea-93fa-2b6308053323: failed while reading the ElectricalSeries rates (AttributeError: module 'spikeinterface.extractors' has no attribute 'NwbRecordingExtractor')
2026-10-03T08:20:26Z WARNING [1735/1870] 2f3e656c-d3ba-40ea-93fa-2b6308053323: leaving unrecorded for a later run to retry.
2026-10-03T08:20:26Z WARNING 2f3edc58-b09e-4571-bb1c-1ffb2f768b57: failed while reading the ElectricalSeries rates (AttributeError: module 'spikeinterface.extractors' has no attribute 'NwbRecordingExtractor')
2026-10-03T08:20:26Z WARNING [1736/1870] 2f3edc58-b09e-4571-bb1c-1ffb2f768b57: leaving unrecorded for a later run to retry.
2026-10-03T08:20:27Z WARNING 2f3f0436-ba08-4d4c-802d-1d4cebf6dd4d: failed while reading the ElectricalSeries rates (AttributeError: module 'spikeinterface.extractors' has no attribute 'NwbRecordingExtractor')
2026-10-03T08:20:27Z WARNING [1737/1870] 2f3f0436-ba08-4d4c-802d-1d4cebf6dd4d: leaving unrecorded for a later run to retry.
2026-10-03T08:20:27Z WARNING 2f40523a-a115-4971-b790-65f5da538c5c: failed while reading the ElectricalSeries rates (AttributeError: module 'spikeinterface.extractors' has no attribute 'NwbRecordingExtractor')
2026-10-03T08:20:27Z WARNING [1738/1870] 2f40523a-a115-4971-b790-65f5da538c5c: leaving unrecorded for a later run to retry.
2026-10-03T08:20:27Z WARNING 2f407657-f57c-4399-b16a-f9bb5fc12a0a: failed while reading the ElectricalSeries rates (AttributeError: module 'spikeinterface.extractors' has no attribute 'NwbRecordingExtractor')
2026-10-03T08:20:27Z WARNING [1739/1870] 2f407657-f57c-4399-b16a-f9bb5fc12a0a: leaving unrecorded for a later run to retry.
2026-10-03T08:20:27Z WARNING 2f40b757-ba60-4c63-befc-ad15994531c2: failed while reading the ElectricalSeries rates (AttributeError: module 'spikeinterface.extractors' has no attribute 'NwbRecordingExtractor')
2026-10-03T08:20:27Z WARNING [1740/1870] 2f40b757-ba60-4c63-befc-ad15994531c2: leaving unrecorded for a later run to retry.
2026-10-03T08:20:27Z WARNING 2f40f7ba-b960-4106-9ac8-6d364b4759d3: failed while reading the ElectricalSeries rates (AttributeError: module 'spikeinterface.extractors' has no attribute 'NwbRecordingExtractor')
2026-10-03T08:20:27Z WARNING [1741/1870] 2f40f7ba-b960-4106-9ac8-6d364b4759d3: leaving unrecorded for a later run to retry.
2026-10-03T08:20:28Z WARNING 2f41a04a-9ffe-49a2-8110-e966e1094e7e: failed while reading the ElectricalSeries rates (AttributeError: module 'spikeinterface.extractors' has no attribute 'NwbRecordingExtractor')
2026-10-03T08:20:28Z WARNING [1742/1870] 2f41a04a-9ffe-49a2-8110-e966e1094e7e: leaving unrecorded for a later run to retry.
2026-10-03T08:20:28Z WARNING 2f4234cf-8bae-4dee-9500-ecf366c39f3f: failed while reading the ElectricalSeries rates (AttributeError: module 'spikeinterface.extractors' has no attribute 'NwbRecordingExtractor')
2026-10-03T08:20:28Z WARNING [1743/1870] 2f4234cf-8bae-4dee-9500-ecf366c39f3f: leaving unrecorded for a later run to retry.
2026-10-03T08:20:28Z WARNING 2f4280da-01b9-4e02-ae78-825172a0a57a: failed while reading the ElectricalSeries rates (AttributeError: module 'spikeinterface.extractors' has no attribute 'NwbRecordingExtractor')
2026-10-03T08:20:28Z WARNING [1744/1870] 2f4280da-01b9-4e02-ae78-825172a0a57a: leaving unrecorded for a later run to retry.
2026-10-03T08:20:28Z WARNING 2f42ac2d-a024-4d37-a230-fd74bcf02942: failed while reading the ElectricalSeries rates (AttributeError: module 'spikeinterface.extractors' has no attribute 'NwbRecordingExtractor')
2026-10-03T08:20:28Z WARNING [1745/1870] 2f42ac2d-a024-4d37-a230-fd74bcf02942: leaving unrecorded for a later run to retry.
2026-10-03T08:20:28Z WARNING 2f4308f1-a0ce-4479-8d1e-c2170fe841d7: failed while reading the ElectricalSeries rates (AttributeError: module 'spikeinterface.extractors' has no attribute 'NwbRecordingExtractor')
2026-10-03T08:20:28Z WARNING [1746/1870] 2f4308f1-a0ce-4479-8d1e-c2170fe841d7: leaving unrecorded for a later run to retry.
2026-10-03T08:20:29Z WARNING 2f44728c-9c3f-4a3c-8700-9a27eacd0d01: failed while reading the ElectricalSeries rates (AttributeError: module 'spikeinterface.extractors' has no attribute 'NwbRecordingExtractor')
2026-10-03T08:20:29Z WARNING [1747/1870] 2f44728c-9c3f-4a3c-8700-9a27eacd0d01: leaving unrecorded for a later run to retry.
2026-10-03T08:20:29Z WARNING 2f4563b7-bb1b-482d-bed1-ddb81e66eda9: failed while reading the ElectricalSeries rates (AttributeError: module 'spikeinterface.extractors' has no attribute 'NwbRecordingExtractor')
2026-10-03T08:20:29Z WARNING [1748/1870] 2f4563b7-bb1b-482d-bed1-ddb81e66eda9: leaving unrecorded for a later run to retry.
2026-10-03T08:20:29Z WARNING 2f46689c-1ccc-4f44-b33a-8b14cf16366a: failed while reading the ElectricalSeries rates (AttributeError: module 'spikeinterface.extractors' has no attribute 'NwbRecordingExtractor')
2026-10-03T08:20:29Z WARNING [1749/1870] 2f46689c-1ccc-4f44-b33a-8b14cf16366a: leaving unrecorded for a later run to retry.
2026-10-03T08:20:29Z WARNING 2f46eaff-dede-4e8d-927d-fc23505179fd: failed while reading the ElectricalSeries rates (AttributeError: module 'spikeinterface.extractors' has no attribute 'NwbRecordingExtractor')
2026-10-03T08:20:29Z WARNING [1750/1870] 2f46eaff-dede-4e8d-927d-fc23505179fd: leaving unrecorded for a later run to retry.
2026-10-03T08:20:29Z INFO [1750/1870] 2f46eaff-dede-4e8d-927d-fc23505179fd: checkpointed 60602 records.
2026-10-03T08:20:30Z WARNING 2f471eee-918f-41cf-8772-d74ac3d34d4d: failed while reading the ElectricalSeries rates (AttributeError: module 'spikeinterface.extractors' has no attribute 'NwbRecordingExtractor')
2026-10-03T08:20:30Z WARNING [1751/1870] 2f471eee-918f-41cf-8772-d74ac3d34d4d: leaving unrecorded for a later run to retry.
2026-10-03T08:20:30Z WARNING 2f47bc82-abec-4d3c-9f34-409540312ec9: failed while reading the ElectricalSeries rates (AttributeError: module 'spikeinterface.extractors' has no attribute 'NwbRecordingExtractor')
2026-10-03T08:20:30Z WARNING [1752/1870] 2f47bc82-abec-4d3c-9f34-409540312ec9: leaving unrecorded for a later run to retry.
2026-10-03T08:20:30Z WARNING 2f484be6-9818-4a27-b859-f68b6995e619: failed while reading the ElectricalSeries rates (AttributeError: module 'spikeinterface.extractors' has no attribute 'NwbRecordingExtractor')
2026-10-03T08:20:30Z WARNING [1753/1870] 2f484be6-9818-4a27-b859-f68b6995e619: leaving unrecorded for a later run to retry.
2026-10-03T08:20:30Z WARNING 2f4a6a12-fb68-45dc-b699-c3944c5446f8: failed while reading the ElectricalSeries rates (AttributeError: module 'spikeinterface.extractors' has no attribute 'NwbRecordingExtractor')
2026-10-03T08:20:30Z WARNING [1754/1870] 2f4a6a12-fb68-45dc-b699-c3944c5446f8: leaving unrecorded for a later run to retry.
2026-10-03T08:20:30Z WARNING 2f4ada86-2ada-427f-9e7d-c39e421d2ed7: failed while reading the ElectricalSeries rates (AttributeError: module 'spikeinterface.extractors' has no attribute 'NwbRecordingExtractor')
2026-10-03T08:20:30Z WARNING [1755/1870] 2f4ada86-2ada-427f-9e7d-c39e421d2ed7: leaving unrecorded for a later run to retry.
2026-10-03T08:20:31Z WARNING 2f4ae043-37f5-4179-bf94-e0ec5c0a123c: failed while reading the ElectricalSeries rates (AttributeError: module 'spikeinterface.extractors' has no attribute 'NwbRecordingExtractor')
2026-10-03T08:20:31Z WARNING [1756/1870] 2f4ae043-37f5-4179-bf94-e0ec5c0a123c: leaving unrecorded for a later run to retry.
2026-10-03T08:20:31Z WARNING 2f4b9350-f9e6-48d6-86a4-7057940949c3: failed while reading the ElectricalSeries rates (AttributeError: module 'spikeinterface.extractors' has no attribute 'NwbRecordingExtractor')
2026-10-03T08:20:31Z WARNING [1757/1870] 2f4b9350-f9e6-48d6-86a4-7057940949c3: leaving unrecorded for a later run to retry.
2026-10-03T08:20:31Z WARNING 2f4db86c-6c5d-41ae-af6b-154ded83bdcd: failed while reading the ElectricalSeries rates (AttributeError: module 'spikeinterface.extractors' has no attribute 'NwbRecordingExtractor')
2026-10-03T08:20:31Z WARNING [1758/1870] 2f4db86c-6c5d-41ae-af6b-154ded83bdcd: leaving unrecorded for a later run to retry.
2026-10-03T08:20:31Z WARNING 2f4f25f4-e41c-49fd-be50-8012893ec3c2: failed while reading the ElectricalSeries rates (AttributeError: module 'spikeinterface.extractors' has no attribute 'NwbRecordingExtractor')
2026-10-03T08:20:31Z WARNING [1759/1870] 2f4f25f4-e41c-49fd-be50-8012893ec3c2: leaving unrecorded for a later run to retry.
2026-10-03T08:20:32Z WARNING 2f506bdd-82f8-41c8-a1e4-3ebc69288de9: failed while reading the ElectricalSeries rates (AttributeError: module 'spikeinterface.extractors' has no attribute 'NwbRecordingExtractor')
2026-10-03T08:20:32Z WARNING [1760/1870] 2f506bdd-82f8-41c8-a1e4-3ebc69288de9: leaving unrecorded for a later run to retry.
2026-10-03T08:20:32Z WARNING 2f508d4e-d3d2-4466-b6bc-61099fd6353c: failed while reading the ElectricalSeries rates (AttributeError: module 'spikeinterface.extractors' has no attribute 'NwbRecordingExtractor')
2026-10-03T08:20:32Z WARNING [1761/1870] 2f508d4e-d3d2-4466-b6bc-61099fd6353c: leaving unrecorded for a later run to retry.
2026-10-03T08:20:32Z WARNING 2f50ad5f-b0aa-40af-ad2f-3b634d6a9eda: failed while reading the ElectricalSeries rates (AttributeError: module 'spikeinterface.extractors' has no attribute 'NwbRecordingExtractor')
2026-10-03T08:20:32Z WARNING [1762/1870] 2f50ad5f-b0aa-40af-ad2f-3b634d6a9eda: leaving unrecorded for a later run to retry.
2026-10-03T08:20:32Z WARNING 2f50b2a6-dca0-456f-97a7-37dd9cfd0050: failed while reading the ElectricalSeries rates (AttributeError: module 'spikeinterface.extractors' has no attribute 'NwbRecordingExtractor')
2026-10-03T08:20:32Z WARNING [1763/1870] 2f50b2a6-dca0-456f-97a7-37dd9cfd0050: leaving unrecorded for a later run to retry.
2026-10-03T08:20:32Z WARNING 2f5145b0-2e1f-42b5-bf01-a17b1ee8ec7c: failed while reading the ElectricalSeries rates (AttributeError: module 'spikeinterface.extractors' has no attribute 'NwbRecordingExtractor')
2026-10-03T08:20:32Z WARNING [1764/1870] 2f5145b0-2e1f-42b5-bf01-a17b1ee8ec7c: leaving unrecorded for a later run to retry.
2026-10-03T08:20:33Z WARNING 2f517be1-e40b-4dde-a28e-a7c2fe200bad: failed while reading the ElectricalSeries rates (AttributeError: module 'spikeinterface.extractors' has no attribute 'NwbRecordingExtractor')
2026-10-03T08:20:33Z WARNING [1765/1870] 2f517be1-e40b-4dde-a28e-a7c2fe200bad: leaving unrecorded for a later run to retry.
2026-10-03T08:20:33Z WARNING 2f522ed8-6a29-4afd-a401-78b813164d75: failed while reading the ElectricalSeries rates (AttributeError: module 'spikeinterface.extractors' has no attribute 'NwbRecordingExtractor')
2026-10-03T08:20:33Z WARNING [1766/1870] 2f522ed8-6a29-4afd-a401-78b813164d75: leaving unrecorded for a later run to retry.
2026-10-03T08:20:33Z WARNING 2f52302e-542a-43e1-967d-5fbdc4a50cba: failed while reading the ElectricalSeries rates (AttributeError: module 'spikeinterface.extractors' has no attribute 'NwbRecordingExtractor')
2026-10-03T08:20:33Z WARNING [1767/1870] 2f52302e-542a-43e1-967d-5fbdc4a50cba: leaving unrecorded for a later run to retry.
2026-10-03T08:20:33Z WARNING 2f52747b-2875-4a83-bca2-6a24b4b07873: failed while reading the ElectricalSeries rates (AttributeError: module 'spikeinterface.extractors' has no attribute 'NwbRecordingExtractor')
2026-10-03T08:20:33Z WARNING [1768/1870] 2f52747b-2875-4a83-bca2-6a24b4b07873: leaving unrecorded for a later run to retry.
2026-10-03T08:20:33Z WARNING 2f52ec14-783f-4722-9460-88b4cc0dbbca: failed while reading the ElectricalSeries rates (AttributeError: module 'spikeinterface.extractors' has no attribute 'NwbRecordingExtractor')
2026-10-03T08:20:33Z WARNING [1769/1870] 2f52ec14-783f-4722-9460-88b4cc0dbbca: leaving unrecorded for a later run to retry.
2026-10-03T08:20:34Z WARNING 2f53bcc7-cfab-4c11-a116-ba5b4fb38184: failed while reading the ElectricalSeries rates (AttributeError: module 'spikeinterface.extractors' has no attribute 'NwbRecordingExtractor')
2026-10-03T08:20:34Z WARNING [1770/1870] 2f53bcc7-cfab-4c11-a116-ba5b4fb38184: leaving unrecorded for a later run to retry.
2026-10-03T08:20:34Z WARNING 2f546f45-43c1-4f23-9f1f-3713d1571d13: failed while reading the ElectricalSeries rates (AttributeError: module 'spikeinterface.extractors' has no attribute 'NwbRecordingExtractor')
2026-10-03T08:20:34Z WARNING [1771/1870] 2f546f45-43c1-4f23-9f1f-3713d1571d13: leaving unrecorded for a later run to retry.
2026-10-03T08:20:34Z WARNING 2f54f291-7ce6-424f-bb3e-7b0edccfc8f6: failed while reading the ElectricalSeries rates (AttributeError: module 'spikeinterface.extractors' has no attribute 'NwbRecordingExtractor')
2026-10-03T08:20:34Z WARNING [1772/1870] 2f54f291-7ce6-424f-bb3e-7b0edccfc8f6: leaving unrecorded for a later run to retry.
2026-10-03T08:20:34Z WARNING 2f552b89-84da-4b7e-96e3-12730a55ac69: failed while reading the ElectricalSeries rates (AttributeError: module 'spikeinterface.extractors' has no attribute 'NwbRecordingExtractor')
2026-10-03T08:20:34Z WARNING [1773/1870] 2f552b89-84da-4b7e-96e3-12730a55ac69: leaving unrecorded for a later run to retry.
2026-10-03T08:20:34Z WARNING 2f56eea3-745d-46cb-9c65-51df6e0ec81e: failed while reading the ElectricalSeries rates (AttributeError: module 'spikeinterface.extractors' has no attribute 'NwbRecordingExtractor')
2026-10-03T08:20:34Z WARNING [1774/1870] 2f56eea3-745d-46cb-9c65-51df6e0ec81e: leaving unrecorded for a later run to retry.
2026-10-03T08:20:35Z WARNING 2f56fa3a-bceb-4b0b-9bc9-1fb415a08a43: failed while reading the ElectricalSeries rates (AttributeError: module 'spikeinterface.extractors' has no attribute 'NwbRecordingExtractor')
2026-10-03T08:20:35Z WARNING [1775/1870] 2f56fa3a-bceb-4b0b-9bc9-1fb415a08a43: leaving unrecorded for a later run to retry.
2026-10-03T08:20:35Z WARNING 2f57d455-2cff-453f-9d31-ce8d427be8d3: failed while reading the ElectricalSeries rates (AttributeError: module 'spikeinterface.extractors' has no attribute 'NwbRecordingExtractor')
2026-10-03T08:20:35Z WARNING [1776/1870] 2f57d455-2cff-453f-9d31-ce8d427be8d3: leaving unrecorded for a later run to retry.
2026-10-03T08:20:35Z WARNING 2f5888f3-20fc-496c-9821-dc7897584404: failed while reading the ElectricalSeries rates (AttributeError: module 'spikeinterface.extractors' has no attribute 'NwbRecordingExtractor')
2026-10-03T08:20:35Z WARNING [1777/1870] 2f5888f3-20fc-496c-9821-dc7897584404: leaving unrecorded for a later run to retry.
2026-10-03T08:20:35Z WARNING 2f58e290-05f3-41a5-8f22-ca83cf6c1d54: failed while reading the ElectricalSeries rates (AttributeError: module 'spikeinterface.extractors' has no attribute 'NwbRecordingExtractor')
2026-10-03T08:20:35Z WARNING [1778/1870] 2f58e290-05f3-41a5-8f22-ca83cf6c1d54: leaving unrecorded for a later run to retry.
2026-10-03T08:20:36Z WARNING 2f5ac776-cada-43cf-9b27-8665fa497763: failed while reading the ElectricalSeries rates (AttributeError: module 'spikeinterface.extractors' has no attribute 'NwbRecordingExtractor')
2026-10-03T08:20:36Z WARNING [1779/1870] 2f5ac776-cada-43cf-9b27-8665fa497763: leaving unrecorded for a later run to retry.
2026-10-03T08:20:36Z WARNING 2f5d6166-bc2a-4f0b-8306-2822e49ec3a0: failed while reading the ElectricalSeries rates (AttributeError: module 'spikeinterface.extractors' has no attribute 'NwbRecordingExtractor')
2026-10-03T08:20:36Z WARNING [1780/1870] 2f5d6166-bc2a-4f0b-8306-2822e49ec3a0: leaving unrecorded for a later run to retry.
2026-10-03T08:20:36Z WARNING 2f5dafc7-d22d-40db-8193-d3ed24f1ff33: failed while reading the ElectricalSeries rates (AttributeError: module 'spikeinterface.extractors' has no attribute 'NwbRecordingExtractor')
2026-10-03T08:20:36Z WARNING [1781/1870] 2f5dafc7-d22d-40db-8193-d3ed24f1ff33: leaving unrecorded for a later run to retry.
2026-10-03T08:20:36Z WARNING 2f5dc5a3-31f4-4224-b742-3ba41b576803: failed while reading the ElectricalSeries rates (AttributeError: module 'spikeinterface.extractors' has no attribute 'NwbRecordingExtractor')
2026-10-03T08:20:36Z WARNING [1782/1870] 2f5dc5a3-31f4-4224-b742-3ba41b576803: leaving unrecorded for a later run to retry.
2026-10-03T08:20:36Z WARNING 2f5dd9d7-4d06-4562-b283-db520cf6c353: failed while reading the ElectricalSeries rates (AttributeError: module 'spikeinterface.extractors' has no attribute 'NwbRecordingExtractor')
2026-10-03T08:20:36Z WARNING [1783/1870] 2f5dd9d7-4d06-4562-b283-db520cf6c353: leaving unrecorded for a later run to retry.
2026-10-03T08:20:37Z WARNING 2f5ea876-3687-4908-b01c-815207b3e1a9: failed while reading the ElectricalSeries rates (AttributeError: module 'spikeinterface.extractors' has no attribute 'NwbRecordingExtractor')
2026-10-03T08:20:37Z WARNING [1784/1870] 2f5ea876-3687-4908-b01c-815207b3e1a9: leaving unrecorded for a later run to retry.
2026-10-03T08:20:37Z WARNING 2f5ead23-ed11-4481-8979-78af0e43b3d3: failed while reading the ElectricalSeries rates (AttributeError: module 'spikeinterface.extractors' has no attribute 'NwbRecordingExtractor')
2026-10-03T08:20:37Z WARNING [1785/1870] 2f5ead23-ed11-4481-8979-78af0e43b3d3: leaving unrecorded for a later run to retry.
2026-10-03T08:20:37Z WARNING 2f5edc0e-8c59-4b01-a5f6-7b24e8309e0b: failed while reading the ElectricalSeries rates (AttributeError: module 'spikeinterface.extractors' has no attribute 'NwbRecordingExtractor')
2026-10-03T08:20:37Z WARNING [1786/1870] 2f5edc0e-8c59-4b01-a5f6-7b24e8309e0b: leaving unrecorded for a later run to retry.
2026-10-03T08:20:37Z WARNING 2f5f03f8-9781-4ed5-8ffb-aba769c2f51b: failed while reading the ElectricalSeries rates (AttributeError: module 'spikeinterface.extractors' has no attribute 'NwbRecordingExtractor')
2026-10-03T08:20:37Z WARNING [1787/1870] 2f5f03f8-9781-4ed5-8ffb-aba769c2f51b: leaving unrecorded for a later run to retry.
2026-10-03T08:20:37Z WARNING 2f5f4714-bf20-409a-9244-c8b16a39dfaa: failed while reading the ElectricalSeries rates (AttributeError: module 'spikeinterface.extractors' has no attribute 'NwbRecordingExtractor')
2026-10-03T08:20:37Z WARNING [1788/1870] 2f5f4714-bf20-409a-9244-c8b16a39dfaa: leaving unrecorded for a later run to retry.
2026-10-03T08:20:38Z WARNING 2f604e8f-3cc0-498d-8421-d7161d4e45fa: failed while reading the ElectricalSeries rates (AttributeError: module 'spikeinterface.extractors' has no attribute 'NwbRecordingExtractor')
2026-10-03T08:20:38Z WARNING [1789/1870] 2f604e8f-3cc0-498d-8421-d7161d4e45fa: leaving unrecorded for a later run to retry.
2026-10-03T08:20:38Z WARNING 2f6080b0-2604-4ef9-b0ed-c0c964a03735: failed while reading the ElectricalSeries rates (AttributeError: module 'spikeinterface.extractors' has no attribute 'NwbRecordingExtractor')
2026-10-03T08:20:38Z WARNING [1790/1870] 2f6080b0-2604-4ef9-b0ed-c0c964a03735: leaving unrecorded for a later run to retry.
2026-10-03T08:20:38Z WARNING 2f60a392-097a-4150-8aaa-8a7d07f23734: failed while reading the ElectricalSeries rates (AttributeError: module 'spikeinterface.extractors' has no attribute 'NwbRecordingExtractor')
2026-10-03T08:20:38Z WARNING [1791/1870] 2f60a392-097a-4150-8aaa-8a7d07f23734: leaving unrecorded for a later run to retry.
2026-10-03T08:20:38Z WARNING 2f60b471-b26e-4464-84fc-75fd44d11794: failed while reading the ElectricalSeries rates (AttributeError: module 'spikeinterface.extractors' has no attribute 'NwbRecordingExtractor')
2026-10-03T08:20:38Z WARNING [1792/1870] 2f60b471-b26e-4464-84fc-75fd44d11794: leaving unrecorded for a later run to retry.
2026-10-03T08:20:38Z WARNING 2f60b944-4fa3-4394-9d8c-c7bb1e9a3624: failed while reading the ElectricalSeries rates (AttributeError: module 'spikeinterface.extractors' has no attribute 'NwbRecordingExtractor')
2026-10-03T08:20:38Z WARNING [1793/1870] 2f60b944-4fa3-4394-9d8c-c7bb1e9a3624: leaving unrecorded for a later run to retry.
2026-10-03T08:20:39Z WARNING 2f60fb0e-7456-4186-8e05-3c5ef186f31f: failed while reading the ElectricalSeries rates (AttributeError: module 'spikeinterface.extractors' has no attribute 'NwbRecordingExtractor')
2026-10-03T08:20:39Z WARNING [1794/1870] 2f60fb0e-7456-4186-8e05-3c5ef186f31f: leaving unrecorded for a later run to retry.
2026-10-03T08:20:39Z WARNING 2f61c227-fafd-4bef-9ed9-b1d8041498c9: failed while reading the ElectricalSeries rates (AttributeError: module 'spikeinterface.extractors' has no attribute 'NwbRecordingExtractor')
2026-10-03T08:20:39Z WARNING [1795/1870] 2f61c227-fafd-4bef-9ed9-b1d8041498c9: leaving unrecorded for a later run to retry.
2026-10-03T08:20:39Z WARNING 2f626ce3-7e1b-4108-afc4-7c2773ca972b: failed while reading the ElectricalSeries rates (AttributeError: module 'spikeinterface.extractors' has no attribute 'NwbRecordingExtractor')
2026-10-03T08:20:39Z WARNING [1796/1870] 2f626ce3-7e1b-4108-afc4-7c2773ca972b: leaving unrecorded for a later run to retry.
2026-10-03T08:20:39Z WARNING 2f639bfe-ea94-4f33-9854-79d294a57cc3: failed while reading the ElectricalSeries rates (AttributeError: module 'spikeinterface.extractors' has no attribute 'NwbRecordingExtractor')
2026-10-03T08:20:39Z WARNING [1797/1870] 2f639bfe-ea94-4f33-9854-79d294a57cc3: leaving unrecorded for a later run to retry.
2026-10-03T08:20:40Z WARNING 2f63c6fd-6f26-4b4c-8303-19491f5e46f3: failed while reading the ElectricalSeries rates (AttributeError: module 'spikeinterface.extractors' has no attribute 'NwbRecordingExtractor')
2026-10-03T08:20:40Z WARNING [1798/1870] 2f63c6fd-6f26-4b4c-8303-19491f5e46f3: leaving unrecorded for a later run to retry.
2026-10-03T08:20:40Z WARNING 2f648507-c96c-4afc-993c-84fb9d730f97: failed while reading the ElectricalSeries rates (AttributeError: module 'spikeinterface.extractors' has no attribute 'NwbRecordingExtractor')
2026-10-03T08:20:40Z WARNING [1799/1870] 2f648507-c96c-4afc-993c-84fb9d730f97: leaving unrecorded for a later run to retry.
2026-10-03T08:20:40Z WARNING 2f6507ec-7839-48c5-b6de-b5770fb04f8e: failed while reading the ElectricalSeries rates (AttributeError: module 'spikeinterface.extractors' has no attribute 'NwbRecordingExtractor')
2026-10-03T08:20:40Z WARNING [1800/1870] 2f6507ec-7839-48c5-b6de-b5770fb04f8e: leaving unrecorded for a later run to retry.
2026-10-03T08:20:40Z INFO [1800/1870] 2f6507ec-7839-48c5-b6de-b5770fb04f8e: checkpointed 60602 records.
2026-10-03T08:20:40Z WARNING 2f65b0ed-f05c-48e3-b2e3-e73716e5a6da: failed while reading the ElectricalSeries rates (AttributeError: module 'spikeinterface.extractors' has no attribute 'NwbRecordingExtractor')
2026-10-03T08:20:40Z WARNING [1801/1870] 2f65b0ed-f05c-48e3-b2e3-e73716e5a6da: leaving unrecorded for a later run to retry.
2026-10-03T08:20:40Z WARNING 2f65d2d8-f87f-4f9f-a3da-1eddaa8ee689: failed while reading the ElectricalSeries rates (AttributeError: module 'spikeinterface.extractors' has no attribute 'NwbRecordingExtractor')
2026-10-03T08:20:40Z WARNING [1802/1870] 2f65d2d8-f87f-4f9f-a3da-1eddaa8ee689: leaving unrecorded for a later run to retry.
2026-10-03T08:20:41Z WARNING 2f65e128-38f9-4e25-a3c8-05a3c14a2613: failed while reading the ElectricalSeries rates (AttributeError: module 'spikeinterface.extractors' has no attribute 'NwbRecordingExtractor')
2026-10-03T08:20:41Z WARNING [1803/1870] 2f65e128-38f9-4e25-a3c8-05a3c14a2613: leaving unrecorded for a later run to retry.
2026-10-03T08:20:41Z WARNING 2f65f371-9711-48b6-868a-48db55a94b83: failed while reading the ElectricalSeries rates (AttributeError: module 'spikeinterface.extractors' has no attribute 'NwbRecordingExtractor')
2026-10-03T08:20:41Z WARNING [1804/1870] 2f65f371-9711-48b6-868a-48db55a94b83: leaving unrecorded for a later run to retry.
2026-10-03T08:20:41Z WARNING 2f666b30-3d1e-4244-88e8-7bb22f8368d1: failed while reading the ElectricalSeries rates (AttributeError: module 'spikeinterface.extractors' has no attribute 'NwbRecordingExtractor')
2026-10-03T08:20:41Z WARNING [1805/1870] 2f666b30-3d1e-4244-88e8-7bb22f8368d1: leaving unrecorded for a later run to retry.
2026-10-03T08:20:41Z WARNING 2f66a25b-88ec-45e7-afdb-2394713b4184: failed while reading the ElectricalSeries rates (AttributeError: module 'spikeinterface.extractors' has no attribute 'NwbRecordingExtractor')
2026-10-03T08:20:41Z WARNING [1806/1870] 2f66a25b-88ec-45e7-afdb-2394713b4184: leaving unrecorded for a later run to retry.
2026-10-03T08:20:42Z WARNING 2f67bfcd-9a73-4743-9e53-ae099fd950cb: failed while reading the ElectricalSeries rates (AttributeError: module 'spikeinterface.extractors' has no attribute 'NwbRecordingExtractor')
2026-10-03T08:20:42Z WARNING [1807/1870] 2f67bfcd-9a73-4743-9e53-ae099fd950cb: leaving unrecorded for a later run to retry.
2026-10-03T08:20:42Z WARNING 2f67e413-47a7-42f0-983a-c14173f990f8: failed while reading the ElectricalSeries rates (AttributeError: module 'spikeinterface.extractors' has no attribute 'NwbRecordingExtractor')
2026-10-03T08:20:42Z WARNING [1808/1870] 2f67e413-47a7-42f0-983a-c14173f990f8: leaving unrecorded for a later run to retry.
2026-10-03T08:20:42Z WARNING 2f680d03-d06c-42eb-a2ee-5ffa7b73df1d: failed while reading the ElectricalSeries rates (AttributeError: module 'spikeinterface.extractors' has no attribute 'NwbRecordingExtractor')
2026-10-03T08:20:42Z WARNING [1809/1870] 2f680d03-d06c-42eb-a2ee-5ffa7b73df1d: leaving unrecorded for a later run to retry.
2026-10-03T08:20:42Z WARNING 2f686d7e-5c95-4d30-b452-9ef1b0dd8f66: failed while reading the ElectricalSeries rates (AttributeError: module 'spikeinterface.extractors' has no attribute 'NwbRecordingExtractor')
2026-10-03T08:20:42Z WARNING [1810/1870] 2f686d7e-5c95-4d30-b452-9ef1b0dd8f66: leaving unrecorded for a later run to retry.
2026-10-03T08:20:42Z WARNING 2f68ae90-0afa-4959-b03b-f46e582ebe52: failed while reading the ElectricalSeries rates (AttributeError: module 'spikeinterface.extractors' has no attribute 'NwbRecordingExtractor')
2026-10-03T08:20:42Z WARNING [1811/1870] 2f68ae90-0afa-4959-b03b-f46e582ebe52: leaving unrecorded for a later run to retry.
2026-10-03T08:20:43Z WARNING 2f68de4e-9790-4a79-a1b1-797677e0cb6c: failed while reading the ElectricalSeries rates (AttributeError: module 'spikeinterface.extractors' has no attribute 'NwbRecordingExtractor')
2026-10-03T08:20:43Z WARNING [1812/1870] 2f68de4e-9790-4a79-a1b1-797677e0cb6c: leaving unrecorded for a later run to retry.
2026-10-03T08:20:43Z WARNING 2f6961bc-8281-4a90-ba9c-a7fdb49f3f41: failed while reading the ElectricalSeries rates (AttributeError: module 'spikeinterface.extractors' has no attribute 'NwbRecordingExtractor')
2026-10-03T08:20:43Z WARNING [1813/1870] 2f6961bc-8281-4a90-ba9c-a7fdb49f3f41: leaving unrecorded for a later run to retry.
2026-10-03T08:20:43Z WARNING 2f698c2d-71ef-4773-b09e-56f6c26da48e: failed while reading the ElectricalSeries rates (AttributeError: module 'spikeinterface.extractors' has no attribute 'NwbRecordingExtractor')
2026-10-03T08:20:43Z WARNING [1814/1870] 2f698c2d-71ef-4773-b09e-56f6c26da48e: leaving unrecorded for a later run to retry.
2026-10-03T08:20:43Z WARNING 2f6a0b81-64bc-4d99-a97d-f83efe0a6b87: failed while reading the ElectricalSeries rates (AttributeError: module 'spikeinterface.extractors' has no attribute 'NwbRecordingExtractor')
2026-10-03T08:20:43Z WARNING [1815/1870] 2f6a0b81-64bc-4d99-a97d-f83efe0a6b87: leaving unrecorded for a later run to retry.
2026-10-03T08:20:43Z WARNING 2f6a2388-0509-4380-886a-649dc45fb01a: failed while reading the ElectricalSeries rates (AttributeError: module 'spikeinterface.extractors' has no attribute 'NwbRecordingExtractor')
2026-10-03T08:20:43Z WARNING [1816/1870] 2f6a2388-0509-4380-886a-649dc45fb01a: leaving unrecorded for a later run to retry.
2026-10-03T08:20:44Z WARNING 2f6a2ee7-dd13-4c79-b047-65ff385255b8: failed while reading the ElectricalSeries rates (AttributeError: module 'spikeinterface.extractors' has no attribute 'NwbRecordingExtractor')
2026-10-03T08:20:44Z WARNING [1817/1870] 2f6a2ee7-dd13-4c79-b047-65ff385255b8: leaving unrecorded for a later run to retry.
2026-10-03T08:20:44Z WARNING 2f6a76d5-6f39-4c68-8dfa-715d6d3945ef: failed while reading the ElectricalSeries rates (AttributeError: module 'spikeinterface.extractors' has no attribute 'NwbRecordingExtractor')
2026-10-03T08:20:44Z WARNING [1818/1870] 2f6a76d5-6f39-4c68-8dfa-715d6d3945ef: leaving unrecorded for a later run to retry.
2026-10-03T08:20:44Z WARNING 2f6a89f9-4389-40ae-89b9-f69d9e9ef373: failed while reading the ElectricalSeries rates (AttributeError: module 'spikeinterface.extractors' has no attribute 'NwbRecordingExtractor')
2026-10-03T08:20:44Z WARNING [1819/1870] 2f6a89f9-4389-40ae-89b9-f69d9e9ef373: leaving unrecorded for a later run to retry.
2026-10-03T08:20:44Z WARNING 2f6ac43a-8536-433e-93e7-18174c29c571: failed while reading the ElectricalSeries rates (AttributeError: module 'spikeinterface.extractors' has no attribute 'NwbRecordingExtractor')
2026-10-03T08:20:44Z WARNING [1820/1870] 2f6ac43a-8536-433e-93e7-18174c29c571: leaving unrecorded for a later run to retry.
2026-10-03T08:20:45Z WARNING 2f6ad8e1-f635-4343-bc35-6f2a3059cfa7: failed while reading the ElectricalSeries rates (AttributeError: module 'spikeinterface.extractors' has no attribute 'NwbRecordingExtractor')
2026-10-03T08:20:45Z WARNING [1821/1870] 2f6ad8e1-f635-4343-bc35-6f2a3059cfa7: leaving unrecorded for a later run to retry.
2026-10-03T08:20:45Z WARNING 2f6b7ef7-4f59-4b82-b040-d4d6f633a61e: failed while reading the ElectricalSeries rates (AttributeError: module 'spikeinterface.extractors' has no attribute 'NwbRecordingExtractor')
2026-10-03T08:20:45Z WARNING [1822/1870] 2f6b7ef7-4f59-4b82-b040-d4d6f633a61e: leaving unrecorded for a later run to retry.
2026-10-03T08:20:45Z WARNING 2f6bec2c-6758-468e-9624-07f2a6f24d95: failed while reading the ElectricalSeries rates (AttributeError: module 'spikeinterface.extractors' has no attribute 'NwbRecordingExtractor')
2026-10-03T08:20:45Z WARNING [1823/1870] 2f6bec2c-6758-468e-9624-07f2a6f24d95: leaving unrecorded for a later run to retry.
2026-10-03T08:20:45Z WARNING 2f6c63bb-a725-4dde-bebd-a187878ac111: failed while reading the ElectricalSeries rates (AttributeError: module 'spikeinterface.extractors' has no attribute 'NwbRecordingExtractor')
2026-10-03T08:20:45Z WARNING [1824/1870] 2f6c63bb-a725-4dde-bebd-a187878ac111: leaving unrecorded for a later run to retry.
2026-10-03T08:20:45Z WARNING 2f6c9905-87d2-4a46-8852-49b2f0f75d0f: failed while reading the ElectricalSeries rates (AttributeError: module 'spikeinterface.extractors' has no attribute 'NwbRecordingExtractor')
2026-10-03T08:20:45Z WARNING [1825/1870] 2f6c9905-87d2-4a46-8852-49b2f0f75d0f: leaving unrecorded for a later run to retry.
2026-10-03T08:20:46Z WARNING 2f6d8e13-4659-42d8-b0fd-dd62c531bdc2: failed while reading the ElectricalSeries rates (AttributeError: module 'spikeinterface.extractors' has no attribute 'NwbRecordingExtractor')
2026-10-03T08:20:46Z WARNING [1826/1870] 2f6d8e13-4659-42d8-b0fd-dd62c531bdc2: leaving unrecorded for a later run to retry.
2026-10-03T08:20:46Z WARNING 2f6dd27b-3bb7-4acd-9d3d-c8f2cc3ac2a8: failed while reading the ElectricalSeries rates (AttributeError: module 'spikeinterface.extractors' has no attribute 'NwbRecordingExtractor')
2026-10-03T08:20:46Z WARNING [1827/1870] 2f6dd27b-3bb7-4acd-9d3d-c8f2cc3ac2a8: leaving unrecorded for a later run to retry.
2026-10-03T08:20:46Z WARNING 2f6dfc9f-9084-49e2-a7bf-de0ea6d90954: failed while reading the ElectricalSeries rates (AttributeError: module 'spikeinterface.extractors' has no attribute 'NwbRecordingExtractor')
2026-10-03T08:20:46Z WARNING [1828/1870] 2f6dfc9f-9084-49e2-a7bf-de0ea6d90954: leaving unrecorded for a later run to retry.
2026-10-03T08:20:46Z WARNING 2f6e2052-c69e-4b63-8671-eacb55670c30: failed while reading the ElectricalSeries rates (AttributeError: module 'spikeinterface.extractors' has no attribute 'NwbRecordingExtractor')
2026-10-03T08:20:46Z WARNING [1829/1870] 2f6e2052-c69e-4b63-8671-eacb55670c30: leaving unrecorded for a later run to retry.
2026-10-03T08:20:46Z WARNING 2f6e635a-1c6d-43af-b941-a0a31d59f29e: failed while reading the ElectricalSeries rates (AttributeError: module 'spikeinterface.extractors' has no attribute 'NwbRecordingExtractor')
2026-10-03T08:20:46Z WARNING [1830/1870] 2f6e635a-1c6d-43af-b941-a0a31d59f29e: leaving unrecorded for a later run to retry.
2026-10-03T08:20:47Z WARNING 2f6ec102-f4bf-4d47-b713-c9af4c142429: failed while reading the ElectricalSeries rates (AttributeError: module 'spikeinterface.extractors' has no attribute 'NwbRecordingExtractor')
2026-10-03T08:20:47Z WARNING [1831/1870] 2f6ec102-f4bf-4d47-b713-c9af4c142429: leaving unrecorded for a later run to retry.
2026-10-03T08:20:47Z WARNING 2f70dc87-87f0-45b4-a744-05445ff54ca4: failed while reading the ElectricalSeries rates (AttributeError: module 'spikeinterface.extractors' has no attribute 'NwbRecordingExtractor')
2026-10-03T08:20:47Z WARNING [1832/1870] 2f70dc87-87f0-45b4-a744-05445ff54ca4: leaving unrecorded for a later run to retry.
2026-10-03T08:20:47Z WARNING 2f714f61-80c0-4d8a-b6aa-fa397a15664a: failed while reading the ElectricalSeries rates (AttributeError: module 'spikeinterface.extractors' has no attribute 'NwbRecordingExtractor')
2026-10-03T08:20:47Z WARNING [1833/1870] 2f714f61-80c0-4d8a-b6aa-fa397a15664a: leaving unrecorded for a later run to retry.
2026-10-03T08:20:47Z WARNING 2f71a7cc-2e83-4727-bb21-d302ddfdf9c2: failed while reading the ElectricalSeries rates (AttributeError: module 'spikeinterface.extractors' has no attribute 'NwbRecordingExtractor')
2026-10-03T08:20:47Z WARNING [1834/1870] 2f71a7cc-2e83-4727-bb21-d302ddfdf9c2: leaving unrecorded for a later run to retry.
2026-10-03T08:20:47Z WARNING 2f7250fe-1fd2-465e-b5bf-f2aabccecfff: failed while reading the ElectricalSeries rates (AttributeError: module 'spikeinterface.extractors' has no attribute 'NwbRecordingExtractor')
2026-10-03T08:20:47Z WARNING [1835/1870] 2f7250fe-1fd2-465e-b5bf-f2aabccecfff: leaving unrecorded for a later run to retry.
2026-10-03T08:20:48Z WARNING 2f728b44-038a-4251-aadb-4a75d580b614: failed while reading the ElectricalSeries rates (AttributeError: module 'spikeinterface.extractors' has no attribute 'NwbRecordingExtractor')
2026-10-03T08:20:48Z WARNING [1836/1870] 2f728b44-038a-4251-aadb-4a75d580b614: leaving unrecorded for a later run to retry.
2026-10-03T08:20:48Z WARNING 2f72fc05-08b1-4cb6-97ed-41ff12b86e78: failed while reading the ElectricalSeries rates (AttributeError: module 'spikeinterface.extractors' has no attribute 'NwbRecordingExtractor')
2026-10-03T08:20:48Z WARNING [1837/1870] 2f72fc05-08b1-4cb6-97ed-41ff12b86e78: leaving unrecorded for a later run to retry.
2026-10-03T08:20:48Z WARNING 2f735588-1f18-4f01-982d-c8a632ca4244: failed while reading the ElectricalSeries rates (AttributeError: module 'spikeinterface.extractors' has no attribute 'NwbRecordingExtractor')
2026-10-03T08:20:48Z WARNING [1838/1870] 2f735588-1f18-4f01-982d-c8a632ca4244: leaving unrecorded for a later run to retry.
2026-10-03T08:20:48Z WARNING 2f739173-c54d-46a7-a2a5-4b9871a21f7c: failed while reading the ElectricalSeries rates (AttributeError: module 'spikeinterface.extractors' has no attribute 'NwbRecordingExtractor')
2026-10-03T08:20:48Z WARNING [1839/1870] 2f739173-c54d-46a7-a2a5-4b9871a21f7c: leaving unrecorded for a later run to retry.
2026-10-03T08:20:49Z WARNING 2f749bc0-8103-4720-89d0-aa8cf3d9eab6: failed while reading the ElectricalSeries rates (AttributeError: module 'spikeinterface.extractors' has no attribute 'NwbRecordingExtractor')
2026-10-03T08:20:49Z WARNING [1840/1870] 2f749bc0-8103-4720-89d0-aa8cf3d9eab6: leaving unrecorded for a later run to retry.
2026-10-03T08:20:49Z WARNING 2f74e972-6ab7-4ea9-b744-f8af52767210: failed while reading the ElectricalSeries rates (AttributeError: module 'spikeinterface.extractors' has no attribute 'NwbRecordingExtractor')
2026-10-03T08:20:49Z WARNING [1841/1870] 2f74e972-6ab7-4ea9-b744-f8af52767210: leaving unrecorded for a later run to retry.
2026-10-03T08:20:49Z WARNING 2f763288-ed47-4a0f-b56e-7b62d5a78db7: failed while reading the ElectricalSeries rates (AttributeError: module 'spikeinterface.extractors' has no attribute 'NwbRecordingExtractor')
2026-10-03T08:20:49Z WARNING [1842/1870] 2f763288-ed47-4a0f-b56e-7b62d5a78db7: leaving unrecorded for a later run to retry.
2026-10-03T08:20:49Z WARNING 2f766420-0167-41e7-b019-9cd5bacaef95: failed while reading the ElectricalSeries rates (AttributeError: module 'spikeinterface.extractors' has no attribute 'NwbRecordingExtractor')
2026-10-03T08:20:49Z WARNING [1843/1870] 2f766420-0167-41e7-b019-9cd5bacaef95: leaving unrecorded for a later run to retry.
2026-10-03T08:20:49Z WARNING 2f775b9c-a40c-403b-b0f5-d901129d393a: failed while reading the ElectricalSeries rates (AttributeError: module 'spikeinterface.extractors' has no attribute 'NwbRecordingExtractor')
2026-10-03T08:20:49Z WARNING [1844/1870] 2f775b9c-a40c-403b-b0f5-d901129d393a: leaving unrecorded for a later run to retry.
2026-10-03T08:20:50Z WARNING 2f776771-36bb-4934-a5f8-0a48c62599c1: failed while reading the ElectricalSeries rates (AttributeError: module 'spikeinterface.extractors' has no attribute 'NwbRecordingExtractor')
2026-10-03T08:20:50Z WARNING [1845/1870] 2f776771-36bb-4934-a5f8-0a48c62599c1: leaving unrecorded for a later run to retry.
2026-10-03T08:20:50Z WARNING 2f779fa1-098b-49d4-a198-8b601d94cf7e: failed while reading the ElectricalSeries rates (AttributeError: module 'spikeinterface.extractors' has no attribute 'NwbRecordingExtractor')
2026-10-03T08:20:50Z WARNING [1846/1870] 2f779fa1-098b-49d4-a198-8b601d94cf7e: leaving unrecorded for a later run to retry.
2026-10-03T08:20:50Z WARNING 2f77c022-4377-4f15-a127-c68e2ae0d10a: failed while reading the ElectricalSeries rates (AttributeError: module 'spikeinterface.extractors' has no attribute 'NwbRecordingExtractor')
2026-10-03T08:20:50Z WARNING [1847/1870] 2f77c022-4377-4f15-a127-c68e2ae0d10a: leaving unrecorded for a later run to retry.
2026-10-03T08:20:50Z WARNING 2f79b51f-3e94-431c-a0ae-27c9aa2e4287: failed while reading the ElectricalSeries rates (AttributeError: module 'spikeinterface.extractors' has no attribute 'NwbRecordingExtractor')
2026-10-03T08:20:50Z WARNING [1848/1870] 2f79b51f-3e94-431c-a0ae-27c9aa2e4287: leaving unrecorded for a later run to retry.
2026-10-03T08:20:50Z WARNING 2f79fdce-a1f4-4b7c-9c45-3335f5a2af85: failed while reading the ElectricalSeries rates (AttributeError: module 'spikeinterface.extractors' has no attribute 'NwbRecordingExtractor')
2026-10-03T08:20:50Z WARNING [1849/1870] 2f79fdce-a1f4-4b7c-9c45-3335f5a2af85: leaving unrecorded for a later run to retry.
2026-10-03T08:20:51Z WARNING 2f7aaf88-0eb7-4a43-b346-7436bd7b63db: failed while reading the ElectricalSeries rates (AttributeError: module 'spikeinterface.extractors' has no attribute 'NwbRecordingExtractor')
2026-10-03T08:20:51Z WARNING [1850/1870] 2f7aaf88-0eb7-4a43-b346-7436bd7b63db: leaving unrecorded for a later run to retry.
2026-10-03T08:20:51Z INFO [1850/1870] 2f7aaf88-0eb7-4a43-b346-7436bd7b63db: checkpointed 60602 records.
2026-10-03T08:20:51Z WARNING 2f7affbe-4d89-474a-8d48-40c082d90110: failed while reading the ElectricalSeries rates (AttributeError: module 'spikeinterface.extractors' has no attribute 'NwbRecordingExtractor')
2026-10-03T08:20:51Z WARNING [1851/1870] 2f7affbe-4d89-474a-8d48-40c082d90110: leaving unrecorded for a later run to retry.
2026-10-03T08:20:51Z WARNING 2f7b690a-fab4-4f91-a866-9ae50e39214b: failed while reading the ElectricalSeries rates (AttributeError: module 'spikeinterface.extractors' has no attribute 'NwbRecordingExtractor')
2026-10-03T08:20:51Z WARNING [1852/1870] 2f7b690a-fab4-4f91-a866-9ae50e39214b: leaving unrecorded for a later run to retry.
2026-10-03T08:20:51Z WARNING 2f7b788b-77f1-48a7-a71f-af0a0c4bec24: failed while reading the ElectricalSeries rates (AttributeError: module 'spikeinterface.extractors' has no attribute 'NwbRecordingExtractor')
2026-10-03T08:20:51Z WARNING [1853/1870] 2f7b788b-77f1-48a7-a71f-af0a0c4bec24: leaving unrecorded for a later run to retry.
2026-10-03T08:20:52Z WARNING 2f7bab07-7c82-4ccc-ac2a-5765353ac243: failed while reading the ElectricalSeries rates (AttributeError: module 'spikeinterface.extractors' has no attribute 'NwbRecordingExtractor')
2026-10-03T08:20:52Z WARNING [1854/1870] 2f7bab07-7c82-4ccc-ac2a-5765353ac243: leaving unrecorded for a later run to retry.
2026-10-03T08:20:52Z WARNING 2f7c5524-deb5-4412-adbd-4dae87f81616: failed while reading the ElectricalSeries rates (AttributeError: module 'spikeinterface.extractors' has no attribute 'NwbRecordingExtractor')
2026-10-03T08:20:52Z WARNING [1855/1870] 2f7c5524-deb5-4412-adbd-4dae87f81616: leaving unrecorded for a later run to retry.
2026-10-03T08:20:52Z WARNING 2f7c6920-bb8f-45b4-97f6-244ad89e348c: failed while reading the ElectricalSeries rates (AttributeError: module 'spikeinterface.extractors' has no attribute 'NwbRecordingExtractor')
2026-10-03T08:20:52Z WARNING [1856/1870] 2f7c6920-bb8f-45b4-97f6-244ad89e348c: leaving unrecorded for a later run to retry.
2026-10-03T08:20:52Z WARNING 2f7ced24-6469-4e6d-a6f3-562708987d46: failed while reading the ElectricalSeries rates (AttributeError: module 'spikeinterface.extractors' has no attribute 'NwbRecordingExtractor')
2026-10-03T08:20:52Z WARNING [1857/1870] 2f7ced24-6469-4e6d-a6f3-562708987d46: leaving unrecorded for a later run to retry.
2026-10-03T08:20:52Z WARNING 2f7d9b01-1830-4964-84d9-9e22159ec015: failed while reading the ElectricalSeries rates (AttributeError: module 'spikeinterface.extractors' has no attribute 'NwbRecordingExtractor')
2026-10-03T08:20:52Z WARNING [1858/1870] 2f7d9b01-1830-4964-84d9-9e22159ec015: leaving unrecorded for a later run to retry.
2026-10-03T08:20:53Z WARNING 2f7feabf-d44e-4d01-9e43-814cbe3bc929: failed while reading the ElectricalSeries rates (AttributeError: module 'spikeinterface.extractors' has no attribute 'NwbRecordingExtractor')
2026-10-03T08:20:53Z WARNING [1859/1870] 2f7feabf-d44e-4d01-9e43-814cbe3bc929: leaving unrecorded for a later run to retry.
2026-10-03T08:20:53Z WARNING 2f806b20-aadf-4f81-b3e8-811fb028f137: failed while reading the ElectricalSeries rates (AttributeError: module 'spikeinterface.extractors' has no attribute 'NwbRecordingExtractor')
2026-10-03T08:20:53Z WARNING [1860/1870] 2f806b20-aadf-4f81-b3e8-811fb028f137: leaving unrecorded for a later run to retry.
2026-10-03T08:20:53Z WARNING 2f8105f7-ad14-4d77-a5c9-79759e21c17c: failed while reading the ElectricalSeries rates (AttributeError: module 'spikeinterface.extractors' has no attribute 'NwbRecordingExtractor')
2026-10-03T08:20:53Z WARNING [1861/1870] 2f8105f7-ad14-4d77-a5c9-79759e21c17c: leaving unrecorded for a later run to retry.
2026-10-03T08:20:53Z WARNING 2f817def-d0be-451a-b0b6-0e6a47ba44af: failed while reading the ElectricalSeries rates (AttributeError: module 'spikeinterface.extractors' has no attribute 'NwbRecordingExtractor')
2026-10-03T08:20:53Z WARNING [1862/1870] 2f817def-d0be-451a-b0b6-0e6a47ba44af: leaving unrecorded for a later run to retry.
2026-10-03T08:20:54Z WARNING 2f819ab8-aa3d-4b79-91dd-fd7572ec910c: failed while reading the ElectricalSeries rates (AttributeError: module 'spikeinterface.extractors' has no attribute 'NwbRecordingExtractor')
2026-10-03T08:20:54Z WARNING [1863/1870] 2f819ab8-aa3d-4b79-91dd-fd7572ec910c: leaving unrecorded for a later run to retry.
2026-10-03T08:20:54Z WARNING 2f82382d-be23-4d37-a70f-a9f4fadf53ce: failed while reading the ElectricalSeries rates (AttributeError: module 'spikeinterface.extractors' has no attribute 'NwbRecordingExtractor')
2026-10-03T08:20:54Z WARNING [1864/1870] 2f82382d-be23-4d37-a70f-a9f4fadf53ce: leaving unrecorded for a later run to retry.
2026-10-03T08:20:54Z WARNING 2f829c85-555b-449c-a715-79e61da5e062: failed while reading the ElectricalSeries rates (AttributeError: module 'spikeinterface.extractors' has no attribute 'NwbRecordingExtractor')
2026-10-03T08:20:54Z WARNING [1865/1870] 2f829c85-555b-449c-a715-79e61da5e062: leaving unrecorded for a later run to retry.
2026-10-03T08:20:54Z WARNING 2f8405bb-e072-42e1-b447-6ce2e5a2c8db: failed while reading the ElectricalSeries rates (AttributeError: module 'spikeinterface.extractors' has no attribute 'NwbRecordingExtractor')
2026-10-03T08:20:54Z WARNING [1866/1870] 2f8405bb-e072-42e1-b447-6ce2e5a2c8db: leaving unrecorded for a later run to retry.
2026-10-03T08:20:54Z WARNING 2f85d9e1-f59c-4536-834b-5185a8229501: failed while reading the ElectricalSeries rates (AttributeError: module 'spikeinterface.extractors' has no attribute 'NwbRecordingExtractor')
2026-10-03T08:20:54Z WARNING [1867/1870] 2f85d9e1-f59c-4536-834b-5185a8229501: leaving unrecorded for a later run to retry.
2026-10-03T08:20:55Z WARNING 2f85fcb7-2313-4fc6-83a7-36d66544fc3e: failed while reading the ElectricalSeries rates (AttributeError: module 'spikeinterface.extractors' has no attribute 'NwbRecordingExtractor')
2026-10-03T08:20:55Z WARNING [1868/1870] 2f85fcb7-2313-4fc6-83a7-36d66544fc3e: leaving unrecorded for a later run to retry.
2026-10-03T08:20:55Z WARNING 2f86302a-5664-4af3-8c4b-a3d04ccc7aff: failed while reading the ElectricalSeries rates (AttributeError: module 'spikeinterface.extractors' has no attribute 'NwbRecordingExtractor')
2026-10-03T08:20:55Z WARNING [1869/1870] 2f86302a-5664-4af3-8c4b-a3d04ccc7aff: leaving unrecorded for a later run to retry.
2026-10-03T08:20:55Z WARNING 2f865c0a-baa6-4b29-b834-2fac69f5f701: failed while reading the ElectricalSeries rates (AttributeError: module 'spikeinterface.extractors' has no attribute 'NwbRecordingExtractor')
2026-10-03T08:20:55Z WARNING [1870/1870] 2f865c0a-baa6-4b29-b834-2fac69f5f701: leaving unrecorded for a later run to retry.
2026-10-03T08:20:55Z INFO Wrote 60602 records to /tmp/derivatives/qualifying_lfp_content_ids.jsonl (0 new, 1870 failed) in 6.9 min (peak memory 217 MiB).
