2026-10-04T15:25:10Z INFO Logging to /tmp/logs/update_2026-10-04T15-25-10Z.log.
2026-10-04T15:25:10Z INFO Update qualifying-lfp-content-ids (base directory /tmp).
2026-10-04T15:25:11Z INFO Processing 1807 items (60602 already recorded).
2026-10-04T15:25:11Z WARNING 3ecdb92b-8817-4b53-8ac6-878237068a25: failed while reading the ElectricalSeries rates (AttributeError: module 'spikeinterface.extractors' has no attribute 'NwbRecordingExtractor')
2026-10-04T15:25:11Z WARNING [1/1807] 3ecdb92b-8817-4b53-8ac6-878237068a25: leaving unrecorded for a later run to retry.
2026-10-04T15:25:11Z WARNING 3ece77e2-015f-4327-8380-3a4e1172fb78: failed while reading the ElectricalSeries rates (AttributeError: module 'spikeinterface.extractors' has no attribute 'NwbRecordingExtractor')
2026-10-04T15:25:11Z WARNING [2/1807] 3ece77e2-015f-4327-8380-3a4e1172fb78: leaving unrecorded for a later run to retry.
2026-10-04T15:25:12Z WARNING 3eceda2a-a7b3-43ba-94b4-87599f7b776d: failed while reading the ElectricalSeries rates (AttributeError: module 'spikeinterface.extractors' has no attribute 'NwbRecordingExtractor')
2026-10-04T15:25:12Z WARNING [3/1807] 3eceda2a-a7b3-43ba-94b4-87599f7b776d: leaving unrecorded for a later run to retry.
2026-10-04T15:25:12Z WARNING 3ed009d6-6d4a-4f41-ac44-18717fb08911: failed while reading the ElectricalSeries rates (AttributeError: module 'spikeinterface.extractors' has no attribute 'NwbRecordingExtractor')
2026-10-04T15:25:12Z WARNING [4/1807] 3ed009d6-6d4a-4f41-ac44-18717fb08911: leaving unrecorded for a later run to retry.
2026-10-04T15:25:12Z WARNING 3ed041ca-2b06-4764-92cd-4bc53855e7ed: failed while reading the ElectricalSeries rates (AttributeError: module 'spikeinterface.extractors' has no attribute 'NwbRecordingExtractor')
2026-10-04T15:25:12Z WARNING [5/1807] 3ed041ca-2b06-4764-92cd-4bc53855e7ed: leaving unrecorded for a later run to retry.
2026-10-04T15:25:12Z WARNING 3ed09cf0-34e1-4053-9d0f-023bf4722a5e: failed while reading the ElectricalSeries rates (AttributeError: module 'spikeinterface.extractors' has no attribute 'NwbRecordingExtractor')
2026-10-04T15:25:12Z WARNING [6/1807] 3ed09cf0-34e1-4053-9d0f-023bf4722a5e: leaving unrecorded for a later run to retry.
2026-10-04T15:25:12Z WARNING 3ed127ff-601c-4114-b0ab-f46151a4fcea: failed while reading the ElectricalSeries rates (AttributeError: module 'spikeinterface.extractors' has no attribute 'NwbRecordingExtractor')
2026-10-04T15:25:12Z WARNING [7/1807] 3ed127ff-601c-4114-b0ab-f46151a4fcea: leaving unrecorded for a later run to retry.
2026-10-04T15:25:13Z WARNING 3ed14291-3cc8-4498-822d-7a828a843904: failed while reading the ElectricalSeries rates (AttributeError: module 'spikeinterface.extractors' has no attribute 'NwbRecordingExtractor')
2026-10-04T15:25:13Z WARNING [8/1807] 3ed14291-3cc8-4498-822d-7a828a843904: leaving unrecorded for a later run to retry.
2026-10-04T15:25:13Z WARNING 3ed17d1f-8777-4982-9fea-7716d8555319: failed while reading the ElectricalSeries rates (AttributeError: module 'spikeinterface.extractors' has no attribute 'NwbRecordingExtractor')
2026-10-04T15:25:13Z WARNING [9/1807] 3ed17d1f-8777-4982-9fea-7716d8555319: leaving unrecorded for a later run to retry.
2026-10-04T15:25:13Z WARNING 3ed2ad39-8f02-4dba-af95-cb25ce62cd54: failed while reading the ElectricalSeries rates (AttributeError: module 'spikeinterface.extractors' has no attribute 'NwbRecordingExtractor')
2026-10-04T15:25:13Z WARNING [10/1807] 3ed2ad39-8f02-4dba-af95-cb25ce62cd54: leaving unrecorded for a later run to retry.
2026-10-04T15:25:13Z WARNING 3ed2ca98-6545-4626-b4a2-3d2e1ec18856: failed while reading the ElectricalSeries rates (AttributeError: module 'spikeinterface.extractors' has no attribute 'NwbRecordingExtractor')
2026-10-04T15:25:13Z WARNING [11/1807] 3ed2ca98-6545-4626-b4a2-3d2e1ec18856: leaving unrecorded for a later run to retry.
2026-10-04T15:25:13Z WARNING 3ed321b3-307f-458e-9591-4d1ea0165e8d: failed while reading the ElectricalSeries rates (AttributeError: module 'spikeinterface.extractors' has no attribute 'NwbRecordingExtractor')
2026-10-04T15:25:13Z WARNING [12/1807] 3ed321b3-307f-458e-9591-4d1ea0165e8d: leaving unrecorded for a later run to retry.
2026-10-04T15:25:13Z WARNING 3ed34ea3-22f0-499a-b0c1-d01162c4f862: failed while reading the ElectricalSeries rates (AttributeError: module 'spikeinterface.extractors' has no attribute 'NwbRecordingExtractor')
2026-10-04T15:25:13Z WARNING [13/1807] 3ed34ea3-22f0-499a-b0c1-d01162c4f862: leaving unrecorded for a later run to retry.
2026-10-04T15:25:14Z WARNING 3ed512e2-ab18-42fc-b23c-d043cff75591: failed while reading the ElectricalSeries rates (AttributeError: module 'spikeinterface.extractors' has no attribute 'NwbRecordingExtractor')
2026-10-04T15:25:14Z WARNING [14/1807] 3ed512e2-ab18-42fc-b23c-d043cff75591: leaving unrecorded for a later run to retry.
2026-10-04T15:25:14Z WARNING 3ed51d89-095e-4daa-84c7-fb6f12998357: failed while reading the ElectricalSeries rates (AttributeError: module 'spikeinterface.extractors' has no attribute 'NwbRecordingExtractor')
2026-10-04T15:25:14Z WARNING [15/1807] 3ed51d89-095e-4daa-84c7-fb6f12998357: leaving unrecorded for a later run to retry.
2026-10-04T15:25:14Z WARNING 3ed6da26-7462-47b4-8f63-81244f4502e3: failed while reading the ElectricalSeries rates (AttributeError: module 'spikeinterface.extractors' has no attribute 'NwbRecordingExtractor')
2026-10-04T15:25:14Z WARNING [16/1807] 3ed6da26-7462-47b4-8f63-81244f4502e3: leaving unrecorded for a later run to retry.
2026-10-04T15:25:14Z WARNING 3ed6f14f-0758-4213-b992-da48eff73e90: failed while reading the ElectricalSeries rates (AttributeError: module 'spikeinterface.extractors' has no attribute 'NwbRecordingExtractor')
2026-10-04T15:25:14Z WARNING [17/1807] 3ed6f14f-0758-4213-b992-da48eff73e90: leaving unrecorded for a later run to retry.
2026-10-04T15:25:14Z WARNING 3ed737a8-9790-4be9-9779-9a99402fa020: failed while reading the ElectricalSeries rates (AttributeError: module 'spikeinterface.extractors' has no attribute 'NwbRecordingExtractor')
2026-10-04T15:25:14Z WARNING [18/1807] 3ed737a8-9790-4be9-9779-9a99402fa020: leaving unrecorded for a later run to retry.
2026-10-04T15:25:15Z WARNING 3ed7d26e-adae-40af-8105-f9f0c3491bcd: failed while reading the ElectricalSeries rates (AttributeError: module 'spikeinterface.extractors' has no attribute 'NwbRecordingExtractor')
2026-10-04T15:25:15Z WARNING [19/1807] 3ed7d26e-adae-40af-8105-f9f0c3491bcd: leaving unrecorded for a later run to retry.
2026-10-04T15:25:15Z WARNING 3ed7fd6f-5cfc-4860-bf16-633e3202789f: failed while reading the ElectricalSeries rates (AttributeError: module 'spikeinterface.extractors' has no attribute 'NwbRecordingExtractor')
2026-10-04T15:25:15Z WARNING [20/1807] 3ed7fd6f-5cfc-4860-bf16-633e3202789f: leaving unrecorded for a later run to retry.
2026-10-04T15:25:15Z WARNING 3ed85468-c020-4c48-821d-5794c990f06c: failed while reading the ElectricalSeries rates (AttributeError: module 'spikeinterface.extractors' has no attribute 'NwbRecordingExtractor')
2026-10-04T15:25:15Z WARNING [21/1807] 3ed85468-c020-4c48-821d-5794c990f06c: leaving unrecorded for a later run to retry.
2026-10-04T15:25:15Z WARNING 3ed8d05e-98fc-4c39-9567-e2f38c4f6932: failed while reading the ElectricalSeries rates (AttributeError: module 'spikeinterface.extractors' has no attribute 'NwbRecordingExtractor')
2026-10-04T15:25:15Z WARNING [22/1807] 3ed8d05e-98fc-4c39-9567-e2f38c4f6932: leaving unrecorded for a later run to retry.
2026-10-04T15:25:15Z WARNING 3ed97390-5795-41df-8ee7-e76d5a174569: failed while reading the ElectricalSeries rates (AttributeError: module 'spikeinterface.extractors' has no attribute 'NwbRecordingExtractor')
2026-10-04T15:25:15Z WARNING [23/1807] 3ed97390-5795-41df-8ee7-e76d5a174569: leaving unrecorded for a later run to retry.
2026-10-04T15:25:16Z WARNING 3edb0e9b-5f8c-411e-86ab-cf6d6763d70c: failed while reading the ElectricalSeries rates (AttributeError: module 'spikeinterface.extractors' has no attribute 'NwbRecordingExtractor')
2026-10-04T15:25:16Z WARNING [24/1807] 3edb0e9b-5f8c-411e-86ab-cf6d6763d70c: leaving unrecorded for a later run to retry.
2026-10-04T15:25:16Z WARNING 3edba4e5-51b5-48df-bed0-242287ed002c: failed while reading the ElectricalSeries rates (AttributeError: module 'spikeinterface.extractors' has no attribute 'NwbRecordingExtractor')
2026-10-04T15:25:16Z WARNING [25/1807] 3edba4e5-51b5-48df-bed0-242287ed002c: leaving unrecorded for a later run to retry.
2026-10-04T15:25:16Z WARNING 3edda483-24ba-4c66-84a4-57da5d6fe442: failed while reading the ElectricalSeries rates (AttributeError: module 'spikeinterface.extractors' has no attribute 'NwbRecordingExtractor')
2026-10-04T15:25:16Z WARNING [26/1807] 3edda483-24ba-4c66-84a4-57da5d6fe442: leaving unrecorded for a later run to retry.
2026-10-04T15:25:16Z WARNING 3edde9bc-1d0e-4c8a-8b43-3908f73da11d: failed while reading the ElectricalSeries rates (AttributeError: module 'spikeinterface.extractors' has no attribute 'NwbRecordingExtractor')
2026-10-04T15:25:16Z WARNING [27/1807] 3edde9bc-1d0e-4c8a-8b43-3908f73da11d: leaving unrecorded for a later run to retry.
2026-10-04T15:25:16Z WARNING 3ede5ce6-eb0f-401f-8207-765fab6d01a5: failed while reading the ElectricalSeries rates (AttributeError: module 'spikeinterface.extractors' has no attribute 'NwbRecordingExtractor')
2026-10-04T15:25:16Z WARNING [28/1807] 3ede5ce6-eb0f-401f-8207-765fab6d01a5: leaving unrecorded for a later run to retry.
2026-10-04T15:25:16Z WARNING 3edebd4f-18d3-4a40-8680-87ca38844cec: failed while reading the ElectricalSeries rates (AttributeError: module 'spikeinterface.extractors' has no attribute 'NwbRecordingExtractor')
2026-10-04T15:25:16Z WARNING [29/1807] 3edebd4f-18d3-4a40-8680-87ca38844cec: leaving unrecorded for a later run to retry.
2026-10-04T15:25:17Z WARNING 3edfa6a2-b90b-4e2e-ad3d-2db674dd2ecb: failed while reading the ElectricalSeries rates (AttributeError: module 'spikeinterface.extractors' has no attribute 'NwbRecordingExtractor')
2026-10-04T15:25:17Z WARNING [30/1807] 3edfa6a2-b90b-4e2e-ad3d-2db674dd2ecb: leaving unrecorded for a later run to retry.
2026-10-04T15:25:17Z WARNING 3ee1c0ff-196e-472d-bbca-08da1ce57666: failed while reading the ElectricalSeries rates (AttributeError: module 'spikeinterface.extractors' has no attribute 'NwbRecordingExtractor')
2026-10-04T15:25:17Z WARNING [31/1807] 3ee1c0ff-196e-472d-bbca-08da1ce57666: leaving unrecorded for a later run to retry.
2026-10-04T15:25:17Z WARNING 3ee1e2c3-1c35-4301-acfb-9349792cb8e9: failed while reading the ElectricalSeries rates (AttributeError: module 'spikeinterface.extractors' has no attribute 'NwbRecordingExtractor')
2026-10-04T15:25:17Z WARNING [32/1807] 3ee1e2c3-1c35-4301-acfb-9349792cb8e9: leaving unrecorded for a later run to retry.
2026-10-04T15:25:17Z WARNING 3ee1f190-c9cf-48f2-aa1b-c243258902d8: failed while reading the ElectricalSeries rates (AttributeError: module 'spikeinterface.extractors' has no attribute 'NwbRecordingExtractor')
2026-10-04T15:25:17Z WARNING [33/1807] 3ee1f190-c9cf-48f2-aa1b-c243258902d8: leaving unrecorded for a later run to retry.
2026-10-04T15:25:17Z WARNING 3ee235a4-7554-4cff-b9d8-2aaf3fec4b1e: failed while reading the ElectricalSeries rates (AttributeError: module 'spikeinterface.extractors' has no attribute 'NwbRecordingExtractor')
2026-10-04T15:25:17Z WARNING [34/1807] 3ee235a4-7554-4cff-b9d8-2aaf3fec4b1e: leaving unrecorded for a later run to retry.
2026-10-04T15:25:18Z WARNING 3ee2e4d0-d3ab-4c71-87a9-7f3be48cf7c1: failed while reading the ElectricalSeries rates (AttributeError: module 'spikeinterface.extractors' has no attribute 'NwbRecordingExtractor')
2026-10-04T15:25:18Z WARNING [35/1807] 3ee2e4d0-d3ab-4c71-87a9-7f3be48cf7c1: leaving unrecorded for a later run to retry.
2026-10-04T15:25:18Z WARNING 3ee31228-fda0-4d58-9322-7c38b720fa11: failed while reading the ElectricalSeries rates (AttributeError: module 'spikeinterface.extractors' has no attribute 'NwbRecordingExtractor')
2026-10-04T15:25:18Z WARNING [36/1807] 3ee31228-fda0-4d58-9322-7c38b720fa11: leaving unrecorded for a later run to retry.
2026-10-04T15:25:18Z WARNING 3ee372cd-5d0c-4c7c-8d7f-4db3fb208e0a: failed while reading the ElectricalSeries rates (AttributeError: module 'spikeinterface.extractors' has no attribute 'NwbRecordingExtractor')
2026-10-04T15:25:18Z WARNING [37/1807] 3ee372cd-5d0c-4c7c-8d7f-4db3fb208e0a: leaving unrecorded for a later run to retry.
2026-10-04T15:25:18Z WARNING 3ee3ef56-dc04-4ec1-959f-fa46257cd607: failed while reading the ElectricalSeries rates (AttributeError: module 'spikeinterface.extractors' has no attribute 'NwbRecordingExtractor')
2026-10-04T15:25:18Z WARNING [38/1807] 3ee3ef56-dc04-4ec1-959f-fa46257cd607: leaving unrecorded for a later run to retry.
2026-10-04T15:25:18Z WARNING 3ee42317-767d-4135-844a-96a8ec7ad56b: failed while reading the ElectricalSeries rates (AttributeError: module 'spikeinterface.extractors' has no attribute 'NwbRecordingExtractor')
2026-10-04T15:25:18Z WARNING [39/1807] 3ee42317-767d-4135-844a-96a8ec7ad56b: leaving unrecorded for a later run to retry.
2026-10-04T15:25:18Z WARNING 3ee435c5-4c98-4631-8ecb-ad09cf01fba4: failed while reading the ElectricalSeries rates (AttributeError: module 'spikeinterface.extractors' has no attribute 'NwbRecordingExtractor')
2026-10-04T15:25:18Z WARNING [40/1807] 3ee435c5-4c98-4631-8ecb-ad09cf01fba4: leaving unrecorded for a later run to retry.
2026-10-04T15:25:19Z WARNING 3ee443cf-f41c-4fb0-a5c4-875f937dcecb: failed while reading the ElectricalSeries rates (AttributeError: module 'spikeinterface.extractors' has no attribute 'NwbRecordingExtractor')
2026-10-04T15:25:19Z WARNING [41/1807] 3ee443cf-f41c-4fb0-a5c4-875f937dcecb: leaving unrecorded for a later run to retry.
2026-10-04T15:25:19Z WARNING 3ee5119b-ca06-49c9-9bd6-3461a43ec130: failed while reading the ElectricalSeries rates (AttributeError: module 'spikeinterface.extractors' has no attribute 'NwbRecordingExtractor')
2026-10-04T15:25:19Z WARNING [42/1807] 3ee5119b-ca06-49c9-9bd6-3461a43ec130: leaving unrecorded for a later run to retry.
2026-10-04T15:25:19Z WARNING 3ee65e1c-4927-47ee-8a84-ae11f8704491: failed while reading the ElectricalSeries rates (AttributeError: module 'spikeinterface.extractors' has no attribute 'NwbRecordingExtractor')
2026-10-04T15:25:19Z WARNING [43/1807] 3ee65e1c-4927-47ee-8a84-ae11f8704491: leaving unrecorded for a later run to retry.
2026-10-04T15:25:19Z WARNING 3ee6d13e-63d9-4aca-8dd8-6105110ad0c3: failed while reading the ElectricalSeries rates (AttributeError: module 'spikeinterface.extractors' has no attribute 'NwbRecordingExtractor')
2026-10-04T15:25:19Z WARNING [44/1807] 3ee6d13e-63d9-4aca-8dd8-6105110ad0c3: leaving unrecorded for a later run to retry.
2026-10-04T15:25:19Z WARNING 3ee79f93-7ae3-437f-aa23-0c77ae6f7631: failed while reading the ElectricalSeries rates (AttributeError: module 'spikeinterface.extractors' has no attribute 'NwbRecordingExtractor')
2026-10-04T15:25:19Z WARNING [45/1807] 3ee79f93-7ae3-437f-aa23-0c77ae6f7631: leaving unrecorded for a later run to retry.
2026-10-04T15:25:20Z WARNING 3ee809c4-e620-43f3-9032-553499afec23: failed while reading the ElectricalSeries rates (AttributeError: module 'spikeinterface.extractors' has no attribute 'NwbRecordingExtractor')
2026-10-04T15:25:20Z WARNING [46/1807] 3ee809c4-e620-43f3-9032-553499afec23: leaving unrecorded for a later run to retry.
2026-10-04T15:25:20Z WARNING 3ee854b0-fc29-4582-8109-e15b94e8420e: failed while reading the ElectricalSeries rates (AttributeError: module 'spikeinterface.extractors' has no attribute 'NwbRecordingExtractor')
2026-10-04T15:25:20Z WARNING [47/1807] 3ee854b0-fc29-4582-8109-e15b94e8420e: leaving unrecorded for a later run to retry.
2026-10-04T15:25:20Z WARNING 3ee87796-2094-4d9e-b70e-5d49c9e81e21: failed while reading the ElectricalSeries rates (AttributeError: module 'spikeinterface.extractors' has no attribute 'NwbRecordingExtractor')
2026-10-04T15:25:20Z WARNING [48/1807] 3ee87796-2094-4d9e-b70e-5d49c9e81e21: leaving unrecorded for a later run to retry.
2026-10-04T15:25:20Z WARNING 3ee9c6e9-8053-42eb-b9b9-d39648103c0a: failed while reading the ElectricalSeries rates (AttributeError: module 'spikeinterface.extractors' has no attribute 'NwbRecordingExtractor')
2026-10-04T15:25:20Z WARNING [49/1807] 3ee9c6e9-8053-42eb-b9b9-d39648103c0a: leaving unrecorded for a later run to retry.
2026-10-04T15:25:20Z WARNING 3eea83df-56a4-49a0-9d0d-6df717545716: failed while reading the ElectricalSeries rates (AttributeError: module 'spikeinterface.extractors' has no attribute 'NwbRecordingExtractor')
2026-10-04T15:25:20Z WARNING [50/1807] 3eea83df-56a4-49a0-9d0d-6df717545716: leaving unrecorded for a later run to retry.
2026-10-04T15:25:20Z INFO [50/1807] 3eea83df-56a4-49a0-9d0d-6df717545716: checkpointed 60602 records.
2026-10-04T15:25:20Z WARNING 3eeabd5c-face-4eaf-8968-f6dbbf321e88: failed while reading the ElectricalSeries rates (AttributeError: module 'spikeinterface.extractors' has no attribute 'NwbRecordingExtractor')
2026-10-04T15:25:20Z WARNING [51/1807] 3eeabd5c-face-4eaf-8968-f6dbbf321e88: leaving unrecorded for a later run to retry.
2026-10-04T15:25:21Z WARNING 3eeae5c0-9b63-42db-a96b-b59b0b2c5c02: failed while reading the ElectricalSeries rates (AttributeError: module 'spikeinterface.extractors' has no attribute 'NwbRecordingExtractor')
2026-10-04T15:25:21Z WARNING [52/1807] 3eeae5c0-9b63-42db-a96b-b59b0b2c5c02: leaving unrecorded for a later run to retry.
2026-10-04T15:25:21Z WARNING 3eeaf84f-5312-4b37-b8fa-5a44808bc67f: failed while reading the ElectricalSeries rates (AttributeError: module 'spikeinterface.extractors' has no attribute 'NwbRecordingExtractor')
2026-10-04T15:25:21Z WARNING [53/1807] 3eeaf84f-5312-4b37-b8fa-5a44808bc67f: leaving unrecorded for a later run to retry.
2026-10-04T15:25:21Z WARNING 3eeb1b36-30a4-4d09-8398-bb9ba11772a4: failed while reading the ElectricalSeries rates (AttributeError: module 'spikeinterface.extractors' has no attribute 'NwbRecordingExtractor')
2026-10-04T15:25:21Z WARNING [54/1807] 3eeb1b36-30a4-4d09-8398-bb9ba11772a4: leaving unrecorded for a later run to retry.
2026-10-04T15:25:21Z WARNING 3eeb3025-62bc-4d5e-9be9-29e3d3e4e57c: failed while reading the ElectricalSeries rates (AttributeError: module 'spikeinterface.extractors' has no attribute 'NwbRecordingExtractor')
2026-10-04T15:25:21Z WARNING [55/1807] 3eeb3025-62bc-4d5e-9be9-29e3d3e4e57c: leaving unrecorded for a later run to retry.
2026-10-04T15:25:21Z WARNING 3eeb4087-03e0-4628-bf25-2a9ebb802e14: failed while reading the ElectricalSeries rates (AttributeError: module 'spikeinterface.extractors' has no attribute 'NwbRecordingExtractor')
2026-10-04T15:25:21Z WARNING [56/1807] 3eeb4087-03e0-4628-bf25-2a9ebb802e14: leaving unrecorded for a later run to retry.
2026-10-04T15:25:21Z WARNING 3eec5b40-1299-4b31-bb79-9295a147f6d4: failed while reading the ElectricalSeries rates (AttributeError: module 'spikeinterface.extractors' has no attribute 'NwbRecordingExtractor')
2026-10-04T15:25:21Z WARNING [57/1807] 3eec5b40-1299-4b31-bb79-9295a147f6d4: leaving unrecorded for a later run to retry.
2026-10-04T15:25:22Z WARNING 3eecbcb9-2559-4468-bcdb-13221509108b: failed while reading the ElectricalSeries rates (AttributeError: module 'spikeinterface.extractors' has no attribute 'NwbRecordingExtractor')
2026-10-04T15:25:22Z WARNING [58/1807] 3eecbcb9-2559-4468-bcdb-13221509108b: leaving unrecorded for a later run to retry.
2026-10-04T15:25:22Z WARNING 3eef37a7-de37-482e-a914-158ad5e11e7f: failed while reading the ElectricalSeries rates (AttributeError: module 'spikeinterface.extractors' has no attribute 'NwbRecordingExtractor')
2026-10-04T15:25:22Z WARNING [59/1807] 3eef37a7-de37-482e-a914-158ad5e11e7f: leaving unrecorded for a later run to retry.
2026-10-04T15:25:22Z WARNING 3eef9a84-db15-4826-965f-65d2a9bdc7d5: failed while reading the ElectricalSeries rates (AttributeError: module 'spikeinterface.extractors' has no attribute 'NwbRecordingExtractor')
2026-10-04T15:25:22Z WARNING [60/1807] 3eef9a84-db15-4826-965f-65d2a9bdc7d5: leaving unrecorded for a later run to retry.
2026-10-04T15:25:22Z WARNING 3eefddf6-4237-4e94-83d9-fc27ee0c5048: failed while reading the ElectricalSeries rates (AttributeError: module 'spikeinterface.extractors' has no attribute 'NwbRecordingExtractor')
2026-10-04T15:25:22Z WARNING [61/1807] 3eefddf6-4237-4e94-83d9-fc27ee0c5048: leaving unrecorded for a later run to retry.
2026-10-04T15:25:22Z WARNING 3ef03c9e-7c7e-4850-970f-125e0c914785: failed while reading the ElectricalSeries rates (AttributeError: module 'spikeinterface.extractors' has no attribute 'NwbRecordingExtractor')
2026-10-04T15:25:22Z WARNING [62/1807] 3ef03c9e-7c7e-4850-970f-125e0c914785: leaving unrecorded for a later run to retry.
2026-10-04T15:25:22Z WARNING 3ef11c01-cc44-4700-8c2e-2b4af8c2b7c8: failed while reading the ElectricalSeries rates (AttributeError: module 'spikeinterface.extractors' has no attribute 'NwbRecordingExtractor')
2026-10-04T15:25:22Z WARNING [63/1807] 3ef11c01-cc44-4700-8c2e-2b4af8c2b7c8: leaving unrecorded for a later run to retry.
2026-10-04T15:25:23Z WARNING 3ef1bae1-d239-488f-b1ad-dff2cf1778d0: failed while reading the ElectricalSeries rates (AttributeError: module 'spikeinterface.extractors' has no attribute 'NwbRecordingExtractor')
2026-10-04T15:25:23Z WARNING [64/1807] 3ef1bae1-d239-488f-b1ad-dff2cf1778d0: leaving unrecorded for a later run to retry.
2026-10-04T15:25:23Z WARNING 3ef1caea-1a45-4d73-b8e0-e992130c0024: failed while reading the ElectricalSeries rates (AttributeError: module 'spikeinterface.extractors' has no attribute 'NwbRecordingExtractor')
2026-10-04T15:25:23Z WARNING [65/1807] 3ef1caea-1a45-4d73-b8e0-e992130c0024: leaving unrecorded for a later run to retry.
2026-10-04T15:25:23Z WARNING 3ef24920-df4d-44cd-b230-742dae52c754: failed while reading the ElectricalSeries rates (AttributeError: module 'spikeinterface.extractors' has no attribute 'NwbRecordingExtractor')
2026-10-04T15:25:23Z WARNING [66/1807] 3ef24920-df4d-44cd-b230-742dae52c754: leaving unrecorded for a later run to retry.
2026-10-04T15:25:23Z WARNING 3ef29715-cdb9-4a09-b798-30a51ea09ea7: failed while reading the ElectricalSeries rates (AttributeError: module 'spikeinterface.extractors' has no attribute 'NwbRecordingExtractor')
2026-10-04T15:25:23Z WARNING [67/1807] 3ef29715-cdb9-4a09-b798-30a51ea09ea7: leaving unrecorded for a later run to retry.
2026-10-04T15:25:23Z WARNING 3ef346df-ad98-4344-bc58-f572972f1610: failed while reading the ElectricalSeries rates (AttributeError: module 'spikeinterface.extractors' has no attribute 'NwbRecordingExtractor')
2026-10-04T15:25:23Z WARNING [68/1807] 3ef346df-ad98-4344-bc58-f572972f1610: leaving unrecorded for a later run to retry.
2026-10-04T15:25:23Z WARNING 3ef860bd-bb59-4caf-bffc-c34965034b8d: failed while reading the ElectricalSeries rates (AttributeError: module 'spikeinterface.extractors' has no attribute 'NwbRecordingExtractor')
2026-10-04T15:25:23Z WARNING [69/1807] 3ef860bd-bb59-4caf-bffc-c34965034b8d: leaving unrecorded for a later run to retry.
2026-10-04T15:25:24Z WARNING 3ef8f09c-c9db-45ba-918c-b832f877426e: failed while reading the ElectricalSeries rates (AttributeError: module 'spikeinterface.extractors' has no attribute 'NwbRecordingExtractor')
2026-10-04T15:25:24Z WARNING [70/1807] 3ef8f09c-c9db-45ba-918c-b832f877426e: leaving unrecorded for a later run to retry.
2026-10-04T15:25:24Z WARNING 3ef9dff2-90a1-45b7-85aa-a4b5f0cf060a: failed while reading the ElectricalSeries rates (AttributeError: module 'spikeinterface.extractors' has no attribute 'NwbRecordingExtractor')
2026-10-04T15:25:24Z WARNING [71/1807] 3ef9dff2-90a1-45b7-85aa-a4b5f0cf060a: leaving unrecorded for a later run to retry.
2026-10-04T15:25:24Z WARNING 3efd1f4f-3ca9-4d70-bcf6-c810353a0d9a: failed while reading the ElectricalSeries rates (AttributeError: module 'spikeinterface.extractors' has no attribute 'NwbRecordingExtractor')
2026-10-04T15:25:24Z WARNING [72/1807] 3efd1f4f-3ca9-4d70-bcf6-c810353a0d9a: leaving unrecorded for a later run to retry.
2026-10-04T15:25:24Z WARNING 3efd7ea4-9e9b-478f-bd5c-5594d369f505: failed while reading the ElectricalSeries rates (AttributeError: module 'spikeinterface.extractors' has no attribute 'NwbRecordingExtractor')
2026-10-04T15:25:24Z WARNING [73/1807] 3efd7ea4-9e9b-478f-bd5c-5594d369f505: leaving unrecorded for a later run to retry.
2026-10-04T15:25:24Z WARNING 3efef937-5e8a-43f9-9e84-4754397da976: failed while reading the ElectricalSeries rates (AttributeError: module 'spikeinterface.extractors' has no attribute 'NwbRecordingExtractor')
2026-10-04T15:25:24Z WARNING [74/1807] 3efef937-5e8a-43f9-9e84-4754397da976: leaving unrecorded for a later run to retry.
2026-10-04T15:25:24Z WARNING 3eff57c7-707b-4e80-aa15-66831f337a0a: failed while reading the ElectricalSeries rates (AttributeError: module 'spikeinterface.extractors' has no attribute 'NwbRecordingExtractor')
2026-10-04T15:25:24Z WARNING [75/1807] 3eff57c7-707b-4e80-aa15-66831f337a0a: leaving unrecorded for a later run to retry.
2026-10-04T15:25:25Z WARNING 3effa91f-a00c-4ec8-b6bc-4d000b8c0154: failed while reading the ElectricalSeries rates (AttributeError: module 'spikeinterface.extractors' has no attribute 'NwbRecordingExtractor')
2026-10-04T15:25:25Z WARNING [76/1807] 3effa91f-a00c-4ec8-b6bc-4d000b8c0154: leaving unrecorded for a later run to retry.
2026-10-04T15:25:25Z WARNING 3f005f4a-793e-417f-ad8f-72af676c6346: failed while reading the ElectricalSeries rates (AttributeError: module 'spikeinterface.extractors' has no attribute 'NwbRecordingExtractor')
2026-10-04T15:25:25Z WARNING [77/1807] 3f005f4a-793e-417f-ad8f-72af676c6346: leaving unrecorded for a later run to retry.
2026-10-04T15:25:25Z WARNING 3f00dbfb-25b9-4464-aaaa-e3becc4f1aa8: failed while reading the ElectricalSeries rates (AttributeError: module 'spikeinterface.extractors' has no attribute 'NwbRecordingExtractor')
2026-10-04T15:25:25Z WARNING [78/1807] 3f00dbfb-25b9-4464-aaaa-e3becc4f1aa8: leaving unrecorded for a later run to retry.
2026-10-04T15:25:25Z WARNING 3f010e2a-77c1-403a-b870-6915adad9406: failed while reading the ElectricalSeries rates (AttributeError: module 'spikeinterface.extractors' has no attribute 'NwbRecordingExtractor')
2026-10-04T15:25:25Z WARNING [79/1807] 3f010e2a-77c1-403a-b870-6915adad9406: leaving unrecorded for a later run to retry.
2026-10-04T15:25:25Z WARNING 3f0166a8-1dac-44d6-8125-5b15eefc2587: failed while reading the ElectricalSeries rates (AttributeError: module 'spikeinterface.extractors' has no attribute 'NwbRecordingExtractor')
2026-10-04T15:25:25Z WARNING [80/1807] 3f0166a8-1dac-44d6-8125-5b15eefc2587: leaving unrecorded for a later run to retry.
2026-10-04T15:25:25Z WARNING 3f017c00-27be-40b2-928b-5796dcb389cc: failed while reading the ElectricalSeries rates (AttributeError: module 'spikeinterface.extractors' has no attribute 'NwbRecordingExtractor')
2026-10-04T15:25:25Z WARNING [81/1807] 3f017c00-27be-40b2-928b-5796dcb389cc: leaving unrecorded for a later run to retry.
2026-10-04T15:25:26Z WARNING 3f019937-5458-4248-b715-8ff3a6b6ec9f: failed while reading the ElectricalSeries rates (AttributeError: module 'spikeinterface.extractors' has no attribute 'NwbRecordingExtractor')
2026-10-04T15:25:26Z WARNING [82/1807] 3f019937-5458-4248-b715-8ff3a6b6ec9f: leaving unrecorded for a later run to retry.
2026-10-04T15:25:26Z WARNING 3f01dd87-41e2-4431-a781-b6eba69b7dbe: failed while reading the ElectricalSeries rates (AttributeError: module 'spikeinterface.extractors' has no attribute 'NwbRecordingExtractor')
2026-10-04T15:25:26Z WARNING [83/1807] 3f01dd87-41e2-4431-a781-b6eba69b7dbe: leaving unrecorded for a later run to retry.
2026-10-04T15:25:26Z WARNING 3f037a81-83ad-4e36-ac43-204f21f67b44: failed while reading the ElectricalSeries rates (AttributeError: module 'spikeinterface.extractors' has no attribute 'NwbRecordingExtractor')
2026-10-04T15:25:26Z WARNING [84/1807] 3f037a81-83ad-4e36-ac43-204f21f67b44: leaving unrecorded for a later run to retry.
2026-10-04T15:25:26Z WARNING 3f045c2e-d9da-4778-9ed0-b4267017ff6c: failed while reading the ElectricalSeries rates (AttributeError: module 'spikeinterface.extractors' has no attribute 'NwbRecordingExtractor')
2026-10-04T15:25:26Z WARNING [85/1807] 3f045c2e-d9da-4778-9ed0-b4267017ff6c: leaving unrecorded for a later run to retry.
2026-10-04T15:25:26Z WARNING 3f04cd67-2805-486d-ab48-ddb9722a7a2e: failed while reading the ElectricalSeries rates (AttributeError: module 'spikeinterface.extractors' has no attribute 'NwbRecordingExtractor')
2026-10-04T15:25:26Z WARNING [86/1807] 3f04cd67-2805-486d-ab48-ddb9722a7a2e: leaving unrecorded for a later run to retry.
2026-10-04T15:25:26Z WARNING 3f05759c-18de-4e88-bfc9-cebf1f0f0e32: failed while reading the ElectricalSeries rates (AttributeError: module 'spikeinterface.extractors' has no attribute 'NwbRecordingExtractor')
2026-10-04T15:25:26Z WARNING [87/1807] 3f05759c-18de-4e88-bfc9-cebf1f0f0e32: leaving unrecorded for a later run to retry.
2026-10-04T15:25:27Z WARNING 3f064586-2103-4c31-abb9-ec48662eb667: failed while reading the ElectricalSeries rates (AttributeError: module 'spikeinterface.extractors' has no attribute 'NwbRecordingExtractor')
2026-10-04T15:25:27Z WARNING [88/1807] 3f064586-2103-4c31-abb9-ec48662eb667: leaving unrecorded for a later run to retry.
2026-10-04T15:25:27Z WARNING 3f065ae0-6839-4574-be9f-ab1a4fe4c1dc: failed while reading the ElectricalSeries rates (AttributeError: module 'spikeinterface.extractors' has no attribute 'NwbRecordingExtractor')
2026-10-04T15:25:27Z WARNING [89/1807] 3f065ae0-6839-4574-be9f-ab1a4fe4c1dc: leaving unrecorded for a later run to retry.
2026-10-04T15:25:27Z WARNING 3f06b7d0-f46c-42a5-afac-61d960306b51: failed while reading the ElectricalSeries rates (AttributeError: module 'spikeinterface.extractors' has no attribute 'NwbRecordingExtractor')
2026-10-04T15:25:27Z WARNING [90/1807] 3f06b7d0-f46c-42a5-afac-61d960306b51: leaving unrecorded for a later run to retry.
2026-10-04T15:25:27Z WARNING 3f06c56f-4e82-4bee-875c-e454f074e0bf: failed while reading the ElectricalSeries rates (AttributeError: module 'spikeinterface.extractors' has no attribute 'NwbRecordingExtractor')
2026-10-04T15:25:27Z WARNING [91/1807] 3f06c56f-4e82-4bee-875c-e454f074e0bf: leaving unrecorded for a later run to retry.
2026-10-04T15:25:27Z WARNING 3f070dc0-d865-4e0e-ac68-4fd128641286: failed while reading the ElectricalSeries rates (AttributeError: module 'spikeinterface.extractors' has no attribute 'NwbRecordingExtractor')
2026-10-04T15:25:27Z WARNING [92/1807] 3f070dc0-d865-4e0e-ac68-4fd128641286: leaving unrecorded for a later run to retry.
2026-10-04T15:25:27Z WARNING 3f074c09-fae9-42b4-ac45-7e78107c27d8: failed while reading the ElectricalSeries rates (AttributeError: module 'spikeinterface.extractors' has no attribute 'NwbRecordingExtractor')
2026-10-04T15:25:27Z WARNING [93/1807] 3f074c09-fae9-42b4-ac45-7e78107c27d8: leaving unrecorded for a later run to retry.
2026-10-04T15:25:28Z WARNING 3f07917a-060e-483e-9886-a22a4b57502d: failed while reading the ElectricalSeries rates (AttributeError: module 'spikeinterface.extractors' has no attribute 'NwbRecordingExtractor')
2026-10-04T15:25:28Z WARNING [94/1807] 3f07917a-060e-483e-9886-a22a4b57502d: leaving unrecorded for a later run to retry.
2026-10-04T15:25:28Z WARNING 3f086cc1-62f0-4dd5-bb92-918a3785118a: failed while reading the ElectricalSeries rates (AttributeError: module 'spikeinterface.extractors' has no attribute 'NwbRecordingExtractor')
2026-10-04T15:25:28Z WARNING [95/1807] 3f086cc1-62f0-4dd5-bb92-918a3785118a: leaving unrecorded for a later run to retry.
2026-10-04T15:25:28Z WARNING 3f098368-dc3b-448e-8d02-8754f7e5fdb5: failed while reading the ElectricalSeries rates (AttributeError: module 'spikeinterface.extractors' has no attribute 'NwbRecordingExtractor')
2026-10-04T15:25:28Z WARNING [96/1807] 3f098368-dc3b-448e-8d02-8754f7e5fdb5: leaving unrecorded for a later run to retry.
2026-10-04T15:25:28Z WARNING 3f09f5c5-43c5-4831-ad65-54bbdb21e859: failed while reading the ElectricalSeries rates (AttributeError: module 'spikeinterface.extractors' has no attribute 'NwbRecordingExtractor')
2026-10-04T15:25:28Z WARNING [97/1807] 3f09f5c5-43c5-4831-ad65-54bbdb21e859: leaving unrecorded for a later run to retry.
2026-10-04T15:25:28Z WARNING 3f0abe23-9ebf-43d5-95a0-158677a12e1d: failed while reading the ElectricalSeries rates (AttributeError: module 'spikeinterface.extractors' has no attribute 'NwbRecordingExtractor')
2026-10-04T15:25:28Z WARNING [98/1807] 3f0abe23-9ebf-43d5-95a0-158677a12e1d: leaving unrecorded for a later run to retry.
2026-10-04T15:25:29Z WARNING 3f0bf930-322b-4e3e-9922-aa6faab60712: failed while reading the ElectricalSeries rates (AttributeError: module 'spikeinterface.extractors' has no attribute 'NwbRecordingExtractor')
2026-10-04T15:25:29Z WARNING [99/1807] 3f0bf930-322b-4e3e-9922-aa6faab60712: leaving unrecorded for a later run to retry.
2026-10-04T15:25:29Z WARNING 3f0bfcc8-71ee-4c38-ab8d-e4634db52ed3: failed while reading the ElectricalSeries rates (AttributeError: module 'spikeinterface.extractors' has no attribute 'NwbRecordingExtractor')
2026-10-04T15:25:29Z WARNING [100/1807] 3f0bfcc8-71ee-4c38-ab8d-e4634db52ed3: leaving unrecorded for a later run to retry.
2026-10-04T15:25:29Z INFO [100/1807] 3f0bfcc8-71ee-4c38-ab8d-e4634db52ed3: checkpointed 60602 records.
2026-10-04T15:25:29Z WARNING 3f0c2c7d-a35b-4a16-a944-7b1d7f5de81e: failed while reading the ElectricalSeries rates (AttributeError: module 'spikeinterface.extractors' has no attribute 'NwbRecordingExtractor')
2026-10-04T15:25:29Z WARNING [101/1807] 3f0c2c7d-a35b-4a16-a944-7b1d7f5de81e: leaving unrecorded for a later run to retry.
2026-10-04T15:25:29Z WARNING 3f0cfa5c-0942-48f3-8365-42c0712ebc37: failed while reading the ElectricalSeries rates (AttributeError: module 'spikeinterface.extractors' has no attribute 'NwbRecordingExtractor')
2026-10-04T15:25:29Z WARNING [102/1807] 3f0cfa5c-0942-48f3-8365-42c0712ebc37: leaving unrecorded for a later run to retry.
2026-10-04T15:25:29Z WARNING 3f0d28b3-da53-4d38-91ed-c3905021c536: failed while reading the ElectricalSeries rates (AttributeError: module 'spikeinterface.extractors' has no attribute 'NwbRecordingExtractor')
2026-10-04T15:25:29Z WARNING [103/1807] 3f0d28b3-da53-4d38-91ed-c3905021c536: leaving unrecorded for a later run to retry.
2026-10-04T15:25:29Z WARNING 3f0d3495-3d64-4fbe-bc84-77a7b77839ce: failed while reading the ElectricalSeries rates (AttributeError: module 'spikeinterface.extractors' has no attribute 'NwbRecordingExtractor')
2026-10-04T15:25:29Z WARNING [104/1807] 3f0d3495-3d64-4fbe-bc84-77a7b77839ce: leaving unrecorded for a later run to retry.
2026-10-04T15:25:30Z WARNING 3f0d761d-5bb7-4a3e-aa3f-39942fdf1f3d: failed while reading the ElectricalSeries rates (AttributeError: module 'spikeinterface.extractors' has no attribute 'NwbRecordingExtractor')
2026-10-04T15:25:30Z WARNING [105/1807] 3f0d761d-5bb7-4a3e-aa3f-39942fdf1f3d: leaving unrecorded for a later run to retry.
2026-10-04T15:25:30Z WARNING 3f0d7621-52a0-435a-aa93-65be6454a290: failed while reading the ElectricalSeries rates (AttributeError: module 'spikeinterface.extractors' has no attribute 'NwbRecordingExtractor')
2026-10-04T15:25:30Z WARNING [106/1807] 3f0d7621-52a0-435a-aa93-65be6454a290: leaving unrecorded for a later run to retry.
2026-10-04T15:25:30Z WARNING 3f0e7bca-4ab5-4def-a270-f12d931c0c41: failed while reading the ElectricalSeries rates (AttributeError: module 'spikeinterface.extractors' has no attribute 'NwbRecordingExtractor')
2026-10-04T15:25:30Z WARNING [107/1807] 3f0e7bca-4ab5-4def-a270-f12d931c0c41: leaving unrecorded for a later run to retry.
2026-10-04T15:25:30Z WARNING 3f0e8b3a-d911-4405-93ed-72e3cdf60c05: failed while reading the ElectricalSeries rates (AttributeError: module 'spikeinterface.extractors' has no attribute 'NwbRecordingExtractor')
2026-10-04T15:25:30Z WARNING [108/1807] 3f0e8b3a-d911-4405-93ed-72e3cdf60c05: leaving unrecorded for a later run to retry.
2026-10-04T15:25:30Z WARNING 3f0efe5d-7b09-4a98-ab2a-91740d7dcdb4: failed while reading the ElectricalSeries rates (AttributeError: module 'spikeinterface.extractors' has no attribute 'NwbRecordingExtractor')
2026-10-04T15:25:30Z WARNING [109/1807] 3f0efe5d-7b09-4a98-ab2a-91740d7dcdb4: leaving unrecorded for a later run to retry.
2026-10-04T15:25:30Z WARNING 3f0fcb73-edb5-47e7-b872-a4a59600c537: failed while reading the ElectricalSeries rates (AttributeError: module 'spikeinterface.extractors' has no attribute 'NwbRecordingExtractor')
2026-10-04T15:25:30Z WARNING [110/1807] 3f0fcb73-edb5-47e7-b872-a4a59600c537: leaving unrecorded for a later run to retry.
2026-10-04T15:25:31Z WARNING 3f10bb30-2843-4cca-83b6-969297c7ae4f: failed while reading the ElectricalSeries rates (AttributeError: module 'spikeinterface.extractors' has no attribute 'NwbRecordingExtractor')
2026-10-04T15:25:31Z WARNING [111/1807] 3f10bb30-2843-4cca-83b6-969297c7ae4f: leaving unrecorded for a later run to retry.
2026-10-04T15:25:31Z WARNING 3f117c66-f953-4c71-939d-b5305334746b: failed while reading the ElectricalSeries rates (AttributeError: module 'spikeinterface.extractors' has no attribute 'NwbRecordingExtractor')
2026-10-04T15:25:31Z WARNING [112/1807] 3f117c66-f953-4c71-939d-b5305334746b: leaving unrecorded for a later run to retry.
2026-10-04T15:25:31Z WARNING 3f1306ca-3bfd-4ec9-8d55-8ad2e9b0269e: failed while reading the ElectricalSeries rates (AttributeError: module 'spikeinterface.extractors' has no attribute 'NwbRecordingExtractor')
2026-10-04T15:25:31Z WARNING [113/1807] 3f1306ca-3bfd-4ec9-8d55-8ad2e9b0269e: leaving unrecorded for a later run to retry.
2026-10-04T15:25:31Z WARNING 3f13f7b1-a51a-48b9-885e-d2a3b8902dd1: failed while reading the ElectricalSeries rates (AttributeError: module 'spikeinterface.extractors' has no attribute 'NwbRecordingExtractor')
2026-10-04T15:25:31Z WARNING [114/1807] 3f13f7b1-a51a-48b9-885e-d2a3b8902dd1: leaving unrecorded for a later run to retry.
2026-10-04T15:25:31Z WARNING 3f140ec8-f9db-409f-a647-5985c92e62f6: failed while reading the ElectricalSeries rates (AttributeError: module 'spikeinterface.extractors' has no attribute 'NwbRecordingExtractor')
2026-10-04T15:25:31Z WARNING [115/1807] 3f140ec8-f9db-409f-a647-5985c92e62f6: leaving unrecorded for a later run to retry.
2026-10-04T15:25:31Z WARNING 3f14d603-209a-4ca5-bb4d-9d92ec6d5030: failed while reading the ElectricalSeries rates (AttributeError: module 'spikeinterface.extractors' has no attribute 'NwbRecordingExtractor')
2026-10-04T15:25:31Z WARNING [116/1807] 3f14d603-209a-4ca5-bb4d-9d92ec6d5030: leaving unrecorded for a later run to retry.
2026-10-04T15:25:31Z WARNING 3f14f9af-4624-4493-8d46-ba20ed83efc2: failed while reading the ElectricalSeries rates (AttributeError: module 'spikeinterface.extractors' has no attribute 'NwbRecordingExtractor')
2026-10-04T15:25:31Z WARNING [117/1807] 3f14f9af-4624-4493-8d46-ba20ed83efc2: leaving unrecorded for a later run to retry.
2026-10-04T15:25:32Z WARNING 3f161649-7a47-48d3-aab5-99d2cf954fab: failed while reading the ElectricalSeries rates (AttributeError: module 'spikeinterface.extractors' has no attribute 'NwbRecordingExtractor')
2026-10-04T15:25:32Z WARNING [118/1807] 3f161649-7a47-48d3-aab5-99d2cf954fab: leaving unrecorded for a later run to retry.
2026-10-04T15:25:32Z WARNING 3f162d7c-1a2f-4f47-a926-36e30821eeea: failed while reading the ElectricalSeries rates (AttributeError: module 'spikeinterface.extractors' has no attribute 'NwbRecordingExtractor')
2026-10-04T15:25:32Z WARNING [119/1807] 3f162d7c-1a2f-4f47-a926-36e30821eeea: leaving unrecorded for a later run to retry.
2026-10-04T15:25:32Z WARNING 3f163cd7-3a1e-46dd-990b-21bcdc26567f: failed while reading the ElectricalSeries rates (AttributeError: module 'spikeinterface.extractors' has no attribute 'NwbRecordingExtractor')
2026-10-04T15:25:32Z WARNING [120/1807] 3f163cd7-3a1e-46dd-990b-21bcdc26567f: leaving unrecorded for a later run to retry.
2026-10-04T15:25:32Z WARNING 3f16e637-1225-42e6-9f59-fc1bbf9aaacd: failed while reading the ElectricalSeries rates (AttributeError: module 'spikeinterface.extractors' has no attribute 'NwbRecordingExtractor')
2026-10-04T15:25:32Z WARNING [121/1807] 3f16e637-1225-42e6-9f59-fc1bbf9aaacd: leaving unrecorded for a later run to retry.
2026-10-04T15:25:32Z WARNING 3f17f6f5-cb4b-4e12-a395-2063fa08357f: failed while reading the ElectricalSeries rates (AttributeError: module 'spikeinterface.extractors' has no attribute 'NwbRecordingExtractor')
2026-10-04T15:25:32Z WARNING [122/1807] 3f17f6f5-cb4b-4e12-a395-2063fa08357f: leaving unrecorded for a later run to retry.
2026-10-04T15:25:33Z WARNING 3f185d01-0c1a-455c-87e1-ca97b570df1b: failed while reading the ElectricalSeries rates (AttributeError: module 'spikeinterface.extractors' has no attribute 'NwbRecordingExtractor')
2026-10-04T15:25:33Z WARNING [123/1807] 3f185d01-0c1a-455c-87e1-ca97b570df1b: leaving unrecorded for a later run to retry.
2026-10-04T15:25:33Z WARNING 3f18b2bc-ee53-491f-a384-b0b487f82ede: failed while reading the ElectricalSeries rates (AttributeError: module 'spikeinterface.extractors' has no attribute 'NwbRecordingExtractor')
2026-10-04T15:25:33Z WARNING [124/1807] 3f18b2bc-ee53-491f-a384-b0b487f82ede: leaving unrecorded for a later run to retry.
2026-10-04T15:25:33Z WARNING 3f18e33f-1bcb-48d3-9b78-8519e50c1a25: failed while reading the ElectricalSeries rates (AttributeError: module 'spikeinterface.extractors' has no attribute 'NwbRecordingExtractor')
2026-10-04T15:25:33Z WARNING [125/1807] 3f18e33f-1bcb-48d3-9b78-8519e50c1a25: leaving unrecorded for a later run to retry.
2026-10-04T15:25:33Z WARNING 3f18ec4c-6dbb-435c-80d0-ee2a8cd6521c: failed while reading the ElectricalSeries rates (AttributeError: module 'spikeinterface.extractors' has no attribute 'NwbRecordingExtractor')
2026-10-04T15:25:33Z WARNING [126/1807] 3f18ec4c-6dbb-435c-80d0-ee2a8cd6521c: leaving unrecorded for a later run to retry.
2026-10-04T15:25:33Z WARNING 3f191405-9bea-48d0-9ebb-1bd3211d24a1: failed while reading the ElectricalSeries rates (AttributeError: module 'spikeinterface.extractors' has no attribute 'NwbRecordingExtractor')
2026-10-04T15:25:33Z WARNING [127/1807] 3f191405-9bea-48d0-9ebb-1bd3211d24a1: leaving unrecorded for a later run to retry.
2026-10-04T15:25:33Z WARNING 3f19b2b2-dde4-4f0b-bf3a-f9fee007c367: failed while reading the ElectricalSeries rates (AttributeError: module 'spikeinterface.extractors' has no attribute 'NwbRecordingExtractor')
2026-10-04T15:25:33Z WARNING [128/1807] 3f19b2b2-dde4-4f0b-bf3a-f9fee007c367: leaving unrecorded for a later run to retry.
2026-10-04T15:25:34Z WARNING 3f19bca0-3a9b-4a0f-b927-3445e16828f3: failed while reading the ElectricalSeries rates (AttributeError: module 'spikeinterface.extractors' has no attribute 'NwbRecordingExtractor')
2026-10-04T15:25:34Z WARNING [129/1807] 3f19bca0-3a9b-4a0f-b927-3445e16828f3: leaving unrecorded for a later run to retry.
2026-10-04T15:25:34Z WARNING 3f1af0bd-62a2-4406-8ce3-9c6465e885fc: failed while reading the ElectricalSeries rates (AttributeError: module 'spikeinterface.extractors' has no attribute 'NwbRecordingExtractor')
2026-10-04T15:25:34Z WARNING [130/1807] 3f1af0bd-62a2-4406-8ce3-9c6465e885fc: leaving unrecorded for a later run to retry.
2026-10-04T15:25:34Z WARNING 3f1b3653-b84d-4730-8cd4-afd683037636: failed while reading the ElectricalSeries rates (AttributeError: module 'spikeinterface.extractors' has no attribute 'NwbRecordingExtractor')
2026-10-04T15:25:34Z WARNING [131/1807] 3f1b3653-b84d-4730-8cd4-afd683037636: leaving unrecorded for a later run to retry.
2026-10-04T15:25:34Z WARNING 3f1b9e70-9afc-4d82-b378-d39e67c2ed7e: failed while reading the ElectricalSeries rates (AttributeError: module 'spikeinterface.extractors' has no attribute 'NwbRecordingExtractor')
2026-10-04T15:25:34Z WARNING [132/1807] 3f1b9e70-9afc-4d82-b378-d39e67c2ed7e: leaving unrecorded for a later run to retry.
2026-10-04T15:25:34Z WARNING 3f1bbe92-5cb0-4ac0-8989-6938b49f6041: failed while reading the ElectricalSeries rates (AttributeError: module 'spikeinterface.extractors' has no attribute 'NwbRecordingExtractor')
2026-10-04T15:25:34Z WARNING [133/1807] 3f1bbe92-5cb0-4ac0-8989-6938b49f6041: leaving unrecorded for a later run to retry.
2026-10-04T15:25:34Z WARNING 3f1cb9ac-9022-4ee6-9067-a0ec57645856: failed while reading the ElectricalSeries rates (AttributeError: module 'spikeinterface.extractors' has no attribute 'NwbRecordingExtractor')
2026-10-04T15:25:34Z WARNING [134/1807] 3f1cb9ac-9022-4ee6-9067-a0ec57645856: leaving unrecorded for a later run to retry.
2026-10-04T15:25:35Z WARNING 3f1cdc44-6058-4128-ade5-0af61ae09408: failed while reading the ElectricalSeries rates (AttributeError: module 'spikeinterface.extractors' has no attribute 'NwbRecordingExtractor')
2026-10-04T15:25:35Z WARNING [135/1807] 3f1cdc44-6058-4128-ade5-0af61ae09408: leaving unrecorded for a later run to retry.
2026-10-04T15:25:35Z WARNING 3f1ce467-18bf-4445-8598-709f74045979: failed while reading the ElectricalSeries rates (AttributeError: module 'spikeinterface.extractors' has no attribute 'NwbRecordingExtractor')
2026-10-04T15:25:35Z WARNING [136/1807] 3f1ce467-18bf-4445-8598-709f74045979: leaving unrecorded for a later run to retry.
2026-10-04T15:25:35Z WARNING 3f1dbb45-bc17-408d-9dc3-be9446d89a95: failed while reading the ElectricalSeries rates (AttributeError: module 'spikeinterface.extractors' has no attribute 'NwbRecordingExtractor')
2026-10-04T15:25:35Z WARNING [137/1807] 3f1dbb45-bc17-408d-9dc3-be9446d89a95: leaving unrecorded for a later run to retry.
2026-10-04T15:25:35Z WARNING 3f1e0c05-3b74-4dff-a999-f48aae27c056: failed while reading the ElectricalSeries rates (AttributeError: module 'spikeinterface.extractors' has no attribute 'NwbRecordingExtractor')
2026-10-04T15:25:35Z WARNING [138/1807] 3f1e0c05-3b74-4dff-a999-f48aae27c056: leaving unrecorded for a later run to retry.
2026-10-04T15:25:35Z WARNING 3f1e60b0-0d58-4291-9a58-47f0b36a7e71: failed while reading the ElectricalSeries rates (AttributeError: module 'spikeinterface.extractors' has no attribute 'NwbRecordingExtractor')
2026-10-04T15:25:35Z WARNING [139/1807] 3f1e60b0-0d58-4291-9a58-47f0b36a7e71: leaving unrecorded for a later run to retry.
2026-10-04T15:25:35Z WARNING 3f1e7bd7-d73d-404e-b3d0-aebbd216532d: failed while reading the ElectricalSeries rates (AttributeError: module 'spikeinterface.extractors' has no attribute 'NwbRecordingExtractor')
2026-10-04T15:25:35Z WARNING [140/1807] 3f1e7bd7-d73d-404e-b3d0-aebbd216532d: leaving unrecorded for a later run to retry.
2026-10-04T15:25:36Z WARNING 3f1e7db3-81b0-4968-b7c7-4924e22adacc: failed while reading the ElectricalSeries rates (AttributeError: module 'spikeinterface.extractors' has no attribute 'NwbRecordingExtractor')
2026-10-04T15:25:36Z WARNING [141/1807] 3f1e7db3-81b0-4968-b7c7-4924e22adacc: leaving unrecorded for a later run to retry.
2026-10-04T15:25:36Z WARNING 3f208125-fabe-47ff-9e6e-cc44c7cc63cf: failed while reading the ElectricalSeries rates (AttributeError: module 'spikeinterface.extractors' has no attribute 'NwbRecordingExtractor')
2026-10-04T15:25:36Z WARNING [142/1807] 3f208125-fabe-47ff-9e6e-cc44c7cc63cf: leaving unrecorded for a later run to retry.
2026-10-04T15:25:36Z WARNING 3f209a48-9cd8-4424-baa9-5f37c598f003: failed while reading the ElectricalSeries rates (AttributeError: module 'spikeinterface.extractors' has no attribute 'NwbRecordingExtractor')
2026-10-04T15:25:36Z WARNING [143/1807] 3f209a48-9cd8-4424-baa9-5f37c598f003: leaving unrecorded for a later run to retry.
2026-10-04T15:25:36Z WARNING 3f20f655-a981-4809-9e0f-6760348ff7cd: failed while reading the ElectricalSeries rates (AttributeError: module 'spikeinterface.extractors' has no attribute 'NwbRecordingExtractor')
2026-10-04T15:25:36Z WARNING [144/1807] 3f20f655-a981-4809-9e0f-6760348ff7cd: leaving unrecorded for a later run to retry.
2026-10-04T15:25:36Z WARNING 3f210137-c40f-4803-8122-644e2e2005f2: failed while reading the ElectricalSeries rates (AttributeError: module 'spikeinterface.extractors' has no attribute 'NwbRecordingExtractor')
2026-10-04T15:25:36Z WARNING [145/1807] 3f210137-c40f-4803-8122-644e2e2005f2: leaving unrecorded for a later run to retry.
2026-10-04T15:25:36Z WARNING 3f212d96-9173-405c-8bb1-2b363e82715d: failed while reading the ElectricalSeries rates (AttributeError: module 'spikeinterface.extractors' has no attribute 'NwbRecordingExtractor')
2026-10-04T15:25:36Z WARNING [146/1807] 3f212d96-9173-405c-8bb1-2b363e82715d: leaving unrecorded for a later run to retry.
2026-10-04T15:25:37Z WARNING 3f2134ec-ab8c-4d79-95d2-445b55e0eb6a: failed while reading the ElectricalSeries rates (AttributeError: module 'spikeinterface.extractors' has no attribute 'NwbRecordingExtractor')
2026-10-04T15:25:37Z WARNING [147/1807] 3f2134ec-ab8c-4d79-95d2-445b55e0eb6a: leaving unrecorded for a later run to retry.
2026-10-04T15:25:37Z WARNING 3f221fe5-4284-42ab-9e8b-7d1e70ea2d27: failed while reading the ElectricalSeries rates (AttributeError: module 'spikeinterface.extractors' has no attribute 'NwbRecordingExtractor')
2026-10-04T15:25:37Z WARNING [148/1807] 3f221fe5-4284-42ab-9e8b-7d1e70ea2d27: leaving unrecorded for a later run to retry.
2026-10-04T15:25:37Z WARNING 3f2232f9-5095-476f-a210-87ef56aa17bb: failed while reading the ElectricalSeries rates (AttributeError: module 'spikeinterface.extractors' has no attribute 'NwbRecordingExtractor')
2026-10-04T15:25:37Z WARNING [149/1807] 3f2232f9-5095-476f-a210-87ef56aa17bb: leaving unrecorded for a later run to retry.
2026-10-04T15:25:37Z WARNING 3f228e96-1b5f-4d8c-ad2f-db9757a44c7f: failed while reading the ElectricalSeries rates (AttributeError: module 'spikeinterface.extractors' has no attribute 'NwbRecordingExtractor')
2026-10-04T15:25:37Z WARNING [150/1807] 3f228e96-1b5f-4d8c-ad2f-db9757a44c7f: leaving unrecorded for a later run to retry.
2026-10-04T15:25:37Z INFO [150/1807] 3f228e96-1b5f-4d8c-ad2f-db9757a44c7f: checkpointed 60602 records.
2026-10-04T15:25:37Z WARNING 3f233c3c-48db-4254-b1fa-3f3c2f830c04: failed while reading the ElectricalSeries rates (AttributeError: module 'spikeinterface.extractors' has no attribute 'NwbRecordingExtractor')
2026-10-04T15:25:37Z WARNING [151/1807] 3f233c3c-48db-4254-b1fa-3f3c2f830c04: leaving unrecorded for a later run to retry.
2026-10-04T15:25:37Z WARNING 3f247f5d-a674-4a78-8577-59f4dced44de: failed while reading the ElectricalSeries rates (AttributeError: module 'spikeinterface.extractors' has no attribute 'NwbRecordingExtractor')
2026-10-04T15:25:37Z WARNING [152/1807] 3f247f5d-a674-4a78-8577-59f4dced44de: leaving unrecorded for a later run to retry.
2026-10-04T15:25:38Z WARNING 3f258e38-7a5d-4e91-9dbc-8d92d081d4ea: failed while reading the ElectricalSeries rates (AttributeError: module 'spikeinterface.extractors' has no attribute 'NwbRecordingExtractor')
2026-10-04T15:25:38Z WARNING [153/1807] 3f258e38-7a5d-4e91-9dbc-8d92d081d4ea: leaving unrecorded for a later run to retry.
2026-10-04T15:25:38Z WARNING 3f26bc60-70a8-4433-b660-8aad89a46269: failed while reading the ElectricalSeries rates (AttributeError: module 'spikeinterface.extractors' has no attribute 'NwbRecordingExtractor')
2026-10-04T15:25:38Z WARNING [154/1807] 3f26bc60-70a8-4433-b660-8aad89a46269: leaving unrecorded for a later run to retry.
2026-10-04T15:25:38Z WARNING 3f2798e4-d887-4ee9-bd99-65043156cb3d: failed while reading the ElectricalSeries rates (AttributeError: module 'spikeinterface.extractors' has no attribute 'NwbRecordingExtractor')
2026-10-04T15:25:38Z WARNING [155/1807] 3f2798e4-d887-4ee9-bd99-65043156cb3d: leaving unrecorded for a later run to retry.
2026-10-04T15:25:38Z WARNING 3f27adfb-38be-4adc-b84c-878b4413f659: failed while reading the ElectricalSeries rates (AttributeError: module 'spikeinterface.extractors' has no attribute 'NwbRecordingExtractor')
2026-10-04T15:25:38Z WARNING [156/1807] 3f27adfb-38be-4adc-b84c-878b4413f659: leaving unrecorded for a later run to retry.
2026-10-04T15:25:38Z WARNING 3f2883f5-dde5-45b4-831c-af0876a4429f: failed while reading the ElectricalSeries rates (AttributeError: module 'spikeinterface.extractors' has no attribute 'NwbRecordingExtractor')
2026-10-04T15:25:38Z WARNING [157/1807] 3f2883f5-dde5-45b4-831c-af0876a4429f: leaving unrecorded for a later run to retry.
2026-10-04T15:25:38Z WARNING 3f295d3e-9b8b-4915-8a4f-e91fdcf6a081: failed while reading the ElectricalSeries rates (AttributeError: module 'spikeinterface.extractors' has no attribute 'NwbRecordingExtractor')
2026-10-04T15:25:38Z WARNING [158/1807] 3f295d3e-9b8b-4915-8a4f-e91fdcf6a081: leaving unrecorded for a later run to retry.
2026-10-04T15:25:39Z WARNING 3f2b522d-8023-4a15-8624-4af94cee84a6: failed while reading the ElectricalSeries rates (AttributeError: module 'spikeinterface.extractors' has no attribute 'NwbRecordingExtractor')
2026-10-04T15:25:39Z WARNING [159/1807] 3f2b522d-8023-4a15-8624-4af94cee84a6: leaving unrecorded for a later run to retry.
2026-10-04T15:25:39Z WARNING 3f2b55b4-4521-4a53-bfbb-05531d040589: failed while reading the ElectricalSeries rates (AttributeError: module 'spikeinterface.extractors' has no attribute 'NwbRecordingExtractor')
2026-10-04T15:25:39Z WARNING [160/1807] 3f2b55b4-4521-4a53-bfbb-05531d040589: leaving unrecorded for a later run to retry.
2026-10-04T15:25:39Z WARNING 3f2e7008-507b-49c2-beda-9a81c8068438: failed while reading the ElectricalSeries rates (AttributeError: module 'spikeinterface.extractors' has no attribute 'NwbRecordingExtractor')
2026-10-04T15:25:39Z WARNING [161/1807] 3f2e7008-507b-49c2-beda-9a81c8068438: leaving unrecorded for a later run to retry.
2026-10-04T15:25:39Z WARNING 3f2fa5a2-501e-4ab7-84b2-826636545109: failed while reading the ElectricalSeries rates (AttributeError: module 'spikeinterface.extractors' has no attribute 'NwbRecordingExtractor')
2026-10-04T15:25:39Z WARNING [162/1807] 3f2fa5a2-501e-4ab7-84b2-826636545109: leaving unrecorded for a later run to retry.
2026-10-04T15:25:39Z WARNING 3f2fcbbc-ebf5-4d62-80e0-510b17088994: failed while reading the ElectricalSeries rates (AttributeError: module 'spikeinterface.extractors' has no attribute 'NwbRecordingExtractor')
2026-10-04T15:25:39Z WARNING [163/1807] 3f2fcbbc-ebf5-4d62-80e0-510b17088994: leaving unrecorded for a later run to retry.
2026-10-04T15:25:39Z WARNING 3f2fd7d9-98a1-4db5-a7da-6a4412a61660: failed while reading the ElectricalSeries rates (AttributeError: module 'spikeinterface.extractors' has no attribute 'NwbRecordingExtractor')
2026-10-04T15:25:39Z WARNING [164/1807] 3f2fd7d9-98a1-4db5-a7da-6a4412a61660: leaving unrecorded for a later run to retry.
2026-10-04T15:25:40Z WARNING 3f306d0f-1a83-4e8e-9bb7-15e640beb886: failed while reading the ElectricalSeries rates (AttributeError: module 'spikeinterface.extractors' has no attribute 'NwbRecordingExtractor')
2026-10-04T15:25:40Z WARNING [165/1807] 3f306d0f-1a83-4e8e-9bb7-15e640beb886: leaving unrecorded for a later run to retry.
2026-10-04T15:25:40Z WARNING 3f32058e-0b57-47cd-aee3-fb43c86f6749: failed while reading the ElectricalSeries rates (AttributeError: module 'spikeinterface.extractors' has no attribute 'NwbRecordingExtractor')
2026-10-04T15:25:40Z WARNING [166/1807] 3f32058e-0b57-47cd-aee3-fb43c86f6749: leaving unrecorded for a later run to retry.
2026-10-04T15:25:40Z WARNING 3f32058f-cfd9-40af-9bb5-25c1f0ea0f21: failed while reading the ElectricalSeries rates (AttributeError: module 'spikeinterface.extractors' has no attribute 'NwbRecordingExtractor')
2026-10-04T15:25:40Z WARNING [167/1807] 3f32058f-cfd9-40af-9bb5-25c1f0ea0f21: leaving unrecorded for a later run to retry.
2026-10-04T15:25:40Z WARNING 3f329f85-8e86-4694-abe2-6a9a87cdba31: failed while reading the ElectricalSeries rates (AttributeError: module 'spikeinterface.extractors' has no attribute 'NwbRecordingExtractor')
2026-10-04T15:25:40Z WARNING [168/1807] 3f329f85-8e86-4694-abe2-6a9a87cdba31: leaving unrecorded for a later run to retry.
2026-10-04T15:25:40Z WARNING 3f32f2f5-3f8d-43ba-a725-3f2f5203221b: failed while reading the ElectricalSeries rates (AttributeError: module 'spikeinterface.extractors' has no attribute 'NwbRecordingExtractor')
2026-10-04T15:25:40Z WARNING [169/1807] 3f32f2f5-3f8d-43ba-a725-3f2f5203221b: leaving unrecorded for a later run to retry.
2026-10-04T15:25:40Z WARNING 3f330a5c-aa80-467e-9581-e2e1b46807cb: failed while reading the ElectricalSeries rates (AttributeError: module 'spikeinterface.extractors' has no attribute 'NwbRecordingExtractor')
2026-10-04T15:25:40Z WARNING [170/1807] 3f330a5c-aa80-467e-9581-e2e1b46807cb: leaving unrecorded for a later run to retry.
2026-10-04T15:25:41Z WARNING 3f331b76-d20b-4e80-b223-c18d14709872: failed while reading the ElectricalSeries rates (AttributeError: module 'spikeinterface.extractors' has no attribute 'NwbRecordingExtractor')
2026-10-04T15:25:41Z WARNING [171/1807] 3f331b76-d20b-4e80-b223-c18d14709872: leaving unrecorded for a later run to retry.
2026-10-04T15:25:41Z WARNING 3f336034-bf77-4b22-babd-d38823767ea6: failed while reading the ElectricalSeries rates (AttributeError: module 'spikeinterface.extractors' has no attribute 'NwbRecordingExtractor')
2026-10-04T15:25:41Z WARNING [172/1807] 3f336034-bf77-4b22-babd-d38823767ea6: leaving unrecorded for a later run to retry.
2026-10-04T15:25:41Z WARNING 3f34b32d-b179-4800-89e7-88208644e69a: failed while reading the ElectricalSeries rates (AttributeError: module 'spikeinterface.extractors' has no attribute 'NwbRecordingExtractor')
2026-10-04T15:25:41Z WARNING [173/1807] 3f34b32d-b179-4800-89e7-88208644e69a: leaving unrecorded for a later run to retry.
2026-10-04T15:25:41Z WARNING 3f356b2b-bfc6-4619-86de-405165bd804d: failed while reading the ElectricalSeries rates (AttributeError: module 'spikeinterface.extractors' has no attribute 'NwbRecordingExtractor')
2026-10-04T15:25:41Z WARNING [174/1807] 3f356b2b-bfc6-4619-86de-405165bd804d: leaving unrecorded for a later run to retry.
2026-10-04T15:25:41Z WARNING 3f35a6f3-a12f-4c13-9253-e064c189059a: failed while reading the ElectricalSeries rates (AttributeError: module 'spikeinterface.extractors' has no attribute 'NwbRecordingExtractor')
2026-10-04T15:25:41Z WARNING [175/1807] 3f35a6f3-a12f-4c13-9253-e064c189059a: leaving unrecorded for a later run to retry.
2026-10-04T15:25:41Z WARNING 3f35ced4-d80a-4fff-841e-3357fc34a66b: failed while reading the ElectricalSeries rates (AttributeError: module 'spikeinterface.extractors' has no attribute 'NwbRecordingExtractor')
2026-10-04T15:25:41Z WARNING [176/1807] 3f35ced4-d80a-4fff-841e-3357fc34a66b: leaving unrecorded for a later run to retry.
2026-10-04T15:25:42Z WARNING 3f364b1b-20e2-4966-8162-efcc359080e8: failed while reading the ElectricalSeries rates (AttributeError: module 'spikeinterface.extractors' has no attribute 'NwbRecordingExtractor')
2026-10-04T15:25:42Z WARNING [177/1807] 3f364b1b-20e2-4966-8162-efcc359080e8: leaving unrecorded for a later run to retry.
2026-10-04T15:25:42Z WARNING 3f371ba1-8727-49f8-be24-f041e2079119: failed while reading the ElectricalSeries rates (AttributeError: module 'spikeinterface.extractors' has no attribute 'NwbRecordingExtractor')
2026-10-04T15:25:42Z WARNING [178/1807] 3f371ba1-8727-49f8-be24-f041e2079119: leaving unrecorded for a later run to retry.
2026-10-04T15:25:42Z WARNING 3f376046-ac96-43d3-b78f-bb55b8d1b9af: failed while reading the ElectricalSeries rates (AttributeError: module 'spikeinterface.extractors' has no attribute 'NwbRecordingExtractor')
2026-10-04T15:25:42Z WARNING [179/1807] 3f376046-ac96-43d3-b78f-bb55b8d1b9af: leaving unrecorded for a later run to retry.
2026-10-04T15:25:42Z WARNING 3f377635-486e-4b06-bbbf-e2e6ff91eb35: failed while reading the ElectricalSeries rates (AttributeError: module 'spikeinterface.extractors' has no attribute 'NwbRecordingExtractor')
2026-10-04T15:25:42Z WARNING [180/1807] 3f377635-486e-4b06-bbbf-e2e6ff91eb35: leaving unrecorded for a later run to retry.
2026-10-04T15:25:42Z WARNING 3f38ce75-7bd5-4c2e-a8ff-0996a7300a65: failed while reading the ElectricalSeries rates (AttributeError: module 'spikeinterface.extractors' has no attribute 'NwbRecordingExtractor')
2026-10-04T15:25:42Z WARNING [181/1807] 3f38ce75-7bd5-4c2e-a8ff-0996a7300a65: leaving unrecorded for a later run to retry.
2026-10-04T15:25:42Z WARNING 3f39a558-fa72-4bf2-9b83-683c6b3dc842: failed while reading the ElectricalSeries rates (AttributeError: module 'spikeinterface.extractors' has no attribute 'NwbRecordingExtractor')
2026-10-04T15:25:42Z WARNING [182/1807] 3f39a558-fa72-4bf2-9b83-683c6b3dc842: leaving unrecorded for a later run to retry.
2026-10-04T15:25:43Z WARNING 3f39f678-b380-4cad-a767-2db597c7a0d3: failed while reading the ElectricalSeries rates (AttributeError: module 'spikeinterface.extractors' has no attribute 'NwbRecordingExtractor')
2026-10-04T15:25:43Z WARNING [183/1807] 3f39f678-b380-4cad-a767-2db597c7a0d3: leaving unrecorded for a later run to retry.
2026-10-04T15:25:43Z WARNING 3f3ad28c-a994-410c-b1d4-70bfe0fcc53f: failed while reading the ElectricalSeries rates (AttributeError: module 'spikeinterface.extractors' has no attribute 'NwbRecordingExtractor')
2026-10-04T15:25:43Z WARNING [184/1807] 3f3ad28c-a994-410c-b1d4-70bfe0fcc53f: leaving unrecorded for a later run to retry.
2026-10-04T15:25:43Z WARNING 3f3b09ce-7c88-4ff5-807e-b70cfbd50e9b: failed while reading the ElectricalSeries rates (AttributeError: module 'spikeinterface.extractors' has no attribute 'NwbRecordingExtractor')
2026-10-04T15:25:43Z WARNING [185/1807] 3f3b09ce-7c88-4ff5-807e-b70cfbd50e9b: leaving unrecorded for a later run to retry.
2026-10-04T15:25:43Z WARNING 3f3b3217-6b4e-4dfe-9c3c-51ca448a0bc7: failed while reading the ElectricalSeries rates (AttributeError: module 'spikeinterface.extractors' has no attribute 'NwbRecordingExtractor')
2026-10-04T15:25:43Z WARNING [186/1807] 3f3b3217-6b4e-4dfe-9c3c-51ca448a0bc7: leaving unrecorded for a later run to retry.
2026-10-04T15:25:43Z WARNING 3f3c0a40-78a3-4c1e-90c3-4f825563f3fb: failed while reading the ElectricalSeries rates (AttributeError: module 'spikeinterface.extractors' has no attribute 'NwbRecordingExtractor')
2026-10-04T15:25:43Z WARNING [187/1807] 3f3c0a40-78a3-4c1e-90c3-4f825563f3fb: leaving unrecorded for a later run to retry.
2026-10-04T15:25:43Z WARNING 3f3c545f-fe1b-4dc3-ad2e-935d2df157ce: failed while reading the ElectricalSeries rates (AttributeError: module 'spikeinterface.extractors' has no attribute 'NwbRecordingExtractor')
2026-10-04T15:25:43Z WARNING [188/1807] 3f3c545f-fe1b-4dc3-ad2e-935d2df157ce: leaving unrecorded for a later run to retry.
2026-10-04T15:25:43Z WARNING 3f3e07d6-597f-4d2a-8674-424fae7b192e: failed while reading the ElectricalSeries rates (AttributeError: module 'spikeinterface.extractors' has no attribute 'NwbRecordingExtractor')
2026-10-04T15:25:43Z WARNING [189/1807] 3f3e07d6-597f-4d2a-8674-424fae7b192e: leaving unrecorded for a later run to retry.
2026-10-04T15:25:44Z WARNING 3f3e4b48-35f9-4023-a76b-b0047938d110: failed while reading the ElectricalSeries rates (AttributeError: module 'spikeinterface.extractors' has no attribute 'NwbRecordingExtractor')
2026-10-04T15:25:44Z WARNING [190/1807] 3f3e4b48-35f9-4023-a76b-b0047938d110: leaving unrecorded for a later run to retry.
2026-10-04T15:25:44Z WARNING 3f3eee3b-eb0f-4ce0-996e-6ed78c527d22: failed while reading the ElectricalSeries rates (AttributeError: module 'spikeinterface.extractors' has no attribute 'NwbRecordingExtractor')
2026-10-04T15:25:44Z WARNING [191/1807] 3f3eee3b-eb0f-4ce0-996e-6ed78c527d22: leaving unrecorded for a later run to retry.
2026-10-04T15:25:44Z WARNING 3f40466f-ecaf-41e0-bf9b-74e5559df851: failed while reading the ElectricalSeries rates (AttributeError: module 'spikeinterface.extractors' has no attribute 'NwbRecordingExtractor')
2026-10-04T15:25:44Z WARNING [192/1807] 3f40466f-ecaf-41e0-bf9b-74e5559df851: leaving unrecorded for a later run to retry.
2026-10-04T15:25:44Z WARNING 3f415689-1764-4473-9080-160cd5f36951: failed while reading the ElectricalSeries rates (AttributeError: module 'spikeinterface.extractors' has no attribute 'NwbRecordingExtractor')
2026-10-04T15:25:44Z WARNING [193/1807] 3f415689-1764-4473-9080-160cd5f36951: leaving unrecorded for a later run to retry.
2026-10-04T15:25:44Z WARNING 3f417e86-49cf-413e-acee-56fb19db95f6: failed while reading the ElectricalSeries rates (AttributeError: module 'spikeinterface.extractors' has no attribute 'NwbRecordingExtractor')
2026-10-04T15:25:44Z WARNING [194/1807] 3f417e86-49cf-413e-acee-56fb19db95f6: leaving unrecorded for a later run to retry.
2026-10-04T15:25:44Z WARNING 3f41a40c-7c5d-48a0-afe3-40758b2df207: failed while reading the ElectricalSeries rates (AttributeError: module 'spikeinterface.extractors' has no attribute 'NwbRecordingExtractor')
2026-10-04T15:25:44Z WARNING [195/1807] 3f41a40c-7c5d-48a0-afe3-40758b2df207: leaving unrecorded for a later run to retry.
2026-10-04T15:25:45Z WARNING 3f41c661-dad4-4c97-bd17-a4748adfcac6: failed while reading the ElectricalSeries rates (AttributeError: module 'spikeinterface.extractors' has no attribute 'NwbRecordingExtractor')
2026-10-04T15:25:45Z WARNING [196/1807] 3f41c661-dad4-4c97-bd17-a4748adfcac6: leaving unrecorded for a later run to retry.
2026-10-04T15:25:45Z WARNING 3f423e4b-cecc-45d8-a1b5-3361121f1660: failed while reading the ElectricalSeries rates (AttributeError: module 'spikeinterface.extractors' has no attribute 'NwbRecordingExtractor')
2026-10-04T15:25:45Z WARNING [197/1807] 3f423e4b-cecc-45d8-a1b5-3361121f1660: leaving unrecorded for a later run to retry.
2026-10-04T15:25:45Z WARNING 3f42b9be-4e8e-4aea-8f19-1b6bb78fd61d: failed while reading the ElectricalSeries rates (AttributeError: module 'spikeinterface.extractors' has no attribute 'NwbRecordingExtractor')
2026-10-04T15:25:45Z WARNING [198/1807] 3f42b9be-4e8e-4aea-8f19-1b6bb78fd61d: leaving unrecorded for a later run to retry.
2026-10-04T15:25:45Z WARNING 3f42d282-bd78-4e36-82a2-6dcc6894933b: failed while reading the ElectricalSeries rates (AttributeError: module 'spikeinterface.extractors' has no attribute 'NwbRecordingExtractor')
2026-10-04T15:25:45Z WARNING [199/1807] 3f42d282-bd78-4e36-82a2-6dcc6894933b: leaving unrecorded for a later run to retry.
2026-10-04T15:25:45Z WARNING 3f4364fc-c932-4d9d-95e3-70870386eead: failed while reading the ElectricalSeries rates (AttributeError: module 'spikeinterface.extractors' has no attribute 'NwbRecordingExtractor')
2026-10-04T15:25:45Z WARNING [200/1807] 3f4364fc-c932-4d9d-95e3-70870386eead: leaving unrecorded for a later run to retry.
2026-10-04T15:25:45Z INFO [200/1807] 3f4364fc-c932-4d9d-95e3-70870386eead: checkpointed 60602 records.
2026-10-04T15:25:45Z WARNING 3f439e0d-1879-440b-a4c2-020d1d4865ff: failed while reading the ElectricalSeries rates (AttributeError: module 'spikeinterface.extractors' has no attribute 'NwbRecordingExtractor')
2026-10-04T15:25:45Z WARNING [201/1807] 3f439e0d-1879-440b-a4c2-020d1d4865ff: leaving unrecorded for a later run to retry.
2026-10-04T15:25:46Z WARNING 3f43cf16-c9db-4073-95fb-9cc7e662d713: failed while reading the ElectricalSeries rates (AttributeError: module 'spikeinterface.extractors' has no attribute 'NwbRecordingExtractor')
2026-10-04T15:25:46Z WARNING [202/1807] 3f43cf16-c9db-4073-95fb-9cc7e662d713: leaving unrecorded for a later run to retry.
2026-10-04T15:25:46Z WARNING 3f442ac6-7d18-4f16-a8ab-49ddef28b4f9: failed while reading the ElectricalSeries rates (AttributeError: module 'spikeinterface.extractors' has no attribute 'NwbRecordingExtractor')
2026-10-04T15:25:46Z WARNING [203/1807] 3f442ac6-7d18-4f16-a8ab-49ddef28b4f9: leaving unrecorded for a later run to retry.
2026-10-04T15:25:46Z WARNING 3f44a803-7c3a-4f74-9243-3c6a7d49f9e7: failed while reading the ElectricalSeries rates (AttributeError: module 'spikeinterface.extractors' has no attribute 'NwbRecordingExtractor')
2026-10-04T15:25:46Z WARNING [204/1807] 3f44a803-7c3a-4f74-9243-3c6a7d49f9e7: leaving unrecorded for a later run to retry.
2026-10-04T15:25:46Z WARNING 3f44b6f5-b056-451a-a7ef-25ae2909c237: failed while reading the ElectricalSeries rates (AttributeError: module 'spikeinterface.extractors' has no attribute 'NwbRecordingExtractor')
2026-10-04T15:25:46Z WARNING [205/1807] 3f44b6f5-b056-451a-a7ef-25ae2909c237: leaving unrecorded for a later run to retry.
2026-10-04T15:25:46Z WARNING 3f44f55c-4907-4fc5-a6b8-a10481bffd62: failed while reading the ElectricalSeries rates (AttributeError: module 'spikeinterface.extractors' has no attribute 'NwbRecordingExtractor')
2026-10-04T15:25:46Z WARNING [206/1807] 3f44f55c-4907-4fc5-a6b8-a10481bffd62: leaving unrecorded for a later run to retry.
2026-10-04T15:25:46Z WARNING 3f450e69-bc38-4da0-80cf-7af61dbc4872: failed while reading the ElectricalSeries rates (AttributeError: module 'spikeinterface.extractors' has no attribute 'NwbRecordingExtractor')
2026-10-04T15:25:46Z WARNING [207/1807] 3f450e69-bc38-4da0-80cf-7af61dbc4872: leaving unrecorded for a later run to retry.
2026-10-04T15:25:46Z WARNING 3f455be3-ea4f-4c5e-8826-0f867c522adb: failed while reading the ElectricalSeries rates (AttributeError: module 'spikeinterface.extractors' has no attribute 'NwbRecordingExtractor')
2026-10-04T15:25:46Z WARNING [208/1807] 3f455be3-ea4f-4c5e-8826-0f867c522adb: leaving unrecorded for a later run to retry.
2026-10-04T15:25:47Z WARNING 3f45db4b-83b6-4416-826a-ef1030c86e2b: failed while reading the ElectricalSeries rates (AttributeError: module 'spikeinterface.extractors' has no attribute 'NwbRecordingExtractor')
2026-10-04T15:25:47Z WARNING [209/1807] 3f45db4b-83b6-4416-826a-ef1030c86e2b: leaving unrecorded for a later run to retry.
2026-10-04T15:25:47Z WARNING 3f47227d-4739-493a-a7dd-91ede85fffbb: failed while reading the ElectricalSeries rates (AttributeError: module 'spikeinterface.extractors' has no attribute 'NwbRecordingExtractor')
2026-10-04T15:25:47Z WARNING [210/1807] 3f47227d-4739-493a-a7dd-91ede85fffbb: leaving unrecorded for a later run to retry.
2026-10-04T15:25:47Z WARNING 3f4734b1-14fb-4e1a-896f-888771d41318: failed while reading the ElectricalSeries rates (AttributeError: module 'spikeinterface.extractors' has no attribute 'NwbRecordingExtractor')
2026-10-04T15:25:47Z WARNING [211/1807] 3f4734b1-14fb-4e1a-896f-888771d41318: leaving unrecorded for a later run to retry.
2026-10-04T15:25:47Z WARNING 3f479699-6379-44df-9ee0-3479bdcff993: failed while reading the ElectricalSeries rates (AttributeError: module 'spikeinterface.extractors' has no attribute 'NwbRecordingExtractor')
2026-10-04T15:25:47Z WARNING [212/1807] 3f479699-6379-44df-9ee0-3479bdcff993: leaving unrecorded for a later run to retry.
2026-10-04T15:25:47Z WARNING 3f47a697-7ed4-491a-8cda-37225e86936c: failed while reading the ElectricalSeries rates (AttributeError: module 'spikeinterface.extractors' has no attribute 'NwbRecordingExtractor')
2026-10-04T15:25:47Z WARNING [213/1807] 3f47a697-7ed4-491a-8cda-37225e86936c: leaving unrecorded for a later run to retry.
2026-10-04T15:25:47Z WARNING 3f47b4a5-502d-4bf5-8618-a3450d338901: failed while reading the ElectricalSeries rates (AttributeError: module 'spikeinterface.extractors' has no attribute 'NwbRecordingExtractor')
2026-10-04T15:25:47Z WARNING [214/1807] 3f47b4a5-502d-4bf5-8618-a3450d338901: leaving unrecorded for a later run to retry.
2026-10-04T15:25:48Z WARNING 3f48bd88-7ca6-4d79-b383-c64ed159e06d: failed while reading the ElectricalSeries rates (AttributeError: module 'spikeinterface.extractors' has no attribute 'NwbRecordingExtractor')
2026-10-04T15:25:48Z WARNING [215/1807] 3f48bd88-7ca6-4d79-b383-c64ed159e06d: leaving unrecorded for a later run to retry.
2026-10-04T15:25:48Z WARNING 3f48c20e-c746-4748-8a71-704316f44bc7: failed while reading the ElectricalSeries rates (AttributeError: module 'spikeinterface.extractors' has no attribute 'NwbRecordingExtractor')
2026-10-04T15:25:48Z WARNING [216/1807] 3f48c20e-c746-4748-8a71-704316f44bc7: leaving unrecorded for a later run to retry.
2026-10-04T15:25:48Z WARNING 3f491dd6-7a0c-4552-b718-a24ddc5bc29c: failed while reading the ElectricalSeries rates (AttributeError: module 'spikeinterface.extractors' has no attribute 'NwbRecordingExtractor')
2026-10-04T15:25:48Z WARNING [217/1807] 3f491dd6-7a0c-4552-b718-a24ddc5bc29c: leaving unrecorded for a later run to retry.
2026-10-04T15:25:48Z WARNING 3f49266c-d2d4-4033-8b99-4cf4f0fb646f: failed while reading the ElectricalSeries rates (AttributeError: module 'spikeinterface.extractors' has no attribute 'NwbRecordingExtractor')
2026-10-04T15:25:48Z WARNING [218/1807] 3f49266c-d2d4-4033-8b99-4cf4f0fb646f: leaving unrecorded for a later run to retry.
2026-10-04T15:25:48Z WARNING 3f49554a-a5bb-4ae2-80b4-c33299ba6a7b: failed while reading the ElectricalSeries rates (AttributeError: module 'spikeinterface.extractors' has no attribute 'NwbRecordingExtractor')
2026-10-04T15:25:48Z WARNING [219/1807] 3f49554a-a5bb-4ae2-80b4-c33299ba6a7b: leaving unrecorded for a later run to retry.
2026-10-04T15:25:48Z WARNING 3f49adf3-a657-4323-a938-713cb50e99fa: failed while reading the ElectricalSeries rates (AttributeError: module 'spikeinterface.extractors' has no attribute 'NwbRecordingExtractor')
2026-10-04T15:25:48Z WARNING [220/1807] 3f49adf3-a657-4323-a938-713cb50e99fa: leaving unrecorded for a later run to retry.
2026-10-04T15:25:48Z WARNING 3f49d1ed-fa20-472b-9d1a-ff9b26995944: failed while reading the ElectricalSeries rates (AttributeError: module 'spikeinterface.extractors' has no attribute 'NwbRecordingExtractor')
2026-10-04T15:25:48Z WARNING [221/1807] 3f49d1ed-fa20-472b-9d1a-ff9b26995944: leaving unrecorded for a later run to retry.
2026-10-04T15:25:49Z WARNING 3f49d660-7642-414d-b363-153849110115: failed while reading the ElectricalSeries rates (AttributeError: module 'spikeinterface.extractors' has no attribute 'NwbRecordingExtractor')
2026-10-04T15:25:49Z WARNING [222/1807] 3f49d660-7642-414d-b363-153849110115: leaving unrecorded for a later run to retry.
2026-10-04T15:25:49Z WARNING 3f4aaf1e-22a2-4b4c-a01b-a8e4e6cfac3e: failed while reading the ElectricalSeries rates (AttributeError: module 'spikeinterface.extractors' has no attribute 'NwbRecordingExtractor')
2026-10-04T15:25:49Z WARNING [223/1807] 3f4aaf1e-22a2-4b4c-a01b-a8e4e6cfac3e: leaving unrecorded for a later run to retry.
2026-10-04T15:25:49Z WARNING 3f4ac16f-837c-4f70-8efa-b028273bed64: failed while reading the ElectricalSeries rates (AttributeError: module 'spikeinterface.extractors' has no attribute 'NwbRecordingExtractor')
2026-10-04T15:25:49Z WARNING [224/1807] 3f4ac16f-837c-4f70-8efa-b028273bed64: leaving unrecorded for a later run to retry.
2026-10-04T15:25:49Z WARNING 3f4c8ad9-6cd1-401d-a949-dea0811608e4: failed while reading the ElectricalSeries rates (AttributeError: module 'spikeinterface.extractors' has no attribute 'NwbRecordingExtractor')
2026-10-04T15:25:49Z WARNING [225/1807] 3f4c8ad9-6cd1-401d-a949-dea0811608e4: leaving unrecorded for a later run to retry.
2026-10-04T15:25:49Z WARNING 3f4cd382-aa38-4bf0-89c8-68af4eed5216: failed while reading the ElectricalSeries rates (AttributeError: module 'spikeinterface.extractors' has no attribute 'NwbRecordingExtractor')
2026-10-04T15:25:49Z WARNING [226/1807] 3f4cd382-aa38-4bf0-89c8-68af4eed5216: leaving unrecorded for a later run to retry.
2026-10-04T15:25:49Z WARNING 3f4d3053-c3df-45c0-85f1-816054997643: failed while reading the ElectricalSeries rates (AttributeError: module 'spikeinterface.extractors' has no attribute 'NwbRecordingExtractor')
2026-10-04T15:25:49Z WARNING [227/1807] 3f4d3053-c3df-45c0-85f1-816054997643: leaving unrecorded for a later run to retry.
2026-10-04T15:25:49Z WARNING 3f4d3795-e48b-429e-951f-91f3f3ba077f: failed while reading the ElectricalSeries rates (AttributeError: module 'spikeinterface.extractors' has no attribute 'NwbRecordingExtractor')
2026-10-04T15:25:49Z WARNING [228/1807] 3f4d3795-e48b-429e-951f-91f3f3ba077f: leaving unrecorded for a later run to retry.
2026-10-04T15:25:50Z WARNING 3f4e2819-6359-4610-be64-106d8d20948d: failed while reading the ElectricalSeries rates (AttributeError: module 'spikeinterface.extractors' has no attribute 'NwbRecordingExtractor')
2026-10-04T15:25:50Z WARNING [229/1807] 3f4e2819-6359-4610-be64-106d8d20948d: leaving unrecorded for a later run to retry.
2026-10-04T15:25:50Z WARNING 3f4e8807-3783-4075-a933-0dcab78c18f0: failed while reading the ElectricalSeries rates (AttributeError: module 'spikeinterface.extractors' has no attribute 'NwbRecordingExtractor')
2026-10-04T15:25:50Z WARNING [230/1807] 3f4e8807-3783-4075-a933-0dcab78c18f0: leaving unrecorded for a later run to retry.
2026-10-04T15:25:50Z WARNING 3f4f63e5-0b75-4134-bd62-a68ae032f4b0: failed while reading the ElectricalSeries rates (AttributeError: module 'spikeinterface.extractors' has no attribute 'NwbRecordingExtractor')
2026-10-04T15:25:50Z WARNING [231/1807] 3f4f63e5-0b75-4134-bd62-a68ae032f4b0: leaving unrecorded for a later run to retry.
2026-10-04T15:25:50Z WARNING 3f506a48-496b-43c3-b42c-a4b5534f3927: failed while reading the ElectricalSeries rates (AttributeError: module 'spikeinterface.extractors' has no attribute 'NwbRecordingExtractor')
2026-10-04T15:25:50Z WARNING [232/1807] 3f506a48-496b-43c3-b42c-a4b5534f3927: leaving unrecorded for a later run to retry.
2026-10-04T15:25:50Z WARNING 3f513e0d-3d65-40f9-9d7d-e648c5ad829f: failed while reading the ElectricalSeries rates (AttributeError: module 'spikeinterface.extractors' has no attribute 'NwbRecordingExtractor')
2026-10-04T15:25:50Z WARNING [233/1807] 3f513e0d-3d65-40f9-9d7d-e648c5ad829f: leaving unrecorded for a later run to retry.
2026-10-04T15:25:50Z WARNING 3f520ad7-b81a-4182-8005-a38723c28115: failed while reading the ElectricalSeries rates (AttributeError: module 'spikeinterface.extractors' has no attribute 'NwbRecordingExtractor')
2026-10-04T15:25:50Z WARNING [234/1807] 3f520ad7-b81a-4182-8005-a38723c28115: leaving unrecorded for a later run to retry.
2026-10-04T15:25:51Z WARNING 3f52f157-b2b8-4f8d-a3a1-5dc9199dd420: failed while reading the ElectricalSeries rates (AttributeError: module 'spikeinterface.extractors' has no attribute 'NwbRecordingExtractor')
2026-10-04T15:25:51Z WARNING [235/1807] 3f52f157-b2b8-4f8d-a3a1-5dc9199dd420: leaving unrecorded for a later run to retry.
2026-10-04T15:25:51Z WARNING 3f53c31b-0126-4aaf-b3a8-d3fcb264de77: failed while reading the ElectricalSeries rates (AttributeError: module 'spikeinterface.extractors' has no attribute 'NwbRecordingExtractor')
2026-10-04T15:25:51Z WARNING [236/1807] 3f53c31b-0126-4aaf-b3a8-d3fcb264de77: leaving unrecorded for a later run to retry.
2026-10-04T15:25:51Z WARNING 3f54200f-23cd-4cf6-afa6-42a92db5d466: failed while reading the ElectricalSeries rates (AttributeError: module 'spikeinterface.extractors' has no attribute 'NwbRecordingExtractor')
2026-10-04T15:25:51Z WARNING [237/1807] 3f54200f-23cd-4cf6-afa6-42a92db5d466: leaving unrecorded for a later run to retry.
2026-10-04T15:25:51Z WARNING 3f5425ce-fbfe-4b1e-9e7a-54efcd71fc6c: failed while reading the ElectricalSeries rates (AttributeError: module 'spikeinterface.extractors' has no attribute 'NwbRecordingExtractor')
2026-10-04T15:25:51Z WARNING [238/1807] 3f5425ce-fbfe-4b1e-9e7a-54efcd71fc6c: leaving unrecorded for a later run to retry.
2026-10-04T15:25:51Z WARNING 3f559418-fe13-4603-891a-7bc24c5a6b22: failed while reading the ElectricalSeries rates (AttributeError: module 'spikeinterface.extractors' has no attribute 'NwbRecordingExtractor')
2026-10-04T15:25:51Z WARNING [239/1807] 3f559418-fe13-4603-891a-7bc24c5a6b22: leaving unrecorded for a later run to retry.
2026-10-04T15:25:51Z WARNING 3f55bf06-7eb1-4550-98ae-cd91796a3949: failed while reading the ElectricalSeries rates (AttributeError: module 'spikeinterface.extractors' has no attribute 'NwbRecordingExtractor')
2026-10-04T15:25:51Z WARNING [240/1807] 3f55bf06-7eb1-4550-98ae-cd91796a3949: leaving unrecorded for a later run to retry.
2026-10-04T15:25:51Z WARNING 3f567df9-b6b8-4157-9187-6655c682e9df: failed while reading the ElectricalSeries rates (AttributeError: module 'spikeinterface.extractors' has no attribute 'NwbRecordingExtractor')
2026-10-04T15:25:51Z WARNING [241/1807] 3f567df9-b6b8-4157-9187-6655c682e9df: leaving unrecorded for a later run to retry.
2026-10-04T15:25:52Z WARNING 3f575c0a-ab64-47a3-aa4c-dd6d85aa9b40: failed while reading the ElectricalSeries rates (AttributeError: module 'spikeinterface.extractors' has no attribute 'NwbRecordingExtractor')
2026-10-04T15:25:52Z WARNING [242/1807] 3f575c0a-ab64-47a3-aa4c-dd6d85aa9b40: leaving unrecorded for a later run to retry.
2026-10-04T15:25:52Z WARNING 3f57fe55-24a4-447f-a816-b000120c57e6: failed while reading the ElectricalSeries rates (AttributeError: module 'spikeinterface.extractors' has no attribute 'NwbRecordingExtractor')
2026-10-04T15:25:52Z WARNING [243/1807] 3f57fe55-24a4-447f-a816-b000120c57e6: leaving unrecorded for a later run to retry.
2026-10-04T15:25:52Z WARNING 3f58c6b7-585e-45d1-aa3f-509a90a4aab6: failed while reading the ElectricalSeries rates (AttributeError: module 'spikeinterface.extractors' has no attribute 'NwbRecordingExtractor')
2026-10-04T15:25:52Z WARNING [244/1807] 3f58c6b7-585e-45d1-aa3f-509a90a4aab6: leaving unrecorded for a later run to retry.
2026-10-04T15:25:52Z WARNING 3f592f28-c986-42bb-b084-41df88c2a8ae: failed while reading the ElectricalSeries rates (AttributeError: module 'spikeinterface.extractors' has no attribute 'NwbRecordingExtractor')
2026-10-04T15:25:52Z WARNING [245/1807] 3f592f28-c986-42bb-b084-41df88c2a8ae: leaving unrecorded for a later run to retry.
2026-10-04T15:25:52Z WARNING 3f59413d-e187-4e63-bfad-77bbbad29b7f: failed while reading the ElectricalSeries rates (AttributeError: module 'spikeinterface.extractors' has no attribute 'NwbRecordingExtractor')
2026-10-04T15:25:52Z WARNING [246/1807] 3f59413d-e187-4e63-bfad-77bbbad29b7f: leaving unrecorded for a later run to retry.
2026-10-04T15:25:52Z WARNING 3f594924-42f8-4391-8bde-a20911e99d4e: failed while reading the ElectricalSeries rates (AttributeError: module 'spikeinterface.extractors' has no attribute 'NwbRecordingExtractor')
2026-10-04T15:25:52Z WARNING [247/1807] 3f594924-42f8-4391-8bde-a20911e99d4e: leaving unrecorded for a later run to retry.
2026-10-04T15:25:53Z WARNING 3f59bdce-55dd-4c9d-803b-47e6d41d68dd: failed while reading the ElectricalSeries rates (AttributeError: module 'spikeinterface.extractors' has no attribute 'NwbRecordingExtractor')
2026-10-04T15:25:53Z WARNING [248/1807] 3f59bdce-55dd-4c9d-803b-47e6d41d68dd: leaving unrecorded for a later run to retry.
2026-10-04T15:25:53Z WARNING 3f59ebc4-ff16-40f3-a7b2-775781d0472e: failed while reading the ElectricalSeries rates (AttributeError: module 'spikeinterface.extractors' has no attribute 'NwbRecordingExtractor')
2026-10-04T15:25:53Z WARNING [249/1807] 3f59ebc4-ff16-40f3-a7b2-775781d0472e: leaving unrecorded for a later run to retry.
2026-10-04T15:25:53Z WARNING 3f5bfced-311f-46b6-8dcc-7785a0c8753e: failed while reading the ElectricalSeries rates (AttributeError: module 'spikeinterface.extractors' has no attribute 'NwbRecordingExtractor')
2026-10-04T15:25:53Z WARNING [250/1807] 3f5bfced-311f-46b6-8dcc-7785a0c8753e: leaving unrecorded for a later run to retry.
2026-10-04T15:25:53Z INFO [250/1807] 3f5bfced-311f-46b6-8dcc-7785a0c8753e: checkpointed 60602 records.
2026-10-04T15:25:53Z WARNING 3f5c274a-1df5-4734-8340-c5ea261b0b78: failed while reading the ElectricalSeries rates (AttributeError: module 'spikeinterface.extractors' has no attribute 'NwbRecordingExtractor')
2026-10-04T15:25:53Z WARNING [251/1807] 3f5c274a-1df5-4734-8340-c5ea261b0b78: leaving unrecorded for a later run to retry.
2026-10-04T15:25:53Z WARNING 3f5cb855-450d-4ad4-aa23-d8e3b8bca755: failed while reading the ElectricalSeries rates (AttributeError: module 'spikeinterface.extractors' has no attribute 'NwbRecordingExtractor')
2026-10-04T15:25:53Z WARNING [252/1807] 3f5cb855-450d-4ad4-aa23-d8e3b8bca755: leaving unrecorded for a later run to retry.
2026-10-04T15:25:53Z WARNING 3f5d0394-2465-4586-a6e4-632f4985b7f6: failed while reading the ElectricalSeries rates (AttributeError: module 'spikeinterface.extractors' has no attribute 'NwbRecordingExtractor')
2026-10-04T15:25:53Z WARNING [253/1807] 3f5d0394-2465-4586-a6e4-632f4985b7f6: leaving unrecorded for a later run to retry.
2026-10-04T15:25:53Z WARNING 3f5de459-8033-4f61-893d-4866e49c5d51: failed while reading the ElectricalSeries rates (AttributeError: module 'spikeinterface.extractors' has no attribute 'NwbRecordingExtractor')
2026-10-04T15:25:53Z WARNING [254/1807] 3f5de459-8033-4f61-893d-4866e49c5d51: leaving unrecorded for a later run to retry.
2026-10-04T15:25:54Z WARNING 3f5e521d-8018-4858-b9e3-c779db2beb05: failed while reading the ElectricalSeries rates (AttributeError: module 'spikeinterface.extractors' has no attribute 'NwbRecordingExtractor')
2026-10-04T15:25:54Z WARNING [255/1807] 3f5e521d-8018-4858-b9e3-c779db2beb05: leaving unrecorded for a later run to retry.
2026-10-04T15:25:54Z WARNING 3f5e67be-692c-43f1-84dd-1f5029514c4b: failed while reading the ElectricalSeries rates (AttributeError: module 'spikeinterface.extractors' has no attribute 'NwbRecordingExtractor')
2026-10-04T15:25:54Z WARNING [256/1807] 3f5e67be-692c-43f1-84dd-1f5029514c4b: leaving unrecorded for a later run to retry.
2026-10-04T15:25:54Z WARNING 3f5e713e-e6da-4efd-a7a0-e53fda29e3c3: failed while reading the ElectricalSeries rates (AttributeError: module 'spikeinterface.extractors' has no attribute 'NwbRecordingExtractor')
2026-10-04T15:25:54Z WARNING [257/1807] 3f5e713e-e6da-4efd-a7a0-e53fda29e3c3: leaving unrecorded for a later run to retry.
2026-10-04T15:25:54Z WARNING 3f5eb7c2-621e-4c15-b705-a8f45556e8a1: failed while reading the ElectricalSeries rates (AttributeError: module 'spikeinterface.extractors' has no attribute 'NwbRecordingExtractor')
2026-10-04T15:25:54Z WARNING [258/1807] 3f5eb7c2-621e-4c15-b705-a8f45556e8a1: leaving unrecorded for a later run to retry.
2026-10-04T15:25:54Z WARNING 3f602bef-7689-4f56-b1d1-eb6e6c89f6f1: failed while reading the ElectricalSeries rates (AttributeError: module 'spikeinterface.extractors' has no attribute 'NwbRecordingExtractor')
2026-10-04T15:25:54Z WARNING [259/1807] 3f602bef-7689-4f56-b1d1-eb6e6c89f6f1: leaving unrecorded for a later run to retry.
2026-10-04T15:25:55Z WARNING 3f60be41-8a24-42cf-9a4c-6aa10fcda5db: failed while reading the ElectricalSeries rates (AttributeError: module 'spikeinterface.extractors' has no attribute 'NwbRecordingExtractor')
2026-10-04T15:25:55Z WARNING [260/1807] 3f60be41-8a24-42cf-9a4c-6aa10fcda5db: leaving unrecorded for a later run to retry.
2026-10-04T15:25:55Z WARNING 3f610823-ed76-4fbd-8cc9-46a5bcc7ebbb: failed while reading the ElectricalSeries rates (AttributeError: module 'spikeinterface.extractors' has no attribute 'NwbRecordingExtractor')
2026-10-04T15:25:55Z WARNING [261/1807] 3f610823-ed76-4fbd-8cc9-46a5bcc7ebbb: leaving unrecorded for a later run to retry.
2026-10-04T15:25:55Z WARNING 3f6290b5-6344-4b68-b1df-f6b1b0136315: failed while reading the ElectricalSeries rates (AttributeError: module 'spikeinterface.extractors' has no attribute 'NwbRecordingExtractor')
2026-10-04T15:25:55Z WARNING [262/1807] 3f6290b5-6344-4b68-b1df-f6b1b0136315: leaving unrecorded for a later run to retry.
2026-10-04T15:25:55Z WARNING 3f629867-a13f-4a1d-b4e7-8c00cb9ebd3d: failed while reading the ElectricalSeries rates (AttributeError: module 'spikeinterface.extractors' has no attribute 'NwbRecordingExtractor')
2026-10-04T15:25:55Z WARNING [263/1807] 3f629867-a13f-4a1d-b4e7-8c00cb9ebd3d: leaving unrecorded for a later run to retry.
2026-10-04T15:25:55Z WARNING 3f631026-ada6-4397-bf69-7cfa40a89728: failed while reading the ElectricalSeries rates (AttributeError: module 'spikeinterface.extractors' has no attribute 'NwbRecordingExtractor')
2026-10-04T15:25:55Z WARNING [264/1807] 3f631026-ada6-4397-bf69-7cfa40a89728: leaving unrecorded for a later run to retry.
2026-10-04T15:25:55Z WARNING 3f63d2d8-d973-4179-a55e-22be47ff3d17: failed while reading the ElectricalSeries rates (AttributeError: module 'spikeinterface.extractors' has no attribute 'NwbRecordingExtractor')
2026-10-04T15:25:55Z WARNING [265/1807] 3f63d2d8-d973-4179-a55e-22be47ff3d17: leaving unrecorded for a later run to retry.
2026-10-04T15:25:55Z WARNING 3f657ef0-ab58-4d71-b367-d73103fee35e: failed while reading the ElectricalSeries rates (AttributeError: module 'spikeinterface.extractors' has no attribute 'NwbRecordingExtractor')
2026-10-04T15:25:55Z WARNING [266/1807] 3f657ef0-ab58-4d71-b367-d73103fee35e: leaving unrecorded for a later run to retry.
2026-10-04T15:25:56Z WARNING 3f66006c-2baf-4b42-aa40-b4a2eb77ac2c: failed while reading the ElectricalSeries rates (AttributeError: module 'spikeinterface.extractors' has no attribute 'NwbRecordingExtractor')
2026-10-04T15:25:56Z WARNING [267/1807] 3f66006c-2baf-4b42-aa40-b4a2eb77ac2c: leaving unrecorded for a later run to retry.
2026-10-04T15:25:56Z WARNING 3f6621ac-364d-43aa-b456-d786a229f802: failed while reading the ElectricalSeries rates (AttributeError: module 'spikeinterface.extractors' has no attribute 'NwbRecordingExtractor')
2026-10-04T15:25:56Z WARNING [268/1807] 3f6621ac-364d-43aa-b456-d786a229f802: leaving unrecorded for a later run to retry.
2026-10-04T15:25:56Z WARNING 3f6635c6-083f-49ef-95f6-d195d643b1d7: failed while reading the ElectricalSeries rates (AttributeError: module 'spikeinterface.extractors' has no attribute 'NwbRecordingExtractor')
2026-10-04T15:25:56Z WARNING [269/1807] 3f6635c6-083f-49ef-95f6-d195d643b1d7: leaving unrecorded for a later run to retry.
2026-10-04T15:25:56Z WARNING 3f668912-e114-4511-9892-0ea57c061e0d: failed while reading the ElectricalSeries rates (AttributeError: module 'spikeinterface.extractors' has no attribute 'NwbRecordingExtractor')
2026-10-04T15:25:56Z WARNING [270/1807] 3f668912-e114-4511-9892-0ea57c061e0d: leaving unrecorded for a later run to retry.
2026-10-04T15:25:56Z WARNING 3f66fc61-183f-48b3-a1be-f91a8724a97d: failed while reading the ElectricalSeries rates (AttributeError: module 'spikeinterface.extractors' has no attribute 'NwbRecordingExtractor')
2026-10-04T15:25:56Z WARNING [271/1807] 3f66fc61-183f-48b3-a1be-f91a8724a97d: leaving unrecorded for a later run to retry.
2026-10-04T15:25:57Z WARNING 3f673a97-1ac3-47cc-a4af-d21528c67613: failed while reading the ElectricalSeries rates (AttributeError: module 'spikeinterface.extractors' has no attribute 'NwbRecordingExtractor')
2026-10-04T15:25:57Z WARNING [272/1807] 3f673a97-1ac3-47cc-a4af-d21528c67613: leaving unrecorded for a later run to retry.
2026-10-04T15:25:57Z WARNING 3f6833e5-f5f1-40ab-943b-37c336be0808: failed while reading the ElectricalSeries rates (AttributeError: module 'spikeinterface.extractors' has no attribute 'NwbRecordingExtractor')
2026-10-04T15:25:57Z WARNING [273/1807] 3f6833e5-f5f1-40ab-943b-37c336be0808: leaving unrecorded for a later run to retry.
2026-10-04T15:25:57Z WARNING 3f68b95b-899a-4a81-b4ab-caea7eb2a43e: failed while reading the ElectricalSeries rates (AttributeError: module 'spikeinterface.extractors' has no attribute 'NwbRecordingExtractor')
2026-10-04T15:25:57Z WARNING [274/1807] 3f68b95b-899a-4a81-b4ab-caea7eb2a43e: leaving unrecorded for a later run to retry.
2026-10-04T15:25:57Z WARNING 3f68d150-d78a-471d-ac7a-350a1b21021a: failed while reading the ElectricalSeries rates (AttributeError: module 'spikeinterface.extractors' has no attribute 'NwbRecordingExtractor')
2026-10-04T15:25:57Z WARNING [275/1807] 3f68d150-d78a-471d-ac7a-350a1b21021a: leaving unrecorded for a later run to retry.
2026-10-04T15:25:57Z WARNING 3f6a103f-6cc6-49b8-b171-bcecbb7d900d: failed while reading the ElectricalSeries rates (AttributeError: module 'spikeinterface.extractors' has no attribute 'NwbRecordingExtractor')
2026-10-04T15:25:57Z WARNING [276/1807] 3f6a103f-6cc6-49b8-b171-bcecbb7d900d: leaving unrecorded for a later run to retry.
2026-10-04T15:25:57Z WARNING 3f6a5dcb-f6e5-47d8-869e-d170ccba27b6: failed while reading the ElectricalSeries rates (AttributeError: module 'spikeinterface.extractors' has no attribute 'NwbRecordingExtractor')
2026-10-04T15:25:57Z WARNING [277/1807] 3f6a5dcb-f6e5-47d8-869e-d170ccba27b6: leaving unrecorded for a later run to retry.
2026-10-04T15:25:58Z WARNING 3f6a9f17-28a3-4aa9-9a52-f4cf7c9848dc: failed while reading the ElectricalSeries rates (AttributeError: module 'spikeinterface.extractors' has no attribute 'NwbRecordingExtractor')
2026-10-04T15:25:58Z WARNING [278/1807] 3f6a9f17-28a3-4aa9-9a52-f4cf7c9848dc: leaving unrecorded for a later run to retry.
2026-10-04T15:25:58Z WARNING 3f6b2e4a-d3ef-4915-b601-9c461e8e2897: failed while reading the ElectricalSeries rates (AttributeError: module 'spikeinterface.extractors' has no attribute 'NwbRecordingExtractor')
2026-10-04T15:25:58Z WARNING [279/1807] 3f6b2e4a-d3ef-4915-b601-9c461e8e2897: leaving unrecorded for a later run to retry.
2026-10-04T15:25:58Z WARNING 3f6b7a4c-d905-456d-b08d-9bce0f4d80b3: failed while reading the ElectricalSeries rates (AttributeError: module 'spikeinterface.extractors' has no attribute 'NwbRecordingExtractor')
2026-10-04T15:25:58Z WARNING [280/1807] 3f6b7a4c-d905-456d-b08d-9bce0f4d80b3: leaving unrecorded for a later run to retry.
2026-10-04T15:25:58Z WARNING 3f6bb7c7-9964-469d-a2f6-813808e42330: failed while reading the ElectricalSeries rates (AttributeError: module 'spikeinterface.extractors' has no attribute 'NwbRecordingExtractor')
2026-10-04T15:25:58Z WARNING [281/1807] 3f6bb7c7-9964-469d-a2f6-813808e42330: leaving unrecorded for a later run to retry.
2026-10-04T15:25:58Z WARNING 3f6d55f3-0869-468b-8372-4bff06177928: failed while reading the ElectricalSeries rates (AttributeError: module 'spikeinterface.extractors' has no attribute 'NwbRecordingExtractor')
2026-10-04T15:25:58Z WARNING [282/1807] 3f6d55f3-0869-468b-8372-4bff06177928: leaving unrecorded for a later run to retry.
2026-10-04T15:25:58Z WARNING 3f6d7012-6f4c-419b-9139-5a518b24bec0: failed while reading the ElectricalSeries rates (AttributeError: module 'spikeinterface.extractors' has no attribute 'NwbRecordingExtractor')
2026-10-04T15:25:58Z WARNING [283/1807] 3f6d7012-6f4c-419b-9139-5a518b24bec0: leaving unrecorded for a later run to retry.
2026-10-04T15:25:59Z WARNING 3f6d7a44-038f-468f-b6a4-eb929a7f986b: failed while reading the ElectricalSeries rates (AttributeError: module 'spikeinterface.extractors' has no attribute 'NwbRecordingExtractor')
2026-10-04T15:25:59Z WARNING [284/1807] 3f6d7a44-038f-468f-b6a4-eb929a7f986b: leaving unrecorded for a later run to retry.
2026-10-04T15:25:59Z WARNING 3f6e543b-600e-42c0-9d35-9105731c8c0c: failed while reading the ElectricalSeries rates (AttributeError: module 'spikeinterface.extractors' has no attribute 'NwbRecordingExtractor')
2026-10-04T15:25:59Z WARNING [285/1807] 3f6e543b-600e-42c0-9d35-9105731c8c0c: leaving unrecorded for a later run to retry.
2026-10-04T15:25:59Z WARNING 3f6e615d-2dee-4553-a185-902a99c40f7c: failed while reading the ElectricalSeries rates (AttributeError: module 'spikeinterface.extractors' has no attribute 'NwbRecordingExtractor')
2026-10-04T15:25:59Z WARNING [286/1807] 3f6e615d-2dee-4553-a185-902a99c40f7c: leaving unrecorded for a later run to retry.
2026-10-04T15:25:59Z WARNING 3f6f0a27-e651-4037-8de2-97d17c1cbb7e: failed while reading the ElectricalSeries rates (AttributeError: module 'spikeinterface.extractors' has no attribute 'NwbRecordingExtractor')
2026-10-04T15:25:59Z WARNING [287/1807] 3f6f0a27-e651-4037-8de2-97d17c1cbb7e: leaving unrecorded for a later run to retry.
2026-10-04T15:25:59Z WARNING 3f6fff33-d883-43f0-a7d6-a997209abaa2: failed while reading the ElectricalSeries rates (AttributeError: module 'spikeinterface.extractors' has no attribute 'NwbRecordingExtractor')
2026-10-04T15:25:59Z WARNING [288/1807] 3f6fff33-d883-43f0-a7d6-a997209abaa2: leaving unrecorded for a later run to retry.
2026-10-04T15:25:59Z WARNING 3f70685c-a967-4af8-81cb-24df56c03db5: failed while reading the ElectricalSeries rates (AttributeError: module 'spikeinterface.extractors' has no attribute 'NwbRecordingExtractor')
2026-10-04T15:25:59Z WARNING [289/1807] 3f70685c-a967-4af8-81cb-24df56c03db5: leaving unrecorded for a later run to retry.
2026-10-04T15:26:00Z WARNING 3f70a38e-1929-4a8e-92e5-8e2aaa416c77: failed while reading the ElectricalSeries rates (AttributeError: module 'spikeinterface.extractors' has no attribute 'NwbRecordingExtractor')
2026-10-04T15:26:00Z WARNING [290/1807] 3f70a38e-1929-4a8e-92e5-8e2aaa416c77: leaving unrecorded for a later run to retry.
2026-10-04T15:26:00Z WARNING 3f71480d-0ade-4f41-8c86-85855ed311cf: failed while reading the ElectricalSeries rates (AttributeError: module 'spikeinterface.extractors' has no attribute 'NwbRecordingExtractor')
2026-10-04T15:26:00Z WARNING [291/1807] 3f71480d-0ade-4f41-8c86-85855ed311cf: leaving unrecorded for a later run to retry.
2026-10-04T15:26:00Z WARNING 3f7180cc-7340-4296-8adc-2edbd91945a2: failed while reading the ElectricalSeries rates (AttributeError: module 'spikeinterface.extractors' has no attribute 'NwbRecordingExtractor')
2026-10-04T15:26:00Z WARNING [292/1807] 3f7180cc-7340-4296-8adc-2edbd91945a2: leaving unrecorded for a later run to retry.
2026-10-04T15:26:00Z WARNING 3f71a0b3-68f8-47dd-afe8-8973eb24269e: failed while reading the ElectricalSeries rates (AttributeError: module 'spikeinterface.extractors' has no attribute 'NwbRecordingExtractor')
2026-10-04T15:26:00Z WARNING [293/1807] 3f71a0b3-68f8-47dd-afe8-8973eb24269e: leaving unrecorded for a later run to retry.
2026-10-04T15:26:00Z WARNING 3f732027-ba50-4b1f-992e-e1a925f1e8a0: failed while reading the ElectricalSeries rates (AttributeError: module 'spikeinterface.extractors' has no attribute 'NwbRecordingExtractor')
2026-10-04T15:26:00Z WARNING [294/1807] 3f732027-ba50-4b1f-992e-e1a925f1e8a0: leaving unrecorded for a later run to retry.
2026-10-04T15:26:00Z WARNING 3f736eb1-2049-41a5-959e-be04c459a4ed: failed while reading the ElectricalSeries rates (AttributeError: module 'spikeinterface.extractors' has no attribute 'NwbRecordingExtractor')
2026-10-04T15:26:00Z WARNING [295/1807] 3f736eb1-2049-41a5-959e-be04c459a4ed: leaving unrecorded for a later run to retry.
2026-10-04T15:26:01Z WARNING 3f741e63-c815-451d-9f4a-8a8a0b48c564: failed while reading the ElectricalSeries rates (AttributeError: module 'spikeinterface.extractors' has no attribute 'NwbRecordingExtractor')
2026-10-04T15:26:01Z WARNING [296/1807] 3f741e63-c815-451d-9f4a-8a8a0b48c564: leaving unrecorded for a later run to retry.
2026-10-04T15:26:01Z WARNING 3f743426-65ae-4474-b56a-8cc26f77861a: failed while reading the ElectricalSeries rates (AttributeError: module 'spikeinterface.extractors' has no attribute 'NwbRecordingExtractor')
2026-10-04T15:26:01Z WARNING [297/1807] 3f743426-65ae-4474-b56a-8cc26f77861a: leaving unrecorded for a later run to retry.
2026-10-04T15:26:01Z WARNING 3f766342-203e-4fbc-a559-5f104a930c1d: failed while reading the ElectricalSeries rates (AttributeError: module 'spikeinterface.extractors' has no attribute 'NwbRecordingExtractor')
2026-10-04T15:26:01Z WARNING [298/1807] 3f766342-203e-4fbc-a559-5f104a930c1d: leaving unrecorded for a later run to retry.
2026-10-04T15:26:01Z WARNING 3f767ae5-1824-42b7-8060-a2ada5330753: failed while reading the ElectricalSeries rates (AttributeError: module 'spikeinterface.extractors' has no attribute 'NwbRecordingExtractor')
2026-10-04T15:26:01Z WARNING [299/1807] 3f767ae5-1824-42b7-8060-a2ada5330753: leaving unrecorded for a later run to retry.
2026-10-04T15:26:01Z WARNING 3f76a9bf-06ce-4450-b662-653cf134ff40: failed while reading the ElectricalSeries rates (AttributeError: module 'spikeinterface.extractors' has no attribute 'NwbRecordingExtractor')
2026-10-04T15:26:01Z WARNING [300/1807] 3f76a9bf-06ce-4450-b662-653cf134ff40: leaving unrecorded for a later run to retry.
2026-10-04T15:26:01Z INFO [300/1807] 3f76a9bf-06ce-4450-b662-653cf134ff40: checkpointed 60602 records.
2026-10-04T15:26:01Z WARNING 3f7712f6-d06e-40c8-a69c-165b5061e29f: failed while reading the ElectricalSeries rates (AttributeError: module 'spikeinterface.extractors' has no attribute 'NwbRecordingExtractor')
2026-10-04T15:26:01Z WARNING [301/1807] 3f7712f6-d06e-40c8-a69c-165b5061e29f: leaving unrecorded for a later run to retry.
2026-10-04T15:26:02Z WARNING 3f776c6d-6d0d-459b-a26c-12a1b9ac6f7a: failed while reading the ElectricalSeries rates (AttributeError: module 'spikeinterface.extractors' has no attribute 'NwbRecordingExtractor')
2026-10-04T15:26:02Z WARNING [302/1807] 3f776c6d-6d0d-459b-a26c-12a1b9ac6f7a: leaving unrecorded for a later run to retry.
2026-10-04T15:26:02Z WARNING 3f78070c-c65f-4f5f-a014-a1225df6c535: failed while reading the ElectricalSeries rates (AttributeError: module 'spikeinterface.extractors' has no attribute 'NwbRecordingExtractor')
2026-10-04T15:26:02Z WARNING [303/1807] 3f78070c-c65f-4f5f-a014-a1225df6c535: leaving unrecorded for a later run to retry.
2026-10-04T15:26:02Z WARNING 3f78b50d-2f44-4028-ac7a-ef00a8b19fba: failed while reading the ElectricalSeries rates (AttributeError: module 'spikeinterface.extractors' has no attribute 'NwbRecordingExtractor')
2026-10-04T15:26:02Z WARNING [304/1807] 3f78b50d-2f44-4028-ac7a-ef00a8b19fba: leaving unrecorded for a later run to retry.
2026-10-04T15:26:02Z WARNING 3f78e88e-02d1-4ba8-ac54-17da3004f98a: failed while reading the ElectricalSeries rates (AttributeError: module 'spikeinterface.extractors' has no attribute 'NwbRecordingExtractor')
2026-10-04T15:26:02Z WARNING [305/1807] 3f78e88e-02d1-4ba8-ac54-17da3004f98a: leaving unrecorded for a later run to retry.
2026-10-04T15:26:02Z WARNING 3f7988b3-84e9-4ba6-91fa-6382179e381c: failed while reading the ElectricalSeries rates (AttributeError: module 'spikeinterface.extractors' has no attribute 'NwbRecordingExtractor')
2026-10-04T15:26:02Z WARNING [306/1807] 3f7988b3-84e9-4ba6-91fa-6382179e381c: leaving unrecorded for a later run to retry.
2026-10-04T15:26:03Z WARNING 3f7aa65c-4352-4411-8d1e-69563af331fc: failed while reading the ElectricalSeries rates (AttributeError: module 'spikeinterface.extractors' has no attribute 'NwbRecordingExtractor')
2026-10-04T15:26:03Z WARNING [307/1807] 3f7aa65c-4352-4411-8d1e-69563af331fc: leaving unrecorded for a later run to retry.
2026-10-04T15:26:03Z WARNING 3f7aedcc-2b54-4517-b43a-0b719818ff9c: failed while reading the ElectricalSeries rates (AttributeError: module 'spikeinterface.extractors' has no attribute 'NwbRecordingExtractor')
2026-10-04T15:26:03Z WARNING [308/1807] 3f7aedcc-2b54-4517-b43a-0b719818ff9c: leaving unrecorded for a later run to retry.
2026-10-04T15:26:03Z WARNING 3f7b88c1-90c5-41d1-b322-49b7b8195a70: failed while reading the ElectricalSeries rates (AttributeError: module 'spikeinterface.extractors' has no attribute 'NwbRecordingExtractor')
2026-10-04T15:26:03Z WARNING [309/1807] 3f7b88c1-90c5-41d1-b322-49b7b8195a70: leaving unrecorded for a later run to retry.
2026-10-04T15:26:03Z WARNING 3f7bc427-8cd6-4d18-85d9-4af6f0fdeb3a: failed while reading the ElectricalSeries rates (AttributeError: module 'spikeinterface.extractors' has no attribute 'NwbRecordingExtractor')
2026-10-04T15:26:03Z WARNING [310/1807] 3f7bc427-8cd6-4d18-85d9-4af6f0fdeb3a: leaving unrecorded for a later run to retry.
2026-10-04T15:26:03Z WARNING 3f7bf0c9-0975-41d2-8cc1-70309fc3cfb7: failed while reading the ElectricalSeries rates (AttributeError: module 'spikeinterface.extractors' has no attribute 'NwbRecordingExtractor')
2026-10-04T15:26:03Z WARNING [311/1807] 3f7bf0c9-0975-41d2-8cc1-70309fc3cfb7: leaving unrecorded for a later run to retry.
2026-10-04T15:26:03Z WARNING 3f7bf29a-0e4f-49b8-a4f8-ac58a5f848ab: failed while reading the ElectricalSeries rates (AttributeError: module 'spikeinterface.extractors' has no attribute 'NwbRecordingExtractor')
2026-10-04T15:26:03Z WARNING [312/1807] 3f7bf29a-0e4f-49b8-a4f8-ac58a5f848ab: leaving unrecorded for a later run to retry.
2026-10-04T15:26:03Z WARNING 3f7c1000-2d24-43ee-bd0d-4532ea08ed7e: failed while reading the ElectricalSeries rates (AttributeError: module 'spikeinterface.extractors' has no attribute 'NwbRecordingExtractor')
2026-10-04T15:26:03Z WARNING [313/1807] 3f7c1000-2d24-43ee-bd0d-4532ea08ed7e: leaving unrecorded for a later run to retry.
2026-10-04T15:26:04Z WARNING 3f7d77e0-17ef-441b-8bec-182c11478de3: failed while reading the ElectricalSeries rates (AttributeError: module 'spikeinterface.extractors' has no attribute 'NwbRecordingExtractor')
2026-10-04T15:26:04Z WARNING [314/1807] 3f7d77e0-17ef-441b-8bec-182c11478de3: leaving unrecorded for a later run to retry.
2026-10-04T15:26:04Z WARNING 3f7da8e9-8284-4983-86f5-5c82e93d1640: failed while reading the ElectricalSeries rates (AttributeError: module 'spikeinterface.extractors' has no attribute 'NwbRecordingExtractor')
2026-10-04T15:26:04Z WARNING [315/1807] 3f7da8e9-8284-4983-86f5-5c82e93d1640: leaving unrecorded for a later run to retry.
2026-10-04T15:26:04Z WARNING 3f7db5c9-e069-4cf9-8f9a-61815a8df850: failed while reading the ElectricalSeries rates (AttributeError: module 'spikeinterface.extractors' has no attribute 'NwbRecordingExtractor')
2026-10-04T15:26:04Z WARNING [316/1807] 3f7db5c9-e069-4cf9-8f9a-61815a8df850: leaving unrecorded for a later run to retry.
2026-10-04T15:26:04Z WARNING 3f7eda3f-bd48-4484-903d-9f2d9d914d60: failed while reading the ElectricalSeries rates (AttributeError: module 'spikeinterface.extractors' has no attribute 'NwbRecordingExtractor')
2026-10-04T15:26:04Z WARNING [317/1807] 3f7eda3f-bd48-4484-903d-9f2d9d914d60: leaving unrecorded for a later run to retry.
2026-10-04T15:26:04Z WARNING 3f7eecde-32ce-4fcb-8229-922c7a20e041: failed while reading the ElectricalSeries rates (AttributeError: module 'spikeinterface.extractors' has no attribute 'NwbRecordingExtractor')
2026-10-04T15:26:04Z WARNING [318/1807] 3f7eecde-32ce-4fcb-8229-922c7a20e041: leaving unrecorded for a later run to retry.
2026-10-04T15:26:04Z WARNING 3f7f0874-8466-48aa-bead-eb753ff6e3c6: failed while reading the ElectricalSeries rates (AttributeError: module 'spikeinterface.extractors' has no attribute 'NwbRecordingExtractor')
2026-10-04T15:26:04Z WARNING [319/1807] 3f7f0874-8466-48aa-bead-eb753ff6e3c6: leaving unrecorded for a later run to retry.
2026-10-04T15:26:05Z WARNING 3f7fb5a7-1e5d-4a3c-bb4a-389e03a4ee92: failed while reading the ElectricalSeries rates (AttributeError: module 'spikeinterface.extractors' has no attribute 'NwbRecordingExtractor')
2026-10-04T15:26:05Z WARNING [320/1807] 3f7fb5a7-1e5d-4a3c-bb4a-389e03a4ee92: leaving unrecorded for a later run to retry.
2026-10-04T15:26:05Z WARNING 3f7ff3c5-7f25-4254-a11b-f3f4cb4490c0: failed while reading the ElectricalSeries rates (AttributeError: module 'spikeinterface.extractors' has no attribute 'NwbRecordingExtractor')
2026-10-04T15:26:05Z WARNING [321/1807] 3f7ff3c5-7f25-4254-a11b-f3f4cb4490c0: leaving unrecorded for a later run to retry.
2026-10-04T15:26:05Z WARNING 3f806e20-46a4-4415-9ab9-e82f1d1389c6: failed while reading the ElectricalSeries rates (AttributeError: module 'spikeinterface.extractors' has no attribute 'NwbRecordingExtractor')
2026-10-04T15:26:05Z WARNING [322/1807] 3f806e20-46a4-4415-9ab9-e82f1d1389c6: leaving unrecorded for a later run to retry.
2026-10-04T15:26:05Z WARNING 3f80c32c-5230-4d49-b285-9c4167cd6e73: failed while reading the ElectricalSeries rates (AttributeError: module 'spikeinterface.extractors' has no attribute 'NwbRecordingExtractor')
2026-10-04T15:26:05Z WARNING [323/1807] 3f80c32c-5230-4d49-b285-9c4167cd6e73: leaving unrecorded for a later run to retry.
2026-10-04T15:26:05Z WARNING 3f80fd0e-d05f-4191-b961-414a771cedf2: failed while reading the ElectricalSeries rates (AttributeError: module 'spikeinterface.extractors' has no attribute 'NwbRecordingExtractor')
2026-10-04T15:26:05Z WARNING [324/1807] 3f80fd0e-d05f-4191-b961-414a771cedf2: leaving unrecorded for a later run to retry.
2026-10-04T15:26:05Z WARNING 3f816952-f066-4a2a-af76-30657f620c67: failed while reading the ElectricalSeries rates (AttributeError: module 'spikeinterface.extractors' has no attribute 'NwbRecordingExtractor')
2026-10-04T15:26:05Z WARNING [325/1807] 3f816952-f066-4a2a-af76-30657f620c67: leaving unrecorded for a later run to retry.
2026-10-04T15:26:05Z WARNING 3f82519b-5cc9-4aca-b589-1fd7ce6943bb: failed while reading the ElectricalSeries rates (AttributeError: module 'spikeinterface.extractors' has no attribute 'NwbRecordingExtractor')
2026-10-04T15:26:05Z WARNING [326/1807] 3f82519b-5cc9-4aca-b589-1fd7ce6943bb: leaving unrecorded for a later run to retry.
2026-10-04T15:26:06Z WARNING 3f8383b8-8028-4c1f-bd67-a977d6295373: failed while reading the ElectricalSeries rates (AttributeError: module 'spikeinterface.extractors' has no attribute 'NwbRecordingExtractor')
2026-10-04T15:26:06Z WARNING [327/1807] 3f8383b8-8028-4c1f-bd67-a977d6295373: leaving unrecorded for a later run to retry.
2026-10-04T15:26:06Z WARNING 3f868e51-cb5e-4a7f-a29f-b218be494371: failed while reading the ElectricalSeries rates (AttributeError: module 'spikeinterface.extractors' has no attribute 'NwbRecordingExtractor')
2026-10-04T15:26:06Z WARNING [328/1807] 3f868e51-cb5e-4a7f-a29f-b218be494371: leaving unrecorded for a later run to retry.
2026-10-04T15:26:06Z WARNING 3f868ffe-77ea-4db6-8610-f843cd4cc631: failed while reading the ElectricalSeries rates (AttributeError: module 'spikeinterface.extractors' has no attribute 'NwbRecordingExtractor')
2026-10-04T15:26:06Z WARNING [329/1807] 3f868ffe-77ea-4db6-8610-f843cd4cc631: leaving unrecorded for a later run to retry.
2026-10-04T15:26:06Z WARNING 3f86b236-438a-42f5-89f4-687a3d342018: failed while reading the ElectricalSeries rates (AttributeError: module 'spikeinterface.extractors' has no attribute 'NwbRecordingExtractor')
2026-10-04T15:26:06Z WARNING [330/1807] 3f86b236-438a-42f5-89f4-687a3d342018: leaving unrecorded for a later run to retry.
2026-10-04T15:26:06Z WARNING 3f872a56-880e-4895-be4b-515e638c9c8b: failed while reading the ElectricalSeries rates (AttributeError: module 'spikeinterface.extractors' has no attribute 'NwbRecordingExtractor')
2026-10-04T15:26:06Z WARNING [331/1807] 3f872a56-880e-4895-be4b-515e638c9c8b: leaving unrecorded for a later run to retry.
2026-10-04T15:26:06Z WARNING 3f874bc6-613d-4e33-853d-b24e2a8b11fd: failed while reading the ElectricalSeries rates (AttributeError: module 'spikeinterface.extractors' has no attribute 'NwbRecordingExtractor')
2026-10-04T15:26:06Z WARNING [332/1807] 3f874bc6-613d-4e33-853d-b24e2a8b11fd: leaving unrecorded for a later run to retry.
2026-10-04T15:26:06Z WARNING 3f881859-4941-4fe3-9ddb-ab439ba425e4: failed while reading the ElectricalSeries rates (AttributeError: module 'spikeinterface.extractors' has no attribute 'NwbRecordingExtractor')
2026-10-04T15:26:06Z WARNING [333/1807] 3f881859-4941-4fe3-9ddb-ab439ba425e4: leaving unrecorded for a later run to retry.
2026-10-04T15:26:07Z WARNING 3f8996b0-bcb3-40c1-9bdc-9f55d2c94a66: failed while reading the ElectricalSeries rates (AttributeError: module 'spikeinterface.extractors' has no attribute 'NwbRecordingExtractor')
2026-10-04T15:26:07Z WARNING [334/1807] 3f8996b0-bcb3-40c1-9bdc-9f55d2c94a66: leaving unrecorded for a later run to retry.
2026-10-04T15:26:07Z WARNING 3f89c118-e426-4aaf-94fc-83a062bddeeb: failed while reading the ElectricalSeries rates (AttributeError: module 'spikeinterface.extractors' has no attribute 'NwbRecordingExtractor')
2026-10-04T15:26:07Z WARNING [335/1807] 3f89c118-e426-4aaf-94fc-83a062bddeeb: leaving unrecorded for a later run to retry.
2026-10-04T15:26:07Z WARNING 3f89ef6b-c106-4c8b-812d-97f6bbecb602: failed while reading the ElectricalSeries rates (AttributeError: module 'spikeinterface.extractors' has no attribute 'NwbRecordingExtractor')
2026-10-04T15:26:07Z WARNING [336/1807] 3f89ef6b-c106-4c8b-812d-97f6bbecb602: leaving unrecorded for a later run to retry.
2026-10-04T15:26:07Z WARNING 3f8a9aa5-2ad7-4cc7-bed2-4aae93a3f5f4: failed while reading the ElectricalSeries rates (AttributeError: module 'spikeinterface.extractors' has no attribute 'NwbRecordingExtractor')
2026-10-04T15:26:07Z WARNING [337/1807] 3f8a9aa5-2ad7-4cc7-bed2-4aae93a3f5f4: leaving unrecorded for a later run to retry.
2026-10-04T15:26:07Z WARNING 3f8b51b5-4d4a-476c-a37e-474064623098: failed while reading the ElectricalSeries rates (AttributeError: module 'spikeinterface.extractors' has no attribute 'NwbRecordingExtractor')
2026-10-04T15:26:07Z WARNING [338/1807] 3f8b51b5-4d4a-476c-a37e-474064623098: leaving unrecorded for a later run to retry.
2026-10-04T15:26:07Z WARNING 3f8bbf33-7f8e-482a-8219-c39fd3711630: failed while reading the ElectricalSeries rates (AttributeError: module 'spikeinterface.extractors' has no attribute 'NwbRecordingExtractor')
2026-10-04T15:26:07Z WARNING [339/1807] 3f8bbf33-7f8e-482a-8219-c39fd3711630: leaving unrecorded for a later run to retry.
2026-10-04T15:26:08Z WARNING 3f8c1a28-723b-4b7a-8edd-b6e2f46d6702: failed while reading the ElectricalSeries rates (AttributeError: module 'spikeinterface.extractors' has no attribute 'NwbRecordingExtractor')
2026-10-04T15:26:08Z WARNING [340/1807] 3f8c1a28-723b-4b7a-8edd-b6e2f46d6702: leaving unrecorded for a later run to retry.
2026-10-04T15:26:08Z WARNING 3f8cdcf9-ea2c-4112-86f2-616faec9d46a: failed while reading the ElectricalSeries rates (AttributeError: module 'spikeinterface.extractors' has no attribute 'NwbRecordingExtractor')
2026-10-04T15:26:08Z WARNING [341/1807] 3f8cdcf9-ea2c-4112-86f2-616faec9d46a: leaving unrecorded for a later run to retry.
2026-10-04T15:26:08Z WARNING 3f8d097b-7404-4665-88a1-d05c153bb435: failed while reading the ElectricalSeries rates (AttributeError: module 'spikeinterface.extractors' has no attribute 'NwbRecordingExtractor')
2026-10-04T15:26:08Z WARNING [342/1807] 3f8d097b-7404-4665-88a1-d05c153bb435: leaving unrecorded for a later run to retry.
2026-10-04T15:26:08Z WARNING 3f8ed64e-76d4-4800-9806-7bc591e373d6: failed while reading the ElectricalSeries rates (AttributeError: module 'spikeinterface.extractors' has no attribute 'NwbRecordingExtractor')
2026-10-04T15:26:08Z WARNING [343/1807] 3f8ed64e-76d4-4800-9806-7bc591e373d6: leaving unrecorded for a later run to retry.
2026-10-04T15:26:08Z WARNING 3f8f2460-d20b-474a-b3e1-c96a4ab94608: failed while reading the ElectricalSeries rates (AttributeError: module 'spikeinterface.extractors' has no attribute 'NwbRecordingExtractor')
2026-10-04T15:26:08Z WARNING [344/1807] 3f8f2460-d20b-474a-b3e1-c96a4ab94608: leaving unrecorded for a later run to retry.
2026-10-04T15:26:08Z WARNING 3f8f24f0-771b-439e-b04a-0fb4dafbe325: failed while reading the ElectricalSeries rates (AttributeError: module 'spikeinterface.extractors' has no attribute 'NwbRecordingExtractor')
2026-10-04T15:26:08Z WARNING [345/1807] 3f8f24f0-771b-439e-b04a-0fb4dafbe325: leaving unrecorded for a later run to retry.
2026-10-04T15:26:09Z WARNING 3f8fb487-76ca-469f-89f3-a3af1ea5ad5f: failed while reading the ElectricalSeries rates (AttributeError: module 'spikeinterface.extractors' has no attribute 'NwbRecordingExtractor')
2026-10-04T15:26:09Z WARNING [346/1807] 3f8fb487-76ca-469f-89f3-a3af1ea5ad5f: leaving unrecorded for a later run to retry.
2026-10-04T15:26:09Z WARNING 3f8fe793-7d19-4296-af76-7ae96970cca6: failed while reading the ElectricalSeries rates (AttributeError: module 'spikeinterface.extractors' has no attribute 'NwbRecordingExtractor')
2026-10-04T15:26:09Z WARNING [347/1807] 3f8fe793-7d19-4296-af76-7ae96970cca6: leaving unrecorded for a later run to retry.
2026-10-04T15:26:09Z WARNING 3f900fa2-f050-46d8-8a2a-03d6eecdac5c: failed while reading the ElectricalSeries rates (AttributeError: module 'spikeinterface.extractors' has no attribute 'NwbRecordingExtractor')
2026-10-04T15:26:09Z WARNING [348/1807] 3f900fa2-f050-46d8-8a2a-03d6eecdac5c: leaving unrecorded for a later run to retry.
2026-10-04T15:26:09Z WARNING 3f90b8af-1ee7-4055-bd08-793d5f43df85: failed while reading the ElectricalSeries rates (AttributeError: module 'spikeinterface.extractors' has no attribute 'NwbRecordingExtractor')
2026-10-04T15:26:09Z WARNING [349/1807] 3f90b8af-1ee7-4055-bd08-793d5f43df85: leaving unrecorded for a later run to retry.
2026-10-04T15:26:09Z WARNING 3f90de78-7170-4a5c-8808-8c236cda1706: failed while reading the ElectricalSeries rates (AttributeError: module 'spikeinterface.extractors' has no attribute 'NwbRecordingExtractor')
2026-10-04T15:26:09Z WARNING [350/1807] 3f90de78-7170-4a5c-8808-8c236cda1706: leaving unrecorded for a later run to retry.
2026-10-04T15:26:09Z INFO [350/1807] 3f90de78-7170-4a5c-8808-8c236cda1706: checkpointed 60602 records.
2026-10-04T15:26:09Z WARNING 3f910f90-b691-4574-808b-7745d2e065c0: failed while reading the ElectricalSeries rates (AttributeError: module 'spikeinterface.extractors' has no attribute 'NwbRecordingExtractor')
2026-10-04T15:26:09Z WARNING [351/1807] 3f910f90-b691-4574-808b-7745d2e065c0: leaving unrecorded for a later run to retry.
2026-10-04T15:26:10Z WARNING 3f913c3d-70c2-4f0b-8cb8-42f748764574: failed while reading the ElectricalSeries rates (AttributeError: module 'spikeinterface.extractors' has no attribute 'NwbRecordingExtractor')
2026-10-04T15:26:10Z WARNING [352/1807] 3f913c3d-70c2-4f0b-8cb8-42f748764574: leaving unrecorded for a later run to retry.
2026-10-04T15:26:10Z WARNING 3f916e21-24eb-4819-9126-6cd44b72113f: failed while reading the ElectricalSeries rates (AttributeError: module 'spikeinterface.extractors' has no attribute 'NwbRecordingExtractor')
2026-10-04T15:26:10Z WARNING [353/1807] 3f916e21-24eb-4819-9126-6cd44b72113f: leaving unrecorded for a later run to retry.
2026-10-04T15:26:10Z WARNING 3f91af8c-5ff9-4814-bebb-8ea047576709: failed while reading the ElectricalSeries rates (AttributeError: module 'spikeinterface.extractors' has no attribute 'NwbRecordingExtractor')
2026-10-04T15:26:10Z WARNING [354/1807] 3f91af8c-5ff9-4814-bebb-8ea047576709: leaving unrecorded for a later run to retry.
2026-10-04T15:26:10Z WARNING 3f91d0f3-4482-40d1-a46f-2f6cecb2cee6: failed while reading the ElectricalSeries rates (AttributeError: module 'spikeinterface.extractors' has no attribute 'NwbRecordingExtractor')
2026-10-04T15:26:10Z WARNING [355/1807] 3f91d0f3-4482-40d1-a46f-2f6cecb2cee6: leaving unrecorded for a later run to retry.
2026-10-04T15:26:10Z WARNING 3f91e8f6-561b-4ad3-a2b3-cab7a0918d2d: failed while reading the ElectricalSeries rates (AttributeError: module 'spikeinterface.extractors' has no attribute 'NwbRecordingExtractor')
2026-10-04T15:26:10Z WARNING [356/1807] 3f91e8f6-561b-4ad3-a2b3-cab7a0918d2d: leaving unrecorded for a later run to retry.
2026-10-04T15:26:10Z WARNING 3f924fa1-fcd1-4056-a3ad-21050f9921f0: failed while reading the ElectricalSeries rates (AttributeError: module 'spikeinterface.extractors' has no attribute 'NwbRecordingExtractor')
2026-10-04T15:26:10Z WARNING [357/1807] 3f924fa1-fcd1-4056-a3ad-21050f9921f0: leaving unrecorded for a later run to retry.
2026-10-04T15:26:10Z WARNING 3f934b84-8beb-4a22-a0ca-272f53b13b26: failed while reading the ElectricalSeries rates (AttributeError: module 'spikeinterface.extractors' has no attribute 'NwbRecordingExtractor')
2026-10-04T15:26:10Z WARNING [358/1807] 3f934b84-8beb-4a22-a0ca-272f53b13b26: leaving unrecorded for a later run to retry.
2026-10-04T15:26:11Z WARNING 3f94341c-ac53-461e-9544-5d75d14f9faa: failed while reading the ElectricalSeries rates (AttributeError: module 'spikeinterface.extractors' has no attribute 'NwbRecordingExtractor')
2026-10-04T15:26:11Z WARNING [359/1807] 3f94341c-ac53-461e-9544-5d75d14f9faa: leaving unrecorded for a later run to retry.
2026-10-04T15:26:11Z WARNING 3f946446-b769-44d9-ac99-f4e0c2ec397f: failed while reading the ElectricalSeries rates (AttributeError: module 'spikeinterface.extractors' has no attribute 'NwbRecordingExtractor')
2026-10-04T15:26:11Z WARNING [360/1807] 3f946446-b769-44d9-ac99-f4e0c2ec397f: leaving unrecorded for a later run to retry.
2026-10-04T15:26:11Z WARNING 3f956d0c-5dce-46a7-b39c-d0eb29beecdf: failed while reading the ElectricalSeries rates (AttributeError: module 'spikeinterface.extractors' has no attribute 'NwbRecordingExtractor')
2026-10-04T15:26:11Z WARNING [361/1807] 3f956d0c-5dce-46a7-b39c-d0eb29beecdf: leaving unrecorded for a later run to retry.
2026-10-04T15:26:11Z WARNING 3f957f23-7917-4d57-b027-b49a14bdbde0: failed while reading the ElectricalSeries rates (AttributeError: module 'spikeinterface.extractors' has no attribute 'NwbRecordingExtractor')
2026-10-04T15:26:11Z WARNING [362/1807] 3f957f23-7917-4d57-b027-b49a14bdbde0: leaving unrecorded for a later run to retry.
2026-10-04T15:26:11Z WARNING 3f96101d-188d-4ac7-9795-c2ee403882ed: failed while reading the ElectricalSeries rates (AttributeError: module 'spikeinterface.extractors' has no attribute 'NwbRecordingExtractor')
2026-10-04T15:26:11Z WARNING [363/1807] 3f96101d-188d-4ac7-9795-c2ee403882ed: leaving unrecorded for a later run to retry.
2026-10-04T15:26:11Z WARNING 3f965f30-b029-42a4-939c-30ecbf8dc6d4: failed while reading the ElectricalSeries rates (AttributeError: module 'spikeinterface.extractors' has no attribute 'NwbRecordingExtractor')
2026-10-04T15:26:11Z WARNING [364/1807] 3f965f30-b029-42a4-939c-30ecbf8dc6d4: leaving unrecorded for a later run to retry.
2026-10-04T15:26:12Z WARNING 3f96672a-d57e-4bb1-842d-19c31cbdc3a4: failed while reading the ElectricalSeries rates (AttributeError: module 'spikeinterface.extractors' has no attribute 'NwbRecordingExtractor')
2026-10-04T15:26:12Z WARNING [365/1807] 3f96672a-d57e-4bb1-842d-19c31cbdc3a4: leaving unrecorded for a later run to retry.
2026-10-04T15:26:12Z WARNING 3f966849-34c5-4aa0-a093-cab489dae16c: failed while reading the ElectricalSeries rates (AttributeError: module 'spikeinterface.extractors' has no attribute 'NwbRecordingExtractor')
2026-10-04T15:26:12Z WARNING [366/1807] 3f966849-34c5-4aa0-a093-cab489dae16c: leaving unrecorded for a later run to retry.
2026-10-04T15:26:12Z WARNING 3f96766a-305d-4e40-a23b-198ee7d74e9b: failed while reading the ElectricalSeries rates (AttributeError: module 'spikeinterface.extractors' has no attribute 'NwbRecordingExtractor')
2026-10-04T15:26:12Z WARNING [367/1807] 3f96766a-305d-4e40-a23b-198ee7d74e9b: leaving unrecorded for a later run to retry.
2026-10-04T15:26:12Z WARNING 3f971502-9f3a-4f4e-876c-a0efdc229481: failed while reading the ElectricalSeries rates (AttributeError: module 'spikeinterface.extractors' has no attribute 'NwbRecordingExtractor')
2026-10-04T15:26:12Z WARNING [368/1807] 3f971502-9f3a-4f4e-876c-a0efdc229481: leaving unrecorded for a later run to retry.
2026-10-04T15:26:12Z WARNING 3f976c9e-68cc-4a99-9a0f-11c5084c99e3: failed while reading the ElectricalSeries rates (AttributeError: module 'spikeinterface.extractors' has no attribute 'NwbRecordingExtractor')
2026-10-04T15:26:12Z WARNING [369/1807] 3f976c9e-68cc-4a99-9a0f-11c5084c99e3: leaving unrecorded for a later run to retry.
2026-10-04T15:26:12Z WARNING 3f984f39-0d4e-4cbd-a9df-18657a28934e: failed while reading the ElectricalSeries rates (AttributeError: module 'spikeinterface.extractors' has no attribute 'NwbRecordingExtractor')
2026-10-04T15:26:12Z WARNING [370/1807] 3f984f39-0d4e-4cbd-a9df-18657a28934e: leaving unrecorded for a later run to retry.
2026-10-04T15:26:13Z WARNING 3f988838-9f77-4c42-a7a1-528b8d9af011: failed while reading the ElectricalSeries rates (AttributeError: module 'spikeinterface.extractors' has no attribute 'NwbRecordingExtractor')
2026-10-04T15:26:13Z WARNING [371/1807] 3f988838-9f77-4c42-a7a1-528b8d9af011: leaving unrecorded for a later run to retry.
2026-10-04T15:26:13Z WARNING 3f988918-9e59-4d86-bf24-9102bf9a6d08: failed while reading the ElectricalSeries rates (AttributeError: module 'spikeinterface.extractors' has no attribute 'NwbRecordingExtractor')
2026-10-04T15:26:13Z WARNING [372/1807] 3f988918-9e59-4d86-bf24-9102bf9a6d08: leaving unrecorded for a later run to retry.
2026-10-04T15:26:13Z WARNING 3f997f9d-98c9-431d-b33c-1dec20a1ce6a: failed while reading the ElectricalSeries rates (AttributeError: module 'spikeinterface.extractors' has no attribute 'NwbRecordingExtractor')
2026-10-04T15:26:13Z WARNING [373/1807] 3f997f9d-98c9-431d-b33c-1dec20a1ce6a: leaving unrecorded for a later run to retry.
2026-10-04T15:26:13Z WARNING 3f99e756-3bdf-4c0b-9ad7-f747ccfde75b: failed while reading the ElectricalSeries rates (AttributeError: module 'spikeinterface.extractors' has no attribute 'NwbRecordingExtractor')
2026-10-04T15:26:13Z WARNING [374/1807] 3f99e756-3bdf-4c0b-9ad7-f747ccfde75b: leaving unrecorded for a later run to retry.
2026-10-04T15:26:13Z WARNING 3f9a10a5-f32b-488e-85cc-8c239abb734a: failed while reading the ElectricalSeries rates (AttributeError: module 'spikeinterface.extractors' has no attribute 'NwbRecordingExtractor')
2026-10-04T15:26:13Z WARNING [375/1807] 3f9a10a5-f32b-488e-85cc-8c239abb734a: leaving unrecorded for a later run to retry.
2026-10-04T15:26:13Z WARNING 3f9a3e6c-ceea-4d97-a01d-4d77814a9e34: failed while reading the ElectricalSeries rates (AttributeError: module 'spikeinterface.extractors' has no attribute 'NwbRecordingExtractor')
2026-10-04T15:26:13Z WARNING [376/1807] 3f9a3e6c-ceea-4d97-a01d-4d77814a9e34: leaving unrecorded for a later run to retry.
2026-10-04T15:26:13Z WARNING 3f9b2b16-1007-477f-9e3e-5b865d24d400: failed while reading the ElectricalSeries rates (AttributeError: module 'spikeinterface.extractors' has no attribute 'NwbRecordingExtractor')
2026-10-04T15:26:13Z WARNING [377/1807] 3f9b2b16-1007-477f-9e3e-5b865d24d400: leaving unrecorded for a later run to retry.
2026-10-04T15:26:14Z WARNING 3f9b7cf3-6775-4657-9473-57e7fa4d752c: failed while reading the ElectricalSeries rates (AttributeError: module 'spikeinterface.extractors' has no attribute 'NwbRecordingExtractor')
2026-10-04T15:26:14Z WARNING [378/1807] 3f9b7cf3-6775-4657-9473-57e7fa4d752c: leaving unrecorded for a later run to retry.
2026-10-04T15:26:14Z WARNING 3f9b7ec1-d3cd-4d13-ba37-0289d007bef2: failed while reading the ElectricalSeries rates (AttributeError: module 'spikeinterface.extractors' has no attribute 'NwbRecordingExtractor')
2026-10-04T15:26:14Z WARNING [379/1807] 3f9b7ec1-d3cd-4d13-ba37-0289d007bef2: leaving unrecorded for a later run to retry.
2026-10-04T15:26:14Z WARNING 3f9b9a7f-87ad-406b-88f0-0b9a3ce68f36: failed while reading the ElectricalSeries rates (AttributeError: module 'spikeinterface.extractors' has no attribute 'NwbRecordingExtractor')
2026-10-04T15:26:14Z WARNING [380/1807] 3f9b9a7f-87ad-406b-88f0-0b9a3ce68f36: leaving unrecorded for a later run to retry.
2026-10-04T15:26:14Z WARNING 3f9bd4f0-b2e8-4177-b820-789bbbf589ef: failed while reading the ElectricalSeries rates (AttributeError: module 'spikeinterface.extractors' has no attribute 'NwbRecordingExtractor')
2026-10-04T15:26:14Z WARNING [381/1807] 3f9bd4f0-b2e8-4177-b820-789bbbf589ef: leaving unrecorded for a later run to retry.
2026-10-04T15:26:14Z WARNING 3f9c1bfd-b25e-4d68-b306-e8c58314441f: failed while reading the ElectricalSeries rates (AttributeError: module 'spikeinterface.extractors' has no attribute 'NwbRecordingExtractor')
2026-10-04T15:26:14Z WARNING [382/1807] 3f9c1bfd-b25e-4d68-b306-e8c58314441f: leaving unrecorded for a later run to retry.
2026-10-04T15:26:14Z WARNING 3f9c2873-4c7e-4766-8ce3-066ec594f7f3: failed while reading the ElectricalSeries rates (AttributeError: module 'spikeinterface.extractors' has no attribute 'NwbRecordingExtractor')
2026-10-04T15:26:14Z WARNING [383/1807] 3f9c2873-4c7e-4766-8ce3-066ec594f7f3: leaving unrecorded for a later run to retry.
2026-10-04T15:26:14Z WARNING 3f9c3d2c-6e3b-406e-9f6a-6b34955e837b: failed while reading the ElectricalSeries rates (AttributeError: module 'spikeinterface.extractors' has no attribute 'NwbRecordingExtractor')
2026-10-04T15:26:14Z WARNING [384/1807] 3f9c3d2c-6e3b-406e-9f6a-6b34955e837b: leaving unrecorded for a later run to retry.
2026-10-04T15:26:15Z WARNING 3f9ddeaf-190d-4349-ad0b-ba343000a027: failed while reading the ElectricalSeries rates (AttributeError: module 'spikeinterface.extractors' has no attribute 'NwbRecordingExtractor')
2026-10-04T15:26:15Z WARNING [385/1807] 3f9ddeaf-190d-4349-ad0b-ba343000a027: leaving unrecorded for a later run to retry.
2026-10-04T15:26:15Z WARNING 3f9e6eca-1b7a-4878-a541-278f2a964c12: failed while reading the ElectricalSeries rates (AttributeError: module 'spikeinterface.extractors' has no attribute 'NwbRecordingExtractor')
2026-10-04T15:26:15Z WARNING [386/1807] 3f9e6eca-1b7a-4878-a541-278f2a964c12: leaving unrecorded for a later run to retry.
2026-10-04T15:26:15Z WARNING 3f9e9757-5e50-43d2-9889-4e6d7a59ed15: failed while reading the ElectricalSeries rates (AttributeError: module 'spikeinterface.extractors' has no attribute 'NwbRecordingExtractor')
2026-10-04T15:26:15Z WARNING [387/1807] 3f9e9757-5e50-43d2-9889-4e6d7a59ed15: leaving unrecorded for a later run to retry.
2026-10-04T15:26:15Z WARNING 3f9eb5e2-2adb-4dc9-9e6a-36553512fb13: failed while reading the ElectricalSeries rates (AttributeError: module 'spikeinterface.extractors' has no attribute 'NwbRecordingExtractor')
2026-10-04T15:26:15Z WARNING [388/1807] 3f9eb5e2-2adb-4dc9-9e6a-36553512fb13: leaving unrecorded for a later run to retry.
2026-10-04T15:26:15Z WARNING 3f9f0884-6c57-449d-a4fc-032c6b4f4253: failed while reading the ElectricalSeries rates (AttributeError: module 'spikeinterface.extractors' has no attribute 'NwbRecordingExtractor')
2026-10-04T15:26:15Z WARNING [389/1807] 3f9f0884-6c57-449d-a4fc-032c6b4f4253: leaving unrecorded for a later run to retry.
2026-10-04T15:26:15Z WARNING 3fa041c5-06f3-443e-982b-33ea4bb529c6: failed while reading the ElectricalSeries rates (AttributeError: module 'spikeinterface.extractors' has no attribute 'NwbRecordingExtractor')
2026-10-04T15:26:15Z WARNING [390/1807] 3fa041c5-06f3-443e-982b-33ea4bb529c6: leaving unrecorded for a later run to retry.
2026-10-04T15:26:16Z WARNING 3fa08e2e-30e7-4393-a873-04db9c40585d: failed while reading the ElectricalSeries rates (AttributeError: module 'spikeinterface.extractors' has no attribute 'NwbRecordingExtractor')
2026-10-04T15:26:16Z WARNING [391/1807] 3fa08e2e-30e7-4393-a873-04db9c40585d: leaving unrecorded for a later run to retry.
2026-10-04T15:26:16Z WARNING 3fa0f1f0-5698-476d-80c5-9fa6ff8353db: failed while reading the ElectricalSeries rates (AttributeError: module 'spikeinterface.extractors' has no attribute 'NwbRecordingExtractor')
2026-10-04T15:26:16Z WARNING [392/1807] 3fa0f1f0-5698-476d-80c5-9fa6ff8353db: leaving unrecorded for a later run to retry.
2026-10-04T15:26:16Z WARNING 3fa17446-194e-484f-86b0-aeeb595ec29d: failed while reading the ElectricalSeries rates (AttributeError: module 'spikeinterface.extractors' has no attribute 'NwbRecordingExtractor')
2026-10-04T15:26:16Z WARNING [393/1807] 3fa17446-194e-484f-86b0-aeeb595ec29d: leaving unrecorded for a later run to retry.
2026-10-04T15:26:16Z WARNING 3fa21d77-4dee-401d-b401-8120689bfd55: failed while reading the ElectricalSeries rates (AttributeError: module 'spikeinterface.extractors' has no attribute 'NwbRecordingExtractor')
2026-10-04T15:26:16Z WARNING [394/1807] 3fa21d77-4dee-401d-b401-8120689bfd55: leaving unrecorded for a later run to retry.
2026-10-04T15:26:16Z WARNING 3fa3b681-84ca-48ba-a043-0a06ba872305: failed while reading the ElectricalSeries rates (AttributeError: module 'spikeinterface.extractors' has no attribute 'NwbRecordingExtractor')
2026-10-04T15:26:16Z WARNING [395/1807] 3fa3b681-84ca-48ba-a043-0a06ba872305: leaving unrecorded for a later run to retry.
2026-10-04T15:26:16Z WARNING 3fa4f2d2-87f2-4de8-be39-1ee084420755: failed while reading the ElectricalSeries rates (AttributeError: module 'spikeinterface.extractors' has no attribute 'NwbRecordingExtractor')
2026-10-04T15:26:16Z WARNING [396/1807] 3fa4f2d2-87f2-4de8-be39-1ee084420755: leaving unrecorded for a later run to retry.
2026-10-04T15:26:16Z WARNING 3fa502ca-40b8-4e2f-92c9-2040809b02cb: failed while reading the ElectricalSeries rates (AttributeError: module 'spikeinterface.extractors' has no attribute 'NwbRecordingExtractor')
2026-10-04T15:26:16Z WARNING [397/1807] 3fa502ca-40b8-4e2f-92c9-2040809b02cb: leaving unrecorded for a later run to retry.
2026-10-04T15:26:17Z WARNING 3fa513eb-6f53-45ef-b860-06cfd9291b3d: failed while reading the ElectricalSeries rates (AttributeError: module 'spikeinterface.extractors' has no attribute 'NwbRecordingExtractor')
2026-10-04T15:26:17Z WARNING [398/1807] 3fa513eb-6f53-45ef-b860-06cfd9291b3d: leaving unrecorded for a later run to retry.
2026-10-04T15:26:17Z WARNING 3fa5236f-3add-4dea-bb91-594736b6bc6a: failed while reading the ElectricalSeries rates (AttributeError: module 'spikeinterface.extractors' has no attribute 'NwbRecordingExtractor')
2026-10-04T15:26:17Z WARNING [399/1807] 3fa5236f-3add-4dea-bb91-594736b6bc6a: leaving unrecorded for a later run to retry.
2026-10-04T15:26:17Z WARNING 3fa54eeb-dce1-493c-b58b-c0b402ab7168: failed while reading the ElectricalSeries rates (AttributeError: module 'spikeinterface.extractors' has no attribute 'NwbRecordingExtractor')
2026-10-04T15:26:17Z WARNING [400/1807] 3fa54eeb-dce1-493c-b58b-c0b402ab7168: leaving unrecorded for a later run to retry.
2026-10-04T15:26:17Z INFO [400/1807] 3fa54eeb-dce1-493c-b58b-c0b402ab7168: checkpointed 60602 records.
2026-10-04T15:26:17Z WARNING 3fa59997-b2b9-4763-827d-0b2701348e58: failed while reading the ElectricalSeries rates (AttributeError: module 'spikeinterface.extractors' has no attribute 'NwbRecordingExtractor')
2026-10-04T15:26:17Z WARNING [401/1807] 3fa59997-b2b9-4763-827d-0b2701348e58: leaving unrecorded for a later run to retry.
2026-10-04T15:26:17Z WARNING 3fa6d657-aa61-4295-8910-b2ffe12416ea: failed while reading the ElectricalSeries rates (AttributeError: module 'spikeinterface.extractors' has no attribute 'NwbRecordingExtractor')
2026-10-04T15:26:17Z WARNING [402/1807] 3fa6d657-aa61-4295-8910-b2ffe12416ea: leaving unrecorded for a later run to retry.
2026-10-04T15:26:17Z WARNING 3fa78563-a8f1-41f9-ad66-6fce3dfdf38f: failed while reading the ElectricalSeries rates (AttributeError: module 'spikeinterface.extractors' has no attribute 'NwbRecordingExtractor')
2026-10-04T15:26:17Z WARNING [403/1807] 3fa78563-a8f1-41f9-ad66-6fce3dfdf38f: leaving unrecorded for a later run to retry.
2026-10-04T15:26:18Z WARNING 3fa88c8d-65bb-44db-b588-2bb97906fa70: failed while reading the ElectricalSeries rates (AttributeError: module 'spikeinterface.extractors' has no attribute 'NwbRecordingExtractor')
2026-10-04T15:26:18Z WARNING [404/1807] 3fa88c8d-65bb-44db-b588-2bb97906fa70: leaving unrecorded for a later run to retry.
2026-10-04T15:26:18Z WARNING 3fa8f938-a0ea-4e3a-93ae-c4f65a856836: failed while reading the ElectricalSeries rates (AttributeError: module 'spikeinterface.extractors' has no attribute 'NwbRecordingExtractor')
2026-10-04T15:26:18Z WARNING [405/1807] 3fa8f938-a0ea-4e3a-93ae-c4f65a856836: leaving unrecorded for a later run to retry.
2026-10-04T15:26:18Z WARNING 3fa931e2-6edc-4452-83c7-e63843b3c67e: failed while reading the ElectricalSeries rates (AttributeError: module 'spikeinterface.extractors' has no attribute 'NwbRecordingExtractor')
2026-10-04T15:26:18Z WARNING [406/1807] 3fa931e2-6edc-4452-83c7-e63843b3c67e: leaving unrecorded for a later run to retry.
2026-10-04T15:26:18Z WARNING 3fa93a50-38bc-4e33-abf0-3bb7c3e7f469: failed while reading the ElectricalSeries rates (AttributeError: module 'spikeinterface.extractors' has no attribute 'NwbRecordingExtractor')
2026-10-04T15:26:18Z WARNING [407/1807] 3fa93a50-38bc-4e33-abf0-3bb7c3e7f469: leaving unrecorded for a later run to retry.
2026-10-04T15:26:18Z WARNING 3fa969db-6efa-4a97-9296-4403778bde31: failed while reading the ElectricalSeries rates (AttributeError: module 'spikeinterface.extractors' has no attribute 'NwbRecordingExtractor')
2026-10-04T15:26:18Z WARNING [408/1807] 3fa969db-6efa-4a97-9296-4403778bde31: leaving unrecorded for a later run to retry.
2026-10-04T15:26:18Z WARNING 3faa9c9b-21ce-4850-80ca-995def6b1322: failed while reading the ElectricalSeries rates (AttributeError: module 'spikeinterface.extractors' has no attribute 'NwbRecordingExtractor')
2026-10-04T15:26:18Z WARNING [409/1807] 3faa9c9b-21ce-4850-80ca-995def6b1322: leaving unrecorded for a later run to retry.
2026-10-04T15:26:18Z WARNING 3faad357-6cfe-4811-ac1a-12d2e9d7e9c8: failed while reading the ElectricalSeries rates (AttributeError: module 'spikeinterface.extractors' has no attribute 'NwbRecordingExtractor')
2026-10-04T15:26:18Z WARNING [410/1807] 3faad357-6cfe-4811-ac1a-12d2e9d7e9c8: leaving unrecorded for a later run to retry.
2026-10-04T15:26:19Z WARNING 3fab0999-edab-4735-9903-507a29f10e27: failed while reading the ElectricalSeries rates (AttributeError: module 'spikeinterface.extractors' has no attribute 'NwbRecordingExtractor')
2026-10-04T15:26:19Z WARNING [411/1807] 3fab0999-edab-4735-9903-507a29f10e27: leaving unrecorded for a later run to retry.
2026-10-04T15:26:19Z WARNING 3fab0f5c-065b-416b-b2b8-a2f565019edf: failed while reading the ElectricalSeries rates (AttributeError: module 'spikeinterface.extractors' has no attribute 'NwbRecordingExtractor')
2026-10-04T15:26:19Z WARNING [412/1807] 3fab0f5c-065b-416b-b2b8-a2f565019edf: leaving unrecorded for a later run to retry.
2026-10-04T15:26:19Z WARNING 3fab38e7-400d-4c39-a7f5-baae9e5cc36c: failed while reading the ElectricalSeries rates (AttributeError: module 'spikeinterface.extractors' has no attribute 'NwbRecordingExtractor')
2026-10-04T15:26:19Z WARNING [413/1807] 3fab38e7-400d-4c39-a7f5-baae9e5cc36c: leaving unrecorded for a later run to retry.
2026-10-04T15:26:19Z WARNING 3fabc49c-4d98-4040-ab8a-7e9f444b94f8: failed while reading the ElectricalSeries rates (AttributeError: module 'spikeinterface.extractors' has no attribute 'NwbRecordingExtractor')
2026-10-04T15:26:19Z WARNING [414/1807] 3fabc49c-4d98-4040-ab8a-7e9f444b94f8: leaving unrecorded for a later run to retry.
2026-10-04T15:26:19Z WARNING 3fac4b08-67c3-44c3-9126-6219e31d752b: failed while reading the ElectricalSeries rates (AttributeError: module 'spikeinterface.extractors' has no attribute 'NwbRecordingExtractor')
2026-10-04T15:26:19Z WARNING [415/1807] 3fac4b08-67c3-44c3-9126-6219e31d752b: leaving unrecorded for a later run to retry.
2026-10-04T15:26:19Z WARNING 3fac831e-eefe-409a-98fc-184d1b0ab2b5: failed while reading the ElectricalSeries rates (AttributeError: module 'spikeinterface.extractors' has no attribute 'NwbRecordingExtractor')
2026-10-04T15:26:19Z WARNING [416/1807] 3fac831e-eefe-409a-98fc-184d1b0ab2b5: leaving unrecorded for a later run to retry.
2026-10-04T15:26:20Z WARNING 3fad09d5-9844-4649-b318-b534713b409e: failed while reading the ElectricalSeries rates (AttributeError: module 'spikeinterface.extractors' has no attribute 'NwbRecordingExtractor')
2026-10-04T15:26:20Z WARNING [417/1807] 3fad09d5-9844-4649-b318-b534713b409e: leaving unrecorded for a later run to retry.
2026-10-04T15:26:20Z WARNING 3fad6dce-a6f3-4719-ad3a-4d6bc2445df0: failed while reading the ElectricalSeries rates (AttributeError: module 'spikeinterface.extractors' has no attribute 'NwbRecordingExtractor')
2026-10-04T15:26:20Z WARNING [418/1807] 3fad6dce-a6f3-4719-ad3a-4d6bc2445df0: leaving unrecorded for a later run to retry.
2026-10-04T15:26:20Z WARNING 3fad7665-6f7a-4311-ac14-feb92a69d142: failed while reading the ElectricalSeries rates (AttributeError: module 'spikeinterface.extractors' has no attribute 'NwbRecordingExtractor')
2026-10-04T15:26:20Z WARNING [419/1807] 3fad7665-6f7a-4311-ac14-feb92a69d142: leaving unrecorded for a later run to retry.
2026-10-04T15:26:20Z WARNING 3fae92ed-8a15-4e79-9c8a-366d4ad838d5: failed while reading the ElectricalSeries rates (AttributeError: module 'spikeinterface.extractors' has no attribute 'NwbRecordingExtractor')
2026-10-04T15:26:20Z WARNING [420/1807] 3fae92ed-8a15-4e79-9c8a-366d4ad838d5: leaving unrecorded for a later run to retry.
2026-10-04T15:26:21Z WARNING 3faf1b15-dd76-457e-81f1-f71e871db8ed: failed while reading the ElectricalSeries rates (AttributeError: module 'spikeinterface.extractors' has no attribute 'NwbRecordingExtractor')
2026-10-04T15:26:21Z WARNING [421/1807] 3faf1b15-dd76-457e-81f1-f71e871db8ed: leaving unrecorded for a later run to retry.
2026-10-04T15:26:21Z WARNING 3faf607a-c7bb-4a1e-9e8e-0d0cf3664874: failed while reading the ElectricalSeries rates (AttributeError: module 'spikeinterface.extractors' has no attribute 'NwbRecordingExtractor')
2026-10-04T15:26:21Z WARNING [422/1807] 3faf607a-c7bb-4a1e-9e8e-0d0cf3664874: leaving unrecorded for a later run to retry.
2026-10-04T15:26:21Z WARNING 3faf7ec7-69d0-48b3-9b3a-619a49b4794d: failed while reading the ElectricalSeries rates (AttributeError: module 'spikeinterface.extractors' has no attribute 'NwbRecordingExtractor')
2026-10-04T15:26:21Z WARNING [423/1807] 3faf7ec7-69d0-48b3-9b3a-619a49b4794d: leaving unrecorded for a later run to retry.
2026-10-04T15:26:21Z WARNING 3fb081a4-d762-4fa1-8bf1-5d58de3c951f: failed while reading the ElectricalSeries rates (AttributeError: module 'spikeinterface.extractors' has no attribute 'NwbRecordingExtractor')
2026-10-04T15:26:21Z WARNING [424/1807] 3fb081a4-d762-4fa1-8bf1-5d58de3c951f: leaving unrecorded for a later run to retry.
2026-10-04T15:26:21Z WARNING 3fb09bf0-3e45-4d9a-899a-d1d141206f59: failed while reading the ElectricalSeries rates (AttributeError: module 'spikeinterface.extractors' has no attribute 'NwbRecordingExtractor')
2026-10-04T15:26:21Z WARNING [425/1807] 3fb09bf0-3e45-4d9a-899a-d1d141206f59: leaving unrecorded for a later run to retry.
2026-10-04T15:26:21Z WARNING 3fb0caea-d6cf-45c5-8f31-8caffbb3a346: failed while reading the ElectricalSeries rates (AttributeError: module 'spikeinterface.extractors' has no attribute 'NwbRecordingExtractor')
2026-10-04T15:26:21Z WARNING [426/1807] 3fb0caea-d6cf-45c5-8f31-8caffbb3a346: leaving unrecorded for a later run to retry.
2026-10-04T15:26:22Z WARNING 3fb11b44-4920-4e10-a654-713203709115: failed while reading the ElectricalSeries rates (AttributeError: module 'spikeinterface.extractors' has no attribute 'NwbRecordingExtractor')
2026-10-04T15:26:22Z WARNING [427/1807] 3fb11b44-4920-4e10-a654-713203709115: leaving unrecorded for a later run to retry.
2026-10-04T15:26:22Z WARNING 3fb135c4-cab8-4cf3-89a5-b010a533e525: failed while reading the ElectricalSeries rates (AttributeError: module 'spikeinterface.extractors' has no attribute 'NwbRecordingExtractor')
2026-10-04T15:26:22Z WARNING [428/1807] 3fb135c4-cab8-4cf3-89a5-b010a533e525: leaving unrecorded for a later run to retry.
2026-10-04T15:26:22Z WARNING 3fb17183-6944-4c97-b45f-cb8f2b360f40: failed while reading the ElectricalSeries rates (AttributeError: module 'spikeinterface.extractors' has no attribute 'NwbRecordingExtractor')
2026-10-04T15:26:22Z WARNING [429/1807] 3fb17183-6944-4c97-b45f-cb8f2b360f40: leaving unrecorded for a later run to retry.
2026-10-04T15:26:22Z WARNING 3fb18030-2807-48ef-ba98-ad3e17e1d907: failed while reading the ElectricalSeries rates (AttributeError: module 'spikeinterface.extractors' has no attribute 'NwbRecordingExtractor')
2026-10-04T15:26:22Z WARNING [430/1807] 3fb18030-2807-48ef-ba98-ad3e17e1d907: leaving unrecorded for a later run to retry.
2026-10-04T15:26:22Z WARNING 3fb1a635-ab98-4d4b-9689-bfe92ef89150: failed while reading the ElectricalSeries rates (AttributeError: module 'spikeinterface.extractors' has no attribute 'NwbRecordingExtractor')
2026-10-04T15:26:22Z WARNING [431/1807] 3fb1a635-ab98-4d4b-9689-bfe92ef89150: leaving unrecorded for a later run to retry.
2026-10-04T15:26:22Z WARNING 3fb1a8ef-5c7b-4d09-85a2-2718646dfe69: failed while reading the ElectricalSeries rates (AttributeError: module 'spikeinterface.extractors' has no attribute 'NwbRecordingExtractor')
2026-10-04T15:26:22Z WARNING [432/1807] 3fb1a8ef-5c7b-4d09-85a2-2718646dfe69: leaving unrecorded for a later run to retry.
2026-10-04T15:26:22Z WARNING 3fb27f44-285c-43b3-ac29-5b5d8a439281: failed while reading the ElectricalSeries rates (AttributeError: module 'spikeinterface.extractors' has no attribute 'NwbRecordingExtractor')
2026-10-04T15:26:22Z WARNING [433/1807] 3fb27f44-285c-43b3-ac29-5b5d8a439281: leaving unrecorded for a later run to retry.
2026-10-04T15:26:23Z WARNING 3fb2c85c-faac-4163-8906-cb89530e7008: failed while reading the ElectricalSeries rates (AttributeError: module 'spikeinterface.extractors' has no attribute 'NwbRecordingExtractor')
2026-10-04T15:26:23Z WARNING [434/1807] 3fb2c85c-faac-4163-8906-cb89530e7008: leaving unrecorded for a later run to retry.
2026-10-04T15:26:23Z WARNING 3fb2c8b9-26db-47c0-86c2-9594678a8263: failed while reading the ElectricalSeries rates (AttributeError: module 'spikeinterface.extractors' has no attribute 'NwbRecordingExtractor')
2026-10-04T15:26:23Z WARNING [435/1807] 3fb2c8b9-26db-47c0-86c2-9594678a8263: leaving unrecorded for a later run to retry.
2026-10-04T15:26:23Z WARNING 3fb4f9a6-01ef-4ce2-95fb-d8771390ec35: failed while reading the ElectricalSeries rates (AttributeError: module 'spikeinterface.extractors' has no attribute 'NwbRecordingExtractor')
2026-10-04T15:26:23Z WARNING [436/1807] 3fb4f9a6-01ef-4ce2-95fb-d8771390ec35: leaving unrecorded for a later run to retry.
2026-10-04T15:26:23Z WARNING 3fb5fdf9-f4ff-4b0d-ae92-bb234ab1b34a: failed while reading the ElectricalSeries rates (AttributeError: module 'spikeinterface.extractors' has no attribute 'NwbRecordingExtractor')
2026-10-04T15:26:23Z WARNING [437/1807] 3fb5fdf9-f4ff-4b0d-ae92-bb234ab1b34a: leaving unrecorded for a later run to retry.
2026-10-04T15:26:23Z WARNING 3fb6bf2a-275f-4a32-92c4-3670cea94192: failed while reading the ElectricalSeries rates (AttributeError: module 'spikeinterface.extractors' has no attribute 'NwbRecordingExtractor')
2026-10-04T15:26:23Z WARNING [438/1807] 3fb6bf2a-275f-4a32-92c4-3670cea94192: leaving unrecorded for a later run to retry.
2026-10-04T15:26:24Z WARNING 3fb70e17-d901-4e06-90e7-786c5251944a: failed while reading the ElectricalSeries rates (AttributeError: module 'spikeinterface.extractors' has no attribute 'NwbRecordingExtractor')
2026-10-04T15:26:24Z WARNING [439/1807] 3fb70e17-d901-4e06-90e7-786c5251944a: leaving unrecorded for a later run to retry.
2026-10-04T15:26:24Z WARNING 3fb795a3-6054-42ca-9690-a156025b64ec: failed while reading the ElectricalSeries rates (AttributeError: module 'spikeinterface.extractors' has no attribute 'NwbRecordingExtractor')
2026-10-04T15:26:24Z WARNING [440/1807] 3fb795a3-6054-42ca-9690-a156025b64ec: leaving unrecorded for a later run to retry.
2026-10-04T15:26:24Z WARNING 3fb86556-3743-48d5-9d9d-46e9ae473248: failed while reading the ElectricalSeries rates (AttributeError: module 'spikeinterface.extractors' has no attribute 'NwbRecordingExtractor')
2026-10-04T15:26:24Z WARNING [441/1807] 3fb86556-3743-48d5-9d9d-46e9ae473248: leaving unrecorded for a later run to retry.
2026-10-04T15:26:24Z WARNING 3fb97555-129a-4ddc-a40c-426c38b54cae: failed while reading the ElectricalSeries rates (AttributeError: module 'spikeinterface.extractors' has no attribute 'NwbRecordingExtractor')
2026-10-04T15:26:24Z WARNING [442/1807] 3fb97555-129a-4ddc-a40c-426c38b54cae: leaving unrecorded for a later run to retry.
2026-10-04T15:26:24Z WARNING 3fb9dfc9-a88f-46e5-8973-326fa6613928: failed while reading the ElectricalSeries rates (AttributeError: module 'spikeinterface.extractors' has no attribute 'NwbRecordingExtractor')
2026-10-04T15:26:24Z WARNING [443/1807] 3fb9dfc9-a88f-46e5-8973-326fa6613928: leaving unrecorded for a later run to retry.
2026-10-04T15:26:24Z WARNING 3fb9fee9-f2ec-4bc3-b448-c526e87f74ed: failed while reading the ElectricalSeries rates (AttributeError: module 'spikeinterface.extractors' has no attribute 'NwbRecordingExtractor')
2026-10-04T15:26:24Z WARNING [444/1807] 3fb9fee9-f2ec-4bc3-b448-c526e87f74ed: leaving unrecorded for a later run to retry.
2026-10-04T15:26:25Z WARNING 3fbaed63-d4ca-4130-967f-66262c940b3b: failed while reading the ElectricalSeries rates (AttributeError: module 'spikeinterface.extractors' has no attribute 'NwbRecordingExtractor')
2026-10-04T15:26:25Z WARNING [445/1807] 3fbaed63-d4ca-4130-967f-66262c940b3b: leaving unrecorded for a later run to retry.
2026-10-04T15:26:25Z WARNING 3fbb6ec0-e979-44e8-9efe-1c277c5e8a55: failed while reading the ElectricalSeries rates (AttributeError: module 'spikeinterface.extractors' has no attribute 'NwbRecordingExtractor')
2026-10-04T15:26:25Z WARNING [446/1807] 3fbb6ec0-e979-44e8-9efe-1c277c5e8a55: leaving unrecorded for a later run to retry.
2026-10-04T15:26:25Z WARNING 3fbbb386-4842-4293-b88c-8b75470c6eae: failed while reading the ElectricalSeries rates (AttributeError: module 'spikeinterface.extractors' has no attribute 'NwbRecordingExtractor')
2026-10-04T15:26:25Z WARNING [447/1807] 3fbbb386-4842-4293-b88c-8b75470c6eae: leaving unrecorded for a later run to retry.
2026-10-04T15:26:25Z WARNING 3fbc65f7-0e6b-4a2f-9ae3-805aa1405024: failed while reading the ElectricalSeries rates (AttributeError: module 'spikeinterface.extractors' has no attribute 'NwbRecordingExtractor')
2026-10-04T15:26:25Z WARNING [448/1807] 3fbc65f7-0e6b-4a2f-9ae3-805aa1405024: leaving unrecorded for a later run to retry.
2026-10-04T15:26:25Z WARNING 3fbc9f89-3a4f-4753-8e9f-d4ab79581dea: failed while reading the ElectricalSeries rates (AttributeError: module 'spikeinterface.extractors' has no attribute 'NwbRecordingExtractor')
2026-10-04T15:26:25Z WARNING [449/1807] 3fbc9f89-3a4f-4753-8e9f-d4ab79581dea: leaving unrecorded for a later run to retry.
2026-10-04T15:26:25Z WARNING 3fbe0b90-aa22-4b65-9229-e8cb1f64cff5: failed while reading the ElectricalSeries rates (AttributeError: module 'spikeinterface.extractors' has no attribute 'NwbRecordingExtractor')
2026-10-04T15:26:25Z WARNING [450/1807] 3fbe0b90-aa22-4b65-9229-e8cb1f64cff5: leaving unrecorded for a later run to retry.
2026-10-04T15:26:25Z INFO [450/1807] 3fbe0b90-aa22-4b65-9229-e8cb1f64cff5: checkpointed 60602 records.
2026-10-04T15:26:26Z WARNING 3fbe449c-cdf4-45f6-aa54-a93a659652d0: failed while reading the ElectricalSeries rates (AttributeError: module 'spikeinterface.extractors' has no attribute 'NwbRecordingExtractor')
2026-10-04T15:26:26Z WARNING [451/1807] 3fbe449c-cdf4-45f6-aa54-a93a659652d0: leaving unrecorded for a later run to retry.
2026-10-04T15:26:26Z WARNING 3fbef588-4bc0-4b3c-8b04-0bca8c167779: failed while reading the ElectricalSeries rates (AttributeError: module 'spikeinterface.extractors' has no attribute 'NwbRecordingExtractor')
2026-10-04T15:26:26Z WARNING [452/1807] 3fbef588-4bc0-4b3c-8b04-0bca8c167779: leaving unrecorded for a later run to retry.
2026-10-04T15:26:26Z WARNING 3fbf1c30-735a-45d9-b505-2cf58ed2f32e: failed while reading the ElectricalSeries rates (AttributeError: module 'spikeinterface.extractors' has no attribute 'NwbRecordingExtractor')
2026-10-04T15:26:26Z WARNING [453/1807] 3fbf1c30-735a-45d9-b505-2cf58ed2f32e: leaving unrecorded for a later run to retry.
2026-10-04T15:26:26Z WARNING 3fbf5e2e-d99c-4d21-9611-4ab712d979a1: failed while reading the ElectricalSeries rates (AttributeError: module 'spikeinterface.extractors' has no attribute 'NwbRecordingExtractor')
2026-10-04T15:26:26Z WARNING [454/1807] 3fbf5e2e-d99c-4d21-9611-4ab712d979a1: leaving unrecorded for a later run to retry.
2026-10-04T15:26:26Z WARNING 3fc04348-1d09-4501-8b69-13f9c9647a57: failed while reading the ElectricalSeries rates (AttributeError: module 'spikeinterface.extractors' has no attribute 'NwbRecordingExtractor')
2026-10-04T15:26:26Z WARNING [455/1807] 3fc04348-1d09-4501-8b69-13f9c9647a57: leaving unrecorded for a later run to retry.
2026-10-04T15:26:26Z WARNING 3fc155d7-3ad5-4044-bc8f-7589aa846f80: failed while reading the ElectricalSeries rates (AttributeError: module 'spikeinterface.extractors' has no attribute 'NwbRecordingExtractor')
2026-10-04T15:26:26Z WARNING [456/1807] 3fc155d7-3ad5-4044-bc8f-7589aa846f80: leaving unrecorded for a later run to retry.
2026-10-04T15:26:26Z WARNING 3fc27fec-8512-4806-ac91-03c897c0a567: failed while reading the ElectricalSeries rates (AttributeError: module 'spikeinterface.extractors' has no attribute 'NwbRecordingExtractor')
2026-10-04T15:26:26Z WARNING [457/1807] 3fc27fec-8512-4806-ac91-03c897c0a567: leaving unrecorded for a later run to retry.
2026-10-04T15:26:27Z WARNING 3fc47649-b9d5-4a8f-a96b-e694eea921c5: failed while reading the ElectricalSeries rates (AttributeError: module 'spikeinterface.extractors' has no attribute 'NwbRecordingExtractor')
2026-10-04T15:26:27Z WARNING [458/1807] 3fc47649-b9d5-4a8f-a96b-e694eea921c5: leaving unrecorded for a later run to retry.
2026-10-04T15:26:27Z WARNING 3fc500ae-272e-4a98-af5d-3ff2f7c00001: failed while reading the ElectricalSeries rates (AttributeError: module 'spikeinterface.extractors' has no attribute 'NwbRecordingExtractor')
2026-10-04T15:26:27Z WARNING [459/1807] 3fc500ae-272e-4a98-af5d-3ff2f7c00001: leaving unrecorded for a later run to retry.
2026-10-04T15:26:27Z WARNING 3fc525d0-7482-42f9-b0ed-1fd1ead8a7d9: failed while reading the ElectricalSeries rates (AttributeError: module 'spikeinterface.extractors' has no attribute 'NwbRecordingExtractor')
2026-10-04T15:26:27Z WARNING [460/1807] 3fc525d0-7482-42f9-b0ed-1fd1ead8a7d9: leaving unrecorded for a later run to retry.
2026-10-04T15:26:27Z WARNING 3fc7c813-151b-443f-95ae-8990078ebe3f: failed while reading the ElectricalSeries rates (AttributeError: module 'spikeinterface.extractors' has no attribute 'NwbRecordingExtractor')
2026-10-04T15:26:27Z WARNING [461/1807] 3fc7c813-151b-443f-95ae-8990078ebe3f: leaving unrecorded for a later run to retry.
2026-10-04T15:26:27Z WARNING 3fc7fd3a-c507-479d-a45a-6aad85a50abb: failed while reading the ElectricalSeries rates (AttributeError: module 'spikeinterface.extractors' has no attribute 'NwbRecordingExtractor')
2026-10-04T15:26:27Z WARNING [462/1807] 3fc7fd3a-c507-479d-a45a-6aad85a50abb: leaving unrecorded for a later run to retry.
2026-10-04T15:26:27Z WARNING 3fc84a0a-fa48-4209-91a4-57d550901b61: failed while reading the ElectricalSeries rates (AttributeError: module 'spikeinterface.extractors' has no attribute 'NwbRecordingExtractor')
2026-10-04T15:26:27Z WARNING [463/1807] 3fc84a0a-fa48-4209-91a4-57d550901b61: leaving unrecorded for a later run to retry.
2026-10-04T15:26:28Z WARNING 3fc84dcf-d912-486f-a548-b4b2dbb55878: failed while reading the ElectricalSeries rates (AttributeError: module 'spikeinterface.extractors' has no attribute 'NwbRecordingExtractor')
2026-10-04T15:26:28Z WARNING [464/1807] 3fc84dcf-d912-486f-a548-b4b2dbb55878: leaving unrecorded for a later run to retry.
2026-10-04T15:26:28Z WARNING 3fc86c8d-86d8-406e-adda-9cf0dbd98624: failed while reading the ElectricalSeries rates (AttributeError: module 'spikeinterface.extractors' has no attribute 'NwbRecordingExtractor')
2026-10-04T15:26:28Z WARNING [465/1807] 3fc86c8d-86d8-406e-adda-9cf0dbd98624: leaving unrecorded for a later run to retry.
2026-10-04T15:26:28Z WARNING 3fc9a3b3-c894-4104-92d4-c25a2546c5aa: failed while reading the ElectricalSeries rates (AttributeError: module 'spikeinterface.extractors' has no attribute 'NwbRecordingExtractor')
2026-10-04T15:26:28Z WARNING [466/1807] 3fc9a3b3-c894-4104-92d4-c25a2546c5aa: leaving unrecorded for a later run to retry.
2026-10-04T15:26:28Z WARNING 3fc9af1f-609f-41aa-a7bc-64b99ef3fc54: failed while reading the ElectricalSeries rates (AttributeError: module 'spikeinterface.extractors' has no attribute 'NwbRecordingExtractor')
2026-10-04T15:26:28Z WARNING [467/1807] 3fc9af1f-609f-41aa-a7bc-64b99ef3fc54: leaving unrecorded for a later run to retry.
2026-10-04T15:26:28Z WARNING 3fca3cab-e27e-4b94-a786-e68c059f3dfc: failed while reading the ElectricalSeries rates (AttributeError: module 'spikeinterface.extractors' has no attribute 'NwbRecordingExtractor')
2026-10-04T15:26:28Z WARNING [468/1807] 3fca3cab-e27e-4b94-a786-e68c059f3dfc: leaving unrecorded for a later run to retry.
2026-10-04T15:26:28Z WARNING 3fca412f-f2f1-4d6d-8568-bdee6b334a82: failed while reading the ElectricalSeries rates (AttributeError: module 'spikeinterface.extractors' has no attribute 'NwbRecordingExtractor')
2026-10-04T15:26:28Z WARNING [469/1807] 3fca412f-f2f1-4d6d-8568-bdee6b334a82: leaving unrecorded for a later run to retry.
2026-10-04T15:26:29Z WARNING 3fcaffaa-649f-4bf7-9069-fe2b32c5126f: failed while reading the ElectricalSeries rates (AttributeError: module 'spikeinterface.extractors' has no attribute 'NwbRecordingExtractor')
2026-10-04T15:26:29Z WARNING [470/1807] 3fcaffaa-649f-4bf7-9069-fe2b32c5126f: leaving unrecorded for a later run to retry.
2026-10-04T15:26:29Z WARNING 3fcb4e81-9732-4dee-bf42-d0afe43c0b2e: failed while reading the ElectricalSeries rates (AttributeError: module 'spikeinterface.extractors' has no attribute 'NwbRecordingExtractor')
2026-10-04T15:26:29Z WARNING [471/1807] 3fcb4e81-9732-4dee-bf42-d0afe43c0b2e: leaving unrecorded for a later run to retry.
2026-10-04T15:26:29Z WARNING 3fcba058-e4d8-47ff-92b5-f7e02ecad1fe: failed while reading the ElectricalSeries rates (AttributeError: module 'spikeinterface.extractors' has no attribute 'NwbRecordingExtractor')
2026-10-04T15:26:29Z WARNING [472/1807] 3fcba058-e4d8-47ff-92b5-f7e02ecad1fe: leaving unrecorded for a later run to retry.
2026-10-04T15:26:29Z WARNING 3fccc2b3-bb3e-4c74-b318-b542e281ffea: failed while reading the ElectricalSeries rates (AttributeError: module 'spikeinterface.extractors' has no attribute 'NwbRecordingExtractor')
2026-10-04T15:26:29Z WARNING [473/1807] 3fccc2b3-bb3e-4c74-b318-b542e281ffea: leaving unrecorded for a later run to retry.
2026-10-04T15:26:29Z WARNING 3fcdc62c-d73d-4d59-b0aa-1ba662b7a92e: failed while reading the ElectricalSeries rates (AttributeError: module 'spikeinterface.extractors' has no attribute 'NwbRecordingExtractor')
2026-10-04T15:26:29Z WARNING [474/1807] 3fcdc62c-d73d-4d59-b0aa-1ba662b7a92e: leaving unrecorded for a later run to retry.
2026-10-04T15:26:29Z WARNING 3fceace7-baeb-436f-9fbe-254021529b16: failed while reading the ElectricalSeries rates (AttributeError: module 'spikeinterface.extractors' has no attribute 'NwbRecordingExtractor')
2026-10-04T15:26:29Z WARNING [475/1807] 3fceace7-baeb-436f-9fbe-254021529b16: leaving unrecorded for a later run to retry.
2026-10-04T15:26:30Z WARNING 3fd029de-33f7-422d-9cf1-567c8f6dc528: failed while reading the ElectricalSeries rates (AttributeError: module 'spikeinterface.extractors' has no attribute 'NwbRecordingExtractor')
2026-10-04T15:26:30Z WARNING [476/1807] 3fd029de-33f7-422d-9cf1-567c8f6dc528: leaving unrecorded for a later run to retry.
2026-10-04T15:26:30Z WARNING 3fd1407b-e8ed-4a76-b79f-37535d37f766: failed while reading the ElectricalSeries rates (AttributeError: module 'spikeinterface.extractors' has no attribute 'NwbRecordingExtractor')
2026-10-04T15:26:30Z WARNING [477/1807] 3fd1407b-e8ed-4a76-b79f-37535d37f766: leaving unrecorded for a later run to retry.
2026-10-04T15:26:30Z WARNING 3fd2de1a-8e3d-44e4-889e-fe55bcfdfa0d: failed while reading the ElectricalSeries rates (AttributeError: module 'spikeinterface.extractors' has no attribute 'NwbRecordingExtractor')
2026-10-04T15:26:30Z WARNING [478/1807] 3fd2de1a-8e3d-44e4-889e-fe55bcfdfa0d: leaving unrecorded for a later run to retry.
2026-10-04T15:26:30Z WARNING 3fd32270-9528-4156-8c70-9b3ce3338729: failed while reading the ElectricalSeries rates (AttributeError: module 'spikeinterface.extractors' has no attribute 'NwbRecordingExtractor')
2026-10-04T15:26:30Z WARNING [479/1807] 3fd32270-9528-4156-8c70-9b3ce3338729: leaving unrecorded for a later run to retry.
2026-10-04T15:26:30Z WARNING 3fd33216-7d4f-4a42-a8bc-db1a0185e773: failed while reading the ElectricalSeries rates (AttributeError: module 'spikeinterface.extractors' has no attribute 'NwbRecordingExtractor')
2026-10-04T15:26:30Z WARNING [480/1807] 3fd33216-7d4f-4a42-a8bc-db1a0185e773: leaving unrecorded for a later run to retry.
2026-10-04T15:26:30Z WARNING 3fd44515-0111-4b1b-b20e-8e63d410aa53: failed while reading the ElectricalSeries rates (AttributeError: module 'spikeinterface.extractors' has no attribute 'NwbRecordingExtractor')
2026-10-04T15:26:30Z WARNING [481/1807] 3fd44515-0111-4b1b-b20e-8e63d410aa53: leaving unrecorded for a later run to retry.
2026-10-04T15:26:31Z WARNING 3fd4fc7e-b6ce-4c31-accf-e285c421834f: failed while reading the ElectricalSeries rates (AttributeError: module 'spikeinterface.extractors' has no attribute 'NwbRecordingExtractor')
2026-10-04T15:26:31Z WARNING [482/1807] 3fd4fc7e-b6ce-4c31-accf-e285c421834f: leaving unrecorded for a later run to retry.
2026-10-04T15:26:31Z WARNING 3fd53502-17b0-4ad4-a6d3-2c17d91be282: failed while reading the ElectricalSeries rates (AttributeError: module 'spikeinterface.extractors' has no attribute 'NwbRecordingExtractor')
2026-10-04T15:26:31Z WARNING [483/1807] 3fd53502-17b0-4ad4-a6d3-2c17d91be282: leaving unrecorded for a later run to retry.
2026-10-04T15:26:31Z WARNING 3fd664e8-4aea-4a09-a3e3-28b00d58fb46: failed while reading the ElectricalSeries rates (AttributeError: module 'spikeinterface.extractors' has no attribute 'NwbRecordingExtractor')
2026-10-04T15:26:31Z WARNING [484/1807] 3fd664e8-4aea-4a09-a3e3-28b00d58fb46: leaving unrecorded for a later run to retry.
2026-10-04T15:26:31Z WARNING 3fd6a25f-f6ad-4f9e-ac0a-e6703203e37c: failed while reading the ElectricalSeries rates (AttributeError: module 'spikeinterface.extractors' has no attribute 'NwbRecordingExtractor')
2026-10-04T15:26:31Z WARNING [485/1807] 3fd6a25f-f6ad-4f9e-ac0a-e6703203e37c: leaving unrecorded for a later run to retry.
2026-10-04T15:26:31Z WARNING 3fd73471-3e81-4129-b521-1f196517e28e: failed while reading the ElectricalSeries rates (AttributeError: module 'spikeinterface.extractors' has no attribute 'NwbRecordingExtractor')
2026-10-04T15:26:31Z WARNING [486/1807] 3fd73471-3e81-4129-b521-1f196517e28e: leaving unrecorded for a later run to retry.
2026-10-04T15:26:31Z WARNING 3fd7988e-2abe-479e-9517-1eed358d2816: failed while reading the ElectricalSeries rates (AttributeError: module 'spikeinterface.extractors' has no attribute 'NwbRecordingExtractor')
2026-10-04T15:26:31Z WARNING [487/1807] 3fd7988e-2abe-479e-9517-1eed358d2816: leaving unrecorded for a later run to retry.
2026-10-04T15:26:32Z WARNING 3fd80335-9dfd-4d81-9aa2-c536b8a91d88: failed while reading the ElectricalSeries rates (AttributeError: module 'spikeinterface.extractors' has no attribute 'NwbRecordingExtractor')
2026-10-04T15:26:32Z WARNING [488/1807] 3fd80335-9dfd-4d81-9aa2-c536b8a91d88: leaving unrecorded for a later run to retry.
2026-10-04T15:26:32Z WARNING 3fd8458d-f0c3-40cf-80e1-79b7945c767a: failed while reading the ElectricalSeries rates (AttributeError: module 'spikeinterface.extractors' has no attribute 'NwbRecordingExtractor')
2026-10-04T15:26:32Z WARNING [489/1807] 3fd8458d-f0c3-40cf-80e1-79b7945c767a: leaving unrecorded for a later run to retry.
2026-10-04T15:26:32Z WARNING 3fd87f9a-342c-42da-950e-f8056e186f2e: failed while reading the ElectricalSeries rates (AttributeError: module 'spikeinterface.extractors' has no attribute 'NwbRecordingExtractor')
2026-10-04T15:26:32Z WARNING [490/1807] 3fd87f9a-342c-42da-950e-f8056e186f2e: leaving unrecorded for a later run to retry.
2026-10-04T15:26:32Z WARNING 3fd88081-70a6-4309-9fc9-9b1002160efd: failed while reading the ElectricalSeries rates (AttributeError: module 'spikeinterface.extractors' has no attribute 'NwbRecordingExtractor')
2026-10-04T15:26:32Z WARNING [491/1807] 3fd88081-70a6-4309-9fc9-9b1002160efd: leaving unrecorded for a later run to retry.
2026-10-04T15:26:32Z WARNING 3fd8c2c5-390e-41c6-a6ef-d94cfeb9439f: failed while reading the ElectricalSeries rates (AttributeError: module 'spikeinterface.extractors' has no attribute 'NwbRecordingExtractor')
2026-10-04T15:26:32Z WARNING [492/1807] 3fd8c2c5-390e-41c6-a6ef-d94cfeb9439f: leaving unrecorded for a later run to retry.
2026-10-04T15:26:33Z WARNING 3fd8ce16-752a-43be-a871-c96f0a23d10d: failed while reading the ElectricalSeries rates (AttributeError: module 'spikeinterface.extractors' has no attribute 'NwbRecordingExtractor')
2026-10-04T15:26:33Z WARNING [493/1807] 3fd8ce16-752a-43be-a871-c96f0a23d10d: leaving unrecorded for a later run to retry.
2026-10-04T15:26:33Z WARNING 3fd8fc82-a87c-428a-9a48-79b7c97f99d6: failed while reading the ElectricalSeries rates (AttributeError: module 'spikeinterface.extractors' has no attribute 'NwbRecordingExtractor')
2026-10-04T15:26:33Z WARNING [494/1807] 3fd8fc82-a87c-428a-9a48-79b7c97f99d6: leaving unrecorded for a later run to retry.
2026-10-04T15:26:33Z WARNING 3fd974d5-262c-4416-98d6-dc5f8e3554b3: failed while reading the ElectricalSeries rates (AttributeError: module 'spikeinterface.extractors' has no attribute 'NwbRecordingExtractor')
2026-10-04T15:26:33Z WARNING [495/1807] 3fd974d5-262c-4416-98d6-dc5f8e3554b3: leaving unrecorded for a later run to retry.
2026-10-04T15:26:33Z WARNING 3fd9b983-3c9e-4b0a-96db-2fd0c4cb4205: failed while reading the ElectricalSeries rates (AttributeError: module 'spikeinterface.extractors' has no attribute 'NwbRecordingExtractor')
2026-10-04T15:26:33Z WARNING [496/1807] 3fd9b983-3c9e-4b0a-96db-2fd0c4cb4205: leaving unrecorded for a later run to retry.
2026-10-04T15:26:33Z WARNING 3fd9f784-bb8d-4017-86d7-8b955410c438: failed while reading the ElectricalSeries rates (AttributeError: module 'spikeinterface.extractors' has no attribute 'NwbRecordingExtractor')
2026-10-04T15:26:33Z WARNING [497/1807] 3fd9f784-bb8d-4017-86d7-8b955410c438: leaving unrecorded for a later run to retry.
2026-10-04T15:26:33Z WARNING 3fda2d08-0761-48bd-805c-e3fb99d185ba: failed while reading the ElectricalSeries rates (AttributeError: module 'spikeinterface.extractors' has no attribute 'NwbRecordingExtractor')
2026-10-04T15:26:33Z WARNING [498/1807] 3fda2d08-0761-48bd-805c-e3fb99d185ba: leaving unrecorded for a later run to retry.
2026-10-04T15:26:34Z WARNING 3fdad805-d3a3-4253-8616-9be64318e6c6: failed while reading the ElectricalSeries rates (AttributeError: module 'spikeinterface.extractors' has no attribute 'NwbRecordingExtractor')
2026-10-04T15:26:34Z WARNING [499/1807] 3fdad805-d3a3-4253-8616-9be64318e6c6: leaving unrecorded for a later run to retry.
2026-10-04T15:26:34Z WARNING 3fdaf7a0-f651-4347-bc7d-9ad7fc34ac3e: failed while reading the ElectricalSeries rates (AttributeError: module 'spikeinterface.extractors' has no attribute 'NwbRecordingExtractor')
2026-10-04T15:26:34Z WARNING [500/1807] 3fdaf7a0-f651-4347-bc7d-9ad7fc34ac3e: leaving unrecorded for a later run to retry.
2026-10-04T15:26:34Z INFO [500/1807] 3fdaf7a0-f651-4347-bc7d-9ad7fc34ac3e: checkpointed 60602 records.
2026-10-04T15:26:34Z WARNING 3fdbe90b-49bc-48ca-a506-c72a57b244f3: failed while reading the ElectricalSeries rates (AttributeError: module 'spikeinterface.extractors' has no attribute 'NwbRecordingExtractor')
2026-10-04T15:26:34Z WARNING [501/1807] 3fdbe90b-49bc-48ca-a506-c72a57b244f3: leaving unrecorded for a later run to retry.
2026-10-04T15:26:34Z WARNING 3fdc1576-0d46-4430-9a2b-d1701d905977: failed while reading the ElectricalSeries rates (AttributeError: module 'spikeinterface.extractors' has no attribute 'NwbRecordingExtractor')
2026-10-04T15:26:34Z WARNING [502/1807] 3fdc1576-0d46-4430-9a2b-d1701d905977: leaving unrecorded for a later run to retry.
2026-10-04T15:26:34Z WARNING 3fdc331f-67df-4fac-9385-6f333e1befa7: failed while reading the ElectricalSeries rates (AttributeError: module 'spikeinterface.extractors' has no attribute 'NwbRecordingExtractor')
2026-10-04T15:26:34Z WARNING [503/1807] 3fdc331f-67df-4fac-9385-6f333e1befa7: leaving unrecorded for a later run to retry.
2026-10-04T15:26:34Z WARNING 3fddaf55-6ed5-44c8-b6a7-c79909f09b44: failed while reading the ElectricalSeries rates (AttributeError: module 'spikeinterface.extractors' has no attribute 'NwbRecordingExtractor')
2026-10-04T15:26:34Z WARNING [504/1807] 3fddaf55-6ed5-44c8-b6a7-c79909f09b44: leaving unrecorded for a later run to retry.
2026-10-04T15:26:35Z WARNING 3fdf30aa-9a6c-45c2-af61-fd0376bf5513: failed while reading the ElectricalSeries rates (AttributeError: module 'spikeinterface.extractors' has no attribute 'NwbRecordingExtractor')
2026-10-04T15:26:35Z WARNING [505/1807] 3fdf30aa-9a6c-45c2-af61-fd0376bf5513: leaving unrecorded for a later run to retry.
2026-10-04T15:26:35Z WARNING 3fdfabf9-a985-471f-b8ce-74df8a58931a: failed while reading the ElectricalSeries rates (AttributeError: module 'spikeinterface.extractors' has no attribute 'NwbRecordingExtractor')
2026-10-04T15:26:35Z WARNING [506/1807] 3fdfabf9-a985-471f-b8ce-74df8a58931a: leaving unrecorded for a later run to retry.
2026-10-04T15:26:35Z WARNING 3fe1a18b-cd12-4d34-bd60-a99fa4cc37b6: failed while reading the ElectricalSeries rates (AttributeError: module 'spikeinterface.extractors' has no attribute 'NwbRecordingExtractor')
2026-10-04T15:26:35Z WARNING [507/1807] 3fe1a18b-cd12-4d34-bd60-a99fa4cc37b6: leaving unrecorded for a later run to retry.
2026-10-04T15:26:35Z WARNING 3fe275d3-6034-424b-9424-c88ecb29fb23: failed while reading the ElectricalSeries rates (AttributeError: module 'spikeinterface.extractors' has no attribute 'NwbRecordingExtractor')
2026-10-04T15:26:35Z WARNING [508/1807] 3fe275d3-6034-424b-9424-c88ecb29fb23: leaving unrecorded for a later run to retry.
2026-10-04T15:26:35Z WARNING 3fe386ee-421c-4145-a2c7-9e5cee180c65: failed while reading the ElectricalSeries rates (AttributeError: module 'spikeinterface.extractors' has no attribute 'NwbRecordingExtractor')
2026-10-04T15:26:35Z WARNING [509/1807] 3fe386ee-421c-4145-a2c7-9e5cee180c65: leaving unrecorded for a later run to retry.
2026-10-04T15:26:35Z WARNING 3fe394af-9dad-45cb-88cb-d17425c82d2c: failed while reading the ElectricalSeries rates (AttributeError: module 'spikeinterface.extractors' has no attribute 'NwbRecordingExtractor')
2026-10-04T15:26:35Z WARNING [510/1807] 3fe394af-9dad-45cb-88cb-d17425c82d2c: leaving unrecorded for a later run to retry.
2026-10-04T15:26:36Z WARNING 3fe3dfe6-3710-4dad-b078-b9e0eddc60fe: failed while reading the ElectricalSeries rates (AttributeError: module 'spikeinterface.extractors' has no attribute 'NwbRecordingExtractor')
2026-10-04T15:26:36Z WARNING [511/1807] 3fe3dfe6-3710-4dad-b078-b9e0eddc60fe: leaving unrecorded for a later run to retry.
2026-10-04T15:26:36Z WARNING 3fe3e19b-004f-4446-b839-7046bebb57b0: failed while reading the ElectricalSeries rates (AttributeError: module 'spikeinterface.extractors' has no attribute 'NwbRecordingExtractor')
2026-10-04T15:26:36Z WARNING [512/1807] 3fe3e19b-004f-4446-b839-7046bebb57b0: leaving unrecorded for a later run to retry.
2026-10-04T15:26:36Z WARNING 3fe48db7-bf78-4f01-a31d-4c1bc890931a: failed while reading the ElectricalSeries rates (AttributeError: module 'spikeinterface.extractors' has no attribute 'NwbRecordingExtractor')
2026-10-04T15:26:36Z WARNING [513/1807] 3fe48db7-bf78-4f01-a31d-4c1bc890931a: leaving unrecorded for a later run to retry.
2026-10-04T15:26:36Z WARNING 3fe49d8f-a24d-4119-b101-d8c39c4d7c65: failed while reading the ElectricalSeries rates (AttributeError: module 'spikeinterface.extractors' has no attribute 'NwbRecordingExtractor')
2026-10-04T15:26:36Z WARNING [514/1807] 3fe49d8f-a24d-4119-b101-d8c39c4d7c65: leaving unrecorded for a later run to retry.
2026-10-04T15:26:36Z WARNING 3fe4dbe4-42c8-4972-b06b-663ee43e84a8: failed while reading the ElectricalSeries rates (AttributeError: module 'spikeinterface.extractors' has no attribute 'NwbRecordingExtractor')
2026-10-04T15:26:36Z WARNING [515/1807] 3fe4dbe4-42c8-4972-b06b-663ee43e84a8: leaving unrecorded for a later run to retry.
2026-10-04T15:26:36Z WARNING 3fe4e20d-7e63-43ff-8624-c6c34bbf35d9: failed while reading the ElectricalSeries rates (AttributeError: module 'spikeinterface.extractors' has no attribute 'NwbRecordingExtractor')
2026-10-04T15:26:36Z WARNING [516/1807] 3fe4e20d-7e63-43ff-8624-c6c34bbf35d9: leaving unrecorded for a later run to retry.
2026-10-04T15:26:37Z WARNING 3fe54995-5bc7-44ff-95ac-2f4b0dbf4b4a: failed while reading the ElectricalSeries rates (AttributeError: module 'spikeinterface.extractors' has no attribute 'NwbRecordingExtractor')
2026-10-04T15:26:37Z WARNING [517/1807] 3fe54995-5bc7-44ff-95ac-2f4b0dbf4b4a: leaving unrecorded for a later run to retry.
2026-10-04T15:26:37Z WARNING 3fe55d2f-12aa-4cf9-9381-887f0c794cd3: failed while reading the ElectricalSeries rates (AttributeError: module 'spikeinterface.extractors' has no attribute 'NwbRecordingExtractor')
2026-10-04T15:26:37Z WARNING [518/1807] 3fe55d2f-12aa-4cf9-9381-887f0c794cd3: leaving unrecorded for a later run to retry.
2026-10-04T15:26:37Z WARNING 3fe60296-ab26-49d0-9a83-8f901e56d8d4: failed while reading the ElectricalSeries rates (AttributeError: module 'spikeinterface.extractors' has no attribute 'NwbRecordingExtractor')
2026-10-04T15:26:37Z WARNING [519/1807] 3fe60296-ab26-49d0-9a83-8f901e56d8d4: leaving unrecorded for a later run to retry.
2026-10-04T15:26:37Z WARNING 3fe69766-4f47-42f4-8c17-9f7990768fe8: failed while reading the ElectricalSeries rates (AttributeError: module 'spikeinterface.extractors' has no attribute 'NwbRecordingExtractor')
2026-10-04T15:26:37Z WARNING [520/1807] 3fe69766-4f47-42f4-8c17-9f7990768fe8: leaving unrecorded for a later run to retry.
2026-10-04T15:26:37Z WARNING 3fe6e55b-1800-4460-85d6-acf18fdfb14d: failed while reading the ElectricalSeries rates (AttributeError: module 'spikeinterface.extractors' has no attribute 'NwbRecordingExtractor')
2026-10-04T15:26:37Z WARNING [521/1807] 3fe6e55b-1800-4460-85d6-acf18fdfb14d: leaving unrecorded for a later run to retry.
2026-10-04T15:26:37Z WARNING 3fe6fdbd-cf8f-4435-b2a3-44dc047c14b1: failed while reading the ElectricalSeries rates (AttributeError: module 'spikeinterface.extractors' has no attribute 'NwbRecordingExtractor')
2026-10-04T15:26:37Z WARNING [522/1807] 3fe6fdbd-cf8f-4435-b2a3-44dc047c14b1: leaving unrecorded for a later run to retry.
2026-10-04T15:26:38Z WARNING 3fe82143-8326-4d71-8a9f-c69973bc2194: failed while reading the ElectricalSeries rates (AttributeError: module 'spikeinterface.extractors' has no attribute 'NwbRecordingExtractor')
2026-10-04T15:26:38Z WARNING [523/1807] 3fe82143-8326-4d71-8a9f-c69973bc2194: leaving unrecorded for a later run to retry.
2026-10-04T15:26:38Z WARNING 3fe93cb6-74bd-47cd-9908-8f61a003c24a: failed while reading the ElectricalSeries rates (AttributeError: module 'spikeinterface.extractors' has no attribute 'NwbRecordingExtractor')
2026-10-04T15:26:38Z WARNING [524/1807] 3fe93cb6-74bd-47cd-9908-8f61a003c24a: leaving unrecorded for a later run to retry.
2026-10-04T15:26:38Z WARNING 3fe97371-07f7-44c4-8391-2da33f80152d: failed while reading the ElectricalSeries rates (AttributeError: module 'spikeinterface.extractors' has no attribute 'NwbRecordingExtractor')
2026-10-04T15:26:38Z WARNING [525/1807] 3fe97371-07f7-44c4-8391-2da33f80152d: leaving unrecorded for a later run to retry.
2026-10-04T15:26:38Z WARNING 3fea4122-7e4f-49bb-8fd6-e1c78bea38a1: failed while reading the ElectricalSeries rates (AttributeError: module 'spikeinterface.extractors' has no attribute 'NwbRecordingExtractor')
2026-10-04T15:26:38Z WARNING [526/1807] 3fea4122-7e4f-49bb-8fd6-e1c78bea38a1: leaving unrecorded for a later run to retry.
2026-10-04T15:26:38Z WARNING 3feab76b-eaa8-4b64-92d2-2a54738638ce: failed while reading the ElectricalSeries rates (AttributeError: module 'spikeinterface.extractors' has no attribute 'NwbRecordingExtractor')
2026-10-04T15:26:38Z WARNING [527/1807] 3feab76b-eaa8-4b64-92d2-2a54738638ce: leaving unrecorded for a later run to retry.
2026-10-04T15:26:39Z WARNING 3feb547b-8b4e-4cb6-8028-5424c3f879b1: failed while reading the ElectricalSeries rates (AttributeError: module 'spikeinterface.extractors' has no attribute 'NwbRecordingExtractor')
2026-10-04T15:26:39Z WARNING [528/1807] 3feb547b-8b4e-4cb6-8028-5424c3f879b1: leaving unrecorded for a later run to retry.
2026-10-04T15:26:39Z WARNING 3febb360-5a92-4055-b34e-b9fdecdee965: failed while reading the ElectricalSeries rates (AttributeError: module 'spikeinterface.extractors' has no attribute 'NwbRecordingExtractor')
2026-10-04T15:26:39Z WARNING [529/1807] 3febb360-5a92-4055-b34e-b9fdecdee965: leaving unrecorded for a later run to retry.
2026-10-04T15:26:39Z WARNING 3febbcfb-025f-440d-bf58-91d3e23703d0: failed while reading the ElectricalSeries rates (AttributeError: module 'spikeinterface.extractors' has no attribute 'NwbRecordingExtractor')
2026-10-04T15:26:39Z WARNING [530/1807] 3febbcfb-025f-440d-bf58-91d3e23703d0: leaving unrecorded for a later run to retry.
2026-10-04T15:26:39Z WARNING 3fec4414-1513-44df-8abe-22187dc1fda3: failed while reading the ElectricalSeries rates (AttributeError: module 'spikeinterface.extractors' has no attribute 'NwbRecordingExtractor')
2026-10-04T15:26:39Z WARNING [531/1807] 3fec4414-1513-44df-8abe-22187dc1fda3: leaving unrecorded for a later run to retry.
2026-10-04T15:26:39Z WARNING 3feca540-29bf-4653-b7e7-1b1b3c99907f: failed while reading the ElectricalSeries rates (AttributeError: module 'spikeinterface.extractors' has no attribute 'NwbRecordingExtractor')
2026-10-04T15:26:39Z WARNING [532/1807] 3feca540-29bf-4653-b7e7-1b1b3c99907f: leaving unrecorded for a later run to retry.
2026-10-04T15:26:39Z WARNING 3fed6a90-e490-41cd-b8e8-e59863a44482: failed while reading the ElectricalSeries rates (AttributeError: module 'spikeinterface.extractors' has no attribute 'NwbRecordingExtractor')
2026-10-04T15:26:39Z WARNING [533/1807] 3fed6a90-e490-41cd-b8e8-e59863a44482: leaving unrecorded for a later run to retry.
2026-10-04T15:26:40Z WARNING 3fedfc07-4943-4937-86fb-48952ce61af9: failed while reading the ElectricalSeries rates (AttributeError: module 'spikeinterface.extractors' has no attribute 'NwbRecordingExtractor')
2026-10-04T15:26:40Z WARNING [534/1807] 3fedfc07-4943-4937-86fb-48952ce61af9: leaving unrecorded for a later run to retry.
2026-10-04T15:26:40Z WARNING 3fee2b0d-1efa-4092-b53f-fd2ee0932bd5: failed while reading the ElectricalSeries rates (AttributeError: module 'spikeinterface.extractors' has no attribute 'NwbRecordingExtractor')
2026-10-04T15:26:40Z WARNING [535/1807] 3fee2b0d-1efa-4092-b53f-fd2ee0932bd5: leaving unrecorded for a later run to retry.
2026-10-04T15:26:40Z WARNING 3fee3468-ec90-408f-824f-01bd4248abca: failed while reading the ElectricalSeries rates (AttributeError: module 'spikeinterface.extractors' has no attribute 'NwbRecordingExtractor')
2026-10-04T15:26:40Z WARNING [536/1807] 3fee3468-ec90-408f-824f-01bd4248abca: leaving unrecorded for a later run to retry.
2026-10-04T15:26:40Z WARNING 3feea4c2-3d49-4438-9185-eee313baaae4: failed while reading the ElectricalSeries rates (AttributeError: module 'spikeinterface.extractors' has no attribute 'NwbRecordingExtractor')
2026-10-04T15:26:40Z WARNING [537/1807] 3feea4c2-3d49-4438-9185-eee313baaae4: leaving unrecorded for a later run to retry.
2026-10-04T15:26:40Z WARNING 3ff0a210-9d9f-4758-83cb-8fe284da5011: failed while reading the ElectricalSeries rates (AttributeError: module 'spikeinterface.extractors' has no attribute 'NwbRecordingExtractor')
2026-10-04T15:26:40Z WARNING [538/1807] 3ff0a210-9d9f-4758-83cb-8fe284da5011: leaving unrecorded for a later run to retry.
2026-10-04T15:26:40Z WARNING 3ff0f818-2f55-4c97-b4fb-a3ca03c2b877: failed while reading the ElectricalSeries rates (AttributeError: module 'spikeinterface.extractors' has no attribute 'NwbRecordingExtractor')
2026-10-04T15:26:40Z WARNING [539/1807] 3ff0f818-2f55-4c97-b4fb-a3ca03c2b877: leaving unrecorded for a later run to retry.
2026-10-04T15:26:41Z WARNING 3ff18b5c-071a-426d-96b5-7c3aaa9a5e5d: failed while reading the ElectricalSeries rates (AttributeError: module 'spikeinterface.extractors' has no attribute 'NwbRecordingExtractor')
2026-10-04T15:26:41Z WARNING [540/1807] 3ff18b5c-071a-426d-96b5-7c3aaa9a5e5d: leaving unrecorded for a later run to retry.
2026-10-04T15:26:41Z WARNING 3ff1f088-212a-4616-8958-1d1ccac02991: failed while reading the ElectricalSeries rates (AttributeError: module 'spikeinterface.extractors' has no attribute 'NwbRecordingExtractor')
2026-10-04T15:26:41Z WARNING [541/1807] 3ff1f088-212a-4616-8958-1d1ccac02991: leaving unrecorded for a later run to retry.
2026-10-04T15:26:41Z WARNING 3ff2816e-2745-4b3b-a77b-1aa78f72afd9: failed while reading the ElectricalSeries rates (AttributeError: module 'spikeinterface.extractors' has no attribute 'NwbRecordingExtractor')
2026-10-04T15:26:41Z WARNING [542/1807] 3ff2816e-2745-4b3b-a77b-1aa78f72afd9: leaving unrecorded for a later run to retry.
2026-10-04T15:26:41Z WARNING 3ff3dd71-7a3f-4809-93eb-d6e245dca976: failed while reading the ElectricalSeries rates (AttributeError: module 'spikeinterface.extractors' has no attribute 'NwbRecordingExtractor')
2026-10-04T15:26:41Z WARNING [543/1807] 3ff3dd71-7a3f-4809-93eb-d6e245dca976: leaving unrecorded for a later run to retry.
2026-10-04T15:26:41Z WARNING 3ff4e491-4962-4e4f-aef3-71ee394af4ad: failed while reading the ElectricalSeries rates (AttributeError: module 'spikeinterface.extractors' has no attribute 'NwbRecordingExtractor')
2026-10-04T15:26:41Z WARNING [544/1807] 3ff4e491-4962-4e4f-aef3-71ee394af4ad: leaving unrecorded for a later run to retry.
2026-10-04T15:26:41Z WARNING 3ff5288e-2fb8-45a2-8591-62d0414d95ab: failed while reading the ElectricalSeries rates (AttributeError: module 'spikeinterface.extractors' has no attribute 'NwbRecordingExtractor')
2026-10-04T15:26:41Z WARNING [545/1807] 3ff5288e-2fb8-45a2-8591-62d0414d95ab: leaving unrecorded for a later run to retry.
2026-10-04T15:26:42Z WARNING 3ff63bd8-b19b-4ce8-ac67-deccc44fcde2: failed while reading the ElectricalSeries rates (AttributeError: module 'spikeinterface.extractors' has no attribute 'NwbRecordingExtractor')
2026-10-04T15:26:42Z WARNING [546/1807] 3ff63bd8-b19b-4ce8-ac67-deccc44fcde2: leaving unrecorded for a later run to retry.
2026-10-04T15:26:42Z WARNING 3ff652a9-a977-4971-947c-d1c7a23d24fc: failed while reading the ElectricalSeries rates (AttributeError: module 'spikeinterface.extractors' has no attribute 'NwbRecordingExtractor')
2026-10-04T15:26:42Z WARNING [547/1807] 3ff652a9-a977-4971-947c-d1c7a23d24fc: leaving unrecorded for a later run to retry.
2026-10-04T15:26:42Z WARNING 3ff689ce-9003-4339-8d07-e9c089fd0ba6: failed while reading the ElectricalSeries rates (AttributeError: module 'spikeinterface.extractors' has no attribute 'NwbRecordingExtractor')
2026-10-04T15:26:42Z WARNING [548/1807] 3ff689ce-9003-4339-8d07-e9c089fd0ba6: leaving unrecorded for a later run to retry.
2026-10-04T15:26:42Z WARNING 3ff6b1a1-35c3-4678-bb67-2321d2244b62: failed while reading the ElectricalSeries rates (AttributeError: module 'spikeinterface.extractors' has no attribute 'NwbRecordingExtractor')
2026-10-04T15:26:42Z WARNING [549/1807] 3ff6b1a1-35c3-4678-bb67-2321d2244b62: leaving unrecorded for a later run to retry.
2026-10-04T15:26:42Z WARNING 3ff76cd3-ca46-4233-b78f-694f9bf6fce2: failed while reading the ElectricalSeries rates (AttributeError: module 'spikeinterface.extractors' has no attribute 'NwbRecordingExtractor')
2026-10-04T15:26:42Z WARNING [550/1807] 3ff76cd3-ca46-4233-b78f-694f9bf6fce2: leaving unrecorded for a later run to retry.
2026-10-04T15:26:42Z INFO [550/1807] 3ff76cd3-ca46-4233-b78f-694f9bf6fce2: checkpointed 60602 records.
2026-10-04T15:26:42Z WARNING 3ff79cf5-cddb-476c-96de-10a4d7a78bbb: failed while reading the ElectricalSeries rates (AttributeError: module 'spikeinterface.extractors' has no attribute 'NwbRecordingExtractor')
2026-10-04T15:26:42Z WARNING [551/1807] 3ff79cf5-cddb-476c-96de-10a4d7a78bbb: leaving unrecorded for a later run to retry.
2026-10-04T15:26:43Z WARNING 3ff9a3b8-5061-4314-b518-906c3168327e: failed while reading the ElectricalSeries rates (AttributeError: module 'spikeinterface.extractors' has no attribute 'NwbRecordingExtractor')
2026-10-04T15:26:43Z WARNING [552/1807] 3ff9a3b8-5061-4314-b518-906c3168327e: leaving unrecorded for a later run to retry.
2026-10-04T15:26:43Z WARNING 3ffa20c0-17d4-4184-a6a2-061b39b61d39: failed while reading the ElectricalSeries rates (AttributeError: module 'spikeinterface.extractors' has no attribute 'NwbRecordingExtractor')
2026-10-04T15:26:43Z WARNING [553/1807] 3ffa20c0-17d4-4184-a6a2-061b39b61d39: leaving unrecorded for a later run to retry.
2026-10-04T15:26:43Z WARNING 3ffaab0e-71af-4334-9d13-2ef98d6fc91d: failed while reading the ElectricalSeries rates (AttributeError: module 'spikeinterface.extractors' has no attribute 'NwbRecordingExtractor')
2026-10-04T15:26:43Z WARNING [554/1807] 3ffaab0e-71af-4334-9d13-2ef98d6fc91d: leaving unrecorded for a later run to retry.
2026-10-04T15:26:43Z WARNING 3ffacba6-4a2b-4fbf-9398-8466a8f376a4: failed while reading the ElectricalSeries rates (AttributeError: module 'spikeinterface.extractors' has no attribute 'NwbRecordingExtractor')
2026-10-04T15:26:43Z WARNING [555/1807] 3ffacba6-4a2b-4fbf-9398-8466a8f376a4: leaving unrecorded for a later run to retry.
2026-10-04T15:26:43Z WARNING 3ffcc0ec-310c-47b4-82dc-c4141432a865: failed while reading the ElectricalSeries rates (AttributeError: module 'spikeinterface.extractors' has no attribute 'NwbRecordingExtractor')
2026-10-04T15:26:43Z WARNING [556/1807] 3ffcc0ec-310c-47b4-82dc-c4141432a865: leaving unrecorded for a later run to retry.
2026-10-04T15:26:44Z WARNING 3ffdbc97-8cf4-4e4f-b2f4-dae74270103f: failed while reading the ElectricalSeries rates (AttributeError: module 'spikeinterface.extractors' has no attribute 'NwbRecordingExtractor')
2026-10-04T15:26:44Z WARNING [557/1807] 3ffdbc97-8cf4-4e4f-b2f4-dae74270103f: leaving unrecorded for a later run to retry.
2026-10-04T15:26:44Z WARNING 3ffe476b-452f-4da6-910a-db2f10b65789: failed while reading the ElectricalSeries rates (AttributeError: module 'spikeinterface.extractors' has no attribute 'NwbRecordingExtractor')
2026-10-04T15:26:44Z WARNING [558/1807] 3ffe476b-452f-4da6-910a-db2f10b65789: leaving unrecorded for a later run to retry.
2026-10-04T15:26:44Z WARNING 3ffef993-9347-42c9-aaab-a001a0912abc: failed while reading the ElectricalSeries rates (AttributeError: module 'spikeinterface.extractors' has no attribute 'NwbRecordingExtractor')
2026-10-04T15:26:44Z WARNING [559/1807] 3ffef993-9347-42c9-aaab-a001a0912abc: leaving unrecorded for a later run to retry.
2026-10-04T15:26:44Z WARNING 3fff8547-b45c-4ae8-966d-74a9348ae020: failed while reading the ElectricalSeries rates (AttributeError: module 'spikeinterface.extractors' has no attribute 'NwbRecordingExtractor')
2026-10-04T15:26:44Z WARNING [560/1807] 3fff8547-b45c-4ae8-966d-74a9348ae020: leaving unrecorded for a later run to retry.
2026-10-04T15:26:44Z WARNING 400008b2-65b1-4a4f-aca5-45f718d2a09a: failed while reading the ElectricalSeries rates (AttributeError: module 'spikeinterface.extractors' has no attribute 'NwbRecordingExtractor')
2026-10-04T15:26:44Z WARNING [561/1807] 400008b2-65b1-4a4f-aca5-45f718d2a09a: leaving unrecorded for a later run to retry.
2026-10-04T15:26:44Z WARNING 40008f2f-f595-418c-98c6-24da91dfd378: failed while reading the ElectricalSeries rates (AttributeError: module 'spikeinterface.extractors' has no attribute 'NwbRecordingExtractor')
2026-10-04T15:26:44Z WARNING [562/1807] 40008f2f-f595-418c-98c6-24da91dfd378: leaving unrecorded for a later run to retry.
2026-10-04T15:26:44Z WARNING 4001a6fd-41b7-42af-9164-2dc50d707929: failed while reading the ElectricalSeries rates (AttributeError: module 'spikeinterface.extractors' has no attribute 'NwbRecordingExtractor')
2026-10-04T15:26:44Z WARNING [563/1807] 4001a6fd-41b7-42af-9164-2dc50d707929: leaving unrecorded for a later run to retry.
2026-10-04T15:26:45Z WARNING 4001ba18-9b10-49bc-acfb-c3f34bf3369b: failed while reading the ElectricalSeries rates (AttributeError: module 'spikeinterface.extractors' has no attribute 'NwbRecordingExtractor')
2026-10-04T15:26:45Z WARNING [564/1807] 4001ba18-9b10-49bc-acfb-c3f34bf3369b: leaving unrecorded for a later run to retry.
2026-10-04T15:26:45Z WARNING 4001dbf9-b2e7-4949-9d32-8807f6b9f5ff: failed while reading the ElectricalSeries rates (AttributeError: module 'spikeinterface.extractors' has no attribute 'NwbRecordingExtractor')
2026-10-04T15:26:45Z WARNING [565/1807] 4001dbf9-b2e7-4949-9d32-8807f6b9f5ff: leaving unrecorded for a later run to retry.
2026-10-04T15:26:45Z WARNING 40028ec4-87ef-4662-9748-87469c92565f: failed while reading the ElectricalSeries rates (AttributeError: module 'spikeinterface.extractors' has no attribute 'NwbRecordingExtractor')
2026-10-04T15:26:45Z WARNING [566/1807] 40028ec4-87ef-4662-9748-87469c92565f: leaving unrecorded for a later run to retry.
2026-10-04T15:26:45Z WARNING 4003145c-2041-400c-aa3f-95e214bc26c4: failed while reading the ElectricalSeries rates (AttributeError: module 'spikeinterface.extractors' has no attribute 'NwbRecordingExtractor')
2026-10-04T15:26:45Z WARNING [567/1807] 4003145c-2041-400c-aa3f-95e214bc26c4: leaving unrecorded for a later run to retry.
2026-10-04T15:26:45Z WARNING 40034c5b-8b74-4528-a84f-0e732e852130: failed while reading the ElectricalSeries rates (AttributeError: module 'spikeinterface.extractors' has no attribute 'NwbRecordingExtractor')
2026-10-04T15:26:45Z WARNING [568/1807] 40034c5b-8b74-4528-a84f-0e732e852130: leaving unrecorded for a later run to retry.
2026-10-04T15:26:45Z WARNING 40037d0a-06c5-44f8-a028-b908679f3a79: failed while reading the ElectricalSeries rates (AttributeError: module 'spikeinterface.extractors' has no attribute 'NwbRecordingExtractor')
2026-10-04T15:26:45Z WARNING [569/1807] 40037d0a-06c5-44f8-a028-b908679f3a79: leaving unrecorded for a later run to retry.
2026-10-04T15:26:46Z WARNING 40047214-77ee-4e27-be71-46793f73be65: failed while reading the ElectricalSeries rates (AttributeError: module 'spikeinterface.extractors' has no attribute 'NwbRecordingExtractor')
2026-10-04T15:26:46Z WARNING [570/1807] 40047214-77ee-4e27-be71-46793f73be65: leaving unrecorded for a later run to retry.
2026-10-04T15:26:46Z WARNING 4004e41f-22e8-4a10-b305-aecb0571d0da: failed while reading the ElectricalSeries rates (AttributeError: module 'spikeinterface.extractors' has no attribute 'NwbRecordingExtractor')
2026-10-04T15:26:46Z WARNING [571/1807] 4004e41f-22e8-4a10-b305-aecb0571d0da: leaving unrecorded for a later run to retry.
2026-10-04T15:26:46Z WARNING 4005a9fe-34c6-4eb5-a1db-b78e67909632: failed while reading the ElectricalSeries rates (AttributeError: module 'spikeinterface.extractors' has no attribute 'NwbRecordingExtractor')
2026-10-04T15:26:46Z WARNING [572/1807] 4005a9fe-34c6-4eb5-a1db-b78e67909632: leaving unrecorded for a later run to retry.
2026-10-04T15:26:46Z WARNING 4006582c-3c87-4036-a0b0-523008e650fc: failed while reading the ElectricalSeries rates (AttributeError: module 'spikeinterface.extractors' has no attribute 'NwbRecordingExtractor')
2026-10-04T15:26:46Z WARNING [573/1807] 4006582c-3c87-4036-a0b0-523008e650fc: leaving unrecorded for a later run to retry.
2026-10-04T15:26:46Z WARNING 4006eacd-fd3e-42bc-a9dd-60b0d1258c37: failed while reading the ElectricalSeries rates (AttributeError: module 'spikeinterface.extractors' has no attribute 'NwbRecordingExtractor')
2026-10-04T15:26:46Z WARNING [574/1807] 4006eacd-fd3e-42bc-a9dd-60b0d1258c37: leaving unrecorded for a later run to retry.
2026-10-04T15:26:46Z WARNING 400780fa-9802-49fa-b61c-757fa82e598e: failed while reading the ElectricalSeries rates (AttributeError: module 'spikeinterface.extractors' has no attribute 'NwbRecordingExtractor')
2026-10-04T15:26:46Z WARNING [575/1807] 400780fa-9802-49fa-b61c-757fa82e598e: leaving unrecorded for a later run to retry.
2026-10-04T15:26:47Z WARNING 4008ea4b-e3d2-49b5-b705-32a1c319e6b0: failed while reading the ElectricalSeries rates (AttributeError: module 'spikeinterface.extractors' has no attribute 'NwbRecordingExtractor')
2026-10-04T15:26:47Z WARNING [576/1807] 4008ea4b-e3d2-49b5-b705-32a1c319e6b0: leaving unrecorded for a later run to retry.
2026-10-04T15:26:47Z WARNING 4009007c-a0ab-4610-9d57-911b8f4c09fc: failed while reading the ElectricalSeries rates (AttributeError: module 'spikeinterface.extractors' has no attribute 'NwbRecordingExtractor')
2026-10-04T15:26:47Z WARNING [577/1807] 4009007c-a0ab-4610-9d57-911b8f4c09fc: leaving unrecorded for a later run to retry.
2026-10-04T15:26:47Z WARNING 400902cd-3d94-43ed-8d49-fd67757de6bc: failed while reading the ElectricalSeries rates (AttributeError: module 'spikeinterface.extractors' has no attribute 'NwbRecordingExtractor')
2026-10-04T15:26:47Z WARNING [578/1807] 400902cd-3d94-43ed-8d49-fd67757de6bc: leaving unrecorded for a later run to retry.
2026-10-04T15:26:47Z WARNING 400ac1a6-2888-4b83-b597-36cf0c11888b: failed while reading the ElectricalSeries rates (AttributeError: module 'spikeinterface.extractors' has no attribute 'NwbRecordingExtractor')
2026-10-04T15:26:47Z WARNING [579/1807] 400ac1a6-2888-4b83-b597-36cf0c11888b: leaving unrecorded for a later run to retry.
2026-10-04T15:26:47Z WARNING 400ad79b-697a-4a0d-a967-e5352c41905e: failed while reading the ElectricalSeries rates (AttributeError: module 'spikeinterface.extractors' has no attribute 'NwbRecordingExtractor')
2026-10-04T15:26:47Z WARNING [580/1807] 400ad79b-697a-4a0d-a967-e5352c41905e: leaving unrecorded for a later run to retry.
2026-10-04T15:26:47Z WARNING 400b451a-235b-4058-ac42-e1f2fa83cb97: failed while reading the ElectricalSeries rates (AttributeError: module 'spikeinterface.extractors' has no attribute 'NwbRecordingExtractor')
2026-10-04T15:26:47Z WARNING [581/1807] 400b451a-235b-4058-ac42-e1f2fa83cb97: leaving unrecorded for a later run to retry.
2026-10-04T15:26:48Z WARNING 400bc835-03a2-4430-9553-d1ca894f32b9: failed while reading the ElectricalSeries rates (AttributeError: module 'spikeinterface.extractors' has no attribute 'NwbRecordingExtractor')
2026-10-04T15:26:48Z WARNING [582/1807] 400bc835-03a2-4430-9553-d1ca894f32b9: leaving unrecorded for a later run to retry.
2026-10-04T15:26:48Z WARNING 400c3d48-493b-4184-ae38-b211a88887eb: failed while reading the ElectricalSeries rates (AttributeError: module 'spikeinterface.extractors' has no attribute 'NwbRecordingExtractor')
2026-10-04T15:26:48Z WARNING [583/1807] 400c3d48-493b-4184-ae38-b211a88887eb: leaving unrecorded for a later run to retry.
2026-10-04T15:26:48Z WARNING 400cd98d-4f36-453f-9cc1-3cd592bed967: failed while reading the ElectricalSeries rates (AttributeError: module 'spikeinterface.extractors' has no attribute 'NwbRecordingExtractor')
2026-10-04T15:26:48Z WARNING [584/1807] 400cd98d-4f36-453f-9cc1-3cd592bed967: leaving unrecorded for a later run to retry.
2026-10-04T15:26:48Z WARNING 400d4622-ead7-4f8c-ba95-2feab6dc3382: failed while reading the ElectricalSeries rates (AttributeError: module 'spikeinterface.extractors' has no attribute 'NwbRecordingExtractor')
2026-10-04T15:26:48Z WARNING [585/1807] 400d4622-ead7-4f8c-ba95-2feab6dc3382: leaving unrecorded for a later run to retry.
2026-10-04T15:26:48Z WARNING 400d5c86-86c2-4c84-8260-1a9ad0ec1cb0: failed while reading the ElectricalSeries rates (AttributeError: module 'spikeinterface.extractors' has no attribute 'NwbRecordingExtractor')
2026-10-04T15:26:48Z WARNING [586/1807] 400d5c86-86c2-4c84-8260-1a9ad0ec1cb0: leaving unrecorded for a later run to retry.
2026-10-04T15:26:48Z WARNING 400dd3cd-175b-4051-8ef5-1307818e71a4: failed while reading the ElectricalSeries rates (AttributeError: module 'spikeinterface.extractors' has no attribute 'NwbRecordingExtractor')
2026-10-04T15:26:48Z WARNING [587/1807] 400dd3cd-175b-4051-8ef5-1307818e71a4: leaving unrecorded for a later run to retry.
2026-10-04T15:26:49Z WARNING 400e3b5c-1326-488c-917c-0d1c0283fbec: failed while reading the ElectricalSeries rates (AttributeError: module 'spikeinterface.extractors' has no attribute 'NwbRecordingExtractor')
2026-10-04T15:26:49Z WARNING [588/1807] 400e3b5c-1326-488c-917c-0d1c0283fbec: leaving unrecorded for a later run to retry.
2026-10-04T15:26:49Z WARNING 400e6357-1d0a-4448-9357-fdc170a7d635: failed while reading the ElectricalSeries rates (AttributeError: module 'spikeinterface.extractors' has no attribute 'NwbRecordingExtractor')
2026-10-04T15:26:49Z WARNING [589/1807] 400e6357-1d0a-4448-9357-fdc170a7d635: leaving unrecorded for a later run to retry.
2026-10-04T15:26:49Z WARNING 400f4af2-e113-4d8b-8c84-ff31b7ec1034: failed while reading the ElectricalSeries rates (AttributeError: module 'spikeinterface.extractors' has no attribute 'NwbRecordingExtractor')
2026-10-04T15:26:49Z WARNING [590/1807] 400f4af2-e113-4d8b-8c84-ff31b7ec1034: leaving unrecorded for a later run to retry.
2026-10-04T15:26:49Z WARNING 400f8592-72bb-49c6-99f3-9bc93a0b7fa4: failed while reading the ElectricalSeries rates (AttributeError: module 'spikeinterface.extractors' has no attribute 'NwbRecordingExtractor')
2026-10-04T15:26:49Z WARNING [591/1807] 400f8592-72bb-49c6-99f3-9bc93a0b7fa4: leaving unrecorded for a later run to retry.
2026-10-04T15:26:49Z WARNING 400fdf75-656f-4efa-8445-a06fbe141282: failed while reading the ElectricalSeries rates (AttributeError: module 'spikeinterface.extractors' has no attribute 'NwbRecordingExtractor')
2026-10-04T15:26:49Z WARNING [592/1807] 400fdf75-656f-4efa-8445-a06fbe141282: leaving unrecorded for a later run to retry.
2026-10-04T15:26:49Z WARNING 40102726-79d6-4022-9c6c-0006c759b2f2: failed while reading the ElectricalSeries rates (AttributeError: module 'spikeinterface.extractors' has no attribute 'NwbRecordingExtractor')
2026-10-04T15:26:49Z WARNING [593/1807] 40102726-79d6-4022-9c6c-0006c759b2f2: leaving unrecorded for a later run to retry.
2026-10-04T15:26:50Z WARNING 4010da21-86ff-41b2-8b79-c0b949ed3f93: failed while reading the ElectricalSeries rates (AttributeError: module 'spikeinterface.extractors' has no attribute 'NwbRecordingExtractor')
2026-10-04T15:26:50Z WARNING [594/1807] 4010da21-86ff-41b2-8b79-c0b949ed3f93: leaving unrecorded for a later run to retry.
2026-10-04T15:26:50Z WARNING 40119369-9343-4899-a98c-7675cc31feda: failed while reading the ElectricalSeries rates (AttributeError: module 'spikeinterface.extractors' has no attribute 'NwbRecordingExtractor')
2026-10-04T15:26:50Z WARNING [595/1807] 40119369-9343-4899-a98c-7675cc31feda: leaving unrecorded for a later run to retry.
2026-10-04T15:26:50Z WARNING 401212d9-0544-4c92-be74-c13acc7e36e8: failed while reading the ElectricalSeries rates (AttributeError: module 'spikeinterface.extractors' has no attribute 'NwbRecordingExtractor')
2026-10-04T15:26:50Z WARNING [596/1807] 401212d9-0544-4c92-be74-c13acc7e36e8: leaving unrecorded for a later run to retry.
2026-10-04T15:26:50Z WARNING 4012528b-bf15-4dfb-a412-069be0876953: failed while reading the ElectricalSeries rates (AttributeError: module 'spikeinterface.extractors' has no attribute 'NwbRecordingExtractor')
2026-10-04T15:26:50Z WARNING [597/1807] 4012528b-bf15-4dfb-a412-069be0876953: leaving unrecorded for a later run to retry.
2026-10-04T15:26:50Z WARNING 4014025a-06e5-4317-8eca-3e20d60d09e7: failed while reading the ElectricalSeries rates (AttributeError: module 'spikeinterface.extractors' has no attribute 'NwbRecordingExtractor')
2026-10-04T15:26:50Z WARNING [598/1807] 4014025a-06e5-4317-8eca-3e20d60d09e7: leaving unrecorded for a later run to retry.
2026-10-04T15:26:50Z WARNING 4014ec37-b59b-4a9b-a920-d571248157da: failed while reading the ElectricalSeries rates (AttributeError: module 'spikeinterface.extractors' has no attribute 'NwbRecordingExtractor')
2026-10-04T15:26:50Z WARNING [599/1807] 4014ec37-b59b-4a9b-a920-d571248157da: leaving unrecorded for a later run to retry.
2026-10-04T15:26:51Z WARNING 401501f6-645a-423b-92d5-e85c541dceb2: failed while reading the ElectricalSeries rates (AttributeError: module 'spikeinterface.extractors' has no attribute 'NwbRecordingExtractor')
2026-10-04T15:26:51Z WARNING [600/1807] 401501f6-645a-423b-92d5-e85c541dceb2: leaving unrecorded for a later run to retry.
2026-10-04T15:26:51Z INFO [600/1807] 401501f6-645a-423b-92d5-e85c541dceb2: checkpointed 60602 records.
2026-10-04T15:26:51Z WARNING 4015b2af-a1dd-4b1f-af59-6ff4ef28c172: failed while reading the ElectricalSeries rates (AttributeError: module 'spikeinterface.extractors' has no attribute 'NwbRecordingExtractor')
2026-10-04T15:26:51Z WARNING [601/1807] 4015b2af-a1dd-4b1f-af59-6ff4ef28c172: leaving unrecorded for a later run to retry.
2026-10-04T15:26:51Z WARNING 4016d40f-2110-432d-b88b-563c811bd37e: failed while reading the ElectricalSeries rates (AttributeError: module 'spikeinterface.extractors' has no attribute 'NwbRecordingExtractor')
2026-10-04T15:26:51Z WARNING [602/1807] 4016d40f-2110-432d-b88b-563c811bd37e: leaving unrecorded for a later run to retry.
2026-10-04T15:26:51Z WARNING 4017d07a-be81-43f5-99ac-8af80ca5794a: failed while reading the ElectricalSeries rates (AttributeError: module 'spikeinterface.extractors' has no attribute 'NwbRecordingExtractor')
2026-10-04T15:26:51Z WARNING [603/1807] 4017d07a-be81-43f5-99ac-8af80ca5794a: leaving unrecorded for a later run to retry.
2026-10-04T15:26:51Z WARNING 40181646-cd05-4cbe-afd2-ad10569b091a: failed while reading the ElectricalSeries rates (AttributeError: module 'spikeinterface.extractors' has no attribute 'NwbRecordingExtractor')
2026-10-04T15:26:51Z WARNING [604/1807] 40181646-cd05-4cbe-afd2-ad10569b091a: leaving unrecorded for a later run to retry.
2026-10-04T15:26:51Z WARNING 40190ba3-aeb3-4a23-b6ad-9a9a1d9a79f1: failed while reading the ElectricalSeries rates (AttributeError: module 'spikeinterface.extractors' has no attribute 'NwbRecordingExtractor')
2026-10-04T15:26:51Z WARNING [605/1807] 40190ba3-aeb3-4a23-b6ad-9a9a1d9a79f1: leaving unrecorded for a later run to retry.
2026-10-04T15:26:52Z WARNING 40192553-7c5c-4429-89cf-6debc6c52d51: failed while reading the ElectricalSeries rates (AttributeError: module 'spikeinterface.extractors' has no attribute 'NwbRecordingExtractor')
2026-10-04T15:26:52Z WARNING [606/1807] 40192553-7c5c-4429-89cf-6debc6c52d51: leaving unrecorded for a later run to retry.
2026-10-04T15:26:52Z WARNING 40198eac-742d-4f21-8fae-10787ebb5495: failed while reading the ElectricalSeries rates (AttributeError: module 'spikeinterface.extractors' has no attribute 'NwbRecordingExtractor')
2026-10-04T15:26:52Z WARNING [607/1807] 40198eac-742d-4f21-8fae-10787ebb5495: leaving unrecorded for a later run to retry.
2026-10-04T15:26:52Z WARNING 401a78cc-2a23-43d3-8ad2-ed841bcdaa77: failed while reading the ElectricalSeries rates (AttributeError: module 'spikeinterface.extractors' has no attribute 'NwbRecordingExtractor')
2026-10-04T15:26:52Z WARNING [608/1807] 401a78cc-2a23-43d3-8ad2-ed841bcdaa77: leaving unrecorded for a later run to retry.
2026-10-04T15:26:52Z WARNING 401a83c5-e0f4-4395-befc-501aae64b5c3: failed while reading the ElectricalSeries rates (AttributeError: module 'spikeinterface.extractors' has no attribute 'NwbRecordingExtractor')
2026-10-04T15:26:52Z WARNING [609/1807] 401a83c5-e0f4-4395-befc-501aae64b5c3: leaving unrecorded for a later run to retry.
2026-10-04T15:26:52Z WARNING 401a98b4-7785-453a-9838-8638f2ff7c83: failed while reading the ElectricalSeries rates (AttributeError: module 'spikeinterface.extractors' has no attribute 'NwbRecordingExtractor')
2026-10-04T15:26:52Z WARNING [610/1807] 401a98b4-7785-453a-9838-8638f2ff7c83: leaving unrecorded for a later run to retry.
2026-10-04T15:26:52Z WARNING 401af263-8de9-4847-beee-d3c1e1dab1fc: failed while reading the ElectricalSeries rates (AttributeError: module 'spikeinterface.extractors' has no attribute 'NwbRecordingExtractor')
2026-10-04T15:26:52Z WARNING [611/1807] 401af263-8de9-4847-beee-d3c1e1dab1fc: leaving unrecorded for a later run to retry.
2026-10-04T15:26:52Z WARNING 401c1315-2436-4bd3-9046-1e941d188662: failed while reading the ElectricalSeries rates (AttributeError: module 'spikeinterface.extractors' has no attribute 'NwbRecordingExtractor')
2026-10-04T15:26:52Z WARNING [612/1807] 401c1315-2436-4bd3-9046-1e941d188662: leaving unrecorded for a later run to retry.
2026-10-04T15:26:53Z WARNING 401c2c54-e232-49d1-9981-0d7aa3e92043: failed while reading the ElectricalSeries rates (AttributeError: module 'spikeinterface.extractors' has no attribute 'NwbRecordingExtractor')
2026-10-04T15:26:53Z WARNING [613/1807] 401c2c54-e232-49d1-9981-0d7aa3e92043: leaving unrecorded for a later run to retry.
2026-10-04T15:26:53Z WARNING 401c33df-dbca-4272-a67f-38b54aa289ef: failed while reading the ElectricalSeries rates (AttributeError: module 'spikeinterface.extractors' has no attribute 'NwbRecordingExtractor')
2026-10-04T15:26:53Z WARNING [614/1807] 401c33df-dbca-4272-a67f-38b54aa289ef: leaving unrecorded for a later run to retry.
2026-10-04T15:26:53Z WARNING 401c9e7d-d7e2-40b4-8057-f935ad179bcb: failed while reading the ElectricalSeries rates (AttributeError: module 'spikeinterface.extractors' has no attribute 'NwbRecordingExtractor')
2026-10-04T15:26:53Z WARNING [615/1807] 401c9e7d-d7e2-40b4-8057-f935ad179bcb: leaving unrecorded for a later run to retry.
2026-10-04T15:26:53Z WARNING 401ce5df-a8b0-4d2a-97c3-9f6d3100c053: failed while reading the ElectricalSeries rates (AttributeError: module 'spikeinterface.extractors' has no attribute 'NwbRecordingExtractor')
2026-10-04T15:26:53Z WARNING [616/1807] 401ce5df-a8b0-4d2a-97c3-9f6d3100c053: leaving unrecorded for a later run to retry.
2026-10-04T15:26:53Z WARNING 401dad5e-37be-4c92-a3f0-46cd8e1f645c: failed while reading the ElectricalSeries rates (AttributeError: module 'spikeinterface.extractors' has no attribute 'NwbRecordingExtractor')
2026-10-04T15:26:53Z WARNING [617/1807] 401dad5e-37be-4c92-a3f0-46cd8e1f645c: leaving unrecorded for a later run to retry.
2026-10-04T15:26:53Z WARNING 401db600-2e91-443b-b5d7-10ee1fd5fc07: failed while reading the ElectricalSeries rates (AttributeError: module 'spikeinterface.extractors' has no attribute 'NwbRecordingExtractor')
2026-10-04T15:26:53Z WARNING [618/1807] 401db600-2e91-443b-b5d7-10ee1fd5fc07: leaving unrecorded for a later run to retry.
2026-10-04T15:26:54Z WARNING 401f27ea-092d-4881-a064-f06261a8f485: failed while reading the ElectricalSeries rates (AttributeError: module 'spikeinterface.extractors' has no attribute 'NwbRecordingExtractor')
2026-10-04T15:26:54Z WARNING [619/1807] 401f27ea-092d-4881-a064-f06261a8f485: leaving unrecorded for a later run to retry.
2026-10-04T15:26:54Z WARNING 402035e7-ce35-47ff-af30-16ecfbcc6bf0: failed while reading the ElectricalSeries rates (AttributeError: module 'spikeinterface.extractors' has no attribute 'NwbRecordingExtractor')
2026-10-04T15:26:54Z WARNING [620/1807] 402035e7-ce35-47ff-af30-16ecfbcc6bf0: leaving unrecorded for a later run to retry.
2026-10-04T15:26:54Z WARNING 40207dd0-ec5c-4caa-8650-db079bb71bcb: failed while reading the ElectricalSeries rates (AttributeError: module 'spikeinterface.extractors' has no attribute 'NwbRecordingExtractor')
2026-10-04T15:26:54Z WARNING [621/1807] 40207dd0-ec5c-4caa-8650-db079bb71bcb: leaving unrecorded for a later run to retry.
2026-10-04T15:26:54Z WARNING 40212060-357e-48a6-bc64-d6d2822471d7: failed while reading the ElectricalSeries rates (AttributeError: module 'spikeinterface.extractors' has no attribute 'NwbRecordingExtractor')
2026-10-04T15:26:54Z WARNING [622/1807] 40212060-357e-48a6-bc64-d6d2822471d7: leaving unrecorded for a later run to retry.
2026-10-04T15:26:54Z WARNING 40237020-8843-4a1d-b9ed-8272430afd44: failed while reading the ElectricalSeries rates (AttributeError: module 'spikeinterface.extractors' has no attribute 'NwbRecordingExtractor')
2026-10-04T15:26:54Z WARNING [623/1807] 40237020-8843-4a1d-b9ed-8272430afd44: leaving unrecorded for a later run to retry.
2026-10-04T15:26:54Z WARNING 4023df42-4c6c-4de3-99ff-8fd61c8eab7d: failed while reading the ElectricalSeries rates (AttributeError: module 'spikeinterface.extractors' has no attribute 'NwbRecordingExtractor')
2026-10-04T15:26:54Z WARNING [624/1807] 4023df42-4c6c-4de3-99ff-8fd61c8eab7d: leaving unrecorded for a later run to retry.
2026-10-04T15:26:54Z WARNING 40244018-4bcd-4cf8-ac2a-0786173e8ecb: failed while reading the ElectricalSeries rates (AttributeError: module 'spikeinterface.extractors' has no attribute 'NwbRecordingExtractor')
2026-10-04T15:26:54Z WARNING [625/1807] 40244018-4bcd-4cf8-ac2a-0786173e8ecb: leaving unrecorded for a later run to retry.
2026-10-04T15:26:55Z WARNING 40251ae8-5260-44b5-b7b7-20edb48f370a: failed while reading the ElectricalSeries rates (AttributeError: module 'spikeinterface.extractors' has no attribute 'NwbRecordingExtractor')
2026-10-04T15:26:55Z WARNING [626/1807] 40251ae8-5260-44b5-b7b7-20edb48f370a: leaving unrecorded for a later run to retry.
2026-10-04T15:26:55Z WARNING 40259674-1a50-4d9d-8c1b-17421fff10dd: failed while reading the ElectricalSeries rates (AttributeError: module 'spikeinterface.extractors' has no attribute 'NwbRecordingExtractor')
2026-10-04T15:26:55Z WARNING [627/1807] 40259674-1a50-4d9d-8c1b-17421fff10dd: leaving unrecorded for a later run to retry.
2026-10-04T15:26:55Z WARNING 40259b43-e2b2-454a-9069-2154e547dc28: failed while reading the ElectricalSeries rates (AttributeError: module 'spikeinterface.extractors' has no attribute 'NwbRecordingExtractor')
2026-10-04T15:26:55Z WARNING [628/1807] 40259b43-e2b2-454a-9069-2154e547dc28: leaving unrecorded for a later run to retry.
2026-10-04T15:26:55Z WARNING 40280c2f-5922-49d4-9e41-c7269501ef52: failed while reading the ElectricalSeries rates (AttributeError: module 'spikeinterface.extractors' has no attribute 'NwbRecordingExtractor')
2026-10-04T15:26:55Z WARNING [629/1807] 40280c2f-5922-49d4-9e41-c7269501ef52: leaving unrecorded for a later run to retry.
2026-10-04T15:26:55Z WARNING 4028e238-a6ee-47a8-8d46-6b638982ab22: failed while reading the ElectricalSeries rates (AttributeError: module 'spikeinterface.extractors' has no attribute 'NwbRecordingExtractor')
2026-10-04T15:26:55Z WARNING [630/1807] 4028e238-a6ee-47a8-8d46-6b638982ab22: leaving unrecorded for a later run to retry.
2026-10-04T15:26:55Z WARNING 40293261-8624-45e5-b05b-d5eba98c21cc: failed while reading the ElectricalSeries rates (AttributeError: module 'spikeinterface.extractors' has no attribute 'NwbRecordingExtractor')
2026-10-04T15:26:55Z WARNING [631/1807] 40293261-8624-45e5-b05b-d5eba98c21cc: leaving unrecorded for a later run to retry.
2026-10-04T15:26:56Z WARNING 4029455b-d65d-4fe8-b311-e8272e645525: failed while reading the ElectricalSeries rates (AttributeError: module 'spikeinterface.extractors' has no attribute 'NwbRecordingExtractor')
2026-10-04T15:26:56Z WARNING [632/1807] 4029455b-d65d-4fe8-b311-e8272e645525: leaving unrecorded for a later run to retry.
2026-10-04T15:26:56Z WARNING 402a5c9d-1784-40d3-8e35-f8b4acdf65ff: failed while reading the ElectricalSeries rates (AttributeError: module 'spikeinterface.extractors' has no attribute 'NwbRecordingExtractor')
2026-10-04T15:26:56Z WARNING [633/1807] 402a5c9d-1784-40d3-8e35-f8b4acdf65ff: leaving unrecorded for a later run to retry.
2026-10-04T15:26:56Z WARNING 402a9935-5775-4ee9-be64-7cf4155fc5ff: failed while reading the ElectricalSeries rates (AttributeError: module 'spikeinterface.extractors' has no attribute 'NwbRecordingExtractor')
2026-10-04T15:26:56Z WARNING [634/1807] 402a9935-5775-4ee9-be64-7cf4155fc5ff: leaving unrecorded for a later run to retry.
2026-10-04T15:26:56Z WARNING 402b0c21-8911-4a4d-91ee-306806ee4e90: failed while reading the ElectricalSeries rates (AttributeError: module 'spikeinterface.extractors' has no attribute 'NwbRecordingExtractor')
2026-10-04T15:26:56Z WARNING [635/1807] 402b0c21-8911-4a4d-91ee-306806ee4e90: leaving unrecorded for a later run to retry.
2026-10-04T15:26:56Z WARNING 402b79bc-0474-4940-bce1-10a464f8eeed: failed while reading the ElectricalSeries rates (AttributeError: module 'spikeinterface.extractors' has no attribute 'NwbRecordingExtractor')
2026-10-04T15:26:56Z WARNING [636/1807] 402b79bc-0474-4940-bce1-10a464f8eeed: leaving unrecorded for a later run to retry.
2026-10-04T15:26:56Z WARNING 402b9990-4fb5-4641-8307-5e75a55f2171: failed while reading the ElectricalSeries rates (AttributeError: module 'spikeinterface.extractors' has no attribute 'NwbRecordingExtractor')
2026-10-04T15:26:56Z WARNING [637/1807] 402b9990-4fb5-4641-8307-5e75a55f2171: leaving unrecorded for a later run to retry.
2026-10-04T15:26:56Z WARNING 402e119c-4463-4559-ad9b-898a594ba564: failed while reading the ElectricalSeries rates (AttributeError: module 'spikeinterface.extractors' has no attribute 'NwbRecordingExtractor')
2026-10-04T15:26:56Z WARNING [638/1807] 402e119c-4463-4559-ad9b-898a594ba564: leaving unrecorded for a later run to retry.
2026-10-04T15:26:57Z WARNING 402f8ac3-c9dd-4f50-8c74-98b4c1084e54: failed while reading the ElectricalSeries rates (AttributeError: module 'spikeinterface.extractors' has no attribute 'NwbRecordingExtractor')
2026-10-04T15:26:57Z WARNING [639/1807] 402f8ac3-c9dd-4f50-8c74-98b4c1084e54: leaving unrecorded for a later run to retry.
2026-10-04T15:26:57Z WARNING 402fa986-02f9-4fd6-9472-5cf51b364887: failed while reading the ElectricalSeries rates (AttributeError: module 'spikeinterface.extractors' has no attribute 'NwbRecordingExtractor')
2026-10-04T15:26:57Z WARNING [640/1807] 402fa986-02f9-4fd6-9472-5cf51b364887: leaving unrecorded for a later run to retry.
2026-10-04T15:26:57Z WARNING 403017b0-6b82-4106-8b6f-ff2a0a0212a5: failed while reading the ElectricalSeries rates (AttributeError: module 'spikeinterface.extractors' has no attribute 'NwbRecordingExtractor')
2026-10-04T15:26:57Z WARNING [641/1807] 403017b0-6b82-4106-8b6f-ff2a0a0212a5: leaving unrecorded for a later run to retry.
2026-10-04T15:26:57Z WARNING 403062f2-2c25-4607-8923-aaf07584a0e1: failed while reading the ElectricalSeries rates (AttributeError: module 'spikeinterface.extractors' has no attribute 'NwbRecordingExtractor')
2026-10-04T15:26:57Z WARNING [642/1807] 403062f2-2c25-4607-8923-aaf07584a0e1: leaving unrecorded for a later run to retry.
2026-10-04T15:26:57Z WARNING 4031598c-ed9c-4e1d-8462-2b19aa58fe56: failed while reading the ElectricalSeries rates (AttributeError: module 'spikeinterface.extractors' has no attribute 'NwbRecordingExtractor')
2026-10-04T15:26:57Z WARNING [643/1807] 4031598c-ed9c-4e1d-8462-2b19aa58fe56: leaving unrecorded for a later run to retry.
2026-10-04T15:26:57Z WARNING 40315ce5-03e0-4793-8d8a-09a213968a12: failed while reading the ElectricalSeries rates (AttributeError: module 'spikeinterface.extractors' has no attribute 'NwbRecordingExtractor')
2026-10-04T15:26:57Z WARNING [644/1807] 40315ce5-03e0-4793-8d8a-09a213968a12: leaving unrecorded for a later run to retry.
2026-10-04T15:26:57Z WARNING 40316c61-4102-4478-9685-adb3c1e4e029: failed while reading the ElectricalSeries rates (AttributeError: module 'spikeinterface.extractors' has no attribute 'NwbRecordingExtractor')
2026-10-04T15:26:57Z WARNING [645/1807] 40316c61-4102-4478-9685-adb3c1e4e029: leaving unrecorded for a later run to retry.
2026-10-04T15:26:58Z WARNING 4032db16-9793-4e8b-bff1-9f69f9a2bf62: failed while reading the ElectricalSeries rates (AttributeError: module 'spikeinterface.extractors' has no attribute 'NwbRecordingExtractor')
2026-10-04T15:26:58Z WARNING [646/1807] 4032db16-9793-4e8b-bff1-9f69f9a2bf62: leaving unrecorded for a later run to retry.
2026-10-04T15:26:58Z WARNING 4034ac84-731d-4d53-b753-c02fa1cfa13c: failed while reading the ElectricalSeries rates (AttributeError: module 'spikeinterface.extractors' has no attribute 'NwbRecordingExtractor')
2026-10-04T15:26:58Z WARNING [647/1807] 4034ac84-731d-4d53-b753-c02fa1cfa13c: leaving unrecorded for a later run to retry.
2026-10-04T15:26:58Z WARNING 4034ee55-8af1-4e94-9ac5-9b85abc4ddcc: failed while reading the ElectricalSeries rates (AttributeError: module 'spikeinterface.extractors' has no attribute 'NwbRecordingExtractor')
2026-10-04T15:26:58Z WARNING [648/1807] 4034ee55-8af1-4e94-9ac5-9b85abc4ddcc: leaving unrecorded for a later run to retry.
2026-10-04T15:26:58Z WARNING 4035d4fa-3f07-4cea-9934-a741c0c48625: failed while reading the ElectricalSeries rates (AttributeError: module 'spikeinterface.extractors' has no attribute 'NwbRecordingExtractor')
2026-10-04T15:26:58Z WARNING [649/1807] 4035d4fa-3f07-4cea-9934-a741c0c48625: leaving unrecorded for a later run to retry.
2026-10-04T15:26:58Z WARNING 4036dd1b-72ca-4a04-b3e7-f832167b573d: failed while reading the ElectricalSeries rates (AttributeError: module 'spikeinterface.extractors' has no attribute 'NwbRecordingExtractor')
2026-10-04T15:26:58Z WARNING [650/1807] 4036dd1b-72ca-4a04-b3e7-f832167b573d: leaving unrecorded for a later run to retry.
2026-10-04T15:26:58Z INFO [650/1807] 4036dd1b-72ca-4a04-b3e7-f832167b573d: checkpointed 60602 records.
2026-10-04T15:26:59Z WARNING 403730b3-79fa-4f6a-a174-580b65b7a54d: failed while reading the ElectricalSeries rates (AttributeError: module 'spikeinterface.extractors' has no attribute 'NwbRecordingExtractor')
2026-10-04T15:26:59Z WARNING [651/1807] 403730b3-79fa-4f6a-a174-580b65b7a54d: leaving unrecorded for a later run to retry.
2026-10-04T15:26:59Z WARNING 40374452-dcfd-4fa3-ae3d-f9dba87f3ee6: failed while reading the ElectricalSeries rates (AttributeError: module 'spikeinterface.extractors' has no attribute 'NwbRecordingExtractor')
2026-10-04T15:26:59Z WARNING [652/1807] 40374452-dcfd-4fa3-ae3d-f9dba87f3ee6: leaving unrecorded for a later run to retry.
2026-10-04T15:26:59Z WARNING 4038cf21-acb0-474e-8dcb-fb0c14dde307: failed while reading the ElectricalSeries rates (AttributeError: module 'spikeinterface.extractors' has no attribute 'NwbRecordingExtractor')
2026-10-04T15:26:59Z WARNING [653/1807] 4038cf21-acb0-474e-8dcb-fb0c14dde307: leaving unrecorded for a later run to retry.
2026-10-04T15:26:59Z WARNING 4039ad4c-a2ef-4db0-8419-2ea8f98d5168: failed while reading the ElectricalSeries rates (AttributeError: module 'spikeinterface.extractors' has no attribute 'NwbRecordingExtractor')
2026-10-04T15:26:59Z WARNING [654/1807] 4039ad4c-a2ef-4db0-8419-2ea8f98d5168: leaving unrecorded for a later run to retry.
2026-10-04T15:26:59Z WARNING 4039ccee-6a91-45c5-a571-3295bace6a5d: failed while reading the ElectricalSeries rates (AttributeError: module 'spikeinterface.extractors' has no attribute 'NwbRecordingExtractor')
2026-10-04T15:26:59Z WARNING [655/1807] 4039ccee-6a91-45c5-a571-3295bace6a5d: leaving unrecorded for a later run to retry.
2026-10-04T15:26:59Z WARNING 403a58a3-f8d7-4ff2-8662-ebbebc82b3bd: failed while reading the ElectricalSeries rates (AttributeError: module 'spikeinterface.extractors' has no attribute 'NwbRecordingExtractor')
2026-10-04T15:26:59Z WARNING [656/1807] 403a58a3-f8d7-4ff2-8662-ebbebc82b3bd: leaving unrecorded for a later run to retry.
2026-10-04T15:27:00Z WARNING 403a6790-d2f3-4bc5-b016-db96aa080169: failed while reading the ElectricalSeries rates (AttributeError: module 'spikeinterface.extractors' has no attribute 'NwbRecordingExtractor')
2026-10-04T15:27:00Z WARNING [657/1807] 403a6790-d2f3-4bc5-b016-db96aa080169: leaving unrecorded for a later run to retry.
2026-10-04T15:27:00Z WARNING 403abdd5-b9ba-43cf-adea-567dfa5461e8: failed while reading the ElectricalSeries rates (AttributeError: module 'spikeinterface.extractors' has no attribute 'NwbRecordingExtractor')
2026-10-04T15:27:00Z WARNING [658/1807] 403abdd5-b9ba-43cf-adea-567dfa5461e8: leaving unrecorded for a later run to retry.
2026-10-04T15:27:00Z WARNING 403b21b5-36a7-4401-9bce-d104d7305f6a: failed while reading the ElectricalSeries rates (AttributeError: module 'spikeinterface.extractors' has no attribute 'NwbRecordingExtractor')
2026-10-04T15:27:00Z WARNING [659/1807] 403b21b5-36a7-4401-9bce-d104d7305f6a: leaving unrecorded for a later run to retry.
2026-10-04T15:27:00Z WARNING 403be4a7-2464-439a-939f-820ed5944365: failed while reading the ElectricalSeries rates (AttributeError: module 'spikeinterface.extractors' has no attribute 'NwbRecordingExtractor')
2026-10-04T15:27:00Z WARNING [660/1807] 403be4a7-2464-439a-939f-820ed5944365: leaving unrecorded for a later run to retry.
2026-10-04T15:27:00Z WARNING 403c33d1-f868-47da-8d43-d2c823404253: failed while reading the ElectricalSeries rates (AttributeError: module 'spikeinterface.extractors' has no attribute 'NwbRecordingExtractor')
2026-10-04T15:27:00Z WARNING [661/1807] 403c33d1-f868-47da-8d43-d2c823404253: leaving unrecorded for a later run to retry.
2026-10-04T15:27:00Z WARNING 403d6a82-47da-433f-83e8-71601f401553: failed while reading the ElectricalSeries rates (AttributeError: module 'spikeinterface.extractors' has no attribute 'NwbRecordingExtractor')
2026-10-04T15:27:00Z WARNING [662/1807] 403d6a82-47da-433f-83e8-71601f401553: leaving unrecorded for a later run to retry.
2026-10-04T15:27:01Z WARNING 403e27c2-e305-40a4-8042-49c6138a490e: failed while reading the ElectricalSeries rates (AttributeError: module 'spikeinterface.extractors' has no attribute 'NwbRecordingExtractor')
2026-10-04T15:27:01Z WARNING [663/1807] 403e27c2-e305-40a4-8042-49c6138a490e: leaving unrecorded for a later run to retry.
2026-10-04T15:27:01Z WARNING 403ee761-abe7-4982-9349-e4b44c9d400e: failed while reading the ElectricalSeries rates (AttributeError: module 'spikeinterface.extractors' has no attribute 'NwbRecordingExtractor')
2026-10-04T15:27:01Z WARNING [664/1807] 403ee761-abe7-4982-9349-e4b44c9d400e: leaving unrecorded for a later run to retry.
2026-10-04T15:27:01Z WARNING 403f17bb-5fd9-428a-862e-3b1cea101506: failed while reading the ElectricalSeries rates (AttributeError: module 'spikeinterface.extractors' has no attribute 'NwbRecordingExtractor')
2026-10-04T15:27:01Z WARNING [665/1807] 403f17bb-5fd9-428a-862e-3b1cea101506: leaving unrecorded for a later run to retry.
2026-10-04T15:27:01Z WARNING 40405ff8-24d4-4172-af23-60e9fd35d29f: failed while reading the ElectricalSeries rates (AttributeError: module 'spikeinterface.extractors' has no attribute 'NwbRecordingExtractor')
2026-10-04T15:27:01Z WARNING [666/1807] 40405ff8-24d4-4172-af23-60e9fd35d29f: leaving unrecorded for a later run to retry.
2026-10-04T15:27:01Z WARNING 4040c62d-0c6e-4b94-9dda-19ebb36bcdf4: failed while reading the ElectricalSeries rates (AttributeError: module 'spikeinterface.extractors' has no attribute 'NwbRecordingExtractor')
2026-10-04T15:27:01Z WARNING [667/1807] 4040c62d-0c6e-4b94-9dda-19ebb36bcdf4: leaving unrecorded for a later run to retry.
2026-10-04T15:27:01Z WARNING 4040e83b-3c88-4781-b21c-e48451312406: failed while reading the ElectricalSeries rates (AttributeError: module 'spikeinterface.extractors' has no attribute 'NwbRecordingExtractor')
2026-10-04T15:27:01Z WARNING [668/1807] 4040e83b-3c88-4781-b21c-e48451312406: leaving unrecorded for a later run to retry.
2026-10-04T15:27:02Z WARNING 404157ee-62c9-49ee-9931-a157a35c7e2f: failed while reading the ElectricalSeries rates (AttributeError: module 'spikeinterface.extractors' has no attribute 'NwbRecordingExtractor')
2026-10-04T15:27:02Z WARNING [669/1807] 404157ee-62c9-49ee-9931-a157a35c7e2f: leaving unrecorded for a later run to retry.
2026-10-04T15:27:02Z WARNING 4043183a-c02b-4c2a-aecf-759900dc654c: failed while reading the ElectricalSeries rates (AttributeError: module 'spikeinterface.extractors' has no attribute 'NwbRecordingExtractor')
2026-10-04T15:27:02Z WARNING [670/1807] 4043183a-c02b-4c2a-aecf-759900dc654c: leaving unrecorded for a later run to retry.
2026-10-04T15:27:02Z WARNING 40435ff8-4b2d-4a89-ba69-6965bfb52cd0: failed while reading the ElectricalSeries rates (AttributeError: module 'spikeinterface.extractors' has no attribute 'NwbRecordingExtractor')
2026-10-04T15:27:02Z WARNING [671/1807] 40435ff8-4b2d-4a89-ba69-6965bfb52cd0: leaving unrecorded for a later run to retry.
2026-10-04T15:27:02Z WARNING 4043bf36-624f-441f-9f9b-6b6d0346cc44: failed while reading the ElectricalSeries rates (AttributeError: module 'spikeinterface.extractors' has no attribute 'NwbRecordingExtractor')
2026-10-04T15:27:02Z WARNING [672/1807] 4043bf36-624f-441f-9f9b-6b6d0346cc44: leaving unrecorded for a later run to retry.
2026-10-04T15:27:02Z WARNING 4043e44f-1568-4709-b9ab-0f8af5ae8beb: failed while reading the ElectricalSeries rates (AttributeError: module 'spikeinterface.extractors' has no attribute 'NwbRecordingExtractor')
2026-10-04T15:27:02Z WARNING [673/1807] 4043e44f-1568-4709-b9ab-0f8af5ae8beb: leaving unrecorded for a later run to retry.
2026-10-04T15:27:02Z WARNING 404462f5-0f2e-4e44-9c27-a0fcaad7a88e: failed while reading the ElectricalSeries rates (AttributeError: module 'spikeinterface.extractors' has no attribute 'NwbRecordingExtractor')
2026-10-04T15:27:02Z WARNING [674/1807] 404462f5-0f2e-4e44-9c27-a0fcaad7a88e: leaving unrecorded for a later run to retry.
2026-10-04T15:27:03Z WARNING 4044abfd-f201-46d8-8a42-ac12cc4a6656: failed while reading the ElectricalSeries rates (AttributeError: module 'spikeinterface.extractors' has no attribute 'NwbRecordingExtractor')
2026-10-04T15:27:03Z WARNING [675/1807] 4044abfd-f201-46d8-8a42-ac12cc4a6656: leaving unrecorded for a later run to retry.
2026-10-04T15:27:03Z WARNING 40454126-c4dc-4c4c-a8b0-5239bb6a3bf5: failed while reading the ElectricalSeries rates (AttributeError: module 'spikeinterface.extractors' has no attribute 'NwbRecordingExtractor')
2026-10-04T15:27:03Z WARNING [676/1807] 40454126-c4dc-4c4c-a8b0-5239bb6a3bf5: leaving unrecorded for a later run to retry.
2026-10-04T15:27:03Z WARNING 404614e1-03b5-471c-923c-b780019fac13: failed while reading the ElectricalSeries rates (AttributeError: module 'spikeinterface.extractors' has no attribute 'NwbRecordingExtractor')
2026-10-04T15:27:03Z WARNING [677/1807] 404614e1-03b5-471c-923c-b780019fac13: leaving unrecorded for a later run to retry.
2026-10-04T15:27:03Z WARNING 40464948-1d0c-49ed-92eb-e79161b6d94d: failed while reading the ElectricalSeries rates (AttributeError: module 'spikeinterface.extractors' has no attribute 'NwbRecordingExtractor')
2026-10-04T15:27:03Z WARNING [678/1807] 40464948-1d0c-49ed-92eb-e79161b6d94d: leaving unrecorded for a later run to retry.
2026-10-04T15:27:03Z WARNING 404650fc-991f-42c1-8f4e-e38b84eb0233: failed while reading the ElectricalSeries rates (AttributeError: module 'spikeinterface.extractors' has no attribute 'NwbRecordingExtractor')
2026-10-04T15:27:03Z WARNING [679/1807] 404650fc-991f-42c1-8f4e-e38b84eb0233: leaving unrecorded for a later run to retry.
2026-10-04T15:27:03Z WARNING 4047a4a4-1298-4d2c-8c37-65fa8c621634: failed while reading the ElectricalSeries rates (AttributeError: module 'spikeinterface.extractors' has no attribute 'NwbRecordingExtractor')
2026-10-04T15:27:03Z WARNING [680/1807] 4047a4a4-1298-4d2c-8c37-65fa8c621634: leaving unrecorded for a later run to retry.
2026-10-04T15:27:03Z WARNING 4047baf4-4c68-463f-9ae1-d97410164397: failed while reading the ElectricalSeries rates (AttributeError: module 'spikeinterface.extractors' has no attribute 'NwbRecordingExtractor')
2026-10-04T15:27:03Z WARNING [681/1807] 4047baf4-4c68-463f-9ae1-d97410164397: leaving unrecorded for a later run to retry.
2026-10-04T15:27:04Z WARNING 4048a44a-9c48-4201-aaa6-04275ce11d2b: failed while reading the ElectricalSeries rates (AttributeError: module 'spikeinterface.extractors' has no attribute 'NwbRecordingExtractor')
2026-10-04T15:27:04Z WARNING [682/1807] 4048a44a-9c48-4201-aaa6-04275ce11d2b: leaving unrecorded for a later run to retry.
2026-10-04T15:27:04Z WARNING 4049ad46-2e4b-4234-b6fe-a37095c011a5: failed while reading the ElectricalSeries rates (AttributeError: module 'spikeinterface.extractors' has no attribute 'NwbRecordingExtractor')
2026-10-04T15:27:04Z WARNING [683/1807] 4049ad46-2e4b-4234-b6fe-a37095c011a5: leaving unrecorded for a later run to retry.
2026-10-04T15:27:04Z WARNING 4049f1b3-fa31-4ada-ba9e-85d6f86c5467: failed while reading the ElectricalSeries rates (AttributeError: module 'spikeinterface.extractors' has no attribute 'NwbRecordingExtractor')
2026-10-04T15:27:04Z WARNING [684/1807] 4049f1b3-fa31-4ada-ba9e-85d6f86c5467: leaving unrecorded for a later run to retry.
2026-10-04T15:27:04Z WARNING 404a6fac-b2d2-4323-9dce-b1b56f0ed197: failed while reading the ElectricalSeries rates (AttributeError: module 'spikeinterface.extractors' has no attribute 'NwbRecordingExtractor')
2026-10-04T15:27:04Z WARNING [685/1807] 404a6fac-b2d2-4323-9dce-b1b56f0ed197: leaving unrecorded for a later run to retry.
2026-10-04T15:27:04Z WARNING 404abf7f-74f0-4128-b316-bf559a266767: failed while reading the ElectricalSeries rates (AttributeError: module 'spikeinterface.extractors' has no attribute 'NwbRecordingExtractor')
2026-10-04T15:27:04Z WARNING [686/1807] 404abf7f-74f0-4128-b316-bf559a266767: leaving unrecorded for a later run to retry.
2026-10-04T15:27:04Z WARNING 404c9487-37c8-4bd5-9ee1-5875d1e4de95: failed while reading the ElectricalSeries rates (AttributeError: module 'spikeinterface.extractors' has no attribute 'NwbRecordingExtractor')
2026-10-04T15:27:04Z WARNING [687/1807] 404c9487-37c8-4bd5-9ee1-5875d1e4de95: leaving unrecorded for a later run to retry.
2026-10-04T15:27:05Z WARNING 404d51b3-f9ac-425b-aba5-e1ef76f1899a: failed while reading the ElectricalSeries rates (AttributeError: module 'spikeinterface.extractors' has no attribute 'NwbRecordingExtractor')
2026-10-04T15:27:05Z WARNING [688/1807] 404d51b3-f9ac-425b-aba5-e1ef76f1899a: leaving unrecorded for a later run to retry.
2026-10-04T15:27:05Z WARNING 404efa41-97a9-42ed-8c73-28fa4f09ba89: failed while reading the ElectricalSeries rates (AttributeError: module 'spikeinterface.extractors' has no attribute 'NwbRecordingExtractor')
2026-10-04T15:27:05Z WARNING [689/1807] 404efa41-97a9-42ed-8c73-28fa4f09ba89: leaving unrecorded for a later run to retry.
2026-10-04T15:27:05Z WARNING 404f9c5d-3e59-465e-acb0-6a5364952412: failed while reading the ElectricalSeries rates (AttributeError: module 'spikeinterface.extractors' has no attribute 'NwbRecordingExtractor')
2026-10-04T15:27:05Z WARNING [690/1807] 404f9c5d-3e59-465e-acb0-6a5364952412: leaving unrecorded for a later run to retry.
2026-10-04T15:27:05Z WARNING 404fd5d0-4203-435a-9a9a-b74a5337e623: failed while reading the ElectricalSeries rates (AttributeError: module 'spikeinterface.extractors' has no attribute 'NwbRecordingExtractor')
2026-10-04T15:27:05Z WARNING [691/1807] 404fd5d0-4203-435a-9a9a-b74a5337e623: leaving unrecorded for a later run to retry.
2026-10-04T15:27:05Z WARNING 405069ba-38e7-47f4-a5ff-f6974bdbbb81: failed while reading the ElectricalSeries rates (AttributeError: module 'spikeinterface.extractors' has no attribute 'NwbRecordingExtractor')
2026-10-04T15:27:05Z WARNING [692/1807] 405069ba-38e7-47f4-a5ff-f6974bdbbb81: leaving unrecorded for a later run to retry.
2026-10-04T15:27:06Z WARNING 40510750-8bd0-4c94-8b99-219eb87b486f: failed while reading the ElectricalSeries rates (AttributeError: module 'spikeinterface.extractors' has no attribute 'NwbRecordingExtractor')
2026-10-04T15:27:06Z WARNING [693/1807] 40510750-8bd0-4c94-8b99-219eb87b486f: leaving unrecorded for a later run to retry.
2026-10-04T15:27:06Z WARNING 4051688d-9e2b-4869-9b49-1f4b4b710110: failed while reading the ElectricalSeries rates (AttributeError: module 'spikeinterface.extractors' has no attribute 'NwbRecordingExtractor')
2026-10-04T15:27:06Z WARNING [694/1807] 4051688d-9e2b-4869-9b49-1f4b4b710110: leaving unrecorded for a later run to retry.
2026-10-04T15:27:06Z WARNING 40529cf2-1e55-42ba-bae4-580389f01129: failed while reading the ElectricalSeries rates (AttributeError: module 'spikeinterface.extractors' has no attribute 'NwbRecordingExtractor')
2026-10-04T15:27:06Z WARNING [695/1807] 40529cf2-1e55-42ba-bae4-580389f01129: leaving unrecorded for a later run to retry.
2026-10-04T15:27:06Z WARNING 40537476-561a-4606-9408-6337189ad0f2: failed while reading the ElectricalSeries rates (AttributeError: module 'spikeinterface.extractors' has no attribute 'NwbRecordingExtractor')
2026-10-04T15:27:06Z WARNING [696/1807] 40537476-561a-4606-9408-6337189ad0f2: leaving unrecorded for a later run to retry.
2026-10-04T15:27:06Z WARNING 40545025-8aaa-4cc2-bf3e-6a553404564d: failed while reading the ElectricalSeries rates (AttributeError: module 'spikeinterface.extractors' has no attribute 'NwbRecordingExtractor')
2026-10-04T15:27:06Z WARNING [697/1807] 40545025-8aaa-4cc2-bf3e-6a553404564d: leaving unrecorded for a later run to retry.
2026-10-04T15:27:06Z WARNING 40550f72-bc6b-44ca-9efa-50cbbfbc208c: failed while reading the ElectricalSeries rates (AttributeError: module 'spikeinterface.extractors' has no attribute 'NwbRecordingExtractor')
2026-10-04T15:27:06Z WARNING [698/1807] 40550f72-bc6b-44ca-9efa-50cbbfbc208c: leaving unrecorded for a later run to retry.
2026-10-04T15:27:06Z WARNING 4055cc15-771d-4e7f-82b7-d251b38d42ee: failed while reading the ElectricalSeries rates (AttributeError: module 'spikeinterface.extractors' has no attribute 'NwbRecordingExtractor')
2026-10-04T15:27:06Z WARNING [699/1807] 4055cc15-771d-4e7f-82b7-d251b38d42ee: leaving unrecorded for a later run to retry.
2026-10-04T15:27:07Z WARNING 4055d21d-1459-48e2-9d42-bf0eba9acc0b: failed while reading the ElectricalSeries rates (AttributeError: module 'spikeinterface.extractors' has no attribute 'NwbRecordingExtractor')
2026-10-04T15:27:07Z WARNING [700/1807] 4055d21d-1459-48e2-9d42-bf0eba9acc0b: leaving unrecorded for a later run to retry.
2026-10-04T15:27:07Z INFO [700/1807] 4055d21d-1459-48e2-9d42-bf0eba9acc0b: checkpointed 60602 records.
2026-10-04T15:27:07Z WARNING 40560895-dcc9-4166-8f33-327404285470: failed while reading the ElectricalSeries rates (AttributeError: module 'spikeinterface.extractors' has no attribute 'NwbRecordingExtractor')
2026-10-04T15:27:07Z WARNING [701/1807] 40560895-dcc9-4166-8f33-327404285470: leaving unrecorded for a later run to retry.
2026-10-04T15:27:07Z WARNING 4056449b-3fc6-4971-9e8e-cf9d0fe9b235: failed while reading the ElectricalSeries rates (AttributeError: module 'spikeinterface.extractors' has no attribute 'NwbRecordingExtractor')
2026-10-04T15:27:07Z WARNING [702/1807] 4056449b-3fc6-4971-9e8e-cf9d0fe9b235: leaving unrecorded for a later run to retry.
2026-10-04T15:27:07Z WARNING 4057f05f-196c-4c89-a989-7141c2337831: failed while reading the ElectricalSeries rates (AttributeError: module 'spikeinterface.extractors' has no attribute 'NwbRecordingExtractor')
2026-10-04T15:27:07Z WARNING [703/1807] 4057f05f-196c-4c89-a989-7141c2337831: leaving unrecorded for a later run to retry.
2026-10-04T15:27:07Z WARNING 4057f254-dea3-496d-bd16-b5353a21d316: failed while reading the ElectricalSeries rates (AttributeError: module 'spikeinterface.extractors' has no attribute 'NwbRecordingExtractor')
2026-10-04T15:27:07Z WARNING [704/1807] 4057f254-dea3-496d-bd16-b5353a21d316: leaving unrecorded for a later run to retry.
2026-10-04T15:27:08Z WARNING 40584bf2-87be-4ae5-853c-5e966ae7a72b: failed while reading the ElectricalSeries rates (AttributeError: module 'spikeinterface.extractors' has no attribute 'NwbRecordingExtractor')
2026-10-04T15:27:08Z WARNING [705/1807] 40584bf2-87be-4ae5-853c-5e966ae7a72b: leaving unrecorded for a later run to retry.
2026-10-04T15:27:08Z WARNING 40599874-3511-47e9-8a39-b9e97c45db70: failed while reading the ElectricalSeries rates (AttributeError: module 'spikeinterface.extractors' has no attribute 'NwbRecordingExtractor')
2026-10-04T15:27:08Z WARNING [706/1807] 40599874-3511-47e9-8a39-b9e97c45db70: leaving unrecorded for a later run to retry.
2026-10-04T15:27:08Z WARNING 4059c4ce-9163-47c6-a001-96c403b98880: failed while reading the ElectricalSeries rates (AttributeError: module 'spikeinterface.extractors' has no attribute 'NwbRecordingExtractor')
2026-10-04T15:27:08Z WARNING [707/1807] 4059c4ce-9163-47c6-a001-96c403b98880: leaving unrecorded for a later run to retry.
2026-10-04T15:27:08Z WARNING 4059d68b-2bf8-4db6-8539-2e9f1fada6d5: failed while reading the ElectricalSeries rates (AttributeError: module 'spikeinterface.extractors' has no attribute 'NwbRecordingExtractor')
2026-10-04T15:27:08Z WARNING [708/1807] 4059d68b-2bf8-4db6-8539-2e9f1fada6d5: leaving unrecorded for a later run to retry.
2026-10-04T15:27:08Z WARNING 405a3891-2e1a-48ad-8bef-493c5023dfde: failed while reading the ElectricalSeries rates (AttributeError: module 'spikeinterface.extractors' has no attribute 'NwbRecordingExtractor')
2026-10-04T15:27:08Z WARNING [709/1807] 405a3891-2e1a-48ad-8bef-493c5023dfde: leaving unrecorded for a later run to retry.
2026-10-04T15:27:08Z WARNING 405a4352-f636-48b6-873c-a9c61995953a: failed while reading the ElectricalSeries rates (AttributeError: module 'spikeinterface.extractors' has no attribute 'NwbRecordingExtractor')
2026-10-04T15:27:08Z WARNING [710/1807] 405a4352-f636-48b6-873c-a9c61995953a: leaving unrecorded for a later run to retry.
2026-10-04T15:27:09Z WARNING 405a6036-465c-49ba-a33d-b5f7f0a8a92e: failed while reading the ElectricalSeries rates (AttributeError: module 'spikeinterface.extractors' has no attribute 'NwbRecordingExtractor')
2026-10-04T15:27:09Z WARNING [711/1807] 405a6036-465c-49ba-a33d-b5f7f0a8a92e: leaving unrecorded for a later run to retry.
2026-10-04T15:27:09Z WARNING 405aaa91-52fd-4945-8bb3-3c98e6cee1e7: failed while reading the ElectricalSeries rates (AttributeError: module 'spikeinterface.extractors' has no attribute 'NwbRecordingExtractor')
2026-10-04T15:27:09Z WARNING [712/1807] 405aaa91-52fd-4945-8bb3-3c98e6cee1e7: leaving unrecorded for a later run to retry.
2026-10-04T15:27:09Z WARNING 405ab933-12ec-4dbd-923b-dd8f2a35c857: failed while reading the ElectricalSeries rates (AttributeError: module 'spikeinterface.extractors' has no attribute 'NwbRecordingExtractor')
2026-10-04T15:27:09Z WARNING [713/1807] 405ab933-12ec-4dbd-923b-dd8f2a35c857: leaving unrecorded for a later run to retry.
2026-10-04T15:27:09Z WARNING 405af47f-0a04-4c99-b410-1f744ee96de1: failed while reading the ElectricalSeries rates (AttributeError: module 'spikeinterface.extractors' has no attribute 'NwbRecordingExtractor')
2026-10-04T15:27:09Z WARNING [714/1807] 405af47f-0a04-4c99-b410-1f744ee96de1: leaving unrecorded for a later run to retry.
2026-10-04T15:27:09Z WARNING 405cc68a-1795-4a75-895f-34cc7387cdce: failed while reading the ElectricalSeries rates (AttributeError: module 'spikeinterface.extractors' has no attribute 'NwbRecordingExtractor')
2026-10-04T15:27:09Z WARNING [715/1807] 405cc68a-1795-4a75-895f-34cc7387cdce: leaving unrecorded for a later run to retry.
2026-10-04T15:27:09Z WARNING 405d7d1d-a843-43ab-8f9b-b61ebfd7b3d5: failed while reading the ElectricalSeries rates (AttributeError: module 'spikeinterface.extractors' has no attribute 'NwbRecordingExtractor')
2026-10-04T15:27:09Z WARNING [716/1807] 405d7d1d-a843-43ab-8f9b-b61ebfd7b3d5: leaving unrecorded for a later run to retry.
2026-10-04T15:27:09Z WARNING 405d8821-7497-4b9c-a2c5-a9cce60a2507: failed while reading the ElectricalSeries rates (AttributeError: module 'spikeinterface.extractors' has no attribute 'NwbRecordingExtractor')
2026-10-04T15:27:09Z WARNING [717/1807] 405d8821-7497-4b9c-a2c5-a9cce60a2507: leaving unrecorded for a later run to retry.
2026-10-04T15:27:10Z WARNING 405f3d6d-5bda-4925-975d-b00d81719818: failed while reading the ElectricalSeries rates (AttributeError: module 'spikeinterface.extractors' has no attribute 'NwbRecordingExtractor')
2026-10-04T15:27:10Z WARNING [718/1807] 405f3d6d-5bda-4925-975d-b00d81719818: leaving unrecorded for a later run to retry.
2026-10-04T15:27:10Z WARNING 405f6d8e-e764-495f-9454-f155b0f03d17: failed while reading the ElectricalSeries rates (AttributeError: module 'spikeinterface.extractors' has no attribute 'NwbRecordingExtractor')
2026-10-04T15:27:10Z WARNING [719/1807] 405f6d8e-e764-495f-9454-f155b0f03d17: leaving unrecorded for a later run to retry.
2026-10-04T15:27:10Z WARNING 405fa6a0-8051-43b1-b648-72fcc1d61699: failed while reading the ElectricalSeries rates (AttributeError: module 'spikeinterface.extractors' has no attribute 'NwbRecordingExtractor')
2026-10-04T15:27:10Z WARNING [720/1807] 405fa6a0-8051-43b1-b648-72fcc1d61699: leaving unrecorded for a later run to retry.
2026-10-04T15:27:10Z WARNING 406040f5-2bcb-40ed-97ef-3297d1dc6ca2: failed while reading the ElectricalSeries rates (AttributeError: module 'spikeinterface.extractors' has no attribute 'NwbRecordingExtractor')
2026-10-04T15:27:10Z WARNING [721/1807] 406040f5-2bcb-40ed-97ef-3297d1dc6ca2: leaving unrecorded for a later run to retry.
2026-10-04T15:27:10Z WARNING 4060474d-15a8-4312-add8-b10e63162cc7: failed while reading the ElectricalSeries rates (AttributeError: module 'spikeinterface.extractors' has no attribute 'NwbRecordingExtractor')
2026-10-04T15:27:10Z WARNING [722/1807] 4060474d-15a8-4312-add8-b10e63162cc7: leaving unrecorded for a later run to retry.
2026-10-04T15:27:10Z WARNING 40608581-ffe6-4716-b7ae-c24cd2ea6c36: failed while reading the ElectricalSeries rates (AttributeError: module 'spikeinterface.extractors' has no attribute 'NwbRecordingExtractor')
2026-10-04T15:27:10Z WARNING [723/1807] 40608581-ffe6-4716-b7ae-c24cd2ea6c36: leaving unrecorded for a later run to retry.
2026-10-04T15:27:11Z WARNING 4060bac3-b8f2-4814-8bee-7427651ef074: failed while reading the ElectricalSeries rates (AttributeError: module 'spikeinterface.extractors' has no attribute 'NwbRecordingExtractor')
2026-10-04T15:27:11Z WARNING [724/1807] 4060bac3-b8f2-4814-8bee-7427651ef074: leaving unrecorded for a later run to retry.
2026-10-04T15:27:11Z WARNING 406266b0-9544-4342-bb52-874d11b38a7e: failed while reading the ElectricalSeries rates (AttributeError: module 'spikeinterface.extractors' has no attribute 'NwbRecordingExtractor')
2026-10-04T15:27:11Z WARNING [725/1807] 406266b0-9544-4342-bb52-874d11b38a7e: leaving unrecorded for a later run to retry.
2026-10-04T15:27:11Z WARNING 4063d7ae-c67b-46a0-8358-7d6504613ac2: failed while reading the ElectricalSeries rates (AttributeError: module 'spikeinterface.extractors' has no attribute 'NwbRecordingExtractor')
2026-10-04T15:27:11Z WARNING [726/1807] 4063d7ae-c67b-46a0-8358-7d6504613ac2: leaving unrecorded for a later run to retry.
2026-10-04T15:27:11Z WARNING 40642748-ba2d-4595-a9d4-1d177355ffc5: failed while reading the ElectricalSeries rates (AttributeError: module 'spikeinterface.extractors' has no attribute 'NwbRecordingExtractor')
2026-10-04T15:27:11Z WARNING [727/1807] 40642748-ba2d-4595-a9d4-1d177355ffc5: leaving unrecorded for a later run to retry.
2026-10-04T15:27:11Z WARNING 40644385-d4a8-41fb-9826-e58dbe5ac133: failed while reading the ElectricalSeries rates (AttributeError: module 'spikeinterface.extractors' has no attribute 'NwbRecordingExtractor')
2026-10-04T15:27:11Z WARNING [728/1807] 40644385-d4a8-41fb-9826-e58dbe5ac133: leaving unrecorded for a later run to retry.
2026-10-04T15:27:11Z WARNING 4064d2ed-283f-48fd-9d9b-556fc3782b57: failed while reading the ElectricalSeries rates (AttributeError: module 'spikeinterface.extractors' has no attribute 'NwbRecordingExtractor')
2026-10-04T15:27:11Z WARNING [729/1807] 4064d2ed-283f-48fd-9d9b-556fc3782b57: leaving unrecorded for a later run to retry.
2026-10-04T15:27:12Z WARNING 4065805e-c2a2-4377-8a86-df094353b96b: failed while reading the ElectricalSeries rates (AttributeError: module 'spikeinterface.extractors' has no attribute 'NwbRecordingExtractor')
2026-10-04T15:27:12Z WARNING [730/1807] 4065805e-c2a2-4377-8a86-df094353b96b: leaving unrecorded for a later run to retry.
2026-10-04T15:27:12Z WARNING 4065a338-497a-43d5-ac54-2f611e1526ab: failed while reading the ElectricalSeries rates (AttributeError: module 'spikeinterface.extractors' has no attribute 'NwbRecordingExtractor')
2026-10-04T15:27:12Z WARNING [731/1807] 4065a338-497a-43d5-ac54-2f611e1526ab: leaving unrecorded for a later run to retry.
2026-10-04T15:27:12Z WARNING 4065a7b9-193e-4baa-839e-e741fbe34d8b: failed while reading the ElectricalSeries rates (AttributeError: module 'spikeinterface.extractors' has no attribute 'NwbRecordingExtractor')
2026-10-04T15:27:12Z WARNING [732/1807] 4065a7b9-193e-4baa-839e-e741fbe34d8b: leaving unrecorded for a later run to retry.
2026-10-04T15:27:12Z WARNING 40660d63-7df3-44ea-88c0-9b8e73da079c: failed while reading the ElectricalSeries rates (AttributeError: module 'spikeinterface.extractors' has no attribute 'NwbRecordingExtractor')
2026-10-04T15:27:12Z WARNING [733/1807] 40660d63-7df3-44ea-88c0-9b8e73da079c: leaving unrecorded for a later run to retry.
2026-10-04T15:27:12Z WARNING 40660f75-2a1a-4403-a9d5-8e45169deb2a: failed while reading the ElectricalSeries rates (AttributeError: module 'spikeinterface.extractors' has no attribute 'NwbRecordingExtractor')
2026-10-04T15:27:12Z WARNING [734/1807] 40660f75-2a1a-4403-a9d5-8e45169deb2a: leaving unrecorded for a later run to retry.
2026-10-04T15:27:12Z WARNING 40661cae-9a21-4601-b20d-600362b677cf: failed while reading the ElectricalSeries rates (AttributeError: module 'spikeinterface.extractors' has no attribute 'NwbRecordingExtractor')
2026-10-04T15:27:12Z WARNING [735/1807] 40661cae-9a21-4601-b20d-600362b677cf: leaving unrecorded for a later run to retry.
2026-10-04T15:27:12Z WARNING 40676110-0969-4445-b617-fe1711190176: failed while reading the ElectricalSeries rates (AttributeError: module 'spikeinterface.extractors' has no attribute 'NwbRecordingExtractor')
2026-10-04T15:27:12Z WARNING [736/1807] 40676110-0969-4445-b617-fe1711190176: leaving unrecorded for a later run to retry.
2026-10-04T15:27:13Z WARNING 4068707f-3581-4b5f-ac32-38bb5b0613e5: failed while reading the ElectricalSeries rates (AttributeError: module 'spikeinterface.extractors' has no attribute 'NwbRecordingExtractor')
2026-10-04T15:27:13Z WARNING [737/1807] 4068707f-3581-4b5f-ac32-38bb5b0613e5: leaving unrecorded for a later run to retry.
2026-10-04T15:27:13Z WARNING 4068bec5-666d-4783-b323-8d2d05a6cb0e: failed while reading the ElectricalSeries rates (AttributeError: module 'spikeinterface.extractors' has no attribute 'NwbRecordingExtractor')
2026-10-04T15:27:13Z WARNING [738/1807] 4068bec5-666d-4783-b323-8d2d05a6cb0e: leaving unrecorded for a later run to retry.
2026-10-04T15:27:13Z WARNING 4069567e-9fe3-4015-b85a-75ab0997c549: failed while reading the ElectricalSeries rates (AttributeError: module 'spikeinterface.extractors' has no attribute 'NwbRecordingExtractor')
2026-10-04T15:27:13Z WARNING [739/1807] 4069567e-9fe3-4015-b85a-75ab0997c549: leaving unrecorded for a later run to retry.
2026-10-04T15:27:13Z WARNING 4069770e-4ce5-44ab-a153-66dfacb348e3: failed while reading the ElectricalSeries rates (AttributeError: module 'spikeinterface.extractors' has no attribute 'NwbRecordingExtractor')
2026-10-04T15:27:13Z WARNING [740/1807] 4069770e-4ce5-44ab-a153-66dfacb348e3: leaving unrecorded for a later run to retry.
2026-10-04T15:27:13Z WARNING 40697bef-2183-46cc-bd42-17e64ec44fe4: failed while reading the ElectricalSeries rates (AttributeError: module 'spikeinterface.extractors' has no attribute 'NwbRecordingExtractor')
2026-10-04T15:27:13Z WARNING [741/1807] 40697bef-2183-46cc-bd42-17e64ec44fe4: leaving unrecorded for a later run to retry.
2026-10-04T15:27:13Z WARNING 4069bad4-ccc2-4528-aa42-c2d3f2af0a14: failed while reading the ElectricalSeries rates (AttributeError: module 'spikeinterface.extractors' has no attribute 'NwbRecordingExtractor')
2026-10-04T15:27:13Z WARNING [742/1807] 4069bad4-ccc2-4528-aa42-c2d3f2af0a14: leaving unrecorded for a later run to retry.
2026-10-04T15:27:14Z WARNING 406a5ada-84fd-4d72-806e-f4643d91cb63: failed while reading the ElectricalSeries rates (AttributeError: module 'spikeinterface.extractors' has no attribute 'NwbRecordingExtractor')
2026-10-04T15:27:14Z WARNING [743/1807] 406a5ada-84fd-4d72-806e-f4643d91cb63: leaving unrecorded for a later run to retry.
2026-10-04T15:27:14Z WARNING 406a6ca6-3456-460c-becf-92c947ad75f8: failed while reading the ElectricalSeries rates (AttributeError: module 'spikeinterface.extractors' has no attribute 'NwbRecordingExtractor')
2026-10-04T15:27:14Z WARNING [744/1807] 406a6ca6-3456-460c-becf-92c947ad75f8: leaving unrecorded for a later run to retry.
2026-10-04T15:27:14Z WARNING 406b3b03-db7b-4e7c-945e-09fda51ce777: failed while reading the ElectricalSeries rates (AttributeError: module 'spikeinterface.extractors' has no attribute 'NwbRecordingExtractor')
2026-10-04T15:27:14Z WARNING [745/1807] 406b3b03-db7b-4e7c-945e-09fda51ce777: leaving unrecorded for a later run to retry.
2026-10-04T15:27:14Z WARNING 406be9b3-c1f3-4265-acd2-9f61d9775eb0: failed while reading the ElectricalSeries rates (AttributeError: module 'spikeinterface.extractors' has no attribute 'NwbRecordingExtractor')
2026-10-04T15:27:14Z WARNING [746/1807] 406be9b3-c1f3-4265-acd2-9f61d9775eb0: leaving unrecorded for a later run to retry.
2026-10-04T15:27:14Z WARNING 406c580f-6cba-43d4-abc9-df5bef24a20c: failed while reading the ElectricalSeries rates (AttributeError: module 'spikeinterface.extractors' has no attribute 'NwbRecordingExtractor')
2026-10-04T15:27:14Z WARNING [747/1807] 406c580f-6cba-43d4-abc9-df5bef24a20c: leaving unrecorded for a later run to retry.
2026-10-04T15:27:14Z WARNING 406d167c-7d6b-42c0-8818-0fab36680f7b: failed while reading the ElectricalSeries rates (AttributeError: module 'spikeinterface.extractors' has no attribute 'NwbRecordingExtractor')
2026-10-04T15:27:14Z WARNING [748/1807] 406d167c-7d6b-42c0-8818-0fab36680f7b: leaving unrecorded for a later run to retry.
2026-10-04T15:27:14Z WARNING 406d433f-367e-43cd-8c38-b3ee532f4ccb: failed while reading the ElectricalSeries rates (AttributeError: module 'spikeinterface.extractors' has no attribute 'NwbRecordingExtractor')
2026-10-04T15:27:14Z WARNING [749/1807] 406d433f-367e-43cd-8c38-b3ee532f4ccb: leaving unrecorded for a later run to retry.
2026-10-04T15:27:15Z WARNING 406daa06-62bc-41ac-8a36-1fdcca481998: failed while reading the ElectricalSeries rates (AttributeError: module 'spikeinterface.extractors' has no attribute 'NwbRecordingExtractor')
2026-10-04T15:27:15Z WARNING [750/1807] 406daa06-62bc-41ac-8a36-1fdcca481998: leaving unrecorded for a later run to retry.
2026-10-04T15:27:15Z INFO [750/1807] 406daa06-62bc-41ac-8a36-1fdcca481998: checkpointed 60602 records.
2026-10-04T15:27:15Z WARNING 406e2766-fdcb-4a36-8b79-c62e2f32c564: failed while reading the ElectricalSeries rates (AttributeError: module 'spikeinterface.extractors' has no attribute 'NwbRecordingExtractor')
2026-10-04T15:27:15Z WARNING [751/1807] 406e2766-fdcb-4a36-8b79-c62e2f32c564: leaving unrecorded for a later run to retry.
2026-10-04T15:27:15Z WARNING 406eb467-484f-4b0b-8ae9-c2ff476e3d16: failed while reading the ElectricalSeries rates (AttributeError: module 'spikeinterface.extractors' has no attribute 'NwbRecordingExtractor')
2026-10-04T15:27:15Z WARNING [752/1807] 406eb467-484f-4b0b-8ae9-c2ff476e3d16: leaving unrecorded for a later run to retry.
2026-10-04T15:27:15Z WARNING 406edc87-d1fd-4f8d-b6c1-6ae9f3f907ba: failed while reading the ElectricalSeries rates (AttributeError: module 'spikeinterface.extractors' has no attribute 'NwbRecordingExtractor')
2026-10-04T15:27:15Z WARNING [753/1807] 406edc87-d1fd-4f8d-b6c1-6ae9f3f907ba: leaving unrecorded for a later run to retry.
2026-10-04T15:27:15Z WARNING 406effba-2d6a-437a-927a-0d62013cee19: failed while reading the ElectricalSeries rates (AttributeError: module 'spikeinterface.extractors' has no attribute 'NwbRecordingExtractor')
2026-10-04T15:27:15Z WARNING [754/1807] 406effba-2d6a-437a-927a-0d62013cee19: leaving unrecorded for a later run to retry.
2026-10-04T15:27:15Z WARNING 406fc5d7-4f09-40c6-8a0f-2a005e628f60: failed while reading the ElectricalSeries rates (AttributeError: module 'spikeinterface.extractors' has no attribute 'NwbRecordingExtractor')
2026-10-04T15:27:15Z WARNING [755/1807] 406fc5d7-4f09-40c6-8a0f-2a005e628f60: leaving unrecorded for a later run to retry.
2026-10-04T15:27:16Z WARNING 406fe0ee-9299-4a68-a21e-173e827cbda2: failed while reading the ElectricalSeries rates (AttributeError: module 'spikeinterface.extractors' has no attribute 'NwbRecordingExtractor')
2026-10-04T15:27:16Z WARNING [756/1807] 406fe0ee-9299-4a68-a21e-173e827cbda2: leaving unrecorded for a later run to retry.
2026-10-04T15:27:16Z WARNING 4070070a-9201-46f5-a2b1-11d0f8273b1d: failed while reading the ElectricalSeries rates (AttributeError: module 'spikeinterface.extractors' has no attribute 'NwbRecordingExtractor')
2026-10-04T15:27:16Z WARNING [757/1807] 4070070a-9201-46f5-a2b1-11d0f8273b1d: leaving unrecorded for a later run to retry.
2026-10-04T15:27:16Z WARNING 40705b8d-59eb-4266-853e-fb05322c6646: failed while reading the ElectricalSeries rates (AttributeError: module 'spikeinterface.extractors' has no attribute 'NwbRecordingExtractor')
2026-10-04T15:27:16Z WARNING [758/1807] 40705b8d-59eb-4266-853e-fb05322c6646: leaving unrecorded for a later run to retry.
2026-10-04T15:27:16Z WARNING 4070b438-4d99-49d3-ad5d-bd490d10c54d: failed while reading the ElectricalSeries rates (AttributeError: module 'spikeinterface.extractors' has no attribute 'NwbRecordingExtractor')
2026-10-04T15:27:16Z WARNING [759/1807] 4070b438-4d99-49d3-ad5d-bd490d10c54d: leaving unrecorded for a later run to retry.
2026-10-04T15:27:16Z WARNING 4071ad72-7446-4134-b3fb-0d14485d6927: failed while reading the ElectricalSeries rates (AttributeError: module 'spikeinterface.extractors' has no attribute 'NwbRecordingExtractor')
2026-10-04T15:27:16Z WARNING [760/1807] 4071ad72-7446-4134-b3fb-0d14485d6927: leaving unrecorded for a later run to retry.
2026-10-04T15:27:16Z WARNING 4071b4e5-7b5c-49f5-81fd-c06fe730fab0: failed while reading the ElectricalSeries rates (AttributeError: module 'spikeinterface.extractors' has no attribute 'NwbRecordingExtractor')
2026-10-04T15:27:16Z WARNING [761/1807] 4071b4e5-7b5c-49f5-81fd-c06fe730fab0: leaving unrecorded for a later run to retry.
2026-10-04T15:27:16Z WARNING 4071fc26-80a9-4de6-9361-b7be52027277: failed while reading the ElectricalSeries rates (AttributeError: module 'spikeinterface.extractors' has no attribute 'NwbRecordingExtractor')
2026-10-04T15:27:16Z WARNING [762/1807] 4071fc26-80a9-4de6-9361-b7be52027277: leaving unrecorded for a later run to retry.
2026-10-04T15:27:17Z WARNING 40721233-7765-49ff-9e8b-351a1a647243: failed while reading the ElectricalSeries rates (AttributeError: module 'spikeinterface.extractors' has no attribute 'NwbRecordingExtractor')
2026-10-04T15:27:17Z WARNING [763/1807] 40721233-7765-49ff-9e8b-351a1a647243: leaving unrecorded for a later run to retry.
2026-10-04T15:27:17Z WARNING 4072f165-6862-45c3-a18c-7246214e4ca2: failed while reading the ElectricalSeries rates (AttributeError: module 'spikeinterface.extractors' has no attribute 'NwbRecordingExtractor')
2026-10-04T15:27:17Z WARNING [764/1807] 4072f165-6862-45c3-a18c-7246214e4ca2: leaving unrecorded for a later run to retry.
2026-10-04T15:27:17Z WARNING 4074b492-50d4-44aa-9f69-6f4f0e0aa358: failed while reading the ElectricalSeries rates (AttributeError: module 'spikeinterface.extractors' has no attribute 'NwbRecordingExtractor')
2026-10-04T15:27:17Z WARNING [765/1807] 4074b492-50d4-44aa-9f69-6f4f0e0aa358: leaving unrecorded for a later run to retry.
2026-10-04T15:27:17Z WARNING 40757a16-db39-4b37-862f-504cf2fcc4e0: failed while reading the ElectricalSeries rates (AttributeError: module 'spikeinterface.extractors' has no attribute 'NwbRecordingExtractor')
2026-10-04T15:27:17Z WARNING [766/1807] 40757a16-db39-4b37-862f-504cf2fcc4e0: leaving unrecorded for a later run to retry.
2026-10-04T15:27:17Z WARNING 4075817b-7a93-4aa0-bb67-c18b8efa89e8: failed while reading the ElectricalSeries rates (AttributeError: module 'spikeinterface.extractors' has no attribute 'NwbRecordingExtractor')
2026-10-04T15:27:17Z WARNING [767/1807] 4075817b-7a93-4aa0-bb67-c18b8efa89e8: leaving unrecorded for a later run to retry.
2026-10-04T15:27:17Z WARNING 4075adfe-3e0b-4bcb-9a85-2fd5b02b5152: failed while reading the ElectricalSeries rates (AttributeError: module 'spikeinterface.extractors' has no attribute 'NwbRecordingExtractor')
2026-10-04T15:27:17Z WARNING [768/1807] 4075adfe-3e0b-4bcb-9a85-2fd5b02b5152: leaving unrecorded for a later run to retry.
2026-10-04T15:27:18Z WARNING 4075e42b-b5b5-4115-b6cf-efcfcae55e6e: failed while reading the ElectricalSeries rates (AttributeError: module 'spikeinterface.extractors' has no attribute 'NwbRecordingExtractor')
2026-10-04T15:27:18Z WARNING [769/1807] 4075e42b-b5b5-4115-b6cf-efcfcae55e6e: leaving unrecorded for a later run to retry.
2026-10-04T15:27:18Z WARNING 407600e4-f339-4f3b-a6b7-cd84540b8f31: failed while reading the ElectricalSeries rates (AttributeError: module 'spikeinterface.extractors' has no attribute 'NwbRecordingExtractor')
2026-10-04T15:27:18Z WARNING [770/1807] 407600e4-f339-4f3b-a6b7-cd84540b8f31: leaving unrecorded for a later run to retry.
2026-10-04T15:27:18Z WARNING 40767235-6a82-4634-848c-8afc8b8e0156: failed while reading the ElectricalSeries rates (AttributeError: module 'spikeinterface.extractors' has no attribute 'NwbRecordingExtractor')
2026-10-04T15:27:18Z WARNING [771/1807] 40767235-6a82-4634-848c-8afc8b8e0156: leaving unrecorded for a later run to retry.
2026-10-04T15:27:18Z WARNING 4076ef6c-ee5f-4b30-9ac7-cd563ebb4517: failed while reading the ElectricalSeries rates (AttributeError: module 'spikeinterface.extractors' has no attribute 'NwbRecordingExtractor')
2026-10-04T15:27:18Z WARNING [772/1807] 4076ef6c-ee5f-4b30-9ac7-cd563ebb4517: leaving unrecorded for a later run to retry.
2026-10-04T15:27:18Z WARNING 40778232-1e9f-45cd-978a-8c84018a5f68: failed while reading the ElectricalSeries rates (AttributeError: module 'spikeinterface.extractors' has no attribute 'NwbRecordingExtractor')
2026-10-04T15:27:18Z WARNING [773/1807] 40778232-1e9f-45cd-978a-8c84018a5f68: leaving unrecorded for a later run to retry.
2026-10-04T15:27:18Z WARNING 4077a5c2-5235-4432-ad20-ab0d503ca0c9: failed while reading the ElectricalSeries rates (AttributeError: module 'spikeinterface.extractors' has no attribute 'NwbRecordingExtractor')
2026-10-04T15:27:18Z WARNING [774/1807] 4077a5c2-5235-4432-ad20-ab0d503ca0c9: leaving unrecorded for a later run to retry.
2026-10-04T15:27:18Z WARNING 4077c44b-05ff-4199-8ccc-1e10c49635b6: failed while reading the ElectricalSeries rates (AttributeError: module 'spikeinterface.extractors' has no attribute 'NwbRecordingExtractor')
2026-10-04T15:27:18Z WARNING [775/1807] 4077c44b-05ff-4199-8ccc-1e10c49635b6: leaving unrecorded for a later run to retry.
2026-10-04T15:27:19Z WARNING 4078a04e-80bf-40dd-8554-602bb1d34c3d: failed while reading the ElectricalSeries rates (AttributeError: module 'spikeinterface.extractors' has no attribute 'NwbRecordingExtractor')
2026-10-04T15:27:19Z WARNING [776/1807] 4078a04e-80bf-40dd-8554-602bb1d34c3d: leaving unrecorded for a later run to retry.
2026-10-04T15:27:19Z WARNING 4078a687-79cd-44df-b744-9c5e432ecba5: failed while reading the ElectricalSeries rates (AttributeError: module 'spikeinterface.extractors' has no attribute 'NwbRecordingExtractor')
2026-10-04T15:27:19Z WARNING [777/1807] 4078a687-79cd-44df-b744-9c5e432ecba5: leaving unrecorded for a later run to retry.
2026-10-04T15:27:19Z WARNING 40792c8b-4c7a-4798-a3ce-7a43d60b3871: failed while reading the ElectricalSeries rates (AttributeError: module 'spikeinterface.extractors' has no attribute 'NwbRecordingExtractor')
2026-10-04T15:27:19Z WARNING [778/1807] 40792c8b-4c7a-4798-a3ce-7a43d60b3871: leaving unrecorded for a later run to retry.
2026-10-04T15:27:19Z WARNING 407a4141-acce-4306-abd0-d830066925de: failed while reading the ElectricalSeries rates (AttributeError: module 'spikeinterface.extractors' has no attribute 'NwbRecordingExtractor')
2026-10-04T15:27:19Z WARNING [779/1807] 407a4141-acce-4306-abd0-d830066925de: leaving unrecorded for a later run to retry.
2026-10-04T15:27:19Z WARNING 407aa0c8-508c-4fc9-b9de-d23a6d668d6c: failed while reading the ElectricalSeries rates (AttributeError: module 'spikeinterface.extractors' has no attribute 'NwbRecordingExtractor')
2026-10-04T15:27:19Z WARNING [780/1807] 407aa0c8-508c-4fc9-b9de-d23a6d668d6c: leaving unrecorded for a later run to retry.
2026-10-04T15:27:19Z WARNING 407acdfb-9a0b-4d6d-b341-231bff471d8c: failed while reading the ElectricalSeries rates (AttributeError: module 'spikeinterface.extractors' has no attribute 'NwbRecordingExtractor')
2026-10-04T15:27:19Z WARNING [781/1807] 407acdfb-9a0b-4d6d-b341-231bff471d8c: leaving unrecorded for a later run to retry.
2026-10-04T15:27:20Z WARNING 407b405f-ad8a-4198-bb93-7812bccaa07d: failed while reading the ElectricalSeries rates (AttributeError: module 'spikeinterface.extractors' has no attribute 'NwbRecordingExtractor')
2026-10-04T15:27:20Z WARNING [782/1807] 407b405f-ad8a-4198-bb93-7812bccaa07d: leaving unrecorded for a later run to retry.
2026-10-04T15:27:20Z WARNING 407ba5ad-4814-41c3-8e1f-e672c7cdf188: failed while reading the ElectricalSeries rates (AttributeError: module 'spikeinterface.extractors' has no attribute 'NwbRecordingExtractor')
2026-10-04T15:27:20Z WARNING [783/1807] 407ba5ad-4814-41c3-8e1f-e672c7cdf188: leaving unrecorded for a later run to retry.
2026-10-04T15:27:20Z WARNING 407bbbde-43ee-49a3-8396-5cd8be23ab27: failed while reading the ElectricalSeries rates (AttributeError: module 'spikeinterface.extractors' has no attribute 'NwbRecordingExtractor')
2026-10-04T15:27:20Z WARNING [784/1807] 407bbbde-43ee-49a3-8396-5cd8be23ab27: leaving unrecorded for a later run to retry.
2026-10-04T15:27:20Z WARNING 407bff80-d5b5-4995-b1c9-c79c0dc90165: failed while reading the ElectricalSeries rates (AttributeError: module 'spikeinterface.extractors' has no attribute 'NwbRecordingExtractor')
2026-10-04T15:27:20Z WARNING [785/1807] 407bff80-d5b5-4995-b1c9-c79c0dc90165: leaving unrecorded for a later run to retry.
2026-10-04T15:27:20Z WARNING 407d543c-3ad3-4c52-899e-374ff17e384b: failed while reading the ElectricalSeries rates (AttributeError: module 'spikeinterface.extractors' has no attribute 'NwbRecordingExtractor')
2026-10-04T15:27:20Z WARNING [786/1807] 407d543c-3ad3-4c52-899e-374ff17e384b: leaving unrecorded for a later run to retry.
2026-10-04T15:27:20Z WARNING 408056a2-0136-46c2-91be-0df6fe784dc6: failed while reading the ElectricalSeries rates (AttributeError: module 'spikeinterface.extractors' has no attribute 'NwbRecordingExtractor')
2026-10-04T15:27:20Z WARNING [787/1807] 408056a2-0136-46c2-91be-0df6fe784dc6: leaving unrecorded for a later run to retry.
2026-10-04T15:27:20Z WARNING 4080a3e3-5cbe-4186-9ba8-a4ec64b8ea10: failed while reading the ElectricalSeries rates (AttributeError: module 'spikeinterface.extractors' has no attribute 'NwbRecordingExtractor')
2026-10-04T15:27:20Z WARNING [788/1807] 4080a3e3-5cbe-4186-9ba8-a4ec64b8ea10: leaving unrecorded for a later run to retry.
2026-10-04T15:27:21Z WARNING 4080a46e-9059-4f52-a343-d0fdc6f6c15a: failed while reading the ElectricalSeries rates (AttributeError: module 'spikeinterface.extractors' has no attribute 'NwbRecordingExtractor')
2026-10-04T15:27:21Z WARNING [789/1807] 4080a46e-9059-4f52-a343-d0fdc6f6c15a: leaving unrecorded for a later run to retry.
2026-10-04T15:27:21Z WARNING 4080c4aa-9e56-4a8e-9fc2-4c61660064f9: failed while reading the ElectricalSeries rates (AttributeError: module 'spikeinterface.extractors' has no attribute 'NwbRecordingExtractor')
2026-10-04T15:27:21Z WARNING [790/1807] 4080c4aa-9e56-4a8e-9fc2-4c61660064f9: leaving unrecorded for a later run to retry.
2026-10-04T15:27:21Z WARNING 4081042a-7c20-4974-93df-f084b69d5b19: failed while reading the ElectricalSeries rates (AttributeError: module 'spikeinterface.extractors' has no attribute 'NwbRecordingExtractor')
2026-10-04T15:27:21Z WARNING [791/1807] 4081042a-7c20-4974-93df-f084b69d5b19: leaving unrecorded for a later run to retry.
2026-10-04T15:27:21Z WARNING 40816671-7e71-4c2b-b13a-60cac84e0561: failed while reading the ElectricalSeries rates (AttributeError: module 'spikeinterface.extractors' has no attribute 'NwbRecordingExtractor')
2026-10-04T15:27:21Z WARNING [792/1807] 40816671-7e71-4c2b-b13a-60cac84e0561: leaving unrecorded for a later run to retry.
2026-10-04T15:27:21Z WARNING 408200d6-9286-4862-8bb1-02d2b62c4cf4: failed while reading the ElectricalSeries rates (AttributeError: module 'spikeinterface.extractors' has no attribute 'NwbRecordingExtractor')
2026-10-04T15:27:21Z WARNING [793/1807] 408200d6-9286-4862-8bb1-02d2b62c4cf4: leaving unrecorded for a later run to retry.
2026-10-04T15:27:21Z WARNING 40823f17-841e-488b-9272-3e7349532529: failed while reading the ElectricalSeries rates (AttributeError: module 'spikeinterface.extractors' has no attribute 'NwbRecordingExtractor')
2026-10-04T15:27:21Z WARNING [794/1807] 40823f17-841e-488b-9272-3e7349532529: leaving unrecorded for a later run to retry.
2026-10-04T15:27:22Z WARNING 4082b0fa-06a1-4eb4-abfa-162fde7da4bf: failed while reading the ElectricalSeries rates (AttributeError: module 'spikeinterface.extractors' has no attribute 'NwbRecordingExtractor')
2026-10-04T15:27:22Z WARNING [795/1807] 4082b0fa-06a1-4eb4-abfa-162fde7da4bf: leaving unrecorded for a later run to retry.
2026-10-04T15:27:22Z WARNING 40834061-18cc-489b-b6a2-7048222b5873: failed while reading the ElectricalSeries rates (AttributeError: module 'spikeinterface.extractors' has no attribute 'NwbRecordingExtractor')
2026-10-04T15:27:22Z WARNING [796/1807] 40834061-18cc-489b-b6a2-7048222b5873: leaving unrecorded for a later run to retry.
2026-10-04T15:27:22Z WARNING 40847481-4d04-4e7c-ac06-72acf0ce280e: failed while reading the ElectricalSeries rates (AttributeError: module 'spikeinterface.extractors' has no attribute 'NwbRecordingExtractor')
2026-10-04T15:27:22Z WARNING [797/1807] 40847481-4d04-4e7c-ac06-72acf0ce280e: leaving unrecorded for a later run to retry.
2026-10-04T15:27:22Z WARNING 408623a5-9988-4173-9af9-9190ad2d7dec: failed while reading the ElectricalSeries rates (AttributeError: module 'spikeinterface.extractors' has no attribute 'NwbRecordingExtractor')
2026-10-04T15:27:22Z WARNING [798/1807] 408623a5-9988-4173-9af9-9190ad2d7dec: leaving unrecorded for a later run to retry.
2026-10-04T15:27:22Z WARNING 4086a7dd-1ddf-4270-a5a5-984439e7ae97: failed while reading the ElectricalSeries rates (AttributeError: module 'spikeinterface.extractors' has no attribute 'NwbRecordingExtractor')
2026-10-04T15:27:22Z WARNING [799/1807] 4086a7dd-1ddf-4270-a5a5-984439e7ae97: leaving unrecorded for a later run to retry.
2026-10-04T15:27:22Z WARNING 40872bff-a0d1-46f2-89c1-4de59f0e6201: failed while reading the ElectricalSeries rates (AttributeError: module 'spikeinterface.extractors' has no attribute 'NwbRecordingExtractor')
2026-10-04T15:27:22Z WARNING [800/1807] 40872bff-a0d1-46f2-89c1-4de59f0e6201: leaving unrecorded for a later run to retry.
2026-10-04T15:27:22Z INFO [800/1807] 40872bff-a0d1-46f2-89c1-4de59f0e6201: checkpointed 60602 records.
2026-10-04T15:27:22Z WARNING 4088ace4-b27a-4ac1-b79a-e41b0dea3ad2: failed while reading the ElectricalSeries rates (AttributeError: module 'spikeinterface.extractors' has no attribute 'NwbRecordingExtractor')
2026-10-04T15:27:22Z WARNING [801/1807] 4088ace4-b27a-4ac1-b79a-e41b0dea3ad2: leaving unrecorded for a later run to retry.
2026-10-04T15:27:23Z WARNING 40897bba-2219-4972-97b5-d52fae566f10: failed while reading the ElectricalSeries rates (AttributeError: module 'spikeinterface.extractors' has no attribute 'NwbRecordingExtractor')
2026-10-04T15:27:23Z WARNING [802/1807] 40897bba-2219-4972-97b5-d52fae566f10: leaving unrecorded for a later run to retry.
2026-10-04T15:27:23Z WARNING 408a4d6b-dc56-4cd4-a97f-cede00556b23: failed while reading the ElectricalSeries rates (AttributeError: module 'spikeinterface.extractors' has no attribute 'NwbRecordingExtractor')
2026-10-04T15:27:23Z WARNING [803/1807] 408a4d6b-dc56-4cd4-a97f-cede00556b23: leaving unrecorded for a later run to retry.
2026-10-04T15:27:23Z WARNING 408a62c7-9dd5-4b09-8e2d-6ce9c707aed2: failed while reading the ElectricalSeries rates (AttributeError: module 'spikeinterface.extractors' has no attribute 'NwbRecordingExtractor')
2026-10-04T15:27:23Z WARNING [804/1807] 408a62c7-9dd5-4b09-8e2d-6ce9c707aed2: leaving unrecorded for a later run to retry.
2026-10-04T15:27:23Z WARNING 408c2b06-cfff-413e-93fe-927608363364: failed while reading the ElectricalSeries rates (AttributeError: module 'spikeinterface.extractors' has no attribute 'NwbRecordingExtractor')
2026-10-04T15:27:23Z WARNING [805/1807] 408c2b06-cfff-413e-93fe-927608363364: leaving unrecorded for a later run to retry.
2026-10-04T15:27:23Z WARNING 408c3a00-a663-4f72-8525-e7dd9c1b8b1a: failed while reading the ElectricalSeries rates (AttributeError: module 'spikeinterface.extractors' has no attribute 'NwbRecordingExtractor')
2026-10-04T15:27:23Z WARNING [806/1807] 408c3a00-a663-4f72-8525-e7dd9c1b8b1a: leaving unrecorded for a later run to retry.
2026-10-04T15:27:23Z WARNING 408c74ef-be6e-45e9-8a77-c98307a9c589: failed while reading the ElectricalSeries rates (AttributeError: module 'spikeinterface.extractors' has no attribute 'NwbRecordingExtractor')
2026-10-04T15:27:23Z WARNING [807/1807] 408c74ef-be6e-45e9-8a77-c98307a9c589: leaving unrecorded for a later run to retry.
2026-10-04T15:27:24Z WARNING 408c9b93-4185-4e5d-bf84-5e79c65572c9: failed while reading the ElectricalSeries rates (AttributeError: module 'spikeinterface.extractors' has no attribute 'NwbRecordingExtractor')
2026-10-04T15:27:24Z WARNING [808/1807] 408c9b93-4185-4e5d-bf84-5e79c65572c9: leaving unrecorded for a later run to retry.
2026-10-04T15:27:24Z WARNING 408cd7bd-cc7d-4c51-87fc-36f413d27d50: failed while reading the ElectricalSeries rates (AttributeError: module 'spikeinterface.extractors' has no attribute 'NwbRecordingExtractor')
2026-10-04T15:27:24Z WARNING [809/1807] 408cd7bd-cc7d-4c51-87fc-36f413d27d50: leaving unrecorded for a later run to retry.
2026-10-04T15:27:24Z WARNING 408d3688-4c50-4b9b-9eb2-4c4a09cd28f0: failed while reading the ElectricalSeries rates (AttributeError: module 'spikeinterface.extractors' has no attribute 'NwbRecordingExtractor')
2026-10-04T15:27:24Z WARNING [810/1807] 408d3688-4c50-4b9b-9eb2-4c4a09cd28f0: leaving unrecorded for a later run to retry.
2026-10-04T15:27:24Z WARNING 408da0b0-717d-44e9-865c-b2018f0e1956: failed while reading the ElectricalSeries rates (AttributeError: module 'spikeinterface.extractors' has no attribute 'NwbRecordingExtractor')
2026-10-04T15:27:24Z WARNING [811/1807] 408da0b0-717d-44e9-865c-b2018f0e1956: leaving unrecorded for a later run to retry.
2026-10-04T15:27:24Z WARNING 408da48f-47b0-4f85-aa9c-b445dabb83a3: failed while reading the ElectricalSeries rates (AttributeError: module 'spikeinterface.extractors' has no attribute 'NwbRecordingExtractor')
2026-10-04T15:27:24Z WARNING [812/1807] 408da48f-47b0-4f85-aa9c-b445dabb83a3: leaving unrecorded for a later run to retry.
2026-10-04T15:27:24Z WARNING 408dbc74-d47d-4a13-8711-ed0fceab52a3: failed while reading the ElectricalSeries rates (AttributeError: module 'spikeinterface.extractors' has no attribute 'NwbRecordingExtractor')
2026-10-04T15:27:24Z WARNING [813/1807] 408dbc74-d47d-4a13-8711-ed0fceab52a3: leaving unrecorded for a later run to retry.
2026-10-04T15:27:24Z WARNING 408e8623-e991-499c-8039-7b67e86457d8: failed while reading the ElectricalSeries rates (AttributeError: module 'spikeinterface.extractors' has no attribute 'NwbRecordingExtractor')
2026-10-04T15:27:24Z WARNING [814/1807] 408e8623-e991-499c-8039-7b67e86457d8: leaving unrecorded for a later run to retry.
2026-10-04T15:27:25Z WARNING 408eaeb7-7aff-4488-b48f-08116220f872: failed while reading the ElectricalSeries rates (AttributeError: module 'spikeinterface.extractors' has no attribute 'NwbRecordingExtractor')
2026-10-04T15:27:25Z WARNING [815/1807] 408eaeb7-7aff-4488-b48f-08116220f872: leaving unrecorded for a later run to retry.
2026-10-04T15:27:25Z WARNING 408efb1b-dfe6-495c-ae2a-f925342e3408: failed while reading the ElectricalSeries rates (AttributeError: module 'spikeinterface.extractors' has no attribute 'NwbRecordingExtractor')
2026-10-04T15:27:25Z WARNING [816/1807] 408efb1b-dfe6-495c-ae2a-f925342e3408: leaving unrecorded for a later run to retry.
2026-10-04T15:27:25Z WARNING 408f647f-f3e9-4611-bc31-85d6dfa38d5a: failed while reading the ElectricalSeries rates (AttributeError: module 'spikeinterface.extractors' has no attribute 'NwbRecordingExtractor')
2026-10-04T15:27:25Z WARNING [817/1807] 408f647f-f3e9-4611-bc31-85d6dfa38d5a: leaving unrecorded for a later run to retry.
2026-10-04T15:27:25Z WARNING 40916b0a-885c-4dc0-9a9e-88c8dfccb2da: failed while reading the ElectricalSeries rates (AttributeError: module 'spikeinterface.extractors' has no attribute 'NwbRecordingExtractor')
2026-10-04T15:27:25Z WARNING [818/1807] 40916b0a-885c-4dc0-9a9e-88c8dfccb2da: leaving unrecorded for a later run to retry.
2026-10-04T15:27:25Z WARNING 4091713e-b5fb-4229-a0cc-0c6584a2d6ef: failed while reading the ElectricalSeries rates (AttributeError: module 'spikeinterface.extractors' has no attribute 'NwbRecordingExtractor')
2026-10-04T15:27:25Z WARNING [819/1807] 4091713e-b5fb-4229-a0cc-0c6584a2d6ef: leaving unrecorded for a later run to retry.
2026-10-04T15:27:25Z WARNING 4091efbc-8463-40c2-a1f7-71c223db8846: failed while reading the ElectricalSeries rates (AttributeError: module 'spikeinterface.extractors' has no attribute 'NwbRecordingExtractor')
2026-10-04T15:27:25Z WARNING [820/1807] 4091efbc-8463-40c2-a1f7-71c223db8846: leaving unrecorded for a later run to retry.
2026-10-04T15:27:25Z WARNING 40923849-6e1f-4ee9-84b7-956f47c4fde1: failed while reading the ElectricalSeries rates (AttributeError: module 'spikeinterface.extractors' has no attribute 'NwbRecordingExtractor')
2026-10-04T15:27:25Z WARNING [821/1807] 40923849-6e1f-4ee9-84b7-956f47c4fde1: leaving unrecorded for a later run to retry.
2026-10-04T15:27:26Z WARNING 409272dc-5c56-4d48-90bd-f3472b85ce54: failed while reading the ElectricalSeries rates (AttributeError: module 'spikeinterface.extractors' has no attribute 'NwbRecordingExtractor')
2026-10-04T15:27:26Z WARNING [822/1807] 409272dc-5c56-4d48-90bd-f3472b85ce54: leaving unrecorded for a later run to retry.
2026-10-04T15:27:26Z WARNING 40932596-a8ae-4349-85dc-2d4406081170: failed while reading the ElectricalSeries rates (AttributeError: module 'spikeinterface.extractors' has no attribute 'NwbRecordingExtractor')
2026-10-04T15:27:26Z WARNING [823/1807] 40932596-a8ae-4349-85dc-2d4406081170: leaving unrecorded for a later run to retry.
2026-10-04T15:27:26Z WARNING 40933e00-7f9e-43a0-9a2e-2e8679078860: failed while reading the ElectricalSeries rates (AttributeError: module 'spikeinterface.extractors' has no attribute 'NwbRecordingExtractor')
2026-10-04T15:27:26Z WARNING [824/1807] 40933e00-7f9e-43a0-9a2e-2e8679078860: leaving unrecorded for a later run to retry.
2026-10-04T15:27:26Z WARNING 4093b7b4-0b23-4c57-bea6-8d637b5229e2: failed while reading the ElectricalSeries rates (AttributeError: module 'spikeinterface.extractors' has no attribute 'NwbRecordingExtractor')
2026-10-04T15:27:26Z WARNING [825/1807] 4093b7b4-0b23-4c57-bea6-8d637b5229e2: leaving unrecorded for a later run to retry.
2026-10-04T15:27:26Z WARNING 409469ec-259d-4171-9508-8db760d39288: failed while reading the ElectricalSeries rates (AttributeError: module 'spikeinterface.extractors' has no attribute 'NwbRecordingExtractor')
2026-10-04T15:27:26Z WARNING [826/1807] 409469ec-259d-4171-9508-8db760d39288: leaving unrecorded for a later run to retry.
2026-10-04T15:27:26Z WARNING 4095a33c-c903-44a3-b175-d79d14f715f8: failed while reading the ElectricalSeries rates (AttributeError: module 'spikeinterface.extractors' has no attribute 'NwbRecordingExtractor')
2026-10-04T15:27:26Z WARNING [827/1807] 4095a33c-c903-44a3-b175-d79d14f715f8: leaving unrecorded for a later run to retry.
2026-10-04T15:27:27Z WARNING 4095bf3c-94e6-486e-ab58-d0677bba3fd5: failed while reading the ElectricalSeries rates (AttributeError: module 'spikeinterface.extractors' has no attribute 'NwbRecordingExtractor')
2026-10-04T15:27:27Z WARNING [828/1807] 4095bf3c-94e6-486e-ab58-d0677bba3fd5: leaving unrecorded for a later run to retry.
2026-10-04T15:27:27Z WARNING 409628d4-d857-4215-98e5-7968bc50566a: failed while reading the ElectricalSeries rates (AttributeError: module 'spikeinterface.extractors' has no attribute 'NwbRecordingExtractor')
2026-10-04T15:27:27Z WARNING [829/1807] 409628d4-d857-4215-98e5-7968bc50566a: leaving unrecorded for a later run to retry.
2026-10-04T15:27:27Z WARNING 40968477-0d70-4c0a-b933-53fb4b36e728: failed while reading the ElectricalSeries rates (AttributeError: module 'spikeinterface.extractors' has no attribute 'NwbRecordingExtractor')
2026-10-04T15:27:27Z WARNING [830/1807] 40968477-0d70-4c0a-b933-53fb4b36e728: leaving unrecorded for a later run to retry.
2026-10-04T15:27:27Z WARNING 4096a999-a4ff-4306-adce-df3ce8f8c9af: failed while reading the ElectricalSeries rates (AttributeError: module 'spikeinterface.extractors' has no attribute 'NwbRecordingExtractor')
2026-10-04T15:27:27Z WARNING [831/1807] 4096a999-a4ff-4306-adce-df3ce8f8c9af: leaving unrecorded for a later run to retry.
2026-10-04T15:27:27Z WARNING 4096e294-9cb0-4318-a09d-955aa4a99623: failed while reading the ElectricalSeries rates (AttributeError: module 'spikeinterface.extractors' has no attribute 'NwbRecordingExtractor')
2026-10-04T15:27:27Z WARNING [832/1807] 4096e294-9cb0-4318-a09d-955aa4a99623: leaving unrecorded for a later run to retry.
2026-10-04T15:27:27Z WARNING 4097de26-ca89-4377-8d9d-85f5b6c32a7e: failed while reading the ElectricalSeries rates (AttributeError: module 'spikeinterface.extractors' has no attribute 'NwbRecordingExtractor')
2026-10-04T15:27:27Z WARNING [833/1807] 4097de26-ca89-4377-8d9d-85f5b6c32a7e: leaving unrecorded for a later run to retry.
2026-10-04T15:27:28Z WARNING 409992b7-2223-4f71-b3ed-770ee985cfb9: failed while reading the ElectricalSeries rates (AttributeError: module 'spikeinterface.extractors' has no attribute 'NwbRecordingExtractor')
2026-10-04T15:27:28Z WARNING [834/1807] 409992b7-2223-4f71-b3ed-770ee985cfb9: leaving unrecorded for a later run to retry.
2026-10-04T15:27:28Z WARNING 40999587-4d93-407e-bbe9-5240ccd7b80c: failed while reading the ElectricalSeries rates (AttributeError: module 'spikeinterface.extractors' has no attribute 'NwbRecordingExtractor')
2026-10-04T15:27:28Z WARNING [835/1807] 40999587-4d93-407e-bbe9-5240ccd7b80c: leaving unrecorded for a later run to retry.
2026-10-04T15:27:28Z WARNING 4099a27f-5803-41dd-9fa1-d3f8dcc59dbf: failed while reading the ElectricalSeries rates (AttributeError: module 'spikeinterface.extractors' has no attribute 'NwbRecordingExtractor')
2026-10-04T15:27:28Z WARNING [836/1807] 4099a27f-5803-41dd-9fa1-d3f8dcc59dbf: leaving unrecorded for a later run to retry.
2026-10-04T15:27:28Z WARNING 4099fe17-c343-466a-b6b9-dccb02e7802c: failed while reading the ElectricalSeries rates (AttributeError: module 'spikeinterface.extractors' has no attribute 'NwbRecordingExtractor')
2026-10-04T15:27:28Z WARNING [837/1807] 4099fe17-c343-466a-b6b9-dccb02e7802c: leaving unrecorded for a later run to retry.
2026-10-04T15:27:28Z WARNING 409b019d-8f34-4582-a6f0-86b336ee24ae: failed while reading the ElectricalSeries rates (AttributeError: module 'spikeinterface.extractors' has no attribute 'NwbRecordingExtractor')
2026-10-04T15:27:28Z WARNING [838/1807] 409b019d-8f34-4582-a6f0-86b336ee24ae: leaving unrecorded for a later run to retry.
2026-10-04T15:27:28Z WARNING 409c0e95-6054-4e2b-b07b-e3be96cccbf2: failed while reading the ElectricalSeries rates (AttributeError: module 'spikeinterface.extractors' has no attribute 'NwbRecordingExtractor')
2026-10-04T15:27:28Z WARNING [839/1807] 409c0e95-6054-4e2b-b07b-e3be96cccbf2: leaving unrecorded for a later run to retry.
2026-10-04T15:27:29Z WARNING 409c1fcd-d39f-477b-a1d7-3ac9837cc142: failed while reading the ElectricalSeries rates (AttributeError: module 'spikeinterface.extractors' has no attribute 'NwbRecordingExtractor')
2026-10-04T15:27:29Z WARNING [840/1807] 409c1fcd-d39f-477b-a1d7-3ac9837cc142: leaving unrecorded for a later run to retry.
2026-10-04T15:27:29Z WARNING 409c723a-8c26-4253-b13d-be454e6f5409: failed while reading the ElectricalSeries rates (AttributeError: module 'spikeinterface.extractors' has no attribute 'NwbRecordingExtractor')
2026-10-04T15:27:29Z WARNING [841/1807] 409c723a-8c26-4253-b13d-be454e6f5409: leaving unrecorded for a later run to retry.
2026-10-04T15:27:29Z WARNING 409d2593-c071-4fa8-97e7-cdab4840b13e: failed while reading the ElectricalSeries rates (AttributeError: module 'spikeinterface.extractors' has no attribute 'NwbRecordingExtractor')
2026-10-04T15:27:29Z WARNING [842/1807] 409d2593-c071-4fa8-97e7-cdab4840b13e: leaving unrecorded for a later run to retry.
2026-10-04T15:27:29Z WARNING 409d314e-d47e-480a-b5d5-81cbb83e8135: failed while reading the ElectricalSeries rates (AttributeError: module 'spikeinterface.extractors' has no attribute 'NwbRecordingExtractor')
2026-10-04T15:27:29Z WARNING [843/1807] 409d314e-d47e-480a-b5d5-81cbb83e8135: leaving unrecorded for a later run to retry.
2026-10-04T15:27:29Z WARNING 409d77c7-ad09-419b-b99c-50001569ff38: failed while reading the ElectricalSeries rates (AttributeError: module 'spikeinterface.extractors' has no attribute 'NwbRecordingExtractor')
2026-10-04T15:27:29Z WARNING [844/1807] 409d77c7-ad09-419b-b99c-50001569ff38: leaving unrecorded for a later run to retry.
2026-10-04T15:27:29Z WARNING 409e7c1e-780b-4fbd-812c-d033f791b322: failed while reading the ElectricalSeries rates (AttributeError: module 'spikeinterface.extractors' has no attribute 'NwbRecordingExtractor')
2026-10-04T15:27:29Z WARNING [845/1807] 409e7c1e-780b-4fbd-812c-d033f791b322: leaving unrecorded for a later run to retry.
2026-10-04T15:27:30Z WARNING 409ebf12-046b-40e0-ba44-21c4efcfd3b5: failed while reading the ElectricalSeries rates (AttributeError: module 'spikeinterface.extractors' has no attribute 'NwbRecordingExtractor')
2026-10-04T15:27:30Z WARNING [846/1807] 409ebf12-046b-40e0-ba44-21c4efcfd3b5: leaving unrecorded for a later run to retry.
2026-10-04T15:27:30Z WARNING 409ec2e2-3bbb-4166-ba6c-2f41438ed32c: failed while reading the ElectricalSeries rates (AttributeError: module 'spikeinterface.extractors' has no attribute 'NwbRecordingExtractor')
2026-10-04T15:27:30Z WARNING [847/1807] 409ec2e2-3bbb-4166-ba6c-2f41438ed32c: leaving unrecorded for a later run to retry.
2026-10-04T15:27:30Z WARNING 409ff91c-5595-4ceb-97d9-90d624699fe1: failed while reading the ElectricalSeries rates (AttributeError: module 'spikeinterface.extractors' has no attribute 'NwbRecordingExtractor')
2026-10-04T15:27:30Z WARNING [848/1807] 409ff91c-5595-4ceb-97d9-90d624699fe1: leaving unrecorded for a later run to retry.
2026-10-04T15:27:30Z WARNING 40a011ac-7fe0-4052-82ba-37af42fa0a11: failed while reading the ElectricalSeries rates (AttributeError: module 'spikeinterface.extractors' has no attribute 'NwbRecordingExtractor')
2026-10-04T15:27:30Z WARNING [849/1807] 40a011ac-7fe0-4052-82ba-37af42fa0a11: leaving unrecorded for a later run to retry.
2026-10-04T15:27:30Z WARNING 40a0989f-4804-4a82-81d5-90bef73b2a3e: failed while reading the ElectricalSeries rates (AttributeError: module 'spikeinterface.extractors' has no attribute 'NwbRecordingExtractor')
2026-10-04T15:27:30Z WARNING [850/1807] 40a0989f-4804-4a82-81d5-90bef73b2a3e: leaving unrecorded for a later run to retry.
2026-10-04T15:27:30Z INFO [850/1807] 40a0989f-4804-4a82-81d5-90bef73b2a3e: checkpointed 60602 records.
2026-10-04T15:27:30Z WARNING 40a0b6fe-2bff-4eee-af21-74a3977f44ab: failed while reading the ElectricalSeries rates (AttributeError: module 'spikeinterface.extractors' has no attribute 'NwbRecordingExtractor')
2026-10-04T15:27:30Z WARNING [851/1807] 40a0b6fe-2bff-4eee-af21-74a3977f44ab: leaving unrecorded for a later run to retry.
2026-10-04T15:27:31Z WARNING 40a220f3-ddf1-4ec0-8997-3e1579ebacfe: failed while reading the ElectricalSeries rates (AttributeError: module 'spikeinterface.extractors' has no attribute 'NwbRecordingExtractor')
2026-10-04T15:27:31Z WARNING [852/1807] 40a220f3-ddf1-4ec0-8997-3e1579ebacfe: leaving unrecorded for a later run to retry.
2026-10-04T15:27:31Z WARNING 40a239e2-a334-4668-8bc4-995f44af4579: failed while reading the ElectricalSeries rates (AttributeError: module 'spikeinterface.extractors' has no attribute 'NwbRecordingExtractor')
2026-10-04T15:27:31Z WARNING [853/1807] 40a239e2-a334-4668-8bc4-995f44af4579: leaving unrecorded for a later run to retry.
2026-10-04T15:27:31Z WARNING 40a383c1-52cb-4d58-9efc-b60573653dd9: failed while reading the ElectricalSeries rates (AttributeError: module 'spikeinterface.extractors' has no attribute 'NwbRecordingExtractor')
2026-10-04T15:27:31Z WARNING [854/1807] 40a383c1-52cb-4d58-9efc-b60573653dd9: leaving unrecorded for a later run to retry.
2026-10-04T15:27:31Z WARNING 40a3fe46-47c8-4007-a5cc-15a39db06589: failed while reading the ElectricalSeries rates (AttributeError: module 'spikeinterface.extractors' has no attribute 'NwbRecordingExtractor')
2026-10-04T15:27:31Z WARNING [855/1807] 40a3fe46-47c8-4007-a5cc-15a39db06589: leaving unrecorded for a later run to retry.
2026-10-04T15:27:31Z WARNING 40a49504-953f-4d4f-bb7e-aea6438b4fd5: failed while reading the ElectricalSeries rates (AttributeError: module 'spikeinterface.extractors' has no attribute 'NwbRecordingExtractor')
2026-10-04T15:27:31Z WARNING [856/1807] 40a49504-953f-4d4f-bb7e-aea6438b4fd5: leaving unrecorded for a later run to retry.
2026-10-04T15:27:31Z WARNING 40a4d549-e03c-48f3-a95c-e9fd7d0f896a: failed while reading the ElectricalSeries rates (AttributeError: module 'spikeinterface.extractors' has no attribute 'NwbRecordingExtractor')
2026-10-04T15:27:31Z WARNING [857/1807] 40a4d549-e03c-48f3-a95c-e9fd7d0f896a: leaving unrecorded for a later run to retry.
2026-10-04T15:27:32Z WARNING 40a4f57a-ee62-4e0b-b3db-f80a61754f77: failed while reading the ElectricalSeries rates (AttributeError: module 'spikeinterface.extractors' has no attribute 'NwbRecordingExtractor')
2026-10-04T15:27:32Z WARNING [858/1807] 40a4f57a-ee62-4e0b-b3db-f80a61754f77: leaving unrecorded for a later run to retry.
2026-10-04T15:27:32Z WARNING 40a65bf1-e38e-45a8-a8c2-19d18153183e: failed while reading the ElectricalSeries rates (AttributeError: module 'spikeinterface.extractors' has no attribute 'NwbRecordingExtractor')
2026-10-04T15:27:32Z WARNING [859/1807] 40a65bf1-e38e-45a8-a8c2-19d18153183e: leaving unrecorded for a later run to retry.
2026-10-04T15:27:32Z WARNING 40a757e0-6f89-409c-b2da-37710bbd440e: failed while reading the ElectricalSeries rates (AttributeError: module 'spikeinterface.extractors' has no attribute 'NwbRecordingExtractor')
2026-10-04T15:27:32Z WARNING [860/1807] 40a757e0-6f89-409c-b2da-37710bbd440e: leaving unrecorded for a later run to retry.
2026-10-04T15:27:32Z WARNING 40a76751-db1f-4b60-a1e3-39d30c4d43cd: failed while reading the ElectricalSeries rates (AttributeError: module 'spikeinterface.extractors' has no attribute 'NwbRecordingExtractor')
2026-10-04T15:27:32Z WARNING [861/1807] 40a76751-db1f-4b60-a1e3-39d30c4d43cd: leaving unrecorded for a later run to retry.
2026-10-04T15:27:32Z WARNING 40a86975-f1f9-4f15-9658-e9a16ffb5224: failed while reading the ElectricalSeries rates (AttributeError: module 'spikeinterface.extractors' has no attribute 'NwbRecordingExtractor')
2026-10-04T15:27:32Z WARNING [862/1807] 40a86975-f1f9-4f15-9658-e9a16ffb5224: leaving unrecorded for a later run to retry.
2026-10-04T15:27:32Z WARNING 40a89150-00e7-470a-8ff4-d9dfbc3ce198: failed while reading the ElectricalSeries rates (AttributeError: module 'spikeinterface.extractors' has no attribute 'NwbRecordingExtractor')
2026-10-04T15:27:32Z WARNING [863/1807] 40a89150-00e7-470a-8ff4-d9dfbc3ce198: leaving unrecorded for a later run to retry.
2026-10-04T15:27:32Z WARNING 40aafa14-4c00-4c57-bc40-e48b30723194: failed while reading the ElectricalSeries rates (AttributeError: module 'spikeinterface.extractors' has no attribute 'NwbRecordingExtractor')
2026-10-04T15:27:32Z WARNING [864/1807] 40aafa14-4c00-4c57-bc40-e48b30723194: leaving unrecorded for a later run to retry.
2026-10-04T15:27:33Z WARNING 40ab83dd-e4ad-45c4-84e1-539edca79888: failed while reading the ElectricalSeries rates (AttributeError: module 'spikeinterface.extractors' has no attribute 'NwbRecordingExtractor')
2026-10-04T15:27:33Z WARNING [865/1807] 40ab83dd-e4ad-45c4-84e1-539edca79888: leaving unrecorded for a later run to retry.
2026-10-04T15:27:33Z WARNING 40ab8e52-f784-47a4-953e-5b58d7a5595b: failed while reading the ElectricalSeries rates (AttributeError: module 'spikeinterface.extractors' has no attribute 'NwbRecordingExtractor')
2026-10-04T15:27:33Z WARNING [866/1807] 40ab8e52-f784-47a4-953e-5b58d7a5595b: leaving unrecorded for a later run to retry.
2026-10-04T15:27:33Z WARNING 40ac6fd2-03cd-4a39-a344-5d5d36786b29: failed while reading the ElectricalSeries rates (AttributeError: module 'spikeinterface.extractors' has no attribute 'NwbRecordingExtractor')
2026-10-04T15:27:33Z WARNING [867/1807] 40ac6fd2-03cd-4a39-a344-5d5d36786b29: leaving unrecorded for a later run to retry.
2026-10-04T15:27:33Z WARNING 40ac712f-a4f3-4ef5-981a-8da81ea6e0a5: failed while reading the ElectricalSeries rates (AttributeError: module 'spikeinterface.extractors' has no attribute 'NwbRecordingExtractor')
2026-10-04T15:27:33Z WARNING [868/1807] 40ac712f-a4f3-4ef5-981a-8da81ea6e0a5: leaving unrecorded for a later run to retry.
2026-10-04T15:27:33Z WARNING 40ad52a1-11b0-4b6f-aff0-82f8a839c8a0: failed while reading the ElectricalSeries rates (AttributeError: module 'spikeinterface.extractors' has no attribute 'NwbRecordingExtractor')
2026-10-04T15:27:33Z WARNING [869/1807] 40ad52a1-11b0-4b6f-aff0-82f8a839c8a0: leaving unrecorded for a later run to retry.
2026-10-04T15:27:33Z WARNING 40ad6f9c-7adb-449c-8d5f-b39953eff372: failed while reading the ElectricalSeries rates (AttributeError: module 'spikeinterface.extractors' has no attribute 'NwbRecordingExtractor')
2026-10-04T15:27:33Z WARNING [870/1807] 40ad6f9c-7adb-449c-8d5f-b39953eff372: leaving unrecorded for a later run to retry.
2026-10-04T15:27:34Z WARNING 40ad74f3-9136-441d-bae9-962e8eb2addf: failed while reading the ElectricalSeries rates (AttributeError: module 'spikeinterface.extractors' has no attribute 'NwbRecordingExtractor')
2026-10-04T15:27:34Z WARNING [871/1807] 40ad74f3-9136-441d-bae9-962e8eb2addf: leaving unrecorded for a later run to retry.
2026-10-04T15:27:34Z WARNING 40ad7634-79c6-435b-9ce4-9946ec37e58c: failed while reading the ElectricalSeries rates (AttributeError: module 'spikeinterface.extractors' has no attribute 'NwbRecordingExtractor')
2026-10-04T15:27:34Z WARNING [872/1807] 40ad7634-79c6-435b-9ce4-9946ec37e58c: leaving unrecorded for a later run to retry.
2026-10-04T15:27:34Z WARNING 40ad8084-83ca-417f-9226-501ba2d9e80f: failed while reading the ElectricalSeries rates (AttributeError: module 'spikeinterface.extractors' has no attribute 'NwbRecordingExtractor')
2026-10-04T15:27:34Z WARNING [873/1807] 40ad8084-83ca-417f-9226-501ba2d9e80f: leaving unrecorded for a later run to retry.
2026-10-04T15:27:34Z WARNING 40adcd8f-8480-4ee7-a072-bc3f64dd070f: failed while reading the ElectricalSeries rates (AttributeError: module 'spikeinterface.extractors' has no attribute 'NwbRecordingExtractor')
2026-10-04T15:27:34Z WARNING [874/1807] 40adcd8f-8480-4ee7-a072-bc3f64dd070f: leaving unrecorded for a later run to retry.
2026-10-04T15:27:34Z WARNING 40ae436b-a474-4080-b527-894e7edc11ec: failed while reading the ElectricalSeries rates (AttributeError: module 'spikeinterface.extractors' has no attribute 'NwbRecordingExtractor')
2026-10-04T15:27:34Z WARNING [875/1807] 40ae436b-a474-4080-b527-894e7edc11ec: leaving unrecorded for a later run to retry.
2026-10-04T15:27:34Z WARNING 40aef687-9166-4f62-894c-d610bdeee001: failed while reading the ElectricalSeries rates (AttributeError: module 'spikeinterface.extractors' has no attribute 'NwbRecordingExtractor')
2026-10-04T15:27:34Z WARNING [876/1807] 40aef687-9166-4f62-894c-d610bdeee001: leaving unrecorded for a later run to retry.
2026-10-04T15:27:35Z WARNING 40af48fb-0414-4e50-b54f-a84fde573045: failed while reading the ElectricalSeries rates (AttributeError: module 'spikeinterface.extractors' has no attribute 'NwbRecordingExtractor')
2026-10-04T15:27:35Z WARNING [877/1807] 40af48fb-0414-4e50-b54f-a84fde573045: leaving unrecorded for a later run to retry.
2026-10-04T15:27:35Z WARNING 40b01812-e617-4694-b107-7a87baf3415e: failed while reading the ElectricalSeries rates (AttributeError: module 'spikeinterface.extractors' has no attribute 'NwbRecordingExtractor')
2026-10-04T15:27:35Z WARNING [878/1807] 40b01812-e617-4694-b107-7a87baf3415e: leaving unrecorded for a later run to retry.
2026-10-04T15:27:35Z WARNING 40b06091-fa3e-4cc8-8560-ca9245bb69a9: failed while reading the ElectricalSeries rates (AttributeError: module 'spikeinterface.extractors' has no attribute 'NwbRecordingExtractor')
2026-10-04T15:27:35Z WARNING [879/1807] 40b06091-fa3e-4cc8-8560-ca9245bb69a9: leaving unrecorded for a later run to retry.
2026-10-04T15:27:35Z WARNING 40b0d34e-ca12-40ca-969c-1162a2f90e5f: failed while reading the ElectricalSeries rates (AttributeError: module 'spikeinterface.extractors' has no attribute 'NwbRecordingExtractor')
2026-10-04T15:27:35Z WARNING [880/1807] 40b0d34e-ca12-40ca-969c-1162a2f90e5f: leaving unrecorded for a later run to retry.
2026-10-04T15:27:35Z WARNING 40b0f675-2d19-4081-8766-caa1a3be8369: failed while reading the ElectricalSeries rates (AttributeError: module 'spikeinterface.extractors' has no attribute 'NwbRecordingExtractor')
2026-10-04T15:27:35Z WARNING [881/1807] 40b0f675-2d19-4081-8766-caa1a3be8369: leaving unrecorded for a later run to retry.
2026-10-04T15:27:35Z WARNING 40b1e077-30f0-469d-b465-08db8cc4b462: failed while reading the ElectricalSeries rates (AttributeError: module 'spikeinterface.extractors' has no attribute 'NwbRecordingExtractor')
2026-10-04T15:27:35Z WARNING [882/1807] 40b1e077-30f0-469d-b465-08db8cc4b462: leaving unrecorded for a later run to retry.
2026-10-04T15:27:35Z WARNING 40b3ce78-c0e9-495f-9438-510f8de2df03: failed while reading the ElectricalSeries rates (AttributeError: module 'spikeinterface.extractors' has no attribute 'NwbRecordingExtractor')
2026-10-04T15:27:35Z WARNING [883/1807] 40b3ce78-c0e9-495f-9438-510f8de2df03: leaving unrecorded for a later run to retry.
2026-10-04T15:27:36Z WARNING 40b46abc-cadb-4201-9072-cae401d4cfe3: failed while reading the ElectricalSeries rates (AttributeError: module 'spikeinterface.extractors' has no attribute 'NwbRecordingExtractor')
2026-10-04T15:27:36Z WARNING [884/1807] 40b46abc-cadb-4201-9072-cae401d4cfe3: leaving unrecorded for a later run to retry.
2026-10-04T15:27:36Z WARNING 40b50c24-162f-4dfc-a609-daf11d61b4f2: failed while reading the ElectricalSeries rates (AttributeError: module 'spikeinterface.extractors' has no attribute 'NwbRecordingExtractor')
2026-10-04T15:27:36Z WARNING [885/1807] 40b50c24-162f-4dfc-a609-daf11d61b4f2: leaving unrecorded for a later run to retry.
2026-10-04T15:27:36Z WARNING 40b5362f-7538-4096-99f5-e2cd919fc27d: failed while reading the ElectricalSeries rates (AttributeError: module 'spikeinterface.extractors' has no attribute 'NwbRecordingExtractor')
2026-10-04T15:27:36Z WARNING [886/1807] 40b5362f-7538-4096-99f5-e2cd919fc27d: leaving unrecorded for a later run to retry.
2026-10-04T15:27:36Z WARNING 40b83666-5b9d-4031-9068-195e9290fab2: failed while reading the ElectricalSeries rates (AttributeError: module 'spikeinterface.extractors' has no attribute 'NwbRecordingExtractor')
2026-10-04T15:27:36Z WARNING [887/1807] 40b83666-5b9d-4031-9068-195e9290fab2: leaving unrecorded for a later run to retry.
2026-10-04T15:27:36Z WARNING 40b84f8e-b723-4dab-bf82-4ce1209fd92e: failed while reading the ElectricalSeries rates (AttributeError: module 'spikeinterface.extractors' has no attribute 'NwbRecordingExtractor')
2026-10-04T15:27:36Z WARNING [888/1807] 40b84f8e-b723-4dab-bf82-4ce1209fd92e: leaving unrecorded for a later run to retry.
2026-10-04T15:27:36Z WARNING 40b87b04-182b-46a3-b370-b94512bf84d0: failed while reading the ElectricalSeries rates (AttributeError: module 'spikeinterface.extractors' has no attribute 'NwbRecordingExtractor')
2026-10-04T15:27:36Z WARNING [889/1807] 40b87b04-182b-46a3-b370-b94512bf84d0: leaving unrecorded for a later run to retry.
2026-10-04T15:27:37Z WARNING 40b890c5-8482-48d3-abd6-b1530036bb7c: failed while reading the ElectricalSeries rates (AttributeError: module 'spikeinterface.extractors' has no attribute 'NwbRecordingExtractor')
2026-10-04T15:27:37Z WARNING [890/1807] 40b890c5-8482-48d3-abd6-b1530036bb7c: leaving unrecorded for a later run to retry.
2026-10-04T15:27:37Z WARNING 40b8a198-73a0-4d97-93b3-0be4f1b85104: failed while reading the ElectricalSeries rates (AttributeError: module 'spikeinterface.extractors' has no attribute 'NwbRecordingExtractor')
2026-10-04T15:27:37Z WARNING [891/1807] 40b8a198-73a0-4d97-93b3-0be4f1b85104: leaving unrecorded for a later run to retry.
2026-10-04T15:27:37Z WARNING 40b90ebf-7340-4cae-97c4-e4469b6e2d55: failed while reading the ElectricalSeries rates (AttributeError: module 'spikeinterface.extractors' has no attribute 'NwbRecordingExtractor')
2026-10-04T15:27:37Z WARNING [892/1807] 40b90ebf-7340-4cae-97c4-e4469b6e2d55: leaving unrecorded for a later run to retry.
2026-10-04T15:27:37Z WARNING 40b9138d-6616-4e35-9fd3-0e7eff91db88: failed while reading the ElectricalSeries rates (AttributeError: module 'spikeinterface.extractors' has no attribute 'NwbRecordingExtractor')
2026-10-04T15:27:37Z WARNING [893/1807] 40b9138d-6616-4e35-9fd3-0e7eff91db88: leaving unrecorded for a later run to retry.
2026-10-04T15:27:37Z WARNING 40b9ab7a-b6d8-4414-8e3a-f4d55dc94a51: failed while reading the ElectricalSeries rates (AttributeError: module 'spikeinterface.extractors' has no attribute 'NwbRecordingExtractor')
2026-10-04T15:27:37Z WARNING [894/1807] 40b9ab7a-b6d8-4414-8e3a-f4d55dc94a51: leaving unrecorded for a later run to retry.
2026-10-04T15:27:37Z WARNING 40b9d9e9-156b-4966-b6f3-02819ffa54b0: failed while reading the ElectricalSeries rates (AttributeError: module 'spikeinterface.extractors' has no attribute 'NwbRecordingExtractor')
2026-10-04T15:27:37Z WARNING [895/1807] 40b9d9e9-156b-4966-b6f3-02819ffa54b0: leaving unrecorded for a later run to retry.
2026-10-04T15:27:37Z WARNING 40ba0492-553d-4e19-b757-89215b98d6c4: failed while reading the ElectricalSeries rates (AttributeError: module 'spikeinterface.extractors' has no attribute 'NwbRecordingExtractor')
2026-10-04T15:27:37Z WARNING [896/1807] 40ba0492-553d-4e19-b757-89215b98d6c4: leaving unrecorded for a later run to retry.
2026-10-04T15:27:38Z WARNING 40baf5cc-064a-4a0b-81c4-64467c34f9d7: failed while reading the ElectricalSeries rates (AttributeError: module 'spikeinterface.extractors' has no attribute 'NwbRecordingExtractor')
2026-10-04T15:27:38Z WARNING [897/1807] 40baf5cc-064a-4a0b-81c4-64467c34f9d7: leaving unrecorded for a later run to retry.
2026-10-04T15:27:38Z WARNING 40bb4596-67a8-4a19-8a79-75f4af7b5fc5: failed while reading the ElectricalSeries rates (AttributeError: module 'spikeinterface.extractors' has no attribute 'NwbRecordingExtractor')
2026-10-04T15:27:38Z WARNING [898/1807] 40bb4596-67a8-4a19-8a79-75f4af7b5fc5: leaving unrecorded for a later run to retry.
2026-10-04T15:27:38Z WARNING 40bd1436-ddf6-4c7a-946b-c69d395138ff: failed while reading the ElectricalSeries rates (AttributeError: module 'spikeinterface.extractors' has no attribute 'NwbRecordingExtractor')
2026-10-04T15:27:38Z WARNING [899/1807] 40bd1436-ddf6-4c7a-946b-c69d395138ff: leaving unrecorded for a later run to retry.
2026-10-04T15:27:38Z WARNING 40bd74fe-1bb0-4616-a298-43f850c9e62a: failed while reading the ElectricalSeries rates (AttributeError: module 'spikeinterface.extractors' has no attribute 'NwbRecordingExtractor')
2026-10-04T15:27:38Z WARNING [900/1807] 40bd74fe-1bb0-4616-a298-43f850c9e62a: leaving unrecorded for a later run to retry.
2026-10-04T15:27:38Z INFO [900/1807] 40bd74fe-1bb0-4616-a298-43f850c9e62a: checkpointed 60602 records.
2026-10-04T15:27:38Z WARNING 40bd9061-511e-4e81-9a32-9d4ad8d410f7: failed while reading the ElectricalSeries rates (AttributeError: module 'spikeinterface.extractors' has no attribute 'NwbRecordingExtractor')
2026-10-04T15:27:38Z WARNING [901/1807] 40bd9061-511e-4e81-9a32-9d4ad8d410f7: leaving unrecorded for a later run to retry.
2026-10-04T15:27:38Z WARNING 40bda4e2-6f59-4c02-bf67-bfa20c4a9471: failed while reading the ElectricalSeries rates (AttributeError: module 'spikeinterface.extractors' has no attribute 'NwbRecordingExtractor')
2026-10-04T15:27:38Z WARNING [902/1807] 40bda4e2-6f59-4c02-bf67-bfa20c4a9471: leaving unrecorded for a later run to retry.
2026-10-04T15:27:39Z WARNING 40be72c6-70b5-4e8f-ba7a-345803dc9702: failed while reading the ElectricalSeries rates (AttributeError: module 'spikeinterface.extractors' has no attribute 'NwbRecordingExtractor')
2026-10-04T15:27:39Z WARNING [903/1807] 40be72c6-70b5-4e8f-ba7a-345803dc9702: leaving unrecorded for a later run to retry.
2026-10-04T15:27:39Z WARNING 40bf7791-e4cd-45b8-929b-30aca7f67c28: failed while reading the ElectricalSeries rates (AttributeError: module 'spikeinterface.extractors' has no attribute 'NwbRecordingExtractor')
2026-10-04T15:27:39Z WARNING [904/1807] 40bf7791-e4cd-45b8-929b-30aca7f67c28: leaving unrecorded for a later run to retry.
2026-10-04T15:27:39Z WARNING 40bf9f8f-5adf-4f76-aca5-b58feba16e46: failed while reading the ElectricalSeries rates (AttributeError: module 'spikeinterface.extractors' has no attribute 'NwbRecordingExtractor')
2026-10-04T15:27:39Z WARNING [905/1807] 40bf9f8f-5adf-4f76-aca5-b58feba16e46: leaving unrecorded for a later run to retry.
2026-10-04T15:27:39Z WARNING 40bfc9f7-b0e6-4ebf-8f3c-ad0991d79194: failed while reading the ElectricalSeries rates (AttributeError: module 'spikeinterface.extractors' has no attribute 'NwbRecordingExtractor')
2026-10-04T15:27:39Z WARNING [906/1807] 40bfc9f7-b0e6-4ebf-8f3c-ad0991d79194: leaving unrecorded for a later run to retry.
2026-10-04T15:27:39Z WARNING 40bff950-198d-4bcf-97d2-c0889a4c5cb1: failed while reading the ElectricalSeries rates (AttributeError: module 'spikeinterface.extractors' has no attribute 'NwbRecordingExtractor')
2026-10-04T15:27:39Z WARNING [907/1807] 40bff950-198d-4bcf-97d2-c0889a4c5cb1: leaving unrecorded for a later run to retry.
2026-10-04T15:27:39Z WARNING 40c00edc-9d9f-468a-870c-f1a764939247: failed while reading the ElectricalSeries rates (AttributeError: module 'spikeinterface.extractors' has no attribute 'NwbRecordingExtractor')
2026-10-04T15:27:39Z WARNING [908/1807] 40c00edc-9d9f-468a-870c-f1a764939247: leaving unrecorded for a later run to retry.
2026-10-04T15:27:39Z WARNING 40c0f01f-4e54-4489-91b5-8e442bf346b9: failed while reading the ElectricalSeries rates (AttributeError: module 'spikeinterface.extractors' has no attribute 'NwbRecordingExtractor')
2026-10-04T15:27:39Z WARNING [909/1807] 40c0f01f-4e54-4489-91b5-8e442bf346b9: leaving unrecorded for a later run to retry.
2026-10-04T15:27:40Z WARNING 40c0fe7c-f248-4996-bd7b-845a8750996d: failed while reading the ElectricalSeries rates (AttributeError: module 'spikeinterface.extractors' has no attribute 'NwbRecordingExtractor')
2026-10-04T15:27:40Z WARNING [910/1807] 40c0fe7c-f248-4996-bd7b-845a8750996d: leaving unrecorded for a later run to retry.
2026-10-04T15:27:40Z WARNING 40c18492-8298-4953-8491-876ecf8ea52a: failed while reading the ElectricalSeries rates (AttributeError: module 'spikeinterface.extractors' has no attribute 'NwbRecordingExtractor')
2026-10-04T15:27:40Z WARNING [911/1807] 40c18492-8298-4953-8491-876ecf8ea52a: leaving unrecorded for a later run to retry.
2026-10-04T15:27:40Z WARNING 40c1aa2e-33b6-4549-9d40-2ce9cdc5ffa7: failed while reading the ElectricalSeries rates (AttributeError: module 'spikeinterface.extractors' has no attribute 'NwbRecordingExtractor')
2026-10-04T15:27:40Z WARNING [912/1807] 40c1aa2e-33b6-4549-9d40-2ce9cdc5ffa7: leaving unrecorded for a later run to retry.
2026-10-04T15:27:40Z WARNING 40c1d8c1-e786-4148-a049-a5a68b181aac: failed while reading the ElectricalSeries rates (AttributeError: module 'spikeinterface.extractors' has no attribute 'NwbRecordingExtractor')
2026-10-04T15:27:40Z WARNING [913/1807] 40c1d8c1-e786-4148-a049-a5a68b181aac: leaving unrecorded for a later run to retry.
2026-10-04T15:27:40Z WARNING 40c38f72-d4a9-496f-b400-55c1146adc2a: failed while reading the ElectricalSeries rates (AttributeError: module 'spikeinterface.extractors' has no attribute 'NwbRecordingExtractor')
2026-10-04T15:27:40Z WARNING [914/1807] 40c38f72-d4a9-496f-b400-55c1146adc2a: leaving unrecorded for a later run to retry.
2026-10-04T15:27:40Z WARNING 40c4b3c1-c6f8-4b44-8c6d-b08a91fd0e3b: failed while reading the ElectricalSeries rates (AttributeError: module 'spikeinterface.extractors' has no attribute 'NwbRecordingExtractor')
2026-10-04T15:27:40Z WARNING [915/1807] 40c4b3c1-c6f8-4b44-8c6d-b08a91fd0e3b: leaving unrecorded for a later run to retry.
2026-10-04T15:27:41Z WARNING 40c626de-f637-4ee3-8fa9-877d52e8f539: failed while reading the ElectricalSeries rates (AttributeError: module 'spikeinterface.extractors' has no attribute 'NwbRecordingExtractor')
2026-10-04T15:27:41Z WARNING [916/1807] 40c626de-f637-4ee3-8fa9-877d52e8f539: leaving unrecorded for a later run to retry.
2026-10-04T15:27:41Z WARNING 40c66180-60d4-4075-bc4b-e6a5343616c6: failed while reading the ElectricalSeries rates (AttributeError: module 'spikeinterface.extractors' has no attribute 'NwbRecordingExtractor')
2026-10-04T15:27:41Z WARNING [917/1807] 40c66180-60d4-4075-bc4b-e6a5343616c6: leaving unrecorded for a later run to retry.
2026-10-04T15:27:41Z WARNING 40c66542-b5c2-41e6-84e0-3739686dae51: failed while reading the ElectricalSeries rates (AttributeError: module 'spikeinterface.extractors' has no attribute 'NwbRecordingExtractor')
2026-10-04T15:27:41Z WARNING [918/1807] 40c66542-b5c2-41e6-84e0-3739686dae51: leaving unrecorded for a later run to retry.
2026-10-04T15:27:41Z WARNING 40c7d354-efac-47d6-8c48-854eddf0d989: failed while reading the ElectricalSeries rates (AttributeError: module 'spikeinterface.extractors' has no attribute 'NwbRecordingExtractor')
2026-10-04T15:27:41Z WARNING [919/1807] 40c7d354-efac-47d6-8c48-854eddf0d989: leaving unrecorded for a later run to retry.
2026-10-04T15:27:41Z WARNING 40c98249-0a1f-41a8-ad9a-1ac0421bfbc1: failed while reading the ElectricalSeries rates (AttributeError: module 'spikeinterface.extractors' has no attribute 'NwbRecordingExtractor')
2026-10-04T15:27:41Z WARNING [920/1807] 40c98249-0a1f-41a8-ad9a-1ac0421bfbc1: leaving unrecorded for a later run to retry.
2026-10-04T15:27:41Z WARNING 40ca7209-5d7e-475a-9ec8-6650c91bb61a: failed while reading the ElectricalSeries rates (AttributeError: module 'spikeinterface.extractors' has no attribute 'NwbRecordingExtractor')
2026-10-04T15:27:41Z WARNING [921/1807] 40ca7209-5d7e-475a-9ec8-6650c91bb61a: leaving unrecorded for a later run to retry.
2026-10-04T15:27:41Z WARNING 40cb022c-977a-4f32-a893-93d1b91b12e4: failed while reading the ElectricalSeries rates (AttributeError: module 'spikeinterface.extractors' has no attribute 'NwbRecordingExtractor')
2026-10-04T15:27:41Z WARNING [922/1807] 40cb022c-977a-4f32-a893-93d1b91b12e4: leaving unrecorded for a later run to retry.
2026-10-04T15:27:42Z WARNING 40cb9e60-ead3-454a-81b9-13191ddac5c0: failed while reading the ElectricalSeries rates (AttributeError: module 'spikeinterface.extractors' has no attribute 'NwbRecordingExtractor')
2026-10-04T15:27:42Z WARNING [923/1807] 40cb9e60-ead3-454a-81b9-13191ddac5c0: leaving unrecorded for a later run to retry.
2026-10-04T15:27:42Z WARNING 40cbae89-be3a-4d99-b059-f43ed3735ebd: failed while reading the ElectricalSeries rates (AttributeError: module 'spikeinterface.extractors' has no attribute 'NwbRecordingExtractor')
2026-10-04T15:27:42Z WARNING [924/1807] 40cbae89-be3a-4d99-b059-f43ed3735ebd: leaving unrecorded for a later run to retry.
2026-10-04T15:27:42Z WARNING 40cbd77c-1e8e-459d-a498-0e193fc89696: failed while reading the ElectricalSeries rates (AttributeError: module 'spikeinterface.extractors' has no attribute 'NwbRecordingExtractor')
2026-10-04T15:27:42Z WARNING [925/1807] 40cbd77c-1e8e-459d-a498-0e193fc89696: leaving unrecorded for a later run to retry.
2026-10-04T15:27:42Z WARNING 40cc1238-7231-4191-946e-98391319706b: failed while reading the ElectricalSeries rates (AttributeError: module 'spikeinterface.extractors' has no attribute 'NwbRecordingExtractor')
2026-10-04T15:27:42Z WARNING [926/1807] 40cc1238-7231-4191-946e-98391319706b: leaving unrecorded for a later run to retry.
2026-10-04T15:27:42Z WARNING 40cc53d1-1044-4496-be26-093047bd5160: failed while reading the ElectricalSeries rates (AttributeError: module 'spikeinterface.extractors' has no attribute 'NwbRecordingExtractor')
2026-10-04T15:27:42Z WARNING [927/1807] 40cc53d1-1044-4496-be26-093047bd5160: leaving unrecorded for a later run to retry.
2026-10-04T15:27:42Z WARNING 40ccca36-79e9-4c10-822b-8811d8f4b7ef: failed while reading the ElectricalSeries rates (AttributeError: module 'spikeinterface.extractors' has no attribute 'NwbRecordingExtractor')
2026-10-04T15:27:42Z WARNING [928/1807] 40ccca36-79e9-4c10-822b-8811d8f4b7ef: leaving unrecorded for a later run to retry.
2026-10-04T15:27:43Z WARNING 40cd2705-b8b8-4c2b-8d15-13ca5f9f2fea: failed while reading the ElectricalSeries rates (AttributeError: module 'spikeinterface.extractors' has no attribute 'NwbRecordingExtractor')
2026-10-04T15:27:43Z WARNING [929/1807] 40cd2705-b8b8-4c2b-8d15-13ca5f9f2fea: leaving unrecorded for a later run to retry.
2026-10-04T15:27:43Z WARNING 40cd3cec-d47c-4ec1-9fca-118ed728c759: failed while reading the ElectricalSeries rates (AttributeError: module 'spikeinterface.extractors' has no attribute 'NwbRecordingExtractor')
2026-10-04T15:27:43Z WARNING [930/1807] 40cd3cec-d47c-4ec1-9fca-118ed728c759: leaving unrecorded for a later run to retry.
2026-10-04T15:27:43Z WARNING 40ce5279-e0c6-499c-bcfe-d79914ffd9d4: failed while reading the ElectricalSeries rates (AttributeError: module 'spikeinterface.extractors' has no attribute 'NwbRecordingExtractor')
2026-10-04T15:27:43Z WARNING [931/1807] 40ce5279-e0c6-499c-bcfe-d79914ffd9d4: leaving unrecorded for a later run to retry.
2026-10-04T15:27:43Z WARNING 40ce6930-2d48-4e6e-ac26-1f1500fa59cb: failed while reading the ElectricalSeries rates (AttributeError: module 'spikeinterface.extractors' has no attribute 'NwbRecordingExtractor')
2026-10-04T15:27:43Z WARNING [932/1807] 40ce6930-2d48-4e6e-ac26-1f1500fa59cb: leaving unrecorded for a later run to retry.
2026-10-04T15:27:43Z WARNING 40ced6c4-d7f5-4055-bb94-ecb43b1d5f33: failed while reading the ElectricalSeries rates (AttributeError: module 'spikeinterface.extractors' has no attribute 'NwbRecordingExtractor')
2026-10-04T15:27:43Z WARNING [933/1807] 40ced6c4-d7f5-4055-bb94-ecb43b1d5f33: leaving unrecorded for a later run to retry.
2026-10-04T15:27:43Z WARNING 40cf05ee-4b0c-40ba-998d-d1215b98cd30: failed while reading the ElectricalSeries rates (AttributeError: module 'spikeinterface.extractors' has no attribute 'NwbRecordingExtractor')
2026-10-04T15:27:43Z WARNING [934/1807] 40cf05ee-4b0c-40ba-998d-d1215b98cd30: leaving unrecorded for a later run to retry.
2026-10-04T15:27:43Z WARNING 40d0a64c-b85a-4afc-b576-483c1582de51: failed while reading the ElectricalSeries rates (AttributeError: module 'spikeinterface.extractors' has no attribute 'NwbRecordingExtractor')
2026-10-04T15:27:43Z WARNING [935/1807] 40d0a64c-b85a-4afc-b576-483c1582de51: leaving unrecorded for a later run to retry.
2026-10-04T15:27:44Z WARNING 40d0f224-1912-4a2d-adc6-c89b6e58a727: failed while reading the ElectricalSeries rates (AttributeError: module 'spikeinterface.extractors' has no attribute 'NwbRecordingExtractor')
2026-10-04T15:27:44Z WARNING [936/1807] 40d0f224-1912-4a2d-adc6-c89b6e58a727: leaving unrecorded for a later run to retry.
2026-10-04T15:27:44Z WARNING 40d15097-63bf-4308-832a-44bb15f4a3bd: failed while reading the ElectricalSeries rates (AttributeError: module 'spikeinterface.extractors' has no attribute 'NwbRecordingExtractor')
2026-10-04T15:27:44Z WARNING [937/1807] 40d15097-63bf-4308-832a-44bb15f4a3bd: leaving unrecorded for a later run to retry.
2026-10-04T15:27:44Z WARNING 40d1e26c-8981-46cf-ab80-5557ec8d1783: failed while reading the ElectricalSeries rates (AttributeError: module 'spikeinterface.extractors' has no attribute 'NwbRecordingExtractor')
2026-10-04T15:27:44Z WARNING [938/1807] 40d1e26c-8981-46cf-ab80-5557ec8d1783: leaving unrecorded for a later run to retry.
2026-10-04T15:27:44Z WARNING 40d2b959-720c-4039-bd4b-9a2bb8870b89: failed while reading the ElectricalSeries rates (AttributeError: module 'spikeinterface.extractors' has no attribute 'NwbRecordingExtractor')
2026-10-04T15:27:44Z WARNING [939/1807] 40d2b959-720c-4039-bd4b-9a2bb8870b89: leaving unrecorded for a later run to retry.
2026-10-04T15:27:44Z WARNING 40d581d9-c9c6-4172-9e71-166455ff0411: failed while reading the ElectricalSeries rates (AttributeError: module 'spikeinterface.extractors' has no attribute 'NwbRecordingExtractor')
2026-10-04T15:27:44Z WARNING [940/1807] 40d581d9-c9c6-4172-9e71-166455ff0411: leaving unrecorded for a later run to retry.
2026-10-04T15:27:44Z WARNING 40d59576-c139-4066-a804-a82779eb9fd1: failed while reading the ElectricalSeries rates (AttributeError: module 'spikeinterface.extractors' has no attribute 'NwbRecordingExtractor')
2026-10-04T15:27:44Z WARNING [941/1807] 40d59576-c139-4066-a804-a82779eb9fd1: leaving unrecorded for a later run to retry.
2026-10-04T15:27:44Z WARNING 40d5d964-6f2f-423a-8374-aa8444d36ec6: failed while reading the ElectricalSeries rates (AttributeError: module 'spikeinterface.extractors' has no attribute 'NwbRecordingExtractor')
2026-10-04T15:27:44Z WARNING [942/1807] 40d5d964-6f2f-423a-8374-aa8444d36ec6: leaving unrecorded for a later run to retry.
2026-10-04T15:27:45Z WARNING 40d61e8b-d2ce-4001-bf20-0092d1e5bae3: failed while reading the ElectricalSeries rates (AttributeError: module 'spikeinterface.extractors' has no attribute 'NwbRecordingExtractor')
2026-10-04T15:27:45Z WARNING [943/1807] 40d61e8b-d2ce-4001-bf20-0092d1e5bae3: leaving unrecorded for a later run to retry.
2026-10-04T15:27:45Z WARNING 40d69562-389a-421d-8f1b-c445b496dacc: failed while reading the ElectricalSeries rates (AttributeError: module 'spikeinterface.extractors' has no attribute 'NwbRecordingExtractor')
2026-10-04T15:27:45Z WARNING [944/1807] 40d69562-389a-421d-8f1b-c445b496dacc: leaving unrecorded for a later run to retry.
2026-10-04T15:27:45Z WARNING 40d72896-219c-4b89-8230-5bbf3dfae537: failed while reading the ElectricalSeries rates (AttributeError: module 'spikeinterface.extractors' has no attribute 'NwbRecordingExtractor')
2026-10-04T15:27:45Z WARNING [945/1807] 40d72896-219c-4b89-8230-5bbf3dfae537: leaving unrecorded for a later run to retry.
2026-10-04T15:27:45Z WARNING 40d734a9-6a4a-4e65-bf5d-fd6c78b2c849: failed while reading the ElectricalSeries rates (AttributeError: module 'spikeinterface.extractors' has no attribute 'NwbRecordingExtractor')
2026-10-04T15:27:45Z WARNING [946/1807] 40d734a9-6a4a-4e65-bf5d-fd6c78b2c849: leaving unrecorded for a later run to retry.
2026-10-04T15:27:45Z WARNING 40d7f442-8923-4dd5-87cb-af432218c083: failed while reading the ElectricalSeries rates (AttributeError: module 'spikeinterface.extractors' has no attribute 'NwbRecordingExtractor')
2026-10-04T15:27:45Z WARNING [947/1807] 40d7f442-8923-4dd5-87cb-af432218c083: leaving unrecorded for a later run to retry.
2026-10-04T15:27:45Z WARNING 40d7fd7d-aa7a-41ed-85cc-757db9a77ac1: failed while reading the ElectricalSeries rates (AttributeError: module 'spikeinterface.extractors' has no attribute 'NwbRecordingExtractor')
2026-10-04T15:27:45Z WARNING [948/1807] 40d7fd7d-aa7a-41ed-85cc-757db9a77ac1: leaving unrecorded for a later run to retry.
2026-10-04T15:27:46Z WARNING 40d89de6-9f69-443d-835a-f6a1023b1c15: failed while reading the ElectricalSeries rates (AttributeError: module 'spikeinterface.extractors' has no attribute 'NwbRecordingExtractor')
2026-10-04T15:27:46Z WARNING [949/1807] 40d89de6-9f69-443d-835a-f6a1023b1c15: leaving unrecorded for a later run to retry.
2026-10-04T15:27:46Z WARNING 40d9460b-9307-44f7-80be-fd5ca26daa99: failed while reading the ElectricalSeries rates (AttributeError: module 'spikeinterface.extractors' has no attribute 'NwbRecordingExtractor')
2026-10-04T15:27:46Z WARNING [950/1807] 40d9460b-9307-44f7-80be-fd5ca26daa99: leaving unrecorded for a later run to retry.
2026-10-04T15:27:46Z INFO [950/1807] 40d9460b-9307-44f7-80be-fd5ca26daa99: checkpointed 60602 records.
2026-10-04T15:27:46Z WARNING 40d9a579-d200-430b-bd85-df91427d7f06: failed while reading the ElectricalSeries rates (AttributeError: module 'spikeinterface.extractors' has no attribute 'NwbRecordingExtractor')
2026-10-04T15:27:46Z WARNING [951/1807] 40d9a579-d200-430b-bd85-df91427d7f06: leaving unrecorded for a later run to retry.
2026-10-04T15:27:46Z WARNING 40d9f5a9-540b-4849-8310-04e05b11f111: failed while reading the ElectricalSeries rates (AttributeError: module 'spikeinterface.extractors' has no attribute 'NwbRecordingExtractor')
2026-10-04T15:27:46Z WARNING [952/1807] 40d9f5a9-540b-4849-8310-04e05b11f111: leaving unrecorded for a later run to retry.
2026-10-04T15:27:46Z WARNING 40da4db9-3023-47d7-9c8a-345224cd538b: failed while reading the ElectricalSeries rates (AttributeError: module 'spikeinterface.extractors' has no attribute 'NwbRecordingExtractor')
2026-10-04T15:27:46Z WARNING [953/1807] 40da4db9-3023-47d7-9c8a-345224cd538b: leaving unrecorded for a later run to retry.
2026-10-04T15:27:46Z WARNING 40dbfca1-5353-46de-88e9-336aea4c145f: failed while reading the ElectricalSeries rates (AttributeError: module 'spikeinterface.extractors' has no attribute 'NwbRecordingExtractor')
2026-10-04T15:27:46Z WARNING [954/1807] 40dbfca1-5353-46de-88e9-336aea4c145f: leaving unrecorded for a later run to retry.
2026-10-04T15:27:46Z WARNING 40dc0616-ddc4-4d1f-b46e-ca6ead576bea: failed while reading the ElectricalSeries rates (AttributeError: module 'spikeinterface.extractors' has no attribute 'NwbRecordingExtractor')
2026-10-04T15:27:46Z WARNING [955/1807] 40dc0616-ddc4-4d1f-b46e-ca6ead576bea: leaving unrecorded for a later run to retry.
2026-10-04T15:27:47Z WARNING 40dc38ed-5eb2-445e-9cf5-e7c4e5eb3eee: failed while reading the ElectricalSeries rates (AttributeError: module 'spikeinterface.extractors' has no attribute 'NwbRecordingExtractor')
2026-10-04T15:27:47Z WARNING [956/1807] 40dc38ed-5eb2-445e-9cf5-e7c4e5eb3eee: leaving unrecorded for a later run to retry.
2026-10-04T15:27:47Z WARNING 40dcd52a-e120-4ec7-af64-f8c33c892244: failed while reading the ElectricalSeries rates (AttributeError: module 'spikeinterface.extractors' has no attribute 'NwbRecordingExtractor')
2026-10-04T15:27:47Z WARNING [957/1807] 40dcd52a-e120-4ec7-af64-f8c33c892244: leaving unrecorded for a later run to retry.
2026-10-04T15:27:47Z WARNING 40dce04a-5ce7-4d3f-bc41-7acc753c50c4: failed while reading the ElectricalSeries rates (AttributeError: module 'spikeinterface.extractors' has no attribute 'NwbRecordingExtractor')
2026-10-04T15:27:47Z WARNING [958/1807] 40dce04a-5ce7-4d3f-bc41-7acc753c50c4: leaving unrecorded for a later run to retry.
2026-10-04T15:27:47Z WARNING 40dd1310-5c4d-412c-8fc0-8beb2bc5538a: failed while reading the ElectricalSeries rates (AttributeError: module 'spikeinterface.extractors' has no attribute 'NwbRecordingExtractor')
2026-10-04T15:27:47Z WARNING [959/1807] 40dd1310-5c4d-412c-8fc0-8beb2bc5538a: leaving unrecorded for a later run to retry.
2026-10-04T15:27:47Z WARNING 40dd17fe-965c-426a-83a4-004bdfd038ab: failed while reading the ElectricalSeries rates (AttributeError: module 'spikeinterface.extractors' has no attribute 'NwbRecordingExtractor')
2026-10-04T15:27:47Z WARNING [960/1807] 40dd17fe-965c-426a-83a4-004bdfd038ab: leaving unrecorded for a later run to retry.
2026-10-04T15:27:47Z WARNING 40dd66e8-7e6e-4bb3-b440-a3007c3419e1: failed while reading the ElectricalSeries rates (AttributeError: module 'spikeinterface.extractors' has no attribute 'NwbRecordingExtractor')
2026-10-04T15:27:47Z WARNING [961/1807] 40dd66e8-7e6e-4bb3-b440-a3007c3419e1: leaving unrecorded for a later run to retry.
2026-10-04T15:27:48Z WARNING 40ddd4c2-cb6e-47bd-8037-df6a45711da1: failed while reading the ElectricalSeries rates (AttributeError: module 'spikeinterface.extractors' has no attribute 'NwbRecordingExtractor')
2026-10-04T15:27:48Z WARNING [962/1807] 40ddd4c2-cb6e-47bd-8037-df6a45711da1: leaving unrecorded for a later run to retry.
2026-10-04T15:27:48Z WARNING 40deb917-a54b-4e5d-9e27-6f81060f2a31: failed while reading the ElectricalSeries rates (AttributeError: module 'spikeinterface.extractors' has no attribute 'NwbRecordingExtractor')
2026-10-04T15:27:48Z WARNING [963/1807] 40deb917-a54b-4e5d-9e27-6f81060f2a31: leaving unrecorded for a later run to retry.
2026-10-04T15:27:48Z WARNING 40df0893-5ed1-43f4-bd66-c87f3ce62409: failed while reading the ElectricalSeries rates (AttributeError: module 'spikeinterface.extractors' has no attribute 'NwbRecordingExtractor')
2026-10-04T15:27:48Z WARNING [964/1807] 40df0893-5ed1-43f4-bd66-c87f3ce62409: leaving unrecorded for a later run to retry.
2026-10-04T15:27:48Z WARNING 40df4909-fea2-4d80-b33e-ea3d38eba5b6: failed while reading the ElectricalSeries rates (AttributeError: module 'spikeinterface.extractors' has no attribute 'NwbRecordingExtractor')
2026-10-04T15:27:48Z WARNING [965/1807] 40df4909-fea2-4d80-b33e-ea3d38eba5b6: leaving unrecorded for a later run to retry.
2026-10-04T15:27:48Z WARNING 40df83a9-e900-41f4-a310-f3636fb8b1e7: failed while reading the ElectricalSeries rates (AttributeError: module 'spikeinterface.extractors' has no attribute 'NwbRecordingExtractor')
2026-10-04T15:27:48Z WARNING [966/1807] 40df83a9-e900-41f4-a310-f3636fb8b1e7: leaving unrecorded for a later run to retry.
2026-10-04T15:27:48Z WARNING 40dfdd6f-d0bb-435e-8264-895d97c36bfd: failed while reading the ElectricalSeries rates (AttributeError: module 'spikeinterface.extractors' has no attribute 'NwbRecordingExtractor')
2026-10-04T15:27:48Z WARNING [967/1807] 40dfdd6f-d0bb-435e-8264-895d97c36bfd: leaving unrecorded for a later run to retry.
2026-10-04T15:27:48Z WARNING 40dfe770-410e-4b03-8009-34109dbccd06: failed while reading the ElectricalSeries rates (AttributeError: module 'spikeinterface.extractors' has no attribute 'NwbRecordingExtractor')
2026-10-04T15:27:48Z WARNING [968/1807] 40dfe770-410e-4b03-8009-34109dbccd06: leaving unrecorded for a later run to retry.
2026-10-04T15:27:49Z WARNING 40dffb9c-9bcf-47e5-8b17-29dd5d539167: failed while reading the ElectricalSeries rates (AttributeError: module 'spikeinterface.extractors' has no attribute 'NwbRecordingExtractor')
2026-10-04T15:27:49Z WARNING [969/1807] 40dffb9c-9bcf-47e5-8b17-29dd5d539167: leaving unrecorded for a later run to retry.
2026-10-04T15:27:49Z WARNING 40e0b046-3fbb-4a21-a4ee-8eda6049aed6: failed while reading the ElectricalSeries rates (AttributeError: module 'spikeinterface.extractors' has no attribute 'NwbRecordingExtractor')
2026-10-04T15:27:49Z WARNING [970/1807] 40e0b046-3fbb-4a21-a4ee-8eda6049aed6: leaving unrecorded for a later run to retry.
2026-10-04T15:27:49Z WARNING 40e0ded2-ac7e-46a0-8f9a-d32d997091e4: failed while reading the ElectricalSeries rates (AttributeError: module 'spikeinterface.extractors' has no attribute 'NwbRecordingExtractor')
2026-10-04T15:27:49Z WARNING [971/1807] 40e0ded2-ac7e-46a0-8f9a-d32d997091e4: leaving unrecorded for a later run to retry.
2026-10-04T15:27:49Z WARNING 40e1a463-5eea-46c2-81a6-3ad74546ae55: failed while reading the ElectricalSeries rates (AttributeError: module 'spikeinterface.extractors' has no attribute 'NwbRecordingExtractor')
2026-10-04T15:27:49Z WARNING [972/1807] 40e1a463-5eea-46c2-81a6-3ad74546ae55: leaving unrecorded for a later run to retry.
2026-10-04T15:27:49Z WARNING 40e1de67-0296-4662-918a-25977c1cb07f: failed while reading the ElectricalSeries rates (AttributeError: module 'spikeinterface.extractors' has no attribute 'NwbRecordingExtractor')
2026-10-04T15:27:49Z WARNING [973/1807] 40e1de67-0296-4662-918a-25977c1cb07f: leaving unrecorded for a later run to retry.
2026-10-04T15:27:49Z WARNING 40e2f8f1-53f7-4380-aee5-01ffbf4a2495: failed while reading the ElectricalSeries rates (AttributeError: module 'spikeinterface.extractors' has no attribute 'NwbRecordingExtractor')
2026-10-04T15:27:49Z WARNING [974/1807] 40e2f8f1-53f7-4380-aee5-01ffbf4a2495: leaving unrecorded for a later run to retry.
2026-10-04T15:27:49Z WARNING 40e35517-9316-4393-823a-4ed584507677: failed while reading the ElectricalSeries rates (AttributeError: module 'spikeinterface.extractors' has no attribute 'NwbRecordingExtractor')
2026-10-04T15:27:49Z WARNING [975/1807] 40e35517-9316-4393-823a-4ed584507677: leaving unrecorded for a later run to retry.
2026-10-04T15:27:50Z WARNING 40e37916-7636-40ea-b50c-472bafa6b878: failed while reading the ElectricalSeries rates (AttributeError: module 'spikeinterface.extractors' has no attribute 'NwbRecordingExtractor')
2026-10-04T15:27:50Z WARNING [976/1807] 40e37916-7636-40ea-b50c-472bafa6b878: leaving unrecorded for a later run to retry.
2026-10-04T15:27:50Z WARNING 40e3ddb5-3a78-4095-841e-d64977655799: failed while reading the ElectricalSeries rates (AttributeError: module 'spikeinterface.extractors' has no attribute 'NwbRecordingExtractor')
2026-10-04T15:27:50Z WARNING [977/1807] 40e3ddb5-3a78-4095-841e-d64977655799: leaving unrecorded for a later run to retry.
2026-10-04T15:27:50Z WARNING 40e41bdc-3e63-4909-bfb0-64681cb88839: failed while reading the ElectricalSeries rates (AttributeError: module 'spikeinterface.extractors' has no attribute 'NwbRecordingExtractor')
2026-10-04T15:27:50Z WARNING [978/1807] 40e41bdc-3e63-4909-bfb0-64681cb88839: leaving unrecorded for a later run to retry.
2026-10-04T15:27:50Z WARNING 40e4665b-b2c2-421b-82b7-e3e815c5a289: failed while reading the ElectricalSeries rates (AttributeError: module 'spikeinterface.extractors' has no attribute 'NwbRecordingExtractor')
2026-10-04T15:27:50Z WARNING [979/1807] 40e4665b-b2c2-421b-82b7-e3e815c5a289: leaving unrecorded for a later run to retry.
2026-10-04T15:27:50Z WARNING 40e4f9ca-282d-4055-a9ce-45cedaaf47bb: failed while reading the ElectricalSeries rates (AttributeError: module 'spikeinterface.extractors' has no attribute 'NwbRecordingExtractor')
2026-10-04T15:27:50Z WARNING [980/1807] 40e4f9ca-282d-4055-a9ce-45cedaaf47bb: leaving unrecorded for a later run to retry.
2026-10-04T15:27:50Z WARNING 40e52536-dabe-4b51-860c-40e70d97beee: failed while reading the ElectricalSeries rates (AttributeError: module 'spikeinterface.extractors' has no attribute 'NwbRecordingExtractor')
2026-10-04T15:27:50Z WARNING [981/1807] 40e52536-dabe-4b51-860c-40e70d97beee: leaving unrecorded for a later run to retry.
2026-10-04T15:27:51Z WARNING 40e52f7d-65a1-4418-ba60-cd4cba70b8d7: failed while reading the ElectricalSeries rates (AttributeError: module 'spikeinterface.extractors' has no attribute 'NwbRecordingExtractor')
2026-10-04T15:27:51Z WARNING [982/1807] 40e52f7d-65a1-4418-ba60-cd4cba70b8d7: leaving unrecorded for a later run to retry.
2026-10-04T15:27:51Z WARNING 40e62d0d-c867-465e-88d0-35fa988530e0: failed while reading the ElectricalSeries rates (AttributeError: module 'spikeinterface.extractors' has no attribute 'NwbRecordingExtractor')
2026-10-04T15:27:51Z WARNING [983/1807] 40e62d0d-c867-465e-88d0-35fa988530e0: leaving unrecorded for a later run to retry.
2026-10-04T15:27:51Z WARNING 40e6376a-4593-4299-b3f6-7aef45ae4d44: failed while reading the ElectricalSeries rates (AttributeError: module 'spikeinterface.extractors' has no attribute 'NwbRecordingExtractor')
2026-10-04T15:27:51Z WARNING [984/1807] 40e6376a-4593-4299-b3f6-7aef45ae4d44: leaving unrecorded for a later run to retry.
2026-10-04T15:27:51Z WARNING 40e684ef-cfd7-45bc-b88d-19984c9850f9: failed while reading the ElectricalSeries rates (AttributeError: module 'spikeinterface.extractors' has no attribute 'NwbRecordingExtractor')
2026-10-04T15:27:51Z WARNING [985/1807] 40e684ef-cfd7-45bc-b88d-19984c9850f9: leaving unrecorded for a later run to retry.
2026-10-04T15:27:51Z WARNING 40e6ffe2-95e4-4ecf-a5cd-4624573dc1f6: failed while reading the ElectricalSeries rates (AttributeError: module 'spikeinterface.extractors' has no attribute 'NwbRecordingExtractor')
2026-10-04T15:27:51Z WARNING [986/1807] 40e6ffe2-95e4-4ecf-a5cd-4624573dc1f6: leaving unrecorded for a later run to retry.
2026-10-04T15:27:51Z WARNING 40e7260d-52bc-4228-aded-2bed2d05c2b3: failed while reading the ElectricalSeries rates (AttributeError: module 'spikeinterface.extractors' has no attribute 'NwbRecordingExtractor')
2026-10-04T15:27:51Z WARNING [987/1807] 40e7260d-52bc-4228-aded-2bed2d05c2b3: leaving unrecorded for a later run to retry.
2026-10-04T15:27:52Z WARNING 40e799d1-999e-4754-b682-6bb79e208492: failed while reading the ElectricalSeries rates (AttributeError: module 'spikeinterface.extractors' has no attribute 'NwbRecordingExtractor')
2026-10-04T15:27:52Z WARNING [988/1807] 40e799d1-999e-4754-b682-6bb79e208492: leaving unrecorded for a later run to retry.
2026-10-04T15:27:52Z WARNING 40e7c261-f3be-4af6-9fa5-035556f0e3ea: failed while reading the ElectricalSeries rates (AttributeError: module 'spikeinterface.extractors' has no attribute 'NwbRecordingExtractor')
2026-10-04T15:27:52Z WARNING [989/1807] 40e7c261-f3be-4af6-9fa5-035556f0e3ea: leaving unrecorded for a later run to retry.
2026-10-04T15:27:52Z WARNING 40e7d2c9-1291-4f7a-98e0-8a594b1abc93: failed while reading the ElectricalSeries rates (AttributeError: module 'spikeinterface.extractors' has no attribute 'NwbRecordingExtractor')
2026-10-04T15:27:52Z WARNING [990/1807] 40e7d2c9-1291-4f7a-98e0-8a594b1abc93: leaving unrecorded for a later run to retry.
2026-10-04T15:27:52Z WARNING 40ea913c-32be-4b9b-988b-60b7362f7df5: failed while reading the ElectricalSeries rates (AttributeError: module 'spikeinterface.extractors' has no attribute 'NwbRecordingExtractor')
2026-10-04T15:27:52Z WARNING [991/1807] 40ea913c-32be-4b9b-988b-60b7362f7df5: leaving unrecorded for a later run to retry.
2026-10-04T15:27:52Z WARNING 40eab330-4b9d-4914-afb5-2b622ce744d2: failed while reading the ElectricalSeries rates (AttributeError: module 'spikeinterface.extractors' has no attribute 'NwbRecordingExtractor')
2026-10-04T15:27:52Z WARNING [992/1807] 40eab330-4b9d-4914-afb5-2b622ce744d2: leaving unrecorded for a later run to retry.
2026-10-04T15:27:52Z WARNING 40ec037b-849c-4edc-8eaf-8e14503fa748: failed while reading the ElectricalSeries rates (AttributeError: module 'spikeinterface.extractors' has no attribute 'NwbRecordingExtractor')
2026-10-04T15:27:52Z WARNING [993/1807] 40ec037b-849c-4edc-8eaf-8e14503fa748: leaving unrecorded for a later run to retry.
2026-10-04T15:27:53Z WARNING 40ece2b4-edaa-4c1e-8f82-93b7e2b07b60: failed while reading the ElectricalSeries rates (AttributeError: module 'spikeinterface.extractors' has no attribute 'NwbRecordingExtractor')
2026-10-04T15:27:53Z WARNING [994/1807] 40ece2b4-edaa-4c1e-8f82-93b7e2b07b60: leaving unrecorded for a later run to retry.
2026-10-04T15:27:53Z WARNING 40ed6c72-9791-4a19-8891-65d1fe5c8c15: failed while reading the ElectricalSeries rates (AttributeError: module 'spikeinterface.extractors' has no attribute 'NwbRecordingExtractor')
2026-10-04T15:27:53Z WARNING [995/1807] 40ed6c72-9791-4a19-8891-65d1fe5c8c15: leaving unrecorded for a later run to retry.
2026-10-04T15:27:53Z WARNING 40ed8223-0b68-4673-bea4-386d038b1be2: failed while reading the ElectricalSeries rates (AttributeError: module 'spikeinterface.extractors' has no attribute 'NwbRecordingExtractor')
2026-10-04T15:27:53Z WARNING [996/1807] 40ed8223-0b68-4673-bea4-386d038b1be2: leaving unrecorded for a later run to retry.
2026-10-04T15:27:53Z WARNING 40eda076-8100-4c43-aab7-8b19b276cd9e: failed while reading the ElectricalSeries rates (AttributeError: module 'spikeinterface.extractors' has no attribute 'NwbRecordingExtractor')
2026-10-04T15:27:53Z WARNING [997/1807] 40eda076-8100-4c43-aab7-8b19b276cd9e: leaving unrecorded for a later run to retry.
2026-10-04T15:27:53Z WARNING 40edbfa8-99f4-48ed-a29a-7f6508c2c342: failed while reading the ElectricalSeries rates (AttributeError: module 'spikeinterface.extractors' has no attribute 'NwbRecordingExtractor')
2026-10-04T15:27:53Z WARNING [998/1807] 40edbfa8-99f4-48ed-a29a-7f6508c2c342: leaving unrecorded for a later run to retry.
2026-10-04T15:27:53Z WARNING 40edc854-5a12-4d82-8996-1849dd10f9b5: failed while reading the ElectricalSeries rates (AttributeError: module 'spikeinterface.extractors' has no attribute 'NwbRecordingExtractor')
2026-10-04T15:27:53Z WARNING [999/1807] 40edc854-5a12-4d82-8996-1849dd10f9b5: leaving unrecorded for a later run to retry.
2026-10-04T15:27:53Z WARNING 40ede2ba-ef48-4e25-adfa-ed5e3696290d: failed while reading the ElectricalSeries rates (AttributeError: module 'spikeinterface.extractors' has no attribute 'NwbRecordingExtractor')
2026-10-04T15:27:53Z WARNING [1000/1807] 40ede2ba-ef48-4e25-adfa-ed5e3696290d: leaving unrecorded for a later run to retry.
2026-10-04T15:27:53Z INFO [1000/1807] 40ede2ba-ef48-4e25-adfa-ed5e3696290d: checkpointed 60602 records.
2026-10-04T15:27:54Z WARNING 40ee1d84-b011-4b26-b9f1-4a824771045e: failed while reading the ElectricalSeries rates (AttributeError: module 'spikeinterface.extractors' has no attribute 'NwbRecordingExtractor')
2026-10-04T15:27:54Z WARNING [1001/1807] 40ee1d84-b011-4b26-b9f1-4a824771045e: leaving unrecorded for a later run to retry.
2026-10-04T15:27:54Z WARNING 40eed083-69b6-460a-b501-fc6318db5aca: failed while reading the ElectricalSeries rates (AttributeError: module 'spikeinterface.extractors' has no attribute 'NwbRecordingExtractor')
2026-10-04T15:27:54Z WARNING [1002/1807] 40eed083-69b6-460a-b501-fc6318db5aca: leaving unrecorded for a later run to retry.
2026-10-04T15:27:54Z WARNING 40eed3a6-0080-4859-8da6-d52775f8f846: failed while reading the ElectricalSeries rates (AttributeError: module 'spikeinterface.extractors' has no attribute 'NwbRecordingExtractor')
2026-10-04T15:27:54Z WARNING [1003/1807] 40eed3a6-0080-4859-8da6-d52775f8f846: leaving unrecorded for a later run to retry.
2026-10-04T15:27:54Z WARNING 40eee9de-0e22-4a35-b772-6c7f904d34fa: failed while reading the ElectricalSeries rates (AttributeError: module 'spikeinterface.extractors' has no attribute 'NwbRecordingExtractor')
2026-10-04T15:27:54Z WARNING [1004/1807] 40eee9de-0e22-4a35-b772-6c7f904d34fa: leaving unrecorded for a later run to retry.
2026-10-04T15:27:54Z WARNING 40ef84e8-9ce7-4542-a288-71f820e407ac: failed while reading the ElectricalSeries rates (AttributeError: module 'spikeinterface.extractors' has no attribute 'NwbRecordingExtractor')
2026-10-04T15:27:54Z WARNING [1005/1807] 40ef84e8-9ce7-4542-a288-71f820e407ac: leaving unrecorded for a later run to retry.
2026-10-04T15:27:54Z WARNING 40f005a1-8b9d-436c-969e-3997cc6854d6: failed while reading the ElectricalSeries rates (AttributeError: module 'spikeinterface.extractors' has no attribute 'NwbRecordingExtractor')
2026-10-04T15:27:54Z WARNING [1006/1807] 40f005a1-8b9d-436c-969e-3997cc6854d6: leaving unrecorded for a later run to retry.
2026-10-04T15:27:55Z WARNING 40f084df-36f5-47be-b622-1191bb1e9379: failed while reading the ElectricalSeries rates (AttributeError: module 'spikeinterface.extractors' has no attribute 'NwbRecordingExtractor')
2026-10-04T15:27:55Z WARNING [1007/1807] 40f084df-36f5-47be-b622-1191bb1e9379: leaving unrecorded for a later run to retry.
2026-10-04T15:27:55Z WARNING 40f1dbfd-d276-45d1-80e7-ebba0ec00845: failed while reading the ElectricalSeries rates (AttributeError: module 'spikeinterface.extractors' has no attribute 'NwbRecordingExtractor')
2026-10-04T15:27:55Z WARNING [1008/1807] 40f1dbfd-d276-45d1-80e7-ebba0ec00845: leaving unrecorded for a later run to retry.
2026-10-04T15:27:55Z WARNING 40f291df-e4ba-4866-9e9c-b6da97b4d65f: failed while reading the ElectricalSeries rates (AttributeError: module 'spikeinterface.extractors' has no attribute 'NwbRecordingExtractor')
2026-10-04T15:27:55Z WARNING [1009/1807] 40f291df-e4ba-4866-9e9c-b6da97b4d65f: leaving unrecorded for a later run to retry.
2026-10-04T15:27:55Z WARNING 40f41cf1-c14a-4c1d-a4ea-d0b2270e823b: failed while reading the ElectricalSeries rates (AttributeError: module 'spikeinterface.extractors' has no attribute 'NwbRecordingExtractor')
2026-10-04T15:27:55Z WARNING [1010/1807] 40f41cf1-c14a-4c1d-a4ea-d0b2270e823b: leaving unrecorded for a later run to retry.
2026-10-04T15:27:55Z WARNING 40f4a57f-dcf8-424c-95ea-1d418fa45489: failed while reading the ElectricalSeries rates (AttributeError: module 'spikeinterface.extractors' has no attribute 'NwbRecordingExtractor')
2026-10-04T15:27:55Z WARNING [1011/1807] 40f4a57f-dcf8-424c-95ea-1d418fa45489: leaving unrecorded for a later run to retry.
2026-10-04T15:27:55Z WARNING 40f51deb-833e-43a8-bbb5-2dbab014f5ef: failed while reading the ElectricalSeries rates (AttributeError: module 'spikeinterface.extractors' has no attribute 'NwbRecordingExtractor')
2026-10-04T15:27:55Z WARNING [1012/1807] 40f51deb-833e-43a8-bbb5-2dbab014f5ef: leaving unrecorded for a later run to retry.
2026-10-04T15:27:55Z WARNING 40f5686f-b02a-4bfd-8874-2f5265a3fe3d: failed while reading the ElectricalSeries rates (AttributeError: module 'spikeinterface.extractors' has no attribute 'NwbRecordingExtractor')
2026-10-04T15:27:55Z WARNING [1013/1807] 40f5686f-b02a-4bfd-8874-2f5265a3fe3d: leaving unrecorded for a later run to retry.
2026-10-04T15:27:56Z WARNING 40f58e10-6882-4abc-8f8c-18561bc8fd1b: failed while reading the ElectricalSeries rates (AttributeError: module 'spikeinterface.extractors' has no attribute 'NwbRecordingExtractor')
2026-10-04T15:27:56Z WARNING [1014/1807] 40f58e10-6882-4abc-8f8c-18561bc8fd1b: leaving unrecorded for a later run to retry.
2026-10-04T15:27:56Z WARNING 40f61c2d-8ba9-449f-94b1-a2f2ffbc1cb1: failed while reading the ElectricalSeries rates (AttributeError: module 'spikeinterface.extractors' has no attribute 'NwbRecordingExtractor')
2026-10-04T15:27:56Z WARNING [1015/1807] 40f61c2d-8ba9-449f-94b1-a2f2ffbc1cb1: leaving unrecorded for a later run to retry.
2026-10-04T15:27:56Z WARNING 40f6856b-46b1-4531-9fb3-62c74e132a3d: failed while reading the ElectricalSeries rates (AttributeError: module 'spikeinterface.extractors' has no attribute 'NwbRecordingExtractor')
2026-10-04T15:27:56Z WARNING [1016/1807] 40f6856b-46b1-4531-9fb3-62c74e132a3d: leaving unrecorded for a later run to retry.
2026-10-04T15:27:56Z WARNING 40f69446-96a0-4987-b80f-b52b9a66ae72: failed while reading the ElectricalSeries rates (AttributeError: module 'spikeinterface.extractors' has no attribute 'NwbRecordingExtractor')
2026-10-04T15:27:56Z WARNING [1017/1807] 40f69446-96a0-4987-b80f-b52b9a66ae72: leaving unrecorded for a later run to retry.
2026-10-04T15:27:56Z WARNING 40f6dd5c-efdb-42bc-84d0-51c68da78a83: failed while reading the ElectricalSeries rates (AttributeError: module 'spikeinterface.extractors' has no attribute 'NwbRecordingExtractor')
2026-10-04T15:27:56Z WARNING [1018/1807] 40f6dd5c-efdb-42bc-84d0-51c68da78a83: leaving unrecorded for a later run to retry.
2026-10-04T15:27:56Z WARNING 40f84f03-cc67-414a-a00d-cfa35fcc7aa2: failed while reading the ElectricalSeries rates (AttributeError: module 'spikeinterface.extractors' has no attribute 'NwbRecordingExtractor')
2026-10-04T15:27:56Z WARNING [1019/1807] 40f84f03-cc67-414a-a00d-cfa35fcc7aa2: leaving unrecorded for a later run to retry.
2026-10-04T15:27:57Z WARNING 40f85c0e-0294-42d5-9829-5b51ac4978a1: failed while reading the ElectricalSeries rates (AttributeError: module 'spikeinterface.extractors' has no attribute 'NwbRecordingExtractor')
2026-10-04T15:27:57Z WARNING [1020/1807] 40f85c0e-0294-42d5-9829-5b51ac4978a1: leaving unrecorded for a later run to retry.
2026-10-04T15:27:57Z WARNING 40f89f3e-368c-435e-be6d-28af994445e9: failed while reading the ElectricalSeries rates (AttributeError: module 'spikeinterface.extractors' has no attribute 'NwbRecordingExtractor')
2026-10-04T15:27:57Z WARNING [1021/1807] 40f89f3e-368c-435e-be6d-28af994445e9: leaving unrecorded for a later run to retry.
2026-10-04T15:27:57Z WARNING 40f9081d-cf35-449e-b99f-9b5f2b345d7b: failed while reading the ElectricalSeries rates (AttributeError: module 'spikeinterface.extractors' has no attribute 'NwbRecordingExtractor')
2026-10-04T15:27:57Z WARNING [1022/1807] 40f9081d-cf35-449e-b99f-9b5f2b345d7b: leaving unrecorded for a later run to retry.
2026-10-04T15:27:57Z WARNING 40f97e9b-ead1-4eee-b0fb-1e6746a3a2ab: failed while reading the ElectricalSeries rates (AttributeError: module 'spikeinterface.extractors' has no attribute 'NwbRecordingExtractor')
2026-10-04T15:27:57Z WARNING [1023/1807] 40f97e9b-ead1-4eee-b0fb-1e6746a3a2ab: leaving unrecorded for a later run to retry.
2026-10-04T15:27:57Z WARNING 40fa4cb4-abe5-4e9c-9f9d-32aca0558f93: failed while reading the ElectricalSeries rates (AttributeError: module 'spikeinterface.extractors' has no attribute 'NwbRecordingExtractor')
2026-10-04T15:27:57Z WARNING [1024/1807] 40fa4cb4-abe5-4e9c-9f9d-32aca0558f93: leaving unrecorded for a later run to retry.
2026-10-04T15:27:57Z WARNING 40fbc502-7f29-43b7-b977-17af3fdde463: failed while reading the ElectricalSeries rates (AttributeError: module 'spikeinterface.extractors' has no attribute 'NwbRecordingExtractor')
2026-10-04T15:27:57Z WARNING [1025/1807] 40fbc502-7f29-43b7-b977-17af3fdde463: leaving unrecorded for a later run to retry.
2026-10-04T15:27:58Z WARNING 40fc7ace-9cd4-4695-8a04-4e6b833f6f4a: failed while reading the ElectricalSeries rates (AttributeError: module 'spikeinterface.extractors' has no attribute 'NwbRecordingExtractor')
2026-10-04T15:27:58Z WARNING [1026/1807] 40fc7ace-9cd4-4695-8a04-4e6b833f6f4a: leaving unrecorded for a later run to retry.
2026-10-04T15:27:58Z WARNING 40fc80cb-84d9-410a-a4dd-02983a0530ff: failed while reading the ElectricalSeries rates (AttributeError: module 'spikeinterface.extractors' has no attribute 'NwbRecordingExtractor')
2026-10-04T15:27:58Z WARNING [1027/1807] 40fc80cb-84d9-410a-a4dd-02983a0530ff: leaving unrecorded for a later run to retry.
2026-10-04T15:27:58Z WARNING 40fd0287-988a-4b7b-9527-bed08303f98a: failed while reading the ElectricalSeries rates (AttributeError: module 'spikeinterface.extractors' has no attribute 'NwbRecordingExtractor')
2026-10-04T15:27:58Z WARNING [1028/1807] 40fd0287-988a-4b7b-9527-bed08303f98a: leaving unrecorded for a later run to retry.
2026-10-04T15:27:58Z WARNING 40fe7754-f314-46de-a691-c38ccade76a8: failed while reading the ElectricalSeries rates (AttributeError: module 'spikeinterface.extractors' has no attribute 'NwbRecordingExtractor')
2026-10-04T15:27:58Z WARNING [1029/1807] 40fe7754-f314-46de-a691-c38ccade76a8: leaving unrecorded for a later run to retry.
2026-10-04T15:27:58Z WARNING 40feed04-1381-49bb-ab1f-0a21a8baab89: failed while reading the ElectricalSeries rates (AttributeError: module 'spikeinterface.extractors' has no attribute 'NwbRecordingExtractor')
2026-10-04T15:27:58Z WARNING [1030/1807] 40feed04-1381-49bb-ab1f-0a21a8baab89: leaving unrecorded for a later run to retry.
2026-10-04T15:27:58Z WARNING 40ff4a40-d26c-4c4d-a29a-578ba1ca6a4a: failed while reading the ElectricalSeries rates (AttributeError: module 'spikeinterface.extractors' has no attribute 'NwbRecordingExtractor')
2026-10-04T15:27:58Z WARNING [1031/1807] 40ff4a40-d26c-4c4d-a29a-578ba1ca6a4a: leaving unrecorded for a later run to retry.
2026-10-04T15:27:59Z WARNING 40ff5689-f7e3-4a1f-8e0b-cd8fc574b0d1: failed while reading the ElectricalSeries rates (AttributeError: module 'spikeinterface.extractors' has no attribute 'NwbRecordingExtractor')
2026-10-04T15:27:59Z WARNING [1032/1807] 40ff5689-f7e3-4a1f-8e0b-cd8fc574b0d1: leaving unrecorded for a later run to retry.
2026-10-04T15:27:59Z WARNING 40fff543-0472-4244-aa21-7ee7d29a5753: failed while reading the ElectricalSeries rates (AttributeError: module 'spikeinterface.extractors' has no attribute 'NwbRecordingExtractor')
2026-10-04T15:27:59Z WARNING [1033/1807] 40fff543-0472-4244-aa21-7ee7d29a5753: leaving unrecorded for a later run to retry.
2026-10-04T15:27:59Z WARNING 41008ff2-8217-4853-b78b-090499f391b0: failed while reading the ElectricalSeries rates (AttributeError: module 'spikeinterface.extractors' has no attribute 'NwbRecordingExtractor')
2026-10-04T15:27:59Z WARNING [1034/1807] 41008ff2-8217-4853-b78b-090499f391b0: leaving unrecorded for a later run to retry.
2026-10-04T15:27:59Z WARNING 4100f260-827c-416c-a662-3e416b5248e5: failed while reading the ElectricalSeries rates (AttributeError: module 'spikeinterface.extractors' has no attribute 'NwbRecordingExtractor')
2026-10-04T15:27:59Z WARNING [1035/1807] 4100f260-827c-416c-a662-3e416b5248e5: leaving unrecorded for a later run to retry.
2026-10-04T15:27:59Z WARNING 41032d79-9f4b-4945-9ff5-8858192b0adf: failed while reading the ElectricalSeries rates (AttributeError: module 'spikeinterface.extractors' has no attribute 'NwbRecordingExtractor')
2026-10-04T15:27:59Z WARNING [1036/1807] 41032d79-9f4b-4945-9ff5-8858192b0adf: leaving unrecorded for a later run to retry.
2026-10-04T15:27:59Z WARNING 4103f403-19c2-45e5-ad75-dafd26aaf2ff: failed while reading the ElectricalSeries rates (AttributeError: module 'spikeinterface.extractors' has no attribute 'NwbRecordingExtractor')
2026-10-04T15:27:59Z WARNING [1037/1807] 4103f403-19c2-45e5-ad75-dafd26aaf2ff: leaving unrecorded for a later run to retry.
2026-10-04T15:27:59Z WARNING 41041564-f6a1-4cce-be48-a1fd6127344a: failed while reading the ElectricalSeries rates (AttributeError: module 'spikeinterface.extractors' has no attribute 'NwbRecordingExtractor')
2026-10-04T15:27:59Z WARNING [1038/1807] 41041564-f6a1-4cce-be48-a1fd6127344a: leaving unrecorded for a later run to retry.
2026-10-04T15:28:00Z WARNING 41049fdb-8e81-4534-9ae2-d83f19c4df81: failed while reading the ElectricalSeries rates (AttributeError: module 'spikeinterface.extractors' has no attribute 'NwbRecordingExtractor')
2026-10-04T15:28:00Z WARNING [1039/1807] 41049fdb-8e81-4534-9ae2-d83f19c4df81: leaving unrecorded for a later run to retry.
2026-10-04T15:28:00Z WARNING 41051abe-f4bb-4bc8-b440-511a01acb351: failed while reading the ElectricalSeries rates (AttributeError: module 'spikeinterface.extractors' has no attribute 'NwbRecordingExtractor')
2026-10-04T15:28:00Z WARNING [1040/1807] 41051abe-f4bb-4bc8-b440-511a01acb351: leaving unrecorded for a later run to retry.
2026-10-04T15:28:00Z WARNING 410559e7-c1d9-4675-9c10-50cd487d2289: failed while reading the ElectricalSeries rates (AttributeError: module 'spikeinterface.extractors' has no attribute 'NwbRecordingExtractor')
2026-10-04T15:28:00Z WARNING [1041/1807] 410559e7-c1d9-4675-9c10-50cd487d2289: leaving unrecorded for a later run to retry.
2026-10-04T15:28:00Z WARNING 4105daae-34ab-4840-9e00-e64c5fb67ba4: failed while reading the ElectricalSeries rates (AttributeError: module 'spikeinterface.extractors' has no attribute 'NwbRecordingExtractor')
2026-10-04T15:28:00Z WARNING [1042/1807] 4105daae-34ab-4840-9e00-e64c5fb67ba4: leaving unrecorded for a later run to retry.
2026-10-04T15:28:00Z WARNING 41064d67-21c4-4da4-a5fe-7e2dd0f408a3: failed while reading the ElectricalSeries rates (AttributeError: module 'spikeinterface.extractors' has no attribute 'NwbRecordingExtractor')
2026-10-04T15:28:00Z WARNING [1043/1807] 41064d67-21c4-4da4-a5fe-7e2dd0f408a3: leaving unrecorded for a later run to retry.
2026-10-04T15:28:01Z WARNING 41066f66-755b-4c8b-9ec7-ad164c672af5: failed while reading the ElectricalSeries rates (AttributeError: module 'spikeinterface.extractors' has no attribute 'NwbRecordingExtractor')
2026-10-04T15:28:01Z WARNING [1044/1807] 41066f66-755b-4c8b-9ec7-ad164c672af5: leaving unrecorded for a later run to retry.
2026-10-04T15:28:01Z WARNING 4106994c-52ab-4fd5-802b-7d15cdce4c10: failed while reading the ElectricalSeries rates (AttributeError: module 'spikeinterface.extractors' has no attribute 'NwbRecordingExtractor')
2026-10-04T15:28:01Z WARNING [1045/1807] 4106994c-52ab-4fd5-802b-7d15cdce4c10: leaving unrecorded for a later run to retry.
2026-10-04T15:28:01Z WARNING 4107820d-0d36-4db6-8a8e-b60d924c8352: failed while reading the ElectricalSeries rates (AttributeError: module 'spikeinterface.extractors' has no attribute 'NwbRecordingExtractor')
2026-10-04T15:28:01Z WARNING [1046/1807] 4107820d-0d36-4db6-8a8e-b60d924c8352: leaving unrecorded for a later run to retry.
2026-10-04T15:28:01Z WARNING 4107f48c-9512-4d9f-bf66-1542be42050e: failed while reading the ElectricalSeries rates (AttributeError: module 'spikeinterface.extractors' has no attribute 'NwbRecordingExtractor')
2026-10-04T15:28:01Z WARNING [1047/1807] 4107f48c-9512-4d9f-bf66-1542be42050e: leaving unrecorded for a later run to retry.
2026-10-04T15:28:01Z WARNING 41086bbb-ce02-4e31-9dfd-f85d74122cd4: failed while reading the ElectricalSeries rates (AttributeError: module 'spikeinterface.extractors' has no attribute 'NwbRecordingExtractor')
2026-10-04T15:28:01Z WARNING [1048/1807] 41086bbb-ce02-4e31-9dfd-f85d74122cd4: leaving unrecorded for a later run to retry.
2026-10-04T15:28:01Z WARNING 4108ee9e-46db-4701-a2c8-f17687d6f85f: failed while reading the ElectricalSeries rates (AttributeError: module 'spikeinterface.extractors' has no attribute 'NwbRecordingExtractor')
2026-10-04T15:28:01Z WARNING [1049/1807] 4108ee9e-46db-4701-a2c8-f17687d6f85f: leaving unrecorded for a later run to retry.
2026-10-04T15:28:02Z WARNING 4109c3ec-03d2-495b-ada2-9952dcc0d90a: failed while reading the ElectricalSeries rates (AttributeError: module 'spikeinterface.extractors' has no attribute 'NwbRecordingExtractor')
2026-10-04T15:28:02Z WARNING [1050/1807] 4109c3ec-03d2-495b-ada2-9952dcc0d90a: leaving unrecorded for a later run to retry.
2026-10-04T15:28:02Z INFO [1050/1807] 4109c3ec-03d2-495b-ada2-9952dcc0d90a: checkpointed 60602 records.
2026-10-04T15:28:02Z WARNING 410a6cd9-5e0f-4643-acf8-bc33ec3dc64e: failed while reading the ElectricalSeries rates (AttributeError: module 'spikeinterface.extractors' has no attribute 'NwbRecordingExtractor')
2026-10-04T15:28:02Z WARNING [1051/1807] 410a6cd9-5e0f-4643-acf8-bc33ec3dc64e: leaving unrecorded for a later run to retry.
2026-10-04T15:28:02Z WARNING 410a7088-5c54-49de-bfb2-10234d9f7f17: failed while reading the ElectricalSeries rates (AttributeError: module 'spikeinterface.extractors' has no attribute 'NwbRecordingExtractor')
2026-10-04T15:28:02Z WARNING [1052/1807] 410a7088-5c54-49de-bfb2-10234d9f7f17: leaving unrecorded for a later run to retry.
2026-10-04T15:28:02Z WARNING 410c613b-aabe-4dce-b772-98aa7c688b93: failed while reading the ElectricalSeries rates (AttributeError: module 'spikeinterface.extractors' has no attribute 'NwbRecordingExtractor')
2026-10-04T15:28:02Z WARNING [1053/1807] 410c613b-aabe-4dce-b772-98aa7c688b93: leaving unrecorded for a later run to retry.
2026-10-04T15:28:02Z WARNING 410c6f72-9828-40bd-800f-c53d0d136bd9: failed while reading the ElectricalSeries rates (AttributeError: module 'spikeinterface.extractors' has no attribute 'NwbRecordingExtractor')
2026-10-04T15:28:02Z WARNING [1054/1807] 410c6f72-9828-40bd-800f-c53d0d136bd9: leaving unrecorded for a later run to retry.
2026-10-04T15:28:03Z WARNING 410d86c8-c419-46a0-b79f-f2721a7c35f6: failed while reading the ElectricalSeries rates (AttributeError: module 'spikeinterface.extractors' has no attribute 'NwbRecordingExtractor')
2026-10-04T15:28:03Z WARNING [1055/1807] 410d86c8-c419-46a0-b79f-f2721a7c35f6: leaving unrecorded for a later run to retry.
2026-10-04T15:28:03Z WARNING 410e3bb2-9fb5-4552-a9a0-c2d5c40cab2e: failed while reading the ElectricalSeries rates (AttributeError: module 'spikeinterface.extractors' has no attribute 'NwbRecordingExtractor')
2026-10-04T15:28:03Z WARNING [1056/1807] 410e3bb2-9fb5-4552-a9a0-c2d5c40cab2e: leaving unrecorded for a later run to retry.
2026-10-04T15:28:03Z WARNING 410ec536-22c2-42a5-a88f-e90e23d7d29d: failed while reading the ElectricalSeries rates (AttributeError: module 'spikeinterface.extractors' has no attribute 'NwbRecordingExtractor')
2026-10-04T15:28:03Z WARNING [1057/1807] 410ec536-22c2-42a5-a88f-e90e23d7d29d: leaving unrecorded for a later run to retry.
2026-10-04T15:28:03Z WARNING 410ecc3d-a670-4161-bb89-b0123bc9faa2: failed while reading the ElectricalSeries rates (AttributeError: module 'spikeinterface.extractors' has no attribute 'NwbRecordingExtractor')
2026-10-04T15:28:03Z WARNING [1058/1807] 410ecc3d-a670-4161-bb89-b0123bc9faa2: leaving unrecorded for a later run to retry.
2026-10-04T15:28:03Z WARNING 410f1dfb-4149-4cbd-8dc6-5978e6f355bd: failed while reading the ElectricalSeries rates (AttributeError: module 'spikeinterface.extractors' has no attribute 'NwbRecordingExtractor')
2026-10-04T15:28:03Z WARNING [1059/1807] 410f1dfb-4149-4cbd-8dc6-5978e6f355bd: leaving unrecorded for a later run to retry.
2026-10-04T15:28:03Z WARNING 410f3790-385d-4ed2-87e0-ff0d9d13c14a: failed while reading the ElectricalSeries rates (AttributeError: module 'spikeinterface.extractors' has no attribute 'NwbRecordingExtractor')
2026-10-04T15:28:03Z WARNING [1060/1807] 410f3790-385d-4ed2-87e0-ff0d9d13c14a: leaving unrecorded for a later run to retry.
2026-10-04T15:28:04Z WARNING 410fa6e2-534a-45a0-8d22-eaacfde04a67: failed while reading the ElectricalSeries rates (AttributeError: module 'spikeinterface.extractors' has no attribute 'NwbRecordingExtractor')
2026-10-04T15:28:04Z WARNING [1061/1807] 410fa6e2-534a-45a0-8d22-eaacfde04a67: leaving unrecorded for a later run to retry.
2026-10-04T15:28:04Z WARNING 410fc125-1ab3-4ab8-9626-296f258c4081: failed while reading the ElectricalSeries rates (AttributeError: module 'spikeinterface.extractors' has no attribute 'NwbRecordingExtractor')
2026-10-04T15:28:04Z WARNING [1062/1807] 410fc125-1ab3-4ab8-9626-296f258c4081: leaving unrecorded for a later run to retry.
2026-10-04T15:28:04Z WARNING 4110ff53-73f1-4fa8-b2fc-db92c830a6c6: failed while reading the ElectricalSeries rates (AttributeError: module 'spikeinterface.extractors' has no attribute 'NwbRecordingExtractor')
2026-10-04T15:28:04Z WARNING [1063/1807] 4110ff53-73f1-4fa8-b2fc-db92c830a6c6: leaving unrecorded for a later run to retry.
2026-10-04T15:28:04Z WARNING 41114a74-e53e-4763-ba6c-4841dac31c2e: failed while reading the ElectricalSeries rates (AttributeError: module 'spikeinterface.extractors' has no attribute 'NwbRecordingExtractor')
2026-10-04T15:28:04Z WARNING [1064/1807] 41114a74-e53e-4763-ba6c-4841dac31c2e: leaving unrecorded for a later run to retry.
2026-10-04T15:28:04Z WARNING 41127209-4707-4eda-af39-38daa4b89475: failed while reading the ElectricalSeries rates (AttributeError: module 'spikeinterface.extractors' has no attribute 'NwbRecordingExtractor')
2026-10-04T15:28:04Z WARNING [1065/1807] 41127209-4707-4eda-af39-38daa4b89475: leaving unrecorded for a later run to retry.
2026-10-04T15:28:05Z WARNING 4113ff6b-661e-436d-8bf9-61bee7c69b76: failed while reading the ElectricalSeries rates (AttributeError: module 'spikeinterface.extractors' has no attribute 'NwbRecordingExtractor')
2026-10-04T15:28:05Z WARNING [1066/1807] 4113ff6b-661e-436d-8bf9-61bee7c69b76: leaving unrecorded for a later run to retry.
2026-10-04T15:28:05Z WARNING 4114931a-70f0-431f-99ea-d509242ddf8e: failed while reading the ElectricalSeries rates (AttributeError: module 'spikeinterface.extractors' has no attribute 'NwbRecordingExtractor')
2026-10-04T15:28:05Z WARNING [1067/1807] 4114931a-70f0-431f-99ea-d509242ddf8e: leaving unrecorded for a later run to retry.
2026-10-04T15:28:05Z WARNING 4114d74d-4406-4cd4-a41a-c12d4e769a0f: failed while reading the ElectricalSeries rates (AttributeError: module 'spikeinterface.extractors' has no attribute 'NwbRecordingExtractor')
2026-10-04T15:28:05Z WARNING [1068/1807] 4114d74d-4406-4cd4-a41a-c12d4e769a0f: leaving unrecorded for a later run to retry.
2026-10-04T15:28:05Z WARNING 4114db80-1bf5-4cbf-a4e0-1f193e11bc30: failed while reading the ElectricalSeries rates (AttributeError: module 'spikeinterface.extractors' has no attribute 'NwbRecordingExtractor')
2026-10-04T15:28:05Z WARNING [1069/1807] 4114db80-1bf5-4cbf-a4e0-1f193e11bc30: leaving unrecorded for a later run to retry.
2026-10-04T15:28:05Z WARNING 4115a76b-1c0f-48ae-88d2-5a2b7a0dffd5: failed while reading the ElectricalSeries rates (AttributeError: module 'spikeinterface.extractors' has no attribute 'NwbRecordingExtractor')
2026-10-04T15:28:05Z WARNING [1070/1807] 4115a76b-1c0f-48ae-88d2-5a2b7a0dffd5: leaving unrecorded for a later run to retry.
2026-10-04T15:28:06Z WARNING 4115faee-36ad-4a16-97c8-f2cf0003fbcb: failed while reading the ElectricalSeries rates (AttributeError: module 'spikeinterface.extractors' has no attribute 'NwbRecordingExtractor')
2026-10-04T15:28:06Z WARNING [1071/1807] 4115faee-36ad-4a16-97c8-f2cf0003fbcb: leaving unrecorded for a later run to retry.
2026-10-04T15:28:06Z WARNING 41166ae1-03bc-4c73-8680-fc147f0d5731: failed while reading the ElectricalSeries rates (AttributeError: module 'spikeinterface.extractors' has no attribute 'NwbRecordingExtractor')
2026-10-04T15:28:06Z WARNING [1072/1807] 41166ae1-03bc-4c73-8680-fc147f0d5731: leaving unrecorded for a later run to retry.
2026-10-04T15:28:06Z WARNING 411707d8-a35d-48c0-8be3-9b2326dccbc1: failed while reading the ElectricalSeries rates (AttributeError: module 'spikeinterface.extractors' has no attribute 'NwbRecordingExtractor')
2026-10-04T15:28:06Z WARNING [1073/1807] 411707d8-a35d-48c0-8be3-9b2326dccbc1: leaving unrecorded for a later run to retry.
2026-10-04T15:28:06Z WARNING 411820cd-33a5-4c36-9bc7-81afafba668a: failed while reading the ElectricalSeries rates (AttributeError: module 'spikeinterface.extractors' has no attribute 'NwbRecordingExtractor')
2026-10-04T15:28:06Z WARNING [1074/1807] 411820cd-33a5-4c36-9bc7-81afafba668a: leaving unrecorded for a later run to retry.
2026-10-04T15:28:06Z WARNING 41185935-0131-4687-95cc-572604104a0c: failed while reading the ElectricalSeries rates (AttributeError: module 'spikeinterface.extractors' has no attribute 'NwbRecordingExtractor')
2026-10-04T15:28:06Z WARNING [1075/1807] 41185935-0131-4687-95cc-572604104a0c: leaving unrecorded for a later run to retry.
2026-10-04T15:28:06Z WARNING 41187a8e-172c-41f9-96cc-a4a253c55eee: failed while reading the ElectricalSeries rates (AttributeError: module 'spikeinterface.extractors' has no attribute 'NwbRecordingExtractor')
2026-10-04T15:28:06Z WARNING [1076/1807] 41187a8e-172c-41f9-96cc-a4a253c55eee: leaving unrecorded for a later run to retry.
2026-10-04T15:28:07Z WARNING 4118fdb7-4010-4b55-91c2-7e2bc92588ce: failed while reading the ElectricalSeries rates (AttributeError: module 'spikeinterface.extractors' has no attribute 'NwbRecordingExtractor')
2026-10-04T15:28:07Z WARNING [1077/1807] 4118fdb7-4010-4b55-91c2-7e2bc92588ce: leaving unrecorded for a later run to retry.
2026-10-04T15:28:07Z WARNING 41196c0d-600c-4669-a1e5-f290733b63b0: failed while reading the ElectricalSeries rates (AttributeError: module 'spikeinterface.extractors' has no attribute 'NwbRecordingExtractor')
2026-10-04T15:28:07Z WARNING [1078/1807] 41196c0d-600c-4669-a1e5-f290733b63b0: leaving unrecorded for a later run to retry.
2026-10-04T15:28:07Z WARNING 41197d13-62a8-43ce-8779-b5f8ce730061: failed while reading the ElectricalSeries rates (AttributeError: module 'spikeinterface.extractors' has no attribute 'NwbRecordingExtractor')
2026-10-04T15:28:07Z WARNING [1079/1807] 41197d13-62a8-43ce-8779-b5f8ce730061: leaving unrecorded for a later run to retry.
2026-10-04T15:28:07Z WARNING 41198de2-3c79-4981-9944-5fb61a293877: failed while reading the ElectricalSeries rates (AttributeError: module 'spikeinterface.extractors' has no attribute 'NwbRecordingExtractor')
2026-10-04T15:28:07Z WARNING [1080/1807] 41198de2-3c79-4981-9944-5fb61a293877: leaving unrecorded for a later run to retry.
2026-10-04T15:28:07Z WARNING 411a8865-60f6-4984-8b92-6301c5babdf9: failed while reading the ElectricalSeries rates (AttributeError: module 'spikeinterface.extractors' has no attribute 'NwbRecordingExtractor')
2026-10-04T15:28:07Z WARNING [1081/1807] 411a8865-60f6-4984-8b92-6301c5babdf9: leaving unrecorded for a later run to retry.
2026-10-04T15:28:07Z WARNING 411abfe9-2103-45e5-b3f0-7e6d452c6227: failed while reading the ElectricalSeries rates (AttributeError: module 'spikeinterface.extractors' has no attribute 'NwbRecordingExtractor')
2026-10-04T15:28:07Z WARNING [1082/1807] 411abfe9-2103-45e5-b3f0-7e6d452c6227: leaving unrecorded for a later run to retry.
2026-10-04T15:28:08Z WARNING 411af500-8787-47ca-b172-d8f062de17d2: failed while reading the ElectricalSeries rates (AttributeError: module 'spikeinterface.extractors' has no attribute 'NwbRecordingExtractor')
2026-10-04T15:28:08Z WARNING [1083/1807] 411af500-8787-47ca-b172-d8f062de17d2: leaving unrecorded for a later run to retry.
2026-10-04T15:28:08Z WARNING 411b155b-9628-46d7-9c91-cd11dbc6331b: failed while reading the ElectricalSeries rates (AttributeError: module 'spikeinterface.extractors' has no attribute 'NwbRecordingExtractor')
2026-10-04T15:28:08Z WARNING [1084/1807] 411b155b-9628-46d7-9c91-cd11dbc6331b: leaving unrecorded for a later run to retry.
2026-10-04T15:28:08Z WARNING 411b332b-fa3d-4d16-930c-f2ca520a82f8: failed while reading the ElectricalSeries rates (AttributeError: module 'spikeinterface.extractors' has no attribute 'NwbRecordingExtractor')
2026-10-04T15:28:08Z WARNING [1085/1807] 411b332b-fa3d-4d16-930c-f2ca520a82f8: leaving unrecorded for a later run to retry.
2026-10-04T15:28:08Z WARNING 411b4e42-a60b-4abe-a92e-cd28f4861945: failed while reading the ElectricalSeries rates (AttributeError: module 'spikeinterface.extractors' has no attribute 'NwbRecordingExtractor')
2026-10-04T15:28:08Z WARNING [1086/1807] 411b4e42-a60b-4abe-a92e-cd28f4861945: leaving unrecorded for a later run to retry.
2026-10-04T15:28:08Z WARNING 411be970-9564-4f96-8c30-7088a197c0d5: failed while reading the ElectricalSeries rates (AttributeError: module 'spikeinterface.extractors' has no attribute 'NwbRecordingExtractor')
2026-10-04T15:28:08Z WARNING [1087/1807] 411be970-9564-4f96-8c30-7088a197c0d5: leaving unrecorded for a later run to retry.
2026-10-04T15:28:08Z WARNING 411c6be7-cd82-47cd-acbe-2f156023966b: failed while reading the ElectricalSeries rates (AttributeError: module 'spikeinterface.extractors' has no attribute 'NwbRecordingExtractor')
2026-10-04T15:28:08Z WARNING [1088/1807] 411c6be7-cd82-47cd-acbe-2f156023966b: leaving unrecorded for a later run to retry.
2026-10-04T15:28:08Z WARNING 411d31f3-6690-4b06-a6e5-ede4fdc7c31c: failed while reading the ElectricalSeries rates (AttributeError: module 'spikeinterface.extractors' has no attribute 'NwbRecordingExtractor')
2026-10-04T15:28:08Z WARNING [1089/1807] 411d31f3-6690-4b06-a6e5-ede4fdc7c31c: leaving unrecorded for a later run to retry.
2026-10-04T15:28:09Z WARNING 411d8753-e0d9-48b3-b198-41cd9f08ff04: failed while reading the ElectricalSeries rates (AttributeError: module 'spikeinterface.extractors' has no attribute 'NwbRecordingExtractor')
2026-10-04T15:28:09Z WARNING [1090/1807] 411d8753-e0d9-48b3-b198-41cd9f08ff04: leaving unrecorded for a later run to retry.
2026-10-04T15:28:09Z WARNING 411daae1-0626-4b34-8334-49bb7da045ce: failed while reading the ElectricalSeries rates (AttributeError: module 'spikeinterface.extractors' has no attribute 'NwbRecordingExtractor')
2026-10-04T15:28:09Z WARNING [1091/1807] 411daae1-0626-4b34-8334-49bb7da045ce: leaving unrecorded for a later run to retry.
2026-10-04T15:28:09Z WARNING 411f76d2-eb49-4774-a91a-72fb3e95fb85: failed while reading the ElectricalSeries rates (AttributeError: module 'spikeinterface.extractors' has no attribute 'NwbRecordingExtractor')
2026-10-04T15:28:09Z WARNING [1092/1807] 411f76d2-eb49-4774-a91a-72fb3e95fb85: leaving unrecorded for a later run to retry.
2026-10-04T15:28:09Z WARNING 411f9c40-c253-4db0-b39b-97ed5e78b10c: failed while reading the ElectricalSeries rates (AttributeError: module 'spikeinterface.extractors' has no attribute 'NwbRecordingExtractor')
2026-10-04T15:28:09Z WARNING [1093/1807] 411f9c40-c253-4db0-b39b-97ed5e78b10c: leaving unrecorded for a later run to retry.
2026-10-04T15:28:09Z WARNING 41200410-356a-441d-b42e-a2d55a01aa6f: failed while reading the ElectricalSeries rates (AttributeError: module 'spikeinterface.extractors' has no attribute 'NwbRecordingExtractor')
2026-10-04T15:28:09Z WARNING [1094/1807] 41200410-356a-441d-b42e-a2d55a01aa6f: leaving unrecorded for a later run to retry.
2026-10-04T15:28:09Z WARNING 41203bb3-326e-4861-a3cc-4de1130f86ea: failed while reading the ElectricalSeries rates (AttributeError: module 'spikeinterface.extractors' has no attribute 'NwbRecordingExtractor')
2026-10-04T15:28:09Z WARNING [1095/1807] 41203bb3-326e-4861-a3cc-4de1130f86ea: leaving unrecorded for a later run to retry.
2026-10-04T15:28:10Z WARNING 4120c525-e869-448a-bf88-7837cae72d76: failed while reading the ElectricalSeries rates (AttributeError: module 'spikeinterface.extractors' has no attribute 'NwbRecordingExtractor')
2026-10-04T15:28:10Z WARNING [1096/1807] 4120c525-e869-448a-bf88-7837cae72d76: leaving unrecorded for a later run to retry.
2026-10-04T15:28:10Z WARNING 412115cb-961e-4861-b2ed-0fe46722ae41: failed while reading the ElectricalSeries rates (AttributeError: module 'spikeinterface.extractors' has no attribute 'NwbRecordingExtractor')
2026-10-04T15:28:10Z WARNING [1097/1807] 412115cb-961e-4861-b2ed-0fe46722ae41: leaving unrecorded for a later run to retry.
2026-10-04T15:28:10Z WARNING 4121c0eb-678c-4ee9-8c96-925a82b762c0: failed while reading the ElectricalSeries rates (AttributeError: module 'spikeinterface.extractors' has no attribute 'NwbRecordingExtractor')
2026-10-04T15:28:10Z WARNING [1098/1807] 4121c0eb-678c-4ee9-8c96-925a82b762c0: leaving unrecorded for a later run to retry.
2026-10-04T15:28:10Z WARNING 4122009c-8ccd-46a5-a976-fbaf396554d9: failed while reading the ElectricalSeries rates (AttributeError: module 'spikeinterface.extractors' has no attribute 'NwbRecordingExtractor')
2026-10-04T15:28:10Z WARNING [1099/1807] 4122009c-8ccd-46a5-a976-fbaf396554d9: leaving unrecorded for a later run to retry.
2026-10-04T15:28:10Z WARNING 41225926-b243-43ea-bea9-149d49e4a4b7: failed while reading the ElectricalSeries rates (AttributeError: module 'spikeinterface.extractors' has no attribute 'NwbRecordingExtractor')
2026-10-04T15:28:10Z WARNING [1100/1807] 41225926-b243-43ea-bea9-149d49e4a4b7: leaving unrecorded for a later run to retry.
2026-10-04T15:28:10Z INFO [1100/1807] 41225926-b243-43ea-bea9-149d49e4a4b7: checkpointed 60602 records.
2026-10-04T15:28:10Z WARNING 41227c7f-7aaf-4466-a8ce-de19dfaa4c01: failed while reading the ElectricalSeries rates (AttributeError: module 'spikeinterface.extractors' has no attribute 'NwbRecordingExtractor')
2026-10-04T15:28:10Z WARNING [1101/1807] 41227c7f-7aaf-4466-a8ce-de19dfaa4c01: leaving unrecorded for a later run to retry.
2026-10-04T15:28:11Z WARNING 41238aab-8ce3-4180-b6f2-2cbfc6e327d3: failed while reading the ElectricalSeries rates (AttributeError: module 'spikeinterface.extractors' has no attribute 'NwbRecordingExtractor')
2026-10-04T15:28:11Z WARNING [1102/1807] 41238aab-8ce3-4180-b6f2-2cbfc6e327d3: leaving unrecorded for a later run to retry.
2026-10-04T15:28:11Z WARNING 41248df6-a5de-4a3a-827d-904e16a425de: failed while reading the ElectricalSeries rates (AttributeError: module 'spikeinterface.extractors' has no attribute 'NwbRecordingExtractor')
2026-10-04T15:28:11Z WARNING [1103/1807] 41248df6-a5de-4a3a-827d-904e16a425de: leaving unrecorded for a later run to retry.
2026-10-04T15:28:11Z WARNING 4124b018-b40a-4c94-80ac-a884fe6f8ddf: failed while reading the ElectricalSeries rates (AttributeError: module 'spikeinterface.extractors' has no attribute 'NwbRecordingExtractor')
2026-10-04T15:28:11Z WARNING [1104/1807] 4124b018-b40a-4c94-80ac-a884fe6f8ddf: leaving unrecorded for a later run to retry.
2026-10-04T15:28:11Z WARNING 4124dec3-9a1a-4183-813b-cf98b6ce6327: failed while reading the ElectricalSeries rates (AttributeError: module 'spikeinterface.extractors' has no attribute 'NwbRecordingExtractor')
2026-10-04T15:28:11Z WARNING [1105/1807] 4124dec3-9a1a-4183-813b-cf98b6ce6327: leaving unrecorded for a later run to retry.
2026-10-04T15:28:11Z WARNING 4124e3b5-fef0-4b13-a8a4-866d32f09047: failed while reading the ElectricalSeries rates (AttributeError: module 'spikeinterface.extractors' has no attribute 'NwbRecordingExtractor')
2026-10-04T15:28:11Z WARNING [1106/1807] 4124e3b5-fef0-4b13-a8a4-866d32f09047: leaving unrecorded for a later run to retry.
2026-10-04T15:28:11Z WARNING 41274e1c-db9d-47e7-bdbb-a8871e99e592: failed while reading the ElectricalSeries rates (AttributeError: module 'spikeinterface.extractors' has no attribute 'NwbRecordingExtractor')
2026-10-04T15:28:11Z WARNING [1107/1807] 41274e1c-db9d-47e7-bdbb-a8871e99e592: leaving unrecorded for a later run to retry.
2026-10-04T15:28:11Z WARNING 41274f56-84d8-4507-bb7f-a06bcfb6c401: failed while reading the ElectricalSeries rates (AttributeError: module 'spikeinterface.extractors' has no attribute 'NwbRecordingExtractor')
2026-10-04T15:28:11Z WARNING [1108/1807] 41274f56-84d8-4507-bb7f-a06bcfb6c401: leaving unrecorded for a later run to retry.
2026-10-04T15:28:12Z WARNING 41279d07-fc78-4648-ad8c-284a4b9209db: failed while reading the ElectricalSeries rates (AttributeError: module 'spikeinterface.extractors' has no attribute 'NwbRecordingExtractor')
2026-10-04T15:28:12Z WARNING [1109/1807] 41279d07-fc78-4648-ad8c-284a4b9209db: leaving unrecorded for a later run to retry.
2026-10-04T15:28:12Z WARNING 4127c1bd-531e-49dd-9b52-b3574a074d20: failed while reading the ElectricalSeries rates (AttributeError: module 'spikeinterface.extractors' has no attribute 'NwbRecordingExtractor')
2026-10-04T15:28:12Z WARNING [1110/1807] 4127c1bd-531e-49dd-9b52-b3574a074d20: leaving unrecorded for a later run to retry.
2026-10-04T15:28:12Z WARNING 4127faa1-aae6-46ec-8624-f57896bb63ef: failed while reading the ElectricalSeries rates (AttributeError: module 'spikeinterface.extractors' has no attribute 'NwbRecordingExtractor')
2026-10-04T15:28:12Z WARNING [1111/1807] 4127faa1-aae6-46ec-8624-f57896bb63ef: leaving unrecorded for a later run to retry.
2026-10-04T15:28:12Z WARNING 41286a97-5720-4e30-a038-29ac34f421d0: failed while reading the ElectricalSeries rates (AttributeError: module 'spikeinterface.extractors' has no attribute 'NwbRecordingExtractor')
2026-10-04T15:28:12Z WARNING [1112/1807] 41286a97-5720-4e30-a038-29ac34f421d0: leaving unrecorded for a later run to retry.
2026-10-04T15:28:12Z WARNING 41288579-4120-4670-9741-c78bc4e9d4a3: failed while reading the ElectricalSeries rates (AttributeError: module 'spikeinterface.extractors' has no attribute 'NwbRecordingExtractor')
2026-10-04T15:28:12Z WARNING [1113/1807] 41288579-4120-4670-9741-c78bc4e9d4a3: leaving unrecorded for a later run to retry.
2026-10-04T15:28:12Z WARNING 412a18f8-8d39-4a37-8b3c-229ccc477d1d: failed while reading the ElectricalSeries rates (AttributeError: module 'spikeinterface.extractors' has no attribute 'NwbRecordingExtractor')
2026-10-04T15:28:12Z WARNING [1114/1807] 412a18f8-8d39-4a37-8b3c-229ccc477d1d: leaving unrecorded for a later run to retry.
2026-10-04T15:28:13Z WARNING 412a393e-2c44-4549-8850-0fb454f25a8f: failed while reading the ElectricalSeries rates (AttributeError: module 'spikeinterface.extractors' has no attribute 'NwbRecordingExtractor')
2026-10-04T15:28:13Z WARNING [1115/1807] 412a393e-2c44-4549-8850-0fb454f25a8f: leaving unrecorded for a later run to retry.
2026-10-04T15:28:13Z WARNING 412a4866-f010-462a-86a7-9b286fc8a961: failed while reading the ElectricalSeries rates (AttributeError: module 'spikeinterface.extractors' has no attribute 'NwbRecordingExtractor')
2026-10-04T15:28:13Z WARNING [1116/1807] 412a4866-f010-462a-86a7-9b286fc8a961: leaving unrecorded for a later run to retry.
2026-10-04T15:28:13Z WARNING 412a6412-d107-42ad-910a-5765e0e2984b: failed while reading the ElectricalSeries rates (AttributeError: module 'spikeinterface.extractors' has no attribute 'NwbRecordingExtractor')
2026-10-04T15:28:13Z WARNING [1117/1807] 412a6412-d107-42ad-910a-5765e0e2984b: leaving unrecorded for a later run to retry.
2026-10-04T15:28:13Z WARNING 412b25e4-1261-4f70-908a-435c38cbafa6: failed while reading the ElectricalSeries rates (AttributeError: module 'spikeinterface.extractors' has no attribute 'NwbRecordingExtractor')
2026-10-04T15:28:13Z WARNING [1118/1807] 412b25e4-1261-4f70-908a-435c38cbafa6: leaving unrecorded for a later run to retry.
2026-10-04T15:28:13Z WARNING 412c2bd8-90eb-4799-9dd2-31215c3acbd5: failed while reading the ElectricalSeries rates (AttributeError: module 'spikeinterface.extractors' has no attribute 'NwbRecordingExtractor')
2026-10-04T15:28:13Z WARNING [1119/1807] 412c2bd8-90eb-4799-9dd2-31215c3acbd5: leaving unrecorded for a later run to retry.
2026-10-04T15:28:13Z WARNING 412c4a94-7196-48dd-8739-0effa393e9fb: failed while reading the ElectricalSeries rates (AttributeError: module 'spikeinterface.extractors' has no attribute 'NwbRecordingExtractor')
2026-10-04T15:28:13Z WARNING [1120/1807] 412c4a94-7196-48dd-8739-0effa393e9fb: leaving unrecorded for a later run to retry.
2026-10-04T15:28:13Z WARNING 412ce0d9-b16d-494d-be04-ab6cb7e10285: failed while reading the ElectricalSeries rates (AttributeError: module 'spikeinterface.extractors' has no attribute 'NwbRecordingExtractor')
2026-10-04T15:28:13Z WARNING [1121/1807] 412ce0d9-b16d-494d-be04-ab6cb7e10285: leaving unrecorded for a later run to retry.
2026-10-04T15:28:14Z WARNING 412d457d-c2a1-4b2a-875e-b4de1c5cd131: failed while reading the ElectricalSeries rates (AttributeError: module 'spikeinterface.extractors' has no attribute 'NwbRecordingExtractor')
2026-10-04T15:28:14Z WARNING [1122/1807] 412d457d-c2a1-4b2a-875e-b4de1c5cd131: leaving unrecorded for a later run to retry.
2026-10-04T15:28:14Z WARNING 412d4e9d-628d-4077-8865-ece0045b9b7b: failed while reading the ElectricalSeries rates (AttributeError: module 'spikeinterface.extractors' has no attribute 'NwbRecordingExtractor')
2026-10-04T15:28:14Z WARNING [1123/1807] 412d4e9d-628d-4077-8865-ece0045b9b7b: leaving unrecorded for a later run to retry.
2026-10-04T15:28:14Z WARNING 412f5912-341e-485c-ba8f-3de3a64430b5: failed while reading the ElectricalSeries rates (AttributeError: module 'spikeinterface.extractors' has no attribute 'NwbRecordingExtractor')
2026-10-04T15:28:14Z WARNING [1124/1807] 412f5912-341e-485c-ba8f-3de3a64430b5: leaving unrecorded for a later run to retry.
2026-10-04T15:28:14Z WARNING 412f973e-5b1a-4153-b3ed-81e703877166: failed while reading the ElectricalSeries rates (AttributeError: module 'spikeinterface.extractors' has no attribute 'NwbRecordingExtractor')
2026-10-04T15:28:14Z WARNING [1125/1807] 412f973e-5b1a-4153-b3ed-81e703877166: leaving unrecorded for a later run to retry.
2026-10-04T15:28:14Z WARNING 412fc4b1-bb44-428f-afbc-ab7dd91d5a83: failed while reading the ElectricalSeries rates (AttributeError: module 'spikeinterface.extractors' has no attribute 'NwbRecordingExtractor')
2026-10-04T15:28:14Z WARNING [1126/1807] 412fc4b1-bb44-428f-afbc-ab7dd91d5a83: leaving unrecorded for a later run to retry.
2026-10-04T15:28:14Z WARNING 41310b91-a689-4348-a5cf-8843198c8584: failed while reading the ElectricalSeries rates (AttributeError: module 'spikeinterface.extractors' has no attribute 'NwbRecordingExtractor')
2026-10-04T15:28:14Z WARNING [1127/1807] 41310b91-a689-4348-a5cf-8843198c8584: leaving unrecorded for a later run to retry.
2026-10-04T15:28:15Z WARNING 413125eb-4cc8-4fc0-870a-0f5d91270a4e: failed while reading the ElectricalSeries rates (AttributeError: module 'spikeinterface.extractors' has no attribute 'NwbRecordingExtractor')
2026-10-04T15:28:15Z WARNING [1128/1807] 413125eb-4cc8-4fc0-870a-0f5d91270a4e: leaving unrecorded for a later run to retry.
2026-10-04T15:28:15Z WARNING 4131ae55-9add-4bbb-ace8-f090fb32fc0b: failed while reading the ElectricalSeries rates (AttributeError: module 'spikeinterface.extractors' has no attribute 'NwbRecordingExtractor')
2026-10-04T15:28:15Z WARNING [1129/1807] 4131ae55-9add-4bbb-ace8-f090fb32fc0b: leaving unrecorded for a later run to retry.
2026-10-04T15:28:15Z WARNING 4131feca-6bd2-4ff2-81e3-f2fee90a314e: failed while reading the ElectricalSeries rates (AttributeError: module 'spikeinterface.extractors' has no attribute 'NwbRecordingExtractor')
2026-10-04T15:28:15Z WARNING [1130/1807] 4131feca-6bd2-4ff2-81e3-f2fee90a314e: leaving unrecorded for a later run to retry.
2026-10-04T15:28:15Z WARNING 41327b5b-dfd6-4f35-a4d1-3c3fee57ecfe: failed while reading the ElectricalSeries rates (AttributeError: module 'spikeinterface.extractors' has no attribute 'NwbRecordingExtractor')
2026-10-04T15:28:15Z WARNING [1131/1807] 41327b5b-dfd6-4f35-a4d1-3c3fee57ecfe: leaving unrecorded for a later run to retry.
2026-10-04T15:28:15Z WARNING 4132a3ef-e3cf-4eb9-93c0-fb58b53d2a86: failed while reading the ElectricalSeries rates (AttributeError: module 'spikeinterface.extractors' has no attribute 'NwbRecordingExtractor')
2026-10-04T15:28:15Z WARNING [1132/1807] 4132a3ef-e3cf-4eb9-93c0-fb58b53d2a86: leaving unrecorded for a later run to retry.
2026-10-04T15:28:15Z WARNING 4132ed17-4d44-4ab7-93c8-7ef83c91948e: failed while reading the ElectricalSeries rates (AttributeError: module 'spikeinterface.extractors' has no attribute 'NwbRecordingExtractor')
2026-10-04T15:28:15Z WARNING [1133/1807] 4132ed17-4d44-4ab7-93c8-7ef83c91948e: leaving unrecorded for a later run to retry.
2026-10-04T15:28:15Z WARNING 41335987-c808-4bc8-b34e-399a1a13bb6b: failed while reading the ElectricalSeries rates (AttributeError: module 'spikeinterface.extractors' has no attribute 'NwbRecordingExtractor')
2026-10-04T15:28:15Z WARNING [1134/1807] 41335987-c808-4bc8-b34e-399a1a13bb6b: leaving unrecorded for a later run to retry.
2026-10-04T15:28:16Z WARNING 41335a4c-ac82-4179-bd61-c24ed47ff948: failed while reading the ElectricalSeries rates (AttributeError: module 'spikeinterface.extractors' has no attribute 'NwbRecordingExtractor')
2026-10-04T15:28:16Z WARNING [1135/1807] 41335a4c-ac82-4179-bd61-c24ed47ff948: leaving unrecorded for a later run to retry.
2026-10-04T15:28:16Z WARNING 4133b3ef-c528-4215-8bea-c64e4b821221: failed while reading the ElectricalSeries rates (AttributeError: module 'spikeinterface.extractors' has no attribute 'NwbRecordingExtractor')
2026-10-04T15:28:16Z WARNING [1136/1807] 4133b3ef-c528-4215-8bea-c64e4b821221: leaving unrecorded for a later run to retry.
2026-10-04T15:28:16Z WARNING 41341c9f-3c76-431e-8d1e-cd1080a80ec5: failed while reading the ElectricalSeries rates (AttributeError: module 'spikeinterface.extractors' has no attribute 'NwbRecordingExtractor')
2026-10-04T15:28:16Z WARNING [1137/1807] 41341c9f-3c76-431e-8d1e-cd1080a80ec5: leaving unrecorded for a later run to retry.
2026-10-04T15:28:16Z WARNING 413457ca-bc11-4d6f-8eef-1856aeca44ed: failed while reading the ElectricalSeries rates (AttributeError: module 'spikeinterface.extractors' has no attribute 'NwbRecordingExtractor')
2026-10-04T15:28:16Z WARNING [1138/1807] 413457ca-bc11-4d6f-8eef-1856aeca44ed: leaving unrecorded for a later run to retry.
2026-10-04T15:28:16Z WARNING 4134e19d-0ee7-48ba-8377-f16e6e8d63e6: failed while reading the ElectricalSeries rates (AttributeError: module 'spikeinterface.extractors' has no attribute 'NwbRecordingExtractor')
2026-10-04T15:28:16Z WARNING [1139/1807] 4134e19d-0ee7-48ba-8377-f16e6e8d63e6: leaving unrecorded for a later run to retry.
2026-10-04T15:28:16Z WARNING 4135840a-a421-401c-9170-658438e5f894: failed while reading the ElectricalSeries rates (AttributeError: module 'spikeinterface.extractors' has no attribute 'NwbRecordingExtractor')
2026-10-04T15:28:16Z WARNING [1140/1807] 4135840a-a421-401c-9170-658438e5f894: leaving unrecorded for a later run to retry.
2026-10-04T15:28:16Z WARNING 413584c1-f42b-4582-abaa-04ea825f3094: failed while reading the ElectricalSeries rates (AttributeError: module 'spikeinterface.extractors' has no attribute 'NwbRecordingExtractor')
2026-10-04T15:28:16Z WARNING [1141/1807] 413584c1-f42b-4582-abaa-04ea825f3094: leaving unrecorded for a later run to retry.
2026-10-04T15:28:17Z WARNING 413632c1-a29d-43fe-84d5-57a9fc33cbf0: failed while reading the ElectricalSeries rates (AttributeError: module 'spikeinterface.extractors' has no attribute 'NwbRecordingExtractor')
2026-10-04T15:28:17Z WARNING [1142/1807] 413632c1-a29d-43fe-84d5-57a9fc33cbf0: leaving unrecorded for a later run to retry.
2026-10-04T15:28:17Z WARNING 413640bc-a1cc-42e7-b5c7-66faeeddcb75: failed while reading the ElectricalSeries rates (AttributeError: module 'spikeinterface.extractors' has no attribute 'NwbRecordingExtractor')
2026-10-04T15:28:17Z WARNING [1143/1807] 413640bc-a1cc-42e7-b5c7-66faeeddcb75: leaving unrecorded for a later run to retry.
2026-10-04T15:28:17Z WARNING 41374d8d-f719-42fc-ad19-0b1c0cf3b009: failed while reading the ElectricalSeries rates (AttributeError: module 'spikeinterface.extractors' has no attribute 'NwbRecordingExtractor')
2026-10-04T15:28:17Z WARNING [1144/1807] 41374d8d-f719-42fc-ad19-0b1c0cf3b009: leaving unrecorded for a later run to retry.
2026-10-04T15:28:17Z WARNING 41380d2d-fbe3-4680-b4a2-94dfae88f9e8: failed while reading the ElectricalSeries rates (AttributeError: module 'spikeinterface.extractors' has no attribute 'NwbRecordingExtractor')
2026-10-04T15:28:17Z WARNING [1145/1807] 41380d2d-fbe3-4680-b4a2-94dfae88f9e8: leaving unrecorded for a later run to retry.
2026-10-04T15:28:17Z WARNING 41382f10-794a-4b0a-bc81-4c91db64a28d: failed while reading the ElectricalSeries rates (AttributeError: module 'spikeinterface.extractors' has no attribute 'NwbRecordingExtractor')
2026-10-04T15:28:17Z WARNING [1146/1807] 41382f10-794a-4b0a-bc81-4c91db64a28d: leaving unrecorded for a later run to retry.
2026-10-04T15:28:17Z WARNING 4138a66a-f801-47e7-9933-bb29b2a9a9aa: failed while reading the ElectricalSeries rates (AttributeError: module 'spikeinterface.extractors' has no attribute 'NwbRecordingExtractor')
2026-10-04T15:28:17Z WARNING [1147/1807] 4138a66a-f801-47e7-9933-bb29b2a9a9aa: leaving unrecorded for a later run to retry.
2026-10-04T15:28:18Z WARNING 4138b7ef-2775-4435-ac4c-476eedac49fb: failed while reading the ElectricalSeries rates (AttributeError: module 'spikeinterface.extractors' has no attribute 'NwbRecordingExtractor')
2026-10-04T15:28:18Z WARNING [1148/1807] 4138b7ef-2775-4435-ac4c-476eedac49fb: leaving unrecorded for a later run to retry.
2026-10-04T15:28:18Z WARNING 4138f21c-4082-42f6-8c8e-3306ad473d23: failed while reading the ElectricalSeries rates (AttributeError: module 'spikeinterface.extractors' has no attribute 'NwbRecordingExtractor')
2026-10-04T15:28:18Z WARNING [1149/1807] 4138f21c-4082-42f6-8c8e-3306ad473d23: leaving unrecorded for a later run to retry.
2026-10-04T15:28:18Z WARNING 41396984-1b6c-402c-bd2a-28ece67ee21d: failed while reading the ElectricalSeries rates (AttributeError: module 'spikeinterface.extractors' has no attribute 'NwbRecordingExtractor')
2026-10-04T15:28:18Z WARNING [1150/1807] 41396984-1b6c-402c-bd2a-28ece67ee21d: leaving unrecorded for a later run to retry.
2026-10-04T15:28:18Z INFO [1150/1807] 41396984-1b6c-402c-bd2a-28ece67ee21d: checkpointed 60602 records.
2026-10-04T15:28:18Z WARNING 4139812d-e5e5-461e-bc49-aba7e3830324: failed while reading the ElectricalSeries rates (AttributeError: module 'spikeinterface.extractors' has no attribute 'NwbRecordingExtractor')
2026-10-04T15:28:18Z WARNING [1151/1807] 4139812d-e5e5-461e-bc49-aba7e3830324: leaving unrecorded for a later run to retry.
2026-10-04T15:28:18Z WARNING 413a4572-4f9f-4ba2-9c77-243726694124: failed while reading the ElectricalSeries rates (AttributeError: module 'spikeinterface.extractors' has no attribute 'NwbRecordingExtractor')
2026-10-04T15:28:18Z WARNING [1152/1807] 413a4572-4f9f-4ba2-9c77-243726694124: leaving unrecorded for a later run to retry.
2026-10-04T15:28:18Z WARNING 413a51c7-e562-454d-a27f-942a7baa97b9: failed while reading the ElectricalSeries rates (AttributeError: module 'spikeinterface.extractors' has no attribute 'NwbRecordingExtractor')
2026-10-04T15:28:18Z WARNING [1153/1807] 413a51c7-e562-454d-a27f-942a7baa97b9: leaving unrecorded for a later run to retry.
2026-10-04T15:28:19Z WARNING 413c5448-8d1d-4a0d-bbc3-af6db2f167cf: failed while reading the ElectricalSeries rates (AttributeError: module 'spikeinterface.extractors' has no attribute 'NwbRecordingExtractor')
2026-10-04T15:28:19Z WARNING [1154/1807] 413c5448-8d1d-4a0d-bbc3-af6db2f167cf: leaving unrecorded for a later run to retry.
2026-10-04T15:28:19Z WARNING 413ca279-4d03-433d-add8-9ed3e56c8091: failed while reading the ElectricalSeries rates (AttributeError: module 'spikeinterface.extractors' has no attribute 'NwbRecordingExtractor')
2026-10-04T15:28:19Z WARNING [1155/1807] 413ca279-4d03-433d-add8-9ed3e56c8091: leaving unrecorded for a later run to retry.
2026-10-04T15:28:19Z WARNING 413cc001-1faa-446e-ae46-a6631a870659: failed while reading the ElectricalSeries rates (AttributeError: module 'spikeinterface.extractors' has no attribute 'NwbRecordingExtractor')
2026-10-04T15:28:19Z WARNING [1156/1807] 413cc001-1faa-446e-ae46-a6631a870659: leaving unrecorded for a later run to retry.
2026-10-04T15:28:19Z WARNING 413da50c-f57d-474e-a0ff-3979ea126785: failed while reading the ElectricalSeries rates (AttributeError: module 'spikeinterface.extractors' has no attribute 'NwbRecordingExtractor')
2026-10-04T15:28:19Z WARNING [1157/1807] 413da50c-f57d-474e-a0ff-3979ea126785: leaving unrecorded for a later run to retry.
2026-10-04T15:28:19Z WARNING 413dc6c3-367d-43b6-81b1-7a4990536740: failed while reading the ElectricalSeries rates (AttributeError: module 'spikeinterface.extractors' has no attribute 'NwbRecordingExtractor')
2026-10-04T15:28:19Z WARNING [1158/1807] 413dc6c3-367d-43b6-81b1-7a4990536740: leaving unrecorded for a later run to retry.
2026-10-04T15:28:19Z WARNING 413e61e7-ff95-4207-b798-995048401c7e: failed while reading the ElectricalSeries rates (AttributeError: module 'spikeinterface.extractors' has no attribute 'NwbRecordingExtractor')
2026-10-04T15:28:19Z WARNING [1159/1807] 413e61e7-ff95-4207-b798-995048401c7e: leaving unrecorded for a later run to retry.
2026-10-04T15:28:20Z WARNING 41400518-7bbc-434e-bcc5-37df76bbcda3: failed while reading the ElectricalSeries rates (AttributeError: module 'spikeinterface.extractors' has no attribute 'NwbRecordingExtractor')
2026-10-04T15:28:20Z WARNING [1160/1807] 41400518-7bbc-434e-bcc5-37df76bbcda3: leaving unrecorded for a later run to retry.
2026-10-04T15:28:20Z WARNING 41406021-f13d-4b7f-80ef-018920bd4319: failed while reading the ElectricalSeries rates (AttributeError: module 'spikeinterface.extractors' has no attribute 'NwbRecordingExtractor')
2026-10-04T15:28:20Z WARNING [1161/1807] 41406021-f13d-4b7f-80ef-018920bd4319: leaving unrecorded for a later run to retry.
2026-10-04T15:28:20Z WARNING 41414f37-e237-40d2-9511-d42f21cc12c3: failed while reading the ElectricalSeries rates (AttributeError: module 'spikeinterface.extractors' has no attribute 'NwbRecordingExtractor')
2026-10-04T15:28:20Z WARNING [1162/1807] 41414f37-e237-40d2-9511-d42f21cc12c3: leaving unrecorded for a later run to retry.
2026-10-04T15:28:20Z WARNING 41429df2-6a3f-4206-b8f4-33fe00e3a30a: failed while reading the ElectricalSeries rates (AttributeError: module 'spikeinterface.extractors' has no attribute 'NwbRecordingExtractor')
2026-10-04T15:28:20Z WARNING [1163/1807] 41429df2-6a3f-4206-b8f4-33fe00e3a30a: leaving unrecorded for a later run to retry.
2026-10-04T15:28:20Z WARNING 4143fa39-f36f-4a94-886f-e11472c2d179: failed while reading the ElectricalSeries rates (AttributeError: module 'spikeinterface.extractors' has no attribute 'NwbRecordingExtractor')
2026-10-04T15:28:20Z WARNING [1164/1807] 4143fa39-f36f-4a94-886f-e11472c2d179: leaving unrecorded for a later run to retry.
2026-10-04T15:28:20Z WARNING 414418aa-8dd3-47da-91f5-732c2c0afc4e: failed while reading the ElectricalSeries rates (AttributeError: module 'spikeinterface.extractors' has no attribute 'NwbRecordingExtractor')
2026-10-04T15:28:20Z WARNING [1165/1807] 414418aa-8dd3-47da-91f5-732c2c0afc4e: leaving unrecorded for a later run to retry.
2026-10-04T15:28:20Z WARNING 4144a657-7390-439e-9fb4-07b90f3f3918: failed while reading the ElectricalSeries rates (AttributeError: module 'spikeinterface.extractors' has no attribute 'NwbRecordingExtractor')
2026-10-04T15:28:20Z WARNING [1166/1807] 4144a657-7390-439e-9fb4-07b90f3f3918: leaving unrecorded for a later run to retry.
2026-10-04T15:28:21Z WARNING 4144fd81-30e6-422f-be2d-ca60c1f48bdf: failed while reading the ElectricalSeries rates (AttributeError: module 'spikeinterface.extractors' has no attribute 'NwbRecordingExtractor')
2026-10-04T15:28:21Z WARNING [1167/1807] 4144fd81-30e6-422f-be2d-ca60c1f48bdf: leaving unrecorded for a later run to retry.
2026-10-04T15:28:21Z WARNING 41452b64-9d80-4f68-90e3-e0fc9e624dc5: failed while reading the ElectricalSeries rates (AttributeError: module 'spikeinterface.extractors' has no attribute 'NwbRecordingExtractor')
2026-10-04T15:28:21Z WARNING [1168/1807] 41452b64-9d80-4f68-90e3-e0fc9e624dc5: leaving unrecorded for a later run to retry.
2026-10-04T15:28:21Z WARNING 41457d13-4461-4727-87ef-d9d2bbdf1444: failed while reading the ElectricalSeries rates (AttributeError: module 'spikeinterface.extractors' has no attribute 'NwbRecordingExtractor')
2026-10-04T15:28:21Z WARNING [1169/1807] 41457d13-4461-4727-87ef-d9d2bbdf1444: leaving unrecorded for a later run to retry.
2026-10-04T15:28:21Z WARNING 4147678e-c445-452d-beb2-71dbcf2c20d3: failed while reading the ElectricalSeries rates (AttributeError: module 'spikeinterface.extractors' has no attribute 'NwbRecordingExtractor')
2026-10-04T15:28:21Z WARNING [1170/1807] 4147678e-c445-452d-beb2-71dbcf2c20d3: leaving unrecorded for a later run to retry.
2026-10-04T15:28:21Z WARNING 41476879-999e-4c37-80d9-7dcf373ac682: failed while reading the ElectricalSeries rates (AttributeError: module 'spikeinterface.extractors' has no attribute 'NwbRecordingExtractor')
2026-10-04T15:28:21Z WARNING [1171/1807] 41476879-999e-4c37-80d9-7dcf373ac682: leaving unrecorded for a later run to retry.
2026-10-04T15:28:21Z WARNING 41477a7e-b2dd-4c36-b72a-d8ebc38b15e1: failed while reading the ElectricalSeries rates (AttributeError: module 'spikeinterface.extractors' has no attribute 'NwbRecordingExtractor')
2026-10-04T15:28:21Z WARNING [1172/1807] 41477a7e-b2dd-4c36-b72a-d8ebc38b15e1: leaving unrecorded for a later run to retry.
2026-10-04T15:28:21Z WARNING 4147c009-b291-41cb-a286-65dc511a268b: failed while reading the ElectricalSeries rates (AttributeError: module 'spikeinterface.extractors' has no attribute 'NwbRecordingExtractor')
2026-10-04T15:28:21Z WARNING [1173/1807] 4147c009-b291-41cb-a286-65dc511a268b: leaving unrecorded for a later run to retry.
2026-10-04T15:28:22Z WARNING 4147fe23-e6e7-4732-906f-1b20dca0cbc2: failed while reading the ElectricalSeries rates (AttributeError: module 'spikeinterface.extractors' has no attribute 'NwbRecordingExtractor')
2026-10-04T15:28:22Z WARNING [1174/1807] 4147fe23-e6e7-4732-906f-1b20dca0cbc2: leaving unrecorded for a later run to retry.
2026-10-04T15:28:22Z WARNING 4148423e-533f-4d58-a4b3-4003848e42d0: failed while reading the ElectricalSeries rates (AttributeError: module 'spikeinterface.extractors' has no attribute 'NwbRecordingExtractor')
2026-10-04T15:28:22Z WARNING [1175/1807] 4148423e-533f-4d58-a4b3-4003848e42d0: leaving unrecorded for a later run to retry.
2026-10-04T15:28:22Z WARNING 4148f0dd-0872-4e77-92c8-6f2867fec547: failed while reading the ElectricalSeries rates (AttributeError: module 'spikeinterface.extractors' has no attribute 'NwbRecordingExtractor')
2026-10-04T15:28:22Z WARNING [1176/1807] 4148f0dd-0872-4e77-92c8-6f2867fec547: leaving unrecorded for a later run to retry.
2026-10-04T15:28:22Z WARNING 41492042-605b-4be2-9082-37d0d96b6201: failed while reading the ElectricalSeries rates (AttributeError: module 'spikeinterface.extractors' has no attribute 'NwbRecordingExtractor')
2026-10-04T15:28:22Z WARNING [1177/1807] 41492042-605b-4be2-9082-37d0d96b6201: leaving unrecorded for a later run to retry.
2026-10-04T15:28:22Z WARNING 4149494e-f0cd-4abc-ac47-caf6d1c57d07: failed while reading the ElectricalSeries rates (AttributeError: module 'spikeinterface.extractors' has no attribute 'NwbRecordingExtractor')
2026-10-04T15:28:22Z WARNING [1178/1807] 4149494e-f0cd-4abc-ac47-caf6d1c57d07: leaving unrecorded for a later run to retry.
2026-10-04T15:28:22Z WARNING 414986b0-8d0d-4355-87c0-2230681378b6: failed while reading the ElectricalSeries rates (AttributeError: module 'spikeinterface.extractors' has no attribute 'NwbRecordingExtractor')
2026-10-04T15:28:22Z WARNING [1179/1807] 414986b0-8d0d-4355-87c0-2230681378b6: leaving unrecorded for a later run to retry.
2026-10-04T15:28:22Z WARNING 4149c6d0-ec7f-470f-8abf-92c9072ab07d: failed while reading the ElectricalSeries rates (AttributeError: module 'spikeinterface.extractors' has no attribute 'NwbRecordingExtractor')
2026-10-04T15:28:22Z WARNING [1180/1807] 4149c6d0-ec7f-470f-8abf-92c9072ab07d: leaving unrecorded for a later run to retry.
2026-10-04T15:28:23Z WARNING 4149e8a0-a740-46d8-b9cf-c1a7839e9e09: failed while reading the ElectricalSeries rates (AttributeError: module 'spikeinterface.extractors' has no attribute 'NwbRecordingExtractor')
2026-10-04T15:28:23Z WARNING [1181/1807] 4149e8a0-a740-46d8-b9cf-c1a7839e9e09: leaving unrecorded for a later run to retry.
2026-10-04T15:28:23Z WARNING 414b613e-3beb-4e4f-8e2a-5eb60556b00b: failed while reading the ElectricalSeries rates (AttributeError: module 'spikeinterface.extractors' has no attribute 'NwbRecordingExtractor')
2026-10-04T15:28:23Z WARNING [1182/1807] 414b613e-3beb-4e4f-8e2a-5eb60556b00b: leaving unrecorded for a later run to retry.
2026-10-04T15:28:23Z WARNING 414bd123-6609-4c45-9f1b-6468e956de0b: failed while reading the ElectricalSeries rates (AttributeError: module 'spikeinterface.extractors' has no attribute 'NwbRecordingExtractor')
2026-10-04T15:28:23Z WARNING [1183/1807] 414bd123-6609-4c45-9f1b-6468e956de0b: leaving unrecorded for a later run to retry.
2026-10-04T15:28:23Z WARNING 414c2050-567c-44a5-bbaf-ed8afa9b6bb2: failed while reading the ElectricalSeries rates (AttributeError: module 'spikeinterface.extractors' has no attribute 'NwbRecordingExtractor')
2026-10-04T15:28:23Z WARNING [1184/1807] 414c2050-567c-44a5-bbaf-ed8afa9b6bb2: leaving unrecorded for a later run to retry.
2026-10-04T15:28:23Z WARNING 414c8947-1592-4e32-88f1-443f239e5cee: failed while reading the ElectricalSeries rates (AttributeError: module 'spikeinterface.extractors' has no attribute 'NwbRecordingExtractor')
2026-10-04T15:28:23Z WARNING [1185/1807] 414c8947-1592-4e32-88f1-443f239e5cee: leaving unrecorded for a later run to retry.
2026-10-04T15:28:23Z WARNING 414d6e81-20bf-4475-a4be-543684e255ba: failed while reading the ElectricalSeries rates (AttributeError: module 'spikeinterface.extractors' has no attribute 'NwbRecordingExtractor')
2026-10-04T15:28:23Z WARNING [1186/1807] 414d6e81-20bf-4475-a4be-543684e255ba: leaving unrecorded for a later run to retry.
2026-10-04T15:28:24Z WARNING 414d88ec-6328-43c8-8219-6296a0894fc8: failed while reading the ElectricalSeries rates (AttributeError: module 'spikeinterface.extractors' has no attribute 'NwbRecordingExtractor')
2026-10-04T15:28:24Z WARNING [1187/1807] 414d88ec-6328-43c8-8219-6296a0894fc8: leaving unrecorded for a later run to retry.
2026-10-04T15:28:24Z WARNING 414d9bfe-b9df-4351-8db8-e41e83c4f19b: failed while reading the ElectricalSeries rates (AttributeError: module 'spikeinterface.extractors' has no attribute 'NwbRecordingExtractor')
2026-10-04T15:28:24Z WARNING [1188/1807] 414d9bfe-b9df-4351-8db8-e41e83c4f19b: leaving unrecorded for a later run to retry.
2026-10-04T15:28:24Z WARNING 414e3f37-21fe-40cd-ab16-813b43675345: failed while reading the ElectricalSeries rates (AttributeError: module 'spikeinterface.extractors' has no attribute 'NwbRecordingExtractor')
2026-10-04T15:28:24Z WARNING [1189/1807] 414e3f37-21fe-40cd-ab16-813b43675345: leaving unrecorded for a later run to retry.
2026-10-04T15:28:24Z WARNING 414e65ca-5d31-42bc-836c-2aca20590eca: failed while reading the ElectricalSeries rates (AttributeError: module 'spikeinterface.extractors' has no attribute 'NwbRecordingExtractor')
2026-10-04T15:28:24Z WARNING [1190/1807] 414e65ca-5d31-42bc-836c-2aca20590eca: leaving unrecorded for a later run to retry.
2026-10-04T15:28:24Z WARNING 414e6d91-b778-404a-b288-c9baa133674a: failed while reading the ElectricalSeries rates (AttributeError: module 'spikeinterface.extractors' has no attribute 'NwbRecordingExtractor')
2026-10-04T15:28:24Z WARNING [1191/1807] 414e6d91-b778-404a-b288-c9baa133674a: leaving unrecorded for a later run to retry.
2026-10-04T15:28:24Z WARNING 414e9383-3988-4642-826f-e8b1b3c075a6: failed while reading the ElectricalSeries rates (AttributeError: module 'spikeinterface.extractors' has no attribute 'NwbRecordingExtractor')
2026-10-04T15:28:24Z WARNING [1192/1807] 414e9383-3988-4642-826f-e8b1b3c075a6: leaving unrecorded for a later run to retry.
2026-10-04T15:28:24Z WARNING 414eb4d5-343f-4584-93c2-e0a5dec8f796: failed while reading the ElectricalSeries rates (AttributeError: module 'spikeinterface.extractors' has no attribute 'NwbRecordingExtractor')
2026-10-04T15:28:24Z WARNING [1193/1807] 414eb4d5-343f-4584-93c2-e0a5dec8f796: leaving unrecorded for a later run to retry.
2026-10-04T15:28:25Z WARNING 414f9ad5-59f4-4ba0-a811-22d99355f97d: failed while reading the ElectricalSeries rates (AttributeError: module 'spikeinterface.extractors' has no attribute 'NwbRecordingExtractor')
2026-10-04T15:28:25Z WARNING [1194/1807] 414f9ad5-59f4-4ba0-a811-22d99355f97d: leaving unrecorded for a later run to retry.
2026-10-04T15:28:25Z WARNING 41503bf8-5456-4467-99ba-81a73a56eac5: failed while reading the ElectricalSeries rates (AttributeError: module 'spikeinterface.extractors' has no attribute 'NwbRecordingExtractor')
2026-10-04T15:28:25Z WARNING [1195/1807] 41503bf8-5456-4467-99ba-81a73a56eac5: leaving unrecorded for a later run to retry.
2026-10-04T15:28:25Z WARNING 4151a1c1-50e6-4d20-b8e1-aeedb72a0136: failed while reading the ElectricalSeries rates (AttributeError: module 'spikeinterface.extractors' has no attribute 'NwbRecordingExtractor')
2026-10-04T15:28:25Z WARNING [1196/1807] 4151a1c1-50e6-4d20-b8e1-aeedb72a0136: leaving unrecorded for a later run to retry.
2026-10-04T15:28:25Z WARNING 4152025b-5e37-4c0c-8003-1edd3bc53255: failed while reading the ElectricalSeries rates (AttributeError: module 'spikeinterface.extractors' has no attribute 'NwbRecordingExtractor')
2026-10-04T15:28:25Z WARNING [1197/1807] 4152025b-5e37-4c0c-8003-1edd3bc53255: leaving unrecorded for a later run to retry.
2026-10-04T15:28:25Z WARNING 4154b5f9-a982-4b52-bc2a-4eba379fc5fb: failed while reading the ElectricalSeries rates (AttributeError: module 'spikeinterface.extractors' has no attribute 'NwbRecordingExtractor')
2026-10-04T15:28:25Z WARNING [1198/1807] 4154b5f9-a982-4b52-bc2a-4eba379fc5fb: leaving unrecorded for a later run to retry.
2026-10-04T15:28:25Z WARNING 41555c68-1be8-4fe5-ab20-a77ddd5120d1: failed while reading the ElectricalSeries rates (AttributeError: module 'spikeinterface.extractors' has no attribute 'NwbRecordingExtractor')
2026-10-04T15:28:25Z WARNING [1199/1807] 41555c68-1be8-4fe5-ab20-a77ddd5120d1: leaving unrecorded for a later run to retry.
2026-10-04T15:28:26Z WARNING 4155c790-3966-4be9-a608-97308290db29: failed while reading the ElectricalSeries rates (AttributeError: module 'spikeinterface.extractors' has no attribute 'NwbRecordingExtractor')
2026-10-04T15:28:26Z WARNING [1200/1807] 4155c790-3966-4be9-a608-97308290db29: leaving unrecorded for a later run to retry.
2026-10-04T15:28:26Z INFO [1200/1807] 4155c790-3966-4be9-a608-97308290db29: checkpointed 60602 records.
2026-10-04T15:28:26Z WARNING 4155e2fd-b48d-4a32-b233-69de99fd6160: failed while reading the ElectricalSeries rates (AttributeError: module 'spikeinterface.extractors' has no attribute 'NwbRecordingExtractor')
2026-10-04T15:28:26Z WARNING [1201/1807] 4155e2fd-b48d-4a32-b233-69de99fd6160: leaving unrecorded for a later run to retry.
2026-10-04T15:28:26Z WARNING 41561644-1d9e-4dee-92df-0dbfb1d699ca: failed while reading the ElectricalSeries rates (AttributeError: module 'spikeinterface.extractors' has no attribute 'NwbRecordingExtractor')
2026-10-04T15:28:26Z WARNING [1202/1807] 41561644-1d9e-4dee-92df-0dbfb1d699ca: leaving unrecorded for a later run to retry.
2026-10-04T15:28:26Z WARNING 41567d08-e752-4b48-a299-222e55b2cfa2: failed while reading the ElectricalSeries rates (AttributeError: module 'spikeinterface.extractors' has no attribute 'NwbRecordingExtractor')
2026-10-04T15:28:26Z WARNING [1203/1807] 41567d08-e752-4b48-a299-222e55b2cfa2: leaving unrecorded for a later run to retry.
2026-10-04T15:28:26Z WARNING 4156eb17-7bbd-4540-9f8b-dc94b3d9e487: failed while reading the ElectricalSeries rates (AttributeError: module 'spikeinterface.extractors' has no attribute 'NwbRecordingExtractor')
2026-10-04T15:28:26Z WARNING [1204/1807] 4156eb17-7bbd-4540-9f8b-dc94b3d9e487: leaving unrecorded for a later run to retry.
2026-10-04T15:28:26Z WARNING 41577cc2-d861-423f-9722-711ec9048a19: failed while reading the ElectricalSeries rates (AttributeError: module 'spikeinterface.extractors' has no attribute 'NwbRecordingExtractor')
2026-10-04T15:28:26Z WARNING [1205/1807] 41577cc2-d861-423f-9722-711ec9048a19: leaving unrecorded for a later run to retry.
2026-10-04T15:28:27Z WARNING 4158118e-46c5-4cd8-9009-7633e7bff03e: failed while reading the ElectricalSeries rates (AttributeError: module 'spikeinterface.extractors' has no attribute 'NwbRecordingExtractor')
2026-10-04T15:28:27Z WARNING [1206/1807] 4158118e-46c5-4cd8-9009-7633e7bff03e: leaving unrecorded for a later run to retry.
2026-10-04T15:28:27Z WARNING 4158332f-9883-432e-a4c7-cfaae4b96955: failed while reading the ElectricalSeries rates (AttributeError: module 'spikeinterface.extractors' has no attribute 'NwbRecordingExtractor')
2026-10-04T15:28:27Z WARNING [1207/1807] 4158332f-9883-432e-a4c7-cfaae4b96955: leaving unrecorded for a later run to retry.
2026-10-04T15:28:27Z WARNING 41583574-fc5d-4c01-8d2b-c600a8484176: failed while reading the ElectricalSeries rates (AttributeError: module 'spikeinterface.extractors' has no attribute 'NwbRecordingExtractor')
2026-10-04T15:28:27Z WARNING [1208/1807] 41583574-fc5d-4c01-8d2b-c600a8484176: leaving unrecorded for a later run to retry.
2026-10-04T15:28:27Z WARNING 41585b36-c96b-4fe1-97b3-b3ca8e43f2a8: failed while reading the ElectricalSeries rates (AttributeError: module 'spikeinterface.extractors' has no attribute 'NwbRecordingExtractor')
2026-10-04T15:28:27Z WARNING [1209/1807] 41585b36-c96b-4fe1-97b3-b3ca8e43f2a8: leaving unrecorded for a later run to retry.
2026-10-04T15:28:27Z WARNING 41589f1b-8c4e-4516-a50c-23248c796694: failed while reading the ElectricalSeries rates (AttributeError: module 'spikeinterface.extractors' has no attribute 'NwbRecordingExtractor')
2026-10-04T15:28:27Z WARNING [1210/1807] 41589f1b-8c4e-4516-a50c-23248c796694: leaving unrecorded for a later run to retry.
2026-10-04T15:28:27Z WARNING 415958ab-38cc-4d34-9a7c-367adac78a3c: failed while reading the ElectricalSeries rates (AttributeError: module 'spikeinterface.extractors' has no attribute 'NwbRecordingExtractor')
2026-10-04T15:28:27Z WARNING [1211/1807] 415958ab-38cc-4d34-9a7c-367adac78a3c: leaving unrecorded for a later run to retry.
2026-10-04T15:28:28Z WARNING 4159c3b8-7fa5-49ca-8da0-6f3df67e83f4: failed while reading the ElectricalSeries rates (AttributeError: module 'spikeinterface.extractors' has no attribute 'NwbRecordingExtractor')
2026-10-04T15:28:28Z WARNING [1212/1807] 4159c3b8-7fa5-49ca-8da0-6f3df67e83f4: leaving unrecorded for a later run to retry.
2026-10-04T15:28:28Z WARNING 4159e90e-dded-4162-9e28-195e6497b15b: failed while reading the ElectricalSeries rates (AttributeError: module 'spikeinterface.extractors' has no attribute 'NwbRecordingExtractor')
2026-10-04T15:28:28Z WARNING [1213/1807] 4159e90e-dded-4162-9e28-195e6497b15b: leaving unrecorded for a later run to retry.
2026-10-04T15:28:28Z WARNING 4159ed59-bc47-4bc2-bbcf-4ffd755365d5: failed while reading the ElectricalSeries rates (AttributeError: module 'spikeinterface.extractors' has no attribute 'NwbRecordingExtractor')
2026-10-04T15:28:28Z WARNING [1214/1807] 4159ed59-bc47-4bc2-bbcf-4ffd755365d5: leaving unrecorded for a later run to retry.
2026-10-04T15:28:28Z WARNING 415a2451-f82f-4c60-a82c-e8881463fcfa: failed while reading the ElectricalSeries rates (AttributeError: module 'spikeinterface.extractors' has no attribute 'NwbRecordingExtractor')
2026-10-04T15:28:28Z WARNING [1215/1807] 415a2451-f82f-4c60-a82c-e8881463fcfa: leaving unrecorded for a later run to retry.
2026-10-04T15:28:28Z WARNING 415a6e69-4d8a-4381-b8c3-d2ae84f66c21: failed while reading the ElectricalSeries rates (AttributeError: module 'spikeinterface.extractors' has no attribute 'NwbRecordingExtractor')
2026-10-04T15:28:28Z WARNING [1216/1807] 415a6e69-4d8a-4381-b8c3-d2ae84f66c21: leaving unrecorded for a later run to retry.
2026-10-04T15:28:28Z WARNING 415aebf4-7c7b-495f-a7af-179d70f66e02: failed while reading the ElectricalSeries rates (AttributeError: module 'spikeinterface.extractors' has no attribute 'NwbRecordingExtractor')
2026-10-04T15:28:28Z WARNING [1217/1807] 415aebf4-7c7b-495f-a7af-179d70f66e02: leaving unrecorded for a later run to retry.
2026-10-04T15:28:28Z WARNING 415b289a-4eae-4149-8613-74fee81fb415: failed while reading the ElectricalSeries rates (AttributeError: module 'spikeinterface.extractors' has no attribute 'NwbRecordingExtractor')
2026-10-04T15:28:28Z WARNING [1218/1807] 415b289a-4eae-4149-8613-74fee81fb415: leaving unrecorded for a later run to retry.
2026-10-04T15:28:29Z WARNING 415bd2e0-45f6-44f5-9b6a-13d7b042c1b8: failed while reading the ElectricalSeries rates (AttributeError: module 'spikeinterface.extractors' has no attribute 'NwbRecordingExtractor')
2026-10-04T15:28:29Z WARNING [1219/1807] 415bd2e0-45f6-44f5-9b6a-13d7b042c1b8: leaving unrecorded for a later run to retry.
2026-10-04T15:28:29Z WARNING 415c1dc9-7161-41c5-8459-5623e955dde4: failed while reading the ElectricalSeries rates (AttributeError: module 'spikeinterface.extractors' has no attribute 'NwbRecordingExtractor')
2026-10-04T15:28:29Z WARNING [1220/1807] 415c1dc9-7161-41c5-8459-5623e955dde4: leaving unrecorded for a later run to retry.
2026-10-04T15:28:29Z WARNING 415d31c2-9a11-4dee-bc27-5c60c30068e1: failed while reading the ElectricalSeries rates (AttributeError: module 'spikeinterface.extractors' has no attribute 'NwbRecordingExtractor')
2026-10-04T15:28:29Z WARNING [1221/1807] 415d31c2-9a11-4dee-bc27-5c60c30068e1: leaving unrecorded for a later run to retry.
2026-10-04T15:28:29Z WARNING 415d7cf1-5f01-4ec8-8013-5b93424abacb: failed while reading the ElectricalSeries rates (AttributeError: module 'spikeinterface.extractors' has no attribute 'NwbRecordingExtractor')
2026-10-04T15:28:29Z WARNING [1222/1807] 415d7cf1-5f01-4ec8-8013-5b93424abacb: leaving unrecorded for a later run to retry.
2026-10-04T15:28:29Z WARNING 415e08e1-2d65-489e-924e-281ee479574e: failed while reading the ElectricalSeries rates (AttributeError: module 'spikeinterface.extractors' has no attribute 'NwbRecordingExtractor')
2026-10-04T15:28:29Z WARNING [1223/1807] 415e08e1-2d65-489e-924e-281ee479574e: leaving unrecorded for a later run to retry.
2026-10-04T15:28:29Z WARNING 415e950e-603f-4363-916e-7bffa48c3210: failed while reading the ElectricalSeries rates (AttributeError: module 'spikeinterface.extractors' has no attribute 'NwbRecordingExtractor')
2026-10-04T15:28:29Z WARNING [1224/1807] 415e950e-603f-4363-916e-7bffa48c3210: leaving unrecorded for a later run to retry.
2026-10-04T15:28:29Z WARNING 415f8e91-fe29-424d-a418-2821d0aba0a9: failed while reading the ElectricalSeries rates (AttributeError: module 'spikeinterface.extractors' has no attribute 'NwbRecordingExtractor')
2026-10-04T15:28:29Z WARNING [1225/1807] 415f8e91-fe29-424d-a418-2821d0aba0a9: leaving unrecorded for a later run to retry.
2026-10-04T15:28:30Z WARNING 415f9d5b-47bb-4651-93ac-6facd67a87cf: failed while reading the ElectricalSeries rates (AttributeError: module 'spikeinterface.extractors' has no attribute 'NwbRecordingExtractor')
2026-10-04T15:28:30Z WARNING [1226/1807] 415f9d5b-47bb-4651-93ac-6facd67a87cf: leaving unrecorded for a later run to retry.
2026-10-04T15:28:30Z WARNING 415fe258-343c-4574-9d7f-7831746572af: failed while reading the ElectricalSeries rates (AttributeError: module 'spikeinterface.extractors' has no attribute 'NwbRecordingExtractor')
2026-10-04T15:28:30Z WARNING [1227/1807] 415fe258-343c-4574-9d7f-7831746572af: leaving unrecorded for a later run to retry.
2026-10-04T15:28:30Z WARNING 41601afc-a455-43d4-800b-4a32ae2d03a3: failed while reading the ElectricalSeries rates (AttributeError: module 'spikeinterface.extractors' has no attribute 'NwbRecordingExtractor')
2026-10-04T15:28:30Z WARNING [1228/1807] 41601afc-a455-43d4-800b-4a32ae2d03a3: leaving unrecorded for a later run to retry.
2026-10-04T15:28:30Z WARNING 41608bda-e655-4a80-8e40-a41bce9d32dd: failed while reading the ElectricalSeries rates (AttributeError: module 'spikeinterface.extractors' has no attribute 'NwbRecordingExtractor')
2026-10-04T15:28:30Z WARNING [1229/1807] 41608bda-e655-4a80-8e40-a41bce9d32dd: leaving unrecorded for a later run to retry.
2026-10-04T15:28:30Z WARNING 41609d95-74b9-46a6-aa77-02018bb49f29: failed while reading the ElectricalSeries rates (AttributeError: module 'spikeinterface.extractors' has no attribute 'NwbRecordingExtractor')
2026-10-04T15:28:30Z WARNING [1230/1807] 41609d95-74b9-46a6-aa77-02018bb49f29: leaving unrecorded for a later run to retry.
2026-10-04T15:28:30Z WARNING 4160f9df-8f1c-4fed-b25c-2ae55cde6ab8: failed while reading the ElectricalSeries rates (AttributeError: module 'spikeinterface.extractors' has no attribute 'NwbRecordingExtractor')
2026-10-04T15:28:30Z WARNING [1231/1807] 4160f9df-8f1c-4fed-b25c-2ae55cde6ab8: leaving unrecorded for a later run to retry.
2026-10-04T15:28:31Z WARNING 41612591-b975-4d64-93e8-1b791bc6185d: failed while reading the ElectricalSeries rates (AttributeError: module 'spikeinterface.extractors' has no attribute 'NwbRecordingExtractor')
2026-10-04T15:28:31Z WARNING [1232/1807] 41612591-b975-4d64-93e8-1b791bc6185d: leaving unrecorded for a later run to retry.
2026-10-04T15:28:31Z WARNING 41615db4-fce4-4185-828b-f3ae9baec9e9: failed while reading the ElectricalSeries rates (AttributeError: module 'spikeinterface.extractors' has no attribute 'NwbRecordingExtractor')
2026-10-04T15:28:31Z WARNING [1233/1807] 41615db4-fce4-4185-828b-f3ae9baec9e9: leaving unrecorded for a later run to retry.
2026-10-04T15:28:31Z WARNING 4161ad26-6a08-4039-98f9-76ce2d83326d: failed while reading the ElectricalSeries rates (AttributeError: module 'spikeinterface.extractors' has no attribute 'NwbRecordingExtractor')
2026-10-04T15:28:31Z WARNING [1234/1807] 4161ad26-6a08-4039-98f9-76ce2d83326d: leaving unrecorded for a later run to retry.
2026-10-04T15:28:31Z WARNING 41627dc4-b1f3-43d9-b807-38a3a18421c2: failed while reading the ElectricalSeries rates (AttributeError: module 'spikeinterface.extractors' has no attribute 'NwbRecordingExtractor')
2026-10-04T15:28:31Z WARNING [1235/1807] 41627dc4-b1f3-43d9-b807-38a3a18421c2: leaving unrecorded for a later run to retry.
2026-10-04T15:28:31Z WARNING 4163301e-b637-4f34-905e-47c41a380573: failed while reading the ElectricalSeries rates (AttributeError: module 'spikeinterface.extractors' has no attribute 'NwbRecordingExtractor')
2026-10-04T15:28:31Z WARNING [1236/1807] 4163301e-b637-4f34-905e-47c41a380573: leaving unrecorded for a later run to retry.
2026-10-04T15:28:31Z WARNING 4163c7c7-80aa-4e26-8293-b6051d082903: failed while reading the ElectricalSeries rates (AttributeError: module 'spikeinterface.extractors' has no attribute 'NwbRecordingExtractor')
2026-10-04T15:28:31Z WARNING [1237/1807] 4163c7c7-80aa-4e26-8293-b6051d082903: leaving unrecorded for a later run to retry.
2026-10-04T15:28:31Z WARNING 4164008d-491f-4494-8e38-cde638e0aa1c: failed while reading the ElectricalSeries rates (AttributeError: module 'spikeinterface.extractors' has no attribute 'NwbRecordingExtractor')
2026-10-04T15:28:31Z WARNING [1238/1807] 4164008d-491f-4494-8e38-cde638e0aa1c: leaving unrecorded for a later run to retry.
2026-10-04T15:28:32Z WARNING 416466d8-a4f1-442f-a133-84e46ec9fb5b: failed while reading the ElectricalSeries rates (AttributeError: module 'spikeinterface.extractors' has no attribute 'NwbRecordingExtractor')
2026-10-04T15:28:32Z WARNING [1239/1807] 416466d8-a4f1-442f-a133-84e46ec9fb5b: leaving unrecorded for a later run to retry.
2026-10-04T15:28:32Z WARNING 4164b112-1f06-472f-956e-ad9353ca87f3: failed while reading the ElectricalSeries rates (AttributeError: module 'spikeinterface.extractors' has no attribute 'NwbRecordingExtractor')
2026-10-04T15:28:32Z WARNING [1240/1807] 4164b112-1f06-472f-956e-ad9353ca87f3: leaving unrecorded for a later run to retry.
2026-10-04T15:28:32Z WARNING 4165920d-2181-452c-8cc5-15b60d235855: failed while reading the ElectricalSeries rates (AttributeError: module 'spikeinterface.extractors' has no attribute 'NwbRecordingExtractor')
2026-10-04T15:28:32Z WARNING [1241/1807] 4165920d-2181-452c-8cc5-15b60d235855: leaving unrecorded for a later run to retry.
2026-10-04T15:28:32Z WARNING 416640ed-d1fa-47b5-8fb2-f7501c7e8c27: failed while reading the ElectricalSeries rates (AttributeError: module 'spikeinterface.extractors' has no attribute 'NwbRecordingExtractor')
2026-10-04T15:28:32Z WARNING [1242/1807] 416640ed-d1fa-47b5-8fb2-f7501c7e8c27: leaving unrecorded for a later run to retry.
2026-10-04T15:28:32Z WARNING 4167ef15-fe3a-4485-881b-f6b9ec0eb3c7: failed while reading the ElectricalSeries rates (AttributeError: module 'spikeinterface.extractors' has no attribute 'NwbRecordingExtractor')
2026-10-04T15:28:32Z WARNING [1243/1807] 4167ef15-fe3a-4485-881b-f6b9ec0eb3c7: leaving unrecorded for a later run to retry.
2026-10-04T15:28:32Z WARNING 41694af5-d5c7-40c8-941c-1855fcf164b0: failed while reading the ElectricalSeries rates (AttributeError: module 'spikeinterface.extractors' has no attribute 'NwbRecordingExtractor')
2026-10-04T15:28:32Z WARNING [1244/1807] 41694af5-d5c7-40c8-941c-1855fcf164b0: leaving unrecorded for a later run to retry.
2026-10-04T15:28:32Z WARNING 41698f13-bc62-4576-a1ac-3a56f98bceb3: failed while reading the ElectricalSeries rates (AttributeError: module 'spikeinterface.extractors' has no attribute 'NwbRecordingExtractor')
2026-10-04T15:28:32Z WARNING [1245/1807] 41698f13-bc62-4576-a1ac-3a56f98bceb3: leaving unrecorded for a later run to retry.
2026-10-04T15:28:33Z WARNING 416a5069-9800-4121-ae80-d42228a8ecfd: failed while reading the ElectricalSeries rates (AttributeError: module 'spikeinterface.extractors' has no attribute 'NwbRecordingExtractor')
2026-10-04T15:28:33Z WARNING [1246/1807] 416a5069-9800-4121-ae80-d42228a8ecfd: leaving unrecorded for a later run to retry.
2026-10-04T15:28:33Z WARNING 416a5189-2693-4275-af95-e60c1d9d6b89: failed while reading the ElectricalSeries rates (AttributeError: module 'spikeinterface.extractors' has no attribute 'NwbRecordingExtractor')
2026-10-04T15:28:33Z WARNING [1247/1807] 416a5189-2693-4275-af95-e60c1d9d6b89: leaving unrecorded for a later run to retry.
2026-10-04T15:28:33Z WARNING 416c235e-7045-4ed5-9fe9-b6b96dcbea5c: failed while reading the ElectricalSeries rates (AttributeError: module 'spikeinterface.extractors' has no attribute 'NwbRecordingExtractor')
2026-10-04T15:28:33Z WARNING [1248/1807] 416c235e-7045-4ed5-9fe9-b6b96dcbea5c: leaving unrecorded for a later run to retry.
2026-10-04T15:28:33Z WARNING 416c4612-0b11-4f1e-9c16-23b17b64e709: failed while reading the ElectricalSeries rates (AttributeError: module 'spikeinterface.extractors' has no attribute 'NwbRecordingExtractor')
2026-10-04T15:28:33Z WARNING [1249/1807] 416c4612-0b11-4f1e-9c16-23b17b64e709: leaving unrecorded for a later run to retry.
2026-10-04T15:28:33Z WARNING 416d0f47-ed4f-418a-8d00-89d96804718b: failed while reading the ElectricalSeries rates (AttributeError: module 'spikeinterface.extractors' has no attribute 'NwbRecordingExtractor')
2026-10-04T15:28:33Z WARNING [1250/1807] 416d0f47-ed4f-418a-8d00-89d96804718b: leaving unrecorded for a later run to retry.
2026-10-04T15:28:33Z INFO [1250/1807] 416d0f47-ed4f-418a-8d00-89d96804718b: checkpointed 60602 records.
2026-10-04T15:28:33Z WARNING 416d10cb-f3f0-4161-977e-71319dada3ec: failed while reading the ElectricalSeries rates (AttributeError: module 'spikeinterface.extractors' has no attribute 'NwbRecordingExtractor')
2026-10-04T15:28:33Z WARNING [1251/1807] 416d10cb-f3f0-4161-977e-71319dada3ec: leaving unrecorded for a later run to retry.
2026-10-04T15:28:34Z WARNING 416d9170-5c1f-4e0e-adfd-802d4967b5bf: failed while reading the ElectricalSeries rates (AttributeError: module 'spikeinterface.extractors' has no attribute 'NwbRecordingExtractor')
2026-10-04T15:28:34Z WARNING [1252/1807] 416d9170-5c1f-4e0e-adfd-802d4967b5bf: leaving unrecorded for a later run to retry.
2026-10-04T15:28:34Z WARNING 4170dd18-dad1-4ed3-b73a-ac013972b846: failed while reading the ElectricalSeries rates (AttributeError: module 'spikeinterface.extractors' has no attribute 'NwbRecordingExtractor')
2026-10-04T15:28:34Z WARNING [1253/1807] 4170dd18-dad1-4ed3-b73a-ac013972b846: leaving unrecorded for a later run to retry.
2026-10-04T15:28:34Z WARNING 41710184-e691-4fbe-bdea-8cd121ba261c: failed while reading the ElectricalSeries rates (AttributeError: module 'spikeinterface.extractors' has no attribute 'NwbRecordingExtractor')
2026-10-04T15:28:34Z WARNING [1254/1807] 41710184-e691-4fbe-bdea-8cd121ba261c: leaving unrecorded for a later run to retry.
2026-10-04T15:28:34Z WARNING 4171316f-eda9-48c0-b226-4c05f362a04f: failed while reading the ElectricalSeries rates (AttributeError: module 'spikeinterface.extractors' has no attribute 'NwbRecordingExtractor')
2026-10-04T15:28:34Z WARNING [1255/1807] 4171316f-eda9-48c0-b226-4c05f362a04f: leaving unrecorded for a later run to retry.
2026-10-04T15:28:34Z WARNING 41715d0f-8b4c-4d6b-b30e-cfdf5052441b: failed while reading the ElectricalSeries rates (AttributeError: module 'spikeinterface.extractors' has no attribute 'NwbRecordingExtractor')
2026-10-04T15:28:34Z WARNING [1256/1807] 41715d0f-8b4c-4d6b-b30e-cfdf5052441b: leaving unrecorded for a later run to retry.
2026-10-04T15:28:34Z WARNING 4171e2ce-eea4-4fb3-bf31-51c46269957e: failed while reading the ElectricalSeries rates (AttributeError: module 'spikeinterface.extractors' has no attribute 'NwbRecordingExtractor')
2026-10-04T15:28:34Z WARNING [1257/1807] 4171e2ce-eea4-4fb3-bf31-51c46269957e: leaving unrecorded for a later run to retry.
2026-10-04T15:28:35Z WARNING 4171ee23-f896-4089-b07f-a4cbc67db4a1: failed while reading the ElectricalSeries rates (AttributeError: module 'spikeinterface.extractors' has no attribute 'NwbRecordingExtractor')
2026-10-04T15:28:35Z WARNING [1258/1807] 4171ee23-f896-4089-b07f-a4cbc67db4a1: leaving unrecorded for a later run to retry.
2026-10-04T15:28:35Z WARNING 4172220b-0715-4451-995e-3c26e86b9375: failed while reading the ElectricalSeries rates (AttributeError: module 'spikeinterface.extractors' has no attribute 'NwbRecordingExtractor')
2026-10-04T15:28:35Z WARNING [1259/1807] 4172220b-0715-4451-995e-3c26e86b9375: leaving unrecorded for a later run to retry.
2026-10-04T15:28:35Z WARNING 41723599-2a84-4e72-8426-fcb30a94dd11: failed while reading the ElectricalSeries rates (AttributeError: module 'spikeinterface.extractors' has no attribute 'NwbRecordingExtractor')
2026-10-04T15:28:35Z WARNING [1260/1807] 41723599-2a84-4e72-8426-fcb30a94dd11: leaving unrecorded for a later run to retry.
2026-10-04T15:28:35Z WARNING 41733b15-9d97-44e5-8a86-1d79f8eaa74d: failed while reading the ElectricalSeries rates (AttributeError: module 'spikeinterface.extractors' has no attribute 'NwbRecordingExtractor')
2026-10-04T15:28:35Z WARNING [1261/1807] 41733b15-9d97-44e5-8a86-1d79f8eaa74d: leaving unrecorded for a later run to retry.
2026-10-04T15:28:35Z WARNING 417398b4-60fd-4fa0-9531-6f18324e6c48: failed while reading the ElectricalSeries rates (AttributeError: module 'spikeinterface.extractors' has no attribute 'NwbRecordingExtractor')
2026-10-04T15:28:35Z WARNING [1262/1807] 417398b4-60fd-4fa0-9531-6f18324e6c48: leaving unrecorded for a later run to retry.
2026-10-04T15:28:35Z WARNING 41744993-72b4-4dc9-a671-2d6fcefee763: failed while reading the ElectricalSeries rates (AttributeError: module 'spikeinterface.extractors' has no attribute 'NwbRecordingExtractor')
2026-10-04T15:28:35Z WARNING [1263/1807] 41744993-72b4-4dc9-a671-2d6fcefee763: leaving unrecorded for a later run to retry.
2026-10-04T15:28:35Z WARNING 4175cde3-de4c-4af5-bd97-1044ce3da475: failed while reading the ElectricalSeries rates (AttributeError: module 'spikeinterface.extractors' has no attribute 'NwbRecordingExtractor')
2026-10-04T15:28:35Z WARNING [1264/1807] 4175cde3-de4c-4af5-bd97-1044ce3da475: leaving unrecorded for a later run to retry.
2026-10-04T15:28:36Z WARNING 4175f7f8-dd4a-4bfc-a03b-d234791a18ad: failed while reading the ElectricalSeries rates (AttributeError: module 'spikeinterface.extractors' has no attribute 'NwbRecordingExtractor')
2026-10-04T15:28:36Z WARNING [1265/1807] 4175f7f8-dd4a-4bfc-a03b-d234791a18ad: leaving unrecorded for a later run to retry.
2026-10-04T15:28:36Z WARNING 41763a1e-ad2b-4751-9f56-e8711837794b: failed while reading the ElectricalSeries rates (AttributeError: module 'spikeinterface.extractors' has no attribute 'NwbRecordingExtractor')
2026-10-04T15:28:36Z WARNING [1266/1807] 41763a1e-ad2b-4751-9f56-e8711837794b: leaving unrecorded for a later run to retry.
2026-10-04T15:28:36Z WARNING 41764e24-8c10-46ce-8eb8-be1a4983eabe: failed while reading the ElectricalSeries rates (AttributeError: module 'spikeinterface.extractors' has no attribute 'NwbRecordingExtractor')
2026-10-04T15:28:36Z WARNING [1267/1807] 41764e24-8c10-46ce-8eb8-be1a4983eabe: leaving unrecorded for a later run to retry.
2026-10-04T15:28:36Z WARNING 41770d34-c258-4f3f-8f04-cab96ae57c90: failed while reading the ElectricalSeries rates (AttributeError: module 'spikeinterface.extractors' has no attribute 'NwbRecordingExtractor')
2026-10-04T15:28:36Z WARNING [1268/1807] 41770d34-c258-4f3f-8f04-cab96ae57c90: leaving unrecorded for a later run to retry.
2026-10-04T15:28:36Z WARNING 4177c0f9-9c69-4026-a1b2-528f487a8c92: failed while reading the ElectricalSeries rates (AttributeError: module 'spikeinterface.extractors' has no attribute 'NwbRecordingExtractor')
2026-10-04T15:28:36Z WARNING [1269/1807] 4177c0f9-9c69-4026-a1b2-528f487a8c92: leaving unrecorded for a later run to retry.
2026-10-04T15:28:36Z WARNING 4177fb47-79db-449b-9848-3402f41a39cd: failed while reading the ElectricalSeries rates (AttributeError: module 'spikeinterface.extractors' has no attribute 'NwbRecordingExtractor')
2026-10-04T15:28:36Z WARNING [1270/1807] 4177fb47-79db-449b-9848-3402f41a39cd: leaving unrecorded for a later run to retry.
2026-10-04T15:28:37Z WARNING 41789314-4896-44f3-9f4d-5b8589d83aee: failed while reading the ElectricalSeries rates (AttributeError: module 'spikeinterface.extractors' has no attribute 'NwbRecordingExtractor')
2026-10-04T15:28:37Z WARNING [1271/1807] 41789314-4896-44f3-9f4d-5b8589d83aee: leaving unrecorded for a later run to retry.
2026-10-04T15:28:37Z WARNING 417a512c-ea05-4529-829f-2712c33542d7: failed while reading the ElectricalSeries rates (AttributeError: module 'spikeinterface.extractors' has no attribute 'NwbRecordingExtractor')
2026-10-04T15:28:37Z WARNING [1272/1807] 417a512c-ea05-4529-829f-2712c33542d7: leaving unrecorded for a later run to retry.
2026-10-04T15:28:37Z WARNING 417a7355-80be-4c68-a90a-b07d2cab5504: failed while reading the ElectricalSeries rates (AttributeError: module 'spikeinterface.extractors' has no attribute 'NwbRecordingExtractor')
2026-10-04T15:28:37Z WARNING [1273/1807] 417a7355-80be-4c68-a90a-b07d2cab5504: leaving unrecorded for a later run to retry.
2026-10-04T15:28:37Z WARNING 417a9dc3-c0d9-4446-a48d-0b9d1fcff7aa: failed while reading the ElectricalSeries rates (AttributeError: module 'spikeinterface.extractors' has no attribute 'NwbRecordingExtractor')
2026-10-04T15:28:37Z WARNING [1274/1807] 417a9dc3-c0d9-4446-a48d-0b9d1fcff7aa: leaving unrecorded for a later run to retry.
2026-10-04T15:28:37Z WARNING 417ac9a6-01b0-482b-b5a7-faefc52aba1a: failed while reading the ElectricalSeries rates (AttributeError: module 'spikeinterface.extractors' has no attribute 'NwbRecordingExtractor')
2026-10-04T15:28:37Z WARNING [1275/1807] 417ac9a6-01b0-482b-b5a7-faefc52aba1a: leaving unrecorded for a later run to retry.
2026-10-04T15:28:37Z WARNING 417ade3f-a174-4880-8dde-c38acc869267: failed while reading the ElectricalSeries rates (AttributeError: module 'spikeinterface.extractors' has no attribute 'NwbRecordingExtractor')
2026-10-04T15:28:37Z WARNING [1276/1807] 417ade3f-a174-4880-8dde-c38acc869267: leaving unrecorded for a later run to retry.
2026-10-04T15:28:38Z WARNING 417c3bcb-435c-4935-9efa-77812a6b5162: failed while reading the ElectricalSeries rates (AttributeError: module 'spikeinterface.extractors' has no attribute 'NwbRecordingExtractor')
2026-10-04T15:28:38Z WARNING [1277/1807] 417c3bcb-435c-4935-9efa-77812a6b5162: leaving unrecorded for a later run to retry.
2026-10-04T15:28:38Z WARNING 417cfe9b-07da-4b4b-9a0d-761757204f1e: failed while reading the ElectricalSeries rates (AttributeError: module 'spikeinterface.extractors' has no attribute 'NwbRecordingExtractor')
2026-10-04T15:28:38Z WARNING [1278/1807] 417cfe9b-07da-4b4b-9a0d-761757204f1e: leaving unrecorded for a later run to retry.
2026-10-04T15:28:38Z WARNING 417e08ed-41ed-4bba-b00e-f1cec1d06946: failed while reading the ElectricalSeries rates (AttributeError: module 'spikeinterface.extractors' has no attribute 'NwbRecordingExtractor')
2026-10-04T15:28:38Z WARNING [1279/1807] 417e08ed-41ed-4bba-b00e-f1cec1d06946: leaving unrecorded for a later run to retry.
2026-10-04T15:28:38Z WARNING 417e42f8-98b6-45bc-9f1b-6e9f3c6498ea: failed while reading the ElectricalSeries rates (AttributeError: module 'spikeinterface.extractors' has no attribute 'NwbRecordingExtractor')
2026-10-04T15:28:38Z WARNING [1280/1807] 417e42f8-98b6-45bc-9f1b-6e9f3c6498ea: leaving unrecorded for a later run to retry.
2026-10-04T15:28:38Z WARNING 417e9007-6f1c-49f0-ac9f-5820e956bce2: failed while reading the ElectricalSeries rates (AttributeError: module 'spikeinterface.extractors' has no attribute 'NwbRecordingExtractor')
2026-10-04T15:28:38Z WARNING [1281/1807] 417e9007-6f1c-49f0-ac9f-5820e956bce2: leaving unrecorded for a later run to retry.
2026-10-04T15:28:38Z WARNING 417f06f8-bf2f-40b1-9670-73479a69b850: failed while reading the ElectricalSeries rates (AttributeError: module 'spikeinterface.extractors' has no attribute 'NwbRecordingExtractor')
2026-10-04T15:28:38Z WARNING [1282/1807] 417f06f8-bf2f-40b1-9670-73479a69b850: leaving unrecorded for a later run to retry.
2026-10-04T15:28:38Z WARNING 417f4ad5-edf9-4602-9c5b-4816b14ee3af: failed while reading the ElectricalSeries rates (AttributeError: module 'spikeinterface.extractors' has no attribute 'NwbRecordingExtractor')
2026-10-04T15:28:38Z WARNING [1283/1807] 417f4ad5-edf9-4602-9c5b-4816b14ee3af: leaving unrecorded for a later run to retry.
2026-10-04T15:28:39Z WARNING 4180009b-ac54-4dec-8448-283910f9cdf7: failed while reading the ElectricalSeries rates (AttributeError: module 'spikeinterface.extractors' has no attribute 'NwbRecordingExtractor')
2026-10-04T15:28:39Z WARNING [1284/1807] 4180009b-ac54-4dec-8448-283910f9cdf7: leaving unrecorded for a later run to retry.
2026-10-04T15:28:39Z WARNING 41805805-2d37-4b5b-8e28-04c75acc5a6e: failed while reading the ElectricalSeries rates (AttributeError: module 'spikeinterface.extractors' has no attribute 'NwbRecordingExtractor')
2026-10-04T15:28:39Z WARNING [1285/1807] 41805805-2d37-4b5b-8e28-04c75acc5a6e: leaving unrecorded for a later run to retry.
2026-10-04T15:28:39Z WARNING 4180ed6a-2336-48e6-914b-a4e76d1cb3d1: failed while reading the ElectricalSeries rates (AttributeError: module 'spikeinterface.extractors' has no attribute 'NwbRecordingExtractor')
2026-10-04T15:28:39Z WARNING [1286/1807] 4180ed6a-2336-48e6-914b-a4e76d1cb3d1: leaving unrecorded for a later run to retry.
2026-10-04T15:28:39Z WARNING 41810e42-e6cf-41b6-bb52-34aef9eeaec9: failed while reading the ElectricalSeries rates (AttributeError: module 'spikeinterface.extractors' has no attribute 'NwbRecordingExtractor')
2026-10-04T15:28:39Z WARNING [1287/1807] 41810e42-e6cf-41b6-bb52-34aef9eeaec9: leaving unrecorded for a later run to retry.
2026-10-04T15:28:39Z WARNING 41836c39-30b4-407b-895a-1e1175229567: failed while reading the ElectricalSeries rates (AttributeError: module 'spikeinterface.extractors' has no attribute 'NwbRecordingExtractor')
2026-10-04T15:28:39Z WARNING [1288/1807] 41836c39-30b4-407b-895a-1e1175229567: leaving unrecorded for a later run to retry.
2026-10-04T15:28:39Z WARNING 41838687-6f13-4e30-bdb8-58a84b5769e2: failed while reading the ElectricalSeries rates (AttributeError: module 'spikeinterface.extractors' has no attribute 'NwbRecordingExtractor')
2026-10-04T15:28:39Z WARNING [1289/1807] 41838687-6f13-4e30-bdb8-58a84b5769e2: leaving unrecorded for a later run to retry.
2026-10-04T15:28:39Z WARNING 41849b92-ddbc-48cd-8663-00b56c6669c5: failed while reading the ElectricalSeries rates (AttributeError: module 'spikeinterface.extractors' has no attribute 'NwbRecordingExtractor')
2026-10-04T15:28:39Z WARNING [1290/1807] 41849b92-ddbc-48cd-8663-00b56c6669c5: leaving unrecorded for a later run to retry.
2026-10-04T15:28:40Z WARNING 41852a0f-0707-4ec7-9ca0-337209999e79: failed while reading the ElectricalSeries rates (AttributeError: module 'spikeinterface.extractors' has no attribute 'NwbRecordingExtractor')
2026-10-04T15:28:40Z WARNING [1291/1807] 41852a0f-0707-4ec7-9ca0-337209999e79: leaving unrecorded for a later run to retry.
2026-10-04T15:28:40Z WARNING 4185ad19-4045-4529-ace2-514108ddc143: failed while reading the ElectricalSeries rates (AttributeError: module 'spikeinterface.extractors' has no attribute 'NwbRecordingExtractor')
2026-10-04T15:28:40Z WARNING [1292/1807] 4185ad19-4045-4529-ace2-514108ddc143: leaving unrecorded for a later run to retry.
2026-10-04T15:28:40Z WARNING 41860962-11a1-4f99-a854-d5b729f958b6: failed while reading the ElectricalSeries rates (AttributeError: module 'spikeinterface.extractors' has no attribute 'NwbRecordingExtractor')
2026-10-04T15:28:40Z WARNING [1293/1807] 41860962-11a1-4f99-a854-d5b729f958b6: leaving unrecorded for a later run to retry.
2026-10-04T15:28:40Z WARNING 41868152-9d1f-4201-bfbb-cc8afd8a1b2c: failed while reading the ElectricalSeries rates (AttributeError: module 'spikeinterface.extractors' has no attribute 'NwbRecordingExtractor')
2026-10-04T15:28:40Z WARNING [1294/1807] 41868152-9d1f-4201-bfbb-cc8afd8a1b2c: leaving unrecorded for a later run to retry.
2026-10-04T15:28:40Z WARNING 4186a01e-5941-457a-a675-69fc0b45345f: failed while reading the ElectricalSeries rates (AttributeError: module 'spikeinterface.extractors' has no attribute 'NwbRecordingExtractor')
2026-10-04T15:28:40Z WARNING [1295/1807] 4186a01e-5941-457a-a675-69fc0b45345f: leaving unrecorded for a later run to retry.
2026-10-04T15:28:40Z WARNING 4186a3aa-2d2d-4cb1-a962-7eb6a25903a0: failed while reading the ElectricalSeries rates (AttributeError: module 'spikeinterface.extractors' has no attribute 'NwbRecordingExtractor')
2026-10-04T15:28:40Z WARNING [1296/1807] 4186a3aa-2d2d-4cb1-a962-7eb6a25903a0: leaving unrecorded for a later run to retry.
2026-10-04T15:28:41Z WARNING 4187b4c5-08d9-4b66-9a3a-d0d3f12881de: failed while reading the ElectricalSeries rates (AttributeError: module 'spikeinterface.extractors' has no attribute 'NwbRecordingExtractor')
2026-10-04T15:28:41Z WARNING [1297/1807] 4187b4c5-08d9-4b66-9a3a-d0d3f12881de: leaving unrecorded for a later run to retry.
2026-10-04T15:28:41Z WARNING 4188a4a5-a3f3-4cc0-8a66-db529f9fcee2: failed while reading the ElectricalSeries rates (AttributeError: module 'spikeinterface.extractors' has no attribute 'NwbRecordingExtractor')
2026-10-04T15:28:41Z WARNING [1298/1807] 4188a4a5-a3f3-4cc0-8a66-db529f9fcee2: leaving unrecorded for a later run to retry.
2026-10-04T15:28:41Z WARNING 41896f41-e3eb-4b84-b2db-82370bfe2fc6: failed while reading the ElectricalSeries rates (AttributeError: module 'spikeinterface.extractors' has no attribute 'NwbRecordingExtractor')
2026-10-04T15:28:41Z WARNING [1299/1807] 41896f41-e3eb-4b84-b2db-82370bfe2fc6: leaving unrecorded for a later run to retry.
2026-10-04T15:28:41Z WARNING 418a5704-111c-4315-8be9-45c690713bb4: failed while reading the ElectricalSeries rates (AttributeError: module 'spikeinterface.extractors' has no attribute 'NwbRecordingExtractor')
2026-10-04T15:28:41Z WARNING [1300/1807] 418a5704-111c-4315-8be9-45c690713bb4: leaving unrecorded for a later run to retry.
2026-10-04T15:28:41Z INFO [1300/1807] 418a5704-111c-4315-8be9-45c690713bb4: checkpointed 60602 records.
2026-10-04T15:28:41Z WARNING 418b0d91-e1d9-4528-8f84-e586f63c485f: failed while reading the ElectricalSeries rates (AttributeError: module 'spikeinterface.extractors' has no attribute 'NwbRecordingExtractor')
2026-10-04T15:28:41Z WARNING [1301/1807] 418b0d91-e1d9-4528-8f84-e586f63c485f: leaving unrecorded for a later run to retry.
2026-10-04T15:28:41Z WARNING 418b1b55-0296-48c2-9c90-3c9177c44ebf: failed while reading the ElectricalSeries rates (AttributeError: module 'spikeinterface.extractors' has no attribute 'NwbRecordingExtractor')
2026-10-04T15:28:41Z WARNING [1302/1807] 418b1b55-0296-48c2-9c90-3c9177c44ebf: leaving unrecorded for a later run to retry.
2026-10-04T15:28:42Z WARNING 418b9474-be1d-49a4-97b9-f7aae80a124f: failed while reading the ElectricalSeries rates (AttributeError: module 'spikeinterface.extractors' has no attribute 'NwbRecordingExtractor')
2026-10-04T15:28:42Z WARNING [1303/1807] 418b9474-be1d-49a4-97b9-f7aae80a124f: leaving unrecorded for a later run to retry.
2026-10-04T15:28:42Z WARNING 418c3eb5-e733-485a-9655-39ae778736c4: failed while reading the ElectricalSeries rates (AttributeError: module 'spikeinterface.extractors' has no attribute 'NwbRecordingExtractor')
2026-10-04T15:28:42Z WARNING [1304/1807] 418c3eb5-e733-485a-9655-39ae778736c4: leaving unrecorded for a later run to retry.
2026-10-04T15:28:42Z WARNING 418d404f-223b-4f7b-9dfb-bc5e675f1c17: failed while reading the ElectricalSeries rates (AttributeError: module 'spikeinterface.extractors' has no attribute 'NwbRecordingExtractor')
2026-10-04T15:28:42Z WARNING [1305/1807] 418d404f-223b-4f7b-9dfb-bc5e675f1c17: leaving unrecorded for a later run to retry.
2026-10-04T15:28:42Z WARNING 418d5ae8-f85f-4c51-8963-6c7f3257dd03: failed while reading the ElectricalSeries rates (AttributeError: module 'spikeinterface.extractors' has no attribute 'NwbRecordingExtractor')
2026-10-04T15:28:42Z WARNING [1306/1807] 418d5ae8-f85f-4c51-8963-6c7f3257dd03: leaving unrecorded for a later run to retry.
2026-10-04T15:28:42Z WARNING 418d882e-e4cf-42fa-b79f-ef5e7f3da97f: failed while reading the ElectricalSeries rates (AttributeError: module 'spikeinterface.extractors' has no attribute 'NwbRecordingExtractor')
2026-10-04T15:28:42Z WARNING [1307/1807] 418d882e-e4cf-42fa-b79f-ef5e7f3da97f: leaving unrecorded for a later run to retry.
2026-10-04T15:28:42Z WARNING 418e8796-b892-434a-8e8a-db2f971bd47c: failed while reading the ElectricalSeries rates (AttributeError: module 'spikeinterface.extractors' has no attribute 'NwbRecordingExtractor')
2026-10-04T15:28:42Z WARNING [1308/1807] 418e8796-b892-434a-8e8a-db2f971bd47c: leaving unrecorded for a later run to retry.
2026-10-04T15:28:43Z WARNING 418ee2d0-2b41-4bd5-b7b3-34dd39d6c08b: failed while reading the ElectricalSeries rates (AttributeError: module 'spikeinterface.extractors' has no attribute 'NwbRecordingExtractor')
2026-10-04T15:28:43Z WARNING [1309/1807] 418ee2d0-2b41-4bd5-b7b3-34dd39d6c08b: leaving unrecorded for a later run to retry.
2026-10-04T15:28:43Z WARNING 41912a38-9868-40dc-8e99-fae1c3c97ad0: failed while reading the ElectricalSeries rates (AttributeError: module 'spikeinterface.extractors' has no attribute 'NwbRecordingExtractor')
2026-10-04T15:28:43Z WARNING [1310/1807] 41912a38-9868-40dc-8e99-fae1c3c97ad0: leaving unrecorded for a later run to retry.
2026-10-04T15:28:43Z WARNING 41913767-d234-457d-8e35-d5e601fbaf12: failed while reading the ElectricalSeries rates (AttributeError: module 'spikeinterface.extractors' has no attribute 'NwbRecordingExtractor')
2026-10-04T15:28:43Z WARNING [1311/1807] 41913767-d234-457d-8e35-d5e601fbaf12: leaving unrecorded for a later run to retry.
2026-10-04T15:28:43Z WARNING 41917878-5508-4179-9dcb-e84f50ca8fff: failed while reading the ElectricalSeries rates (AttributeError: module 'spikeinterface.extractors' has no attribute 'NwbRecordingExtractor')
2026-10-04T15:28:43Z WARNING [1312/1807] 41917878-5508-4179-9dcb-e84f50ca8fff: leaving unrecorded for a later run to retry.
2026-10-04T15:28:43Z WARNING 4191cc39-b37f-4646-b465-22e6f50adcc1: failed while reading the ElectricalSeries rates (AttributeError: module 'spikeinterface.extractors' has no attribute 'NwbRecordingExtractor')
2026-10-04T15:28:43Z WARNING [1313/1807] 4191cc39-b37f-4646-b465-22e6f50adcc1: leaving unrecorded for a later run to retry.
2026-10-04T15:28:43Z WARNING 4192ae5c-01ba-4450-b7a0-4966a055539c: failed while reading the ElectricalSeries rates (AttributeError: module 'spikeinterface.extractors' has no attribute 'NwbRecordingExtractor')
2026-10-04T15:28:43Z WARNING [1314/1807] 4192ae5c-01ba-4450-b7a0-4966a055539c: leaving unrecorded for a later run to retry.
2026-10-04T15:28:43Z WARNING 4192dbcc-aad8-4d35-9189-ee873b284223: failed while reading the ElectricalSeries rates (AttributeError: module 'spikeinterface.extractors' has no attribute 'NwbRecordingExtractor')
2026-10-04T15:28:43Z WARNING [1315/1807] 4192dbcc-aad8-4d35-9189-ee873b284223: leaving unrecorded for a later run to retry.
2026-10-04T15:28:44Z WARNING 419486f0-4831-407e-8e29-f5a6c7f90c81: failed while reading the ElectricalSeries rates (AttributeError: module 'spikeinterface.extractors' has no attribute 'NwbRecordingExtractor')
2026-10-04T15:28:44Z WARNING [1316/1807] 419486f0-4831-407e-8e29-f5a6c7f90c81: leaving unrecorded for a later run to retry.
2026-10-04T15:28:44Z WARNING 41956ee1-2056-4cbf-81be-59afbc7d65ef: failed while reading the ElectricalSeries rates (AttributeError: module 'spikeinterface.extractors' has no attribute 'NwbRecordingExtractor')
2026-10-04T15:28:44Z WARNING [1317/1807] 41956ee1-2056-4cbf-81be-59afbc7d65ef: leaving unrecorded for a later run to retry.
2026-10-04T15:28:44Z WARNING 41956fb5-270c-41c5-b86d-2c4cdad400c2: failed while reading the ElectricalSeries rates (AttributeError: module 'spikeinterface.extractors' has no attribute 'NwbRecordingExtractor')
2026-10-04T15:28:44Z WARNING [1318/1807] 41956fb5-270c-41c5-b86d-2c4cdad400c2: leaving unrecorded for a later run to retry.
2026-10-04T15:28:44Z WARNING 4195c710-5753-4fa5-bc85-fcb41cbc0b8d: failed while reading the ElectricalSeries rates (AttributeError: module 'spikeinterface.extractors' has no attribute 'NwbRecordingExtractor')
2026-10-04T15:28:44Z WARNING [1319/1807] 4195c710-5753-4fa5-bc85-fcb41cbc0b8d: leaving unrecorded for a later run to retry.
2026-10-04T15:28:44Z WARNING 419670dd-d671-4fa3-8f03-fc70578d839d: failed while reading the ElectricalSeries rates (AttributeError: module 'spikeinterface.extractors' has no attribute 'NwbRecordingExtractor')
2026-10-04T15:28:44Z WARNING [1320/1807] 419670dd-d671-4fa3-8f03-fc70578d839d: leaving unrecorded for a later run to retry.
2026-10-04T15:28:44Z WARNING 41967d34-36fb-48f6-9b32-de4cf75e592e: failed while reading the ElectricalSeries rates (AttributeError: module 'spikeinterface.extractors' has no attribute 'NwbRecordingExtractor')
2026-10-04T15:28:44Z WARNING [1321/1807] 41967d34-36fb-48f6-9b32-de4cf75e592e: leaving unrecorded for a later run to retry.
2026-10-04T15:28:45Z WARNING 4197657b-c388-4224-8310-69b8620cdadf: failed while reading the ElectricalSeries rates (AttributeError: module 'spikeinterface.extractors' has no attribute 'NwbRecordingExtractor')
2026-10-04T15:28:45Z WARNING [1322/1807] 4197657b-c388-4224-8310-69b8620cdadf: leaving unrecorded for a later run to retry.
2026-10-04T15:28:45Z WARNING 41987a03-fa0a-47f4-8d42-517abb669cce: failed while reading the ElectricalSeries rates (AttributeError: module 'spikeinterface.extractors' has no attribute 'NwbRecordingExtractor')
2026-10-04T15:28:45Z WARNING [1323/1807] 41987a03-fa0a-47f4-8d42-517abb669cce: leaving unrecorded for a later run to retry.
2026-10-04T15:28:45Z WARNING 4199a98a-48cb-4567-8482-3b5522d4411f: failed while reading the ElectricalSeries rates (AttributeError: module 'spikeinterface.extractors' has no attribute 'NwbRecordingExtractor')
2026-10-04T15:28:45Z WARNING [1324/1807] 4199a98a-48cb-4567-8482-3b5522d4411f: leaving unrecorded for a later run to retry.
2026-10-04T15:28:45Z WARNING 4199b7aa-37a2-4d5a-8743-855bf5bda3b6: failed while reading the ElectricalSeries rates (AttributeError: module 'spikeinterface.extractors' has no attribute 'NwbRecordingExtractor')
2026-10-04T15:28:45Z WARNING [1325/1807] 4199b7aa-37a2-4d5a-8743-855bf5bda3b6: leaving unrecorded for a later run to retry.
2026-10-04T15:28:45Z WARNING 4199bf47-fd4e-4ee7-a28a-ff812a6a857e: failed while reading the ElectricalSeries rates (AttributeError: module 'spikeinterface.extractors' has no attribute 'NwbRecordingExtractor')
2026-10-04T15:28:45Z WARNING [1326/1807] 4199bf47-fd4e-4ee7-a28a-ff812a6a857e: leaving unrecorded for a later run to retry.
2026-10-04T15:28:45Z WARNING 419a2b73-8282-4aa2-ad51-01fe1f1a5607: failed while reading the ElectricalSeries rates (AttributeError: module 'spikeinterface.extractors' has no attribute 'NwbRecordingExtractor')
2026-10-04T15:28:45Z WARNING [1327/1807] 419a2b73-8282-4aa2-ad51-01fe1f1a5607: leaving unrecorded for a later run to retry.
2026-10-04T15:28:45Z WARNING 419a829c-bb1f-4e7a-a721-be64376c1c54: failed while reading the ElectricalSeries rates (AttributeError: module 'spikeinterface.extractors' has no attribute 'NwbRecordingExtractor')
2026-10-04T15:28:45Z WARNING [1328/1807] 419a829c-bb1f-4e7a-a721-be64376c1c54: leaving unrecorded for a later run to retry.
2026-10-04T15:28:46Z WARNING 419b8f2f-a54d-4302-9403-4392900244cd: failed while reading the ElectricalSeries rates (AttributeError: module 'spikeinterface.extractors' has no attribute 'NwbRecordingExtractor')
2026-10-04T15:28:46Z WARNING [1329/1807] 419b8f2f-a54d-4302-9403-4392900244cd: leaving unrecorded for a later run to retry.
2026-10-04T15:28:46Z WARNING 419be602-bf5d-479a-8d6b-16132c7ac9b3: failed while reading the ElectricalSeries rates (AttributeError: module 'spikeinterface.extractors' has no attribute 'NwbRecordingExtractor')
2026-10-04T15:28:46Z WARNING [1330/1807] 419be602-bf5d-479a-8d6b-16132c7ac9b3: leaving unrecorded for a later run to retry.
2026-10-04T15:28:46Z WARNING 419bee56-555c-4741-96f4-a80374286fd8: failed while reading the ElectricalSeries rates (AttributeError: module 'spikeinterface.extractors' has no attribute 'NwbRecordingExtractor')
2026-10-04T15:28:46Z WARNING [1331/1807] 419bee56-555c-4741-96f4-a80374286fd8: leaving unrecorded for a later run to retry.
2026-10-04T15:28:46Z WARNING 419c2f3a-d054-43e2-b4b1-4791ed642834: failed while reading the ElectricalSeries rates (AttributeError: module 'spikeinterface.extractors' has no attribute 'NwbRecordingExtractor')
2026-10-04T15:28:46Z WARNING [1332/1807] 419c2f3a-d054-43e2-b4b1-4791ed642834: leaving unrecorded for a later run to retry.
2026-10-04T15:28:46Z WARNING 419c41fa-8671-47fe-9b3b-531f85377c86: failed while reading the ElectricalSeries rates (AttributeError: module 'spikeinterface.extractors' has no attribute 'NwbRecordingExtractor')
2026-10-04T15:28:46Z WARNING [1333/1807] 419c41fa-8671-47fe-9b3b-531f85377c86: leaving unrecorded for a later run to retry.
2026-10-04T15:28:46Z WARNING 419ca876-86e4-408a-8cba-546824196aed: failed while reading the ElectricalSeries rates (AttributeError: module 'spikeinterface.extractors' has no attribute 'NwbRecordingExtractor')
2026-10-04T15:28:46Z WARNING [1334/1807] 419ca876-86e4-408a-8cba-546824196aed: leaving unrecorded for a later run to retry.
2026-10-04T15:28:47Z WARNING 419d0b1a-c939-4d60-b35c-3285eb20905f: failed while reading the ElectricalSeries rates (AttributeError: module 'spikeinterface.extractors' has no attribute 'NwbRecordingExtractor')
2026-10-04T15:28:47Z WARNING [1335/1807] 419d0b1a-c939-4d60-b35c-3285eb20905f: leaving unrecorded for a later run to retry.
2026-10-04T15:28:47Z WARNING 419de6a2-022f-4c86-95b0-8bf45ab1d19e: failed while reading the ElectricalSeries rates (AttributeError: module 'spikeinterface.extractors' has no attribute 'NwbRecordingExtractor')
2026-10-04T15:28:47Z WARNING [1336/1807] 419de6a2-022f-4c86-95b0-8bf45ab1d19e: leaving unrecorded for a later run to retry.
2026-10-04T15:28:47Z WARNING 419e5148-d2f3-4aae-9f57-eeac1eab4116: failed while reading the ElectricalSeries rates (AttributeError: module 'spikeinterface.extractors' has no attribute 'NwbRecordingExtractor')
2026-10-04T15:28:47Z WARNING [1337/1807] 419e5148-d2f3-4aae-9f57-eeac1eab4116: leaving unrecorded for a later run to retry.
2026-10-04T15:28:47Z WARNING 419ede57-b79f-4550-8b1e-6cf8a67a707c: failed while reading the ElectricalSeries rates (AttributeError: module 'spikeinterface.extractors' has no attribute 'NwbRecordingExtractor')
2026-10-04T15:28:47Z WARNING [1338/1807] 419ede57-b79f-4550-8b1e-6cf8a67a707c: leaving unrecorded for a later run to retry.
2026-10-04T15:28:47Z WARNING 419f655d-e248-4c4f-afab-b45800dd99a7: failed while reading the ElectricalSeries rates (AttributeError: module 'spikeinterface.extractors' has no attribute 'NwbRecordingExtractor')
2026-10-04T15:28:47Z WARNING [1339/1807] 419f655d-e248-4c4f-afab-b45800dd99a7: leaving unrecorded for a later run to retry.
2026-10-04T15:28:47Z WARNING 41a01df8-75fd-4cb0-8b6e-1de7d796a8cc: failed while reading the ElectricalSeries rates (AttributeError: module 'spikeinterface.extractors' has no attribute 'NwbRecordingExtractor')
2026-10-04T15:28:47Z WARNING [1340/1807] 41a01df8-75fd-4cb0-8b6e-1de7d796a8cc: leaving unrecorded for a later run to retry.
2026-10-04T15:28:48Z WARNING 41a02123-8811-4378-a99d-411e22df6841: failed while reading the ElectricalSeries rates (AttributeError: module 'spikeinterface.extractors' has no attribute 'NwbRecordingExtractor')
2026-10-04T15:28:48Z WARNING [1341/1807] 41a02123-8811-4378-a99d-411e22df6841: leaving unrecorded for a later run to retry.
2026-10-04T15:28:48Z WARNING 41a023bd-7a00-458b-9ff3-ac629346ce13: failed while reading the ElectricalSeries rates (AttributeError: module 'spikeinterface.extractors' has no attribute 'NwbRecordingExtractor')
2026-10-04T15:28:48Z WARNING [1342/1807] 41a023bd-7a00-458b-9ff3-ac629346ce13: leaving unrecorded for a later run to retry.
2026-10-04T15:28:48Z WARNING 41a107d4-5de4-4c73-a1ee-a677dfbb7df2: failed while reading the ElectricalSeries rates (AttributeError: module 'spikeinterface.extractors' has no attribute 'NwbRecordingExtractor')
2026-10-04T15:28:48Z WARNING [1343/1807] 41a107d4-5de4-4c73-a1ee-a677dfbb7df2: leaving unrecorded for a later run to retry.
2026-10-04T15:28:48Z WARNING 41a1cd8c-bfe8-450e-b91b-ff14d932aab8: failed while reading the ElectricalSeries rates (AttributeError: module 'spikeinterface.extractors' has no attribute 'NwbRecordingExtractor')
2026-10-04T15:28:48Z WARNING [1344/1807] 41a1cd8c-bfe8-450e-b91b-ff14d932aab8: leaving unrecorded for a later run to retry.
2026-10-04T15:28:48Z WARNING 41a2a0e3-37dc-41b0-80e1-365a66dadf21: failed while reading the ElectricalSeries rates (AttributeError: module 'spikeinterface.extractors' has no attribute 'NwbRecordingExtractor')
2026-10-04T15:28:48Z WARNING [1345/1807] 41a2a0e3-37dc-41b0-80e1-365a66dadf21: leaving unrecorded for a later run to retry.
2026-10-04T15:28:48Z WARNING 41a3017a-e895-4e18-ba84-2283d7c17336: failed while reading the ElectricalSeries rates (AttributeError: module 'spikeinterface.extractors' has no attribute 'NwbRecordingExtractor')
2026-10-04T15:28:48Z WARNING [1346/1807] 41a3017a-e895-4e18-ba84-2283d7c17336: leaving unrecorded for a later run to retry.
2026-10-04T15:28:49Z WARNING 41a377e6-676e-48ff-bbc2-162b6c87b393: failed while reading the ElectricalSeries rates (AttributeError: module 'spikeinterface.extractors' has no attribute 'NwbRecordingExtractor')
2026-10-04T15:28:49Z WARNING [1347/1807] 41a377e6-676e-48ff-bbc2-162b6c87b393: leaving unrecorded for a later run to retry.
2026-10-04T15:28:49Z WARNING 41a3970b-722b-4ce9-bc96-95b03ef21f81: failed while reading the ElectricalSeries rates (AttributeError: module 'spikeinterface.extractors' has no attribute 'NwbRecordingExtractor')
2026-10-04T15:28:49Z WARNING [1348/1807] 41a3970b-722b-4ce9-bc96-95b03ef21f81: leaving unrecorded for a later run to retry.
2026-10-04T15:28:49Z WARNING 41a415bd-1207-4589-a389-7bee0d8de354: failed while reading the ElectricalSeries rates (AttributeError: module 'spikeinterface.extractors' has no attribute 'NwbRecordingExtractor')
2026-10-04T15:28:49Z WARNING [1349/1807] 41a415bd-1207-4589-a389-7bee0d8de354: leaving unrecorded for a later run to retry.
2026-10-04T15:28:49Z WARNING 41a4bfed-5059-44b8-bb47-1ac69a29c84b: failed while reading the ElectricalSeries rates (AttributeError: module 'spikeinterface.extractors' has no attribute 'NwbRecordingExtractor')
2026-10-04T15:28:49Z WARNING [1350/1807] 41a4bfed-5059-44b8-bb47-1ac69a29c84b: leaving unrecorded for a later run to retry.
2026-10-04T15:28:49Z INFO [1350/1807] 41a4bfed-5059-44b8-bb47-1ac69a29c84b: checkpointed 60602 records.
2026-10-04T15:28:49Z WARNING 41a4f7f9-3deb-4c52-a436-8ad0be49d311: failed while reading the ElectricalSeries rates (AttributeError: module 'spikeinterface.extractors' has no attribute 'NwbRecordingExtractor')
2026-10-04T15:28:49Z WARNING [1351/1807] 41a4f7f9-3deb-4c52-a436-8ad0be49d311: leaving unrecorded for a later run to retry.
2026-10-04T15:28:49Z WARNING 41a5bca4-8987-4763-9bca-71cfb6996802: failed while reading the ElectricalSeries rates (AttributeError: module 'spikeinterface.extractors' has no attribute 'NwbRecordingExtractor')
2026-10-04T15:28:49Z WARNING [1352/1807] 41a5bca4-8987-4763-9bca-71cfb6996802: leaving unrecorded for a later run to retry.
2026-10-04T15:28:49Z WARNING 41a5f2c6-3926-417a-b90e-e0afb2664282: failed while reading the ElectricalSeries rates (AttributeError: module 'spikeinterface.extractors' has no attribute 'NwbRecordingExtractor')
2026-10-04T15:28:49Z WARNING [1353/1807] 41a5f2c6-3926-417a-b90e-e0afb2664282: leaving unrecorded for a later run to retry.
2026-10-04T15:28:50Z WARNING 41a63c7e-19bc-42aa-abb2-b5b166fff6b4: failed while reading the ElectricalSeries rates (AttributeError: module 'spikeinterface.extractors' has no attribute 'NwbRecordingExtractor')
2026-10-04T15:28:50Z WARNING [1354/1807] 41a63c7e-19bc-42aa-abb2-b5b166fff6b4: leaving unrecorded for a later run to retry.
2026-10-04T15:28:50Z WARNING 41a69233-5098-4e89-a2b8-c86274132752: failed while reading the ElectricalSeries rates (AttributeError: module 'spikeinterface.extractors' has no attribute 'NwbRecordingExtractor')
2026-10-04T15:28:50Z WARNING [1355/1807] 41a69233-5098-4e89-a2b8-c86274132752: leaving unrecorded for a later run to retry.
2026-10-04T15:28:50Z WARNING 41a6ba87-c27f-4778-95a0-e186afd5f9d8: failed while reading the ElectricalSeries rates (AttributeError: module 'spikeinterface.extractors' has no attribute 'NwbRecordingExtractor')
2026-10-04T15:28:50Z WARNING [1356/1807] 41a6ba87-c27f-4778-95a0-e186afd5f9d8: leaving unrecorded for a later run to retry.
2026-10-04T15:28:50Z WARNING 41a6c2f9-528a-412a-b102-e2bad40310dc: failed while reading the ElectricalSeries rates (AttributeError: module 'spikeinterface.extractors' has no attribute 'NwbRecordingExtractor')
2026-10-04T15:28:50Z WARNING [1357/1807] 41a6c2f9-528a-412a-b102-e2bad40310dc: leaving unrecorded for a later run to retry.
2026-10-04T15:28:50Z WARNING 41a730dd-2da9-45c7-9374-a6c9e62cadb6: failed while reading the ElectricalSeries rates (AttributeError: module 'spikeinterface.extractors' has no attribute 'NwbRecordingExtractor')
2026-10-04T15:28:50Z WARNING [1358/1807] 41a730dd-2da9-45c7-9374-a6c9e62cadb6: leaving unrecorded for a later run to retry.
2026-10-04T15:28:50Z WARNING 41a7b903-b5c5-46c0-b14f-a0b02087d8e2: failed while reading the ElectricalSeries rates (AttributeError: module 'spikeinterface.extractors' has no attribute 'NwbRecordingExtractor')
2026-10-04T15:28:50Z WARNING [1359/1807] 41a7b903-b5c5-46c0-b14f-a0b02087d8e2: leaving unrecorded for a later run to retry.
2026-10-04T15:28:50Z WARNING 41a867e1-a2fb-4f1d-a55c-58114ded6b33: failed while reading the ElectricalSeries rates (AttributeError: module 'spikeinterface.extractors' has no attribute 'NwbRecordingExtractor')
2026-10-04T15:28:50Z WARNING [1360/1807] 41a867e1-a2fb-4f1d-a55c-58114ded6b33: leaving unrecorded for a later run to retry.
2026-10-04T15:28:51Z WARNING 41a87a73-34c7-4547-b927-0a77626719a3: failed while reading the ElectricalSeries rates (AttributeError: module 'spikeinterface.extractors' has no attribute 'NwbRecordingExtractor')
2026-10-04T15:28:51Z WARNING [1361/1807] 41a87a73-34c7-4547-b927-0a77626719a3: leaving unrecorded for a later run to retry.
2026-10-04T15:28:51Z WARNING 41a87c2e-d8d4-45b6-bdf3-f191ed4da5b8: failed while reading the ElectricalSeries rates (AttributeError: module 'spikeinterface.extractors' has no attribute 'NwbRecordingExtractor')
2026-10-04T15:28:51Z WARNING [1362/1807] 41a87c2e-d8d4-45b6-bdf3-f191ed4da5b8: leaving unrecorded for a later run to retry.
2026-10-04T15:28:51Z WARNING 41a88113-7a97-4fa6-b398-11a20a427a57: failed while reading the ElectricalSeries rates (AttributeError: module 'spikeinterface.extractors' has no attribute 'NwbRecordingExtractor')
2026-10-04T15:28:51Z WARNING [1363/1807] 41a88113-7a97-4fa6-b398-11a20a427a57: leaving unrecorded for a later run to retry.
2026-10-04T15:28:51Z WARNING 41a96616-1699-43c5-a919-ede2c173cbb9: failed while reading the ElectricalSeries rates (AttributeError: module 'spikeinterface.extractors' has no attribute 'NwbRecordingExtractor')
2026-10-04T15:28:51Z WARNING [1364/1807] 41a96616-1699-43c5-a919-ede2c173cbb9: leaving unrecorded for a later run to retry.
2026-10-04T15:28:51Z WARNING 41a99cdd-ef71-4419-a621-2345f47402ac: failed while reading the ElectricalSeries rates (AttributeError: module 'spikeinterface.extractors' has no attribute 'NwbRecordingExtractor')
2026-10-04T15:28:51Z WARNING [1365/1807] 41a99cdd-ef71-4419-a621-2345f47402ac: leaving unrecorded for a later run to retry.
2026-10-04T15:28:51Z WARNING 41a9ab09-c841-4495-991b-9f82b8204725: failed while reading the ElectricalSeries rates (AttributeError: module 'spikeinterface.extractors' has no attribute 'NwbRecordingExtractor')
2026-10-04T15:28:51Z WARNING [1366/1807] 41a9ab09-c841-4495-991b-9f82b8204725: leaving unrecorded for a later run to retry.
2026-10-04T15:28:52Z WARNING 41a9e7ee-de22-4789-96e2-3a53df4810be: failed while reading the ElectricalSeries rates (AttributeError: module 'spikeinterface.extractors' has no attribute 'NwbRecordingExtractor')
2026-10-04T15:28:52Z WARNING [1367/1807] 41a9e7ee-de22-4789-96e2-3a53df4810be: leaving unrecorded for a later run to retry.
2026-10-04T15:28:52Z WARNING 41aa58c7-5d61-4c9c-aa31-cffd76da2f2c: failed while reading the ElectricalSeries rates (AttributeError: module 'spikeinterface.extractors' has no attribute 'NwbRecordingExtractor')
2026-10-04T15:28:52Z WARNING [1368/1807] 41aa58c7-5d61-4c9c-aa31-cffd76da2f2c: leaving unrecorded for a later run to retry.
2026-10-04T15:28:52Z WARNING 41aa89f0-c2ec-49d3-95be-a047dd2538ee: failed while reading the ElectricalSeries rates (AttributeError: module 'spikeinterface.extractors' has no attribute 'NwbRecordingExtractor')
2026-10-04T15:28:52Z WARNING [1369/1807] 41aa89f0-c2ec-49d3-95be-a047dd2538ee: leaving unrecorded for a later run to retry.
2026-10-04T15:28:52Z WARNING 41ab63c5-7c90-4ca6-8a0c-b3f8081981a3: failed while reading the ElectricalSeries rates (AttributeError: module 'spikeinterface.extractors' has no attribute 'NwbRecordingExtractor')
2026-10-04T15:28:52Z WARNING [1370/1807] 41ab63c5-7c90-4ca6-8a0c-b3f8081981a3: leaving unrecorded for a later run to retry.
2026-10-04T15:28:52Z WARNING 41ac8c76-10de-42f0-b824-ee02082a8c11: failed while reading the ElectricalSeries rates (AttributeError: module 'spikeinterface.extractors' has no attribute 'NwbRecordingExtractor')
2026-10-04T15:28:52Z WARNING [1371/1807] 41ac8c76-10de-42f0-b824-ee02082a8c11: leaving unrecorded for a later run to retry.
2026-10-04T15:28:52Z WARNING 41aca539-b351-40fd-8c38-7e4442ff75ca: failed while reading the ElectricalSeries rates (AttributeError: module 'spikeinterface.extractors' has no attribute 'NwbRecordingExtractor')
2026-10-04T15:28:52Z WARNING [1372/1807] 41aca539-b351-40fd-8c38-7e4442ff75ca: leaving unrecorded for a later run to retry.
2026-10-04T15:28:52Z WARNING 41acf188-7041-4cfd-9040-ce0cc53790dd: failed while reading the ElectricalSeries rates (AttributeError: module 'spikeinterface.extractors' has no attribute 'NwbRecordingExtractor')
2026-10-04T15:28:52Z WARNING [1373/1807] 41acf188-7041-4cfd-9040-ce0cc53790dd: leaving unrecorded for a later run to retry.
2026-10-04T15:28:53Z WARNING 41acf48b-8176-47db-b23e-38dd45f0cd03: failed while reading the ElectricalSeries rates (AttributeError: module 'spikeinterface.extractors' has no attribute 'NwbRecordingExtractor')
2026-10-04T15:28:53Z WARNING [1374/1807] 41acf48b-8176-47db-b23e-38dd45f0cd03: leaving unrecorded for a later run to retry.
2026-10-04T15:28:53Z WARNING 41ad69aa-51bf-42b7-94d9-7c05e8795fa1: failed while reading the ElectricalSeries rates (AttributeError: module 'spikeinterface.extractors' has no attribute 'NwbRecordingExtractor')
2026-10-04T15:28:53Z WARNING [1375/1807] 41ad69aa-51bf-42b7-94d9-7c05e8795fa1: leaving unrecorded for a later run to retry.
2026-10-04T15:28:53Z WARNING 41adb33c-7c6c-42c4-ae02-8b6d42fef8fd: failed while reading the ElectricalSeries rates (AttributeError: module 'spikeinterface.extractors' has no attribute 'NwbRecordingExtractor')
2026-10-04T15:28:53Z WARNING [1376/1807] 41adb33c-7c6c-42c4-ae02-8b6d42fef8fd: leaving unrecorded for a later run to retry.
2026-10-04T15:28:53Z WARNING 41ae67fc-0930-4339-b2cb-7c03e9d56c98: failed while reading the ElectricalSeries rates (AttributeError: module 'spikeinterface.extractors' has no attribute 'NwbRecordingExtractor')
2026-10-04T15:28:53Z WARNING [1377/1807] 41ae67fc-0930-4339-b2cb-7c03e9d56c98: leaving unrecorded for a later run to retry.
2026-10-04T15:28:53Z WARNING 41ae9ec8-cc94-4f0c-bee1-95d85611c2ca: failed while reading the ElectricalSeries rates (AttributeError: module 'spikeinterface.extractors' has no attribute 'NwbRecordingExtractor')
2026-10-04T15:28:53Z WARNING [1378/1807] 41ae9ec8-cc94-4f0c-bee1-95d85611c2ca: leaving unrecorded for a later run to retry.
2026-10-04T15:28:53Z WARNING 41b0a985-1dee-40c9-a334-06f3110b87da: failed while reading the ElectricalSeries rates (AttributeError: module 'spikeinterface.extractors' has no attribute 'NwbRecordingExtractor')
2026-10-04T15:28:53Z WARNING [1379/1807] 41b0a985-1dee-40c9-a334-06f3110b87da: leaving unrecorded for a later run to retry.
2026-10-04T15:28:53Z WARNING 41b0c622-30f0-41b6-ad6b-ecda6a9e76c5: failed while reading the ElectricalSeries rates (AttributeError: module 'spikeinterface.extractors' has no attribute 'NwbRecordingExtractor')
2026-10-04T15:28:53Z WARNING [1380/1807] 41b0c622-30f0-41b6-ad6b-ecda6a9e76c5: leaving unrecorded for a later run to retry.
2026-10-04T15:28:54Z WARNING 41b186a2-9fb5-41e9-931a-2539cf4689a8: failed while reading the ElectricalSeries rates (AttributeError: module 'spikeinterface.extractors' has no attribute 'NwbRecordingExtractor')
2026-10-04T15:28:54Z WARNING [1381/1807] 41b186a2-9fb5-41e9-931a-2539cf4689a8: leaving unrecorded for a later run to retry.
2026-10-04T15:28:54Z WARNING 41b1b45c-2596-4bb0-98ce-072c78dd38a5: failed while reading the ElectricalSeries rates (AttributeError: module 'spikeinterface.extractors' has no attribute 'NwbRecordingExtractor')
2026-10-04T15:28:54Z WARNING [1382/1807] 41b1b45c-2596-4bb0-98ce-072c78dd38a5: leaving unrecorded for a later run to retry.
2026-10-04T15:28:54Z WARNING 41b27802-168b-4ccf-9bac-fa72889d36b5: failed while reading the ElectricalSeries rates (AttributeError: module 'spikeinterface.extractors' has no attribute 'NwbRecordingExtractor')
2026-10-04T15:28:54Z WARNING [1383/1807] 41b27802-168b-4ccf-9bac-fa72889d36b5: leaving unrecorded for a later run to retry.
2026-10-04T15:28:54Z WARNING 41b2a1a9-c7e7-4f9d-aa37-0350abeefeba: failed while reading the ElectricalSeries rates (AttributeError: module 'spikeinterface.extractors' has no attribute 'NwbRecordingExtractor')
2026-10-04T15:28:54Z WARNING [1384/1807] 41b2a1a9-c7e7-4f9d-aa37-0350abeefeba: leaving unrecorded for a later run to retry.
2026-10-04T15:28:54Z WARNING 41b2aa02-d328-436f-82e5-e064a9376793: failed while reading the ElectricalSeries rates (AttributeError: module 'spikeinterface.extractors' has no attribute 'NwbRecordingExtractor')
2026-10-04T15:28:54Z WARNING [1385/1807] 41b2aa02-d328-436f-82e5-e064a9376793: leaving unrecorded for a later run to retry.
2026-10-04T15:28:54Z WARNING 41b2cbba-9c7d-467c-903b-1bad4ea1293b: failed while reading the ElectricalSeries rates (AttributeError: module 'spikeinterface.extractors' has no attribute 'NwbRecordingExtractor')
2026-10-04T15:28:54Z WARNING [1386/1807] 41b2cbba-9c7d-467c-903b-1bad4ea1293b: leaving unrecorded for a later run to retry.
2026-10-04T15:28:54Z WARNING 41b31993-5ae7-43bb-8fc2-fd6ad334c9d7: failed while reading the ElectricalSeries rates (AttributeError: module 'spikeinterface.extractors' has no attribute 'NwbRecordingExtractor')
2026-10-04T15:28:54Z WARNING [1387/1807] 41b31993-5ae7-43bb-8fc2-fd6ad334c9d7: leaving unrecorded for a later run to retry.
2026-10-04T15:28:55Z WARNING 41b3670b-124f-4d82-8291-29e72f00ec1e: failed while reading the ElectricalSeries rates (AttributeError: module 'spikeinterface.extractors' has no attribute 'NwbRecordingExtractor')
2026-10-04T15:28:55Z WARNING [1388/1807] 41b3670b-124f-4d82-8291-29e72f00ec1e: leaving unrecorded for a later run to retry.
2026-10-04T15:28:55Z WARNING 41b373ae-a840-45ef-a429-20ce4bb6c414: failed while reading the ElectricalSeries rates (AttributeError: module 'spikeinterface.extractors' has no attribute 'NwbRecordingExtractor')
2026-10-04T15:28:55Z WARNING [1389/1807] 41b373ae-a840-45ef-a429-20ce4bb6c414: leaving unrecorded for a later run to retry.
2026-10-04T15:28:55Z WARNING 41b409fb-3ce9-425f-a7aa-3765f0b1b8ea: failed while reading the ElectricalSeries rates (AttributeError: module 'spikeinterface.extractors' has no attribute 'NwbRecordingExtractor')
2026-10-04T15:28:55Z WARNING [1390/1807] 41b409fb-3ce9-425f-a7aa-3765f0b1b8ea: leaving unrecorded for a later run to retry.
2026-10-04T15:28:55Z WARNING 41b417d2-2168-419e-8347-ebe5cb1d57b1: failed while reading the ElectricalSeries rates (AttributeError: module 'spikeinterface.extractors' has no attribute 'NwbRecordingExtractor')
2026-10-04T15:28:55Z WARNING [1391/1807] 41b417d2-2168-419e-8347-ebe5cb1d57b1: leaving unrecorded for a later run to retry.
2026-10-04T15:28:55Z WARNING 41b49073-c1a5-47cf-b2f4-bf3fbf54b54f: failed while reading the ElectricalSeries rates (AttributeError: module 'spikeinterface.extractors' has no attribute 'NwbRecordingExtractor')
2026-10-04T15:28:55Z WARNING [1392/1807] 41b49073-c1a5-47cf-b2f4-bf3fbf54b54f: leaving unrecorded for a later run to retry.
2026-10-04T15:28:55Z WARNING 41b4a54a-5005-43d9-aaa1-65680568d2af: failed while reading the ElectricalSeries rates (AttributeError: module 'spikeinterface.extractors' has no attribute 'NwbRecordingExtractor')
2026-10-04T15:28:55Z WARNING [1393/1807] 41b4a54a-5005-43d9-aaa1-65680568d2af: leaving unrecorded for a later run to retry.
2026-10-04T15:28:56Z WARNING 41b522a5-90aa-43e7-89d0-83a7e0dde6a2: failed while reading the ElectricalSeries rates (AttributeError: module 'spikeinterface.extractors' has no attribute 'NwbRecordingExtractor')
2026-10-04T15:28:56Z WARNING [1394/1807] 41b522a5-90aa-43e7-89d0-83a7e0dde6a2: leaving unrecorded for a later run to retry.
2026-10-04T15:28:56Z WARNING 41b530d9-7f35-414a-a472-955514291c72: failed while reading the ElectricalSeries rates (AttributeError: module 'spikeinterface.extractors' has no attribute 'NwbRecordingExtractor')
2026-10-04T15:28:56Z WARNING [1395/1807] 41b530d9-7f35-414a-a472-955514291c72: leaving unrecorded for a later run to retry.
2026-10-04T15:28:56Z WARNING 41b5430b-3063-4081-b189-e30ff4628e30: failed while reading the ElectricalSeries rates (AttributeError: module 'spikeinterface.extractors' has no attribute 'NwbRecordingExtractor')
2026-10-04T15:28:56Z WARNING [1396/1807] 41b5430b-3063-4081-b189-e30ff4628e30: leaving unrecorded for a later run to retry.
2026-10-04T15:28:56Z WARNING 41b575f4-1ae9-4c63-b9f2-0ea668f33b48: failed while reading the ElectricalSeries rates (AttributeError: module 'spikeinterface.extractors' has no attribute 'NwbRecordingExtractor')
2026-10-04T15:28:56Z WARNING [1397/1807] 41b575f4-1ae9-4c63-b9f2-0ea668f33b48: leaving unrecorded for a later run to retry.
2026-10-04T15:28:56Z WARNING 41b73c2a-5cfe-4167-beda-942b725c15ad: failed while reading the ElectricalSeries rates (AttributeError: module 'spikeinterface.extractors' has no attribute 'NwbRecordingExtractor')
2026-10-04T15:28:56Z WARNING [1398/1807] 41b73c2a-5cfe-4167-beda-942b725c15ad: leaving unrecorded for a later run to retry.
2026-10-04T15:28:56Z WARNING 41b774cd-e1e3-41f1-8632-90c954bb8dc5: failed while reading the ElectricalSeries rates (AttributeError: module 'spikeinterface.extractors' has no attribute 'NwbRecordingExtractor')
2026-10-04T15:28:56Z WARNING [1399/1807] 41b774cd-e1e3-41f1-8632-90c954bb8dc5: leaving unrecorded for a later run to retry.
2026-10-04T15:28:56Z WARNING 41b798a7-0f8d-4acf-9803-a5f047bbb973: failed while reading the ElectricalSeries rates (AttributeError: module 'spikeinterface.extractors' has no attribute 'NwbRecordingExtractor')
2026-10-04T15:28:56Z WARNING [1400/1807] 41b798a7-0f8d-4acf-9803-a5f047bbb973: leaving unrecorded for a later run to retry.
2026-10-04T15:28:56Z INFO [1400/1807] 41b798a7-0f8d-4acf-9803-a5f047bbb973: checkpointed 60602 records.
2026-10-04T15:28:57Z WARNING 41ba1a53-4397-425a-998f-505005e9fcac: failed while reading the ElectricalSeries rates (AttributeError: module 'spikeinterface.extractors' has no attribute 'NwbRecordingExtractor')
2026-10-04T15:28:57Z WARNING [1401/1807] 41ba1a53-4397-425a-998f-505005e9fcac: leaving unrecorded for a later run to retry.
2026-10-04T15:28:57Z WARNING 41ba2ccf-9d4d-4773-8212-54c77fdbc5b2: failed while reading the ElectricalSeries rates (AttributeError: module 'spikeinterface.extractors' has no attribute 'NwbRecordingExtractor')
2026-10-04T15:28:57Z WARNING [1402/1807] 41ba2ccf-9d4d-4773-8212-54c77fdbc5b2: leaving unrecorded for a later run to retry.
2026-10-04T15:28:57Z WARNING 41baa904-9d3d-4715-a106-0b7b044221c7: failed while reading the ElectricalSeries rates (AttributeError: module 'spikeinterface.extractors' has no attribute 'NwbRecordingExtractor')
2026-10-04T15:28:57Z WARNING [1403/1807] 41baa904-9d3d-4715-a106-0b7b044221c7: leaving unrecorded for a later run to retry.
2026-10-04T15:28:57Z WARNING 41bb1d04-47d2-46e0-b3c5-d9d002cd6b34: failed while reading the ElectricalSeries rates (AttributeError: module 'spikeinterface.extractors' has no attribute 'NwbRecordingExtractor')
2026-10-04T15:28:57Z WARNING [1404/1807] 41bb1d04-47d2-46e0-b3c5-d9d002cd6b34: leaving unrecorded for a later run to retry.
2026-10-04T15:28:57Z WARNING 41bb910c-317e-4bfe-af05-a2798817c6c5: failed while reading the ElectricalSeries rates (AttributeError: module 'spikeinterface.extractors' has no attribute 'NwbRecordingExtractor')
2026-10-04T15:28:57Z WARNING [1405/1807] 41bb910c-317e-4bfe-af05-a2798817c6c5: leaving unrecorded for a later run to retry.
2026-10-04T15:28:57Z WARNING 41bc1d74-cc85-49d0-a356-303203a20def: failed while reading the ElectricalSeries rates (AttributeError: module 'spikeinterface.extractors' has no attribute 'NwbRecordingExtractor')
2026-10-04T15:28:57Z WARNING [1406/1807] 41bc1d74-cc85-49d0-a356-303203a20def: leaving unrecorded for a later run to retry.
2026-10-04T15:28:57Z WARNING 41bf3a4b-ea1e-409b-b3f6-829569680bdc: failed while reading the ElectricalSeries rates (AttributeError: module 'spikeinterface.extractors' has no attribute 'NwbRecordingExtractor')
2026-10-04T15:28:57Z WARNING [1407/1807] 41bf3a4b-ea1e-409b-b3f6-829569680bdc: leaving unrecorded for a later run to retry.
2026-10-04T15:28:58Z WARNING 41bf7926-ef1c-4c57-8199-7370afccee01: failed while reading the ElectricalSeries rates (AttributeError: module 'spikeinterface.extractors' has no attribute 'NwbRecordingExtractor')
2026-10-04T15:28:58Z WARNING [1408/1807] 41bf7926-ef1c-4c57-8199-7370afccee01: leaving unrecorded for a later run to retry.
2026-10-04T15:28:58Z WARNING 41c040e3-753c-46f6-86f6-2a0aebc43261: failed while reading the ElectricalSeries rates (AttributeError: module 'spikeinterface.extractors' has no attribute 'NwbRecordingExtractor')
2026-10-04T15:28:58Z WARNING [1409/1807] 41c040e3-753c-46f6-86f6-2a0aebc43261: leaving unrecorded for a later run to retry.
2026-10-04T15:28:58Z WARNING 41c1b8b4-1e46-4245-8dff-6cce33fe72b7: failed while reading the ElectricalSeries rates (AttributeError: module 'spikeinterface.extractors' has no attribute 'NwbRecordingExtractor')
2026-10-04T15:28:58Z WARNING [1410/1807] 41c1b8b4-1e46-4245-8dff-6cce33fe72b7: leaving unrecorded for a later run to retry.
2026-10-04T15:28:58Z WARNING 41c2c3f8-312b-46d8-80f3-d91b98bcee47: failed while reading the ElectricalSeries rates (AttributeError: module 'spikeinterface.extractors' has no attribute 'NwbRecordingExtractor')
2026-10-04T15:28:58Z WARNING [1411/1807] 41c2c3f8-312b-46d8-80f3-d91b98bcee47: leaving unrecorded for a later run to retry.
2026-10-04T15:28:58Z WARNING 41c2c893-0a3f-49b0-b81c-4edb7516b5eb: failed while reading the ElectricalSeries rates (AttributeError: module 'spikeinterface.extractors' has no attribute 'NwbRecordingExtractor')
2026-10-04T15:28:58Z WARNING [1412/1807] 41c2c893-0a3f-49b0-b81c-4edb7516b5eb: leaving unrecorded for a later run to retry.
2026-10-04T15:28:58Z WARNING 41c31382-a825-4d2b-a827-8de36d15b327: failed while reading the ElectricalSeries rates (AttributeError: module 'spikeinterface.extractors' has no attribute 'NwbRecordingExtractor')
2026-10-04T15:28:58Z WARNING [1413/1807] 41c31382-a825-4d2b-a827-8de36d15b327: leaving unrecorded for a later run to retry.
2026-10-04T15:28:59Z WARNING 41c36086-bb9c-403f-882b-ecb847ab884b: failed while reading the ElectricalSeries rates (AttributeError: module 'spikeinterface.extractors' has no attribute 'NwbRecordingExtractor')
2026-10-04T15:28:59Z WARNING [1414/1807] 41c36086-bb9c-403f-882b-ecb847ab884b: leaving unrecorded for a later run to retry.
2026-10-04T15:28:59Z WARNING 41c39bf0-5ae5-42cc-a5fb-581485e91936: failed while reading the ElectricalSeries rates (AttributeError: module 'spikeinterface.extractors' has no attribute 'NwbRecordingExtractor')
2026-10-04T15:28:59Z WARNING [1415/1807] 41c39bf0-5ae5-42cc-a5fb-581485e91936: leaving unrecorded for a later run to retry.
2026-10-04T15:28:59Z WARNING 41c47e91-c60b-4123-8c19-9fd8eef0b656: failed while reading the ElectricalSeries rates (AttributeError: module 'spikeinterface.extractors' has no attribute 'NwbRecordingExtractor')
2026-10-04T15:28:59Z WARNING [1416/1807] 41c47e91-c60b-4123-8c19-9fd8eef0b656: leaving unrecorded for a later run to retry.
2026-10-04T15:28:59Z WARNING 41c53dab-0f6f-4716-a6f5-f87bb2c424b3: failed while reading the ElectricalSeries rates (AttributeError: module 'spikeinterface.extractors' has no attribute 'NwbRecordingExtractor')
2026-10-04T15:28:59Z WARNING [1417/1807] 41c53dab-0f6f-4716-a6f5-f87bb2c424b3: leaving unrecorded for a later run to retry.
2026-10-04T15:28:59Z WARNING 41c671a2-e51b-4950-8d39-4b26b7509b85: failed while reading the ElectricalSeries rates (AttributeError: module 'spikeinterface.extractors' has no attribute 'NwbRecordingExtractor')
2026-10-04T15:28:59Z WARNING [1418/1807] 41c671a2-e51b-4950-8d39-4b26b7509b85: leaving unrecorded for a later run to retry.
2026-10-04T15:28:59Z WARNING 41c6cf79-910c-4fb6-81a3-fde04aec7a28: failed while reading the ElectricalSeries rates (AttributeError: module 'spikeinterface.extractors' has no attribute 'NwbRecordingExtractor')
2026-10-04T15:28:59Z WARNING [1419/1807] 41c6cf79-910c-4fb6-81a3-fde04aec7a28: leaving unrecorded for a later run to retry.
2026-10-04T15:29:00Z WARNING 41c6d2e6-0c03-4886-a512-097a2cb19541: failed while reading the ElectricalSeries rates (AttributeError: module 'spikeinterface.extractors' has no attribute 'NwbRecordingExtractor')
2026-10-04T15:29:00Z WARNING [1420/1807] 41c6d2e6-0c03-4886-a512-097a2cb19541: leaving unrecorded for a later run to retry.
2026-10-04T15:29:00Z WARNING 41c6dee9-9101-474f-a291-4c44e978f53c: failed while reading the ElectricalSeries rates (AttributeError: module 'spikeinterface.extractors' has no attribute 'NwbRecordingExtractor')
2026-10-04T15:29:00Z WARNING [1421/1807] 41c6dee9-9101-474f-a291-4c44e978f53c: leaving unrecorded for a later run to retry.
2026-10-04T15:29:00Z WARNING 41c747f8-709f-49a9-9553-6923b37f088b: failed while reading the ElectricalSeries rates (AttributeError: module 'spikeinterface.extractors' has no attribute 'NwbRecordingExtractor')
2026-10-04T15:29:00Z WARNING [1422/1807] 41c747f8-709f-49a9-9553-6923b37f088b: leaving unrecorded for a later run to retry.
2026-10-04T15:29:00Z WARNING 41c799a5-9102-436e-a227-d83fa509e074: failed while reading the ElectricalSeries rates (AttributeError: module 'spikeinterface.extractors' has no attribute 'NwbRecordingExtractor')
2026-10-04T15:29:00Z WARNING [1423/1807] 41c799a5-9102-436e-a227-d83fa509e074: leaving unrecorded for a later run to retry.
2026-10-04T15:29:00Z WARNING 41c84275-795d-4e3d-a4cb-36cd128f1dbb: failed while reading the ElectricalSeries rates (AttributeError: module 'spikeinterface.extractors' has no attribute 'NwbRecordingExtractor')
2026-10-04T15:29:00Z WARNING [1424/1807] 41c84275-795d-4e3d-a4cb-36cd128f1dbb: leaving unrecorded for a later run to retry.
2026-10-04T15:29:00Z WARNING 41c851df-e32b-438e-bdde-0ecea42120b1: failed while reading the ElectricalSeries rates (AttributeError: module 'spikeinterface.extractors' has no attribute 'NwbRecordingExtractor')
2026-10-04T15:29:00Z WARNING [1425/1807] 41c851df-e32b-438e-bdde-0ecea42120b1: leaving unrecorded for a later run to retry.
2026-10-04T15:29:00Z WARNING 41c8a306-b1d9-4e7d-a5b6-18772704f004: failed while reading the ElectricalSeries rates (AttributeError: module 'spikeinterface.extractors' has no attribute 'NwbRecordingExtractor')
2026-10-04T15:29:00Z WARNING [1426/1807] 41c8a306-b1d9-4e7d-a5b6-18772704f004: leaving unrecorded for a later run to retry.
2026-10-04T15:29:01Z WARNING 41c99445-3ce4-4bb2-a4e0-2c32283b283a: failed while reading the ElectricalSeries rates (AttributeError: module 'spikeinterface.extractors' has no attribute 'NwbRecordingExtractor')
2026-10-04T15:29:01Z WARNING [1427/1807] 41c99445-3ce4-4bb2-a4e0-2c32283b283a: leaving unrecorded for a later run to retry.
2026-10-04T15:29:01Z WARNING 41ca0fcb-3a8e-4e17-8393-1d5ac6e5c03d: failed while reading the ElectricalSeries rates (AttributeError: module 'spikeinterface.extractors' has no attribute 'NwbRecordingExtractor')
2026-10-04T15:29:01Z WARNING [1428/1807] 41ca0fcb-3a8e-4e17-8393-1d5ac6e5c03d: leaving unrecorded for a later run to retry.
2026-10-04T15:29:01Z WARNING 41cb2013-f8eb-4b5e-8dae-85c1db7e614e: failed while reading the ElectricalSeries rates (AttributeError: module 'spikeinterface.extractors' has no attribute 'NwbRecordingExtractor')
2026-10-04T15:29:01Z WARNING [1429/1807] 41cb2013-f8eb-4b5e-8dae-85c1db7e614e: leaving unrecorded for a later run to retry.
2026-10-04T15:29:01Z WARNING 41cc115a-740a-44c5-bf23-3827cf333ac6: failed while reading the ElectricalSeries rates (AttributeError: module 'spikeinterface.extractors' has no attribute 'NwbRecordingExtractor')
2026-10-04T15:29:01Z WARNING [1430/1807] 41cc115a-740a-44c5-bf23-3827cf333ac6: leaving unrecorded for a later run to retry.
2026-10-04T15:29:01Z WARNING 41cc2f80-3ed0-47e9-93a8-2eb7d12dd158: failed while reading the ElectricalSeries rates (AttributeError: module 'spikeinterface.extractors' has no attribute 'NwbRecordingExtractor')
2026-10-04T15:29:01Z WARNING [1431/1807] 41cc2f80-3ed0-47e9-93a8-2eb7d12dd158: leaving unrecorded for a later run to retry.
2026-10-04T15:29:01Z WARNING 41cc57aa-fb7f-4a4e-a9b1-c10ab46ffb78: failed while reading the ElectricalSeries rates (AttributeError: module 'spikeinterface.extractors' has no attribute 'NwbRecordingExtractor')
2026-10-04T15:29:01Z WARNING [1432/1807] 41cc57aa-fb7f-4a4e-a9b1-c10ab46ffb78: leaving unrecorded for a later run to retry.
2026-10-04T15:29:02Z WARNING 41ccb13a-16f5-41c5-9880-fc187dc7fb16: failed while reading the ElectricalSeries rates (AttributeError: module 'spikeinterface.extractors' has no attribute 'NwbRecordingExtractor')
2026-10-04T15:29:02Z WARNING [1433/1807] 41ccb13a-16f5-41c5-9880-fc187dc7fb16: leaving unrecorded for a later run to retry.
2026-10-04T15:29:02Z WARNING 41cd2381-dac2-45ee-b307-0b2012a5f249: failed while reading the ElectricalSeries rates (AttributeError: module 'spikeinterface.extractors' has no attribute 'NwbRecordingExtractor')
2026-10-04T15:29:02Z WARNING [1434/1807] 41cd2381-dac2-45ee-b307-0b2012a5f249: leaving unrecorded for a later run to retry.
2026-10-04T15:29:02Z WARNING 41ceaa6b-6026-4278-b31f-62fd5c8e42ac: failed while reading the ElectricalSeries rates (AttributeError: module 'spikeinterface.extractors' has no attribute 'NwbRecordingExtractor')
2026-10-04T15:29:02Z WARNING [1435/1807] 41ceaa6b-6026-4278-b31f-62fd5c8e42ac: leaving unrecorded for a later run to retry.
2026-10-04T15:29:02Z WARNING 41cee94a-86f0-4453-ba26-fafd1cd9ec29: failed while reading the ElectricalSeries rates (AttributeError: module 'spikeinterface.extractors' has no attribute 'NwbRecordingExtractor')
2026-10-04T15:29:02Z WARNING [1436/1807] 41cee94a-86f0-4453-ba26-fafd1cd9ec29: leaving unrecorded for a later run to retry.
2026-10-04T15:29:02Z WARNING 41cf3d02-b5f4-4a68-bd5e-42723c52e697: failed while reading the ElectricalSeries rates (AttributeError: module 'spikeinterface.extractors' has no attribute 'NwbRecordingExtractor')
2026-10-04T15:29:02Z WARNING [1437/1807] 41cf3d02-b5f4-4a68-bd5e-42723c52e697: leaving unrecorded for a later run to retry.
2026-10-04T15:29:02Z WARNING 41d1240a-5cae-4295-8df0-9101a3bc35ca: failed while reading the ElectricalSeries rates (AttributeError: module 'spikeinterface.extractors' has no attribute 'NwbRecordingExtractor')
2026-10-04T15:29:02Z WARNING [1438/1807] 41d1240a-5cae-4295-8df0-9101a3bc35ca: leaving unrecorded for a later run to retry.
2026-10-04T15:29:02Z WARNING 41d188c0-c706-42fc-8662-82aac1e632c3: failed while reading the ElectricalSeries rates (AttributeError: module 'spikeinterface.extractors' has no attribute 'NwbRecordingExtractor')
2026-10-04T15:29:02Z WARNING [1439/1807] 41d188c0-c706-42fc-8662-82aac1e632c3: leaving unrecorded for a later run to retry.
2026-10-04T15:29:03Z WARNING 41d1c03a-d149-4e22-97a4-40763769c276: failed while reading the ElectricalSeries rates (AttributeError: module 'spikeinterface.extractors' has no attribute 'NwbRecordingExtractor')
2026-10-04T15:29:03Z WARNING [1440/1807] 41d1c03a-d149-4e22-97a4-40763769c276: leaving unrecorded for a later run to retry.
2026-10-04T15:29:03Z WARNING 41d28313-ac2a-4b7a-af1d-5677a3af51fe: failed while reading the ElectricalSeries rates (AttributeError: module 'spikeinterface.extractors' has no attribute 'NwbRecordingExtractor')
2026-10-04T15:29:03Z WARNING [1441/1807] 41d28313-ac2a-4b7a-af1d-5677a3af51fe: leaving unrecorded for a later run to retry.
2026-10-04T15:29:03Z WARNING 41d2cc43-b4ae-4ad5-b40f-1e8340465427: failed while reading the ElectricalSeries rates (AttributeError: module 'spikeinterface.extractors' has no attribute 'NwbRecordingExtractor')
2026-10-04T15:29:03Z WARNING [1442/1807] 41d2cc43-b4ae-4ad5-b40f-1e8340465427: leaving unrecorded for a later run to retry.
2026-10-04T15:29:03Z WARNING 41d3218b-9f03-44fe-91c4-86ec38979252: failed while reading the ElectricalSeries rates (AttributeError: module 'spikeinterface.extractors' has no attribute 'NwbRecordingExtractor')
2026-10-04T15:29:03Z WARNING [1443/1807] 41d3218b-9f03-44fe-91c4-86ec38979252: leaving unrecorded for a later run to retry.
2026-10-04T15:29:03Z WARNING 41d3f0f9-3346-4564-bb8e-dbe508beddc1: failed while reading the ElectricalSeries rates (AttributeError: module 'spikeinterface.extractors' has no attribute 'NwbRecordingExtractor')
2026-10-04T15:29:03Z WARNING [1444/1807] 41d3f0f9-3346-4564-bb8e-dbe508beddc1: leaving unrecorded for a later run to retry.
2026-10-04T15:29:03Z WARNING 41d4763f-80b1-40a3-a27a-89c3c4ae8bd2: failed while reading the ElectricalSeries rates (AttributeError: module 'spikeinterface.extractors' has no attribute 'NwbRecordingExtractor')
2026-10-04T15:29:03Z WARNING [1445/1807] 41d4763f-80b1-40a3-a27a-89c3c4ae8bd2: leaving unrecorded for a later run to retry.
2026-10-04T15:29:03Z WARNING 41d480ba-27c4-40cf-8651-6b2007114610: failed while reading the ElectricalSeries rates (AttributeError: module 'spikeinterface.extractors' has no attribute 'NwbRecordingExtractor')
2026-10-04T15:29:03Z WARNING [1446/1807] 41d480ba-27c4-40cf-8651-6b2007114610: leaving unrecorded for a later run to retry.
2026-10-04T15:29:04Z WARNING 41d487aa-6eea-41b4-b61b-7ee9a1d1eedf: failed while reading the ElectricalSeries rates (AttributeError: module 'spikeinterface.extractors' has no attribute 'NwbRecordingExtractor')
2026-10-04T15:29:04Z WARNING [1447/1807] 41d487aa-6eea-41b4-b61b-7ee9a1d1eedf: leaving unrecorded for a later run to retry.
2026-10-04T15:29:04Z WARNING 41d4976c-92a2-4fbc-9201-d5cdf04ba179: failed while reading the ElectricalSeries rates (AttributeError: module 'spikeinterface.extractors' has no attribute 'NwbRecordingExtractor')
2026-10-04T15:29:04Z WARNING [1448/1807] 41d4976c-92a2-4fbc-9201-d5cdf04ba179: leaving unrecorded for a later run to retry.
2026-10-04T15:29:04Z WARNING 41d55cfa-d05c-4a9f-b830-5eb4171c3d4b: failed while reading the ElectricalSeries rates (AttributeError: module 'spikeinterface.extractors' has no attribute 'NwbRecordingExtractor')
2026-10-04T15:29:04Z WARNING [1449/1807] 41d55cfa-d05c-4a9f-b830-5eb4171c3d4b: leaving unrecorded for a later run to retry.
2026-10-04T15:29:04Z WARNING 41d572d8-af28-4dc5-81ae-b125691a62bd: failed while reading the ElectricalSeries rates (AttributeError: module 'spikeinterface.extractors' has no attribute 'NwbRecordingExtractor')
2026-10-04T15:29:04Z WARNING [1450/1807] 41d572d8-af28-4dc5-81ae-b125691a62bd: leaving unrecorded for a later run to retry.
2026-10-04T15:29:04Z INFO [1450/1807] 41d572d8-af28-4dc5-81ae-b125691a62bd: checkpointed 60602 records.
2026-10-04T15:29:04Z WARNING 41d6127d-b6bb-40e8-b39c-9923b24fb238: failed while reading the ElectricalSeries rates (AttributeError: module 'spikeinterface.extractors' has no attribute 'NwbRecordingExtractor')
2026-10-04T15:29:04Z WARNING [1451/1807] 41d6127d-b6bb-40e8-b39c-9923b24fb238: leaving unrecorded for a later run to retry.
2026-10-04T15:29:04Z WARNING 41d62c77-8a2b-41b2-911c-1bca5f95e852: failed while reading the ElectricalSeries rates (AttributeError: module 'spikeinterface.extractors' has no attribute 'NwbRecordingExtractor')
2026-10-04T15:29:04Z WARNING [1452/1807] 41d62c77-8a2b-41b2-911c-1bca5f95e852: leaving unrecorded for a later run to retry.
2026-10-04T15:29:05Z WARNING 41d70ef9-8c7b-4dcb-93aa-0fd307646b3d: failed while reading the ElectricalSeries rates (AttributeError: module 'spikeinterface.extractors' has no attribute 'NwbRecordingExtractor')
2026-10-04T15:29:05Z WARNING [1453/1807] 41d70ef9-8c7b-4dcb-93aa-0fd307646b3d: leaving unrecorded for a later run to retry.
2026-10-04T15:29:05Z WARNING 41d7c2aa-aa03-48c4-ab63-cc1b2c234431: failed while reading the ElectricalSeries rates (AttributeError: module 'spikeinterface.extractors' has no attribute 'NwbRecordingExtractor')
2026-10-04T15:29:05Z WARNING [1454/1807] 41d7c2aa-aa03-48c4-ab63-cc1b2c234431: leaving unrecorded for a later run to retry.
2026-10-04T15:29:05Z WARNING 41d8e5b5-9fd5-4829-8a3f-6e3c2af6b2dc: failed while reading the ElectricalSeries rates (AttributeError: module 'spikeinterface.extractors' has no attribute 'NwbRecordingExtractor')
2026-10-04T15:29:05Z WARNING [1455/1807] 41d8e5b5-9fd5-4829-8a3f-6e3c2af6b2dc: leaving unrecorded for a later run to retry.
2026-10-04T15:29:05Z WARNING 41d92a40-9bce-47e7-a387-4d4063a34ce7: failed while reading the ElectricalSeries rates (AttributeError: module 'spikeinterface.extractors' has no attribute 'NwbRecordingExtractor')
2026-10-04T15:29:05Z WARNING [1456/1807] 41d92a40-9bce-47e7-a387-4d4063a34ce7: leaving unrecorded for a later run to retry.
2026-10-04T15:29:05Z WARNING 41d99642-4917-42ff-9bf0-86c2d7a5b846: failed while reading the ElectricalSeries rates (AttributeError: module 'spikeinterface.extractors' has no attribute 'NwbRecordingExtractor')
2026-10-04T15:29:05Z WARNING [1457/1807] 41d99642-4917-42ff-9bf0-86c2d7a5b846: leaving unrecorded for a later run to retry.
2026-10-04T15:29:05Z WARNING 41d9ee61-9d18-45df-aac5-60babf74f6b4: failed while reading the ElectricalSeries rates (AttributeError: module 'spikeinterface.extractors' has no attribute 'NwbRecordingExtractor')
2026-10-04T15:29:05Z WARNING [1458/1807] 41d9ee61-9d18-45df-aac5-60babf74f6b4: leaving unrecorded for a later run to retry.
2026-10-04T15:29:05Z WARNING 41da7a55-4dfb-480d-ae3c-daa991609016: failed while reading the ElectricalSeries rates (AttributeError: module 'spikeinterface.extractors' has no attribute 'NwbRecordingExtractor')
2026-10-04T15:29:05Z WARNING [1459/1807] 41da7a55-4dfb-480d-ae3c-daa991609016: leaving unrecorded for a later run to retry.
2026-10-04T15:29:06Z WARNING 41db3d3e-aba2-4ea4-b0e4-90c964b5754e: failed while reading the ElectricalSeries rates (AttributeError: module 'spikeinterface.extractors' has no attribute 'NwbRecordingExtractor')
2026-10-04T15:29:06Z WARNING [1460/1807] 41db3d3e-aba2-4ea4-b0e4-90c964b5754e: leaving unrecorded for a later run to retry.
2026-10-04T15:29:06Z WARNING 41dbc6ed-4eb2-43db-a38e-dbc46d72990b: failed while reading the ElectricalSeries rates (AttributeError: module 'spikeinterface.extractors' has no attribute 'NwbRecordingExtractor')
2026-10-04T15:29:06Z WARNING [1461/1807] 41dbc6ed-4eb2-43db-a38e-dbc46d72990b: leaving unrecorded for a later run to retry.
2026-10-04T15:29:06Z WARNING 41dc5ead-1175-444d-84bd-1a80aeddac95: failed while reading the ElectricalSeries rates (AttributeError: module 'spikeinterface.extractors' has no attribute 'NwbRecordingExtractor')
2026-10-04T15:29:06Z WARNING [1462/1807] 41dc5ead-1175-444d-84bd-1a80aeddac95: leaving unrecorded for a later run to retry.
2026-10-04T15:29:06Z WARNING 41dcdf66-d25a-4429-afb2-4a2a02ae1fad: failed while reading the ElectricalSeries rates (AttributeError: module 'spikeinterface.extractors' has no attribute 'NwbRecordingExtractor')
2026-10-04T15:29:06Z WARNING [1463/1807] 41dcdf66-d25a-4429-afb2-4a2a02ae1fad: leaving unrecorded for a later run to retry.
2026-10-04T15:29:06Z WARNING 41dd8f87-4aca-44f8-a5f4-c19266348c8e: failed while reading the ElectricalSeries rates (AttributeError: module 'spikeinterface.extractors' has no attribute 'NwbRecordingExtractor')
2026-10-04T15:29:06Z WARNING [1464/1807] 41dd8f87-4aca-44f8-a5f4-c19266348c8e: leaving unrecorded for a later run to retry.
2026-10-04T15:29:06Z WARNING 41dfbd1f-8ada-47cd-a095-669743840497: failed while reading the ElectricalSeries rates (AttributeError: module 'spikeinterface.extractors' has no attribute 'NwbRecordingExtractor')
2026-10-04T15:29:06Z WARNING [1465/1807] 41dfbd1f-8ada-47cd-a095-669743840497: leaving unrecorded for a later run to retry.
2026-10-04T15:29:06Z WARNING 41e00a14-bfa1-40b9-9814-e04babe1bacc: failed while reading the ElectricalSeries rates (AttributeError: module 'spikeinterface.extractors' has no attribute 'NwbRecordingExtractor')
2026-10-04T15:29:06Z WARNING [1466/1807] 41e00a14-bfa1-40b9-9814-e04babe1bacc: leaving unrecorded for a later run to retry.
2026-10-04T15:29:07Z WARNING 41e0728c-c161-4cdd-8701-371b2e405151: failed while reading the ElectricalSeries rates (AttributeError: module 'spikeinterface.extractors' has no attribute 'NwbRecordingExtractor')
2026-10-04T15:29:07Z WARNING [1467/1807] 41e0728c-c161-4cdd-8701-371b2e405151: leaving unrecorded for a later run to retry.
2026-10-04T15:29:07Z WARNING 41e0e65d-2f43-441b-bf26-27b7e900a4e1: failed while reading the ElectricalSeries rates (AttributeError: module 'spikeinterface.extractors' has no attribute 'NwbRecordingExtractor')
2026-10-04T15:29:07Z WARNING [1468/1807] 41e0e65d-2f43-441b-bf26-27b7e900a4e1: leaving unrecorded for a later run to retry.
2026-10-04T15:29:07Z WARNING 41e15c52-d34d-4146-a449-2374595bbc83: failed while reading the ElectricalSeries rates (AttributeError: module 'spikeinterface.extractors' has no attribute 'NwbRecordingExtractor')
2026-10-04T15:29:07Z WARNING [1469/1807] 41e15c52-d34d-4146-a449-2374595bbc83: leaving unrecorded for a later run to retry.
2026-10-04T15:29:07Z WARNING 41e1de09-0a10-478b-842f-d27d0344f1da: failed while reading the ElectricalSeries rates (AttributeError: module 'spikeinterface.extractors' has no attribute 'NwbRecordingExtractor')
2026-10-04T15:29:07Z WARNING [1470/1807] 41e1de09-0a10-478b-842f-d27d0344f1da: leaving unrecorded for a later run to retry.
2026-10-04T15:29:07Z WARNING 41e1f714-d1e1-45eb-b8ff-9f0bf0378f74: failed while reading the ElectricalSeries rates (AttributeError: module 'spikeinterface.extractors' has no attribute 'NwbRecordingExtractor')
2026-10-04T15:29:07Z WARNING [1471/1807] 41e1f714-d1e1-45eb-b8ff-9f0bf0378f74: leaving unrecorded for a later run to retry.
2026-10-04T15:29:07Z WARNING 41e20797-243e-42d7-bf5c-0e4c50531311: failed while reading the ElectricalSeries rates (AttributeError: module 'spikeinterface.extractors' has no attribute 'NwbRecordingExtractor')
2026-10-04T15:29:07Z WARNING [1472/1807] 41e20797-243e-42d7-bf5c-0e4c50531311: leaving unrecorded for a later run to retry.
2026-10-04T15:29:07Z WARNING 41e24988-ca32-4369-8d45-056d8fcd6112: failed while reading the ElectricalSeries rates (AttributeError: module 'spikeinterface.extractors' has no attribute 'NwbRecordingExtractor')
2026-10-04T15:29:07Z WARNING [1473/1807] 41e24988-ca32-4369-8d45-056d8fcd6112: leaving unrecorded for a later run to retry.
2026-10-04T15:29:08Z WARNING 41e25ba8-22c2-46b0-a039-43762618f226: failed while reading the ElectricalSeries rates (AttributeError: module 'spikeinterface.extractors' has no attribute 'NwbRecordingExtractor')
2026-10-04T15:29:08Z WARNING [1474/1807] 41e25ba8-22c2-46b0-a039-43762618f226: leaving unrecorded for a later run to retry.
2026-10-04T15:29:08Z WARNING 41e2d4db-ff29-4853-8f05-226a63878509: failed while reading the ElectricalSeries rates (AttributeError: module 'spikeinterface.extractors' has no attribute 'NwbRecordingExtractor')
2026-10-04T15:29:08Z WARNING [1475/1807] 41e2d4db-ff29-4853-8f05-226a63878509: leaving unrecorded for a later run to retry.
2026-10-04T15:29:08Z WARNING 41e442c9-1d96-4dc2-867a-c1425787e272: failed while reading the ElectricalSeries rates (AttributeError: module 'spikeinterface.extractors' has no attribute 'NwbRecordingExtractor')
2026-10-04T15:29:08Z WARNING [1476/1807] 41e442c9-1d96-4dc2-867a-c1425787e272: leaving unrecorded for a later run to retry.
2026-10-04T15:29:08Z WARNING 41e466d7-61c1-48e6-9778-6e7a5e78c16d: failed while reading the ElectricalSeries rates (AttributeError: module 'spikeinterface.extractors' has no attribute 'NwbRecordingExtractor')
2026-10-04T15:29:08Z WARNING [1477/1807] 41e466d7-61c1-48e6-9778-6e7a5e78c16d: leaving unrecorded for a later run to retry.
2026-10-04T15:29:08Z WARNING 41e4c736-9d4d-4e07-9dd3-953f757781bb: failed while reading the ElectricalSeries rates (AttributeError: module 'spikeinterface.extractors' has no attribute 'NwbRecordingExtractor')
2026-10-04T15:29:08Z WARNING [1478/1807] 41e4c736-9d4d-4e07-9dd3-953f757781bb: leaving unrecorded for a later run to retry.
2026-10-04T15:29:08Z WARNING 41e5ccac-3fc2-44f0-9bfd-feca736c0fa9: failed while reading the ElectricalSeries rates (AttributeError: module 'spikeinterface.extractors' has no attribute 'NwbRecordingExtractor')
2026-10-04T15:29:08Z WARNING [1479/1807] 41e5ccac-3fc2-44f0-9bfd-feca736c0fa9: leaving unrecorded for a later run to retry.
2026-10-04T15:29:08Z WARNING 41e5d500-016c-4fa2-8a35-b7b8cb29d1df: failed while reading the ElectricalSeries rates (AttributeError: module 'spikeinterface.extractors' has no attribute 'NwbRecordingExtractor')
2026-10-04T15:29:08Z WARNING [1480/1807] 41e5d500-016c-4fa2-8a35-b7b8cb29d1df: leaving unrecorded for a later run to retry.
2026-10-04T15:29:09Z WARNING 41e5f340-f10e-42fb-b9c4-7c073c514843: failed while reading the ElectricalSeries rates (AttributeError: module 'spikeinterface.extractors' has no attribute 'NwbRecordingExtractor')
2026-10-04T15:29:09Z WARNING [1481/1807] 41e5f340-f10e-42fb-b9c4-7c073c514843: leaving unrecorded for a later run to retry.
2026-10-04T15:29:09Z WARNING 41e64dec-082b-45b0-be27-7ff0aa42aac3: failed while reading the ElectricalSeries rates (AttributeError: module 'spikeinterface.extractors' has no attribute 'NwbRecordingExtractor')
2026-10-04T15:29:09Z WARNING [1482/1807] 41e64dec-082b-45b0-be27-7ff0aa42aac3: leaving unrecorded for a later run to retry.
2026-10-04T15:29:09Z WARNING 41e6b194-559e-46fb-92bf-6d31b3cc82d4: failed while reading the ElectricalSeries rates (AttributeError: module 'spikeinterface.extractors' has no attribute 'NwbRecordingExtractor')
2026-10-04T15:29:09Z WARNING [1483/1807] 41e6b194-559e-46fb-92bf-6d31b3cc82d4: leaving unrecorded for a later run to retry.
2026-10-04T15:29:09Z WARNING 41e6b3b9-0b83-43b9-9f46-b8a11671ae85: failed while reading the ElectricalSeries rates (AttributeError: module 'spikeinterface.extractors' has no attribute 'NwbRecordingExtractor')
2026-10-04T15:29:09Z WARNING [1484/1807] 41e6b3b9-0b83-43b9-9f46-b8a11671ae85: leaving unrecorded for a later run to retry.
2026-10-04T15:29:09Z WARNING 41e6df6f-b9ad-4ce8-a025-0aacd587366b: failed while reading the ElectricalSeries rates (AttributeError: module 'spikeinterface.extractors' has no attribute 'NwbRecordingExtractor')
2026-10-04T15:29:09Z WARNING [1485/1807] 41e6df6f-b9ad-4ce8-a025-0aacd587366b: leaving unrecorded for a later run to retry.
2026-10-04T15:29:09Z WARNING 41e83d44-7092-41fd-a4b9-7399d491ecd3: failed while reading the ElectricalSeries rates (AttributeError: module 'spikeinterface.extractors' has no attribute 'NwbRecordingExtractor')
2026-10-04T15:29:09Z WARNING [1486/1807] 41e83d44-7092-41fd-a4b9-7399d491ecd3: leaving unrecorded for a later run to retry.
2026-10-04T15:29:10Z WARNING 41e88e87-9cd5-42de-b028-21b455dd71d1: failed while reading the ElectricalSeries rates (AttributeError: module 'spikeinterface.extractors' has no attribute 'NwbRecordingExtractor')
2026-10-04T15:29:10Z WARNING [1487/1807] 41e88e87-9cd5-42de-b028-21b455dd71d1: leaving unrecorded for a later run to retry.
2026-10-04T15:29:10Z WARNING 41e99179-5ce8-4ae8-b8ac-7bd3d70d6d46: failed while reading the ElectricalSeries rates (AttributeError: module 'spikeinterface.extractors' has no attribute 'NwbRecordingExtractor')
2026-10-04T15:29:10Z WARNING [1488/1807] 41e99179-5ce8-4ae8-b8ac-7bd3d70d6d46: leaving unrecorded for a later run to retry.
2026-10-04T15:29:10Z WARNING 41ea511b-d127-41ce-b9bc-4a9284fad224: failed while reading the ElectricalSeries rates (AttributeError: module 'spikeinterface.extractors' has no attribute 'NwbRecordingExtractor')
2026-10-04T15:29:10Z WARNING [1489/1807] 41ea511b-d127-41ce-b9bc-4a9284fad224: leaving unrecorded for a later run to retry.
2026-10-04T15:29:10Z WARNING 41ea8b4e-8afa-419e-aebe-b3c7198db223: failed while reading the ElectricalSeries rates (AttributeError: module 'spikeinterface.extractors' has no attribute 'NwbRecordingExtractor')
2026-10-04T15:29:10Z WARNING [1490/1807] 41ea8b4e-8afa-419e-aebe-b3c7198db223: leaving unrecorded for a later run to retry.
2026-10-04T15:29:10Z WARNING 41eaa854-80ad-4db7-9fbb-bec7750baa97: failed while reading the ElectricalSeries rates (AttributeError: module 'spikeinterface.extractors' has no attribute 'NwbRecordingExtractor')
2026-10-04T15:29:10Z WARNING [1491/1807] 41eaa854-80ad-4db7-9fbb-bec7750baa97: leaving unrecorded for a later run to retry.
2026-10-04T15:29:10Z WARNING 41eab0ff-42d6-4463-b293-b9f06b07be66: failed while reading the ElectricalSeries rates (AttributeError: module 'spikeinterface.extractors' has no attribute 'NwbRecordingExtractor')
2026-10-04T15:29:10Z WARNING [1492/1807] 41eab0ff-42d6-4463-b293-b9f06b07be66: leaving unrecorded for a later run to retry.
2026-10-04T15:29:11Z WARNING 41eb0202-4e75-4983-877c-331ad8152251: failed while reading the ElectricalSeries rates (AttributeError: module 'spikeinterface.extractors' has no attribute 'NwbRecordingExtractor')
2026-10-04T15:29:11Z WARNING [1493/1807] 41eb0202-4e75-4983-877c-331ad8152251: leaving unrecorded for a later run to retry.
2026-10-04T15:29:11Z WARNING 41ed97e7-e6b5-4d0a-a8dd-3904e53ce85b: failed while reading the ElectricalSeries rates (AttributeError: module 'spikeinterface.extractors' has no attribute 'NwbRecordingExtractor')
2026-10-04T15:29:11Z WARNING [1494/1807] 41ed97e7-e6b5-4d0a-a8dd-3904e53ce85b: leaving unrecorded for a later run to retry.
2026-10-04T15:29:11Z WARNING 41ee3502-697f-4367-8da3-e6a5b45ced06: failed while reading the ElectricalSeries rates (AttributeError: module 'spikeinterface.extractors' has no attribute 'NwbRecordingExtractor')
2026-10-04T15:29:11Z WARNING [1495/1807] 41ee3502-697f-4367-8da3-e6a5b45ced06: leaving unrecorded for a later run to retry.
2026-10-04T15:29:11Z WARNING 41ef3e60-ff5d-4f8b-a148-62806429505c: failed while reading the ElectricalSeries rates (AttributeError: module 'spikeinterface.extractors' has no attribute 'NwbRecordingExtractor')
2026-10-04T15:29:11Z WARNING [1496/1807] 41ef3e60-ff5d-4f8b-a148-62806429505c: leaving unrecorded for a later run to retry.
2026-10-04T15:29:11Z WARNING 41ef9380-bb65-4c4c-85b7-80e0183faeb6: failed while reading the ElectricalSeries rates (AttributeError: module 'spikeinterface.extractors' has no attribute 'NwbRecordingExtractor')
2026-10-04T15:29:11Z WARNING [1497/1807] 41ef9380-bb65-4c4c-85b7-80e0183faeb6: leaving unrecorded for a later run to retry.
2026-10-04T15:29:11Z WARNING 41f01b26-1918-405c-9878-84a018aadc0a: failed while reading the ElectricalSeries rates (AttributeError: module 'spikeinterface.extractors' has no attribute 'NwbRecordingExtractor')
2026-10-04T15:29:11Z WARNING [1498/1807] 41f01b26-1918-405c-9878-84a018aadc0a: leaving unrecorded for a later run to retry.
2026-10-04T15:29:11Z WARNING 41f096db-fb24-43b7-b80b-a66ede477791: failed while reading the ElectricalSeries rates (AttributeError: module 'spikeinterface.extractors' has no attribute 'NwbRecordingExtractor')
2026-10-04T15:29:11Z WARNING [1499/1807] 41f096db-fb24-43b7-b80b-a66ede477791: leaving unrecorded for a later run to retry.
2026-10-04T15:29:12Z WARNING 41f0ac85-477f-4473-92b7-27dfa23b7670: failed while reading the ElectricalSeries rates (AttributeError: module 'spikeinterface.extractors' has no attribute 'NwbRecordingExtractor')
2026-10-04T15:29:12Z WARNING [1500/1807] 41f0ac85-477f-4473-92b7-27dfa23b7670: leaving unrecorded for a later run to retry.
2026-10-04T15:29:12Z INFO [1500/1807] 41f0ac85-477f-4473-92b7-27dfa23b7670: checkpointed 60602 records.
2026-10-04T15:29:12Z WARNING 41f0d534-7794-4bac-b76f-5a788a89ff85: failed while reading the ElectricalSeries rates (AttributeError: module 'spikeinterface.extractors' has no attribute 'NwbRecordingExtractor')
2026-10-04T15:29:12Z WARNING [1501/1807] 41f0d534-7794-4bac-b76f-5a788a89ff85: leaving unrecorded for a later run to retry.
2026-10-04T15:29:12Z WARNING 41f19daf-9c91-40df-ac0c-ca8e05e2fd3b: failed while reading the ElectricalSeries rates (AttributeError: module 'spikeinterface.extractors' has no attribute 'NwbRecordingExtractor')
2026-10-04T15:29:12Z WARNING [1502/1807] 41f19daf-9c91-40df-ac0c-ca8e05e2fd3b: leaving unrecorded for a later run to retry.
2026-10-04T15:29:12Z WARNING 41f29809-50d8-4a0f-939d-0250660fe90d: failed while reading the ElectricalSeries rates (AttributeError: module 'spikeinterface.extractors' has no attribute 'NwbRecordingExtractor')
2026-10-04T15:29:12Z WARNING [1503/1807] 41f29809-50d8-4a0f-939d-0250660fe90d: leaving unrecorded for a later run to retry.
2026-10-04T15:29:12Z WARNING 41f35892-de3c-49b0-81d0-a662a7c309ee: failed while reading the ElectricalSeries rates (AttributeError: module 'spikeinterface.extractors' has no attribute 'NwbRecordingExtractor')
2026-10-04T15:29:12Z WARNING [1504/1807] 41f35892-de3c-49b0-81d0-a662a7c309ee: leaving unrecorded for a later run to retry.
2026-10-04T15:29:12Z WARNING 41f35c71-927b-489f-9116-be74eae1abc6: failed while reading the ElectricalSeries rates (AttributeError: module 'spikeinterface.extractors' has no attribute 'NwbRecordingExtractor')
2026-10-04T15:29:12Z WARNING [1505/1807] 41f35c71-927b-489f-9116-be74eae1abc6: leaving unrecorded for a later run to retry.
2026-10-04T15:29:13Z WARNING 41f36455-1483-4435-8f86-f18634db56fe: failed while reading the ElectricalSeries rates (AttributeError: module 'spikeinterface.extractors' has no attribute 'NwbRecordingExtractor')
2026-10-04T15:29:13Z WARNING [1506/1807] 41f36455-1483-4435-8f86-f18634db56fe: leaving unrecorded for a later run to retry.
2026-10-04T15:29:13Z WARNING 41f3ac45-c645-4245-aa87-57440a4ff582: failed while reading the ElectricalSeries rates (AttributeError: module 'spikeinterface.extractors' has no attribute 'NwbRecordingExtractor')
2026-10-04T15:29:13Z WARNING [1507/1807] 41f3ac45-c645-4245-aa87-57440a4ff582: leaving unrecorded for a later run to retry.
2026-10-04T15:29:13Z WARNING 41f42e89-c12c-4d3e-a176-bfd81ad16b57: failed while reading the ElectricalSeries rates (AttributeError: module 'spikeinterface.extractors' has no attribute 'NwbRecordingExtractor')
2026-10-04T15:29:13Z WARNING [1508/1807] 41f42e89-c12c-4d3e-a176-bfd81ad16b57: leaving unrecorded for a later run to retry.
2026-10-04T15:29:13Z WARNING 41f44dd6-ab98-424f-a336-8be7433cf469: failed while reading the ElectricalSeries rates (AttributeError: module 'spikeinterface.extractors' has no attribute 'NwbRecordingExtractor')
2026-10-04T15:29:13Z WARNING [1509/1807] 41f44dd6-ab98-424f-a336-8be7433cf469: leaving unrecorded for a later run to retry.
2026-10-04T15:29:13Z WARNING 41f46c9f-c477-45bf-8de8-22aac4b90a6a: failed while reading the ElectricalSeries rates (AttributeError: module 'spikeinterface.extractors' has no attribute 'NwbRecordingExtractor')
2026-10-04T15:29:13Z WARNING [1510/1807] 41f46c9f-c477-45bf-8de8-22aac4b90a6a: leaving unrecorded for a later run to retry.
2026-10-04T15:29:13Z WARNING 41f484a4-5ff1-460b-82c8-40d469b02d59: failed while reading the ElectricalSeries rates (AttributeError: module 'spikeinterface.extractors' has no attribute 'NwbRecordingExtractor')
2026-10-04T15:29:13Z WARNING [1511/1807] 41f484a4-5ff1-460b-82c8-40d469b02d59: leaving unrecorded for a later run to retry.
2026-10-04T15:29:13Z WARNING 41f52e12-802c-49c9-b2b5-de0e5f4d4a1a: failed while reading the ElectricalSeries rates (AttributeError: module 'spikeinterface.extractors' has no attribute 'NwbRecordingExtractor')
2026-10-04T15:29:13Z WARNING [1512/1807] 41f52e12-802c-49c9-b2b5-de0e5f4d4a1a: leaving unrecorded for a later run to retry.
2026-10-04T15:29:14Z WARNING 41f53669-63dd-472a-8295-9db053c1ddf9: failed while reading the ElectricalSeries rates (AttributeError: module 'spikeinterface.extractors' has no attribute 'NwbRecordingExtractor')
2026-10-04T15:29:14Z WARNING [1513/1807] 41f53669-63dd-472a-8295-9db053c1ddf9: leaving unrecorded for a later run to retry.
2026-10-04T15:29:14Z WARNING 41f57345-5bbe-47da-ac5d-7ba339f5aca3: failed while reading the ElectricalSeries rates (AttributeError: module 'spikeinterface.extractors' has no attribute 'NwbRecordingExtractor')
2026-10-04T15:29:14Z WARNING [1514/1807] 41f57345-5bbe-47da-ac5d-7ba339f5aca3: leaving unrecorded for a later run to retry.
2026-10-04T15:29:14Z WARNING 41f58a06-2c04-4d74-a59a-e9f816037d1e: failed while reading the ElectricalSeries rates (AttributeError: module 'spikeinterface.extractors' has no attribute 'NwbRecordingExtractor')
2026-10-04T15:29:14Z WARNING [1515/1807] 41f58a06-2c04-4d74-a59a-e9f816037d1e: leaving unrecorded for a later run to retry.
2026-10-04T15:29:14Z WARNING 41f60b27-a76f-419b-97d2-f998ac0ff908: failed while reading the ElectricalSeries rates (AttributeError: module 'spikeinterface.extractors' has no attribute 'NwbRecordingExtractor')
2026-10-04T15:29:14Z WARNING [1516/1807] 41f60b27-a76f-419b-97d2-f998ac0ff908: leaving unrecorded for a later run to retry.
2026-10-04T15:29:14Z WARNING 41f6bfde-0efb-43ab-b05c-aff05811fd6d: failed while reading the ElectricalSeries rates (AttributeError: module 'spikeinterface.extractors' has no attribute 'NwbRecordingExtractor')
2026-10-04T15:29:14Z WARNING [1517/1807] 41f6bfde-0efb-43ab-b05c-aff05811fd6d: leaving unrecorded for a later run to retry.
2026-10-04T15:29:14Z WARNING 41f74b39-4b55-4a2c-95e7-44a5dfa3d763: failed while reading the ElectricalSeries rates (AttributeError: module 'spikeinterface.extractors' has no attribute 'NwbRecordingExtractor')
2026-10-04T15:29:14Z WARNING [1518/1807] 41f74b39-4b55-4a2c-95e7-44a5dfa3d763: leaving unrecorded for a later run to retry.
2026-10-04T15:29:15Z WARNING 41f7539a-8d6e-40d3-9e2c-a14f0dd91f50: failed while reading the ElectricalSeries rates (AttributeError: module 'spikeinterface.extractors' has no attribute 'NwbRecordingExtractor')
2026-10-04T15:29:15Z WARNING [1519/1807] 41f7539a-8d6e-40d3-9e2c-a14f0dd91f50: leaving unrecorded for a later run to retry.
2026-10-04T15:29:15Z WARNING 41f7f76f-9838-4b4c-a9b4-d722c45dad0c: failed while reading the ElectricalSeries rates (AttributeError: module 'spikeinterface.extractors' has no attribute 'NwbRecordingExtractor')
2026-10-04T15:29:15Z WARNING [1520/1807] 41f7f76f-9838-4b4c-a9b4-d722c45dad0c: leaving unrecorded for a later run to retry.
2026-10-04T15:29:15Z WARNING 41f87127-b132-4282-935a-4d4e91a30430: failed while reading the ElectricalSeries rates (AttributeError: module 'spikeinterface.extractors' has no attribute 'NwbRecordingExtractor')
2026-10-04T15:29:15Z WARNING [1521/1807] 41f87127-b132-4282-935a-4d4e91a30430: leaving unrecorded for a later run to retry.
2026-10-04T15:29:15Z WARNING 41f894af-8739-46a7-8bc3-8ea3a0d77950: failed while reading the ElectricalSeries rates (AttributeError: module 'spikeinterface.extractors' has no attribute 'NwbRecordingExtractor')
2026-10-04T15:29:15Z WARNING [1522/1807] 41f894af-8739-46a7-8bc3-8ea3a0d77950: leaving unrecorded for a later run to retry.
2026-10-04T15:29:15Z WARNING 41f8a1d9-603d-460c-a2e1-094b2c98b834: failed while reading the ElectricalSeries rates (AttributeError: module 'spikeinterface.extractors' has no attribute 'NwbRecordingExtractor')
2026-10-04T15:29:15Z WARNING [1523/1807] 41f8a1d9-603d-460c-a2e1-094b2c98b834: leaving unrecorded for a later run to retry.
2026-10-04T15:29:15Z WARNING 41f92cbf-8430-46c5-86ac-17c068a80080: failed while reading the ElectricalSeries rates (AttributeError: module 'spikeinterface.extractors' has no attribute 'NwbRecordingExtractor')
2026-10-04T15:29:15Z WARNING [1524/1807] 41f92cbf-8430-46c5-86ac-17c068a80080: leaving unrecorded for a later run to retry.
2026-10-04T15:29:15Z WARNING 41f98088-6518-4793-b0db-dac2dabe729e: failed while reading the ElectricalSeries rates (AttributeError: module 'spikeinterface.extractors' has no attribute 'NwbRecordingExtractor')
2026-10-04T15:29:15Z WARNING [1525/1807] 41f98088-6518-4793-b0db-dac2dabe729e: leaving unrecorded for a later run to retry.
2026-10-04T15:29:16Z WARNING 41fa37d3-0240-43c8-a887-56d534474d34: failed while reading the ElectricalSeries rates (AttributeError: module 'spikeinterface.extractors' has no attribute 'NwbRecordingExtractor')
2026-10-04T15:29:16Z WARNING [1526/1807] 41fa37d3-0240-43c8-a887-56d534474d34: leaving unrecorded for a later run to retry.
2026-10-04T15:29:16Z WARNING 41fa8c60-7d18-4e85-980f-984943c40988: failed while reading the ElectricalSeries rates (AttributeError: module 'spikeinterface.extractors' has no attribute 'NwbRecordingExtractor')
2026-10-04T15:29:16Z WARNING [1527/1807] 41fa8c60-7d18-4e85-980f-984943c40988: leaving unrecorded for a later run to retry.
2026-10-04T15:29:16Z WARNING 41fa9971-3c82-4f81-8172-9aa4c4a5f881: failed while reading the ElectricalSeries rates (AttributeError: module 'spikeinterface.extractors' has no attribute 'NwbRecordingExtractor')
2026-10-04T15:29:16Z WARNING [1528/1807] 41fa9971-3c82-4f81-8172-9aa4c4a5f881: leaving unrecorded for a later run to retry.
2026-10-04T15:29:16Z WARNING 41fb1c44-5f86-4a2a-b848-44366dd1702d: failed while reading the ElectricalSeries rates (AttributeError: module 'spikeinterface.extractors' has no attribute 'NwbRecordingExtractor')
2026-10-04T15:29:16Z WARNING [1529/1807] 41fb1c44-5f86-4a2a-b848-44366dd1702d: leaving unrecorded for a later run to retry.
2026-10-04T15:29:16Z WARNING 41fb5d09-3571-4438-bbb3-7f5f71673e04: failed while reading the ElectricalSeries rates (AttributeError: module 'spikeinterface.extractors' has no attribute 'NwbRecordingExtractor')
2026-10-04T15:29:16Z WARNING [1530/1807] 41fb5d09-3571-4438-bbb3-7f5f71673e04: leaving unrecorded for a later run to retry.
2026-10-04T15:29:16Z WARNING 41fba37c-23be-4ab0-9430-d66c8e76d6c5: failed while reading the ElectricalSeries rates (AttributeError: module 'spikeinterface.extractors' has no attribute 'NwbRecordingExtractor')
2026-10-04T15:29:16Z WARNING [1531/1807] 41fba37c-23be-4ab0-9430-d66c8e76d6c5: leaving unrecorded for a later run to retry.
2026-10-04T15:29:17Z WARNING 41fdd21e-c6ac-497f-850f-312a849ad3f9: failed while reading the ElectricalSeries rates (AttributeError: module 'spikeinterface.extractors' has no attribute 'NwbRecordingExtractor')
2026-10-04T15:29:17Z WARNING [1532/1807] 41fdd21e-c6ac-497f-850f-312a849ad3f9: leaving unrecorded for a later run to retry.
2026-10-04T15:29:17Z WARNING 41ff1755-470d-4689-8f18-154e7742f4e3: failed while reading the ElectricalSeries rates (AttributeError: module 'spikeinterface.extractors' has no attribute 'NwbRecordingExtractor')
2026-10-04T15:29:17Z WARNING [1533/1807] 41ff1755-470d-4689-8f18-154e7742f4e3: leaving unrecorded for a later run to retry.
2026-10-04T15:29:17Z WARNING 41ff69ef-fdc6-443d-92af-5811482a7445: failed while reading the ElectricalSeries rates (AttributeError: module 'spikeinterface.extractors' has no attribute 'NwbRecordingExtractor')
2026-10-04T15:29:17Z WARNING [1534/1807] 41ff69ef-fdc6-443d-92af-5811482a7445: leaving unrecorded for a later run to retry.
2026-10-04T15:29:17Z WARNING 41fffc6b-95f0-4448-8155-75a193264f1d: failed while reading the ElectricalSeries rates (AttributeError: module 'spikeinterface.extractors' has no attribute 'NwbRecordingExtractor')
2026-10-04T15:29:17Z WARNING [1535/1807] 41fffc6b-95f0-4448-8155-75a193264f1d: leaving unrecorded for a later run to retry.
2026-10-04T15:29:17Z WARNING 42003720-f1f5-4731-8d82-c80c0eb7e577: failed while reading the ElectricalSeries rates (AttributeError: module 'spikeinterface.extractors' has no attribute 'NwbRecordingExtractor')
2026-10-04T15:29:17Z WARNING [1536/1807] 42003720-f1f5-4731-8d82-c80c0eb7e577: leaving unrecorded for a later run to retry.
2026-10-04T15:29:17Z WARNING 4200e439-cc09-4638-b841-b9f3b5c1182a: failed while reading the ElectricalSeries rates (AttributeError: module 'spikeinterface.extractors' has no attribute 'NwbRecordingExtractor')
2026-10-04T15:29:17Z WARNING [1537/1807] 4200e439-cc09-4638-b841-b9f3b5c1182a: leaving unrecorded for a later run to retry.
2026-10-04T15:29:17Z WARNING 4200e5f7-3bc9-4db7-9391-c6b7ea58b403: failed while reading the ElectricalSeries rates (AttributeError: module 'spikeinterface.extractors' has no attribute 'NwbRecordingExtractor')
2026-10-04T15:29:17Z WARNING [1538/1807] 4200e5f7-3bc9-4db7-9391-c6b7ea58b403: leaving unrecorded for a later run to retry.
2026-10-04T15:29:18Z WARNING 42020b74-2606-455b-a672-057c13ecc12a: failed while reading the ElectricalSeries rates (AttributeError: module 'spikeinterface.extractors' has no attribute 'NwbRecordingExtractor')
2026-10-04T15:29:18Z WARNING [1539/1807] 42020b74-2606-455b-a672-057c13ecc12a: leaving unrecorded for a later run to retry.
2026-10-04T15:29:18Z WARNING 4202259a-14a0-4a3d-8507-e7561f34a55f: failed while reading the ElectricalSeries rates (AttributeError: module 'spikeinterface.extractors' has no attribute 'NwbRecordingExtractor')
2026-10-04T15:29:18Z WARNING [1540/1807] 4202259a-14a0-4a3d-8507-e7561f34a55f: leaving unrecorded for a later run to retry.
2026-10-04T15:29:18Z WARNING 42026610-39a6-42d7-9dc7-044b6e64fae5: failed while reading the ElectricalSeries rates (AttributeError: module 'spikeinterface.extractors' has no attribute 'NwbRecordingExtractor')
2026-10-04T15:29:18Z WARNING [1541/1807] 42026610-39a6-42d7-9dc7-044b6e64fae5: leaving unrecorded for a later run to retry.
2026-10-04T15:29:18Z WARNING 4203ac85-8ca5-4aef-828f-a33de3db2bf4: failed while reading the ElectricalSeries rates (AttributeError: module 'spikeinterface.extractors' has no attribute 'NwbRecordingExtractor')
2026-10-04T15:29:18Z WARNING [1542/1807] 4203ac85-8ca5-4aef-828f-a33de3db2bf4: leaving unrecorded for a later run to retry.
2026-10-04T15:29:18Z WARNING 4203c4a2-c777-4bc2-974e-c5c2ebf3f323: failed while reading the ElectricalSeries rates (AttributeError: module 'spikeinterface.extractors' has no attribute 'NwbRecordingExtractor')
2026-10-04T15:29:18Z WARNING [1543/1807] 4203c4a2-c777-4bc2-974e-c5c2ebf3f323: leaving unrecorded for a later run to retry.
2026-10-04T15:29:18Z WARNING 420440c5-6481-45e7-8d98-8596178d6d81: failed while reading the ElectricalSeries rates (AttributeError: module 'spikeinterface.extractors' has no attribute 'NwbRecordingExtractor')
2026-10-04T15:29:18Z WARNING [1544/1807] 420440c5-6481-45e7-8d98-8596178d6d81: leaving unrecorded for a later run to retry.
2026-10-04T15:29:18Z WARNING 42048c77-40c1-447f-b171-55c9b180e104: failed while reading the ElectricalSeries rates (AttributeError: module 'spikeinterface.extractors' has no attribute 'NwbRecordingExtractor')
2026-10-04T15:29:18Z WARNING [1545/1807] 42048c77-40c1-447f-b171-55c9b180e104: leaving unrecorded for a later run to retry.
2026-10-04T15:29:19Z WARNING 42050cae-0ac6-4e9a-921f-97e6f25c8af5: failed while reading the ElectricalSeries rates (AttributeError: module 'spikeinterface.extractors' has no attribute 'NwbRecordingExtractor')
2026-10-04T15:29:19Z WARNING [1546/1807] 42050cae-0ac6-4e9a-921f-97e6f25c8af5: leaving unrecorded for a later run to retry.
2026-10-04T15:29:19Z WARNING 4206ae06-08d9-4d65-b1e9-80657f398abc: failed while reading the ElectricalSeries rates (AttributeError: module 'spikeinterface.extractors' has no attribute 'NwbRecordingExtractor')
2026-10-04T15:29:19Z WARNING [1547/1807] 4206ae06-08d9-4d65-b1e9-80657f398abc: leaving unrecorded for a later run to retry.
2026-10-04T15:29:19Z WARNING 4208dd41-7931-42d8-9a8e-86e99bcbf661: failed while reading the ElectricalSeries rates (AttributeError: module 'spikeinterface.extractors' has no attribute 'NwbRecordingExtractor')
2026-10-04T15:29:19Z WARNING [1548/1807] 4208dd41-7931-42d8-9a8e-86e99bcbf661: leaving unrecorded for a later run to retry.
2026-10-04T15:29:19Z WARNING 4208fc9e-860a-4955-8958-41f2c360a456: failed while reading the ElectricalSeries rates (AttributeError: module 'spikeinterface.extractors' has no attribute 'NwbRecordingExtractor')
2026-10-04T15:29:19Z WARNING [1549/1807] 4208fc9e-860a-4955-8958-41f2c360a456: leaving unrecorded for a later run to retry.
2026-10-04T15:29:19Z WARNING 420904d5-acc8-4e04-85d2-38f2c114593c: failed while reading the ElectricalSeries rates (AttributeError: module 'spikeinterface.extractors' has no attribute 'NwbRecordingExtractor')
2026-10-04T15:29:19Z WARNING [1550/1807] 420904d5-acc8-4e04-85d2-38f2c114593c: leaving unrecorded for a later run to retry.
2026-10-04T15:29:19Z INFO [1550/1807] 420904d5-acc8-4e04-85d2-38f2c114593c: checkpointed 60602 records.
2026-10-04T15:29:19Z WARNING 4209543f-104d-47c6-91b1-d364f98e9a4a: failed while reading the ElectricalSeries rates (AttributeError: module 'spikeinterface.extractors' has no attribute 'NwbRecordingExtractor')
2026-10-04T15:29:19Z WARNING [1551/1807] 4209543f-104d-47c6-91b1-d364f98e9a4a: leaving unrecorded for a later run to retry.
2026-10-04T15:29:20Z WARNING 420a82b4-c127-4218-936b-c5d52d443843: failed while reading the ElectricalSeries rates (AttributeError: module 'spikeinterface.extractors' has no attribute 'NwbRecordingExtractor')
2026-10-04T15:29:20Z WARNING [1552/1807] 420a82b4-c127-4218-936b-c5d52d443843: leaving unrecorded for a later run to retry.
2026-10-04T15:29:20Z WARNING 420b10bc-3606-458b-b242-41ad78c164f3: failed while reading the ElectricalSeries rates (AttributeError: module 'spikeinterface.extractors' has no attribute 'NwbRecordingExtractor')
2026-10-04T15:29:20Z WARNING [1553/1807] 420b10bc-3606-458b-b242-41ad78c164f3: leaving unrecorded for a later run to retry.
2026-10-04T15:29:20Z WARNING 420ccfb1-4332-48e8-8ae3-fff9b7282af0: failed while reading the ElectricalSeries rates (AttributeError: module 'spikeinterface.extractors' has no attribute 'NwbRecordingExtractor')
2026-10-04T15:29:20Z WARNING [1554/1807] 420ccfb1-4332-48e8-8ae3-fff9b7282af0: leaving unrecorded for a later run to retry.
2026-10-04T15:29:20Z WARNING 420d1fac-da90-436b-a879-34698dd58124: failed while reading the ElectricalSeries rates (AttributeError: module 'spikeinterface.extractors' has no attribute 'NwbRecordingExtractor')
2026-10-04T15:29:20Z WARNING [1555/1807] 420d1fac-da90-436b-a879-34698dd58124: leaving unrecorded for a later run to retry.
2026-10-04T15:29:20Z WARNING 420d224f-32f4-47a0-8470-e5c4b657b7df: failed while reading the ElectricalSeries rates (AttributeError: module 'spikeinterface.extractors' has no attribute 'NwbRecordingExtractor')
2026-10-04T15:29:20Z WARNING [1556/1807] 420d224f-32f4-47a0-8470-e5c4b657b7df: leaving unrecorded for a later run to retry.
2026-10-04T15:29:20Z WARNING 420d9645-86ab-473c-a03d-abda1f0cf0a6: failed while reading the ElectricalSeries rates (AttributeError: module 'spikeinterface.extractors' has no attribute 'NwbRecordingExtractor')
2026-10-04T15:29:20Z WARNING [1557/1807] 420d9645-86ab-473c-a03d-abda1f0cf0a6: leaving unrecorded for a later run to retry.
2026-10-04T15:29:21Z WARNING 420ece64-9fce-4399-9c33-150292b3674f: failed while reading the ElectricalSeries rates (AttributeError: module 'spikeinterface.extractors' has no attribute 'NwbRecordingExtractor')
2026-10-04T15:29:21Z WARNING [1558/1807] 420ece64-9fce-4399-9c33-150292b3674f: leaving unrecorded for a later run to retry.
2026-10-04T15:29:21Z WARNING 420ff343-c900-451b-9b3a-27ac44ce434b: failed while reading the ElectricalSeries rates (AttributeError: module 'spikeinterface.extractors' has no attribute 'NwbRecordingExtractor')
2026-10-04T15:29:21Z WARNING [1559/1807] 420ff343-c900-451b-9b3a-27ac44ce434b: leaving unrecorded for a later run to retry.
2026-10-04T15:29:21Z WARNING 421181d0-285d-40eb-805d-13f00a657d5a: failed while reading the ElectricalSeries rates (AttributeError: module 'spikeinterface.extractors' has no attribute 'NwbRecordingExtractor')
2026-10-04T15:29:21Z WARNING [1560/1807] 421181d0-285d-40eb-805d-13f00a657d5a: leaving unrecorded for a later run to retry.
2026-10-04T15:29:21Z WARNING 4211b254-45dd-49f5-a967-2793045251f6: failed while reading the ElectricalSeries rates (AttributeError: module 'spikeinterface.extractors' has no attribute 'NwbRecordingExtractor')
2026-10-04T15:29:21Z WARNING [1561/1807] 4211b254-45dd-49f5-a967-2793045251f6: leaving unrecorded for a later run to retry.
2026-10-04T15:29:21Z WARNING 42123688-0276-4bc9-b2d0-604b2bbf1b77: failed while reading the ElectricalSeries rates (AttributeError: module 'spikeinterface.extractors' has no attribute 'NwbRecordingExtractor')
2026-10-04T15:29:21Z WARNING [1562/1807] 42123688-0276-4bc9-b2d0-604b2bbf1b77: leaving unrecorded for a later run to retry.
2026-10-04T15:29:21Z WARNING 4212fb99-61f2-4c4b-a5d3-655f733d5833: failed while reading the ElectricalSeries rates (AttributeError: module 'spikeinterface.extractors' has no attribute 'NwbRecordingExtractor')
2026-10-04T15:29:21Z WARNING [1563/1807] 4212fb99-61f2-4c4b-a5d3-655f733d5833: leaving unrecorded for a later run to retry.
2026-10-04T15:29:22Z WARNING 4214cd66-c6cc-40e1-8884-163a6cde5fb3: failed while reading the ElectricalSeries rates (AttributeError: module 'spikeinterface.extractors' has no attribute 'NwbRecordingExtractor')
2026-10-04T15:29:22Z WARNING [1564/1807] 4214cd66-c6cc-40e1-8884-163a6cde5fb3: leaving unrecorded for a later run to retry.
2026-10-04T15:29:22Z WARNING 4214efad-b55d-4b84-b1dc-d5d852de74f0: failed while reading the ElectricalSeries rates (AttributeError: module 'spikeinterface.extractors' has no attribute 'NwbRecordingExtractor')
2026-10-04T15:29:22Z WARNING [1565/1807] 4214efad-b55d-4b84-b1dc-d5d852de74f0: leaving unrecorded for a later run to retry.
2026-10-04T15:29:22Z WARNING 4215858f-cf16-4c58-94f9-3347ececc89f: failed while reading the ElectricalSeries rates (AttributeError: module 'spikeinterface.extractors' has no attribute 'NwbRecordingExtractor')
2026-10-04T15:29:22Z WARNING [1566/1807] 4215858f-cf16-4c58-94f9-3347ececc89f: leaving unrecorded for a later run to retry.
2026-10-04T15:29:22Z WARNING 42159a6c-f5f0-4eea-8f9e-3dea2a755ab2: failed while reading the ElectricalSeries rates (AttributeError: module 'spikeinterface.extractors' has no attribute 'NwbRecordingExtractor')
2026-10-04T15:29:22Z WARNING [1567/1807] 42159a6c-f5f0-4eea-8f9e-3dea2a755ab2: leaving unrecorded for a later run to retry.
2026-10-04T15:29:22Z WARNING 421632ef-0a57-4545-bdf0-70eb96228c35: failed while reading the ElectricalSeries rates (AttributeError: module 'spikeinterface.extractors' has no attribute 'NwbRecordingExtractor')
2026-10-04T15:29:22Z WARNING [1568/1807] 421632ef-0a57-4545-bdf0-70eb96228c35: leaving unrecorded for a later run to retry.
2026-10-04T15:29:22Z WARNING 4216523b-193b-4e0b-8705-bea06ebf936d: failed while reading the ElectricalSeries rates (AttributeError: module 'spikeinterface.extractors' has no attribute 'NwbRecordingExtractor')
2026-10-04T15:29:22Z WARNING [1569/1807] 4216523b-193b-4e0b-8705-bea06ebf936d: leaving unrecorded for a later run to retry.
2026-10-04T15:29:22Z WARNING 4216c4b3-7da5-431e-9bf0-ef0b810027c5: failed while reading the ElectricalSeries rates (AttributeError: module 'spikeinterface.extractors' has no attribute 'NwbRecordingExtractor')
2026-10-04T15:29:22Z WARNING [1570/1807] 4216c4b3-7da5-431e-9bf0-ef0b810027c5: leaving unrecorded for a later run to retry.
2026-10-04T15:29:23Z WARNING 42180d4d-a5a7-41a5-984e-28bb662cc7a1: failed while reading the ElectricalSeries rates (AttributeError: module 'spikeinterface.extractors' has no attribute 'NwbRecordingExtractor')
2026-10-04T15:29:23Z WARNING [1571/1807] 42180d4d-a5a7-41a5-984e-28bb662cc7a1: leaving unrecorded for a later run to retry.
2026-10-04T15:29:23Z WARNING 4218d2d0-c0b2-4724-a7cc-66600a8005d1: failed while reading the ElectricalSeries rates (AttributeError: module 'spikeinterface.extractors' has no attribute 'NwbRecordingExtractor')
2026-10-04T15:29:23Z WARNING [1572/1807] 4218d2d0-c0b2-4724-a7cc-66600a8005d1: leaving unrecorded for a later run to retry.
2026-10-04T15:29:23Z WARNING 42199040-cf10-42d1-a459-94a44ecdae38: failed while reading the ElectricalSeries rates (AttributeError: module 'spikeinterface.extractors' has no attribute 'NwbRecordingExtractor')
2026-10-04T15:29:23Z WARNING [1573/1807] 42199040-cf10-42d1-a459-94a44ecdae38: leaving unrecorded for a later run to retry.
2026-10-04T15:29:23Z WARNING 4219e645-73b4-4710-88f4-6e6395846389: failed while reading the ElectricalSeries rates (AttributeError: module 'spikeinterface.extractors' has no attribute 'NwbRecordingExtractor')
2026-10-04T15:29:23Z WARNING [1574/1807] 4219e645-73b4-4710-88f4-6e6395846389: leaving unrecorded for a later run to retry.
2026-10-04T15:29:23Z WARNING 421a3ea9-8f3b-4ccd-b54f-5374b3bf0064: failed while reading the ElectricalSeries rates (AttributeError: module 'spikeinterface.extractors' has no attribute 'NwbRecordingExtractor')
2026-10-04T15:29:23Z WARNING [1575/1807] 421a3ea9-8f3b-4ccd-b54f-5374b3bf0064: leaving unrecorded for a later run to retry.
2026-10-04T15:29:23Z WARNING 421a666d-520f-4416-bc73-4d352eb407bc: failed while reading the ElectricalSeries rates (AttributeError: module 'spikeinterface.extractors' has no attribute 'NwbRecordingExtractor')
2026-10-04T15:29:23Z WARNING [1576/1807] 421a666d-520f-4416-bc73-4d352eb407bc: leaving unrecorded for a later run to retry.
2026-10-04T15:29:23Z WARNING 421ad9e8-dbaf-411a-8241-e465bba0d7db: failed while reading the ElectricalSeries rates (AttributeError: module 'spikeinterface.extractors' has no attribute 'NwbRecordingExtractor')
2026-10-04T15:29:23Z WARNING [1577/1807] 421ad9e8-dbaf-411a-8241-e465bba0d7db: leaving unrecorded for a later run to retry.
2026-10-04T15:29:24Z WARNING 421b10d5-aa8b-4b73-be6e-04e173b4504e: failed while reading the ElectricalSeries rates (AttributeError: module 'spikeinterface.extractors' has no attribute 'NwbRecordingExtractor')
2026-10-04T15:29:24Z WARNING [1578/1807] 421b10d5-aa8b-4b73-be6e-04e173b4504e: leaving unrecorded for a later run to retry.
2026-10-04T15:29:24Z WARNING 421c3338-084a-4d37-a131-c5e51a1bc5f1: failed while reading the ElectricalSeries rates (AttributeError: module 'spikeinterface.extractors' has no attribute 'NwbRecordingExtractor')
2026-10-04T15:29:24Z WARNING [1579/1807] 421c3338-084a-4d37-a131-c5e51a1bc5f1: leaving unrecorded for a later run to retry.
2026-10-04T15:29:24Z WARNING 421c79b4-cbcf-4448-b585-e5ee2d5db2a1: failed while reading the ElectricalSeries rates (AttributeError: module 'spikeinterface.extractors' has no attribute 'NwbRecordingExtractor')
2026-10-04T15:29:24Z WARNING [1580/1807] 421c79b4-cbcf-4448-b585-e5ee2d5db2a1: leaving unrecorded for a later run to retry.
2026-10-04T15:29:24Z WARNING 421ce4ba-50cc-4d94-8863-4cc3ce30ab7f: failed while reading the ElectricalSeries rates (AttributeError: module 'spikeinterface.extractors' has no attribute 'NwbRecordingExtractor')
2026-10-04T15:29:24Z WARNING [1581/1807] 421ce4ba-50cc-4d94-8863-4cc3ce30ab7f: leaving unrecorded for a later run to retry.
2026-10-04T15:29:24Z WARNING 421dac8e-fe60-41bf-9126-b26c32b7c12f: failed while reading the ElectricalSeries rates (AttributeError: module 'spikeinterface.extractors' has no attribute 'NwbRecordingExtractor')
2026-10-04T15:29:24Z WARNING [1582/1807] 421dac8e-fe60-41bf-9126-b26c32b7c12f: leaving unrecorded for a later run to retry.
2026-10-04T15:29:24Z WARNING 421dd1c3-1b67-456d-a0dd-a35c0ad7c35b: failed while reading the ElectricalSeries rates (AttributeError: module 'spikeinterface.extractors' has no attribute 'NwbRecordingExtractor')
2026-10-04T15:29:24Z WARNING [1583/1807] 421dd1c3-1b67-456d-a0dd-a35c0ad7c35b: leaving unrecorded for a later run to retry.
2026-10-04T15:29:24Z WARNING 421dd2d3-668a-4efc-819a-938a60f54a77: failed while reading the ElectricalSeries rates (AttributeError: module 'spikeinterface.extractors' has no attribute 'NwbRecordingExtractor')
2026-10-04T15:29:24Z WARNING [1584/1807] 421dd2d3-668a-4efc-819a-938a60f54a77: leaving unrecorded for a later run to retry.
2026-10-04T15:29:25Z WARNING 421e6caf-e268-4ce7-90f5-c46f87b4cdb2: failed while reading the ElectricalSeries rates (AttributeError: module 'spikeinterface.extractors' has no attribute 'NwbRecordingExtractor')
2026-10-04T15:29:25Z WARNING [1585/1807] 421e6caf-e268-4ce7-90f5-c46f87b4cdb2: leaving unrecorded for a later run to retry.
2026-10-04T15:29:25Z WARNING 421ead95-cd02-45b6-8d56-d8c6fed28da4: failed while reading the ElectricalSeries rates (AttributeError: module 'spikeinterface.extractors' has no attribute 'NwbRecordingExtractor')
2026-10-04T15:29:25Z WARNING [1586/1807] 421ead95-cd02-45b6-8d56-d8c6fed28da4: leaving unrecorded for a later run to retry.
2026-10-04T15:29:25Z WARNING 421ec3f8-3f6f-4513-be4a-15966b5b7026: failed while reading the ElectricalSeries rates (AttributeError: module 'spikeinterface.extractors' has no attribute 'NwbRecordingExtractor')
2026-10-04T15:29:25Z WARNING [1587/1807] 421ec3f8-3f6f-4513-be4a-15966b5b7026: leaving unrecorded for a later run to retry.
2026-10-04T15:29:25Z WARNING 421f105e-4979-4df3-82e9-a70c10eeb0c7: failed while reading the ElectricalSeries rates (AttributeError: module 'spikeinterface.extractors' has no attribute 'NwbRecordingExtractor')
2026-10-04T15:29:25Z WARNING [1588/1807] 421f105e-4979-4df3-82e9-a70c10eeb0c7: leaving unrecorded for a later run to retry.
2026-10-04T15:29:25Z WARNING 421f9424-a333-47d1-b0c2-c4066f914a76: failed while reading the ElectricalSeries rates (AttributeError: module 'spikeinterface.extractors' has no attribute 'NwbRecordingExtractor')
2026-10-04T15:29:25Z WARNING [1589/1807] 421f9424-a333-47d1-b0c2-c4066f914a76: leaving unrecorded for a later run to retry.
2026-10-04T15:29:25Z WARNING 42202ca5-fbe1-4269-8ed5-c5dffd93139d: failed while reading the ElectricalSeries rates (AttributeError: module 'spikeinterface.extractors' has no attribute 'NwbRecordingExtractor')
2026-10-04T15:29:25Z WARNING [1590/1807] 42202ca5-fbe1-4269-8ed5-c5dffd93139d: leaving unrecorded for a later run to retry.
2026-10-04T15:29:25Z WARNING 42206d3d-0c51-45da-8ed1-877798923406: failed while reading the ElectricalSeries rates (AttributeError: module 'spikeinterface.extractors' has no attribute 'NwbRecordingExtractor')
2026-10-04T15:29:25Z WARNING [1591/1807] 42206d3d-0c51-45da-8ed1-877798923406: leaving unrecorded for a later run to retry.
2026-10-04T15:29:26Z WARNING 422106b7-1b8f-4eaf-8a2f-b85d16980d33: failed while reading the ElectricalSeries rates (AttributeError: module 'spikeinterface.extractors' has no attribute 'NwbRecordingExtractor')
2026-10-04T15:29:26Z WARNING [1592/1807] 422106b7-1b8f-4eaf-8a2f-b85d16980d33: leaving unrecorded for a later run to retry.
2026-10-04T15:29:26Z WARNING 4221acd3-d956-4b48-9273-847a366714bf: failed while reading the ElectricalSeries rates (AttributeError: module 'spikeinterface.extractors' has no attribute 'NwbRecordingExtractor')
2026-10-04T15:29:26Z WARNING [1593/1807] 4221acd3-d956-4b48-9273-847a366714bf: leaving unrecorded for a later run to retry.
2026-10-04T15:29:26Z WARNING 4221b983-fcc2-4c47-924d-272f2df3d926: failed while reading the ElectricalSeries rates (AttributeError: module 'spikeinterface.extractors' has no attribute 'NwbRecordingExtractor')
2026-10-04T15:29:26Z WARNING [1594/1807] 4221b983-fcc2-4c47-924d-272f2df3d926: leaving unrecorded for a later run to retry.
2026-10-04T15:29:26Z WARNING 4223280d-13ab-484d-9cbc-ccd4f1f655e5: failed while reading the ElectricalSeries rates (AttributeError: module 'spikeinterface.extractors' has no attribute 'NwbRecordingExtractor')
2026-10-04T15:29:26Z WARNING [1595/1807] 4223280d-13ab-484d-9cbc-ccd4f1f655e5: leaving unrecorded for a later run to retry.
2026-10-04T15:29:26Z WARNING 4224141b-2052-44ec-bc89-3aeedf4ba82b: failed while reading the ElectricalSeries rates (AttributeError: module 'spikeinterface.extractors' has no attribute 'NwbRecordingExtractor')
2026-10-04T15:29:26Z WARNING [1596/1807] 4224141b-2052-44ec-bc89-3aeedf4ba82b: leaving unrecorded for a later run to retry.
2026-10-04T15:29:26Z WARNING 4224f2c1-8f1a-4a69-b384-d67e13808c25: failed while reading the ElectricalSeries rates (AttributeError: module 'spikeinterface.extractors' has no attribute 'NwbRecordingExtractor')
2026-10-04T15:29:26Z WARNING [1597/1807] 4224f2c1-8f1a-4a69-b384-d67e13808c25: leaving unrecorded for a later run to retry.
2026-10-04T15:29:27Z WARNING 4225a5ff-06df-4d2d-a263-66f34d5d5bda: failed while reading the ElectricalSeries rates (AttributeError: module 'spikeinterface.extractors' has no attribute 'NwbRecordingExtractor')
2026-10-04T15:29:27Z WARNING [1598/1807] 4225a5ff-06df-4d2d-a263-66f34d5d5bda: leaving unrecorded for a later run to retry.
2026-10-04T15:29:27Z WARNING 42284672-ee11-45ba-8a85-0d725e2f7a5e: failed while reading the ElectricalSeries rates (AttributeError: module 'spikeinterface.extractors' has no attribute 'NwbRecordingExtractor')
2026-10-04T15:29:27Z WARNING [1599/1807] 42284672-ee11-45ba-8a85-0d725e2f7a5e: leaving unrecorded for a later run to retry.
2026-10-04T15:29:27Z WARNING 42285262-cedd-45d9-8dff-8bd988bdbcce: failed while reading the ElectricalSeries rates (AttributeError: module 'spikeinterface.extractors' has no attribute 'NwbRecordingExtractor')
2026-10-04T15:29:27Z WARNING [1600/1807] 42285262-cedd-45d9-8dff-8bd988bdbcce: leaving unrecorded for a later run to retry.
2026-10-04T15:29:27Z INFO [1600/1807] 42285262-cedd-45d9-8dff-8bd988bdbcce: checkpointed 60602 records.
2026-10-04T15:29:27Z WARNING 4228ce76-5c68-4982-b868-0d2df15f48ab: failed while reading the ElectricalSeries rates (AttributeError: module 'spikeinterface.extractors' has no attribute 'NwbRecordingExtractor')
2026-10-04T15:29:27Z WARNING [1601/1807] 4228ce76-5c68-4982-b868-0d2df15f48ab: leaving unrecorded for a later run to retry.
2026-10-04T15:29:27Z WARNING 422956d9-0d48-484e-b79a-ad2563008e51: failed while reading the ElectricalSeries rates (AttributeError: module 'spikeinterface.extractors' has no attribute 'NwbRecordingExtractor')
2026-10-04T15:29:27Z WARNING [1602/1807] 422956d9-0d48-484e-b79a-ad2563008e51: leaving unrecorded for a later run to retry.
2026-10-04T15:29:27Z WARNING 422ad0d6-1307-4916-bcc8-4f4f055173ea: failed while reading the ElectricalSeries rates (AttributeError: module 'spikeinterface.extractors' has no attribute 'NwbRecordingExtractor')
2026-10-04T15:29:27Z WARNING [1603/1807] 422ad0d6-1307-4916-bcc8-4f4f055173ea: leaving unrecorded for a later run to retry.
2026-10-04T15:29:27Z WARNING 422bda01-3601-4f85-abd1-1426a80ea61b: failed while reading the ElectricalSeries rates (AttributeError: module 'spikeinterface.extractors' has no attribute 'NwbRecordingExtractor')
2026-10-04T15:29:27Z WARNING [1604/1807] 422bda01-3601-4f85-abd1-1426a80ea61b: leaving unrecorded for a later run to retry.
2026-10-04T15:29:28Z WARNING 422ca20f-2bf0-405f-86de-1f3c23be59be: failed while reading the ElectricalSeries rates (AttributeError: module 'spikeinterface.extractors' has no attribute 'NwbRecordingExtractor')
2026-10-04T15:29:28Z WARNING [1605/1807] 422ca20f-2bf0-405f-86de-1f3c23be59be: leaving unrecorded for a later run to retry.
2026-10-04T15:29:28Z WARNING 422d1197-bc60-495d-97b4-20cb48cf053d: failed while reading the ElectricalSeries rates (AttributeError: module 'spikeinterface.extractors' has no attribute 'NwbRecordingExtractor')
2026-10-04T15:29:28Z WARNING [1606/1807] 422d1197-bc60-495d-97b4-20cb48cf053d: leaving unrecorded for a later run to retry.
2026-10-04T15:29:28Z WARNING 422d63c1-4244-4ca0-94b8-103851007b9b: failed while reading the ElectricalSeries rates (AttributeError: module 'spikeinterface.extractors' has no attribute 'NwbRecordingExtractor')
2026-10-04T15:29:28Z WARNING [1607/1807] 422d63c1-4244-4ca0-94b8-103851007b9b: leaving unrecorded for a later run to retry.
2026-10-04T15:29:28Z WARNING 422d797e-db1c-4d3a-a241-1a8b10de852c: failed while reading the ElectricalSeries rates (AttributeError: module 'spikeinterface.extractors' has no attribute 'NwbRecordingExtractor')
2026-10-04T15:29:28Z WARNING [1608/1807] 422d797e-db1c-4d3a-a241-1a8b10de852c: leaving unrecorded for a later run to retry.
2026-10-04T15:29:28Z WARNING 422e79e5-0293-4c58-a5ec-f29e182a5c3e: failed while reading the ElectricalSeries rates (AttributeError: module 'spikeinterface.extractors' has no attribute 'NwbRecordingExtractor')
2026-10-04T15:29:28Z WARNING [1609/1807] 422e79e5-0293-4c58-a5ec-f29e182a5c3e: leaving unrecorded for a later run to retry.
2026-10-04T15:29:28Z WARNING 422f5c1b-8786-406b-9437-2b137b8d4cc6: failed while reading the ElectricalSeries rates (AttributeError: module 'spikeinterface.extractors' has no attribute 'NwbRecordingExtractor')
2026-10-04T15:29:28Z WARNING [1610/1807] 422f5c1b-8786-406b-9437-2b137b8d4cc6: leaving unrecorded for a later run to retry.
2026-10-04T15:29:28Z WARNING 422fb58a-bef1-4cdd-9f8b-f4a8b2b4bf06: failed while reading the ElectricalSeries rates (AttributeError: module 'spikeinterface.extractors' has no attribute 'NwbRecordingExtractor')
2026-10-04T15:29:28Z WARNING [1611/1807] 422fb58a-bef1-4cdd-9f8b-f4a8b2b4bf06: leaving unrecorded for a later run to retry.
2026-10-04T15:29:29Z WARNING 42311e94-d231-44ec-a7de-fcd1011486a4: failed while reading the ElectricalSeries rates (AttributeError: module 'spikeinterface.extractors' has no attribute 'NwbRecordingExtractor')
2026-10-04T15:29:29Z WARNING [1612/1807] 42311e94-d231-44ec-a7de-fcd1011486a4: leaving unrecorded for a later run to retry.
2026-10-04T15:29:29Z WARNING 42326ab9-b963-42f5-a50a-63338eea1062: failed while reading the ElectricalSeries rates (AttributeError: module 'spikeinterface.extractors' has no attribute 'NwbRecordingExtractor')
2026-10-04T15:29:29Z WARNING [1613/1807] 42326ab9-b963-42f5-a50a-63338eea1062: leaving unrecorded for a later run to retry.
2026-10-04T15:29:29Z WARNING 4232dda1-c9f1-47cc-8547-c6eea206543a: failed while reading the ElectricalSeries rates (AttributeError: module 'spikeinterface.extractors' has no attribute 'NwbRecordingExtractor')
2026-10-04T15:29:29Z WARNING [1614/1807] 4232dda1-c9f1-47cc-8547-c6eea206543a: leaving unrecorded for a later run to retry.
2026-10-04T15:29:29Z WARNING 42337471-d80e-4fac-a073-dba71b1aad74: failed while reading the ElectricalSeries rates (AttributeError: module 'spikeinterface.extractors' has no attribute 'NwbRecordingExtractor')
2026-10-04T15:29:29Z WARNING [1615/1807] 42337471-d80e-4fac-a073-dba71b1aad74: leaving unrecorded for a later run to retry.
2026-10-04T15:29:29Z WARNING 42351e18-5aa4-48e4-b085-2e33a981ac32: failed while reading the ElectricalSeries rates (AttributeError: module 'spikeinterface.extractors' has no attribute 'NwbRecordingExtractor')
2026-10-04T15:29:29Z WARNING [1616/1807] 42351e18-5aa4-48e4-b085-2e33a981ac32: leaving unrecorded for a later run to retry.
2026-10-04T15:29:29Z WARNING 4235c9cf-a0c6-4786-8de2-1a358b269457: failed while reading the ElectricalSeries rates (AttributeError: module 'spikeinterface.extractors' has no attribute 'NwbRecordingExtractor')
2026-10-04T15:29:29Z WARNING [1617/1807] 4235c9cf-a0c6-4786-8de2-1a358b269457: leaving unrecorded for a later run to retry.
2026-10-04T15:29:30Z WARNING 4235d9ef-cba3-48b3-8cdb-fcc117c989c8: failed while reading the ElectricalSeries rates (AttributeError: module 'spikeinterface.extractors' has no attribute 'NwbRecordingExtractor')
2026-10-04T15:29:30Z WARNING [1618/1807] 4235d9ef-cba3-48b3-8cdb-fcc117c989c8: leaving unrecorded for a later run to retry.
2026-10-04T15:29:30Z WARNING 4236486b-386e-417b-85e7-69094965c917: failed while reading the ElectricalSeries rates (AttributeError: module 'spikeinterface.extractors' has no attribute 'NwbRecordingExtractor')
2026-10-04T15:29:30Z WARNING [1619/1807] 4236486b-386e-417b-85e7-69094965c917: leaving unrecorded for a later run to retry.
2026-10-04T15:29:30Z WARNING 4236725c-729d-475d-8a5c-313c90acc2fc: failed while reading the ElectricalSeries rates (AttributeError: module 'spikeinterface.extractors' has no attribute 'NwbRecordingExtractor')
2026-10-04T15:29:30Z WARNING [1620/1807] 4236725c-729d-475d-8a5c-313c90acc2fc: leaving unrecorded for a later run to retry.
2026-10-04T15:29:30Z WARNING 42369937-dcfe-4b4b-b79f-f5c8cfb5e33b: failed while reading the ElectricalSeries rates (AttributeError: module 'spikeinterface.extractors' has no attribute 'NwbRecordingExtractor')
2026-10-04T15:29:30Z WARNING [1621/1807] 42369937-dcfe-4b4b-b79f-f5c8cfb5e33b: leaving unrecorded for a later run to retry.
2026-10-04T15:29:30Z WARNING 4237f748-0d41-4be7-8d5a-73f77ca14c44: failed while reading the ElectricalSeries rates (AttributeError: module 'spikeinterface.extractors' has no attribute 'NwbRecordingExtractor')
2026-10-04T15:29:30Z WARNING [1622/1807] 4237f748-0d41-4be7-8d5a-73f77ca14c44: leaving unrecorded for a later run to retry.
2026-10-04T15:29:30Z WARNING 42380fbd-1eba-4de9-9ca4-cc77170a5bc3: failed while reading the ElectricalSeries rates (AttributeError: module 'spikeinterface.extractors' has no attribute 'NwbRecordingExtractor')
2026-10-04T15:29:30Z WARNING [1623/1807] 42380fbd-1eba-4de9-9ca4-cc77170a5bc3: leaving unrecorded for a later run to retry.
2026-10-04T15:29:30Z WARNING 4238caaa-93bb-4b36-8321-3fab37f0a304: failed while reading the ElectricalSeries rates (AttributeError: module 'spikeinterface.extractors' has no attribute 'NwbRecordingExtractor')
2026-10-04T15:29:30Z WARNING [1624/1807] 4238caaa-93bb-4b36-8321-3fab37f0a304: leaving unrecorded for a later run to retry.
2026-10-04T15:29:31Z WARNING 4238e0b6-ba49-4503-b6b6-f835f3ae03d8: failed while reading the ElectricalSeries rates (AttributeError: module 'spikeinterface.extractors' has no attribute 'NwbRecordingExtractor')
2026-10-04T15:29:31Z WARNING [1625/1807] 4238e0b6-ba49-4503-b6b6-f835f3ae03d8: leaving unrecorded for a later run to retry.
2026-10-04T15:29:31Z WARNING 4239c27c-3322-450a-a747-7c4add524de6: failed while reading the ElectricalSeries rates (AttributeError: module 'spikeinterface.extractors' has no attribute 'NwbRecordingExtractor')
2026-10-04T15:29:31Z WARNING [1626/1807] 4239c27c-3322-450a-a747-7c4add524de6: leaving unrecorded for a later run to retry.
2026-10-04T15:29:31Z WARNING 423a1631-fe83-4e2a-bc02-89ffbd5bf73f: failed while reading the ElectricalSeries rates (AttributeError: module 'spikeinterface.extractors' has no attribute 'NwbRecordingExtractor')
2026-10-04T15:29:31Z WARNING [1627/1807] 423a1631-fe83-4e2a-bc02-89ffbd5bf73f: leaving unrecorded for a later run to retry.
2026-10-04T15:29:31Z WARNING 423a9661-9e34-45a4-90ad-dad86ffedbdb: failed while reading the ElectricalSeries rates (AttributeError: module 'spikeinterface.extractors' has no attribute 'NwbRecordingExtractor')
2026-10-04T15:29:31Z WARNING [1628/1807] 423a9661-9e34-45a4-90ad-dad86ffedbdb: leaving unrecorded for a later run to retry.
2026-10-04T15:29:31Z WARNING 423d8444-70fb-44da-8f73-45531c517d94: failed while reading the ElectricalSeries rates (AttributeError: module 'spikeinterface.extractors' has no attribute 'NwbRecordingExtractor')
2026-10-04T15:29:31Z WARNING [1629/1807] 423d8444-70fb-44da-8f73-45531c517d94: leaving unrecorded for a later run to retry.
2026-10-04T15:29:31Z WARNING 423fc45c-6ba3-4ead-981c-13be606312bd: failed while reading the ElectricalSeries rates (AttributeError: module 'spikeinterface.extractors' has no attribute 'NwbRecordingExtractor')
2026-10-04T15:29:31Z WARNING [1630/1807] 423fc45c-6ba3-4ead-981c-13be606312bd: leaving unrecorded for a later run to retry.
2026-10-04T15:29:32Z WARNING 424021ce-3492-45ee-a09f-d56f2df7ca96: failed while reading the ElectricalSeries rates (AttributeError: module 'spikeinterface.extractors' has no attribute 'NwbRecordingExtractor')
2026-10-04T15:29:32Z WARNING [1631/1807] 424021ce-3492-45ee-a09f-d56f2df7ca96: leaving unrecorded for a later run to retry.
2026-10-04T15:29:32Z WARNING 424070a3-d587-4e53-93c2-f283df5b47ef: failed while reading the ElectricalSeries rates (AttributeError: module 'spikeinterface.extractors' has no attribute 'NwbRecordingExtractor')
2026-10-04T15:29:32Z WARNING [1632/1807] 424070a3-d587-4e53-93c2-f283df5b47ef: leaving unrecorded for a later run to retry.
2026-10-04T15:29:32Z WARNING 42414c77-ff72-446e-92db-5470ddd70892: failed while reading the ElectricalSeries rates (AttributeError: module 'spikeinterface.extractors' has no attribute 'NwbRecordingExtractor')
2026-10-04T15:29:32Z WARNING [1633/1807] 42414c77-ff72-446e-92db-5470ddd70892: leaving unrecorded for a later run to retry.
2026-10-04T15:29:32Z WARNING 42415a3d-7e7e-4bd2-9645-585b340f75e1: failed while reading the ElectricalSeries rates (AttributeError: module 'spikeinterface.extractors' has no attribute 'NwbRecordingExtractor')
2026-10-04T15:29:32Z WARNING [1634/1807] 42415a3d-7e7e-4bd2-9645-585b340f75e1: leaving unrecorded for a later run to retry.
2026-10-04T15:29:32Z WARNING 4241a8c2-d740-476c-832a-002fe4a3770f: failed while reading the ElectricalSeries rates (AttributeError: module 'spikeinterface.extractors' has no attribute 'NwbRecordingExtractor')
2026-10-04T15:29:32Z WARNING [1635/1807] 4241a8c2-d740-476c-832a-002fe4a3770f: leaving unrecorded for a later run to retry.
2026-10-04T15:29:32Z WARNING 424240f5-373f-4507-a4a7-ecf98c928526: failed while reading the ElectricalSeries rates (AttributeError: module 'spikeinterface.extractors' has no attribute 'NwbRecordingExtractor')
2026-10-04T15:29:32Z WARNING [1636/1807] 424240f5-373f-4507-a4a7-ecf98c928526: leaving unrecorded for a later run to retry.
2026-10-04T15:29:32Z WARNING 42428081-5b88-482f-8395-8b0c5a78e024: failed while reading the ElectricalSeries rates (AttributeError: module 'spikeinterface.extractors' has no attribute 'NwbRecordingExtractor')
2026-10-04T15:29:32Z WARNING [1637/1807] 42428081-5b88-482f-8395-8b0c5a78e024: leaving unrecorded for a later run to retry.
2026-10-04T15:29:33Z WARNING 42429ce0-76f5-481a-b325-d50796a4df92: failed while reading the ElectricalSeries rates (AttributeError: module 'spikeinterface.extractors' has no attribute 'NwbRecordingExtractor')
2026-10-04T15:29:33Z WARNING [1638/1807] 42429ce0-76f5-481a-b325-d50796a4df92: leaving unrecorded for a later run to retry.
2026-10-04T15:29:33Z WARNING 424312e0-3530-4edf-a8b0-52190c419eea: failed while reading the ElectricalSeries rates (AttributeError: module 'spikeinterface.extractors' has no attribute 'NwbRecordingExtractor')
2026-10-04T15:29:33Z WARNING [1639/1807] 424312e0-3530-4edf-a8b0-52190c419eea: leaving unrecorded for a later run to retry.
2026-10-04T15:29:33Z WARNING 42439681-8d15-4277-9e75-9ce21de7a41f: failed while reading the ElectricalSeries rates (AttributeError: module 'spikeinterface.extractors' has no attribute 'NwbRecordingExtractor')
2026-10-04T15:29:33Z WARNING [1640/1807] 42439681-8d15-4277-9e75-9ce21de7a41f: leaving unrecorded for a later run to retry.
2026-10-04T15:29:33Z WARNING 4243d7b8-7e06-4cea-9b52-e5cb29f17cec: failed while reading the ElectricalSeries rates (AttributeError: module 'spikeinterface.extractors' has no attribute 'NwbRecordingExtractor')
2026-10-04T15:29:33Z WARNING [1641/1807] 4243d7b8-7e06-4cea-9b52-e5cb29f17cec: leaving unrecorded for a later run to retry.
2026-10-04T15:29:33Z WARNING 4245314e-7b74-40bc-ad8c-e55458b90378: failed while reading the ElectricalSeries rates (AttributeError: module 'spikeinterface.extractors' has no attribute 'NwbRecordingExtractor')
2026-10-04T15:29:33Z WARNING [1642/1807] 4245314e-7b74-40bc-ad8c-e55458b90378: leaving unrecorded for a later run to retry.
2026-10-04T15:29:33Z WARNING 42455559-b1cb-4cce-82ed-9209953cbed6: failed while reading the ElectricalSeries rates (AttributeError: module 'spikeinterface.extractors' has no attribute 'NwbRecordingExtractor')
2026-10-04T15:29:33Z WARNING [1643/1807] 42455559-b1cb-4cce-82ed-9209953cbed6: leaving unrecorded for a later run to retry.
2026-10-04T15:29:33Z WARNING 424586e1-a1b3-4bdd-b242-67440367e814: failed while reading the ElectricalSeries rates (AttributeError: module 'spikeinterface.extractors' has no attribute 'NwbRecordingExtractor')
2026-10-04T15:29:33Z WARNING [1644/1807] 424586e1-a1b3-4bdd-b242-67440367e814: leaving unrecorded for a later run to retry.
2026-10-04T15:29:34Z WARNING 424706b2-668f-49a1-b4a7-35abb4da4bac: failed while reading the ElectricalSeries rates (AttributeError: module 'spikeinterface.extractors' has no attribute 'NwbRecordingExtractor')
2026-10-04T15:29:34Z WARNING [1645/1807] 424706b2-668f-49a1-b4a7-35abb4da4bac: leaving unrecorded for a later run to retry.
2026-10-04T15:29:34Z WARNING 424727ad-2c5a-415e-af5f-a4cc6612d2b9: failed while reading the ElectricalSeries rates (AttributeError: module 'spikeinterface.extractors' has no attribute 'NwbRecordingExtractor')
2026-10-04T15:29:34Z WARNING [1646/1807] 424727ad-2c5a-415e-af5f-a4cc6612d2b9: leaving unrecorded for a later run to retry.
2026-10-04T15:29:34Z WARNING 42478aee-68ce-482f-b6c8-8137b65f632a: failed while reading the ElectricalSeries rates (AttributeError: module 'spikeinterface.extractors' has no attribute 'NwbRecordingExtractor')
2026-10-04T15:29:34Z WARNING [1647/1807] 42478aee-68ce-482f-b6c8-8137b65f632a: leaving unrecorded for a later run to retry.
2026-10-04T15:29:34Z WARNING 4248161d-386e-4d2e-99f0-50861b4cb483: failed while reading the ElectricalSeries rates (AttributeError: module 'spikeinterface.extractors' has no attribute 'NwbRecordingExtractor')
2026-10-04T15:29:34Z WARNING [1648/1807] 4248161d-386e-4d2e-99f0-50861b4cb483: leaving unrecorded for a later run to retry.
2026-10-04T15:29:34Z WARNING 42481855-fa06-4d66-9d18-2ab0450ff238: failed while reading the ElectricalSeries rates (AttributeError: module 'spikeinterface.extractors' has no attribute 'NwbRecordingExtractor')
2026-10-04T15:29:34Z WARNING [1649/1807] 42481855-fa06-4d66-9d18-2ab0450ff238: leaving unrecorded for a later run to retry.
2026-10-04T15:29:34Z WARNING 4248c9d2-13fa-473d-a9eb-0e2439916931: failed while reading the ElectricalSeries rates (AttributeError: module 'spikeinterface.extractors' has no attribute 'NwbRecordingExtractor')
2026-10-04T15:29:34Z WARNING [1650/1807] 4248c9d2-13fa-473d-a9eb-0e2439916931: leaving unrecorded for a later run to retry.
2026-10-04T15:29:34Z INFO [1650/1807] 4248c9d2-13fa-473d-a9eb-0e2439916931: checkpointed 60602 records.
2026-10-04T15:29:35Z WARNING 42493878-ca4b-4295-ac9e-fb85d5e8db35: failed while reading the ElectricalSeries rates (AttributeError: module 'spikeinterface.extractors' has no attribute 'NwbRecordingExtractor')
2026-10-04T15:29:35Z WARNING [1651/1807] 42493878-ca4b-4295-ac9e-fb85d5e8db35: leaving unrecorded for a later run to retry.
2026-10-04T15:29:35Z WARNING 424a544d-5677-4c08-a0d6-8c8d80b0916b: failed while reading the ElectricalSeries rates (AttributeError: module 'spikeinterface.extractors' has no attribute 'NwbRecordingExtractor')
2026-10-04T15:29:35Z WARNING [1652/1807] 424a544d-5677-4c08-a0d6-8c8d80b0916b: leaving unrecorded for a later run to retry.
2026-10-04T15:29:35Z WARNING 424a70cc-7ef5-4f3b-a032-c04d3d0c6b1d: failed while reading the ElectricalSeries rates (AttributeError: module 'spikeinterface.extractors' has no attribute 'NwbRecordingExtractor')
2026-10-04T15:29:35Z WARNING [1653/1807] 424a70cc-7ef5-4f3b-a032-c04d3d0c6b1d: leaving unrecorded for a later run to retry.
2026-10-04T15:29:35Z WARNING 424b2371-f6b8-4df3-9cb5-108574cbaa65: failed while reading the ElectricalSeries rates (AttributeError: module 'spikeinterface.extractors' has no attribute 'NwbRecordingExtractor')
2026-10-04T15:29:35Z WARNING [1654/1807] 424b2371-f6b8-4df3-9cb5-108574cbaa65: leaving unrecorded for a later run to retry.
2026-10-04T15:29:35Z WARNING 424b69fc-d15d-47f3-8195-44a359c4f606: failed while reading the ElectricalSeries rates (AttributeError: module 'spikeinterface.extractors' has no attribute 'NwbRecordingExtractor')
2026-10-04T15:29:35Z WARNING [1655/1807] 424b69fc-d15d-47f3-8195-44a359c4f606: leaving unrecorded for a later run to retry.
2026-10-04T15:29:35Z WARNING 424c1d6e-fca1-4aad-bfce-a5cbe5144ba9: failed while reading the ElectricalSeries rates (AttributeError: module 'spikeinterface.extractors' has no attribute 'NwbRecordingExtractor')
2026-10-04T15:29:35Z WARNING [1656/1807] 424c1d6e-fca1-4aad-bfce-a5cbe5144ba9: leaving unrecorded for a later run to retry.
2026-10-04T15:29:35Z WARNING 424c607b-e317-48f4-9fb1-6c58d62c1f38: failed while reading the ElectricalSeries rates (AttributeError: module 'spikeinterface.extractors' has no attribute 'NwbRecordingExtractor')
2026-10-04T15:29:35Z WARNING [1657/1807] 424c607b-e317-48f4-9fb1-6c58d62c1f38: leaving unrecorded for a later run to retry.
2026-10-04T15:29:36Z WARNING 424cc5ea-417d-4252-b412-8288c92d3359: failed while reading the ElectricalSeries rates (AttributeError: module 'spikeinterface.extractors' has no attribute 'NwbRecordingExtractor')
2026-10-04T15:29:36Z WARNING [1658/1807] 424cc5ea-417d-4252-b412-8288c92d3359: leaving unrecorded for a later run to retry.
2026-10-04T15:29:36Z WARNING 424edca4-7add-49f8-a7a6-f62f0012bcb5: failed while reading the ElectricalSeries rates (AttributeError: module 'spikeinterface.extractors' has no attribute 'NwbRecordingExtractor')
2026-10-04T15:29:36Z WARNING [1659/1807] 424edca4-7add-49f8-a7a6-f62f0012bcb5: leaving unrecorded for a later run to retry.
2026-10-04T15:29:36Z WARNING 424eef2f-5190-4116-aa5a-85358fe0eed5: failed while reading the ElectricalSeries rates (AttributeError: module 'spikeinterface.extractors' has no attribute 'NwbRecordingExtractor')
2026-10-04T15:29:36Z WARNING [1660/1807] 424eef2f-5190-4116-aa5a-85358fe0eed5: leaving unrecorded for a later run to retry.
2026-10-04T15:29:36Z WARNING 424f2faf-5b8c-4043-af0e-2d8d1e6b03dd: failed while reading the ElectricalSeries rates (AttributeError: module 'spikeinterface.extractors' has no attribute 'NwbRecordingExtractor')
2026-10-04T15:29:36Z WARNING [1661/1807] 424f2faf-5b8c-4043-af0e-2d8d1e6b03dd: leaving unrecorded for a later run to retry.
2026-10-04T15:29:36Z WARNING 424fd27e-1596-4fdc-ba25-75fe3801b9d1: failed while reading the ElectricalSeries rates (AttributeError: module 'spikeinterface.extractors' has no attribute 'NwbRecordingExtractor')
2026-10-04T15:29:36Z WARNING [1662/1807] 424fd27e-1596-4fdc-ba25-75fe3801b9d1: leaving unrecorded for a later run to retry.
2026-10-04T15:29:36Z WARNING 424fd68b-6910-4c7b-b98a-e0573d4b1130: failed while reading the ElectricalSeries rates (AttributeError: module 'spikeinterface.extractors' has no attribute 'NwbRecordingExtractor')
2026-10-04T15:29:36Z WARNING [1663/1807] 424fd68b-6910-4c7b-b98a-e0573d4b1130: leaving unrecorded for a later run to retry.
2026-10-04T15:29:36Z WARNING 4250579f-7f37-4d2b-94fb-7381fcbb6bf9: failed while reading the ElectricalSeries rates (AttributeError: module 'spikeinterface.extractors' has no attribute 'NwbRecordingExtractor')
2026-10-04T15:29:36Z WARNING [1664/1807] 4250579f-7f37-4d2b-94fb-7381fcbb6bf9: leaving unrecorded for a later run to retry.
2026-10-04T15:29:37Z WARNING 4250ac3c-b128-4f33-b4c4-b54bcd020edf: failed while reading the ElectricalSeries rates (AttributeError: module 'spikeinterface.extractors' has no attribute 'NwbRecordingExtractor')
2026-10-04T15:29:37Z WARNING [1665/1807] 4250ac3c-b128-4f33-b4c4-b54bcd020edf: leaving unrecorded for a later run to retry.
2026-10-04T15:29:37Z WARNING 42522294-0a4c-4df2-a8af-581252e27d55: failed while reading the ElectricalSeries rates (AttributeError: module 'spikeinterface.extractors' has no attribute 'NwbRecordingExtractor')
2026-10-04T15:29:37Z WARNING [1666/1807] 42522294-0a4c-4df2-a8af-581252e27d55: leaving unrecorded for a later run to retry.
2026-10-04T15:29:37Z WARNING 4252c7a3-a781-4b4b-b2b7-9b0c6cf0e228: failed while reading the ElectricalSeries rates (AttributeError: module 'spikeinterface.extractors' has no attribute 'NwbRecordingExtractor')
2026-10-04T15:29:37Z WARNING [1667/1807] 4252c7a3-a781-4b4b-b2b7-9b0c6cf0e228: leaving unrecorded for a later run to retry.
2026-10-04T15:29:37Z WARNING 42541b8b-8bd7-4c1e-9dae-12e55405250e: failed while reading the ElectricalSeries rates (AttributeError: module 'spikeinterface.extractors' has no attribute 'NwbRecordingExtractor')
2026-10-04T15:29:37Z WARNING [1668/1807] 42541b8b-8bd7-4c1e-9dae-12e55405250e: leaving unrecorded for a later run to retry.
2026-10-04T15:29:37Z WARNING 4255c687-2c9c-4ffc-83b6-08157b521931: failed while reading the ElectricalSeries rates (AttributeError: module 'spikeinterface.extractors' has no attribute 'NwbRecordingExtractor')
2026-10-04T15:29:37Z WARNING [1669/1807] 4255c687-2c9c-4ffc-83b6-08157b521931: leaving unrecorded for a later run to retry.
2026-10-04T15:29:37Z WARNING 4255d911-06b6-4d4c-a503-4965e0548995: failed while reading the ElectricalSeries rates (AttributeError: module 'spikeinterface.extractors' has no attribute 'NwbRecordingExtractor')
2026-10-04T15:29:37Z WARNING [1670/1807] 4255d911-06b6-4d4c-a503-4965e0548995: leaving unrecorded for a later run to retry.
2026-10-04T15:29:38Z WARNING 42563b8d-bc47-4223-b0f0-51ab8e981cea: failed while reading the ElectricalSeries rates (AttributeError: module 'spikeinterface.extractors' has no attribute 'NwbRecordingExtractor')
2026-10-04T15:29:38Z WARNING [1671/1807] 42563b8d-bc47-4223-b0f0-51ab8e981cea: leaving unrecorded for a later run to retry.
2026-10-04T15:29:38Z WARNING 42564ed0-dba1-4e1a-ad06-f79dd2ddece9: failed while reading the ElectricalSeries rates (AttributeError: module 'spikeinterface.extractors' has no attribute 'NwbRecordingExtractor')
2026-10-04T15:29:38Z WARNING [1672/1807] 42564ed0-dba1-4e1a-ad06-f79dd2ddece9: leaving unrecorded for a later run to retry.
2026-10-04T15:29:38Z WARNING 42570a1d-0c64-4390-8e66-ad9067386827: failed while reading the ElectricalSeries rates (AttributeError: module 'spikeinterface.extractors' has no attribute 'NwbRecordingExtractor')
2026-10-04T15:29:38Z WARNING [1673/1807] 42570a1d-0c64-4390-8e66-ad9067386827: leaving unrecorded for a later run to retry.
2026-10-04T15:29:38Z WARNING 425720b3-e367-484f-847a-a20b91b04eb6: failed while reading the ElectricalSeries rates (AttributeError: module 'spikeinterface.extractors' has no attribute 'NwbRecordingExtractor')
2026-10-04T15:29:38Z WARNING [1674/1807] 425720b3-e367-484f-847a-a20b91b04eb6: leaving unrecorded for a later run to retry.
2026-10-04T15:29:38Z WARNING 42573ef7-bbc0-461e-8194-df8ec8d22bbd: failed while reading the ElectricalSeries rates (AttributeError: module 'spikeinterface.extractors' has no attribute 'NwbRecordingExtractor')
2026-10-04T15:29:38Z WARNING [1675/1807] 42573ef7-bbc0-461e-8194-df8ec8d22bbd: leaving unrecorded for a later run to retry.
2026-10-04T15:29:38Z WARNING 425798d8-10a0-415e-9366-9c4595fcbf98: failed while reading the ElectricalSeries rates (AttributeError: module 'spikeinterface.extractors' has no attribute 'NwbRecordingExtractor')
2026-10-04T15:29:38Z WARNING [1676/1807] 425798d8-10a0-415e-9366-9c4595fcbf98: leaving unrecorded for a later run to retry.
2026-10-04T15:29:38Z WARNING 42579c90-f278-4e58-96a3-06d5e3e7b7eb: failed while reading the ElectricalSeries rates (AttributeError: module 'spikeinterface.extractors' has no attribute 'NwbRecordingExtractor')
2026-10-04T15:29:38Z WARNING [1677/1807] 42579c90-f278-4e58-96a3-06d5e3e7b7eb: leaving unrecorded for a later run to retry.
2026-10-04T15:29:39Z WARNING 4257b710-a228-408b-b96c-c2e4c63e4db2: failed while reading the ElectricalSeries rates (AttributeError: module 'spikeinterface.extractors' has no attribute 'NwbRecordingExtractor')
2026-10-04T15:29:39Z WARNING [1678/1807] 4257b710-a228-408b-b96c-c2e4c63e4db2: leaving unrecorded for a later run to retry.
2026-10-04T15:29:39Z WARNING 4257d15c-9a49-46b1-b8ce-a0b23a4af4a2: failed while reading the ElectricalSeries rates (AttributeError: module 'spikeinterface.extractors' has no attribute 'NwbRecordingExtractor')
2026-10-04T15:29:39Z WARNING [1679/1807] 4257d15c-9a49-46b1-b8ce-a0b23a4af4a2: leaving unrecorded for a later run to retry.
2026-10-04T15:29:39Z WARNING 425909a4-e161-4cf4-a086-bd502e1f5863: failed while reading the ElectricalSeries rates (AttributeError: module 'spikeinterface.extractors' has no attribute 'NwbRecordingExtractor')
2026-10-04T15:29:39Z WARNING [1680/1807] 425909a4-e161-4cf4-a086-bd502e1f5863: leaving unrecorded for a later run to retry.
2026-10-04T15:29:39Z WARNING 425a4c16-7a2c-4ce9-9dd7-b80e11296605: failed while reading the ElectricalSeries rates (AttributeError: module 'spikeinterface.extractors' has no attribute 'NwbRecordingExtractor')
2026-10-04T15:29:39Z WARNING [1681/1807] 425a4c16-7a2c-4ce9-9dd7-b80e11296605: leaving unrecorded for a later run to retry.
2026-10-04T15:29:39Z WARNING 425a99d0-c23f-4176-af4f-ac76de4b12fd: failed while reading the ElectricalSeries rates (AttributeError: module 'spikeinterface.extractors' has no attribute 'NwbRecordingExtractor')
2026-10-04T15:29:39Z WARNING [1682/1807] 425a99d0-c23f-4176-af4f-ac76de4b12fd: leaving unrecorded for a later run to retry.
2026-10-04T15:29:39Z WARNING 425aad55-d400-463c-8b21-cdea9bfadac2: failed while reading the ElectricalSeries rates (AttributeError: module 'spikeinterface.extractors' has no attribute 'NwbRecordingExtractor')
2026-10-04T15:29:39Z WARNING [1683/1807] 425aad55-d400-463c-8b21-cdea9bfadac2: leaving unrecorded for a later run to retry.
2026-10-04T15:29:39Z WARNING 425ab2da-dcfa-48db-9a40-0e05ffefdb57: failed while reading the ElectricalSeries rates (AttributeError: module 'spikeinterface.extractors' has no attribute 'NwbRecordingExtractor')
2026-10-04T15:29:39Z WARNING [1684/1807] 425ab2da-dcfa-48db-9a40-0e05ffefdb57: leaving unrecorded for a later run to retry.
2026-10-04T15:29:40Z WARNING 425b7f01-65c5-4355-a7b7-6820f37869e0: failed while reading the ElectricalSeries rates (AttributeError: module 'spikeinterface.extractors' has no attribute 'NwbRecordingExtractor')
2026-10-04T15:29:40Z WARNING [1685/1807] 425b7f01-65c5-4355-a7b7-6820f37869e0: leaving unrecorded for a later run to retry.
2026-10-04T15:29:40Z WARNING 425c0cd7-1179-44ee-94c5-44335ab35b13: failed while reading the ElectricalSeries rates (AttributeError: module 'spikeinterface.extractors' has no attribute 'NwbRecordingExtractor')
2026-10-04T15:29:40Z WARNING [1686/1807] 425c0cd7-1179-44ee-94c5-44335ab35b13: leaving unrecorded for a later run to retry.
2026-10-04T15:29:40Z WARNING 425cb7f2-03b3-491a-bf53-3f85ea690563: failed while reading the ElectricalSeries rates (AttributeError: module 'spikeinterface.extractors' has no attribute 'NwbRecordingExtractor')
2026-10-04T15:29:40Z WARNING [1687/1807] 425cb7f2-03b3-491a-bf53-3f85ea690563: leaving unrecorded for a later run to retry.
2026-10-04T15:29:40Z WARNING 425cff4d-57e1-4eb2-a7f7-bb3bff8f2cef: failed while reading the ElectricalSeries rates (AttributeError: module 'spikeinterface.extractors' has no attribute 'NwbRecordingExtractor')
2026-10-04T15:29:40Z WARNING [1688/1807] 425cff4d-57e1-4eb2-a7f7-bb3bff8f2cef: leaving unrecorded for a later run to retry.
2026-10-04T15:29:40Z WARNING 425d8c07-dbd8-40ed-ace0-3b7e2afafac7: failed while reading the ElectricalSeries rates (AttributeError: module 'spikeinterface.extractors' has no attribute 'NwbRecordingExtractor')
2026-10-04T15:29:40Z WARNING [1689/1807] 425d8c07-dbd8-40ed-ace0-3b7e2afafac7: leaving unrecorded for a later run to retry.
2026-10-04T15:29:40Z WARNING 425e1ad4-afe4-46d1-b852-5b8de023163b: failed while reading the ElectricalSeries rates (AttributeError: module 'spikeinterface.extractors' has no attribute 'NwbRecordingExtractor')
2026-10-04T15:29:40Z WARNING [1690/1807] 425e1ad4-afe4-46d1-b852-5b8de023163b: leaving unrecorded for a later run to retry.
2026-10-04T15:29:41Z WARNING 425e3809-bf71-4193-a16a-7cd4bb0fc48e: failed while reading the ElectricalSeries rates (AttributeError: module 'spikeinterface.extractors' has no attribute 'NwbRecordingExtractor')
2026-10-04T15:29:41Z WARNING [1691/1807] 425e3809-bf71-4193-a16a-7cd4bb0fc48e: leaving unrecorded for a later run to retry.
2026-10-04T15:29:41Z WARNING 425e71b1-1578-4dbf-b3d7-318743fd1f3b: failed while reading the ElectricalSeries rates (AttributeError: module 'spikeinterface.extractors' has no attribute 'NwbRecordingExtractor')
2026-10-04T15:29:41Z WARNING [1692/1807] 425e71b1-1578-4dbf-b3d7-318743fd1f3b: leaving unrecorded for a later run to retry.
2026-10-04T15:29:41Z WARNING 425f8ccc-e123-4285-96f3-cd52ec248d7b: failed while reading the ElectricalSeries rates (AttributeError: module 'spikeinterface.extractors' has no attribute 'NwbRecordingExtractor')
2026-10-04T15:29:41Z WARNING [1693/1807] 425f8ccc-e123-4285-96f3-cd52ec248d7b: leaving unrecorded for a later run to retry.
2026-10-04T15:29:41Z WARNING 42616ada-99f9-4afc-ab99-28ae25de72d4: failed while reading the ElectricalSeries rates (AttributeError: module 'spikeinterface.extractors' has no attribute 'NwbRecordingExtractor')
2026-10-04T15:29:41Z WARNING [1694/1807] 42616ada-99f9-4afc-ab99-28ae25de72d4: leaving unrecorded for a later run to retry.
2026-10-04T15:29:41Z WARNING 4261b039-8ddd-4ef6-83d4-7858d9a3d19b: failed while reading the ElectricalSeries rates (AttributeError: module 'spikeinterface.extractors' has no attribute 'NwbRecordingExtractor')
2026-10-04T15:29:41Z WARNING [1695/1807] 4261b039-8ddd-4ef6-83d4-7858d9a3d19b: leaving unrecorded for a later run to retry.
2026-10-04T15:29:41Z WARNING 4261de00-275b-455c-abdd-4727d2ff14e2: failed while reading the ElectricalSeries rates (AttributeError: module 'spikeinterface.extractors' has no attribute 'NwbRecordingExtractor')
2026-10-04T15:29:41Z WARNING [1696/1807] 4261de00-275b-455c-abdd-4727d2ff14e2: leaving unrecorded for a later run to retry.
2026-10-04T15:29:41Z WARNING 4261ef95-a161-4055-8633-c40fb3cfcac2: failed while reading the ElectricalSeries rates (AttributeError: module 'spikeinterface.extractors' has no attribute 'NwbRecordingExtractor')
2026-10-04T15:29:41Z WARNING [1697/1807] 4261ef95-a161-4055-8633-c40fb3cfcac2: leaving unrecorded for a later run to retry.
2026-10-04T15:29:42Z WARNING 4262dc98-b8ce-4ab8-901e-83cd2805cd67: failed while reading the ElectricalSeries rates (AttributeError: module 'spikeinterface.extractors' has no attribute 'NwbRecordingExtractor')
2026-10-04T15:29:42Z WARNING [1698/1807] 4262dc98-b8ce-4ab8-901e-83cd2805cd67: leaving unrecorded for a later run to retry.
2026-10-04T15:29:42Z WARNING 42643af9-112b-4798-aa24-79cc474462bb: failed while reading the ElectricalSeries rates (AttributeError: module 'spikeinterface.extractors' has no attribute 'NwbRecordingExtractor')
2026-10-04T15:29:42Z WARNING [1699/1807] 42643af9-112b-4798-aa24-79cc474462bb: leaving unrecorded for a later run to retry.
2026-10-04T15:29:42Z WARNING 426479d0-d50e-4e64-a24b-9b10c427ac39: failed while reading the ElectricalSeries rates (AttributeError: module 'spikeinterface.extractors' has no attribute 'NwbRecordingExtractor')
2026-10-04T15:29:42Z WARNING [1700/1807] 426479d0-d50e-4e64-a24b-9b10c427ac39: leaving unrecorded for a later run to retry.
2026-10-04T15:29:42Z INFO [1700/1807] 426479d0-d50e-4e64-a24b-9b10c427ac39: checkpointed 60602 records.
2026-10-04T15:29:42Z WARNING 42649e7e-b3a0-419c-9c41-1e7c7afe9584: failed while reading the ElectricalSeries rates (AttributeError: module 'spikeinterface.extractors' has no attribute 'NwbRecordingExtractor')
2026-10-04T15:29:42Z WARNING [1701/1807] 42649e7e-b3a0-419c-9c41-1e7c7afe9584: leaving unrecorded for a later run to retry.
2026-10-04T15:29:42Z WARNING 4264f105-f26a-47dd-8cd0-8f3e85e2d40b: failed while reading the ElectricalSeries rates (AttributeError: module 'spikeinterface.extractors' has no attribute 'NwbRecordingExtractor')
2026-10-04T15:29:42Z WARNING [1702/1807] 4264f105-f26a-47dd-8cd0-8f3e85e2d40b: leaving unrecorded for a later run to retry.
2026-10-04T15:29:42Z WARNING 426698c4-6b6c-4c94-bcee-3cff834c4e00: failed while reading the ElectricalSeries rates (AttributeError: module 'spikeinterface.extractors' has no attribute 'NwbRecordingExtractor')
2026-10-04T15:29:42Z WARNING [1703/1807] 426698c4-6b6c-4c94-bcee-3cff834c4e00: leaving unrecorded for a later run to retry.
2026-10-04T15:29:43Z WARNING 426736ac-928b-4a72-be96-3fe6e11efa08: failed while reading the ElectricalSeries rates (AttributeError: module 'spikeinterface.extractors' has no attribute 'NwbRecordingExtractor')
2026-10-04T15:29:43Z WARNING [1704/1807] 426736ac-928b-4a72-be96-3fe6e11efa08: leaving unrecorded for a later run to retry.
2026-10-04T15:29:43Z WARNING 4267d4ac-72b7-4db0-b3e7-76b1d7bb3df4: failed while reading the ElectricalSeries rates (AttributeError: module 'spikeinterface.extractors' has no attribute 'NwbRecordingExtractor')
2026-10-04T15:29:43Z WARNING [1705/1807] 4267d4ac-72b7-4db0-b3e7-76b1d7bb3df4: leaving unrecorded for a later run to retry.
2026-10-04T15:29:43Z WARNING 4267e473-e66f-4a1f-a26f-14e468a8e5f8: failed while reading the ElectricalSeries rates (AttributeError: module 'spikeinterface.extractors' has no attribute 'NwbRecordingExtractor')
2026-10-04T15:29:43Z WARNING [1706/1807] 4267e473-e66f-4a1f-a26f-14e468a8e5f8: leaving unrecorded for a later run to retry.
2026-10-04T15:29:43Z WARNING 42685670-b1bf-41e1-8a13-cbc524d05881: failed while reading the ElectricalSeries rates (AttributeError: module 'spikeinterface.extractors' has no attribute 'NwbRecordingExtractor')
2026-10-04T15:29:43Z WARNING [1707/1807] 42685670-b1bf-41e1-8a13-cbc524d05881: leaving unrecorded for a later run to retry.
2026-10-04T15:29:43Z WARNING 42687429-5436-4ecf-897c-b5e9e0b37b37: failed while reading the ElectricalSeries rates (AttributeError: module 'spikeinterface.extractors' has no attribute 'NwbRecordingExtractor')
2026-10-04T15:29:43Z WARNING [1708/1807] 42687429-5436-4ecf-897c-b5e9e0b37b37: leaving unrecorded for a later run to retry.
2026-10-04T15:29:43Z WARNING 426afcd8-57f1-45e6-9575-045d4d8d73f9: failed while reading the ElectricalSeries rates (AttributeError: module 'spikeinterface.extractors' has no attribute 'NwbRecordingExtractor')
2026-10-04T15:29:43Z WARNING [1709/1807] 426afcd8-57f1-45e6-9575-045d4d8d73f9: leaving unrecorded for a later run to retry.
2026-10-04T15:29:43Z WARNING 426bd113-e2b9-496b-889d-ec4a7dd20663: failed while reading the ElectricalSeries rates (AttributeError: module 'spikeinterface.extractors' has no attribute 'NwbRecordingExtractor')
2026-10-04T15:29:43Z WARNING [1710/1807] 426bd113-e2b9-496b-889d-ec4a7dd20663: leaving unrecorded for a later run to retry.
2026-10-04T15:29:44Z WARNING 426bfaf0-a90f-4dc8-b8d9-fd48fde4fcfe: failed while reading the ElectricalSeries rates (AttributeError: module 'spikeinterface.extractors' has no attribute 'NwbRecordingExtractor')
2026-10-04T15:29:44Z WARNING [1711/1807] 426bfaf0-a90f-4dc8-b8d9-fd48fde4fcfe: leaving unrecorded for a later run to retry.
2026-10-04T15:29:44Z WARNING 426cdabb-2f78-498a-9d30-d856047136da: failed while reading the ElectricalSeries rates (AttributeError: module 'spikeinterface.extractors' has no attribute 'NwbRecordingExtractor')
2026-10-04T15:29:44Z WARNING [1712/1807] 426cdabb-2f78-498a-9d30-d856047136da: leaving unrecorded for a later run to retry.
2026-10-04T15:29:44Z WARNING 426d1b91-2b50-4b14-8d70-420b44347598: failed while reading the ElectricalSeries rates (AttributeError: module 'spikeinterface.extractors' has no attribute 'NwbRecordingExtractor')
2026-10-04T15:29:44Z WARNING [1713/1807] 426d1b91-2b50-4b14-8d70-420b44347598: leaving unrecorded for a later run to retry.
2026-10-04T15:29:44Z WARNING 426d7e24-2d65-4d25-9c31-cade34901d3b: failed while reading the ElectricalSeries rates (AttributeError: module 'spikeinterface.extractors' has no attribute 'NwbRecordingExtractor')
2026-10-04T15:29:44Z WARNING [1714/1807] 426d7e24-2d65-4d25-9c31-cade34901d3b: leaving unrecorded for a later run to retry.
2026-10-04T15:29:44Z WARNING 426dac48-cf1f-4489-8817-dffad68f10a8: failed while reading the ElectricalSeries rates (AttributeError: module 'spikeinterface.extractors' has no attribute 'NwbRecordingExtractor')
2026-10-04T15:29:44Z WARNING [1715/1807] 426dac48-cf1f-4489-8817-dffad68f10a8: leaving unrecorded for a later run to retry.
2026-10-04T15:29:44Z WARNING 426f4e17-731b-4c0b-a01b-c1522c4aa297: failed while reading the ElectricalSeries rates (AttributeError: module 'spikeinterface.extractors' has no attribute 'NwbRecordingExtractor')
2026-10-04T15:29:44Z WARNING [1716/1807] 426f4e17-731b-4c0b-a01b-c1522c4aa297: leaving unrecorded for a later run to retry.
2026-10-04T15:29:45Z WARNING 426f50bf-33c2-45a3-9c8e-d600bf74b937: failed while reading the ElectricalSeries rates (AttributeError: module 'spikeinterface.extractors' has no attribute 'NwbRecordingExtractor')
2026-10-04T15:29:45Z WARNING [1717/1807] 426f50bf-33c2-45a3-9c8e-d600bf74b937: leaving unrecorded for a later run to retry.
2026-10-04T15:29:45Z WARNING 426fc841-41be-407e-9deb-60cbb0512528: failed while reading the ElectricalSeries rates (AttributeError: module 'spikeinterface.extractors' has no attribute 'NwbRecordingExtractor')
2026-10-04T15:29:45Z WARNING [1718/1807] 426fc841-41be-407e-9deb-60cbb0512528: leaving unrecorded for a later run to retry.
2026-10-04T15:29:45Z WARNING 4271c03a-dc70-4864-867b-346fa64bdad5: failed while reading the ElectricalSeries rates (AttributeError: module 'spikeinterface.extractors' has no attribute 'NwbRecordingExtractor')
2026-10-04T15:29:45Z WARNING [1719/1807] 4271c03a-dc70-4864-867b-346fa64bdad5: leaving unrecorded for a later run to retry.
2026-10-04T15:29:45Z WARNING 4271e391-08e8-4178-8df5-ff32fa705c1e: failed while reading the ElectricalSeries rates (AttributeError: module 'spikeinterface.extractors' has no attribute 'NwbRecordingExtractor')
2026-10-04T15:29:45Z WARNING [1720/1807] 4271e391-08e8-4178-8df5-ff32fa705c1e: leaving unrecorded for a later run to retry.
2026-10-04T15:29:45Z WARNING 42739d51-1b9b-4bd5-9638-3b06316ad8d2: failed while reading the ElectricalSeries rates (AttributeError: module 'spikeinterface.extractors' has no attribute 'NwbRecordingExtractor')
2026-10-04T15:29:45Z WARNING [1721/1807] 42739d51-1b9b-4bd5-9638-3b06316ad8d2: leaving unrecorded for a later run to retry.
2026-10-04T15:29:45Z WARNING 42747c5f-0455-4708-85e1-0cecb0b4f4c3: failed while reading the ElectricalSeries rates (AttributeError: module 'spikeinterface.extractors' has no attribute 'NwbRecordingExtractor')
2026-10-04T15:29:45Z WARNING [1722/1807] 42747c5f-0455-4708-85e1-0cecb0b4f4c3: leaving unrecorded for a later run to retry.
2026-10-04T15:29:45Z WARNING 4274d851-b189-454e-8542-7445a7028ec6: failed while reading the ElectricalSeries rates (AttributeError: module 'spikeinterface.extractors' has no attribute 'NwbRecordingExtractor')
2026-10-04T15:29:45Z WARNING [1723/1807] 4274d851-b189-454e-8542-7445a7028ec6: leaving unrecorded for a later run to retry.
2026-10-04T15:29:46Z WARNING 427502af-8928-4ea5-a98d-b746b8866f82: failed while reading the ElectricalSeries rates (AttributeError: module 'spikeinterface.extractors' has no attribute 'NwbRecordingExtractor')
2026-10-04T15:29:46Z WARNING [1724/1807] 427502af-8928-4ea5-a98d-b746b8866f82: leaving unrecorded for a later run to retry.
2026-10-04T15:29:46Z WARNING 42750b1d-feac-46dc-8915-a15520bdffe4: failed while reading the ElectricalSeries rates (AttributeError: module 'spikeinterface.extractors' has no attribute 'NwbRecordingExtractor')
2026-10-04T15:29:46Z WARNING [1725/1807] 42750b1d-feac-46dc-8915-a15520bdffe4: leaving unrecorded for a later run to retry.
2026-10-04T15:29:46Z WARNING 427580fa-716a-4f54-94b8-bca588ed9c02: failed while reading the ElectricalSeries rates (AttributeError: module 'spikeinterface.extractors' has no attribute 'NwbRecordingExtractor')
2026-10-04T15:29:46Z WARNING [1726/1807] 427580fa-716a-4f54-94b8-bca588ed9c02: leaving unrecorded for a later run to retry.
2026-10-04T15:29:46Z WARNING 42758346-b3e6-4a85-9b6a-e04ecaece181: failed while reading the ElectricalSeries rates (AttributeError: module 'spikeinterface.extractors' has no attribute 'NwbRecordingExtractor')
2026-10-04T15:29:46Z WARNING [1727/1807] 42758346-b3e6-4a85-9b6a-e04ecaece181: leaving unrecorded for a later run to retry.
2026-10-04T15:29:46Z WARNING 427843e7-e021-4cbe-8e95-e807a81fb35b: failed while reading the ElectricalSeries rates (AttributeError: module 'spikeinterface.extractors' has no attribute 'NwbRecordingExtractor')
2026-10-04T15:29:46Z WARNING [1728/1807] 427843e7-e021-4cbe-8e95-e807a81fb35b: leaving unrecorded for a later run to retry.
2026-10-04T15:29:46Z WARNING 42796665-7b6b-4e3d-a82d-6c0bf3f6e8e5: failed while reading the ElectricalSeries rates (AttributeError: module 'spikeinterface.extractors' has no attribute 'NwbRecordingExtractor')
2026-10-04T15:29:46Z WARNING [1729/1807] 42796665-7b6b-4e3d-a82d-6c0bf3f6e8e5: leaving unrecorded for a later run to retry.
2026-10-04T15:29:46Z WARNING 427ada90-ed0b-44bb-bb53-bcdd72b2e0da: failed while reading the ElectricalSeries rates (AttributeError: module 'spikeinterface.extractors' has no attribute 'NwbRecordingExtractor')
2026-10-04T15:29:46Z WARNING [1730/1807] 427ada90-ed0b-44bb-bb53-bcdd72b2e0da: leaving unrecorded for a later run to retry.
2026-10-04T15:29:47Z WARNING 427b4f43-9803-41d1-b617-dc7cd2f2833a: failed while reading the ElectricalSeries rates (AttributeError: module 'spikeinterface.extractors' has no attribute 'NwbRecordingExtractor')
2026-10-04T15:29:47Z WARNING [1731/1807] 427b4f43-9803-41d1-b617-dc7cd2f2833a: leaving unrecorded for a later run to retry.
2026-10-04T15:29:47Z WARNING 427c60d8-5acb-414a-9b93-06defc54b930: failed while reading the ElectricalSeries rates (AttributeError: module 'spikeinterface.extractors' has no attribute 'NwbRecordingExtractor')
2026-10-04T15:29:47Z WARNING [1732/1807] 427c60d8-5acb-414a-9b93-06defc54b930: leaving unrecorded for a later run to retry.
2026-10-04T15:29:47Z WARNING 427d60d9-c130-42a1-8116-50ea4c3217c2: failed while reading the ElectricalSeries rates (AttributeError: module 'spikeinterface.extractors' has no attribute 'NwbRecordingExtractor')
2026-10-04T15:29:47Z WARNING [1733/1807] 427d60d9-c130-42a1-8116-50ea4c3217c2: leaving unrecorded for a later run to retry.
2026-10-04T15:29:47Z WARNING 427e9b7d-4009-44c8-8b39-62c374b39e3c: failed while reading the ElectricalSeries rates (AttributeError: module 'spikeinterface.extractors' has no attribute 'NwbRecordingExtractor')
2026-10-04T15:29:47Z WARNING [1734/1807] 427e9b7d-4009-44c8-8b39-62c374b39e3c: leaving unrecorded for a later run to retry.
2026-10-04T15:29:47Z WARNING 427f499c-e5d7-4092-a088-f60bebf28e61: failed while reading the ElectricalSeries rates (AttributeError: module 'spikeinterface.extractors' has no attribute 'NwbRecordingExtractor')
2026-10-04T15:29:47Z WARNING [1735/1807] 427f499c-e5d7-4092-a088-f60bebf28e61: leaving unrecorded for a later run to retry.
2026-10-04T15:29:47Z WARNING 427f72e9-a110-4032-9ab8-ddb13a336fa4: failed while reading the ElectricalSeries rates (AttributeError: module 'spikeinterface.extractors' has no attribute 'NwbRecordingExtractor')
2026-10-04T15:29:47Z WARNING [1736/1807] 427f72e9-a110-4032-9ab8-ddb13a336fa4: leaving unrecorded for a later run to retry.
2026-10-04T15:29:48Z WARNING 42802b3b-bb44-4361-bbca-860342b99aa3: failed while reading the ElectricalSeries rates (AttributeError: module 'spikeinterface.extractors' has no attribute 'NwbRecordingExtractor')
2026-10-04T15:29:48Z WARNING [1737/1807] 42802b3b-bb44-4361-bbca-860342b99aa3: leaving unrecorded for a later run to retry.
2026-10-04T15:29:48Z WARNING 4280cbb9-b0bd-4878-a33f-ebccb4da1ef2: failed while reading the ElectricalSeries rates (AttributeError: module 'spikeinterface.extractors' has no attribute 'NwbRecordingExtractor')
2026-10-04T15:29:48Z WARNING [1738/1807] 4280cbb9-b0bd-4878-a33f-ebccb4da1ef2: leaving unrecorded for a later run to retry.
2026-10-04T15:29:48Z WARNING 4280d0fc-83d1-45d9-b01e-b0c51838e2ee: failed while reading the ElectricalSeries rates (AttributeError: module 'spikeinterface.extractors' has no attribute 'NwbRecordingExtractor')
2026-10-04T15:29:48Z WARNING [1739/1807] 4280d0fc-83d1-45d9-b01e-b0c51838e2ee: leaving unrecorded for a later run to retry.
2026-10-04T15:29:48Z WARNING 4280edf4-3339-4a8e-8d65-f639e913015d: failed while reading the ElectricalSeries rates (AttributeError: module 'spikeinterface.extractors' has no attribute 'NwbRecordingExtractor')
2026-10-04T15:29:48Z WARNING [1740/1807] 4280edf4-3339-4a8e-8d65-f639e913015d: leaving unrecorded for a later run to retry.
2026-10-04T15:29:48Z WARNING 42819e40-2395-4876-a5f1-ba6811459fd0: failed while reading the ElectricalSeries rates (AttributeError: module 'spikeinterface.extractors' has no attribute 'NwbRecordingExtractor')
2026-10-04T15:29:48Z WARNING [1741/1807] 42819e40-2395-4876-a5f1-ba6811459fd0: leaving unrecorded for a later run to retry.
2026-10-04T15:29:48Z WARNING 4281eb92-966a-4077-b8a8-e01814c496d1: failed while reading the ElectricalSeries rates (AttributeError: module 'spikeinterface.extractors' has no attribute 'NwbRecordingExtractor')
2026-10-04T15:29:48Z WARNING [1742/1807] 4281eb92-966a-4077-b8a8-e01814c496d1: leaving unrecorded for a later run to retry.
2026-10-04T15:29:48Z WARNING 42820f69-b6ef-4092-944f-d24d3ebc0b88: failed while reading the ElectricalSeries rates (AttributeError: module 'spikeinterface.extractors' has no attribute 'NwbRecordingExtractor')
2026-10-04T15:29:48Z WARNING [1743/1807] 42820f69-b6ef-4092-944f-d24d3ebc0b88: leaving unrecorded for a later run to retry.
2026-10-04T15:29:49Z WARNING 42825493-6404-4be8-a22d-d146a6eec3ef: failed while reading the ElectricalSeries rates (AttributeError: module 'spikeinterface.extractors' has no attribute 'NwbRecordingExtractor')
2026-10-04T15:29:49Z WARNING [1744/1807] 42825493-6404-4be8-a22d-d146a6eec3ef: leaving unrecorded for a later run to retry.
2026-10-04T15:29:49Z WARNING 42829986-f1b7-443f-8a0d-4f07d43ba759: failed while reading the ElectricalSeries rates (AttributeError: module 'spikeinterface.extractors' has no attribute 'NwbRecordingExtractor')
2026-10-04T15:29:49Z WARNING [1745/1807] 42829986-f1b7-443f-8a0d-4f07d43ba759: leaving unrecorded for a later run to retry.
2026-10-04T15:29:49Z WARNING 428345c4-a58d-4e75-b36d-1e55918736b2: failed while reading the ElectricalSeries rates (AttributeError: module 'spikeinterface.extractors' has no attribute 'NwbRecordingExtractor')
2026-10-04T15:29:49Z WARNING [1746/1807] 428345c4-a58d-4e75-b36d-1e55918736b2: leaving unrecorded for a later run to retry.
2026-10-04T15:29:49Z WARNING 42837bf2-1d06-4b57-9e48-a111ca4438f7: failed while reading the ElectricalSeries rates (AttributeError: module 'spikeinterface.extractors' has no attribute 'NwbRecordingExtractor')
2026-10-04T15:29:49Z WARNING [1747/1807] 42837bf2-1d06-4b57-9e48-a111ca4438f7: leaving unrecorded for a later run to retry.
2026-10-04T15:29:49Z WARNING 4284dcbd-ce2f-45d0-bac2-b7805b4b00ba: failed while reading the ElectricalSeries rates (AttributeError: module 'spikeinterface.extractors' has no attribute 'NwbRecordingExtractor')
2026-10-04T15:29:49Z WARNING [1748/1807] 4284dcbd-ce2f-45d0-bac2-b7805b4b00ba: leaving unrecorded for a later run to retry.
2026-10-04T15:29:49Z WARNING 4285415e-95f1-49b5-934d-06401d22bd1e: failed while reading the ElectricalSeries rates (AttributeError: module 'spikeinterface.extractors' has no attribute 'NwbRecordingExtractor')
2026-10-04T15:29:49Z WARNING [1749/1807] 4285415e-95f1-49b5-934d-06401d22bd1e: leaving unrecorded for a later run to retry.
2026-10-04T15:29:49Z WARNING 42854fcc-65a0-4b3b-a05c-356f2a0b7d05: failed while reading the ElectricalSeries rates (AttributeError: module 'spikeinterface.extractors' has no attribute 'NwbRecordingExtractor')
2026-10-04T15:29:49Z WARNING [1750/1807] 42854fcc-65a0-4b3b-a05c-356f2a0b7d05: leaving unrecorded for a later run to retry.
2026-10-04T15:29:49Z INFO [1750/1807] 42854fcc-65a0-4b3b-a05c-356f2a0b7d05: checkpointed 60602 records.
2026-10-04T15:29:50Z WARNING 428598db-8006-4eb7-9baa-d9f2168c0e14: failed while reading the ElectricalSeries rates (AttributeError: module 'spikeinterface.extractors' has no attribute 'NwbRecordingExtractor')
2026-10-04T15:29:50Z WARNING [1751/1807] 428598db-8006-4eb7-9baa-d9f2168c0e14: leaving unrecorded for a later run to retry.
2026-10-04T15:29:50Z WARNING 4285c7d4-b1ee-4653-af79-bb4707fad686: failed while reading the ElectricalSeries rates (AttributeError: module 'spikeinterface.extractors' has no attribute 'NwbRecordingExtractor')
2026-10-04T15:29:50Z WARNING [1752/1807] 4285c7d4-b1ee-4653-af79-bb4707fad686: leaving unrecorded for a later run to retry.
2026-10-04T15:29:50Z WARNING 42861411-2270-4a17-98e5-a466a6589f7b: failed while reading the ElectricalSeries rates (AttributeError: module 'spikeinterface.extractors' has no attribute 'NwbRecordingExtractor')
2026-10-04T15:29:50Z WARNING [1753/1807] 42861411-2270-4a17-98e5-a466a6589f7b: leaving unrecorded for a later run to retry.
2026-10-04T15:29:50Z WARNING 42863464-aa82-4d7a-9fbf-a299066db0ad: failed while reading the ElectricalSeries rates (AttributeError: module 'spikeinterface.extractors' has no attribute 'NwbRecordingExtractor')
2026-10-04T15:29:50Z WARNING [1754/1807] 42863464-aa82-4d7a-9fbf-a299066db0ad: leaving unrecorded for a later run to retry.
2026-10-04T15:29:50Z WARNING 42869f15-5083-4a44-a2bd-75225e821a3e: failed while reading the ElectricalSeries rates (AttributeError: module 'spikeinterface.extractors' has no attribute 'NwbRecordingExtractor')
2026-10-04T15:29:50Z WARNING [1755/1807] 42869f15-5083-4a44-a2bd-75225e821a3e: leaving unrecorded for a later run to retry.
2026-10-04T15:29:50Z WARNING 4286dcca-5d11-4779-ba4a-7952508f8482: failed while reading the ElectricalSeries rates (AttributeError: module 'spikeinterface.extractors' has no attribute 'NwbRecordingExtractor')
2026-10-04T15:29:50Z WARNING [1756/1807] 4286dcca-5d11-4779-ba4a-7952508f8482: leaving unrecorded for a later run to retry.
2026-10-04T15:29:51Z WARNING 4286fdd3-de2f-41a9-9435-45d623950493: failed while reading the ElectricalSeries rates (AttributeError: module 'spikeinterface.extractors' has no attribute 'NwbRecordingExtractor')
2026-10-04T15:29:51Z WARNING [1757/1807] 4286fdd3-de2f-41a9-9435-45d623950493: leaving unrecorded for a later run to retry.
2026-10-04T15:29:51Z WARNING 428770bc-cc34-412c-815b-05c36ad90885: failed while reading the ElectricalSeries rates (AttributeError: module 'spikeinterface.extractors' has no attribute 'NwbRecordingExtractor')
2026-10-04T15:29:51Z WARNING [1758/1807] 428770bc-cc34-412c-815b-05c36ad90885: leaving unrecorded for a later run to retry.
2026-10-04T15:29:51Z WARNING 4287e37d-dd82-40ad-9858-3c3a1b136a12: failed while reading the ElectricalSeries rates (AttributeError: module 'spikeinterface.extractors' has no attribute 'NwbRecordingExtractor')
2026-10-04T15:29:51Z WARNING [1759/1807] 4287e37d-dd82-40ad-9858-3c3a1b136a12: leaving unrecorded for a later run to retry.
2026-10-04T15:29:51Z WARNING 428823c1-d9ea-4957-975c-a7e38840c889: failed while reading the ElectricalSeries rates (AttributeError: module 'spikeinterface.extractors' has no attribute 'NwbRecordingExtractor')
2026-10-04T15:29:51Z WARNING [1760/1807] 428823c1-d9ea-4957-975c-a7e38840c889: leaving unrecorded for a later run to retry.
2026-10-04T15:29:51Z WARNING 428883d7-fd8e-48b0-b2fc-715ac2055090: failed while reading the ElectricalSeries rates (AttributeError: module 'spikeinterface.extractors' has no attribute 'NwbRecordingExtractor')
2026-10-04T15:29:51Z WARNING [1761/1807] 428883d7-fd8e-48b0-b2fc-715ac2055090: leaving unrecorded for a later run to retry.
2026-10-04T15:29:51Z WARNING 428960c1-477d-497f-a896-2968d7a02035: failed while reading the ElectricalSeries rates (AttributeError: module 'spikeinterface.extractors' has no attribute 'NwbRecordingExtractor')
2026-10-04T15:29:51Z WARNING [1762/1807] 428960c1-477d-497f-a896-2968d7a02035: leaving unrecorded for a later run to retry.
2026-10-04T15:29:51Z WARNING 4289a84e-e088-42fc-993e-cd1b2ec94ea8: failed while reading the ElectricalSeries rates (AttributeError: module 'spikeinterface.extractors' has no attribute 'NwbRecordingExtractor')
2026-10-04T15:29:51Z WARNING [1763/1807] 4289a84e-e088-42fc-993e-cd1b2ec94ea8: leaving unrecorded for a later run to retry.
2026-10-04T15:29:52Z WARNING 428ace64-bdfe-448a-9b64-d5057ce60f06: failed while reading the ElectricalSeries rates (AttributeError: module 'spikeinterface.extractors' has no attribute 'NwbRecordingExtractor')
2026-10-04T15:29:52Z WARNING [1764/1807] 428ace64-bdfe-448a-9b64-d5057ce60f06: leaving unrecorded for a later run to retry.
2026-10-04T15:29:52Z WARNING 428aedfa-d2c5-44bf-a447-5edc1d52fef3: failed while reading the ElectricalSeries rates (AttributeError: module 'spikeinterface.extractors' has no attribute 'NwbRecordingExtractor')
2026-10-04T15:29:52Z WARNING [1765/1807] 428aedfa-d2c5-44bf-a447-5edc1d52fef3: leaving unrecorded for a later run to retry.
2026-10-04T15:29:52Z WARNING 428b9174-54f9-4b52-852c-cd3599d9a0e2: failed while reading the ElectricalSeries rates (AttributeError: module 'spikeinterface.extractors' has no attribute 'NwbRecordingExtractor')
2026-10-04T15:29:52Z WARNING [1766/1807] 428b9174-54f9-4b52-852c-cd3599d9a0e2: leaving unrecorded for a later run to retry.
2026-10-04T15:29:52Z WARNING 428cbd56-b6ae-4663-b543-28316f009617: failed while reading the ElectricalSeries rates (AttributeError: module 'spikeinterface.extractors' has no attribute 'NwbRecordingExtractor')
2026-10-04T15:29:52Z WARNING [1767/1807] 428cbd56-b6ae-4663-b543-28316f009617: leaving unrecorded for a later run to retry.
2026-10-04T15:29:52Z WARNING 428cd4cb-6334-47ae-937f-3eade70d1908: failed while reading the ElectricalSeries rates (AttributeError: module 'spikeinterface.extractors' has no attribute 'NwbRecordingExtractor')
2026-10-04T15:29:52Z WARNING [1768/1807] 428cd4cb-6334-47ae-937f-3eade70d1908: leaving unrecorded for a later run to retry.
2026-10-04T15:29:52Z WARNING 428d1147-1df8-47dd-97cb-8e13e9357758: failed while reading the ElectricalSeries rates (AttributeError: module 'spikeinterface.extractors' has no attribute 'NwbRecordingExtractor')
2026-10-04T15:29:52Z WARNING [1769/1807] 428d1147-1df8-47dd-97cb-8e13e9357758: leaving unrecorded for a later run to retry.
2026-10-04T15:29:52Z WARNING 428d137f-548f-4ec8-bd48-26db8adc2613: failed while reading the ElectricalSeries rates (AttributeError: module 'spikeinterface.extractors' has no attribute 'NwbRecordingExtractor')
2026-10-04T15:29:52Z WARNING [1770/1807] 428d137f-548f-4ec8-bd48-26db8adc2613: leaving unrecorded for a later run to retry.
2026-10-04T15:29:53Z WARNING 428d2333-44c8-473c-bc15-9344ec604ba9: failed while reading the ElectricalSeries rates (AttributeError: module 'spikeinterface.extractors' has no attribute 'NwbRecordingExtractor')
2026-10-04T15:29:53Z WARNING [1771/1807] 428d2333-44c8-473c-bc15-9344ec604ba9: leaving unrecorded for a later run to retry.
2026-10-04T15:29:53Z WARNING 428df188-7668-43fd-89b3-438b1102db44: failed while reading the ElectricalSeries rates (AttributeError: module 'spikeinterface.extractors' has no attribute 'NwbRecordingExtractor')
2026-10-04T15:29:53Z WARNING [1772/1807] 428df188-7668-43fd-89b3-438b1102db44: leaving unrecorded for a later run to retry.
2026-10-04T15:29:53Z WARNING 428e0d37-0ab7-45f0-8194-29b933b20a7e: failed while reading the ElectricalSeries rates (AttributeError: module 'spikeinterface.extractors' has no attribute 'NwbRecordingExtractor')
2026-10-04T15:29:53Z WARNING [1773/1807] 428e0d37-0ab7-45f0-8194-29b933b20a7e: leaving unrecorded for a later run to retry.
2026-10-04T15:29:53Z WARNING 428efa0b-d690-49b8-9462-947caf7c931d: failed while reading the ElectricalSeries rates (AttributeError: module 'spikeinterface.extractors' has no attribute 'NwbRecordingExtractor')
2026-10-04T15:29:53Z WARNING [1774/1807] 428efa0b-d690-49b8-9462-947caf7c931d: leaving unrecorded for a later run to retry.
2026-10-04T15:29:53Z WARNING 42903713-acfe-4d50-84f3-ae9effd9757b: failed while reading the ElectricalSeries rates (AttributeError: module 'spikeinterface.extractors' has no attribute 'NwbRecordingExtractor')
2026-10-04T15:29:53Z WARNING [1775/1807] 42903713-acfe-4d50-84f3-ae9effd9757b: leaving unrecorded for a later run to retry.
2026-10-04T15:29:53Z WARNING 429384ff-f754-45de-8564-608ba3094704: failed while reading the ElectricalSeries rates (AttributeError: module 'spikeinterface.extractors' has no attribute 'NwbRecordingExtractor')
2026-10-04T15:29:53Z WARNING [1776/1807] 429384ff-f754-45de-8564-608ba3094704: leaving unrecorded for a later run to retry.
2026-10-04T15:29:54Z WARNING 4293dcff-9bf4-4773-96ac-b3609fecd38a: failed while reading the ElectricalSeries rates (AttributeError: module 'spikeinterface.extractors' has no attribute 'NwbRecordingExtractor')
2026-10-04T15:29:54Z WARNING [1777/1807] 4293dcff-9bf4-4773-96ac-b3609fecd38a: leaving unrecorded for a later run to retry.
2026-10-04T15:29:54Z WARNING 429495c4-50d2-4774-86fa-e2c929255abb: failed while reading the ElectricalSeries rates (AttributeError: module 'spikeinterface.extractors' has no attribute 'NwbRecordingExtractor')
2026-10-04T15:29:54Z WARNING [1778/1807] 429495c4-50d2-4774-86fa-e2c929255abb: leaving unrecorded for a later run to retry.
2026-10-04T15:29:54Z WARNING 4294c1dc-722f-4dfc-984e-41e1e99740c5: failed while reading the ElectricalSeries rates (AttributeError: module 'spikeinterface.extractors' has no attribute 'NwbRecordingExtractor')
2026-10-04T15:29:54Z WARNING [1779/1807] 4294c1dc-722f-4dfc-984e-41e1e99740c5: leaving unrecorded for a later run to retry.
2026-10-04T15:29:54Z WARNING 4294df3d-c51f-4903-ab49-2f4506cb671c: failed while reading the ElectricalSeries rates (AttributeError: module 'spikeinterface.extractors' has no attribute 'NwbRecordingExtractor')
2026-10-04T15:29:54Z WARNING [1780/1807] 4294df3d-c51f-4903-ab49-2f4506cb671c: leaving unrecorded for a later run to retry.
2026-10-04T15:29:54Z WARNING 4296f506-4d39-4ae1-af31-80b98dcb1cc1: failed while reading the ElectricalSeries rates (AttributeError: module 'spikeinterface.extractors' has no attribute 'NwbRecordingExtractor')
2026-10-04T15:29:54Z WARNING [1781/1807] 4296f506-4d39-4ae1-af31-80b98dcb1cc1: leaving unrecorded for a later run to retry.
2026-10-04T15:29:54Z WARNING 4297a7b0-beea-49fe-b558-14eb4af501b5: failed while reading the ElectricalSeries rates (AttributeError: module 'spikeinterface.extractors' has no attribute 'NwbRecordingExtractor')
2026-10-04T15:29:54Z WARNING [1782/1807] 4297a7b0-beea-49fe-b558-14eb4af501b5: leaving unrecorded for a later run to retry.
2026-10-04T15:29:54Z WARNING 42984c5c-5fb8-4218-af06-eb2992921103: failed while reading the ElectricalSeries rates (AttributeError: module 'spikeinterface.extractors' has no attribute 'NwbRecordingExtractor')
2026-10-04T15:29:54Z WARNING [1783/1807] 42984c5c-5fb8-4218-af06-eb2992921103: leaving unrecorded for a later run to retry.
2026-10-04T15:29:55Z WARNING 42984f4c-5744-46a7-ab62-18f56c85a84f: failed while reading the ElectricalSeries rates (AttributeError: module 'spikeinterface.extractors' has no attribute 'NwbRecordingExtractor')
2026-10-04T15:29:55Z WARNING [1784/1807] 42984f4c-5744-46a7-ab62-18f56c85a84f: leaving unrecorded for a later run to retry.
2026-10-04T15:29:55Z WARNING 4298d99e-900e-4176-8461-cbb298475b3e: failed while reading the ElectricalSeries rates (AttributeError: module 'spikeinterface.extractors' has no attribute 'NwbRecordingExtractor')
2026-10-04T15:29:55Z WARNING [1785/1807] 4298d99e-900e-4176-8461-cbb298475b3e: leaving unrecorded for a later run to retry.
2026-10-04T15:29:55Z WARNING 4298e52e-6e3a-4591-b6eb-7f0fd661236f: failed while reading the ElectricalSeries rates (AttributeError: module 'spikeinterface.extractors' has no attribute 'NwbRecordingExtractor')
2026-10-04T15:29:55Z WARNING [1786/1807] 4298e52e-6e3a-4591-b6eb-7f0fd661236f: leaving unrecorded for a later run to retry.
2026-10-04T15:29:55Z WARNING 4299c480-6337-4b07-9813-a83e7c475c38: failed while reading the ElectricalSeries rates (AttributeError: module 'spikeinterface.extractors' has no attribute 'NwbRecordingExtractor')
2026-10-04T15:29:55Z WARNING [1787/1807] 4299c480-6337-4b07-9813-a83e7c475c38: leaving unrecorded for a later run to retry.
2026-10-04T15:29:55Z WARNING 429a2e11-09c3-4e66-8731-dd3929fe67e5: failed while reading the ElectricalSeries rates (AttributeError: module 'spikeinterface.extractors' has no attribute 'NwbRecordingExtractor')
2026-10-04T15:29:55Z WARNING [1788/1807] 429a2e11-09c3-4e66-8731-dd3929fe67e5: leaving unrecorded for a later run to retry.
2026-10-04T15:29:55Z WARNING 429a9dd2-c6bd-4c49-b14b-b64fb2bdbde8: failed while reading the ElectricalSeries rates (AttributeError: module 'spikeinterface.extractors' has no attribute 'NwbRecordingExtractor')
2026-10-04T15:29:55Z WARNING [1789/1807] 429a9dd2-c6bd-4c49-b14b-b64fb2bdbde8: leaving unrecorded for a later run to retry.
2026-10-04T15:29:56Z WARNING 429aac56-243d-4d8e-8901-9f2c13aafa0f: failed while reading the ElectricalSeries rates (AttributeError: module 'spikeinterface.extractors' has no attribute 'NwbRecordingExtractor')
2026-10-04T15:29:56Z WARNING [1790/1807] 429aac56-243d-4d8e-8901-9f2c13aafa0f: leaving unrecorded for a later run to retry.
2026-10-04T15:29:56Z WARNING 429b9db9-199d-4e02-a9a5-ad088d3fbdc0: failed while reading the ElectricalSeries rates (AttributeError: module 'spikeinterface.extractors' has no attribute 'NwbRecordingExtractor')
2026-10-04T15:29:56Z WARNING [1791/1807] 429b9db9-199d-4e02-a9a5-ad088d3fbdc0: leaving unrecorded for a later run to retry.
2026-10-04T15:29:56Z WARNING 429c52e7-06c3-43ee-ac5d-aabd454e9151: failed while reading the ElectricalSeries rates (AttributeError: module 'spikeinterface.extractors' has no attribute 'NwbRecordingExtractor')
2026-10-04T15:29:56Z WARNING [1792/1807] 429c52e7-06c3-43ee-ac5d-aabd454e9151: leaving unrecorded for a later run to retry.
2026-10-04T15:29:56Z WARNING 429d5017-74b9-40e6-a3c8-f0b0ed10eaaf: failed while reading the ElectricalSeries rates (AttributeError: module 'spikeinterface.extractors' has no attribute 'NwbRecordingExtractor')
2026-10-04T15:29:56Z WARNING [1793/1807] 429d5017-74b9-40e6-a3c8-f0b0ed10eaaf: leaving unrecorded for a later run to retry.
2026-10-04T15:29:56Z WARNING 429e26ba-8574-489d-86eb-3fea6fbde780: failed while reading the ElectricalSeries rates (AttributeError: module 'spikeinterface.extractors' has no attribute 'NwbRecordingExtractor')
2026-10-04T15:29:56Z WARNING [1794/1807] 429e26ba-8574-489d-86eb-3fea6fbde780: leaving unrecorded for a later run to retry.
2026-10-04T15:29:56Z WARNING 429e327a-85cc-4d6e-af06-6a8a5cd0e899: failed while reading the ElectricalSeries rates (AttributeError: module 'spikeinterface.extractors' has no attribute 'NwbRecordingExtractor')
2026-10-04T15:29:56Z WARNING [1795/1807] 429e327a-85cc-4d6e-af06-6a8a5cd0e899: leaving unrecorded for a later run to retry.
2026-10-04T15:29:57Z WARNING 429e4c0a-b50e-45b0-9a27-ab62d194bd8f: failed while reading the ElectricalSeries rates (AttributeError: module 'spikeinterface.extractors' has no attribute 'NwbRecordingExtractor')
2026-10-04T15:29:57Z WARNING [1796/1807] 429e4c0a-b50e-45b0-9a27-ab62d194bd8f: leaving unrecorded for a later run to retry.
2026-10-04T15:29:57Z WARNING 429f4695-bf01-4359-a0d9-3f9b221b95da: failed while reading the ElectricalSeries rates (AttributeError: module 'spikeinterface.extractors' has no attribute 'NwbRecordingExtractor')
2026-10-04T15:29:57Z WARNING [1797/1807] 429f4695-bf01-4359-a0d9-3f9b221b95da: leaving unrecorded for a later run to retry.
2026-10-04T15:29:57Z WARNING 42a0afb6-7604-4d36-9810-09206d07322d: failed while reading the ElectricalSeries rates (AttributeError: module 'spikeinterface.extractors' has no attribute 'NwbRecordingExtractor')
2026-10-04T15:29:57Z WARNING [1798/1807] 42a0afb6-7604-4d36-9810-09206d07322d: leaving unrecorded for a later run to retry.
2026-10-04T15:29:57Z WARNING 42a2338c-91f3-4b7c-b287-f2766dd0efbc: failed while reading the ElectricalSeries rates (AttributeError: module 'spikeinterface.extractors' has no attribute 'NwbRecordingExtractor')
2026-10-04T15:29:57Z WARNING [1799/1807] 42a2338c-91f3-4b7c-b287-f2766dd0efbc: leaving unrecorded for a later run to retry.
2026-10-04T15:29:57Z WARNING 42a30353-a270-4b18-aec2-7d8cdae0b666: failed while reading the ElectricalSeries rates (AttributeError: module 'spikeinterface.extractors' has no attribute 'NwbRecordingExtractor')
2026-10-04T15:29:57Z WARNING [1800/1807] 42a30353-a270-4b18-aec2-7d8cdae0b666: leaving unrecorded for a later run to retry.
2026-10-04T15:29:57Z INFO [1800/1807] 42a30353-a270-4b18-aec2-7d8cdae0b666: checkpointed 60602 records.
2026-10-04T15:29:57Z WARNING 42a3099f-2c04-4693-936d-5deb0b6a79e7: failed while reading the ElectricalSeries rates (AttributeError: module 'spikeinterface.extractors' has no attribute 'NwbRecordingExtractor')
2026-10-04T15:29:57Z WARNING [1801/1807] 42a3099f-2c04-4693-936d-5deb0b6a79e7: leaving unrecorded for a later run to retry.
2026-10-04T15:29:57Z WARNING 42a396fa-96d1-4b4f-a3a1-6d62f119f407: failed while reading the ElectricalSeries rates (AttributeError: module 'spikeinterface.extractors' has no attribute 'NwbRecordingExtractor')
2026-10-04T15:29:57Z WARNING [1802/1807] 42a396fa-96d1-4b4f-a3a1-6d62f119f407: leaving unrecorded for a later run to retry.
2026-10-04T15:29:58Z WARNING 42a3ed44-1826-4369-b8d6-f737134b21c7: failed while reading the ElectricalSeries rates (AttributeError: module 'spikeinterface.extractors' has no attribute 'NwbRecordingExtractor')
2026-10-04T15:29:58Z WARNING [1803/1807] 42a3ed44-1826-4369-b8d6-f737134b21c7: leaving unrecorded for a later run to retry.
2026-10-04T15:29:58Z WARNING 42a4c74c-5e17-4d54-9a84-a3ecd5e67936: failed while reading the ElectricalSeries rates (AttributeError: module 'spikeinterface.extractors' has no attribute 'NwbRecordingExtractor')
2026-10-04T15:29:58Z WARNING [1804/1807] 42a4c74c-5e17-4d54-9a84-a3ecd5e67936: leaving unrecorded for a later run to retry.
2026-10-04T15:29:58Z WARNING 42a4e4ee-fc0c-4db3-8005-b8365b13345a: failed while reading the ElectricalSeries rates (AttributeError: module 'spikeinterface.extractors' has no attribute 'NwbRecordingExtractor')
2026-10-04T15:29:58Z WARNING [1805/1807] 42a4e4ee-fc0c-4db3-8005-b8365b13345a: leaving unrecorded for a later run to retry.
2026-10-04T15:29:58Z WARNING 42a56cab-6483-40c0-980b-8e3e75926ec0: failed while reading the ElectricalSeries rates (AttributeError: module 'spikeinterface.extractors' has no attribute 'NwbRecordingExtractor')
2026-10-04T15:29:58Z WARNING [1806/1807] 42a56cab-6483-40c0-980b-8e3e75926ec0: leaving unrecorded for a later run to retry.
2026-10-04T15:29:58Z WARNING 42a5a0b3-6864-4423-90b8-fb73d300654e: failed while reading the ElectricalSeries rates (AttributeError: module 'spikeinterface.extractors' has no attribute 'NwbRecordingExtractor')
2026-10-04T15:29:58Z WARNING [1807/1807] 42a5a0b3-6864-4423-90b8-fb73d300654e: leaving unrecorded for a later run to retry.
2026-10-04T15:29:58Z INFO Wrote 60602 records to /tmp/derivatives/qualifying_lfp_content_ids.jsonl (0 new, 1807 failed) in 4.8 min (peak memory 220 MiB).
