2026-10-05T18:03:52Z INFO Logging to /tmp/logs/update_2026-10-05T18-03-52Z.log.
2026-10-05T18:03:52Z INFO Update qualifying-lfp-content-ids (base directory /tmp).
2026-10-05T18:03:54Z INFO Processing 3239 items (72143 already recorded).
2026-10-05T18:03:57Z INFO [1/3239] 5aa569a3-6568-45bd-be37-5aaba04a7590: does not qualify; 3.3 s; peak memory 245 MiB.
2026-10-05T18:03:58Z INFO [2/3239] 5aa65be3-54dc-4efd-9eae-08bf51cc747a: does not qualify; 1.2 s; peak memory 245 MiB.
2026-10-05T18:04:00Z INFO [3/3239] 5aa67b79-acff-421a-94b4-b51d689d32ae: does not qualify; 1.7 s; peak memory 245 MiB.
2026-10-05T18:04:01Z INFO [4/3239] 5aa69b5a-7776-4ecb-8723-e8034c9830e6: does not qualify; 0.8 s; peak memory 245 MiB.
2026-10-05T18:04:01Z INFO [5/3239] 5aa69d45-bd1e-45f4-b49e-aa6b3642c489: does not qualify; 0.8 s; peak memory 245 MiB.
2026-10-05T18:04:02Z INFO [6/3239] 5aa75ad4-62e9-4d9f-8b20-fee95c133aa7: does not qualify; 0.4 s; peak memory 245 MiB.
2026-10-05T18:04:02Z INFO [7/3239] 5aa79812-ee5a-4435-aa7d-e8a322a6692b: does not qualify; 0.5 s; peak memory 245 MiB.
2026-10-05T18:04:03Z INFO [8/3239] 5aa7d2c7-2d3a-4831-9869-4a53bf43f617: does not qualify; 0.7 s; peak memory 245 MiB.
2026-10-05T18:04:04Z INFO [9/3239] 5aa823d4-7cac-425b-b73e-525ee9cb691e: does not qualify; 1.0 s; peak memory 245 MiB.
2026-10-05T18:04:11Z INFO [10/3239] 5aa83732-7d7a-4710-b18a-56ac21afb8ed: does not qualify; 7.2 s; peak memory 252 MiB.
2026-10-05T18:04:12Z INFO [11/3239] 5aa95ac6-d0c9-4ddb-be39-ed7ebb4d2f50: does not qualify; 0.8 s; peak memory 252 MiB.
2026-10-05T18:04:13Z INFO [12/3239] 5aaa518d-a825-478e-81ea-9b46c56a0ebe: does not qualify; 0.6 s; peak memory 252 MiB.
2026-10-05T18:04:13Z INFO [13/3239] 5aab2b65-9a47-4060-b19e-24f306441aa4: does not qualify; 0.5 s; peak memory 252 MiB.
2026-10-05T18:04:14Z INFO [14/3239] 5aac86ca-dcf5-4774-90dc-25438da93058: does not qualify; 1.0 s; peak memory 252 MiB.
2026-10-05T18:04:15Z INFO [15/3239] 5aacbbd8-d313-4b8f-8416-4fa1e11b7970: does not qualify; 0.8 s; peak memory 252 MiB.
2026-10-05T18:04:16Z INFO [16/3239] 5aacee16-2ea4-4494-80d5-adf4e7a99783: does not qualify; 0.7 s; peak memory 252 MiB.
2026-10-05T18:04:19Z INFO [17/3239] 5aad4e8f-30d1-42b8-a54f-efbe352f5c48: does not qualify; 3.2 s; peak memory 253 MiB.
2026-10-05T18:04:19Z INFO [18/3239] 5aad77dd-b132-45e6-be49-e54a5d7bb90b: does not qualify; 0.5 s; peak memory 253 MiB.
2026-10-05T18:04:20Z INFO [19/3239] 5aadc9f7-818f-415e-8f17-8b2cf02b78ee: does not qualify; 0.8 s; peak memory 253 MiB.
2026-10-05T18:04:21Z INFO [20/3239] 5aae2e1e-9941-44a9-91a7-79dcca600b93: does not qualify; 0.9 s; peak memory 253 MiB.
2026-10-05T18:04:22Z INFO [21/3239] 5aae6041-dfcc-47a9-a904-0aa268916744: does not qualify; 1.0 s; peak memory 253 MiB.
2026-10-05T18:04:23Z INFO [22/3239] 5aaea9bd-d4aa-47c5-b5be-621e225e250a: does not qualify; 0.9 s; peak memory 253 MiB.
2026-10-05T18:04:24Z INFO [23/3239] 5aaec78f-f63c-4515-a331-e34e6c331cbd: does not qualify; 0.8 s; peak memory 253 MiB.
2026-10-05T18:04:25Z INFO [24/3239] 5aaf2431-af09-45ee-a699-64afeafe776d: does not qualify; 1.2 s; peak memory 253 MiB.
2026-10-05T18:04:26Z INFO [25/3239] 5aaf84cb-cb5c-4149-a37a-0be782f0ce49: does not qualify; 0.8 s; peak memory 253 MiB.
2026-10-05T18:04:31Z INFO [26/3239] 5ab0c168-9154-44d1-abff-e94eb404df6b: does not qualify; 5.1 s; peak memory 261 MiB.
2026-10-05T18:04:32Z INFO [27/3239] 5ab16a29-7ff5-48d1-950e-73796b5e24ef: does not qualify; 1.7 s; peak memory 261 MiB.
2026-10-05T18:04:33Z INFO [28/3239] 5ab221f1-f523-481b-9ee0-be1d5fb30830: does not qualify; 0.7 s; peak memory 261 MiB.
2026-10-05T18:04:34Z INFO [29/3239] 5ab273a7-474a-4d26-a2b0-65cc789b7046: does not qualify; 0.9 s; peak memory 261 MiB.
2026-10-05T18:04:39Z INFO [30/3239] 5ab284a4-7de0-4f06-ae37-2138aec452b0: does not qualify; 5.3 s; peak memory 261 MiB.
2026-10-05T18:04:42Z INFO [31/3239] 5ab2a18e-85a2-4ccf-b6a5-f5759f84673b: does not qualify; 3.2 s; peak memory 261 MiB.
2026-10-05T18:04:43Z INFO [32/3239] 5ab38562-876c-4d20-9659-135edcb08960: does not qualify; 1.0 s; peak memory 261 MiB.
2026-10-05T18:04:44Z INFO [33/3239] 5ab40928-02a2-441c-958b-4dc2c362236d: does not qualify; 1.0 s; peak memory 261 MiB.
2026-10-05T18:04:47Z INFO [34/3239] 5ab43020-c46c-4103-83d0-30d44dd757ea: does not qualify; 2.9 s; peak memory 261 MiB.
2026-10-05T18:04:49Z INFO [35/3239] 5ab4af6f-2976-4e14-ac9e-580353b57b5e: does not qualify; 1.6 s; peak memory 261 MiB.
2026-10-05T18:04:50Z INFO [36/3239] 5ab4b9d5-0696-4c0e-a89b-2e3b12c44222: does not qualify; 0.9 s; peak memory 261 MiB.
2026-10-05T18:04:50Z INFO [37/3239] 5ab50784-2db0-48fe-9f8f-f60966b2c6ba: does not qualify; 0.6 s; peak memory 261 MiB.
2026-10-05T18:04:59Z INFO [38/3239] 5ab5d15f-30f9-4b88-b39e-95bae1e98d08: does not qualify; 8.7 s; peak memory 261 MiB.
2026-10-05T18:05:00Z INFO [39/3239] 5ab64055-0c19-4791-8463-1c2d3cba049a: does not qualify; 0.8 s; peak memory 261 MiB.
2026-10-05T18:05:01Z INFO [40/3239] 5ab6739f-dbee-4a03-a294-515e6b275e7f: does not qualify; 0.7 s; peak memory 261 MiB.
2026-10-05T18:05:01Z INFO [41/3239] 5ab676a1-c036-4ae0-a91f-f59068010204: does not qualify; 0.7 s; peak memory 261 MiB.
2026-10-05T18:05:03Z INFO [42/3239] 5ab6a2b5-0028-421e-84b8-7e34b421b6c0: does not qualify; 1.4 s; peak memory 261 MiB.
2026-10-05T18:05:04Z INFO [43/3239] 5ab6da10-c8b3-4350-ac72-3d04775eddc0: does not qualify; 0.8 s; peak memory 262 MiB.
2026-10-05T18:05:04Z INFO [44/3239] 5ab7eeb8-d007-499e-80e7-e92290b9609a: does not qualify; 0.6 s; peak memory 262 MiB.
2026-10-05T18:05:09Z INFO [45/3239] 5ab849fa-ff53-4565-80ed-6debbff2f8e1: does not qualify; 4.6 s; peak memory 262 MiB.
2026-10-05T18:05:10Z INFO [46/3239] 5ab8c0e5-5aa6-4c8a-ad75-b6306e12d390: does not qualify; 0.8 s; peak memory 262 MiB.
2026-10-05T18:05:10Z INFO [47/3239] 5ab8c7e6-53b9-4770-902e-4e8e571f0bcd: does not qualify; 0.8 s; peak memory 262 MiB.
2026-10-05T18:05:11Z INFO [48/3239] 5ab99512-e9c7-4c2e-81a3-9a18d2532681: does not qualify; 0.9 s; peak memory 262 MiB.
2026-10-05T18:05:12Z INFO [49/3239] 5abb4dbd-1ede-4f3b-a196-560f193ed1a2: does not qualify; 0.8 s; peak memory 262 MiB.
2026-10-05T18:05:13Z INFO [50/3239] 5abb9541-8d9f-472d-8532-cc0dfd6976d1: does not qualify; 0.7 s; peak memory 262 MiB.
2026-10-05T18:05:13Z INFO [50/3239] 5abb9541-8d9f-472d-8532-cc0dfd6976d1: checkpointed 72193 records.
2026-10-05T18:05:14Z INFO [51/3239] 5abbd072-6d0f-4376-b855-ba8e6bae22b9: does not qualify; 0.8 s; peak memory 262 MiB.
2026-10-05T18:05:17Z INFO [52/3239] 5abc0809-2d89-4a88-af40-5bd78fb2e67f: does not qualify; 3.8 s; peak memory 264 MiB.
2026-10-05T18:05:19Z INFO [53/3239] 5abc1921-d3aa-47ac-995d-74715900cf4f: does not qualify; 1.3 s; peak memory 264 MiB.
2026-10-05T18:05:20Z INFO [54/3239] 5abd038c-b5ac-4e25-b6ef-47d08c85d74d: does not qualify; 0.8 s; peak memory 264 MiB.
2026-10-05T18:05:20Z INFO [55/3239] 5abd4863-adc7-41ee-ad65-1f840321979f: does not qualify; 0.5 s; peak memory 264 MiB.
2026-10-05T18:05:21Z INFO [56/3239] 5abd486e-abef-4263-a942-e6a5459042eb: does not qualify; 0.6 s; peak memory 264 MiB.
2026-10-05T18:05:22Z INFO [57/3239] 5abd5776-9f78-4983-8f0d-92bb8824152a: does not qualify; 1.2 s; peak memory 264 MiB.
2026-10-05T18:05:23Z INFO [58/3239] 5abd5e24-0c08-4bb8-9f59-bab054d230d6: does not qualify; 0.8 s; peak memory 264 MiB.
2026-10-05T18:05:23Z INFO [59/3239] 5abd93d3-0cc8-4f14-8ba2-710e07de8fe8: does not qualify; 0.6 s; peak memory 264 MiB.
2026-10-05T18:05:27Z INFO [60/3239] 5abd9f94-9d06-4892-92e0-626e69cebee9: does not qualify; 3.4 s; peak memory 264 MiB.
2026-10-05T18:05:28Z INFO [61/3239] 5abdeae8-e0bf-47a3-b6f6-69be3812a479: does not qualify; 0.8 s; peak memory 264 MiB.
2026-10-05T18:05:28Z INFO [62/3239] 5abfc2c4-7d7e-449a-9697-5e8a59e3aff8: does not qualify; 0.6 s; peak memory 264 MiB.
2026-10-05T18:05:33Z INFO [63/3239] 5ac09a80-cb62-4752-bc05-39469c784ead: does not qualify; 4.9 s; peak memory 307 MiB.
2026-10-05T18:05:34Z INFO [64/3239] 5ac0de63-22b5-4162-8385-10e1aa7df517: does not qualify; 0.8 s; peak memory 307 MiB.
2026-10-05T18:05:35Z INFO [65/3239] 5ac1690c-0d61-49cd-9ef0-3621d2cd6451: does not qualify; 1.0 s; peak memory 307 MiB.
2026-10-05T18:05:35Z INFO [66/3239] 5ac20492-4470-4989-96a6-6e713efb0b24: does not qualify; 0.7 s; peak memory 307 MiB.
2026-10-05T18:05:39Z INFO [67/3239] 5ac21673-c221-449f-a48a-f783ad0e3b9a: does not qualify; 3.8 s; peak memory 307 MiB.
2026-10-05T18:05:40Z INFO [68/3239] 5ac21b94-2b2c-4ba5-b40b-dbbc704f6bd9: does not qualify; 0.5 s; peak memory 307 MiB.
2026-10-05T18:05:40Z INFO [69/3239] 5ac2dcde-10de-4b31-972e-5520c92a7003: does not qualify; 0.6 s; peak memory 307 MiB.
2026-10-05T18:05:41Z INFO [70/3239] 5ac305aa-6be9-454f-b7f9-f4e6ae2175f3: does not qualify; 0.9 s; peak memory 307 MiB.
2026-10-05T18:05:42Z INFO [71/3239] 5ac30e06-24f5-4492-b755-7b0860bbfb70: does not qualify; 0.7 s; peak memory 307 MiB.
2026-10-05T18:05:43Z INFO [72/3239] 5ac48592-4aca-4bf1-8714-ddf7b807a77c: does not qualify; 0.9 s; peak memory 307 MiB.
2026-10-05T18:05:44Z INFO [73/3239] 5ac5a92c-9654-49dd-8fa7-cf35c8ac9697: does not qualify; 1.0 s; peak memory 307 MiB.
2026-10-05T18:05:45Z INFO [74/3239] 5ac6702f-1a2c-4c95-a917-3fcf5f7b4d7e: does not qualify; 0.8 s; peak memory 307 MiB.
2026-10-05T18:05:46Z INFO [75/3239] 5ac6ccb5-b088-4a2d-bcaf-fe43da9b5686: does not qualify; 0.8 s; peak memory 307 MiB.
2026-10-05T18:05:46Z INFO [76/3239] 5ac7755b-c180-4fec-bdc9-070a96e56538: does not qualify; 0.9 s; peak memory 307 MiB.
2026-10-05T18:05:50Z INFO [77/3239] 5ac8fb29-f0ce-4119-a898-323d00552773: does not qualify; 3.8 s; peak memory 307 MiB.
2026-10-05T18:05:51Z INFO [78/3239] 5ac90589-258f-4fdc-9567-b5bfd7055ffd: does not qualify; 0.5 s; peak memory 307 MiB.
2026-10-05T18:05:54Z INFO [79/3239] 5ac98af7-5d8e-4c4f-83a5-7b59125996c3: does not qualify; 3.3 s; peak memory 307 MiB.
2026-10-05T18:05:55Z INFO [80/3239] 5ac9cc9e-99b7-4f44-88de-8ac94a48f585: does not qualify; 0.8 s; peak memory 307 MiB.
2026-10-05T18:05:56Z INFO [81/3239] 5aca41b3-6457-4dc7-a5a6-f7d6b32ffbc7: does not qualify; 0.9 s; peak memory 307 MiB.
2026-10-05T18:05:59Z INFO [82/3239] 5acb547c-56f0-4916-bf04-99f3ff914451: does not qualify; 3.0 s; peak memory 307 MiB.
2026-10-05T18:06:00Z INFO [83/3239] 5acb8161-143e-4132-b6e2-ed5fdfbea5d6: does not qualify; 0.8 s; peak memory 307 MiB.
2026-10-05T18:06:00Z INFO [84/3239] 5acb9a39-af42-42aa-9a13-428e723b9665: does not qualify; 0.9 s; peak memory 307 MiB.
2026-10-05T18:06:02Z INFO [85/3239] 5acc746a-71bb-453f-82da-375d3abbd38d: does not qualify; 1.2 s; peak memory 307 MiB.
2026-10-05T18:06:04Z INFO [86/3239] 5acccda3-1218-4fbd-9668-13c2b2f202b1: does not qualify; 2.3 s; peak memory 307 MiB.
2026-10-05T18:06:04Z INFO [87/3239] 5acce0be-efbb-4a26-8b15-562837804ff6: does not qualify; 0.5 s; peak memory 307 MiB.
2026-10-05T18:06:10Z INFO [88/3239] 5acce877-c324-4ef8-a124-f64eb8d92401: does not qualify; 5.2 s; peak memory 313 MiB.
2026-10-05T18:06:15Z INFO [89/3239] 5acdcc68-e17d-45cb-b810-ee5d9c9636b6: does not qualify; 5.8 s; peak memory 313 MiB.
2026-10-05T18:06:16Z INFO [90/3239] 5ace02a9-3d49-420a-9f7b-9a4ab92ff398: does not qualify; 0.5 s; peak memory 313 MiB.
2026-10-05T18:06:19Z INFO [91/3239] 5acec78a-045e-45ea-866c-a47ad7ee6046: does not qualify; 3.2 s; peak memory 536 MiB.
2026-10-05T18:06:20Z INFO [92/3239] 5ad0c3ff-173f-4657-9238-3f634e845088: does not qualify; 0.8 s; peak memory 536 MiB.
2026-10-05T18:06:21Z INFO [93/3239] 5ad18c27-6e63-4e07-9c83-910c54c499c9: does not qualify; 0.7 s; peak memory 536 MiB.
2026-10-05T18:06:21Z INFO [94/3239] 5ad1bb44-9eaf-417b-a2c0-31db93507de9: does not qualify; 0.8 s; peak memory 536 MiB.
2026-10-05T18:06:22Z INFO [95/3239] 5ad25c02-05b7-477b-938f-cb08feeb0fda: does not qualify; 0.9 s; peak memory 536 MiB.
2026-10-05T18:06:23Z INFO [96/3239] 5ad2bd9f-a68b-401e-9154-bda5d57aa3b7: does not qualify; 1.0 s; peak memory 536 MiB.
2026-10-05T18:06:28Z INFO [97/3239] 5ad32a66-f73c-4ff9-8649-a23d9da4b913: does not qualify; 4.5 s; peak memory 536 MiB.
2026-10-05T18:06:29Z INFO [98/3239] 5ad361bb-ff4b-46b2-a3ba-5dff3d541ffa: does not qualify; 0.8 s; peak memory 536 MiB.
2026-10-05T18:06:29Z INFO [99/3239] 5ad541f1-ca08-4ba7-8597-f073d9344cf0: does not qualify; 0.7 s; peak memory 536 MiB.
2026-10-05T18:06:30Z INFO [100/3239] 5ad564f5-782b-4855-99ad-a21ed32964cc: does not qualify; 0.8 s; peak memory 536 MiB.
2026-10-05T18:06:30Z INFO [100/3239] 5ad564f5-782b-4855-99ad-a21ed32964cc: checkpointed 72243 records.
2026-10-05T18:06:31Z INFO [101/3239] 5ad57f68-9328-4bbc-8bca-86bb89caf5c7: does not qualify; 0.8 s; peak memory 536 MiB.
2026-10-05T18:06:32Z INFO [102/3239] 5ad58827-2155-444e-ac6d-94368396a5d7: does not qualify; 1.2 s; peak memory 536 MiB.
2026-10-05T18:06:36Z INFO [103/3239] 5ad621fc-74bf-4003-81ab-d309d5041189: does not qualify; 3.3 s; peak memory 536 MiB.
2026-10-05T18:06:36Z INFO [104/3239] 5ad6f283-6453-413b-bd96-02656363819b: does not qualify; 0.6 s; peak memory 536 MiB.
2026-10-05T18:06:39Z INFO [105/3239] 5ad791ec-c69a-436b-a99c-26ef5378d1c8: does not qualify; 2.5 s; peak memory 536 MiB.
2026-10-05T18:06:39Z INFO [106/3239] 5ad81ea6-b592-4721-b7ea-23e188a73561: does not qualify; 0.6 s; peak memory 536 MiB.
2026-10-05T18:06:43Z INFO [107/3239] 5ad93294-fb54-48d6-b623-94987ca52328: does not qualify; 3.4 s; peak memory 536 MiB.
2026-10-05T18:06:44Z INFO [108/3239] 5ad9e18c-5eb4-4e5e-a736-b19fdad0816f: does not qualify; 1.2 s; peak memory 536 MiB.
2026-10-05T18:06:45Z INFO [109/3239] 5ada22af-0483-47db-9686-4dcbf8ae7988: does not qualify; 1.5 s; peak memory 536 MiB.
2026-10-05T18:06:46Z INFO [110/3239] 5adb1f88-668a-4ecc-b7b6-d06f65e949a6: does not qualify; 0.6 s; peak memory 536 MiB.
2026-10-05T18:06:46Z INFO [111/3239] 5adc1a10-8c1c-4ebb-9f85-91eb659ca9c3: does not qualify; 0.5 s; peak memory 536 MiB.
2026-10-05T18:06:47Z INFO [112/3239] 5ade3ad9-2f3e-43f1-adbf-48cd40bfb50c: does not qualify; 0.5 s; peak memory 536 MiB.
2026-10-05T18:06:52Z INFO [113/3239] 5adfe256-b3eb-415e-ae8b-e2ef5e044998: does not qualify; 5.1 s; peak memory 536 MiB.
2026-10-05T18:06:53Z INFO [114/3239] 5ae03487-d045-41b9-afa9-7c5f4f554a0c: does not qualify; 0.9 s; peak memory 536 MiB.
2026-10-05T18:06:54Z INFO [115/3239] 5ae0707d-0074-4673-97e5-4e23d1a19598: does not qualify; 0.7 s; peak memory 536 MiB.
2026-10-05T18:06:54Z INFO [116/3239] 5ae0d27e-29df-4e59-b322-90192fc07c14: does not qualify; 0.8 s; peak memory 536 MiB.
2026-10-05T18:06:55Z INFO [117/3239] 5ae13632-7d44-41fb-8627-b68ece966387: does not qualify; 0.5 s; peak memory 536 MiB.
2026-10-05T18:06:56Z INFO [118/3239] 5ae24496-8f78-44f4-b63d-46996f1a83f2: does not qualify; 1.0 s; peak memory 536 MiB.
2026-10-05T18:06:57Z INFO [119/3239] 5ae2eaa9-3f72-4086-bac8-fa0aaf330c50: does not qualify; 0.8 s; peak memory 536 MiB.
2026-10-05T18:06:58Z INFO [120/3239] 5ae398d6-8152-4484-a758-16970b314d40: does not qualify; 1.0 s; peak memory 536 MiB.
2026-10-05T18:06:58Z INFO [121/3239] 5ae4a056-10ed-4040-94e2-f9b06c8b888e: does not qualify; 0.7 s; peak memory 536 MiB.
2026-10-05T18:08:14Z INFO [122/3239] 5ae4a67c-de1a-46a4-ac98-27a5da56fba6: does not qualify; 75.1 s; peak memory 536 MiB.
2026-10-05T18:08:14Z INFO [123/3239] 5ae4de6e-ac13-44ea-95ac-f938adc6766c: does not qualify; 0.9 s; peak memory 536 MiB.
2026-10-05T18:08:15Z INFO [124/3239] 5ae5693b-468c-4b36-8067-00a9cbdad688: does not qualify; 0.9 s; peak memory 536 MiB.
2026-10-05T18:08:16Z INFO [125/3239] 5ae61280-a716-4477-8613-4fb16d8629ef: does not qualify; 0.7 s; peak memory 536 MiB.
2026-10-05T18:08:17Z INFO [126/3239] 5ae6a949-5605-4eda-8c54-bafd513e1b10: does not qualify; 0.9 s; peak memory 536 MiB.
2026-10-05T18:08:19Z INFO [127/3239] 5ae6eee1-46d2-45ce-8a9f-8931e233c68c: does not qualify; 1.8 s; peak memory 536 MiB.
2026-10-05T18:08:23Z INFO [128/3239] 5ae6f097-96d8-4bd6-8e00-ad3b1cc05429: does not qualify; 3.9 s; peak memory 536 MiB.
2026-10-05T18:08:24Z INFO [129/3239] 5ae71ce9-1522-4213-9ff6-244b0c12126a: does not qualify; 1.0 s; peak memory 536 MiB.
2026-10-05T18:08:42Z INFO [130/3239] 5ae7e984-f0f8-42dc-bf99-1858db38245a: does not qualify; 17.9 s; peak memory 536 MiB.
2026-10-05T18:08:42Z INFO [131/3239] 5ae8328e-8865-47d3-a0c8-257acfb85ed9: does not qualify; 0.8 s; peak memory 536 MiB.
2026-10-05T18:08:43Z INFO [132/3239] 5ae832f1-c4b9-4821-8127-6b292ed045ef: does not qualify; 0.7 s; peak memory 536 MiB.
2026-10-05T18:08:45Z INFO [133/3239] 5ae846ff-414f-4b96-aa52-e62cae5de725: does not qualify; 1.7 s; peak memory 536 MiB.
2026-10-05T18:08:45Z INFO [134/3239] 5ae9c396-794a-4b46-a324-a7d291dc0c6f: does not qualify; 0.7 s; peak memory 536 MiB.
2026-10-05T18:08:46Z INFO [135/3239] 5aeb879e-5484-4cff-8e7b-11a3b5a84c0f: does not qualify; 0.6 s; peak memory 536 MiB.
2026-10-05T18:08:47Z INFO [136/3239] 5aebfb68-4692-4216-9762-2a37059ca9d7: does not qualify; 0.6 s; peak memory 536 MiB.
2026-10-05T18:08:47Z INFO [137/3239] 5aec6d6e-bef9-4f57-82e4-afac7793c4c0: does not qualify; 0.7 s; peak memory 536 MiB.
2026-10-05T18:08:48Z INFO [138/3239] 5aed151e-0d53-4e89-9e6c-9d6f06c372fe: does not qualify; 1.0 s; peak memory 536 MiB.
2026-10-05T18:08:49Z INFO [139/3239] 5aee5468-e4d5-43c2-a2bc-7105bba21966: does not qualify; 0.9 s; peak memory 536 MiB.
2026-10-05T18:08:50Z INFO [140/3239] 5aeeb744-6a54-4335-93f3-49fb03d59bed: does not qualify; 1.0 s; peak memory 536 MiB.
2026-10-05T18:08:52Z INFO [141/3239] 5aef382e-c602-4c59-b0fb-824c0a88d87d: does not qualify; 1.5 s; peak memory 536 MiB.
2026-10-05T18:08:53Z INFO [142/3239] 5aefae21-709f-4f45-b9f2-822e811ac74f: does not qualify; 1.1 s; peak memory 536 MiB.
2026-10-05T18:08:54Z INFO [143/3239] 5af00979-0029-4525-a060-d314bc7002ac: does not qualify; 0.7 s; peak memory 536 MiB.
2026-10-05T18:08:59Z INFO [144/3239] 5af02b8a-fdf3-4091-a7a2-ebb4957f10e8: does not qualify; 5.1 s; peak memory 552 MiB.
2026-10-05T18:08:59Z INFO [145/3239] 5af0d5ea-076f-4cf1-8970-c7b69d6f03fb: does not qualify; 0.7 s; peak memory 552 MiB.
2026-10-05T18:09:00Z INFO [146/3239] 5af1301e-c410-4528-b491-47afc7d262e2: does not qualify; 0.7 s; peak memory 552 MiB.
2026-10-05T18:09:01Z INFO [147/3239] 5af15e11-5124-4b31-a0c1-c39967b7697d: does not qualify; 0.9 s; peak memory 552 MiB.
2026-10-05T18:09:02Z INFO [148/3239] 5af3e363-19c2-43ea-96bb-d0c86486546c: does not qualify; 0.7 s; peak memory 552 MiB.
2026-10-05T18:09:03Z INFO [149/3239] 5af4ca69-f063-476d-83fc-50dc1638d68a: does not qualify; 1.1 s; peak memory 552 MiB.
2026-10-05T18:09:04Z INFO [150/3239] 5af5b6b5-2b4c-422f-83fc-8a154761663c: does not qualify; 1.0 s; peak memory 552 MiB.
2026-10-05T18:09:04Z INFO [150/3239] 5af5b6b5-2b4c-422f-83fc-8a154761663c: checkpointed 72293 records.
2026-10-05T18:09:05Z INFO [151/3239] 5af6dbcf-e3c1-4a9c-958f-e29377b4d774: does not qualify; 0.7 s; peak memory 552 MiB.
2026-10-05T18:09:05Z INFO [152/3239] 5af7cb17-2bde-432b-af95-ad2371c719cc: does not qualify; 0.8 s; peak memory 552 MiB.
2026-10-05T18:09:06Z INFO [153/3239] 5af84d4f-1c20-4c64-8f69-06b147dc9ce2: does not qualify; 0.9 s; peak memory 552 MiB.
2026-10-05T18:09:07Z INFO [154/3239] 5af89470-3f79-4dea-aa57-8e57cce72ee3: does not qualify; 0.5 s; peak memory 552 MiB.
2026-10-05T18:09:07Z INFO [155/3239] 5af9d5b2-acc9-4fae-91c4-697b469d4967: does not qualify; 0.6 s; peak memory 552 MiB.
2026-10-05T18:09:11Z INFO [156/3239] 5afa48d1-bbd4-46bf-a655-4b16b9a23581: does not qualify; 4.0 s; peak memory 552 MiB.
2026-10-05T18:09:12Z INFO [157/3239] 5afa7434-febf-4c30-99ca-05ef759e45e3: does not qualify; 0.5 s; peak memory 552 MiB.
2026-10-05T18:09:13Z INFO [158/3239] 5afad8eb-ff86-45dd-a9ef-aaf400ea287b: does not qualify; 0.7 s; peak memory 552 MiB.
2026-10-05T18:09:17Z INFO [159/3239] 5afb65c2-32b1-473d-8cda-76c0f776f1df: does not qualify; 4.2 s; peak memory 552 MiB.
2026-10-05T18:09:17Z INFO [160/3239] 5afb7292-c74c-43bf-9e1d-e4709764eb85: does not qualify; 0.7 s; peak memory 552 MiB.
2026-10-05T18:09:18Z INFO [161/3239] 5afb8f00-deb3-42fb-a1e8-6623b3fc6887: does not qualify; 0.9 s; peak memory 552 MiB.
2026-10-05T18:09:19Z INFO [162/3239] 5afc81ad-1f0b-4158-9188-54f62a1db8b3: does not qualify; 0.6 s; peak memory 552 MiB.
2026-10-05T18:09:20Z INFO [163/3239] 5afc9987-9ec1-430f-a3d8-86a59c0fe59d: does not qualify; 1.3 s; peak memory 552 MiB.
2026-10-05T18:09:21Z INFO [164/3239] 5afcd3b0-cc19-4aeb-84a6-b601fcb80f1e: does not qualify; 1.1 s; peak memory 552 MiB.
2026-10-05T18:09:22Z INFO [165/3239] 5afcf1a1-a340-4593-b490-f415a4f0ec30: does not qualify; 1.2 s; peak memory 552 MiB.
2026-10-05T18:09:23Z INFO [166/3239] 5afcf7a0-57b7-47e2-85e9-020eab1b68ee: does not qualify; 0.9 s; peak memory 552 MiB.
2026-10-05T18:09:24Z INFO [167/3239] 5affefaf-545d-4273-8300-5551da6086c2: does not qualify; 0.9 s; peak memory 552 MiB.
2026-10-05T18:09:25Z INFO [168/3239] 5b00298d-747a-4339-91a9-c8360cec92ee: does not qualify; 0.8 s; peak memory 552 MiB.
2026-10-05T18:09:26Z INFO [169/3239] 5b002b89-9462-40f7-91ee-b822ab438d54: does not qualify; 0.9 s; peak memory 552 MiB.
2026-10-05T18:09:29Z INFO [170/3239] 5b0094ee-9db2-43ab-a459-c70f4d40492e: does not qualify; 3.4 s; peak memory 552 MiB.
2026-10-05T18:09:30Z INFO [171/3239] 5b010701-e746-4f12-bd51-e0923dfbe230: does not qualify; 0.9 s; peak memory 552 MiB.
2026-10-05T18:09:31Z INFO [172/3239] 5b01545a-a93c-4b39-8ae0-7e935c1137b5: does not qualify; 1.0 s; peak memory 552 MiB.
2026-10-05T18:09:32Z INFO [173/3239] 5b017e7e-cec2-4e5b-ae5a-848463ac1660: does not qualify; 1.1 s; peak memory 552 MiB.
2026-10-05T18:09:33Z INFO [174/3239] 5b029a12-c70a-42d8-aad1-b41cc46c2095: does not qualify; 0.7 s; peak memory 552 MiB.
2026-10-05T18:09:34Z INFO [175/3239] 5b02b06a-6a4e-4ee2-a558-9c7f492b7909: does not qualify; 1.1 s; peak memory 552 MiB.
2026-10-05T18:09:35Z INFO [176/3239] 5b02bd0d-fc4f-4338-83da-0c2b45332e5c: does not qualify; 0.4 s; peak memory 552 MiB.
2026-10-05T18:09:35Z INFO [177/3239] 5b05675d-cb4c-4b9a-94bd-30f0e8a93c9a: does not qualify; 0.7 s; peak memory 552 MiB.
2026-10-05T18:09:36Z INFO [178/3239] 5b059297-8dd1-4fb6-8105-68ad227b10da: does not qualify; 0.8 s; peak memory 552 MiB.
2026-10-05T18:09:37Z INFO [179/3239] 5b07000a-d8dc-46fe-a75f-87364d41a8e2: does not qualify; 0.7 s; peak memory 552 MiB.
2026-10-05T18:09:40Z INFO [180/3239] 5b07b30a-464d-4bd1-a422-9e5a56cd1a02: does not qualify; 3.4 s; peak memory 552 MiB.
2026-10-05T18:09:41Z INFO [181/3239] 5b084190-c494-446e-9dd0-16d6e5cd11a5: does not qualify; 0.6 s; peak memory 552 MiB.
2026-10-05T18:09:41Z INFO [182/3239] 5b08b344-b38e-46eb-9404-595cb2dce556: does not qualify; 0.6 s; peak memory 552 MiB.
2026-10-05T18:09:44Z INFO [183/3239] 5b090c45-3907-404f-b0e5-c2f397ada05e: does not qualify; 2.8 s; peak memory 552 MiB.
2026-10-05T18:09:46Z INFO [184/3239] 5b0939b5-338d-47b3-92be-3fc45de5498d: does not qualify; 1.6 s; peak memory 552 MiB.
2026-10-05T18:09:49Z INFO [185/3239] 5b09a2a9-aa00-4ef2-a48c-9b5762074ea1: does not qualify; 3.0 s; peak memory 552 MiB.
2026-10-05T18:09:50Z INFO [186/3239] 5b0a8a4a-4052-4d72-9b1a-cdf9eb0deead: does not qualify; 1.4 s; peak memory 552 MiB.
2026-10-05T18:09:51Z INFO [187/3239] 5b0b0f15-d29a-43cc-9091-fa6d406ec6cd: does not qualify; 0.7 s; peak memory 552 MiB.
2026-10-05T18:09:52Z INFO [188/3239] 5b0b614a-e0dd-4ea4-a480-bdcb1d661af4: does not qualify; 0.6 s; peak memory 552 MiB.
2026-10-05T18:09:55Z INFO [189/3239] 5b0be3d6-e19a-41a8-93a3-520c98077fda: does not qualify; 3.9 s; peak memory 552 MiB.
2026-10-05T18:09:56Z INFO [190/3239] 5b0c3e4b-0522-4e53-ae61-0bf130d98af1: does not qualify; 1.0 s; peak memory 552 MiB.
2026-10-05T18:09:57Z INFO [191/3239] 5b0ca958-022a-45ef-9417-174e4358f9f6: does not qualify; 0.6 s; peak memory 552 MiB.
2026-10-05T18:09:58Z INFO [192/3239] 5b0cc4c0-44b8-4181-923c-a1ba7326ab87: does not qualify; 0.7 s; peak memory 552 MiB.
2026-10-05T18:10:00Z INFO [193/3239] 5b0e2cc6-98c9-493c-ba61-de1d3a9c1aad: does not qualify; 2.7 s; peak memory 552 MiB.
2026-10-05T18:10:01Z INFO [194/3239] 5b0eeaba-acd8-45fa-afbb-0768b79c6f13: does not qualify; 0.6 s; peak memory 552 MiB.
2026-10-05T18:10:02Z INFO [195/3239] 5b100cca-f923-4701-8293-a456192cb059: does not qualify; 0.8 s; peak memory 552 MiB.
2026-10-05T18:10:03Z INFO [196/3239] 5b10c09e-6fcf-4fa2-b09a-93bf853e091f: does not qualify; 0.6 s; peak memory 552 MiB.
2026-10-05T18:10:04Z INFO [197/3239] 5b11119a-c514-4bb2-b151-f5fce12e35f8: qualifies; 1.5 s; peak memory 552 MiB.
2026-10-05T18:10:08Z INFO [198/3239] 5b118e46-5cfc-4189-8b06-bceff89ee1f4: does not qualify; 3.6 s; peak memory 552 MiB.
2026-10-05T18:10:09Z INFO [199/3239] 5b11e2d7-1760-421b-9adc-585f4441b441: qualifies; 1.1 s; peak memory 552 MiB.
2026-10-05T18:10:09Z INFO [200/3239] 5b11f703-a5cb-4662-a790-ddc041b69409: does not qualify; 0.4 s; peak memory 552 MiB.
2026-10-05T18:10:09Z INFO [200/3239] 5b11f703-a5cb-4662-a790-ddc041b69409: checkpointed 72343 records.
2026-10-05T18:10:10Z INFO [201/3239] 5b1291dc-79f3-44de-ada6-46ada59680b3: does not qualify; 0.7 s; peak memory 552 MiB.
2026-10-05T18:10:12Z INFO [202/3239] 5b129d0a-266d-48e3-b97d-f83d37850d2a: does not qualify; 1.7 s; peak memory 552 MiB.
2026-10-05T18:10:15Z INFO [203/3239] 5b12ec02-0557-4640-89f3-595693d56122: does not qualify; 3.6 s; peak memory 552 MiB.
2026-10-05T18:10:16Z INFO [204/3239] 5b13041c-5cb9-48dc-8d72-436d588e09cb: does not qualify; 1.0 s; peak memory 552 MiB.
2026-10-05T18:10:17Z INFO [205/3239] 5b130644-00d0-4284-b32a-9e041335aa71: does not qualify; 1.1 s; peak memory 552 MiB.
2026-10-05T18:10:18Z INFO [206/3239] 5b138e6a-affd-4dd9-b778-05d444259f86: does not qualify; 0.7 s; peak memory 552 MiB.
2026-10-05T18:10:19Z INFO [207/3239] 5b140711-f05b-4206-be59-e719af49fd40: does not qualify; 0.8 s; peak memory 552 MiB.
2026-10-05T18:10:20Z INFO [208/3239] 5b14096a-c112-412d-a53b-e72d791b53a3: does not qualify; 0.7 s; peak memory 552 MiB.
2026-10-05T18:10:21Z INFO [209/3239] 5b148633-4a05-47e9-8278-577bcacb2fbf: does not qualify; 0.8 s; peak memory 552 MiB.
2026-10-05T18:10:21Z INFO [210/3239] 5b1494fb-22c0-4237-a558-e7f2c18b1b46: does not qualify; 0.6 s; peak memory 552 MiB.
2026-10-05T18:10:32Z INFO [211/3239] 5b14cbb5-2d01-4642-867e-a56ea9ad202e: does not qualify; 11.1 s; peak memory 552 MiB.
2026-10-05T18:10:33Z INFO [212/3239] 5b1634d4-60d8-499c-b5b8-496c6ac9e7ec: does not qualify; 0.8 s; peak memory 552 MiB.
2026-10-05T18:10:34Z INFO [213/3239] 5b167890-4f80-47f3-a8cb-ef9b1c9aee5b: does not qualify; 0.7 s; peak memory 552 MiB.
2026-10-05T18:10:37Z INFO [214/3239] 5b16ff5b-2d04-497d-a22e-e2a28906a555: does not qualify; 3.7 s; peak memory 552 MiB.
2026-10-05T18:10:43Z INFO [215/3239] 5b172f1a-3bc9-403b-a0c8-b9e80f5f2b45: does not qualify; 5.3 s; peak memory 552 MiB.
2026-10-05T18:10:54Z INFO [216/3239] 5b179608-14fd-421f-b7bf-da5ae9e3a947: does not qualify; 10.9 s; peak memory 552 MiB.
2026-10-05T18:10:54Z INFO [217/3239] 5b17a8e4-fe64-46ed-9765-bf8c00907a8d: does not qualify; 0.7 s; peak memory 552 MiB.
2026-10-05T18:10:57Z INFO [218/3239] 5b17add7-3430-4c55-903b-6f361625147b: does not qualify; 3.1 s; peak memory 552 MiB.
2026-10-05T18:11:04Z INFO [219/3239] 5b17f653-0980-4a39-8a24-10e08d843eb3: does not qualify; 6.2 s; peak memory 552 MiB.
2026-10-05T18:11:05Z INFO [220/3239] 5b1807ff-be45-4e05-adbc-d352357ea262: does not qualify; 1.1 s; peak memory 552 MiB.
2026-10-05T18:11:05Z INFO [221/3239] 5b193e33-8ec1-4a6f-81be-75d6b790a7f9: does not qualify; 0.6 s; peak memory 552 MiB.
2026-10-05T18:11:06Z INFO [222/3239] 5b19950f-d998-4723-9092-6747d6b02b6c: does not qualify; 0.6 s; peak memory 552 MiB.
2026-10-05T18:11:14Z INFO [223/3239] 5b19a919-88ee-4636-bebf-9eacae0f8d5b: does not qualify; 8.1 s; peak memory 552 MiB.
2026-10-05T18:11:15Z INFO [224/3239] 5b19e142-b682-467a-82aa-f2368b54775c: does not qualify; 0.5 s; peak memory 552 MiB.
2026-10-05T18:11:15Z INFO [225/3239] 5b1a3908-0f32-47d8-aec8-ed83ebe7f64e: does not qualify; 0.8 s; peak memory 552 MiB.
2026-10-05T18:11:19Z INFO [226/3239] 5b1a513d-e161-496c-8d02-737193c5c7bc: does not qualify; 3.3 s; peak memory 552 MiB.
2026-10-05T18:11:19Z INFO [227/3239] 5b1aedb3-4628-46ba-a46d-c574807ad456: does not qualify; 0.6 s; peak memory 552 MiB.
2026-10-05T18:11:20Z INFO [228/3239] 5b1c800f-393f-41f5-b2a8-1a72e8892190: does not qualify; 0.8 s; peak memory 552 MiB.
2026-10-05T18:11:21Z INFO [229/3239] 5b1c882b-2371-40b5-a533-7b1fd474dbc1: does not qualify; 0.7 s; peak memory 552 MiB.
2026-10-05T18:11:24Z INFO [230/3239] 5b1cfba4-a229-41df-bc07-90adbff6afd6: does not qualify; 2.8 s; peak memory 552 MiB.
2026-10-05T18:11:25Z INFO [231/3239] 5b1e1674-46ee-4db4-aecc-8d24a63be784: does not qualify; 1.5 s; peak memory 552 MiB.
2026-10-05T18:11:26Z INFO [232/3239] 5b1e4f63-adac-4334-9691-b239a34f1861: does not qualify; 1.0 s; peak memory 552 MiB.
2026-10-05T18:11:28Z INFO [233/3239] 5b1e8dcd-d8dd-4b17-b514-fea6f97eabb1: does not qualify; 1.5 s; peak memory 552 MiB.
2026-10-05T18:11:28Z INFO [234/3239] 5b1ebbfa-e50d-47df-8fe9-2b92dfcb462c: does not qualify; 0.5 s; peak memory 552 MiB.
2026-10-05T18:11:29Z INFO [235/3239] 5b1f3d1c-b410-44e2-97ed-bd7ae498f233: does not qualify; 0.6 s; peak memory 552 MiB.
2026-10-05T18:11:34Z INFO [236/3239] 5b1fd2a0-054c-4f2e-b2e0-2856675f3c5e: does not qualify; 5.5 s; peak memory 552 MiB.
2026-10-05T18:11:38Z INFO [237/3239] 5b1fdc42-4220-4c2c-b9ee-d3a726cd59cf: does not qualify; 3.3 s; peak memory 552 MiB.
2026-10-05T18:11:38Z INFO [238/3239] 5b201c0b-46ff-4b90-b49c-67724a37694f: does not qualify; 0.7 s; peak memory 552 MiB.
2026-10-05T18:11:39Z INFO [239/3239] 5b218712-c1f3-43e2-b469-0b9a705d0053: does not qualify; 0.7 s; peak memory 552 MiB.
2026-10-05T18:11:42Z INFO [240/3239] 5b21d5ec-8c04-4df8-a9f1-eac83e8a88d8: does not qualify; 3.3 s; peak memory 552 MiB.
2026-10-05T18:11:44Z INFO [241/3239] 5b21e05f-c494-43bb-8493-e197a26021b0: does not qualify; 1.6 s; peak memory 552 MiB.
2026-10-05T18:11:45Z INFO [242/3239] 5b22b2eb-a816-4a89-9558-ed92260f7b73: does not qualify; 0.7 s; peak memory 552 MiB.
2026-10-05T18:11:45Z INFO [243/3239] 5b233661-8692-41e0-b85f-471f94045ec4: does not qualify; 0.6 s; peak memory 552 MiB.
2026-10-05T18:11:52Z INFO [244/3239] 5b2370b2-3dce-464c-bb23-979e308edd88: does not qualify; 6.9 s; peak memory 552 MiB.
2026-10-05T18:11:53Z INFO [245/3239] 5b23ce2d-44b0-4308-84c7-7af4dd92e9e5: does not qualify; 0.8 s; peak memory 552 MiB.
2026-10-05T18:11:54Z INFO [246/3239] 5b23e27e-3035-4b8f-b855-df8d87f88ffe: does not qualify; 0.7 s; peak memory 552 MiB.
2026-10-05T18:11:55Z INFO [247/3239] 5b24f144-8162-4275-98f2-a09ddb75c10f: does not qualify; 1.1 s; peak memory 552 MiB.
2026-10-05T18:11:55Z INFO [248/3239] 5b24fccf-d22d-4227-95ef-befd5a3d6c64: does not qualify; 0.7 s; peak memory 552 MiB.
2026-10-05T18:11:56Z INFO [249/3239] 5b250424-8409-4eae-816b-762c412be016: does not qualify; 0.6 s; peak memory 552 MiB.
2026-10-05T18:11:57Z INFO [250/3239] 5b25c856-6bb9-4c98-9c61-0a331bce58a7: does not qualify; 0.6 s; peak memory 552 MiB.
2026-10-05T18:11:57Z INFO [250/3239] 5b25c856-6bb9-4c98-9c61-0a331bce58a7: checkpointed 72393 records.
2026-10-05T18:11:57Z INFO [251/3239] 5b25dfd2-45c3-4d26-9485-ab97cdf29ac2: does not qualify; 0.5 s; peak memory 552 MiB.
2026-10-05T18:12:00Z INFO [252/3239] 5b26c7ea-cbe1-4b7e-8dc4-5226ccac6837: does not qualify; 2.3 s; peak memory 552 MiB.
2026-10-05T18:12:04Z INFO [253/3239] 5b278cf0-d0c5-416f-8076-bb5519b3fc38: does not qualify; 4.4 s; peak memory 552 MiB.
2026-10-05T18:12:05Z INFO [254/3239] 5b291460-dc3f-4872-9d78-66687ab94742: does not qualify; 0.6 s; peak memory 552 MiB.
2026-10-05T18:12:07Z INFO [255/3239] 5b292910-9290-4f92-b6c5-1a448c012e01: does not qualify; 2.2 s; peak memory 552 MiB.
2026-10-05T18:12:07Z INFO [256/3239] 5b299c88-2c79-4a03-979b-b1bc288f2e21: does not qualify; 0.5 s; peak memory 552 MiB.
2026-10-05T18:12:08Z INFO [257/3239] 5b29a4a8-fb66-4066-acb0-6849917324f9: does not qualify; 0.6 s; peak memory 552 MiB.
2026-10-05T18:12:16Z INFO [258/3239] 5b29a767-df32-4f92-91d8-dc7af5ec126f: does not qualify; 8.4 s; peak memory 552 MiB.
2026-10-05T18:12:17Z INFO [259/3239] 5b29d917-2504-40e8-8d5b-262a5a2186c1: does not qualify; 0.5 s; peak memory 552 MiB.
2026-10-05T18:12:18Z INFO [260/3239] 5b2a1f76-ba01-4d14-89c6-4600c21ae170: does not qualify; 0.7 s; peak memory 552 MiB.
2026-10-05T18:12:19Z INFO [261/3239] 5b2a1fc6-a4c8-456a-99cc-370529107a8e: does not qualify; 1.8 s; peak memory 552 MiB.
2026-10-05T18:12:20Z INFO [262/3239] 5b2bb9e7-216a-4a7a-9410-fa6b84b31c9b: does not qualify; 0.6 s; peak memory 552 MiB.
2026-10-05T18:12:21Z INFO [263/3239] 5b2bcac5-e3ca-416a-86ec-9bb4a0d3526e: does not qualify; 0.9 s; peak memory 552 MiB.
2026-10-05T18:12:22Z INFO [264/3239] 5b2c0413-18d0-4b2d-9b1e-8bd2f7ab509a: does not qualify; 0.7 s; peak memory 552 MiB.
2026-10-05T18:12:22Z INFO [265/3239] 5b2c0b03-d5d0-4711-bccf-5189e92fb2a4: does not qualify; 0.7 s; peak memory 552 MiB.
2026-10-05T18:12:23Z INFO [266/3239] 5b2c56da-9bc4-4fce-a741-3ffecf35d1c6: does not qualify; 0.7 s; peak memory 552 MiB.
2026-10-05T18:12:24Z INFO [267/3239] 5b2da2f3-1e23-4038-876b-2cc6c042e513: does not qualify; 0.6 s; peak memory 552 MiB.
2026-10-05T18:12:24Z INFO [268/3239] 5b2dbf9a-a456-48ef-817d-1a10277537bd: does not qualify; 0.8 s; peak memory 552 MiB.
2026-10-05T18:12:28Z INFO [269/3239] 5b2dcda0-d0e3-4bcc-b1a5-da91e680ef61: does not qualify; 3.9 s; peak memory 557 MiB.
2026-10-05T18:12:30Z INFO [270/3239] 5b2de8c6-b7d9-464d-8642-0c25ec31ad41: does not qualify; 1.4 s; peak memory 557 MiB.
2026-10-05T18:12:33Z INFO [271/3239] 5b2deb06-ad7f-4479-a1bc-a0f36b924ef8: does not qualify; 3.2 s; peak memory 557 MiB.
2026-10-05T18:12:34Z INFO [272/3239] 5b2df091-6f09-4937-9da8-aabff07d12ae: does not qualify; 0.5 s; peak memory 557 MiB.
2026-10-05T18:12:34Z INFO [273/3239] 5b2e3150-9506-41e3-83f7-1e5e8aee9bf2: does not qualify; 0.7 s; peak memory 557 MiB.
2026-10-05T18:12:37Z INFO [274/3239] 5b2ee1c6-fa3a-4e4d-81d4-c70e09ce5198: does not qualify; 3.0 s; peak memory 557 MiB.
2026-10-05T18:12:38Z INFO [275/3239] 5b3024cd-ab90-468b-8b62-16309cff89a8: does not qualify; 0.8 s; peak memory 557 MiB.
2026-10-05T18:12:40Z INFO [276/3239] 5b31c832-816b-475c-b531-27efe35b930b: qualifies; 1.8 s; peak memory 557 MiB.
2026-10-05T18:12:40Z INFO [277/3239] 5b328b5f-e75d-471e-a989-d597c390d11c: does not qualify; 0.6 s; peak memory 557 MiB.
2026-10-05T18:12:41Z INFO [278/3239] 5b329791-cc4b-4f66-882a-646fd38e708f: does not qualify; 0.8 s; peak memory 557 MiB.
2026-10-05T18:12:42Z INFO [279/3239] 5b3362b7-db0d-43fa-9ec0-d15afabb684f: does not qualify; 0.8 s; peak memory 557 MiB.
2026-10-05T18:12:43Z INFO [280/3239] 5b338315-bfc9-426f-9258-d3d44a39fd72: does not qualify; 1.3 s; peak memory 557 MiB.
2026-10-05T18:12:49Z INFO [281/3239] 5b340867-7575-4582-b616-82ba8bffb05a: does not qualify; 5.8 s; peak memory 557 MiB.
2026-10-05T18:12:50Z INFO [282/3239] 5b342963-0540-4acb-a332-851ce30ff095: does not qualify; 0.4 s; peak memory 557 MiB.
2026-10-05T18:12:50Z INFO [283/3239] 5b357ea8-9293-4bc3-b141-39ed506f23c5: does not qualify; 0.5 s; peak memory 557 MiB.
2026-10-05T18:12:53Z INFO [284/3239] 5b3592a4-cdd5-4ec1-a207-aee783008c16: does not qualify; 2.9 s; peak memory 557 MiB.
2026-10-05T18:12:55Z INFO [285/3239] 5b36699c-6c97-4dab-a6e1-b1c4bcdaa300: does not qualify; 1.8 s; peak memory 557 MiB.
2026-10-05T18:12:56Z INFO [286/3239] 5b373c65-0ab3-4e9d-a759-6091bb79ea6c: does not qualify; 1.4 s; peak memory 557 MiB.
2026-10-05T18:12:57Z INFO [287/3239] 5b3801bd-f357-418f-8da6-06bef7b40cc0: does not qualify; 0.8 s; peak memory 557 MiB.
2026-10-05T18:12:58Z INFO [288/3239] 5b3823f7-8da0-4017-bc1c-3435117e6aea: does not qualify; 0.9 s; peak memory 557 MiB.
2026-10-05T18:12:59Z INFO [289/3239] 5b391584-2464-4774-9c7b-1b016747be2b: does not qualify; 0.8 s; peak memory 557 MiB.
2026-10-05T18:12:59Z INFO [290/3239] 5b3927fb-a310-4501-af8f-87938a176cc6: does not qualify; 0.8 s; peak memory 557 MiB.
2026-10-05T18:13:00Z INFO [291/3239] 5b39829e-ea89-4d1e-8677-84218db55da6: does not qualify; 0.9 s; peak memory 557 MiB.
2026-10-05T18:13:01Z INFO [292/3239] 5b398652-6e17-4002-bffe-3e4b2ef1fa7f: does not qualify; 0.6 s; peak memory 557 MiB.
2026-10-05T18:13:05Z INFO [293/3239] 5b3a01de-e1ea-493d-9f48-6068430ebe4d: does not qualify; 4.0 s; peak memory 557 MiB.
2026-10-05T18:13:06Z INFO [294/3239] 5b3a7305-12c4-46d7-b935-aaa3f779b7a9: does not qualify; 1.0 s; peak memory 557 MiB.
2026-10-05T18:13:07Z INFO [295/3239] 5b3a7452-a0d6-4734-9be7-3a709e700b6f: does not qualify; 0.6 s; peak memory 557 MiB.
2026-10-05T18:13:08Z INFO [296/3239] 5b3ad684-97c9-4d8f-bd38-c653e8e61777: does not qualify; 1.7 s; peak memory 557 MiB.
2026-10-05T18:13:09Z INFO [297/3239] 5b3c8c6e-35a4-41df-bb33-f34fc97011a9: does not qualify; 1.1 s; peak memory 557 MiB.
2026-10-05T18:13:14Z INFO [298/3239] 5b3cc0f8-2a6e-4926-bf9c-1f76e70a316c: does not qualify; 4.5 s; peak memory 557 MiB.
2026-10-05T18:13:15Z INFO [299/3239] 5b3cd9af-dcfe-4ac4-9aee-e88895c7b56a: does not qualify; 1.2 s; peak memory 557 MiB.
2026-10-05T18:13:20Z INFO [300/3239] 5b3ce271-e3a8-4767-92cd-0e79b82e99a8: does not qualify; 5.1 s; peak memory 557 MiB.
2026-10-05T18:13:20Z INFO [300/3239] 5b3ce271-e3a8-4767-92cd-0e79b82e99a8: checkpointed 72443 records.
2026-10-05T18:13:21Z INFO [301/3239] 5b3d2170-9244-4068-a3de-619e1e5cac79: does not qualify; 0.7 s; peak memory 557 MiB.
2026-10-05T18:13:22Z INFO [302/3239] 5b3d9300-c37b-4dc4-a96d-283dfa94ec72: does not qualify; 0.8 s; peak memory 557 MiB.
2026-10-05T18:13:24Z INFO [303/3239] 5b3e92dd-baa9-4863-b715-1a684fb7f87b: does not qualify; 2.4 s; peak memory 557 MiB.
2026-10-05T18:13:25Z INFO [304/3239] 5b3f1590-c845-491d-b10c-2fd7f57300c1: does not qualify; 0.7 s; peak memory 557 MiB.
2026-10-05T18:13:26Z INFO [305/3239] 5b3f8282-48dd-4f09-b248-8a2a86288392: does not qualify; 0.8 s; peak memory 557 MiB.
2026-10-05T18:13:27Z INFO [306/3239] 5b404388-9a8e-45dd-b78a-80c51730c017: does not qualify; 1.4 s; peak memory 557 MiB.
2026-10-05T18:13:28Z INFO [307/3239] 5b40f242-6eed-4be8-a023-b63b51383941: does not qualify; 1.4 s; peak memory 557 MiB.
2026-10-05T18:13:29Z INFO [308/3239] 5b414627-e92e-4d95-96ce-8737950a1689: does not qualify; 1.0 s; peak memory 557 MiB.
2026-10-05T18:13:31Z INFO [309/3239] 5b4368bd-ecd6-485b-9b5a-b72a97f53e3a: does not qualify; 1.6 s; peak memory 557 MiB.
2026-10-05T18:13:32Z INFO [310/3239] 5b43a20f-b82f-41ac-8701-428bcc044eac: does not qualify; 0.5 s; peak memory 557 MiB.
2026-10-05T18:13:33Z INFO [311/3239] 5b43d651-066a-4820-838e-9e28dad0e534: does not qualify; 0.9 s; peak memory 557 MiB.
2026-10-05T18:13:33Z INFO [312/3239] 5b43f3b9-d748-411a-8aa0-0944933a4967: does not qualify; 0.6 s; peak memory 557 MiB.
2026-10-05T18:13:34Z INFO [313/3239] 5b4411ee-1295-4d1e-8c2d-e57a114975f5: does not qualify; 0.6 s; peak memory 557 MiB.
2026-10-05T18:13:35Z INFO [314/3239] 5b445b40-dec0-40f3-9d15-453b7a27496c: does not qualify; 1.1 s; peak memory 557 MiB.
2026-10-05T18:13:36Z INFO [315/3239] 5b451d0b-2191-42bc-8000-86f43df2a5e8: does not qualify; 1.3 s; peak memory 557 MiB.
2026-10-05T18:13:38Z INFO [316/3239] 5b456fb2-4bda-47cb-90cb-c7b2df24d742: does not qualify; 1.7 s; peak memory 557 MiB.
2026-10-05T18:13:38Z INFO [317/3239] 5b458acf-c088-4fb3-965b-08499aed0702: does not qualify; 0.6 s; peak memory 557 MiB.
2026-10-05T18:13:42Z INFO [318/3239] 5b469684-976b-4d97-8e5c-f1f8debbf617: does not qualify; 3.9 s; peak memory 557 MiB.
2026-10-05T18:13:43Z INFO [319/3239] 5b46d9b2-b855-47f9-aa8c-8207ed37dbd9: does not qualify; 0.9 s; peak memory 557 MiB.
2026-10-05T18:13:44Z INFO [320/3239] 5b47391a-9e96-489c-960d-f9dc52c4efe5: does not qualify; 0.4 s; peak memory 557 MiB.
2026-10-05T18:13:44Z INFO [321/3239] 5b47418e-6486-48a8-9b8a-7ee5b05cdd5c: does not qualify; 0.7 s; peak memory 557 MiB.
2026-10-05T18:13:50Z INFO [322/3239] 5b4790d2-6ca4-46b6-8d3d-e1e601c48750: does not qualify; 5.9 s; peak memory 557 MiB.
2026-10-05T18:13:53Z INFO [323/3239] 5b4807f3-df47-4345-b234-149aec169b83: does not qualify; 2.7 s; peak memory 557 MiB.
2026-10-05T18:13:58Z INFO [324/3239] 5b492900-7977-4c55-adb4-e7d5fc4ab991: does not qualify; 4.9 s; peak memory 557 MiB.
2026-10-05T18:13:58Z INFO [325/3239] 5b4a3acc-530c-4280-a867-1ecd7d3b56a2: does not qualify; 0.6 s; peak memory 557 MiB.
2026-10-05T18:13:59Z INFO [326/3239] 5b4a3b86-2688-456f-b44b-fabb00314a41: does not qualify; 0.7 s; peak memory 557 MiB.
2026-10-05T18:14:02Z INFO [327/3239] 5b4a8884-2fbe-46e3-bdff-9f213db27a3c: does not qualify; 3.3 s; peak memory 557 MiB.
2026-10-05T18:14:03Z INFO [328/3239] 5b4abba0-8e1d-4712-9b8d-ec1f83748322: does not qualify; 0.6 s; peak memory 557 MiB.
2026-10-05T18:14:07Z INFO [329/3239] 5b4b3fae-90df-4cdc-ae5f-1d049df4b1f1: does not qualify; 3.9 s; peak memory 557 MiB.
2026-10-05T18:14:11Z INFO [330/3239] 5b4b9946-944b-44a9-a97b-6a88fea352cc: does not qualify; 3.9 s; peak memory 557 MiB.
2026-10-05T18:14:12Z INFO [331/3239] 5b4c68ac-1082-44cf-98d5-7106ed887f58: does not qualify; 0.9 s; peak memory 557 MiB.
2026-10-05T18:14:13Z INFO [332/3239] 5b4d3175-9f2a-49e7-bdc8-932fc3cff91c: does not qualify; 0.8 s; peak memory 557 MiB.
2026-10-05T18:14:13Z INFO [333/3239] 5b4d443f-2094-4585-8b1d-d2087bbfe9a5: does not qualify; 0.4 s; peak memory 557 MiB.
2026-10-05T18:14:14Z INFO [334/3239] 5b4d7d2c-2107-49fc-8364-71d14fa05354: does not qualify; 0.8 s; peak memory 557 MiB.
2026-10-05T18:14:15Z INFO [335/3239] 5b4e862a-05de-4c74-bcb2-17aa863c09c9: does not qualify; 0.8 s; peak memory 557 MiB.
2026-10-05T18:14:22Z INFO [336/3239] 5b50769c-3332-4bed-adbb-89ac233e91da: does not qualify; 7.5 s; peak memory 557 MiB.
2026-10-05T18:14:23Z INFO [337/3239] 5b508eb5-28c8-4f42-b19a-922ea8d9761c: does not qualify; 0.7 s; peak memory 557 MiB.
2026-10-05T18:14:23Z INFO [338/3239] 5b50d985-aa06-46b6-94e9-237eae782f11: does not qualify; 0.7 s; peak memory 557 MiB.
2026-10-05T18:14:24Z INFO [339/3239] 5b5251a4-daae-444b-8c75-a8fc875ed735: does not qualify; 0.7 s; peak memory 557 MiB.
2026-10-05T18:14:26Z INFO [340/3239] 5b5272bf-a6ee-45ee-8d0b-4b99a2b801c2: does not qualify; 1.7 s; peak memory 557 MiB.
2026-10-05T18:14:27Z INFO [341/3239] 5b538f3a-8564-428d-8d4e-95be1f238f3f: does not qualify; 0.6 s; peak memory 557 MiB.
2026-10-05T18:14:28Z INFO [342/3239] 5b53a671-f60f-452f-a9e2-aa72d2caddef: does not qualify; 1.9 s; peak memory 557 MiB.
2026-10-05T18:14:29Z INFO [343/3239] 5b53a9ef-cfa7-49da-ba1a-9adc65030ed4: does not qualify; 0.9 s; peak memory 557 MiB.
2026-10-05T18:14:30Z INFO [344/3239] 5b541d4a-7693-417e-9697-5b6049cd0f99: does not qualify; 0.7 s; peak memory 557 MiB.
2026-10-05T18:14:31Z INFO [345/3239] 5b544544-dad2-4070-93b3-c327c6ca1ed2: does not qualify; 0.7 s; peak memory 557 MiB.
2026-10-05T18:14:36Z INFO [346/3239] 5b547759-0368-47ff-abab-82cc7f8b7455: does not qualify; 5.0 s; peak memory 557 MiB.
2026-10-05T18:14:37Z INFO [347/3239] 5b549cc5-4e75-4686-8118-b47abd824741: does not qualify; 1.3 s; peak memory 557 MiB.
2026-10-05T18:14:37Z INFO [348/3239] 5b567faf-c1db-4998-951a-388a45f7b065: does not qualify; 0.5 s; peak memory 557 MiB.
2026-10-05T18:14:38Z INFO [349/3239] 5b569291-d884-4877-a4e3-cf90e0ad6b40: does not qualify; 0.5 s; peak memory 557 MiB.
2026-10-05T18:14:39Z INFO [350/3239] 5b56de0c-3038-430a-a36e-b6d77b6e4917: does not qualify; 1.0 s; peak memory 557 MiB.
2026-10-05T18:14:39Z INFO [350/3239] 5b56de0c-3038-430a-a36e-b6d77b6e4917: checkpointed 72493 records.
2026-10-05T18:14:40Z INFO [351/3239] 5b574018-4d28-49ca-a938-611819012f00: does not qualify; 0.5 s; peak memory 557 MiB.
2026-10-05T18:14:40Z INFO [352/3239] 5b57830f-67ae-4d08-9c60-52b982352e4f: does not qualify; 0.8 s; peak memory 557 MiB.
2026-10-05T18:14:41Z INFO [353/3239] 5b58d257-759d-4b61-89b1-bb3d85ca35ed: does not qualify; 0.6 s; peak memory 557 MiB.
2026-10-05T18:14:42Z INFO [354/3239] 5b5964a4-09f1-4679-a3e5-eb90b02d9dc8: does not qualify; 0.6 s; peak memory 557 MiB.
2026-10-05T18:14:42Z INFO [355/3239] 5b5969cf-e949-4042-b669-75cddad1ab4c: does not qualify; 0.7 s; peak memory 557 MiB.
2026-10-05T18:14:43Z INFO [356/3239] 5b599ebf-23f4-4706-963b-89f1915efa0e: does not qualify; 0.8 s; peak memory 557 MiB.
2026-10-05T18:14:44Z INFO [357/3239] 5b59a12e-1b4e-4942-82db-3891655bd9ce: does not qualify; 0.8 s; peak memory 557 MiB.
2026-10-05T18:14:46Z INFO [358/3239] 5b59e5c7-10f5-4e43-b36b-7aa05f6921b0: does not qualify; 2.5 s; peak memory 557 MiB.
2026-10-05T18:14:47Z INFO [359/3239] 5b59f177-41da-4527-ae4d-dc158a8cb965: does not qualify; 0.8 s; peak memory 557 MiB.
2026-10-05T18:14:49Z INFO [360/3239] 5b5a0181-89b3-4b41-a24e-ea5d37448817: does not qualify; 1.4 s; peak memory 557 MiB.
2026-10-05T18:14:49Z INFO [361/3239] 5b5a4dc9-b07d-4431-a4f2-9a3b2b92dd6d: does not qualify; 0.7 s; peak memory 557 MiB.
2026-10-05T18:14:51Z INFO [362/3239] 5b5a9b08-476c-4767-88ba-bd867e791f7c: does not qualify; 1.6 s; peak memory 557 MiB.
2026-10-05T18:14:51Z INFO [363/3239] 5b5b3355-812a-4609-aaab-3719c8ec2904: does not qualify; 0.4 s; peak memory 557 MiB.
2026-10-05T18:14:52Z INFO [364/3239] 5b5e4ba1-17c3-41ad-b3a9-aac0292d0234: does not qualify; 0.7 s; peak memory 557 MiB.
2026-10-05T18:14:54Z INFO [365/3239] 5b5ec88a-78a4-40ea-8a8a-296db145ae56: does not qualify; 1.9 s; peak memory 557 MiB.
2026-10-05T18:14:55Z INFO [366/3239] 5b5ed350-024b-4307-9632-5e862899ce53: does not qualify; 0.8 s; peak memory 557 MiB.
2026-10-05T18:14:55Z INFO [367/3239] 5b5f4ffc-8844-4315-bbc7-b2ff4e9ee1e5: does not qualify; 0.7 s; peak memory 557 MiB.
2026-10-05T18:14:56Z INFO [368/3239] 5b5fba28-561c-4682-8fff-dd119bd69a25: does not qualify; 0.5 s; peak memory 557 MiB.
2026-10-05T18:14:57Z INFO [369/3239] 5b60f015-d489-48fd-a126-2c9a6b2dcc20: does not qualify; 0.8 s; peak memory 557 MiB.
2026-10-05T18:14:58Z INFO [370/3239] 5b60f118-7a7b-4b61-93ce-4467642af64d: does not qualify; 1.1 s; peak memory 557 MiB.
2026-10-05T18:15:01Z INFO [371/3239] 5b61c13f-1167-47ba-97b4-e8c752404f0e: does not qualify; 3.3 s; peak memory 557 MiB.
2026-10-05T18:15:02Z INFO [372/3239] 5b61c9f2-fa8a-4f51-a12b-a8e04b9ece94: does not qualify; 0.7 s; peak memory 557 MiB.
2026-10-05T18:15:02Z INFO [373/3239] 5b61fe4f-0094-4452-b794-bdf86d19590d: does not qualify; 0.7 s; peak memory 557 MiB.
2026-10-05T18:15:04Z INFO [374/3239] 5b629a97-e697-4bc7-abeb-147353e55e51: does not qualify; 1.3 s; peak memory 557 MiB.
2026-10-05T18:15:07Z INFO [375/3239] 5b629e06-f3d1-4b96-84b5-311e1015d05d: does not qualify; 3.7 s; peak memory 667 MiB.
2026-10-05T18:15:09Z INFO [376/3239] 5b636646-d4d7-49fc-8b7b-6a79859697c2: does not qualify; 1.7 s; peak memory 667 MiB.
2026-10-05T18:15:10Z INFO [377/3239] 5b647726-95f6-4aef-88fc-3a54d33301c3: does not qualify; 1.3 s; peak memory 667 MiB.
2026-10-05T18:15:11Z INFO [378/3239] 5b64ebd4-d24b-4bca-a12a-d6a55f68cacd: does not qualify; 0.5 s; peak memory 667 MiB.
2026-10-05T18:15:12Z INFO [379/3239] 5b655586-9d87-46d7-9a3c-633747bfaf79: does not qualify; 1.0 s; peak memory 667 MiB.
2026-10-05T18:15:13Z INFO [380/3239] 5b655789-4790-48b6-b952-c4447959f8eb: does not qualify; 0.8 s; peak memory 667 MiB.
2026-10-05T18:15:14Z INFO [381/3239] 5b662328-2a95-4c95-b8d7-9f64a7340c24: does not qualify; 0.9 s; peak memory 667 MiB.
2026-10-05T18:15:14Z INFO [382/3239] 5b67e80d-9d26-40ff-b4ea-ea7ac94fb6ef: does not qualify; 0.8 s; peak memory 667 MiB.
2026-10-05T18:15:16Z INFO [383/3239] 5b68450f-0b90-4cfc-8705-63841428b74b: does not qualify; 1.5 s; peak memory 667 MiB.
2026-10-05T18:15:24Z INFO [384/3239] 5b69a4a1-1040-4ae7-a25c-64caf4e1da31: does not qualify; 7.7 s; peak memory 667 MiB.
2026-10-05T18:15:25Z INFO [385/3239] 5b6a1e53-26f9-4b1a-89ff-e9a556fcc57f: does not qualify; 0.9 s; peak memory 667 MiB.
2026-10-05T18:15:26Z INFO [386/3239] 5b6b2d46-c56e-4df7-a551-b7337eb9b36a: does not qualify; 1.2 s; peak memory 667 MiB.
2026-10-05T18:15:29Z INFO [387/3239] 5b6c2cb1-a610-4e2c-b109-628d5395013c: does not qualify; 3.5 s; peak memory 667 MiB.
2026-10-05T18:15:30Z INFO [388/3239] 5b6c4d82-b1db-49d1-93c2-6cb0eb075dd5: does not qualify; 1.2 s; peak memory 667 MiB.
2026-10-05T18:15:32Z INFO [389/3239] 5b6c805f-ef3b-4f7d-ac4f-187698630468: qualifies; 1.2 s; peak memory 667 MiB.
2026-10-05T18:15:32Z INFO [390/3239] 5b6ce32a-1155-4223-8380-62cb823f90dc: does not qualify; 0.7 s; peak memory 667 MiB.
2026-10-05T18:15:37Z INFO [391/3239] 5b6e2fdd-84ef-468d-a492-270f897c2f27: does not qualify; 4.5 s; peak memory 667 MiB.
2026-10-05T18:15:38Z INFO [392/3239] 5b6e4cbd-4624-40c8-b629-6858acd47a23: does not qualify; 0.9 s; peak memory 667 MiB.
2026-10-05T18:15:38Z INFO [393/3239] 5b6e80b4-3642-4914-8a36-e28ea8045b73: does not qualify; 0.8 s; peak memory 667 MiB.
2026-10-05T18:15:40Z INFO [394/3239] 5b703269-dcce-428b-ac7c-723c6edcaa78: does not qualify; 1.6 s; peak memory 667 MiB.
2026-10-05T18:15:46Z INFO [395/3239] 5b70a901-6cf4-41a7-9062-5627d55ba9f4: does not qualify; 5.8 s; peak memory 667 MiB.
2026-10-05T18:15:46Z INFO [396/3239] 5b713eca-dc95-4aa3-ab1b-3ce5bb20c4f1: does not qualify; 0.6 s; peak memory 667 MiB.
2026-10-05T18:15:47Z INFO [397/3239] 5b72697d-2405-4c20-b947-2b01d3e85fb4: does not qualify; 0.7 s; peak memory 667 MiB.
2026-10-05T18:15:48Z INFO [398/3239] 5b728e2e-12bc-463e-82d6-fb6ac3e58762: does not qualify; 1.0 s; peak memory 667 MiB.
2026-10-05T18:15:49Z INFO [399/3239] 5b7363d8-0de8-4162-8ac9-0a4ea523904b: does not qualify; 0.9 s; peak memory 667 MiB.
2026-10-05T18:15:50Z INFO [400/3239] 5b749390-0449-49a1-bcf2-daa92805f6ed: does not qualify; 1.2 s; peak memory 667 MiB.
2026-10-05T18:15:50Z INFO [400/3239] 5b749390-0449-49a1-bcf2-daa92805f6ed: checkpointed 72543 records.
2026-10-05T18:15:52Z INFO [401/3239] 5b751791-5592-4c2f-aebd-b2ae47e41008: does not qualify; 1.2 s; peak memory 667 MiB.
2026-10-05T18:15:53Z INFO [402/3239] 5b75ca31-6eec-432a-b292-2febb539cc94: does not qualify; 1.2 s; peak memory 667 MiB.
2026-10-05T18:15:54Z INFO [403/3239] 5b761727-c003-4e40-8048-fdfe40383a7e: does not qualify; 0.8 s; peak memory 667 MiB.
2026-10-05T18:15:54Z INFO [404/3239] 5b76e8ef-1330-4791-a3e2-6e94995d254a: does not qualify; 0.7 s; peak memory 667 MiB.
2026-10-05T18:15:55Z INFO [405/3239] 5b77dcbc-cdb1-4b1c-853d-e0f73f550ae8: does not qualify; 0.7 s; peak memory 667 MiB.
2026-10-05T18:15:56Z INFO [406/3239] 5b79601f-6515-4efa-af5d-ddd24e4dba1e: does not qualify; 1.0 s; peak memory 667 MiB.
2026-10-05T18:15:59Z INFO [407/3239] 5b7967ef-471b-44ad-b481-39a78f86511c: does not qualify; 3.1 s; peak memory 667 MiB.
2026-10-05T18:16:00Z INFO [408/3239] 5b79f771-28bc-4a55-abda-64dae7ebc21e: does not qualify; 0.6 s; peak memory 667 MiB.
2026-10-05T18:16:00Z INFO [409/3239] 5b7a6bfc-1558-4d14-9c5b-02b99e40e4c9: does not qualify; 0.8 s; peak memory 667 MiB.
2026-10-05T18:16:08Z INFO [410/3239] 5b7ab283-a66b-4e6c-a810-b2474c1daac7: does not qualify; 7.6 s; peak memory 667 MiB.
2026-10-05T18:16:13Z INFO [411/3239] 5b7aff10-fd4f-45b3-82d8-c76c2d9e480a: does not qualify; 4.6 s; peak memory 667 MiB.
2026-10-05T18:16:13Z INFO [412/3239] 5b7b91b9-3168-41ad-b9aa-0db41c411669: does not qualify; 0.7 s; peak memory 667 MiB.
2026-10-05T18:16:15Z INFO [413/3239] 5b7c3085-771e-4ca7-8fb9-6d5a24275954: does not qualify; 1.8 s; peak memory 667 MiB.
2026-10-05T18:16:16Z INFO [414/3239] 5b7c3b23-d1fa-4c3c-afe0-788fdd67a314: does not qualify; 0.7 s; peak memory 667 MiB.
2026-10-05T18:16:17Z INFO [415/3239] 5b7d1f67-a5d2-44da-ac52-9ff4f4aa7dc4: does not qualify; 0.7 s; peak memory 667 MiB.
2026-10-05T18:16:17Z INFO [416/3239] 5b7d44bf-a200-4e00-87e4-9b608dff4b3e: does not qualify; 0.7 s; peak memory 667 MiB.
2026-10-05T18:16:19Z INFO [417/3239] 5b7d8cf2-a5c4-4f19-96c4-2167f94ebaf6: does not qualify; 1.3 s; peak memory 667 MiB.
2026-10-05T18:16:22Z INFO [418/3239] 5b7dca95-1982-4ebd-9859-3bfdc2a5fc92: does not qualify; 3.7 s; peak memory 667 MiB.
2026-10-05T18:16:23Z INFO [419/3239] 5b7e3731-02c5-4aa4-95b4-c0d37dcf547a: does not qualify; 0.9 s; peak memory 667 MiB.
2026-10-05T18:16:24Z INFO [420/3239] 5b7ea274-7417-41c5-b8e9-a603f57afbda: does not qualify; 0.7 s; peak memory 667 MiB.
2026-10-05T18:16:25Z INFO [421/3239] 5b7f39d6-8b5b-4003-b752-a5136ea974be: does not qualify; 1.2 s; peak memory 667 MiB.
2026-10-05T18:16:26Z INFO [422/3239] 5b800db0-0e37-4ad7-876f-7a314e786f8a: does not qualify; 0.9 s; peak memory 667 MiB.
2026-10-05T18:16:27Z INFO [423/3239] 5b812a5d-acd4-4032-bf9b-c669421e193b: does not qualify; 0.9 s; peak memory 667 MiB.
2026-10-05T18:16:28Z INFO [424/3239] 5b81b47a-51bf-4522-a040-cfed4ef7a0a2: does not qualify; 0.8 s; peak memory 667 MiB.
2026-10-05T18:16:28Z INFO [425/3239] 5b81f14d-16b3-4511-8693-cc9ae08f5165: does not qualify; 0.7 s; peak memory 667 MiB.
2026-10-05T18:16:33Z INFO [426/3239] 5b826955-c039-4097-8acf-3b2410bb3809: does not qualify; 5.0 s; peak memory 667 MiB.
2026-10-05T18:16:36Z INFO [427/3239] 5b826cb5-dc67-46c5-905c-6e0de81768a0: qualifies; 2.1 s; peak memory 667 MiB.
2026-10-05T18:16:36Z INFO [428/3239] 5b82de49-6228-4ecd-a654-4c0bbc385b39: does not qualify; 0.9 s; peak memory 667 MiB.
2026-10-05T18:16:37Z INFO [429/3239] 5b8387c0-4df0-4c9d-9b69-7bddc796e9b2: does not qualify; 0.6 s; peak memory 667 MiB.
2026-10-05T18:16:39Z INFO [430/3239] 5b85939c-0777-4e27-9264-1e1153fe8a7c: does not qualify; 1.7 s; peak memory 667 MiB.
2026-10-05T18:16:40Z INFO [431/3239] 5b85fd13-5298-45c8-a436-042081d461d3: does not qualify; 0.9 s; peak memory 667 MiB.
2026-10-05T18:16:40Z INFO [432/3239] 5b862e59-3358-4095-afda-0cf186811cc2: does not qualify; 0.7 s; peak memory 667 MiB.
2026-10-05T18:16:41Z INFO [433/3239] 5b86a45f-3974-4ce0-a6ba-5ff05a58491d: does not qualify; 0.9 s; peak memory 667 MiB.
2026-10-05T18:16:43Z INFO [434/3239] 5b87c6e8-0c45-462e-a3c8-ae3f2aa76b98: does not qualify; 1.5 s; peak memory 667 MiB.
2026-10-05T18:16:44Z INFO [435/3239] 5b87c83c-4448-48b0-8f19-5f02cc1845f2: does not qualify; 1.0 s; peak memory 667 MiB.
2026-10-05T18:16:45Z INFO [436/3239] 5b8805c8-f28b-401a-b97a-8d2c13fb4691: does not qualify; 0.9 s; peak memory 667 MiB.
2026-10-05T18:16:46Z INFO [437/3239] 5b88fe08-0139-4074-8d73-ff0c62bf665a: does not qualify; 1.3 s; peak memory 667 MiB.
2026-10-05T18:16:50Z INFO [438/3239] 5b891ae4-db62-4e1b-9efe-61fc1815c654: does not qualify; 3.7 s; peak memory 667 MiB.
2026-10-05T18:16:51Z INFO [439/3239] 5b89efcc-ca2c-4eca-8bba-f3e2b1884855: does not qualify; 1.3 s; peak memory 667 MiB.
2026-10-05T18:16:56Z INFO [440/3239] 5b8a04b1-1dd1-4e87-be5a-b74754e8076a: does not qualify; 4.8 s; peak memory 667 MiB.
2026-10-05T18:16:56Z INFO [441/3239] 5b8a44ac-c883-4f92-91e5-9f98381766c5: does not qualify; 0.8 s; peak memory 667 MiB.
2026-10-05T18:16:57Z INFO [442/3239] 5b8a554a-4494-4a38-bf46-b2968475ec34: does not qualify; 0.8 s; peak memory 667 MiB.
2026-10-05T18:16:59Z INFO [443/3239] 5b8ac7e7-09ba-44c3-a0fc-92baa97dd3f9: does not qualify; 1.8 s; peak memory 667 MiB.
2026-10-05T18:16:59Z INFO [444/3239] 5b8af44c-99b9-492a-95d5-076b9fe2d61f: does not qualify; 0.5 s; peak memory 667 MiB.
2026-10-05T18:17:00Z INFO [445/3239] 5b8b95d3-fa5f-4202-8923-ef036882a307: does not qualify; 0.8 s; peak memory 667 MiB.
2026-10-05T18:17:01Z INFO [446/3239] 5b8b9aca-d033-4802-9c8b-b4c798972211: does not qualify; 0.5 s; peak memory 667 MiB.
2026-10-05T18:17:02Z INFO [447/3239] 5b8bd713-824f-4c4a-88aa-8e2ca6534f8b: does not qualify; 1.8 s; peak memory 667 MiB.
2026-10-05T18:17:03Z INFO [448/3239] 5b8c1646-4724-4e1a-96dc-27faeb8b6c24: does not qualify; 0.6 s; peak memory 667 MiB.
2026-10-05T18:17:09Z INFO [449/3239] 5b8d3535-14a2-4e4d-a078-db24e6a8a945: does not qualify; 5.7 s; peak memory 667 MiB.
2026-10-05T18:17:10Z INFO [450/3239] 5b8dc672-55ba-4293-9fce-23ad8a8242d6: does not qualify; 0.7 s; peak memory 667 MiB.
2026-10-05T18:17:10Z INFO [450/3239] 5b8dc672-55ba-4293-9fce-23ad8a8242d6: checkpointed 72593 records.
2026-10-05T18:17:10Z INFO [451/3239] 5b8fa245-f01a-40e6-9e23-067f00bd37be: does not qualify; 0.8 s; peak memory 667 MiB.
2026-10-05T18:17:12Z INFO [452/3239] 5b907c57-df03-4a62-8017-6990c48ba373: does not qualify; 1.4 s; peak memory 667 MiB.
2026-10-05T18:17:12Z INFO [453/3239] 5b908633-e854-46d5-b0bb-999b2e015ad6: does not qualify; 0.6 s; peak memory 667 MiB.
2026-10-05T18:17:13Z INFO [454/3239] 5b90b4af-2632-4060-9a1b-a7130a96e9a1: does not qualify; 0.6 s; peak memory 667 MiB.
2026-10-05T18:17:14Z INFO [455/3239] 5b911003-8b42-4a0e-80d9-557f80e097c7: does not qualify; 0.9 s; peak memory 667 MiB.
2026-10-05T18:17:18Z INFO [456/3239] 5b91d24c-a7ec-4bea-bcc8-0ab21b84ec86: does not qualify; 4.4 s; peak memory 667 MiB.
2026-10-05T18:17:24Z INFO [457/3239] 5b928216-1fec-4b75-8ef2-855289c24166: does not qualify; 5.6 s; peak memory 667 MiB.
2026-10-05T18:17:25Z INFO [458/3239] 5b92ea74-52b5-4d0e-84c5-5cacc45708c5: does not qualify; 0.7 s; peak memory 667 MiB.
2026-10-05T18:17:25Z INFO [459/3239] 5b947799-5ac4-49d9-8c11-65ea5ebe36ae: does not qualify; 0.8 s; peak memory 667 MiB.
2026-10-05T18:17:26Z INFO [460/3239] 5b947f8c-0072-458e-9f4e-6c9da2f17705: does not qualify; 0.7 s; peak memory 667 MiB.
2026-10-05T18:17:27Z INFO [461/3239] 5b94d258-2768-4a23-8891-3cbb77b48330: does not qualify; 0.5 s; peak memory 667 MiB.
2026-10-05T18:17:27Z INFO [462/3239] 5b952a53-66ff-438f-9944-f7a9d5964a5e: does not qualify; 0.7 s; peak memory 667 MiB.
2026-10-05T18:17:28Z INFO [463/3239] 5b955a75-446e-43fd-a804-7b672cc9cb39: does not qualify; 0.8 s; peak memory 667 MiB.
2026-10-05T18:17:29Z INFO [464/3239] 5b9603d4-c31a-4618-bf07-a3ba0c30ab55: does not qualify; 0.7 s; peak memory 667 MiB.
2026-10-05T18:17:29Z INFO [465/3239] 5b975a23-ffcf-4e0b-9974-b2407785ef48: does not qualify; 0.6 s; peak memory 667 MiB.
2026-10-05T18:17:31Z INFO [466/3239] 5b977ae0-3c12-434f-a791-1f290eea6061: does not qualify; 1.4 s; peak memory 667 MiB.
2026-10-05T18:17:31Z INFO [467/3239] 5b97a7b4-9828-40be-bc44-a83cc2319af5: does not qualify; 0.8 s; peak memory 667 MiB.
2026-10-05T18:17:32Z INFO [468/3239] 5b97b801-a189-4018-ada8-4a70a62c594b: does not qualify; 0.9 s; peak memory 667 MiB.
2026-10-05T18:17:33Z INFO [469/3239] 5b97c773-1cff-44cf-8cf7-7f1f4bf63ec3: does not qualify; 0.7 s; peak memory 667 MiB.
2026-10-05T18:17:39Z INFO [470/3239] 5b97c8e7-385f-48a7-932e-11725c06dca6: qualifies; 5.9 s; peak memory 667 MiB.
2026-10-05T18:17:40Z INFO [471/3239] 5b97e36e-f8d8-4eac-8f86-4828db5cc07e: does not qualify; 0.8 s; peak memory 667 MiB.
2026-10-05T18:17:40Z INFO [472/3239] 5b9821ce-6fe0-4db8-a37e-edcb378835b5: does not qualify; 0.7 s; peak memory 667 MiB.
2026-10-05T18:17:41Z INFO [473/3239] 5b9925f4-c79f-4b69-9e77-f7a849a8c682: does not qualify; 0.6 s; peak memory 667 MiB.
2026-10-05T18:17:45Z INFO [474/3239] 5b992d97-96c8-4758-a4dd-ee7dfd5cfd39: does not qualify; 3.8 s; peak memory 667 MiB.
2026-10-05T18:17:46Z INFO [475/3239] 5b999b95-541e-4377-ad5d-4e66b3ec0282: does not qualify; 0.8 s; peak memory 667 MiB.
2026-10-05T18:17:46Z INFO [476/3239] 5b99d323-f764-477d-83ca-a0d5359d768d: does not qualify; 0.8 s; peak memory 667 MiB.
2026-10-05T18:17:47Z INFO [477/3239] 5b99e7b3-af54-419f-a21a-a5468f77e775: does not qualify; 0.8 s; peak memory 667 MiB.
2026-10-05T18:17:53Z INFO [478/3239] 5b9a8488-9fcb-496b-a68d-aeb961b5640c: does not qualify; 5.5 s; peak memory 667 MiB.
2026-10-05T18:17:53Z INFO [479/3239] 5b9a89bb-8a27-4889-b667-c96901e78189: does not qualify; 0.7 s; peak memory 667 MiB.
2026-10-05T18:17:54Z INFO [480/3239] 5b9db986-ffac-4c14-a6e6-63694217c69e: does not qualify; 0.6 s; peak memory 667 MiB.
2026-10-05T18:17:55Z INFO [481/3239] 5b9ec036-60ad-49b4-b2a0-eecc1df1580d: does not qualify; 0.6 s; peak memory 667 MiB.
2026-10-05T18:17:55Z INFO [482/3239] 5b9f53d3-9ab9-4372-83cc-f418b4032711: does not qualify; 0.8 s; peak memory 667 MiB.
2026-10-05T18:17:56Z INFO [483/3239] 5ba04e8a-a666-4cdb-9916-147030f28a28: does not qualify; 1.0 s; peak memory 667 MiB.
2026-10-05T18:17:59Z INFO [484/3239] 5ba0a378-fedb-4630-9c12-aefea03eb095: does not qualify; 2.9 s; peak memory 667 MiB.
2026-10-05T18:18:01Z INFO [485/3239] 5ba0cb6d-a0e6-485e-949d-708e76c554c2: does not qualify; 1.7 s; peak memory 667 MiB.
2026-10-05T18:18:02Z INFO [486/3239] 5ba1ceec-dec8-4ab6-a7f6-016dcced48d1: does not qualify; 0.5 s; peak memory 667 MiB.
2026-10-05T18:18:02Z INFO [487/3239] 5ba2826f-8ce4-499f-bcf4-dc85aae72532: does not qualify; 0.7 s; peak memory 667 MiB.
2026-10-05T18:18:07Z INFO [488/3239] 5ba2ccc8-1bc5-44d0-84ef-501385262932: does not qualify; 4.7 s; peak memory 667 MiB.
2026-10-05T18:18:11Z INFO [489/3239] 5ba2eace-ea89-4e82-878c-73699f037cef: does not qualify; 3.7 s; peak memory 667 MiB.
2026-10-05T18:18:11Z INFO [490/3239] 5ba33c7d-6695-4d6b-bebc-8c1934ea8f0e: does not qualify; 0.8 s; peak memory 667 MiB.
2026-10-05T18:18:13Z INFO [491/3239] 5ba3ba1a-e22b-456d-aad4-6c34a1cb971a: does not qualify; 1.3 s; peak memory 667 MiB.
2026-10-05T18:18:13Z INFO [492/3239] 5ba3d2ce-adda-4cb8-9a26-d9dda9990a00: does not qualify; 0.7 s; peak memory 667 MiB.
2026-10-05T18:18:14Z INFO [493/3239] 5ba4086d-b209-4044-b953-d6d456b8d453: does not qualify; 0.7 s; peak memory 667 MiB.
2026-10-05T18:18:15Z INFO [494/3239] 5ba48235-18db-452d-9f20-f65b3e46ccb8: does not qualify; 1.2 s; peak memory 667 MiB.
2026-10-05T18:18:16Z INFO [495/3239] 5ba58bf0-3242-42c7-b037-5b8c1005a684: does not qualify; 0.6 s; peak memory 667 MiB.
2026-10-05T18:18:18Z INFO [496/3239] 5ba5ff55-642a-47dd-b075-45c3fa90ecef: does not qualify; 1.8 s; peak memory 667 MiB.
2026-10-05T18:18:18Z INFO [497/3239] 5ba61563-7b0d-4ae2-9590-57ca88d9576e: does not qualify; 0.8 s; peak memory 667 MiB.
2026-10-05T18:18:25Z INFO [498/3239] 5ba8df15-f7e7-49b9-ae3b-4986bd1fc00d: does not qualify; 6.2 s; peak memory 667 MiB.
2026-10-05T18:18:25Z INFO [499/3239] 5ba90f13-7ddd-4785-b82c-1d0612e60cb4: does not qualify; 0.4 s; peak memory 667 MiB.
2026-10-05T18:18:29Z INFO [500/3239] 5ba9ee0e-f66e-455b-9019-cb0fa872dfab: does not qualify; 4.0 s; peak memory 667 MiB.
2026-10-05T18:18:29Z INFO [500/3239] 5ba9ee0e-f66e-455b-9019-cb0fa872dfab: checkpointed 72643 records.
2026-10-05T18:18:30Z INFO [501/3239] 5baa4323-0aaa-4237-8c89-f7f942059316: does not qualify; 0.7 s; peak memory 667 MiB.
2026-10-05T18:18:31Z INFO [502/3239] 5baa6c5a-a75b-46cc-9e17-56b3ab7faa55: does not qualify; 0.8 s; peak memory 667 MiB.
2026-10-05T18:18:31Z INFO [503/3239] 5baa9dd1-21e6-4128-b468-476fa33a8311: does not qualify; 0.7 s; peak memory 667 MiB.
2026-10-05T18:18:32Z INFO [504/3239] 5bab154d-d23b-4393-8578-0ea144204a18: does not qualify; 0.7 s; peak memory 667 MiB.
2026-10-05T18:18:33Z INFO [505/3239] 5bab9e69-0768-4fe9-bc07-ec3713ae5b8f: does not qualify; 0.7 s; peak memory 667 MiB.
2026-10-05T18:18:37Z INFO [506/3239] 5bac2c7a-f980-4c9b-9b75-3e654d1aad5c: does not qualify; 4.0 s; peak memory 667 MiB.
2026-10-05T18:18:37Z INFO [507/3239] 5bad10d0-0e30-4a15-9709-86f0d2d653a9: does not qualify; 0.6 s; peak memory 667 MiB.
2026-10-05T18:18:38Z INFO [508/3239] 5baee71e-22b8-4ce6-895b-cbabc1eaa8fc: does not qualify; 1.0 s; peak memory 667 MiB.
2026-10-05T18:18:40Z INFO [509/3239] 5baf362d-4e07-4e95-83ee-18aca0cf2799: does not qualify; 1.5 s; peak memory 667 MiB.
2026-10-05T18:18:41Z INFO [510/3239] 5baf6edc-3846-4a17-ae71-14847649ee51: does not qualify; 0.9 s; peak memory 667 MiB.
2026-10-05T18:18:41Z INFO [511/3239] 5bb0a13b-ff75-403a-bbf6-18b9c06ff2c3: does not qualify; 0.5 s; peak memory 667 MiB.
2026-10-05T18:18:42Z INFO [512/3239] 5bb0c59f-4011-49a3-a7fb-db4c64c5024d: does not qualify; 0.7 s; peak memory 667 MiB.
2026-10-05T18:18:43Z INFO [513/3239] 5bb0f9c0-5f0b-42f4-873d-b469f038745f: does not qualify; 0.8 s; peak memory 667 MiB.
2026-10-05T18:18:44Z INFO [514/3239] 5bb1160e-c602-4b1e-baf4-149647811abf: does not qualify; 0.8 s; peak memory 667 MiB.
2026-10-05T18:18:44Z INFO [515/3239] 5bb237e8-6ea1-4c83-94aa-2e71ad549426: does not qualify; 0.5 s; peak memory 667 MiB.
2026-10-05T18:18:44Z INFO [516/3239] 5bb44f6c-4551-4403-87a7-6390573b4efb: does not qualify; 0.4 s; peak memory 667 MiB.
2026-10-05T18:18:45Z INFO [517/3239] 5bb58c18-978b-4347-b5dd-c9c157db6f58: does not qualify; 0.6 s; peak memory 667 MiB.
2026-10-05T18:18:51Z INFO [518/3239] 5bb609a5-8239-4cac-b20e-032d73ba412c: does not qualify; 5.8 s; peak memory 667 MiB.
2026-10-05T18:18:52Z INFO [519/3239] 5bb7035a-8bf3-4523-beee-5772fda5c0f7: does not qualify; 1.0 s; peak memory 667 MiB.
2026-10-05T18:18:53Z INFO [520/3239] 5bb7c3b4-8537-45d6-8a60-8045874767dc: does not qualify; 0.8 s; peak memory 667 MiB.
2026-10-05T18:18:53Z INFO [521/3239] 5bb88f31-775f-4132-9f0a-6132b89d693e: does not qualify; 0.8 s; peak memory 667 MiB.
2026-10-05T18:18:54Z INFO [522/3239] 5bb93545-38cc-44d1-8d77-8e1767adfd87: does not qualify; 0.4 s; peak memory 667 MiB.
2026-10-05T18:18:55Z INFO [523/3239] 5bb95072-bd17-4337-b0d0-54ce95124c4a: does not qualify; 0.8 s; peak memory 667 MiB.
2026-10-05T18:18:55Z INFO [524/3239] 5bb98bce-38b5-4597-bb3a-a91680f90fcd: does not qualify; 0.7 s; peak memory 667 MiB.
2026-10-05T18:18:56Z INFO [525/3239] 5bb9acfc-c0b2-4f7f-99eb-0358c54407cc: does not qualify; 0.7 s; peak memory 667 MiB.
2026-10-05T18:18:57Z INFO [526/3239] 5bbab1f7-8947-442f-af44-f82f795f15cc: does not qualify; 0.9 s; peak memory 667 MiB.
2026-10-05T18:18:58Z INFO [527/3239] 5bbb710c-5f74-49e3-bfeb-644d836148cc: does not qualify; 1.0 s; peak memory 667 MiB.
2026-10-05T18:18:59Z INFO [528/3239] 5bbc071b-3ad2-4315-9983-2036817549b6: does not qualify; 0.9 s; peak memory 667 MiB.
2026-10-05T18:18:59Z INFO [529/3239] 5bbc0b09-9342-44ee-bf4e-ac89836770f1: does not qualify; 0.4 s; peak memory 667 MiB.
2026-10-05T18:19:00Z INFO [530/3239] 5bbc3b26-2132-4982-a274-25c2353707a1: does not qualify; 0.8 s; peak memory 667 MiB.
2026-10-05T18:19:01Z INFO [531/3239] 5bbd2f97-b2ab-430a-84ba-fdc733431998: does not qualify; 0.7 s; peak memory 667 MiB.
2026-10-05T18:19:01Z INFO [532/3239] 5bbd5ea1-af8b-4a13-8bce-cd714564a33a: does not qualify; 0.7 s; peak memory 667 MiB.
2026-10-05T18:19:02Z INFO [533/3239] 5bbd72d8-52b7-49b4-9a40-34df58e09591: does not qualify; 0.7 s; peak memory 667 MiB.
2026-10-05T18:19:03Z INFO [534/3239] 5bbe1c58-21c7-493b-b516-add5491f1275: does not qualify; 0.8 s; peak memory 667 MiB.
2026-10-05T18:19:04Z INFO [535/3239] 5bbf5160-f775-4769-9716-d89dd2739a9b: does not qualify; 0.7 s; peak memory 667 MiB.
2026-10-05T18:19:04Z INFO [536/3239] 5bbf5669-0978-459e-bfe7-80d18c2c097b: does not qualify; 0.5 s; peak memory 667 MiB.
2026-10-05T18:19:05Z INFO [537/3239] 5bbf909b-4b65-4e26-ae21-05800d48ec9d: does not qualify; 0.8 s; peak memory 667 MiB.
2026-10-05T18:19:06Z INFO [538/3239] 5bc08dde-c70a-401a-a49c-e0c3cb633bfc: does not qualify; 0.8 s; peak memory 667 MiB.
2026-10-05T18:19:07Z INFO [539/3239] 5bc18a68-6def-4722-95f3-8d2eb937a3fc: does not qualify; 0.8 s; peak memory 667 MiB.
2026-10-05T18:19:07Z INFO [540/3239] 5bc223d7-5c43-4acd-a436-9b5fb6cbe426: does not qualify; 0.8 s; peak memory 667 MiB.
2026-10-05T18:19:08Z INFO [541/3239] 5bc23066-8d50-4294-860e-540ebb6785c1: does not qualify; 0.7 s; peak memory 667 MiB.
2026-10-05T18:19:12Z INFO [542/3239] 5bc2b01a-c281-45de-841b-1eb158a0eabc: does not qualify; 3.5 s; peak memory 667 MiB.
2026-10-05T18:19:12Z INFO [543/3239] 5bc3e4c8-a4f8-4715-9d84-33ea0651d45f: does not qualify; 0.8 s; peak memory 667 MiB.
2026-10-05T18:19:14Z INFO [544/3239] 5bc554e5-6a4b-4729-ac23-834dd786d3c4: does not qualify; 1.2 s; peak memory 667 MiB.
2026-10-05T18:19:14Z INFO [545/3239] 5bc56be1-5b96-4903-bbed-c3cc3f286af9: does not qualify; 0.8 s; peak memory 667 MiB.
2026-10-05T18:19:15Z INFO [546/3239] 5bc5dd10-9a1b-475d-864a-2e8656dfd81d: does not qualify; 0.6 s; peak memory 667 MiB.
2026-10-05T18:19:16Z INFO [547/3239] 5bc5f767-a4f9-47f7-a138-8dff6bd48a33: does not qualify; 0.9 s; peak memory 667 MiB.
2026-10-05T18:19:17Z INFO [548/3239] 5bc60322-aae2-45bb-b8f1-d37e3e7fe72b: does not qualify; 0.8 s; peak memory 667 MiB.
2026-10-05T18:19:18Z INFO [549/3239] 5bc977c7-9753-4ae5-9b22-6c91419d6b94: does not qualify; 0.8 s; peak memory 667 MiB.
2026-10-05T18:19:19Z INFO [550/3239] 5bc9d6ba-bd58-4760-9716-fbab00a99714: does not qualify; 1.2 s; peak memory 667 MiB.
2026-10-05T18:19:19Z INFO [550/3239] 5bc9d6ba-bd58-4760-9716-fbab00a99714: checkpointed 72693 records.
2026-10-05T18:19:19Z INFO [551/3239] 5bca1ca6-b491-4d45-b11f-f5ee13b459bf: does not qualify; 0.4 s; peak memory 667 MiB.
2026-10-05T18:19:23Z INFO [552/3239] 5bca2e6d-ed20-47d5-ba40-97c9d8c2c742: does not qualify; 4.1 s; peak memory 667 MiB.
2026-10-05T18:19:24Z INFO [553/3239] 5bcafb21-60d5-4658-bc18-6a8dcd8d8556: does not qualify; 1.0 s; peak memory 667 MiB.
2026-10-05T18:19:25Z INFO [554/3239] 5bcb5dad-eb16-4bb4-a989-4695402c608f: does not qualify; 0.7 s; peak memory 667 MiB.
2026-10-05T18:19:26Z INFO [555/3239] 5bcb7572-e4d0-4af0-a7ed-72ef51251c06: does not qualify; 0.8 s; peak memory 667 MiB.
2026-10-05T18:19:27Z INFO [556/3239] 5bcbdb80-f4b6-45f6-9432-a567dd7844e0: does not qualify; 1.0 s; peak memory 667 MiB.
2026-10-05T18:19:28Z INFO [557/3239] 5bcc48c8-67c2-4b20-afe9-d828858937af: does not qualify; 0.9 s; peak memory 667 MiB.
2026-10-05T18:19:28Z INFO [558/3239] 5bcd8be3-b4d9-4ee2-93d6-1256733340b7: does not qualify; 0.8 s; peak memory 667 MiB.
2026-10-05T18:19:29Z INFO [559/3239] 5bcdc1e2-a09e-4e1a-9161-190b00f7333c: does not qualify; 0.9 s; peak memory 667 MiB.
2026-10-05T18:19:30Z INFO [560/3239] 5bcded3d-f7e4-4f30-8693-bb60d6bf1189: does not qualify; 0.9 s; peak memory 667 MiB.
2026-10-05T18:19:31Z INFO [561/3239] 5bcdf642-876f-4db2-95fc-df74db855946: does not qualify; 1.0 s; peak memory 667 MiB.
2026-10-05T18:19:32Z INFO [562/3239] 5bce81a2-a4b4-4446-abf3-6a4703c7fe8a: does not qualify; 0.7 s; peak memory 667 MiB.
2026-10-05T18:19:33Z INFO [563/3239] 5bcf1806-85b4-4a83-8f66-a622a7b1a697: does not qualify; 0.6 s; peak memory 667 MiB.
2026-10-05T18:19:33Z INFO [564/3239] 5bd2f891-f265-4023-96c0-1aaf3e2d3dd5: does not qualify; 0.7 s; peak memory 667 MiB.
2026-10-05T18:19:34Z INFO [565/3239] 5bd30f4d-ac64-454c-a083-7e666abcad5b: does not qualify; 1.0 s; peak memory 667 MiB.
2026-10-05T18:19:35Z INFO [566/3239] 5bd35bd0-c386-4ab7-bdd3-c9a2ac81f63c: does not qualify; 0.7 s; peak memory 667 MiB.
2026-10-05T18:19:36Z INFO [567/3239] 5bd3817a-c078-419b-a2a6-7b0b93c6744b: does not qualify; 0.8 s; peak memory 667 MiB.
2026-10-05T18:19:38Z INFO [568/3239] 5bd463aa-7842-4d47-ae01-1b58efefa1ed: does not qualify; 2.3 s; peak memory 667 MiB.
2026-10-05T18:19:39Z INFO [569/3239] 5bd47b31-46b9-4a63-9b00-da1242408caf: does not qualify; 0.5 s; peak memory 667 MiB.
2026-10-05T18:19:39Z INFO [570/3239] 5bd59603-d1bb-49ec-b841-c680b9f8951e: does not qualify; 0.5 s; peak memory 667 MiB.
2026-10-05T18:19:41Z INFO [571/3239] 5bd5addb-5838-4fb7-8076-e63a858dcc10: does not qualify; 2.0 s; peak memory 667 MiB.
2026-10-05T18:19:51Z INFO [572/3239] 5bd633e6-f283-451d-a345-9ce7a2a96afc: does not qualify; 9.6 s; peak memory 667 MiB.
2026-10-05T18:19:51Z INFO [573/3239] 5bd6dba9-5d29-4fae-84c0-eb18727183b1: does not qualify; 0.6 s; peak memory 667 MiB.
2026-10-05T18:19:52Z INFO [574/3239] 5bd708e9-6115-469e-9cbe-3a6a2bbb96ae: does not qualify; 0.8 s; peak memory 667 MiB.
2026-10-05T18:19:56Z INFO [575/3239] 5bd80b36-da7c-4ced-b26d-f6c22b1f2fda: does not qualify; 4.3 s; peak memory 667 MiB.
2026-10-05T18:19:57Z INFO [576/3239] 5bd94c65-d992-46d6-aff9-2bab657eb118: does not qualify; 0.6 s; peak memory 667 MiB.
2026-10-05T18:19:59Z INFO [577/3239] 5bd978c0-d419-4763-8c79-33d32636d0fe: does not qualify; 2.4 s; peak memory 667 MiB.
2026-10-05T18:20:00Z INFO [578/3239] 5bd99343-c361-4af6-8c37-8839e89efd71: does not qualify; 1.1 s; peak memory 667 MiB.
2026-10-05T18:20:01Z INFO [579/3239] 5bd9f17a-4ec2-4fb2-8114-8738cb76c2f5: does not qualify; 0.7 s; peak memory 667 MiB.
2026-10-05T18:20:02Z INFO [580/3239] 5bdbdb84-00e9-48de-adb3-744f4bc0726f: does not qualify; 0.5 s; peak memory 667 MiB.
2026-10-05T18:20:02Z INFO [581/3239] 5bdbefe7-ca91-4730-a359-d9624e130dfa: does not qualify; 0.6 s; peak memory 667 MiB.
2026-10-05T18:20:04Z INFO [582/3239] 5bdc7c31-d966-4019-a3d4-8939f46c589e: does not qualify; 1.9 s; peak memory 667 MiB.
2026-10-05T18:20:05Z INFO [583/3239] 5bdc99d5-932d-4839-b322-e100740c176b: does not qualify; 0.9 s; peak memory 667 MiB.
2026-10-05T18:20:06Z INFO [584/3239] 5bde66df-ed91-473a-93d8-ab9b8a4580cb: does not qualify; 0.6 s; peak memory 667 MiB.
2026-10-05T18:20:06Z INFO [585/3239] 5bdf2c6f-ee53-4477-8657-dc3188ac6916: does not qualify; 0.8 s; peak memory 667 MiB.
2026-10-05T18:20:07Z INFO [586/3239] 5bdfde87-be06-47b1-8b05-5248339c2b36: does not qualify; 0.7 s; peak memory 667 MiB.
2026-10-05T18:20:11Z INFO [587/3239] 5be0bebe-7b58-44b6-bf1e-6ce7a77cf310: qualifies; 3.5 s; peak memory 667 MiB.
2026-10-05T18:20:12Z INFO [588/3239] 5be0e559-a718-42e7-8986-87ed06bc70f0: does not qualify; 0.9 s; peak memory 667 MiB.
2026-10-05T18:20:12Z INFO [589/3239] 5be1a110-0d39-4029-a1bc-3be0bb6bdcf6: does not qualify; 0.8 s; peak memory 667 MiB.
2026-10-05T18:20:13Z INFO [590/3239] 5be1cf81-7127-43c5-b567-4ae5e70d6cef: does not qualify; 0.7 s; peak memory 667 MiB.
2026-10-05T18:20:16Z INFO [591/3239] 5be1e66d-29bb-4dd6-b6f3-0c44ccf5f874: does not qualify; 2.9 s; peak memory 667 MiB.
2026-10-05T18:20:17Z INFO [592/3239] 5be24978-f1e8-4f76-829c-f4fcc4f8cfe1: does not qualify; 0.7 s; peak memory 667 MiB.
2026-10-05T18:20:17Z INFO [593/3239] 5be4cf4c-812e-4729-8042-654d7787ac08: does not qualify; 0.7 s; peak memory 667 MiB.
2026-10-05T18:20:20Z INFO [594/3239] 5be53de7-35c4-4f6b-8087-f316dfa6041b: does not qualify; 2.6 s; peak memory 667 MiB.
2026-10-05T18:20:21Z INFO [595/3239] 5be54585-b625-4055-a389-307b8eb7fe28: does not qualify; 1.0 s; peak memory 667 MiB.
2026-10-05T18:20:23Z INFO [596/3239] 5be66f36-ed5e-4fcc-896a-658a17218a68: does not qualify; 1.9 s; peak memory 667 MiB.
2026-10-05T18:20:23Z INFO [597/3239] 5be71e45-24c8-47d0-9e95-c3638a530ee8: does not qualify; 0.7 s; peak memory 667 MiB.
2026-10-05T18:20:25Z INFO [598/3239] 5be7a2cb-3606-48b7-a7dd-7d65e6659f76: does not qualify; 1.3 s; peak memory 667 MiB.
2026-10-05T18:20:25Z INFO [599/3239] 5be7d1f7-4dc3-4e01-a996-45c2a26e8ec1: does not qualify; 0.8 s; peak memory 667 MiB.
2026-10-05T18:20:27Z INFO [600/3239] 5be7f4fd-895d-4f2a-a76a-620c3827f0c9: does not qualify; 1.6 s; peak memory 667 MiB.
2026-10-05T18:20:27Z INFO [600/3239] 5be7f4fd-895d-4f2a-a76a-620c3827f0c9: checkpointed 72743 records.
2026-10-05T18:20:28Z INFO [601/3239] 5be9c320-71da-4f5d-8c3b-23dfc1c671b7: does not qualify; 0.8 s; peak memory 667 MiB.
2026-10-05T18:20:29Z INFO [602/3239] 5be9e6f7-3c9c-4900-ad86-27639e43bf9e: does not qualify; 0.8 s; peak memory 667 MiB.
2026-10-05T18:20:30Z INFO [603/3239] 5beb93aa-c565-4b37-bd80-150530e6a381: does not qualify; 0.7 s; peak memory 667 MiB.
2026-10-05T18:20:30Z INFO [604/3239] 5bebd908-ae85-4aec-9734-3eb3bcb8ecb4: does not qualify; 0.8 s; peak memory 667 MiB.
2026-10-05T18:20:31Z INFO [605/3239] 5bebda48-dc62-4bbe-bd17-339283a76828: does not qualify; 0.8 s; peak memory 667 MiB.
2026-10-05T18:20:33Z INFO [606/3239] 5bec5dd3-89ce-463a-afe6-d71816062f38: does not qualify; 1.6 s; peak memory 667 MiB.
2026-10-05T18:20:33Z INFO [607/3239] 5becd6e4-67d4-4b06-83d6-7b6773f779f4: does not qualify; 0.5 s; peak memory 667 MiB.
2026-10-05T18:20:34Z INFO [608/3239] 5becd945-65db-4d03-8003-a46ae53542b9: does not qualify; 0.6 s; peak memory 667 MiB.
2026-10-05T18:20:35Z INFO [609/3239] 5bed7de1-5805-4f9e-920e-9e8684609b0e: does not qualify; 0.7 s; peak memory 667 MiB.
2026-10-05T18:20:35Z INFO [610/3239] 5bedad5e-c5d4-41ce-919d-9294fbe36707: does not qualify; 0.8 s; peak memory 667 MiB.
2026-10-05T18:20:39Z INFO [611/3239] 5bee7cda-ec7a-45eb-86a5-63d846003d51: does not qualify; 3.6 s; peak memory 667 MiB.
2026-10-05T18:20:40Z INFO [612/3239] 5beffc99-4fd0-4c23-8b3c-b37d813f95ac: does not qualify; 1.0 s; peak memory 667 MiB.
2026-10-05T18:20:42Z INFO [613/3239] 5bf01a36-144f-4b07-87c6-59809a398ffa: does not qualify; 1.4 s; peak memory 667 MiB.
2026-10-05T18:20:42Z INFO [614/3239] 5bf01aac-9ca0-4d16-8d06-5fd7dd89eab1: does not qualify; 0.9 s; peak memory 667 MiB.
2026-10-05T18:20:43Z INFO [615/3239] 5bf0ae2b-9c10-4e00-aca8-0990fe946c2b: does not qualify; 1.0 s; peak memory 667 MiB.
2026-10-05T18:20:49Z INFO [616/3239] 5bf0ceb7-5611-40be-92cc-829ba9ab631e: does not qualify; 5.2 s; peak memory 667 MiB.
2026-10-05T18:20:50Z INFO [617/3239] 5bf1e241-59b0-4b22-87b9-d33d130a3486: does not qualify; 0.9 s; peak memory 667 MiB.
2026-10-05T18:20:51Z INFO [618/3239] 5bf1fdcf-154b-448e-808e-8c890566e9c0: does not qualify; 1.0 s; peak memory 667 MiB.
2026-10-05T18:20:52Z INFO [619/3239] 5bf35bb4-de46-4c01-8a60-7cdaad0271a0: does not qualify; 1.2 s; peak memory 667 MiB.
2026-10-05T18:20:55Z INFO [620/3239] 5bf39d5e-1570-4428-9d5c-bab4855d4fa8: does not qualify; 3.2 s; peak memory 667 MiB.
2026-10-05T18:20:56Z INFO [621/3239] 5bf52933-8902-45d6-80c1-745a0d9ad95b: does not qualify; 0.7 s; peak memory 667 MiB.
2026-10-05T18:20:57Z INFO [622/3239] 5bf5edfa-c1ed-4008-a9af-d9add2824c80: does not qualify; 0.9 s; peak memory 667 MiB.
2026-10-05T18:21:00Z INFO [623/3239] 5bf71774-2f30-4a6e-a476-0efad062d191: does not qualify; 3.9 s; peak memory 667 MiB.
2026-10-05T18:21:01Z INFO [624/3239] 5bf8206c-4eee-48f9-917e-b977fbac5457: does not qualify; 0.9 s; peak memory 667 MiB.
2026-10-05T18:21:05Z INFO [625/3239] 5bf8c157-f340-458d-9885-431de60b8388: does not qualify; 4.0 s; peak memory 667 MiB.
2026-10-05T18:21:10Z INFO [626/3239] 5bf919bb-46cf-4ce4-a5e5-1ce97174e1c5: does not qualify; 4.3 s; peak memory 667 MiB.
2026-10-05T18:21:11Z INFO [627/3239] 5bf9fa30-af3b-4371-a051-728a30e597f8: does not qualify; 1.0 s; peak memory 667 MiB.
2026-10-05T18:21:12Z INFO [628/3239] 5bfc50e9-4960-48a4-97f6-0ff4202b0008: does not qualify; 1.1 s; peak memory 667 MiB.
2026-10-05T18:21:16Z INFO [629/3239] 5bfcb454-308c-4b2f-ac29-6c3830342f5f: does not qualify; 4.2 s; peak memory 667 MiB.
2026-10-05T18:21:17Z INFO [630/3239] 5bfcc34c-8296-4d1f-8823-7d45f0e59260: does not qualify; 0.9 s; peak memory 667 MiB.
2026-10-05T18:21:20Z INFO [631/3239] 5bfcc731-3970-4f09-b87b-baa6725ef327: does not qualify; 2.7 s; peak memory 667 MiB.
2026-10-05T18:21:21Z INFO [632/3239] 5bfd14be-49f8-4d4f-9463-57f3b5b2e364: does not qualify; 1.0 s; peak memory 667 MiB.
2026-10-05T18:21:21Z INFO [633/3239] 5bfd833e-ffc6-42ce-baa3-c0b30ff63e17: does not qualify; 0.9 s; peak memory 667 MiB.
2026-10-05T18:21:22Z INFO [634/3239] 5bfe31ea-10b4-4582-a3b6-a02c50503e7f: does not qualify; 0.7 s; peak memory 667 MiB.
2026-10-05T18:21:24Z INFO [635/3239] 5bfed360-88c0-42dc-8468-66bd7f4a2cf3: does not qualify; 1.6 s; peak memory 667 MiB.
2026-10-05T18:21:30Z INFO [636/3239] 5c001a5d-d456-4900-8c34-521da2e7325e: does not qualify; 5.8 s; peak memory 667 MiB.
2026-10-05T18:21:33Z INFO [637/3239] 5c004070-8109-40f9-b9dd-04079207fe06: does not qualify; 3.0 s; peak memory 667 MiB.
2026-10-05T18:21:36Z INFO [638/3239] 5c008616-ffd9-4d22-bd8d-affe83abc7c8: does not qualify; 3.2 s; peak memory 667 MiB.
2026-10-05T18:21:36Z INFO [639/3239] 5c00ebe2-ea74-4654-b086-fd88148ef4b6: does not qualify; 0.7 s; peak memory 667 MiB.
2026-10-05T18:21:37Z INFO [640/3239] 5c012172-0ab1-42c8-b25e-04806bafe9d1: does not qualify; 0.8 s; peak memory 667 MiB.
2026-10-05T18:21:40Z INFO [641/3239] 5c017fe0-1bc9-4999-9593-22eb91567c31: does not qualify; 2.8 s; peak memory 667 MiB.
2026-10-05T18:21:41Z INFO [642/3239] 5c01e742-0dd7-440c-89f4-f31e41ae5c82: does not qualify; 0.6 s; peak memory 667 MiB.
2026-10-05T18:21:42Z INFO [643/3239] 5c01fb4c-2d2e-42b3-b921-74e5f771a7cb: does not qualify; 1.0 s; peak memory 667 MiB.
2026-10-05T18:21:42Z INFO [644/3239] 5c02249f-d40f-4bb4-aba8-13cc27efb71b: does not qualify; 0.7 s; peak memory 667 MiB.
2026-10-05T18:21:43Z INFO [645/3239] 5c025978-e8d6-4657-bc84-d66e2700f1d1: does not qualify; 0.9 s; peak memory 667 MiB.
2026-10-05T18:21:44Z INFO [646/3239] 5c028aab-de24-4fb3-b264-89a6abcdf2bc: does not qualify; 0.9 s; peak memory 667 MiB.
2026-10-05T18:21:45Z INFO [647/3239] 5c029ceb-4b5f-43a2-a2a6-b0509341536e: does not qualify; 0.7 s; peak memory 667 MiB.
2026-10-05T18:21:46Z INFO [648/3239] 5c02bf24-bed9-4c8c-a85c-c1d94b0b7cf0: does not qualify; 0.7 s; peak memory 667 MiB.
2026-10-05T18:21:47Z INFO [649/3239] 5c03c0f3-6bac-415d-b6b8-5d86a2fb25ad: does not qualify; 0.9 s; peak memory 667 MiB.
2026-10-05T18:21:47Z INFO [650/3239] 5c03cb9a-dd82-4cd3-b6ed-80e3351be15d: does not qualify; 0.5 s; peak memory 667 MiB.
2026-10-05T18:21:47Z INFO [650/3239] 5c03cb9a-dd82-4cd3-b6ed-80e3351be15d: checkpointed 72793 records.
2026-10-05T18:21:52Z INFO [651/3239] 5c03e6a3-2ade-4d9e-91f9-1213977906de: does not qualify; 5.1 s; peak memory 667 MiB.
2026-10-05T18:21:59Z INFO [652/3239] 5c042729-69b2-4e67-885e-6e7c92944bbd: does not qualify; 7.0 s; peak memory 667 MiB.
2026-10-05T18:22:00Z INFO [653/3239] 5c042b19-a249-4375-95dc-31363ce1e270: does not qualify; 1.0 s; peak memory 667 MiB.
2026-10-05T18:22:01Z INFO [654/3239] 5c059d92-151f-4486-a149-286fbe29199c: does not qualify; 1.1 s; peak memory 667 MiB.
2026-10-05T18:22:02Z INFO [655/3239] 5c05f406-b2b5-474f-bf6a-56e2773e0127: does not qualify; 1.0 s; peak memory 667 MiB.
2026-10-05T18:22:03Z INFO [656/3239] 5c063f63-afca-4327-9bbc-311922d17f1e: does not qualify; 0.7 s; peak memory 667 MiB.
2026-10-05T18:22:04Z INFO [657/3239] 5c06d2ce-42a1-466b-88b1-5f7a84ffac7c: does not qualify; 0.7 s; peak memory 667 MiB.
2026-10-05T18:22:05Z INFO [658/3239] 5c093d4c-28c4-4218-8cf6-ae3bf71ecf46: does not qualify; 0.9 s; peak memory 667 MiB.
2026-10-05T18:22:06Z INFO [659/3239] 5c0a2239-740e-4643-8da0-58a7d6530147: does not qualify; 0.9 s; peak memory 667 MiB.
2026-10-05T18:22:06Z INFO [660/3239] 5c0a5cf9-9c43-4b46-8522-1f823e443843: does not qualify; 0.6 s; peak memory 667 MiB.
2026-10-05T18:22:07Z INFO [661/3239] 5c0aaf2c-0dbe-4553-bff7-e48f873c7083: does not qualify; 0.6 s; peak memory 667 MiB.
2026-10-05T18:22:07Z INFO [662/3239] 5c0bbea9-8618-41f4-ba4e-d8a61c4a0fdb: does not qualify; 0.7 s; peak memory 667 MiB.
2026-10-05T18:22:08Z INFO [663/3239] 5c0c8a2f-7a13-434f-8101-50d1c3c0145b: does not qualify; 0.8 s; peak memory 667 MiB.
2026-10-05T18:22:09Z INFO [664/3239] 5c0cfc15-693b-46f0-bfd9-a555d6a87f92: does not qualify; 0.5 s; peak memory 667 MiB.
2026-10-05T18:22:09Z INFO [665/3239] 5c0d6614-67be-454d-bdff-54947c9f6a0d: does not qualify; 0.5 s; peak memory 667 MiB.
2026-10-05T18:22:14Z INFO [666/3239] 5c0d88e9-a6e3-4991-9306-123ba39c0fca: does not qualify; 4.4 s; peak memory 674 MiB.
2026-10-05T18:22:14Z INFO [667/3239] 5c0dfc7a-eb5b-4db9-bb8d-320b3e516491: does not qualify; 0.8 s; peak memory 674 MiB.
2026-10-05T18:22:15Z INFO [668/3239] 5c0e7ccf-b76b-4d0a-80c1-c51073927244: does not qualify; 0.8 s; peak memory 674 MiB.
2026-10-05T18:22:16Z INFO [669/3239] 5c10b147-f51a-42ac-85e0-3bae64473ce2: does not qualify; 0.8 s; peak memory 674 MiB.
2026-10-05T18:22:17Z INFO [670/3239] 5c10e5c3-a8d4-4fdc-8b69-0297d396a7b7: does not qualify; 0.5 s; peak memory 674 MiB.
2026-10-05T18:22:17Z INFO [671/3239] 5c111dd4-b200-4c95-bd11-f2319c2cc108: does not qualify; 0.8 s; peak memory 674 MiB.
2026-10-05T18:22:21Z INFO [672/3239] 5c1123e4-f9bf-405b-a604-f05fb94b0cdd: does not qualify; 4.0 s; peak memory 674 MiB.
2026-10-05T18:22:22Z INFO [673/3239] 5c1159db-bba4-4e25-87f5-7ec9f4300ef8: does not qualify; 1.1 s; peak memory 674 MiB.
2026-10-05T18:22:23Z INFO [674/3239] 5c116a5a-1ea7-4532-968f-7eebb08c0c82: does not qualify; 0.8 s; peak memory 674 MiB.
2026-10-05T18:22:24Z INFO [675/3239] 5c11987a-0c41-4a62-b086-4ee2b966597e: does not qualify; 1.2 s; peak memory 674 MiB.
2026-10-05T18:22:25Z INFO [676/3239] 5c129d77-0a20-420b-b3cf-9a0b17038e63: does not qualify; 0.8 s; peak memory 674 MiB.
2026-10-05T18:22:27Z INFO [677/3239] 5c134a14-157f-4349-a2ae-f46d105ca9a7: does not qualify; 1.7 s; peak memory 674 MiB.
2026-10-05T18:22:27Z INFO [678/3239] 5c151a84-81c3-4ba6-be4b-df781053ee0b: does not qualify; 0.4 s; peak memory 674 MiB.
2026-10-05T18:22:28Z INFO [679/3239] 5c15377c-bd05-47c6-95dc-319beb3be58a: does not qualify; 0.7 s; peak memory 674 MiB.
2026-10-05T18:22:29Z INFO [680/3239] 5c155a1d-0769-447e-aedd-ef3b7455f78f: does not qualify; 0.7 s; peak memory 674 MiB.
2026-10-05T18:22:30Z INFO [681/3239] 5c158b5a-0777-4292-9627-065c47303670: does not qualify; 0.7 s; peak memory 674 MiB.
2026-10-05T18:22:30Z INFO [682/3239] 5c163254-85be-4233-bfe0-ec5147526919: does not qualify; 0.8 s; peak memory 674 MiB.
2026-10-05T18:22:31Z INFO [683/3239] 5c16e65f-478c-4acd-acc5-2685c98e2111: does not qualify; 1.0 s; peak memory 674 MiB.
2026-10-05T18:22:32Z INFO [684/3239] 5c175e18-87f6-4bcc-a6bb-c2e2ce8282d1: does not qualify; 1.0 s; peak memory 674 MiB.
2026-10-05T18:22:33Z INFO [685/3239] 5c181a7b-d25d-4b46-93de-d060c57a827d: does not qualify; 0.8 s; peak memory 674 MiB.
2026-10-05T18:22:34Z INFO [686/3239] 5c182463-d3b4-4893-9a3c-b3064247b66a: does not qualify; 0.7 s; peak memory 674 MiB.
2026-10-05T18:22:35Z INFO [687/3239] 5c185ae2-89ed-4473-a0ff-9a0039802490: does not qualify; 0.7 s; peak memory 674 MiB.
2026-10-05T18:22:38Z INFO [688/3239] 5c190841-d0b7-492b-8315-e96f2681b694: does not qualify; 3.3 s; peak memory 674 MiB.
2026-10-05T18:22:40Z INFO [689/3239] 5c192dec-f65b-4ea3-84ad-0508b7274c5c: does not qualify; 1.7 s; peak memory 674 MiB.
2026-10-05T18:22:40Z INFO [690/3239] 5c19f912-18b9-4be2-bc3c-1b76fa91c301: does not qualify; 0.6 s; peak memory 674 MiB.
2026-10-05T18:22:44Z INFO [691/3239] 5c1a0ed7-75cb-4110-abf1-68f75f431f1a: does not qualify; 3.8 s; peak memory 674 MiB.
2026-10-05T18:22:45Z INFO [692/3239] 5c1a1f2e-7aba-4811-8ecc-cd2363f608ab: does not qualify; 1.0 s; peak memory 674 MiB.
2026-10-05T18:22:49Z INFO [693/3239] 5c1a3f0e-24b5-4c42-91e4-95854d81e2c3: does not qualify; 3.6 s; peak memory 674 MiB.
2026-10-05T18:22:49Z INFO [694/3239] 5c1ab9c5-009a-45fe-b3f8-7bf317aedcea: does not qualify; 0.7 s; peak memory 674 MiB.
2026-10-05T18:22:50Z INFO [695/3239] 5c1b1ff5-077a-4bdf-99b8-5dbfd5b63c4f: does not qualify; 0.5 s; peak memory 674 MiB.
2026-10-05T18:22:56Z INFO [696/3239] 5c1d2434-5fd2-47f3-a8b6-ce79934aaead: does not qualify; 6.1 s; peak memory 674 MiB.
2026-10-05T18:22:57Z INFO [697/3239] 5c1d30a6-90ba-45de-803c-23000c3d4810: does not qualify; 0.7 s; peak memory 674 MiB.
2026-10-05T18:23:00Z INFO [698/3239] 5c1d508b-ce63-4cad-9daa-c02e0b018a0c: does not qualify; 2.9 s; peak memory 674 MiB.
2026-10-05T18:23:00Z INFO [699/3239] 5c1ea790-a86c-42e7-8297-85f1af904015: does not qualify; 0.9 s; peak memory 674 MiB.
2026-10-05T18:23:01Z INFO [700/3239] 5c1ebb53-38ca-4978-ab37-bec25a8d7f9d: does not qualify; 0.8 s; peak memory 674 MiB.
2026-10-05T18:23:01Z INFO [700/3239] 5c1ebb53-38ca-4978-ab37-bec25a8d7f9d: checkpointed 72843 records.
2026-10-05T18:23:03Z INFO [701/3239] 5c1f3d3f-0a63-4400-b129-321e6ae8a1b5: does not qualify; 1.4 s; peak memory 674 MiB.
2026-10-05T18:23:07Z INFO [702/3239] 5c20a901-950c-41a7-a11c-6faa376f847a: does not qualify; 3.9 s; peak memory 674 MiB.
2026-10-05T18:23:12Z INFO [703/3239] 5c225b07-f066-4d3d-a0f0-90a735d8cd49: does not qualify; 5.6 s; peak memory 674 MiB.
2026-10-05T18:23:13Z INFO [704/3239] 5c241404-381f-41bb-87a0-75a18546a47e: does not qualify; 0.8 s; peak memory 674 MiB.
2026-10-05T18:23:14Z INFO [705/3239] 5c24f7f8-5446-4fbd-b46c-7bbbb5985c25: does not qualify; 1.1 s; peak memory 674 MiB.
2026-10-05T18:23:15Z INFO [706/3239] 5c257e00-d662-4223-8d82-43846cc18931: does not qualify; 0.8 s; peak memory 674 MiB.
2026-10-05T18:23:16Z INFO [707/3239] 5c25a6ca-4b47-4492-b2e2-2dd829d9fbca: does not qualify; 0.6 s; peak memory 674 MiB.
2026-10-05T18:23:17Z INFO [708/3239] 5c2656fb-69bc-4089-9369-cd05d86cc51e: does not qualify; 1.0 s; peak memory 674 MiB.
2026-10-05T18:23:18Z INFO [709/3239] 5c26a8ee-af78-4ad0-9f85-fc90314c54ba: does not qualify; 1.6 s; peak memory 674 MiB.
2026-10-05T18:23:25Z INFO [710/3239] 5c273f54-fa1e-401e-9b7a-30b531b388d2: does not qualify; 7.1 s; peak memory 674 MiB.
2026-10-05T18:23:26Z INFO [711/3239] 5c277868-9950-4c26-b83c-de339ea1765e: does not qualify; 1.0 s; peak memory 674 MiB.
2026-10-05T18:23:27Z INFO [712/3239] 5c280da9-1d44-420a-bfc6-a2b19f5be733: does not qualify; 0.9 s; peak memory 674 MiB.
2026-10-05T18:23:29Z INFO [713/3239] 5c2881c0-0d6f-4c85-812c-03b3f4fc1ae3: does not qualify; 1.8 s; peak memory 674 MiB.
2026-10-05T18:23:30Z INFO [714/3239] 5c29d017-474f-4341-bfb6-a56152a22051: does not qualify; 0.6 s; peak memory 674 MiB.
2026-10-05T18:23:34Z INFO [715/3239] 5c2a04f9-eefa-49bc-8c5b-2cb525e76ce7: does not qualify; 4.7 s; peak memory 674 MiB.
2026-10-05T18:23:35Z INFO [716/3239] 5c2b7f07-2ae8-44a1-882f-9824c09f8c94: does not qualify; 0.7 s; peak memory 674 MiB.
2026-10-05T18:23:40Z INFO [717/3239] 5c2c4c54-d57f-453d-81fb-377e37f43b21: does not qualify; 4.9 s; peak memory 674 MiB.
2026-10-05T18:23:41Z INFO [718/3239] 5c2d1ba4-10cf-498b-9145-2bb6357874cb: does not qualify; 0.8 s; peak memory 674 MiB.
2026-10-05T18:23:41Z INFO [719/3239] 5c2e67ea-d72b-41f5-bedd-c28d71b1f4c5: does not qualify; 0.7 s; peak memory 674 MiB.
2026-10-05T18:23:42Z INFO [720/3239] 5c2eae49-850d-4fde-9627-5ab23d77ca81: does not qualify; 0.8 s; peak memory 674 MiB.
2026-10-05T18:23:44Z INFO [721/3239] 5c311274-b39e-4a4d-98c1-94872b228998: does not qualify; 2.2 s; peak memory 674 MiB.
2026-10-05T18:23:45Z INFO [722/3239] 5c313e7d-60b5-4fa7-a114-495409df5850: does not qualify; 0.8 s; peak memory 674 MiB.
2026-10-05T18:23:46Z INFO [723/3239] 5c314796-05c8-4f9e-98fb-0f86f50ba0ea: does not qualify; 0.8 s; peak memory 674 MiB.
2026-10-05T18:23:47Z INFO [724/3239] 5c3197d6-851d-4339-8183-fa750903e9a9: does not qualify; 0.7 s; peak memory 674 MiB.
2026-10-05T18:23:47Z INFO [725/3239] 5c31c71d-bb35-4960-a55f-305081f412c1: does not qualify; 0.5 s; peak memory 674 MiB.
2026-10-05T18:23:48Z INFO [726/3239] 5c31d586-495b-449f-8c5c-803e0649976a: does not qualify; 0.9 s; peak memory 674 MiB.
2026-10-05T18:23:50Z INFO [727/3239] 5c31ed03-2622-4c22-a8bc-3f2910ec51fc: does not qualify; 1.7 s; peak memory 674 MiB.
2026-10-05T18:23:53Z INFO [728/3239] 5c324f8d-e0d1-4d85-8e22-90b10796acc6: does not qualify; 2.8 s; peak memory 674 MiB.
2026-10-05T18:23:53Z INFO [729/3239] 5c325c4e-463d-4552-a064-b622cfe39ba0: does not qualify; 0.7 s; peak memory 674 MiB.
2026-10-05T18:23:55Z INFO [730/3239] 5c335901-6fe7-4ba5-9134-3a179c4df45c: does not qualify; 1.4 s; peak memory 674 MiB.
2026-10-05T18:23:55Z INFO [731/3239] 5c33e3e2-4233-4e9d-b8db-c3e4ebe95668: does not qualify; 0.7 s; peak memory 674 MiB.
2026-10-05T18:23:57Z INFO [732/3239] 5c340e00-79db-4f02-8cdb-f144c3addd93: does not qualify; 1.2 s; peak memory 674 MiB.
2026-10-05T18:23:57Z INFO [733/3239] 5c3453db-b52b-46ae-b123-5e6fcb688ca4: does not qualify; 0.7 s; peak memory 674 MiB.
2026-10-05T18:23:59Z INFO [734/3239] 5c352535-25b8-4652-9b4e-0db9735e2b6c: does not qualify; 1.1 s; peak memory 674 MiB.
2026-10-05T18:23:59Z INFO [735/3239] 5c36b37f-8182-4a38-bf4f-db9e43de884e: does not qualify; 0.7 s; peak memory 674 MiB.
2026-10-05T18:24:08Z INFO [736/3239] 5c36c54b-afd5-48d2-a796-071a0b330852: qualifies; 8.5 s; peak memory 674 MiB.
2026-10-05T18:24:09Z INFO [737/3239] 5c36ee23-0487-45d8-9583-61978827f50f: does not qualify; 1.1 s; peak memory 674 MiB.
2026-10-05T18:24:10Z INFO [738/3239] 5c37dcd3-425f-4eac-b300-facadf31634b: does not qualify; 0.8 s; peak memory 674 MiB.
2026-10-05T18:24:11Z INFO [739/3239] 5c386315-453d-4c37-ba35-b0ae31b83974: does not qualify; 0.9 s; peak memory 674 MiB.
2026-10-05T18:24:11Z INFO [740/3239] 5c393e26-9978-4c8d-88a2-858fd04962e8: does not qualify; 0.7 s; peak memory 674 MiB.
2026-10-05T18:24:13Z INFO [741/3239] 5c3a7c8c-3ef7-4150-ba5f-2fe379be48e6: qualifies; 1.4 s; peak memory 674 MiB.
2026-10-05T18:24:13Z INFO [742/3239] 5c3af65c-75ab-4744-a68d-5c31dff1aeee: does not qualify; 0.6 s; peak memory 674 MiB.
2026-10-05T18:24:14Z INFO [743/3239] 5c3c0efe-c14b-4ae4-a2c8-47630301f903: does not qualify; 0.4 s; peak memory 674 MiB.
2026-10-05T18:24:15Z INFO [744/3239] 5c3c1941-40f9-4a0e-891f-0d09e0f02235: qualifies; 1.1 s; peak memory 674 MiB.
2026-10-05T18:24:15Z INFO [745/3239] 5c3c2d37-de42-44a6-abfa-0d3e0d5654e8: does not qualify; 0.7 s; peak memory 674 MiB.
2026-10-05T18:24:16Z INFO [746/3239] 5c3c6042-8180-4756-a171-06ccbac1c407: does not qualify; 0.8 s; peak memory 674 MiB.
2026-10-05T18:24:17Z INFO [747/3239] 5c3cace8-7673-4719-a013-865d3c8d8b7a: does not qualify; 0.8 s; peak memory 674 MiB.
2026-10-05T18:24:18Z INFO [748/3239] 5c3caf18-85c4-4b3b-925f-9bf1b113e2cd: does not qualify; 0.5 s; peak memory 674 MiB.
2026-10-05T18:24:18Z INFO [749/3239] 5c3cd797-70cb-4d52-ba63-b35951ce3d1d: does not qualify; 0.7 s; peak memory 674 MiB.
2026-10-05T18:24:19Z INFO [750/3239] 5c3d2b87-0b7a-43d2-b703-d60b1f990374: does not qualify; 0.8 s; peak memory 674 MiB.
2026-10-05T18:24:19Z INFO [750/3239] 5c3d2b87-0b7a-43d2-b703-d60b1f990374: checkpointed 72893 records.
2026-10-05T18:24:20Z INFO [751/3239] 5c3dc2d1-bda7-4226-a558-6ba382cb9868: does not qualify; 1.2 s; peak memory 674 MiB.
2026-10-05T18:24:21Z INFO [752/3239] 5c3dceb5-7430-42fe-abda-ac0170631f14: does not qualify; 0.8 s; peak memory 674 MiB.
2026-10-05T18:24:23Z INFO [753/3239] 5c3e9ab7-82eb-405c-8e7c-04ae2c2b71e5: does not qualify; 1.6 s; peak memory 674 MiB.
2026-10-05T18:24:24Z INFO [754/3239] 5c3f0048-3ee3-4c6b-a055-ed0b3d6d548a: does not qualify; 1.0 s; peak memory 674 MiB.
2026-10-05T18:24:24Z INFO [755/3239] 5c3f3d6e-2cb5-41bb-99d8-dff31ae15ca8: does not qualify; 0.5 s; peak memory 674 MiB.
2026-10-05T18:24:25Z INFO [756/3239] 5c3f8044-8838-4650-915a-5ac88d637ea4: does not qualify; 0.9 s; peak memory 674 MiB.
2026-10-05T18:24:26Z INFO [757/3239] 5c3fe1fa-43e1-4bb9-aed8-668b67a616fd: does not qualify; 0.8 s; peak memory 674 MiB.
2026-10-05T18:24:29Z INFO [758/3239] 5c3fe5eb-aceb-4a9a-8b63-94a47f2e0b51: does not qualify; 3.0 s; peak memory 674 MiB.
2026-10-05T18:24:30Z INFO [759/3239] 5c40596d-ddf6-4efe-8707-6757455004ff: does not qualify; 1.3 s; peak memory 674 MiB.
2026-10-05T18:24:32Z INFO [760/3239] 5c4204d2-6d74-45c6-8df2-5802ab5c9c16: does not qualify; 1.4 s; peak memory 674 MiB.
2026-10-05T18:24:32Z INFO [761/3239] 5c42052b-2dbf-493e-b722-e2d77fc9c53b: does not qualify; 0.8 s; peak memory 674 MiB.
2026-10-05T18:24:33Z INFO [762/3239] 5c42d40c-5059-4ed1-99dc-6c3393b88692: does not qualify; 0.7 s; peak memory 674 MiB.
2026-10-05T18:24:38Z INFO [763/3239] 5c42ffc3-cf53-45de-b514-66ffd55c7452: does not qualify; 5.3 s; peak memory 674 MiB.
2026-10-05T18:24:39Z INFO [764/3239] 5c430f05-ee79-4f32-8e36-5a8a3d64b6c3: does not qualify; 0.6 s; peak memory 674 MiB.
2026-10-05T18:24:40Z INFO [765/3239] 5c433163-0275-4a4c-aadd-eacf1739006e: does not qualify; 1.0 s; peak memory 674 MiB.
2026-10-05T18:24:41Z INFO [766/3239] 5c444180-7eef-41db-8280-b0cd1776d7ca: does not qualify; 0.8 s; peak memory 674 MiB.
2026-10-05T18:24:41Z INFO [767/3239] 5c4450e1-2777-4d01-8a33-175610d79c6e: does not qualify; 0.5 s; peak memory 674 MiB.
2026-10-05T18:24:42Z INFO [768/3239] 5c446c8d-3c59-434b-98f6-e2e1d90c1283: does not qualify; 1.1 s; peak memory 674 MiB.
2026-10-05T18:24:43Z INFO [769/3239] 5c4495b2-58d8-412b-8581-5a35ae08a339: does not qualify; 0.6 s; peak memory 674 MiB.
2026-10-05T18:24:44Z INFO [770/3239] 5c450628-3bd6-4bab-b89c-cf546c1daaa8: does not qualify; 0.5 s; peak memory 674 MiB.
2026-10-05T18:24:45Z INFO [771/3239] 5c45426a-ec8e-4db7-bdf4-43bb3c5fcd74: does not qualify; 1.1 s; peak memory 674 MiB.
2026-10-05T18:24:45Z INFO [772/3239] 5c457105-c246-468f-8300-ea1437024c10: does not qualify; 0.9 s; peak memory 674 MiB.
2026-10-05T18:25:03Z INFO [773/3239] 5c458f66-ebed-45e2-8b8e-4143d3af9820: does not qualify; 17.3 s; peak memory 759 MiB.
2026-10-05T18:25:04Z INFO [774/3239] 5c472f92-203e-4c23-804e-6af895472bce: does not qualify; 1.3 s; peak memory 759 MiB.
2026-10-05T18:25:05Z INFO [775/3239] 5c473bc9-579d-41fa-b4cc-282f8fd68a23: does not qualify; 1.0 s; peak memory 759 MiB.
2026-10-05T18:25:06Z INFO [776/3239] 5c47e1f5-e8ba-4692-90d9-1c06f1e8bc0e: does not qualify; 0.7 s; peak memory 759 MiB.
2026-10-05T18:25:07Z INFO [777/3239] 5c493c49-83b8-47b2-88c4-b31c2ecef790: does not qualify; 0.7 s; peak memory 759 MiB.
2026-10-05T18:25:07Z INFO [778/3239] 5c49d38f-67d2-458d-8b53-cf1c70ce7029: does not qualify; 0.7 s; peak memory 759 MiB.
2026-10-05T18:25:08Z INFO [779/3239] 5c4aabd8-8c18-4e99-82e9-c217818918bf: does not qualify; 1.0 s; peak memory 759 MiB.
2026-10-05T18:25:09Z INFO [780/3239] 5c4b4dcf-fc08-4a6e-b506-e60bacc5bd52: does not qualify; 0.5 s; peak memory 759 MiB.
2026-10-05T18:25:09Z INFO [781/3239] 5c4ba773-7f45-4216-a917-4b1f2a1bdd99: does not qualify; 0.7 s; peak memory 759 MiB.
2026-10-05T18:25:10Z INFO [782/3239] 5c4bcd1e-590f-4b14-bbd2-5cc3000fd002: does not qualify; 0.8 s; peak memory 759 MiB.
2026-10-05T18:25:11Z INFO [783/3239] 5c4c0b89-1865-4180-9b18-9f9cb7958184: does not qualify; 0.6 s; peak memory 759 MiB.
2026-10-05T18:25:11Z INFO [784/3239] 5c4d082e-49cd-4f24-ac7b-736939109b1f: does not qualify; 0.5 s; peak memory 759 MiB.
2026-10-05T18:25:13Z INFO [785/3239] 5c4d9960-6e6a-4139-baeb-ceb7b4c15d99: does not qualify; 1.2 s; peak memory 759 MiB.
2026-10-05T18:25:14Z INFO [786/3239] 5c4e2cbe-e80e-49b1-be7c-3d1dd7ab3653: does not qualify; 1.6 s; peak memory 759 MiB.
2026-10-05T18:25:16Z INFO [787/3239] 5c4e73ba-93f2-4005-b7ac-0d0ee9069bb0: does not qualify; 1.5 s; peak memory 759 MiB.
2026-10-05T18:25:22Z INFO [788/3239] 5c521a46-3a76-4af2-9158-c768937d0d51: does not qualify; 6.5 s; peak memory 759 MiB.
2026-10-05T18:25:23Z INFO [789/3239] 5c52c380-9398-443a-824c-b2b4e5a7e489: does not qualify; 0.7 s; peak memory 759 MiB.
2026-10-05T18:25:24Z INFO [790/3239] 5c52e395-d7d2-40a4-b9dc-ddd7c79a4f54: does not qualify; 0.8 s; peak memory 759 MiB.
2026-10-05T18:25:24Z INFO [791/3239] 5c52fbc9-e592-43df-ba02-68e9bbbc75ac: does not qualify; 0.6 s; peak memory 759 MiB.
2026-10-05T18:25:25Z INFO [792/3239] 5c5302c1-ead5-4ee1-8f2a-4d917ebeab70: does not qualify; 0.7 s; peak memory 759 MiB.
2026-10-05T18:25:26Z INFO [793/3239] 5c53033a-15e4-4985-bb02-8819953a7db1: does not qualify; 0.7 s; peak memory 759 MiB.
2026-10-05T18:25:26Z INFO [794/3239] 5c5310df-4658-4580-8e23-f554c8f5d612: does not qualify; 0.5 s; peak memory 759 MiB.
2026-10-05T18:25:27Z INFO [795/3239] 5c533b4c-f214-4d5c-ad9c-2b4be53fdb76: does not qualify; 0.6 s; peak memory 759 MiB.
2026-10-05T18:25:30Z INFO [796/3239] 5c54ec09-8e2f-4524-868b-f5bd8b08dc6c: does not qualify; 3.4 s; peak memory 759 MiB.
2026-10-05T18:25:31Z INFO [797/3239] 5c5590f9-923e-4465-adae-2dec29d741c5: does not qualify; 0.6 s; peak memory 759 MiB.
2026-10-05T18:25:32Z INFO [798/3239] 5c5599a1-ae9b-4c38-bfa7-048966ca50ee: does not qualify; 1.6 s; peak memory 759 MiB.
2026-10-05T18:25:33Z INFO [799/3239] 5c56d4f1-54d0-431b-a8a0-2c2ed0779c4c: does not qualify; 0.7 s; peak memory 759 MiB.
2026-10-05T18:25:34Z INFO [800/3239] 5c56e40d-1ee8-43fc-a183-6b8184ffcfa0: does not qualify; 0.8 s; peak memory 759 MiB.
2026-10-05T18:25:34Z INFO [800/3239] 5c56e40d-1ee8-43fc-a183-6b8184ffcfa0: checkpointed 72943 records.
2026-10-05T18:25:35Z INFO [801/3239] 5c576877-85a5-43b1-9f80-0a375a9eb25c: does not qualify; 0.7 s; peak memory 759 MiB.
2026-10-05T18:25:40Z INFO [802/3239] 5c578f12-2ed7-4587-babe-be4514202ded: does not qualify; 5.2 s; peak memory 759 MiB.
2026-10-05T18:25:41Z INFO [803/3239] 5c579560-40ef-48ef-9603-a1e912aa8685: does not qualify; 0.7 s; peak memory 759 MiB.
2026-10-05T18:25:41Z INFO [804/3239] 5c57b0df-59b0-4e66-a909-e507e076bcfb: does not qualify; 0.6 s; peak memory 759 MiB.
2026-10-05T18:25:42Z INFO [805/3239] 5c59859f-8f47-4c62-b89c-1a40983b1731: does not qualify; 0.7 s; peak memory 759 MiB.
2026-10-05T18:25:43Z INFO [806/3239] 5c59b45d-67fa-491a-b8d0-e13a2379845c: does not qualify; 0.9 s; peak memory 759 MiB.
2026-10-05T18:25:44Z INFO [807/3239] 5c5ba1cd-d2dd-4e9e-a8e1-5ba2441a3bee: does not qualify; 0.9 s; peak memory 759 MiB.
2026-10-05T18:25:44Z INFO [808/3239] 5c5da4dd-d12f-4d4e-ad7a-f67b661cdc87: does not qualify; 0.6 s; peak memory 759 MiB.
2026-10-05T18:25:46Z INFO [809/3239] 5c5dbfe1-ebd2-4cee-ba01-a49fa9a1a528: qualifies; 1.4 s; peak memory 759 MiB.
2026-10-05T18:25:47Z INFO [810/3239] 5c5dd2c1-792e-4a1f-8fe6-e9f73678e221: does not qualify; 1.1 s; peak memory 759 MiB.
2026-10-05T18:25:48Z INFO [811/3239] 5c5efdec-ac93-494b-9262-100f6080d046: does not qualify; 0.7 s; peak memory 759 MiB.
2026-10-05T18:25:48Z INFO [812/3239] 5c5f2f82-7a22-46c0-b35c-6f96183c757c: does not qualify; 0.4 s; peak memory 759 MiB.
2026-10-05T18:25:49Z INFO [813/3239] 5c5fa1f0-fe65-47ab-b519-3c544fb19f35: does not qualify; 1.0 s; peak memory 759 MiB.
2026-10-05T18:25:50Z INFO [814/3239] 5c610203-1446-4565-bfb5-35456cf9970b: does not qualify; 0.7 s; peak memory 759 MiB.
2026-10-05T18:25:52Z INFO [815/3239] 5c614685-ce34-48b2-a425-08db9f53cd43: does not qualify; 1.8 s; peak memory 759 MiB.
2026-10-05T18:25:52Z INFO [816/3239] 5c6165e4-4ad0-4e15-aff9-cff4d0ecede8: does not qualify; 0.7 s; peak memory 759 MiB.
2026-10-05T18:25:53Z INFO [817/3239] 5c61a3bd-991c-4ab6-a647-4c9699da4e6a: does not qualify; 1.1 s; peak memory 759 MiB.
2026-10-05T18:25:54Z INFO [818/3239] 5c621e7f-ea32-4c98-be83-59d5478c27e7: does not qualify; 0.8 s; peak memory 759 MiB.
2026-10-05T18:25:55Z INFO [819/3239] 5c62b855-b16f-418d-b849-3fb787de676c: does not qualify; 0.8 s; peak memory 759 MiB.
2026-10-05T18:25:56Z INFO [820/3239] 5c632395-d636-4ebb-8207-699acb6f25ac: does not qualify; 0.9 s; peak memory 759 MiB.
2026-10-05T18:25:57Z INFO [821/3239] 5c638d4e-5689-4656-959c-3c7bd55cabf9: does not qualify; 1.5 s; peak memory 759 MiB.
2026-10-05T18:25:59Z INFO [822/3239] 5c64d4b7-c955-4cba-a1a7-896c8b0e45d7: does not qualify; 1.7 s; peak memory 759 MiB.
2026-10-05T18:25:59Z INFO [823/3239] 5c64e008-06f1-4ff9-ad6b-1f8a247213ff: does not qualify; 0.4 s; peak memory 759 MiB.
2026-10-05T18:26:00Z INFO [824/3239] 5c666ba9-e7e3-45f0-95cb-8a1b58e04b99: does not qualify; 0.7 s; peak memory 759 MiB.
2026-10-05T18:26:00Z INFO [825/3239] 5c678161-bfb1-4817-a914-fe6a7cf4061e: does not qualify; 0.4 s; peak memory 759 MiB.
2026-10-05T18:26:01Z INFO [826/3239] 5c67889f-2d80-4dac-a8ba-46f4485c14bf: does not qualify; 0.8 s; peak memory 759 MiB.
2026-10-05T18:26:03Z INFO [827/3239] 5c681122-208e-4545-920f-dccbf8fce4ba: does not qualify; 1.3 s; peak memory 759 MiB.
2026-10-05T18:26:03Z INFO [828/3239] 5c686a67-f4a8-453c-99dd-a544d02cccb2: does not qualify; 0.8 s; peak memory 759 MiB.
2026-10-05T18:26:04Z INFO [829/3239] 5c688c78-7af8-4888-afaf-de49209ba87d: does not qualify; 0.8 s; peak memory 759 MiB.
2026-10-05T18:26:05Z INFO [830/3239] 5c68c803-9ee9-49d8-8e82-df2044bbb173: does not qualify; 1.3 s; peak memory 759 MiB.
2026-10-05T18:26:10Z INFO [831/3239] 5c695859-f207-411d-a3d8-9795b9d7091a: does not qualify; 5.0 s; peak memory 759 MiB.
2026-10-05T18:26:16Z INFO [832/3239] 5c699fba-8f42-49b2-9971-31bb91ebddb1: does not qualify; 5.4 s; peak memory 759 MiB.
2026-10-05T18:26:19Z INFO [833/3239] 5c69bf71-c682-4379-800f-8e60b9ebd37f: does not qualify; 3.1 s; peak memory 759 MiB.
2026-10-05T18:26:23Z INFO [834/3239] 5c6a0778-da43-44f9-9483-edb95ae27acd: does not qualify; 3.8 s; peak memory 759 MiB.
2026-10-05T18:26:24Z INFO [835/3239] 5c6a1617-03b9-4689-8751-f77bfd663fb3: does not qualify; 0.8 s; peak memory 759 MiB.
2026-10-05T18:26:25Z INFO [836/3239] 5c6b57ed-25dc-4534-a9f9-0c7eb3654a15: does not qualify; 1.0 s; peak memory 759 MiB.
2026-10-05T18:26:26Z INFO [837/3239] 5c6bea3f-219b-432e-9999-3bde06f53d09: does not qualify; 1.0 s; peak memory 759 MiB.
2026-10-05T18:26:26Z INFO [838/3239] 5c6beeae-9c37-4ed3-887e-12dea006c09e: does not qualify; 0.8 s; peak memory 759 MiB.
2026-10-05T18:26:27Z INFO [839/3239] 5c6bf19c-438c-492c-81eb-4915cefd46a7: does not qualify; 0.5 s; peak memory 759 MiB.
2026-10-05T18:26:28Z INFO [840/3239] 5c6cccd7-63a1-45e3-967c-2ff813c2dfe9: does not qualify; 0.6 s; peak memory 759 MiB.
2026-10-05T18:26:33Z INFO [841/3239] 5c6d736a-e60a-402f-ab22-07c8fb030580: does not qualify; 5.0 s; peak memory 759 MiB.
2026-10-05T18:26:34Z INFO [842/3239] 5c6dba10-32e7-4d8f-9f74-7747397a0b4a: does not qualify; 1.5 s; peak memory 759 MiB.
2026-10-05T18:26:41Z INFO [843/3239] 5c6e145a-852c-4b9d-bb26-8414b0de822c: does not qualify; 7.1 s; peak memory 759 MiB.
2026-10-05T18:26:42Z INFO [844/3239] 5c6f4af2-91d1-48c1-8cb9-ea5737e73054: does not qualify; 0.8 s; peak memory 759 MiB.
2026-10-05T18:26:44Z INFO [845/3239] 5c6f50ae-319c-430e-8301-00a0b081be7f: does not qualify; 1.5 s; peak memory 759 MiB.
2026-10-05T18:26:45Z INFO [846/3239] 5c700a93-e2b7-4434-b37a-cf68a0ba079d: does not qualify; 1.2 s; peak memory 759 MiB.
2026-10-05T18:26:46Z INFO [847/3239] 5c70e102-3c82-42ab-b9d3-a64d4295944f: does not qualify; 0.8 s; peak memory 759 MiB.
2026-10-05T18:26:47Z INFO [848/3239] 5c70f824-c4aa-4d6d-9108-81a84a240016: does not qualify; 1.3 s; peak memory 759 MiB.
2026-10-05T18:26:48Z INFO [849/3239] 5c711b24-8b43-4b91-b395-a4d0d30aaa2f: does not qualify; 1.1 s; peak memory 759 MiB.
2026-10-05T18:26:49Z INFO [850/3239] 5c716e16-95f1-4507-ad86-01544c2ab0af: does not qualify; 0.6 s; peak memory 759 MiB.
2026-10-05T18:26:49Z INFO [850/3239] 5c716e16-95f1-4507-ad86-01544c2ab0af: checkpointed 72993 records.
2026-10-05T18:26:53Z INFO [851/3239] 5c72775e-3866-4be2-bb41-b36c7c92ed68: does not qualify; 3.8 s; peak memory 759 MiB.
2026-10-05T18:26:53Z INFO [852/3239] 5c72c5d1-a473-44ef-a933-5c7bbf0c1a02: does not qualify; 0.4 s; peak memory 759 MiB.
2026-10-05T18:26:58Z INFO [853/3239] 5c72ce54-87f2-4993-a889-0451928f31ce: does not qualify; 5.0 s; peak memory 759 MiB.
2026-10-05T18:26:59Z INFO [854/3239] 5c736a14-2af7-4dbc-9d5c-37cc64929b6a: does not qualify; 1.4 s; peak memory 759 MiB.
2026-10-05T18:27:00Z INFO [855/3239] 5c73942b-c8cc-4c6f-83b2-7685eb384ee2: does not qualify; 0.9 s; peak memory 759 MiB.
2026-10-05T18:27:01Z INFO [856/3239] 5c73ef0d-1424-4a53-a116-bd6e1f9f79bb: does not qualify; 1.0 s; peak memory 759 MiB.
2026-10-05T18:27:02Z INFO [857/3239] 5c7408ef-78d9-48dc-b532-98f75e8abc5c: does not qualify; 0.7 s; peak memory 759 MiB.
2026-10-05T18:27:03Z INFO [858/3239] 5c742015-c82e-4803-8561-5bfa2119a9cc: does not qualify; 0.7 s; peak memory 759 MiB.
2026-10-05T18:27:04Z INFO [859/3239] 5c756c06-d006-4f81-a199-3aea3cca656a: does not qualify; 0.8 s; peak memory 759 MiB.
2026-10-05T18:27:04Z INFO [860/3239] 5c757b32-845d-4280-9015-c43f6229c018: does not qualify; 0.6 s; peak memory 759 MiB.
2026-10-05T18:27:05Z INFO [861/3239] 5c75c83f-710d-42af-9726-051baece7002: does not qualify; 0.7 s; peak memory 759 MiB.
2026-10-05T18:27:06Z INFO [862/3239] 5c765820-2dcd-4daf-8187-1a44e8749fec: does not qualify; 0.7 s; peak memory 759 MiB.
2026-10-05T18:27:06Z INFO [863/3239] 5c76bd4a-6cba-4424-92c0-0963b8729946: does not qualify; 0.6 s; peak memory 759 MiB.
2026-10-05T18:27:16Z INFO [864/3239] 5c77e1b0-5432-4265-80db-b74319cd5463: does not qualify; 10.1 s; peak memory 759 MiB.
2026-10-05T18:27:17Z INFO [865/3239] 5c784d8d-161e-41db-8244-d7fbda135ffc: does not qualify; 0.7 s; peak memory 759 MiB.
2026-10-05T18:27:21Z INFO [866/3239] 5c784f65-9c2d-4f4a-b6b6-1f64627dd5e6: does not qualify; 4.2 s; peak memory 759 MiB.
2026-10-05T18:27:23Z INFO [867/3239] 5c79ef8d-ad11-48f6-b7ee-93e766df6633: does not qualify; 1.6 s; peak memory 759 MiB.
2026-10-05T18:27:24Z INFO [868/3239] 5c7a3e87-87da-4236-8bf3-871752eee913: does not qualify; 0.8 s; peak memory 759 MiB.
2026-10-05T18:27:25Z INFO [869/3239] 5c7a473b-c3e1-4e79-8bbe-5816f687d40a: does not qualify; 1.5 s; peak memory 759 MiB.
2026-10-05T18:27:26Z INFO [870/3239] 5c7bac93-d944-45e5-aaf1-dbdf427b3bbb: does not qualify; 0.8 s; peak memory 759 MiB.
2026-10-05T18:27:27Z INFO [871/3239] 5c7bd956-9f88-442e-8fe1-acb58414ff9e: does not qualify; 1.1 s; peak memory 759 MiB.
2026-10-05T18:27:28Z INFO [872/3239] 5c7db84f-e9c1-45d9-8e30-db3433d4e36c: does not qualify; 0.7 s; peak memory 759 MiB.
2026-10-05T18:27:32Z INFO [873/3239] 5c7e229f-d26a-42db-98ef-2584bdb25aac: does not qualify; 4.3 s; peak memory 759 MiB.
2026-10-05T18:27:33Z INFO [874/3239] 5c7ec5da-c0a3-414d-ba60-59cacdd8038c: does not qualify; 1.0 s; peak memory 759 MiB.
2026-10-05T18:27:34Z INFO [875/3239] 5c7fbd13-0dab-437f-830e-c7f3f70a705a: does not qualify; 0.5 s; peak memory 759 MiB.
2026-10-05T18:27:37Z INFO [876/3239] 5c7fbe80-b9a0-442e-a646-1c92489268d4: does not qualify; 3.3 s; peak memory 759 MiB.
2026-10-05T18:27:38Z INFO [877/3239] 5c8255b7-2021-4c0c-9156-c2e7a9a2acc6: does not qualify; 1.0 s; peak memory 759 MiB.
2026-10-05T18:27:39Z INFO [878/3239] 5c82dec7-7f2d-44cd-b4a2-5a36d4290f3f: does not qualify; 0.8 s; peak memory 759 MiB.
2026-10-05T18:27:39Z INFO [879/3239] 5c84e6cc-c301-4605-98f0-1fdc44695f23: does not qualify; 0.7 s; peak memory 759 MiB.
2026-10-05T18:27:40Z INFO [880/3239] 5c84ed0f-cfe0-4047-b59e-c2f8f4b8b095: does not qualify; 1.0 s; peak memory 759 MiB.
2026-10-05T18:27:41Z INFO [881/3239] 5c85437a-ce89-414f-9782-f5a4e9d6ff93: does not qualify; 0.6 s; peak memory 759 MiB.
2026-10-05T18:27:42Z INFO [882/3239] 5c8548b0-9fdd-4ed8-960b-5c3a32589da6: does not qualify; 0.6 s; peak memory 759 MiB.
2026-10-05T18:27:42Z INFO [883/3239] 5c87fc7d-fcd7-429f-8c49-d0c07663e5cd: does not qualify; 0.4 s; peak memory 759 MiB.
2026-10-05T18:27:44Z INFO [884/3239] 5c88042e-daa0-452e-ac04-1675aeea65a2: does not qualify; 1.8 s; peak memory 759 MiB.
2026-10-05T18:27:44Z INFO [885/3239] 5c884092-8747-48f3-8187-85671a3f7a87: does not qualify; 0.6 s; peak memory 759 MiB.
2026-10-05T18:27:53Z INFO [886/3239] 5c88de76-6e3c-4fb2-b5b6-133cc846373e: does not qualify; 8.3 s; peak memory 759 MiB.
2026-10-05T18:27:53Z INFO [887/3239] 5c899dca-fe10-4346-8474-416ee35c1f9d: does not qualify; 0.6 s; peak memory 759 MiB.
2026-10-05T18:27:54Z INFO [888/3239] 5c8a2395-9615-4290-aedb-2734d05c0bde: does not qualify; 0.8 s; peak memory 759 MiB.
2026-10-05T18:27:55Z INFO [889/3239] 5c8ca457-3483-4b83-a279-6980f191e35c: does not qualify; 0.6 s; peak memory 759 MiB.
2026-10-05T18:27:56Z INFO [890/3239] 5c8e56b9-a1a3-426b-b12d-396d856a0e0b: does not qualify; 0.9 s; peak memory 759 MiB.
2026-10-05T18:27:58Z INFO [891/3239] 5c8e71d6-9217-404e-a410-ab5cb19ddaf6: does not qualify; 2.7 s; peak memory 759 MiB.
2026-10-05T18:27:59Z INFO [892/3239] 5c8fdd95-9d67-42e8-bc70-84d35b6d650f: does not qualify; 0.8 s; peak memory 759 MiB.
2026-10-05T18:28:01Z INFO [893/3239] 5c8ffb3a-7793-4f46-947a-be9efb07d0eb: qualifies; 1.7 s; peak memory 759 MiB.
2026-10-05T18:28:01Z INFO [894/3239] 5c9396ed-3ff7-4c56-b2ca-d21170b27daa: does not qualify; 0.5 s; peak memory 759 MiB.
2026-10-05T18:28:02Z INFO [895/3239] 5c93c16f-f219-4e40-a747-8bf88fb8936c: does not qualify; 0.7 s; peak memory 759 MiB.
2026-10-05T18:28:03Z INFO [896/3239] 5c9499c0-96c9-420a-9416-847a88551a08: does not qualify; 0.7 s; peak memory 759 MiB.
2026-10-05T18:28:04Z INFO [897/3239] 5c95b624-5955-4d4c-add7-94fd5cf46de1: does not qualify; 1.5 s; peak memory 759 MiB.
2026-10-05T18:28:05Z INFO [898/3239] 5c966d51-ed2b-4224-977e-d6a21c8b9ce9: does not qualify; 1.0 s; peak memory 759 MiB.
2026-10-05T18:28:06Z INFO [899/3239] 5c96c809-aec2-478b-a32c-950e2954af09: does not qualify; 0.8 s; peak memory 759 MiB.
2026-10-05T18:28:07Z INFO [900/3239] 5c96f41c-35b9-4a0a-97e3-4cc0c9bae40d: does not qualify; 0.7 s; peak memory 759 MiB.
2026-10-05T18:28:07Z INFO [900/3239] 5c96f41c-35b9-4a0a-97e3-4cc0c9bae40d: checkpointed 73043 records.
2026-10-05T18:28:10Z INFO [901/3239] 5c978d22-98df-4e73-a3cd-e02ede40b6ec: does not qualify; 3.6 s; peak memory 759 MiB.
2026-10-05T18:28:11Z INFO [902/3239] 5c982077-aad7-47b1-884e-dcaf19510de6: does not qualify; 1.1 s; peak memory 759 MiB.
2026-10-05T18:28:17Z INFO [903/3239] 5c986a2d-3f1d-4e6d-b71d-e5329b94d4de: does not qualify; 5.1 s; peak memory 759 MiB.
2026-10-05T18:28:45Z INFO [904/3239] 5c993631-3d44-44bd-8859-9dfb257d15e3: does not qualify; 28.2 s; peak memory 759 MiB.
2026-10-05T18:28:46Z INFO [905/3239] 5c9a963a-0c13-42dd-9660-3073216635cf: does not qualify; 0.8 s; peak memory 759 MiB.
2026-10-05T18:28:51Z INFO [906/3239] 5c9bc5f9-a90e-4022-932b-9e9996cbb582: does not qualify; 5.7 s; peak memory 759 MiB.
2026-10-05T18:28:52Z INFO [907/3239] 5c9c68a1-9d26-4c4b-bd17-91ab291776ce: does not qualify; 0.8 s; peak memory 759 MiB.
2026-10-05T18:28:54Z INFO [908/3239] 5c9c7de5-2730-413e-b601-ecab8b097fb5: does not qualify; 1.4 s; peak memory 759 MiB.
2026-10-05T18:28:55Z INFO [909/3239] 5c9d7abc-629c-40a5-9414-be998dcaca50: does not qualify; 1.3 s; peak memory 759 MiB.
2026-10-05T18:28:56Z INFO [910/3239] 5c9ea9ce-25c6-4ac7-a27b-f47e310bd511: does not qualify; 0.8 s; peak memory 759 MiB.
2026-10-05T18:28:57Z INFO [911/3239] 5c9ee706-4413-4813-a8dd-44ab41326730: does not qualify; 0.9 s; peak memory 759 MiB.
2026-10-05T18:29:00Z INFO [912/3239] 5c9f0c7b-a3f6-4134-a229-86c33cbe122e: does not qualify; 3.5 s; peak memory 759 MiB.
2026-10-05T18:29:03Z INFO [913/3239] 5c9f884d-048a-4ba7-9f32-11e1c731e65d: does not qualify; 3.2 s; peak memory 759 MiB.
2026-10-05T18:29:04Z INFO [914/3239] 5ca06820-981c-4b41-81a8-ebec24d95d74: does not qualify; 1.0 s; peak memory 759 MiB.
2026-10-05T18:29:05Z INFO [915/3239] 5ca0e93c-441f-4353-9b78-a5129ad5d533: does not qualify; 0.8 s; peak memory 759 MiB.
2026-10-05T18:29:06Z INFO [916/3239] 5ca11564-9553-40b1-a6ed-aade4f140632: does not qualify; 1.0 s; peak memory 759 MiB.
2026-10-05T18:29:07Z INFO [917/3239] 5ca1e81f-c193-435d-81b1-40f595a80cf0: does not qualify; 1.0 s; peak memory 759 MiB.
2026-10-05T18:29:09Z INFO [918/3239] 5ca2da33-109e-46c3-bd5c-57326eaa5af7: does not qualify; 1.3 s; peak memory 759 MiB.
2026-10-05T18:29:09Z INFO [919/3239] 5ca3237f-b76f-4f3c-854b-f7c96fc9221a: does not qualify; 0.7 s; peak memory 759 MiB.
2026-10-05T18:29:10Z INFO [920/3239] 5ca5c440-fd12-42d3-81fb-f5edd7c4ccba: does not qualify; 0.7 s; peak memory 759 MiB.
2026-10-05T18:29:11Z INFO [921/3239] 5ca60c98-2225-45f4-95ee-94dc2424382b: does not qualify; 0.8 s; peak memory 759 MiB.
2026-10-05T18:29:12Z INFO [922/3239] 5ca6ef32-6b7b-44ce-8518-5761d3038815: does not qualify; 0.8 s; peak memory 759 MiB.
2026-10-05T18:29:12Z INFO [923/3239] 5ca77780-2d6d-49ad-8343-f6ce7c8f7ed6: does not qualify; 0.9 s; peak memory 759 MiB.
2026-10-05T18:29:13Z INFO [924/3239] 5ca7e84d-7a5b-4f33-9f39-481dc4b83b16: does not qualify; 0.9 s; peak memory 759 MiB.
2026-10-05T18:29:14Z INFO [925/3239] 5ca7ee00-a619-4549-8fe6-12445003c32a: does not qualify; 0.7 s; peak memory 759 MiB.
2026-10-05T18:29:19Z INFO [926/3239] 5ca8568f-97f8-4bcf-b1e8-b77d632734c3: does not qualify; 4.6 s; peak memory 759 MiB.
2026-10-05T18:29:19Z INFO [927/3239] 5ca89605-c05a-4e9e-95e4-90a65f4f18fb: does not qualify; 0.6 s; peak memory 759 MiB.
2026-10-05T18:29:23Z INFO [928/3239] 5ca96aa7-891b-4650-bcfb-752dd2709856: does not qualify; 3.5 s; peak memory 759 MiB.
2026-10-05T18:29:24Z INFO [929/3239] 5ca97bcf-e047-4314-bbc5-70cf74aa3a5f: does not qualify; 1.6 s; peak memory 759 MiB.
2026-10-05T18:29:25Z INFO [930/3239] 5cab2950-a3f9-49bb-8a8d-8fe3e2160169: does not qualify; 0.5 s; peak memory 759 MiB.
2026-10-05T18:29:26Z INFO [931/3239] 5cab642f-5130-4b5c-bd5f-ce11e8267e85: does not qualify; 0.8 s; peak memory 759 MiB.
2026-10-05T18:29:26Z INFO [932/3239] 5cab6451-cc21-4b79-912b-46a8c569cd3a: does not qualify; 0.8 s; peak memory 759 MiB.
2026-10-05T18:29:27Z INFO [933/3239] 5cac1bc4-094c-4589-9348-189e68ccf19f: does not qualify; 0.9 s; peak memory 759 MiB.
2026-10-05T18:29:30Z INFO [934/3239] 5cac4c1d-d55e-45ca-b099-1a0bf83f92df: does not qualify; 3.1 s; peak memory 759 MiB.
2026-10-05T18:29:31Z INFO [935/3239] 5caceb47-ea2d-4873-9d5a-7c64d6fe3ed4: does not qualify; 0.9 s; peak memory 759 MiB.
2026-10-05T18:29:32Z INFO [936/3239] 5cacfcc2-04b0-47fa-afe4-f5d8e4a95741: does not qualify; 0.9 s; peak memory 759 MiB.
2026-10-05T18:29:33Z INFO [937/3239] 5cad0bd6-e5b7-425e-a9c8-ac2f990368bf: does not qualify; 1.1 s; peak memory 759 MiB.
2026-10-05T18:29:34Z INFO [938/3239] 5cad367e-8046-4d94-b56e-f8b7fed8e150: does not qualify; 0.6 s; peak memory 759 MiB.
2026-10-05T18:29:38Z INFO [939/3239] 5cad79b7-5d33-4e48-b287-4b67d261585c: does not qualify; 4.1 s; peak memory 759 MiB.
2026-10-05T18:29:39Z INFO [940/3239] 5cad9a78-53fa-4a21-acb2-785f8b2e99b7: does not qualify; 0.7 s; peak memory 759 MiB.
2026-10-05T18:29:40Z INFO [941/3239] 5cadcd34-b499-4bea-afce-6612d9fa7cf5: does not qualify; 0.8 s; peak memory 759 MiB.
2026-10-05T18:29:40Z INFO [942/3239] 5caf3edb-12e4-485d-9920-a5861b4c3fb3: does not qualify; 0.7 s; peak memory 759 MiB.
2026-10-05T18:29:41Z INFO [943/3239] 5cb00816-274a-4db9-a892-8d83e2d51e07: does not qualify; 0.5 s; peak memory 759 MiB.
2026-10-05T18:29:41Z INFO [944/3239] 5cb00ed3-f9be-490c-821f-13a6cb8fdcde: does not qualify; 0.7 s; peak memory 759 MiB.
2026-10-05T18:29:45Z INFO [945/3239] 5cb036b6-3d17-406e-be5c-e9fa11bcd626: does not qualify; 3.2 s; peak memory 759 MiB.
2026-10-05T18:29:47Z INFO [946/3239] 5cb1228b-6fef-46d1-9c21-1db4e13712e5: does not qualify; 1.9 s; peak memory 759 MiB.
2026-10-05T18:31:21Z INFO [947/3239] 5cb158e5-fad2-4cea-8aee-30ff6eddaaa4: does not qualify; 94.0 s; peak memory 759 MiB.
2026-10-05T18:31:22Z INFO [948/3239] 5cb1913f-2d07-475c-b9aa-84685ee0fe0c: does not qualify; 1.1 s; peak memory 759 MiB.
2026-10-05T18:31:22Z INFO [949/3239] 5cb1b33e-fd73-40f8-898d-33065b897382: does not qualify; 0.6 s; peak memory 759 MiB.
2026-10-05T18:31:23Z INFO [950/3239] 5cb1e73b-a522-4da7-b36d-c2c7158ce353: does not qualify; 0.9 s; peak memory 759 MiB.
2026-10-05T18:31:23Z INFO [950/3239] 5cb1e73b-a522-4da7-b36d-c2c7158ce353: checkpointed 73093 records.
2026-10-05T18:31:24Z INFO [951/3239] 5cb24a89-1c48-42fb-b74b-628ec9ec7fbd: does not qualify; 0.7 s; peak memory 759 MiB.
2026-10-05T18:31:25Z INFO [952/3239] 5cb3169c-5481-4d9d-bfc1-c0f972edd566: does not qualify; 0.8 s; peak memory 759 MiB.
2026-10-05T18:31:31Z INFO [953/3239] 5cb3d983-5ed8-4006-8629-f3fde42a6c99: does not qualify; 6.1 s; peak memory 759 MiB.
2026-10-05T18:31:31Z INFO [954/3239] 5cb3f4ef-ca5e-45a5-a76a-f3bee2ce80ef: does not qualify; 0.5 s; peak memory 759 MiB.
2026-10-05T18:31:32Z INFO [955/3239] 5cb48fbd-34ba-4ddf-8ff7-25ad194f239f: does not qualify; 0.6 s; peak memory 759 MiB.
2026-10-05T18:31:33Z INFO [956/3239] 5cb54e29-02eb-446e-98a2-5433da9e5833: does not qualify; 0.7 s; peak memory 759 MiB.
2026-10-05T18:31:34Z INFO [957/3239] 5cb5b36b-8cbc-4c6b-9902-c7cc6475949c: does not qualify; 1.1 s; peak memory 759 MiB.
2026-10-05T18:31:34Z INFO [958/3239] 5cb62044-dc86-4939-a228-38c6260dcbd2: does not qualify; 0.7 s; peak memory 759 MiB.
2026-10-05T18:31:49Z INFO [959/3239] 5cb63b11-3470-4c67-acff-0cfafc11823e: does not qualify; 15.0 s; peak memory 759 MiB.
2026-10-05T18:31:51Z INFO [960/3239] 5cb672c5-c59a-4b58-8ce3-7f79640dee4c: does not qualify; 2.0 s; peak memory 759 MiB.
2026-10-05T18:31:52Z INFO [961/3239] 5cb68bb0-1673-428f-8cd1-f4cf68000da3: does not qualify; 0.8 s; peak memory 759 MiB.
2026-10-05T18:31:53Z INFO [962/3239] 5cb6f7cb-ef5d-44d5-9dea-4be1a53d9b57: does not qualify; 0.8 s; peak memory 759 MiB.
2026-10-05T18:31:53Z INFO [963/3239] 5cb8719f-0c0f-424f-a092-fd7d909bfe9b: does not qualify; 0.5 s; peak memory 759 MiB.
2026-10-05T18:31:54Z INFO [964/3239] 5cb8e99d-8b76-40e0-8b3c-91860b4ed85d: does not qualify; 0.8 s; peak memory 759 MiB.
2026-10-05T18:31:55Z INFO [965/3239] 5cb96fac-a3c2-4a27-9d19-2d2f6b449286: does not qualify; 0.9 s; peak memory 759 MiB.
2026-10-05T18:31:56Z INFO [966/3239] 5cb9e8e8-52f1-40c5-b263-82181b6436e4: does not qualify; 1.0 s; peak memory 759 MiB.
2026-10-05T18:31:57Z INFO [967/3239] 5cba91a0-0bd8-4c98-98bf-843b7ae3875d: does not qualify; 0.8 s; peak memory 759 MiB.
2026-10-05T18:32:01Z INFO [968/3239] 5cbaa6a9-e5b7-4427-a48d-1f8178965162: does not qualify; 3.7 s; peak memory 759 MiB.
2026-10-05T18:32:02Z INFO [969/3239] 5cbaaf2d-316f-45d1-b8ac-45ba2b79adca: does not qualify; 1.6 s; peak memory 759 MiB.
2026-10-05T18:32:03Z INFO [970/3239] 5cbc652e-0d9f-4e32-a570-c9374c1a0b70: does not qualify; 0.7 s; peak memory 759 MiB.
2026-10-05T18:32:04Z INFO [971/3239] 5cbd81df-a4cc-4a11-8c5b-26a64755965c: does not qualify; 0.8 s; peak memory 759 MiB.
2026-10-05T18:32:05Z INFO [972/3239] 5cbe7704-7d60-4891-8a4f-7a0c522b6ad2: does not qualify; 1.0 s; peak memory 759 MiB.
2026-10-05T18:32:09Z INFO [973/3239] 5cbe9079-698e-4adf-8520-4c65e3919608: does not qualify; 4.0 s; peak memory 759 MiB.
2026-10-05T18:32:09Z INFO [974/3239] 5cbf3fff-6ee7-4da2-b722-35eadb40b853: does not qualify; 0.6 s; peak memory 759 MiB.
2026-10-05T18:32:10Z INFO [975/3239] 5cc01311-b0ee-4e7c-bec1-f2ea010b2cb6: does not qualify; 1.0 s; peak memory 759 MiB.
2026-10-05T18:32:11Z INFO [976/3239] 5cc04292-b4fc-4e84-87f5-0fdd4b1d4ce8: does not qualify; 0.7 s; peak memory 759 MiB.
2026-10-05T18:32:18Z INFO [977/3239] 5cc04e53-8a19-4321-b787-50b0f3fa5d53: does not qualify; 7.2 s; peak memory 759 MiB.
2026-10-05T18:32:19Z INFO [978/3239] 5cc0b5ff-aad5-4a38-b30d-efe4365c75ea: does not qualify; 0.9 s; peak memory 759 MiB.
2026-10-05T18:32:20Z INFO [979/3239] 5cc2a538-3bfc-42ff-a1a9-4f89c3b300cf: does not qualify; 1.0 s; peak memory 759 MiB.
2026-10-05T18:32:32Z INFO [980/3239] 5cc35f04-be05-47ee-9310-c1aaee1f4866: does not qualify; 11.5 s; peak memory 759 MiB.
2026-10-05T18:32:37Z INFO [981/3239] 5cc396a6-0537-4483-b3cc-c70aef9b83f6: does not qualify; 5.6 s; peak memory 759 MiB.
2026-10-05T18:32:38Z INFO [982/3239] 5cc3f70f-2850-4d4e-8dbf-1891a7df2220: does not qualify; 0.7 s; peak memory 759 MiB.
2026-10-05T18:33:10Z INFO [983/3239] 5cc582a7-84c2-479f-a7ec-adb58ae279b2: does not qualify; 32.4 s; peak memory 759 MiB.
2026-10-05T18:33:11Z INFO [984/3239] 5cc85e76-81ba-4461-a48f-023d541fde52: does not qualify; 0.7 s; peak memory 759 MiB.
2026-10-05T18:33:13Z INFO [985/3239] 5cc8d863-8071-48ad-ae41-6b7fbfbad515: does not qualify; 1.6 s; peak memory 759 MiB.
2026-10-05T18:33:15Z INFO [986/3239] 5cc9fa4c-549e-41a3-b975-1f0577bd1cee: does not qualify; 2.2 s; peak memory 759 MiB.
2026-10-05T18:33:17Z INFO [987/3239] 5cca867a-cf79-402b-bf6c-4465f87d85e6: does not qualify; 2.0 s; peak memory 759 MiB.
2026-10-05T18:33:21Z INFO [988/3239] 5ccb47cd-0c25-4c6f-a0b9-572e9dc664e4: does not qualify; 4.3 s; peak memory 759 MiB.
2026-10-05T18:33:22Z INFO [989/3239] 5ccbbadf-b346-4d9e-a1ee-1fb10ea374f7: does not qualify; 0.8 s; peak memory 759 MiB.
2026-10-05T18:33:23Z INFO [990/3239] 5ccbcb7b-24db-4586-82bb-52568aef0e18: does not qualify; 0.7 s; peak memory 759 MiB.
2026-10-05T18:33:23Z INFO [991/3239] 5cccfdcc-c19f-40cb-a050-78d98994450e: does not qualify; 0.7 s; peak memory 759 MiB.
2026-10-05T18:33:24Z INFO [992/3239] 5ccd1fbf-46b7-4ff1-9669-06bec3843bff: does not qualify; 0.8 s; peak memory 759 MiB.
2026-10-05T18:33:25Z INFO [993/3239] 5ccd3051-7e8f-4064-8e0b-07a0d7f31744: does not qualify; 0.5 s; peak memory 759 MiB.
2026-10-05T18:33:27Z INFO [994/3239] 5ccd6b65-99d4-4dcf-89d2-433390ab1698: does not qualify; 1.8 s; peak memory 759 MiB.
2026-10-05T18:33:27Z INFO [995/3239] 5ccd83d3-9f45-4c97-8bcf-e6917a1881bc: does not qualify; 0.8 s; peak memory 759 MiB.
2026-10-05T18:33:29Z INFO [996/3239] 5ccd9576-b5b1-4ff4-8ce0-b0212b221711: does not qualify; 1.5 s; peak memory 759 MiB.
2026-10-05T18:33:30Z INFO [997/3239] 5cce3d86-cf43-44b3-9c5c-2ff5490abc4c: does not qualify; 0.7 s; peak memory 759 MiB.
2026-10-05T18:33:30Z INFO [998/3239] 5cce3ea5-2e19-4fe0-80e5-3a9d312a3aa0: does not qualify; 0.8 s; peak memory 759 MiB.
2026-10-05T18:33:31Z INFO [999/3239] 5ccfa47a-662b-4253-980f-e65f4143b05d: does not qualify; 0.7 s; peak memory 759 MiB.
2026-10-05T18:33:32Z INFO [1000/3239] 5ccfa8d2-bfbb-46a8-9093-cfe0e542eafe: does not qualify; 0.6 s; peak memory 759 MiB.
2026-10-05T18:33:32Z INFO [1000/3239] 5ccfa8d2-bfbb-46a8-9093-cfe0e542eafe: checkpointed 73143 records.
2026-10-05T18:33:33Z INFO [1001/3239] 5ccfe63f-eaea-4800-a5c7-fd3f007421a6: does not qualify; 1.7 s; peak memory 759 MiB.
2026-10-05T18:33:34Z INFO [1002/3239] 5ccff235-30b1-41ef-95e4-c775b9d867f8: does not qualify; 0.4 s; peak memory 759 MiB.
2026-10-05T18:33:34Z INFO [1003/3239] 5cd11c1b-2c7a-4d03-b2eb-8ac2bc55f5d9: does not qualify; 0.5 s; peak memory 759 MiB.
2026-10-05T18:33:35Z INFO [1004/3239] 5cd1e5e3-2dc7-4c6e-9375-1adac03249b9: does not qualify; 0.6 s; peak memory 759 MiB.
2026-10-05T18:33:38Z INFO [1005/3239] 5cd20fba-694a-4b94-a13f-c6c9c5b9f4eb: does not qualify; 3.2 s; peak memory 759 MiB.
2026-10-05T18:33:39Z INFO [1006/3239] 5cd2bdbd-4ff1-40e5-9ae1-8a2ef2b485ca: does not qualify; 0.8 s; peak memory 759 MiB.
2026-10-05T18:33:40Z INFO [1007/3239] 5cd33d14-85c0-4aae-96d0-702cfa2e782c: does not qualify; 1.0 s; peak memory 759 MiB.
2026-10-05T18:33:41Z INFO [1008/3239] 5cd3822a-70a2-48ba-a287-09bfac62c203: does not qualify; 0.7 s; peak memory 759 MiB.
2026-10-05T18:33:41Z INFO [1009/3239] 5cd3c63d-e0e0-496b-bfbf-4ad37f561d0e: does not qualify; 0.6 s; peak memory 759 MiB.
2026-10-05T18:33:43Z INFO [1010/3239] 5cd42eb9-c0bb-4c16-a4c5-01660f232e10: qualifies; 1.9 s; peak memory 759 MiB.
2026-10-05T18:33:48Z INFO [1011/3239] 5cd4b7e5-070e-4976-94b9-df97db620785: does not qualify; 4.4 s; peak memory 759 MiB.
2026-10-05T18:33:48Z INFO [1012/3239] 5cd5135a-e45d-4400-9a89-b962be598049: does not qualify; 0.8 s; peak memory 759 MiB.
2026-10-05T18:33:50Z INFO [1013/3239] 5cd7772f-09dc-4535-9856-c5b9e74935d9: does not qualify; 1.3 s; peak memory 759 MiB.
2026-10-05T18:33:50Z INFO [1014/3239] 5cd7bae8-edf5-417b-bdf5-0859a8f9d9ab: does not qualify; 0.6 s; peak memory 759 MiB.
2026-10-05T18:33:51Z INFO [1015/3239] 5cd837ba-7330-4772-9a94-96c2e87fb8bd: does not qualify; 0.8 s; peak memory 759 MiB.
2026-10-05T18:33:53Z INFO [1016/3239] 5cd8423c-081b-48df-acde-d321e55cadf0: does not qualify; 1.5 s; peak memory 759 MiB.
2026-10-05T18:33:56Z INFO [1017/3239] 5cd94434-9884-45bc-bce5-adf90092aed3: does not qualify; 3.4 s; peak memory 759 MiB.
2026-10-05T18:33:57Z INFO [1018/3239] 5cd97132-c728-4cb9-869b-d25a01401a5e: does not qualify; 0.8 s; peak memory 759 MiB.
2026-10-05T18:33:58Z INFO [1019/3239] 5cd9a5c5-2b8d-401c-bc70-e958249be9dc: does not qualify; 1.0 s; peak memory 759 MiB.
2026-10-05T18:33:58Z INFO [1020/3239] 5cd9b4b8-e896-4344-aca1-c611bd9afe11: does not qualify; 0.6 s; peak memory 759 MiB.
2026-10-05T18:33:59Z INFO [1021/3239] 5cd9d698-2b85-4e6c-9cfb-3bbc5d87c6b4: does not qualify; 0.7 s; peak memory 759 MiB.
2026-10-05T18:34:00Z INFO [1022/3239] 5cda2c3e-d766-4728-b7bc-5f1cf7911ab5: does not qualify; 1.1 s; peak memory 759 MiB.
2026-10-05T18:34:01Z INFO [1023/3239] 5cda3231-4610-4177-a38f-97c081d51e9c: does not qualify; 0.6 s; peak memory 759 MiB.
2026-10-05T18:34:01Z INFO [1024/3239] 5cda37d4-e2ff-4335-85e2-aea55c609ab2: does not qualify; 0.4 s; peak memory 759 MiB.
2026-10-05T18:34:02Z INFO [1025/3239] 5cdb5389-571d-42f8-a4f7-ba4eab51e30f: does not qualify; 0.7 s; peak memory 759 MiB.
2026-10-05T18:34:02Z INFO [1026/3239] 5cdbba40-330f-4559-bedf-348de9976c5e: does not qualify; 0.5 s; peak memory 759 MiB.
2026-10-05T18:34:03Z INFO [1027/3239] 5cdc8c58-5dc8-4c44-9eca-24dc9c507efb: does not qualify; 0.7 s; peak memory 759 MiB.
2026-10-05T18:35:04Z INFO [1028/3239] 5cdcf07c-5260-40e1-bbde-f0f585f3c4be: does not qualify; 61.1 s; peak memory 759 MiB.
2026-10-05T18:35:09Z INFO [1029/3239] 5cddc33c-bf64-409f-95d4-e62e58251f0c: does not qualify; 5.2 s; peak memory 759 MiB.
2026-10-05T18:35:10Z INFO [1030/3239] 5cddca6b-a520-4139-af94-8088fabe46f8: does not qualify; 0.9 s; peak memory 759 MiB.
2026-10-05T18:35:11Z INFO [1031/3239] 5cde3c73-a1ec-4e7f-853d-d258e3109e25: does not qualify; 0.6 s; peak memory 759 MiB.
2026-10-05T18:35:11Z INFO [1032/3239] 5cde3dcf-17e5-4495-a0be-32fe04b0bacc: does not qualify; 0.4 s; peak memory 759 MiB.
2026-10-05T18:35:12Z INFO [1033/3239] 5cdf2a59-1e4a-4029-9ea1-90b405f9fa6e: does not qualify; 0.7 s; peak memory 759 MiB.
2026-10-05T18:35:14Z INFO [1034/3239] 5cdf7300-1cbf-44d5-8dc2-67459ac729fd: does not qualify; 1.8 s; peak memory 759 MiB.
2026-10-05T18:35:15Z INFO [1035/3239] 5cdfb2bc-964f-441f-8031-581b67453aa5: does not qualify; 0.7 s; peak memory 759 MiB.
2026-10-05T18:35:26Z INFO [1036/3239] 5ce041d4-d386-4f27-aab7-0d3aa1abf585: does not qualify; 11.3 s; peak memory 759 MiB.
2026-10-05T18:35:27Z INFO [1037/3239] 5ce08f81-4a90-4095-adba-5f8774cc066c: does not qualify; 0.6 s; peak memory 759 MiB.
2026-10-05T18:35:27Z INFO [1038/3239] 5ce0fe5e-40d4-4688-92db-23c8068ce660: does not qualify; 0.8 s; peak memory 759 MiB.
2026-10-05T18:35:28Z INFO [1039/3239] 5ce131c3-79fa-45ec-b71c-fdda85481a17: does not qualify; 0.7 s; peak memory 759 MiB.
2026-10-05T18:35:29Z INFO [1040/3239] 5ce1342a-58bc-408e-b42d-a5bd6c7a45f7: does not qualify; 0.7 s; peak memory 759 MiB.
2026-10-05T18:35:30Z INFO [1041/3239] 5ce170d7-9a7c-428d-9aa7-757f36b7b9c6: does not qualify; 1.5 s; peak memory 759 MiB.
2026-10-05T18:35:31Z INFO [1042/3239] 5ce205f1-0f17-41dc-b075-c81d5c00617b: does not qualify; 0.9 s; peak memory 759 MiB.
2026-10-05T18:35:32Z INFO [1043/3239] 5ce239cc-fc17-4cd7-8fef-4287f8e5e6c9: does not qualify; 0.8 s; peak memory 759 MiB.
2026-10-05T18:35:33Z INFO [1044/3239] 5ce3975d-5677-4c73-81f6-3a4e1001121f: does not qualify; 0.6 s; peak memory 759 MiB.
2026-10-05T18:35:34Z INFO [1045/3239] 5ce3e460-5ced-4641-9d10-b58f9f37b72a: does not qualify; 1.0 s; peak memory 759 MiB.
2026-10-05T18:35:38Z INFO [1046/3239] 5ce517bf-6670-4e50-8335-463b1e45375a: does not qualify; 3.9 s; peak memory 759 MiB.
2026-10-05T18:35:42Z INFO [1047/3239] 5ce5a128-1489-4728-8972-cd7fa6fe0b1a: does not qualify; 4.9 s; peak memory 759 MiB.
2026-10-05T18:35:48Z INFO [1048/3239] 5ce5e8f3-db29-4463-a10b-607d686a42d5: does not qualify; 5.1 s; peak memory 759 MiB.
2026-10-05T18:35:48Z INFO [1049/3239] 5ce6a396-e652-4849-9bd1-b99cfed3b681: does not qualify; 0.5 s; peak memory 759 MiB.
2026-10-05T18:35:49Z INFO [1050/3239] 5ce704f2-c930-4d6f-97ca-67ba25cc6a67: does not qualify; 0.7 s; peak memory 759 MiB.
2026-10-05T18:35:49Z INFO [1050/3239] 5ce704f2-c930-4d6f-97ca-67ba25cc6a67: checkpointed 73193 records.
2026-10-05T18:35:50Z INFO [1051/3239] 5ce778de-6b0a-4925-838e-485c6a2890cf: does not qualify; 0.7 s; peak memory 759 MiB.
2026-10-05T18:35:50Z INFO [1052/3239] 5ce7fa7c-beb0-41e4-b783-e265b0800593: does not qualify; 0.7 s; peak memory 759 MiB.
2026-10-05T18:35:51Z INFO [1053/3239] 5ce89b86-4be3-4514-9322-d737a1f9349f: does not qualify; 0.7 s; peak memory 759 MiB.
2026-10-05T18:35:52Z INFO [1054/3239] 5ce8a32a-3ec8-4658-ac7d-8fbe7a6f4914: does not qualify; 0.7 s; peak memory 759 MiB.
2026-10-05T18:35:55Z INFO [1055/3239] 5ce8ecd7-5729-4471-bd57-20d09a6ada46: does not qualify; 3.7 s; peak memory 759 MiB.
2026-10-05T18:35:59Z INFO [1056/3239] 5cea9c65-648f-4135-9f8d-777a0e738ac9: qualifies; 3.7 s; peak memory 759 MiB.
2026-10-05T18:36:01Z INFO [1057/3239] 5cec7949-75c0-4384-b5a3-da83b5cfab3c: does not qualify; 1.6 s; peak memory 759 MiB.
2026-10-05T18:36:02Z INFO [1058/3239] 5ced06fa-a951-42eb-95a0-848fb4255297: does not qualify; 1.0 s; peak memory 759 MiB.
2026-10-05T18:36:03Z INFO [1059/3239] 5ceeebaf-68d1-4124-9b2e-28ad10e621fe: does not qualify; 1.2 s; peak memory 759 MiB.
2026-10-05T18:36:04Z INFO [1060/3239] 5cef7bce-cd4e-42ac-a32e-7cb525579a6c: does not qualify; 0.7 s; peak memory 759 MiB.
2026-10-05T18:36:07Z INFO [1061/3239] 5cef82ba-f63d-4880-b419-6f8ef7833a9d: does not qualify; 3.4 s; peak memory 759 MiB.
2026-10-05T18:36:10Z INFO [1062/3239] 5cef8d72-dc14-4bac-b1ed-17c17c70d0ed: does not qualify; 3.3 s; peak memory 759 MiB.
2026-10-05T18:36:11Z INFO [1063/3239] 5cf094e8-eadd-4c82-b2ff-0175a8c5d1bd: does not qualify; 0.8 s; peak memory 759 MiB.
2026-10-05T18:36:12Z INFO [1064/3239] 5cf0e2db-b076-43a0-848f-4b1169e95bd8: does not qualify; 0.8 s; peak memory 759 MiB.
2026-10-05T18:36:12Z INFO [1065/3239] 5cf22a3d-6adb-4b26-90d0-78434d850f45: does not qualify; 0.7 s; peak memory 759 MiB.
2026-10-05T18:36:13Z INFO [1066/3239] 5cf260ed-1110-4164-a179-6ab887dc6ae6: does not qualify; 0.8 s; peak memory 759 MiB.
2026-10-05T18:36:14Z INFO [1067/3239] 5cf2f329-12fe-4530-83bf-7cc6c5c5ecd7: does not qualify; 0.7 s; peak memory 759 MiB.
2026-10-05T18:36:15Z INFO [1068/3239] 5cf36754-9d5a-4338-aba4-748a71ad7aa2: does not qualify; 0.8 s; peak memory 759 MiB.
2026-10-05T18:36:15Z INFO [1069/3239] 5cf4295c-7222-49d5-bee3-c2625462fc23: does not qualify; 0.6 s; peak memory 759 MiB.
2026-10-05T18:36:16Z INFO [1070/3239] 5cf4a75c-0978-4fb5-864d-cac4558f09f0: does not qualify; 0.9 s; peak memory 759 MiB.
2026-10-05T18:36:17Z INFO [1071/3239] 5cf4f75d-8c62-4f33-93e0-3a986c31003c: does not qualify; 0.6 s; peak memory 759 MiB.
2026-10-05T18:36:18Z INFO [1072/3239] 5cf60502-75a6-4b0f-b1da-4081d9e95cdb: does not qualify; 0.8 s; peak memory 759 MiB.
2026-10-05T18:36:19Z INFO [1073/3239] 5cf66aa4-0cf4-4d34-8cea-f83fe1aca550: does not qualify; 0.9 s; peak memory 759 MiB.
2026-10-05T18:36:19Z INFO [1074/3239] 5cf67dd9-74b7-49c8-a3ae-9c7b9797598c: does not qualify; 0.6 s; peak memory 759 MiB.
2026-10-05T18:36:20Z INFO [1075/3239] 5cf76c04-009a-4f30-8e71-2de8bafc19c1: does not qualify; 0.8 s; peak memory 759 MiB.
2026-10-05T18:36:23Z INFO [1076/3239] 5cf7f1e6-178c-4575-8638-995d791c7747: does not qualify; 2.9 s; peak memory 759 MiB.
2026-10-05T18:36:23Z INFO [1077/3239] 5cf83e2c-d460-4577-938e-d1e4d10de7f5: does not qualify; 0.6 s; peak memory 759 MiB.
2026-10-05T18:36:24Z INFO [1078/3239] 5cf86e4c-3f80-4a21-a6bb-a4aa90c6611c: does not qualify; 0.6 s; peak memory 759 MiB.
2026-10-05T18:36:25Z INFO [1079/3239] 5cfa9492-f3b5-4490-9f49-834603770a81: does not qualify; 0.8 s; peak memory 759 MiB.
2026-10-05T18:36:25Z INFO [1080/3239] 5cfb9697-077c-458f-8778-66b58bba81e6: does not qualify; 0.5 s; peak memory 759 MiB.
2026-10-05T18:36:26Z INFO [1081/3239] 5cfbe72d-263a-4a78-b487-ec5b540c2d85: does not qualify; 0.8 s; peak memory 759 MiB.
2026-10-05T18:36:27Z INFO [1082/3239] 5cfc73e0-5916-4b65-ac61-dbf83b8bf1f9: does not qualify; 0.4 s; peak memory 759 MiB.
2026-10-05T18:36:27Z INFO [1083/3239] 5cfc920d-b599-495b-b48f-9772cf3f3456: does not qualify; 0.6 s; peak memory 759 MiB.
2026-10-05T18:36:28Z INFO [1084/3239] 5cfc9d03-b803-47ad-bbf2-703aa10e8144: does not qualify; 0.7 s; peak memory 759 MiB.
2026-10-05T18:36:28Z INFO [1085/3239] 5cfd7c67-4c66-434b-a317-8f2b5c66b8d7: does not qualify; 0.6 s; peak memory 759 MiB.
2026-10-05T18:36:29Z INFO [1086/3239] 5cfda4e5-766e-4bd9-9446-f24dd5ea35f3: does not qualify; 0.8 s; peak memory 759 MiB.
2026-10-05T18:36:32Z INFO [1087/3239] 5cfea87c-57ba-4002-b74d-e65ac4d2f23d: does not qualify; 2.3 s; peak memory 759 MiB.
2026-10-05T18:36:32Z INFO [1088/3239] 5cff0304-8122-4f48-85f9-f7195b24fc4b: does not qualify; 0.7 s; peak memory 759 MiB.
2026-10-05T18:36:33Z INFO [1089/3239] 5cff206e-b3fb-4e4b-a5a0-ac7fcbf03c8b: does not qualify; 0.5 s; peak memory 759 MiB.
2026-10-05T18:36:33Z INFO [1090/3239] 5cff410a-1fea-4f06-8919-61037d9c13f0: does not qualify; 0.6 s; peak memory 759 MiB.
2026-10-05T18:36:34Z INFO [1091/3239] 5cff46d0-9457-40bc-a113-dc8ab65c949b: does not qualify; 0.7 s; peak memory 759 MiB.
2026-10-05T18:36:35Z INFO [1092/3239] 5cffc792-236e-4bff-a7bb-98aa9db82de2: does not qualify; 0.8 s; peak memory 759 MiB.
2026-10-05T18:36:35Z INFO [1093/3239] 5cffd9c4-1e5d-4e80-8c2d-e8c1760e3f8e: does not qualify; 0.5 s; peak memory 759 MiB.
2026-10-05T18:36:39Z INFO [1094/3239] 5d002f17-4822-40e2-8ec3-a8c87a6b9cf6: does not qualify; 4.0 s; peak memory 759 MiB.
2026-10-05T18:36:41Z INFO [1095/3239] 5d003534-49b3-4cd4-bcfa-fea41f699cbd: does not qualify; 1.7 s; peak memory 759 MiB.
2026-10-05T18:36:42Z INFO [1096/3239] 5d00c0b7-8615-4188-8033-7fb97167283f: does not qualify; 0.7 s; peak memory 759 MiB.
2026-10-05T18:36:43Z INFO [1097/3239] 5d017cd0-09fa-4919-8762-b22f909eeb39: does not qualify; 0.7 s; peak memory 759 MiB.
2026-10-05T18:36:43Z INFO [1098/3239] 5d01c0a9-8e62-4c88-bda3-248747efc2c9: does not qualify; 0.6 s; peak memory 759 MiB.
2026-10-05T18:36:44Z INFO [1099/3239] 5d02a140-8a9f-4668-b82b-1077a4830e44: does not qualify; 0.7 s; peak memory 759 MiB.
2026-10-05T18:36:45Z INFO [1100/3239] 5d03b7c8-3838-45b0-b780-1501f233bab1: does not qualify; 0.9 s; peak memory 759 MiB.
2026-10-05T18:36:45Z INFO [1100/3239] 5d03b7c8-3838-45b0-b780-1501f233bab1: checkpointed 73243 records.
2026-10-05T18:36:46Z INFO [1101/3239] 5d03bfb1-49e0-4f71-976e-800fef9cbda5: does not qualify; 0.7 s; peak memory 759 MiB.
2026-10-05T18:36:48Z INFO [1102/3239] 5d04d9e1-cc82-4bba-b693-d47e64991ef1: does not qualify; 2.7 s; peak memory 759 MiB.
2026-10-05T18:36:54Z INFO [1103/3239] 5d055789-39eb-4679-8033-bff07790cffb: does not qualify; 5.3 s; peak memory 759 MiB.
2026-10-05T18:38:22Z INFO [1104/3239] 5d058356-1bd3-49b3-9d15-92989743c8f0: does not qualify; 88.4 s; peak memory 759 MiB.
2026-10-05T18:38:23Z INFO [1105/3239] 5d05e78d-250f-4942-be74-6f676fd794af: does not qualify; 0.7 s; peak memory 759 MiB.
2026-10-05T18:38:24Z INFO [1106/3239] 5d061774-b780-48c0-9812-41f5808fa98b: does not qualify; 0.8 s; peak memory 759 MiB.
2026-10-05T18:38:24Z INFO [1107/3239] 5d082be4-6c1e-4ae2-a31a-383eac99af2f: does not qualify; 0.8 s; peak memory 759 MiB.
2026-10-05T18:38:25Z INFO [1108/3239] 5d0867db-fc02-4fa4-8611-e566dec7e30f: does not qualify; 0.7 s; peak memory 759 MiB.
2026-10-05T18:38:26Z INFO [1109/3239] 5d09356a-4d96-4310-b568-9eff3779033d: does not qualify; 0.7 s; peak memory 759 MiB.
2026-10-05T18:38:26Z INFO [1110/3239] 5d099ba5-1072-476f-b084-93e32c6fba65: does not qualify; 0.6 s; peak memory 759 MiB.
2026-10-05T18:38:27Z INFO [1111/3239] 5d09e551-c12c-4428-89a3-221aeb2258e6: does not qualify; 0.9 s; peak memory 759 MiB.
2026-10-05T18:38:29Z INFO [1112/3239] 5d0a270d-3d56-4258-93d3-7c166b29d79d: does not qualify; 1.6 s; peak memory 759 MiB.
2026-10-05T18:38:30Z INFO [1113/3239] 5d0a5e08-bd3a-4c41-994c-8c49abda5616: does not qualify; 0.7 s; peak memory 759 MiB.
2026-10-05T18:38:30Z INFO [1114/3239] 5d0ae078-cea4-4be0-bd20-5115b4c5973f: does not qualify; 0.7 s; peak memory 759 MiB.
2026-10-05T18:38:31Z INFO [1115/3239] 5d0b1735-9dd5-4e67-aea9-aeb8bb45cce8: does not qualify; 1.0 s; peak memory 759 MiB.
2026-10-05T18:38:32Z INFO [1116/3239] 5d0b66ab-7ed2-4eb7-b054-5b742d5e0e52: does not qualify; 0.9 s; peak memory 759 MiB.
2026-10-05T18:38:33Z INFO [1117/3239] 5d0ccf26-83fb-4543-b127-0624e076de9f: does not qualify; 0.9 s; peak memory 759 MiB.
2026-10-05T18:38:34Z INFO [1118/3239] 5d0f7123-3373-499e-a481-082ded241432: does not qualify; 0.8 s; peak memory 759 MiB.
2026-10-05T18:38:34Z INFO [1119/3239] 5d1002e9-1e74-4382-9db5-d8a029559179: does not qualify; 0.7 s; peak memory 759 MiB.
2026-10-05T18:38:35Z INFO [1120/3239] 5d1131b0-cf18-4cc0-8f70-bbd9317c3138: does not qualify; 0.4 s; peak memory 759 MiB.
2026-10-05T18:38:40Z INFO [1121/3239] 5d11462b-c00f-45d1-b32b-4659c6fbd2f3: does not qualify; 5.0 s; peak memory 759 MiB.
2026-10-05T18:38:41Z INFO [1122/3239] 5d12514f-eba3-42da-bede-b6f3ca9ef6da: does not qualify; 0.8 s; peak memory 759 MiB.
2026-10-05T18:38:41Z INFO [1123/3239] 5d13392d-587d-4f08-9676-2cffe5c3b4f7: does not qualify; 0.8 s; peak memory 759 MiB.
2026-10-05T18:38:42Z INFO [1124/3239] 5d13b9de-6c39-4e9d-a308-439240496fd3: does not qualify; 0.7 s; peak memory 759 MiB.
2026-10-05T18:38:43Z INFO [1125/3239] 5d1480aa-80bb-4ce6-ac9f-f8f7c735e29d: does not qualify; 0.8 s; peak memory 759 MiB.
2026-10-05T18:38:44Z INFO [1126/3239] 5d14e644-d59a-4429-9c94-3a45ffad286f: does not qualify; 0.8 s; peak memory 759 MiB.
2026-10-05T18:38:50Z INFO [1127/3239] 5d15e301-c507-4fdc-8876-2cab4fef428c: does not qualify; 5.9 s; peak memory 759 MiB.
2026-10-05T18:38:50Z INFO [1128/3239] 5d1651ef-4868-421a-bb96-056aca2f6a55: does not qualify; 0.5 s; peak memory 759 MiB.
2026-10-05T18:38:51Z INFO [1129/3239] 5d165228-ca62-40f6-9bd1-cefbfacb8345: does not qualify; 0.8 s; peak memory 759 MiB.
2026-10-05T18:38:52Z INFO [1130/3239] 5d16ab69-1ef7-45a5-9ec7-7213d8b692df: does not qualify; 0.8 s; peak memory 759 MiB.
2026-10-05T18:38:54Z INFO [1131/3239] 5d16e91d-d470-40eb-894c-7cbbed7ed6c5: does not qualify; 1.9 s; peak memory 759 MiB.
2026-10-05T18:38:55Z INFO [1132/3239] 5d173a63-e065-4e59-a45c-ed105a3096fe: does not qualify; 0.8 s; peak memory 759 MiB.
2026-10-05T18:38:55Z INFO [1133/3239] 5d177b85-9af2-4056-8835-44218941a75f: does not qualify; 0.7 s; peak memory 759 MiB.
2026-10-05T18:38:56Z INFO [1134/3239] 5d179590-3d8b-4fe8-b88d-d27b89b2b9c0: does not qualify; 0.4 s; peak memory 759 MiB.
2026-10-05T18:38:56Z INFO [1135/3239] 5d179e4e-1815-4bdf-ac69-8deb1e92c9a7: does not qualify; 0.6 s; peak memory 759 MiB.
2026-10-05T18:39:00Z INFO [1136/3239] 5d17b64b-096a-4ae9-996f-68969a0c76f2: does not qualify; 4.1 s; peak memory 759 MiB.
2026-10-05T18:39:01Z INFO [1137/3239] 5d18513c-7f59-45e4-8a65-bcd7898bd292: does not qualify; 1.0 s; peak memory 759 MiB.
2026-10-05T18:39:02Z INFO [1138/3239] 5d188597-49c5-42dc-86d0-3498540b0c73: does not qualify; 0.8 s; peak memory 759 MiB.
2026-10-05T18:39:03Z INFO [1139/3239] 5d18f850-4354-4aef-901b-383ef7c42230: does not qualify; 1.1 s; peak memory 759 MiB.
2026-10-05T18:39:04Z INFO [1140/3239] 5d1934da-6a92-4e4e-9014-29193324c593: does not qualify; 1.0 s; peak memory 759 MiB.
2026-10-05T18:39:06Z INFO [1141/3239] 5d195ea4-aef2-4f28-97e7-4155c7697b31: does not qualify; 1.9 s; peak memory 759 MiB.
2026-10-05T18:39:07Z INFO [1142/3239] 5d19846a-a528-4856-a5aa-991d638eac46: qualifies; 1.2 s; peak memory 759 MiB.
2026-10-05T18:39:09Z INFO [1143/3239] 5d1a525b-9101-4eff-a157-48ea64e94726: does not qualify; 2.1 s; peak memory 759 MiB.
2026-10-05T18:39:11Z INFO [1144/3239] 5d1aa069-5a90-44e1-9dc0-6c59c70e0acf: does not qualify; 2.1 s; peak memory 759 MiB.
2026-10-05T18:39:13Z INFO [1145/3239] 5d1adcac-631d-45cb-8b3b-39ed68fdcbb5: does not qualify; 1.7 s; peak memory 759 MiB.
2026-10-05T18:39:14Z INFO [1146/3239] 5d1b470e-d71a-4258-bb4a-424194afe783: does not qualify; 1.0 s; peak memory 759 MiB.
2026-10-05T18:39:15Z INFO [1147/3239] 5d1b589e-9a92-4c6f-b718-33ef69cfbcd0: does not qualify; 0.7 s; peak memory 759 MiB.
2026-10-05T18:39:16Z INFO [1148/3239] 5d1b7c4c-00fc-42b1-9d0c-df99fc656f19: does not qualify; 0.6 s; peak memory 759 MiB.
2026-10-05T18:39:16Z INFO [1149/3239] 5d1bbdee-b26e-402a-99dc-cd6259d4c0b6: does not qualify; 0.5 s; peak memory 759 MiB.
2026-10-05T18:39:17Z INFO [1150/3239] 5d1bd0b3-5d8f-4e5e-9a8d-1ae4a574b44d: does not qualify; 0.8 s; peak memory 759 MiB.
2026-10-05T18:39:17Z INFO [1150/3239] 5d1bd0b3-5d8f-4e5e-9a8d-1ae4a574b44d: checkpointed 73293 records.
2026-10-05T18:39:18Z INFO [1151/3239] 5d1be3eb-d3cc-4ce8-8460-29c35c16c9a6: does not qualify; 0.8 s; peak memory 759 MiB.
2026-10-05T18:39:18Z INFO [1152/3239] 5d1cbfc1-8a26-4e25-bbf1-86328668ac12: does not qualify; 0.6 s; peak memory 759 MiB.
2026-10-05T18:39:25Z INFO [1153/3239] 5d1ce15c-776f-4e62-a0c5-8590a82c56b8: does not qualify; 6.7 s; peak memory 759 MiB.
2026-10-05T18:39:28Z INFO [1154/3239] 5d1e6e26-3580-49ea-9142-c5ada206f50e: does not qualify; 3.0 s; peak memory 759 MiB.
2026-10-05T18:39:32Z INFO [1155/3239] 5d1e88f4-1a03-4cd4-b55f-898b757ea3a3: does not qualify; 4.2 s; peak memory 759 MiB.
2026-10-05T18:39:33Z INFO [1156/3239] 5d1e9729-45ed-4e3f-a989-9c12253788f2: does not qualify; 0.6 s; peak memory 759 MiB.
2026-10-05T18:39:33Z INFO [1157/3239] 5d1eabdc-4105-420f-af47-b4e0b61cc08e: does not qualify; 0.7 s; peak memory 759 MiB.
2026-10-05T18:39:34Z INFO [1158/3239] 5d1f4ded-88e3-411d-9951-84ac652076bd: does not qualify; 0.8 s; peak memory 759 MiB.
2026-10-05T18:39:35Z INFO [1159/3239] 5d202cf4-b6bd-409f-ab44-e36d0c381a39: does not qualify; 0.5 s; peak memory 759 MiB.
2026-10-05T18:39:35Z INFO [1160/3239] 5d215234-730c-44cd-a205-4ed14252310e: does not qualify; 0.6 s; peak memory 759 MiB.
2026-10-05T18:39:36Z INFO [1161/3239] 5d21eb80-7f23-4ab8-ac4a-79d90baa9060: does not qualify; 0.4 s; peak memory 759 MiB.
2026-10-05T18:39:36Z INFO [1162/3239] 5d229456-276f-443d-b389-ea791a6941ec: does not qualify; 0.6 s; peak memory 759 MiB.
2026-10-05T18:39:41Z INFO [1163/3239] 5d22fa37-3d7d-4d67-899b-30ef8ad91e73: does not qualify; 5.0 s; peak memory 759 MiB.
2026-10-05T18:39:42Z INFO [1164/3239] 5d23fd44-1c58-4ca5-b20d-9d15f1c92300: does not qualify; 0.8 s; peak memory 759 MiB.
2026-10-05T18:39:43Z INFO [1165/3239] 5d2446fc-211b-40d7-bbc6-e5a89db23573: does not qualify; 0.7 s; peak memory 759 MiB.
2026-10-05T18:39:44Z INFO [1166/3239] 5d2525fd-ded1-444b-9733-91e558b5b7cb: does not qualify; 0.7 s; peak memory 759 MiB.
2026-10-05T18:39:47Z INFO [1167/3239] 5d258cec-2953-4187-8d5c-221b622871cf: does not qualify; 3.5 s; peak memory 759 MiB.
2026-10-05T18:39:48Z INFO [1168/3239] 5d2622c6-8365-480e-8c22-2a4cfaabdfb7: does not qualify; 0.6 s; peak memory 759 MiB.
2026-10-05T18:39:49Z INFO [1169/3239] 5d27067d-21b2-4d23-a1f0-4f7e047871c7: does not qualify; 0.9 s; peak memory 759 MiB.
2026-10-05T18:39:49Z INFO [1170/3239] 5d273762-4614-4a97-88c9-293fd3d80238: does not qualify; 0.7 s; peak memory 759 MiB.
2026-10-05T18:39:50Z INFO [1171/3239] 5d27fa33-cb0d-4d2d-ac9c-b9d4dcf97b79: does not qualify; 1.0 s; peak memory 759 MiB.
2026-10-05T18:39:51Z INFO [1172/3239] 5d28b2f6-37cd-44df-a2e9-6c2488201648: does not qualify; 0.8 s; peak memory 759 MiB.
2026-10-05T18:39:52Z INFO [1173/3239] 5d28c7a0-b033-4680-8db3-e26ca98ed5c3: does not qualify; 0.9 s; peak memory 759 MiB.
2026-10-05T18:39:53Z INFO [1174/3239] 5d28f77b-71e6-4a78-a36b-be32f03c1ecd: does not qualify; 0.9 s; peak memory 759 MiB.
2026-10-05T18:39:55Z INFO [1175/3239] 5d2996d4-9ac5-40c9-80d4-657e846715b6: does not qualify; 1.8 s; peak memory 759 MiB.
2026-10-05T18:39:59Z INFO [1176/3239] 5d2a0b0c-afb8-41c1-b375-bac4655ccd10: does not qualify; 4.6 s; peak memory 759 MiB.
2026-10-05T18:40:01Z INFO [1177/3239] 5d2a3732-7193-48e6-ac85-6c2051ee6ae9: does not qualify; 1.3 s; peak memory 759 MiB.
2026-10-05T18:40:01Z INFO [1178/3239] 5d2a6e2b-b331-402c-aa0c-d1b558267b64: does not qualify; 0.9 s; peak memory 759 MiB.
2026-10-05T18:40:02Z INFO [1179/3239] 5d2b00b3-3a64-4a3e-850e-8c5606bdd163: does not qualify; 0.9 s; peak memory 759 MiB.
2026-10-05T18:40:03Z INFO [1180/3239] 5d2b1f1b-5d1c-4ce3-9868-2dd002042cbd: does not qualify; 0.7 s; peak memory 759 MiB.
2026-10-05T18:40:04Z INFO [1181/3239] 5d2b7002-4bc9-4ddd-9811-c86d11a78961: does not qualify; 0.9 s; peak memory 759 MiB.
2026-10-05T18:40:05Z INFO [1182/3239] 5d2c34f8-91be-4157-a1fa-de82e17a95b9: does not qualify; 0.7 s; peak memory 759 MiB.
2026-10-05T18:40:05Z INFO [1183/3239] 5d2cff0c-c9cc-4534-8d32-10280d66111b: does not qualify; 0.6 s; peak memory 759 MiB.
2026-10-05T18:40:06Z INFO [1184/3239] 5d2e1cd2-fbff-453b-ba75-8211ed9b8343: does not qualify; 1.0 s; peak memory 759 MiB.
2026-10-05T18:40:07Z INFO [1185/3239] 5d2e96ce-c64b-4b74-b9c4-528c882b631e: does not qualify; 0.6 s; peak memory 759 MiB.
2026-10-05T18:40:14Z INFO [1186/3239] 5d2efd7e-466a-4deb-908a-6fc67e96c659: does not qualify; 6.7 s; peak memory 759 MiB.
2026-10-05T18:40:14Z INFO [1187/3239] 5d2f5db1-e2bc-4be6-8927-892fc41519b2: does not qualify; 0.7 s; peak memory 759 MiB.
2026-10-05T18:40:15Z INFO [1188/3239] 5d2faaa2-4ac1-42fc-a856-26381b1dda31: does not qualify; 0.6 s; peak memory 759 MiB.
2026-10-05T18:40:16Z INFO [1189/3239] 5d306904-af7e-4ee0-991f-ceaa438a7157: does not qualify; 0.7 s; peak memory 759 MiB.
2026-10-05T18:40:19Z INFO [1190/3239] 5d30ccfc-32be-45b1-b42b-e17ca853ec47: does not qualify; 3.0 s; peak memory 759 MiB.
2026-10-05T18:40:19Z INFO [1191/3239] 5d31802a-4e92-4dc3-a068-4de97c298d83: does not qualify; 0.7 s; peak memory 759 MiB.
2026-10-05T18:40:20Z INFO [1192/3239] 5d31b89a-b774-4a3b-91ec-6b903d13e355: does not qualify; 0.9 s; peak memory 759 MiB.
2026-10-05T18:40:22Z INFO [1193/3239] 5d32050b-0e95-4f3a-bd0a-df1e7cad607c: qualifies; 1.3 s; peak memory 759 MiB.
2026-10-05T18:40:22Z INFO [1194/3239] 5d32d2af-2d69-4c11-aece-ae3780f78200: does not qualify; 0.8 s; peak memory 759 MiB.
2026-10-05T18:40:24Z INFO [1195/3239] 5d336263-fd2b-4b0a-8450-4e3c4c05e6d9: does not qualify; 1.3 s; peak memory 759 MiB.
2026-10-05T18:40:26Z INFO [1196/3239] 5d339143-ec73-40f8-adde-addfd7ddebbc: does not qualify; 2.5 s; peak memory 759 MiB.
2026-10-05T18:40:27Z INFO [1197/3239] 5d33aa9c-d15e-4d63-a4db-c8971830ec64: does not qualify; 0.9 s; peak memory 759 MiB.
2026-10-05T18:40:28Z INFO [1198/3239] 5d33eb45-b97c-4eae-bdc4-cc0be4abac21: does not qualify; 0.8 s; peak memory 759 MiB.
2026-10-05T18:40:30Z INFO [1199/3239] 5d33ef78-fd60-492e-b0de-0c1317abe871: does not qualify; 2.3 s; peak memory 759 MiB.
2026-10-05T18:40:31Z INFO [1200/3239] 5d341c6e-4ff0-4de9-add3-cb9a3ef3c8cf: does not qualify; 0.5 s; peak memory 759 MiB.
2026-10-05T18:40:31Z INFO [1200/3239] 5d341c6e-4ff0-4de9-add3-cb9a3ef3c8cf: checkpointed 73343 records.
2026-10-05T18:40:31Z INFO [1201/3239] 5d347b78-80d9-4a77-8a90-4897169c13ab: does not qualify; 0.7 s; peak memory 759 MiB.
2026-10-05T18:40:32Z INFO [1202/3239] 5d349b68-4d94-4502-8554-4405447f54ad: does not qualify; 0.4 s; peak memory 759 MiB.
2026-10-05T18:40:32Z INFO [1203/3239] 5d34cfac-b0df-44fe-963d-8a4d33ab7d26: does not qualify; 0.6 s; peak memory 759 MiB.
2026-10-05T18:40:33Z INFO [1204/3239] 5d3521b5-1014-47e5-8eca-e6ad231bb735: does not qualify; 0.8 s; peak memory 759 MiB.
2026-10-05T18:40:34Z INFO [1205/3239] 5d35750f-eb9c-4508-b060-9e56a3dec4bb: does not qualify; 0.9 s; peak memory 759 MiB.
2026-10-05T18:40:37Z INFO [1206/3239] 5d3596bd-4cc7-40c5-991e-96ae57cd1f45: does not qualify; 2.9 s; peak memory 759 MiB.
2026-10-05T18:40:38Z INFO [1207/3239] 5d37173e-526c-4f1a-b4b0-8d1bd2b72724: does not qualify; 0.9 s; peak memory 759 MiB.
2026-10-05T18:40:39Z INFO [1208/3239] 5d38e428-72d6-4a7f-92e9-a6b2341d9d16: does not qualify; 0.8 s; peak memory 759 MiB.
2026-10-05T18:40:39Z INFO [1209/3239] 5d39b361-937b-43d6-a7ec-1e0de4f805b8: does not qualify; 0.7 s; peak memory 759 MiB.
2026-10-05T18:40:40Z INFO [1210/3239] 5d39b92a-069e-44d6-92e0-8a5e8606b138: does not qualify; 0.9 s; peak memory 759 MiB.
2026-10-05T18:40:41Z INFO [1211/3239] 5d39fede-9df2-4a06-922b-1a0a30a8b30a: does not qualify; 0.7 s; peak memory 759 MiB.
2026-10-05T18:40:42Z INFO [1212/3239] 5d3a5408-cff8-4626-b597-8d0f1b4df17b: does not qualify; 0.8 s; peak memory 759 MiB.
2026-10-05T18:40:43Z INFO [1213/3239] 5d3a84af-29d3-418e-9f53-0447edd8f931: does not qualify; 1.7 s; peak memory 759 MiB.
2026-10-05T18:40:46Z INFO [1214/3239] 5d3b66ef-117d-46cc-a221-d4b05fc85ed4: does not qualify; 3.1 s; peak memory 759 MiB.
2026-10-05T18:40:47Z INFO [1215/3239] 5d3b7120-da5b-4afd-8ef4-d58e9047774d: does not qualify; 0.6 s; peak memory 759 MiB.
2026-10-05T18:40:49Z INFO [1216/3239] 5d3be74a-0284-444d-80e3-d8d616013060: does not qualify; 1.5 s; peak memory 759 MiB.
2026-10-05T18:40:50Z INFO [1217/3239] 5d3d9e61-f0e3-4535-aef8-d028af14e471: does not qualify; 1.0 s; peak memory 759 MiB.
2026-10-05T18:40:50Z INFO [1218/3239] 5d3db6c0-b660-4086-b3d6-69704cd7aa19: does not qualify; 0.7 s; peak memory 759 MiB.
2026-10-05T18:40:51Z INFO [1219/3239] 5d3e384a-bd04-420e-b822-4130e9bf597d: does not qualify; 0.8 s; peak memory 759 MiB.
2026-10-05T18:40:52Z INFO [1220/3239] 5d3ed4b3-8378-4eae-a1cb-e3796e8c811b: does not qualify; 0.8 s; peak memory 759 MiB.
2026-10-05T18:40:52Z INFO [1221/3239] 5d3fbde0-9329-43a3-a284-9f847acf9386: does not qualify; 0.5 s; peak memory 759 MiB.
2026-10-05T18:40:53Z INFO [1222/3239] 5d403600-7d98-4ac7-a119-d07a99cf8340: does not qualify; 0.9 s; peak memory 759 MiB.
2026-10-05T18:40:54Z INFO [1223/3239] 5d404df9-c7b7-4185-8bb9-e6e513aa69ef: qualifies; 1.2 s; peak memory 759 MiB.
2026-10-05T18:40:55Z INFO [1224/3239] 5d408c9c-ce77-4f4d-a726-dfbc21735619: does not qualify; 0.4 s; peak memory 759 MiB.
2026-10-05T18:40:56Z INFO [1225/3239] 5d40f22e-6094-423a-b821-176c3c52a102: does not qualify; 0.9 s; peak memory 759 MiB.
2026-10-05T18:40:56Z INFO [1226/3239] 5d41ae8f-c8cf-43a9-9d7a-d3578a60092a: does not qualify; 0.6 s; peak memory 759 MiB.
2026-10-05T18:41:01Z INFO [1227/3239] 5d41dc8a-c19e-4309-ad36-188931a3e8b1: does not qualify; 4.9 s; peak memory 759 MiB.
2026-10-05T18:41:02Z INFO [1228/3239] 5d421b79-29b5-4a16-beeb-3466a4f944d7: does not qualify; 0.6 s; peak memory 759 MiB.
2026-10-05T18:41:02Z INFO [1229/3239] 5d4323e9-54e7-461c-b173-db9b8598e7e8: does not qualify; 0.8 s; peak memory 759 MiB.
2026-10-05T18:41:03Z INFO [1230/3239] 5d43879b-5543-4698-87f1-cb06c21bb048: does not qualify; 0.8 s; peak memory 759 MiB.
2026-10-05T18:41:05Z INFO [1231/3239] 5d43a537-abba-4405-a6fc-b9db01cc3364: does not qualify; 2.1 s; peak memory 759 MiB.
2026-10-05T18:41:07Z INFO [1232/3239] 5d44dd9e-53b4-4895-b749-ae33b3c55b27: does not qualify; 1.8 s; peak memory 759 MiB.
2026-10-05T18:41:08Z INFO [1233/3239] 5d44e4aa-c299-4ea7-8204-2caf9ece9de8: does not qualify; 0.8 s; peak memory 759 MiB.
2026-10-05T18:41:09Z INFO [1234/3239] 5d4510cb-d717-4cd7-9bd8-487f99c6b961: does not qualify; 0.7 s; peak memory 759 MiB.
2026-10-05T18:41:10Z INFO [1235/3239] 5d455f37-a26b-4fa2-8ae0-746d1a6ae59d: does not qualify; 0.8 s; peak memory 759 MiB.
2026-10-05T18:41:10Z INFO [1236/3239] 5d4562ee-f691-4eb6-a18b-53444026b8c4: does not qualify; 0.8 s; peak memory 759 MiB.
2026-10-05T18:41:11Z INFO [1237/3239] 5d456de7-b9e8-4c44-bdd4-2bb029063222: does not qualify; 0.6 s; peak memory 759 MiB.
2026-10-05T18:41:12Z INFO [1238/3239] 5d4598af-8567-4dac-b3ec-0d9ab4af966c: does not qualify; 0.6 s; peak memory 759 MiB.
2026-10-05T18:41:14Z INFO [1239/3239] 5d46527a-f17c-4d27-8d63-d0e96f3a7f9e: does not qualify; 2.1 s; peak memory 759 MiB.
2026-10-05T18:41:15Z INFO [1240/3239] 5d46b542-3ef2-448c-9b41-94064de78fef: does not qualify; 0.8 s; peak memory 759 MiB.
2026-10-05T18:41:15Z INFO [1241/3239] 5d46f9d1-2804-4f80-8453-2e343e001eea: does not qualify; 0.6 s; peak memory 759 MiB.
2026-10-05T18:41:16Z INFO [1242/3239] 5d477534-e431-4423-ab0d-ed3bce06a601: does not qualify; 1.2 s; peak memory 759 MiB.
2026-10-05T18:41:18Z INFO [1243/3239] 5d479b7a-e5cd-4df2-b770-d4e0fb9e8b83: does not qualify; 1.4 s; peak memory 759 MiB.
2026-10-05T18:41:18Z INFO [1244/3239] 5d483c94-9711-493c-aa4c-c71ad220b137: does not qualify; 0.5 s; peak memory 759 MiB.
2026-10-05T18:41:20Z INFO [1245/3239] 5d4922b3-1a18-4d28-a2d8-e7c01fc5ede3: does not qualify; 1.3 s; peak memory 759 MiB.
2026-10-05T18:41:20Z INFO [1246/3239] 5d49e878-7d17-4fc2-95f7-97c8a49e9ee2: does not qualify; 0.6 s; peak memory 759 MiB.
2026-10-05T18:41:21Z INFO [1247/3239] 5d49f6ae-6a47-4c7a-b667-9c9356aa7c1c: does not qualify; 0.6 s; peak memory 759 MiB.
2026-10-05T18:41:22Z INFO [1248/3239] 5d4a06ab-487d-496d-a105-4d6b4ecc1218: does not qualify; 0.9 s; peak memory 759 MiB.
2026-10-05T18:41:29Z INFO [1249/3239] 5d4a737a-2601-483b-a94d-f136b4b732a1: does not qualify; 7.5 s; peak memory 759 MiB.
2026-10-05T18:41:31Z INFO [1250/3239] 5d4b0703-15e0-46df-8eaa-d27113e96dca: does not qualify; 1.7 s; peak memory 759 MiB.
2026-10-05T18:41:31Z INFO [1250/3239] 5d4b0703-15e0-46df-8eaa-d27113e96dca: checkpointed 73393 records.
2026-10-05T18:41:32Z INFO [1251/3239] 5d4c0f83-d712-4762-b01e-3bd5d5397a63: does not qualify; 0.9 s; peak memory 759 MiB.
2026-10-05T18:41:32Z INFO [1252/3239] 5d4e381f-82c4-481f-87f4-c8cd19ec6707: does not qualify; 0.6 s; peak memory 759 MiB.
2026-10-05T18:41:33Z INFO [1253/3239] 5d4ec889-7e9c-4813-b4ab-23aaaaa02731: does not qualify; 0.8 s; peak memory 759 MiB.
2026-10-05T18:41:34Z INFO [1254/3239] 5d50931c-c147-4877-8708-21fe18c5497c: does not qualify; 0.8 s; peak memory 759 MiB.
2026-10-05T18:41:35Z INFO [1255/3239] 5d50a5d9-7026-447d-b22c-f5716f349907: does not qualify; 0.7 s; peak memory 759 MiB.
2026-10-05T18:41:36Z INFO [1256/3239] 5d50dacd-13a8-476f-8386-1a5aa886d61f: does not qualify; 1.0 s; peak memory 759 MiB.
2026-10-05T18:41:37Z INFO [1257/3239] 5d513f37-67d5-499c-9bad-45bf01a3dc86: does not qualify; 1.6 s; peak memory 759 MiB.
2026-10-05T18:41:38Z INFO [1258/3239] 5d51fc2d-502e-42dc-a0fa-3f49522fe570: does not qualify; 0.8 s; peak memory 759 MiB.
2026-10-05T18:41:39Z INFO [1259/3239] 5d5371c1-e7ba-44f4-828f-6ab03c7047b3: does not qualify; 0.7 s; peak memory 759 MiB.
2026-10-05T18:41:43Z INFO [1260/3239] 5d539aba-3b3f-4f2b-9d35-870d483df71e: does not qualify; 4.6 s; peak memory 759 MiB.
2026-10-05T18:41:44Z INFO [1261/3239] 5d53e988-17dd-47f2-83b6-30e9a52aab84: does not qualify; 0.6 s; peak memory 759 MiB.
2026-10-05T18:41:45Z INFO [1262/3239] 5d54654d-34d2-48a5-bf1f-bb941a472f70: does not qualify; 0.9 s; peak memory 759 MiB.
2026-10-05T18:41:46Z INFO [1263/3239] 5d547b1b-ded8-41e8-85e1-563740028621: does not qualify; 0.7 s; peak memory 759 MiB.
2026-10-05T18:41:46Z INFO [1264/3239] 5d555c0d-9e3b-4033-a68d-2b42b51ae295: does not qualify; 0.7 s; peak memory 759 MiB.
2026-10-05T18:41:50Z INFO [1265/3239] 5d557fc0-1e9b-47ff-9f1b-fc7ecec79fc7: does not qualify; 3.3 s; peak memory 759 MiB.
2026-10-05T18:41:50Z INFO [1266/3239] 5d567b7e-691f-41ae-afd7-663e134bf466: does not qualify; 0.6 s; peak memory 759 MiB.
2026-10-05T18:41:51Z INFO [1267/3239] 5d579422-1f0e-4f45-8e8e-80de9080d882: does not qualify; 0.8 s; peak memory 759 MiB.
2026-10-05T18:41:52Z INFO [1268/3239] 5d589bdb-938e-4eb0-a4a0-1bbaea4dda33: does not qualify; 0.8 s; peak memory 759 MiB.
2026-10-05T18:41:53Z INFO [1269/3239] 5d59015e-d941-47b8-8235-b9c946ac10c0: does not qualify; 0.8 s; peak memory 759 MiB.
2026-10-05T18:41:53Z INFO [1270/3239] 5d592974-083f-44df-8c8c-56f23d51e00f: does not qualify; 0.7 s; peak memory 759 MiB.
2026-10-05T18:41:54Z INFO [1271/3239] 5d594e9c-6feb-4c01-aff3-41b1f9ed0703: does not qualify; 0.8 s; peak memory 759 MiB.
2026-10-05T18:41:55Z INFO [1272/3239] 5d5a16db-7b36-46fb-9d1b-f59525529fdf: does not qualify; 0.7 s; peak memory 759 MiB.
2026-10-05T18:41:56Z INFO [1273/3239] 5d5ab874-81eb-48ef-b70a-bc90cbc99fc4: does not qualify; 1.5 s; peak memory 759 MiB.
2026-10-05T18:41:57Z INFO [1274/3239] 5d5afb35-38b6-4e06-9974-42ebf47677c2: does not qualify; 0.6 s; peak memory 759 MiB.
2026-10-05T18:42:00Z INFO [1275/3239] 5d5bce4d-ad3b-4b3a-b06b-a22b1d9d0b34: does not qualify; 3.0 s; peak memory 759 MiB.
2026-10-05T18:42:01Z INFO [1276/3239] 5d5bd301-503b-47a1-89fe-404e03bd936a: does not qualify; 1.0 s; peak memory 759 MiB.
2026-10-05T18:42:45Z INFO [1277/3239] 5d5d2bbc-a7b0-4200-921b-f271c84c0ddb: does not qualify; 44.2 s; peak memory 759 MiB.
2026-10-05T18:42:47Z INFO [1278/3239] 5d5d2f94-4bae-42bc-8f2a-361d37f7f96b: does not qualify; 1.7 s; peak memory 759 MiB.
2026-10-05T18:42:48Z INFO [1279/3239] 5d5d4a05-0e3c-4933-84a8-47274e21ed07: does not qualify; 0.8 s; peak memory 759 MiB.
2026-10-05T18:42:48Z INFO [1280/3239] 5d5e0ed7-b143-4052-8e47-ee84b912b355: does not qualify; 0.9 s; peak memory 759 MiB.
2026-10-05T18:42:49Z INFO [1281/3239] 5d5e4f38-e2d6-4d89-a069-98a4361c368c: does not qualify; 0.7 s; peak memory 759 MiB.
2026-10-05T18:42:50Z INFO [1282/3239] 5d5eebfe-3961-44d5-ba3c-a069f8dedb11: does not qualify; 0.5 s; peak memory 759 MiB.
2026-10-05T18:42:51Z INFO [1283/3239] 5d5f13b7-756b-4bfc-ac54-3013687f1a67: does not qualify; 1.4 s; peak memory 759 MiB.
2026-10-05T18:42:52Z INFO [1284/3239] 5d5f764c-698e-42b0-acf7-eca194437cfb: does not qualify; 0.7 s; peak memory 759 MiB.
2026-10-05T18:42:53Z INFO [1285/3239] 5d602af1-48cc-4b17-b83c-852105f806ec: does not qualify; 1.1 s; peak memory 759 MiB.
2026-10-05T18:42:53Z INFO [1286/3239] 5d605f86-b4d4-4c2a-8f92-aa4388b1380d: does not qualify; 0.5 s; peak memory 759 MiB.
2026-10-05T18:42:54Z INFO [1287/3239] 5d60940c-6548-4503-bbea-179a36a72145: does not qualify; 1.0 s; peak memory 759 MiB.
2026-10-05T18:42:55Z INFO [1288/3239] 5d60f6f0-bd8a-44c7-9ff5-88f4976364a8: does not qualify; 0.5 s; peak memory 759 MiB.
2026-10-05T18:42:59Z INFO [1289/3239] 5d6119e6-c30a-43a6-ae97-3a4b23011755: does not qualify; 3.6 s; peak memory 759 MiB.
2026-10-05T18:43:00Z INFO [1290/3239] 5d611e78-3d33-41c0-ba10-590dea24b2aa: does not qualify; 1.0 s; peak memory 759 MiB.
2026-10-05T18:43:00Z INFO [1291/3239] 5d61bb5e-4170-4eed-bccf-865ea84d88c7: does not qualify; 0.6 s; peak memory 759 MiB.
2026-10-05T18:43:02Z INFO [1292/3239] 5d61e53b-75af-465c-af9b-cc441f5e3d74: does not qualify; 1.4 s; peak memory 759 MiB.
2026-10-05T18:43:02Z INFO [1293/3239] 5d61f5c0-4dde-482a-9612-98a01b2318ff: does not qualify; 0.8 s; peak memory 759 MiB.
2026-10-05T18:43:03Z INFO [1294/3239] 5d624bc8-e340-42ac-b486-53306de356a0: does not qualify; 0.9 s; peak memory 759 MiB.
2026-10-05T18:43:04Z INFO [1295/3239] 5d6334a4-a151-4821-b9a1-877536c4a4ba: does not qualify; 0.5 s; peak memory 759 MiB.
2026-10-05T18:43:05Z INFO [1296/3239] 5d647077-89cf-4de5-bcf3-ff9541d42b2d: does not qualify; 1.3 s; peak memory 759 MiB.
2026-10-05T18:43:10Z INFO [1297/3239] 5d64e203-b2ea-4092-8b6a-5cedf307e6f9: does not qualify; 5.4 s; peak memory 759 MiB.
2026-10-05T18:43:11Z INFO [1298/3239] 5d65e5e6-a1a1-4988-92e5-f3a5f2593aa5: does not qualify; 0.8 s; peak memory 759 MiB.
2026-10-05T18:43:12Z INFO [1299/3239] 5d65e8ad-e1fb-4d0b-b119-513b0af21ab1: does not qualify; 0.9 s; peak memory 759 MiB.
2026-10-05T18:43:13Z INFO [1300/3239] 5d668963-348d-422c-a614-c2d4b8969699: does not qualify; 0.8 s; peak memory 759 MiB.
2026-10-05T18:43:13Z INFO [1300/3239] 5d668963-348d-422c-a614-c2d4b8969699: checkpointed 73443 records.
2026-10-05T18:43:14Z INFO [1301/3239] 5d675950-230f-42c8-8165-7acd72468918: does not qualify; 0.7 s; peak memory 759 MiB.
2026-10-05T18:43:14Z INFO [1302/3239] 5d6848d0-0856-4208-b2f3-8084877d511d: does not qualify; 0.6 s; peak memory 759 MiB.
2026-10-05T18:43:15Z INFO [1303/3239] 5d689959-8aac-4e7d-a138-ee4b6baec347: does not qualify; 0.8 s; peak memory 759 MiB.
2026-10-05T18:43:16Z INFO [1304/3239] 5d6923bc-9768-4b21-8bb5-ca962cecb005: does not qualify; 0.9 s; peak memory 759 MiB.
2026-10-05T18:43:17Z INFO [1305/3239] 5d699046-aff0-4b8a-8540-f05172a81232: does not qualify; 0.5 s; peak memory 759 MiB.
2026-10-05T18:43:17Z INFO [1306/3239] 5d6b8651-e112-48e8-a9d5-02263a66eea4: does not qualify; 0.7 s; peak memory 759 MiB.
2026-10-05T18:43:18Z INFO [1307/3239] 5d6bc4e8-ca21-4f87-8480-f1b2ff86842d: does not qualify; 0.6 s; peak memory 759 MiB.
2026-10-05T18:43:19Z INFO [1308/3239] 5d6bd2b8-8ed2-4e6c-a5db-7972c99d5e30: does not qualify; 1.4 s; peak memory 759 MiB.
2026-10-05T18:43:20Z INFO [1309/3239] 5d6bd71f-86a8-44d2-a150-49708ca85a67: does not qualify; 0.7 s; peak memory 759 MiB.
2026-10-05T18:43:21Z INFO [1310/3239] 5d6cce6e-dcff-4c2e-8f68-9f8476436851: does not qualify; 1.5 s; peak memory 759 MiB.
2026-10-05T18:43:23Z INFO [1311/3239] 5d6d0199-03fa-4846-b913-925fa8e55c35: qualifies; 1.3 s; peak memory 759 MiB.
2026-10-05T18:43:23Z INFO [1312/3239] 5d6da9dd-733a-4618-9423-cc00d7ab5fb7: does not qualify; 0.5 s; peak memory 759 MiB.
2026-10-05T18:43:24Z INFO [1313/3239] 5d6dba67-e21d-4983-8abd-fd6ee6f9573f: does not qualify; 0.5 s; peak memory 759 MiB.
2026-10-05T18:43:27Z INFO [1314/3239] 5d6df412-f1f1-4445-ae73-37c156e91c56: does not qualify; 2.9 s; peak memory 759 MiB.
2026-10-05T18:43:28Z INFO [1315/3239] 5d6e41d7-820c-4b3b-8c3b-dbea39890a72: does not qualify; 0.8 s; peak memory 759 MiB.
2026-10-05T18:43:31Z INFO [1316/3239] 5d6e43c5-facc-43d1-ba02-0dfd24cf08df: does not qualify; 3.9 s; peak memory 759 MiB.
2026-10-05T18:43:32Z INFO [1317/3239] 5d6fcb70-fab5-4917-a5b2-c2c05ea04e57: does not qualify; 0.7 s; peak memory 759 MiB.
2026-10-05T18:43:33Z INFO [1318/3239] 5d6fecbb-d945-4704-a78e-42dc84d4617b: does not qualify; 0.8 s; peak memory 759 MiB.
2026-10-05T18:43:36Z INFO [1319/3239] 5d713833-0784-4d7a-a438-a875954b1d8a: does not qualify; 3.0 s; peak memory 759 MiB.
2026-10-05T18:43:37Z INFO [1320/3239] 5d71649a-896d-40cb-b0cd-44203889deff: does not qualify; 0.7 s; peak memory 759 MiB.
2026-10-05T18:43:37Z INFO [1321/3239] 5d71bca5-cc62-4c0e-99fb-207ea8f3b827: does not qualify; 0.7 s; peak memory 759 MiB.
2026-10-05T18:43:39Z INFO [1322/3239] 5d7211a2-043e-4bdf-a941-6ae86bcbcc5a: does not qualify; 1.8 s; peak memory 759 MiB.
2026-10-05T18:43:40Z INFO [1323/3239] 5d722de3-8db3-4810-a37c-0f16c0e99608: does not qualify; 0.7 s; peak memory 759 MiB.
2026-10-05T18:43:41Z INFO [1324/3239] 5d725d0d-81b1-40af-b200-8ef0077981f4: does not qualify; 0.6 s; peak memory 759 MiB.
2026-10-05T18:43:41Z INFO [1325/3239] 5d739765-2f84-4cf5-8ceb-944e16c3e00d: does not qualify; 0.6 s; peak memory 759 MiB.
2026-10-05T18:43:46Z INFO [1326/3239] 5d740f68-e603-4266-8ad6-7f7dec865bce: does not qualify; 4.5 s; peak memory 759 MiB.
2026-10-05T18:43:47Z INFO [1327/3239] 5d743f0e-bb84-4d72-9202-7dc072be2f7a: does not qualify; 1.9 s; peak memory 759 MiB.
2026-10-05T18:43:51Z INFO [1328/3239] 5d750104-744e-421d-841e-b74a1d3bab54: does not qualify; 3.5 s; peak memory 759 MiB.
2026-10-05T18:43:52Z INFO [1329/3239] 5d75390b-f28d-4bbb-b541-db157ba19054: does not qualify; 0.7 s; peak memory 759 MiB.
2026-10-05T18:43:52Z INFO [1330/3239] 5d755cb0-c284-42a8-9207-ea0c97f20132: does not qualify; 0.7 s; peak memory 759 MiB.
2026-10-05T18:43:56Z INFO [1331/3239] 5d75ba32-c271-4326-b010-a08b484bfa78: does not qualify; 3.9 s; peak memory 759 MiB.
2026-10-05T18:43:57Z INFO [1332/3239] 5d779b82-dfd9-4342-b0ea-9f1764ce464d: does not qualify; 0.6 s; peak memory 759 MiB.
2026-10-05T18:43:58Z INFO [1333/3239] 5d77b0b6-f819-4a96-895a-1259b1a5aac6: does not qualify; 0.9 s; peak memory 759 MiB.
2026-10-05T18:43:59Z INFO [1334/3239] 5d77e926-ce07-482c-b529-c8b77eb2e61e: does not qualify; 0.9 s; peak memory 759 MiB.
2026-10-05T18:43:59Z INFO [1335/3239] 5d784fe2-95a1-4b69-97fd-6382fe846d26: does not qualify; 0.6 s; peak memory 759 MiB.
2026-10-05T18:44:00Z INFO [1336/3239] 5d78594d-bc7c-42e0-8bac-1c8a917a290f: does not qualify; 0.8 s; peak memory 759 MiB.
2026-10-05T18:44:01Z INFO [1337/3239] 5d785c7d-ad88-411c-9a31-25cdadafc7a2: does not qualify; 0.9 s; peak memory 759 MiB.
2026-10-05T18:44:05Z INFO [1338/3239] 5d786a9a-e12b-4391-9a7c-d64f92074b32: does not qualify; 4.1 s; peak memory 759 MiB.
2026-10-05T18:44:06Z INFO [1339/3239] 5d7910fe-b627-4cd7-ab71-b5a04c999ca2: does not qualify; 1.0 s; peak memory 759 MiB.
2026-10-05T18:44:07Z INFO [1340/3239] 5d791eaa-5f12-42ef-8886-8bfbf19b5436: does not qualify; 0.9 s; peak memory 759 MiB.
2026-10-05T18:44:08Z INFO [1341/3239] 5d7a6180-bfbd-44bf-ae40-ab68300861a7: does not qualify; 1.1 s; peak memory 759 MiB.
2026-10-05T18:44:09Z INFO [1342/3239] 5d7b178f-3390-4fb4-b81c-4dea66fc36a2: does not qualify; 1.4 s; peak memory 759 MiB.
2026-10-05T18:44:11Z INFO [1343/3239] 5d7be223-0ce8-460f-9b8e-0085e85ca1af: does not qualify; 1.1 s; peak memory 759 MiB.
2026-10-05T18:44:11Z INFO [1344/3239] 5d7bf022-c7a5-4f72-af2d-17189a1d0058: does not qualify; 0.5 s; peak memory 759 MiB.
2026-10-05T18:44:12Z INFO [1345/3239] 5d7c8132-5a9f-4643-936c-8ef7ed573673: does not qualify; 0.8 s; peak memory 759 MiB.
2026-10-05T18:44:12Z INFO [1346/3239] 5d7d22d3-9656-49bd-9b6e-fc31faf92280: does not qualify; 0.7 s; peak memory 759 MiB.
2026-10-05T18:44:13Z INFO [1347/3239] 5d7e5af8-6e54-440e-85ba-3507c4a7bb5d: does not qualify; 0.8 s; peak memory 759 MiB.
2026-10-05T18:44:17Z INFO [1348/3239] 5d7ea2ed-ea6f-43e4-9d23-19846b900f84: does not qualify; 4.0 s; peak memory 759 MiB.
2026-10-05T18:44:18Z INFO [1349/3239] 5d811043-5ff0-4580-a70b-ae1fd145a0ce: does not qualify; 0.8 s; peak memory 759 MiB.
2026-10-05T18:44:22Z INFO [1350/3239] 5d81fb5e-6de0-45ca-986c-ca49898ce2bb: does not qualify; 4.1 s; peak memory 759 MiB.
2026-10-05T18:44:22Z INFO [1350/3239] 5d81fb5e-6de0-45ca-986c-ca49898ce2bb: checkpointed 73493 records.
2026-10-05T18:44:23Z INFO [1351/3239] 5d827163-9c85-416c-8719-a5af73f2b9f6: does not qualify; 1.0 s; peak memory 759 MiB.
2026-10-05T18:44:24Z INFO [1352/3239] 5d832fb5-62f8-42b7-8b86-21276a5f8bab: does not qualify; 1.2 s; peak memory 759 MiB.
2026-10-05T18:44:25Z INFO [1353/3239] 5d84e095-1d9f-48cd-92d8-bb0579bb6d29: does not qualify; 0.8 s; peak memory 759 MiB.
2026-10-05T18:44:26Z INFO [1354/3239] 5d850607-c779-4087-b798-3b6cf007d620: does not qualify; 0.7 s; peak memory 759 MiB.
2026-10-05T18:44:26Z INFO [1355/3239] 5d86750d-8ec5-470b-8ce8-a065b9c6aca6: does not qualify; 0.5 s; peak memory 759 MiB.
2026-10-05T18:44:27Z INFO [1356/3239] 5d8693dc-a35e-4392-af2c-4c43220d2d5b: does not qualify; 0.6 s; peak memory 759 MiB.
2026-10-05T18:44:36Z INFO [1357/3239] 5d871799-1dd6-4a09-b925-b7ae561d8c9c: does not qualify; 8.5 s; peak memory 759 MiB.
2026-10-05T18:44:36Z INFO [1358/3239] 5d88cec0-2290-4756-a52c-4fbb13b09667: does not qualify; 0.7 s; peak memory 759 MiB.
2026-10-05T18:44:37Z INFO [1359/3239] 5d88e1bf-8573-405d-a3cd-291679fe2f29: does not qualify; 0.7 s; peak memory 759 MiB.
2026-10-05T18:44:38Z INFO [1360/3239] 5d89243b-eb94-48bb-a61d-4c69b4bff3b8: does not qualify; 0.7 s; peak memory 759 MiB.
2026-10-05T18:44:38Z INFO [1361/3239] 5d8a450a-b15f-4c47-b695-4bcc1f167e27: does not qualify; 0.4 s; peak memory 759 MiB.
2026-10-05T18:44:39Z INFO [1362/3239] 5d8a85ef-04c8-42a9-876f-93b746b0413b: does not qualify; 0.8 s; peak memory 759 MiB.
2026-10-05T18:44:40Z INFO [1363/3239] 5d8aac12-c751-4407-bff9-5c21dd7da190: does not qualify; 0.8 s; peak memory 759 MiB.
2026-10-05T18:44:40Z INFO [1364/3239] 5d8b967d-05a5-43eb-a364-c34c01ed02d1: does not qualify; 0.7 s; peak memory 759 MiB.
2026-10-05T18:44:41Z INFO [1365/3239] 5d8c1a6f-10ca-4764-ae71-996ce525e7cc: does not qualify; 0.6 s; peak memory 759 MiB.
2026-10-05T18:44:42Z INFO [1366/3239] 5d8c38a5-2689-4386-aff1-84ac29e1eac5: does not qualify; 0.8 s; peak memory 759 MiB.
2026-10-05T18:44:42Z INFO [1367/3239] 5d8c5865-cb9d-41d7-ade4-2f2fd99aeae7: does not qualify; 0.5 s; peak memory 759 MiB.
2026-10-05T18:44:43Z INFO [1368/3239] 5d8cf808-2b04-4970-90d5-9bbe02f39ad3: does not qualify; 1.0 s; peak memory 759 MiB.
2026-10-05T18:44:45Z INFO [1369/3239] 5d8d7613-b0ca-4cff-ae5b-1e3951a7ce29: does not qualify; 2.1 s; peak memory 759 MiB.
2026-10-05T18:44:46Z INFO [1370/3239] 5d8e9f3d-ba73-41d3-a062-fd90ea1f8a67: does not qualify; 0.8 s; peak memory 759 MiB.
2026-10-05T18:44:47Z INFO [1371/3239] 5d8eae88-00d9-432f-b68f-997d84b8d9c0: does not qualify; 0.5 s; peak memory 759 MiB.
2026-10-05T18:44:50Z INFO [1372/3239] 5d8f1faf-69bf-434a-9d34-9444ca29083d: does not qualify; 3.6 s; peak memory 759 MiB.
2026-10-05T18:44:51Z INFO [1373/3239] 5d8fd766-da21-4a94-bdc0-6372a17b847b: does not qualify; 0.8 s; peak memory 759 MiB.
2026-10-05T18:44:52Z INFO [1374/3239] 5d90cfd4-cd56-4a26-a9a9-3b21634a3220: qualifies; 1.4 s; peak memory 759 MiB.
2026-10-05T18:44:53Z INFO [1375/3239] 5d90df42-6e67-45c2-a201-9cda8f07e73f: does not qualify; 0.7 s; peak memory 759 MiB.
2026-10-05T18:44:55Z INFO [1376/3239] 5d91ea58-78fa-4aef-8b19-2074bd73bdc7: does not qualify; 2.2 s; peak memory 759 MiB.
2026-10-05T18:44:56Z INFO [1377/3239] 5d91ed69-b445-42b2-b116-6672cffa7545: does not qualify; 0.7 s; peak memory 759 MiB.
2026-10-05T18:44:57Z INFO [1378/3239] 5d92230b-9eea-4a20-99d4-64552f573fbe: does not qualify; 0.7 s; peak memory 759 MiB.
2026-10-05T18:44:57Z INFO [1379/3239] 5d925f97-17e3-40d6-bbd2-1a6fd8341f03: does not qualify; 0.7 s; peak memory 759 MiB.
2026-10-05T18:44:59Z INFO [1380/3239] 5d93d2f4-b20e-4a85-a3c7-45c0ec4fd1f7: does not qualify; 1.6 s; peak memory 759 MiB.
2026-10-05T18:44:59Z INFO [1381/3239] 5d93ebde-a3b8-42bd-b4fb-0c6eeadb7335: does not qualify; 0.7 s; peak memory 759 MiB.
2026-10-05T18:45:00Z INFO [1382/3239] 5d9423cd-f122-4e13-b25e-131b19e76de5: does not qualify; 0.7 s; peak memory 759 MiB.
2026-10-05T18:45:01Z INFO [1383/3239] 5d949787-f626-424d-a046-eb114d6d5aa4: does not qualify; 0.7 s; peak memory 759 MiB.
2026-10-05T18:45:02Z INFO [1384/3239] 5d94ad58-c1e1-4045-a1e5-7171a5cefe7c: does not qualify; 0.8 s; peak memory 759 MiB.
2026-10-05T18:45:02Z INFO [1385/3239] 5d95b25f-dbb8-4140-9e4b-edb7f9b49420: does not qualify; 0.8 s; peak memory 759 MiB.
2026-10-05T18:45:04Z INFO [1386/3239] 5d965308-0f67-4464-9d4d-284ea29cbd6d: does not qualify; 1.7 s; peak memory 759 MiB.
2026-10-05T18:45:05Z INFO [1387/3239] 5d9714f6-e0e6-43d4-854b-a31ceb0f0de2: does not qualify; 0.8 s; peak memory 759 MiB.
2026-10-05T18:45:06Z INFO [1388/3239] 5d977275-9d9d-4712-bdd7-875ffaf2d248: does not qualify; 0.7 s; peak memory 759 MiB.
2026-10-05T18:45:07Z INFO [1389/3239] 5d994b98-8f01-4307-851e-909c94123039: does not qualify; 0.8 s; peak memory 759 MiB.
2026-10-05T18:45:07Z INFO [1390/3239] 5d99704b-4c70-4b9e-96f6-7f53ffb62e4d: does not qualify; 0.8 s; peak memory 759 MiB.
2026-10-05T18:45:08Z INFO [1391/3239] 5d99a556-c6dd-42f3-b14a-b98984ec1f64: does not qualify; 0.8 s; peak memory 759 MiB.
2026-10-05T18:45:09Z INFO [1392/3239] 5d99c454-5d77-4de4-8975-b84439b5d47f: does not qualify; 1.0 s; peak memory 759 MiB.
2026-10-05T18:45:10Z INFO [1393/3239] 5d9b60ea-f781-487a-86c9-721c7048cfed: does not qualify; 0.8 s; peak memory 759 MiB.
2026-10-05T18:45:11Z INFO [1394/3239] 5d9c2165-4686-4a18-ba5b-d426b9fe4ca5: does not qualify; 0.7 s; peak memory 759 MiB.
2026-10-05T18:45:11Z INFO [1395/3239] 5d9c3093-6e0c-4e23-931a-a52de7f32a93: does not qualify; 0.9 s; peak memory 759 MiB.
2026-10-05T18:45:16Z INFO [1396/3239] 5d9d0759-d87b-4aa1-adec-01afc437bb23: does not qualify; 4.6 s; peak memory 759 MiB.
2026-10-05T18:45:17Z INFO [1397/3239] 5d9e25d3-60fa-4ffe-9473-44562c62d8b8: does not qualify; 0.9 s; peak memory 759 MiB.
2026-10-05T18:45:18Z INFO [1398/3239] 5d9e4dec-5d0d-4000-9278-5547749c16ad: does not qualify; 0.7 s; peak memory 759 MiB.
2026-10-05T18:45:18Z INFO [1399/3239] 5d9e9231-8800-4ceb-b0a0-96503cbe1ee4: does not qualify; 0.7 s; peak memory 759 MiB.
2026-10-05T18:45:19Z INFO [1400/3239] 5d9ec506-0ea6-4834-b4ba-741d44af9de1: does not qualify; 0.7 s; peak memory 759 MiB.
2026-10-05T18:45:19Z INFO [1400/3239] 5d9ec506-0ea6-4834-b4ba-741d44af9de1: checkpointed 73543 records.
2026-10-05T18:45:20Z INFO [1401/3239] 5d9fade3-f19e-4b71-8de8-77a94b14db78: does not qualify; 0.9 s; peak memory 759 MiB.
2026-10-05T18:45:21Z INFO [1402/3239] 5da07a65-2aaf-4da7-871f-9709f237eae1: does not qualify; 0.5 s; peak memory 759 MiB.
2026-10-05T18:45:22Z INFO [1403/3239] 5da148ce-f9a5-4b10-af70-12740853501c: qualifies; 1.8 s; peak memory 759 MiB.
2026-10-05T18:45:24Z INFO [1404/3239] 5da16745-35b6-4344-8a3f-35d276b70f9b: does not qualify; 1.3 s; peak memory 759 MiB.
2026-10-05T18:45:24Z INFO [1405/3239] 5da17dd5-0e0d-4aa0-b418-7006f8a67d79: does not qualify; 0.8 s; peak memory 759 MiB.
2026-10-05T18:45:25Z INFO [1406/3239] 5da1f443-0ffb-4055-96c1-139ebb4f4139: does not qualify; 1.0 s; peak memory 759 MiB.
2026-10-05T18:45:26Z INFO [1407/3239] 5da215bd-ba73-49ef-9324-4a2d851ca3e8: does not qualify; 0.8 s; peak memory 759 MiB.
2026-10-05T18:45:27Z INFO [1408/3239] 5da23808-b3e2-4a0d-a7a2-518e8c030c86: does not qualify; 0.4 s; peak memory 759 MiB.
2026-10-05T18:45:27Z INFO [1409/3239] 5da2f435-fa8d-4ed7-9d14-674f23d4167f: does not qualify; 0.9 s; peak memory 759 MiB.
2026-10-05T18:45:28Z INFO [1410/3239] 5da3795d-0dec-4ccc-9bbd-5a2d0d6cf772: does not qualify; 0.7 s; peak memory 759 MiB.
2026-10-05T18:45:29Z INFO [1411/3239] 5da3a069-51a4-41f8-a299-22c21857c8ac: does not qualify; 0.8 s; peak memory 759 MiB.
2026-10-05T18:45:31Z INFO [1412/3239] 5da49adf-45da-49b0-bab8-aa3fb92147ca: does not qualify; 1.8 s; peak memory 759 MiB.
2026-10-05T18:45:31Z INFO [1413/3239] 5da4f74e-b0b1-4726-9799-58fcba56a8fe: does not qualify; 0.7 s; peak memory 759 MiB.
2026-10-05T18:45:32Z INFO [1414/3239] 5da57ddc-a46e-40a0-9574-3e3e279e5fe6: does not qualify; 0.7 s; peak memory 759 MiB.
2026-10-05T18:45:33Z INFO [1415/3239] 5da6a1c7-e878-4de0-9ce8-d7511bee3f86: does not qualify; 0.6 s; peak memory 759 MiB.
2026-10-05T18:45:33Z INFO [1416/3239] 5da74c14-9f16-403f-aa0e-0da7b311d3f4: does not qualify; 0.7 s; peak memory 759 MiB.
2026-10-05T18:45:34Z INFO [1417/3239] 5da7519e-ca58-467c-969d-52980080822e: does not qualify; 0.5 s; peak memory 759 MiB.
2026-10-05T18:45:35Z INFO [1418/3239] 5da79765-68ff-467c-8f24-7be52423bf04: does not qualify; 0.6 s; peak memory 759 MiB.
2026-10-05T18:45:36Z INFO [1419/3239] 5da8625f-5697-4c84-bc91-62bc656bcfb2: qualifies; 1.7 s; peak memory 759 MiB.
2026-10-05T18:45:37Z INFO [1420/3239] 5da89a47-fd1a-4cec-aee0-19cc1a207d92: does not qualify; 0.9 s; peak memory 759 MiB.
2026-10-05T18:45:38Z INFO [1421/3239] 5da934be-0155-48c2-9cfc-2854f753aac6: does not qualify; 0.7 s; peak memory 759 MiB.
2026-10-05T18:45:39Z INFO [1422/3239] 5daa18c4-c0b6-4a39-aff6-fc7559dee56d: does not qualify; 0.8 s; peak memory 759 MiB.
2026-10-05T18:45:39Z INFO [1423/3239] 5daa5c09-55f0-4fa6-82f7-1ef93ab1478a: does not qualify; 0.7 s; peak memory 759 MiB.
2026-10-05T18:45:40Z INFO [1424/3239] 5dac0b65-6cc2-4d61-a169-89b687025b6e: does not qualify; 0.7 s; peak memory 759 MiB.
2026-10-05T18:45:41Z INFO [1425/3239] 5dac11dc-391e-4c64-a9fa-f065d75df922: does not qualify; 0.7 s; peak memory 759 MiB.
2026-10-05T18:45:46Z INFO [1426/3239] 5dac2bc9-d3c2-49d1-8512-fdb35d301646: does not qualify; 5.1 s; peak memory 759 MiB.
2026-10-05T18:45:47Z INFO [1427/3239] 5dacb43e-767a-46d3-b34f-1fb0959a2442: does not qualify; 0.7 s; peak memory 759 MiB.
2026-10-05T18:45:51Z INFO [1428/3239] 5dad5104-1aff-4179-b2d4-7b529574acca: does not qualify; 4.0 s; peak memory 759 MiB.
2026-10-05T18:45:51Z INFO [1429/3239] 5dae5eaa-ae25-4f05-a13b-5d6de24f95fa: does not qualify; 0.8 s; peak memory 759 MiB.
2026-10-05T18:45:52Z INFO [1430/3239] 5daf0430-5104-4827-b840-4cf8c02e996f: does not qualify; 0.6 s; peak memory 759 MiB.
2026-10-05T18:45:53Z INFO [1431/3239] 5daf8c96-d40d-45bd-b433-c4a51a05dcd1: does not qualify; 0.8 s; peak memory 759 MiB.
2026-10-05T18:45:54Z INFO [1432/3239] 5db0682e-75fb-44db-af38-28a19ad7db8a: does not qualify; 0.9 s; peak memory 759 MiB.
2026-10-05T18:45:54Z INFO [1433/3239] 5db0a9ac-b10a-411f-8d4d-c997157fc298: does not qualify; 0.9 s; peak memory 759 MiB.
2026-10-05T18:45:56Z INFO [1434/3239] 5db11c1d-a3b6-4caf-9fa3-7f1a3fc85a69: does not qualify; 1.6 s; peak memory 759 MiB.
2026-10-05T18:45:58Z INFO [1435/3239] 5db1291c-a79f-4c54-9659-c1d5efbbbb06: does not qualify; 2.4 s; peak memory 759 MiB.
2026-10-05T18:45:59Z INFO [1436/3239] 5db26b32-40c6-44c7-b0f9-d287d716312b: does not qualify; 0.7 s; peak memory 759 MiB.
2026-10-05T18:46:00Z INFO [1437/3239] 5db2eef1-7fa9-48fb-a9b4-027d76b69e96: does not qualify; 1.0 s; peak memory 759 MiB.
2026-10-05T18:46:01Z INFO [1438/3239] 5db327e7-9104-4dbd-92e8-81218b6db0f9: does not qualify; 0.8 s; peak memory 759 MiB.
2026-10-05T18:46:02Z INFO [1439/3239] 5db32ac7-c7fc-4a90-95dc-d050020f2cbb: does not qualify; 1.1 s; peak memory 759 MiB.
2026-10-05T18:46:08Z INFO [1440/3239] 5db4c42f-1a6b-4cb8-9305-35851caad8c4: does not qualify; 5.4 s; peak memory 759 MiB.
2026-10-05T18:46:08Z INFO [1441/3239] 5db77d55-0eff-4c3b-a6bd-fe65d544127e: does not qualify; 0.7 s; peak memory 759 MiB.
2026-10-05T18:46:10Z INFO [1442/3239] 5db8b3fd-3e9e-4b82-9a33-c73848e65b76: does not qualify; 1.8 s; peak memory 759 MiB.
2026-10-05T18:46:11Z INFO [1443/3239] 5db99b29-9198-4830-9f12-c2ab7c8a3e38: does not qualify; 1.2 s; peak memory 759 MiB.
2026-10-05T18:46:12Z INFO [1444/3239] 5db9c8c0-b263-40a2-a4cf-4c940d901da9: does not qualify; 0.8 s; peak memory 759 MiB.
2026-10-05T18:46:14Z INFO [1445/3239] 5db9ed63-7819-401e-92ba-a9517fe29961: qualifies; 1.9 s; peak memory 759 MiB.
2026-10-05T18:46:15Z INFO [1446/3239] 5db9fe20-a8c6-49bd-9c68-1241c5ee0889: does not qualify; 0.8 s; peak memory 759 MiB.
2026-10-05T18:46:16Z INFO [1447/3239] 5dba7bb5-6a1f-4ca4-b257-456130f462dd: does not qualify; 1.1 s; peak memory 759 MiB.
2026-10-05T18:46:17Z INFO [1448/3239] 5dbadb7f-692c-486e-8b04-8c0c7459dcc7: does not qualify; 0.7 s; peak memory 759 MiB.
2026-10-05T18:46:17Z INFO [1449/3239] 5dbb02a6-fd55-48ac-ae65-46a5a840ffb8: does not qualify; 0.9 s; peak memory 759 MiB.
2026-10-05T18:46:18Z INFO [1450/3239] 5dbb0e83-782a-4a76-bf27-bb6d67caa2b3: does not qualify; 0.6 s; peak memory 759 MiB.
2026-10-05T18:46:18Z INFO [1450/3239] 5dbb0e83-782a-4a76-bf27-bb6d67caa2b3: checkpointed 73593 records.
2026-10-05T18:46:20Z INFO [1451/3239] 5dbb4bf6-c001-4031-8690-2b609a469425: does not qualify; 1.6 s; peak memory 759 MiB.
2026-10-05T18:46:23Z INFO [1452/3239] 5dbcd16d-8431-4ce7-9c80-da8d07185a44: does not qualify; 2.9 s; peak memory 759 MiB.
2026-10-05T18:46:25Z INFO [1453/3239] 5dbcf67f-3ddd-45ec-87df-2642c127bf89: does not qualify; 1.8 s; peak memory 759 MiB.
2026-10-05T18:46:26Z INFO [1454/3239] 5dbd1500-f8d8-4303-b7b6-7ad6fcd24db8: does not qualify; 1.1 s; peak memory 759 MiB.
2026-10-05T18:46:26Z INFO [1455/3239] 5dbd62a7-7f7b-438f-b5ce-22c541052635: does not qualify; 0.8 s; peak memory 759 MiB.
2026-10-05T18:46:27Z INFO [1456/3239] 5dbd700a-334e-4c8e-8afe-fa8218585e6b: does not qualify; 0.6 s; peak memory 759 MiB.
2026-10-05T18:46:31Z INFO [1457/3239] 5dbd71d7-5773-47d2-b94c-865b86d773ad: does not qualify; 3.7 s; peak memory 759 MiB.
2026-10-05T18:46:32Z INFO [1458/3239] 5dbd8860-4469-48bf-b5da-e2e4022adc43: does not qualify; 1.0 s; peak memory 759 MiB.
2026-10-05T18:46:33Z INFO [1459/3239] 5dbdc26d-3ee8-4782-ab9d-fc6a96f2814d: does not qualify; 1.0 s; peak memory 759 MiB.
2026-10-05T18:46:33Z INFO [1460/3239] 5dbdc7ed-764b-4e57-ad10-783043b3e999: does not qualify; 0.7 s; peak memory 759 MiB.
2026-10-05T18:46:34Z INFO [1461/3239] 5dbdef58-158b-4899-9caa-62be483f390d: does not qualify; 0.8 s; peak memory 759 MiB.
2026-10-05T18:46:35Z INFO [1462/3239] 5dbdf190-e7b7-430c-8a75-2a5418769ae1: does not qualify; 1.2 s; peak memory 759 MiB.
2026-10-05T18:46:36Z INFO [1463/3239] 5dbe2375-5fc9-41fe-846a-1546b71d34ba: does not qualify; 0.6 s; peak memory 759 MiB.
2026-10-05T18:46:37Z INFO [1464/3239] 5dbe2e38-405d-4345-9c3c-d57c42cd1751: does not qualify; 0.7 s; peak memory 759 MiB.
2026-10-05T18:46:39Z INFO [1465/3239] 5dc1baa1-25b5-4c54-b6f8-9164e60df46f: does not qualify; 2.0 s; peak memory 759 MiB.
2026-10-05T18:46:39Z INFO [1466/3239] 5dc21d87-9465-4f3e-9560-459c7d1a1f8f: does not qualify; 0.6 s; peak memory 759 MiB.
2026-10-05T18:46:40Z INFO [1467/3239] 5dc242c1-a6a3-416d-b003-b12c879f9c3d: does not qualify; 0.7 s; peak memory 759 MiB.
2026-10-05T18:46:42Z INFO [1468/3239] 5dc24763-9c5e-4861-b369-d20ce428cd70: does not qualify; 1.8 s; peak memory 759 MiB.
2026-10-05T18:46:42Z INFO [1469/3239] 5dc27667-9a99-45e8-9dd1-907dcc752b68: does not qualify; 0.8 s; peak memory 759 MiB.
2026-10-05T18:46:43Z INFO [1470/3239] 5dc2aa13-bef9-4354-ab4e-aa749f09ad99: does not qualify; 0.9 s; peak memory 759 MiB.
2026-10-05T18:46:44Z INFO [1471/3239] 5dc2d95a-5b55-45b3-8f37-1d3ce790ec2c: does not qualify; 1.0 s; peak memory 759 MiB.
2026-10-05T18:46:45Z INFO [1472/3239] 5dc30d78-b5bf-4924-a6a4-ba2e3c0f2eb6: does not qualify; 0.9 s; peak memory 759 MiB.
2026-10-05T18:46:46Z INFO [1473/3239] 5dc31ae6-6fbf-4317-b62a-0ece4f7d4028: does not qualify; 0.9 s; peak memory 759 MiB.
2026-10-05T18:46:47Z INFO [1474/3239] 5dc39373-d6df-466a-bb59-33a73bbca195: does not qualify; 0.7 s; peak memory 759 MiB.
2026-10-05T18:46:48Z INFO [1475/3239] 5dc3bad9-3730-4529-88af-0261887ab474: does not qualify; 0.8 s; peak memory 759 MiB.
2026-10-05T18:46:49Z INFO [1476/3239] 5dc44a47-906b-4a97-9c86-7177eda3a6ce: does not qualify; 1.0 s; peak memory 759 MiB.
2026-10-05T18:46:50Z INFO [1477/3239] 5dc471be-99e3-42c0-b606-fb62fb792f3f: does not qualify; 1.4 s; peak memory 759 MiB.
2026-10-05T18:46:51Z INFO [1478/3239] 5dc53b41-d38c-4408-87cb-c038291e0380: does not qualify; 0.8 s; peak memory 759 MiB.
2026-10-05T18:46:52Z INFO [1479/3239] 5dc540fe-2ec2-401c-85f4-63fb0ff83e6f: does not qualify; 0.8 s; peak memory 759 MiB.
2026-10-05T18:46:52Z INFO [1480/3239] 5dc68b1e-48c6-44f5-85e9-c0d678d63c88: does not qualify; 0.6 s; peak memory 759 MiB.
2026-10-05T18:46:53Z INFO [1481/3239] 5dc69b38-b5c6-44d9-8778-d7d36cda21d2: does not qualify; 1.1 s; peak memory 759 MiB.
2026-10-05T18:46:54Z INFO [1482/3239] 5dc6e2a0-2733-4fcb-ad97-0981a6bfd960: does not qualify; 1.0 s; peak memory 759 MiB.
2026-10-05T18:46:55Z INFO [1483/3239] 5dc7489a-834f-4b73-85b4-9085188d509a: does not qualify; 0.8 s; peak memory 759 MiB.
2026-10-05T18:46:59Z INFO [1484/3239] 5dc86947-c51d-4c66-b84f-fe9991bc1250: does not qualify; 3.5 s; peak memory 759 MiB.
2026-10-05T18:47:00Z INFO [1485/3239] 5dc96720-63ea-43db-81dc-a40aa8f1ce15: does not qualify; 1.0 s; peak memory 759 MiB.
2026-10-05T18:47:00Z INFO [1486/3239] 5dc98302-7d2b-45de-a314-c68ff45f74d0: does not qualify; 0.7 s; peak memory 759 MiB.
2026-10-05T18:47:01Z INFO [1487/3239] 5dcab4b9-fc4c-434c-9efe-b371c3f25497: does not qualify; 0.7 s; peak memory 759 MiB.
2026-10-05T18:47:03Z INFO [1488/3239] 5dcac638-37e6-4b6b-9bf4-3dc2f4f42432: does not qualify; 1.6 s; peak memory 759 MiB.
2026-10-05T18:47:03Z INFO [1489/3239] 5dcad378-031d-4d4c-a693-6a683c8412bd: does not qualify; 0.8 s; peak memory 759 MiB.
2026-10-05T18:47:07Z INFO [1490/3239] 5dcad6bf-89bf-4cd6-91fa-6a861f76d7e7: does not qualify; 3.4 s; peak memory 759 MiB.
2026-10-05T18:47:07Z INFO [1491/3239] 5dcb5a8e-6604-48d0-9bbd-d5690253f2c0: does not qualify; 0.6 s; peak memory 759 MiB.
2026-10-05T18:47:08Z INFO [1492/3239] 5dcb76be-5eb1-488f-84cc-62c6d528211d: does not qualify; 0.7 s; peak memory 759 MiB.
2026-10-05T18:47:09Z INFO [1493/3239] 5dcbe8d5-6873-4d1a-b6e0-f0a9e57e486b: does not qualify; 1.2 s; peak memory 759 MiB.
2026-10-05T18:47:15Z INFO [1494/3239] 5dcd1b7a-168b-496f-a23c-4c866a5425ba: does not qualify; 5.7 s; peak memory 759 MiB.
2026-10-05T18:47:16Z INFO [1495/3239] 5dcd4d47-44a5-442e-b5f6-42e3256fff72: does not qualify; 0.9 s; peak memory 759 MiB.
2026-10-05T18:47:17Z INFO [1496/3239] 5dcd77d9-a165-4b6f-98f8-7dc734a87e7f: does not qualify; 0.7 s; peak memory 759 MiB.
2026-10-05T18:47:18Z INFO [1497/3239] 5dcdae1d-83c5-418c-867f-019057956a9c: does not qualify; 1.0 s; peak memory 759 MiB.
2026-10-05T18:47:21Z INFO [1498/3239] 5dcdc1d0-0301-4be1-b6e4-779c3d973854: does not qualify; 3.2 s; peak memory 759 MiB.
2026-10-05T18:47:26Z INFO [1499/3239] 5dcdca01-1a94-4e7f-9099-228e4391877f: does not qualify; 4.8 s; peak memory 759 MiB.
2026-10-05T18:47:26Z INFO [1500/3239] 5dceb056-055b-4b71-8fe6-3267c33d7945: does not qualify; 0.7 s; peak memory 759 MiB.
2026-10-05T18:47:26Z INFO [1500/3239] 5dceb056-055b-4b71-8fe6-3267c33d7945: checkpointed 73643 records.
2026-10-05T18:47:30Z INFO [1501/3239] 5dcf25f5-0a11-409f-aac5-8374bbcd8dd7: does not qualify; 3.7 s; peak memory 759 MiB.
2026-10-05T18:47:31Z INFO [1502/3239] 5dcfbb62-61e7-403b-8a3b-24a24dea63c6: does not qualify; 0.8 s; peak memory 759 MiB.
2026-10-05T18:47:37Z INFO [1503/3239] 5dd009c5-9844-4ebf-9280-b2dd95bb5140: does not qualify; 6.2 s; peak memory 759 MiB.
2026-10-05T18:47:38Z INFO [1504/3239] 5dd102e9-924c-424d-8cbe-98964b84a6e0: does not qualify; 1.2 s; peak memory 759 MiB.
2026-10-05T18:47:39Z INFO [1505/3239] 5dd162eb-c217-4485-977d-4396bd356ee7: does not qualify; 0.9 s; peak memory 759 MiB.
2026-10-05T18:47:40Z INFO [1506/3239] 5dd25db6-8d32-49c8-82e6-2a49a983373b: does not qualify; 0.7 s; peak memory 759 MiB.
2026-10-05T18:47:41Z INFO [1507/3239] 5dd301cc-4400-440e-a5c4-043b874e10b8: does not qualify; 0.7 s; peak memory 759 MiB.
2026-10-05T18:47:41Z INFO [1508/3239] 5dd30ce2-b31e-4e5d-8b35-44d8e09bc274: does not qualify; 0.5 s; peak memory 759 MiB.
2026-10-05T18:47:44Z INFO [1509/3239] 5dd3f383-9ee5-4594-bbcd-e2d1bc98de4a: does not qualify; 3.3 s; peak memory 759 MiB.
2026-10-05T18:47:45Z INFO [1510/3239] 5dd4ac13-278b-497b-890a-5e5e77971251: does not qualify; 0.6 s; peak memory 759 MiB.
2026-10-05T18:47:46Z INFO [1511/3239] 5dd55524-8872-4001-8de9-f8d1a1a3d1b0: does not qualify; 0.7 s; peak memory 759 MiB.
2026-10-05T18:47:47Z INFO [1512/3239] 5dd57031-a452-40bc-9d76-e57c6e86cb6b: does not qualify; 0.8 s; peak memory 759 MiB.
2026-10-05T18:47:47Z INFO [1513/3239] 5dd623a8-53ba-4105-a08c-a5a814817200: does not qualify; 0.6 s; peak memory 759 MiB.
2026-10-05T18:47:48Z INFO [1514/3239] 5dd7aace-2942-4f00-8268-da4d41b57e66: does not qualify; 1.1 s; peak memory 759 MiB.
2026-10-05T18:47:50Z INFO [1515/3239] 5dd87812-f6d5-4250-b407-d86a22ed6070: does not qualify; 2.1 s; peak memory 759 MiB.
2026-10-05T18:47:52Z INFO [1516/3239] 5dd9812b-78c7-4294-ae17-74e63206fa70: does not qualify; 1.5 s; peak memory 759 MiB.
2026-10-05T18:47:53Z INFO [1517/3239] 5dd9d21a-e7a4-4d94-94ad-1592ce8b3d11: does not qualify; 0.7 s; peak memory 759 MiB.
2026-10-05T18:48:00Z INFO [1518/3239] 5dda1a56-a684-486b-86cb-98da0fadb28b: does not qualify; 7.9 s; peak memory 759 MiB.
2026-10-05T18:48:01Z INFO [1519/3239] 5dda27e8-fa21-489d-a5ac-eeccefc27b9a: does not qualify; 0.5 s; peak memory 759 MiB.
2026-10-05T18:48:03Z INFO [1520/3239] 5dda6e03-14a8-4b91-803e-c26ebaa2e100: does not qualify; 2.0 s; peak memory 759 MiB.
2026-10-05T18:48:04Z INFO [1521/3239] 5ddaa0e0-8033-47b7-9add-f4cf3fac520e: does not qualify; 0.8 s; peak memory 759 MiB.
2026-10-05T18:48:07Z INFO [1522/3239] 5ddac2ce-c91a-4554-9302-ed20c402df70: does not qualify; 3.6 s; peak memory 759 MiB.
2026-10-05T18:48:08Z INFO [1523/3239] 5ddad2c6-5e2a-4787-a037-7dc67c5a10ae: does not qualify; 0.7 s; peak memory 759 MiB.
2026-10-05T18:48:09Z INFO [1524/3239] 5ddcd22b-19d4-41fd-925a-a51c3548abc8: does not qualify; 1.2 s; peak memory 759 MiB.
2026-10-05T18:48:11Z INFO [1525/3239] 5ddea625-1eb7-4fb2-8617-751dde90e174: does not qualify; 1.8 s; peak memory 759 MiB.
2026-10-05T18:48:12Z INFO [1526/3239] 5ddf6135-7388-4988-90cc-f177410fb693: does not qualify; 0.6 s; peak memory 759 MiB.
2026-10-05T18:48:13Z INFO [1527/3239] 5ddf9bde-cc81-4d5b-b86b-dd5864b1efbe: does not qualify; 0.9 s; peak memory 759 MiB.
2026-10-05T18:48:13Z INFO [1528/3239] 5ddfe0cf-d550-4879-aa1c-6833b053d7aa: does not qualify; 0.6 s; peak memory 759 MiB.
2026-10-05T18:48:14Z INFO [1529/3239] 5de056ab-35fc-4e51-9fd6-74a5a3bfc9af: does not qualify; 0.9 s; peak memory 759 MiB.
2026-10-05T18:48:15Z INFO [1530/3239] 5de0611a-26d8-43b6-9a46-d2b7a086b67e: does not qualify; 1.0 s; peak memory 759 MiB.
2026-10-05T18:48:16Z INFO [1531/3239] 5de0b2b5-d8ec-49a1-82ba-e18a10b2737e: does not qualify; 0.8 s; peak memory 759 MiB.
2026-10-05T18:48:17Z INFO [1532/3239] 5de126ce-d2a1-4099-be9b-cfc1e7a47899: does not qualify; 0.9 s; peak memory 759 MiB.
2026-10-05T18:48:18Z INFO [1533/3239] 5de1c2c0-28fa-4759-93e9-c7ef06d6fa19: does not qualify; 0.9 s; peak memory 759 MiB.
2026-10-05T18:48:20Z INFO [1534/3239] 5de1c8f7-1016-4f37-b27d-83798d761f7d: does not qualify; 2.1 s; peak memory 759 MiB.
2026-10-05T18:48:23Z INFO [1535/3239] 5de3d20b-4207-4705-bf76-94df76c385f9: does not qualify; 2.9 s; peak memory 759 MiB.
2026-10-05T18:48:23Z INFO [1536/3239] 5de3dae0-a599-41a9-81c7-9525b839d695: does not qualify; 0.6 s; peak memory 759 MiB.
2026-10-05T18:48:24Z INFO [1537/3239] 5de408a4-f1c6-41ab-a978-9ebaa685481d: does not qualify; 0.5 s; peak memory 759 MiB.
2026-10-05T18:48:25Z INFO [1538/3239] 5de41264-24b2-4073-a80d-37ba569c6ec6: does not qualify; 1.0 s; peak memory 759 MiB.
2026-10-05T18:48:28Z INFO [1539/3239] 5de43a01-6fa7-4390-9305-948e50ec3891: does not qualify; 3.7 s; peak memory 759 MiB.
2026-10-05T18:48:29Z INFO [1540/3239] 5de45a24-fb15-43e4-9428-2338419700ff: does not qualify; 0.9 s; peak memory 759 MiB.
2026-10-05T18:48:30Z INFO [1541/3239] 5de4eb1b-9f9d-495c-9a4a-07061168ac75: qualifies; 1.4 s; peak memory 759 MiB.
2026-10-05T18:48:31Z INFO [1542/3239] 5de5c8a5-2bee-4010-ae6d-a541f5fc5ff1: does not qualify; 1.0 s; peak memory 759 MiB.
2026-10-05T18:51:43Z INFO [1543/3239] 5de65ad9-de2c-435c-af7d-9d91768dd5c8: does not qualify; 191.3 s; peak memory 1033 MiB.
2026-10-05T18:51:52Z INFO [1544/3239] 5de6a555-27cf-4a53-9bbc-ef1242adf853: qualifies; 9.3 s; peak memory 1033 MiB.
2026-10-05T18:51:53Z INFO [1545/3239] 5de6bfbb-a5d4-4e5d-a0f0-601ab7151c99: does not qualify; 0.9 s; peak memory 1033 MiB.
2026-10-05T18:51:55Z INFO [1546/3239] 5de78a3f-d9cb-4e89-9e52-def91b31086c: does not qualify; 1.6 s; peak memory 1033 MiB.
2026-10-05T18:51:55Z INFO [1547/3239] 5de8175d-0188-44b8-bae4-eca1e85f8f9d: does not qualify; 0.8 s; peak memory 1033 MiB.
2026-10-05T18:51:57Z INFO [1548/3239] 5de834d4-707b-4624-b4b1-9d10aba42294: does not qualify; 2.0 s; peak memory 1033 MiB.
2026-10-05T18:52:03Z INFO [1549/3239] 5de9bb60-aad2-4839-96c8-1379d78693ce: does not qualify; 5.3 s; peak memory 1033 MiB.
2026-10-05T18:52:03Z INFO [1550/3239] 5de9bb64-1382-4bfb-b76f-98a4845fd0f9: does not qualify; 0.8 s; peak memory 1033 MiB.
2026-10-05T18:52:04Z INFO [1550/3239] 5de9bb64-1382-4bfb-b76f-98a4845fd0f9: checkpointed 73693 records.
2026-10-05T18:52:04Z INFO [1551/3239] 5deb18c4-0d6d-49ed-b439-3d9ab600d4bc: does not qualify; 0.7 s; peak memory 1033 MiB.
2026-10-05T18:52:06Z INFO [1552/3239] 5deb2d52-87f0-41ca-a589-1abbaa03bb34: does not qualify; 1.5 s; peak memory 1033 MiB.
2026-10-05T18:52:07Z INFO [1553/3239] 5deb322a-2594-42b6-b923-22d54ca6200c: does not qualify; 0.9 s; peak memory 1033 MiB.
2026-10-05T18:52:08Z INFO [1554/3239] 5deb967f-b592-4c37-bfe2-f8a7e818ba1a: does not qualify; 0.9 s; peak memory 1033 MiB.
2026-10-05T18:52:08Z INFO [1555/3239] 5deba219-beb8-4c48-bd09-94e32ca851ae: does not qualify; 0.7 s; peak memory 1033 MiB.
2026-10-05T18:52:11Z INFO [1556/3239] 5dec24fd-f5e6-4df3-b6ec-5dfeccbd9aec: does not qualify; 2.8 s; peak memory 1033 MiB.
2026-10-05T18:52:12Z INFO [1557/3239] 5dec49a8-423c-45d8-8e4c-06084b3ec8c5: does not qualify; 1.3 s; peak memory 1033 MiB.
2026-10-05T18:52:14Z INFO [1558/3239] 5dec4c86-f5d4-45ee-9531-c875bd0c8c5d: does not qualify; 1.3 s; peak memory 1033 MiB.
2026-10-05T18:52:15Z INFO [1559/3239] 5dec7b4f-6213-43ee-b15a-5689e289f13f: does not qualify; 0.9 s; peak memory 1033 MiB.
2026-10-05T18:52:15Z INFO [1560/3239] 5dec9561-8955-4661-a6e4-3f1d6628cbb4: does not qualify; 0.8 s; peak memory 1033 MiB.
2026-10-05T18:52:16Z INFO [1561/3239] 5deca4e4-aa68-424e-917a-6aa9145cac45: does not qualify; 0.7 s; peak memory 1033 MiB.
2026-10-05T18:52:21Z INFO [1562/3239] 5decb39a-a89b-4327-8a54-26fe23b50f3e: does not qualify; 4.8 s; peak memory 1033 MiB.
2026-10-05T18:52:21Z INFO [1563/3239] 5deeea31-2298-43c2-9d5a-aca6b22a12a6: does not qualify; 0.4 s; peak memory 1033 MiB.
2026-10-05T18:52:22Z INFO [1564/3239] 5deefc08-93c2-4934-962c-07c28a53fcf4: does not qualify; 0.7 s; peak memory 1033 MiB.
2026-10-05T18:52:23Z INFO [1565/3239] 5def36e9-be92-4b3e-970d-b56bff0ca184: does not qualify; 0.7 s; peak memory 1033 MiB.
2026-10-05T18:52:24Z INFO [1566/3239] 5defb958-7129-434f-8251-5ae249b63fc0: does not qualify; 0.8 s; peak memory 1033 MiB.
2026-10-05T18:52:24Z INFO [1567/3239] 5deff8e3-d28a-4123-b384-40cdb17a2cbc: does not qualify; 0.4 s; peak memory 1033 MiB.
2026-10-05T18:52:25Z INFO [1568/3239] 5df10c7e-c90e-4e70-ba93-4f9034371927: does not qualify; 0.6 s; peak memory 1033 MiB.
2026-10-05T18:52:26Z INFO [1569/3239] 5df1ebb8-1f4f-43ab-a86e-6f474692565f: does not qualify; 1.3 s; peak memory 1033 MiB.
2026-10-05T18:52:27Z INFO [1570/3239] 5df34d88-9c4c-4ae8-af53-18846ea8c965: does not qualify; 0.7 s; peak memory 1033 MiB.
2026-10-05T18:52:27Z INFO [1571/3239] 5df40fee-dd87-4f25-9ee9-2d0e2545810d: does not qualify; 0.6 s; peak memory 1033 MiB.
2026-10-05T18:52:28Z INFO [1572/3239] 5df4ce8d-4b3f-44f4-bd21-0baa3603ed03: does not qualify; 0.7 s; peak memory 1033 MiB.
2026-10-05T18:52:29Z INFO [1573/3239] 5df5a330-a31c-4df3-aec2-112839cb780c: does not qualify; 0.9 s; peak memory 1033 MiB.
2026-10-05T18:52:34Z INFO [1574/3239] 5df6fef4-4fa8-4f77-a2fb-6c1c2fb63552: qualifies; 5.4 s; peak memory 1033 MiB.
2026-10-05T18:52:35Z INFO [1575/3239] 5df73b0c-7550-4bbd-a326-e8dd4b46a058: does not qualify; 1.0 s; peak memory 1033 MiB.
2026-10-05T18:52:36Z INFO [1576/3239] 5df7e703-f14c-48b8-9de9-dc686cc65dcb: does not qualify; 0.6 s; peak memory 1033 MiB.
2026-10-05T18:52:37Z INFO [1577/3239] 5df7f5f5-798c-45e6-bde5-5ba0bacf97ad: does not qualify; 1.2 s; peak memory 1033 MiB.
2026-10-05T18:52:38Z INFO [1578/3239] 5df8cd86-6a6f-4f7e-a209-175d3217d980: does not qualify; 0.6 s; peak memory 1033 MiB.
2026-10-05T18:52:38Z INFO [1579/3239] 5df91ae7-0d9d-429e-b8ae-3c1bce909ebe: does not qualify; 0.7 s; peak memory 1033 MiB.
2026-10-05T18:52:46Z INFO [1580/3239] 5df9e8fa-50a0-473f-b08b-33b28dd45ac6: does not qualify; 7.3 s; peak memory 1033 MiB.
2026-10-05T18:52:49Z INFO [1581/3239] 5dfae8a0-4ee2-4254-acc8-0dde1cd0e20e: does not qualify; 3.9 s; peak memory 1033 MiB.
2026-10-05T18:52:50Z INFO [1582/3239] 5dfb5d45-0631-459f-be68-6e0191ad0a73: does not qualify; 1.1 s; peak memory 1033 MiB.
2026-10-05T18:52:51Z INFO [1583/3239] 5dfc3ae8-b07d-45db-ab7a-3af5e7a84f27: does not qualify; 0.9 s; peak memory 1033 MiB.
2026-10-05T18:52:58Z INFO [1584/3239] 5dfc5fa1-4a21-410c-a0ab-7732d45a12f1: does not qualify; 6.9 s; peak memory 1033 MiB.
2026-10-05T18:52:59Z INFO [1585/3239] 5dfc987d-8413-4bda-a12a-54895b308d7b: does not qualify; 0.8 s; peak memory 1033 MiB.
2026-10-05T18:53:07Z INFO [1586/3239] 5dfd42bc-1f7f-40d7-aa18-41f317a16938: does not qualify; 7.7 s; peak memory 1033 MiB.
2026-10-05T18:53:08Z INFO [1587/3239] 5dfd4511-6287-4b1f-bdcc-cfd7142b1ff5: does not qualify; 0.9 s; peak memory 1033 MiB.
2026-10-05T18:53:09Z INFO [1588/3239] 5dfd6071-3e6b-4c77-a5b9-0950b4b51293: does not qualify; 1.7 s; peak memory 1033 MiB.
2026-10-05T18:53:10Z INFO [1589/3239] 5dfd6c1d-bb1c-46a8-a7e2-a38f50e5e2b8: does not qualify; 0.8 s; peak memory 1033 MiB.
2026-10-05T18:53:11Z INFO [1590/3239] 5dfdde9b-2a2c-4169-b8b4-7fbe880851b0: does not qualify; 0.8 s; peak memory 1033 MiB.
2026-10-05T18:53:12Z INFO [1591/3239] 5dfeb079-cf74-4ffe-8ae4-18971de9b7aa: does not qualify; 0.9 s; peak memory 1033 MiB.
2026-10-05T18:53:13Z INFO [1592/3239] 5dff09fe-f9e6-4736-951c-bccaa3faae19: does not qualify; 1.3 s; peak memory 1033 MiB.
2026-10-05T18:53:14Z INFO [1593/3239] 5e000809-438d-4c3e-957f-1d9dbb43293f: does not qualify; 0.8 s; peak memory 1033 MiB.
2026-10-05T18:53:15Z INFO [1594/3239] 5e0046e2-e0e4-462d-9a34-7a14990bef16: does not qualify; 1.1 s; peak memory 1033 MiB.
2026-10-05T18:53:16Z INFO [1595/3239] 5e0053b4-9d51-4f18-aff6-2461f549eec6: does not qualify; 0.7 s; peak memory 1033 MiB.
2026-10-05T18:53:21Z INFO [1596/3239] 5e00cd92-2160-4c2e-bbf0-f9cd665f21f2: does not qualify; 4.9 s; peak memory 1033 MiB.
2026-10-05T18:53:22Z INFO [1597/3239] 5e00d450-fe8b-4f01-b763-aa7f894b661e: does not qualify; 1.6 s; peak memory 1033 MiB.
2026-10-05T18:53:23Z INFO [1598/3239] 5e02389f-cbc5-4696-92fb-60b718180914: does not qualify; 0.6 s; peak memory 1033 MiB.
2026-10-05T18:53:25Z INFO [1599/3239] 5e02d72c-a534-4a5b-bf3d-987e5a0ada23: does not qualify; 1.7 s; peak memory 1033 MiB.
2026-10-05T18:53:25Z INFO [1600/3239] 5e03d896-461b-4b6c-8d67-362be87abfb5: does not qualify; 0.8 s; peak memory 1033 MiB.
2026-10-05T18:53:25Z INFO [1600/3239] 5e03d896-461b-4b6c-8d67-362be87abfb5: checkpointed 73743 records.
2026-10-05T18:53:29Z INFO [1601/3239] 5e03fcce-bb81-4f7b-806e-a3168e63f3b6: does not qualify; 3.3 s; peak memory 1033 MiB.
2026-10-05T18:53:29Z INFO [1602/3239] 5e044010-1acb-4e43-af4d-44bad5212a91: does not qualify; 0.7 s; peak memory 1033 MiB.
2026-10-05T18:53:30Z INFO [1603/3239] 5e04b2fd-a20a-4e2c-a56b-3553d134b97c: does not qualify; 0.5 s; peak memory 1033 MiB.
2026-10-05T18:53:30Z INFO [1604/3239] 5e04b3c0-9f59-4f97-bb30-18ba893d3d2d: does not qualify; 0.5 s; peak memory 1033 MiB.
2026-10-05T18:53:31Z INFO [1605/3239] 5e04dd21-5c90-4890-8cca-c7b5de6802fd: does not qualify; 0.8 s; peak memory 1033 MiB.
2026-10-05T18:53:32Z INFO [1606/3239] 5e04eaac-6d12-44c0-a3fb-78d8f200963c: does not qualify; 0.6 s; peak memory 1033 MiB.
2026-10-05T18:53:33Z INFO [1607/3239] 5e0626a8-b523-4e7f-87a4-ee8fc030c545: does not qualify; 0.8 s; peak memory 1033 MiB.
2026-10-05T18:53:33Z INFO [1608/3239] 5e0652c1-cadd-444a-8a68-261d2fe201c7: does not qualify; 0.7 s; peak memory 1033 MiB.
2026-10-05T18:53:48Z INFO [1609/3239] 5e075b81-d2fe-48cc-a6a7-f5a160168ed4: does not qualify; 14.9 s; peak memory 1033 MiB.
2026-10-05T18:53:49Z INFO [1610/3239] 5e078ca7-fa16-4dac-8e7c-6685e7329866: does not qualify; 0.7 s; peak memory 1033 MiB.
2026-10-05T18:53:50Z INFO [1611/3239] 5e07ad3e-acaf-4e3b-9f98-4c0dba1d8e25: does not qualify; 0.7 s; peak memory 1033 MiB.
2026-10-05T18:53:50Z INFO [1612/3239] 5e0807e1-5931-4bdb-9183-5224bdc458ef: does not qualify; 0.7 s; peak memory 1033 MiB.
2026-10-05T18:53:51Z INFO [1613/3239] 5e081379-9c75-4c9d-b2b9-905c96124661: does not qualify; 0.5 s; peak memory 1033 MiB.
2026-10-05T18:53:51Z INFO [1614/3239] 5e090acb-98f3-495c-ab9a-a266b5f1cae9: does not qualify; 0.7 s; peak memory 1033 MiB.
2026-10-05T18:53:52Z INFO [1615/3239] 5e0912b6-24e9-4620-8c15-01fd22fa3268: does not qualify; 0.8 s; peak memory 1033 MiB.
2026-10-05T18:53:53Z INFO [1616/3239] 5e09a2f9-5b7d-45ff-af8e-1b506ba3253e: does not qualify; 0.5 s; peak memory 1033 MiB.
2026-10-05T18:53:54Z INFO [1617/3239] 5e09bcd9-411d-451d-acdf-6433a69d161c: does not qualify; 0.8 s; peak memory 1033 MiB.
2026-10-05T18:53:55Z INFO [1618/3239] 5e0a4789-987a-4b9a-b671-52cf2b08685d: does not qualify; 1.2 s; peak memory 1033 MiB.
2026-10-05T18:53:56Z INFO [1619/3239] 5e0aa067-315b-451e-ad1e-2a7b44df8239: does not qualify; 0.9 s; peak memory 1033 MiB.
2026-10-05T18:53:56Z INFO [1620/3239] 5e0cf5d3-8f16-4c42-b0f1-1479a9e28183: does not qualify; 0.7 s; peak memory 1033 MiB.
2026-10-05T18:53:57Z INFO [1621/3239] 5e0dc455-1ec8-47cf-9050-6cdcfcc33d27: does not qualify; 0.5 s; peak memory 1033 MiB.
2026-10-05T18:53:58Z INFO [1622/3239] 5e0e4abf-1c61-41a6-8840-8b23f0f94d1c: does not qualify; 0.8 s; peak memory 1033 MiB.
2026-10-05T18:53:58Z INFO [1623/3239] 5e0e5c9c-8628-41ed-9b9d-5d5939e061a7: does not qualify; 0.7 s; peak memory 1033 MiB.
2026-10-05T18:54:01Z INFO [1624/3239] 5e0eb519-64b8-4cb2-bb89-db0623e78659: does not qualify; 2.1 s; peak memory 1033 MiB.
2026-10-05T18:54:02Z INFO [1625/3239] 5e0eda9f-8e49-4e76-871c-2edfa459679a: does not qualify; 1.7 s; peak memory 1033 MiB.
2026-10-05T18:54:03Z INFO [1626/3239] 5e0fa4df-a3f3-47f9-8246-d09e47e7c81a: does not qualify; 0.6 s; peak memory 1033 MiB.
2026-10-05T18:54:04Z INFO [1627/3239] 5e100425-a8e7-473a-a32a-b95d734166a2: does not qualify; 0.8 s; peak memory 1033 MiB.
2026-10-05T18:54:04Z INFO [1628/3239] 5e10168b-ea37-411d-8852-6a73745081bc: does not qualify; 0.8 s; peak memory 1033 MiB.
2026-10-05T18:54:06Z INFO [1629/3239] 5e111dc9-086f-4416-a0d3-fc45c9291bef: does not qualify; 1.4 s; peak memory 1033 MiB.
2026-10-05T18:54:07Z INFO [1630/3239] 5e1123cb-219f-491d-b95c-2c33bbab815a: does not qualify; 0.7 s; peak memory 1033 MiB.
2026-10-05T18:54:07Z INFO [1631/3239] 5e11dd72-93d5-4192-8a6a-6b81fe4a0438: does not qualify; 0.8 s; peak memory 1033 MiB.
2026-10-05T18:54:08Z INFO [1632/3239] 5e11ffcc-3182-47e4-b893-5ac50fabac14: does not qualify; 0.8 s; peak memory 1033 MiB.
2026-10-05T18:54:09Z INFO [1633/3239] 5e121e6c-cfbc-4f2d-81b3-951948049a0c: does not qualify; 0.5 s; peak memory 1033 MiB.
2026-10-05T18:54:13Z INFO [1634/3239] 5e12ae61-185e-42dd-a93a-a97f84e205b9: does not qualify; 4.8 s; peak memory 1033 MiB.
2026-10-05T18:54:14Z INFO [1635/3239] 5e1379f6-7e55-4e29-b90c-8f6edf8a2afd: does not qualify; 0.5 s; peak memory 1033 MiB.
2026-10-05T18:54:17Z INFO [1636/3239] 5e138c2f-7504-4ab1-8ce8-2025b5c6152f: does not qualify; 2.7 s; peak memory 1033 MiB.
2026-10-05T18:54:17Z INFO [1637/3239] 5e143178-7d37-4c85-884e-71fb1f6f5da9: does not qualify; 0.7 s; peak memory 1033 MiB.
2026-10-05T18:54:18Z INFO [1638/3239] 5e149b44-8c8f-483c-b2b3-3651694ce3cb: does not qualify; 0.7 s; peak memory 1033 MiB.
2026-10-05T18:54:19Z INFO [1639/3239] 5e16a9b5-43f4-40a0-b1b7-c219f921e188: does not qualify; 0.9 s; peak memory 1033 MiB.
2026-10-05T18:54:23Z INFO [1640/3239] 5e17f016-c336-406e-8fb7-15f11ea324fb: does not qualify; 3.9 s; peak memory 1033 MiB.
2026-10-05T18:54:27Z INFO [1641/3239] 5e18335b-bbe5-450f-8b84-3d20741056dc: does not qualify; 4.1 s; peak memory 1033 MiB.
2026-10-05T18:54:28Z INFO [1642/3239] 5e189700-b410-4111-9c3c-abf85c4aac72: does not qualify; 0.8 s; peak memory 1033 MiB.
2026-10-05T18:54:29Z INFO [1643/3239] 5e18a821-71eb-4dbb-a9ca-425306430e5c: does not qualify; 1.5 s; peak memory 1033 MiB.
2026-10-05T18:54:30Z INFO [1644/3239] 5e191da5-ec6a-4ce0-b675-4d5ebc2254e5: does not qualify; 1.0 s; peak memory 1033 MiB.
2026-10-05T18:54:35Z INFO [1645/3239] 5e1a06d6-c7fe-450c-8ca4-e8819c3cd736: does not qualify; 4.8 s; peak memory 1033 MiB.
2026-10-05T18:54:38Z INFO [1646/3239] 5e1a96a8-c20f-4b09-bae6-1266b1cedbd1: does not qualify; 3.1 s; peak memory 1033 MiB.
2026-10-05T18:54:40Z INFO [1647/3239] 5e1ad294-d168-43f5-b383-5697341ccaf2: does not qualify; 1.5 s; peak memory 1033 MiB.
2026-10-05T18:54:41Z INFO [1648/3239] 5e1af488-b171-400d-a412-ed5454294db6: does not qualify; 1.1 s; peak memory 1033 MiB.
2026-10-05T18:54:43Z INFO [1649/3239] 5e1c5b59-e0d6-4ad9-8fab-51df55369899: does not qualify; 1.9 s; peak memory 1033 MiB.
2026-10-05T18:54:45Z INFO [1650/3239] 5e1cf5e0-2c2d-47ab-b692-6e329ac2cef9: does not qualify; 2.7 s; peak memory 1033 MiB.
2026-10-05T18:54:45Z INFO [1650/3239] 5e1cf5e0-2c2d-47ab-b692-6e329ac2cef9: checkpointed 73793 records.
2026-10-05T18:54:48Z INFO [1651/3239] 5e1d9fd7-b6f7-4e5b-b9a6-a4591d9946c7: does not qualify; 2.9 s; peak memory 1033 MiB.
2026-10-05T18:54:49Z INFO [1652/3239] 5e1f374c-2190-407e-8b71-444063bfee54: does not qualify; 0.7 s; peak memory 1033 MiB.
2026-10-05T18:54:50Z INFO [1653/3239] 5e20040f-7212-493d-8a9f-f05f2e9b21a0: does not qualify; 0.7 s; peak memory 1033 MiB.
2026-10-05T18:54:51Z INFO [1654/3239] 5e217ab6-0f2e-4c92-b921-3d0c303b82b9: does not qualify; 1.3 s; peak memory 1033 MiB.
2026-10-05T18:54:52Z INFO [1655/3239] 5e225b57-b075-4e10-a70b-ffc95387a923: does not qualify; 0.9 s; peak memory 1033 MiB.
2026-10-05T18:54:53Z INFO [1656/3239] 5e22e43d-a67c-4be1-b28a-e4f25c0d1526: does not qualify; 0.8 s; peak memory 1033 MiB.
2026-10-05T18:54:54Z INFO [1657/3239] 5e23a6cd-5d24-4587-89b3-b8044f8a66a9: does not qualify; 1.0 s; peak memory 1033 MiB.
2026-10-05T18:54:54Z INFO [1658/3239] 5e23e621-ab9e-4591-a58f-c4476024a4e1: does not qualify; 0.4 s; peak memory 1033 MiB.
2026-10-05T18:54:56Z INFO [1659/3239] 5e240a4b-e607-4d90-b3ff-2f39b16eaab1: does not qualify; 1.4 s; peak memory 1033 MiB.
2026-10-05T18:54:56Z INFO [1660/3239] 5e2488ac-0675-4f9f-a48e-c08b6dedc21d: does not qualify; 0.5 s; peak memory 1033 MiB.
2026-10-05T18:55:02Z INFO [1661/3239] 5e250784-4ddd-44c8-99e8-8fe2d9a0ffd6: does not qualify; 5.5 s; peak memory 1033 MiB.
2026-10-05T18:55:04Z INFO [1662/3239] 5e2535f8-7568-4f32-90d9-367c366a0000: does not qualify; 1.7 s; peak memory 1033 MiB.
2026-10-05T18:55:04Z INFO [1663/3239] 5e25bd10-d857-450b-af2b-31d5f8ca40c1: does not qualify; 0.9 s; peak memory 1033 MiB.
2026-10-05T18:55:05Z INFO [1664/3239] 5e25ec0a-8227-44f9-b426-186ae42c9016: does not qualify; 0.7 s; peak memory 1033 MiB.
2026-10-05T18:55:07Z INFO [1665/3239] 5e2635af-ac41-4f6d-b4d0-ba0c7c5b3a24: does not qualify; 1.4 s; peak memory 1033 MiB.
2026-10-05T18:55:09Z INFO [1666/3239] 5e26a8c4-e9ad-45fb-b2d0-9e7fa8070cb4: does not qualify; 3.0 s; peak memory 1033 MiB.
2026-10-05T18:55:11Z INFO [1667/3239] 5e26d075-4600-4f73-9d5b-178692aee1e2: does not qualify; 1.5 s; peak memory 1033 MiB.
2026-10-05T18:55:12Z INFO [1668/3239] 5e27da8a-5577-4448-b350-be53f24bd1b7: does not qualify; 0.7 s; peak memory 1033 MiB.
2026-10-05T18:55:13Z INFO [1669/3239] 5e2b1a10-7e54-4a35-a3cd-71746f807139: does not qualify; 0.8 s; peak memory 1033 MiB.
2026-10-05T18:55:13Z INFO [1670/3239] 5e2cb0e0-aeb0-4f51-aff5-7e71e0463e5b: does not qualify; 0.9 s; peak memory 1033 MiB.
2026-10-05T18:55:18Z INFO [1671/3239] 5e2d1b7a-04dc-4cb3-b666-87b880faf6dc: does not qualify; 4.6 s; peak memory 1033 MiB.
2026-10-05T18:55:19Z INFO [1672/3239] 5e2e01e8-a54e-44df-aab3-e47d9d95c309: does not qualify; 0.8 s; peak memory 1033 MiB.
2026-10-05T18:55:20Z INFO [1673/3239] 5e2e2f04-4191-4ece-9a97-cdcc8a9f717d: does not qualify; 0.9 s; peak memory 1033 MiB.
2026-10-05T18:55:21Z INFO [1674/3239] 5e2e6352-efa6-4367-9ae4-e773dccd35de: does not qualify; 1.1 s; peak memory 1033 MiB.
2026-10-05T18:55:22Z INFO [1675/3239] 5e2f7f48-5944-4cc3-822f-60d2f1129343: does not qualify; 1.0 s; peak memory 1033 MiB.
2026-10-05T18:55:23Z INFO [1676/3239] 5e3116fb-a7a6-4964-b760-7c7cd086e98c: does not qualify; 0.8 s; peak memory 1033 MiB.
2026-10-05T18:55:23Z INFO [1677/3239] 5e318277-b837-46d4-810f-627afe346f79: does not qualify; 0.6 s; peak memory 1033 MiB.
2026-10-05T18:55:24Z INFO [1678/3239] 5e320567-7c7d-45fb-97b6-e1eea3111d74: does not qualify; 0.9 s; peak memory 1033 MiB.
2026-10-05T18:55:25Z INFO [1679/3239] 5e321441-405e-49f6-9f73-70668847d371: does not qualify; 0.8 s; peak memory 1033 MiB.
2026-10-05T18:55:25Z INFO [1680/3239] 5e323eb0-d84e-4530-bc7c-b5573140b412: does not qualify; 0.7 s; peak memory 1033 MiB.
2026-10-05T18:55:26Z INFO [1681/3239] 5e32cbc0-92a8-4e1c-bfc0-18e5dbd646fa: does not qualify; 0.7 s; peak memory 1033 MiB.
2026-10-05T18:55:40Z INFO [1682/3239] 5e32e1cc-2ff2-4de4-b4e4-0498a9b0ea99: does not qualify; 13.6 s; peak memory 1033 MiB.
2026-10-05T18:55:41Z INFO [1683/3239] 5e3313d5-6f68-4c7a-9519-3b1693f0f526: does not qualify; 0.8 s; peak memory 1033 MiB.
2026-10-05T18:55:44Z INFO [1684/3239] 5e33b932-bc60-4de1-a969-5025e5ffae02: does not qualify; 3.7 s; peak memory 1033 MiB.
2026-10-05T18:55:45Z INFO [1685/3239] 5e344141-d554-45b2-81d6-e5a2bbe27835: does not qualify; 0.8 s; peak memory 1033 MiB.
2026-10-05T18:55:46Z INFO [1686/3239] 5e350222-b78e-45e4-baf7-15505a0ee468: does not qualify; 0.8 s; peak memory 1033 MiB.
2026-10-05T18:55:51Z INFO [1687/3239] 5e35062d-777b-48bc-98b6-adec0204743f: does not qualify; 4.9 s; peak memory 1033 MiB.
2026-10-05T18:55:51Z INFO [1688/3239] 5e352e8a-9486-43c5-ba7e-6036897728e4: does not qualify; 0.7 s; peak memory 1033 MiB.
2026-10-05T18:56:56Z INFO [1689/3239] 5e35929e-1494-4b1b-98fd-a73a8ab9168b: qualifies; 64.5 s; peak memory 4839 MiB.
2026-10-05T18:56:58Z INFO [1690/3239] 5e36da28-6af0-4f0a-94fa-fdb3ea559208: does not qualify; 1.8 s; peak memory 4839 MiB.
2026-10-05T18:57:39Z INFO [1691/3239] 5e36f725-f085-4321-860c-588c198721e2: does not qualify; 41.4 s; peak memory 4839 MiB.
2026-10-05T18:57:40Z INFO [1692/3239] 5e3744dd-af7a-4b41-b4b4-726646d43d79: does not qualify; 0.8 s; peak memory 4839 MiB.
2026-10-05T18:57:41Z INFO [1693/3239] 5e378e8c-309a-41b3-9e38-8567b5bed39f: does not qualify; 0.6 s; peak memory 4839 MiB.
2026-10-05T18:57:42Z INFO [1694/3239] 5e37e55d-4991-4b4f-9116-36d5f311987d: does not qualify; 1.2 s; peak memory 4839 MiB.
2026-10-05T18:57:43Z INFO [1695/3239] 5e38156d-e2f7-4ce4-8bbb-146052591b61: does not qualify; 1.0 s; peak memory 4839 MiB.
2026-10-05T18:57:44Z INFO [1696/3239] 5e382d01-9c88-4299-a39a-09bae1350191: does not qualify; 0.8 s; peak memory 4839 MiB.
2026-10-05T18:57:48Z INFO [1697/3239] 5e3867b1-d71d-489d-82c8-f161d60d12dc: does not qualify; 4.7 s; peak memory 4839 MiB.
2026-10-05T18:57:49Z INFO [1698/3239] 5e395091-b404-4352-b9fa-fb071efc365f: does not qualify; 0.6 s; peak memory 4839 MiB.
2026-10-05T18:57:50Z INFO [1699/3239] 5e39ebd0-abda-430c-9ca2-fc6905393203: qualifies; 0.9 s; peak memory 4839 MiB.
2026-10-05T18:57:51Z INFO [1700/3239] 5e3b87fa-5c5c-4ed6-b2ad-82301ac90286: does not qualify; 1.0 s; peak memory 4839 MiB.
2026-10-05T18:57:51Z INFO [1700/3239] 5e3b87fa-5c5c-4ed6-b2ad-82301ac90286: checkpointed 73843 records.
2026-10-05T18:57:54Z INFO [1701/3239] 5e3cfdaa-8905-4827-964e-5e9daf776621: does not qualify; 3.3 s; peak memory 4839 MiB.
2026-10-05T18:58:01Z INFO [1702/3239] 5e3df7a7-67c1-4139-9f50-e4171e31076b: does not qualify; 6.3 s; peak memory 4839 MiB.
2026-10-05T18:58:02Z INFO [1703/3239] 5e3df88b-c310-4b6c-be8f-15b2a333b33e: does not qualify; 1.5 s; peak memory 4839 MiB.
2026-10-05T18:58:03Z INFO [1704/3239] 5e3e2957-0130-4f79-9103-a4e4a9c409d9: does not qualify; 0.8 s; peak memory 4839 MiB.
2026-10-05T18:58:04Z INFO [1705/3239] 5e3e9fb4-f514-48be-b904-53741c1bcbd8: does not qualify; 1.5 s; peak memory 4839 MiB.
2026-10-05T18:58:05Z INFO [1706/3239] 5e3ec4d6-60b4-4dde-b555-80d18e4bcb25: does not qualify; 0.6 s; peak memory 4839 MiB.
2026-10-05T18:58:05Z INFO [1707/3239] 5e3f5eda-bed7-4a9d-bd29-8578d9c2cb8b: does not qualify; 0.4 s; peak memory 4839 MiB.
2026-10-05T18:58:14Z INFO [1708/3239] 5e409259-f0cd-4948-b724-e751193ef0dd: does not qualify; 8.5 s; peak memory 4839 MiB.
2026-10-05T18:58:18Z INFO [1709/3239] 5e40945a-a7ec-48b7-be5d-2b1d83a27328: does not qualify; 4.3 s; peak memory 4839 MiB.
2026-10-05T18:58:21Z INFO [1710/3239] 5e40ebc6-cef1-4358-a467-0cdd9dcea5e8: does not qualify; 3.0 s; peak memory 4839 MiB.
2026-10-05T18:58:25Z INFO [1711/3239] 5e41b238-737c-49f0-902b-a33f93fce83c: does not qualify; 4.4 s; peak memory 4839 MiB.
2026-10-05T18:58:27Z INFO [1712/3239] 5e427048-e1e0-46dd-8aed-2123cac52d58: does not qualify; 1.9 s; peak memory 4839 MiB.
2026-10-05T18:58:28Z INFO [1713/3239] 5e433dbe-d350-435a-8c78-2d6a1f4fdf10: does not qualify; 0.6 s; peak memory 4839 MiB.
2026-10-05T18:58:29Z INFO [1714/3239] 5e436c0a-398e-423a-9e27-2381d3571b15: does not qualify; 0.9 s; peak memory 4839 MiB.
2026-10-05T18:58:29Z INFO [1715/3239] 5e4398d2-3dff-44a3-9e6d-10126e589629: does not qualify; 0.8 s; peak memory 4839 MiB.
2026-10-05T18:58:30Z INFO [1716/3239] 5e43ecd4-eacf-46b2-b3fb-f8747c83cd36: does not qualify; 0.9 s; peak memory 4839 MiB.
2026-10-05T18:58:31Z INFO [1717/3239] 5e443b3a-43d3-4252-b9b5-3cf167e03ba2: does not qualify; 0.6 s; peak memory 4839 MiB.
2026-10-05T18:58:34Z INFO [1718/3239] 5e44d639-31c4-4fe4-9eea-bad60b3954b7: does not qualify; 3.6 s; peak memory 4839 MiB.
2026-10-05T18:58:36Z INFO [1719/3239] 5e45136f-aa51-4380-afb2-ab553aac813f: does not qualify; 1.5 s; peak memory 4839 MiB.
2026-10-05T18:58:38Z INFO [1720/3239] 5e451de7-807b-4d4e-abd1-c1c82be0fa00: does not qualify; 1.7 s; peak memory 4839 MiB.
2026-10-05T18:58:39Z INFO [1721/3239] 5e45309a-0901-4bfd-8715-c170f1b50674: does not qualify; 1.7 s; peak memory 4839 MiB.
2026-10-05T18:58:41Z INFO [1722/3239] 5e4566a5-1ec5-4355-9fa3-dd386f476acc: does not qualify; 1.2 s; peak memory 4839 MiB.
2026-10-05T18:58:43Z INFO [1723/3239] 5e465eeb-c5af-45bb-b6d4-8d626f39054d: does not qualify; 2.9 s; peak memory 4839 MiB.
2026-10-05T18:58:44Z INFO [1724/3239] 5e4664b8-efed-43fa-a97b-bfdee40c0e52: does not qualify; 0.5 s; peak memory 4839 MiB.
2026-10-05T18:58:45Z INFO [1725/3239] 5e466cda-5a57-480f-b51c-6a9af93192ab: does not qualify; 0.8 s; peak memory 4839 MiB.
2026-10-05T18:58:46Z INFO [1726/3239] 5e4701e8-378f-4a42-8f56-c879370e0669: does not qualify; 1.7 s; peak memory 4839 MiB.
2026-10-05T18:58:47Z INFO [1727/3239] 5e48fa04-6e06-4df9-b017-2f99ca15ce56: does not qualify; 0.6 s; peak memory 4839 MiB.
2026-10-05T18:58:49Z INFO [1728/3239] 5e49b775-70f1-482e-a815-6e4824139856: does not qualify; 1.5 s; peak memory 4839 MiB.
2026-10-05T18:58:50Z INFO [1729/3239] 5e4abdc4-5441-4db2-8c9d-28ed89cc9761: does not qualify; 1.1 s; peak memory 4839 MiB.
2026-10-05T18:58:51Z INFO [1730/3239] 5e4b5605-9cb7-48aa-88fb-23c4a794e5eb: does not qualify; 0.9 s; peak memory 4839 MiB.
2026-10-05T18:58:52Z INFO [1731/3239] 5e4b5a8c-13c6-4059-a99c-84a3e75ab316: does not qualify; 1.5 s; peak memory 4839 MiB.
2026-10-05T18:58:53Z INFO [1732/3239] 5e4b6984-2f9c-4a04-bcac-89a546281f03: does not qualify; 0.7 s; peak memory 4839 MiB.
2026-10-05T18:58:56Z INFO [1733/3239] 5e4b9f1a-933e-47a9-ba09-cf6eba931f23: does not qualify; 3.1 s; peak memory 4839 MiB.
2026-10-05T18:58:56Z INFO [1734/3239] 5e4bef7e-6429-463d-b986-c36e5bc1fc41: does not qualify; 0.5 s; peak memory 4839 MiB.
2026-10-05T18:58:57Z INFO [1735/3239] 5e4c2661-9871-4ebe-a0a1-0379bcda0b7c: does not qualify; 0.4 s; peak memory 4839 MiB.
2026-10-05T18:58:59Z INFO [1736/3239] 5e4cc468-df89-4293-9c61-a54acab27f8a: does not qualify; 1.9 s; peak memory 4839 MiB.
2026-10-05T18:58:59Z INFO [1737/3239] 5e4f5122-c5f3-4b31-9bd5-709335a6226e: does not qualify; 0.7 s; peak memory 4839 MiB.
2026-10-05T18:59:00Z INFO [1738/3239] 5e513e4a-3ea5-4b32-b090-0610f5f78ac5: does not qualify; 0.8 s; peak memory 4839 MiB.
2026-10-05T18:59:01Z INFO [1739/3239] 5e521f6a-2c8a-4d8e-aae6-155a5173767e: does not qualify; 0.9 s; peak memory 4839 MiB.
2026-10-05T18:59:09Z INFO [1740/3239] 5e528e68-d9a8-4897-85e5-fe65585159bd: does not qualify; 7.6 s; peak memory 4839 MiB.
2026-10-05T18:59:10Z INFO [1741/3239] 5e52a943-c8f3-43e2-af7e-8cf9cf03a0db: qualifies; 1.0 s; peak memory 4839 MiB.
2026-10-05T18:59:11Z INFO [1742/3239] 5e545ec1-9c19-4f74-a810-c9dbf211007d: does not qualify; 1.0 s; peak memory 4839 MiB.
2026-10-05T18:59:12Z INFO [1743/3239] 5e54b4c6-801e-4e1f-a236-e691240d031c: does not qualify; 0.9 s; peak memory 4839 MiB.
2026-10-05T18:59:12Z INFO [1744/3239] 5e556b7b-81c4-4ab9-8879-0461838aed0f: does not qualify; 0.7 s; peak memory 4839 MiB.
2026-10-05T18:59:13Z INFO [1745/3239] 5e5624dd-947f-48dd-917e-ba860e8bfc18: does not qualify; 0.7 s; peak memory 4839 MiB.
2026-10-05T18:59:14Z INFO [1746/3239] 5e566181-4509-4253-9226-cb10e6646478: does not qualify; 0.8 s; peak memory 4839 MiB.
2026-10-05T18:59:15Z INFO [1747/3239] 5e566b87-b74b-46ff-b792-5f096fadbaa3: does not qualify; 0.7 s; peak memory 4839 MiB.
2026-10-05T18:59:15Z INFO [1748/3239] 5e57174a-5add-47dd-a498-08939d484d7e: does not qualify; 0.6 s; peak memory 4839 MiB.
2026-10-05T18:59:16Z INFO [1749/3239] 5e575bf7-21a6-4426-ba1d-7d7c8fee7eae: does not qualify; 0.8 s; peak memory 4839 MiB.
2026-10-05T18:59:18Z INFO [1750/3239] 5e57c007-257a-4bd2-8f95-f53f4a249e2c: does not qualify; 1.9 s; peak memory 4839 MiB.
2026-10-05T18:59:18Z INFO [1750/3239] 5e57c007-257a-4bd2-8f95-f53f4a249e2c: checkpointed 73893 records.
2026-10-05T18:59:19Z INFO [1751/3239] 5e58446a-712b-49fc-af14-5eae568a33ce: does not qualify; 1.1 s; peak memory 4839 MiB.
2026-10-05T18:59:20Z INFO [1752/3239] 5e58bb5e-da62-4a2c-b4f1-0deba3bca7e4: does not qualify; 0.7 s; peak memory 4839 MiB.
2026-10-05T18:59:21Z INFO [1753/3239] 5e58e821-83b4-4fec-b930-3a38225ebbc8: does not qualify; 0.8 s; peak memory 4839 MiB.
2026-10-05T18:59:21Z INFO [1754/3239] 5e591141-0e88-44c4-9213-e63aabc6166a: does not qualify; 0.8 s; peak memory 4839 MiB.
2026-10-05T18:59:22Z INFO [1755/3239] 5e5943d6-6ea9-4550-8af1-4fb43b6009c3: does not qualify; 0.9 s; peak memory 4839 MiB.
2026-10-05T18:59:23Z INFO [1756/3239] 5e5ac2e6-e9b4-4ddd-86eb-423e512cf2f7: does not qualify; 0.9 s; peak memory 4839 MiB.
2026-10-05T18:59:24Z INFO [1757/3239] 5e5b318f-331d-4c95-a951-c3bb08aa242c: does not qualify; 1.0 s; peak memory 4839 MiB.
2026-10-05T18:59:25Z INFO [1758/3239] 5e5b5ed9-685c-4a6f-90c6-8c64c39ea74a: does not qualify; 0.7 s; peak memory 4839 MiB.
2026-10-05T18:59:26Z INFO [1759/3239] 5e5c5bcf-d698-4b10-b935-103ac5d96521: does not qualify; 1.4 s; peak memory 4839 MiB.
2026-10-05T18:59:27Z INFO [1760/3239] 5e5c9398-3fba-49c4-9a92-66244c3f1abc: does not qualify; 0.7 s; peak memory 4839 MiB.
2026-10-05T18:59:28Z INFO [1761/3239] 5e5e1a8b-b98f-4482-ac12-f1decf98806a: does not qualify; 0.8 s; peak memory 4839 MiB.
2026-10-05T18:59:33Z INFO [1762/3239] 5e5ff5c9-b018-4a08-a355-1e5ba949ac2d: does not qualify; 5.3 s; peak memory 4839 MiB.
2026-10-05T18:59:34Z INFO [1763/3239] 5e603b4a-1a43-4c48-91c9-0f4fffc32036: does not qualify; 0.9 s; peak memory 4839 MiB.
2026-10-05T18:59:35Z INFO [1764/3239] 5e60b16e-3957-4f61-81a7-027f6e4b4ba5: does not qualify; 0.8 s; peak memory 4839 MiB.
2026-10-05T18:59:39Z INFO [1765/3239] 5e6144e6-16a3-49bd-b135-07440fa8139a: does not qualify; 4.0 s; peak memory 4839 MiB.
2026-10-05T18:59:40Z INFO [1766/3239] 5e61cb49-2074-46bd-9214-11651fe4fa56: does not qualify; 0.8 s; peak memory 4839 MiB.
2026-10-05T18:59:40Z INFO [1767/3239] 5e620873-96db-41b8-b74a-41f98e24f564: does not qualify; 0.6 s; peak memory 4839 MiB.
2026-10-05T18:59:43Z INFO [1768/3239] 5e6303d7-626a-4beb-9bf2-d15829579e96: does not qualify; 2.4 s; peak memory 4839 MiB.
2026-10-05T18:59:43Z INFO [1769/3239] 5e6316b3-bd81-4e9c-8797-185bb816e796: does not qualify; 0.9 s; peak memory 4839 MiB.
2026-10-05T18:59:44Z INFO [1770/3239] 5e63ccbc-969b-4da2-a1ad-c80b3f149d77: does not qualify; 0.7 s; peak memory 4839 MiB.
2026-10-05T19:00:40Z INFO [1771/3239] 5e641520-dd29-44e9-a675-fadecc25ce38: does not qualify; 56.2 s; peak memory 4839 MiB.
2026-10-05T19:00:42Z INFO [1772/3239] 5e65268c-635a-4732-83c3-c1f96d8b9a8d: qualifies; 1.3 s; peak memory 4839 MiB.
2026-10-05T19:00:42Z INFO [1773/3239] 5e665243-b4b3-46c9-bcaf-9d263d8f5c45: does not qualify; 0.7 s; peak memory 4839 MiB.
2026-10-05T19:00:43Z INFO [1774/3239] 5e676276-a9b7-431d-8a83-3589cb26ec16: does not qualify; 1.0 s; peak memory 4839 MiB.
2026-10-05T19:00:44Z INFO [1775/3239] 5e67bd0c-6ef7-430c-be3c-413e340022b9: does not qualify; 0.6 s; peak memory 4839 MiB.
2026-10-05T19:00:45Z INFO [1776/3239] 5e6847a7-eaba-488d-bedd-413aa254965c: does not qualify; 1.1 s; peak memory 4839 MiB.
2026-10-05T19:00:46Z INFO [1777/3239] 5e693a1d-78bc-486a-8b47-ad341f2431ec: does not qualify; 1.0 s; peak memory 4839 MiB.
2026-10-05T19:00:52Z INFO [1778/3239] 5e694597-6bb4-4b6e-a9c1-b96c8db9ad3c: does not qualify; 5.9 s; peak memory 4839 MiB.
2026-10-05T19:00:53Z INFO [1779/3239] 5e69749f-ecec-44c6-8fc2-4de592c790f3: does not qualify; 0.8 s; peak memory 4839 MiB.
2026-10-05T19:00:54Z INFO [1780/3239] 5e6a5150-9f79-4581-9cfb-7d05187a4f33: does not qualify; 0.8 s; peak memory 4839 MiB.
2026-10-05T19:00:54Z INFO [1781/3239] 5e6aaaa6-8006-42a0-bbe7-922160f674e9: does not qualify; 0.8 s; peak memory 4839 MiB.
2026-10-05T19:00:55Z INFO [1782/3239] 5e6b05cd-d750-4221-81b0-504ec11a14bd: does not qualify; 0.7 s; peak memory 4839 MiB.
2026-10-05T19:00:56Z INFO [1783/3239] 5e6b701d-f66c-4412-9d5c-253f54bb2a67: does not qualify; 0.8 s; peak memory 4839 MiB.
2026-10-05T19:00:57Z INFO [1784/3239] 5e6d3771-7657-45d6-a720-338edef06492: does not qualify; 0.8 s; peak memory 4839 MiB.
2026-10-05T19:00:57Z INFO [1785/3239] 5e6dd1b1-0ca1-4d48-8780-d8a40d7df2e0: does not qualify; 0.7 s; peak memory 4839 MiB.
2026-10-05T19:00:58Z INFO [1786/3239] 5e6e9069-a1e9-42c1-89ee-4b59d849c387: does not qualify; 0.8 s; peak memory 4839 MiB.
2026-10-05T19:01:00Z INFO [1787/3239] 5e6ebaf0-29a7-447a-abd6-48d549c70957: does not qualify; 2.1 s; peak memory 4839 MiB.
2026-10-05T19:01:01Z INFO [1788/3239] 5e6f7f64-2b88-4952-ab09-fce589e77308: does not qualify; 0.8 s; peak memory 4839 MiB.
2026-10-05T19:01:02Z INFO [1789/3239] 5e719817-adfc-4862-8358-bd5d4d0026c4: does not qualify; 0.9 s; peak memory 4839 MiB.
2026-10-05T19:01:06Z INFO [1790/3239] 5e721a62-e726-4ad4-8bbd-f7c08648687a: does not qualify; 4.0 s; peak memory 4839 MiB.
2026-10-05T19:01:17Z INFO [1791/3239] 5e727db0-9bfc-43de-ab02-855334a619b1: does not qualify; 10.9 s; peak memory 4839 MiB.
2026-10-05T19:01:24Z INFO [1792/3239] 5e730663-6124-4e40-ac52-f8613d402f81: does not qualify; 7.5 s; peak memory 4839 MiB.
2026-10-05T19:01:25Z INFO [1793/3239] 5e73ae49-f4db-47b4-9bd4-5452b15def7e: does not qualify; 0.7 s; peak memory 4839 MiB.
2026-10-05T19:01:26Z INFO [1794/3239] 5e73de41-5d67-43d6-95cd-2dffee7446d1: does not qualify; 0.6 s; peak memory 4839 MiB.
2026-10-05T19:01:27Z INFO [1795/3239] 5e75469f-feaf-4831-a5f5-b6196bb3cc3d: does not qualify; 1.0 s; peak memory 4839 MiB.
2026-10-05T19:01:28Z INFO [1796/3239] 5e75ac31-9185-4949-ba82-40f64ff9c42f: does not qualify; 1.5 s; peak memory 4839 MiB.
2026-10-05T19:01:29Z INFO [1797/3239] 5e771f74-7fa9-4115-b216-47d3fa76d6cd: does not qualify; 0.9 s; peak memory 4839 MiB.
2026-10-05T19:01:30Z INFO [1798/3239] 5e777a46-c7fb-4f8c-9274-5fb32e188e40: does not qualify; 0.8 s; peak memory 4839 MiB.
2026-10-05T19:01:32Z INFO [1799/3239] 5e77d65d-c69c-4522-9fa0-0e0f15a3931d: does not qualify; 1.8 s; peak memory 4839 MiB.
2026-10-05T19:01:32Z INFO [1800/3239] 5e79e43c-78f3-48f9-a255-d722c8197ebd: does not qualify; 0.7 s; peak memory 4839 MiB.
2026-10-05T19:01:33Z INFO [1800/3239] 5e79e43c-78f3-48f9-a255-d722c8197ebd: checkpointed 73943 records.
2026-10-05T19:01:33Z INFO [1801/3239] 5e7a9387-6076-405b-a5b4-2ccc53aab8e2: does not qualify; 0.7 s; peak memory 4839 MiB.
2026-10-05T19:01:35Z INFO [1802/3239] 5e7af98d-e6e5-43be-9b78-6c5f673ef8e1: does not qualify; 1.8 s; peak memory 4839 MiB.
2026-10-05T19:01:37Z INFO [1803/3239] 5e7c5791-6ac9-4093-bc1c-9883d81283ba: does not qualify; 1.7 s; peak memory 4839 MiB.
2026-10-05T19:01:38Z INFO [1804/3239] 5e7cd3ec-bb02-4904-a9c0-13675b879729: does not qualify; 1.0 s; peak memory 4839 MiB.
2026-10-05T19:01:39Z INFO [1805/3239] 5e7db37a-bdb3-4533-843e-59132307c005: does not qualify; 0.8 s; peak memory 4839 MiB.
2026-10-05T19:01:40Z INFO [1806/3239] 5e7dcade-f7db-4839-b7f8-5b78f3c4dc3d: does not qualify; 1.7 s; peak memory 4839 MiB.
2026-10-05T19:01:41Z INFO [1807/3239] 5e7de258-b483-4814-a0a4-b49f3d2cfc22: does not qualify; 0.8 s; peak memory 4839 MiB.
2026-10-05T19:01:42Z INFO [1808/3239] 5e7f8acd-a0c8-4b3c-b2ac-67e468300353: qualifies; 1.2 s; peak memory 4839 MiB.
2026-10-05T19:01:43Z INFO [1809/3239] 5e806754-69ff-4e70-ab4c-a27b4c6cecfe: does not qualify; 0.6 s; peak memory 4839 MiB.
2026-10-05T19:01:44Z INFO [1810/3239] 5e80c19e-b500-41b7-bd21-7ac2872a2cf7: does not qualify; 1.0 s; peak memory 4839 MiB.
2026-10-05T19:01:49Z INFO [1811/3239] 5e8128e5-7c75-4613-9afa-61d64e9a2cc9: does not qualify; 5.4 s; peak memory 4839 MiB.
2026-10-05T19:01:50Z INFO [1812/3239] 5e8163c1-2ad2-4233-96ec-a47a0ff43c86: does not qualify; 0.8 s; peak memory 4839 MiB.
2026-10-05T19:01:55Z INFO [1813/3239] 5e81bd5f-5995-4500-a558-b6156375e86e: does not qualify; 4.9 s; peak memory 4839 MiB.
2026-10-05T19:01:55Z INFO [1814/3239] 5e8268a2-26ae-4258-bf6c-47337f87c0dc: does not qualify; 0.6 s; peak memory 4839 MiB.
2026-10-05T19:01:56Z INFO [1815/3239] 5e8279e3-8d7c-4d24-83a0-a5d2b3f2d735: does not qualify; 0.7 s; peak memory 4839 MiB.
2026-10-05T19:01:59Z INFO [1816/3239] 5e82dafa-16b5-4735-8ca7-e07aadae9941: does not qualify; 2.8 s; peak memory 4839 MiB.
2026-10-05T19:02:00Z INFO [1817/3239] 5e82dd2b-7994-4d77-bd01-103230f9e9c0: does not qualify; 0.8 s; peak memory 4839 MiB.
2026-10-05T19:02:00Z INFO [1818/3239] 5e8318d0-16d7-4f04-ae23-7f1272fe0f48: does not qualify; 0.8 s; peak memory 4839 MiB.
2026-10-05T19:02:01Z INFO [1819/3239] 5e835b33-451e-4b75-bac1-fb7fe6aff784: does not qualify; 0.7 s; peak memory 4839 MiB.
2026-10-05T19:02:02Z INFO [1820/3239] 5e83cce5-b2c1-4e12-9a39-888416507aeb: does not qualify; 0.7 s; peak memory 4839 MiB.
2026-10-05T19:02:03Z INFO [1821/3239] 5e8438bc-6e34-4025-8bb0-e109258b2995: does not qualify; 0.7 s; peak memory 4839 MiB.
2026-10-05T19:02:03Z INFO [1822/3239] 5e848581-cd01-4da6-890b-e880796a370d: does not qualify; 0.7 s; peak memory 4839 MiB.
2026-10-05T19:02:04Z INFO [1823/3239] 5e871d83-d110-471d-9fea-d5cfa8b229e8: does not qualify; 0.7 s; peak memory 4839 MiB.
2026-10-05T19:02:05Z INFO [1824/3239] 5e8773ff-8a6a-414a-84f0-4eca68a13f99: does not qualify; 0.9 s; peak memory 4839 MiB.
2026-10-05T19:02:06Z INFO [1825/3239] 5e87af7d-d882-46d8-9f8b-44a52cbb6359: does not qualify; 0.8 s; peak memory 4839 MiB.
2026-10-05T19:02:07Z INFO [1826/3239] 5e88f962-5ba1-4e9f-975c-f4d6228e7fcc: does not qualify; 0.9 s; peak memory 4839 MiB.
2026-10-05T19:02:28Z INFO [1827/3239] 5e89a672-31d0-43cc-b522-8cd7e0c96f79: does not qualify; 21.7 s; peak memory 4839 MiB.
2026-10-05T19:02:32Z INFO [1828/3239] 5e89f14f-dabd-4b21-83ba-8823281bc4ca: does not qualify; 4.0 s; peak memory 4839 MiB.
2026-10-05T19:02:36Z INFO [1829/3239] 5e8af1ec-2438-41e3-b6a9-8bdf752be046: qualifies; 3.3 s; peak memory 4839 MiB.
2026-10-05T19:02:37Z INFO [1830/3239] 5e8b6267-9595-4dbb-afdc-e5c65a122488: does not qualify; 1.0 s; peak memory 4839 MiB.
2026-10-05T19:02:38Z INFO [1831/3239] 5e8bc0f3-b4c2-4d45-8124-557cd660d1f7: does not qualify; 1.2 s; peak memory 4839 MiB.
2026-10-05T19:02:39Z INFO [1832/3239] 5e8bd45f-bc36-4fdf-89d3-5601d2effaad: does not qualify; 1.1 s; peak memory 4839 MiB.
2026-10-05T19:02:40Z INFO [1833/3239] 5e8ce37e-0443-4570-8b17-a51828532f53: does not qualify; 0.7 s; peak memory 4839 MiB.
2026-10-05T19:02:40Z INFO [1834/3239] 5e8e1cf0-0630-4883-acc8-f1957f18ed70: does not qualify; 0.7 s; peak memory 4839 MiB.
2026-10-05T19:02:44Z INFO [1835/3239] 5e8f4b7a-d4b9-4edf-9615-b1e69ae3855f: qualifies; 3.9 s; peak memory 4839 MiB.
2026-10-05T19:02:45Z INFO [1836/3239] 5e9009f3-f607-4691-b4f2-50bbba1e8eb2: does not qualify; 0.4 s; peak memory 4839 MiB.
2026-10-05T19:02:46Z INFO [1837/3239] 5e90263a-809e-4ae0-9530-ae3f4b2ddd81: does not qualify; 1.0 s; peak memory 4839 MiB.
2026-10-05T19:02:48Z INFO [1838/3239] 5e906541-3d7f-4971-a357-d25c7edc1bc8: does not qualify; 2.1 s; peak memory 4839 MiB.
2026-10-05T19:02:49Z INFO [1839/3239] 5e90929d-038d-4e7b-a0e6-5086b9357080: does not qualify; 1.1 s; peak memory 4839 MiB.
2026-10-05T19:02:50Z INFO [1840/3239] 5e919b9b-0434-4cea-9d5c-4b96294cfd56: does not qualify; 0.8 s; peak memory 4839 MiB.
2026-10-05T19:02:50Z INFO [1841/3239] 5e91f739-c052-4a28-9c44-37e2f16c1267: does not qualify; 0.7 s; peak memory 4839 MiB.
2026-10-05T19:02:51Z INFO [1842/3239] 5e932b73-7d4a-4d93-8e62-610f00fcf1ce: does not qualify; 0.7 s; peak memory 4839 MiB.
2026-10-05T19:02:52Z INFO [1843/3239] 5e9373a9-43d6-4d8c-8893-80149559a102: does not qualify; 0.6 s; peak memory 4839 MiB.
2026-10-05T19:02:52Z INFO [1844/3239] 5e93b314-c592-4ccf-aba1-d146014a1ee5: does not qualify; 0.7 s; peak memory 4839 MiB.
2026-10-05T19:02:53Z INFO [1845/3239] 5e94bb14-9540-4c4a-8d7b-39ec951c9fdb: does not qualify; 0.7 s; peak memory 4839 MiB.
2026-10-05T19:02:54Z INFO [1846/3239] 5e95569c-bcb5-4647-bab5-3abc0ae49416: does not qualify; 0.7 s; peak memory 4839 MiB.
2026-10-05T19:02:54Z INFO [1847/3239] 5e95e54f-4003-4128-ac78-39dfaee4ce3e: does not qualify; 0.6 s; peak memory 4839 MiB.
2026-10-05T19:02:55Z INFO [1848/3239] 5e960049-1b7b-47e1-b720-69773456d53d: does not qualify; 0.6 s; peak memory 4839 MiB.
2026-10-05T19:03:02Z INFO [1849/3239] 5e97aaf1-34af-4162-9ae0-34dc5a19238b: does not qualify; 7.5 s; peak memory 4839 MiB.
2026-10-05T19:03:03Z INFO [1850/3239] 5e980670-5bbc-4118-b83e-428ea7c2aefb: does not qualify; 0.7 s; peak memory 4839 MiB.
2026-10-05T19:03:03Z INFO [1850/3239] 5e980670-5bbc-4118-b83e-428ea7c2aefb: checkpointed 73993 records.
2026-10-05T19:03:07Z INFO [1851/3239] 5e982987-e0cf-432a-90da-6aa073bbdae8: does not qualify; 3.9 s; peak memory 4839 MiB.
2026-10-05T19:03:08Z INFO [1852/3239] 5e993be3-55c3-483a-9b70-bb789c430c4d: does not qualify; 1.2 s; peak memory 4839 MiB.
2026-10-05T19:03:09Z INFO [1853/3239] 5e9970d3-6b82-47c5-8274-c2542fe22a19: does not qualify; 0.8 s; peak memory 4839 MiB.
2026-10-05T19:03:10Z INFO [1854/3239] 5e9ab6c3-1326-42cf-a8e3-f9eeabf95ed7: does not qualify; 1.0 s; peak memory 4839 MiB.
2026-10-05T19:03:12Z INFO [1855/3239] 5e9b80a9-670c-4a00-b787-5b501fa23acc: does not qualify; 1.8 s; peak memory 4839 MiB.
2026-10-05T19:03:13Z INFO [1856/3239] 5e9beaa3-d83b-409d-b238-a5e25728fffb: does not qualify; 0.9 s; peak memory 4839 MiB.
2026-10-05T19:03:14Z INFO [1857/3239] 5e9c8da9-c8dd-459f-8869-a7f1d3d50ebe: does not qualify; 0.8 s; peak memory 4839 MiB.
2026-10-05T19:03:15Z INFO [1858/3239] 5e9da209-e950-4cc3-8a64-a414aa0caf4a: does not qualify; 1.3 s; peak memory 4839 MiB.
2026-10-05T19:03:16Z INFO [1859/3239] 5e9ebbe7-23cc-4bf5-8426-f32026f21681: qualifies; 0.9 s; peak memory 4839 MiB.
2026-10-05T19:03:17Z INFO [1860/3239] 5e9f2ea5-466b-4a48-8419-cd097c3231c9: does not qualify; 0.7 s; peak memory 4839 MiB.
2026-10-05T19:03:20Z INFO [1861/3239] 5e9f95cb-d36c-4c75-8e9e-e93a2b3073b0: does not qualify; 3.1 s; peak memory 4839 MiB.
2026-10-05T19:03:20Z INFO [1862/3239] 5ea2014c-9fb3-4ac5-8150-6ea13cd6f1c5: does not qualify; 0.7 s; peak memory 4839 MiB.
2026-10-05T19:03:21Z INFO [1863/3239] 5ea2690c-5ca9-4e3e-96ce-7d325cdda278: does not qualify; 0.7 s; peak memory 4839 MiB.
2026-10-05T19:03:22Z INFO [1864/3239] 5ea28dda-a705-4c27-8b46-75e06c6eed21: does not qualify; 0.8 s; peak memory 4839 MiB.
2026-10-05T19:03:29Z INFO [1865/3239] 5ea39a2a-7f7d-40b7-8f2a-2444d4e0e336: does not qualify; 7.4 s; peak memory 4839 MiB.
2026-10-05T19:03:30Z INFO [1866/3239] 5ea39b84-31c8-4376-964e-97f72a712b85: does not qualify; 0.8 s; peak memory 4839 MiB.
2026-10-05T19:03:31Z INFO [1867/3239] 5ea3b6d3-97fb-4f60-9347-7246f5e0378b: does not qualify; 0.5 s; peak memory 4839 MiB.
2026-10-05T19:03:32Z INFO [1868/3239] 5ea42bd9-7d75-414f-9788-25011187c9f1: does not qualify; 0.9 s; peak memory 4839 MiB.
2026-10-05T19:03:34Z INFO [1869/3239] 5ea534e9-d69a-42bf-a7ce-d128f3ed6c23: does not qualify; 2.0 s; peak memory 4839 MiB.
2026-10-05T19:03:34Z INFO [1870/3239] 5ea5449b-0664-4a16-8e27-164f3bfe3339: does not qualify; 0.7 s; peak memory 4839 MiB.
2026-10-05T19:03:35Z INFO [1871/3239] 5ea68f69-3172-427a-861b-163341a32755: does not qualify; 0.7 s; peak memory 4839 MiB.
2026-10-05T19:03:35Z INFO [1872/3239] 5ea6a26e-6228-4eb9-8245-813dd65fdc1f: does not qualify; 0.5 s; peak memory 4839 MiB.
2026-10-05T19:03:42Z INFO [1873/3239] 5ea6d4ba-c59d-4db3-a6c4-b7ea267ebf68: does not qualify; 6.1 s; peak memory 4839 MiB.
2026-10-05T19:03:43Z INFO [1874/3239] 5ea6ecfb-132a-4131-93cd-9a4f884e9fe8: does not qualify; 1.4 s; peak memory 4839 MiB.
2026-10-05T19:03:44Z INFO [1875/3239] 5ea761c1-94d2-4624-b029-15194f2576af: does not qualify; 0.6 s; peak memory 4839 MiB.
2026-10-05T19:03:44Z INFO [1876/3239] 5ea7a8e6-ce61-4296-b3b5-b25e129d9ee8: does not qualify; 0.6 s; peak memory 4839 MiB.
2026-10-05T19:03:45Z INFO [1877/3239] 5ea7df4d-5abe-45bf-bb89-115e41e7b33b: does not qualify; 0.8 s; peak memory 4839 MiB.
2026-10-05T19:03:50Z INFO [1878/3239] 5ea82603-fe4c-487d-88a3-63ccd451803a: does not qualify; 5.0 s; peak memory 4839 MiB.
2026-10-05T19:03:51Z INFO [1879/3239] 5ea87d8f-9451-45c3-b8bb-65b0eedeff32: does not qualify; 1.1 s; peak memory 4839 MiB.
2026-10-05T19:03:52Z INFO [1880/3239] 5ea8ab58-f957-46b3-a913-61f9b8313be3: does not qualify; 0.6 s; peak memory 4839 MiB.
2026-10-05T19:03:53Z INFO [1881/3239] 5ea8aec1-b135-4335-92f5-30c5b1701d28: does not qualify; 0.8 s; peak memory 4839 MiB.
2026-10-05T19:03:57Z INFO [1882/3239] 5ea8d937-da9a-4d6f-8283-66ffd3221911: does not qualify; 4.1 s; peak memory 4839 MiB.
2026-10-05T19:04:02Z INFO [1883/3239] 5ea9f9c7-714a-4369-9eee-4bb2c53892bc: does not qualify; 5.4 s; peak memory 4839 MiB.
2026-10-05T19:04:03Z INFO [1884/3239] 5eaa2a85-5d0f-4828-a546-279a20829506: does not qualify; 0.7 s; peak memory 4839 MiB.
2026-10-05T19:04:04Z INFO [1885/3239] 5eaafea0-c3f4-453e-a0d8-bfcbc808be5e: does not qualify; 0.8 s; peak memory 4839 MiB.
2026-10-05T19:04:04Z INFO [1886/3239] 5eac6dfb-9b37-497e-8ab0-ea4a2f50e5d4: does not qualify; 0.9 s; peak memory 4839 MiB.
2026-10-05T19:04:05Z INFO [1887/3239] 5eac7c09-1a10-4177-b299-eea17f3bca39: does not qualify; 0.8 s; peak memory 4839 MiB.
2026-10-05T19:04:08Z INFO [1888/3239] 5eac9d14-8acd-4fc8-8dac-e1139fce9377: does not qualify; 3.2 s; peak memory 4839 MiB.
2026-10-05T19:04:09Z INFO [1889/3239] 5ead1662-42a3-4b17-94dd-7d7b8d34dd86: does not qualify; 0.8 s; peak memory 4839 MiB.
2026-10-05T19:04:10Z INFO [1890/3239] 5ead75ca-f6da-4e49-8bd8-0f6ebac7eddf: does not qualify; 0.7 s; peak memory 4839 MiB.
2026-10-05T19:04:11Z INFO [1891/3239] 5eade909-81ea-49d0-a381-26261932543d: does not qualify; 0.7 s; peak memory 4839 MiB.
2026-10-05T19:04:11Z INFO [1892/3239] 5eaeddd5-ec9a-4fa2-9f4b-45e41b378f09: does not qualify; 0.6 s; peak memory 4839 MiB.
2026-10-05T19:04:12Z INFO [1893/3239] 5eaf6263-27d5-49f3-b757-22d22f472013: does not qualify; 0.9 s; peak memory 4839 MiB.
2026-10-05T19:04:13Z INFO [1894/3239] 5eafd173-3c4e-4d43-aa83-7f481ef94d70: does not qualify; 0.7 s; peak memory 4839 MiB.
2026-10-05T19:04:15Z INFO [1895/3239] 5eb15f37-3492-4ea1-bffc-7e2f83c2be73: does not qualify; 2.0 s; peak memory 4839 MiB.
2026-10-05T19:04:20Z INFO [1896/3239] 5eb17aaf-d197-46a5-a57e-0aa90e0edfab: does not qualify; 5.1 s; peak memory 4839 MiB.
2026-10-05T19:04:22Z INFO [1897/3239] 5eb3218b-048f-4ead-8834-fd683c3fddd3: does not qualify; 2.1 s; peak memory 4839 MiB.
2026-10-05T19:04:23Z INFO [1898/3239] 5eb36bd2-83b2-422f-8671-415554a52918: does not qualify; 0.7 s; peak memory 4839 MiB.
2026-10-05T19:04:27Z INFO [1899/3239] 5eb3e27d-1625-4a00-a148-ea2811458f1f: does not qualify; 4.2 s; peak memory 4839 MiB.
2026-10-05T19:04:29Z INFO [1900/3239] 5eb45300-0425-44a6-b663-1f54a6e87fd4: does not qualify; 1.9 s; peak memory 4839 MiB.
2026-10-05T19:04:29Z INFO [1900/3239] 5eb45300-0425-44a6-b663-1f54a6e87fd4: checkpointed 74043 records.
2026-10-05T19:04:30Z INFO [1901/3239] 5eb4df62-70aa-4af2-9a85-4576dbd80304: does not qualify; 0.6 s; peak memory 4839 MiB.
2026-10-05T19:04:30Z INFO [1902/3239] 5eb6468d-cf3f-4a15-b1db-64d111167b84: does not qualify; 0.5 s; peak memory 4839 MiB.
2026-10-05T19:04:31Z INFO [1903/3239] 5eb64726-1c06-47dd-8bed-5db7c6ba3b2f: does not qualify; 0.7 s; peak memory 4839 MiB.
2026-10-05T19:04:32Z INFO [1904/3239] 5eb6a0a0-9559-46e9-973c-96c5946ba2c9: does not qualify; 1.3 s; peak memory 4839 MiB.
2026-10-05T19:04:33Z INFO [1905/3239] 5eb6b245-d6fe-43ea-921b-a9bdbaa7c752: does not qualify; 0.7 s; peak memory 4839 MiB.
2026-10-05T19:04:33Z INFO [1906/3239] 5eb6b5b7-5f62-4604-9f3b-42fb6cf7ff48: does not qualify; 0.6 s; peak memory 4839 MiB.
2026-10-05T19:04:34Z INFO [1907/3239] 5eb72ca2-9c00-4676-805e-1c582d75f0dc: does not qualify; 0.6 s; peak memory 4839 MiB.
2026-10-05T19:04:35Z INFO [1908/3239] 5eb73dad-19fc-4fdb-a560-83267f5a4fec: does not qualify; 0.8 s; peak memory 4839 MiB.
2026-10-05T19:04:36Z INFO [1909/3239] 5eb765f7-5f22-46c6-981c-16ba8201bcbc: does not qualify; 0.9 s; peak memory 4839 MiB.
2026-10-05T19:04:37Z INFO [1910/3239] 5eb7b9ea-83c4-4ccd-92bf-a74fc066d0e4: does not qualify; 0.9 s; peak memory 4839 MiB.
2026-10-05T19:04:37Z INFO [1911/3239] 5eb7c5a3-4fda-4de7-aaa1-8ef8b5a00201: does not qualify; 0.7 s; peak memory 4839 MiB.
2026-10-05T19:04:38Z INFO [1912/3239] 5eb8820d-3545-4e23-83c0-75fb171acab9: does not qualify; 0.8 s; peak memory 4839 MiB.
2026-10-05T19:04:44Z INFO [1913/3239] 5eb8d6ff-14e7-4a3a-892f-14560880229b: does not qualify; 6.0 s; peak memory 4839 MiB.
2026-10-05T19:04:45Z INFO [1914/3239] 5ebbfa76-8200-4535-a7ed-1b009b52e06b: does not qualify; 1.0 s; peak memory 4839 MiB.
2026-10-05T19:04:46Z INFO [1915/3239] 5ebc9021-51eb-42f5-9a1a-ce49f0adfbfa: does not qualify; 1.0 s; peak memory 4839 MiB.
2026-10-05T19:04:49Z INFO [1916/3239] 5ebcbf90-da5b-45fc-a4b9-dcb14df25946: does not qualify; 2.7 s; peak memory 4839 MiB.
2026-10-05T19:04:50Z INFO [1917/3239] 5ebd41b7-b88d-4ac4-81da-c797a42b70fa: does not qualify; 0.9 s; peak memory 4839 MiB.
2026-10-05T19:04:50Z INFO [1918/3239] 5ebd4e67-381e-47c8-aae4-5ca8bceb6a0d: does not qualify; 0.6 s; peak memory 4839 MiB.
2026-10-05T19:04:54Z INFO [1919/3239] 5ebde99c-c70a-443b-a5f3-8fdafd3b3102: qualifies; 3.8 s; peak memory 4839 MiB.
2026-10-05T19:05:27Z INFO [1920/3239] 5ebea5cd-0dcb-49d1-baaf-62608695c002: does not qualify; 32.6 s; peak memory 4839 MiB.
2026-10-05T19:05:28Z INFO [1921/3239] 5ebed038-857b-4c18-9fd9-8a9eaa87ccf4: does not qualify; 1.0 s; peak memory 4839 MiB.
2026-10-05T19:05:33Z INFO [1922/3239] 5ebf9ad7-28c2-4cce-b3ed-774e97d7e8d1: does not qualify; 5.1 s; peak memory 4839 MiB.
2026-10-05T19:05:37Z INFO [1923/3239] 5ebfa87f-9e86-44c8-88cb-de50652960ec: does not qualify; 3.8 s; peak memory 4839 MiB.
2026-10-05T19:05:42Z INFO [1924/3239] 5ec046c8-7da6-4eb1-abca-48feba993cae: does not qualify; 4.9 s; peak memory 4839 MiB.
2026-10-05T19:05:42Z INFO [1925/3239] 5ec1415c-1072-472b-b09c-702651a814ef: does not qualify; 0.4 s; peak memory 4839 MiB.
2026-10-05T19:05:43Z INFO [1926/3239] 5ec2e825-b89f-4b38-a059-168276ab838a: does not qualify; 1.1 s; peak memory 4839 MiB.
2026-10-05T19:05:47Z INFO [1927/3239] 5ec37ca6-7e9f-4677-99cb-caaf6668f626: does not qualify; 4.2 s; peak memory 4839 MiB.
2026-10-05T19:05:49Z INFO [1928/3239] 5ec424b0-af8b-4ad6-9d3c-5fa98b7f93e3: does not qualify; 1.3 s; peak memory 4839 MiB.
2026-10-05T19:05:49Z INFO [1929/3239] 5ec43905-e329-49df-8d4b-54766cf58b30: does not qualify; 0.7 s; peak memory 4839 MiB.
2026-10-05T19:05:50Z INFO [1930/3239] 5ec47b54-2257-429b-8d40-9abcf61969ad: does not qualify; 0.5 s; peak memory 4839 MiB.
2026-10-05T19:05:51Z INFO [1931/3239] 5ec55bfd-a119-41bb-b6f7-7f9ca91bc99e: does not qualify; 0.9 s; peak memory 4839 MiB.
2026-10-05T19:06:17Z INFO [1932/3239] 5ec6513d-f1dd-4ca6-af4e-d4e8fcd47adf: does not qualify; 26.1 s; peak memory 4839 MiB.
2026-10-05T19:06:18Z INFO [1933/3239] 5ec7c090-8918-4265-80d0-68cac477f0fa: does not qualify; 0.7 s; peak memory 4839 MiB.
2026-10-05T19:06:19Z INFO [1934/3239] 5ec856fd-ae14-4e75-aa32-a3be17d51a0f: does not qualify; 1.0 s; peak memory 4839 MiB.
2026-10-05T19:06:19Z INFO [1935/3239] 5ec8cd56-4a3d-46c3-a2bb-f1f7dd7894f5: does not qualify; 0.7 s; peak memory 4839 MiB.
2026-10-05T19:06:20Z INFO [1936/3239] 5ec929b7-8cc1-4a92-a196-b04893836ba8: does not qualify; 0.9 s; peak memory 4839 MiB.
2026-10-05T19:06:22Z INFO [1937/3239] 5eca5fb9-1a0a-48c8-9dfe-33aed37ea61b: does not qualify; 2.0 s; peak memory 4839 MiB.
2026-10-05T19:06:26Z INFO [1938/3239] 5eca8052-d85c-4d43-89e0-3e1e1b3d5663: does not qualify; 3.8 s; peak memory 4839 MiB.
2026-10-05T19:06:27Z INFO [1939/3239] 5ecab410-bc36-4d56-b506-1154da61e4c1: does not qualify; 1.0 s; peak memory 4839 MiB.
2026-10-05T19:06:28Z INFO [1940/3239] 5ecb54ce-3683-4f4b-b6be-1053ccadfb1d: does not qualify; 1.0 s; peak memory 4839 MiB.
2026-10-05T19:06:29Z INFO [1941/3239] 5ecb8863-1173-46e6-8fbf-63a5cddfbd44: does not qualify; 1.4 s; peak memory 4839 MiB.
2026-10-05T19:06:34Z INFO [1942/3239] 5ecbce94-6aeb-427b-924e-adc3fe3b000e: does not qualify; 4.4 s; peak memory 4839 MiB.
2026-10-05T19:06:40Z INFO [1943/3239] 5ecc34c9-7f7f-4f57-b06c-48f17969feea: does not qualify; 5.9 s; peak memory 4839 MiB.
2026-10-05T19:06:40Z INFO [1944/3239] 5ece540d-38ef-4615-8cf8-7fd27b496262: does not qualify; 0.7 s; peak memory 4839 MiB.
2026-10-05T19:06:41Z INFO [1945/3239] 5ecf1381-6a85-46b7-801d-930cf4d322f8: does not qualify; 0.8 s; peak memory 4839 MiB.
2026-10-05T19:06:42Z INFO [1946/3239] 5ecfd79d-3a9f-46cd-bd3f-7e4598b08365: does not qualify; 0.4 s; peak memory 4839 MiB.
2026-10-05T19:07:27Z INFO [1947/3239] 5ed02d4e-82d5-440f-b26a-d574adb5dc64: does not qualify; 45.0 s; peak memory 4839 MiB.
2026-10-05T19:07:28Z INFO [1948/3239] 5ed04958-9b2a-4b2b-afe9-d8c26b2a40f7: does not qualify; 0.9 s; peak memory 4839 MiB.
2026-10-05T19:07:31Z INFO [1949/3239] 5ed095df-7952-4100-ad5b-8b57f3f8fca0: does not qualify; 3.0 s; peak memory 4839 MiB.
2026-10-05T19:07:32Z INFO [1950/3239] 5ed1e605-e2f0-4864-9b87-00f1ccbed7e2: does not qualify; 1.7 s; peak memory 4839 MiB.
2026-10-05T19:07:32Z INFO [1950/3239] 5ed1e605-e2f0-4864-9b87-00f1ccbed7e2: checkpointed 74093 records.
2026-10-05T19:07:40Z INFO [1951/3239] 5ed3e74a-8404-4e77-83bf-8bc15bbb1ef5: does not qualify; 7.3 s; peak memory 4839 MiB.
2026-10-05T19:07:41Z INFO [1952/3239] 5ed423da-fce5-4d67-87c8-682183d1725b: does not qualify; 1.2 s; peak memory 4839 MiB.
2026-10-05T19:07:42Z INFO [1953/3239] 5ed4bb6f-83f9-4640-bd7c-9fab312db71d: does not qualify; 0.8 s; peak memory 4839 MiB.
2026-10-05T19:07:43Z INFO [1954/3239] 5ed4c5cc-d19d-4c9c-932a-4072627c7d34: does not qualify; 0.7 s; peak memory 4839 MiB.
2026-10-05T19:07:43Z INFO [1955/3239] 5ed59e33-3e3d-44bc-ab9b-6071472e695f: does not qualify; 0.8 s; peak memory 4839 MiB.
2026-10-05T19:07:44Z INFO [1956/3239] 5ed60361-19df-433d-a394-68bc3ee579d1: does not qualify; 0.8 s; peak memory 4839 MiB.
2026-10-05T19:07:45Z INFO [1957/3239] 5ed74a3b-3962-4f41-b41d-19c45f03a480: does not qualify; 0.8 s; peak memory 4839 MiB.
2026-10-05T19:07:46Z INFO [1958/3239] 5ed74efb-955a-476d-82a7-e40bc98a441b: does not qualify; 0.8 s; peak memory 4839 MiB.
2026-10-05T19:07:46Z INFO [1959/3239] 5ed7522a-90a2-4d61-8665-502905fa1698: does not qualify; 0.8 s; peak memory 4839 MiB.
2026-10-05T19:07:47Z INFO [1960/3239] 5ed76cce-9663-4130-a458-557b8cc06d95: does not qualify; 0.8 s; peak memory 4839 MiB.
2026-10-05T19:07:48Z INFO [1961/3239] 5ed79f83-aac2-431a-93e3-dab70f9861dc: does not qualify; 0.7 s; peak memory 4839 MiB.
2026-10-05T19:07:49Z INFO [1962/3239] 5ed862f8-7c57-48f7-a846-fa8bd6a9f9e3: does not qualify; 1.2 s; peak memory 4839 MiB.
2026-10-05T19:07:50Z INFO [1963/3239] 5ed88ace-78fa-46a0-a06b-45a6e8f9ccdf: does not qualify; 0.7 s; peak memory 4839 MiB.
2026-10-05T19:07:51Z INFO [1964/3239] 5ed8cfa8-a3d4-4159-80c4-dd2880aeb917: does not qualify; 0.9 s; peak memory 4839 MiB.
2026-10-05T19:07:52Z INFO [1965/3239] 5ed9cc80-8680-4237-81c9-ab0a1adc2e6d: does not qualify; 1.0 s; peak memory 4839 MiB.
2026-10-05T19:07:53Z INFO [1966/3239] 5ed9d6bb-4385-4ba7-a872-bfbf026208c6: does not qualify; 0.9 s; peak memory 4839 MiB.
2026-10-05T19:07:53Z INFO [1967/3239] 5ed9d7e1-09c6-4b9f-929e-8e53707148ff: does not qualify; 0.8 s; peak memory 4839 MiB.
2026-10-05T19:07:55Z INFO [1968/3239] 5edb0b31-3b5a-4843-8888-37eb7fec42bd: does not qualify; 1.7 s; peak memory 4839 MiB.
2026-10-05T19:07:56Z INFO [1969/3239] 5edb50f6-cb6d-4f30-8959-3da98d0986ea: does not qualify; 0.6 s; peak memory 4839 MiB.
2026-10-05T19:07:57Z INFO [1970/3239] 5edb8aa8-26de-4222-818e-4c139fffe001: does not qualify; 1.1 s; peak memory 4839 MiB.
2026-10-05T19:07:58Z INFO [1971/3239] 5edc0cb4-b919-488a-ae0a-9d62e02f87c2: does not qualify; 0.8 s; peak memory 4839 MiB.
2026-10-05T19:08:00Z INFO [1972/3239] 5edc18cc-f2a7-4b3f-bdde-4048429d942a: does not qualify; 2.2 s; peak memory 4839 MiB.
2026-10-05T19:08:00Z INFO [1973/3239] 5edd4443-0b57-49e3-8755-c1f8b2caa467: does not qualify; 0.4 s; peak memory 4839 MiB.
2026-10-05T19:08:01Z INFO [1974/3239] 5edea41e-6448-411d-a6ba-043f33c3e234: does not qualify; 0.8 s; peak memory 4839 MiB.
2026-10-05T19:08:01Z INFO [1975/3239] 5edec275-b1d5-4542-88c8-30d143d3bfb2: does not qualify; 0.6 s; peak memory 4839 MiB.
2026-10-05T19:08:02Z INFO [1976/3239] 5eded3dd-e3ec-47dd-af6b-2f84ddb43edd: does not qualify; 0.9 s; peak memory 4839 MiB.
2026-10-05T19:08:03Z INFO [1977/3239] 5ededa5f-0303-439d-9128-7b3ad024eb1a: does not qualify; 0.9 s; peak memory 4839 MiB.
2026-10-05T19:08:05Z INFO [1978/3239] 5edeed7a-3fde-49cb-94df-f7c12a78799c: does not qualify; 1.4 s; peak memory 4839 MiB.
2026-10-05T19:08:05Z INFO [1979/3239] 5edf94c9-a367-440b-b4e7-9da77628d74a: does not qualify; 0.4 s; peak memory 4839 MiB.
2026-10-05T19:08:07Z INFO [1980/3239] 5edfe36c-64af-455e-a733-0e7992b2ec49: does not qualify; 2.1 s; peak memory 4839 MiB.
2026-10-05T19:08:10Z INFO [1981/3239] 5edff63b-da4c-45c2-973b-9a6945d42b2b: does not qualify; 3.1 s; peak memory 4839 MiB.
2026-10-05T19:08:11Z INFO [1982/3239] 5ee07b38-2013-45da-b1c5-6f44349e5f6e: does not qualify; 0.7 s; peak memory 4839 MiB.
2026-10-05T19:08:13Z INFO [1983/3239] 5ee08541-83d3-40a6-8b84-b3b16fef2437: does not qualify; 1.9 s; peak memory 4839 MiB.
2026-10-05T19:08:14Z INFO [1984/3239] 5ee08dbe-4a02-4b40-92e2-11fbd7740c5a: does not qualify; 1.1 s; peak memory 4839 MiB.
2026-10-05T19:08:15Z INFO [1985/3239] 5ee0e537-c0be-4e04-9d42-c41c39742a9e: does not qualify; 1.3 s; peak memory 4839 MiB.
2026-10-05T19:08:16Z INFO [1986/3239] 5ee231be-c419-42f7-bbe2-6cff2ee2e5d6: does not qualify; 1.0 s; peak memory 4839 MiB.
2026-10-05T19:08:17Z INFO [1987/3239] 5ee34f40-59cb-461c-a09f-cf29851d79a4: does not qualify; 0.8 s; peak memory 4839 MiB.
2026-10-05T19:08:19Z INFO [1988/3239] 5ee35450-777e-4fe0-b90d-cda1013c943e: does not qualify; 2.1 s; peak memory 4839 MiB.
2026-10-05T19:08:20Z INFO [1989/3239] 5ee3a2c0-a15e-4c20-87cd-8e65713ef17b: does not qualify; 0.9 s; peak memory 4839 MiB.
2026-10-05T19:08:21Z INFO [1990/3239] 5ee48cec-4c85-4f68-96cf-e5249a70c1e7: does not qualify; 1.3 s; peak memory 4839 MiB.
2026-10-05T19:08:22Z INFO [1991/3239] 5ee4bea9-705a-4716-b795-217c534bec74: does not qualify; 0.8 s; peak memory 4839 MiB.
2026-10-05T19:08:23Z INFO [1992/3239] 5ee4db2b-07a5-4261-a79d-9827817ddda6: does not qualify; 0.8 s; peak memory 4839 MiB.
2026-10-05T19:08:24Z INFO [1993/3239] 5ee4e177-41bd-4f0b-b034-f0b60dd1974b: does not qualify; 0.7 s; peak memory 4839 MiB.
2026-10-05T19:08:25Z INFO [1994/3239] 5ee51471-2c8c-41c2-a242-cd0a35986ade: does not qualify; 0.9 s; peak memory 4839 MiB.
2026-10-05T19:08:25Z INFO [1995/3239] 5ee531ce-4136-40d1-a103-2fbf680f5cd3: does not qualify; 0.8 s; peak memory 4839 MiB.
2026-10-05T19:08:26Z INFO [1996/3239] 5ee53fa0-979f-468c-b785-a2b40030560e: does not qualify; 0.8 s; peak memory 4839 MiB.
2026-10-05T19:08:27Z INFO [1997/3239] 5ee7266b-4369-46d0-89f1-8fb351e325ce: does not qualify; 0.8 s; peak memory 4839 MiB.
2026-10-05T19:08:34Z INFO [1998/3239] 5ee8ca85-c4d6-4878-806e-c85934aabc76: does not qualify; 7.5 s; peak memory 4839 MiB.
2026-10-05T19:08:43Z INFO [1999/3239] 5ee9609f-0ae3-47b6-b2ee-dd3644afabd6: does not qualify; 9.0 s; peak memory 4839 MiB.
2026-10-05T19:08:45Z INFO [2000/3239] 5ee9d598-f7ed-44ec-a3fe-514def85a0b9: does not qualify; 1.3 s; peak memory 4839 MiB.
2026-10-05T19:08:45Z INFO [2000/3239] 5ee9d598-f7ed-44ec-a3fe-514def85a0b9: checkpointed 74143 records.
2026-10-05T19:08:46Z INFO [2001/3239] 5ee9d720-9952-48d0-b869-6cb9fb88b7a4: does not qualify; 0.9 s; peak memory 4839 MiB.
2026-10-05T19:08:47Z INFO [2002/3239] 5eea95e0-5517-4d7d-8cc7-623d2a9b2a5b: does not qualify; 0.8 s; peak memory 4839 MiB.
2026-10-05T19:08:49Z INFO [2003/3239] 5eeb3c49-6246-4458-9584-dbfbe3c381d5: does not qualify; 2.3 s; peak memory 4839 MiB.
2026-10-05T19:08:50Z INFO [2004/3239] 5eeb4f63-8840-4e91-abc6-aef393d7e9b2: does not qualify; 1.3 s; peak memory 4839 MiB.
2026-10-05T19:08:51Z INFO [2005/3239] 5eebc652-f178-408f-a9f1-4a84a6763cce: does not qualify; 0.7 s; peak memory 4839 MiB.
2026-10-05T19:08:52Z INFO [2006/3239] 5eebda73-3ef8-4117-86b2-692f58f687b9: does not qualify; 0.9 s; peak memory 4839 MiB.
2026-10-05T19:08:54Z INFO [2007/3239] 5eebfab6-13fd-4892-ad55-d9b8990a7de1: does not qualify; 1.9 s; peak memory 4839 MiB.
2026-10-05T19:08:59Z INFO [2008/3239] 5eec03ee-b6b7-4697-857d-da5d64c14033: does not qualify; 5.5 s; peak memory 4839 MiB.
2026-10-05T19:09:00Z INFO [2009/3239] 5eec4da4-3482-4b74-8cd8-1e536d4ccc12: does not qualify; 0.9 s; peak memory 4839 MiB.
2026-10-05T19:09:01Z INFO [2010/3239] 5eec9b59-2a1f-4d03-bbea-409a6f332bd1: does not qualify; 0.8 s; peak memory 4839 MiB.
2026-10-05T19:09:02Z INFO [2011/3239] 5eed1ffa-cbec-4ecb-baa6-61486977f1c3: does not qualify; 0.8 s; peak memory 4839 MiB.
2026-10-05T19:09:03Z INFO [2012/3239] 5eee3e10-29a2-416f-b88d-3c2d45ee677a: does not qualify; 1.0 s; peak memory 4839 MiB.
2026-10-05T19:09:03Z INFO [2013/3239] 5eef6214-137b-4637-a70e-08bf998c30f2: does not qualify; 0.7 s; peak memory 4839 MiB.
2026-10-05T19:09:04Z INFO [2014/3239] 5ef1ecfd-4e00-4615-a3f2-04bb14a96d16: does not qualify; 0.8 s; peak memory 4839 MiB.
2026-10-05T19:09:05Z INFO [2015/3239] 5ef2357c-7fcc-4d31-b711-23efb0209452: does not qualify; 1.2 s; peak memory 4839 MiB.
2026-10-05T19:09:06Z INFO [2016/3239] 5ef54fe7-8ccd-43f6-a225-0960f3d65faf: does not qualify; 0.9 s; peak memory 4839 MiB.
2026-10-05T19:09:16Z INFO [2017/3239] 5ef5937f-68d5-41f1-b127-67f7db0e36d1: does not qualify; 10.2 s; peak memory 4839 MiB.
2026-10-05T19:09:17Z INFO [2018/3239] 5ef61806-4e19-48d7-b257-06e44f9c8fb2: does not qualify; 1.0 s; peak memory 4839 MiB.
2026-10-05T19:09:23Z INFO [2019/3239] 5ef63813-5f12-41cb-8cba-4dc903ba37a5: does not qualify; 5.4 s; peak memory 4839 MiB.
2026-10-05T19:09:23Z INFO [2020/3239] 5ef63a8c-f637-40ce-8c81-5e907c343027: does not qualify; 0.7 s; peak memory 4839 MiB.
2026-10-05T19:09:26Z INFO [2021/3239] 5ef6f303-ff72-456f-8f07-452361387490: does not qualify; 2.4 s; peak memory 4839 MiB.
2026-10-05T19:09:26Z INFO [2022/3239] 5ef7184d-88aa-4ee0-ae1a-3aae443dcfcf: does not qualify; 0.6 s; peak memory 4839 MiB.
2026-10-05T19:09:27Z INFO [2023/3239] 5ef754ff-26c3-4e57-943d-8cf424734078: does not qualify; 0.9 s; peak memory 4839 MiB.
2026-10-05T19:09:28Z INFO [2024/3239] 5ef80348-a2d1-43cc-8385-2093776c33e0: does not qualify; 1.1 s; peak memory 4839 MiB.
2026-10-05T19:09:29Z INFO [2025/3239] 5ef8a8c7-ecbb-466c-abc6-e23dbf134cdf: does not qualify; 0.8 s; peak memory 4839 MiB.
2026-10-05T19:09:30Z INFO [2026/3239] 5ef95019-8fe9-4cae-9f7e-3605c00ac65f: does not qualify; 0.8 s; peak memory 4839 MiB.
2026-10-05T19:09:31Z INFO [2027/3239] 5ef9d0a9-2071-4e55-ad14-684e58b9c9a1: does not qualify; 0.9 s; peak memory 4839 MiB.
2026-10-05T19:09:32Z INFO [2028/3239] 5efac2c3-2abb-4535-9aca-54d5075fe0ad: does not qualify; 0.8 s; peak memory 4839 MiB.
2026-10-05T19:09:37Z INFO [2029/3239] 5efada96-b830-470d-a690-d2cf0349510a: does not qualify; 5.2 s; peak memory 4839 MiB.
2026-10-05T19:09:38Z INFO [2030/3239] 5efb6ce8-1bb2-432e-957c-1121cf910149: does not qualify; 0.7 s; peak memory 4839 MiB.
2026-10-05T19:09:38Z INFO [2031/3239] 5efbd88c-520d-416d-89a8-e59aacc41caa: does not qualify; 0.5 s; peak memory 4839 MiB.
2026-10-05T19:09:39Z INFO [2032/3239] 5efcb8a7-1160-4c73-8264-cfe835ad61ea: does not qualify; 0.6 s; peak memory 4839 MiB.
2026-10-05T19:09:39Z INFO [2033/3239] 5efcca12-4215-4513-a8d4-b09db37310ac: does not qualify; 0.7 s; peak memory 4839 MiB.
2026-10-05T19:09:50Z INFO [2034/3239] 5efce0cb-722b-475d-81e7-7327c4131533: does not qualify; 10.4 s; peak memory 4839 MiB.
2026-10-05T19:09:51Z INFO [2035/3239] 5efd99fd-7937-4cd3-9ea9-ce26e7683d1d: does not qualify; 0.8 s; peak memory 4839 MiB.
2026-10-05T19:09:52Z INFO [2036/3239] 5efdba4c-b4a4-4500-810d-fc5a68e76328: does not qualify; 0.9 s; peak memory 4839 MiB.
2026-10-05T19:09:52Z INFO [2037/3239] 5efdd841-37ac-4cb3-a9d3-7e848318be16: does not qualify; 0.6 s; peak memory 4839 MiB.
2026-10-05T19:09:57Z INFO [2038/3239] 5efef09c-dc48-4800-a18e-befc0fdbe5f8: does not qualify; 4.8 s; peak memory 4839 MiB.
2026-10-05T19:09:59Z INFO [2039/3239] 5eff8e00-e925-454d-b951-f0af8d4b83f4: does not qualify; 1.8 s; peak memory 4839 MiB.
2026-10-05T19:10:58Z INFO [2040/3239] 5effe831-e53d-4116-9f42-d871f64378f2: does not qualify; 59.3 s; peak memory 4839 MiB.
2026-10-05T19:10:59Z INFO [2041/3239] 5efff321-fce6-427d-bef3-803ce84dea20: does not qualify; 1.0 s; peak memory 4839 MiB.
2026-10-05T19:11:00Z INFO [2042/3239] 5f000b0b-ba03-468c-9516-af307559b2b5: does not qualify; 1.1 s; peak memory 4839 MiB.
2026-10-05T19:11:00Z INFO [2043/3239] 5f010fc8-0833-4bf8-80d6-70ee629a05ce: does not qualify; 0.4 s; peak memory 4839 MiB.
2026-10-05T19:11:01Z INFO [2044/3239] 5f0155f6-5aa4-4d75-90ad-bebc305c9891: does not qualify; 0.6 s; peak memory 4839 MiB.
2026-10-05T19:11:02Z INFO [2045/3239] 5f017672-6031-41ea-9540-f357ffb74ffa: does not qualify; 1.1 s; peak memory 4839 MiB.
2026-10-05T19:11:03Z INFO [2046/3239] 5f01e044-1ebd-49dd-8713-a875d8c2ff76: does not qualify; 0.7 s; peak memory 4839 MiB.
2026-10-05T19:11:09Z INFO [2047/3239] 5f02a85b-42ff-4873-941c-e6923c1d9e5c: does not qualify; 5.7 s; peak memory 4839 MiB.
2026-10-05T19:11:09Z INFO [2048/3239] 5f02faea-31a4-44d4-853b-033cf6d81bb3: does not qualify; 0.8 s; peak memory 4839 MiB.
2026-10-05T19:11:12Z INFO [2049/3239] 5f0392d6-d403-4e60-8008-2da3f3c3126d: does not qualify; 2.2 s; peak memory 4839 MiB.
2026-10-05T19:11:12Z INFO [2050/3239] 5f049bb1-16fa-4fb3-bd57-b70ee062421c: does not qualify; 0.8 s; peak memory 4839 MiB.
2026-10-05T19:11:13Z INFO [2050/3239] 5f049bb1-16fa-4fb3-bd57-b70ee062421c: checkpointed 74193 records.
2026-10-05T19:11:14Z INFO [2051/3239] 5f055904-4f16-42a9-9721-f775cb071713: does not qualify; 1.1 s; peak memory 4839 MiB.
2026-10-05T19:11:14Z INFO [2052/3239] 5f05bc95-5097-44ce-a3e4-ef383b616e0b: does not qualify; 0.8 s; peak memory 4839 MiB.
2026-10-05T19:11:15Z INFO [2053/3239] 5f063fa1-b913-474f-9ec3-dafa10cdb5fd: does not qualify; 0.8 s; peak memory 4839 MiB.
2026-10-05T19:11:16Z INFO [2054/3239] 5f06f812-f889-4157-9283-9d8157019ceb: does not qualify; 0.9 s; peak memory 4839 MiB.
2026-10-05T19:11:18Z INFO [2055/3239] 5f083b3c-e7e9-47ef-b07c-a314e4965143: does not qualify; 1.7 s; peak memory 4839 MiB.
2026-10-05T19:11:19Z INFO [2056/3239] 5f0acdca-bad3-40a8-b88a-1912c52d0b3f: does not qualify; 0.9 s; peak memory 4839 MiB.
2026-10-05T19:11:23Z INFO [2057/3239] 5f0b171c-e67e-4b52-9778-192e84cf349e: does not qualify; 3.9 s; peak memory 4839 MiB.
2026-10-05T19:11:24Z INFO [2058/3239] 5f0b8c9f-a854-4f7a-a0b7-1a740c8f194c: does not qualify; 1.3 s; peak memory 4839 MiB.
2026-10-05T19:11:25Z INFO [2059/3239] 5f0bd8ef-e373-40ce-88bd-d813d0d5c775: does not qualify; 0.8 s; peak memory 4839 MiB.
2026-10-05T19:11:26Z INFO [2060/3239] 5f0c3588-9e44-471b-8393-df526ac8c7c5: does not qualify; 1.6 s; peak memory 4839 MiB.
2026-10-05T19:11:28Z INFO [2061/3239] 5f0d0a1b-4c57-4eb2-8293-21ae81cb43bf: does not qualify; 2.0 s; peak memory 4839 MiB.
2026-10-05T19:11:29Z INFO [2062/3239] 5f0d3d9b-163a-4853-9a4c-3930f4247916: does not qualify; 0.7 s; peak memory 4839 MiB.
2026-10-05T19:11:30Z INFO [2063/3239] 5f0d88a8-defe-437a-a416-32db580f8a57: does not qualify; 0.8 s; peak memory 4839 MiB.
2026-10-05T19:11:30Z INFO [2064/3239] 5f0f09db-91d0-405b-9762-fa6fdb2eb1ac: does not qualify; 0.6 s; peak memory 4839 MiB.
2026-10-05T19:11:33Z INFO [2065/3239] 5f0f4756-15c9-4ac9-9f10-de064d4cc8c2: does not qualify; 2.1 s; peak memory 4839 MiB.
2026-10-05T19:11:33Z INFO [2066/3239] 5f0f6352-f166-4a74-a0a3-8c4fcdceefa0: does not qualify; 0.5 s; peak memory 4839 MiB.
2026-10-05T19:11:34Z INFO [2067/3239] 5f1098c8-bcd3-47ca-aa93-504d6092a4df: does not qualify; 0.8 s; peak memory 4839 MiB.
2026-10-05T19:11:35Z INFO [2068/3239] 5f10f593-9f4e-4ed3-8c7d-1781f95b70f1: does not qualify; 0.9 s; peak memory 4839 MiB.
2026-10-05T19:11:37Z INFO [2069/3239] 5f1260d2-3d85-4560-b5f6-5bc8779515c7: does not qualify; 1.8 s; peak memory 4839 MiB.
2026-10-05T19:11:37Z INFO [2070/3239] 5f133ee9-0abb-4755-af0a-6ef588b6506c: does not qualify; 0.7 s; peak memory 4839 MiB.
2026-10-05T19:11:38Z INFO [2071/3239] 5f139fb9-036b-49b1-bbc4-e952d8376dd2: does not qualify; 0.5 s; peak memory 4839 MiB.
2026-10-05T19:11:44Z INFO [2072/3239] 5f13a222-bb04-4f07-89ce-edc7d58d8897: does not qualify; 5.7 s; peak memory 4839 MiB.
2026-10-05T19:11:47Z INFO [2073/3239] 5f1444d2-98b1-452e-93fb-888a526224ef: does not qualify; 3.4 s; peak memory 4839 MiB.
2026-10-05T19:11:48Z INFO [2074/3239] 5f145c3e-b32f-4e62-b89c-9c461e8193e6: does not qualify; 0.9 s; peak memory 4839 MiB.
2026-10-05T19:11:49Z INFO [2075/3239] 5f14acba-b63c-4662-a2af-599c7b5e7de6: does not qualify; 1.1 s; peak memory 4839 MiB.
2026-10-05T19:11:50Z INFO [2076/3239] 5f153244-0ea6-44e0-b38a-4a02952b29d3: does not qualify; 0.7 s; peak memory 4839 MiB.
2026-10-05T19:11:52Z INFO [2077/3239] 5f15909e-05c3-4c25-bdb6-9383d0d4b5ec: does not qualify; 2.2 s; peak memory 4839 MiB.
2026-10-05T19:11:53Z INFO [2078/3239] 5f15c12b-8fde-4bb6-aa27-78b17c493271: does not qualify; 1.7 s; peak memory 4839 MiB.
2026-10-05T19:11:54Z INFO [2079/3239] 5f15c428-05f8-40be-a17e-16f34577819b: does not qualify; 0.8 s; peak memory 4839 MiB.
2026-10-05T19:11:55Z INFO [2080/3239] 5f17041c-0a9a-4ad8-ac39-e64ca1a47941: does not qualify; 0.5 s; peak memory 4839 MiB.
2026-10-05T19:11:56Z INFO [2081/3239] 5f18fe2e-6b29-4651-afa9-e59838b9e764: does not qualify; 0.8 s; peak memory 4839 MiB.
2026-10-05T19:11:57Z INFO [2082/3239] 5f19afdb-3431-4f0b-b49a-681b5d985bbf: does not qualify; 1.8 s; peak memory 4839 MiB.
2026-10-05T19:11:58Z INFO [2083/3239] 5f19ea02-7131-4d0d-a90a-2182db6762fa: does not qualify; 0.8 s; peak memory 4839 MiB.
2026-10-05T19:11:59Z INFO [2084/3239] 5f1a5d0a-1cf0-4e19-b3ba-3b805de3e0b3: does not qualify; 0.8 s; peak memory 4839 MiB.
2026-10-05T19:12:00Z INFO [2085/3239] 5f1ada56-3b19-4b9d-83cf-bf59caf5e06e: does not qualify; 1.4 s; peak memory 4839 MiB.
2026-10-05T19:12:01Z INFO [2086/3239] 5f1e6374-db34-482a-9414-d88925d2a299: does not qualify; 0.9 s; peak memory 4839 MiB.
2026-10-05T19:12:05Z INFO [2087/3239] 5f1efb1e-8a35-4ec7-8f6c-43e32d5a6dad: does not qualify; 3.3 s; peak memory 4839 MiB.
2026-10-05T19:12:05Z INFO [2088/3239] 5f1f9201-38fc-4c50-8b64-a823a92d0229: does not qualify; 0.7 s; peak memory 4839 MiB.
2026-10-05T19:12:06Z INFO [2089/3239] 5f1fad68-c7ff-4743-9893-aff648e1f8bb: does not qualify; 1.0 s; peak memory 4839 MiB.
2026-10-05T19:12:07Z INFO [2090/3239] 5f203a58-d075-4c49-a4b9-c51a9b17b9c9: does not qualify; 0.6 s; peak memory 4839 MiB.
2026-10-05T19:12:11Z INFO [2091/3239] 5f223420-f9b5-4e84-83be-735d1ea1b94b: does not qualify; 4.5 s; peak memory 4839 MiB.
2026-10-05T19:12:13Z INFO [2092/3239] 5f2251f0-1bae-45cc-89ab-0390a1a97dac: does not qualify; 1.6 s; peak memory 4839 MiB.
2026-10-05T19:12:19Z INFO [2093/3239] 5f24ea59-f5d1-4416-9b43-6c86a126f77b: does not qualify; 5.7 s; peak memory 4839 MiB.
2026-10-05T19:12:20Z INFO [2094/3239] 5f24f518-1519-4ab1-828e-9855db56a871: does not qualify; 1.5 s; peak memory 4839 MiB.
2026-10-05T19:12:21Z INFO [2095/3239] 5f2581a5-6868-4f1f-87c4-e7d85b08a60a: does not qualify; 1.2 s; peak memory 4839 MiB.
2026-10-05T19:12:27Z INFO [2096/3239] 5f258369-9091-438e-93e9-d569b05a6ac8: does not qualify; 5.5 s; peak memory 4839 MiB.
2026-10-05T19:12:27Z INFO [2097/3239] 5f258a45-4a15-4cc9-bed6-5a1459a1932c: does not qualify; 0.5 s; peak memory 4839 MiB.
2026-10-05T19:12:33Z INFO [2098/3239] 5f275862-6be9-43ee-ace6-538e93b501fb: does not qualify; 5.6 s; peak memory 4839 MiB.
2026-10-05T19:12:35Z INFO [2099/3239] 5f2764e3-feb0-4dd6-86de-9e6803d5e01a: does not qualify; 1.5 s; peak memory 4839 MiB.
2026-10-05T19:12:36Z INFO [2100/3239] 5f285e43-0952-459f-ab4a-5eeb1b87cbea: does not qualify; 1.0 s; peak memory 4839 MiB.
2026-10-05T19:12:36Z INFO [2100/3239] 5f285e43-0952-459f-ab4a-5eeb1b87cbea: checkpointed 74243 records.
2026-10-05T19:12:37Z INFO [2101/3239] 5f295061-7641-4bcc-b252-571f976c52d2: does not qualify; 1.6 s; peak memory 4839 MiB.
2026-10-05T19:12:38Z INFO [2102/3239] 5f29b349-4888-44bc-b7b8-8b1e53fc5aac: does not qualify; 0.9 s; peak memory 4839 MiB.
2026-10-05T19:12:39Z INFO [2103/3239] 5f29da35-c38e-43ec-be7b-e42169fc6c64: does not qualify; 1.0 s; peak memory 4839 MiB.
2026-10-05T19:12:44Z INFO [2104/3239] 5f2ac088-a37d-4449-bd7f-e3a58cf39e75: does not qualify; 4.3 s; peak memory 4839 MiB.
2026-10-05T19:12:45Z INFO [2105/3239] 5f2b0d39-b45e-4396-a5d2-5a981335b929: does not qualify; 1.5 s; peak memory 4839 MiB.
2026-10-05T19:12:46Z INFO [2106/3239] 5f2b3e0c-6785-4219-abf7-c4009e6afefd: does not qualify; 1.0 s; peak memory 4839 MiB.
2026-10-05T19:12:52Z INFO [2107/3239] 5f2bbfa7-c474-48f5-be37-c704aa4f29a3: does not qualify; 6.3 s; peak memory 4839 MiB.
2026-10-05T19:12:59Z INFO [2108/3239] 5f2bcb92-316e-41c3-ae1f-730feeb3989e: does not qualify; 6.4 s; peak memory 4839 MiB.
2026-10-05T19:13:00Z INFO [2109/3239] 5f2c089e-5742-4854-993a-6b3be0afc585: does not qualify; 1.1 s; peak memory 4839 MiB.
2026-10-05T19:13:02Z INFO [2110/3239] 5f2c4501-6c9b-473e-8e82-af61ecc6ba46: does not qualify; 2.1 s; peak memory 4839 MiB.
2026-10-05T19:13:03Z INFO [2111/3239] 5f2cf4da-0d56-490f-aaf9-8829f00d24d4: does not qualify; 1.0 s; peak memory 4839 MiB.
2026-10-05T19:13:04Z INFO [2112/3239] 5f2d82b1-085c-47f6-9d6f-d39114f8404d: does not qualify; 1.3 s; peak memory 4839 MiB.
2026-10-05T19:13:05Z INFO [2113/3239] 5f2ebcf5-c6d7-4725-a1ee-3332f1fb5c31: does not qualify; 0.5 s; peak memory 4839 MiB.
2026-10-05T19:13:06Z INFO [2114/3239] 5f2ee6fa-1ff0-4c93-9264-c18f72dc8652: does not qualify; 1.0 s; peak memory 4839 MiB.
2026-10-05T19:13:08Z INFO [2115/3239] 5f2f476e-ba6d-4d08-ae15-3ed1dccf4fd2: does not qualify; 2.3 s; peak memory 4839 MiB.
2026-10-05T19:13:12Z INFO [2116/3239] 5f2f5a73-18d4-46cd-98e0-27282bceeb5f: does not qualify; 3.8 s; peak memory 4839 MiB.
2026-10-05T19:13:13Z INFO [2117/3239] 5f2fe32e-d490-4f2a-bcfc-b4de98ae6382: does not qualify; 0.8 s; peak memory 4839 MiB.
2026-10-05T19:13:20Z INFO [2118/3239] 5f3034eb-ba12-45a8-b09b-e327c8d89461: does not qualify; 7.7 s; peak memory 4839 MiB.
2026-10-05T19:13:22Z INFO [2119/3239] 5f306074-b436-4823-b48b-3ae498275063: does not qualify; 1.9 s; peak memory 4839 MiB.
2026-10-05T19:13:24Z INFO [2120/3239] 5f308143-8a5a-4252-b1f9-81248f26b3fa: does not qualify; 1.7 s; peak memory 4839 MiB.
2026-10-05T19:13:25Z INFO [2121/3239] 5f30af08-72b2-42fe-abc9-39957e85a0ca: does not qualify; 0.9 s; peak memory 4839 MiB.
2026-10-05T19:13:26Z INFO [2122/3239] 5f31d70b-1aed-4a6b-8bf4-8581017ed8c8: does not qualify; 0.7 s; peak memory 4839 MiB.
2026-10-05T19:13:27Z INFO [2123/3239] 5f31e5bd-501c-46a8-a3ff-01227210d316: does not qualify; 1.3 s; peak memory 4839 MiB.
2026-10-05T19:13:32Z INFO [2124/3239] 5f320a11-266b-4c17-8a56-210efe89f756: does not qualify; 5.5 s; peak memory 4839 MiB.
2026-10-05T19:13:33Z INFO [2125/3239] 5f324e95-b8fb-4a2a-ada6-95fde8a9b3fa: does not qualify; 0.8 s; peak memory 4839 MiB.
2026-10-05T19:13:34Z INFO [2126/3239] 5f32a52b-5709-4bb0-b077-463a3fdaf4d4: does not qualify; 0.5 s; peak memory 4839 MiB.
2026-10-05T19:13:35Z INFO [2127/3239] 5f32ad2b-6e90-4d6e-a9e0-c71f6c34a969: does not qualify; 0.9 s; peak memory 4839 MiB.
2026-10-05T19:13:35Z INFO [2128/3239] 5f32b77b-6ec1-44f9-ba7e-2ff762105a24: does not qualify; 0.9 s; peak memory 4839 MiB.
2026-10-05T19:13:36Z INFO [2129/3239] 5f32e0a6-e44c-4ede-a500-568554933fec: does not qualify; 1.0 s; peak memory 4839 MiB.
2026-10-05T19:13:37Z INFO [2130/3239] 5f32ffd2-237e-4ee8-85d4-c89156d55647: does not qualify; 0.9 s; peak memory 4839 MiB.
2026-10-05T19:13:38Z INFO [2131/3239] 5f332a0b-e1fd-4f52-a024-0ad60a5d18df: does not qualify; 0.8 s; peak memory 4839 MiB.
2026-10-05T19:13:39Z INFO [2132/3239] 5f33c26b-fb79-424d-94ab-aa96881c1829: does not qualify; 0.8 s; peak memory 4839 MiB.
2026-10-05T19:13:40Z INFO [2133/3239] 5f352835-c6f4-4931-be83-41d7de804338: does not qualify; 0.8 s; peak memory 4839 MiB.
2026-10-05T19:13:43Z INFO [2134/3239] 5f35635d-363d-4689-b2a6-964ee066e3fb: does not qualify; 3.4 s; peak memory 4839 MiB.
2026-10-05T19:13:44Z INFO [2135/3239] 5f3579a9-2beb-491f-9b06-8e823977b8d3: does not qualify; 0.8 s; peak memory 4839 MiB.
2026-10-05T19:13:45Z INFO [2136/3239] 5f35a1a6-063e-4603-b302-ce7cdb334937: does not qualify; 1.1 s; peak memory 4839 MiB.
2026-10-05T19:13:47Z INFO [2137/3239] 5f35b39d-5c8f-411a-8069-f2f01c0980b5: does not qualify; 1.6 s; peak memory 4839 MiB.
2026-10-05T19:13:56Z INFO [2138/3239] 5f35d277-f42a-44f1-bcae-c55f5b932169: does not qualify; 9.5 s; peak memory 4839 MiB.
2026-10-05T19:13:58Z INFO [2139/3239] 5f35e517-be6a-4355-b14b-cf07d8e8be36: does not qualify; 1.6 s; peak memory 4839 MiB.
2026-10-05T19:13:58Z INFO [2140/3239] 5f36a14b-b6cb-4e1d-a7dd-af24b519a07c: does not qualify; 0.7 s; peak memory 4839 MiB.
2026-10-05T19:13:59Z INFO [2141/3239] 5f36bbdd-c8ce-4967-9457-6e99418a2fe5: does not qualify; 0.5 s; peak memory 4839 MiB.
2026-10-05T19:14:00Z INFO [2142/3239] 5f36f703-2124-4e82-9848-7470b14bfa33: does not qualify; 0.9 s; peak memory 4839 MiB.
2026-10-05T19:14:06Z INFO [2143/3239] 5f37fec1-33c4-4dbc-b4d3-0beb694bf777: does not qualify; 5.9 s; peak memory 4839 MiB.
2026-10-05T19:14:06Z INFO [2144/3239] 5f380063-1c71-44af-ab09-9bf582d8803e: does not qualify; 0.6 s; peak memory 4839 MiB.
2026-10-05T19:14:07Z INFO [2145/3239] 5f380798-9a8e-4bc1-90c3-68b77c3a9178: does not qualify; 0.6 s; peak memory 4839 MiB.
2026-10-05T19:14:13Z INFO [2146/3239] 5f3866f5-ccac-4a8b-b248-094aa2f5d888: does not qualify; 6.1 s; peak memory 4839 MiB.
2026-10-05T19:14:14Z INFO [2147/3239] 5f3879d3-a87b-4145-bc5b-5982be66a17b: does not qualify; 1.0 s; peak memory 4839 MiB.
2026-10-05T19:14:17Z INFO [2148/3239] 5f38cd11-23d5-4565-8df2-9ec8b292d8df: does not qualify; 3.4 s; peak memory 4839 MiB.
2026-10-05T19:14:23Z INFO [2149/3239] 5f394a95-82bc-41a9-863b-895aebcf6647: does not qualify; 5.5 s; peak memory 4839 MiB.
2026-10-05T19:14:24Z INFO [2150/3239] 5f39a6e9-4329-43ca-a055-45f60c902218: does not qualify; 0.9 s; peak memory 4839 MiB.
2026-10-05T19:14:24Z INFO [2150/3239] 5f39a6e9-4329-43ca-a055-45f60c902218: checkpointed 74293 records.
2026-10-05T19:14:25Z INFO [2151/3239] 5f39efb5-316e-4c5b-896c-a19ad1f9a832: does not qualify; 0.5 s; peak memory 4839 MiB.
2026-10-05T19:14:25Z INFO [2152/3239] 5f3a4922-b028-4a58-9190-ebc50f1547cf: does not qualify; 0.8 s; peak memory 4839 MiB.
2026-10-05T19:14:26Z INFO [2153/3239] 5f3a495a-5dd9-4fe8-847e-ebf0d9a46830: does not qualify; 1.0 s; peak memory 4839 MiB.
2026-10-05T19:14:27Z INFO [2154/3239] 5f3a5688-fd0d-4b9f-a752-0aac3d133418: does not qualify; 0.9 s; peak memory 4839 MiB.
2026-10-05T19:14:28Z INFO [2155/3239] 5f3abc0f-0887-46cd-9729-2ddb13655f5b: does not qualify; 0.6 s; peak memory 4839 MiB.
2026-10-05T19:14:29Z INFO [2156/3239] 5f3b1e22-9f4b-420a-a379-ba133a535b0c: does not qualify; 1.7 s; peak memory 4839 MiB.
2026-10-05T19:14:30Z INFO [2157/3239] 5f3b47a9-61ee-46ab-b066-9c16d03333ae: does not qualify; 0.7 s; peak memory 4839 MiB.
2026-10-05T19:14:31Z INFO [2158/3239] 5f3c1d23-0db2-4b68-b593-32c612c5dd62: does not qualify; 0.9 s; peak memory 4839 MiB.
2026-10-05T19:14:32Z INFO [2159/3239] 5f3c80fe-6bae-4bc4-a325-730b34e91496: does not qualify; 1.2 s; peak memory 4839 MiB.
2026-10-05T19:14:33Z INFO [2160/3239] 5f3cc76e-1f37-433c-9fff-b9bc918e14f7: does not qualify; 0.4 s; peak memory 4839 MiB.
2026-10-05T19:14:34Z INFO [2161/3239] 5f3cd375-230a-4dfe-b0b2-affa72d60aba: does not qualify; 1.3 s; peak memory 4839 MiB.
2026-10-05T19:14:35Z INFO [2162/3239] 5f3e9461-d47a-4a3d-81af-df48c56890f6: does not qualify; 0.6 s; peak memory 4839 MiB.
2026-10-05T19:14:35Z INFO [2163/3239] 5f3f9a5a-be00-46ac-aa38-0d1ce62abdf6: does not qualify; 0.5 s; peak memory 4839 MiB.
2026-10-05T19:14:35Z INFO [2164/3239] 5f3fb669-b1ff-4bf8-94b5-4615924fe8c7: does not qualify; 0.4 s; peak memory 4839 MiB.
2026-10-05T19:14:37Z INFO [2165/3239] 5f3fe7e6-d98a-4ad3-9112-8a07cdc3cc2a: does not qualify; 1.4 s; peak memory 4839 MiB.
2026-10-05T19:14:38Z INFO [2166/3239] 5f405924-0688-454e-bf39-9d8491b12531: does not qualify; 0.8 s; peak memory 4839 MiB.
2026-10-05T19:14:40Z INFO [2167/3239] 5f40b607-cac9-4b38-ba34-7a3e6050c0cf: does not qualify; 2.7 s; peak memory 4839 MiB.
2026-10-05T19:14:41Z INFO [2168/3239] 5f41670b-89dc-457c-b855-d63839e112a6: does not qualify; 0.9 s; peak memory 4839 MiB.
2026-10-05T19:14:42Z INFO [2169/3239] 5f419c42-7592-4dec-9385-ab04cbfdf9ab: does not qualify; 1.0 s; peak memory 4839 MiB.
2026-10-05T19:14:43Z INFO [2170/3239] 5f423855-4ee5-407b-b063-43e0ded77314: does not qualify; 0.6 s; peak memory 4839 MiB.
2026-10-05T19:14:43Z INFO [2171/3239] 5f4290e5-8084-46a8-bfd6-c8ac9207b2ef: does not qualify; 0.4 s; peak memory 4839 MiB.
2026-10-05T19:14:44Z INFO [2172/3239] 5f4363ff-c7b6-4058-b155-fcb3f574a8a5: does not qualify; 0.7 s; peak memory 4839 MiB.
2026-10-05T19:14:49Z INFO [2173/3239] 5f43e47f-f788-46f2-b06b-439b52b4abf3: does not qualify; 4.8 s; peak memory 4839 MiB.
2026-10-05T19:14:50Z INFO [2174/3239] 5f443b89-a8a8-4e59-8ff7-5d07a7bae0d2: does not qualify; 0.9 s; peak memory 4839 MiB.
2026-10-05T19:14:54Z INFO [2175/3239] 5f446419-292f-49ff-b510-c140cc6caa23: does not qualify; 4.4 s; peak memory 4839 MiB.
2026-10-05T19:14:55Z INFO [2176/3239] 5f4586a9-1219-4667-aa0b-0ff938afcdc6: does not qualify; 0.7 s; peak memory 4839 MiB.
2026-10-05T19:14:56Z INFO [2177/3239] 5f4728a9-928c-46ef-8a7c-12ece2390c04: does not qualify; 0.9 s; peak memory 4839 MiB.
2026-10-05T19:14:57Z INFO [2178/3239] 5f47e7da-bbaa-4833-bb96-5adb3664edf1: does not qualify; 1.0 s; peak memory 4839 MiB.
2026-10-05T19:14:58Z INFO [2179/3239] 5f480065-77ac-401b-b11e-3a37c982927d: does not qualify; 0.8 s; peak memory 4839 MiB.
2026-10-05T19:14:58Z INFO [2180/3239] 5f48179c-576a-457b-b5bb-ad4889ba08cc: does not qualify; 0.9 s; peak memory 4839 MiB.
2026-10-05T19:14:59Z INFO [2181/3239] 5f48b58a-0d87-4d5f-9df6-d56d3cff9801: does not qualify; 0.7 s; peak memory 4839 MiB.
2026-10-05T19:15:00Z INFO [2182/3239] 5f48dc8e-324b-4b2e-a3ec-9c14aebe7524: does not qualify; 1.0 s; peak memory 4839 MiB.
2026-10-05T19:15:01Z INFO [2183/3239] 5f49de55-e3cf-4c9b-971c-5e47c9ae2c23: does not qualify; 0.8 s; peak memory 4839 MiB.
2026-10-05T19:15:03Z INFO [2184/3239] 5f4c537b-61ab-47b7-8f6c-e90a719835c2: does not qualify; 1.9 s; peak memory 4839 MiB.
2026-10-05T19:15:05Z INFO [2185/3239] 5f4cb49c-e437-406e-829d-0b8afad3e833: does not qualify; 1.6 s; peak memory 4839 MiB.
2026-10-05T19:15:05Z INFO [2186/3239] 5f4ce1a9-a5fe-4ed6-8cf8-b171039c10be: does not qualify; 0.7 s; peak memory 4839 MiB.
2026-10-05T19:15:09Z INFO [2187/3239] 5f4cf723-7ae3-4178-b197-fe4ff1a340ce: does not qualify; 4.1 s; peak memory 4839 MiB.
2026-10-05T19:15:10Z INFO [2188/3239] 5f4d701b-02be-4c49-b27d-d820470c6b42: does not qualify; 0.9 s; peak memory 4839 MiB.
2026-10-05T19:15:11Z INFO [2189/3239] 5f4d9a43-a467-4999-b8d5-fe1741507bc2: does not qualify; 0.8 s; peak memory 4839 MiB.
2026-10-05T19:15:12Z INFO [2190/3239] 5f4e7c39-2711-4d8c-874f-f0551e3620fc: does not qualify; 1.3 s; peak memory 4839 MiB.
2026-10-05T19:15:15Z INFO [2191/3239] 5f4fed54-d03c-45ed-ad19-5448cbffa46d: does not qualify; 2.2 s; peak memory 4839 MiB.
2026-10-05T19:15:15Z INFO [2192/3239] 5f5126e3-196b-45c2-8ef9-f36c58a67497: does not qualify; 0.7 s; peak memory 4839 MiB.
2026-10-05T19:15:50Z INFO [2193/3239] 5f518f65-d329-4d94-8d12-cfcd43d77f2f: does not qualify; 35.0 s; peak memory 4839 MiB.
2026-10-05T19:15:54Z INFO [2194/3239] 5f51df6b-04b9-4850-8080-4daa96871288: does not qualify; 3.3 s; peak memory 4839 MiB.
2026-10-05T19:15:55Z INFO [2195/3239] 5f51ef79-eb44-4736-b77b-b5d8932f3f4f: does not qualify; 1.0 s; peak memory 4839 MiB.
2026-10-05T19:15:56Z INFO [2196/3239] 5f51f394-39ba-463f-bb1f-c8baca4d037c: does not qualify; 1.6 s; peak memory 4839 MiB.
2026-10-05T19:15:58Z INFO [2197/3239] 5f520ba6-6ee3-4f3c-885e-c90e1d4b40b7: does not qualify; 2.1 s; peak memory 4839 MiB.
2026-10-05T19:15:59Z INFO [2198/3239] 5f5360e9-d98b-4226-aae6-aa51c8635a06: does not qualify; 0.9 s; peak memory 4839 MiB.
2026-10-05T19:16:00Z INFO [2199/3239] 5f53dce3-8e0c-4ca5-9760-40077ce221d2: does not qualify; 0.8 s; peak memory 4839 MiB.
2026-10-05T19:16:02Z INFO [2200/3239] 5f541551-b241-4a8c-a11d-3118fcf04adc: does not qualify; 1.7 s; peak memory 4839 MiB.
2026-10-05T19:16:02Z INFO [2200/3239] 5f541551-b241-4a8c-a11d-3118fcf04adc: checkpointed 74343 records.
2026-10-05T19:16:08Z INFO [2201/3239] 5f545e0b-26cd-4178-8a51-12e1ff7f6cad: does not qualify; 6.0 s; peak memory 4839 MiB.
2026-10-05T19:16:09Z INFO [2202/3239] 5f5576b2-a3a2-4d44-a47c-e0ac8cb43f11: does not qualify; 1.7 s; peak memory 4839 MiB.
2026-10-05T19:16:10Z INFO [2203/3239] 5f5581c2-a42b-4943-a727-c2a806148ccf: does not qualify; 0.7 s; peak memory 4839 MiB.
2026-10-05T19:16:11Z INFO [2204/3239] 5f567b8c-5f98-46aa-b657-e1147bcf240e: does not qualify; 1.0 s; peak memory 4839 MiB.
2026-10-05T19:16:16Z INFO [2205/3239] 5f56c25e-4dc0-4eaf-95f5-08e6b7b5dcf1: does not qualify; 4.5 s; peak memory 4839 MiB.
2026-10-05T19:16:17Z INFO [2206/3239] 5f57ca87-a723-4308-8e06-55e0c375a7d5: does not qualify; 1.1 s; peak memory 4839 MiB.
2026-10-05T19:16:17Z INFO [2207/3239] 5f58080e-12b8-4619-af7e-dcb73784bbf6: does not qualify; 0.7 s; peak memory 4839 MiB.
2026-10-05T19:16:18Z INFO [2208/3239] 5f58267d-9e70-4acf-8944-9117248a7797: does not qualify; 0.9 s; peak memory 4839 MiB.
2026-10-05T19:16:19Z INFO [2209/3239] 5f58f34a-8522-44a3-8a16-075bb3468287: does not qualify; 0.9 s; peak memory 4839 MiB.
2026-10-05T19:16:20Z INFO [2210/3239] 5f5a3198-f9c6-4170-adb3-6ec4bcdac4cf: does not qualify; 0.4 s; peak memory 4839 MiB.
2026-10-05T19:16:21Z INFO [2211/3239] 5f5cb0f4-5d71-45b4-9fcb-4cf4f0c8522d: does not qualify; 1.0 s; peak memory 4839 MiB.
2026-10-05T19:16:35Z INFO [2212/3239] 5f5d1ffb-1e71-41c6-8db9-2ada08f3ac2d: does not qualify; 14.7 s; peak memory 4839 MiB.
2026-10-05T19:16:39Z INFO [2213/3239] 5f5d3183-fb35-4fa9-bcee-43d70f78a716: does not qualify; 3.1 s; peak memory 4839 MiB.
2026-10-05T19:16:39Z INFO [2214/3239] 5f5d7907-700f-4bac-a299-c341d1d85daa: does not qualify; 0.5 s; peak memory 4839 MiB.
2026-10-05T19:16:43Z INFO [2215/3239] 5f5da022-292b-4bb2-be8d-b23d350b195c: does not qualify; 3.5 s; peak memory 4839 MiB.
2026-10-05T19:16:43Z INFO [2216/3239] 5f5df3e5-5696-435c-9ffb-bb3aae715b8a: does not qualify; 0.8 s; peak memory 4839 MiB.
2026-10-05T19:16:45Z INFO [2217/3239] 5f5e493f-7185-4ad0-be4a-19e1ebfdaa70: does not qualify; 1.8 s; peak memory 4839 MiB.
2026-10-05T19:17:02Z INFO [2218/3239] 5f5e7fb8-1a77-4066-bf9e-77e6571521ce: does not qualify; 16.4 s; peak memory 4839 MiB.
2026-10-05T19:17:07Z INFO [2219/3239] 5f5ef344-7ce9-41ed-a418-2d59a9820e14: does not qualify; 5.7 s; peak memory 4839 MiB.
2026-10-05T19:17:08Z INFO [2220/3239] 5f5f6172-928a-4d09-9180-048d76c32777: does not qualify; 1.0 s; peak memory 4839 MiB.
2026-10-05T19:17:10Z INFO [2221/3239] 5f60d30e-a7a7-4dfa-a32e-2048c1bb989a: does not qualify; 2.1 s; peak memory 4839 MiB.
2026-10-05T19:17:11Z INFO [2222/3239] 5f62451d-8add-4b39-8f03-cca79c0c4d53: does not qualify; 0.9 s; peak memory 4839 MiB.
2026-10-05T19:17:48Z INFO [2223/3239] 5f625ab1-f4b7-4108-904a-0ce0346e8a70: does not qualify; 36.7 s; peak memory 4839 MiB.
2026-10-05T19:17:52Z INFO [2224/3239] 5f627d1f-71f4-4ea0-866a-ac7c427d3723: does not qualify; 3.8 s; peak memory 4839 MiB.
2026-10-05T19:17:53Z INFO [2225/3239] 5f628a09-1f0c-4005-8d74-3d497787a699: does not qualify; 1.6 s; peak memory 4839 MiB.
2026-10-05T19:17:54Z INFO [2226/3239] 5f630a90-d6dc-48c1-a94f-c8c49a236fe8: does not qualify; 0.7 s; peak memory 4839 MiB.
2026-10-05T19:17:55Z INFO [2227/3239] 5f636ee2-3aa3-4fce-a6d1-84bb1c6dc5e3: does not qualify; 0.6 s; peak memory 4839 MiB.
2026-10-05T19:17:55Z INFO [2228/3239] 5f63b6f0-11d6-4c4d-bf05-977cfb7cd876: does not qualify; 0.7 s; peak memory 4839 MiB.
2026-10-05T19:17:57Z INFO [2229/3239] 5f6417c5-f340-4f06-8493-f7f1368824c6: does not qualify; 1.2 s; peak memory 4839 MiB.
2026-10-05T19:17:58Z INFO [2230/3239] 5f64353c-c840-4bdb-97c2-199a5e8fa7a6: does not qualify; 1.2 s; peak memory 4839 MiB.
2026-10-05T19:18:00Z INFO [2231/3239] 5f648186-bdc4-4bf4-9914-f67a7b61251c: does not qualify; 1.9 s; peak memory 4839 MiB.
2026-10-05T19:18:00Z INFO [2232/3239] 5f64c7af-251d-4159-a0fc-635927e747bd: does not qualify; 0.6 s; peak memory 4839 MiB.
2026-10-05T19:18:04Z INFO [2233/3239] 5f65c121-6683-4222-b36a-8f15491f5f59: does not qualify; 3.5 s; peak memory 4839 MiB.
2026-10-05T19:18:05Z INFO [2234/3239] 5f65d6d3-a94d-4b89-ad15-e4f92551332e: does not qualify; 0.9 s; peak memory 4839 MiB.
2026-10-05T19:18:07Z INFO [2235/3239] 5f6601d3-cc99-474d-9de3-331a7b6a3825: does not qualify; 2.5 s; peak memory 4839 MiB.
2026-10-05T19:18:08Z INFO [2236/3239] 5f66abae-e5a0-447c-b720-7ae1d4f6fec8: does not qualify; 1.1 s; peak memory 4839 MiB.
2026-10-05T19:18:09Z INFO [2237/3239] 5f670b63-83ea-425b-933f-38ace74d14cb: does not qualify; 0.7 s; peak memory 4839 MiB.
2026-10-05T19:18:10Z INFO [2238/3239] 5f673859-d2e4-44c9-9837-e93c358d4bd9: does not qualify; 1.0 s; peak memory 4839 MiB.
2026-10-05T19:18:10Z INFO [2239/3239] 5f676847-7ee3-422e-b1d7-64a5baf08aa4: does not qualify; 0.5 s; peak memory 4839 MiB.
2026-10-05T19:18:12Z INFO [2240/3239] 5f68359f-461a-49e1-87e9-86b3fc565b84: does not qualify; 1.5 s; peak memory 4839 MiB.
2026-10-05T19:18:14Z INFO [2241/3239] 5f689acc-7112-4fd2-884f-5eb34dd440a8: does not qualify; 2.0 s; peak memory 4839 MiB.
2026-10-05T19:18:17Z INFO [2242/3239] 5f68e6a2-ba31-4e76-881d-c9a6e8adda20: does not qualify; 3.1 s; peak memory 4839 MiB.
2026-10-05T19:18:18Z INFO [2243/3239] 5f6975eb-f27b-499a-8563-4b3b1a0e1d09: does not qualify; 0.8 s; peak memory 4839 MiB.
2026-10-05T19:18:20Z INFO [2244/3239] 5f69df49-c282-46ef-b68e-60c44621d0ae: does not qualify; 1.9 s; peak memory 4839 MiB.
2026-10-05T19:18:20Z INFO [2245/3239] 5f6b333a-5e51-4285-845d-2a49e3d0e0d2: does not qualify; 0.7 s; peak memory 4839 MiB.
2026-10-05T19:18:26Z INFO [2246/3239] 5f6bbdc8-9f7e-4a6d-af59-504bdb23ae32: does not qualify; 6.0 s; peak memory 4839 MiB.
2026-10-05T19:18:27Z INFO [2247/3239] 5f6bfb8e-74a8-427a-8e13-edf2be848026: does not qualify; 1.0 s; peak memory 4839 MiB.
2026-10-05T19:18:29Z INFO [2248/3239] 5f6cbd12-22e9-4f82-8eea-97a5939c7c25: does not qualify; 2.1 s; peak memory 4839 MiB.
2026-10-05T19:18:30Z INFO [2249/3239] 5f6d2d42-a810-4007-a560-a8c3fd27ccee: does not qualify; 0.9 s; peak memory 4839 MiB.
2026-10-05T19:18:31Z INFO [2250/3239] 5f6d60fe-0b58-42b9-a67d-f7fdb8f935ae: does not qualify; 0.8 s; peak memory 4839 MiB.
2026-10-05T19:18:31Z INFO [2250/3239] 5f6d60fe-0b58-42b9-a67d-f7fdb8f935ae: checkpointed 74393 records.
2026-10-05T19:18:32Z INFO [2251/3239] 5f6dabd3-15fb-4a21-945f-a3531ab54983: does not qualify; 1.0 s; peak memory 4839 MiB.
2026-10-05T19:18:33Z INFO [2252/3239] 5f6dadcc-27e9-4491-a847-d845605c1d53: does not qualify; 0.9 s; peak memory 4839 MiB.
2026-10-05T19:18:34Z INFO [2253/3239] 5f6f0bcc-d4ba-4fde-8c19-119979115be2: does not qualify; 0.8 s; peak memory 4839 MiB.
2026-10-05T19:18:35Z INFO [2254/3239] 5f6fa03e-7d94-4ebd-864f-d7f8611b2519: does not qualify; 0.9 s; peak memory 4839 MiB.
2026-10-05T19:18:36Z INFO [2255/3239] 5f6fa2d0-8a37-4dee-bfd4-bb6fcab65629: does not qualify; 0.7 s; peak memory 4839 MiB.
2026-10-05T19:18:36Z INFO [2256/3239] 5f6fdc27-290d-426e-83c8-4b07d3e2dfa8: does not qualify; 0.8 s; peak memory 4839 MiB.
2026-10-05T19:18:38Z INFO [2257/3239] 5f6ffcd0-ae04-45d1-98fa-a06f4dc76aeb: does not qualify; 1.4 s; peak memory 4839 MiB.
2026-10-05T19:18:39Z INFO [2258/3239] 5f716379-2527-4b7a-895f-7be09b4e5161: does not qualify; 0.9 s; peak memory 4839 MiB.
2026-10-05T19:18:39Z INFO [2259/3239] 5f718e11-f419-4ad0-ba64-93caf311c606: does not qualify; 0.7 s; peak memory 4839 MiB.
2026-10-05T19:18:40Z INFO [2260/3239] 5f71964b-af55-4541-bbaf-afa08a1ffd6d: does not qualify; 0.5 s; peak memory 4839 MiB.
2026-10-05T19:18:41Z INFO [2261/3239] 5f724014-2aa6-49c7-94bb-b3b309fce7dd: does not qualify; 0.8 s; peak memory 4839 MiB.
2026-10-05T19:18:42Z INFO [2262/3239] 5f72b400-2e0c-4b46-b5d0-6c02a87f3447: does not qualify; 1.5 s; peak memory 4839 MiB.
2026-10-05T19:18:43Z INFO [2263/3239] 5f72f4ba-997b-4475-ba15-664d8807c958: does not qualify; 1.1 s; peak memory 4839 MiB.
2026-10-05T19:18:44Z INFO [2264/3239] 5f736fb5-69c0-454a-8281-e3d141b212aa: does not qualify; 0.8 s; peak memory 4839 MiB.
2026-10-05T19:18:45Z INFO [2265/3239] 5f73d7d5-f2f9-4031-8b09-325b2a8cff00: does not qualify; 1.0 s; peak memory 4839 MiB.
2026-10-05T19:18:47Z INFO [2266/3239] 5f74384d-7365-4c08-bd35-306746349921: does not qualify; 2.0 s; peak memory 4839 MiB.
2026-10-05T19:18:48Z INFO [2267/3239] 5f750b8c-e856-45bb-8f23-1d79840b9026: does not qualify; 0.9 s; peak memory 4839 MiB.
2026-10-05T19:18:50Z INFO [2268/3239] 5f759ab5-049c-4722-b9bb-2dc9eac69fef: does not qualify; 1.8 s; peak memory 4839 MiB.
2026-10-05T19:18:52Z INFO [2269/3239] 5f763d57-631f-4918-95dc-b00f31c96b1f: does not qualify; 2.4 s; peak memory 4839 MiB.
2026-10-05T19:18:59Z INFO [2270/3239] 5f76e37f-01c5-4041-8c0e-f6bd9609972c: does not qualify; 6.7 s; peak memory 4839 MiB.
2026-10-05T19:18:59Z INFO [2271/3239] 5f774d77-d812-42a8-bce1-77264c24bb5c: does not qualify; 0.8 s; peak memory 4839 MiB.
2026-10-05T19:19:06Z INFO [2272/3239] 5f78d814-7b2b-4de7-956f-768d0a99aee4: does not qualify; 6.7 s; peak memory 4839 MiB.
2026-10-05T19:19:07Z INFO [2273/3239] 5f7b2544-32f8-4e5b-9da1-39c71df893e3: does not qualify; 0.9 s; peak memory 4839 MiB.
2026-10-05T19:19:08Z INFO [2274/3239] 5f7bb1e5-a130-4640-95fa-1b830b90026d: does not qualify; 1.3 s; peak memory 4839 MiB.
2026-10-05T19:19:11Z INFO [2275/3239] 5f7c1cb4-2456-443a-9311-663ea6350eb9: does not qualify; 2.4 s; peak memory 4839 MiB.
2026-10-05T19:19:12Z INFO [2276/3239] 5f7d0cba-fbb3-406f-ad9f-b58ceeeed05f: qualifies; 1.1 s; peak memory 4839 MiB.
2026-10-05T19:19:13Z INFO [2277/3239] 5f7d5e8c-ee1c-49bd-a27a-af98a5d1bcd9: does not qualify; 0.8 s; peak memory 4839 MiB.
2026-10-05T19:19:16Z INFO [2278/3239] 5f7dda19-2e4d-4637-8512-b3b853f8e059: does not qualify; 3.1 s; peak memory 4839 MiB.
2026-10-05T19:19:17Z INFO [2279/3239] 5f7e327c-b0f8-4295-9e59-60865d7500b3: does not qualify; 1.0 s; peak memory 4839 MiB.
2026-10-05T19:19:19Z INFO [2280/3239] 5f80d21f-e08e-49bf-91b2-5c916b69545e: qualifies; 2.1 s; peak memory 4839 MiB.
2026-10-05T19:19:20Z INFO [2281/3239] 5f80f0a4-4535-43f0-8fcb-7c5c3986ea29: does not qualify; 0.9 s; peak memory 4839 MiB.
2026-10-05T19:19:21Z INFO [2282/3239] 5f817a10-84d8-4975-97ae-49a1be83f5de: does not qualify; 0.9 s; peak memory 4839 MiB.
2026-10-05T19:19:22Z INFO [2283/3239] 5f826bc2-aba8-43cb-9df3-cfedaf5abc3c: does not qualify; 1.0 s; peak memory 4839 MiB.
2026-10-05T19:19:25Z INFO [2284/3239] 5f82a496-fee3-49d7-8696-68036e7e7814: does not qualify; 3.3 s; peak memory 4839 MiB.
2026-10-05T19:19:29Z INFO [2285/3239] 5f837e50-838a-4abd-82af-887a4a89cc8b: does not qualify; 3.6 s; peak memory 4839 MiB.
2026-10-05T19:19:32Z INFO [2286/3239] 5f848fb0-a312-4ac6-a916-162127d1e6f1: does not qualify; 3.9 s; peak memory 4839 MiB.
2026-10-05T19:19:35Z INFO [2287/3239] 5f84b216-9ccd-46fd-b6aa-4bdaf3774f35: does not qualify; 2.3 s; peak memory 4839 MiB.
2026-10-05T19:19:36Z INFO [2288/3239] 5f84dee6-35ad-40cf-be0d-c626023636c7: does not qualify; 0.9 s; peak memory 4839 MiB.
2026-10-05T19:19:36Z INFO [2289/3239] 5f856360-bf85-47fc-98db-6b34ce79ee47: does not qualify; 0.8 s; peak memory 4839 MiB.
2026-10-05T19:19:43Z INFO [2290/3239] 5f868568-53a8-4298-8d40-ba85fc9364b9: does not qualify; 6.3 s; peak memory 4839 MiB.
2026-10-05T19:19:44Z INFO [2291/3239] 5f86aabc-24f5-47f7-b91d-5b87a2e7a863: does not qualify; 1.3 s; peak memory 4839 MiB.
2026-10-05T19:19:45Z INFO [2292/3239] 5f8769c9-efe4-4b53-b88f-95eec6107e4a: does not qualify; 0.7 s; peak memory 4839 MiB.
2026-10-05T19:19:51Z INFO [2293/3239] 5f878b34-3b70-4e9f-b420-a7a429a0ca5a: does not qualify; 6.3 s; peak memory 4839 MiB.
2026-10-05T19:19:52Z INFO [2294/3239] 5f87b52a-f3a5-450d-8267-4f5cd2485071: does not qualify; 0.9 s; peak memory 4839 MiB.
2026-10-05T19:19:54Z INFO [2295/3239] 5f88c7f2-d29f-4bc2-adf7-5378c2e5f642: does not qualify; 2.0 s; peak memory 4839 MiB.
2026-10-05T19:19:55Z INFO [2296/3239] 5f896e16-b356-44d7-8dca-3e3a9b1f8a00: does not qualify; 0.8 s; peak memory 4839 MiB.
2026-10-05T19:19:55Z INFO [2297/3239] 5f8a4d98-48a5-4635-930c-8796eb2c7f69: does not qualify; 0.6 s; peak memory 4839 MiB.
2026-10-05T19:19:58Z INFO [2298/3239] 5f8ad5ee-ae8d-42ea-b9e1-1d43bba64564: does not qualify; 3.0 s; peak memory 4839 MiB.
2026-10-05T19:19:59Z INFO [2299/3239] 5f8b0862-aeee-4c69-a6e9-d65d69a14f53: does not qualify; 0.9 s; peak memory 4839 MiB.
2026-10-05T19:20:00Z INFO [2300/3239] 5f8b3757-ac35-4ea0-813f-361eea3400a7: does not qualify; 1.0 s; peak memory 4839 MiB.
2026-10-05T19:20:00Z INFO [2300/3239] 5f8b3757-ac35-4ea0-813f-361eea3400a7: checkpointed 74443 records.
2026-10-05T19:20:01Z INFO [2301/3239] 5f8c00d4-c9f5-4b70-aa17-cdfadfc092fd: does not qualify; 0.7 s; peak memory 4839 MiB.
2026-10-05T19:20:07Z INFO [2302/3239] 5f8c7150-43d4-489b-ba9d-1a082b93e23a: does not qualify; 6.1 s; peak memory 4839 MiB.
2026-10-05T19:20:08Z INFO [2303/3239] 5f8c7379-a3da-4211-a450-c3e1ee7dce02: does not qualify; 0.8 s; peak memory 4839 MiB.
2026-10-05T19:20:09Z INFO [2304/3239] 5f8ce768-9039-432c-9c3d-f2e9b34683e1: does not qualify; 0.7 s; peak memory 4839 MiB.
2026-10-05T19:20:10Z INFO [2305/3239] 5f8d1702-519f-418f-8801-87a60db3b765: does not qualify; 1.8 s; peak memory 4839 MiB.
2026-10-05T19:20:13Z INFO [2306/3239] 5f8eb1be-b046-430c-9984-d6c6207f7738: does not qualify; 2.8 s; peak memory 4839 MiB.
2026-10-05T19:20:14Z INFO [2307/3239] 5f8f1608-d633-432f-bf09-923aae33348a: does not qualify; 1.1 s; peak memory 4839 MiB.
2026-10-05T19:20:15Z INFO [2308/3239] 5f904403-7506-4fcf-bf89-432e8907c099: does not qualify; 0.8 s; peak memory 4839 MiB.
2026-10-05T19:20:16Z INFO [2309/3239] 5f905021-eb5c-407a-9926-2c97e3177b00: does not qualify; 0.8 s; peak memory 4839 MiB.
2026-10-05T19:20:17Z INFO [2310/3239] 5f910f0d-f164-479c-b8f0-4f516cd3fce4: does not qualify; 0.8 s; peak memory 4839 MiB.
2026-10-05T19:20:17Z INFO [2311/3239] 5f913e5b-edbb-495c-b35b-65f2e259c563: does not qualify; 0.4 s; peak memory 4839 MiB.
2026-10-05T19:20:22Z INFO [2312/3239] 5f91bfbd-6390-428f-9653-8a90d1de8a71: does not qualify; 5.2 s; peak memory 4839 MiB.
2026-10-05T19:20:23Z INFO [2313/3239] 5f91f90c-39d9-4929-a1d3-0c321272cf92: does not qualify; 0.9 s; peak memory 4839 MiB.
2026-10-05T19:20:24Z INFO [2314/3239] 5f9290ee-9067-4fc3-aa99-5d2dc0e6639c: does not qualify; 0.9 s; peak memory 4839 MiB.
2026-10-05T19:20:25Z INFO [2315/3239] 5f931c2a-181e-4ac2-98b9-1e025cfedfb3: does not qualify; 0.8 s; peak memory 4839 MiB.
2026-10-05T19:20:27Z INFO [2316/3239] 5f93865b-ada6-4c47-8fcc-1ed24ded47a6: does not qualify; 1.7 s; peak memory 4839 MiB.
2026-10-05T19:20:28Z INFO [2317/3239] 5f9410f1-7c89-4447-a827-978fa314caeb: does not qualify; 1.0 s; peak memory 4839 MiB.
2026-10-05T19:20:28Z INFO [2318/3239] 5f944073-1c49-4630-bc21-978145f31494: does not qualify; 0.7 s; peak memory 4839 MiB.
2026-10-05T19:20:29Z INFO [2319/3239] 5f94ec25-93a1-4b30-a150-e343ce485780: does not qualify; 1.1 s; peak memory 4839 MiB.
2026-10-05T19:20:30Z INFO [2320/3239] 5f968c44-021d-429e-9767-29dfc3a485fd: does not qualify; 0.9 s; peak memory 4839 MiB.
2026-10-05T19:20:32Z INFO [2321/3239] 5f968e9e-7f25-4137-9bd9-d8fa1584e184: does not qualify; 2.1 s; peak memory 4839 MiB.
2026-10-05T19:20:33Z INFO [2322/3239] 5f96970b-fd97-427f-b205-a6290a1b1956: does not qualify; 0.8 s; peak memory 4839 MiB.
2026-10-05T19:20:35Z INFO [2323/3239] 5f96f1d4-b74e-4fff-9509-8e99f38a8da9: does not qualify; 2.2 s; peak memory 4839 MiB.
2026-10-05T19:20:36Z INFO [2324/3239] 5f977895-91de-4126-96f5-78ff6636539e: does not qualify; 1.0 s; peak memory 4839 MiB.
2026-10-05T19:20:46Z INFO [2325/3239] 5f98091f-993f-4fbe-b9f2-5adce9509417: does not qualify; 9.9 s; peak memory 4839 MiB.
2026-10-05T19:20:47Z INFO [2326/3239] 5f987c34-2bcc-4098-b61d-d7ba0f12d018: does not qualify; 0.8 s; peak memory 4839 MiB.
2026-10-05T19:20:52Z INFO [2327/3239] 5f988e4c-03b5-479e-91f7-afae0009d9e8: does not qualify; 5.4 s; peak memory 4839 MiB.
2026-10-05T19:20:53Z INFO [2328/3239] 5f99faf8-05cb-4017-a1d7-448a11841805: does not qualify; 0.9 s; peak memory 4839 MiB.
2026-10-05T19:20:54Z INFO [2329/3239] 5f9a1eb1-eb3e-439f-8382-19130fd76185: does not qualify; 0.8 s; peak memory 4839 MiB.
2026-10-05T19:20:55Z INFO [2330/3239] 5f9aabb9-0bc3-4080-b23b-52cf0237756d: does not qualify; 0.7 s; peak memory 4839 MiB.
2026-10-05T19:20:56Z INFO [2331/3239] 5f9aec17-8b94-4006-ad60-5768bb8938c4: does not qualify; 0.7 s; peak memory 4839 MiB.
2026-10-05T19:20:57Z INFO [2332/3239] 5f9b3853-8320-4e9d-a98d-ea3997953a2c: does not qualify; 1.2 s; peak memory 4839 MiB.
2026-10-05T19:21:03Z INFO [2333/3239] 5f9bc186-c771-4b93-a2fd-9a1a3368b06b: does not qualify; 6.1 s; peak memory 4839 MiB.
2026-10-05T19:21:04Z INFO [2334/3239] 5f9d9c7e-6e63-4698-9d18-ee9d873d6a59: does not qualify; 0.9 s; peak memory 4839 MiB.
2026-10-05T19:21:08Z INFO [2335/3239] 5f9da5d6-7cf9-4705-98c2-75e1ceb15c29: does not qualify; 4.4 s; peak memory 4839 MiB.
2026-10-05T19:21:11Z INFO [2336/3239] 5f9dd3eb-4c9a-4854-918c-4711ed6639e2: does not qualify; 2.7 s; peak memory 4839 MiB.
2026-10-05T19:21:12Z INFO [2337/3239] 5f9e4304-7116-4b37-a0a8-71284bfd168b: does not qualify; 0.9 s; peak memory 4839 MiB.
2026-10-05T19:21:13Z INFO [2338/3239] 5f9eaff8-86f9-4705-93db-6d415c1ebf4f: does not qualify; 1.0 s; peak memory 4839 MiB.
2026-10-05T19:21:14Z INFO [2339/3239] 5f9f54d1-8098-4e2e-af23-a0487d476e64: does not qualify; 1.1 s; peak memory 4839 MiB.
2026-10-05T19:21:15Z INFO [2340/3239] 5f9fb6ea-64ab-461f-bd7e-64af389b18ec: does not qualify; 1.0 s; peak memory 4839 MiB.
2026-10-05T19:21:16Z INFO [2341/3239] 5fa0052c-34be-4b90-9336-dbf91e413b25: does not qualify; 0.8 s; peak memory 4839 MiB.
2026-10-05T19:21:17Z INFO [2342/3239] 5fa04d1c-9697-40d6-aa30-479af1529143: does not qualify; 0.9 s; peak memory 4839 MiB.
2026-10-05T19:21:17Z INFO [2343/3239] 5fa07290-ceb0-4834-9c0e-b061d9afa11c: does not qualify; 0.8 s; peak memory 4839 MiB.
2026-10-05T19:21:18Z INFO [2344/3239] 5fa07ba5-ecc1-4c28-990c-d723cf062fc9: does not qualify; 0.6 s; peak memory 4839 MiB.
2026-10-05T19:21:19Z INFO [2345/3239] 5fa08dcc-7585-4851-a3dd-7870b9cc166c: does not qualify; 0.8 s; peak memory 4839 MiB.
2026-10-05T19:21:20Z INFO [2346/3239] 5fa11f88-9d48-44f9-9746-6aa2bd15eda0: does not qualify; 0.9 s; peak memory 4839 MiB.
2026-10-05T19:21:22Z INFO [2347/3239] 5fa1326c-5b7f-4f66-b52f-51c8320f381c: does not qualify; 1.9 s; peak memory 4839 MiB.
2026-10-05T19:21:25Z INFO [2348/3239] 5fa1adbb-be0c-46a0-b425-72efc605df04: does not qualify; 3.2 s; peak memory 4839 MiB.
2026-10-05T19:21:25Z INFO [2349/3239] 5fa1ec0f-a1bc-455e-aab4-6990e2f7e372: does not qualify; 0.7 s; peak memory 4839 MiB.
2026-10-05T19:21:26Z INFO [2350/3239] 5fa4555f-2431-44a2-870b-1c9ad484921a: does not qualify; 0.8 s; peak memory 4839 MiB.
2026-10-05T19:21:26Z INFO [2350/3239] 5fa4555f-2431-44a2-870b-1c9ad484921a: checkpointed 74493 records.
2026-10-05T19:21:27Z INFO [2351/3239] 5fa464db-70a8-45b0-8621-655d1eef18ab: does not qualify; 0.9 s; peak memory 4839 MiB.
2026-10-05T19:21:31Z INFO [2352/3239] 5fa4850d-c4f0-44ad-b6a0-9812b69c1b6e: does not qualify; 3.3 s; peak memory 4839 MiB.
2026-10-05T19:21:42Z INFO [2353/3239] 5fa4c118-b0e6-4232-a274-96e0ffd5e85d: does not qualify; 11.3 s; peak memory 4839 MiB.
2026-10-05T19:21:44Z INFO [2354/3239] 5fa66288-dffc-44da-bb97-9935a340bae6: does not qualify; 1.9 s; peak memory 4839 MiB.
2026-10-05T19:21:45Z INFO [2355/3239] 5fa66480-e257-4288-aec4-33df5b4a0fef: does not qualify; 0.9 s; peak memory 4839 MiB.
2026-10-05T19:21:45Z INFO [2356/3239] 5fa67f7f-3787-4807-a770-051bcb0494d8: does not qualify; 0.7 s; peak memory 4839 MiB.
2026-10-05T19:21:48Z INFO [2357/3239] 5fa6b972-b557-4522-813e-65a4e26c4287: does not qualify; 2.8 s; peak memory 4839 MiB.
2026-10-05T19:21:49Z INFO [2358/3239] 5fa7c409-5eda-411f-9cdb-ba2e85ade683: does not qualify; 0.5 s; peak memory 4839 MiB.
2026-10-05T19:21:49Z INFO [2359/3239] 5fa81ee7-282f-4f2c-a23a-897d55a1ac68: does not qualify; 0.8 s; peak memory 4839 MiB.
2026-10-05T19:21:50Z INFO [2360/3239] 5fa88241-c4ba-446f-b8c0-ad53cff900ca: does not qualify; 0.5 s; peak memory 4839 MiB.
2026-10-05T19:22:01Z INFO [2361/3239] 5fab6d89-f390-4df4-a4cd-b965ccbf55ed: does not qualify; 10.7 s; peak memory 4839 MiB.
2026-10-05T19:22:01Z INFO [2362/3239] 5fabc12d-5910-4f71-b98e-f638b9da3287: does not qualify; 0.7 s; peak memory 4839 MiB.
2026-10-05T19:22:02Z INFO [2363/3239] 5faca917-14a9-40e1-9633-f649f3893972: does not qualify; 0.8 s; peak memory 4839 MiB.
2026-10-05T19:22:03Z INFO [2364/3239] 5fad0929-a101-4bd1-8654-60b2885a167a: does not qualify; 1.0 s; peak memory 4839 MiB.
2026-10-05T19:22:04Z INFO [2365/3239] 5faf39c1-fb04-4947-bbda-20fc7f6a3603: does not qualify; 0.6 s; peak memory 4839 MiB.
2026-10-05T19:22:05Z INFO [2366/3239] 5fb07566-9d8c-49e2-920c-d5fcb9f1d3cd: does not qualify; 0.8 s; peak memory 4839 MiB.
2026-10-05T19:22:05Z INFO [2367/3239] 5fb079ab-b6fe-41ca-9b59-0e1d4ab4760d: does not qualify; 0.6 s; peak memory 4839 MiB.
2026-10-05T19:22:06Z INFO [2368/3239] 5fb092f4-afca-4c10-a909-bc4beb59a6d1: does not qualify; 0.7 s; peak memory 4839 MiB.
2026-10-05T19:22:06Z INFO [2369/3239] 5fb0e6dd-b410-4a81-ae38-a45de0746d78: does not qualify; 0.5 s; peak memory 4839 MiB.
2026-10-05T19:22:07Z INFO [2370/3239] 5fb1f0a7-4336-45f0-9fdf-7c7e9ddd1fdb: does not qualify; 1.0 s; peak memory 4839 MiB.
2026-10-05T19:22:08Z INFO [2371/3239] 5fb32c1e-6f9d-4a6b-8103-5cb3dc07b013: does not qualify; 0.9 s; peak memory 4839 MiB.
2026-10-05T19:22:09Z INFO [2372/3239] 5fb372be-f4cb-4c1c-af9c-88c498a044f5: does not qualify; 0.7 s; peak memory 4839 MiB.
2026-10-05T19:22:11Z INFO [2373/3239] 5fb3fa0e-2c2b-4d96-8494-aa0d773d8a97: does not qualify; 2.0 s; peak memory 4839 MiB.
2026-10-05T19:22:12Z INFO [2374/3239] 5fb5cd02-7cce-45f4-8dbc-7b9de2f1f95f: does not qualify; 1.0 s; peak memory 4839 MiB.
2026-10-05T19:22:14Z INFO [2375/3239] 5fb5d2e6-2e0e-437a-acc6-693a73aa0c43: qualifies; 1.6 s; peak memory 4839 MiB.
2026-10-05T19:22:14Z INFO [2376/3239] 5fb60518-2580-4e9d-94a5-08d307f7662a: does not qualify; 0.8 s; peak memory 4839 MiB.
2026-10-05T19:22:15Z INFO [2377/3239] 5fb69d21-0e14-4c0f-9e69-6a384f04110c: does not qualify; 0.8 s; peak memory 4839 MiB.
2026-10-05T19:22:17Z INFO [2378/3239] 5fb78519-13a6-4e82-8274-51a46cd5c840: does not qualify; 1.5 s; peak memory 4839 MiB.
2026-10-05T19:22:18Z INFO [2379/3239] 5fb7c1a0-bcf2-48d7-8db4-9190508314ea: does not qualify; 1.1 s; peak memory 4839 MiB.
2026-10-05T19:22:24Z INFO [2380/3239] 5fb84ff6-a20b-4723-99aa-6da53b88e30b: does not qualify; 5.9 s; peak memory 4839 MiB.
2026-10-05T19:22:25Z INFO [2381/3239] 5fb8666d-9356-45ef-815e-ea403e34e116: does not qualify; 0.8 s; peak memory 4839 MiB.
2026-10-05T19:22:26Z INFO [2382/3239] 5fb89b4b-1b2a-4815-910e-54566f67f41a: does not qualify; 1.1 s; peak memory 4839 MiB.
2026-10-05T19:22:27Z INFO [2383/3239] 5fb92499-d0f2-47fa-aa30-50dfdc6bce40: does not qualify; 0.9 s; peak memory 4839 MiB.
2026-10-05T19:22:32Z INFO [2384/3239] 5fba4395-32a8-4fc9-a14c-f5c405d6b4bd: does not qualify; 5.3 s; peak memory 4839 MiB.
2026-10-05T19:22:36Z INFO [2385/3239] 5fba53d6-65b1-48e7-b491-6f7e0343c476: does not qualify; 4.1 s; peak memory 4839 MiB.
2026-10-05T19:22:37Z INFO [2386/3239] 5fba6d15-fb6c-483d-ac2b-f3e6b4503ce7: does not qualify; 0.7 s; peak memory 4839 MiB.
2026-10-05T19:22:38Z INFO [2387/3239] 5fba750a-802c-4503-94d3-5e06d0616dca: does not qualify; 1.6 s; peak memory 4839 MiB.
2026-10-05T19:22:40Z INFO [2388/3239] 5fbae70a-92e8-4e15-8dd1-6a0c2818f602: does not qualify; 1.9 s; peak memory 4839 MiB.
2026-10-05T19:22:47Z INFO [2389/3239] 5fbb8897-0596-4876-bf0e-5ec00893a3c1: does not qualify; 6.4 s; peak memory 4839 MiB.
2026-10-05T19:22:48Z INFO [2390/3239] 5fbc3c9c-c52a-442b-a2f6-86cdeb3654ef: does not qualify; 0.8 s; peak memory 4839 MiB.
2026-10-05T19:23:17Z INFO [2391/3239] 5fbc5df2-b166-4c38-8b7e-a9c117a83ef7: does not qualify; 29.7 s; peak memory 4839 MiB.
2026-10-05T19:23:18Z INFO [2392/3239] 5fbd01a8-55e0-47bc-84b7-2db5601387f4: does not qualify; 0.8 s; peak memory 4839 MiB.
2026-10-05T19:23:19Z INFO [2393/3239] 5fbe353f-f14d-4173-87dd-83a9c3c8f7b0: does not qualify; 1.1 s; peak memory 4839 MiB.
2026-10-05T19:23:20Z INFO [2394/3239] 5fbe4ef0-3a8e-42c0-978a-d9374b6f32b3: does not qualify; 1.1 s; peak memory 4839 MiB.
2026-10-05T19:23:21Z INFO [2395/3239] 5fbf2845-258c-47fe-833b-b39a6424b32e: does not qualify; 0.7 s; peak memory 4839 MiB.
2026-10-05T19:23:22Z INFO [2396/3239] 5fbf9c9c-1066-4ede-9515-77fc67fd5f7d: does not qualify; 0.9 s; peak memory 4839 MiB.
2026-10-05T19:23:23Z INFO [2397/3239] 5fc050c4-c13a-4fea-bc00-0d6de32fd5e2: does not qualify; 1.1 s; peak memory 4839 MiB.
2026-10-05T19:23:25Z INFO [2398/3239] 5fc08eef-b562-4a77-88f7-5c981899e950: does not qualify; 1.9 s; peak memory 4839 MiB.
2026-10-05T19:23:27Z INFO [2399/3239] 5fc166c5-1090-4dc7-9e40-cd1c34c3c0fd: does not qualify; 2.5 s; peak memory 4839 MiB.
2026-10-05T19:23:28Z INFO [2400/3239] 5fc1d3a5-c05b-4b68-b363-c144039849bf: does not qualify; 0.6 s; peak memory 4839 MiB.
2026-10-05T19:23:28Z INFO [2400/3239] 5fc1d3a5-c05b-4b68-b363-c144039849bf: checkpointed 74543 records.
2026-10-05T19:23:29Z INFO [2401/3239] 5fc22384-8df9-4442-aaba-bf5eb04589c6: does not qualify; 0.8 s; peak memory 4839 MiB.
2026-10-05T19:23:29Z INFO [2402/3239] 5fc23c17-7c85-4a0b-a13c-7f3beb38350a: does not qualify; 0.4 s; peak memory 4839 MiB.
2026-10-05T19:23:31Z INFO [2403/3239] 5fc267e3-a3f9-474f-a219-b6479a629682: does not qualify; 1.5 s; peak memory 4839 MiB.
2026-10-05T19:23:32Z INFO [2404/3239] 5fc2fd7f-3c8a-40cb-9dc2-63da975aac81: does not qualify; 0.9 s; peak memory 4839 MiB.
2026-10-05T19:23:33Z INFO [2405/3239] 5fc430a1-a11e-46ed-96a7-edd1a2891ea1: does not qualify; 1.2 s; peak memory 4839 MiB.
2026-10-05T19:23:37Z INFO [2406/3239] 5fc47ef0-be36-406f-b04f-c7414754ee06: does not qualify; 4.7 s; peak memory 4839 MiB.
2026-10-05T19:23:41Z INFO [2407/3239] 5fc482a1-a08b-4a37-8f8a-c2ccc4800461: does not qualify; 3.7 s; peak memory 4839 MiB.
2026-10-05T19:23:42Z INFO [2408/3239] 5fc4bf77-1682-4134-bcef-4d3d6b9aeab9: does not qualify; 0.7 s; peak memory 4839 MiB.
2026-10-05T19:23:43Z INFO [2409/3239] 5fc6edc6-62c4-40a2-965c-e0be9e91843c: does not qualify; 1.0 s; peak memory 4839 MiB.
2026-10-05T19:23:43Z INFO [2410/3239] 5fc780e4-b993-46f8-8677-ebbaa8d05a66: does not qualify; 0.7 s; peak memory 4839 MiB.
2026-10-05T19:23:44Z INFO [2411/3239] 5fc7c213-d8f8-444c-a361-4bf490e41a4d: does not qualify; 0.8 s; peak memory 4839 MiB.
2026-10-05T19:23:45Z INFO [2412/3239] 5fc8d216-c79a-4cdc-9990-e57513a0b02e: does not qualify; 0.8 s; peak memory 4839 MiB.
2026-10-05T19:23:51Z INFO [2413/3239] 5fc9097f-61a5-4997-8aea-a4ed70b23f25: does not qualify; 5.8 s; peak memory 4839 MiB.
2026-10-05T19:23:54Z INFO [2414/3239] 5fc931b2-bebf-4bf8-88f3-8096e44adc11: does not qualify; 2.8 s; peak memory 4839 MiB.
2026-10-05T19:23:57Z INFO [2415/3239] 5fca6d41-282c-4bd4-9f25-8538db0c24b4: does not qualify; 3.2 s; peak memory 4839 MiB.
2026-10-05T19:23:58Z INFO [2416/3239] 5fcae3a2-c082-4cd7-b848-69206376c165: does not qualify; 1.0 s; peak memory 4839 MiB.
2026-10-05T19:24:04Z INFO [2417/3239] 5fcbf9d8-e164-4131-8756-e774b7a9e3dc: does not qualify; 6.1 s; peak memory 4839 MiB.
2026-10-05T19:24:05Z INFO [2418/3239] 5fcd0f6f-c722-49de-82c6-b7e867b502b9: does not qualify; 1.2 s; peak memory 4839 MiB.
2026-10-05T19:24:06Z INFO [2419/3239] 5fcd196e-5e0b-441e-99c6-0d45f750be66: does not qualify; 0.8 s; peak memory 4839 MiB.
2026-10-05T19:24:10Z INFO [2420/3239] 5fcf13b9-18fa-47b6-83f0-a201a551f1ee: does not qualify; 4.4 s; peak memory 4839 MiB.
2026-10-05T19:24:11Z INFO [2421/3239] 5fcf2a3d-30a7-41bb-9875-36ea7b6ef6ad: does not qualify; 0.9 s; peak memory 4839 MiB.
2026-10-05T19:24:17Z INFO [2422/3239] 5fd0125a-6ee0-46c4-b9da-81eafa06ebd8: does not qualify; 5.9 s; peak memory 4839 MiB.
2026-10-05T19:24:18Z INFO [2423/3239] 5fd0938a-6796-42ee-b174-c492d8466b2e: does not qualify; 0.7 s; peak memory 4839 MiB.
2026-10-05T19:24:21Z INFO [2424/3239] 5fd0fd2d-26d1-4b4a-bc4e-5fba9afd51e0: does not qualify; 3.7 s; peak memory 4839 MiB.
2026-10-05T19:24:26Z INFO [2425/3239] 5fd12318-a07d-4233-b7a0-e3840812fce5: does not qualify; 4.4 s; peak memory 4839 MiB.
2026-10-05T19:24:26Z INFO [2426/3239] 5fd1b8fa-ea4b-43c1-bded-85a544e79138: does not qualify; 0.7 s; peak memory 4839 MiB.
2026-10-05T19:24:27Z INFO [2427/3239] 5fd3b7c9-1ff9-453b-9b12-fe8c1d1d346e: does not qualify; 0.9 s; peak memory 4839 MiB.
2026-10-05T19:24:30Z INFO [2428/3239] 5fd40d48-7559-42b6-8599-29dcd2097fc8: does not qualify; 2.3 s; peak memory 4839 MiB.
2026-10-05T19:24:35Z INFO [2429/3239] 5fd4fbeb-a9e2-4abf-8509-9926132a1eaa: does not qualify; 5.6 s; peak memory 4839 MiB.
2026-10-05T19:24:36Z INFO [2430/3239] 5fd6117c-8171-49f2-9fce-62f6cd2f4abb: does not qualify; 0.8 s; peak memory 4839 MiB.
2026-10-05T19:24:37Z INFO [2431/3239] 5fd6fea1-ca8a-4913-9d10-53211a3fde9f: does not qualify; 1.1 s; peak memory 4839 MiB.
2026-10-05T19:24:41Z INFO [2432/3239] 5fd781c7-8241-4840-bc5c-aaf568af2ad2: does not qualify; 4.3 s; peak memory 4839 MiB.
2026-10-05T19:24:42Z INFO [2433/3239] 5fd831c6-d4e0-4813-8153-867064e8433c: does not qualify; 0.7 s; peak memory 4839 MiB.
2026-10-05T19:24:43Z INFO [2434/3239] 5fd8cf41-ad41-405c-835c-c6d521bce8c7: does not qualify; 1.0 s; peak memory 4839 MiB.
2026-10-05T19:24:50Z INFO [2435/3239] 5fd8d72e-7371-4737-80a5-c4a9224e291f: does not qualify; 6.8 s; peak memory 4839 MiB.
2026-10-05T19:24:55Z INFO [2436/3239] 5fd91bb5-668d-4f43-b5c5-8863035355a7: does not qualify; 5.4 s; peak memory 4839 MiB.
2026-10-05T19:24:56Z INFO [2437/3239] 5fdd388c-07ab-4a7b-95b3-4add483a8a04: does not qualify; 0.8 s; peak memory 4839 MiB.
2026-10-05T19:25:00Z INFO [2438/3239] 5fdd8b8d-5679-46fd-bc1b-07acab15d48e: does not qualify; 3.8 s; peak memory 4839 MiB.
2026-10-05T19:25:01Z INFO [2439/3239] 5fdde8f6-740a-40f1-b9c1-72038a27deb0: does not qualify; 0.7 s; peak memory 4839 MiB.
2026-10-05T19:25:01Z INFO [2440/3239] 5fddff2f-56e0-4d34-b94c-f66715aa4174: does not qualify; 0.7 s; peak memory 4839 MiB.
2026-10-05T19:25:02Z INFO [2441/3239] 5fde11b1-eb43-4843-908b-6270f3d04c51: does not qualify; 0.7 s; peak memory 4839 MiB.
2026-10-05T19:25:09Z INFO [2442/3239] 5fdfca9a-6d31-4081-9a3b-5bae74239631: does not qualify; 7.6 s; peak memory 4839 MiB.
2026-10-05T19:25:10Z INFO [2443/3239] 5fe17b03-1da9-43d1-94c1-995dc47c12dd: does not qualify; 0.8 s; peak memory 4839 MiB.
2026-10-05T19:25:13Z INFO [2444/3239] 5fe1c6d2-e752-4c60-b165-fdaefeb562ea: qualifies; 3.1 s; peak memory 4839 MiB.
2026-10-05T19:25:15Z INFO [2445/3239] 5fe2e993-0536-4c11-8dc4-1e8558258f3f: does not qualify; 1.2 s; peak memory 4839 MiB.
2026-10-05T19:25:18Z INFO [2446/3239] 5fe35bf3-dc9c-4f4f-9ca7-3c3c1a9435b4: does not qualify; 3.7 s; peak memory 4839 MiB.
2026-10-05T19:25:19Z INFO [2447/3239] 5fe3852e-77b2-46ec-bd5b-cbd1a8539a53: does not qualify; 0.9 s; peak memory 4839 MiB.
2026-10-05T19:25:26Z INFO [2448/3239] 5fe3ab40-42f3-4590-afcc-238d63e3b994: does not qualify; 7.1 s; peak memory 4839 MiB.
2026-10-05T19:25:27Z INFO [2449/3239] 5fe423ee-5d7e-4781-848d-bd9da533fb38: does not qualify; 1.1 s; peak memory 4839 MiB.
2026-10-05T19:25:29Z INFO [2450/3239] 5fe52504-ff4e-4586-aeab-73b6a32be2fb: does not qualify; 1.8 s; peak memory 4839 MiB.
2026-10-05T19:25:29Z INFO [2450/3239] 5fe52504-ff4e-4586-aeab-73b6a32be2fb: checkpointed 74593 records.
2026-10-05T19:25:30Z INFO [2451/3239] 5fe814f9-3566-41da-877b-1cc2c28cebff: does not qualify; 0.9 s; peak memory 4839 MiB.
2026-10-05T19:25:36Z INFO [2452/3239] 5feb0d1e-cedd-45ab-8605-0c31b7d3af48: does not qualify; 5.5 s; peak memory 4839 MiB.
2026-10-05T19:25:37Z INFO [2453/3239] 5febd3d2-751d-4aca-b05f-12d186a1f2e6: does not qualify; 1.0 s; peak memory 4839 MiB.
2026-10-05T19:25:37Z INFO [2454/3239] 5febe9ae-2c36-4fe1-af83-1e709bf1fed3: does not qualify; 0.8 s; peak memory 4839 MiB.
2026-10-05T19:25:38Z INFO [2455/3239] 5feddb91-5131-4d04-9a05-bd490c3bc05b: does not qualify; 0.8 s; peak memory 4839 MiB.
2026-10-05T19:25:39Z INFO [2456/3239] 5fee0b27-5643-4097-897b-ea17857c3065: does not qualify; 0.6 s; peak memory 4839 MiB.
2026-10-05T19:25:40Z INFO [2457/3239] 5fef2a11-d85d-4cae-9ef4-01f859ddacdd: does not qualify; 1.2 s; peak memory 4839 MiB.
2026-10-05T19:25:41Z INFO [2458/3239] 5ff0a08e-28bf-4c2c-bceb-cd73f2d6f4d3: does not qualify; 1.0 s; peak memory 4839 MiB.
2026-10-05T19:25:43Z INFO [2459/3239] 5ff0fb15-7264-4c96-8c3b-2ead88ebd2fb: does not qualify; 1.7 s; peak memory 4839 MiB.
2026-10-05T19:25:45Z INFO [2460/3239] 5ff2046f-4367-4e87-aee4-c8c487469386: does not qualify; 1.8 s; peak memory 4839 MiB.
2026-10-05T19:25:47Z INFO [2461/3239] 5ff22584-9892-439a-a877-8eaa51899583: does not qualify; 2.3 s; peak memory 4839 MiB.
2026-10-05T19:25:51Z INFO [2462/3239] 5ff4487a-115a-4842-a481-1c7166485f8b: does not qualify; 4.5 s; peak memory 4839 MiB.
2026-10-05T19:25:52Z INFO [2463/3239] 5ff473c0-da8c-48e0-b2a4-3c18775acb60: does not qualify; 0.6 s; peak memory 4839 MiB.
2026-10-05T19:25:57Z INFO [2464/3239] 5ff4ad49-9831-4557-9ff2-ae67cbaa2a44: does not qualify; 5.2 s; peak memory 4839 MiB.
2026-10-05T19:26:00Z INFO [2465/3239] 5ff4bf48-1441-4cd8-b14b-47dfa5330ddc: does not qualify; 2.4 s; peak memory 4839 MiB.
2026-10-05T19:26:00Z INFO [2466/3239] 5ff5a570-5b62-4087-b854-e4463f568f26: does not qualify; 0.8 s; peak memory 4839 MiB.
2026-10-05T19:26:01Z INFO [2467/3239] 5ff5d01c-2159-47fb-89cf-13037e7a9291: does not qualify; 0.6 s; peak memory 4839 MiB.
2026-10-05T19:26:02Z INFO [2468/3239] 5ff5fc88-b751-4dc7-bddd-a43003fd1ab5: does not qualify; 0.8 s; peak memory 4839 MiB.
2026-10-05T19:26:03Z INFO [2469/3239] 5ff67eb5-48ea-469e-9379-06dd3de92842: does not qualify; 1.1 s; peak memory 4839 MiB.
2026-10-05T19:26:53Z INFO [2470/3239] 5ff6c8fa-55bf-46c1-99a3-d193d285cce0: does not qualify; 49.9 s; peak memory 4839 MiB.
2026-10-05T19:26:58Z INFO [2471/3239] 5ff71958-6560-4ebf-9ba5-c75967068175: does not qualify; 4.9 s; peak memory 4839 MiB.
2026-10-05T19:26:58Z INFO [2472/3239] 5ff72014-5059-4718-a770-000882f18b3c: does not qualify; 0.7 s; peak memory 4839 MiB.
2026-10-05T19:26:59Z INFO [2473/3239] 5ff733f2-aeba-4ab3-a6af-0ce1d9c02f16: does not qualify; 0.8 s; peak memory 4839 MiB.
2026-10-05T19:27:00Z INFO [2474/3239] 5ff90cec-d310-4b50-9353-94030ce839ff: does not qualify; 0.8 s; peak memory 4839 MiB.
2026-10-05T19:27:05Z INFO [2475/3239] 5ffa37cf-88a0-4db1-9f3b-9642565d28cc: does not qualify; 4.8 s; peak memory 4839 MiB.
2026-10-05T19:27:06Z INFO [2476/3239] 5ffab62c-90ca-4944-a705-8e26595c678d: does not qualify; 1.3 s; peak memory 4839 MiB.
2026-10-05T19:27:07Z INFO [2477/3239] 5ffbd58e-4fcf-45ca-81b5-483d3dc6edd7: does not qualify; 0.6 s; peak memory 4839 MiB.
2026-10-05T19:27:07Z INFO [2478/3239] 5ffc08bd-5976-4a3e-a8d0-cb906e71c9d0: does not qualify; 0.6 s; peak memory 4839 MiB.
2026-10-05T19:27:08Z INFO [2479/3239] 5ffca622-1142-4b90-8f73-5505538c3ce8: does not qualify; 0.8 s; peak memory 4839 MiB.
2026-10-05T19:27:09Z INFO [2480/3239] 5ffce886-96ee-44aa-9a14-0b5c369b16a3: does not qualify; 0.9 s; peak memory 4839 MiB.
2026-10-05T19:27:10Z INFO [2481/3239] 5ffdddac-1be0-4545-af97-22760fc033bb: does not qualify; 1.0 s; peak memory 4839 MiB.
2026-10-05T19:27:11Z INFO [2482/3239] 5ffdf523-a98a-46c3-a12f-f5688293c427: does not qualify; 1.1 s; peak memory 4839 MiB.
2026-10-05T19:27:12Z INFO [2483/3239] 5ffe03cf-76d3-4818-8ea5-84deeb736bb7: does not qualify; 1.1 s; peak memory 4839 MiB.
2026-10-05T19:27:14Z INFO [2484/3239] 5ffec38b-2b77-45b0-ac01-173deb9882f2: does not qualify; 2.1 s; peak memory 4839 MiB.
2026-10-05T19:27:15Z INFO [2485/3239] 5ffee6a6-2922-4593-9525-914a56d2f027: does not qualify; 1.0 s; peak memory 4839 MiB.
2026-10-05T19:27:17Z INFO [2486/3239] 5fff30c0-9017-4255-bb43-fb9f15502ecd: does not qualify; 1.5 s; peak memory 4839 MiB.
2026-10-05T19:27:17Z INFO [2487/3239] 5fff3f9f-8c05-4fb3-8a41-341d304e9664: does not qualify; 0.5 s; peak memory 4839 MiB.
2026-10-05T19:27:18Z INFO [2488/3239] 5fff6077-dc29-45b9-96e8-74cee935c2af: does not qualify; 1.0 s; peak memory 4839 MiB.
2026-10-05T19:27:19Z INFO [2489/3239] 5fffe1e5-f373-4a57-9abc-719af5b20811: does not qualify; 0.7 s; peak memory 4839 MiB.
2026-10-05T19:27:20Z INFO [2490/3239] 60013d66-d734-4bd6-8b5d-e15898ae3876: does not qualify; 0.7 s; peak memory 4839 MiB.
2026-10-05T19:27:21Z INFO [2491/3239] 60018d18-903d-441e-980b-6217f49c08b3: does not qualify; 0.9 s; peak memory 4839 MiB.
2026-10-05T19:27:21Z INFO [2492/3239] 60025af8-f7b1-4fc9-acf9-266725bf0077: does not qualify; 0.8 s; peak memory 4839 MiB.
2026-10-05T19:27:22Z INFO [2493/3239] 6002eeb4-0047-4d48-9058-57a3904fc006: does not qualify; 1.0 s; peak memory 4839 MiB.
2026-10-05T19:27:24Z INFO [2494/3239] 6003421e-28e4-4e52-b2b1-cd638a564963: does not qualify; 1.2 s; peak memory 4839 MiB.
2026-10-05T19:27:25Z INFO [2495/3239] 60045096-497b-4d16-a81e-09555427d1d9: does not qualify; 1.0 s; peak memory 4839 MiB.
2026-10-05T19:27:26Z INFO [2496/3239] 6004b13b-5a44-43c2-bb70-231d086b75f0: does not qualify; 1.1 s; peak memory 4839 MiB.
2026-10-05T19:27:28Z INFO [2497/3239] 6004f79c-fa5e-4be5-99f0-b44a3a8bcd59: does not qualify; 2.3 s; peak memory 4839 MiB.
2026-10-05T19:27:32Z INFO [2498/3239] 6005953b-b11c-41b3-98a7-3cac16c931db: does not qualify; 3.9 s; peak memory 4839 MiB.
2026-10-05T19:27:33Z INFO [2499/3239] 6005ac4b-6a1b-4e1a-8423-9242a5db0422: does not qualify; 0.9 s; peak memory 4839 MiB.
2026-10-05T19:27:34Z INFO [2500/3239] 6005ef32-564c-419d-9769-052a5f7a10f8: does not qualify; 1.5 s; peak memory 4839 MiB.
2026-10-05T19:27:34Z INFO [2500/3239] 6005ef32-564c-419d-9769-052a5f7a10f8: checkpointed 74643 records.
2026-10-05T19:27:35Z INFO [2501/3239] 6006067c-05ef-4558-9881-c581e0363d3a: does not qualify; 0.9 s; peak memory 4839 MiB.
2026-10-05T19:27:37Z INFO [2502/3239] 6006339d-db6b-4448-8d92-cd6053cf7ecb: does not qualify; 1.4 s; peak memory 4839 MiB.
2026-10-05T19:27:37Z INFO [2503/3239] 6007066d-9d50-4b70-a7a8-b46778605ca5: does not qualify; 0.7 s; peak memory 4839 MiB.
2026-10-05T19:27:39Z INFO [2504/3239] 60070e06-e689-47e9-b1f5-6334d042dea4: does not qualify; 1.3 s; peak memory 4839 MiB.
2026-10-05T19:27:41Z INFO [2505/3239] 60073479-76a6-4d73-a448-6e7398f5f72f: does not qualify; 2.0 s; peak memory 4839 MiB.
2026-10-05T19:27:42Z INFO [2506/3239] 6007c48a-323f-43ab-b0bc-3cfe92d04981: does not qualify; 1.0 s; peak memory 4839 MiB.
2026-10-05T19:27:43Z INFO [2507/3239] 6008137e-fa8b-4a0b-a8ed-b3c44cd482dc: does not qualify; 1.3 s; peak memory 4839 MiB.
2026-10-05T19:27:44Z INFO [2508/3239] 60086285-f08a-49a3-8cff-c76e22e39e1b: does not qualify; 0.6 s; peak memory 4839 MiB.
2026-10-05T19:27:45Z INFO [2509/3239] 60098951-8a7a-47ae-b763-29ca0c03bd55: does not qualify; 1.0 s; peak memory 4839 MiB.
2026-10-05T19:27:46Z INFO [2510/3239] 6009d008-83d4-4abf-817d-1d7d1f545787: does not qualify; 0.9 s; peak memory 4839 MiB.
2026-10-05T19:27:47Z INFO [2511/3239] 600a41b7-46ec-4e7f-b382-dcee85c0c17b: does not qualify; 1.7 s; peak memory 4839 MiB.
2026-10-05T19:27:48Z INFO [2512/3239] 600ada9a-2a07-43c1-923d-5fc345be4edb: does not qualify; 1.0 s; peak memory 4839 MiB.
2026-10-05T19:27:49Z INFO [2513/3239] 600b166c-1883-4fa3-b385-6413a9fc66d0: does not qualify; 0.8 s; peak memory 4839 MiB.
2026-10-05T19:27:51Z INFO [2514/3239] 600b1d9c-3753-4bad-84e3-cdd23d1fa350: does not qualify; 1.9 s; peak memory 4839 MiB.
2026-10-05T19:27:52Z INFO [2515/3239] 600c451d-50a7-40c1-b625-b0d46d234948: does not qualify; 1.0 s; peak memory 4839 MiB.
2026-10-05T19:27:52Z INFO [2516/3239] 600c67db-0e2a-4421-9da8-d9b444be4ab9: does not qualify; 0.4 s; peak memory 4839 MiB.
2026-10-05T19:27:58Z INFO [2517/3239] 600cf442-a472-4a6d-872f-6cc1a639c1af: does not qualify; 5.5 s; peak memory 4839 MiB.
2026-10-05T19:28:03Z INFO [2518/3239] 600d2113-47b2-4435-90cc-e8e6fb9840e8: does not qualify; 4.7 s; peak memory 4839 MiB.
2026-10-05T19:28:05Z INFO [2519/3239] 600eb892-f6ab-4912-bb96-a1106db99901: does not qualify; 1.9 s; peak memory 4839 MiB.
2026-10-05T19:28:05Z INFO [2520/3239] 600fc7bd-5bc9-4782-9809-c59ec6fcd573: does not qualify; 0.9 s; peak memory 4839 MiB.
2026-10-05T19:28:06Z INFO [2521/3239] 6010bb3d-d454-4a1b-86c7-c4ca31964f03: does not qualify; 0.7 s; peak memory 4839 MiB.
2026-10-05T19:28:08Z INFO [2522/3239] 60116366-fc5a-413e-88b3-cbe03c990cbf: does not qualify; 1.8 s; peak memory 4839 MiB.
2026-10-05T19:28:09Z INFO [2523/3239] 6011bed1-5521-453d-b4ed-b12a90c6d5d7: does not qualify; 1.3 s; peak memory 4839 MiB.
2026-10-05T19:28:10Z INFO [2524/3239] 6012e18c-adaf-4189-8a90-df602837f1a8: does not qualify; 0.8 s; peak memory 4839 MiB.
2026-10-05T19:28:12Z INFO [2525/3239] 60141b03-7808-4292-87e7-16ef8c806171: does not qualify; 2.3 s; peak memory 4839 MiB.
2026-10-05T19:28:13Z INFO [2526/3239] 60142fd1-5bd3-422f-ad6f-09054d5029f2: does not qualify; 0.8 s; peak memory 4839 MiB.
2026-10-05T19:28:15Z INFO [2527/3239] 60146096-c7e3-40fe-8140-57ce9bc07b43: does not qualify; 2.1 s; peak memory 4839 MiB.
2026-10-05T19:28:16Z INFO [2528/3239] 6014d0fd-3966-4ea9-ba2d-1084d2cdec57: does not qualify; 1.0 s; peak memory 4839 MiB.
2026-10-05T19:28:17Z INFO [2529/3239] 6014d84f-ae98-4adf-ad3c-d8c806f10c75: does not qualify; 0.8 s; peak memory 4839 MiB.
2026-10-05T19:28:19Z INFO [2530/3239] 60155390-2125-4c13-b0d5-191607a89fed: does not qualify; 1.6 s; peak memory 4839 MiB.
2026-10-05T19:28:19Z INFO [2531/3239] 6015fc2c-405a-4e61-b8be-a51c38983cd0: does not qualify; 0.9 s; peak memory 4839 MiB.
2026-10-05T19:28:20Z INFO [2532/3239] 60165de7-b64f-4c5f-86ec-6d20ed558123: does not qualify; 0.9 s; peak memory 4839 MiB.
2026-10-05T19:28:21Z INFO [2533/3239] 60165f4c-38f8-48db-8064-de599c6b905b: does not qualify; 0.5 s; peak memory 4839 MiB.
2026-10-05T19:28:22Z INFO [2534/3239] 601670dc-67e5-466b-9568-2583727f6f4a: does not qualify; 0.7 s; peak memory 4839 MiB.
2026-10-05T19:28:22Z INFO [2535/3239] 6016af40-bf67-4497-991c-fce97a898bd9: does not qualify; 0.7 s; peak memory 4839 MiB.
2026-10-05T19:28:24Z INFO [2536/3239] 60170051-cfc4-4244-9603-fa1b9bd706bc: qualifies; 1.4 s; peak memory 4839 MiB.
2026-10-05T19:28:25Z INFO [2537/3239] 60172b65-147c-4012-ab67-5dc352964b95: does not qualify; 1.1 s; peak memory 4839 MiB.
2026-10-05T19:28:26Z INFO [2538/3239] 6017e024-9549-4e8c-8e24-08cf4fb7919f: does not qualify; 1.4 s; peak memory 4839 MiB.
2026-10-05T19:28:32Z INFO [2539/3239] 6018829a-122a-4e15-b93c-3da1abe09651: does not qualify; 6.0 s; peak memory 4839 MiB.
2026-10-05T19:28:33Z INFO [2540/3239] 601897aa-4f9c-4da6-8db5-9a1ee2b67263: does not qualify; 0.7 s; peak memory 4839 MiB.
2026-10-05T19:28:36Z INFO [2541/3239] 601aaf94-36d2-4f7f-a087-4e57cbf52ea8: does not qualify; 3.2 s; peak memory 4839 MiB.
2026-10-05T19:28:38Z INFO [2542/3239] 601b2ea6-37ed-4872-b753-6167e064cfb7: does not qualify; 1.8 s; peak memory 4839 MiB.
2026-10-05T19:28:39Z INFO [2543/3239] 601be7aa-320f-4573-9596-e9e3cc0366e5: does not qualify; 1.7 s; peak memory 4839 MiB.
2026-10-05T19:28:41Z INFO [2544/3239] 601d35a5-c4e4-4a19-9778-46f9de57a310: does not qualify; 1.6 s; peak memory 4839 MiB.
2026-10-05T19:28:41Z INFO [2545/3239] 601d7143-79be-4e86-aaa3-1c5b3c84f275: does not qualify; 0.6 s; peak memory 4839 MiB.
2026-10-05T19:28:42Z INFO [2546/3239] 601e0eda-f6c6-4740-b001-e1aa9df77e5c: does not qualify; 0.8 s; peak memory 4839 MiB.
2026-10-05T19:28:44Z INFO [2547/3239] 6020163b-f3a9-449a-a21e-0c215861d5ed: does not qualify; 1.3 s; peak memory 4839 MiB.
2026-10-05T19:28:44Z INFO [2548/3239] 602020c9-8dc1-4d36-9c94-5aad283fec7f: does not qualify; 0.8 s; peak memory 4839 MiB.
2026-10-05T19:28:45Z INFO [2549/3239] 6020318d-9ec0-47bd-9264-8c4104827b6b: does not qualify; 0.8 s; peak memory 4839 MiB.
2026-10-05T19:28:46Z INFO [2550/3239] 6020824b-3ee3-4954-8bfd-59c10dff0b3b: does not qualify; 0.8 s; peak memory 4839 MiB.
2026-10-05T19:28:46Z INFO [2550/3239] 6020824b-3ee3-4954-8bfd-59c10dff0b3b: checkpointed 74693 records.
2026-10-05T19:28:47Z INFO [2551/3239] 60213703-b788-40f5-986c-bb4b355c16f7: does not qualify; 1.2 s; peak memory 4839 MiB.
2026-10-05T19:28:50Z INFO [2552/3239] 602278ab-7f8d-4ff0-a4d6-2befb50bdbd4: does not qualify; 2.6 s; peak memory 4839 MiB.
2026-10-05T19:28:52Z INFO [2553/3239] 6022afcd-1876-4649-9f6b-068feac93345: does not qualify; 1.9 s; peak memory 4839 MiB.
2026-10-05T19:28:53Z INFO [2554/3239] 6022f0a5-64c2-4d5d-94da-eb9d7a5f4ab4: does not qualify; 0.8 s; peak memory 4839 MiB.
2026-10-05T19:28:53Z INFO [2555/3239] 60243654-3789-4cf7-88cc-dbee2f2015f6: does not qualify; 0.7 s; peak memory 4839 MiB.
2026-10-05T19:28:54Z INFO [2556/3239] 60244347-ca66-4f81-b67b-64a44455adb8: does not qualify; 1.0 s; peak memory 4839 MiB.
2026-10-05T19:28:56Z INFO [2557/3239] 60263f29-d84d-43d3-b00b-2fad4b27f889: does not qualify; 1.2 s; peak memory 4839 MiB.
2026-10-05T19:28:57Z INFO [2558/3239] 602690fa-3a0a-4015-bf54-45831336eca4: does not qualify; 1.0 s; peak memory 4839 MiB.
2026-10-05T19:28:59Z INFO [2559/3239] 6026bd9d-c6ed-4a9a-8b4a-6cc159a5e9d2: does not qualify; 2.3 s; peak memory 4839 MiB.
2026-10-05T19:28:59Z INFO [2560/3239] 6026f0fe-990f-4405-a43c-4e0b0c49d8bd: does not qualify; 0.6 s; peak memory 4839 MiB.
2026-10-05T19:29:00Z INFO [2561/3239] 6027696a-fa2b-4afc-8ba4-ac176f675aed: does not qualify; 0.8 s; peak memory 4839 MiB.
2026-10-05T19:29:01Z INFO [2562/3239] 6027780c-c331-419c-b77d-9c4ce73c04f6: does not qualify; 0.7 s; peak memory 4839 MiB.
2026-10-05T19:29:05Z INFO [2563/3239] 602800c7-4d24-4c4d-a42c-b6ca75c543d2: does not qualify; 4.3 s; peak memory 4839 MiB.
2026-10-05T19:29:06Z INFO [2564/3239] 6029b8cb-f78a-49c2-a915-8356766ad89b: does not qualify; 0.8 s; peak memory 4839 MiB.
2026-10-05T19:29:10Z INFO [2565/3239] 6029edd0-e42d-4357-a701-9b8c851b49e2: does not qualify; 3.6 s; peak memory 4839 MiB.
2026-10-05T19:29:11Z INFO [2566/3239] 6029f0da-6914-40ea-b1de-8383d1dfe92f: does not qualify; 0.9 s; peak memory 4839 MiB.
2026-10-05T19:29:12Z INFO [2567/3239] 602a4990-edf1-4c35-aea7-37ec64736dda: does not qualify; 1.3 s; peak memory 4839 MiB.
2026-10-05T19:29:13Z INFO [2568/3239] 602a52fa-d61d-4a73-a676-b2c9bf96564a: does not qualify; 1.2 s; peak memory 4839 MiB.
2026-10-05T19:29:14Z INFO [2569/3239] 602b7757-a19c-41ad-bdeb-e0e4ba3165f1: does not qualify; 0.8 s; peak memory 4839 MiB.
2026-10-05T19:29:15Z INFO [2570/3239] 602c2fcf-98ff-49a1-887e-e1ebae724ed6: does not qualify; 0.8 s; peak memory 4839 MiB.
2026-10-05T19:29:16Z INFO [2571/3239] 602cc8e3-9de5-4947-96ba-4d6e9f93662b: does not qualify; 1.4 s; peak memory 4839 MiB.
2026-10-05T19:29:17Z INFO [2572/3239] 602ec2b5-5b22-4442-9628-9d44dbdf616e: does not qualify; 1.0 s; peak memory 4839 MiB.
2026-10-05T19:29:18Z INFO [2573/3239] 602f2d5d-03f5-44b0-84ed-8411e10dc2e0: does not qualify; 0.9 s; peak memory 4839 MiB.
2026-10-05T19:29:19Z INFO [2574/3239] 602f9ad5-bf84-409b-890e-abc3b03455d9: does not qualify; 1.0 s; peak memory 4839 MiB.
2026-10-05T19:29:22Z INFO [2575/3239] 602fdb36-f4e6-4d71-967b-065d9732dbe8: does not qualify; 3.1 s; peak memory 4839 MiB.
2026-10-05T19:29:23Z INFO [2576/3239] 60304258-0d2d-458d-8695-f8d39e855ec6: does not qualify; 0.8 s; peak memory 4839 MiB.
2026-10-05T19:29:24Z INFO [2577/3239] 60314858-bf45-41ee-9a27-9408ca150e6d: does not qualify; 0.8 s; peak memory 4839 MiB.
2026-10-05T19:29:28Z INFO [2578/3239] 6031a2e1-8d64-4e2b-9667-f0ba5f1911e0: does not qualify; 4.1 s; peak memory 4839 MiB.
2026-10-05T19:29:32Z INFO [2579/3239] 6031a58c-c569-49f0-b233-b5b2d58c9b91: does not qualify; 3.7 s; peak memory 4839 MiB.
2026-10-05T19:29:32Z INFO [2580/3239] 6031e342-db6b-4a7b-973e-9e53de173176: does not qualify; 0.6 s; peak memory 4839 MiB.
2026-10-05T19:29:33Z INFO [2581/3239] 603200e1-d32b-41a7-974b-50fb54125ef2: does not qualify; 0.8 s; peak memory 4839 MiB.
2026-10-05T19:29:38Z INFO [2582/3239] 6032604d-c882-42ae-84c6-027a55ff5fe2: does not qualify; 4.8 s; peak memory 4839 MiB.
2026-10-05T19:29:42Z INFO [2583/3239] 6032c997-d135-45fb-bd2c-9d7da80783ce: does not qualify; 4.4 s; peak memory 4839 MiB.
2026-10-05T19:29:43Z INFO [2584/3239] 603322f3-dde0-4e65-8d5f-5c60aaf12060: does not qualify; 0.9 s; peak memory 4839 MiB.
2026-10-05T19:29:44Z INFO [2585/3239] 6033ac8e-d859-454d-b8b8-acf430f06e7c: does not qualify; 0.7 s; peak memory 4839 MiB.
2026-10-05T19:29:47Z INFO [2586/3239] 6033ea78-e5da-44d1-bafb-6efa6f582677: does not qualify; 3.5 s; peak memory 4839 MiB.
2026-10-05T19:29:51Z INFO [2587/3239] 6034b0e7-a0d0-47a5-a46b-52e843cf61d7: does not qualify; 4.2 s; peak memory 4839 MiB.
2026-10-05T19:29:52Z INFO [2588/3239] 6036af47-8cce-454c-8698-6f3b1c26fb70: does not qualify; 0.7 s; peak memory 4839 MiB.
2026-10-05T19:29:53Z INFO [2589/3239] 6036e697-41ed-4739-a329-9581b56c8196: does not qualify; 0.9 s; peak memory 4839 MiB.
2026-10-05T19:29:54Z INFO [2590/3239] 60371813-c6f4-49b9-8675-aaaf75a45275: does not qualify; 0.7 s; peak memory 4839 MiB.
2026-10-05T19:29:55Z INFO [2591/3239] 6037510b-f37e-45d1-9272-1c28a73df0b4: does not qualify; 0.9 s; peak memory 4839 MiB.
2026-10-05T19:29:55Z INFO [2592/3239] 6037b9c9-2750-4dbc-bbc0-0fad5d2f4bd4: does not qualify; 0.7 s; peak memory 4839 MiB.
2026-10-05T19:29:56Z INFO [2593/3239] 6037daba-5c61-45ca-a6a3-424eff8005a9: does not qualify; 0.5 s; peak memory 4839 MiB.
2026-10-05T19:29:56Z INFO [2594/3239] 603805f1-2c69-4740-92c1-b09eaf86947e: does not qualify; 0.5 s; peak memory 4839 MiB.
2026-10-05T19:29:57Z INFO [2595/3239] 6038d5f4-15bd-4ff0-88ed-597d7ffb84c4: does not qualify; 0.7 s; peak memory 4839 MiB.
2026-10-05T19:29:59Z INFO [2596/3239] 60390ff0-00a1-4862-8b41-451ce8b6d226: does not qualify; 2.1 s; peak memory 4839 MiB.
2026-10-05T19:30:00Z INFO [2597/3239] 6039304e-9fd7-40a3-8342-a39cf24023be: does not qualify; 1.0 s; peak memory 4839 MiB.
2026-10-05T19:30:04Z INFO [2598/3239] 603b1911-9bb7-45bc-acf3-54af4fe1b58b: does not qualify; 3.8 s; peak memory 4839 MiB.
2026-10-05T19:30:05Z INFO [2599/3239] 603b8144-f2aa-4eae-aba4-4c7304517db4: does not qualify; 0.9 s; peak memory 4839 MiB.
2026-10-05T19:30:06Z INFO [2600/3239] 603cd044-9445-48fa-9ccf-8f9c96384b32: does not qualify; 0.7 s; peak memory 4839 MiB.
2026-10-05T19:30:06Z INFO [2600/3239] 603cd044-9445-48fa-9ccf-8f9c96384b32: checkpointed 74743 records.
2026-10-05T19:30:07Z INFO [2601/3239] 603d002d-abb8-4599-864d-1e8a189a90d3: does not qualify; 0.8 s; peak memory 4839 MiB.
2026-10-05T19:30:07Z INFO [2602/3239] 603d1bd3-c7b3-49d4-9a4b-53c6fca4ff19: does not qualify; 0.5 s; peak memory 4839 MiB.
2026-10-05T19:30:08Z INFO [2603/3239] 603d9bb6-995b-4673-a6e6-f47a7d58a4b1: does not qualify; 0.7 s; peak memory 4839 MiB.
2026-10-05T19:30:09Z INFO [2604/3239] 603da7ad-4e7e-4913-af16-440313654df5: does not qualify; 0.8 s; peak memory 4839 MiB.
2026-10-05T19:30:10Z INFO [2605/3239] 603deb39-1a4d-4b57-bc67-e455abecbec2: does not qualify; 1.3 s; peak memory 4839 MiB.
2026-10-05T19:30:11Z INFO [2606/3239] 603eee81-0579-46f2-a2a6-10e5868a675c: does not qualify; 1.0 s; peak memory 4839 MiB.
2026-10-05T19:30:12Z INFO [2607/3239] 603f3761-69b6-41e0-a591-233ce69ba764: does not qualify; 0.7 s; peak memory 4839 MiB.
2026-10-05T19:30:12Z INFO [2608/3239] 603fcfa5-83bd-4830-8b85-b796256d27e0: does not qualify; 0.7 s; peak memory 4839 MiB.
2026-10-05T19:30:19Z INFO [2609/3239] 603ff4cb-b6b8-4c23-af3f-509e4215d959: does not qualify; 6.7 s; peak memory 4839 MiB.
2026-10-05T19:30:19Z INFO [2610/3239] 60405de4-c7d7-4b11-9f95-6e6f741e4387: does not qualify; 0.5 s; peak memory 4839 MiB.
2026-10-05T19:30:21Z INFO [2611/3239] 6040d693-4d0f-42b6-ad77-76858ad9d1e2: does not qualify; 2.0 s; peak memory 4839 MiB.
2026-10-05T19:30:23Z INFO [2612/3239] 60418e5d-ffe4-4531-a98f-aabb56618076: does not qualify; 1.1 s; peak memory 4839 MiB.
2026-10-05T19:30:23Z INFO [2613/3239] 604264ee-9055-4645-9cef-dfd1391e96e9: does not qualify; 0.7 s; peak memory 4839 MiB.
2026-10-05T19:30:24Z INFO [2614/3239] 6042c64e-b0b5-4bbc-914f-3fc22f1dfdd3: does not qualify; 0.7 s; peak memory 4839 MiB.
2026-10-05T19:31:52Z INFO [2615/3239] 604384fc-d745-4d25-b22b-15a12032ea6a: qualifies; 88.1 s; peak memory 5313 MiB.
2026-10-05T19:32:02Z INFO [2616/3239] 60446cef-c988-4922-b3a4-32e1b7b6399b: does not qualify; 10.1 s; peak memory 5313 MiB.
2026-10-05T19:32:03Z INFO [2617/3239] 60450ef1-d53a-4fa0-a044-d5545ce4eaf5: does not qualify; 0.9 s; peak memory 5313 MiB.
2026-10-05T19:32:22Z INFO [2618/3239] 6045a516-fbf7-431c-888d-4ac711e2d638: does not qualify; 19.4 s; peak memory 5313 MiB.
2026-10-05T19:32:23Z INFO [2619/3239] 6045a956-88c5-4a38-a256-40bf04293fd1: does not qualify; 0.5 s; peak memory 5313 MiB.
2026-10-05T19:32:24Z INFO [2620/3239] 6045df82-98f8-4673-a625-849548cf5b78: does not qualify; 1.2 s; peak memory 5313 MiB.
2026-10-05T19:32:25Z INFO [2621/3239] 6045f635-f702-4fd9-b476-ccd49bc8cbed: does not qualify; 0.9 s; peak memory 5313 MiB.
2026-10-05T19:32:27Z INFO [2622/3239] 6047e924-0072-4f01-9b77-5a43a24f7954: does not qualify; 1.4 s; peak memory 5313 MiB.
2026-10-05T19:32:32Z INFO [2623/3239] 60481330-e87f-4c0d-a236-84ef2a37d7e0: does not qualify; 5.2 s; peak memory 5313 MiB.
2026-10-05T19:32:37Z INFO [2624/3239] 6048ed44-d5a7-46db-8bcc-4a386770bb7f: does not qualify; 5.0 s; peak memory 5313 MiB.
2026-10-05T19:32:38Z INFO [2625/3239] 6049b2c2-7718-44eb-9431-6ba7db958dfa: does not qualify; 1.0 s; peak memory 5313 MiB.
2026-10-05T19:32:39Z INFO [2626/3239] 6049b7d7-d5db-4289-9032-2a7a240de5f9: does not qualify; 1.0 s; peak memory 5313 MiB.
2026-10-05T19:32:40Z INFO [2627/3239] 604aaaf7-0b2f-417d-8fa6-153eb86844ec: does not qualify; 0.8 s; peak memory 5313 MiB.
2026-10-05T19:32:40Z INFO [2628/3239] 604aed01-93b8-445e-9bc6-e08d4ea22dac: does not qualify; 0.7 s; peak memory 5313 MiB.
2026-10-05T19:32:41Z INFO [2629/3239] 604b45c3-0bfa-4448-8b05-2416be889f09: does not qualify; 0.7 s; peak memory 5313 MiB.
2026-10-05T19:32:42Z INFO [2630/3239] 604c4d0a-7f1f-4395-bf59-2fd1dcbe1b7c: does not qualify; 1.2 s; peak memory 5313 MiB.
2026-10-05T19:32:43Z INFO [2631/3239] 604c77f3-9b34-45b6-813d-f3ff3008fe4d: does not qualify; 0.6 s; peak memory 5313 MiB.
2026-10-05T19:32:44Z INFO [2632/3239] 604cb0c2-6219-4602-9598-5fb31d91a7fa: does not qualify; 0.9 s; peak memory 5313 MiB.
2026-10-05T19:32:52Z INFO [2633/3239] 604cc43f-a47c-46f2-9e3c-53c4001e57f4: does not qualify; 8.7 s; peak memory 5313 MiB.
2026-10-05T19:32:53Z INFO [2634/3239] 604ce810-1e97-47e8-941a-b4fdca08dd4d: does not qualify; 0.8 s; peak memory 5313 MiB.
2026-10-05T19:32:54Z INFO [2635/3239] 604d6cf5-3154-4799-a34d-90c4ec6f82f8: does not qualify; 0.8 s; peak memory 5313 MiB.
2026-10-05T19:32:55Z INFO [2636/3239] 604e0578-aeb3-4f10-ac22-9cff853e947e: does not qualify; 0.9 s; peak memory 5313 MiB.
2026-10-05T19:32:56Z INFO [2637/3239] 604e3f2c-5887-4188-ae3a-f9dd4319f325: does not qualify; 1.0 s; peak memory 5313 MiB.
2026-10-05T19:33:00Z INFO [2638/3239] 604e4edd-6de8-4f4c-b255-f42dfc40c58a: does not qualify; 4.4 s; peak memory 5313 MiB.
2026-10-05T19:33:02Z INFO [2639/3239] 604e63b0-eefe-43ad-b0bc-b346bef6ac5c: does not qualify; 2.3 s; peak memory 5313 MiB.
2026-10-05T19:33:03Z INFO [2640/3239] 604f5e4c-baec-4376-9dd4-190feff3fb8f: does not qualify; 0.8 s; peak memory 5313 MiB.
2026-10-05T19:33:04Z INFO [2641/3239] 604fc7da-e60f-44db-9caa-c3965339ed72: does not qualify; 0.8 s; peak memory 5313 MiB.
2026-10-05T19:33:05Z INFO [2642/3239] 604ff8bf-ec9f-45a4-8f45-bae52e8ce300: does not qualify; 0.9 s; peak memory 5313 MiB.
2026-10-05T19:33:06Z INFO [2643/3239] 6050ab48-8f95-4216-89ea-86920a3c6f34: does not qualify; 0.7 s; peak memory 5313 MiB.
2026-10-05T19:33:07Z INFO [2644/3239] 6050d5b2-a064-4144-8cb2-d43bf816564c: does not qualify; 0.9 s; peak memory 5313 MiB.
2026-10-05T19:33:09Z INFO [2645/3239] 60516a39-ab93-4fa0-9ea1-bc3c55a95e4b: does not qualify; 2.2 s; peak memory 5313 MiB.
2026-10-05T19:33:10Z INFO [2646/3239] 60518513-d03c-4fbf-a34d-978f74e09d96: does not qualify; 0.8 s; peak memory 5313 MiB.
2026-10-05T19:33:11Z INFO [2647/3239] 6051b526-d371-4fa8-a7ee-aec9b862c25a: does not qualify; 1.5 s; peak memory 5313 MiB.
2026-10-05T19:33:12Z INFO [2648/3239] 6051c5b7-3608-4e15-b98b-482db4d3d455: does not qualify; 0.8 s; peak memory 5313 MiB.
2026-10-05T19:33:15Z INFO [2649/3239] 6052fa84-9b68-4b3b-ba52-1818b9da6d58: does not qualify; 2.9 s; peak memory 5313 MiB.
2026-10-05T19:33:16Z INFO [2650/3239] 6053b8d6-dae3-4274-91ff-6750ca27e65b: does not qualify; 0.9 s; peak memory 5313 MiB.
2026-10-05T19:33:16Z INFO [2650/3239] 6053b8d6-dae3-4274-91ff-6750ca27e65b: checkpointed 74793 records.
2026-10-05T19:33:17Z INFO [2651/3239] 60549d5a-ed86-464a-a0b8-2b2ad3ca2da2: does not qualify; 1.3 s; peak memory 5313 MiB.
2026-10-05T19:33:18Z INFO [2652/3239] 6055bed8-ee3b-4f8b-a72a-72fb54b40203: does not qualify; 0.8 s; peak memory 5313 MiB.
2026-10-05T19:33:19Z INFO [2653/3239] 605789fd-987e-4b05-86e9-83ddcff40f30: does not qualify; 1.0 s; peak memory 5313 MiB.
2026-10-05T19:33:20Z INFO [2654/3239] 6057c5b2-678d-4462-9e66-cda3b433d008: does not qualify; 0.7 s; peak memory 5313 MiB.
2026-10-05T19:33:21Z INFO [2655/3239] 60582928-6927-44fa-aa0f-d96604951aae: does not qualify; 1.0 s; peak memory 5313 MiB.
2026-10-05T19:33:23Z INFO [2656/3239] 6058d05a-b9e2-4c59-ba24-70e318110f23: does not qualify; 1.9 s; peak memory 5313 MiB.
2026-10-05T19:33:24Z INFO [2657/3239] 6058e739-9ad6-4415-91d9-b79bc83ae4ad: does not qualify; 1.1 s; peak memory 5313 MiB.
2026-10-05T19:33:25Z INFO [2658/3239] 6059c66e-a78b-4ef0-b423-8d1bdccf644b: does not qualify; 0.8 s; peak memory 5313 MiB.
2026-10-05T19:33:25Z INFO [2659/3239] 605a7d4f-c936-4e59-882d-23e70d17a112: does not qualify; 0.8 s; peak memory 5313 MiB.
2026-10-05T19:33:30Z INFO [2660/3239] 605a9e72-6722-4c97-91e1-0737dcc720cf: does not qualify; 5.0 s; peak memory 5313 MiB.
2026-10-05T19:33:37Z INFO [2661/3239] 605b8195-6a65-40d4-91ec-bbaab44b7107: does not qualify; 6.3 s; peak memory 5313 MiB.
2026-10-05T19:33:38Z INFO [2662/3239] 605c21ae-6102-4aa6-bd76-b4f9bd2c1a07: does not qualify; 0.9 s; peak memory 5313 MiB.
2026-10-05T19:33:38Z INFO [2663/3239] 605d5308-da0c-4e8a-964b-cabd40b94663: does not qualify; 0.9 s; peak memory 5313 MiB.
2026-10-05T19:33:41Z INFO [2664/3239] 605d9932-9e45-422a-9f67-0a8ae5683224: does not qualify; 2.1 s; peak memory 5313 MiB.
2026-10-05T19:33:41Z INFO [2665/3239] 605dc6be-4154-4d2f-8033-abdc077efcd6: does not qualify; 0.7 s; peak memory 5313 MiB.
2026-10-05T19:33:43Z INFO [2666/3239] 605ddbcd-1e12-4a75-8938-bd3e5f4bd846: does not qualify; 1.8 s; peak memory 5313 MiB.
2026-10-05T19:33:47Z INFO [2667/3239] 605e0bf5-9c7b-44d1-a945-2f80d6189f4a: does not qualify; 4.3 s; peak memory 5313 MiB.
2026-10-05T19:33:48Z INFO [2668/3239] 605e7ba9-3b4c-4074-9dc4-15f2621d8887: does not qualify; 0.7 s; peak memory 5313 MiB.
2026-10-05T19:33:49Z INFO [2669/3239] 605ecd05-a2dd-41f4-8d25-19e6389f6914: does not qualify; 0.5 s; peak memory 5313 MiB.
2026-10-05T19:33:49Z INFO [2670/3239] 605f83f4-ddea-4b5f-927d-0e89048e117c: does not qualify; 0.7 s; peak memory 5313 MiB.
2026-10-05T19:33:50Z INFO [2671/3239] 605f9555-57bc-45eb-9284-dc25a3bffeba: does not qualify; 1.1 s; peak memory 5313 MiB.
2026-10-05T19:33:51Z INFO [2672/3239] 605ff3bb-111a-4bc2-8757-ac95e9ffb002: does not qualify; 0.8 s; peak memory 5313 MiB.
2026-10-05T19:33:57Z INFO [2673/3239] 605ff485-da96-481d-9a81-e61f56beda71: does not qualify; 5.6 s; peak memory 5313 MiB.
2026-10-05T19:33:57Z INFO [2674/3239] 6060b3bc-4f8c-412d-9ae8-4a5fdb420587: does not qualify; 0.7 s; peak memory 5313 MiB.
2026-10-05T19:33:58Z INFO [2675/3239] 60614ede-2f4e-4325-b95f-f6672b9e31c6: does not qualify; 0.8 s; peak memory 5313 MiB.
2026-10-05T19:33:59Z INFO [2676/3239] 60621093-c327-491d-9a89-a6e78dfefca8: does not qualify; 1.3 s; peak memory 5313 MiB.
2026-10-05T19:34:00Z INFO [2677/3239] 6062f3bf-d68d-4277-a97c-0e021bb8f386: does not qualify; 0.7 s; peak memory 5313 MiB.
2026-10-05T19:34:01Z INFO [2678/3239] 6063c1b6-0698-4c86-afc5-2774d20e2f27: does not qualify; 0.8 s; peak memory 5313 MiB.
2026-10-05T19:34:02Z INFO [2679/3239] 6064133c-71d7-40c8-ab49-07e047fd75a5: does not qualify; 0.9 s; peak memory 5313 MiB.
2026-10-05T19:34:03Z INFO [2680/3239] 60645627-033a-4a8d-892f-fe439a8923fd: does not qualify; 1.2 s; peak memory 5313 MiB.
2026-10-05T19:34:04Z INFO [2681/3239] 6064abc5-f319-459b-92fd-c7285f7bdc2e: does not qualify; 0.7 s; peak memory 5313 MiB.
2026-10-05T19:34:04Z INFO [2682/3239] 6064c830-2af8-4630-a58d-ddaffe4f9859: does not qualify; 0.8 s; peak memory 5313 MiB.
2026-10-05T19:34:05Z INFO [2683/3239] 6065781d-9e0c-4308-818d-f8dbf4602586: does not qualify; 0.7 s; peak memory 5313 MiB.
2026-10-05T19:34:06Z INFO [2684/3239] 6065bbef-f0ae-4a75-825b-247f08d9e539: does not qualify; 0.8 s; peak memory 5313 MiB.
2026-10-05T19:34:07Z INFO [2685/3239] 6066589f-1604-4d27-865b-259e37079c09: does not qualify; 0.5 s; peak memory 5313 MiB.
2026-10-05T19:34:08Z INFO [2686/3239] 60668c13-5253-4f66-8c29-2858e4bbb982: does not qualify; 1.0 s; peak memory 5313 MiB.
2026-10-05T19:34:11Z INFO [2687/3239] 60669f20-75a0-4dc1-a4e0-2b0cb54f4978: does not qualify; 3.5 s; peak memory 5313 MiB.
2026-10-05T19:34:12Z INFO [2688/3239] 60671775-44a1-47e5-a506-8a1382a2ddb8: does not qualify; 0.8 s; peak memory 5313 MiB.
2026-10-05T19:34:13Z INFO [2689/3239] 60677209-01b1-476c-96e1-52430b76b4b5: does not qualify; 1.3 s; peak memory 5313 MiB.
2026-10-05T19:34:15Z INFO [2690/3239] 60677db7-ddc4-46ba-a545-f798fbfa466f: does not qualify; 2.0 s; peak memory 5313 MiB.
2026-10-05T19:34:19Z INFO [2691/3239] 60678acf-d337-45c5-ab81-5745fb240434: does not qualify; 3.6 s; peak memory 5313 MiB.
2026-10-05T19:34:20Z INFO [2692/3239] 606796fa-9533-4def-8342-16b948205fba: does not qualify; 0.9 s; peak memory 5313 MiB.
2026-10-05T19:34:21Z INFO [2693/3239] 60680314-902b-44cd-b963-6fbef6f9658a: does not qualify; 1.7 s; peak memory 5313 MiB.
2026-10-05T19:34:22Z INFO [2694/3239] 60680923-2cf3-4736-ae96-285133f350d1: does not qualify; 0.5 s; peak memory 5313 MiB.
2026-10-05T19:34:24Z INFO [2695/3239] 6068f422-7513-449a-8822-946fd8e24ef0: does not qualify; 2.0 s; peak memory 5313 MiB.
2026-10-05T19:34:30Z INFO [2696/3239] 606b2e06-b250-4ad5-84af-90d8e355b632: does not qualify; 5.7 s; peak memory 5313 MiB.
2026-10-05T19:34:31Z INFO [2697/3239] 606b2efd-f3e3-4dcf-b250-24d03d3b8c34: does not qualify; 0.9 s; peak memory 5313 MiB.
2026-10-05T19:34:32Z INFO [2698/3239] 606b9b73-4d6c-4b0c-b42d-4d7f5c9c2d08: does not qualify; 1.0 s; peak memory 5313 MiB.
2026-10-05T19:34:32Z INFO [2699/3239] 606caaa0-67aa-4512-a187-6c7398f483be: does not qualify; 0.8 s; peak memory 5313 MiB.
2026-10-05T19:34:33Z INFO [2700/3239] 606cb22a-a951-4a27-a1f7-f6a1e539fcad: does not qualify; 0.8 s; peak memory 5313 MiB.
2026-10-05T19:34:33Z INFO [2700/3239] 606cb22a-a951-4a27-a1f7-f6a1e539fcad: checkpointed 74843 records.
2026-10-05T19:34:34Z INFO [2701/3239] 606d8565-d758-4380-81ff-2af68dfeae95: does not qualify; 0.8 s; peak memory 5313 MiB.
2026-10-05T19:34:37Z INFO [2702/3239] 606f2b78-c868-4c49-bc9f-7cbd9366a82b: does not qualify; 3.2 s; peak memory 5313 MiB.
2026-10-05T19:34:41Z INFO [2703/3239] 606f82cb-3ea5-49c1-99c1-1b33ba1dd0df: does not qualify; 4.0 s; peak memory 5313 MiB.
2026-10-05T19:34:47Z INFO [2704/3239] 606fe68a-b825-492e-aa4a-d891db83de2f: does not qualify; 5.5 s; peak memory 5313 MiB.
2026-10-05T19:34:47Z INFO [2705/3239] 60725ca3-3bbf-4c07-8dbe-326804f58bac: does not qualify; 0.6 s; peak memory 5313 MiB.
2026-10-05T19:34:48Z INFO [2706/3239] 607387d6-ea6d-4342-893e-e67dc92515f1: does not qualify; 0.8 s; peak memory 5313 MiB.
2026-10-05T19:34:49Z INFO [2707/3239] 607398f3-96b7-4881-8285-3dd985f4da9a: does not qualify; 0.6 s; peak memory 5313 MiB.
2026-10-05T19:34:50Z INFO [2708/3239] 60743173-75b2-4345-8afe-a1547e3f707b: does not qualify; 0.8 s; peak memory 5313 MiB.
2026-10-05T19:34:50Z INFO [2709/3239] 60746750-21dd-49f2-b774-4a1e61807c7a: does not qualify; 0.8 s; peak memory 5313 MiB.
2026-10-05T19:34:56Z INFO [2710/3239] 6074bba8-6227-4e70-8796-f0443b173299: does not qualify; 5.6 s; peak memory 5313 MiB.
2026-10-05T19:34:56Z INFO [2711/3239] 6075c091-ba39-4da1-b2ed-60c3de703c2b: does not qualify; 0.5 s; peak memory 5313 MiB.
2026-10-05T19:34:57Z INFO [2712/3239] 607665bb-14c5-4d74-a1d1-840878825cba: does not qualify; 0.6 s; peak memory 5313 MiB.
2026-10-05T19:34:59Z INFO [2713/3239] 607784d8-528b-453e-b8a1-ec0861f9f44a: does not qualify; 1.5 s; peak memory 5313 MiB.
2026-10-05T19:35:02Z INFO [2714/3239] 60783a2c-6c04-4275-9547-7c428f0ae27f: does not qualify; 3.8 s; peak memory 5313 MiB.
2026-10-05T19:35:03Z INFO [2715/3239] 60787732-003b-4b63-afb4-ea0209117c9f: does not qualify; 0.9 s; peak memory 5313 MiB.
2026-10-05T19:35:04Z INFO [2716/3239] 60789205-3ce8-450d-8150-9b829ab1b082: does not qualify; 0.7 s; peak memory 5313 MiB.
2026-10-05T19:35:06Z INFO [2717/3239] 6078cee8-2383-411f-bd67-a1e29bbbe576: does not qualify; 1.7 s; peak memory 5313 MiB.
2026-10-05T19:35:06Z INFO [2718/3239] 60793631-cb1e-4321-9913-516d2157f368: does not qualify; 0.5 s; peak memory 5313 MiB.
2026-10-05T19:35:18Z INFO [2719/3239] 607946f9-6ded-450b-b090-ff52a91f54bc: does not qualify; 12.1 s; peak memory 5313 MiB.
2026-10-05T19:35:19Z INFO [2720/3239] 6079b813-8a49-4092-82be-1663970582d5: does not qualify; 0.7 s; peak memory 5313 MiB.
2026-10-05T19:35:24Z INFO [2721/3239] 607a4605-21a9-4e84-88dc-1cee8b17df34: does not qualify; 5.5 s; peak memory 5313 MiB.
2026-10-05T19:35:25Z INFO [2722/3239] 607a5d3d-f4bf-47cd-a8a9-cca77594e727: does not qualify; 0.8 s; peak memory 5313 MiB.
2026-10-05T19:35:26Z INFO [2723/3239] 607a9c15-dca1-445e-9540-a9bcbf13198f: does not qualify; 0.9 s; peak memory 5313 MiB.
2026-10-05T19:35:27Z INFO [2724/3239] 607b7d5a-636f-444c-90ed-ab42ece0aa72: does not qualify; 0.7 s; peak memory 5313 MiB.
2026-10-05T19:35:28Z INFO [2725/3239] 607b8105-47ba-4479-93fa-444f4cfde68e: does not qualify; 1.5 s; peak memory 5313 MiB.
2026-10-05T19:35:30Z INFO [2726/3239] 607baa23-2804-48b7-8ad1-2a050fe68cbf: does not qualify; 1.0 s; peak memory 5313 MiB.
2026-10-05T19:35:32Z INFO [2727/3239] 607bc395-6c13-42b9-874f-eb13f7c83f91: does not qualify; 2.1 s; peak memory 5313 MiB.
2026-10-05T19:35:33Z INFO [2728/3239] 607bea11-4e71-4930-b63b-3aad98d2bc66: does not qualify; 1.8 s; peak memory 5313 MiB.
2026-10-05T19:35:34Z INFO [2729/3239] 607cd647-4c07-4acd-a682-46ab1414c8f8: does not qualify; 0.9 s; peak memory 5313 MiB.
2026-10-05T19:35:35Z INFO [2730/3239] 607d1510-126e-4a5c-97b7-ef823a9791a0: does not qualify; 1.0 s; peak memory 5313 MiB.
2026-10-05T19:35:36Z INFO [2731/3239] 607d2d65-7ab0-447a-a47b-565a81562ade: does not qualify; 0.9 s; peak memory 5313 MiB.
2026-10-05T19:35:37Z INFO [2732/3239] 607d600d-ba76-44b0-9613-cae2a8267acf: does not qualify; 0.6 s; peak memory 5313 MiB.
2026-10-05T19:35:38Z INFO [2733/3239] 607d9788-fc0a-4796-bc7a-6d9b8208572c: does not qualify; 0.8 s; peak memory 5313 MiB.
2026-10-05T19:35:39Z INFO [2734/3239] 607e731b-3fc7-4116-9063-bf89027a1398: does not qualify; 1.0 s; peak memory 5313 MiB.
2026-10-05T19:35:40Z INFO [2735/3239] 607e8206-1f89-49fb-a8e9-60f7454fd787: does not qualify; 1.0 s; peak memory 5313 MiB.
2026-10-05T19:35:41Z INFO [2736/3239] 607f0d8e-b9d5-402e-8de5-85a9245943a4: does not qualify; 1.1 s; peak memory 5313 MiB.
2026-10-05T19:35:41Z INFO [2737/3239] 607fef84-5947-4a5f-95fa-eadf4a4a2c94: does not qualify; 0.8 s; peak memory 5313 MiB.
2026-10-05T19:35:42Z INFO [2738/3239] 60800331-df57-4aa6-ba88-23bdd07ef539: does not qualify; 0.5 s; peak memory 5313 MiB.
2026-10-05T19:35:42Z INFO [2739/3239] 60802e6b-9a23-4201-9699-df4d5edfa881: does not qualify; 0.5 s; peak memory 5313 MiB.
2026-10-05T19:35:45Z INFO [2740/3239] 6080b791-c83e-4075-9859-b99b7de952bf: does not qualify; 2.3 s; peak memory 5313 MiB.
2026-10-05T19:35:48Z INFO [2741/3239] 6080c2d8-0fab-4fcb-8217-c804a9c80bc0: does not qualify; 3.5 s; peak memory 5313 MiB.
2026-10-05T19:35:51Z INFO [2742/3239] 6080f141-6f4c-4399-bea4-b13f992f6384: does not qualify; 2.3 s; peak memory 5313 MiB.
2026-10-05T19:35:51Z INFO [2743/3239] 6081138e-e45b-4358-a800-0ee35b61cc36: does not qualify; 0.9 s; peak memory 5313 MiB.
2026-10-05T19:35:53Z INFO [2744/3239] 6081c1bd-725b-4d65-ac9a-35cdaabdbbb4: does not qualify; 1.4 s; peak memory 5313 MiB.
2026-10-05T19:35:54Z INFO [2745/3239] 6082aa3a-c903-4172-beda-fe3b6d7ac470: does not qualify; 1.0 s; peak memory 5313 MiB.
2026-10-05T19:35:56Z INFO [2746/3239] 6083271b-1b64-4040-9860-3398e9903470: does not qualify; 2.0 s; peak memory 5313 MiB.
2026-10-05T19:36:00Z INFO [2747/3239] 60844829-8d5b-4ad7-9ea5-a1867a864712: does not qualify; 3.9 s; peak memory 5313 MiB.
2026-10-05T19:36:01Z INFO [2748/3239] 60875ce9-9fbc-481e-bbda-a10eaaf8f8d5: does not qualify; 1.1 s; peak memory 5313 MiB.
2026-10-05T19:36:02Z INFO [2749/3239] 60875f75-da5f-42ee-9db1-65ea0a4afbc8: does not qualify; 1.3 s; peak memory 5313 MiB.
2026-10-05T19:36:03Z INFO [2750/3239] 6087aec0-aad9-4484-a88e-bbdcd6d530f6: does not qualify; 1.2 s; peak memory 5313 MiB.
2026-10-05T19:36:03Z INFO [2750/3239] 6087aec0-aad9-4484-a88e-bbdcd6d530f6: checkpointed 74893 records.
2026-10-05T19:36:04Z INFO [2751/3239] 6087eb88-eb2f-4e45-b9fe-e3419436ed88: does not qualify; 0.9 s; peak memory 5313 MiB.
2026-10-05T19:36:05Z INFO [2752/3239] 60897994-6a54-492c-b1b8-c3873f67a854: does not qualify; 0.9 s; peak memory 5313 MiB.
2026-10-05T19:36:06Z INFO [2753/3239] 608b1aec-b0d4-4f10-8eda-6d7498a1f6d8: does not qualify; 0.9 s; peak memory 5313 MiB.
2026-10-05T19:36:07Z INFO [2754/3239] 608d6682-6efd-43a2-8fd8-70c1f4bf8708: does not qualify; 1.3 s; peak memory 5313 MiB.
2026-10-05T19:36:11Z INFO [2755/3239] 608d69c6-e153-4441-bbed-637a05de9461: does not qualify; 3.3 s; peak memory 5313 MiB.
2026-10-05T19:36:12Z INFO [2756/3239] 608e67ff-5f0c-4222-9fdf-8d1af8a8c684: does not qualify; 0.9 s; peak memory 5313 MiB.
2026-10-05T19:36:15Z INFO [2757/3239] 608f8600-03b2-4083-b2a5-94eb8f6adf95: does not qualify; 3.0 s; peak memory 5313 MiB.
2026-10-05T19:36:16Z INFO [2758/3239] 608f9f6b-9e79-405d-a6d1-e3cd3baff85e: does not qualify; 1.5 s; peak memory 5313 MiB.
2026-10-05T19:36:18Z INFO [2759/3239] 609135fc-7d63-4534-8fd9-9675ef6c00fa: does not qualify; 2.3 s; peak memory 5313 MiB.
2026-10-05T19:36:19Z INFO [2760/3239] 6091a4b9-7814-49a4-94bd-1f8b7156abea: does not qualify; 1.0 s; peak memory 5313 MiB.
2026-10-05T19:36:22Z INFO [2761/3239] 60920d2d-58ee-45f7-b058-ab461388eb56: does not qualify; 2.9 s; peak memory 5313 MiB.
2026-10-05T19:36:27Z INFO [2762/3239] 60923790-31a1-4a91-8e55-4fd63c16b89a: does not qualify; 4.9 s; peak memory 5313 MiB.
2026-10-05T19:36:28Z INFO [2763/3239] 60925bc5-61c1-471e-9c4d-805de113a624: does not qualify; 1.0 s; peak memory 5313 MiB.
2026-10-05T19:36:40Z INFO [2764/3239] 6092eecf-99f2-4f01-9736-11dedf19b7dc: does not qualify; 12.4 s; peak memory 5313 MiB.
2026-10-05T19:36:42Z INFO [2765/3239] 6092ef18-d437-4e1e-a5dc-de4b81cb0440: does not qualify; 1.4 s; peak memory 5313 MiB.
2026-10-05T19:36:43Z INFO [2766/3239] 6092efae-0a37-42a5-b28d-d2298b44ec63: does not qualify; 1.1 s; peak memory 5313 MiB.
2026-10-05T19:36:44Z INFO [2767/3239] 609333ca-7407-488c-9a51-c1817c0ec505: does not qualify; 1.2 s; peak memory 5313 MiB.
2026-10-05T19:36:45Z INFO [2768/3239] 6093eaa6-c83b-4072-903b-37c920f339e8: does not qualify; 0.9 s; peak memory 5313 MiB.
2026-10-05T19:36:46Z INFO [2769/3239] 60946698-215c-46f6-867a-a096e2f03ac3: does not qualify; 0.7 s; peak memory 5313 MiB.
2026-10-05T19:36:47Z INFO [2770/3239] 609558b0-1cda-43cc-86f9-5ec6553e0631: does not qualify; 1.0 s; peak memory 5313 MiB.
2026-10-05T19:36:48Z INFO [2771/3239] 6096046c-0b96-4e1f-88fe-272b2aca24b9: does not qualify; 1.7 s; peak memory 5313 MiB.
2026-10-05T19:36:49Z INFO [2772/3239] 60965c3d-f605-41d1-b0a2-2920a44a6881: does not qualify; 0.8 s; peak memory 5313 MiB.
2026-10-05T19:36:50Z INFO [2773/3239] 6097b03f-50c8-4ff1-95bf-cc57968dae17: does not qualify; 0.8 s; peak memory 5313 MiB.
2026-10-05T19:36:51Z INFO [2774/3239] 6098a54e-2ad9-4fe5-ad95-cfcb624d41ab: does not qualify; 0.7 s; peak memory 5313 MiB.
2026-10-05T19:36:53Z INFO [2775/3239] 609907d4-5056-4128-be63-dc575fe21faa: does not qualify; 2.0 s; peak memory 5313 MiB.
2026-10-05T19:36:55Z INFO [2776/3239] 609993a8-6ba1-485b-b367-e72f98feb009: does not qualify; 2.6 s; peak memory 5313 MiB.
2026-10-05T19:37:01Z INFO [2777/3239] 6099abae-3f38-459c-b8cc-ed6548904a9e: does not qualify; 5.3 s; peak memory 5313 MiB.
2026-10-05T19:37:02Z INFO [2778/3239] 609b5cc5-4ffc-4651-80c2-626dbfb4c67c: does not qualify; 0.8 s; peak memory 5313 MiB.
2026-10-05T19:37:02Z INFO [2779/3239] 609b971b-9e21-4a66-a54f-9d68e4804e9a: does not qualify; 0.9 s; peak memory 5313 MiB.
2026-10-05T19:37:06Z INFO [2780/3239] 609cd361-ca43-4d28-8154-6ccbcad0ea29: does not qualify; 3.1 s; peak memory 5313 MiB.
2026-10-05T19:37:07Z INFO [2781/3239] 609d2a57-b72f-407e-a6f8-21607a5febe7: does not qualify; 1.6 s; peak memory 5313 MiB.
2026-10-05T19:37:08Z INFO [2782/3239] 609d62ad-7d9b-4fa2-99bf-4bd1ee22fe0a: does not qualify; 1.0 s; peak memory 5313 MiB.
2026-10-05T19:37:10Z INFO [2783/3239] 609dbbaa-a448-43ad-9cb6-bd2b00814181: does not qualify; 1.6 s; peak memory 5313 MiB.
2026-10-05T19:37:10Z INFO [2784/3239] 609e2950-e0b7-49b1-a8c8-ede66b709464: does not qualify; 0.7 s; peak memory 5313 MiB.
2026-10-05T19:37:16Z INFO [2785/3239] 609f556b-94a0-414e-9cde-e3b304be5c3b: does not qualify; 5.4 s; peak memory 5313 MiB.
2026-10-05T19:37:17Z INFO [2786/3239] 60a0424c-a947-43c6-a568-a753468d98c4: does not qualify; 0.7 s; peak memory 5313 MiB.
2026-10-05T19:37:17Z INFO [2787/3239] 60a0480c-68ac-46bd-a8e2-7fe33f11883e: does not qualify; 0.8 s; peak memory 5313 MiB.
2026-10-05T19:37:23Z INFO [2788/3239] 60a0ba33-6e05-491d-bc08-ff936350db13: does not qualify; 5.6 s; peak memory 5313 MiB.
2026-10-05T19:37:24Z INFO [2789/3239] 60a1ba61-253e-4d9f-bd9f-94932c92a9c3: does not qualify; 0.8 s; peak memory 5313 MiB.
2026-10-05T19:37:25Z INFO [2790/3239] 60a1c1d7-11f6-4c19-a939-24c95ba6c62c: does not qualify; 1.7 s; peak memory 5313 MiB.
2026-10-05T19:37:29Z INFO [2791/3239] 60a43e22-b116-4afc-9a0f-3e8ea15255b4: does not qualify; 3.9 s; peak memory 5313 MiB.
2026-10-05T19:37:30Z INFO [2792/3239] 60a45657-fbc1-45cf-8426-d12259ea590d: does not qualify; 0.5 s; peak memory 5313 MiB.
2026-10-05T19:37:31Z INFO [2793/3239] 60a46024-159f-4dd0-9d7c-fef806dc84ae: does not qualify; 0.7 s; peak memory 5313 MiB.
2026-10-05T19:37:32Z INFO [2794/3239] 60a4830e-ac50-48ee-abc5-518bf37fc06d: does not qualify; 1.2 s; peak memory 5313 MiB.
2026-10-05T19:37:32Z INFO [2795/3239] 60a5695b-419b-4e43-ac01-3344bc5c1471: does not qualify; 0.7 s; peak memory 5313 MiB.
2026-10-05T19:37:33Z INFO [2796/3239] 60a58bd0-48bc-429c-967d-322161924951: does not qualify; 0.8 s; peak memory 5313 MiB.
2026-10-05T19:37:34Z INFO [2797/3239] 60a6d8d0-e452-4e75-99e9-98c765e55a0f: does not qualify; 0.8 s; peak memory 5313 MiB.
2026-10-05T19:37:35Z INFO [2798/3239] 60a7a490-2b70-4950-9013-10058d41bdc5: does not qualify; 0.8 s; peak memory 5313 MiB.
2026-10-05T19:37:38Z INFO [2799/3239] 60a7ae8e-acee-485d-b68a-b1a49a3dcac8: does not qualify; 3.0 s; peak memory 5313 MiB.
2026-10-05T19:37:39Z INFO [2800/3239] 60a832a3-5e39-42b9-a4dc-c548d768e8e3: does not qualify; 0.8 s; peak memory 5313 MiB.
2026-10-05T19:37:39Z INFO [2800/3239] 60a832a3-5e39-42b9-a4dc-c548d768e8e3: checkpointed 74943 records.
2026-10-05T19:37:44Z INFO [2801/3239] 60a897ae-4f40-439b-a579-b7a552587f27: does not qualify; 5.6 s; peak memory 5313 MiB.
2026-10-05T19:37:46Z INFO [2802/3239] 60a89ff1-b09d-4d6d-8b32-bc637c4e6e20: does not qualify; 2.1 s; peak memory 5313 MiB.
2026-10-05T19:37:47Z INFO [2803/3239] 60a8c0b0-52ac-4022-8dcb-c689470d843a: does not qualify; 0.9 s; peak memory 5313 MiB.
2026-10-05T19:37:48Z INFO [2804/3239] 60a8f07d-3ded-4e2c-8532-8eeeef03db78: does not qualify; 1.1 s; peak memory 5313 MiB.
2026-10-05T19:37:50Z INFO [2805/3239] 60a8fb94-de0a-4220-ad45-ba73d94ab1f2: does not qualify; 2.1 s; peak memory 5313 MiB.
2026-10-05T19:37:54Z INFO [2806/3239] 60a94e93-902d-426b-a612-f2288b26ba44: does not qualify; 4.0 s; peak memory 5313 MiB.
2026-10-05T19:37:55Z INFO [2807/3239] 60a99e21-c551-4548-b174-8f804017bac4: does not qualify; 0.5 s; peak memory 5313 MiB.
2026-10-05T19:37:56Z INFO [2808/3239] 60aa8595-e9d3-4d8d-8b07-319c5946eb8d: does not qualify; 1.2 s; peak memory 5313 MiB.
2026-10-05T19:37:57Z INFO [2809/3239] 60aa8d3a-b5c8-4b54-b672-c2d9cad0f1f7: does not qualify; 1.3 s; peak memory 5313 MiB.
2026-10-05T19:38:01Z INFO [2810/3239] 60aadad6-f3be-4819-953a-a4a63fc22570: does not qualify; 3.8 s; peak memory 5313 MiB.
2026-10-05T19:38:03Z INFO [2811/3239] 60ab0635-8566-453e-b4ad-2bc3d1f2c260: qualifies; 1.4 s; peak memory 5313 MiB.
2026-10-05T19:38:04Z INFO [2812/3239] 60abbc35-7b60-4188-b95d-4507d6ac6267: does not qualify; 1.1 s; peak memory 5313 MiB.
2026-10-05T19:38:09Z INFO [2813/3239] 60abc8f4-202f-4c21-86fa-9d08e8bd5748: does not qualify; 5.0 s; peak memory 5313 MiB.
2026-10-05T19:38:10Z INFO [2814/3239] 60abca11-6486-4e5c-8df8-b7c92e934170: does not qualify; 0.9 s; peak memory 5313 MiB.
2026-10-05T19:38:10Z INFO [2815/3239] 60abd504-aa63-4b7a-9c7a-22f36802af5e: does not qualify; 0.7 s; peak memory 5313 MiB.
2026-10-05T19:38:11Z INFO [2816/3239] 60abe0d2-cd49-410f-9e40-f4eb8ce7a02d: does not qualify; 1.1 s; peak memory 5313 MiB.
2026-10-05T19:38:12Z INFO [2817/3239] 60ac5424-9be8-46ff-ba22-63897c468f68: does not qualify; 0.5 s; peak memory 5313 MiB.
2026-10-05T19:38:18Z INFO [2818/3239] 60ac743c-1e9c-4acb-8917-4559cd52945d: does not qualify; 5.6 s; peak memory 5313 MiB.
2026-10-05T19:38:24Z INFO [2819/3239] 60adef49-1e78-4ab1-b28c-b440cf56de7c: does not qualify; 6.5 s; peak memory 5313 MiB.
2026-10-05T19:38:26Z INFO [2820/3239] 60ae18e3-73db-4dbb-af95-c85c8c1750ee: does not qualify; 1.9 s; peak memory 5313 MiB.
2026-10-05T19:38:27Z INFO [2821/3239] 60af51c6-9abc-4eb8-bfbe-392ade4deca1: does not qualify; 0.8 s; peak memory 5313 MiB.
2026-10-05T19:38:29Z INFO [2822/3239] 60b1a883-66a4-498d-a49e-e7467935e18b: does not qualify; 2.2 s; peak memory 5313 MiB.
2026-10-05T19:38:30Z INFO [2823/3239] 60b390f7-b29d-4f00-a6fa-9817ba61e31c: does not qualify; 1.0 s; peak memory 5313 MiB.
2026-10-05T19:38:31Z INFO [2824/3239] 60b51e2e-f1ca-4582-8da3-9cb1de999a11: does not qualify; 0.8 s; peak memory 5313 MiB.
2026-10-05T19:38:31Z INFO [2825/3239] 60b662d9-67dd-4f29-9fd6-4c463a1b74d9: does not qualify; 0.6 s; peak memory 5313 MiB.
2026-10-05T19:38:33Z INFO [2826/3239] 60b726c3-2844-4f6a-a36b-c5faa487129d: does not qualify; 1.8 s; peak memory 5313 MiB.
2026-10-05T19:38:34Z INFO [2827/3239] 60b8a6c4-3664-4a13-b228-6bcb095f6fb5: does not qualify; 0.9 s; peak memory 5313 MiB.
2026-10-05T19:38:36Z INFO [2828/3239] 60b928f4-8a06-417c-b41e-8518aafd001e: does not qualify; 1.7 s; peak memory 5313 MiB.
2026-10-05T19:38:36Z INFO [2829/3239] 60bab0d5-83f0-4a5f-9033-821c1d21faf6: does not qualify; 0.5 s; peak memory 5313 MiB.
2026-10-05T19:38:37Z INFO [2830/3239] 60bac682-89bf-4538-bc0c-1f149bdbb70e: does not qualify; 1.1 s; peak memory 5313 MiB.
2026-10-05T19:38:38Z INFO [2831/3239] 60bbe22f-9295-45fe-b5d5-d263f2cf17e2: does not qualify; 0.7 s; peak memory 5313 MiB.
2026-10-05T19:38:39Z INFO [2832/3239] 60bc2f59-3f95-4812-9873-2cd7402057e1: does not qualify; 1.3 s; peak memory 5313 MiB.
2026-10-05T19:38:46Z INFO [2833/3239] 60bd5b7e-3109-47dc-adec-26f72e0c1b4b: does not qualify; 6.3 s; peak memory 5313 MiB.
2026-10-05T19:38:46Z INFO [2834/3239] 60bdbc68-945e-42b9-a210-39a768c93238: does not qualify; 0.6 s; peak memory 5313 MiB.
2026-10-05T19:38:47Z INFO [2835/3239] 60be5a60-254b-4423-a22c-d63dcf239c39: does not qualify; 0.8 s; peak memory 5313 MiB.
2026-10-05T19:38:48Z INFO [2836/3239] 60bf1261-5d16-4f32-8ea4-a4db97dc36b3: does not qualify; 0.9 s; peak memory 5313 MiB.
2026-10-05T19:38:52Z INFO [2837/3239] 60bf78b6-24ab-4f8f-b52a-9145cce14f64: does not qualify; 3.7 s; peak memory 5313 MiB.
2026-10-05T19:38:52Z INFO [2838/3239] 60bf82e4-986e-4cf5-8c23-f61e08307a88: does not qualify; 0.7 s; peak memory 5313 MiB.
2026-10-05T19:38:54Z INFO [2839/3239] 60bf8d93-67ef-4b92-89a1-aa53483924f6: qualifies; 1.2 s; peak memory 5313 MiB.
2026-10-05T19:38:57Z INFO [2840/3239] 60c0219a-5147-4d81-ad28-7e396319e086: does not qualify; 3.7 s; peak memory 5313 MiB.
2026-10-05T19:38:58Z INFO [2841/3239] 60c04f7f-4ca4-43ae-aa7d-3656c6b5a08a: does not qualify; 1.1 s; peak memory 5313 MiB.
2026-10-05T19:38:59Z INFO [2842/3239] 60c0e78f-2d34-431f-ba65-f4b780a1ddfb: does not qualify; 0.8 s; peak memory 5313 MiB.
2026-10-05T19:39:01Z INFO [2843/3239] 60c192d1-55b5-46ef-862a-c594d9564ff3: does not qualify; 2.0 s; peak memory 5313 MiB.
2026-10-05T19:39:02Z INFO [2844/3239] 60c1a772-6353-4b12-b7fa-177476350fd9: does not qualify; 0.8 s; peak memory 5313 MiB.
2026-10-05T19:39:02Z INFO [2845/3239] 60c202c3-df94-4c46-ba9e-f43051ab70f6: does not qualify; 0.5 s; peak memory 5313 MiB.
2026-10-05T19:39:03Z INFO [2846/3239] 60c23020-ef8b-4a74-a34d-6c76e8616edf: does not qualify; 0.6 s; peak memory 5313 MiB.
2026-10-05T19:39:04Z INFO [2847/3239] 60c23357-db11-4606-adc3-bee193337cb3: does not qualify; 0.8 s; peak memory 5313 MiB.
2026-10-05T19:39:04Z INFO [2848/3239] 60c298db-2ce2-4c8a-abcc-fa9fbc1f7503: does not qualify; 0.7 s; peak memory 5313 MiB.
2026-10-05T19:39:06Z INFO [2849/3239] 60c3c19c-ce4e-41c7-8f09-f231ba7d6687: does not qualify; 1.6 s; peak memory 5313 MiB.
2026-10-05T19:39:07Z INFO [2850/3239] 60c4c211-f445-4963-bf81-c06c77923de8: does not qualify; 0.6 s; peak memory 5313 MiB.
2026-10-05T19:39:07Z INFO [2850/3239] 60c4c211-f445-4963-bf81-c06c77923de8: checkpointed 74993 records.
2026-10-05T19:39:07Z INFO [2851/3239] 60c5b7a2-8295-4cf2-921a-1d499d39db81: does not qualify; 0.8 s; peak memory 5313 MiB.
2026-10-05T19:39:10Z INFO [2852/3239] 60c64a64-1ce8-4316-8c31-8f5db246d8b8: does not qualify; 2.8 s; peak memory 5313 MiB.
2026-10-05T19:39:11Z INFO [2853/3239] 60c65a7a-933a-48a6-88e6-c47652a49a7e: does not qualify; 0.5 s; peak memory 5313 MiB.
2026-10-05T19:39:11Z INFO [2854/3239] 60c68558-d2eb-4c80-8292-563bf48c816c: does not qualify; 0.7 s; peak memory 5313 MiB.
2026-10-05T19:39:12Z INFO [2855/3239] 60c773f5-7ec1-4c88-987c-4b192a6cc4aa: does not qualify; 0.7 s; peak memory 5313 MiB.
2026-10-05T19:39:13Z INFO [2856/3239] 60ca0bd8-ef40-47db-a8c6-eef39ee0a340: does not qualify; 0.8 s; peak memory 5313 MiB.
2026-10-05T19:39:13Z INFO [2857/3239] 60ca6e80-7d58-4c84-b979-d702ff8fe915: does not qualify; 0.5 s; peak memory 5313 MiB.
2026-10-05T19:39:14Z INFO [2858/3239] 60cb66b2-bc56-466c-8e16-02cd94ee40d3: does not qualify; 0.9 s; peak memory 5313 MiB.
2026-10-05T19:39:21Z INFO [2859/3239] 60cc19d8-af75-4cd4-a35b-433eb3c81c95: does not qualify; 6.2 s; peak memory 5313 MiB.
2026-10-05T19:39:21Z INFO [2860/3239] 60cc450a-9adf-4d79-ac90-83394bc4e471: does not qualify; 0.7 s; peak memory 5313 MiB.
2026-10-05T19:39:22Z INFO [2861/3239] 60cc4915-de86-4643-b1a8-7afe160f729c: does not qualify; 0.8 s; peak memory 5313 MiB.
2026-10-05T19:39:23Z INFO [2862/3239] 60ccd6e7-ad3d-4e46-9236-88a0ff003d4e: does not qualify; 0.9 s; peak memory 5313 MiB.
2026-10-05T19:39:23Z INFO [2863/3239] 60cd039c-828b-46be-a148-8740a3da8229: does not qualify; 0.5 s; peak memory 5313 MiB.
2026-10-05T19:39:24Z INFO [2864/3239] 60cd2be6-58a0-4c44-81c2-cfde193a7a50: does not qualify; 1.0 s; peak memory 5313 MiB.
2026-10-05T19:39:25Z INFO [2865/3239] 60cd463c-e98f-4e58-888d-f2fd3b713669: does not qualify; 0.8 s; peak memory 5313 MiB.
2026-10-05T19:39:26Z INFO [2866/3239] 60cdd5aa-aa63-4924-a8fb-bc8c493034e8: does not qualify; 1.0 s; peak memory 5313 MiB.
2026-10-05T19:39:27Z INFO [2867/3239] 60ce29d2-69d1-47ab-8032-70918384d91e: does not qualify; 0.9 s; peak memory 5313 MiB.
2026-10-05T19:39:30Z INFO [2868/3239] 60ceb742-4c62-4d5e-b917-fcd1896becfc: does not qualify; 2.9 s; peak memory 5313 MiB.
2026-10-05T19:39:30Z INFO [2869/3239] 60cf9cc7-422d-4edc-a6df-e6dead2ed551: does not qualify; 0.5 s; peak memory 5313 MiB.
2026-10-05T19:39:31Z INFO [2870/3239] 60d0c6c4-ac8d-4522-b3e6-92d7ba4d6601: does not qualify; 0.8 s; peak memory 5313 MiB.
2026-10-05T19:39:33Z INFO [2871/3239] 60d137b3-812c-4b30-b99c-f31b3d1e9b7c: does not qualify; 1.2 s; peak memory 5313 MiB.
2026-10-05T19:39:36Z INFO [2872/3239] 60d16280-8eaf-443a-83c6-f7d5ba270590: does not qualify; 3.1 s; peak memory 5313 MiB.
2026-10-05T19:39:36Z INFO [2873/3239] 60d28969-38a2-42c1-b385-a06d130d5e9d: does not qualify; 0.8 s; peak memory 5313 MiB.
2026-10-05T19:39:37Z INFO [2874/3239] 60d2beb1-57cc-4848-981a-92105190b8dd: does not qualify; 0.9 s; peak memory 5313 MiB.
2026-10-05T19:39:38Z INFO [2875/3239] 60d2eddc-5764-4731-a884-c1b6abbb6b87: does not qualify; 0.6 s; peak memory 5313 MiB.
2026-10-05T19:39:42Z INFO [2876/3239] 60d347d2-60f0-429d-b011-1fb0736494ef: does not qualify; 4.1 s; peak memory 5313 MiB.
2026-10-05T19:39:43Z INFO [2877/3239] 60d3cabf-3c99-4bb8-9057-dacf703180d0: does not qualify; 0.8 s; peak memory 5313 MiB.
2026-10-05T19:39:43Z INFO [2878/3239] 60d3f5c4-9247-4683-bc31-7d42c99a9e8c: does not qualify; 0.7 s; peak memory 5313 MiB.
2026-10-05T19:39:44Z INFO [2879/3239] 60d42827-ae7f-4b07-a922-21a7289b7ba4: does not qualify; 0.9 s; peak memory 5313 MiB.
2026-10-05T19:39:45Z INFO [2880/3239] 60d4cf2d-9e5a-4fa9-9c82-8370f7dcff3b: does not qualify; 0.8 s; peak memory 5313 MiB.
2026-10-05T19:39:46Z INFO [2881/3239] 60d55e26-91fe-4c0f-b107-459e48fc8fe0: does not qualify; 0.5 s; peak memory 5313 MiB.
2026-10-05T19:39:47Z INFO [2882/3239] 60d5cc2d-0ec6-4352-b528-133c21c894ac: does not qualify; 1.0 s; peak memory 5313 MiB.
2026-10-05T19:39:47Z INFO [2883/3239] 60d5df03-c965-4b17-befc-c298fa29a045: does not qualify; 0.6 s; peak memory 5313 MiB.
2026-10-05T19:39:49Z INFO [2884/3239] 60d63b45-2972-4ec6-a15c-2ef2a3a250eb: does not qualify; 1.6 s; peak memory 5313 MiB.
2026-10-05T19:39:50Z INFO [2885/3239] 60d73299-eadd-4161-b2bf-98c10a9e09a8: does not qualify; 0.8 s; peak memory 5313 MiB.
2026-10-05T19:39:54Z INFO [2886/3239] 60d7a389-912c-4f67-9f67-b745a1f26c78: does not qualify; 4.1 s; peak memory 5313 MiB.
2026-10-05T19:39:56Z INFO [2887/3239] 60d88076-d865-45f4-8fd3-a16779399b6f: does not qualify; 2.4 s; peak memory 5313 MiB.
2026-10-05T19:40:00Z INFO [2888/3239] 60d97d07-6367-47b8-bb50-f66c12e4b1e1: does not qualify; 3.4 s; peak memory 5313 MiB.
2026-10-05T19:40:00Z INFO [2889/3239] 60da3a3e-1100-430f-a67f-52be6b7ed999: does not qualify; 0.9 s; peak memory 5313 MiB.
2026-10-05T19:40:04Z INFO [2890/3239] 60da8072-9866-4aa1-b468-385eb996822a: does not qualify; 3.9 s; peak memory 5313 MiB.
2026-10-05T19:40:05Z INFO [2891/3239] 60da943e-dd8d-4f36-970b-7fd2dad12b23: does not qualify; 0.8 s; peak memory 5313 MiB.
2026-10-05T19:40:06Z INFO [2892/3239] 60dae32b-3d84-4d20-bcb4-a6a751d3edf8: does not qualify; 0.7 s; peak memory 5313 MiB.
2026-10-05T19:40:06Z INFO [2893/3239] 60db4873-5bc0-4d5d-b0fc-59bd5f602b2b: does not qualify; 0.6 s; peak memory 5313 MiB.
2026-10-05T19:40:07Z INFO [2894/3239] 60dbaf07-226a-46a4-b97f-2db0db2ee433: does not qualify; 0.8 s; peak memory 5313 MiB.
2026-10-05T19:40:08Z INFO [2895/3239] 60dbfead-1f17-45e2-b033-dac39e73fd79: does not qualify; 0.6 s; peak memory 5313 MiB.
2026-10-05T19:40:09Z INFO [2896/3239] 60dcc997-0e16-4d76-b5cf-a2472e1c4e2b: does not qualify; 0.8 s; peak memory 5313 MiB.
2026-10-05T19:40:09Z INFO [2897/3239] 60dd4f36-3bcc-45bc-9e8c-c82a0404b53b: does not qualify; 0.9 s; peak memory 5313 MiB.
2026-10-05T19:40:10Z INFO [2898/3239] 60de22bb-c427-4df9-93c1-702d7191a563: does not qualify; 0.8 s; peak memory 5313 MiB.
2026-10-05T19:40:11Z INFO [2899/3239] 60dee5a0-cee2-42c2-9b53-c68f2e9d2825: does not qualify; 0.7 s; peak memory 5313 MiB.
2026-10-05T19:40:15Z INFO [2900/3239] 60df41c8-bd58-4caf-9d7b-93dc3c4c92ec: does not qualify; 4.0 s; peak memory 5313 MiB.
2026-10-05T19:40:15Z INFO [2900/3239] 60df41c8-bd58-4caf-9d7b-93dc3c4c92ec: checkpointed 75043 records.
2026-10-05T19:40:18Z INFO [2901/3239] 60e006d5-1694-4a81-a806-aec984c8d097: does not qualify; 3.3 s; peak memory 5313 MiB.
2026-10-05T19:40:19Z INFO [2902/3239] 60e0429a-5c9d-44d5-b343-8669cc3f1255: does not qualify; 0.4 s; peak memory 5313 MiB.
2026-10-05T19:40:19Z INFO [2903/3239] 60e05676-28a6-406d-9071-547adea9d1a9: does not qualify; 0.4 s; peak memory 5313 MiB.
2026-10-05T19:40:20Z INFO [2904/3239] 60e0a49c-bf53-4f0f-81b4-17af192238f3: does not qualify; 1.0 s; peak memory 5313 MiB.
2026-10-05T19:40:25Z INFO [2905/3239] 60e12bbb-aa76-4752-8eae-eb1d67081413: does not qualify; 5.3 s; peak memory 5313 MiB.
2026-10-05T19:40:30Z INFO [2906/3239] 60e1885b-79de-415e-a21d-7429694db147: does not qualify; 4.8 s; peak memory 5313 MiB.
2026-10-05T19:40:31Z INFO [2907/3239] 60e1c32b-6dab-4a1b-8208-dc1f451aa1bd: does not qualify; 0.8 s; peak memory 5313 MiB.
2026-10-05T19:40:32Z INFO [2908/3239] 60e1cb82-2108-4544-826d-c5818eb59ec2: does not qualify; 0.8 s; peak memory 5313 MiB.
2026-10-05T19:40:33Z INFO [2909/3239] 60e2dbc6-64e7-4989-9b3f-78d7953f751d: does not qualify; 1.0 s; peak memory 5313 MiB.
2026-10-05T19:40:34Z INFO [2910/3239] 60e38aa3-47f6-4ee9-86a4-2d790a2bc0b5: does not qualify; 0.8 s; peak memory 5313 MiB.
2026-10-05T19:40:39Z INFO [2911/3239] 60e3fa04-5a7b-4b5f-8435-5fb0fd4d202f: does not qualify; 5.3 s; peak memory 5313 MiB.
2026-10-05T19:40:41Z INFO [2912/3239] 60e489c3-a728-4d75-ad11-bb72c47f7360: does not qualify; 2.0 s; peak memory 5313 MiB.
2026-10-05T19:40:42Z INFO [2913/3239] 60e4c95b-0363-4324-a6ce-b55937f0657c: does not qualify; 1.0 s; peak memory 5313 MiB.
2026-10-05T19:40:43Z INFO [2914/3239] 60e4df68-42b3-49f0-8e33-ebcbae86fea9: does not qualify; 1.2 s; peak memory 5313 MiB.
2026-10-05T19:40:46Z INFO [2915/3239] 60e55625-c5a0-4e64-b2d8-1ee223a30f8e: does not qualify; 2.6 s; peak memory 5313 MiB.
2026-10-05T19:40:47Z INFO [2916/3239] 60e577ba-02f6-4625-bca9-ea60e0f32dd3: does not qualify; 0.8 s; peak memory 5313 MiB.
2026-10-05T19:40:47Z INFO [2917/3239] 60e622af-aa0d-4ebf-8f48-e96766736625: does not qualify; 0.9 s; peak memory 5313 MiB.
2026-10-05T19:40:49Z INFO [2918/3239] 60e6f5ef-8475-4fbc-927f-4f9ef4c55ad6: does not qualify; 1.7 s; peak memory 5313 MiB.
2026-10-05T19:40:50Z INFO [2919/3239] 60e742e2-f537-4d7e-bb4a-0e959a40973c: does not qualify; 0.8 s; peak memory 5313 MiB.
2026-10-05T19:40:51Z INFO [2920/3239] 60e7ed9a-902b-4d40-8cf1-518bbcee20f0: does not qualify; 0.8 s; peak memory 5313 MiB.
2026-10-05T19:40:52Z INFO [2921/3239] 60e86686-e971-4816-90ca-dce005a39f5e: does not qualify; 0.9 s; peak memory 5313 MiB.
2026-10-05T19:40:53Z INFO [2922/3239] 60e89e42-d0bc-44c7-bd95-8602e4e5b8c6: does not qualify; 1.0 s; peak memory 5313 MiB.
2026-10-05T19:40:54Z INFO [2923/3239] 60e98fd4-8257-4739-b921-c82667737ced: does not qualify; 0.9 s; peak memory 5313 MiB.
2026-10-05T19:40:57Z INFO [2924/3239] 60ea1546-b87b-4cf9-a46d-c244a65a08ce: does not qualify; 3.8 s; peak memory 5313 MiB.
2026-10-05T19:41:01Z INFO [2925/3239] 60ea3a47-d41d-41f3-90ce-9ddea1899472: does not qualify; 3.4 s; peak memory 5313 MiB.
2026-10-05T19:41:02Z INFO [2926/3239] 60ea9758-2081-4e95-a330-44fd64736925: does not qualify; 1.1 s; peak memory 5313 MiB.
2026-10-05T19:41:03Z INFO [2927/3239] 60eb0887-8966-4e5a-8a24-b2458772a2b8: does not qualify; 0.8 s; peak memory 5313 MiB.
2026-10-05T19:41:03Z INFO [2928/3239] 60eb348d-37d9-4bac-aa61-e0865c5885e9: does not qualify; 0.9 s; peak memory 5313 MiB.
2026-10-05T19:41:05Z INFO [2929/3239] 60ec24d4-2e66-4190-b29d-89ed22d875e5: does not qualify; 1.2 s; peak memory 5313 MiB.
2026-10-05T19:41:10Z INFO [2930/3239] 60ecfa9f-ee4c-4bea-92a3-108ccd354eb1: does not qualify; 5.2 s; peak memory 5313 MiB.
2026-10-05T19:41:11Z INFO [2931/3239] 60edf6bd-50b0-469e-9856-38503ee549e0: does not qualify; 0.9 s; peak memory 5313 MiB.
2026-10-05T19:41:14Z INFO [2932/3239] 60ee9c67-0922-402b-9470-d46f0166ea85: does not qualify; 3.7 s; peak memory 5313 MiB.
2026-10-05T19:41:15Z INFO [2933/3239] 60eea64d-118e-4329-aabe-5262e1ca4499: does not qualify; 0.5 s; peak memory 5313 MiB.
2026-10-05T19:41:17Z INFO [2934/3239] 60eedca0-1298-4910-964f-c12b911c8c49: does not qualify; 2.1 s; peak memory 5313 MiB.
2026-10-05T19:41:24Z INFO [2935/3239] 60efa25c-8e72-402a-822e-6521766b64bd: does not qualify; 6.5 s; peak memory 5313 MiB.
2026-10-05T19:41:24Z INFO [2936/3239] 60efda3e-a02c-4990-bc94-b04e20a0408c: does not qualify; 0.9 s; peak memory 5313 MiB.
2026-10-05T19:41:25Z INFO [2937/3239] 60f03675-1e40-4e3a-aeb2-9b172d33492d: does not qualify; 0.5 s; peak memory 5313 MiB.
2026-10-05T19:41:25Z INFO [2938/3239] 60f046df-1013-412b-8a7a-0956027dcf71: does not qualify; 0.5 s; peak memory 5313 MiB.
2026-10-05T19:41:27Z INFO [2939/3239] 60f104a5-3520-4f7c-8257-edf1f9ba5e7c: does not qualify; 1.1 s; peak memory 5313 MiB.
2026-10-05T19:41:28Z INFO [2940/3239] 60f171f1-791b-4cb6-ac72-d1c2b324e098: does not qualify; 1.1 s; peak memory 5313 MiB.
2026-10-05T19:41:28Z INFO [2941/3239] 60f1dd37-8047-4ba6-ad98-cee51b0b668a: does not qualify; 0.7 s; peak memory 5313 MiB.
2026-10-05T19:41:29Z INFO [2942/3239] 60f21bc7-6aeb-42b5-9b58-a846e3558449: does not qualify; 0.6 s; peak memory 5313 MiB.
2026-10-05T19:41:30Z INFO [2943/3239] 60f3b94e-2d2a-47b4-a358-a82d4c15147b: does not qualify; 0.8 s; peak memory 5313 MiB.
2026-10-05T19:41:31Z INFO [2944/3239] 60f42ac9-abb0-4a43-9ecb-0ef2a3f15737: does not qualify; 0.8 s; peak memory 5313 MiB.
2026-10-05T19:41:36Z INFO [2945/3239] 60f493d4-808d-4cfe-aaea-3729ddf339f1: does not qualify; 5.1 s; peak memory 5313 MiB.
2026-10-05T19:41:37Z INFO [2946/3239] 60f5c156-732c-418e-bf9e-affdfe007f70: does not qualify; 0.8 s; peak memory 5313 MiB.
2026-10-05T19:41:38Z INFO [2947/3239] 60f65292-b9b3-45d0-bffa-392b98229c93: does not qualify; 1.5 s; peak memory 5313 MiB.
2026-10-05T19:41:39Z INFO [2948/3239] 60f699da-7f40-4924-9469-10d89a46617f: does not qualify; 0.7 s; peak memory 5313 MiB.
2026-10-05T19:41:40Z INFO [2949/3239] 60f7bfb3-a241-4e76-9e94-4119133d434e: does not qualify; 0.8 s; peak memory 5313 MiB.
2026-10-05T19:41:42Z INFO [2950/3239] 60f9171c-c77d-4c59-a92d-235c941dbd7a: does not qualify; 2.1 s; peak memory 5313 MiB.
2026-10-05T19:41:42Z INFO [2950/3239] 60f9171c-c77d-4c59-a92d-235c941dbd7a: checkpointed 75093 records.
2026-10-05T19:41:43Z INFO [2951/3239] 60f969c1-d194-4510-ac7e-5ee3dbb6d3ce: does not qualify; 1.1 s; peak memory 5313 MiB.
2026-10-05T19:41:44Z INFO [2952/3239] 60f9dbc2-0020-491b-bddd-2529e0c3ec8d: does not qualify; 0.8 s; peak memory 5313 MiB.
2026-10-05T19:41:45Z INFO [2953/3239] 60f9e0ce-d4c5-435a-a663-abaf867feaa2: does not qualify; 0.7 s; peak memory 5313 MiB.
2026-10-05T19:41:46Z INFO [2954/3239] 60fa3507-dc82-4a63-88af-13fcbb31f667: does not qualify; 1.1 s; peak memory 5313 MiB.
2026-10-05T19:41:46Z INFO [2955/3239] 60fa813d-9f4b-4d14-b84d-6c8034f0eac0: does not qualify; 0.7 s; peak memory 5313 MiB.
2026-10-05T19:41:47Z INFO [2956/3239] 60fa8d04-d357-4426-af3e-ca1661d3b728: does not qualify; 0.8 s; peak memory 5313 MiB.
2026-10-05T19:41:48Z INFO [2957/3239] 60fb141c-45f8-4dd3-8eb3-cb4f4a2557b3: does not qualify; 0.9 s; peak memory 5313 MiB.
2026-10-05T19:41:49Z INFO [2958/3239] 60fb71d0-5221-4d35-81a3-b805ed5058d2: does not qualify; 0.8 s; peak memory 5313 MiB.
2026-10-05T19:41:50Z INFO [2959/3239] 60fbc166-5a3e-4e1f-a772-c21f623b9bfe: does not qualify; 0.8 s; peak memory 5313 MiB.
2026-10-05T19:41:51Z INFO [2960/3239] 60fc0296-34dc-410b-ad33-691fa8c39342: does not qualify; 0.9 s; peak memory 5313 MiB.
2026-10-05T19:41:54Z INFO [2961/3239] 60fd135a-0502-4c31-9b5b-aaa6ade09769: does not qualify; 3.8 s; peak memory 5313 MiB.
2026-10-05T19:42:01Z INFO [2962/3239] 60fd8bb6-9209-453b-8d8c-f0b060815676: does not qualify; 6.2 s; peak memory 5313 MiB.
2026-10-05T19:42:01Z INFO [2963/3239] 60fde479-1e7f-4312-a676-45d63d06d503: does not qualify; 0.6 s; peak memory 5313 MiB.
2026-10-05T19:42:03Z INFO [2964/3239] 60fe51f9-056c-43b1-a7b5-72542b1f86f0: does not qualify; 2.1 s; peak memory 5313 MiB.
2026-10-05T19:42:04Z INFO [2965/3239] 60fee025-e038-4b30-9f15-28b951542719: does not qualify; 0.8 s; peak memory 5313 MiB.
2026-10-05T19:42:05Z INFO [2966/3239] 60ff5575-fbad-42a2-9a31-3881c8363518: does not qualify; 0.7 s; peak memory 5313 MiB.
2026-10-05T19:42:07Z INFO [2967/3239] 60ff6ed9-336d-424c-b060-adfd4186e815: does not qualify; 1.9 s; peak memory 5313 MiB.
2026-10-05T19:42:08Z INFO [2968/3239] 610143b4-61a6-4bb5-aba2-b663704479cc: does not qualify; 0.8 s; peak memory 5313 MiB.
2026-10-05T19:42:10Z INFO [2969/3239] 61017f5c-ea63-49c2-831c-4aeed3a5527d: does not qualify; 2.7 s; peak memory 5313 MiB.
2026-10-05T19:42:15Z INFO [2970/3239] 6102695c-d918-4d7c-938a-a31637abbc01: does not qualify; 4.3 s; peak memory 5313 MiB.
2026-10-05T19:42:16Z INFO [2971/3239] 610306be-2823-472a-9e2c-bf65536a00c0: does not qualify; 1.8 s; peak memory 5313 MiB.
2026-10-05T19:42:18Z INFO [2972/3239] 6103bc59-ec89-4ad5-b25c-8972977f8043: does not qualify; 1.2 s; peak memory 5313 MiB.
2026-10-05T19:42:20Z INFO [2973/3239] 6103c8c2-4e75-42f2-b037-4734f429343c: does not qualify; 2.7 s; peak memory 5313 MiB.
2026-10-05T19:42:21Z INFO [2974/3239] 6103db52-2a99-4ff2-9268-f8363278fd49: does not qualify; 0.7 s; peak memory 5313 MiB.
2026-10-05T19:42:22Z INFO [2975/3239] 6103db75-0b96-4ce3-a769-1eada5b4aa4c: does not qualify; 0.8 s; peak memory 5313 MiB.
2026-10-05T19:42:23Z INFO [2976/3239] 61041e46-086f-4a56-9621-009fff6f9db7: does not qualify; 0.9 s; peak memory 5313 MiB.
2026-10-05T19:42:24Z INFO [2977/3239] 61046b0c-d0f5-477a-a96b-b5805965f072: does not qualify; 0.9 s; peak memory 5313 MiB.
2026-10-05T19:42:25Z INFO [2978/3239] 610586c5-17ea-40c7-b648-46a57e3948bc: does not qualify; 0.9 s; peak memory 5313 MiB.
2026-10-05T19:42:25Z INFO [2979/3239] 6105f237-2034-461f-bc39-247f5fa7bfed: does not qualify; 0.8 s; peak memory 5313 MiB.
2026-10-05T19:42:26Z INFO [2980/3239] 61069a26-9e94-4c02-840b-0b093fdd259e: does not qualify; 0.7 s; peak memory 5313 MiB.
2026-10-05T19:42:33Z INFO [2981/3239] 6106add5-def0-44ee-bcdb-95b2ef0dfd90: does not qualify; 7.2 s; peak memory 5313 MiB.
2026-10-05T19:42:34Z INFO [2982/3239] 6107424f-ff06-4a45-b2b7-6cd711514807: does not qualify; 1.0 s; peak memory 5313 MiB.
2026-10-05T19:42:35Z INFO [2983/3239] 61074dcd-abb9-4415-bcc4-5ec5a247c585: does not qualify; 0.9 s; peak memory 5313 MiB.
2026-10-05T19:42:36Z INFO [2984/3239] 61077384-9bac-4628-a929-87b003b4f820: does not qualify; 1.0 s; peak memory 5313 MiB.
2026-10-05T19:42:37Z INFO [2985/3239] 6108718c-9916-44b9-9bd4-56959f26de17: does not qualify; 0.8 s; peak memory 5313 MiB.
2026-10-05T19:42:42Z INFO [2986/3239] 61087f2f-acf0-4caf-a1e4-af1345c18442: does not qualify; 5.0 s; peak memory 5313 MiB.
2026-10-05T19:42:46Z INFO [2987/3239] 6109a468-44cb-4f4c-bea8-897eaff2dd11: does not qualify; 3.6 s; peak memory 5313 MiB.
2026-10-05T19:42:46Z INFO [2988/3239] 6109cb46-b6b1-4b3a-be77-9755b56bc4de: does not qualify; 0.5 s; peak memory 5313 MiB.
2026-10-05T19:42:47Z INFO [2989/3239] 6109f9cc-52c6-4fa4-9f25-201a63f95c7c: does not qualify; 0.6 s; peak memory 5313 MiB.
2026-10-05T19:42:48Z INFO [2990/3239] 610aca43-65c4-4062-aea6-e181d9137026: does not qualify; 1.7 s; peak memory 5313 MiB.
2026-10-05T19:42:49Z INFO [2991/3239] 610cf395-bdaa-43a0-88dd-65b1217f0537: does not qualify; 0.9 s; peak memory 5313 MiB.
2026-10-05T19:42:50Z INFO [2992/3239] 610cf7bd-c750-45fb-8184-454e5b50f959: does not qualify; 1.2 s; peak memory 5313 MiB.
2026-10-05T19:42:51Z INFO [2993/3239] 610cfc23-2cfd-4789-84ec-e5ae7fcef418: does not qualify; 0.6 s; peak memory 5313 MiB.
2026-10-05T19:42:55Z INFO [2994/3239] 610d17d3-5873-48c0-af41-50e758af914b: does not qualify; 3.9 s; peak memory 5313 MiB.
2026-10-05T19:42:56Z INFO [2995/3239] 610da141-c081-4b23-84a5-a54f43a4d171: does not qualify; 0.7 s; peak memory 5313 MiB.
2026-10-05T19:42:57Z INFO [2996/3239] 610dfe63-62dc-4286-b8ea-e85d82519b32: does not qualify; 0.8 s; peak memory 5313 MiB.
2026-10-05T19:42:57Z INFO [2997/3239] 610e36bd-6e2f-42ba-8ff9-714549adc68b: does not qualify; 0.6 s; peak memory 5313 MiB.
2026-10-05T19:43:02Z INFO [2998/3239] 610e43ef-59e7-4436-bb27-950bc87941ea: does not qualify; 5.3 s; peak memory 5313 MiB.
2026-10-05T19:43:03Z INFO [2999/3239] 610ef80e-bd4c-40bd-a1e0-f20ce7c71fb4: does not qualify; 0.8 s; peak memory 5313 MiB.
2026-10-05T19:43:05Z INFO [3000/3239] 610f8226-8a39-42f3-9ba2-629aab6bb055: does not qualify; 1.6 s; peak memory 5313 MiB.
2026-10-05T19:43:05Z INFO [3000/3239] 610f8226-8a39-42f3-9ba2-629aab6bb055: checkpointed 75143 records.
2026-10-05T19:43:06Z INFO [3001/3239] 610fc491-e401-416f-ba32-d86340fa9866: does not qualify; 0.9 s; peak memory 5313 MiB.
2026-10-05T19:43:07Z INFO [3002/3239] 61106503-90d5-496d-8cc3-5755dba2205c: does not qualify; 1.1 s; peak memory 5313 MiB.
2026-10-05T19:43:08Z INFO [3003/3239] 611146a1-2977-4de5-801d-c042b2d9c0bb: does not qualify; 0.8 s; peak memory 5313 MiB.
2026-10-05T19:43:09Z INFO [3004/3239] 61114cb8-9817-40ad-8146-8273ad507787: does not qualify; 0.8 s; peak memory 5313 MiB.
2026-10-05T19:43:09Z INFO [3005/3239] 61128807-29b4-4c16-803a-0cad1965ef61: does not qualify; 0.6 s; peak memory 5313 MiB.
2026-10-05T19:43:10Z INFO [3006/3239] 6112bfae-f6d9-4777-a457-dbe9abfe125c: does not qualify; 0.7 s; peak memory 5313 MiB.
2026-10-05T19:43:11Z INFO [3007/3239] 61134bbd-cbb1-49fa-9708-b07feead27c9: qualifies; 1.2 s; peak memory 5313 MiB.
2026-10-05T19:43:12Z INFO [3008/3239] 61137db4-ec6d-41d0-add9-afe24a2561b8: does not qualify; 1.0 s; peak memory 5313 MiB.
2026-10-05T19:43:13Z INFO [3009/3239] 61139a2d-7568-4046-a678-d0991718065f: does not qualify; 0.9 s; peak memory 5313 MiB.
2026-10-05T19:43:14Z INFO [3010/3239] 6113fdc9-0bee-45b4-aa59-a348c2ac8e63: does not qualify; 0.7 s; peak memory 5313 MiB.
2026-10-05T19:43:14Z INFO [3011/3239] 6114864a-c62b-4e25-b58b-0aa61bc3e7cb: does not qualify; 0.4 s; peak memory 5313 MiB.
2026-10-05T19:43:15Z INFO [3012/3239] 6114cc1e-7712-4acd-9c39-81479f0b3d40: does not qualify; 0.9 s; peak memory 5313 MiB.
2026-10-05T19:43:16Z INFO [3013/3239] 6114d3c2-acde-4e83-bbe2-bbdf941de8f3: does not qualify; 1.3 s; peak memory 5313 MiB.
2026-10-05T19:43:17Z INFO [3014/3239] 6114f9e5-78fe-4ae9-8476-568e9d7c7a44: does not qualify; 0.9 s; peak memory 5313 MiB.
2026-10-05T19:43:21Z INFO [3015/3239] 61161879-03f4-4a88-a7f7-c2523254856b: does not qualify; 3.8 s; peak memory 5313 MiB.
2026-10-05T19:43:23Z INFO [3016/3239] 611637b4-f0f2-42df-b3c3-18a2629fc8ae: does not qualify; 2.3 s; peak memory 5313 MiB.
2026-10-05T19:43:24Z INFO [3017/3239] 61165352-5d27-4ef8-901e-38f86d15d650: does not qualify; 1.0 s; peak memory 5313 MiB.
2026-10-05T19:43:25Z INFO [3018/3239] 6116cfe1-643c-4805-be70-0cec1958aabb: does not qualify; 0.8 s; peak memory 5313 MiB.
2026-10-05T19:43:27Z INFO [3019/3239] 6117cbb7-48b0-460f-86b6-79fdc928d2a2: does not qualify; 2.2 s; peak memory 5313 MiB.
2026-10-05T19:43:34Z INFO [3020/3239] 6118249a-8bad-46c9-add9-a49e625d05fa: does not qualify; 7.2 s; peak memory 5313 MiB.
2026-10-05T19:43:35Z INFO [3021/3239] 61196777-2175-41cb-8014-7a18298a31ca: does not qualify; 0.7 s; peak memory 5313 MiB.
2026-10-05T19:43:36Z INFO [3022/3239] 61196d15-243b-4271-a138-6c747cbae403: does not qualify; 0.7 s; peak memory 5313 MiB.
2026-10-05T19:43:36Z INFO [3023/3239] 6119a7f1-25e2-449a-b640-b8fba2f586ba: does not qualify; 0.5 s; peak memory 5313 MiB.
2026-10-05T19:43:39Z INFO [3024/3239] 611b31e4-ebfa-45a9-bee6-4b0f5b167b3c: does not qualify; 2.8 s; peak memory 5313 MiB.
2026-10-05T19:43:44Z INFO [3025/3239] 611b77ca-6288-4828-a908-a38c7ae953b5: does not qualify; 5.2 s; peak memory 5313 MiB.
2026-10-05T19:43:49Z INFO [3026/3239] 611c0723-5c3f-423e-8ffd-a3e2a7bcd4ec: does not qualify; 4.9 s; peak memory 5313 MiB.
2026-10-05T19:43:50Z INFO [3027/3239] 611c2e63-6972-4d29-b429-49508f3e4122: does not qualify; 0.7 s; peak memory 5313 MiB.
2026-10-05T19:43:51Z INFO [3028/3239] 611dc308-ff64-45f6-b09e-34e75a77b57d: does not qualify; 0.8 s; peak memory 5313 MiB.
2026-10-05T19:43:52Z INFO [3029/3239] 6120f8d8-a3af-4e3e-998e-d703c809846b: does not qualify; 0.7 s; peak memory 5313 MiB.
2026-10-05T19:43:52Z INFO [3030/3239] 6121b72e-2d99-49ec-b612-f8e6fef4b157: does not qualify; 0.8 s; peak memory 5313 MiB.
2026-10-05T19:43:53Z INFO [3031/3239] 6121ff67-427f-4fba-b5df-113dc9b3e8e1: does not qualify; 0.9 s; peak memory 5313 MiB.
2026-10-05T19:43:57Z INFO [3032/3239] 61220247-a4ca-4f33-a6d2-e6163da5e01c: does not qualify; 3.9 s; peak memory 5313 MiB.
2026-10-05T19:43:58Z INFO [3033/3239] 61230ca1-3eb3-4dff-b779-52ba559e2925: does not qualify; 0.8 s; peak memory 5313 MiB.
2026-10-05T19:43:59Z INFO [3034/3239] 61235373-7e1e-47ef-a92d-db392490e3da: does not qualify; 1.5 s; peak memory 5313 MiB.
2026-10-05T19:44:00Z INFO [3035/3239] 612392af-9b64-406d-b400-30f38507b8f5: does not qualify; 0.7 s; peak memory 5313 MiB.
2026-10-05T19:44:01Z INFO [3036/3239] 6123fcd5-49e9-44d2-8a6c-f59fa5692334: does not qualify; 0.6 s; peak memory 5313 MiB.
2026-10-05T19:44:01Z INFO [3037/3239] 61248ca8-6c0a-432d-af0d-df11412a6b3a: does not qualify; 0.7 s; peak memory 5313 MiB.
2026-10-05T19:44:02Z INFO [3038/3239] 6125300e-1183-471a-975f-4873fbfb2008: does not qualify; 1.1 s; peak memory 5313 MiB.
2026-10-05T19:44:04Z INFO [3039/3239] 61253b73-dfc2-42cb-b185-6ee1a21c7baf: does not qualify; 1.2 s; peak memory 5313 MiB.
2026-10-05T19:44:05Z INFO [3040/3239] 61256cdc-6370-482b-9b1a-63933563bbbd: does not qualify; 1.0 s; peak memory 5313 MiB.
2026-10-05T19:44:08Z INFO [3041/3239] 6125e00a-95f5-4dd9-8e48-f995a7342479: does not qualify; 3.3 s; peak memory 5313 MiB.
2026-10-05T19:44:09Z INFO [3042/3239] 61266505-6ad6-485b-82e7-45cdaead9403: does not qualify; 0.8 s; peak memory 5313 MiB.
2026-10-05T19:44:09Z INFO [3043/3239] 61278ba8-45dd-4bca-a2cd-c15b91f5cc56: does not qualify; 0.6 s; peak memory 5313 MiB.
2026-10-05T19:44:10Z INFO [3044/3239] 6128355e-e09e-4b75-92d3-b05dcc507d11: does not qualify; 0.6 s; peak memory 5313 MiB.
2026-10-05T19:44:11Z INFO [3045/3239] 61294742-548e-4463-bd7e-e4165097c801: does not qualify; 1.0 s; peak memory 5313 MiB.
2026-10-05T19:44:12Z INFO [3046/3239] 61295823-fff3-484e-b29f-389407ad3734: does not qualify; 0.9 s; peak memory 5313 MiB.
2026-10-05T19:44:13Z INFO [3047/3239] 612966e0-4797-49a0-851f-370031d4ee61: does not qualify; 0.9 s; peak memory 5313 MiB.
2026-10-05T19:44:13Z INFO [3048/3239] 61297411-1e53-43ae-8cc4-ae99770ced0a: does not qualify; 0.8 s; peak memory 5313 MiB.
2026-10-05T19:44:14Z INFO [3049/3239] 6129fa34-747d-4939-894c-519cb3d94e3f: does not qualify; 0.9 s; peak memory 5313 MiB.
2026-10-05T19:44:18Z INFO [3050/3239] 612b475c-ecff-4c6e-b3e0-1a67e1fb5149: does not qualify; 3.8 s; peak memory 5313 MiB.
2026-10-05T19:44:18Z INFO [3050/3239] 612b475c-ecff-4c6e-b3e0-1a67e1fb5149: checkpointed 75193 records.
2026-10-05T19:44:19Z INFO [3051/3239] 612b481b-b87d-4de1-a750-dd5c8033cfa7: does not qualify; 0.8 s; peak memory 5313 MiB.
2026-10-05T19:44:20Z INFO [3052/3239] 612c04a8-6f7f-48b8-adac-55390c0c1f8d: does not qualify; 0.6 s; peak memory 5313 MiB.
2026-10-05T19:44:21Z INFO [3053/3239] 612c2f6b-4d02-4c23-af6b-9c40b79490b3: does not qualify; 1.3 s; peak memory 5313 MiB.
2026-10-05T19:44:22Z INFO [3054/3239] 612c3e0a-695f-454b-99af-de0c09524395: does not qualify; 1.3 s; peak memory 5313 MiB.
2026-10-05T19:44:26Z INFO [3055/3239] 612d43ba-2e13-451a-844d-d099a0d8c637: does not qualify; 4.3 s; peak memory 5313 MiB.
2026-10-05T19:44:27Z INFO [3056/3239] 612d752b-6535-40da-943b-98657fb2e8f4: does not qualify; 0.7 s; peak memory 5313 MiB.
2026-10-05T19:44:35Z INFO [3057/3239] 612db9de-d679-443a-ac13-324ade662f5f: does not qualify; 7.5 s; peak memory 5313 MiB.
2026-10-05T19:44:36Z INFO [3058/3239] 612e4e78-d82e-4eae-89e4-416410b09304: does not qualify; 1.5 s; peak memory 5313 MiB.
2026-10-05T19:44:37Z INFO [3059/3239] 612e7bbe-c464-403c-9d3d-91de6ca781c1: does not qualify; 0.7 s; peak memory 5313 MiB.
2026-10-05T19:44:38Z INFO [3060/3239] 612ed8aa-e702-4f4b-ba9b-c820e0c4a27c: does not qualify; 1.2 s; peak memory 5313 MiB.
2026-10-05T19:44:39Z INFO [3061/3239] 612f8bc4-389e-4ce3-b3ef-5f12cdde2714: does not qualify; 1.4 s; peak memory 5313 MiB.
2026-10-05T19:44:45Z INFO [3062/3239] 61300c41-c9c5-4b3f-8600-206a33dd03d8: does not qualify; 5.1 s; peak memory 5313 MiB.
2026-10-05T19:44:50Z INFO [3063/3239] 613027c3-2b61-41ff-8c22-3f6c6541e4ed: does not qualify; 5.4 s; peak memory 5313 MiB.
2026-10-05T19:44:51Z INFO [3064/3239] 6130763f-225e-4ad0-9ee8-006e84d8ee29: does not qualify; 0.8 s; peak memory 5313 MiB.
2026-10-05T19:44:52Z INFO [3065/3239] 61313dc8-bb36-4f32-b188-aa3bc6577e5e: does not qualify; 1.7 s; peak memory 5313 MiB.
2026-10-05T19:44:53Z INFO [3066/3239] 613141f1-7e41-455f-b492-18eee55f650d: does not qualify; 1.0 s; peak memory 5313 MiB.
2026-10-05T19:44:55Z INFO [3067/3239] 61316d6a-0852-4405-82dd-284a36404c48: does not qualify; 1.8 s; peak memory 5313 MiB.
2026-10-05T19:44:56Z INFO [3068/3239] 61325cc8-f2ad-4c5d-9201-51511d29928e: does not qualify; 0.9 s; peak memory 5313 MiB.
2026-10-05T19:44:58Z INFO [3069/3239] 613421ca-44ed-4811-b0f7-56f1e00a438f: does not qualify; 1.8 s; peak memory 5313 MiB.
2026-10-05T19:44:59Z INFO [3070/3239] 61347097-94a3-4c6c-9896-996e92b45906: does not qualify; 0.8 s; peak memory 5313 MiB.
2026-10-05T19:44:59Z INFO [3071/3239] 61348110-aada-4065-a105-e9f8caac92df: does not qualify; 0.5 s; peak memory 5313 MiB.
2026-10-05T19:45:00Z INFO [3072/3239] 61348b42-b9c7-4d77-b30c-bf1ecd106096: does not qualify; 0.7 s; peak memory 5313 MiB.
2026-10-05T19:45:01Z INFO [3073/3239] 6134a25e-9973-43e2-9feb-234410355f14: does not qualify; 0.9 s; peak memory 5313 MiB.
2026-10-05T19:45:02Z INFO [3074/3239] 6134d8c3-b5f4-429f-9a51-dada0c5d85ea: does not qualify; 0.8 s; peak memory 5313 MiB.
2026-10-05T19:45:03Z INFO [3075/3239] 6135126b-1ba3-442d-be23-19557d5c8821: does not qualify; 0.8 s; peak memory 5313 MiB.
2026-10-05T19:45:03Z INFO [3076/3239] 61351d60-5571-4180-805f-4e72d5b842ea: does not qualify; 0.8 s; peak memory 5313 MiB.
2026-10-05T19:45:04Z INFO [3077/3239] 6135222b-83ce-4182-9b64-82db230c97a0: does not qualify; 0.8 s; peak memory 5313 MiB.
2026-10-05T19:45:06Z INFO [3078/3239] 61361b23-ea6d-43f6-93b1-3fca336faad1: does not qualify; 1.6 s; peak memory 5313 MiB.
2026-10-05T19:45:06Z INFO [3079/3239] 6136d2c9-996c-4d64-9951-8858f7f97569: does not qualify; 0.8 s; peak memory 5313 MiB.
2026-10-05T19:45:07Z INFO [3080/3239] 6136dad9-3b97-46b6-ba55-2b7dbdef1cc7: does not qualify; 0.5 s; peak memory 5313 MiB.
2026-10-05T19:45:08Z INFO [3081/3239] 613716f5-eb71-4e5f-b795-ce4e5d7baf47: does not qualify; 1.0 s; peak memory 5313 MiB.
2026-10-05T19:45:09Z INFO [3082/3239] 61376cbb-a264-43c8-bd68-e803f52fb76c: does not qualify; 0.9 s; peak memory 5313 MiB.
2026-10-05T19:45:10Z INFO [3083/3239] 613780d0-1f21-4c5c-9453-df7608fed087: does not qualify; 0.7 s; peak memory 5313 MiB.
2026-10-05T19:45:11Z INFO [3084/3239] 6137c66f-5e63-4c6f-b1a2-28e6d4f64acd: does not qualify; 1.3 s; peak memory 5313 MiB.
2026-10-05T19:45:12Z INFO [3085/3239] 61387f44-3482-4d4f-8c22-520815bd5978: does not qualify; 0.9 s; peak memory 5313 MiB.
2026-10-05T19:45:13Z INFO [3086/3239] 61391224-88f0-4c97-bebe-333ff7838884: does not qualify; 0.7 s; peak memory 5313 MiB.
2026-10-05T19:45:13Z INFO [3087/3239] 613a9520-3c8c-448b-822e-7dffcff7dba1: does not qualify; 0.8 s; peak memory 5313 MiB.
2026-10-05T19:45:15Z INFO [3088/3239] 613c0086-809d-4e9b-a60f-11b9fc1578af: does not qualify; 1.3 s; peak memory 5313 MiB.
2026-10-05T19:45:16Z INFO [3089/3239] 613c2c29-9f5e-4d41-9c4a-1cd8eb1ff43e: does not qualify; 1.0 s; peak memory 5313 MiB.
2026-10-05T19:45:16Z INFO [3090/3239] 613d3fab-e53a-4906-a1e4-55392b6c5288: does not qualify; 0.4 s; peak memory 5313 MiB.
2026-10-05T19:45:17Z INFO [3091/3239] 613d5bf2-c4d3-4670-8de9-9fe86cea72ef: does not qualify; 0.7 s; peak memory 5313 MiB.
2026-10-05T19:45:19Z INFO [3092/3239] 613db6ce-4cf7-4350-b642-fa3bdba8a869: does not qualify; 1.9 s; peak memory 5313 MiB.
2026-10-05T19:45:19Z INFO [3093/3239] 613deb0b-4b6f-43cf-94cb-3bb6d7189c6a: does not qualify; 0.7 s; peak memory 5313 MiB.
2026-10-05T19:45:20Z INFO [3094/3239] 613e7c73-66cd-4ade-9d66-5ea6f77916e3: does not qualify; 0.9 s; peak memory 5313 MiB.
2026-10-05T19:45:21Z INFO [3095/3239] 613f0362-2a50-416c-a9fe-b8b88f7101c3: does not qualify; 1.0 s; peak memory 5313 MiB.
2026-10-05T19:45:27Z INFO [3096/3239] 613fa257-93b8-49ff-a7fd-80f58505dcd7: does not qualify; 5.8 s; peak memory 5313 MiB.
2026-10-05T19:45:28Z INFO [3097/3239] 613fcd52-23d0-48b2-9065-43469abc1a05: does not qualify; 1.0 s; peak memory 5313 MiB.
2026-10-05T19:45:29Z INFO [3098/3239] 613fdff9-09a6-478f-a216-c444377ee59c: does not qualify; 0.6 s; peak memory 5313 MiB.
2026-10-05T19:45:29Z INFO [3099/3239] 6140af32-8d75-48a4-9e5c-83378d0682f9: does not qualify; 0.8 s; peak memory 5313 MiB.
2026-10-05T19:45:31Z INFO [3100/3239] 614173de-521d-478e-ae40-a54edda52ab9: does not qualify; 1.1 s; peak memory 5313 MiB.
2026-10-05T19:45:31Z INFO [3100/3239] 614173de-521d-478e-ae40-a54edda52ab9: checkpointed 75243 records.
2026-10-05T19:45:31Z INFO [3101/3239] 6141abfc-c751-4926-a276-610ad74f2a12: does not qualify; 0.6 s; peak memory 5313 MiB.
2026-10-05T19:45:32Z INFO [3102/3239] 61428a0f-6d23-4aef-a20f-1c01b43122fa: does not qualify; 0.7 s; peak memory 5313 MiB.
2026-10-05T19:45:33Z INFO [3103/3239] 61434e5a-f868-40f4-a374-893543b94161: does not qualify; 0.8 s; peak memory 5313 MiB.
2026-10-05T19:45:35Z INFO [3104/3239] 6143aebc-ce16-4fab-b9ef-5ec5f0287862: does not qualify; 1.8 s; peak memory 5313 MiB.
2026-10-05T19:45:36Z INFO [3105/3239] 6145311e-a8be-42eb-8805-52301a717f16: does not qualify; 1.1 s; peak memory 5313 MiB.
2026-10-05T19:45:37Z INFO [3106/3239] 61461c1a-78bd-4c5d-b40a-072215a5fa46: does not qualify; 1.3 s; peak memory 5313 MiB.
2026-10-05T19:45:38Z INFO [3107/3239] 6146398f-c41f-4053-8809-7e9d05835827: does not qualify; 1.1 s; peak memory 5313 MiB.
2026-10-05T19:45:39Z INFO [3108/3239] 6147e25e-dcda-47fc-85a0-4d6034f93eb3: does not qualify; 0.4 s; peak memory 5313 MiB.
2026-10-05T19:45:39Z INFO [3109/3239] 6148092d-d41f-420a-9eae-2393cb2abe6d: does not qualify; 0.7 s; peak memory 5313 MiB.
2026-10-05T19:45:40Z INFO [3110/3239] 614821ec-fe88-462c-91e2-c241e7fca6db: does not qualify; 1.0 s; peak memory 5313 MiB.
2026-10-05T19:45:41Z INFO [3111/3239] 6148ad4c-c092-4e20-a7ac-9a7bf94ee86a: does not qualify; 0.7 s; peak memory 5313 MiB.
2026-10-05T19:45:43Z INFO [3112/3239] 6148b969-cbbb-4b5f-82c4-d20c29bf2ef0: does not qualify; 2.1 s; peak memory 5313 MiB.
2026-10-05T19:45:44Z INFO [3113/3239] 6148bc1f-da6b-462a-870a-12361cefd5bb: does not qualify; 0.8 s; peak memory 5313 MiB.
2026-10-05T19:45:45Z INFO [3114/3239] 6148e6f9-e134-4150-80cb-49d82390fb4a: does not qualify; 0.7 s; peak memory 5313 MiB.
2026-10-05T19:45:46Z INFO [3115/3239] 614978ad-f907-460e-b982-60c57dc708cd: does not qualify; 1.4 s; peak memory 5313 MiB.
2026-10-05T19:45:48Z INFO [3116/3239] 6149fee5-6131-4dd0-a4a0-b8a9882f382b: does not qualify; 1.7 s; peak memory 5313 MiB.
2026-10-05T19:45:49Z INFO [3117/3239] 614a30c8-61df-4ad9-919d-5e9cef02efa1: does not qualify; 1.2 s; peak memory 5313 MiB.
2026-10-05T19:45:50Z INFO [3118/3239] 614b87c0-df43-481a-b998-a8dde3e29810: does not qualify; 0.8 s; peak memory 5313 MiB.
2026-10-05T19:45:50Z INFO [3119/3239] 614ba557-0960-414a-96ec-00c3889c003b: does not qualify; 0.7 s; peak memory 5313 MiB.
2026-10-05T19:45:51Z INFO [3120/3239] 614bee9c-8abe-4f43-8ada-e0247f9ad864: does not qualify; 0.8 s; peak memory 5313 MiB.
2026-10-05T19:45:52Z INFO [3121/3239] 614c03ae-9501-4157-a8b9-482090b179c5: does not qualify; 0.6 s; peak memory 5313 MiB.
2026-10-05T19:45:54Z INFO [3122/3239] 614cf116-f97e-4e0b-b3f3-84f317138fe1: does not qualify; 1.8 s; peak memory 5313 MiB.
2026-10-05T19:45:57Z INFO [3123/3239] 614d0041-d76d-47e9-a70e-82f7e9aa23ae: does not qualify; 3.7 s; peak memory 5313 MiB.
2026-10-05T19:46:01Z INFO [3124/3239] 614dd66f-cfd0-4a66-b8a7-f67a46582dff: does not qualify; 3.6 s; peak memory 5313 MiB.
2026-10-05T19:46:07Z INFO [3125/3239] 614e178e-9b21-483a-9a7e-ba0ba778ca8d: does not qualify; 5.6 s; peak memory 5313 MiB.
2026-10-05T19:46:07Z INFO [3126/3239] 614e39e7-22a5-4de0-89bd-de8c51a327e5: does not qualify; 0.8 s; peak memory 5313 MiB.
2026-10-05T19:46:09Z INFO [3127/3239] 614f111c-4633-499a-bcec-66cf6f4fb2ff: does not qualify; 1.1 s; peak memory 5313 MiB.
2026-10-05T19:46:10Z INFO [3128/3239] 614fc254-60b2-4a4f-9556-75374a8094ef: does not qualify; 1.1 s; peak memory 5313 MiB.
2026-10-05T19:46:11Z INFO [3129/3239] 6150422f-78ba-4357-8908-a1bc6037d25c: does not qualify; 0.9 s; peak memory 5313 MiB.
2026-10-05T19:46:11Z INFO [3130/3239] 61504f61-f026-4a8e-95d0-cda80006841c: does not qualify; 0.8 s; peak memory 5313 MiB.
2026-10-05T19:46:12Z INFO [3131/3239] 61505394-aa5e-4d65-b6c4-5b8ce0f0cd5a: does not qualify; 0.8 s; peak memory 5313 MiB.
2026-10-05T19:46:18Z INFO [3132/3239] 615059ad-939f-46a2-9d9b-89c01765d7cd: does not qualify; 6.3 s; peak memory 5313 MiB.
2026-10-05T19:46:19Z INFO [3133/3239] 61514755-c3a0-48b2-acef-1cd543f0a063: does not qualify; 0.7 s; peak memory 5313 MiB.
2026-10-05T19:46:23Z INFO [3134/3239] 61537250-bf8c-410a-9cc6-04897eaf9b56: does not qualify; 3.5 s; peak memory 5313 MiB.
2026-10-05T19:46:24Z INFO [3135/3239] 6153be4b-36e5-4036-aaf2-5d1dcdd2d235: does not qualify; 1.7 s; peak memory 5313 MiB.
2026-10-05T19:46:26Z INFO [3136/3239] 6153d182-95a1-498d-ba03-75ac053cc6a2: does not qualify; 1.9 s; peak memory 5313 MiB.
2026-10-05T19:46:27Z INFO [3137/3239] 61549620-4ceb-4ef9-bd32-53f1a0ae88f6: does not qualify; 0.8 s; peak memory 5313 MiB.
2026-10-05T19:46:28Z INFO [3138/3239] 6155b78a-65ec-414b-a59d-0803c7c94919: does not qualify; 0.7 s; peak memory 5313 MiB.
2026-10-05T19:46:29Z INFO [3139/3239] 6155b8a2-8c81-4db9-ae73-134b5e23599a: does not qualify; 0.8 s; peak memory 5313 MiB.
2026-10-05T19:46:30Z INFO [3140/3239] 6156875f-478b-4235-8525-b2ef995eb9e6: does not qualify; 1.7 s; peak memory 5313 MiB.
2026-10-05T19:46:31Z INFO [3141/3239] 61585c10-7709-42f7-850c-0878f5726967: does not qualify; 0.8 s; peak memory 5313 MiB.
2026-10-05T19:46:32Z INFO [3142/3239] 615885f0-1f32-48bd-8fae-fda9f8aa909c: does not qualify; 0.8 s; peak memory 5313 MiB.
2026-10-05T19:46:32Z INFO [3143/3239] 6158ebb0-6871-4549-9d17-9c709f9f40a8: does not qualify; 0.5 s; peak memory 5313 MiB.
2026-10-05T19:46:33Z INFO [3144/3239] 6159693d-ba4c-4689-8c54-23daf482cd5b: does not qualify; 0.9 s; peak memory 5313 MiB.
2026-10-05T19:46:34Z INFO [3145/3239] 615af0ca-c63a-4bd8-97f3-90bdfd6b5572: does not qualify; 0.8 s; peak memory 5313 MiB.
2026-10-05T19:46:35Z INFO [3146/3239] 615b5fcc-8a26-49c7-9f9e-1e2c3bda24d4: does not qualify; 1.3 s; peak memory 5313 MiB.
2026-10-05T19:46:36Z INFO [3147/3239] 615b6acb-3b3e-4a2e-aead-0907a0825ad7: does not qualify; 0.5 s; peak memory 5313 MiB.
2026-10-05T19:46:37Z INFO [3148/3239] 615c5ddd-88b7-4ad3-b510-8a3e4fc54a72: does not qualify; 1.3 s; peak memory 5313 MiB.
2026-10-05T19:46:38Z INFO [3149/3239] 615c697d-e141-43ec-9572-4337bf7d258f: does not qualify; 0.9 s; peak memory 5313 MiB.
2026-10-05T19:46:39Z INFO [3150/3239] 615c76f7-9547-4ad3-9ac8-124bc61c8f15: does not qualify; 0.8 s; peak memory 5313 MiB.
2026-10-05T19:46:39Z INFO [3150/3239] 615c76f7-9547-4ad3-9ac8-124bc61c8f15: checkpointed 75293 records.
2026-10-05T19:46:40Z INFO [3151/3239] 615cf1ee-be40-47f6-b32d-58d8fd6e63e5: does not qualify; 0.7 s; peak memory 5313 MiB.
2026-10-05T19:46:40Z INFO [3152/3239] 615e1e55-3f24-4250-9565-1023084e874d: does not qualify; 0.7 s; peak memory 5313 MiB.
2026-10-05T19:46:41Z INFO [3153/3239] 615e6d6d-0dda-47ac-8af0-340184e2e497: does not qualify; 0.5 s; peak memory 5313 MiB.
2026-10-05T19:46:42Z INFO [3154/3239] 615e807e-4bb4-456c-adce-a362c656a548: does not qualify; 0.7 s; peak memory 5313 MiB.
2026-10-05T19:46:42Z INFO [3155/3239] 615ea97b-2951-4ce9-b435-35ddc3a5d8fd: does not qualify; 0.7 s; peak memory 5313 MiB.
2026-10-05T19:46:43Z INFO [3156/3239] 615f47c6-7814-49b3-908a-d30cb4b54a68: does not qualify; 0.5 s; peak memory 5313 MiB.
2026-10-05T19:46:47Z INFO [3157/3239] 615f6d66-698b-483b-a786-c0ef42e0876e: does not qualify; 4.0 s; peak memory 5313 MiB.
2026-10-05T19:46:47Z INFO [3158/3239] 615fe3e6-48f5-4665-aad7-863a69adbbdb: does not qualify; 0.4 s; peak memory 5313 MiB.
2026-10-05T19:46:51Z INFO [3159/3239] 61603879-fad8-4f8c-a00d-1a102138340f: does not qualify; 4.0 s; peak memory 5313 MiB.
2026-10-05T19:46:52Z INFO [3160/3239] 61606870-95a0-413d-bf17-29980e5bc29d: does not qualify; 1.0 s; peak memory 5313 MiB.
2026-10-05T19:46:53Z INFO [3161/3239] 61606f9b-be91-47c0-aac3-adfa3619a8ee: does not qualify; 0.7 s; peak memory 5313 MiB.
2026-10-05T19:46:54Z INFO [3162/3239] 6161158c-2392-4a06-a61c-ce653a20c4b2: does not qualify; 0.7 s; peak memory 5313 MiB.
2026-10-05T19:46:54Z INFO [3163/3239] 6161741e-1d4c-4e06-b2bb-b6089561e4dd: does not qualify; 0.6 s; peak memory 5313 MiB.
2026-10-05T19:46:55Z INFO [3164/3239] 6161968f-2503-4660-83a8-3c054363a1f1: does not qualify; 0.7 s; peak memory 5313 MiB.
2026-10-05T19:46:56Z INFO [3165/3239] 616274e0-f3b2-445d-a4ef-4ecb618dae3f: does not qualify; 0.6 s; peak memory 5313 MiB.
2026-10-05T19:46:56Z INFO [3166/3239] 61629181-9d62-4175-b948-4c99b0cf55b8: does not qualify; 0.8 s; peak memory 5313 MiB.
2026-10-05T19:46:57Z INFO [3167/3239] 61631d58-3d4d-47ad-b876-08b12dae6cee: does not qualify; 0.6 s; peak memory 5313 MiB.
2026-10-05T19:46:58Z INFO [3168/3239] 61634246-6357-4b87-acb7-c31fc5ec49e7: does not qualify; 0.5 s; peak memory 5313 MiB.
2026-10-05T19:46:58Z INFO [3169/3239] 61649af2-fb09-491f-9ced-5d31c9a0e8ac: does not qualify; 0.8 s; peak memory 5313 MiB.
2026-10-05T19:46:59Z INFO [3170/3239] 6165d03a-7cf1-40f5-8340-df1c5b7fa50c: does not qualify; 0.8 s; peak memory 5313 MiB.
2026-10-05T19:47:01Z INFO [3171/3239] 6165d716-e46e-4643-84a9-cded9e225350: does not qualify; 1.8 s; peak memory 5313 MiB.
2026-10-05T19:47:29Z INFO [3172/3239] 6165f3b8-315b-476e-93c9-af7d234e0740: does not qualify; 27.8 s; peak memory 5313 MiB.
2026-10-05T19:47:30Z INFO [3173/3239] 6166b29c-5be4-4bdb-aa90-0eb26b706378: does not qualify; 0.8 s; peak memory 5313 MiB.
2026-10-05T19:47:30Z INFO [3174/3239] 6166dfac-3480-450d-b2f9-41657772ae69: does not qualify; 0.6 s; peak memory 5313 MiB.
2026-10-05T19:47:32Z INFO [3175/3239] 616741c1-aa1d-4d06-9d4d-33b67d8d5320: does not qualify; 2.1 s; peak memory 5313 MiB.
2026-10-05T19:47:37Z INFO [3176/3239] 616820c1-dcb6-4f4a-99eb-bd362acf273a: does not qualify; 4.3 s; peak memory 5313 MiB.
2026-10-05T19:47:39Z INFO [3177/3239] 6169525b-67a1-45a2-bf3b-d6e09cbc6d3a: does not qualify; 2.6 s; peak memory 5313 MiB.
2026-10-05T19:47:40Z INFO [3178/3239] 6169ffc3-9e4c-43e6-a6a7-ad6a552c8807: does not qualify; 1.2 s; peak memory 5313 MiB.
2026-10-05T19:47:44Z INFO [3179/3239] 616a0e82-2a05-4b5e-950d-38ad3343bcac: qualifies; 3.7 s; peak memory 5313 MiB.
2026-10-05T19:47:45Z INFO [3180/3239] 616a652e-1790-41e6-a98d-2da9dbfa99cf: does not qualify; 0.7 s; peak memory 5313 MiB.
2026-10-05T19:47:45Z INFO [3181/3239] 616a68d9-cfa8-4fc0-8142-c4fd38ac792c: does not qualify; 0.6 s; peak memory 5313 MiB.
2026-10-05T19:47:46Z INFO [3182/3239] 616aa8da-6272-434a-95ed-be158fb8baf4: does not qualify; 0.7 s; peak memory 5313 MiB.
2026-10-05T19:47:47Z INFO [3183/3239] 616bbbe8-5f00-4af0-974f-84d9017d4a0a: does not qualify; 0.9 s; peak memory 5313 MiB.
2026-10-05T19:47:49Z INFO [3184/3239] 616c735c-93a8-4cff-b1f2-9a61ea9561d1: does not qualify; 1.5 s; peak memory 5313 MiB.
2026-10-05T19:47:49Z INFO [3185/3239] 616cda31-9429-4a8b-ba19-3e39f60338c1: does not qualify; 0.7 s; peak memory 5313 MiB.
2026-10-05T19:47:50Z INFO [3186/3239] 616d4439-d5d2-43b4-99c0-57f4135f147e: does not qualify; 0.7 s; peak memory 5313 MiB.
2026-10-05T19:47:51Z INFO [3187/3239] 616dc10c-7d4f-47de-805d-62c8bd031558: does not qualify; 1.1 s; peak memory 5313 MiB.
2026-10-05T19:47:52Z INFO [3188/3239] 616e8080-4f0d-4eb4-b2c6-33bf251349ff: does not qualify; 0.7 s; peak memory 5313 MiB.
2026-10-05T19:47:56Z INFO [3189/3239] 616fe4b5-e5a7-4a6c-aab1-6937db861b52: does not qualify; 4.5 s; peak memory 5313 MiB.
2026-10-05T19:47:57Z INFO [3190/3239] 616feaac-802b-463e-9b34-91bd7d1ed079: does not qualify; 0.7 s; peak memory 5313 MiB.
2026-10-05T19:47:58Z INFO [3191/3239] 617050ae-d632-4539-9e93-03bd5e98eb9e: does not qualify; 0.6 s; peak memory 5313 MiB.
2026-10-05T19:47:58Z INFO [3192/3239] 61708145-9dc3-425c-b8ba-4b3353b0ac1b: does not qualify; 0.7 s; peak memory 5313 MiB.
2026-10-05T19:47:59Z INFO [3193/3239] 617126d8-8ef9-4de5-b9c6-30bdb44022da: does not qualify; 0.9 s; peak memory 5313 MiB.
2026-10-05T19:48:01Z INFO [3194/3239] 6171e6e3-0247-4f3f-a110-17ad9f088b8c: does not qualify; 1.4 s; peak memory 5313 MiB.
2026-10-05T19:48:01Z INFO [3195/3239] 6172c517-69fc-4ed9-b3b2-197c937a8305: does not qualify; 0.6 s; peak memory 5313 MiB.
2026-10-05T19:48:02Z INFO [3196/3239] 6172c61b-718e-4b4d-9776-89b1802e95a3: does not qualify; 0.6 s; peak memory 5313 MiB.
2026-10-05T19:48:11Z INFO [3197/3239] 6172e620-19cd-440e-8902-f044eab99abb: qualifies; 9.3 s; peak memory 5313 MiB.
2026-10-05T19:48:12Z INFO [3198/3239] 6172f7d9-3054-458a-bf87-fd9fab5e827e: does not qualify; 0.5 s; peak memory 5313 MiB.
2026-10-05T19:48:13Z INFO [3199/3239] 61738d88-0a6c-4547-ba13-5c6544fe18a8: does not qualify; 0.7 s; peak memory 5313 MiB.
2026-10-05T19:48:13Z INFO [3200/3239] 6173c5e9-39c4-4428-b96b-e081f79fa27c: does not qualify; 0.7 s; peak memory 5313 MiB.
2026-10-05T19:48:14Z INFO [3200/3239] 6173c5e9-39c4-4428-b96b-e081f79fa27c: checkpointed 75343 records.
2026-10-05T19:48:17Z INFO [3201/3239] 61740fa6-8e0f-4992-ba1d-0eb6aa610b29: does not qualify; 3.9 s; peak memory 5313 MiB.
2026-10-05T19:48:19Z INFO [3202/3239] 6174e218-2221-43a4-a5e4-3e817ea5349f: does not qualify; 1.1 s; peak memory 5313 MiB.
2026-10-05T19:48:19Z INFO [3203/3239] 6174e458-c0e0-46d1-bab3-b6362b6f0f46: does not qualify; 0.7 s; peak memory 5313 MiB.
2026-10-05T19:48:21Z INFO [3204/3239] 6174fec8-886c-4c61-8c7b-2cb08e292a07: does not qualify; 1.7 s; peak memory 5313 MiB.
2026-10-05T19:48:22Z INFO [3205/3239] 61751c56-1cbf-4862-b0b3-771f8ee75a55: does not qualify; 1.0 s; peak memory 5313 MiB.
2026-10-05T19:48:23Z INFO [3206/3239] 6175dc2e-bf18-4825-a559-2987548f309b: does not qualify; 1.4 s; peak memory 5313 MiB.
2026-10-05T19:48:24Z INFO [3207/3239] 6175dd0b-90b9-40e4-bb3c-2ee3a154eeea: does not qualify; 0.8 s; peak memory 5313 MiB.
2026-10-05T19:48:25Z INFO [3208/3239] 6176275b-ca91-4f7d-ae99-e1868698084b: does not qualify; 0.9 s; peak memory 5313 MiB.
2026-10-05T19:48:29Z INFO [3209/3239] 617635c0-9927-4e27-a413-d045a83ac404: does not qualify; 4.1 s; peak memory 5313 MiB.
2026-10-05T19:48:30Z INFO [3210/3239] 61763925-73aa-48b7-a5a4-5a3bae786095: does not qualify; 0.7 s; peak memory 5313 MiB.
2026-10-05T19:48:35Z INFO [3211/3239] 6176bd79-db77-4af6-9540-fa8d90c90bb0: does not qualify; 4.9 s; peak memory 5313 MiB.
2026-10-05T19:48:36Z INFO [3212/3239] 6176d8cf-8d64-4647-b24e-7541bb730988: does not qualify; 1.1 s; peak memory 5313 MiB.
2026-10-05T19:48:36Z INFO [3213/3239] 617837ac-f10c-4ca2-abfd-7df4df57a170: does not qualify; 0.7 s; peak memory 5313 MiB.
2026-10-05T19:48:38Z INFO [3214/3239] 61783820-f8d6-4bf3-8b78-3e93eaa1ca3d: does not qualify; 1.2 s; peak memory 5313 MiB.
2026-10-05T19:48:38Z INFO [3215/3239] 61785de6-7598-457d-961c-c9c969d94c39: does not qualify; 0.5 s; peak memory 5313 MiB.
2026-10-05T19:48:39Z INFO [3216/3239] 617960d8-e1ae-44da-aa53-dc0e1b76c7dc: does not qualify; 0.9 s; peak memory 5313 MiB.
2026-10-05T19:48:40Z INFO [3217/3239] 6179859b-7cf3-41ea-b983-d8ca6faf9b0b: does not qualify; 0.8 s; peak memory 5313 MiB.
2026-10-05T19:48:41Z INFO [3218/3239] 617a3922-1e30-4c9d-a3f5-d6125e562421: does not qualify; 0.7 s; peak memory 5313 MiB.
2026-10-05T19:48:41Z INFO [3219/3239] 617a417b-7367-49ef-9a63-5710a43ba100: does not qualify; 0.7 s; peak memory 5313 MiB.
2026-10-05T19:48:42Z INFO [3220/3239] 617aa881-c203-4bac-8cdd-985f72ac6897: does not qualify; 0.7 s; peak memory 5313 MiB.
2026-10-05T19:48:44Z INFO [3221/3239] 617cdc5a-eae6-4b22-877f-e7617ea2b90a: does not qualify; 2.3 s; peak memory 5313 MiB.
2026-10-05T19:48:46Z INFO [3222/3239] 617d9ce8-2043-447f-af85-e41b28cf8099: does not qualify; 1.5 s; peak memory 5313 MiB.
2026-10-05T19:48:47Z INFO [3223/3239] 617e61dd-9cd6-4a5a-aefc-446b0dcd3e48: does not qualify; 1.1 s; peak memory 5313 MiB.
2026-10-05T19:48:47Z INFO [3224/3239] 617e860d-6f55-4006-ac07-25790ba5ef52: does not qualify; 0.7 s; peak memory 5313 MiB.
2026-10-05T19:48:48Z INFO [3225/3239] 617ea69c-8c75-4e09-9c5b-ed050302810c: does not qualify; 0.8 s; peak memory 5313 MiB.
2026-10-05T19:48:49Z INFO [3226/3239] 617ee6ca-3070-4e64-8461-ab3cc79f34d2: does not qualify; 1.0 s; peak memory 5313 MiB.
2026-10-05T19:48:53Z INFO [3227/3239] 617f84dc-1351-4115-ad54-57a0b9878837: does not qualify; 3.9 s; peak memory 5313 MiB.
2026-10-05T19:48:54Z INFO [3228/3239] 6180330f-f476-4b5f-9e76-5dc3b58e5796: does not qualify; 0.9 s; peak memory 5313 MiB.
2026-10-05T19:48:55Z INFO [3229/3239] 61803503-51cd-4362-b828-6dfffb168b75: qualifies; 1.4 s; peak memory 5313 MiB.
2026-10-05T19:48:56Z INFO [3230/3239] 6180416c-fdcf-4209-88be-62c5f7052eea: does not qualify; 0.8 s; peak memory 5313 MiB.
2026-10-05T19:48:57Z INFO [3231/3239] 618047dc-bf51-4c13-a2b6-5791d761c196: does not qualify; 0.9 s; peak memory 5313 MiB.
2026-10-05T19:48:58Z INFO [3232/3239] 6180ff1a-ea11-40d5-8b87-4bdff3ad6cfe: does not qualify; 0.7 s; peak memory 5313 MiB.
2026-10-05T19:49:00Z INFO [3233/3239] 61814f02-5fd6-4f2c-884d-56c336520b25: does not qualify; 2.6 s; peak memory 5313 MiB.
2026-10-05T19:49:01Z INFO [3234/3239] 618303b7-3335-4802-93a0-2bcda97e57ed: does not qualify; 0.7 s; peak memory 5313 MiB.
2026-10-05T19:49:02Z INFO [3235/3239] 618361b6-96e2-4211-8abb-41246f8cf633: does not qualify; 0.9 s; peak memory 5313 MiB.
2026-10-05T19:49:09Z INFO [3236/3239] 61844c98-909f-4ed8-838d-5df021e7f62d: does not qualify; 6.6 s; peak memory 5313 MiB.
2026-10-05T19:49:12Z INFO [3237/3239] 61853384-179d-4fb9-978f-8578764cdb3d: does not qualify; 3.5 s; peak memory 5313 MiB.
2026-10-05T19:49:13Z INFO [3238/3239] 61858dc8-9d01-45fe-a455-87d815586633: does not qualify; 0.9 s; peak memory 5313 MiB.
2026-10-05T19:49:14Z INFO [3239/3239] 6185f292-1970-4c5b-9e33-a13ef493e25f: does not qualify; 0.8 s; peak memory 5313 MiB.
2026-10-05T19:49:14Z INFO Wrote 75382 records to /tmp/derivatives/qualifying_lfp_content_ids.jsonl (3239 new, 0 failed) in 105.3 min (peak memory 5313 MiB).
