2026-10-10T12:40:04Z INFO Logging to /tmp/logs/update_2026-10-10T12-40-04Z.log.
2026-10-10T12:40:04Z INFO Update qualifying-lfp-content-ids (base directory /tmp).
2026-10-10T12:40:06Z INFO Processing 1496 items (125402 already recorded).
2026-10-10T12:40:08Z INFO [1/1496] 4788e8fe-c17e-4fc5-9089-7228329e5509: does not qualify; 2.3 s; peak memory 248 MiB.
2026-10-10T12:40:09Z INFO [2/1496] c8cc9dc7-1bd8-42f5-8554-f33d7add6ef6: does not qualify; 1.3 s; peak memory 248 MiB.
2026-10-10T12:40:12Z INFO [3/1496] c8ccb445-afe7-42d0-8d4a-a77d62f39777: does not qualify; 2.5 s; peak memory 250 MiB.
2026-10-10T12:40:13Z INFO [4/1496] c8cd276b-0b89-4192-a673-4f90fb58615b: does not qualify; 1.8 s; peak memory 251 MiB.
2026-10-10T12:40:14Z INFO [5/1496] c8cd69bb-cd5c-47f7-a92c-171690a3d922: does not qualify; 0.9 s; peak memory 251 MiB.
2026-10-10T12:40:16Z INFO [6/1496] c8cd9e97-c576-4ad1-b359-f54e54460360: does not qualify; 1.9 s; peak memory 251 MiB.
2026-10-10T12:40:17Z INFO [7/1496] c8cdfefc-22f2-4549-af4b-a627d4970bdf: does not qualify; 1.2 s; peak memory 251 MiB.
2026-10-10T12:40:18Z INFO [8/1496] c8ce436c-2198-4161-a6ee-4bba337049d8: does not qualify; 0.8 s; peak memory 251 MiB.
2026-10-10T12:40:19Z INFO [9/1496] c8ce6e8a-2522-4f20-96a9-a45876c52400: does not qualify; 1.0 s; peak memory 251 MiB.
2026-10-10T12:40:20Z INFO [10/1496] c8cec1cb-0084-4f51-ad92-950ea81be990: does not qualify; 0.6 s; peak memory 251 MiB.
2026-10-10T12:40:21Z INFO [11/1496] c8cf4359-23d3-4e5d-9f6f-ee0288d381c4: does not qualify; 1.0 s; peak memory 251 MiB.
2026-10-10T12:40:23Z INFO [12/1496] c8cf5025-8f8c-43f6-b5e6-ebcbdd3bbee1: does not qualify; 2.2 s; peak memory 252 MiB.
2026-10-10T12:40:24Z INFO [13/1496] c8cffbee-79c8-47fb-83ca-8f36de4aef02: does not qualify; 1.2 s; peak memory 252 MiB.
2026-10-10T12:40:52Z INFO [14/1496] c8d09983-a7c5-4ebc-b00c-e06881a3dd6d: does not qualify; 27.7 s; peak memory 327 MiB.
2026-10-10T12:40:53Z INFO [15/1496] c8d09fa1-5d03-414b-8400-ffb28887a812: does not qualify; 1.1 s; peak memory 327 MiB.
2026-10-10T12:40:55Z INFO [16/1496] c8d1817d-231d-4671-8494-7678cdf47401: does not qualify; 1.7 s; peak memory 327 MiB.
2026-10-10T12:40:56Z INFO [17/1496] c8d1d0aa-57ca-44bf-9b83-a8b45425a5a2: does not qualify; 0.8 s; peak memory 327 MiB.
2026-10-10T12:40:57Z INFO [18/1496] c8d394b8-c4bf-48fa-ab7e-276ae57285cd: does not qualify; 1.2 s; peak memory 327 MiB.
2026-10-10T12:41:01Z INFO [19/1496] c8d41eac-d34f-4b82-8f29-5e67590d85f2: does not qualify; 4.4 s; peak memory 327 MiB.
2026-10-10T12:41:28Z INFO [20/1496] c8d494f5-881f-49c5-97fe-fcb936ee2381: does not qualify; 26.6 s; peak memory 450 MiB.
2026-10-10T12:41:30Z INFO [21/1496] c8d4e9cf-d6b0-49ad-8fc0-0674941bcb18: does not qualify; 2.7 s; peak memory 450 MiB.
2026-10-10T12:41:31Z INFO [22/1496] c8d50e10-9281-47e4-84c2-51125fd53ee7: does not qualify; 0.7 s; peak memory 450 MiB.
2026-10-10T12:41:33Z INFO [23/1496] c8d55071-0467-4521-a886-c3bf6a656dd0: does not qualify; 2.0 s; peak memory 450 MiB.
2026-10-10T12:41:34Z INFO [24/1496] c8d55b48-5112-4df0-b272-6ddb0979f03c: does not qualify; 0.7 s; peak memory 450 MiB.
2026-10-10T12:41:35Z INFO [25/1496] c8d6b839-1e5e-4ac0-9b94-72e7e1569198: does not qualify; 1.0 s; peak memory 450 MiB.
2026-10-10T12:41:36Z INFO [26/1496] c8d6c357-548c-49d7-a659-1c417ed8fc7b: does not qualify; 1.3 s; peak memory 450 MiB.
2026-10-10T12:41:45Z INFO [27/1496] c8d6ef47-119e-413a-b402-1a11085053dd: does not qualify; 8.9 s; peak memory 450 MiB.
2026-10-10T12:41:46Z INFO [28/1496] c8d71cf8-43b1-4096-8cf3-afebdb60a17f: does not qualify; 1.0 s; peak memory 450 MiB.
2026-10-10T12:41:47Z INFO [29/1496] c8d784b1-152e-49ca-8161-ade302f27604: does not qualify; 0.8 s; peak memory 450 MiB.
2026-10-10T12:41:48Z INFO [30/1496] c8d8290e-14fa-42b0-a899-5f6ff4dbee89: does not qualify; 0.7 s; peak memory 450 MiB.
2026-10-10T12:41:49Z INFO [31/1496] c8d9ca21-2f09-474c-b308-20ee2f8bb6d7: does not qualify; 1.1 s; peak memory 450 MiB.
2026-10-10T12:41:50Z INFO [32/1496] c8d9ddb2-fae5-484a-86c3-ff5d9a74ba0e: does not qualify; 0.9 s; peak memory 450 MiB.
2026-10-10T12:41:51Z INFO [33/1496] c8da2ce5-6202-42a7-91dc-966fa6497432: does not qualify; 0.9 s; peak memory 450 MiB.
2026-10-10T12:41:52Z INFO [34/1496] c8dae034-16ed-4f6b-a518-780bec8b0ee1: does not qualify; 1.2 s; peak memory 450 MiB.
2026-10-10T12:41:53Z INFO [35/1496] c8dafd7e-61a5-46cd-be63-9eb9e65bd467: does not qualify; 0.8 s; peak memory 450 MiB.
2026-10-10T12:41:54Z INFO [36/1496] c8db2b89-a95b-46ad-8c89-ca24024e4fcd: does not qualify; 1.0 s; peak memory 450 MiB.
2026-10-10T12:41:58Z INFO [37/1496] c8dc0756-eaf1-43cc-a778-b36f3ac70669: does not qualify; 4.7 s; peak memory 723 MiB.
2026-10-10T12:41:59Z INFO [38/1496] c8dd1d5c-25f4-4bb0-b9da-d867b323f21e: does not qualify; 0.9 s; peak memory 723 MiB.
2026-10-10T12:42:00Z INFO [39/1496] c8dd2212-e33d-4d0b-9b7c-e3b9318ea12d: does not qualify; 1.4 s; peak memory 723 MiB.
2026-10-10T12:42:01Z INFO [40/1496] c8dd5375-fcd2-4546-972d-1b510b3e98b5: does not qualify; 0.8 s; peak memory 723 MiB.
2026-10-10T12:42:05Z INFO [41/1496] c8de9bff-7854-4902-af2b-3e40ecdc14fb: does not qualify; 3.9 s; peak memory 723 MiB.
2026-10-10T12:42:06Z INFO [42/1496] c8e01e84-20e5-486e-ad1a-1d48ffdd5dcc: does not qualify; 1.1 s; peak memory 723 MiB.
2026-10-10T12:42:07Z INFO [43/1496] c8e04651-21c7-4324-8813-f27864c8dd13: does not qualify; 1.0 s; peak memory 723 MiB.
2026-10-10T12:42:08Z INFO [44/1496] c8e074ae-37f3-466b-82ab-e410dba6ad38: does not qualify; 0.8 s; peak memory 723 MiB.
2026-10-10T12:42:09Z INFO [45/1496] c8e29180-127c-40df-ab15-8db089928433: does not qualify; 1.1 s; peak memory 723 MiB.
2026-10-10T12:42:10Z INFO [46/1496] c8e30eea-352f-4893-83d2-adb8ae54e1a5: does not qualify; 0.9 s; peak memory 723 MiB.
2026-10-10T12:42:12Z INFO [47/1496] c8e32b8b-c9de-4e90-8d46-8598289344e5: does not qualify; 1.8 s; peak memory 723 MiB.
2026-10-10T12:42:13Z INFO [48/1496] c8e3401b-9b7f-4ad5-837a-0979d23ddfbb: does not qualify; 0.9 s; peak memory 723 MiB.
2026-10-10T12:42:18Z INFO [49/1496] c8e3719f-4d43-449f-8ed2-e6a44945f529: does not qualify; 4.9 s; peak memory 723 MiB.
2026-10-10T12:42:19Z INFO [50/1496] c8e406e8-231d-4d2f-aae5-644bdeaf02e3: does not qualify; 1.7 s; peak memory 723 MiB.
2026-10-10T12:42:20Z INFO [50/1496] c8e406e8-231d-4d2f-aae5-644bdeaf02e3: checkpointed 125452 new records.
2026-10-10T12:42:21Z INFO [51/1496] c8e44123-7d03-489c-ba43-433f2d4b1eeb: does not qualify; 1.2 s; peak memory 723 MiB.
2026-10-10T12:42:22Z INFO [52/1496] c8e482d2-a3f5-44ce-b480-1ebe95869f3c: does not qualify; 1.0 s; peak memory 723 MiB.
2026-10-10T12:42:23Z INFO [53/1496] c8e4c328-61b3-4801-94f5-31fb4ff61ef2: does not qualify; 1.2 s; peak memory 723 MiB.
2026-10-10T12:42:28Z INFO [54/1496] c8e5d1a6-5a08-42d4-8416-4ca4aef06cfa: does not qualify; 4.9 s; peak memory 723 MiB.
2026-10-10T12:42:29Z INFO [55/1496] c8e61027-2a06-4e50-82b8-e58bc6081ad2: does not qualify; 0.7 s; peak memory 723 MiB.
2026-10-10T12:42:30Z INFO [56/1496] c8e6a58a-dc7a-429a-a462-6e6c85ee1dc9: does not qualify; 1.4 s; peak memory 723 MiB.
2026-10-10T12:42:31Z INFO [57/1496] c8e77e3b-632b-498c-8d88-f8a2125bce1e: does not qualify; 1.1 s; peak memory 723 MiB.
2026-10-10T12:42:32Z INFO [58/1496] c8e7b8ac-549b-4290-a166-fbb1f13b01f7: does not qualify; 0.9 s; peak memory 723 MiB.
2026-10-10T12:42:38Z INFO [59/1496] c8e7bb81-6f1c-4024-b1dc-cb147903b5a4: does not qualify; 5.8 s; peak memory 723 MiB.
2026-10-10T12:42:40Z INFO [60/1496] c8e7d970-603b-4e75-8b76-fca61f634c58: does not qualify; 2.1 s; peak memory 723 MiB.
2026-10-10T12:42:41Z INFO [61/1496] c8e7e1fb-c1fd-4a4e-855a-1cd3ded812c2: does not qualify; 0.8 s; peak memory 723 MiB.
2026-10-10T12:42:43Z INFO [62/1496] c8e7fb81-e08d-4744-947f-c1e0b358772c: does not qualify; 2.3 s; peak memory 723 MiB.
2026-10-10T12:42:46Z INFO [63/1496] c8e903ba-184f-4a31-a018-175a421bbd08: does not qualify; 2.6 s; peak memory 723 MiB.
2026-10-10T12:42:47Z INFO [64/1496] c8ea454c-6ce4-45e2-9303-ce07103ef3af: does not qualify; 1.0 s; peak memory 723 MiB.
2026-10-10T12:42:48Z INFO [65/1496] c8ea6968-f5b1-4224-8b24-9c2363fccab8: does not qualify; 1.0 s; peak memory 723 MiB.
2026-10-10T12:42:49Z INFO [66/1496] c8eaa455-f4da-4a81-bcba-73620e016adf: does not qualify; 0.9 s; peak memory 723 MiB.
2026-10-10T12:42:49Z INFO [67/1496] c8eac092-d801-4d7e-a842-8bb251bd92f3: does not qualify; 0.8 s; peak memory 723 MiB.
2026-10-10T12:42:53Z INFO [68/1496] c8ead910-1799-4e1f-87f2-ba4b7d0346e9: does not qualify; 3.9 s; peak memory 723 MiB.
2026-10-10T12:42:54Z INFO [69/1496] c8eb979a-ea58-42db-a8bc-56463e6cf56e: does not qualify; 1.0 s; peak memory 723 MiB.
2026-10-10T12:42:55Z INFO [70/1496] c8ebd2b6-8dde-4838-9e91-8091f4bca8e4: does not qualify; 0.8 s; peak memory 723 MiB.
2026-10-10T12:42:56Z INFO [71/1496] c8ec78b8-1600-4cc3-800f-3733b082a7a4: does not qualify; 0.8 s; peak memory 723 MiB.
2026-10-10T12:43:10Z INFO [72/1496] c8ec9944-b8be-4de2-9447-953019aae687: does not qualify; 13.8 s; peak memory 723 MiB.
2026-10-10T12:43:11Z INFO [73/1496] c8ed2b16-5f3a-4998-94c0-6b5d3114219b: does not qualify; 1.0 s; peak memory 723 MiB.
2026-10-10T12:43:12Z INFO [74/1496] c8ed36c7-a767-4da3-853b-d035b9dacca0: does not qualify; 1.3 s; peak memory 723 MiB.
2026-10-10T12:43:13Z INFO [75/1496] c8ee140f-56a9-451c-a63e-36cb81220c2d: does not qualify; 1.0 s; peak memory 723 MiB.
2026-10-10T12:43:18Z INFO [76/1496] c8ee29ff-a682-4e96-b953-af149a154132: does not qualify; 4.9 s; peak memory 723 MiB.
2026-10-10T12:43:19Z INFO [77/1496] c8eeffce-852e-45f0-8291-7f58437b977f: does not qualify; 1.0 s; peak memory 723 MiB.
2026-10-10T12:43:22Z INFO [78/1496] c8f020f2-9032-4d46-b67b-b6894818d143: does not qualify; 3.7 s; peak memory 723 MiB.
2026-10-10T12:43:23Z INFO [79/1496] c8f06f94-b37d-4c43-b853-cc2e69605f2a: does not qualify; 0.8 s; peak memory 723 MiB.
2026-10-10T12:43:24Z INFO [80/1496] c8f1329c-317f-4771-9d27-be954eed776d: does not qualify; 1.0 s; peak memory 723 MiB.
2026-10-10T12:43:25Z INFO [81/1496] c8f2487c-5dc9-4fdb-95c2-44665e4013cf: does not qualify; 0.9 s; peak memory 723 MiB.
2026-10-10T12:43:26Z INFO [82/1496] c8f33a3e-d40b-4452-a2bc-2ad298d3c9f6: does not qualify; 1.2 s; peak memory 723 MiB.
2026-10-10T12:43:28Z INFO [83/1496] c8f357eb-a46a-4baa-9942-6d022be373a1: does not qualify; 1.4 s; peak memory 723 MiB.
2026-10-10T12:43:31Z INFO [84/1496] c8f3b374-72a6-4061-830a-51f16d231806: does not qualify; 3.3 s; peak memory 723 MiB.
2026-10-10T12:43:32Z INFO [85/1496] c8f3dbc3-1694-4f68-9f7d-3912ed6af0e0: does not qualify; 1.0 s; peak memory 723 MiB.
2026-10-10T12:43:36Z INFO [86/1496] c8f5d11f-e755-477b-8b51-55598e490802: does not qualify; 4.2 s; peak memory 723 MiB.
2026-10-10T12:43:37Z INFO [87/1496] c8f67cb0-0b96-4863-9544-18b93cfcafd6: does not qualify; 0.9 s; peak memory 723 MiB.
2026-10-10T12:43:50Z INFO [88/1496] c8f79de6-7aad-44fb-9733-e1483d8573d1: does not qualify; 12.4 s; peak memory 723 MiB.
2026-10-10T12:43:50Z INFO [89/1496] c8f82912-26a7-4dc4-b218-0d0383c10372: does not qualify; 0.7 s; peak memory 723 MiB.
2026-10-10T12:43:51Z INFO [90/1496] c8f86b3d-8980-44c6-ab61-0835c710bced: does not qualify; 0.8 s; peak memory 723 MiB.
2026-10-10T12:43:52Z INFO [91/1496] c8f926a8-4073-4836-b2e4-8ab45478a48b: does not qualify; 1.0 s; peak memory 723 MiB.
2026-10-10T12:43:53Z INFO [92/1496] c8f94ae2-5a7a-45b0-9e47-677bae97efed: does not qualify; 0.8 s; peak memory 723 MiB.
2026-10-10T12:43:54Z INFO [93/1496] c8f95acb-0ec8-44f0-acd3-66c2f1f8facd: does not qualify; 0.8 s; peak memory 723 MiB.
2026-10-10T12:43:57Z INFO [94/1496] c8f9ac44-1a8c-4262-ac52-24a9768cbfa8: qualifies; 3.4 s; peak memory 723 MiB.
2026-10-10T12:43:58Z INFO [95/1496] c8f9c7b8-607c-4168-b0eb-aa5cd94c7d95: does not qualify; 0.8 s; peak memory 723 MiB.
2026-10-10T12:43:59Z INFO [96/1496] c8f9cce8-0c45-41e8-a904-0f3957a7a058: does not qualify; 1.1 s; peak memory 723 MiB.
2026-10-10T12:44:00Z INFO [97/1496] c8fab970-0ba4-4f55-a4cb-35785457830f: does not qualify; 1.1 s; peak memory 723 MiB.
2026-10-10T12:44:01Z INFO [98/1496] c8fad698-5efb-42a4-b4c0-544fa56a099c: does not qualify; 0.8 s; peak memory 723 MiB.
2026-10-10T12:44:03Z INFO [99/1496] c8fadd67-e711-4580-8096-475adedaeddc: does not qualify; 1.6 s; peak memory 723 MiB.
2026-10-10T12:44:03Z INFO [100/1496] c8faea81-071b-4413-9508-48a3002e8cd5: does not qualify; 0.9 s; peak memory 723 MiB.
2026-10-10T12:44:04Z INFO [100/1496] c8faea81-071b-4413-9508-48a3002e8cd5: checkpointed 125502 new records.
2026-10-10T12:44:05Z INFO [101/1496] c8faebe8-cca7-4501-a0a8-d26c063146d0: does not qualify; 1.0 s; peak memory 723 MiB.
2026-10-10T12:44:07Z INFO [102/1496] c8fc59f0-d7fa-490e-b3dc-66db595145da: does not qualify; 2.4 s; peak memory 723 MiB.
2026-10-10T12:44:08Z INFO [103/1496] c8fcaf97-cc6f-46eb-aace-7c556699533a: does not qualify; 0.9 s; peak memory 723 MiB.
2026-10-10T12:44:09Z INFO [104/1496] c8fdc1fc-84f4-458f-994f-767717ac3992: does not qualify; 1.3 s; peak memory 723 MiB.
2026-10-10T12:44:10Z INFO [105/1496] c8fdcd47-f4ac-4ebc-be74-02a42f7686f3: does not qualify; 1.0 s; peak memory 723 MiB.
2026-10-10T12:44:12Z INFO [106/1496] c8fdde0f-bbc2-4ee9-aa65-ecf16126a753: does not qualify; 1.7 s; peak memory 723 MiB.
2026-10-10T12:44:13Z INFO [107/1496] c8fdec48-9496-40f9-923c-bf72771267b4: does not qualify; 0.9 s; peak memory 723 MiB.
2026-10-10T12:44:14Z INFO [108/1496] c8fdf68c-e9c9-4ccd-81b4-6cf1e9f73bfc: does not qualify; 0.8 s; peak memory 723 MiB.
2026-10-10T12:44:14Z INFO [109/1496] c8fe7874-0bf7-4132-848a-a0c1a04b859d: does not qualify; 0.7 s; peak memory 723 MiB.
2026-10-10T12:44:15Z INFO [110/1496] c8febddf-c295-490f-ad04-5f6a3f677531: does not qualify; 0.9 s; peak memory 723 MiB.
2026-10-10T12:44:16Z INFO [111/1496] c8ff2393-f285-4d91-bb38-ee76c56979b8: does not qualify; 0.8 s; peak memory 723 MiB.
2026-10-10T12:44:28Z INFO [112/1496] c8ff68bb-00af-4943-b2db-dffb4093b6b1: does not qualify; 11.9 s; peak memory 723 MiB.
2026-10-10T12:44:32Z INFO [113/1496] c8ff6ec7-6c86-4bd1-802d-6c4630e8fbb8: qualifies; 4.0 s; peak memory 723 MiB.
2026-10-10T12:44:33Z INFO [114/1496] c901308b-7f17-4183-8d16-225c08674820: does not qualify; 0.8 s; peak memory 723 MiB.
2026-10-10T12:44:35Z INFO [115/1496] c90188b8-c6fa-44a7-a274-477cb82b02e2: does not qualify; 1.9 s; peak memory 723 MiB.
2026-10-10T12:44:47Z INFO [116/1496] c902339b-af68-4259-914d-ad0632893707: does not qualify; 12.6 s; peak memory 723 MiB.
2026-10-10T12:44:52Z INFO [117/1496] c903d25e-33f3-4744-a026-ca419e5f0d84: does not qualify; 4.8 s; peak memory 731 MiB.
2026-10-10T12:44:53Z INFO [118/1496] c90485ce-3b07-4919-96c2-1c0c8b988a7e: does not qualify; 1.4 s; peak memory 731 MiB.
2026-10-10T12:44:54Z INFO [119/1496] c9052b33-a419-4548-b798-c222258754ed: does not qualify; 1.1 s; peak memory 731 MiB.
2026-10-10T12:44:56Z INFO [120/1496] c905d559-6763-4352-a877-77f8c77914e0: does not qualify; 1.1 s; peak memory 731 MiB.
2026-10-10T12:44:56Z INFO [121/1496] c905e542-b2b7-4316-8f4a-f496bf11a8f3: does not qualify; 0.9 s; peak memory 731 MiB.
2026-10-10T12:44:58Z INFO [122/1496] c90676c3-1425-4384-9b94-233beafffe5b: does not qualify; 1.3 s; peak memory 731 MiB.
2026-10-10T12:44:59Z INFO [123/1496] c906a927-7e19-487a-9d1f-94185dcdc405: does not qualify; 1.0 s; peak memory 731 MiB.
2026-10-10T12:45:01Z INFO [124/1496] c906a9b6-c818-4a0e-89b2-c01d2d7db826: does not qualify; 2.0 s; peak memory 731 MiB.
2026-10-10T12:45:02Z INFO [125/1496] c90779bc-da38-4341-88fd-846b0a444dbf: does not qualify; 1.4 s; peak memory 731 MiB.
2026-10-10T12:45:11Z INFO [126/1496] c90909c6-3a1c-4f63-9234-69bcb21c428b: does not qualify; 8.5 s; peak memory 731 MiB.
2026-10-10T12:45:11Z INFO [127/1496] c9091b23-4ff3-46f0-9b9e-d611d805d459: does not qualify; 0.5 s; peak memory 731 MiB.
2026-10-10T12:45:12Z INFO [128/1496] c9096ced-0756-40e2-9d78-5f0d75c0e129: does not qualify; 0.8 s; peak memory 731 MiB.
2026-10-10T12:45:14Z INFO [129/1496] c9098dfc-f24e-47e4-ad56-ae647d2ca846: does not qualify; 1.9 s; peak memory 731 MiB.
2026-10-10T12:45:15Z INFO [130/1496] c90a2e1c-b3cf-4834-8f7c-1ad48e306884: does not qualify; 0.7 s; peak memory 731 MiB.
2026-10-10T12:45:16Z INFO [131/1496] c90a2f26-db21-45b0-a561-e6e373e9ce95: does not qualify; 1.1 s; peak memory 731 MiB.
2026-10-10T12:45:16Z INFO [132/1496] c90a90fe-0160-4f45-8a49-ed77dc9b3433: does not qualify; 0.7 s; peak memory 731 MiB.
2026-10-10T12:45:17Z INFO [133/1496] c90a98e6-543a-441c-9472-bdd94e4e9f92: does not qualify; 1.1 s; peak memory 731 MiB.
2026-10-10T12:45:22Z INFO [134/1496] c90aacea-3076-4585-ae6d-ce940cdbba88: does not qualify; 4.2 s; peak memory 731 MiB.
2026-10-10T12:45:23Z INFO [135/1496] c90bebec-2fc3-4ec8-a113-78cccea7263c: does not qualify; 1.7 s; peak memory 731 MiB.
2026-10-10T12:45:24Z INFO [136/1496] c90ceba4-87b4-4874-82a0-3a2b35aa9c2d: does not qualify; 1.1 s; peak memory 731 MiB.
2026-10-10T12:45:25Z INFO [137/1496] c90d3277-f24c-4a3c-81c3-4fa8d1a494c9: does not qualify; 1.1 s; peak memory 731 MiB.
2026-10-10T12:45:26Z INFO [138/1496] c90d847b-644e-41ee-93d6-b55b34102670: does not qualify; 1.0 s; peak memory 731 MiB.
2026-10-10T12:45:32Z INFO [139/1496] c90dba30-1697-4910-baac-436d6ecb152a: does not qualify; 5.7 s; peak memory 731 MiB.
2026-10-10T12:45:33Z INFO [140/1496] c90e8200-c708-4219-9fe6-577c00f0983b: does not qualify; 0.7 s; peak memory 731 MiB.
2026-10-10T12:45:33Z INFO [141/1496] c90f5325-1da9-4f6d-83f6-71597ffedf81: does not qualify; 0.5 s; peak memory 731 MiB.
2026-10-10T12:45:36Z INFO [142/1496] c90f640e-84a0-4619-8582-c8635f268e7a: does not qualify; 2.7 s; peak memory 731 MiB.
2026-10-10T12:45:37Z INFO [143/1496] c90f6a23-e906-464c-8ce1-4f2d91a682f0: does not qualify; 1.0 s; peak memory 731 MiB.
2026-10-10T12:45:38Z INFO [144/1496] c90f7864-df67-4ff3-b2c5-23247fe1b0b0: does not qualify; 0.9 s; peak memory 731 MiB.
2026-10-10T12:45:39Z INFO [145/1496] c9101628-1ec6-4519-9626-226ef720ec35: does not qualify; 1.0 s; peak memory 731 MiB.
2026-10-10T12:45:39Z INFO [146/1496] c9101c08-5888-4a20-b8e8-aeb5fd89682c: does not qualify; 0.6 s; peak memory 731 MiB.
2026-10-10T12:45:42Z INFO [147/1496] c9107a08-57d6-4fda-8790-40deaa00fe44: does not qualify; 2.3 s; peak memory 731 MiB.
2026-10-10T12:45:43Z INFO [148/1496] c9107bd8-2aef-4575-9c04-00c00b3b772f: does not qualify; 1.0 s; peak memory 731 MiB.
2026-10-10T12:45:46Z INFO [149/1496] c91114f7-1d1c-40bc-af60-7f92eb31949e: does not qualify; 2.9 s; peak memory 731 MiB.
2026-10-10T12:45:46Z INFO [150/1496] c9117abc-0435-4efa-a309-aaebd14e6e28: does not qualify; 0.9 s; peak memory 731 MiB.
2026-10-10T12:45:47Z INFO [150/1496] c9117abc-0435-4efa-a309-aaebd14e6e28: checkpointed 125552 new records.
2026-10-10T12:45:48Z INFO [151/1496] c911f5b4-e043-4083-bf69-a0fb1260c9ac: does not qualify; 1.3 s; peak memory 731 MiB.
2026-10-10T12:45:49Z INFO [152/1496] c9122b1e-782e-4a06-9641-8b9a9acce32b: does not qualify; 0.7 s; peak memory 731 MiB.
2026-10-10T12:45:54Z INFO [153/1496] c9126c25-85b3-4e92-a9b9-1c3fe7164c38: does not qualify; 5.3 s; peak memory 731 MiB.
2026-10-10T12:45:55Z INFO [154/1496] c9132bf3-febb-4c3a-bd4c-456ec0a6f2d1: does not qualify; 1.0 s; peak memory 731 MiB.
2026-10-10T12:45:56Z INFO [155/1496] c913f449-cf2c-4952-bd5f-b56a33fd97bc: does not qualify; 0.9 s; peak memory 731 MiB.
2026-10-10T12:46:32Z INFO [156/1496] c913fc9b-97b2-4a98-8114-08665fd53ec0: does not qualify; 36.4 s; peak memory 731 MiB.
2026-10-10T12:46:34Z INFO [157/1496] c9151ead-09a1-4caa-8810-6a823ae20ec1: does not qualify; 1.3 s; peak memory 731 MiB.
2026-10-10T12:46:34Z INFO [158/1496] c9158bb1-5d0b-432c-b0b0-179b8530253f: does not qualify; 0.9 s; peak memory 731 MiB.
2026-10-10T12:46:36Z INFO [159/1496] c91607bd-d50e-4773-a20d-7f712f76ef23: does not qualify; 1.1 s; peak memory 731 MiB.
2026-10-10T12:46:37Z INFO [160/1496] c916ec98-c243-4c46-9031-3adb8613d982: does not qualify; 0.9 s; peak memory 731 MiB.
2026-10-10T12:46:38Z INFO [161/1496] c9179c09-a179-4994-90a7-9c51ced74e24: does not qualify; 1.1 s; peak memory 731 MiB.
2026-10-10T12:46:39Z INFO [162/1496] c9180303-e563-4e2a-9c1c-7a8f345e2a06: does not qualify; 1.4 s; peak memory 731 MiB.
2026-10-10T12:46:47Z INFO [163/1496] c9184d34-0de6-4e2f-9a5e-dad13f5f45ba: does not qualify; 7.7 s; peak memory 731 MiB.
2026-10-10T12:46:48Z INFO [164/1496] c9197ae9-ac10-4eff-9cd1-bc3a4462a84c: does not qualify; 1.6 s; peak memory 731 MiB.
2026-10-10T12:46:49Z INFO [165/1496] c9199467-eeb9-4509-b100-a103c61e4eb3: does not qualify; 0.7 s; peak memory 731 MiB.
2026-10-10T12:46:50Z INFO [166/1496] c91a8f85-98bf-4b2f-ad56-d3c7354a72b3: does not qualify; 0.7 s; peak memory 731 MiB.
2026-10-10T12:46:51Z INFO [167/1496] c91ca6cb-6175-4393-89e0-5d9019fabf77: does not qualify; 0.9 s; peak memory 731 MiB.
2026-10-10T12:46:51Z INFO [168/1496] c91cc1f9-81be-48db-8d01-cda154c630e4: does not qualify; 0.6 s; peak memory 731 MiB.
2026-10-10T12:46:52Z INFO [169/1496] c91dbcc1-a3dc-48a0-9c37-5afa92bf3139: does not qualify; 1.1 s; peak memory 731 MiB.
2026-10-10T12:46:53Z INFO [170/1496] c91ee9c5-9f65-403e-acb1-f245b461d0d3: does not qualify; 0.8 s; peak memory 731 MiB.
2026-10-10T12:46:54Z INFO [171/1496] c91f3f3b-5769-4213-91c8-745ce1aef11b: does not qualify; 1.4 s; peak memory 731 MiB.
2026-10-10T12:46:55Z INFO [172/1496] c91ff467-084a-4655-911b-c01699ca6aec: does not qualify; 0.8 s; peak memory 731 MiB.
2026-10-10T12:46:56Z INFO [173/1496] c920684a-5c0c-4b86-a49f-540e803cb802: does not qualify; 0.9 s; peak memory 731 MiB.
2026-10-10T12:46:57Z INFO [174/1496] c920d62f-576c-4ce2-b0cb-03114a158bac: does not qualify; 1.2 s; peak memory 731 MiB.
2026-10-10T12:46:58Z INFO [175/1496] c920ea26-6daf-41a1-af27-b12597df409c: does not qualify; 0.9 s; peak memory 731 MiB.
2026-10-10T12:47:02Z INFO [176/1496] c92118b5-c186-479c-a7a1-24cfbaa173f0: does not qualify; 3.9 s; peak memory 731 MiB.
2026-10-10T12:47:04Z INFO [177/1496] c9215895-66a3-4775-8e8b-491d1d96d24a: does not qualify; 2.0 s; peak memory 731 MiB.
2026-10-10T12:47:05Z INFO [178/1496] c921f7ae-c478-4f68-ae0e-07646deb4f84: does not qualify; 0.8 s; peak memory 731 MiB.
2026-10-10T12:47:06Z INFO [179/1496] c9225f19-bac9-40e2-afe2-e998dbbfa7a0: does not qualify; 1.1 s; peak memory 731 MiB.
2026-10-10T12:47:07Z INFO [180/1496] c9233604-f4e8-497a-bd02-a88cda80e59b: does not qualify; 1.1 s; peak memory 731 MiB.
2026-10-10T12:47:09Z INFO [181/1496] c92375c9-a287-40d6-8334-b7941403c2ee: qualifies; 2.0 s; peak memory 731 MiB.
2026-10-10T12:47:10Z INFO [182/1496] c92384bf-1c89-4773-a792-ef24824e1af0: does not qualify; 0.7 s; peak memory 731 MiB.
2026-10-10T12:47:12Z INFO [183/1496] c923cb88-268c-4259-87b9-c122427a7db1: does not qualify; 2.5 s; peak memory 731 MiB.
2026-10-10T12:47:13Z INFO [184/1496] c92414d3-55a6-47b5-a49a-558d8cb9782a: does not qualify; 0.8 s; peak memory 731 MiB.
2026-10-10T12:47:14Z INFO [185/1496] c9243113-7144-496d-a7bd-fa49d923a774: does not qualify; 0.7 s; peak memory 731 MiB.
2026-10-10T12:47:17Z INFO [186/1496] c924389d-86b0-4100-9ce8-cc235a216596: does not qualify; 3.2 s; peak memory 731 MiB.
2026-10-10T12:47:21Z INFO [187/1496] c924c0e8-2fa4-4605-ba65-48af4d1ca0ef: does not qualify; 3.8 s; peak memory 731 MiB.
2026-10-10T12:47:22Z INFO [188/1496] c9262357-ffaa-44a7-b0f2-7032b4270fec: does not qualify; 1.7 s; peak memory 731 MiB.
2026-10-10T12:47:23Z INFO [189/1496] c926a9e1-1a60-4268-b468-254804eb3486: does not qualify; 1.1 s; peak memory 731 MiB.
2026-10-10T12:47:26Z INFO [190/1496] c926af42-e7e2-4822-a069-ad8cd8d3d5cf: does not qualify; 2.7 s; peak memory 731 MiB.
2026-10-10T12:47:28Z INFO [191/1496] c926c175-59e0-477a-9f60-ae3ba71d097b: does not qualify; 1.4 s; peak memory 731 MiB.
2026-10-10T12:47:34Z INFO [192/1496] c926cdb3-33d4-4707-b2f3-adaf9c8daa59: does not qualify; 6.7 s; peak memory 731 MiB.
2026-10-10T12:47:41Z INFO [193/1496] c9276c25-9794-4ffc-9eb7-321e420035bb: does not qualify; 6.4 s; peak memory 731 MiB.
2026-10-10T12:47:42Z INFO [194/1496] c9280fba-509f-470d-9631-35561e03ffce: does not qualify; 1.2 s; peak memory 731 MiB.
2026-10-10T12:47:43Z INFO [195/1496] c92865fc-16b4-4c8d-9422-ff7904ea1f03: does not qualify; 1.5 s; peak memory 731 MiB.
2026-10-10T12:47:44Z INFO [196/1496] c92895f9-34a6-47c9-bdf5-3803ba2b4462: does not qualify; 0.9 s; peak memory 731 MiB.
2026-10-10T12:47:46Z INFO [197/1496] c9293499-d934-47aa-a1b7-4fd13849f78f: does not qualify; 1.6 s; peak memory 731 MiB.
2026-10-10T12:47:47Z INFO [198/1496] c92ac194-8eba-4d30-867d-009eac61d9eb: does not qualify; 0.9 s; peak memory 731 MiB.
2026-10-10T12:47:51Z INFO [199/1496] c92cdb7b-e759-4788-932f-65aa42d5be8e: does not qualify; 4.5 s; peak memory 731 MiB.
2026-10-10T12:47:56Z INFO [200/1496] c92d1d09-6343-4481-a9bb-dffe603bdef0: does not qualify; 4.3 s; peak memory 731 MiB.
2026-10-10T12:47:56Z INFO [200/1496] c92d1d09-6343-4481-a9bb-dffe603bdef0: checkpointed 125602 new records.
2026-10-10T12:47:57Z INFO [201/1496] c92da7ed-de14-46b5-b779-c5edd125a398: does not qualify; 1.0 s; peak memory 731 MiB.
2026-10-10T12:48:01Z INFO [202/1496] c92ec3b0-9eca-4f98-9f40-96a4103f80f7: does not qualify; 4.4 s; peak memory 731 MiB.
2026-10-10T12:48:02Z INFO [203/1496] c92ed302-4ac4-4b7e-bf46-cad6385b8c3c: does not qualify; 1.2 s; peak memory 731 MiB.
2026-10-10T12:48:04Z INFO [204/1496] c92ef850-6577-42ae-b3b6-a1733c948090: does not qualify; 1.2 s; peak memory 731 MiB.
2026-10-10T12:48:05Z INFO [205/1496] c92f4ceb-2b3e-4183-b677-e1ce927a70ed: does not qualify; 1.0 s; peak memory 731 MiB.
2026-10-10T12:48:06Z INFO [206/1496] c930412d-201d-49fe-ba98-42eedfc39e94: does not qualify; 1.2 s; peak memory 731 MiB.
2026-10-10T12:48:07Z INFO [207/1496] c931bcd4-5372-439c-acbd-6d6298ba7840: does not qualify; 0.9 s; peak memory 731 MiB.
2026-10-10T12:48:08Z INFO [208/1496] c9344c32-5e1b-4ff9-b348-de06bcdb8875: does not qualify; 0.9 s; peak memory 731 MiB.
2026-10-10T12:48:09Z INFO [209/1496] c934545c-f02e-48e8-ae55-4a1694235f53: does not qualify; 1.7 s; peak memory 731 MiB.
2026-10-10T12:48:11Z INFO [210/1496] c934729c-1431-4655-9a67-939bf25e1d4f: does not qualify; 1.4 s; peak memory 731 MiB.
2026-10-10T12:48:12Z INFO [211/1496] c9351f79-3bc0-4caf-9909-0bbc5e70788b: does not qualify; 1.1 s; peak memory 731 MiB.
2026-10-10T12:48:14Z INFO [212/1496] c935601f-5359-4c9b-8879-06ba4efc76e5: does not qualify; 1.8 s; peak memory 731 MiB.
2026-10-10T12:48:15Z INFO [213/1496] c935b35e-53c1-40b1-a52a-67be4bf4d66d: does not qualify; 1.0 s; peak memory 731 MiB.
2026-10-10T12:48:15Z INFO [214/1496] c935ec09-5ba5-4e41-8853-93fe9c8594c9: does not qualify; 0.8 s; peak memory 731 MiB.
2026-10-10T12:48:17Z INFO [215/1496] c938d132-d498-44cc-8b82-42e506f5cd7e: does not qualify; 1.9 s; peak memory 731 MiB.
2026-10-10T12:48:18Z INFO [216/1496] c9397eed-6e4a-4f06-b7a3-b69f84c1b76a: does not qualify; 0.7 s; peak memory 731 MiB.
2026-10-10T12:48:19Z INFO [217/1496] c939cb69-686f-4418-aef7-233f008d5e54: does not qualify; 0.9 s; peak memory 731 MiB.
2026-10-10T12:48:20Z INFO [218/1496] c93ae546-f5c7-4156-a476-ee6ad97d0146: does not qualify; 1.4 s; peak memory 731 MiB.
2026-10-10T12:48:21Z INFO [219/1496] c93b6d28-ef6f-4675-984d-595ad51367d6: does not qualify; 0.7 s; peak memory 731 MiB.
2026-10-10T12:48:23Z INFO [220/1496] c93bfcde-884f-4601-9bc9-5666f62a909e: does not qualify; 2.3 s; peak memory 731 MiB.
2026-10-10T12:48:24Z INFO [221/1496] c93d3217-6879-4cac-8c1f-f43616cd6a60: does not qualify; 0.7 s; peak memory 731 MiB.
2026-10-10T12:48:25Z INFO [222/1496] c93d50d1-4967-4c97-aca4-01d75ef8369f: does not qualify; 0.8 s; peak memory 731 MiB.
2026-10-10T12:48:26Z INFO [223/1496] c93d6fa0-bd07-48da-8cfe-accfb6699725: does not qualify; 1.3 s; peak memory 731 MiB.
2026-10-10T12:48:27Z INFO [224/1496] c93daa32-76a4-4386-953b-2624a470d186: does not qualify; 1.2 s; peak memory 731 MiB.
2026-10-10T12:49:09Z INFO [225/1496] c93e3e55-3e78-4a4b-9cd9-9a679dc4c342: does not qualify; 41.6 s; peak memory 731 MiB.
2026-10-10T12:49:09Z INFO [226/1496] c93e5377-f0f9-456d-9eea-2a3a8d1f15b1: does not qualify; 0.6 s; peak memory 731 MiB.
2026-10-10T12:49:16Z INFO [227/1496] c93ed4e8-5ef5-46d0-a19e-7ace3856283b: does not qualify; 6.2 s; peak memory 731 MiB.
2026-10-10T12:49:16Z INFO [228/1496] c93f626a-dcbe-4a46-9e62-11f77dfbafd5: does not qualify; 0.8 s; peak memory 731 MiB.
2026-10-10T12:49:22Z INFO [229/1496] c93f8569-4c8b-4541-a496-2fbdf6220310: does not qualify; 5.4 s; peak memory 731 MiB.
2026-10-10T12:49:23Z INFO [230/1496] c9403155-6c5f-48d5-a0a3-073705a6013c: does not qualify; 1.1 s; peak memory 731 MiB.
2026-10-10T12:49:24Z INFO [231/1496] c940e723-4a46-46ca-adea-f32e4eb8cf8d: qualifies; 1.3 s; peak memory 731 MiB.
2026-10-10T12:49:25Z INFO [232/1496] c940eea3-0b45-4816-bf4d-432b125f1d17: does not qualify; 1.0 s; peak memory 731 MiB.
2026-10-10T12:49:26Z INFO [233/1496] c9419b8a-2769-4620-893b-fc17af48de1f: does not qualify; 1.1 s; peak memory 731 MiB.
2026-10-10T12:49:33Z INFO [234/1496] c9424a70-a4bc-42f0-bf57-d76bd0443a9b: does not qualify; 6.4 s; peak memory 731 MiB.
2026-10-10T12:49:34Z INFO [235/1496] c942ae3f-a7c2-41d7-b923-83f01d7519f8: does not qualify; 1.4 s; peak memory 731 MiB.
2026-10-10T12:49:35Z INFO [236/1496] c942c8fe-a8ce-43eb-983b-4395d2abcb0c: does not qualify; 1.0 s; peak memory 731 MiB.
2026-10-10T12:49:37Z INFO [237/1496] c943052c-0d81-4fe3-afe6-153fd1dcdc6d: does not qualify; 1.7 s; peak memory 731 MiB.
2026-10-10T12:49:39Z INFO [238/1496] c9437c46-de96-487a-b089-a9f26436bf56: does not qualify; 1.9 s; peak memory 731 MiB.
2026-10-10T12:49:40Z INFO [239/1496] c94403fe-d14b-4ffe-a93e-77c649f49655: does not qualify; 0.9 s; peak memory 731 MiB.
2026-10-10T12:49:41Z INFO [240/1496] c94470db-7568-477e-8e44-8b5c0ed646a3: does not qualify; 1.3 s; peak memory 731 MiB.
2026-10-10T12:49:43Z INFO [241/1496] c9447ad6-22fd-43e3-96d5-b535082d2d2d: does not qualify; 1.6 s; peak memory 731 MiB.
2026-10-10T12:49:44Z INFO [242/1496] c944e890-1793-4124-b86f-de47775c37ac: does not qualify; 1.1 s; peak memory 731 MiB.
2026-10-10T12:49:44Z INFO [243/1496] c9454018-1ebc-45f9-8fe6-8ea531deff71: does not qualify; 0.7 s; peak memory 731 MiB.
2026-10-10T12:49:47Z INFO [244/1496] c9456910-0d5b-4e73-affe-5fed193f146f: does not qualify; 2.4 s; peak memory 731 MiB.
2026-10-10T12:49:49Z INFO [245/1496] c945c565-57e3-4f88-b796-99c4506fbc14: does not qualify; 2.1 s; peak memory 731 MiB.
2026-10-10T12:49:50Z INFO [246/1496] c946db09-7ffc-488b-a3aa-92432513b846: does not qualify; 1.4 s; peak memory 731 MiB.
2026-10-10T12:49:51Z INFO [247/1496] c94765a7-ac4e-42aa-9a6d-1242a6aad80b: does not qualify; 1.1 s; peak memory 731 MiB.
2026-10-10T12:49:53Z INFO [248/1496] c94923d8-6142-4201-9072-ae771fd61fef: does not qualify; 1.4 s; peak memory 731 MiB.
2026-10-10T12:49:54Z INFO [249/1496] c949f215-02e8-46cc-9219-af3cde1aa420: does not qualify; 1.1 s; peak memory 731 MiB.
2026-10-10T12:50:31Z INFO [250/1496] c94a03dd-660b-4e59-97fb-16b3850d8406: does not qualify; 37.4 s; peak memory 731 MiB.
2026-10-10T12:50:31Z INFO [250/1496] c94a03dd-660b-4e59-97fb-16b3850d8406: checkpointed 125652 new records.
2026-10-10T12:50:32Z INFO [251/1496] c94a1e0f-7a77-49db-a712-792033d0511a: does not qualify; 0.8 s; peak memory 731 MiB.
2026-10-10T12:50:35Z INFO [252/1496] c94a4324-d802-4f73-8c64-69eda181406f: qualifies; 2.4 s; peak memory 731 MiB.
2026-10-10T12:50:36Z INFO [253/1496] c94a555e-c772-48dc-b241-dd99dd8fa28b: does not qualify; 1.4 s; peak memory 731 MiB.
2026-10-10T12:50:37Z INFO [254/1496] c94a9496-8f44-4335-8d4d-6cdc8fbfb566: does not qualify; 0.7 s; peak memory 731 MiB.
2026-10-10T12:50:38Z INFO [255/1496] c94ad302-5287-4fe0-9c2c-dd05ad02c5dd: does not qualify; 1.4 s; peak memory 731 MiB.
2026-10-10T12:50:40Z INFO [256/1496] c94addaf-182a-41eb-bc5d-1f9e3ff03fce: does not qualify; 1.4 s; peak memory 731 MiB.
2026-10-10T12:50:40Z INFO [257/1496] c94aed86-1d66-49af-b06b-ea0f6baa88da: does not qualify; 0.9 s; peak memory 731 MiB.
2026-10-10T12:50:42Z INFO [258/1496] c94b1728-4175-4865-964a-644df43d50ef: does not qualify; 1.2 s; peak memory 731 MiB.
2026-10-10T12:50:42Z INFO [259/1496] c94b2aa0-19fb-4c1d-a711-ef1a607622c6: does not qualify; 0.8 s; peak memory 731 MiB.
2026-10-10T12:50:44Z INFO [260/1496] c94b54a7-2fc8-48a1-b918-bf462b6839d0: qualifies; 1.6 s; peak memory 731 MiB.
2026-10-10T12:50:45Z INFO [261/1496] c94b8457-8dd6-4408-9880-f7a78634b1b5: does not qualify; 0.9 s; peak memory 731 MiB.
2026-10-10T12:50:46Z INFO [262/1496] c94c8abb-a768-4e44-8dfa-3b03910a6d33: does not qualify; 1.4 s; peak memory 731 MiB.
2026-10-10T12:50:47Z INFO [263/1496] c94c8d2b-8b95-4623-a127-bb481fbe0d45: does not qualify; 0.9 s; peak memory 731 MiB.
2026-10-10T12:50:48Z INFO [264/1496] c94cf7c4-6e5c-4ef5-ba38-a74a88a6f9b1: does not qualify; 0.9 s; peak memory 731 MiB.
2026-10-10T12:50:49Z INFO [265/1496] c94d55e7-2814-4c32-a9e7-b8cfdacd5cd4: does not qualify; 0.8 s; peak memory 731 MiB.
2026-10-10T12:50:50Z INFO [266/1496] c94e20f0-a911-47b4-bdfc-25455c9d1cd9: does not qualify; 1.5 s; peak memory 731 MiB.
2026-10-10T12:50:51Z INFO [267/1496] c94e4607-e1c4-4e5e-b00f-89c21f4ccb32: does not qualify; 0.8 s; peak memory 731 MiB.
2026-10-10T12:50:52Z INFO [268/1496] c94eeb07-a08b-4c9a-b2dc-517f49ccf68a: does not qualify; 0.9 s; peak memory 731 MiB.
2026-10-10T12:50:57Z INFO [269/1496] c9501842-9496-4885-8523-51183afa0982: does not qualify; 4.8 s; peak memory 731 MiB.
2026-10-10T12:51:02Z INFO [270/1496] c9513b49-2d00-411d-a15e-9f1f519080bd: does not qualify; 4.6 s; peak memory 731 MiB.
2026-10-10T12:51:03Z INFO [271/1496] c9513d74-825e-4e04-b51a-2c870cd6a229: does not qualify; 0.9 s; peak memory 731 MiB.
2026-10-10T12:51:04Z INFO [272/1496] c95166b5-a782-412a-84f8-68795d872be5: does not qualify; 1.0 s; peak memory 731 MiB.
2026-10-10T12:51:09Z INFO [273/1496] c951e692-58fb-45bb-91bc-d855f339092c: does not qualify; 5.9 s; peak memory 731 MiB.
2026-10-10T12:51:10Z INFO [274/1496] c951e747-2115-4dfd-a66f-8229676b4f2e: does not qualify; 0.9 s; peak memory 731 MiB.
2026-10-10T12:51:11Z INFO [275/1496] c952a36d-0dd4-494a-b09d-a0269ceb5ba0: does not qualify; 1.0 s; peak memory 731 MiB.
2026-10-10T12:51:12Z INFO [276/1496] c954e05e-9851-406b-afc8-c5f523a9c492: does not qualify; 0.9 s; peak memory 731 MiB.
2026-10-10T12:51:13Z INFO [277/1496] c955dfe2-80ac-4bbd-b74e-e077fe7766f0: does not qualify; 0.9 s; peak memory 731 MiB.
2026-10-10T12:51:14Z INFO [278/1496] c956a397-999b-4af4-a430-74034f376fb8: does not qualify; 0.9 s; peak memory 731 MiB.
2026-10-10T12:51:15Z INFO [279/1496] c956c890-b3c9-4e14-a617-01f0860c07ed: does not qualify; 0.7 s; peak memory 731 MiB.
2026-10-10T12:51:16Z INFO [280/1496] c9576ca8-bcb4-4880-b115-f657c6b9b7c7: does not qualify; 0.9 s; peak memory 731 MiB.
2026-10-10T12:51:17Z INFO [281/1496] c9586a84-00c2-477f-97b0-f2a3c558cf79: does not qualify; 1.0 s; peak memory 731 MiB.
2026-10-10T12:51:20Z INFO [282/1496] c95882c5-d186-4713-b8d8-d4cd5dfb0c0f: does not qualify; 3.4 s; peak memory 731 MiB.
2026-10-10T12:51:21Z INFO [283/1496] c958ef6b-8171-480c-a804-97054636832f: does not qualify; 0.8 s; peak memory 731 MiB.
2026-10-10T12:51:23Z INFO [284/1496] c95a4ff0-2c09-4a76-9779-c02943e857b2: does not qualify; 2.0 s; peak memory 731 MiB.
2026-10-10T12:51:24Z INFO [285/1496] c95a542d-0f10-40dd-aed1-3a59b37565a1: does not qualify; 1.3 s; peak memory 731 MiB.
2026-10-10T12:51:25Z INFO [286/1496] c95a5557-5b92-4562-adca-77cbd80aaa97: does not qualify; 0.9 s; peak memory 731 MiB.
2026-10-10T12:51:27Z INFO [287/1496] c95ae873-fa1c-4ece-b888-2a2b03417c86: does not qualify; 2.1 s; peak memory 731 MiB.
2026-10-10T12:51:30Z INFO [288/1496] c95b7080-32a3-41c9-9c33-02ff9d9bef58: does not qualify; 3.2 s; peak memory 731 MiB.
2026-10-10T12:51:31Z INFO [289/1496] c95b7259-afb6-4296-8a41-b92b141a9ea2: does not qualify; 0.7 s; peak memory 731 MiB.
2026-10-10T12:51:32Z INFO [290/1496] c95c6fa5-8401-4899-8713-b54e9e42ad2e: does not qualify; 1.0 s; peak memory 731 MiB.
2026-10-10T12:51:34Z INFO [291/1496] c95ced96-6869-4319-822b-b122039eb5a3: does not qualify; 1.4 s; peak memory 731 MiB.
2026-10-10T12:51:35Z INFO [292/1496] c95cf141-e569-42ed-8f8e-429836cde6a9: does not qualify; 1.0 s; peak memory 731 MiB.
2026-10-10T12:51:36Z INFO [293/1496] c95cf7e4-dbe3-453a-a352-56e2f37a3842: does not qualify; 1.1 s; peak memory 731 MiB.
2026-10-10T12:51:38Z INFO [294/1496] c95cfd5f-be7b-4961-90ce-c4e77f364201: does not qualify; 2.4 s; peak memory 731 MiB.
2026-10-10T12:51:39Z INFO [295/1496] c95dc671-156f-45b0-8908-a5c14c13ff21: does not qualify; 1.3 s; peak memory 731 MiB.
2026-10-10T12:51:40Z INFO [296/1496] c95e8163-545f-4c9d-9f5a-24de1eba1233: does not qualify; 0.7 s; peak memory 731 MiB.
2026-10-10T12:51:41Z INFO [297/1496] c9604f8b-5201-4e6b-8277-4950d73483d3: does not qualify; 1.3 s; peak memory 731 MiB.
2026-10-10T12:51:42Z INFO [298/1496] c960e34d-a02e-4dba-aa62-663d67f84694: does not qualify; 0.9 s; peak memory 731 MiB.
2026-10-10T12:51:43Z INFO [299/1496] c9617470-de05-4bd4-a446-493775738f9e: does not qualify; 0.6 s; peak memory 731 MiB.
2026-10-10T12:51:43Z INFO [300/1496] c9622722-c4a9-4f72-8473-216f51ca7ab0: does not qualify; 0.6 s; peak memory 731 MiB.
2026-10-10T12:51:44Z INFO [300/1496] c9622722-c4a9-4f72-8473-216f51ca7ab0: checkpointed 125702 new records.
2026-10-10T12:51:47Z INFO [301/1496] c9624a39-4970-4f15-9b03-04c7b18692dd: does not qualify; 3.0 s; peak memory 731 MiB.
2026-10-10T12:51:48Z INFO [302/1496] c962f983-90a9-48de-acd2-f59d85774457: does not qualify; 1.0 s; peak memory 731 MiB.
2026-10-10T12:51:49Z INFO [303/1496] c96300ff-b9bc-4579-94e6-1543bf39c241: does not qualify; 1.0 s; peak memory 731 MiB.
2026-10-10T12:51:50Z INFO [304/1496] c963b75a-6ac6-41c8-a4f0-afacca20085e: does not qualify; 1.4 s; peak memory 731 MiB.
2026-10-10T12:51:52Z INFO [305/1496] c963f971-caa7-4fa2-9fc0-7588e3113ac4: does not qualify; 1.8 s; peak memory 731 MiB.
2026-10-10T12:51:53Z INFO [306/1496] c9641cbb-4389-45b8-8c1e-38f391303923: does not qualify; 0.8 s; peak memory 731 MiB.
2026-10-10T12:51:54Z INFO [307/1496] c964fe3c-b965-45b6-9a53-c91b440a33bd: does not qualify; 0.8 s; peak memory 731 MiB.
2026-10-10T12:51:55Z INFO [308/1496] c96538d1-2844-4068-ac5c-4270409e33fe: does not qualify; 0.9 s; peak memory 731 MiB.
2026-10-10T12:51:56Z INFO [309/1496] c96661b5-7026-46d9-80f1-4d78c42f3048: does not qualify; 1.2 s; peak memory 731 MiB.
2026-10-10T12:51:57Z INFO [310/1496] c967d825-28dc-45b0-9e43-539a44ef9855: does not qualify; 1.0 s; peak memory 731 MiB.
2026-10-10T12:51:58Z INFO [311/1496] c9684b08-f38f-42e9-a9e0-b200e449c163: does not qualify; 1.1 s; peak memory 731 MiB.
2026-10-10T12:51:59Z INFO [312/1496] c968c058-c2c4-442f-9939-c41febe5cf37: does not qualify; 0.7 s; peak memory 731 MiB.
2026-10-10T12:52:00Z INFO [313/1496] c9690418-3e42-49c6-955a-97b6d9f7b957: does not qualify; 1.0 s; peak memory 731 MiB.
2026-10-10T12:52:00Z INFO [314/1496] c96b1221-0cd9-4ed7-a012-3e7c4056e2ee: does not qualify; 0.9 s; peak memory 731 MiB.
2026-10-10T12:52:01Z INFO [315/1496] c96b2e2e-6a69-4d68-af03-7008ca5dff54: does not qualify; 1.0 s; peak memory 731 MiB.
2026-10-10T12:52:04Z INFO [316/1496] c96b6b10-fdf8-46af-91d6-cca0edd88e91: does not qualify; 3.0 s; peak memory 731 MiB.
2026-10-10T12:52:06Z INFO [317/1496] c96bb4da-207c-4fb3-9dd2-6d4a9840ce5f: does not qualify; 1.1 s; peak memory 731 MiB.
2026-10-10T12:52:06Z INFO [318/1496] c96c005d-c5ae-490b-999c-40e92feb51df: does not qualify; 0.6 s; peak memory 731 MiB.
2026-10-10T12:52:07Z INFO [319/1496] c96cccbe-7a68-4f8d-9ff5-15f1e2622502: does not qualify; 0.8 s; peak memory 731 MiB.
2026-10-10T12:52:09Z INFO [320/1496] c96cd375-a49a-4964-a84b-17f761873005: qualifies; 2.4 s; peak memory 731 MiB.
2026-10-10T12:52:10Z INFO [321/1496] c96d7328-a938-4bf8-8e4f-0d475160431f: does not qualify; 1.0 s; peak memory 731 MiB.
2026-10-10T12:52:12Z INFO [322/1496] c96df57c-a85d-4e72-9edc-a043445245ac: does not qualify; 1.5 s; peak memory 731 MiB.
2026-10-10T12:52:13Z INFO [323/1496] c96e3992-f87a-4185-b70b-a4c16e73f6e3: does not qualify; 0.7 s; peak memory 731 MiB.
2026-10-10T12:52:14Z INFO [324/1496] c96e4ef3-559b-4036-bfb5-56298c9eca91: does not qualify; 0.9 s; peak memory 731 MiB.
2026-10-10T12:52:14Z INFO [325/1496] c97031d9-7d79-4a67-83a1-81668ea5ffc2: does not qualify; 0.6 s; peak memory 731 MiB.
2026-10-10T12:52:15Z INFO [326/1496] c970d227-c30f-4a8a-b8f5-507b2617e15b: does not qualify; 0.8 s; peak memory 731 MiB.
2026-10-10T12:52:16Z INFO [327/1496] c9716bc1-6d53-4cb2-be6f-00702dd7fe49: does not qualify; 0.6 s; peak memory 731 MiB.
2026-10-10T12:52:17Z INFO [328/1496] c97181d1-71dc-49c2-9f16-b48de435985a: does not qualify; 1.6 s; peak memory 731 MiB.
2026-10-10T12:52:19Z INFO [329/1496] c971867e-8160-48e8-adfa-a814991deb37: does not qualify; 1.8 s; peak memory 731 MiB.
2026-10-10T12:52:34Z INFO [330/1496] c9719c21-6237-4945-9991-efecd1f17940: does not qualify; 15.2 s; peak memory 731 MiB.
2026-10-10T12:52:35Z INFO [331/1496] c971c30b-7cf7-4f79-a0fe-9781726977d9: does not qualify; 0.7 s; peak memory 731 MiB.
2026-10-10T12:52:36Z INFO [332/1496] c972081a-d369-4a19-bcbf-2c8c91bea006: does not qualify; 0.7 s; peak memory 731 MiB.
2026-10-10T12:52:38Z INFO [333/1496] c97302e7-7f24-4d12-81bb-831f0977443d: does not qualify; 2.1 s; peak memory 731 MiB.
2026-10-10T12:52:39Z INFO [334/1496] c9740f67-8343-475d-a690-7cc1bf35ca4d: does not qualify; 0.8 s; peak memory 731 MiB.
2026-10-10T12:52:39Z INFO [335/1496] c9743b93-4b3e-40b7-9a94-e1daee9920d4: does not qualify; 0.8 s; peak memory 731 MiB.
2026-10-10T12:52:44Z INFO [336/1496] c9752665-cb2f-47b8-82dc-3875addafa60: does not qualify; 4.1 s; peak memory 731 MiB.
2026-10-10T12:52:44Z INFO [337/1496] c9760a03-179c-4ec9-b294-8c377ce0e0ee: does not qualify; 0.9 s; peak memory 731 MiB.
2026-10-10T12:52:46Z INFO [338/1496] c97676cd-20dc-4629-9d58-d3c4a574891b: does not qualify; 1.3 s; peak memory 731 MiB.
2026-10-10T12:52:47Z INFO [339/1496] c9767983-ae4c-4a05-bc5b-c08bb3c7f8e2: does not qualify; 0.9 s; peak memory 731 MiB.
2026-10-10T12:52:48Z INFO [340/1496] c976987a-6dd6-4a61-839a-32501fe07ce1: does not qualify; 0.9 s; peak memory 731 MiB.
2026-10-10T12:52:49Z INFO [341/1496] c97733e7-8275-45c0-b0eb-9d3c35e5a7dc: does not qualify; 1.1 s; peak memory 731 MiB.
2026-10-10T12:52:50Z INFO [342/1496] c9774bfc-3b68-4ce9-bf7d-e064229eaf4e: does not qualify; 0.9 s; peak memory 731 MiB.
2026-10-10T12:52:51Z INFO [343/1496] c9775a60-d344-4962-ba2c-be2dbea57044: does not qualify; 1.5 s; peak memory 731 MiB.
2026-10-10T12:52:52Z INFO [344/1496] c9776772-2e28-4236-ab74-d0c7aa08932c: does not qualify; 1.3 s; peak memory 731 MiB.
2026-10-10T12:52:54Z INFO [345/1496] c978410e-b1c7-4b9b-96ee-632eab9f5c5e: does not qualify; 1.9 s; peak memory 731 MiB.
2026-10-10T12:52:55Z INFO [346/1496] c97a259b-b683-4011-a9ed-9b8b2fbbebc7: does not qualify; 1.2 s; peak memory 731 MiB.
2026-10-10T12:52:56Z INFO [347/1496] c97ab281-1899-4bae-8628-91dc1fc88ed5: does not qualify; 0.6 s; peak memory 731 MiB.
2026-10-10T12:52:57Z INFO [348/1496] c97ab62e-4ef0-4df8-98fd-57e3a5e29fbd: does not qualify; 0.9 s; peak memory 731 MiB.
2026-10-10T12:52:58Z INFO [349/1496] c97b79a0-3a1c-444c-b1cd-9561b4071f4e: does not qualify; 0.9 s; peak memory 731 MiB.
2026-10-10T12:52:59Z INFO [350/1496] c97b820e-fce0-43f3-a283-196257f2100f: does not qualify; 1.3 s; peak memory 731 MiB.
2026-10-10T12:52:59Z INFO [350/1496] c97b820e-fce0-43f3-a283-196257f2100f: checkpointed 125752 new records.
2026-10-10T12:53:02Z INFO [351/1496] c97b9c3f-4c8e-4740-a945-9f0ba123427e: does not qualify; 2.2 s; peak memory 731 MiB.
2026-10-10T12:53:05Z INFO [352/1496] c97bbe5c-9d12-4d7a-a54d-06c7ae45fb50: does not qualify; 3.6 s; peak memory 731 MiB.
2026-10-10T12:53:06Z INFO [353/1496] c97bf76f-f5c8-44b6-ad42-33df3c4ddc4c: does not qualify; 0.8 s; peak memory 731 MiB.
2026-10-10T12:53:09Z INFO [354/1496] c97c04ca-39c8-4e96-a6c5-bc0db1711c5c: does not qualify; 3.2 s; peak memory 731 MiB.
2026-10-10T12:53:10Z INFO [355/1496] c97c4432-19e5-47f6-93ef-d61e13c918eb: does not qualify; 0.7 s; peak memory 731 MiB.
2026-10-10T12:53:12Z INFO [356/1496] c97da654-c080-4ac6-b441-57eee8f5a3ea: does not qualify; 2.3 s; peak memory 731 MiB.
2026-10-10T12:53:13Z INFO [357/1496] c97dd025-243e-4b67-a9e8-a28a1f606679: does not qualify; 0.7 s; peak memory 731 MiB.
2026-10-10T12:53:15Z INFO [358/1496] c97eade1-d084-44c7-91be-746f7a4bb1ff: does not qualify; 1.7 s; peak memory 731 MiB.
2026-10-10T12:53:16Z INFO [359/1496] c97ec701-10d0-4ec4-884d-058027a3499f: does not qualify; 1.2 s; peak memory 731 MiB.
2026-10-10T12:53:17Z INFO [360/1496] c97efcd7-9ffa-4728-bb1d-b0d7fbb093cc: does not qualify; 1.5 s; peak memory 731 MiB.
2026-10-10T12:53:18Z INFO [361/1496] c97f178a-d314-4350-933f-eab77bca1745: does not qualify; 0.8 s; peak memory 731 MiB.
2026-10-10T12:53:19Z INFO [362/1496] c97f4a5a-cae0-4878-8250-3bee9756f87b: does not qualify; 0.8 s; peak memory 731 MiB.
2026-10-10T12:53:21Z INFO [363/1496] c97f75df-b9ce-4734-b951-fc621ea51ae2: does not qualify; 1.7 s; peak memory 731 MiB.
2026-10-10T12:53:28Z INFO [364/1496] c97f7da2-8663-4d0d-a865-adc1b4861a97: does not qualify; 7.1 s; peak memory 731 MiB.
2026-10-10T12:53:29Z INFO [365/1496] c97fd1ca-a9b7-4b9c-a134-65d0bfba8b8b: does not qualify; 1.2 s; peak memory 731 MiB.
2026-10-10T12:53:30Z INFO [366/1496] c97feda7-d648-46bd-8895-843723c08234: does not qualify; 1.0 s; peak memory 731 MiB.
2026-10-10T12:53:31Z INFO [367/1496] c980ceb4-3d79-43be-b989-9c921d6cc6af: does not qualify; 1.2 s; peak memory 731 MiB.
2026-10-10T12:53:32Z INFO [368/1496] c981bd02-c45e-4666-a369-9e321f331a7c: does not qualify; 1.2 s; peak memory 731 MiB.
2026-10-10T12:53:33Z INFO [369/1496] c9821c8b-853e-4cd0-bd58-b574e5b54841: does not qualify; 1.1 s; peak memory 731 MiB.
2026-10-10T12:53:34Z INFO [370/1496] c9830ab7-60c5-45b7-8f50-1d62da00a212: does not qualify; 1.0 s; peak memory 731 MiB.
2026-10-10T12:53:38Z INFO [371/1496] c983486f-ec11-48b9-aeff-4164080dcaf0: does not qualify; 3.9 s; peak memory 731 MiB.
2026-10-10T12:53:39Z INFO [372/1496] c9835fdf-6bc4-4bf3-84d6-9540d1fbd958: does not qualify; 1.1 s; peak memory 731 MiB.
2026-10-10T12:53:44Z INFO [373/1496] c983a4e1-097a-402c-bda8-e6a41cb7e24a: does not qualify; 4.7 s; peak memory 731 MiB.
2026-10-10T12:53:45Z INFO [374/1496] c98569f8-b162-429d-ab1f-845d3c636832: does not qualify; 0.7 s; peak memory 731 MiB.
2026-10-10T12:53:46Z INFO [375/1496] c985707e-fbd8-4297-974d-6b82ba08eb6d: does not qualify; 1.1 s; peak memory 731 MiB.
2026-10-10T12:53:51Z INFO [376/1496] c9860e7a-0748-4889-9917-9cad3c0d99f2: does not qualify; 4.8 s; peak memory 731 MiB.
2026-10-10T12:53:52Z INFO [377/1496] c9862ca9-6526-46cd-8a74-10c64f47c564: does not qualify; 1.4 s; peak memory 731 MiB.
2026-10-10T12:53:54Z INFO [378/1496] c986a81c-84ce-40b9-884f-afcc549ec621: does not qualify; 1.5 s; peak memory 731 MiB.
2026-10-10T12:53:54Z INFO [379/1496] c987902b-1b4b-4d6b-9796-59d05c5c387b: does not qualify; 0.7 s; peak memory 731 MiB.
2026-10-10T12:53:55Z INFO [380/1496] c9880594-2ce7-49b7-b683-57ecdd703d0b: does not qualify; 1.3 s; peak memory 731 MiB.
2026-10-10T12:53:57Z INFO [381/1496] c9882833-89eb-460f-b287-efa0531275ae: does not qualify; 1.6 s; peak memory 731 MiB.
2026-10-10T12:53:58Z INFO [382/1496] c9884825-7bdd-4b29-a40b-b45b3a73ba8d: does not qualify; 1.4 s; peak memory 731 MiB.
2026-10-10T12:53:59Z INFO [383/1496] c9892b5b-845b-43e9-a766-6136ff532bf3: does not qualify; 0.9 s; peak memory 731 MiB.
2026-10-10T12:54:00Z INFO [384/1496] c98992da-927a-42e6-a703-46f471cf7f0e: does not qualify; 1.1 s; peak memory 731 MiB.
2026-10-10T12:54:01Z INFO [385/1496] c98a6dab-a343-4756-a753-018d53ba6cde: does not qualify; 0.8 s; peak memory 731 MiB.
2026-10-10T12:54:02Z INFO [386/1496] c98ab486-4624-4013-b1d9-e25f319ba75d: does not qualify; 1.1 s; peak memory 731 MiB.
2026-10-10T12:54:03Z INFO [387/1496] c98b8063-2103-4586-8b78-2783688e04f1: does not qualify; 1.1 s; peak memory 731 MiB.
2026-10-10T12:54:04Z INFO [388/1496] c98bc0f7-6ab9-4fe6-a9f3-81299d76e8f4: does not qualify; 0.9 s; peak memory 731 MiB.
2026-10-10T12:54:05Z INFO [389/1496] c98c9c0e-b13a-48aa-a461-15dec7a3dfe8: does not qualify; 0.7 s; peak memory 731 MiB.
2026-10-10T12:54:10Z INFO [390/1496] c98cb374-8341-4215-8b52-f9b84e9a91e2: does not qualify; 4.9 s; peak memory 754 MiB.
2026-10-10T12:54:14Z INFO [391/1496] c98d0efa-3e26-40eb-8890-881eb4e21698: does not qualify; 4.6 s; peak memory 754 MiB.
2026-10-10T12:54:16Z INFO [392/1496] c98d572c-6ca0-495f-9b6e-ddbca0efddd4: does not qualify; 1.1 s; peak memory 754 MiB.
2026-10-10T12:54:17Z INFO [393/1496] c98e28cc-4403-4f36-a23c-3075c17327ce: does not qualify; 1.0 s; peak memory 754 MiB.
2026-10-10T12:54:19Z INFO [394/1496] c98f1886-139f-4b2c-9fec-85a0dd7f8ab6: does not qualify; 1.9 s; peak memory 754 MiB.
2026-10-10T12:54:19Z INFO [395/1496] c98f4968-e061-469f-9edd-93f4546c339e: does not qualify; 0.7 s; peak memory 754 MiB.
2026-10-10T12:54:20Z INFO [396/1496] c9900d08-a840-4589-a1a6-c5e5cca8f392: does not qualify; 1.3 s; peak memory 754 MiB.
2026-10-10T12:54:26Z INFO [397/1496] c990aa8a-2b80-4db1-b99c-bba1ec850c3a: does not qualify; 5.2 s; peak memory 754 MiB.
2026-10-10T12:54:27Z INFO [398/1496] c991391b-8daa-4788-909d-0ea372820321: does not qualify; 1.1 s; peak memory 754 MiB.
2026-10-10T12:54:38Z INFO [399/1496] c9917301-abff-46a9-9052-3391574fa008: does not qualify; 11.0 s; peak memory 754 MiB.
2026-10-10T12:54:40Z INFO [400/1496] c991d9bc-bbed-4386-82fc-d5a101d92968: does not qualify; 2.4 s; peak memory 754 MiB.
2026-10-10T12:54:40Z INFO [400/1496] c991d9bc-bbed-4386-82fc-d5a101d92968: checkpointed 125802 new records.
2026-10-10T12:54:42Z INFO [401/1496] c991df56-58bd-46dd-b2bb-8554dd70a7bc: does not qualify; 1.4 s; peak memory 754 MiB.
2026-10-10T12:54:44Z INFO [402/1496] c992795b-3865-448a-9e1c-50929e9345ce: does not qualify; 1.7 s; peak memory 754 MiB.
2026-10-10T12:54:49Z INFO [403/1496] c992ae87-6a44-49af-a9c0-8321b58d2cd9: does not qualify; 5.8 s; peak memory 754 MiB.
2026-10-10T12:54:56Z INFO [404/1496] c992c812-07c1-4e75-ad93-7db68b55d650: does not qualify; 7.1 s; peak memory 754 MiB.
2026-10-10T12:54:57Z INFO [405/1496] c992fc75-9219-4e33-a647-39c05ae3ad8d: does not qualify; 0.7 s; peak memory 754 MiB.
2026-10-10T12:54:58Z INFO [406/1496] c9937bae-8b51-48e8-a6e9-94dd3f1ee42f: does not qualify; 0.9 s; peak memory 754 MiB.
2026-10-10T12:54:59Z INFO [407/1496] c993cae4-7811-4c64-96a1-4d7af4aed703: does not qualify; 0.6 s; peak memory 754 MiB.
2026-10-10T12:55:01Z INFO [408/1496] c994468a-fb58-4d16-bd3c-3673341c15e7: does not qualify; 2.2 s; peak memory 754 MiB.
2026-10-10T12:55:02Z INFO [409/1496] c994833c-3570-4cb5-8933-3a132b89f19f: does not qualify; 0.9 s; peak memory 754 MiB.
2026-10-10T12:55:03Z INFO [410/1496] c9950553-fd11-4ac4-be5e-2c41916ea6c0: does not qualify; 1.0 s; peak memory 754 MiB.
2026-10-10T12:55:04Z INFO [411/1496] c99521a9-16e9-4cd9-9341-e2f5aa610598: does not qualify; 1.0 s; peak memory 754 MiB.
2026-10-10T12:55:05Z INFO [412/1496] c9952506-016a-4055-b3a4-31a796a4d693: does not qualify; 0.9 s; peak memory 754 MiB.
2026-10-10T12:55:05Z INFO [413/1496] c995b2db-ed5d-4e49-9488-17bc1b6aa592: does not qualify; 0.8 s; peak memory 754 MiB.
2026-10-10T12:55:11Z INFO [414/1496] c997279d-03c2-4a02-b990-d18af8e3c63e: does not qualify; 5.2 s; peak memory 754 MiB.
2026-10-10T12:55:12Z INFO [415/1496] c99abceb-82bc-4728-893a-4034b96b74bc: does not qualify; 1.0 s; peak memory 754 MiB.
2026-10-10T12:55:14Z INFO [416/1496] c99bb3cd-d0b6-4643-893e-910c6ad3297f: does not qualify; 2.0 s; peak memory 754 MiB.
2026-10-10T12:55:15Z INFO [417/1496] c99bbdc9-6de3-4059-bf74-b9133a71c569: does not qualify; 1.5 s; peak memory 754 MiB.
2026-10-10T12:55:20Z INFO [418/1496] c99c39f1-af57-4afa-8433-027adbe83425: does not qualify; 5.2 s; peak memory 754 MiB.
2026-10-10T12:55:21Z INFO [419/1496] c99c8c94-1ff4-45c8-88b3-a06703b43190: does not qualify; 0.8 s; peak memory 754 MiB.
2026-10-10T12:55:22Z INFO [420/1496] c99cf287-022e-4152-beb0-a7fb1172379f: does not qualify; 0.6 s; peak memory 754 MiB.
2026-10-10T12:55:22Z INFO [421/1496] c99e1d9d-1170-4498-a8db-1d416c05d758: does not qualify; 0.5 s; peak memory 754 MiB.
2026-10-10T12:55:24Z INFO [422/1496] c99e4252-b9d4-4e52-bbb9-5f6f01de4b0d: does not qualify; 1.4 s; peak memory 754 MiB.
2026-10-10T12:55:25Z INFO [423/1496] c99e8bf8-7499-4265-9474-ab6a67b970e2: does not qualify; 0.9 s; peak memory 754 MiB.
2026-10-10T12:55:27Z INFO [424/1496] c99ef49e-803c-4cf8-989a-82d9ef5cf06f: does not qualify; 2.3 s; peak memory 754 MiB.
2026-10-10T12:55:28Z INFO [425/1496] c99f5f9e-e3b4-4ef1-b461-1f0a1d70f50f: does not qualify; 0.9 s; peak memory 754 MiB.
2026-10-10T12:55:33Z INFO [426/1496] c99f7edc-3ac8-4717-972e-ec2b616d1a8d: does not qualify; 4.9 s; peak memory 754 MiB.
2026-10-10T12:55:34Z INFO [427/1496] c99faa37-8a83-49e1-abf5-ca53996ae0cf: does not qualify; 0.8 s; peak memory 754 MiB.
2026-10-10T12:55:34Z INFO [428/1496] c9a0364a-dad1-437b-8239-a563eda2cde6: does not qualify; 0.8 s; peak memory 754 MiB.
2026-10-10T12:55:35Z INFO [429/1496] c9a0b793-389b-4cd5-92c2-c749454a10a4: does not qualify; 0.8 s; peak memory 754 MiB.
2026-10-10T12:55:37Z INFO [430/1496] c9a0da91-8687-4afb-bb9d-8a519ffea7c7: does not qualify; 1.4 s; peak memory 754 MiB.
2026-10-10T12:55:38Z INFO [431/1496] c9a24c21-c8b2-4f81-97fe-05d29f57582c: does not qualify; 1.0 s; peak memory 754 MiB.
2026-10-10T12:55:40Z INFO [432/1496] c9a2abf0-e308-4cf5-9d62-612b095ce631: does not qualify; 2.6 s; peak memory 754 MiB.
2026-10-10T12:55:41Z INFO [433/1496] c9a33420-f824-4f63-85e6-503dab083106: does not qualify; 1.0 s; peak memory 754 MiB.
2026-10-10T12:55:42Z INFO [434/1496] c9a36c57-c39f-4017-bbfa-dcf2b98eb493: does not qualify; 1.0 s; peak memory 754 MiB.
2026-10-10T12:55:44Z INFO [435/1496] c9a42d73-ad2e-4e92-8dcf-ac817671c513: does not qualify; 1.5 s; peak memory 754 MiB.
2026-10-10T12:55:46Z INFO [436/1496] c9a446ae-be82-45d1-a29b-912cefd8ac7a: does not qualify; 1.9 s; peak memory 754 MiB.
2026-10-10T12:55:46Z INFO [437/1496] c9a463f0-b167-4bde-93f5-519301cb4ded: does not qualify; 0.8 s; peak memory 754 MiB.
2026-10-10T12:55:47Z INFO [438/1496] c9a4e60c-627a-4cb7-88e8-ad20cd3f4f14: does not qualify; 0.9 s; peak memory 754 MiB.
2026-10-10T12:55:48Z INFO [439/1496] c9a4f1c2-4e6a-43d5-a2e7-fbe2aaecdd9d: does not qualify; 1.0 s; peak memory 754 MiB.
2026-10-10T12:55:49Z INFO [440/1496] c9a6071d-7c88-4ab1-aa91-4bb70bbb7b48: does not qualify; 0.9 s; peak memory 754 MiB.
2026-10-10T12:55:50Z INFO [441/1496] c9a7058d-befe-46f1-99c6-5f1aea462d0a: does not qualify; 0.9 s; peak memory 754 MiB.
2026-10-10T12:55:53Z INFO [442/1496] c9a7550c-f1dc-45cc-b2d9-4742d99ec404: does not qualify; 3.2 s; peak memory 754 MiB.
2026-10-10T12:55:54Z INFO [443/1496] c9a85b70-5f2a-483d-90b8-77f03cc00f2f: does not qualify; 1.2 s; peak memory 754 MiB.
2026-10-10T12:55:55Z INFO [444/1496] c9ab142a-18a9-472f-b2a0-cc040f6bc1ac: does not qualify; 0.7 s; peak memory 754 MiB.
2026-10-10T12:56:19Z INFO [445/1496] c9abf3c6-4c4d-4073-972d-c095a22b4e6b: does not qualify; 23.9 s; peak memory 754 MiB.
2026-10-10T12:56:20Z INFO [446/1496] c9ac8f46-2eb5-4637-a8bd-7a17bbd9b322: does not qualify; 0.9 s; peak memory 754 MiB.
2026-10-10T12:56:21Z INFO [447/1496] c9ace535-7453-4774-b145-50cc7ce21de1: does not qualify; 1.2 s; peak memory 754 MiB.
2026-10-10T12:56:22Z INFO [448/1496] c9adac40-000f-4891-9e8f-bf1e71637257: does not qualify; 0.9 s; peak memory 754 MiB.
2026-10-10T12:56:23Z INFO [449/1496] c9b09deb-c3b6-453d-8116-776ac2298020: does not qualify; 0.8 s; peak memory 754 MiB.
2026-10-10T12:56:24Z INFO [450/1496] c9b0d2a1-d4c8-419b-88b2-496c3284cca2: does not qualify; 0.8 s; peak memory 754 MiB.
2026-10-10T12:56:24Z INFO [450/1496] c9b0d2a1-d4c8-419b-88b2-496c3284cca2: checkpointed 125852 new records.
2026-10-10T12:56:25Z INFO [451/1496] c9b16298-bd7e-4f59-a02f-c6f4adbab700: does not qualify; 0.9 s; peak memory 754 MiB.
2026-10-10T12:56:27Z INFO [452/1496] c9b244ff-b8d8-463d-ade8-421d883b65e4: does not qualify; 2.1 s; peak memory 754 MiB.
2026-10-10T12:56:29Z INFO [453/1496] c9b2d860-d922-4806-8f80-72c64baa280b: does not qualify; 1.7 s; peak memory 754 MiB.
2026-10-10T12:56:29Z INFO [454/1496] c9b3452d-e1fa-4e42-ab64-708bbf4b53e4: does not qualify; 0.8 s; peak memory 754 MiB.
2026-10-10T12:56:30Z INFO [455/1496] c9b39485-c57b-4cb9-a375-459d0174018c: does not qualify; 1.0 s; peak memory 754 MiB.
2026-10-10T12:56:31Z INFO [456/1496] c9b3c7c2-ff61-4ab3-b228-62190dffba5a: does not qualify; 0.8 s; peak memory 754 MiB.
2026-10-10T12:56:37Z INFO [457/1496] c9b45d82-2c35-48da-8966-d9f812f5f073: does not qualify; 5.6 s; peak memory 754 MiB.
2026-10-10T12:56:38Z INFO [458/1496] c9b47d3e-9b4e-471b-aca2-e03704b913ae: does not qualify; 0.7 s; peak memory 754 MiB.
2026-10-10T12:56:39Z INFO [459/1496] c9b491dd-9067-4133-931f-abba56227b51: does not qualify; 1.2 s; peak memory 754 MiB.
2026-10-10T12:56:40Z INFO [460/1496] c9b4b00f-5dbe-4340-886b-0291e3f95fa5: does not qualify; 1.1 s; peak memory 754 MiB.
2026-10-10T12:56:41Z INFO [461/1496] c9b4eadb-3fa9-4b08-bd7d-4bb6650fd43a: does not qualify; 0.9 s; peak memory 754 MiB.
2026-10-10T12:56:41Z INFO [462/1496] c9b5e2d1-7a8c-457e-a5b0-84463b4e55db: does not qualify; 0.6 s; peak memory 754 MiB.
2026-10-10T12:56:43Z INFO [463/1496] c9b5f226-9656-4f15-b710-3d3e549a7901: does not qualify; 1.0 s; peak memory 754 MiB.
2026-10-10T12:56:43Z INFO [464/1496] c9b63d07-250e-4c7f-b413-2b8532e09e91: does not qualify; 0.8 s; peak memory 754 MiB.
2026-10-10T12:56:48Z INFO [465/1496] c9b69cb5-7714-4fe0-8c97-7cb37f78fe70: does not qualify; 5.1 s; peak memory 754 MiB.
2026-10-10T12:56:50Z INFO [466/1496] c9b6ace1-3b67-42e6-bb15-0954d7aa6654: does not qualify; 1.4 s; peak memory 754 MiB.
2026-10-10T12:56:54Z INFO [467/1496] c9b6b406-85ca-4fe7-b556-9c588cb6f18f: does not qualify; 4.1 s; peak memory 754 MiB.
2026-10-10T12:56:55Z INFO [468/1496] c9b7275e-bf41-4443-bdb0-4df9fab8047c: does not qualify; 0.9 s; peak memory 754 MiB.
2026-10-10T12:57:03Z INFO [469/1496] c9b755b2-adf6-4c1d-bbbc-045e6706bd96: does not qualify; 8.2 s; peak memory 754 MiB.
2026-10-10T12:57:04Z INFO [470/1496] c9b816f2-b7cf-418b-9b74-5867de90d16f: does not qualify; 1.1 s; peak memory 754 MiB.
2026-10-10T12:57:06Z INFO [471/1496] c9b882aa-a534-4442-8e71-e7d8db749fe0: does not qualify; 1.6 s; peak memory 754 MiB.
2026-10-10T12:57:07Z INFO [472/1496] c9b90071-1c52-4e43-9354-e0cffb236967: does not qualify; 0.9 s; peak memory 754 MiB.
2026-10-10T12:57:08Z INFO [473/1496] c9ba133e-5812-49cf-bbe5-5a97c1b0ce87: does not qualify; 1.8 s; peak memory 754 MiB.
2026-10-10T12:57:10Z INFO [474/1496] c9bacaaf-ba9f-4b66-96ff-96b3d9737d32: does not qualify; 1.8 s; peak memory 754 MiB.
2026-10-10T12:57:11Z INFO [475/1496] c9bb366a-015f-46e6-ae6f-f6e7184828c3: does not qualify; 0.9 s; peak memory 754 MiB.
2026-10-10T12:57:12Z INFO [476/1496] c9bb9c60-0cf9-4477-8e0f-4485940378cc: does not qualify; 0.9 s; peak memory 754 MiB.
2026-10-10T12:57:13Z INFO [477/1496] c9bbd0e9-1cb6-4d19-b11e-a0a8b778254e: does not qualify; 0.8 s; peak memory 754 MiB.
2026-10-10T12:57:14Z INFO [478/1496] c9bbee99-7e63-4d0a-a966-c93a836a6143: does not qualify; 0.9 s; peak memory 754 MiB.
2026-10-10T12:57:14Z INFO [479/1496] c9bc2db5-a8a5-444b-9eb8-0bdd23faa504: does not qualify; 0.8 s; peak memory 754 MiB.
2026-10-10T12:57:16Z INFO [480/1496] c9bcb737-3228-4834-8caf-156caf912600: does not qualify; 1.3 s; peak memory 754 MiB.
2026-10-10T12:57:17Z INFO [481/1496] c9bcfcf3-e862-46f1-9275-6fcddffb80b8: does not qualify; 1.2 s; peak memory 754 MiB.
2026-10-10T12:57:19Z INFO [482/1496] c9bd0657-e4b1-498b-90d3-fa108721df19: does not qualify; 2.5 s; peak memory 754 MiB.
2026-10-10T12:57:21Z INFO [483/1496] c9bd172f-4374-4f37-a2f1-f2c654b4e311: does not qualify; 1.4 s; peak memory 754 MiB.
2026-10-10T12:57:22Z INFO [484/1496] c9bd196c-3f8e-4c02-a54f-ff18011fe1dd: does not qualify; 1.1 s; peak memory 754 MiB.
2026-10-10T12:57:23Z INFO [485/1496] c9bd7019-4903-41d7-bea2-92a6e2df875f: does not qualify; 0.8 s; peak memory 754 MiB.
2026-10-10T12:57:24Z INFO [486/1496] c9bdfec9-1480-4ffc-b078-0df5b34c0f41: does not qualify; 1.2 s; peak memory 754 MiB.
2026-10-10T12:57:25Z INFO [487/1496] c9be1c08-08f3-41a5-a4a7-d1fe96524f4f: does not qualify; 0.9 s; peak memory 754 MiB.
2026-10-10T12:57:26Z INFO [488/1496] c9be3375-cee4-4cf2-b14d-df178e729e42: does not qualify; 0.8 s; peak memory 754 MiB.
2026-10-10T12:57:27Z INFO [489/1496] c9bf353a-092f-4235-a777-4c07f6291fb8: does not qualify; 0.9 s; peak memory 754 MiB.
2026-10-10T12:57:27Z INFO [490/1496] c9c00c72-671c-43c9-8db2-28a406d05c76: does not qualify; 0.7 s; peak memory 754 MiB.
2026-10-10T12:57:28Z INFO [491/1496] c9c0369d-66d7-4d5c-a405-c7c0782f7c00: does not qualify; 0.8 s; peak memory 754 MiB.
2026-10-10T12:57:30Z INFO [492/1496] c9c04278-51db-469d-9778-1164c2b2cd8b: does not qualify; 1.6 s; peak memory 754 MiB.
2026-10-10T12:57:31Z INFO [493/1496] c9c0c4b4-45aa-4cef-8fe7-04053e9f3d53: does not qualify; 1.1 s; peak memory 754 MiB.
2026-10-10T12:57:32Z INFO [494/1496] c9c1b3c7-628b-4422-9cfb-61d121bf13ac: does not qualify; 1.5 s; peak memory 754 MiB.
2026-10-10T12:57:37Z INFO [495/1496] c9c2216d-b97b-433f-afed-e83d978ae0df: does not qualify; 4.9 s; peak memory 754 MiB.
2026-10-10T12:57:38Z INFO [496/1496] c9c228f2-e877-4b53-871c-96cefdeb2053: does not qualify; 1.2 s; peak memory 754 MiB.
2026-10-10T12:57:39Z INFO [497/1496] c9c2d18e-3eac-42c3-8443-e9d013352221: does not qualify; 0.9 s; peak memory 754 MiB.
2026-10-10T12:57:40Z INFO [498/1496] c9c4659d-e64d-4a8b-9e5b-a6980adbad67: does not qualify; 0.6 s; peak memory 754 MiB.
2026-10-10T12:57:41Z INFO [499/1496] c9c466b0-804f-4e56-a9c6-fc77cba783d7: does not qualify; 0.8 s; peak memory 754 MiB.
2026-10-10T12:57:43Z INFO [500/1496] c9c4c636-b937-43e9-a27a-bede2a25dfa6: does not qualify; 1.9 s; peak memory 754 MiB.
2026-10-10T12:57:43Z INFO [500/1496] c9c4c636-b937-43e9-a27a-bede2a25dfa6: checkpointed 125902 new records.
2026-10-10T12:57:44Z INFO [501/1496] c9c51829-6ea4-4f1c-8166-47d998a49d5b: does not qualify; 1.0 s; peak memory 754 MiB.
2026-10-10T12:57:45Z INFO [502/1496] c9c585b5-30cb-42bd-98d4-6d372dfb7986: does not qualify; 0.8 s; peak memory 754 MiB.
2026-10-10T12:57:47Z INFO [503/1496] c9c62bbe-8c9b-4d4a-b0b9-7835c16aba80: does not qualify; 2.2 s; peak memory 754 MiB.
2026-10-10T12:57:48Z INFO [504/1496] c9c644ba-05f8-40a2-87ad-d8e55827150b: does not qualify; 0.8 s; peak memory 754 MiB.
2026-10-10T12:57:54Z INFO [505/1496] c9c66533-1d09-444e-933a-e0d9ac1ea432: does not qualify; 6.2 s; peak memory 754 MiB.
2026-10-10T12:57:56Z INFO [506/1496] c9c6c6a7-1a9d-47ce-bd7c-b4d25b1e13df: qualifies; 2.0 s; peak memory 754 MiB.
2026-10-10T12:57:57Z INFO [507/1496] c9c74217-2721-4d77-a53d-70a081576db5: does not qualify; 1.0 s; peak memory 754 MiB.
2026-10-10T12:58:04Z INFO [508/1496] c9c762e0-0ca3-47fd-9a95-fa878c31aa4d: does not qualify; 6.8 s; peak memory 754 MiB.
2026-10-10T12:58:04Z INFO [509/1496] c9c7f763-c2b3-419c-bc27-a1450f55f9ea: does not qualify; 0.6 s; peak memory 754 MiB.
2026-10-10T12:58:07Z INFO [510/1496] c9c80368-56ad-4d1a-80f7-b816c8855940: does not qualify; 2.8 s; peak memory 754 MiB.
2026-10-10T12:58:08Z INFO [511/1496] c9c82d49-5262-41c1-abec-ee177f683054: does not qualify; 0.8 s; peak memory 754 MiB.
2026-10-10T12:58:10Z INFO [512/1496] c9c87200-b600-42c7-8909-c614c0b319b9: does not qualify; 1.8 s; peak memory 754 MiB.
2026-10-10T12:58:10Z INFO [513/1496] c9cb7119-0116-4654-a017-b3e2f54e76a5: does not qualify; 0.9 s; peak memory 754 MiB.
2026-10-10T12:58:12Z INFO [514/1496] c9cb730d-8261-4074-a694-883cd01a6661: does not qualify; 1.4 s; peak memory 754 MiB.
2026-10-10T12:58:15Z INFO [515/1496] c9cb9ed0-6c2e-475a-bd29-0194c80175be: does not qualify; 3.3 s; peak memory 754 MiB.
2026-10-10T12:58:22Z INFO [516/1496] c9cbce58-cbc9-4da0-b493-dbc34813636b: does not qualify; 6.8 s; peak memory 754 MiB.
2026-10-10T12:58:23Z INFO [517/1496] c9cbfc3e-50a9-40f2-b11c-27d0a5142e03: does not qualify; 0.6 s; peak memory 754 MiB.
2026-10-10T12:58:23Z INFO [518/1496] c9cc73f8-b081-445e-a5b8-5522462bede1: does not qualify; 0.8 s; peak memory 754 MiB.
2026-10-10T12:58:24Z INFO [519/1496] c9cc78cb-0cb9-4c74-9484-a4c42f9d70ca: does not qualify; 0.8 s; peak memory 754 MiB.
2026-10-10T12:58:25Z INFO [520/1496] c9cc8797-8b51-419d-8d22-e18babbcca1a: does not qualify; 0.6 s; peak memory 754 MiB.
2026-10-10T12:58:26Z INFO [521/1496] c9cdd1d7-1c99-4680-bda6-b49de10c7c02: does not qualify; 0.9 s; peak memory 754 MiB.
2026-10-10T12:58:28Z INFO [522/1496] c9cfab80-cc3b-42cf-b78e-86267b1638d8: does not qualify; 2.2 s; peak memory 754 MiB.
2026-10-10T12:58:29Z INFO [523/1496] c9d0b585-1501-456e-89c0-7a34ea149f05: does not qualify; 0.8 s; peak memory 754 MiB.
2026-10-10T12:58:30Z INFO [524/1496] c9d27f18-0ea1-4304-8c47-cf19627f4b0c: does not qualify; 0.9 s; peak memory 754 MiB.
2026-10-10T12:58:30Z INFO [525/1496] c9d328b9-01cb-4d73-a471-2fff6f0b15e2: does not qualify; 0.7 s; peak memory 754 MiB.
2026-10-10T12:58:31Z INFO [526/1496] c9d3f2ff-eb56-4cf1-b2b7-42bf87095408: does not qualify; 1.0 s; peak memory 754 MiB.
2026-10-10T12:58:33Z INFO [527/1496] c9d434ff-f564-4b33-817b-fc9ec6aea5cb: does not qualify; 2.1 s; peak memory 754 MiB.
2026-10-10T12:58:37Z INFO [528/1496] c9d4be1b-e5a3-4429-bbed-9a2d32b8c833: does not qualify; 3.1 s; peak memory 754 MiB.
2026-10-10T12:58:38Z INFO [529/1496] c9d5c1b9-04f2-402f-863f-419edc5ba134: does not qualify; 1.0 s; peak memory 754 MiB.
2026-10-10T12:58:39Z INFO [530/1496] c9d695f7-73d3-490b-8610-bab07dd02c4e: does not qualify; 1.4 s; peak memory 754 MiB.
2026-10-10T12:58:41Z INFO [531/1496] c9d6d297-88d9-40ae-a098-10d323bbe533: does not qualify; 2.0 s; peak memory 754 MiB.
2026-10-10T12:58:42Z INFO [532/1496] c9d7057a-6568-4d57-b6cb-c2b95214fe4d: does not qualify; 0.6 s; peak memory 754 MiB.
2026-10-10T12:58:43Z INFO [533/1496] c9d76efe-bd2b-43de-ad72-9bf4962e75f2: does not qualify; 1.3 s; peak memory 754 MiB.
2026-10-10T12:58:44Z INFO [534/1496] c9d8770d-3391-4afe-bb40-bc6f4575ac61: does not qualify; 1.4 s; peak memory 754 MiB.
2026-10-10T12:58:45Z INFO [535/1496] c9d8c1e3-5b25-4805-b033-07d98f9fd666: does not qualify; 0.8 s; peak memory 754 MiB.
2026-10-10T12:58:46Z INFO [536/1496] c9d91bcc-e788-4dcc-85db-cb2f24ab40a9: does not qualify; 0.9 s; peak memory 754 MiB.
2026-10-10T12:58:47Z INFO [537/1496] c9d931a6-e151-4153-af0d-428bfea28af0: does not qualify; 0.9 s; peak memory 754 MiB.
2026-10-10T12:58:48Z INFO [538/1496] c9d9d92a-f051-44f4-8204-6c49952989f7: does not qualify; 0.6 s; peak memory 754 MiB.
2026-10-10T12:58:48Z INFO [539/1496] c9da1212-4b31-45d0-b14b-5475249cb959: does not qualify; 0.8 s; peak memory 754 MiB.
2026-10-10T12:58:49Z INFO [540/1496] c9da45bd-607b-48da-9f0f-7011c347b850: does not qualify; 1.0 s; peak memory 754 MiB.
2026-10-10T12:58:50Z INFO [541/1496] c9da9943-afb3-4b61-a357-98ef67beb5ac: does not qualify; 1.2 s; peak memory 754 MiB.
2026-10-10T12:58:52Z INFO [542/1496] c9dabd37-d6b4-4e6b-88fa-d330cbf38ecd: does not qualify; 1.2 s; peak memory 754 MiB.
2026-10-10T12:58:54Z INFO [543/1496] c9dad236-c8d3-4fd6-b4f5-fdcd4547d0e5: does not qualify; 1.9 s; peak memory 754 MiB.
2026-10-10T12:59:00Z INFO [544/1496] c9db04c6-2fb3-416d-93db-26e092c5c57b: does not qualify; 6.1 s; peak memory 754 MiB.
2026-10-10T12:59:01Z INFO [545/1496] c9db605e-5a4a-4868-859a-362ab1d76b4f: does not qualify; 1.1 s; peak memory 754 MiB.
2026-10-10T12:59:02Z INFO [546/1496] c9db9cd0-76c9-413c-aba0-ba55aee43a18: does not qualify; 1.3 s; peak memory 754 MiB.
2026-10-10T12:59:03Z INFO [547/1496] c9dc1c3d-a794-490b-be14-1edc42e413a1: does not qualify; 0.8 s; peak memory 754 MiB.
2026-10-10T12:59:04Z INFO [548/1496] c9dc8ea1-1efc-430f-bdae-a9f6a95e6ec4: does not qualify; 1.2 s; peak memory 754 MiB.
2026-10-10T12:59:05Z INFO [549/1496] c9dd9580-b27b-4bfa-a990-de1c1b1db43d: does not qualify; 0.7 s; peak memory 754 MiB.
2026-10-10T12:59:06Z INFO [550/1496] c9ddabbd-346a-4717-95a3-4e3af172f234: does not qualify; 1.7 s; peak memory 754 MiB.
2026-10-10T12:59:07Z INFO [550/1496] c9ddabbd-346a-4717-95a3-4e3af172f234: checkpointed 125952 new records.
2026-10-10T12:59:08Z INFO [551/1496] c9de3765-1792-4c36-84f8-2c87c081e7c3: does not qualify; 1.4 s; peak memory 754 MiB.
2026-10-10T12:59:16Z INFO [552/1496] c9de9b6b-730e-49d2-9797-9ae5a56abf18: does not qualify; 7.6 s; peak memory 754 MiB.
2026-10-10T12:59:17Z INFO [553/1496] c9df258e-0dfe-4b68-9c8d-b6f74e4024e2: does not qualify; 1.5 s; peak memory 754 MiB.
2026-10-10T12:59:18Z INFO [554/1496] c9df28b6-959e-4485-b513-8ad5ee97f83d: does not qualify; 0.7 s; peak memory 754 MiB.
2026-10-10T12:59:19Z INFO [555/1496] c9dfe4ba-9311-4e40-aa47-80f536384d91: does not qualify; 0.8 s; peak memory 754 MiB.
2026-10-10T12:59:20Z INFO [556/1496] c9e19493-4c9e-4f41-94df-2bd137d69662: does not qualify; 1.5 s; peak memory 754 MiB.
2026-10-10T12:59:21Z INFO [557/1496] c9e1ec6a-d812-47a8-acf3-bd789ce74b31: does not qualify; 0.9 s; peak memory 754 MiB.
2026-10-10T12:59:22Z INFO [558/1496] c9e231dc-891b-4fa3-ae09-04a6d6bd418c: does not qualify; 1.1 s; peak memory 754 MiB.
2026-10-10T12:59:23Z INFO [559/1496] c9e25af8-fe43-441c-81ff-813be7211cb0: does not qualify; 0.9 s; peak memory 754 MiB.
2026-10-10T12:59:25Z INFO [560/1496] c9e25fd7-3d59-4f4a-9331-7609a8f6c5f5: does not qualify; 1.7 s; peak memory 754 MiB.
2026-10-10T12:59:27Z INFO [561/1496] c9e264aa-f5e9-4607-bbd6-5c64a3c29125: does not qualify; 2.7 s; peak memory 754 MiB.
2026-10-10T12:59:31Z INFO [562/1496] c9e26f6a-acf0-449a-8280-51fbe3f916c0: does not qualify; 3.3 s; peak memory 754 MiB.
2026-10-10T12:59:31Z INFO [563/1496] c9e2a810-d8ee-44de-95d3-ef485b918773: does not qualify; 0.9 s; peak memory 754 MiB.
2026-10-10T12:59:33Z INFO [564/1496] c9e3b465-168f-4bbe-a28c-eabb33a2b70c: does not qualify; 1.1 s; peak memory 754 MiB.
2026-10-10T12:59:34Z INFO [565/1496] c9e47d5c-8170-4584-8311-bb4e1e6687dc: does not qualify; 0.9 s; peak memory 754 MiB.
2026-10-10T12:59:34Z INFO [566/1496] c9e4b7e1-bc8b-409d-80c7-11b7b842d4b8: does not qualify; 0.6 s; peak memory 754 MiB.
2026-10-10T12:59:35Z INFO [567/1496] c9e522a3-1104-4c2f-addb-6a4623c81aad: does not qualify; 0.7 s; peak memory 754 MiB.
2026-10-10T12:59:36Z INFO [568/1496] c9e57ab8-688a-4af4-84da-0ed83c1e6ad5: does not qualify; 0.6 s; peak memory 754 MiB.
2026-10-10T12:59:36Z INFO [569/1496] c9e5d505-5837-4ca3-973f-d28e25abfdab: does not qualify; 0.9 s; peak memory 754 MiB.
2026-10-10T12:59:38Z INFO [570/1496] c9e70127-1262-4225-be91-25b88cef8144: does not qualify; 1.5 s; peak memory 754 MiB.
2026-10-10T12:59:39Z INFO [571/1496] c9e80df7-3cdb-4d18-b0a7-d5c7a4c3c06d: does not qualify; 1.5 s; peak memory 754 MiB.
2026-10-10T12:59:40Z INFO [572/1496] c9e8eb53-e5ba-4889-8f19-5be3554f43c3: does not qualify; 1.0 s; peak memory 754 MiB.
2026-10-10T12:59:42Z INFO [573/1496] c9e9583b-c784-4d1f-959d-1f2c4355cf39: does not qualify; 1.3 s; peak memory 754 MiB.
2026-10-10T12:59:42Z INFO [574/1496] c9eb3646-c17f-4965-8e00-be390153f217: does not qualify; 0.8 s; peak memory 754 MiB.
2026-10-10T12:59:43Z INFO [575/1496] c9ebb9d0-0daf-4e45-8d00-815a9dc76f5f: does not qualify; 1.0 s; peak memory 754 MiB.
2026-10-10T12:59:44Z INFO [576/1496] c9ec03cd-4d88-453f-a31f-b9d0a253753b: does not qualify; 0.9 s; peak memory 754 MiB.
2026-10-10T12:59:45Z INFO [577/1496] c9ec4dc6-e30b-4e59-b2cb-5609a8060e31: does not qualify; 0.9 s; peak memory 754 MiB.
2026-10-10T12:59:46Z INFO [578/1496] c9eca5be-79d8-4881-a5ba-1670399b658c: does not qualify; 0.6 s; peak memory 754 MiB.
2026-10-10T12:59:47Z INFO [579/1496] c9ed46f2-69a2-4cd0-8004-14c1f49fcbae: does not qualify; 1.6 s; peak memory 754 MiB.
2026-10-10T12:59:48Z INFO [580/1496] c9edaa1a-01bb-41a0-8e3c-22652f39ff55: does not qualify; 1.0 s; peak memory 754 MiB.
2026-10-10T12:59:50Z INFO [581/1496] c9edb7ec-3196-4b5e-bdba-98cd2bee0990: does not qualify; 1.3 s; peak memory 754 MiB.
2026-10-10T12:59:52Z INFO [582/1496] c9edd269-9f40-4acb-ab7c-f204089a0170: does not qualify; 2.6 s; peak memory 754 MiB.
2026-10-10T12:59:53Z INFO [583/1496] c9edfafd-f16f-4322-b26d-6fd26878306b: does not qualify; 0.9 s; peak memory 754 MiB.
2026-10-10T12:59:54Z INFO [584/1496] c9ee0a9a-2f83-415a-ad35-9976526faf02: does not qualify; 0.7 s; peak memory 754 MiB.
2026-10-10T12:59:55Z INFO [585/1496] c9ee4194-1912-4970-9fe7-3ff1355f03d9: does not qualify; 0.9 s; peak memory 754 MiB.
2026-10-10T13:00:03Z INFO [586/1496] c9eee376-48d8-4dde-b998-e18017fdee8a: does not qualify; 8.5 s; peak memory 754 MiB.
2026-10-10T13:00:05Z INFO [587/1496] c9ef8985-5dc1-4d9d-abce-04c1d3706abf: does not qualify; 1.8 s; peak memory 754 MiB.
2026-10-10T13:00:06Z INFO [588/1496] c9f0224a-8236-41be-ad77-2731526c7604: does not qualify; 0.9 s; peak memory 754 MiB.
2026-10-10T13:00:07Z INFO [589/1496] c9f062e0-7ae7-47ec-8ebe-292bceb7d784: does not qualify; 0.8 s; peak memory 754 MiB.
2026-10-10T13:00:08Z INFO [590/1496] c9f0f926-8f56-4793-b2d2-a0dea22cb828: does not qualify; 0.6 s; peak memory 754 MiB.
2026-10-10T13:00:09Z INFO [591/1496] c9f30f57-88d4-4df6-b9e0-8c5c34b7d249: does not qualify; 1.1 s; peak memory 754 MiB.
2026-10-10T13:00:11Z INFO [592/1496] c9f38d50-327d-4f61-8681-54d939b67ddd: does not qualify; 2.1 s; peak memory 754 MiB.
2026-10-10T13:00:12Z INFO [593/1496] c9f39ea7-3f7a-461a-aecc-3b4668b85ea3: does not qualify; 0.8 s; peak memory 754 MiB.
2026-10-10T13:00:13Z INFO [594/1496] c9f3bf1c-946b-4ea3-9790-285a25d4fb58: does not qualify; 1.0 s; peak memory 754 MiB.
2026-10-10T13:00:13Z INFO [595/1496] c9f444bf-179d-41c2-ba3a-5149c98d9f83: does not qualify; 0.8 s; peak memory 754 MiB.
2026-10-10T13:00:14Z INFO [596/1496] c9f5d707-f8c0-4ad2-afda-37c17f27aa40: does not qualify; 0.9 s; peak memory 754 MiB.
2026-10-10T13:00:16Z INFO [597/1496] c9f63022-c537-4626-8436-4b55b165fcc3: does not qualify; 1.6 s; peak memory 754 MiB.
2026-10-10T13:00:17Z INFO [598/1496] c9f6d056-ca48-4eef-afc3-42da96978e03: does not qualify; 0.7 s; peak memory 754 MiB.
2026-10-10T13:00:18Z INFO [599/1496] c9f719cd-4b72-4dd1-ae17-4679815d7068: does not qualify; 1.1 s; peak memory 754 MiB.
2026-10-10T13:00:19Z INFO [600/1496] c9f78e69-e019-46b0-8ea1-5f036008c2d1: does not qualify; 1.1 s; peak memory 754 MiB.
2026-10-10T13:00:19Z INFO [600/1496] c9f78e69-e019-46b0-8ea1-5f036008c2d1: checkpointed 126002 new records.
2026-10-10T13:00:20Z INFO [601/1496] c9f7958e-d6c9-43a6-af72-00b594f82213: does not qualify; 0.8 s; peak memory 754 MiB.
2026-10-10T13:00:21Z INFO [602/1496] c9f7d115-29ad-4fb8-a966-d5f6c119e12d: does not qualify; 1.3 s; peak memory 754 MiB.
2026-10-10T13:00:22Z INFO [603/1496] c9f7fa54-72a7-4cc1-bb7f-3369d4fd2a5c: does not qualify; 0.8 s; peak memory 754 MiB.
2026-10-10T13:00:29Z INFO [604/1496] c9f86e6b-da7c-4369-9f42-f0a2b8b52303: qualifies; 6.5 s; peak memory 754 MiB.
2026-10-10T13:00:32Z INFO [605/1496] c9f87b63-d476-4367-8ff4-f332b48108cd: does not qualify; 3.6 s; peak memory 754 MiB.
2026-10-10T13:00:33Z INFO [606/1496] c9f8f7f5-7e17-4aa3-95b9-60235ff03866: does not qualify; 0.9 s; peak memory 754 MiB.
2026-10-10T13:00:34Z INFO [607/1496] c9f92ebe-d10c-4a99-b460-4259dd08737b: does not qualify; 1.0 s; peak memory 754 MiB.
2026-10-10T13:00:35Z INFO [608/1496] c9f96b24-ff2e-44f7-9b52-e2ee504ee4b3: does not qualify; 1.1 s; peak memory 754 MiB.
2026-10-10T13:00:36Z INFO [609/1496] c9fa0bd4-a1ff-4850-b76f-af8586eaa3d4: does not qualify; 1.2 s; peak memory 754 MiB.
2026-10-10T13:00:38Z INFO [610/1496] c9fa9d78-b03b-49ba-80af-3729cc69ade9: does not qualify; 1.5 s; peak memory 754 MiB.
2026-10-10T13:00:39Z INFO [611/1496] c9fb7b16-fcc8-4f94-8399-75ef145e236b: does not qualify; 0.9 s; peak memory 754 MiB.
2026-10-10T13:00:39Z INFO [612/1496] c9fb8af7-be2f-4071-b1ba-c677e1eb28b7: does not qualify; 0.7 s; peak memory 754 MiB.
2026-10-10T13:00:40Z INFO [613/1496] c9fba8ad-b468-4d0a-8cc4-b2201cb5557e: does not qualify; 1.0 s; peak memory 754 MiB.
2026-10-10T13:01:48Z INFO [614/1496] c9fc65e4-6b89-43ca-9e05-998ab4736133: qualifies; 67.1 s; peak memory 754 MiB.
2026-10-10T13:01:49Z INFO [615/1496] c9fc7ede-c3b7-4fc0-b6d8-85bddec82c28: does not qualify; 0.9 s; peak memory 754 MiB.
2026-10-10T13:01:49Z INFO [616/1496] c9fcc688-1b20-4c5e-82e8-59c68cb039c1: does not qualify; 0.9 s; peak memory 754 MiB.
2026-10-10T13:01:52Z INFO [617/1496] c9fd1e8f-7b04-4f6b-9b0b-91505f8f83b2: does not qualify; 2.5 s; peak memory 754 MiB.
2026-10-10T13:01:55Z INFO [618/1496] c9fd29a3-4988-4da9-8639-eddf0c2df816: does not qualify; 2.6 s; peak memory 754 MiB.
2026-10-10T13:01:57Z INFO [619/1496] c9fd2dc8-c25c-4bba-8721-00d64bbe9590: does not qualify; 2.1 s; peak memory 754 MiB.
2026-10-10T13:01:58Z INFO [620/1496] c9fd6bf9-6f63-480b-9ab5-578412eaed8f: does not qualify; 1.1 s; peak memory 754 MiB.
2026-10-10T13:01:59Z INFO [621/1496] c9fe0ec2-9e7d-476f-80b0-d560d7188716: does not qualify; 1.1 s; peak memory 754 MiB.
2026-10-10T13:02:01Z INFO [622/1496] c9ff28fe-f1f5-4423-8706-aad98c370d53: does not qualify; 2.1 s; peak memory 754 MiB.
2026-10-10T13:02:02Z INFO [623/1496] c9ff8ef2-aaae-414f-8402-442f4f17ed04: does not qualify; 0.8 s; peak memory 754 MiB.
2026-10-10T13:02:03Z INFO [624/1496] c9ffeec4-5f2e-47ce-9965-d40d5b1c5e65: does not qualify; 1.1 s; peak memory 754 MiB.
2026-10-10T13:02:03Z INFO [625/1496] ca005369-0dc4-40f3-940f-e8ba299c9290: does not qualify; 0.6 s; peak memory 754 MiB.
2026-10-10T13:02:04Z INFO [626/1496] ca007f13-e5f8-4664-b3cb-9a474eb08628: does not qualify; 0.8 s; peak memory 754 MiB.
2026-10-10T13:02:06Z INFO [627/1496] ca008979-775c-424c-8ba1-91b1f9514f24: does not qualify; 1.4 s; peak memory 754 MiB.
2026-10-10T13:02:06Z INFO [628/1496] ca0113ab-3d3e-4cde-8ada-cdc64648a781: does not qualify; 0.8 s; peak memory 754 MiB.
2026-10-10T13:02:12Z INFO [629/1496] ca0118bc-4ade-4120-9f47-a4b259f76b72: does not qualify; 5.1 s; peak memory 754 MiB.
2026-10-10T13:02:12Z INFO [630/1496] ca019739-6496-4fc2-8958-b7acae7a54a2: does not qualify; 0.9 s; peak memory 754 MiB.
2026-10-10T13:02:14Z INFO [631/1496] ca01ed3c-caf0-496c-9453-8ae02cc274ca: does not qualify; 1.4 s; peak memory 754 MiB.
2026-10-10T13:02:15Z INFO [632/1496] ca01fec5-c221-4c12-9869-9785ea55c812: does not qualify; 0.9 s; peak memory 754 MiB.
2026-10-10T13:02:16Z INFO [633/1496] ca020268-e778-42f8-8827-4e8365f124d0: does not qualify; 1.1 s; peak memory 754 MiB.
2026-10-10T13:02:18Z INFO [634/1496] ca0206c0-a160-439e-ae92-870d500ffd9a: does not qualify; 1.9 s; peak memory 754 MiB.
2026-10-10T13:02:19Z INFO [635/1496] ca021671-93cd-4df3-840e-500b39234d75: does not qualify; 1.4 s; peak memory 754 MiB.
2026-10-10T13:02:20Z INFO [636/1496] ca02f741-6a97-4d17-a8ee-245f6f3cb788: does not qualify; 1.0 s; peak memory 754 MiB.
2026-10-10T13:02:22Z INFO [637/1496] ca0314d1-11a1-4416-bc42-2ecdf52bcfb0: does not qualify; 1.9 s; peak memory 754 MiB.
2026-10-10T13:02:26Z INFO [638/1496] ca031fe0-e604-456c-8a19-ff4393dfe5e5: does not qualify; 3.5 s; peak memory 754 MiB.
2026-10-10T13:02:27Z INFO [639/1496] ca0378d5-af87-4810-a3fe-53806d2b2865: does not qualify; 1.0 s; peak memory 754 MiB.
2026-10-10T13:02:29Z INFO [640/1496] ca046385-9161-4d6b-bfde-474c96172b20: does not qualify; 2.1 s; peak memory 754 MiB.
2026-10-10T13:02:30Z INFO [641/1496] ca04a6f4-9e7a-43c3-8293-1853602ddd5a: does not qualify; 0.9 s; peak memory 754 MiB.
2026-10-10T13:02:31Z INFO [642/1496] ca056692-2fd8-4dd3-9183-17db78b3e329: does not qualify; 0.7 s; peak memory 754 MiB.
2026-10-10T13:02:34Z INFO [643/1496] ca057b06-d7ef-4d4f-901f-baa142856c96: does not qualify; 3.3 s; peak memory 754 MiB.
2026-10-10T13:02:35Z INFO [644/1496] ca05ba23-6a44-420f-974b-74fb579b6436: does not qualify; 1.0 s; peak memory 754 MiB.
2026-10-10T13:02:36Z INFO [645/1496] ca06ab3d-c726-4516-a357-6deb7bb688d7: does not qualify; 1.2 s; peak memory 754 MiB.
2026-10-10T13:02:37Z INFO [646/1496] ca06f0e6-86cd-4474-8c63-479d56d8f0a3: does not qualify; 1.0 s; peak memory 754 MiB.
2026-10-10T13:02:38Z INFO [647/1496] ca075496-1604-4422-ac4c-6a8d7efa95f8: does not qualify; 0.9 s; peak memory 754 MiB.
2026-10-10T13:02:39Z INFO [648/1496] ca0889d6-fe3d-4c54-b31e-93e4339ccd2f: does not qualify; 1.4 s; peak memory 754 MiB.
2026-10-10T13:02:40Z INFO [649/1496] ca089774-0a51-4863-934f-2cfba13c9fd7: does not qualify; 0.9 s; peak memory 754 MiB.
2026-10-10T13:02:41Z INFO [650/1496] ca096d3a-4c72-405b-a623-00d141b4ca94: does not qualify; 1.0 s; peak memory 754 MiB.
2026-10-10T13:02:41Z INFO [650/1496] ca096d3a-4c72-405b-a623-00d141b4ca94: checkpointed 126052 new records.
2026-10-10T13:02:42Z INFO [651/1496] ca0a6664-c340-489d-a90c-83dcaf733144: does not qualify; 0.9 s; peak memory 754 MiB.
2026-10-10T13:02:46Z INFO [652/1496] ca0aafa4-2b27-4c70-93ed-1cf5336db25e: does not qualify; 4.1 s; peak memory 754 MiB.
2026-10-10T13:02:48Z INFO [653/1496] ca0ad590-a377-4fc4-9645-87ab79c76ec3: does not qualify; 2.0 s; peak memory 754 MiB.
2026-10-10T13:02:50Z INFO [654/1496] ca0b36f1-d4b7-4767-acbc-7dea29423d2d: does not qualify; 1.1 s; peak memory 754 MiB.
2026-10-10T13:02:54Z INFO [655/1496] ca0b7684-4b92-41ee-aafe-a4dd11c8752e: does not qualify; 4.1 s; peak memory 754 MiB.
2026-10-10T13:02:55Z INFO [656/1496] ca0c54c3-5f56-4caa-81e5-27689a94afce: does not qualify; 0.9 s; peak memory 754 MiB.
2026-10-10T13:02:56Z INFO [657/1496] ca0d0932-1557-421f-a893-f0a8dcb6ef05: does not qualify; 1.1 s; peak memory 754 MiB.
2026-10-10T13:02:57Z INFO [658/1496] ca0d25eb-1816-453d-98e0-9bcd96e14b51: does not qualify; 1.1 s; peak memory 754 MiB.
2026-10-10T13:02:59Z INFO [659/1496] ca0de481-cd23-4d78-be0c-457e6ee4f23d: does not qualify; 1.8 s; peak memory 754 MiB.
2026-10-10T13:03:00Z INFO [660/1496] ca0e5cf8-13de-4bc6-a206-c914e15d7216: does not qualify; 1.2 s; peak memory 754 MiB.
2026-10-10T13:03:00Z INFO [661/1496] ca0f697e-dfc8-4e95-b4b9-c760f16e2045: does not qualify; 0.7 s; peak memory 754 MiB.
2026-10-10T13:03:01Z INFO [662/1496] ca0f7ba4-de7e-4927-9345-33381f2bde11: does not qualify; 0.8 s; peak memory 754 MiB.
2026-10-10T13:03:03Z INFO [663/1496] ca0f8d50-14cf-40e4-a5dd-c8b2bcc8edcf: does not qualify; 1.3 s; peak memory 754 MiB.
2026-10-10T13:03:04Z INFO [664/1496] ca0fa687-335a-4960-8b5c-c587a666ba7a: does not qualify; 1.4 s; peak memory 754 MiB.
2026-10-10T13:03:05Z INFO [665/1496] ca1028c9-d169-4282-9de0-a0ad8272e3af: does not qualify; 1.0 s; peak memory 754 MiB.
2026-10-10T13:03:06Z INFO [666/1496] ca113dc8-4d21-4327-822e-fcdeeeb9cefd: does not qualify; 0.9 s; peak memory 754 MiB.
2026-10-10T13:03:07Z INFO [667/1496] ca1331f3-9c35-483f-8aa6-cb20d1c408df: does not qualify; 0.9 s; peak memory 754 MiB.
2026-10-10T13:03:08Z INFO [668/1496] ca14af1b-bdfc-40b6-82ac-5e9ed81d1fb5: does not qualify; 1.5 s; peak memory 754 MiB.
2026-10-10T13:03:09Z INFO [669/1496] ca151a08-da38-4501-8f21-464b3cc84143: does not qualify; 0.8 s; peak memory 754 MiB.
2026-10-10T13:03:10Z INFO [670/1496] ca158be4-46e2-4660-89d1-d58d4eb738dd: does not qualify; 1.0 s; peak memory 754 MiB.
2026-10-10T13:03:11Z INFO [671/1496] ca19413d-f2d2-449b-810d-f8532f20c42d: does not qualify; 1.1 s; peak memory 754 MiB.
2026-10-10T13:03:12Z INFO [672/1496] ca1967d1-41b4-4287-a8a7-f7c3192e9e16: does not qualify; 0.8 s; peak memory 754 MiB.
2026-10-10T13:03:13Z INFO [673/1496] ca1986ad-c8c7-4666-9bbe-38e141e8b22b: does not qualify; 1.0 s; peak memory 754 MiB.
2026-10-10T13:03:21Z INFO [674/1496] ca19b0b0-b2cf-46e6-b04c-8b1e79b2b23e: does not qualify; 7.7 s; peak memory 754 MiB.
2026-10-10T13:03:22Z INFO [675/1496] ca1a0776-9df7-4df7-aeb9-0e5bd9df01f3: does not qualify; 1.2 s; peak memory 754 MiB.
2026-10-10T13:03:23Z INFO [676/1496] ca1a89fb-a772-4180-876b-eea8ee1b5942: does not qualify; 1.3 s; peak memory 754 MiB.
2026-10-10T13:03:24Z INFO [677/1496] ca1c0a32-3b79-4215-968e-7bd207c783f1: does not qualify; 1.4 s; peak memory 754 MiB.
2026-10-10T13:03:25Z INFO [678/1496] ca1ce227-3647-46fc-8323-a24955b7be19: does not qualify; 1.0 s; peak memory 754 MiB.
2026-10-10T13:03:26Z INFO [679/1496] ca1d46b1-a001-4c4f-b602-908b4f044ffa: does not qualify; 0.8 s; peak memory 754 MiB.
2026-10-10T13:03:27Z INFO [680/1496] ca1d90e5-095a-420c-b05c-09f862e2ab89: does not qualify; 0.6 s; peak memory 754 MiB.
2026-10-10T13:03:52Z INFO [681/1496] ca1e80f3-372e-4d8a-b8a4-c6100ed1dc3f: does not qualify; 25.1 s; peak memory 754 MiB.
2026-10-10T13:03:53Z INFO [682/1496] ca1f5524-486c-4ef0-b13d-6d58ef1a8f2f: does not qualify; 1.5 s; peak memory 754 MiB.
2026-10-10T13:03:55Z INFO [683/1496] ca1fb2b3-56c3-4766-b15f-eae727925068: does not qualify; 1.1 s; peak memory 754 MiB.
2026-10-10T13:03:55Z INFO [684/1496] ca2067d7-cb70-4066-810e-6ffcb13d87f2: does not qualify; 0.9 s; peak memory 754 MiB.
2026-10-10T13:03:57Z INFO [685/1496] ca206afe-d960-4343-96bf-c3e2d97e6c83: does not qualify; 1.2 s; peak memory 754 MiB.
2026-10-10T13:03:58Z INFO [686/1496] ca20b06b-5da1-4774-87b2-a4342e90af05: does not qualify; 1.1 s; peak memory 754 MiB.
2026-10-10T13:03:59Z INFO [687/1496] ca213e46-182b-4cf4-bc12-07b0b9aaa0fd: does not qualify; 1.4 s; peak memory 754 MiB.
2026-10-10T13:04:00Z INFO [688/1496] ca223358-b231-42dc-9478-b5934e0d1a7c: does not qualify; 0.9 s; peak memory 754 MiB.
2026-10-10T13:04:01Z INFO [689/1496] ca223922-e16c-4722-8513-db07839f71ab: does not qualify; 0.7 s; peak memory 754 MiB.
2026-10-10T13:04:03Z INFO [690/1496] ca227427-c39f-49be-b147-f2438cccca12: does not qualify; 2.4 s; peak memory 754 MiB.
2026-10-10T13:04:05Z INFO [691/1496] ca242d2c-eb11-4c3c-835c-39cc308e4594: does not qualify; 1.4 s; peak memory 754 MiB.
2026-10-10T13:04:07Z INFO [692/1496] ca246e59-f77c-4ab8-b3e2-faed81483640: does not qualify; 1.9 s; peak memory 754 MiB.
2026-10-10T13:04:09Z INFO [693/1496] ca2555e9-3960-47ea-b19b-3342894fd709: does not qualify; 2.2 s; peak memory 754 MiB.
2026-10-10T13:04:10Z INFO [694/1496] ca25e1de-c0c1-4ee1-adfd-4d24aa359d28: does not qualify; 1.1 s; peak memory 754 MiB.
2026-10-10T13:04:10Z INFO [695/1496] ca25f17a-bfe7-45b6-a858-a2b12d6b80b7: does not qualify; 0.6 s; peak memory 754 MiB.
2026-10-10T13:04:11Z INFO [696/1496] ca275540-f299-40ba-b1c0-7f05aa080791: does not qualify; 0.8 s; peak memory 754 MiB.
2026-10-10T13:04:13Z INFO [697/1496] ca276d89-5923-4965-95af-51a3dff11dad: does not qualify; 2.2 s; peak memory 754 MiB.
2026-10-10T13:04:14Z INFO [698/1496] ca278edd-eae1-4cf6-a801-cad047ee7323: does not qualify; 0.7 s; peak memory 754 MiB.
2026-10-10T13:04:21Z INFO [699/1496] ca282961-bf73-4e8c-8c24-8c9525cd1a17: does not qualify; 7.3 s; peak memory 754 MiB.
2026-10-10T13:04:22Z INFO [700/1496] ca28b3a6-e45c-401b-b804-da90a57c604d: does not qualify; 0.7 s; peak memory 754 MiB.
2026-10-10T13:04:22Z INFO [700/1496] ca28b3a6-e45c-401b-b804-da90a57c604d: checkpointed 126102 new records.
2026-10-10T13:04:23Z INFO [701/1496] ca28cc46-ef32-4798-9622-c064847c6bae: does not qualify; 0.9 s; peak memory 754 MiB.
2026-10-10T13:04:24Z INFO [702/1496] ca28d489-0ccd-4bda-955f-3b37943627c2: does not qualify; 0.8 s; peak memory 754 MiB.
2026-10-10T13:04:25Z INFO [703/1496] ca294b5f-6387-4da4-9d5d-0b0018331838: does not qualify; 1.3 s; peak memory 754 MiB.
2026-10-10T13:04:26Z INFO [704/1496] ca29a214-dfb9-4e31-867b-d68e2f4f7dab: does not qualify; 0.9 s; peak memory 754 MiB.
2026-10-10T13:04:27Z INFO [705/1496] ca29b414-3b65-44ce-8e67-aef15711c778: does not qualify; 0.7 s; peak memory 754 MiB.
2026-10-10T13:04:28Z INFO [706/1496] ca29e695-5ceb-45c1-bfff-64bf061ed9e0: does not qualify; 1.4 s; peak memory 754 MiB.
2026-10-10T13:04:29Z INFO [707/1496] ca2acbea-efff-463b-b82d-5a4c1b420c69: does not qualify; 1.0 s; peak memory 754 MiB.
2026-10-10T13:04:30Z INFO [708/1496] ca2ad329-a4f0-4c5e-ba88-426b85448279: does not qualify; 0.7 s; peak memory 754 MiB.
2026-10-10T13:04:31Z INFO [709/1496] ca2b0e37-54e4-40f1-b67f-7489edbd87b4: does not qualify; 1.1 s; peak memory 754 MiB.
2026-10-10T13:04:32Z INFO [710/1496] ca2b952f-c705-4582-902f-ff42833ba65b: does not qualify; 1.1 s; peak memory 754 MiB.
2026-10-10T13:04:33Z INFO [711/1496] ca2be73a-b087-4f57-918e-1bf0d94fb197: does not qualify; 1.0 s; peak memory 754 MiB.
2026-10-10T13:04:34Z INFO [712/1496] ca2c0589-ddad-44e3-9dac-51d02a357293: does not qualify; 1.0 s; peak memory 754 MiB.
2026-10-10T13:04:35Z INFO [713/1496] ca2c3619-40a7-4b28-963e-7d9541bfe117: does not qualify; 1.0 s; peak memory 754 MiB.
2026-10-10T13:04:37Z INFO [714/1496] ca2c5de2-b27e-4a84-ab28-82567e4f5a2e: does not qualify; 1.4 s; peak memory 754 MiB.
2026-10-10T13:04:39Z INFO [715/1496] ca2c6fe4-c3f0-4c8e-9f52-5378da2a6bf6: does not qualify; 2.0 s; peak memory 754 MiB.
2026-10-10T13:04:40Z INFO [716/1496] ca2d5ba2-286f-4ab9-960b-f16355d09840: does not qualify; 1.3 s; peak memory 754 MiB.
2026-10-10T13:04:41Z INFO [717/1496] ca2d988e-f8b2-4705-996c-5beac6c5e5ee: does not qualify; 0.7 s; peak memory 754 MiB.
2026-10-10T13:04:42Z INFO [718/1496] ca2e75b7-3203-4262-818a-6cf937ff9208: does not qualify; 0.8 s; peak memory 754 MiB.
2026-10-10T13:04:43Z INFO [719/1496] ca2f6648-7343-4e59-a19b-38a805d392a9: does not qualify; 1.0 s; peak memory 754 MiB.
2026-10-10T13:04:44Z INFO [720/1496] ca30421f-1ddb-47e4-a94f-cd20f997efc7: does not qualify; 1.1 s; peak memory 754 MiB.
2026-10-10T13:04:47Z INFO [721/1496] ca3082c2-b019-417c-8975-4d3772df746e: does not qualify; 3.3 s; peak memory 754 MiB.
2026-10-10T13:04:53Z INFO [722/1496] ca319823-baf4-4fea-9cc3-934740c2e0f4: does not qualify; 5.8 s; peak memory 754 MiB.
2026-10-10T13:04:54Z INFO [723/1496] ca31a635-e055-4ed2-a403-5c8bd5208abd: does not qualify; 0.8 s; peak memory 754 MiB.
2026-10-10T13:04:55Z INFO [724/1496] ca31ccc4-5d08-47b6-87f7-fb568151fe43: does not qualify; 1.3 s; peak memory 754 MiB.
2026-10-10T13:04:56Z INFO [725/1496] ca31d872-2e14-477d-aa90-be8cee21370b: does not qualify; 1.4 s; peak memory 754 MiB.
2026-10-10T13:04:57Z INFO [726/1496] ca31e8e5-8068-48f7-a894-ba5fa50c46d7: does not qualify; 1.0 s; peak memory 754 MiB.
2026-10-10T13:04:58Z INFO [727/1496] ca31f8a2-bd54-41cf-8e69-f885a6ddf59d: does not qualify; 1.1 s; peak memory 754 MiB.
2026-10-10T13:04:59Z INFO [728/1496] ca330102-5d80-4b72-95e0-13074bdc03c4: does not qualify; 1.0 s; peak memory 754 MiB.
2026-10-10T13:05:00Z INFO [729/1496] ca336687-7bb3-400c-bbf9-34494c03b658: does not qualify; 0.8 s; peak memory 754 MiB.
2026-10-10T13:05:01Z INFO [730/1496] ca34c2fe-0c8b-47df-a80b-29ddf8c37c05: does not qualify; 0.6 s; peak memory 754 MiB.
2026-10-10T13:05:02Z INFO [731/1496] ca34c7a0-0f2c-4172-a1af-446fd8f98bed: does not qualify; 0.9 s; peak memory 754 MiB.
2026-10-10T13:05:08Z INFO [732/1496] ca35cf15-fa7a-454a-93b2-26ed14e0a6af: does not qualify; 5.9 s; peak memory 754 MiB.
2026-10-10T13:05:09Z INFO [733/1496] ca3606e1-f688-4da9-9862-e96bd3499416: does not qualify; 1.8 s; peak memory 754 MiB.
2026-10-10T13:05:10Z INFO [734/1496] ca361866-0087-42ec-a722-4709938e0e9d: does not qualify; 1.1 s; peak memory 754 MiB.
2026-10-10T13:05:11Z INFO [735/1496] ca378f02-8943-4c3b-a96f-e32002c90569: does not qualify; 1.0 s; peak memory 754 MiB.
2026-10-10T13:05:13Z INFO [736/1496] ca379acd-445f-4742-9269-8a6356cf3ac4: qualifies; 1.5 s; peak memory 754 MiB.
2026-10-10T13:05:14Z INFO [737/1496] ca3836b9-0e93-4870-ac09-dbf7a601eb9d: does not qualify; 1.0 s; peak memory 754 MiB.
2026-10-10T13:05:15Z INFO [738/1496] ca3a6d1a-3e4e-4e87-9d8f-4edb2b460306: does not qualify; 1.1 s; peak memory 754 MiB.
2026-10-10T13:05:16Z INFO [739/1496] ca3a7e5c-ea59-4696-9643-7850b000154b: does not qualify; 0.7 s; peak memory 754 MiB.
2026-10-10T13:05:17Z INFO [740/1496] ca3ae3a7-59ad-4ba1-8ccf-63e27758e3a0: does not qualify; 0.9 s; peak memory 754 MiB.
2026-10-10T13:05:18Z INFO [741/1496] ca3ae9cd-be73-4f15-9e0b-15398a36add9: does not qualify; 1.7 s; peak memory 754 MiB.
2026-10-10T13:05:19Z INFO [742/1496] ca3af15e-5924-485c-9442-e34f89e1b9e0: does not qualify; 0.7 s; peak memory 754 MiB.
2026-10-10T13:05:20Z INFO [743/1496] ca3b9520-7f18-491b-bcba-9664bf4098b5: does not qualify; 0.9 s; peak memory 754 MiB.
2026-10-10T13:05:21Z INFO [744/1496] ca3c07c3-4880-4b6a-b1a4-3211a46b5ad8: does not qualify; 0.6 s; peak memory 754 MiB.
2026-10-10T13:05:22Z INFO [745/1496] ca3d7f3b-413f-49bc-a4d3-62403e7e2c65: does not qualify; 1.3 s; peak memory 754 MiB.
2026-10-10T13:05:23Z INFO [746/1496] ca3df59a-199c-4850-9bac-0763a5b9841e: does not qualify; 0.9 s; peak memory 754 MiB.
2026-10-10T13:05:24Z INFO [747/1496] ca3e7613-664e-43e3-bd49-2304913c4515: does not qualify; 0.6 s; peak memory 754 MiB.
2026-10-10T13:05:40Z INFO [748/1496] ca3fa642-4fb8-4df2-b0aa-94339332e8e6: does not qualify; 16.9 s; peak memory 754 MiB.
2026-10-10T13:05:45Z INFO [749/1496] ca3fcca7-ac1c-4a53-8361-51d75d33c504: does not qualify; 4.6 s; peak memory 754 MiB.
2026-10-10T13:05:46Z INFO [750/1496] ca410cb2-5afe-448a-b317-ac7fb14da316: does not qualify; 0.9 s; peak memory 754 MiB.
2026-10-10T13:05:46Z INFO [750/1496] ca410cb2-5afe-448a-b317-ac7fb14da316: checkpointed 126152 new records.
2026-10-10T13:05:48Z INFO [751/1496] ca4174a0-78b2-4ad1-8648-55580c49cefb: does not qualify; 1.7 s; peak memory 754 MiB.
2026-10-10T13:05:56Z INFO [752/1496] ca41cdfc-c44e-417d-9140-faff236c09ed: does not qualify; 7.9 s; peak memory 754 MiB.
2026-10-10T13:05:59Z INFO [753/1496] ca45e34e-2e35-4182-906b-70a69590c881: qualifies; 2.8 s; peak memory 754 MiB.
2026-10-10T13:06:00Z INFO [754/1496] ca46543c-60c1-4c70-be29-8be054e0a711: does not qualify; 0.9 s; peak memory 754 MiB.
2026-10-10T13:06:00Z INFO [755/1496] ca46f67f-cbde-47d1-9c4a-67a7a3571098: does not qualify; 0.6 s; peak memory 754 MiB.
2026-10-10T13:06:02Z INFO [756/1496] ca472be8-a802-45ba-82e0-4a4315a472e3: does not qualify; 1.9 s; peak memory 754 MiB.
2026-10-10T13:06:03Z INFO [757/1496] ca47cdf9-5590-429c-84a7-f7601bdf3239: does not qualify; 0.8 s; peak memory 754 MiB.
2026-10-10T13:06:04Z INFO [758/1496] ca47ea71-527a-42dd-9157-7e4aa965451c: does not qualify; 1.1 s; peak memory 754 MiB.
2026-10-10T13:06:05Z INFO [759/1496] ca482a06-6c1d-4e88-a5cf-4022b6824a0e: does not qualify; 0.9 s; peak memory 754 MiB.
2026-10-10T13:06:12Z INFO [760/1496] ca486ad4-ef0c-4ff9-8506-610b548b9037: does not qualify; 7.1 s; peak memory 754 MiB.
2026-10-10T13:06:13Z INFO [761/1496] ca4931b0-d352-4ff8-936c-eae69956e0a8: does not qualify; 1.2 s; peak memory 754 MiB.
2026-10-10T13:06:16Z INFO [762/1496] ca494b56-4b78-43d5-a910-c5a698836d70: does not qualify; 2.3 s; peak memory 754 MiB.
2026-10-10T13:06:16Z INFO [763/1496] ca4a23e4-a762-4feb-88ad-80542c90e1fa: does not qualify; 0.6 s; peak memory 754 MiB.
2026-10-10T13:06:20Z INFO [764/1496] ca4a3007-c38f-4116-a206-6838b0a0a2be: does not qualify; 4.3 s; peak memory 754 MiB.
2026-10-10T13:06:21Z INFO [765/1496] ca4abd92-ba1a-4114-82ca-49532ba70cbc: does not qualify; 0.9 s; peak memory 754 MiB.
2026-10-10T13:06:29Z INFO [766/1496] ca4af71c-2413-4c7d-a787-a3ac64ad885a: does not qualify; 7.5 s; peak memory 754 MiB.
2026-10-10T13:06:30Z INFO [767/1496] ca4b5f84-d935-4350-b824-a53d9926463d: does not qualify; 0.8 s; peak memory 754 MiB.
2026-10-10T13:06:31Z INFO [768/1496] ca4b8ecc-59a5-4cdc-a78a-43a284ab41b6: does not qualify; 1.4 s; peak memory 754 MiB.
2026-10-10T13:06:32Z INFO [769/1496] ca4ba209-a341-4dc2-afe8-7b6d0e749c57: does not qualify; 1.2 s; peak memory 754 MiB.
2026-10-10T13:06:33Z INFO [770/1496] ca4d4ed7-8416-469e-b235-d1bf48dcf77f: does not qualify; 0.8 s; peak memory 754 MiB.
2026-10-10T13:06:34Z INFO [771/1496] ca4d9f76-0751-43de-8e9e-b160ea33caca: does not qualify; 1.4 s; peak memory 754 MiB.
2026-10-10T13:06:37Z INFO [772/1496] ca4dfea1-fdae-48b5-a798-cc9d453f307d: does not qualify; 2.7 s; peak memory 754 MiB.
2026-10-10T13:06:38Z INFO [773/1496] ca4eba6c-d311-4475-85ee-56f227705971: does not qualify; 0.8 s; peak memory 754 MiB.
2026-10-10T13:06:39Z INFO [774/1496] ca5030fe-3eb1-4673-95a7-452929cfd42b: does not qualify; 0.9 s; peak memory 754 MiB.
2026-10-10T13:06:40Z INFO [775/1496] ca5184c4-23b6-450e-902b-bcf85a6c497f: does not qualify; 1.2 s; peak memory 754 MiB.
2026-10-10T13:06:41Z INFO [776/1496] ca51e31f-3151-4ceb-965d-2f0339e48aa2: does not qualify; 1.0 s; peak memory 754 MiB.
2026-10-10T13:06:42Z INFO [777/1496] ca51f487-b969-46f2-95e9-081e2f791a5e: does not qualify; 0.8 s; peak memory 754 MiB.
2026-10-10T13:06:43Z INFO [778/1496] ca526aff-cb83-4074-ba1e-8ed8901c8538: does not qualify; 1.0 s; peak memory 754 MiB.
2026-10-10T13:06:51Z INFO [779/1496] ca52a6b1-6ac3-4a82-8f59-95e557ba83ce: does not qualify; 7.7 s; peak memory 754 MiB.
2026-10-10T13:06:51Z INFO [780/1496] ca52d337-1afb-46d3-bac6-a06e5b280ba6: does not qualify; 1.0 s; peak memory 754 MiB.
2026-10-10T13:06:52Z INFO [781/1496] ca532d38-c315-4a75-af97-8d17006fff3e: does not qualify; 0.9 s; peak memory 754 MiB.
2026-10-10T13:06:53Z INFO [782/1496] ca53c1c2-3540-4080-888d-8c8095a4bcd0: does not qualify; 1.0 s; peak memory 754 MiB.
2026-10-10T13:07:00Z INFO [783/1496] ca58d07b-2e48-4a14-8d93-5bacf41c4cec: does not qualify; 6.5 s; peak memory 754 MiB.
2026-10-10T13:07:01Z INFO [784/1496] ca596d93-895a-4213-93e2-8224ea88f2d4: does not qualify; 0.8 s; peak memory 754 MiB.
2026-10-10T13:07:03Z INFO [785/1496] ca59ad7a-c1bb-4a14-bbe5-10586e00d827: does not qualify; 1.9 s; peak memory 754 MiB.
2026-10-10T13:07:04Z INFO [786/1496] ca5a46b2-d1e5-4fef-8fb8-ac3ea943e9d6: does not qualify; 1.3 s; peak memory 754 MiB.
2026-10-10T13:07:05Z INFO [787/1496] ca5ad76f-d290-4319-aaaa-0b32e39600d7: does not qualify; 0.9 s; peak memory 754 MiB.
2026-10-10T13:07:06Z INFO [788/1496] ca5b1263-48c1-4f1f-9c83-1228d5bac1ed: does not qualify; 0.8 s; peak memory 754 MiB.
2026-10-10T13:07:06Z INFO [789/1496] ca5b63c4-cf83-42d2-a00e-b3a81511d2d3: does not qualify; 0.8 s; peak memory 754 MiB.
2026-10-10T13:07:10Z INFO [790/1496] ca5b9170-fc60-4d1f-8e3c-a56f32bf0bf3: qualifies; 3.9 s; peak memory 754 MiB.
2026-10-10T13:07:11Z INFO [791/1496] ca5cb7ba-5726-47f6-a89d-a1b4ae8a861f: does not qualify; 1.1 s; peak memory 754 MiB.
2026-10-10T13:07:12Z INFO [792/1496] ca5cd0a1-5e93-4ba0-b79c-bbc1138dcd73: does not qualify; 0.7 s; peak memory 754 MiB.
2026-10-10T13:07:13Z INFO [793/1496] ca5ce73d-5164-4d77-a6c1-583910c53441: does not qualify; 0.7 s; peak memory 754 MiB.
2026-10-10T13:07:14Z INFO [794/1496] ca5dff4f-251c-4fbf-b5a0-ef036bd4ebe4: does not qualify; 1.2 s; peak memory 754 MiB.
2026-10-10T13:07:15Z INFO [795/1496] ca5eb850-5125-468c-9d4f-838e5744227d: does not qualify; 1.0 s; peak memory 754 MiB.
2026-10-10T13:07:17Z INFO [796/1496] ca5ec19c-b607-458e-b40c-5491f41a6d12: does not qualify; 1.8 s; peak memory 754 MiB.
2026-10-10T13:07:19Z INFO [797/1496] ca5fcd16-ac1f-489c-89ea-c023b559a737: does not qualify; 2.1 s; peak memory 754 MiB.
2026-10-10T13:07:20Z INFO [798/1496] ca602c92-9bdc-493f-8a3a-e9b2654f82f6: does not qualify; 1.0 s; peak memory 754 MiB.
2026-10-10T13:07:21Z INFO [799/1496] ca609a3a-d588-481a-9fa3-2c0c32a3c7ac: does not qualify; 0.8 s; peak memory 754 MiB.
2026-10-10T13:07:22Z INFO [800/1496] ca61936d-dafa-4691-b149-7a3b020c47b9: does not qualify; 1.2 s; peak memory 754 MiB.
2026-10-10T13:07:22Z INFO [800/1496] ca61936d-dafa-4691-b149-7a3b020c47b9: checkpointed 126202 new records.
2026-10-10T13:07:23Z INFO [801/1496] ca621184-1094-4196-a8c0-c2005d770628: does not qualify; 0.8 s; peak memory 754 MiB.
2026-10-10T13:07:24Z INFO [802/1496] ca632c7f-92dc-4d84-a238-77156e280a6e: does not qualify; 0.9 s; peak memory 754 MiB.
2026-10-10T13:07:30Z INFO [803/1496] ca632e22-fbb1-4000-a78b-d20faade97bb: does not qualify; 6.3 s; peak memory 754 MiB.
2026-10-10T13:07:32Z INFO [804/1496] ca6341f1-5f17-4fba-ba84-681370ba2ae5: does not qualify; 2.0 s; peak memory 754 MiB.
2026-10-10T13:07:33Z INFO [805/1496] ca644ff5-fb97-4c26-a79e-042a30f62a00: does not qualify; 0.7 s; peak memory 754 MiB.
2026-10-10T13:07:34Z INFO [806/1496] ca64e8e2-e7f1-4ae5-b2dc-6f648adb3051: does not qualify; 1.6 s; peak memory 754 MiB.
2026-10-10T13:07:35Z INFO [807/1496] ca670d90-941e-4485-bdd4-ae41cc63e52c: does not qualify; 1.0 s; peak memory 754 MiB.
2026-10-10T13:07:38Z INFO [808/1496] ca67dfd7-0a8d-4390-838e-fdeca6f63962: does not qualify; 2.3 s; peak memory 754 MiB.
2026-10-10T13:07:39Z INFO [809/1496] ca680e70-5a66-4819-8452-a5bd98f22c35: does not qualify; 1.0 s; peak memory 754 MiB.
2026-10-10T13:07:40Z INFO [810/1496] ca681687-70d4-44b7-9d07-3a2330f5b326: does not qualify; 1.6 s; peak memory 754 MiB.
2026-10-10T13:07:41Z INFO [811/1496] ca683d3d-c120-4c18-bd73-5954b1da5ce7: does not qualify; 0.9 s; peak memory 754 MiB.
2026-10-10T13:07:42Z INFO [812/1496] ca68ffc5-197c-484f-ab76-8c914026a1e9: does not qualify; 0.9 s; peak memory 754 MiB.
2026-10-10T13:07:47Z INFO [813/1496] ca6926df-07ae-4934-9dcf-82ccf306e8c3: does not qualify; 4.8 s; peak memory 754 MiB.
2026-10-10T13:07:48Z INFO [814/1496] ca69a631-7297-43a4-9e9c-4e664c90dbd8: does not qualify; 1.0 s; peak memory 754 MiB.
2026-10-10T13:07:51Z INFO [815/1496] ca6c1a81-7138-4578-b5ff-2b94eb6699c5: does not qualify; 3.7 s; peak memory 754 MiB.
2026-10-10T13:07:53Z INFO [816/1496] ca6d448e-89c7-4b2c-9378-4b6a02713d6f: does not qualify; 1.1 s; peak memory 754 MiB.
2026-10-10T13:07:54Z INFO [817/1496] ca6dc5d6-1ee8-47c8-a4cf-2262a93fc4c8: does not qualify; 0.9 s; peak memory 754 MiB.
2026-10-10T13:07:56Z INFO [818/1496] ca6e0e71-c9e2-4574-acc6-fcc6ea0b3cb2: does not qualify; 2.1 s; peak memory 754 MiB.
2026-10-10T13:07:56Z INFO [819/1496] ca6e6d9b-60db-47c7-8f4a-d1167b1fcc4d: does not qualify; 0.7 s; peak memory 754 MiB.
2026-10-10T13:07:59Z INFO [820/1496] ca70c021-bea8-4777-80a1-8e13e25292fb: does not qualify; 2.2 s; peak memory 754 MiB.
2026-10-10T13:07:59Z INFO [821/1496] ca7128ef-e386-40f4-a66e-b62a5d574f1b: does not qualify; 0.6 s; peak memory 754 MiB.
2026-10-10T13:08:01Z INFO [822/1496] ca719919-e978-478c-8ed9-4114c38d9198: does not qualify; 2.1 s; peak memory 754 MiB.
2026-10-10T13:08:03Z INFO [823/1496] ca7216a0-d5cc-480c-8f17-7089caf35122: does not qualify; 1.4 s; peak memory 754 MiB.
2026-10-10T13:08:03Z INFO [824/1496] ca72263c-7917-4d5d-bc45-1c9a823d8a99: does not qualify; 0.8 s; peak memory 754 MiB.
2026-10-10T13:08:04Z INFO [825/1496] ca72a56d-df24-4363-b2ab-7116d935adce: does not qualify; 0.9 s; peak memory 754 MiB.
2026-10-10T13:08:05Z INFO [826/1496] ca730fd4-160a-459f-a830-197a825d08cf: does not qualify; 1.0 s; peak memory 754 MiB.
2026-10-10T13:08:06Z INFO [827/1496] ca736a51-a2f6-4ab9-acc7-e02259eaf4c0: does not qualify; 0.6 s; peak memory 754 MiB.
2026-10-10T13:08:07Z INFO [828/1496] ca73a285-c6be-4444-95a1-37330caf5885: does not qualify; 0.8 s; peak memory 754 MiB.
2026-10-10T13:08:08Z INFO [829/1496] ca73f16a-3bc8-4f5e-b602-9803e327011b: does not qualify; 1.1 s; peak memory 754 MiB.
2026-10-10T13:08:09Z INFO [830/1496] ca74b833-df3b-4890-b4e8-6c0048c6507b: does not qualify; 1.1 s; peak memory 754 MiB.
2026-10-10T13:08:12Z INFO [831/1496] ca74eb5a-e374-45e6-8a2b-b6f78647c4ac: does not qualify; 2.8 s; peak memory 754 MiB.
2026-10-10T13:08:12Z INFO [832/1496] ca74f252-91fb-4495-8bc7-3907cb4865ea: does not qualify; 0.6 s; peak memory 754 MiB.
2026-10-10T13:08:13Z INFO [833/1496] ca74fbf7-644e-4578-a39f-586fc10eb3a9: does not qualify; 0.8 s; peak memory 754 MiB.
2026-10-10T13:08:14Z INFO [834/1496] ca756baf-d43c-45c9-ae77-0f1aea630e3a: does not qualify; 0.8 s; peak memory 754 MiB.
2026-10-10T13:08:15Z INFO [835/1496] ca75ce7f-4ec8-424b-99a8-f5e4fe020c90: does not qualify; 1.0 s; peak memory 754 MiB.
2026-10-10T13:08:16Z INFO [836/1496] ca7641c1-465a-4db5-b130-f297943e2db1: does not qualify; 1.1 s; peak memory 754 MiB.
2026-10-10T13:08:17Z INFO [837/1496] ca765475-f7c1-4b09-b99e-db894877cbe7: does not qualify; 0.8 s; peak memory 754 MiB.
2026-10-10T13:08:18Z INFO [838/1496] ca765482-4293-4285-9568-d3e4f09a7798: does not qualify; 0.9 s; peak memory 754 MiB.
2026-10-10T13:08:24Z INFO [839/1496] ca7707c6-334e-4aa9-97a5-a8b9674b9f8c: does not qualify; 6.4 s; peak memory 754 MiB.
2026-10-10T13:08:26Z INFO [840/1496] ca771d33-104c-47b3-bf05-507f9b231bef: does not qualify; 1.3 s; peak memory 754 MiB.
2026-10-10T13:08:26Z INFO [841/1496] ca7a6e80-0851-459a-87e7-7249d8723eb8: does not qualify; 0.6 s; peak memory 754 MiB.
2026-10-10T13:08:27Z INFO [842/1496] ca7aa06d-6e26-4ed2-a9b2-81e505025312: does not qualify; 0.8 s; peak memory 754 MiB.
2026-10-10T13:08:28Z INFO [843/1496] ca7ae6ab-8757-4e27-880c-6b83f292f48c: does not qualify; 1.0 s; peak memory 754 MiB.
2026-10-10T13:08:31Z INFO [844/1496] ca7d05bc-9630-4c36-a5ff-0a23f5c1d783: does not qualify; 3.2 s; peak memory 754 MiB.
2026-10-10T13:08:38Z INFO [845/1496] ca7d4a1f-8732-47a0-8e06-10dacf813fbd: does not qualify; 7.0 s; peak memory 754 MiB.
2026-10-10T13:08:39Z INFO [846/1496] ca7dac21-b2d9-4c89-944f-7a86de603992: does not qualify; 0.7 s; peak memory 754 MiB.
2026-10-10T13:08:40Z INFO [847/1496] ca7fd1e3-7264-4cf5-b23e-b9f0b6de2c31: does not qualify; 1.4 s; peak memory 754 MiB.
2026-10-10T13:08:42Z INFO [848/1496] ca8007c2-a82e-41cf-9168-400189f50335: does not qualify; 1.6 s; peak memory 754 MiB.
2026-10-10T13:08:43Z INFO [849/1496] ca802172-72bf-49f5-9a84-db233b3bf316: does not qualify; 1.7 s; peak memory 754 MiB.
2026-10-10T13:08:49Z INFO [850/1496] ca808ebb-11cc-4377-b4ab-d43c8a86bcf5: does not qualify; 5.7 s; peak memory 754 MiB.
2026-10-10T13:08:49Z INFO [850/1496] ca808ebb-11cc-4377-b4ab-d43c8a86bcf5: checkpointed 126252 new records.
2026-10-10T13:08:50Z INFO [851/1496] ca80a8f5-921e-4a2a-a5c2-320ea9a22a57: does not qualify; 0.5 s; peak memory 754 MiB.
2026-10-10T13:08:51Z INFO [852/1496] ca814a70-5bb9-4f61-982b-871c2cd47404: does not qualify; 0.9 s; peak memory 754 MiB.
2026-10-10T13:08:55Z INFO [853/1496] ca81c384-d4c2-4fd8-a9fc-a68de637b440: does not qualify; 3.8 s; peak memory 754 MiB.
2026-10-10T13:08:56Z INFO [854/1496] ca823ebc-285b-4915-88b7-3b4345daf1dd: does not qualify; 1.1 s; peak memory 754 MiB.
2026-10-10T13:08:56Z INFO [855/1496] ca82944e-1980-490d-b5f1-f7f004214fd4: does not qualify; 0.5 s; peak memory 754 MiB.
2026-10-10T13:08:57Z INFO [856/1496] ca82acc2-e080-4d9f-b0fe-68fe8c05d513: does not qualify; 1.0 s; peak memory 754 MiB.
2026-10-10T13:08:58Z INFO [857/1496] ca82eedb-f3c5-4b28-99e2-19951458881f: does not qualify; 0.7 s; peak memory 754 MiB.
2026-10-10T13:08:59Z INFO [858/1496] ca832ecb-1d2d-4959-b799-9139b1a0ef78: does not qualify; 0.7 s; peak memory 754 MiB.
2026-10-10T13:09:00Z INFO [859/1496] ca834227-c4d2-4b57-9af0-d6ce443745e9: does not qualify; 1.3 s; peak memory 754 MiB.
2026-10-10T13:09:10Z INFO [860/1496] ca835a9d-958f-41c1-a26b-16a3a9d05ece: does not qualify; 10.3 s; peak memory 754 MiB.
2026-10-10T13:09:12Z INFO [861/1496] ca84431c-167c-461d-b654-f234d15ad448: qualifies; 1.7 s; peak memory 754 MiB.
2026-10-10T13:09:15Z INFO [862/1496] ca845417-41fc-422e-b0bf-a8ef0265bb00: does not qualify; 3.5 s; peak memory 754 MiB.
2026-10-10T13:09:16Z INFO [863/1496] ca850b51-cf83-452d-a89e-73f68865a215: does not qualify; 0.8 s; peak memory 754 MiB.
2026-10-10T13:09:18Z INFO [864/1496] ca851ddb-7d96-4a28-a44b-bfb9f7ce72ef: does not qualify; 1.5 s; peak memory 754 MiB.
2026-10-10T13:09:20Z INFO [865/1496] ca860652-a2bb-4633-bcaa-f3e7f294c460: does not qualify; 2.3 s; peak memory 754 MiB.
2026-10-10T13:09:21Z INFO [866/1496] ca86d51d-b172-4805-a4e5-8204025a2630: does not qualify; 1.1 s; peak memory 754 MiB.
2026-10-10T13:09:22Z INFO [867/1496] ca870808-8023-4e33-8171-e1c503256947: does not qualify; 0.8 s; peak memory 754 MiB.
2026-10-10T13:09:23Z INFO [868/1496] ca87d7c8-ff1d-45c0-a003-d63b9df3a258: does not qualify; 1.1 s; peak memory 754 MiB.
2026-10-10T13:09:24Z INFO [869/1496] ca884dce-94f1-4a96-a20a-54f658eb3474: does not qualify; 0.9 s; peak memory 754 MiB.
2026-10-10T13:09:25Z INFO [870/1496] ca887ef2-0287-43ab-8e38-74f81a2460d8: does not qualify; 1.0 s; peak memory 754 MiB.
2026-10-10T13:09:26Z INFO [871/1496] ca88e58f-c431-491e-bafd-ae00594d137d: does not qualify; 1.0 s; peak memory 754 MiB.
2026-10-10T13:09:38Z INFO [872/1496] ca8a2046-244f-4129-952e-a7d4f94eb77f: does not qualify; 11.6 s; peak memory 754 MiB.
2026-10-10T13:09:38Z INFO [873/1496] ca8a2fa4-592b-4591-9c9d-fb8dd3911f11: does not qualify; 0.5 s; peak memory 754 MiB.
2026-10-10T13:09:52Z INFO [874/1496] ca8a4677-2894-497b-8799-b03f77418d3e: does not qualify; 14.3 s; peak memory 754 MiB.
2026-10-10T13:09:55Z INFO [875/1496] ca8b5288-d704-403b-837d-3a7a03f0b134: does not qualify; 2.7 s; peak memory 754 MiB.
2026-10-10T13:09:56Z INFO [876/1496] ca8bc702-3120-4c80-b571-aa5ad74a4145: does not qualify; 0.9 s; peak memory 754 MiB.
2026-10-10T13:09:58Z INFO [877/1496] ca8c5062-1dc1-4ee2-8cc4-552999f76004: does not qualify; 1.7 s; peak memory 754 MiB.
2026-10-10T13:09:58Z INFO [878/1496] ca8ccb9f-387e-4895-8ad3-1cd5659bced0: does not qualify; 0.9 s; peak memory 754 MiB.
2026-10-10T13:09:59Z INFO [879/1496] ca8d41fb-a82e-4ea4-94ad-94015039d16a: does not qualify; 0.9 s; peak memory 754 MiB.
2026-10-10T13:10:00Z INFO [880/1496] ca8e5265-9dfd-423f-ab5a-57647a7bbf1a: does not qualify; 0.9 s; peak memory 754 MiB.
2026-10-10T13:10:02Z INFO [881/1496] ca8eb4cf-5927-4fd3-b7ea-44d08aae8c92: qualifies; 1.5 s; peak memory 754 MiB.
2026-10-10T13:10:03Z INFO [882/1496] ca8eb54d-e601-409f-9536-c1ab74b18891: does not qualify; 1.3 s; peak memory 754 MiB.
2026-10-10T13:10:05Z INFO [883/1496] ca8ed566-9d99-40ba-b08a-e10b82e56b8c: qualifies; 1.6 s; peak memory 754 MiB.
2026-10-10T13:10:06Z INFO [884/1496] ca8f686c-0bb4-4fdf-b987-a07a6d4e4bba: does not qualify; 1.5 s; peak memory 754 MiB.
2026-10-10T13:10:07Z INFO [885/1496] ca8f81f7-87b4-4817-8362-59402c76a87c: does not qualify; 0.9 s; peak memory 754 MiB.
2026-10-10T13:10:08Z INFO [886/1496] ca90b462-83d1-4f53-9bbf-10abb7a9a0ab: does not qualify; 0.8 s; peak memory 754 MiB.
2026-10-10T13:10:09Z INFO [887/1496] ca929cb0-6830-41c5-afab-a7f1da39d971: does not qualify; 0.8 s; peak memory 754 MiB.
2026-10-10T13:10:10Z INFO [888/1496] ca93faa6-5336-4421-bcbc-11c08cfda83f: does not qualify; 1.7 s; peak memory 754 MiB.
2026-10-10T13:10:11Z INFO [889/1496] ca944a32-106c-4624-8755-5e3731921aac: does not qualify; 0.9 s; peak memory 754 MiB.
2026-10-10T13:10:12Z INFO [890/1496] ca952c5d-3632-4ffa-b590-54947620e592: does not qualify; 1.2 s; peak memory 754 MiB.
2026-10-10T13:10:13Z INFO [891/1496] ca958646-bd40-43e6-a8dd-75940770bc54: does not qualify; 0.9 s; peak memory 754 MiB.
2026-10-10T13:10:15Z INFO [892/1496] ca95ce3b-3a97-43b0-a033-2be07f4e4140: does not qualify; 1.8 s; peak memory 754 MiB.
2026-10-10T13:10:18Z INFO [893/1496] ca95d734-716f-482b-a480-f6de3f4302f8: does not qualify; 2.5 s; peak memory 754 MiB.
2026-10-10T13:10:19Z INFO [894/1496] ca964d57-5bd2-4b5a-ac77-f4da68f2a8cf: does not qualify; 1.1 s; peak memory 754 MiB.
2026-10-10T13:10:20Z INFO [895/1496] ca968b46-2578-491b-b698-ff83f2a21258: does not qualify; 1.1 s; peak memory 754 MiB.
2026-10-10T13:10:24Z INFO [896/1496] ca97ddfa-6c7e-4dee-8169-61931a51ef6f: does not qualify; 4.1 s; peak memory 754 MiB.
2026-10-10T13:10:25Z INFO [897/1496] ca99132b-ca83-46bb-989f-50be6de60873: does not qualify; 1.3 s; peak memory 754 MiB.
2026-10-10T13:10:26Z INFO [898/1496] ca99361a-0d5a-4473-a758-d627f3cff1bc: does not qualify; 1.1 s; peak memory 754 MiB.
2026-10-10T13:10:31Z INFO [899/1496] ca99f40f-f19f-46ad-b0e8-52b321778d6d: does not qualify; 4.6 s; peak memory 754 MiB.
2026-10-10T13:10:32Z INFO [900/1496] ca9ad1db-b835-4334-9538-1863ba49800b: does not qualify; 1.3 s; peak memory 754 MiB.
2026-10-10T13:10:33Z INFO [900/1496] ca9ad1db-b835-4334-9538-1863ba49800b: checkpointed 126302 new records.
2026-10-10T13:10:33Z INFO [901/1496] ca9b1960-5bf0-417f-8726-7a13917ab91e: does not qualify; 0.9 s; peak memory 754 MiB.
2026-10-10T13:10:35Z INFO [902/1496] ca9b2dc2-c7e0-474d-9eb1-3584b27d27c6: does not qualify; 1.2 s; peak memory 754 MiB.
2026-10-10T13:10:36Z INFO [903/1496] ca9b5ba3-1bbe-4ec9-aa5c-6e50892e1d21: does not qualify; 1.1 s; peak memory 754 MiB.
2026-10-10T13:10:36Z INFO [904/1496] ca9b7815-3d02-43ea-bc4d-3eebf7cd0f9b: does not qualify; 0.7 s; peak memory 754 MiB.
2026-10-10T13:10:44Z INFO [905/1496] ca9bad6d-7d58-4df0-9570-b351836e87d6: does not qualify; 7.7 s; peak memory 754 MiB.
2026-10-10T13:10:45Z INFO [906/1496] ca9beb87-5fa9-49c9-bd3b-179431af3c40: does not qualify; 1.1 s; peak memory 754 MiB.
2026-10-10T13:10:50Z INFO [907/1496] ca9c25b6-7079-4985-8454-234387703aee: does not qualify; 4.4 s; peak memory 754 MiB.
2026-10-10T13:10:50Z INFO [908/1496] ca9cf4db-6285-4f4c-b063-179bd359fb91: does not qualify; 0.8 s; peak memory 754 MiB.
2026-10-10T13:10:52Z INFO [909/1496] ca9d8283-16b0-489e-ab35-16c30911bb78: does not qualify; 1.1 s; peak memory 754 MiB.
2026-10-10T13:10:53Z INFO [910/1496] ca9e02eb-5fd6-4715-baf3-c69c7f4c59b8: does not qualify; 1.1 s; peak memory 754 MiB.
2026-10-10T13:10:53Z INFO [911/1496] ca9e1bab-532d-464e-baef-99839169c621: does not qualify; 0.7 s; peak memory 754 MiB.
2026-10-10T13:10:54Z INFO [912/1496] ca9e55d0-6732-4429-a534-c7239db2616e: does not qualify; 1.1 s; peak memory 754 MiB.
2026-10-10T13:10:55Z INFO [913/1496] ca9eb664-1f0f-4e08-a44e-9df6dbd5b383: does not qualify; 1.0 s; peak memory 754 MiB.
2026-10-10T13:10:56Z INFO [914/1496] ca9fec35-f199-4307-a486-377e8828b16a: does not qualify; 0.9 s; peak memory 754 MiB.
2026-10-10T13:10:58Z INFO [915/1496] caa088e7-ce59-445b-8d58-3e98fa8ee1a1: does not qualify; 1.2 s; peak memory 754 MiB.
2026-10-10T13:11:01Z INFO [916/1496] caa09895-1f72-4f11-8ac0-d5961676f5d6: qualifies; 3.5 s; peak memory 754 MiB.
2026-10-10T13:11:10Z INFO [917/1496] caa0e50f-bbd2-4911-acf4-de466cebfd10: does not qualify; 9.2 s; peak memory 754 MiB.
2026-10-10T13:11:11Z INFO [918/1496] caa0fea0-82d9-4c51-92bc-08a3c6ef5fc6: does not qualify; 0.8 s; peak memory 754 MiB.
2026-10-10T13:11:28Z INFO [919/1496] caa15c9e-e5c9-4861-83ba-e853bf99a0ef: does not qualify; 16.8 s; peak memory 833 MiB.
2026-10-10T13:11:28Z INFO [920/1496] caa16b35-b99c-4108-8946-bce103182b29: does not qualify; 0.6 s; peak memory 833 MiB.
2026-10-10T13:11:29Z INFO [921/1496] caa1b7e6-7185-4a19-ab71-192b58eba530: does not qualify; 0.8 s; peak memory 833 MiB.
2026-10-10T13:11:30Z INFO [922/1496] caa1d24c-06a6-4143-87fe-0a98a6a78daf: does not qualify; 0.9 s; peak memory 833 MiB.
2026-10-10T13:11:31Z INFO [923/1496] caa348ee-b2c6-40f8-b6f1-ae99ccc690ad: does not qualify; 1.0 s; peak memory 833 MiB.
2026-10-10T13:11:32Z INFO [924/1496] caa3811f-f7ea-4146-aba9-5db0a295dd1b: does not qualify; 1.1 s; peak memory 833 MiB.
2026-10-10T13:11:34Z INFO [925/1496] caa3dd88-9946-4e7e-989b-caffc6ad92ed: does not qualify; 2.0 s; peak memory 833 MiB.
2026-10-10T13:11:38Z INFO [926/1496] caa42d6a-66a2-47cc-a24b-fdc69f069886: does not qualify; 3.9 s; peak memory 833 MiB.
2026-10-10T13:11:39Z INFO [927/1496] caa477f0-f581-480a-b245-d8a7520aa2d8: does not qualify; 1.0 s; peak memory 833 MiB.
2026-10-10T13:11:40Z INFO [928/1496] caa49711-3438-4c62-8f2f-08b45a3e3833: does not qualify; 0.8 s; peak memory 833 MiB.
2026-10-10T13:11:42Z INFO [929/1496] caa49f03-9ecb-4e75-865a-a206c46a6ac5: does not qualify; 2.0 s; peak memory 833 MiB.
2026-10-10T13:11:43Z INFO [930/1496] caa4c0d8-18bd-4e31-87e6-4b0bfa888e3c: does not qualify; 0.9 s; peak memory 833 MiB.
2026-10-10T13:11:44Z INFO [931/1496] caa5453a-6299-41e1-85fb-c76205ea3f2b: does not qualify; 0.7 s; peak memory 833 MiB.
2026-10-10T13:11:45Z INFO [932/1496] caa55a97-19ae-47da-b7c3-7d0e2c000ceb: does not qualify; 1.1 s; peak memory 833 MiB.
2026-10-10T13:11:47Z INFO [933/1496] caa68e74-833b-4fd7-b87a-fb9db84f5a1c: qualifies; 2.3 s; peak memory 833 MiB.
2026-10-10T13:11:48Z INFO [934/1496] caa75e93-fae4-4754-bfea-fb64cf54d075: does not qualify; 1.3 s; peak memory 833 MiB.
2026-10-10T13:11:53Z INFO [935/1496] caa77db0-1217-452b-b6a5-75a77020e00f: does not qualify; 4.3 s; peak memory 833 MiB.
2026-10-10T13:11:53Z INFO [936/1496] caa86f9c-6151-4269-8357-162fb6b19193: does not qualify; 0.9 s; peak memory 833 MiB.
2026-10-10T13:11:54Z INFO [937/1496] caa89e2a-8353-47cf-b40c-9e60fd62c6d2: does not qualify; 0.8 s; peak memory 833 MiB.
2026-10-10T13:11:56Z INFO [938/1496] caa8e846-4e47-42f2-97af-27d882c21685: does not qualify; 1.8 s; peak memory 833 MiB.
2026-10-10T13:11:58Z INFO [939/1496] caa96a1a-b904-4370-895d-ca47fb576d82: does not qualify; 2.4 s; peak memory 833 MiB.
2026-10-10T13:11:59Z INFO [940/1496] caa9a5ea-50a0-4890-802b-81310b8e568c: does not qualify; 0.9 s; peak memory 833 MiB.
2026-10-10T13:12:01Z INFO [941/1496] caaa4a3d-0301-4e14-af9a-32ddb306c5fa: does not qualify; 1.2 s; peak memory 833 MiB.
2026-10-10T13:12:01Z INFO [942/1496] caaa751d-02fa-4b0f-8297-8396f5dab31c: does not qualify; 0.9 s; peak memory 833 MiB.
2026-10-10T13:12:02Z INFO [943/1496] caaac8ac-450b-4ade-a74d-782810f01a32: does not qualify; 0.7 s; peak memory 833 MiB.
2026-10-10T13:12:06Z INFO [944/1496] caabd34f-cc89-47ea-95b0-610e1fd17547: does not qualify; 3.4 s; peak memory 833 MiB.
2026-10-10T13:12:07Z INFO [945/1496] caabecf3-b8f5-44fa-8fc2-4b6015911a9e: does not qualify; 1.4 s; peak memory 833 MiB.
2026-10-10T13:12:08Z INFO [946/1496] caaccc23-7706-45a7-8a39-7c3e7bcc635f: does not qualify; 0.7 s; peak memory 833 MiB.
2026-10-10T13:12:11Z INFO [947/1496] caadec37-0df5-47c2-a442-7204a1d14646: does not qualify; 3.5 s; peak memory 833 MiB.
2026-10-10T13:12:12Z INFO [948/1496] caae8747-17ff-41d9-93f2-17b4cf49982f: does not qualify; 1.0 s; peak memory 833 MiB.
2026-10-10T13:12:13Z INFO [949/1496] caae9cfc-2fc4-4554-8529-fd70727d46ee: does not qualify; 0.7 s; peak memory 833 MiB.
2026-10-10T13:12:14Z INFO [950/1496] caaf0bd7-2d07-42bc-88df-27d3ec9d66ba: does not qualify; 1.4 s; peak memory 833 MiB.
2026-10-10T13:12:15Z INFO [950/1496] caaf0bd7-2d07-42bc-88df-27d3ec9d66ba: checkpointed 126352 new records.
2026-10-10T13:12:15Z INFO [951/1496] caaf9ff7-1bbd-4e74-a8c1-8825590ff7c0: does not qualify; 0.9 s; peak memory 833 MiB.
2026-10-10T13:12:16Z INFO [952/1496] caafc646-98cf-4ebe-ac38-9aa8398376c0: does not qualify; 0.7 s; peak memory 833 MiB.
2026-10-10T13:12:17Z INFO [953/1496] cab084eb-0091-42af-8d07-b1ccd569a3e0: does not qualify; 1.1 s; peak memory 833 MiB.
2026-10-10T13:12:20Z INFO [954/1496] cab136cc-5442-4d24-b5f1-b7eb9f6a0ec9: does not qualify; 2.5 s; peak memory 833 MiB.
2026-10-10T13:12:21Z INFO [955/1496] cab1bc47-84a5-4531-8d8b-51eb657a9742: does not qualify; 1.1 s; peak memory 833 MiB.
2026-10-10T13:12:22Z INFO [956/1496] cab2ba81-2dea-4a9d-9cde-7e9c5a419f0d: does not qualify; 0.9 s; peak memory 833 MiB.
2026-10-10T13:12:22Z INFO [957/1496] cab359a0-f6b6-4123-bee0-05ecb6e0e05e: does not qualify; 0.7 s; peak memory 833 MiB.
2026-10-10T13:12:26Z INFO [958/1496] cab40b12-d242-4b4a-abdc-6fb9949905b9: does not qualify; 3.9 s; peak memory 833 MiB.
2026-10-10T13:12:27Z INFO [959/1496] cab4f1f5-f227-450a-87bc-d76aca241e7d: does not qualify; 0.7 s; peak memory 833 MiB.
2026-10-10T13:12:28Z INFO [960/1496] cab57e4c-f553-4822-ad71-ac3565202b15: does not qualify; 0.9 s; peak memory 833 MiB.
2026-10-10T13:12:29Z INFO [961/1496] cab59fac-f9a5-475e-a349-77960448989c: does not qualify; 0.8 s; peak memory 833 MiB.
2026-10-10T13:12:29Z INFO [962/1496] cab5b9a9-0726-45e9-9cda-4654c3f361e7: does not qualify; 0.7 s; peak memory 833 MiB.
2026-10-10T13:12:31Z INFO [963/1496] cab5d209-dc20-49bf-bb73-f1ce6f90ab73: qualifies; 1.7 s; peak memory 833 MiB.
2026-10-10T13:12:32Z INFO [964/1496] cab69735-b72d-4778-8858-c4201a94c5c8: does not qualify; 0.8 s; peak memory 833 MiB.
2026-10-10T13:12:39Z INFO [965/1496] cab6a17a-d3fe-47dc-9887-fb8fa2d90464: does not qualify; 7.5 s; peak memory 833 MiB.
2026-10-10T13:12:41Z INFO [966/1496] cab6cf81-607d-4c6f-bf51-9231a712a3a0: does not qualify; 1.7 s; peak memory 833 MiB.
2026-10-10T13:12:42Z INFO [967/1496] cab73ad1-6324-4ce7-a094-de8c719a59d0: does not qualify; 1.3 s; peak memory 833 MiB.
2026-10-10T13:12:43Z INFO [968/1496] cab74df7-3cc0-41e8-a858-bfae107c9108: does not qualify; 1.0 s; peak memory 833 MiB.
2026-10-10T13:12:44Z INFO [969/1496] cab7af39-390a-426a-91a8-158eaf45bd7b: does not qualify; 1.0 s; peak memory 833 MiB.
2026-10-10T13:12:46Z INFO [970/1496] cab85456-4647-417f-b482-08f5b9dae384: does not qualify; 1.1 s; peak memory 833 MiB.
2026-10-10T13:12:47Z INFO [971/1496] cab88910-5d3d-4b94-ac31-06e64e4aff02: does not qualify; 1.2 s; peak memory 833 MiB.
2026-10-10T13:12:48Z INFO [972/1496] cab926ff-d8b9-462e-a9c1-3d20e91a535b: does not qualify; 1.6 s; peak memory 833 MiB.
2026-10-10T13:12:51Z INFO [973/1496] cab982d4-1602-4e45-8db8-394b6dfb615e: does not qualify; 2.8 s; peak memory 833 MiB.
2026-10-10T13:12:52Z INFO [974/1496] cab98b0e-3e75-470e-8569-cb40b6381639: does not qualify; 0.8 s; peak memory 833 MiB.
2026-10-10T13:12:53Z INFO [975/1496] cab9dcc6-1019-4307-a8cd-7afc592ae42a: does not qualify; 1.3 s; peak memory 833 MiB.
2026-10-10T13:13:01Z INFO [976/1496] cabbb779-ecf8-4650-8ad9-9334bccc8c5f: does not qualify; 7.6 s; peak memory 833 MiB.
2026-10-10T13:13:02Z INFO [977/1496] cabbca20-10fb-412e-9492-58e91808bfa2: does not qualify; 1.4 s; peak memory 833 MiB.
2026-10-10T13:13:03Z INFO [978/1496] cabc13a5-6ea7-4c69-a3d6-8c1c4eb25be3: does not qualify; 0.8 s; peak memory 833 MiB.
2026-10-10T13:13:04Z INFO [979/1496] cabc203a-8321-4bcd-a702-c5fea7247f90: does not qualify; 0.9 s; peak memory 833 MiB.
2026-10-10T13:13:05Z INFO [980/1496] cabc88c3-c389-40a3-a2e4-171057489632: does not qualify; 1.0 s; peak memory 833 MiB.
2026-10-10T13:13:06Z INFO [981/1496] cabcbf4b-14f7-4217-b400-0b8d9bb50aa3: does not qualify; 0.8 s; peak memory 833 MiB.
2026-10-10T13:13:06Z INFO [982/1496] cabd10b0-93f2-4605-a66c-f7351813678a: does not qualify; 0.5 s; peak memory 833 MiB.
2026-10-10T13:13:07Z INFO [983/1496] cabeeb35-6da3-493a-8793-2d164d83812e: does not qualify; 1.1 s; peak memory 833 MiB.
2026-10-10T13:13:08Z INFO [984/1496] cac069f6-e5c3-4880-a716-7828520b2ba4: does not qualify; 0.7 s; peak memory 833 MiB.
2026-10-10T13:13:09Z INFO [985/1496] cac0b1d7-03db-4e30-9ee1-217a800119cb: does not qualify; 0.9 s; peak memory 833 MiB.
2026-10-10T13:13:11Z INFO [986/1496] cac0b9fb-3b28-4b03-a045-72d08000c56c: does not qualify; 2.0 s; peak memory 833 MiB.
2026-10-10T13:13:12Z INFO [987/1496] cac15af3-ef9a-4aed-9f1b-e355433a6b26: does not qualify; 1.1 s; peak memory 833 MiB.
2026-10-10T13:13:13Z INFO [988/1496] cac1640d-98bc-4c4c-acea-67d439b9fd63: does not qualify; 0.7 s; peak memory 833 MiB.
2026-10-10T13:13:14Z INFO [989/1496] cac26224-73d8-4dd3-a39f-033e8430b9e9: does not qualify; 1.0 s; peak memory 833 MiB.
2026-10-10T13:13:15Z INFO [990/1496] cac28549-7dc5-4b6b-a6c0-c447fefbaf5f: does not qualify; 1.1 s; peak memory 833 MiB.
2026-10-10T13:13:18Z INFO [991/1496] cac294b5-3614-41c2-8f89-c90f9a139bc8: does not qualify; 3.0 s; peak memory 833 MiB.
2026-10-10T13:13:19Z INFO [992/1496] cac31541-71bc-4086-8123-6ffec9079281: does not qualify; 1.0 s; peak memory 833 MiB.
2026-10-10T13:13:20Z INFO [993/1496] cac35cfb-0216-49f6-aa9c-c3f6783cbe26: does not qualify; 1.8 s; peak memory 833 MiB.
2026-10-10T13:13:21Z INFO [994/1496] cac3838e-82ff-452e-8f9b-ca5640df4e01: does not qualify; 1.0 s; peak memory 833 MiB.
2026-10-10T13:13:22Z INFO [995/1496] cac3ab9e-2b53-4e84-a97c-101102df3c7b: does not qualify; 0.7 s; peak memory 833 MiB.
2026-10-10T13:13:24Z INFO [996/1496] cac3d710-661c-414a-811f-2306e33b6392: does not qualify; 1.4 s; peak memory 833 MiB.
2026-10-10T13:13:25Z INFO [997/1496] cac4d507-096e-4dfe-85a4-88bf989a81ec: does not qualify; 1.2 s; peak memory 833 MiB.
2026-10-10T13:13:26Z INFO [998/1496] cac52ee7-20d9-4f7d-a234-a04c22a94083: does not qualify; 1.3 s; peak memory 833 MiB.
2026-10-10T13:13:30Z INFO [999/1496] cac56a86-e61d-4553-9fea-010443c53f61: does not qualify; 4.1 s; peak memory 833 MiB.
2026-10-10T13:13:31Z INFO [1000/1496] cac5e314-c863-4d9c-94a9-31050cdb987c: does not qualify; 0.9 s; peak memory 833 MiB.
2026-10-10T13:13:31Z INFO [1000/1496] cac5e314-c863-4d9c-94a9-31050cdb987c: checkpointed 126402 new records.
2026-10-10T13:13:35Z INFO [1001/1496] cac6fc1c-7243-43df-aac8-dc9c7ee34f4d: does not qualify; 3.9 s; peak memory 833 MiB.
2026-10-10T13:13:36Z INFO [1002/1496] cac7c96e-cb9a-43ba-ad79-6f0ac4d4efdf: does not qualify; 0.9 s; peak memory 833 MiB.
2026-10-10T13:13:45Z INFO [1003/1496] cac83235-006d-46bc-85b6-01ecef3b7384: does not qualify; 8.9 s; peak memory 833 MiB.
2026-10-10T13:13:46Z INFO [1004/1496] cac8387b-3490-4182-b753-216166e06eda: does not qualify; 0.7 s; peak memory 833 MiB.
2026-10-10T13:13:47Z INFO [1005/1496] cacaa0e6-5c6f-403f-bd7f-ce54ef61b39b: does not qualify; 1.1 s; peak memory 833 MiB.
2026-10-10T13:13:48Z INFO [1006/1496] cacad34d-e7dd-46ba-a500-bb58bd83dcba: does not qualify; 0.9 s; peak memory 833 MiB.
2026-10-10T13:13:48Z INFO [1007/1496] cacb1f99-b8bd-4635-b557-6d831ad61a1d: does not qualify; 0.7 s; peak memory 833 MiB.
2026-10-10T13:13:49Z INFO [1008/1496] cacc7cba-0e6e-4e83-9f1b-3cd5bf2ed8d0: does not qualify; 1.0 s; peak memory 833 MiB.
2026-10-10T13:13:50Z INFO [1009/1496] caccdea5-3b63-4f61-b70f-1d6321e84e57: does not qualify; 0.9 s; peak memory 833 MiB.
2026-10-10T13:13:52Z INFO [1010/1496] cacd62ab-183d-4b56-91cd-a8064bf4f3e8: does not qualify; 1.2 s; peak memory 833 MiB.
2026-10-10T13:13:53Z INFO [1011/1496] cace1c16-7469-4d54-a387-3cb514479ca0: does not qualify; 1.5 s; peak memory 833 MiB.
2026-10-10T13:13:54Z INFO [1012/1496] cace4f26-c3db-4477-b119-2f26253db2fe: does not qualify; 0.7 s; peak memory 833 MiB.
2026-10-10T13:13:55Z INFO [1013/1496] cacf3450-b788-4f99-83c0-8ae4a5a7e433: does not qualify; 1.1 s; peak memory 833 MiB.
2026-10-10T13:13:57Z INFO [1014/1496] cacf56fa-2f2b-4980-9003-c745feff6a10: does not qualify; 2.3 s; peak memory 833 MiB.
2026-10-10T13:14:00Z INFO [1015/1496] cad00e91-66e5-4148-847c-6e6bec106161: does not qualify; 3.3 s; peak memory 833 MiB.
2026-10-10T13:14:02Z INFO [1016/1496] cad1ac22-fe97-4876-a462-31599b1b34e7: does not qualify; 1.3 s; peak memory 833 MiB.
2026-10-10T13:14:03Z INFO [1017/1496] cad29016-1548-4db0-b545-a77a10e7dc6e: does not qualify; 0.8 s; peak memory 833 MiB.
2026-10-10T13:14:04Z INFO [1018/1496] cad47d5e-1878-4567-b2fc-0010aa7b15ff: does not qualify; 1.1 s; peak memory 833 MiB.
2026-10-10T13:14:05Z INFO [1019/1496] cad481e8-8c83-48dc-9f81-03371619541b: does not qualify; 1.3 s; peak memory 833 MiB.
2026-10-10T13:14:06Z INFO [1020/1496] cad49100-2453-42a3-a480-eaded6efecbf: does not qualify; 1.2 s; peak memory 833 MiB.
2026-10-10T13:14:13Z INFO [1021/1496] cad4f007-d0a4-49ea-bb7d-707a1718b648: does not qualify; 6.6 s; peak memory 833 MiB.
2026-10-10T13:14:29Z INFO [1022/1496] cad7a5ac-456b-4a63-9a56-2df3794526f6: does not qualify; 16.3 s; peak memory 833 MiB.
2026-10-10T13:14:36Z INFO [1023/1496] cad80f62-96a1-450a-8ab7-6b51ed169785: does not qualify; 7.2 s; peak memory 833 MiB.
2026-10-10T13:14:39Z INFO [1024/1496] cad81b3d-8da8-4316-81f6-9298bfbb1a67: does not qualify; 2.7 s; peak memory 833 MiB.
2026-10-10T13:14:41Z INFO [1025/1496] cad8aa36-2ed9-4a4d-8013-9d9fcd697174: does not qualify; 2.3 s; peak memory 833 MiB.
2026-10-10T13:14:42Z INFO [1026/1496] cad8da10-1841-4af8-9c6c-63a3093012f7: does not qualify; 0.6 s; peak memory 833 MiB.
2026-10-10T13:14:44Z INFO [1027/1496] cad8febf-7f7a-4fa7-90c9-9eb06338c23f: qualifies; 1.6 s; peak memory 833 MiB.
2026-10-10T13:14:44Z INFO [1028/1496] cad94001-39a5-4579-b3cc-3f875b21c48c: does not qualify; 0.6 s; peak memory 833 MiB.
2026-10-10T13:14:45Z INFO [1029/1496] cad9c44f-c7a5-4cb6-9266-e27052744198: does not qualify; 0.5 s; peak memory 833 MiB.
2026-10-10T13:14:46Z INFO [1030/1496] cada99ed-3eb2-4ea2-a1f4-2e013cb8ef2c: does not qualify; 0.9 s; peak memory 833 MiB.
2026-10-10T13:14:47Z INFO [1031/1496] cadacda3-d4d0-406a-861d-7accb2f618aa: does not qualify; 1.2 s; peak memory 833 MiB.
2026-10-10T13:14:47Z INFO [1032/1496] cadaebf6-0dcb-4f50-9401-e6211c1584bc: does not qualify; 0.5 s; peak memory 833 MiB.
2026-10-10T13:14:49Z INFO [1033/1496] cadb11b4-fe33-4f2c-8080-f4fc17585f29: does not qualify; 1.3 s; peak memory 833 MiB.
2026-10-10T13:14:49Z INFO [1034/1496] cadb4a63-8832-4c59-93b5-a920ad25a32c: does not qualify; 0.8 s; peak memory 833 MiB.
2026-10-10T13:14:50Z INFO [1035/1496] cadb7b76-c08f-4213-9e82-5b46f3fc3f46: does not qualify; 0.9 s; peak memory 833 MiB.
2026-10-10T13:14:54Z INFO [1036/1496] cadbae09-468c-4a07-9356-fd9083cf10d4: qualifies; 3.9 s; peak memory 833 MiB.
2026-10-10T13:14:56Z INFO [1037/1496] cadd3b0b-a40d-4582-b0ef-9ef2a31701f9: does not qualify; 1.9 s; peak memory 833 MiB.
2026-10-10T13:14:57Z INFO [1038/1496] cadd7cd8-f0e6-42df-9048-6b8629127f22: does not qualify; 1.1 s; peak memory 833 MiB.
2026-10-10T13:14:58Z INFO [1039/1496] cadebb96-d6a7-4be3-bc3e-6f3e0963bf70: does not qualify; 1.1 s; peak memory 833 MiB.
2026-10-10T13:14:59Z INFO [1040/1496] cadeeb32-913f-4db5-878b-ed7b07a4919a: does not qualify; 0.8 s; peak memory 833 MiB.
2026-10-10T13:15:04Z INFO [1041/1496] cadf00f6-6fe7-4ec9-a024-7c3cea295c20: does not qualify; 5.4 s; peak memory 833 MiB.
2026-10-10T13:15:10Z INFO [1042/1496] cadf5933-2fe4-43d4-871b-a32836c0fbd5: does not qualify; 5.5 s; peak memory 833 MiB.
2026-10-10T13:15:11Z INFO [1043/1496] cae03da7-1535-4969-85d7-0d270f7930c0: does not qualify; 0.7 s; peak memory 833 MiB.
2026-10-10T13:15:20Z INFO [1044/1496] cae0e393-901b-4e26-8799-50a49db2c85e: does not qualify; 9.1 s; peak memory 833 MiB.
2026-10-10T13:15:24Z INFO [1045/1496] cae15920-7d68-4906-93ab-09f97ee1d7a7: does not qualify; 3.9 s; peak memory 833 MiB.
2026-10-10T13:15:24Z INFO [1046/1496] cae1635a-022e-4131-8a15-7849351f3348: does not qualify; 0.7 s; peak memory 833 MiB.
2026-10-10T13:15:25Z INFO [1047/1496] cae243a3-6d98-4777-9ee1-ae9abe78090e: does not qualify; 0.7 s; peak memory 833 MiB.
2026-10-10T13:15:26Z INFO [1048/1496] cae2d93b-fc2b-4d10-9af3-e11cdddbd884: does not qualify; 1.1 s; peak memory 833 MiB.
2026-10-10T13:15:33Z INFO [1049/1496] cae6615b-123c-4da4-aaae-7afcc0bc7b33: does not qualify; 6.8 s; peak memory 833 MiB.
2026-10-10T13:15:33Z INFO [1050/1496] cae6dce8-12c3-4cd9-956f-25de3052540d: does not qualify; 0.6 s; peak memory 833 MiB.
2026-10-10T13:15:34Z INFO [1050/1496] cae6dce8-12c3-4cd9-956f-25de3052540d: checkpointed 126452 new records.
2026-10-10T13:15:35Z INFO [1051/1496] cae6fffb-f1fd-4750-ac31-c34d14718474: does not qualify; 1.2 s; peak memory 833 MiB.
2026-10-10T13:15:36Z INFO [1052/1496] cae8e8e8-7c6d-47c0-aded-af95c80ffa06: does not qualify; 1.3 s; peak memory 833 MiB.
2026-10-10T13:15:37Z INFO [1053/1496] cae93a7f-9a83-4c32-b2b5-3f23a47cbe1b: does not qualify; 1.0 s; peak memory 833 MiB.
2026-10-10T13:15:38Z INFO [1054/1496] cae9b022-34fa-4b0e-b1c7-c656e5661f45: does not qualify; 1.1 s; peak memory 833 MiB.
2026-10-10T13:15:39Z INFO [1055/1496] caea3555-e0cd-417c-9c82-b30959f9adf1: does not qualify; 1.3 s; peak memory 833 MiB.
2026-10-10T13:15:40Z INFO [1056/1496] caea7ee0-a5f5-4221-9532-71e8cb126048: does not qualify; 0.9 s; peak memory 833 MiB.
2026-10-10T13:15:42Z INFO [1057/1496] caea8c01-5b71-4d5c-82ce-e43162615c15: does not qualify; 1.3 s; peak memory 833 MiB.
2026-10-10T13:15:42Z INFO [1058/1496] caeb05e5-f940-4b3e-8e54-e9e1a7189df5: does not qualify; 0.7 s; peak memory 833 MiB.
2026-10-10T13:15:50Z INFO [1059/1496] caeb46cc-1281-4c9b-86b4-0a149cd696fc: does not qualify; 7.6 s; peak memory 833 MiB.
2026-10-10T13:15:51Z INFO [1060/1496] caeb6957-9da3-43a6-8679-81e69d7c3f4b: does not qualify; 0.8 s; peak memory 833 MiB.
2026-10-10T13:15:52Z INFO [1061/1496] caeb7568-d1c4-498c-af78-0a6d48d76486: does not qualify; 1.0 s; peak memory 833 MiB.
2026-10-10T13:15:56Z INFO [1062/1496] caecd9e1-2dbb-4c58-ad20-0e9cbd3dbfc4: does not qualify; 3.9 s; peak memory 833 MiB.
2026-10-10T13:15:58Z INFO [1063/1496] caedabf3-3150-4583-9898-51be59b831f3: does not qualify; 1.8 s; peak memory 833 MiB.
2026-10-10T13:15:59Z INFO [1064/1496] caedfd9c-9fb1-41b3-b446-18dbe7e7844e: does not qualify; 1.4 s; peak memory 833 MiB.
2026-10-10T13:15:59Z INFO [1065/1496] caee58d8-7154-4b36-affd-a6ac717fcec5: does not qualify; 0.5 s; peak memory 833 MiB.
2026-10-10T13:16:00Z INFO [1066/1496] caee8f64-ebeb-439d-a3f4-e3380699b49f: does not qualify; 0.9 s; peak memory 833 MiB.
2026-10-10T13:16:01Z INFO [1067/1496] caeeaaaa-b250-485b-9c77-b433739533fc: does not qualify; 0.9 s; peak memory 833 MiB.
2026-10-10T13:16:02Z INFO [1068/1496] caeecbd2-ed74-4737-8ad5-004207b475c9: does not qualify; 0.9 s; peak memory 833 MiB.
2026-10-10T13:16:03Z INFO [1069/1496] caeed77c-969e-4c81-b6d7-01076521ea7c: does not qualify; 0.9 s; peak memory 833 MiB.
2026-10-10T13:16:04Z INFO [1070/1496] caeef911-5453-4658-9cfb-0a849bb5cf53: does not qualify; 1.0 s; peak memory 833 MiB.
2026-10-10T13:16:05Z INFO [1071/1496] caefb8e2-3263-43e0-aa33-5d75f819e8d7: does not qualify; 0.8 s; peak memory 833 MiB.
2026-10-10T13:16:06Z INFO [1072/1496] caf003b4-ceb9-47ae-bfa5-221d4d40f968: does not qualify; 0.8 s; peak memory 833 MiB.
2026-10-10T13:16:07Z INFO [1073/1496] caf06900-001e-4ea7-915b-4b147671039a: does not qualify; 0.8 s; peak memory 833 MiB.
2026-10-10T13:16:08Z INFO [1074/1496] caf06cd7-c451-4ca0-84e4-ae26172cdfab: does not qualify; 1.4 s; peak memory 833 MiB.
2026-10-10T13:16:09Z INFO [1075/1496] caf19acc-4285-422e-ad93-2d3b2ba29b07: does not qualify; 1.0 s; peak memory 833 MiB.
2026-10-10T13:16:10Z INFO [1076/1496] caf1caf0-8722-45ae-bdfb-120248e16a40: does not qualify; 0.9 s; peak memory 833 MiB.
2026-10-10T13:16:11Z INFO [1077/1496] caf26e43-b26c-4aff-94bd-8845535e24c9: does not qualify; 0.9 s; peak memory 833 MiB.
2026-10-10T13:16:12Z INFO [1078/1496] caf27a6b-c6d9-4a3b-92c5-76478fe217d1: does not qualify; 1.2 s; peak memory 833 MiB.
2026-10-10T13:16:13Z INFO [1079/1496] caf2980f-3e4d-4032-b8d5-894d2bdb4a47: does not qualify; 1.2 s; peak memory 833 MiB.
2026-10-10T13:17:23Z INFO [1080/1496] caf2b686-1f05-42a3-a8e2-34e7dd04479f: does not qualify; 70.3 s; peak memory 833 MiB.
2026-10-10T13:17:24Z INFO [1081/1496] caf2ebed-14fc-4415-afe9-28f6cc8d9f12: does not qualify; 0.9 s; peak memory 833 MiB.
2026-10-10T13:17:37Z INFO [1082/1496] caf3ab37-565e-43bb-9b4f-e868956e97e4: does not qualify; 12.4 s; peak memory 833 MiB.
2026-10-10T13:17:37Z INFO [1083/1496] caf3cce1-cba6-4e20-83a6-cb7fa2ddf0cc: does not qualify; 0.8 s; peak memory 833 MiB.
2026-10-10T13:17:38Z INFO [1084/1496] caf40eee-2ec8-4125-a3ae-5e51e0b7e470: does not qualify; 0.9 s; peak memory 833 MiB.
2026-10-10T13:17:40Z INFO [1085/1496] caf4db72-423e-4991-aa8e-c85ff50b896d: does not qualify; 1.2 s; peak memory 833 MiB.
2026-10-10T13:17:41Z INFO [1086/1496] caf52506-bd3b-416c-88b1-7a243e99c520: does not qualify; 1.0 s; peak memory 833 MiB.
2026-10-10T13:17:41Z INFO [1087/1496] caf55a43-a437-4281-9aab-0e60a45a0522: does not qualify; 1.0 s; peak memory 833 MiB.
2026-10-10T13:17:42Z INFO [1088/1496] caf5b226-c9fa-40bd-971e-521392a5389c: does not qualify; 0.9 s; peak memory 833 MiB.
2026-10-10T13:17:44Z INFO [1089/1496] caf6c4fc-c595-4c8b-ae4e-c1d68f51dd01: does not qualify; 1.8 s; peak memory 833 MiB.
2026-10-10T13:17:49Z INFO [1090/1496] caf77455-0571-48cb-b4d4-af848ef7b80d: does not qualify; 5.0 s; peak memory 833 MiB.
2026-10-10T13:17:50Z INFO [1091/1496] caf7de60-2c8a-465f-9a38-57fd14e29307: does not qualify; 0.7 s; peak memory 833 MiB.
2026-10-10T13:17:51Z INFO [1092/1496] caf84f02-685f-47ae-9953-9969143e334e: does not qualify; 0.9 s; peak memory 833 MiB.
2026-10-10T13:17:52Z INFO [1093/1496] caf877cf-965f-4dca-9bb5-1d6f45e3a5b6: does not qualify; 0.8 s; peak memory 833 MiB.
2026-10-10T13:18:02Z INFO [1094/1496] caf8901a-510a-4473-9156-b1a76ad09c22: does not qualify; 10.4 s; peak memory 833 MiB.
2026-10-10T13:18:03Z INFO [1095/1496] caf9814d-e530-45a4-8c30-c7e3117a44a4: does not qualify; 1.0 s; peak memory 833 MiB.
2026-10-10T13:18:04Z INFO [1096/1496] cafa19f2-af57-443c-84b6-a67773eb8990: does not qualify; 0.6 s; peak memory 833 MiB.
2026-10-10T13:18:07Z INFO [1097/1496] cafa2cf0-7bd9-470e-abd6-882cc46a0384: does not qualify; 3.7 s; peak memory 833 MiB.
2026-10-10T13:18:09Z INFO [1098/1496] cafa5eb6-078c-44e0-8499-b24da0015c2d: does not qualify; 1.7 s; peak memory 833 MiB.
2026-10-10T13:18:10Z INFO [1099/1496] cafac2c7-6e97-4473-a321-f83941357f8e: does not qualify; 0.8 s; peak memory 833 MiB.
2026-10-10T13:18:11Z INFO [1100/1496] cafb86c8-aa9f-4228-b6b1-269f6a3db46e: does not qualify; 0.8 s; peak memory 833 MiB.
2026-10-10T13:18:11Z INFO [1100/1496] cafb86c8-aa9f-4228-b6b1-269f6a3db46e: checkpointed 126502 new records.
2026-10-10T13:18:12Z INFO [1101/1496] cafbed89-8753-431c-9dcd-23dbac4068d4: does not qualify; 0.8 s; peak memory 833 MiB.
2026-10-10T13:18:13Z INFO [1102/1496] cafc5c66-9eb3-4398-94f0-d149fb635452: does not qualify; 0.9 s; peak memory 833 MiB.
2026-10-10T13:18:13Z INFO [1103/1496] cafc92d9-18e1-4a19-802b-ded5b4684122: does not qualify; 0.7 s; peak memory 833 MiB.
2026-10-10T13:18:14Z INFO [1104/1496] cafc946c-fccc-405e-acf7-434169253d74: does not qualify; 0.6 s; peak memory 833 MiB.
2026-10-10T13:18:15Z INFO [1105/1496] cafd35ee-52e9-4394-aab2-c9160e7e29e7: does not qualify; 0.9 s; peak memory 833 MiB.
2026-10-10T13:18:16Z INFO [1106/1496] cafdfd35-6e7c-44bc-923e-3c354565a859: does not qualify; 1.0 s; peak memory 833 MiB.
2026-10-10T13:18:21Z INFO [1107/1496] cafe4498-795c-42df-801f-8628e0d88aa7: does not qualify; 4.9 s; peak memory 927 MiB.
2026-10-10T13:18:22Z INFO [1108/1496] cafe9274-80ec-456d-99f7-688175bf353a: does not qualify; 1.2 s; peak memory 927 MiB.
2026-10-10T13:18:23Z INFO [1109/1496] caff3050-a4e8-4f20-bf68-c0d7f570558e: does not qualify; 0.8 s; peak memory 927 MiB.
2026-10-10T13:18:24Z INFO [1110/1496] caffa975-2ece-4e5e-a2be-88170dfa76d2: does not qualify; 1.0 s; peak memory 927 MiB.
2026-10-10T13:18:25Z INFO [1111/1496] caffb894-7677-4868-8283-9c6b253e43cb: does not qualify; 0.8 s; peak memory 927 MiB.
2026-10-10T13:18:28Z INFO [1112/1496] cafff00d-2880-4e1e-9a95-8dee8c534c86: does not qualify; 3.6 s; peak memory 927 MiB.
2026-10-10T13:18:29Z INFO [1113/1496] cb006721-c182-454c-8913-11e084c1ba37: does not qualify; 1.0 s; peak memory 927 MiB.
2026-10-10T13:18:31Z INFO [1114/1496] cb00c29d-ec90-47c2-b7d9-16eeeb9540a9: does not qualify; 1.5 s; peak memory 927 MiB.
2026-10-10T13:18:32Z INFO [1115/1496] cb01301a-02b9-4143-ae94-7587794dbf3f: does not qualify; 1.3 s; peak memory 927 MiB.
2026-10-10T13:18:34Z INFO [1116/1496] cb01c6c5-9113-422f-ac51-9902eb2ea678: does not qualify; 1.9 s; peak memory 927 MiB.
2026-10-10T13:18:34Z INFO [1117/1496] cb01e5a2-5dc6-4eba-8f00-ab05213acbbb: does not qualify; 0.6 s; peak memory 927 MiB.
2026-10-10T13:18:35Z INFO [1118/1496] cb02c505-daed-4584-8da2-90c22ceacedc: does not qualify; 0.9 s; peak memory 927 MiB.
2026-10-10T13:18:36Z INFO [1119/1496] cb02db0d-31ed-461d-9444-ddc1edc4673b: does not qualify; 1.1 s; peak memory 927 MiB.
2026-10-10T13:18:37Z INFO [1120/1496] cb036ab3-d177-4d06-bec9-d0458aa46f84: does not qualify; 0.9 s; peak memory 927 MiB.
2026-10-10T13:18:48Z INFO [1121/1496] cb0387fd-91e7-420d-8f95-a8e5e148949c: does not qualify; 10.4 s; peak memory 927 MiB.
2026-10-10T13:18:49Z INFO [1122/1496] cb03bc39-caee-4532-b411-8d3258543795: does not qualify; 1.2 s; peak memory 927 MiB.
2026-10-10T13:18:49Z INFO [1123/1496] cb0458f5-1a2b-494d-834e-a1e840be600c: does not qualify; 0.5 s; peak memory 927 MiB.
2026-10-10T13:18:51Z INFO [1124/1496] cb0463f6-2a0e-4b2d-9d63-58b0b7fa61fa: does not qualify; 1.9 s; peak memory 927 MiB.
2026-10-10T13:19:00Z INFO [1125/1496] cb05b0ea-0815-4bec-90f7-2f675a30262a: does not qualify; 9.1 s; peak memory 927 MiB.
2026-10-10T13:19:04Z INFO [1126/1496] cb070e3c-2325-43d4-ad3f-670f04723522: does not qualify; 4.2 s; peak memory 927 MiB.
2026-10-10T13:19:05Z INFO [1127/1496] cb07f158-5255-41d0-b5cb-4fa2d2d13e47: does not qualify; 0.8 s; peak memory 927 MiB.
2026-10-10T13:19:06Z INFO [1128/1496] cb0848d9-4aa6-43db-9a5c-d9c5832dcb1f: does not qualify; 1.2 s; peak memory 927 MiB.
2026-10-10T13:19:08Z INFO [1129/1496] cb08f330-6484-4c91-b4af-3177b57813dc: qualifies; 1.5 s; peak memory 927 MiB.
2026-10-10T13:19:09Z INFO [1130/1496] cb08f4bb-4ea3-4fae-a165-6c39a5a44e92: does not qualify; 1.5 s; peak memory 927 MiB.
2026-10-10T13:19:10Z INFO [1131/1496] cb09426d-24fe-4044-bb01-5c4e28f855f3: does not qualify; 0.6 s; peak memory 927 MiB.
2026-10-10T13:19:11Z INFO [1132/1496] cb096526-d3ce-4860-b398-cf1f515f2add: does not qualify; 0.8 s; peak memory 927 MiB.
2026-10-10T13:19:12Z INFO [1133/1496] cb097188-c205-4754-a7fc-43313d21a580: qualifies; 1.2 s; peak memory 927 MiB.
2026-10-10T13:19:17Z INFO [1134/1496] cb09c42b-e998-4dce-be95-43e5f7234c44: does not qualify; 4.8 s; peak memory 927 MiB.
2026-10-10T13:19:19Z INFO [1135/1496] cb09e324-4a48-4966-90eb-56693723c345: does not qualify; 1.9 s; peak memory 927 MiB.
2026-10-10T13:19:20Z INFO [1136/1496] cb0a9aad-a29f-456b-812e-db287fbad636: does not qualify; 1.1 s; peak memory 927 MiB.
2026-10-10T13:19:21Z INFO [1137/1496] cb0aaafb-b6f4-4225-b13b-f3dc28efb6c5: does not qualify; 1.1 s; peak memory 927 MiB.
2026-10-10T13:19:27Z INFO [1138/1496] cb0c1233-6513-416f-84de-69e9e24210d9: does not qualify; 5.6 s; peak memory 927 MiB.
2026-10-10T13:19:27Z INFO [1139/1496] cb0c25ce-c752-47c9-831e-d9184cedfe66: does not qualify; 0.9 s; peak memory 927 MiB.
2026-10-10T13:19:28Z INFO [1140/1496] cb0c26c2-82a6-4f49-8a6d-ece025b20cfb: does not qualify; 0.8 s; peak memory 927 MiB.
2026-10-10T13:19:29Z INFO [1141/1496] cb0c6d11-321e-48fd-8e49-241cf4623ef3: does not qualify; 0.9 s; peak memory 927 MiB.
2026-10-10T13:19:30Z INFO [1142/1496] cb0ca74b-9274-4ada-9e3b-059090f75352: does not qualify; 0.7 s; peak memory 927 MiB.
2026-10-10T13:19:32Z INFO [1143/1496] cb0ca7d3-ee49-410e-99e1-9a1b1f1f7d1c: does not qualify; 2.5 s; peak memory 927 MiB.
2026-10-10T13:19:33Z INFO [1144/1496] cb0cbd67-7ef5-4b13-9428-41bbb35f5ea8: does not qualify; 0.9 s; peak memory 927 MiB.
2026-10-10T13:19:38Z INFO [1145/1496] cb0cddca-9dbd-4a4d-93ef-91ebc0208b4d: does not qualify; 4.5 s; peak memory 927 MiB.
2026-10-10T13:19:39Z INFO [1146/1496] cb0d0954-646f-4b6e-bb55-8ea03d66063c: does not qualify; 1.6 s; peak memory 927 MiB.
2026-10-10T13:19:40Z INFO [1147/1496] cb0d5788-f891-4ff4-b85a-1a1006aa256a: does not qualify; 1.1 s; peak memory 927 MiB.
2026-10-10T13:19:45Z INFO [1148/1496] cb0e7b84-2761-4167-970d-3c61cd6386ce: does not qualify; 4.7 s; peak memory 927 MiB.
2026-10-10T13:19:46Z INFO [1149/1496] cb0ea691-06a1-4f44-97bc-f99e890e4248: does not qualify; 1.1 s; peak memory 927 MiB.
2026-10-10T13:19:47Z INFO [1150/1496] cb0f947e-3710-418f-a015-ed8f740fc153: does not qualify; 0.7 s; peak memory 927 MiB.
2026-10-10T13:19:47Z INFO [1150/1496] cb0f947e-3710-418f-a015-ed8f740fc153: checkpointed 126552 new records.
2026-10-10T13:19:48Z INFO [1151/1496] cb0ffe74-de5a-46e0-b74d-9b848dd85cd9: does not qualify; 0.5 s; peak memory 927 MiB.
2026-10-10T13:19:51Z INFO [1152/1496] cb111f42-48cf-4e7d-8af5-0dae244d9e6c: does not qualify; 3.2 s; peak memory 927 MiB.
2026-10-10T13:19:52Z INFO [1153/1496] cb118123-3d6b-4579-8a0c-c394174f0a97: does not qualify; 1.3 s; peak memory 927 MiB.
2026-10-10T13:19:53Z INFO [1154/1496] cb1187c2-e0a6-4a2c-a18b-fa44821505e9: does not qualify; 1.0 s; peak memory 927 MiB.
2026-10-10T13:19:54Z INFO [1155/1496] cb14b095-c165-4e9d-b07d-e6d176972e60: does not qualify; 0.7 s; peak memory 927 MiB.
2026-10-10T13:19:55Z INFO [1156/1496] cb155d2e-91bd-46d2-97ff-7fd43157938c: does not qualify; 0.7 s; peak memory 927 MiB.
2026-10-10T13:19:55Z INFO [1157/1496] cb15f0d7-6864-4d58-abcf-66f19f3831e7: does not qualify; 0.7 s; peak memory 927 MiB.
2026-10-10T13:19:56Z INFO [1158/1496] cb168dfd-c85b-4ee4-9033-f902424909cb: does not qualify; 0.9 s; peak memory 927 MiB.
2026-10-10T13:19:57Z INFO [1159/1496] cb171e5e-15e5-45a1-96d0-d2c4a784b459: does not qualify; 0.7 s; peak memory 927 MiB.
2026-10-10T13:19:58Z INFO [1160/1496] cb17d280-8f8e-4380-9f4b-f21022fbf90d: does not qualify; 1.0 s; peak memory 927 MiB.
2026-10-10T13:19:59Z INFO [1161/1496] cb1802b5-afde-472c-9dd6-d89cee15db13: does not qualify; 1.0 s; peak memory 927 MiB.
2026-10-10T13:20:00Z INFO [1162/1496] cb1811e9-2eb4-4dc8-9490-466fb2505917: does not qualify; 1.0 s; peak memory 927 MiB.
2026-10-10T13:20:01Z INFO [1163/1496] cb186aad-9897-415f-a966-d3e3a79889af: does not qualify; 1.3 s; peak memory 927 MiB.
2026-10-10T13:20:02Z INFO [1164/1496] cb190c4c-f569-408b-bcb8-ffd08d7457bc: does not qualify; 0.9 s; peak memory 927 MiB.
2026-10-10T13:20:05Z INFO [1165/1496] cb190e67-fa08-41b6-8ad5-168fd5aa4c25: does not qualify; 2.7 s; peak memory 927 MiB.
2026-10-10T13:20:06Z INFO [1166/1496] cb1a8371-e84f-48a7-9c86-f7a581ec2ccc: does not qualify; 1.3 s; peak memory 927 MiB.
2026-10-10T13:20:07Z INFO [1167/1496] cb1ab25f-bf86-4cea-a449-6d89b0ec373f: does not qualify; 0.8 s; peak memory 927 MiB.
2026-10-10T13:20:08Z INFO [1168/1496] cb1b0acf-b50a-4c60-9c8c-e38c3b5a963a: does not qualify; 0.8 s; peak memory 927 MiB.
2026-10-10T13:20:09Z INFO [1169/1496] cb1b111a-f613-490a-b9d5-e2e7f20507ac: does not qualify; 0.7 s; peak memory 927 MiB.
2026-10-10T13:20:11Z INFO [1170/1496] cb1ba36d-4dd8-4416-9f73-0602694d1640: does not qualify; 2.2 s; peak memory 927 MiB.
2026-10-10T13:20:12Z INFO [1171/1496] cb1c9497-6360-4161-a6f6-0fef1f3eac8b: does not qualify; 1.2 s; peak memory 927 MiB.
2026-10-10T13:20:13Z INFO [1172/1496] cb1cc599-a4a8-4818-b31a-7bf900bcf495: does not qualify; 1.2 s; peak memory 927 MiB.
2026-10-10T13:20:14Z INFO [1173/1496] cb1d930b-cffb-4d1d-aeaa-ffb8104e5e09: does not qualify; 1.1 s; peak memory 927 MiB.
2026-10-10T13:20:15Z INFO [1174/1496] cb1dc6dd-1200-4cd7-a93d-168151bb6de3: does not qualify; 1.0 s; peak memory 927 MiB.
2026-10-10T13:20:16Z INFO [1175/1496] cb1e5360-7a94-4c7e-9439-92ea4ad441fd: does not qualify; 0.8 s; peak memory 927 MiB.
2026-10-10T13:20:17Z INFO [1176/1496] cb1e6384-77fe-4a7a-9064-fdea5777e649: does not qualify; 1.3 s; peak memory 927 MiB.
2026-10-10T13:20:18Z INFO [1177/1496] cb1eb3df-a042-4280-98e2-1faa6ef90943: does not qualify; 1.0 s; peak memory 927 MiB.
2026-10-10T13:20:19Z INFO [1178/1496] cb1ec5a6-c425-4080-98fc-77c2236b189c: does not qualify; 0.8 s; peak memory 927 MiB.
2026-10-10T13:20:22Z INFO [1179/1496] cb1ec72e-8d1a-4b03-95d6-5b694fcded19: does not qualify; 2.6 s; peak memory 927 MiB.
2026-10-10T13:20:23Z INFO [1180/1496] cb1ed40c-4a0e-43c5-b27a-f4188e81790b: does not qualify; 1.4 s; peak memory 927 MiB.
2026-10-10T13:20:25Z INFO [1181/1496] cb1f9d8f-70b6-4dbb-85a2-42cfa63e3a9d: qualifies; 1.5 s; peak memory 927 MiB.
2026-10-10T13:20:26Z INFO [1182/1496] cb1fcd9f-a67a-435c-8e87-65606c34658a: does not qualify; 1.0 s; peak memory 927 MiB.
2026-10-10T13:20:26Z INFO [1183/1496] cb1fff4a-8461-4932-bbe0-ed673e99be7c: does not qualify; 0.6 s; peak memory 927 MiB.
2026-10-10T13:20:27Z INFO [1184/1496] cb2012d0-b179-45c4-a465-60ac922dda86: does not qualify; 0.9 s; peak memory 927 MiB.
2026-10-10T13:20:31Z INFO [1185/1496] cb208592-cd88-41e5-9e89-bee967eb9475: does not qualify; 3.6 s; peak memory 927 MiB.
2026-10-10T13:20:32Z INFO [1186/1496] cb20a72b-ed97-4566-b189-d69215de852e: does not qualify; 1.0 s; peak memory 927 MiB.
2026-10-10T13:20:33Z INFO [1187/1496] cb215ecd-d8a4-4f07-92ae-1b8aef2339e7: does not qualify; 1.0 s; peak memory 927 MiB.
2026-10-10T13:20:34Z INFO [1188/1496] cb2224c2-497c-4716-8809-58ca4097aa75: does not qualify; 1.2 s; peak memory 927 MiB.
2026-10-10T13:20:36Z INFO [1189/1496] cb224ae3-66e2-461b-b81b-6fa957bd5bda: does not qualify; 2.0 s; peak memory 927 MiB.
2026-10-10T13:20:37Z INFO [1190/1496] cb23325d-37ff-4475-9f8a-9ed7154f9794: does not qualify; 0.9 s; peak memory 927 MiB.
2026-10-10T13:20:38Z INFO [1191/1496] cb238c95-8978-4bc1-bc1e-f9c398f49eef: does not qualify; 0.8 s; peak memory 927 MiB.
2026-10-10T13:20:43Z INFO [1192/1496] cb241899-5931-46a5-89a0-e3994e987a48: does not qualify; 4.9 s; peak memory 927 MiB.
2026-10-10T13:20:44Z INFO [1193/1496] cb242aae-0915-45c9-b183-edeceac6f233: does not qualify; 1.3 s; peak memory 927 MiB.
2026-10-10T13:20:45Z INFO [1194/1496] cb250b45-dc15-4f00-8d9e-bea721f886ab: does not qualify; 1.1 s; peak memory 927 MiB.
2026-10-10T13:20:50Z INFO [1195/1496] cb259237-fc0e-4df7-a88c-8b7461fe74e2: does not qualify; 5.3 s; peak memory 927 MiB.
2026-10-10T13:20:52Z INFO [1196/1496] cb260c80-c721-43af-827f-fb911106f95f: does not qualify; 1.3 s; peak memory 927 MiB.
2026-10-10T13:20:52Z INFO [1197/1496] cb263102-b392-4eed-9b54-402e9cc76fb3: does not qualify; 0.7 s; peak memory 927 MiB.
2026-10-10T13:20:53Z INFO [1198/1496] cb26f3cb-0d44-424b-abc1-d0d553394463: does not qualify; 0.9 s; peak memory 927 MiB.
2026-10-10T13:20:55Z INFO [1199/1496] cb278712-a1fb-4ffe-9173-5604ea4ca9c1: does not qualify; 1.5 s; peak memory 927 MiB.
2026-10-10T13:20:56Z INFO [1200/1496] cb279521-5bee-4fbb-8881-bf6d702c6369: does not qualify; 1.0 s; peak memory 927 MiB.
2026-10-10T13:20:56Z INFO [1200/1496] cb279521-5bee-4fbb-8881-bf6d702c6369: checkpointed 126602 new records.
2026-10-10T13:20:57Z INFO [1201/1496] cb27f977-59f6-46f2-b856-ba8a380beaea: does not qualify; 1.0 s; peak memory 927 MiB.
2026-10-10T13:20:58Z INFO [1202/1496] cb297550-fdde-4c86-8dde-8ba8186f7f3c: does not qualify; 1.2 s; peak memory 927 MiB.
2026-10-10T13:20:59Z INFO [1203/1496] cb29bdde-79ec-4120-bf1b-056ee74e6eac: does not qualify; 0.9 s; peak memory 927 MiB.
2026-10-10T13:21:01Z INFO [1204/1496] cb2a0859-6ac3-4a7e-8412-55376f550f0f: does not qualify; 1.3 s; peak memory 927 MiB.
2026-10-10T13:21:02Z INFO [1205/1496] cb2aee04-8bf4-434b-ba11-0cc890fd7b65: does not qualify; 1.5 s; peak memory 927 MiB.
2026-10-10T13:21:03Z INFO [1206/1496] cb2b01cf-d0ae-4d8a-a38c-b9c5db27c13d: does not qualify; 0.8 s; peak memory 927 MiB.
2026-10-10T13:21:04Z INFO [1207/1496] cb2b3d22-b2ce-4e42-aa5e-044d2406ed70: does not qualify; 0.8 s; peak memory 927 MiB.
2026-10-10T13:21:04Z INFO [1208/1496] cb2c6003-9258-4e2e-9638-4b73caf4f841: does not qualify; 0.7 s; peak memory 927 MiB.
2026-10-10T13:21:05Z INFO [1209/1496] cb2c662f-a918-4120-a152-303c17f7f29b: does not qualify; 0.7 s; peak memory 927 MiB.
2026-10-10T13:21:06Z INFO [1210/1496] cb2ccdf9-daf4-4f4e-a1c0-13ca67086e02: does not qualify; 0.8 s; peak memory 927 MiB.
2026-10-10T13:21:13Z INFO [1211/1496] cb2d728c-4288-49be-89b9-3bcb03aa86dc: does not qualify; 7.0 s; peak memory 927 MiB.
2026-10-10T13:21:14Z INFO [1212/1496] cb2da39d-1be7-4524-a8b0-2e0adc6bac35: does not qualify; 1.4 s; peak memory 927 MiB.
2026-10-10T13:21:16Z INFO [1213/1496] cb2da5fb-f426-45d6-90a6-92d210a8f64b: does not qualify; 1.4 s; peak memory 927 MiB.
2026-10-10T13:21:16Z INFO [1214/1496] cb2f0468-1185-4519-82b6-f8ef6004be06: does not qualify; 0.9 s; peak memory 927 MiB.
2026-10-10T13:21:17Z INFO [1215/1496] cb2f58b6-fc23-4abf-aaff-716741201085: does not qualify; 0.9 s; peak memory 927 MiB.
2026-10-10T13:21:18Z INFO [1216/1496] cb304381-4361-42c6-9516-239371b829c8: does not qualify; 0.8 s; peak memory 927 MiB.
2026-10-10T13:21:19Z INFO [1217/1496] cb326c0e-ad22-45ea-a5ea-2ec12c982a57: does not qualify; 0.8 s; peak memory 927 MiB.
2026-10-10T13:21:23Z INFO [1218/1496] cb330083-11ed-475d-9d7a-776dcab9bc85: does not qualify; 4.0 s; peak memory 927 MiB.
2026-10-10T13:21:24Z INFO [1219/1496] cb33e41a-e0a5-4f96-ab1f-52c57ad9c51a: does not qualify; 1.2 s; peak memory 927 MiB.
2026-10-10T13:21:25Z INFO [1220/1496] cb34544c-d60f-430a-8d64-c13d44b7ca59: does not qualify; 1.0 s; peak memory 927 MiB.
2026-10-10T13:21:27Z INFO [1221/1496] cb346f7f-2358-4882-95c4-048ff88ae3be: does not qualify; 2.4 s; peak memory 927 MiB.
2026-10-10T13:21:29Z INFO [1222/1496] cb356ef1-c934-43a6-beb8-1754bb8ddd44: does not qualify; 1.3 s; peak memory 927 MiB.
2026-10-10T13:21:30Z INFO [1223/1496] cb370df5-b733-414e-8c96-cc15737169bc: does not qualify; 1.1 s; peak memory 927 MiB.
2026-10-10T13:21:31Z INFO [1224/1496] cb37f776-15bc-41a0-9c57-e002bedde17a: does not qualify; 0.9 s; peak memory 927 MiB.
2026-10-10T13:21:38Z INFO [1225/1496] cb382b69-480a-4d75-bff6-ee2c515bbdd1: does not qualify; 7.0 s; peak memory 927 MiB.
2026-10-10T13:21:39Z INFO [1226/1496] cb387d58-0d53-4ab1-9876-4713b4b72bc6: does not qualify; 1.2 s; peak memory 927 MiB.
2026-10-10T13:21:47Z INFO [1227/1496] cb38a613-86a6-4d0c-9f7a-72830271dd0d: does not qualify; 7.8 s; peak memory 927 MiB.
2026-10-10T13:21:48Z INFO [1228/1496] cb38f508-8110-4b24-aa8d-ac67df93d156: does not qualify; 0.9 s; peak memory 927 MiB.
2026-10-10T13:21:53Z INFO [1229/1496] cb39c664-7530-400f-b015-d96742be8a3a: does not qualify; 4.8 s; peak memory 927 MiB.
2026-10-10T13:21:53Z INFO [1230/1496] cb3a4b19-5f3f-4099-9d4b-d68e1d8a48c1: does not qualify; 0.9 s; peak memory 927 MiB.
2026-10-10T13:22:02Z INFO [1231/1496] cb3a67e1-466b-4c58-b39e-7b337370b2df: does not qualify; 8.1 s; peak memory 927 MiB.
2026-10-10T13:22:04Z INFO [1232/1496] cb3b3525-78d8-4e8c-ab25-23207da744a3: does not qualify; 2.2 s; peak memory 927 MiB.
2026-10-10T13:22:04Z INFO [1233/1496] cb3b4e7a-56b7-4b19-8236-193765edbbdd: does not qualify; 0.6 s; peak memory 927 MiB.
2026-10-10T13:22:06Z INFO [1234/1496] cb3cb323-c6ff-45f4-b8ef-d2261988f038: does not qualify; 1.3 s; peak memory 927 MiB.
2026-10-10T13:22:07Z INFO [1235/1496] cb3cbcd3-de7f-4044-90ac-06ce57d6ca66: does not qualify; 1.2 s; peak memory 927 MiB.
2026-10-10T13:22:08Z INFO [1236/1496] cb3dac89-4e6d-4776-bb87-a338b2c01fa8: does not qualify; 0.7 s; peak memory 927 MiB.
2026-10-10T13:22:08Z INFO [1237/1496] cb3e019c-3e45-4cef-9b14-07038eb79bc5: does not qualify; 0.9 s; peak memory 927 MiB.
2026-10-10T13:22:10Z INFO [1238/1496] cb3ec4b1-8528-4b65-ae72-ca390003cfbd: does not qualify; 1.8 s; peak memory 927 MiB.
2026-10-10T13:22:11Z INFO [1239/1496] cb3f435f-ea6a-4081-8a6f-76d73f63c9e0: does not qualify; 1.0 s; peak memory 927 MiB.
2026-10-10T13:22:12Z INFO [1240/1496] cb3f48c7-12f9-442a-b6b1-72c05b778e46: does not qualify; 0.8 s; peak memory 927 MiB.
2026-10-10T13:22:13Z INFO [1241/1496] cb3f52db-6ad8-4b40-848c-38c10df8078b: does not qualify; 0.8 s; peak memory 927 MiB.
2026-10-10T13:22:14Z INFO [1242/1496] cb3fefca-a110-4aaf-b8fa-3b38df84bec1: does not qualify; 0.9 s; peak memory 927 MiB.
2026-10-10T13:22:15Z INFO [1243/1496] cb401878-b13a-4826-b119-65b9238d3f33: does not qualify; 0.8 s; peak memory 927 MiB.
2026-10-10T13:22:15Z INFO [1244/1496] cb40251c-44d5-40e5-ab18-50fb27675933: does not qualify; 0.8 s; peak memory 927 MiB.
2026-10-10T13:22:16Z INFO [1245/1496] cb405183-ce40-44f1-9be3-a2ccb28143ee: does not qualify; 1.0 s; peak memory 927 MiB.
2026-10-10T13:22:17Z INFO [1246/1496] cb405ce9-fbb2-4373-b431-5659a16d7170: does not qualify; 0.9 s; peak memory 927 MiB.
2026-10-10T13:22:20Z INFO [1247/1496] cb40b796-4d4f-4b9d-be14-9b4a83448842: does not qualify; 2.6 s; peak memory 927 MiB.
2026-10-10T13:22:21Z INFO [1248/1496] cb410c50-910d-4fbd-a8ae-86c1f1f1e4dc: does not qualify; 1.0 s; peak memory 927 MiB.
2026-10-10T13:22:25Z INFO [1249/1496] cb41429c-1648-406a-b44f-e63bba85b614: qualifies; 4.5 s; peak memory 927 MiB.
2026-10-10T13:22:26Z INFO [1250/1496] cb41ec92-1005-4fd3-98f3-474e08dac408: does not qualify; 0.7 s; peak memory 927 MiB.
2026-10-10T13:22:26Z INFO [1250/1496] cb41ec92-1005-4fd3-98f3-474e08dac408: checkpointed 126652 new records.
2026-10-10T13:22:27Z INFO [1251/1496] cb423b19-264a-4ab9-a24f-03e1e81a8874: does not qualify; 1.1 s; peak memory 927 MiB.
2026-10-10T13:22:28Z INFO [1252/1496] cb439d48-a024-4e49-9884-7d177df3525b: does not qualify; 1.0 s; peak memory 927 MiB.
2026-10-10T13:22:30Z INFO [1253/1496] cb44d122-48c4-4bca-8d28-4164da652b5d: does not qualify; 1.9 s; peak memory 927 MiB.
2026-10-10T13:22:31Z INFO [1254/1496] cb44dab3-d58f-4e32-977e-7bf344fd7f9a: does not qualify; 0.9 s; peak memory 927 MiB.
2026-10-10T13:22:33Z INFO [1255/1496] cb454552-2da0-457b-800e-e6a61fe04d9f: does not qualify; 2.1 s; peak memory 927 MiB.
2026-10-10T13:22:34Z INFO [1256/1496] cb45bcea-00a1-4213-a5ad-97f570bbb3fa: does not qualify; 0.8 s; peak memory 927 MiB.
2026-10-10T13:22:35Z INFO [1257/1496] cb471541-55b5-408e-8081-13000bda74f0: does not qualify; 0.8 s; peak memory 927 MiB.
2026-10-10T13:22:36Z INFO [1258/1496] cb471dad-4cd3-451c-90f6-37d45b4d430b: does not qualify; 0.9 s; peak memory 927 MiB.
2026-10-10T13:22:37Z INFO [1259/1496] cb474135-6eb3-45c6-92ed-e716ce8a1dfb: does not qualify; 1.3 s; peak memory 927 MiB.
2026-10-10T13:22:38Z INFO [1260/1496] cb485bb1-b4a0-4d6b-8326-ddd3dd904c1b: does not qualify; 1.0 s; peak memory 927 MiB.
2026-10-10T13:22:42Z INFO [1261/1496] cb48baaa-0c2f-4f2d-94c1-772af0311de5: does not qualify; 4.0 s; peak memory 927 MiB.
2026-10-10T13:22:43Z INFO [1262/1496] cb48e68f-d8d5-4d9e-8b8b-d5838cfc3d9a: does not qualify; 1.3 s; peak memory 927 MiB.
2026-10-10T13:22:44Z INFO [1263/1496] cb492a51-d813-431b-be89-4254d797d5cb: does not qualify; 0.9 s; peak memory 927 MiB.
2026-10-10T13:22:51Z INFO [1264/1496] cb495a28-6914-43e4-a283-35e198ce697b: does not qualify; 6.8 s; peak memory 927 MiB.
2026-10-10T13:22:52Z INFO [1265/1496] cb496aa4-9584-4193-ab6c-3483d1d457ff: does not qualify; 0.6 s; peak memory 927 MiB.
2026-10-10T13:22:53Z INFO [1266/1496] cb49a0e9-7c12-44e6-be54-af70d3147ad0: does not qualify; 1.2 s; peak memory 927 MiB.
2026-10-10T13:22:55Z INFO [1267/1496] cb4a0198-719b-42e0-b81f-f22ebe2016f3: does not qualify; 2.1 s; peak memory 927 MiB.
2026-10-10T13:22:56Z INFO [1268/1496] cb4a962d-2273-47ee-b81b-25596952c82c: does not qualify; 1.1 s; peak memory 927 MiB.
2026-10-10T13:23:04Z INFO [1269/1496] cb4acb53-790d-4307-88b1-26659d999433: does not qualify; 7.5 s; peak memory 927 MiB.
2026-10-10T13:23:09Z INFO [1270/1496] cb4bca26-ca1b-488f-ab78-8431abf5c4fe: does not qualify; 5.3 s; peak memory 927 MiB.
2026-10-10T13:23:10Z INFO [1271/1496] cb4c4ddd-fd98-4057-bb61-980353c40174: does not qualify; 0.8 s; peak memory 927 MiB.
2026-10-10T13:23:14Z INFO [1272/1496] cb4dc55b-4da7-42e6-a847-14d8f98d7672: does not qualify; 4.2 s; peak memory 927 MiB.
2026-10-10T13:23:15Z INFO [1273/1496] cb4e0a71-d0a1-4292-a941-cd6dd91f8bf6: does not qualify; 1.3 s; peak memory 927 MiB.
2026-10-10T13:23:16Z INFO [1274/1496] cb4f838d-08e5-47bd-87d5-114783456da6: does not qualify; 0.8 s; peak memory 927 MiB.
2026-10-10T13:23:17Z INFO [1275/1496] cb4ffbe1-eb09-4ca0-9ad3-3bbddc744c9e: does not qualify; 0.8 s; peak memory 927 MiB.
2026-10-10T13:23:18Z INFO [1276/1496] cb52f072-d499-4aea-8ee1-84236e0ebd2e: does not qualify; 0.8 s; peak memory 927 MiB.
2026-10-10T13:23:19Z INFO [1277/1496] cb538f2b-004d-47a0-8f47-3db35b842a3d: does not qualify; 0.8 s; peak memory 927 MiB.
2026-10-10T13:23:20Z INFO [1278/1496] cb53c5c5-787f-4709-af89-fb3e318275d8: does not qualify; 1.0 s; peak memory 927 MiB.
2026-10-10T13:23:21Z INFO [1279/1496] cb54722e-c4bb-415e-8762-9d53a48a213f: does not qualify; 1.0 s; peak memory 927 MiB.
2026-10-10T13:23:22Z INFO [1280/1496] cb54831c-1d12-480a-97d9-3adf329dfb81: does not qualify; 1.5 s; peak memory 927 MiB.
2026-10-10T13:23:23Z INFO [1281/1496] cb54a643-f1d3-4882-a18a-0cb4928632d2: does not qualify; 0.8 s; peak memory 927 MiB.
2026-10-10T13:23:25Z INFO [1282/1496] cb54c246-b6e1-49e6-bf66-46953e0ace03: does not qualify; 1.6 s; peak memory 927 MiB.
2026-10-10T13:23:25Z INFO [1283/1496] cb55402d-688d-4341-9738-4090845bb7b1: does not qualify; 0.9 s; peak memory 927 MiB.
2026-10-10T13:23:31Z INFO [1284/1496] cb5601f4-e75b-47e3-99e6-0901f8052083: does not qualify; 5.1 s; peak memory 927 MiB.
2026-10-10T13:23:33Z INFO [1285/1496] cb564fd2-64d7-43b4-a5f3-040fa462e203: does not qualify; 2.5 s; peak memory 927 MiB.
2026-10-10T13:23:34Z INFO [1286/1496] cb56fc4f-3164-425d-b620-90840bc9c748: does not qualify; 1.1 s; peak memory 927 MiB.
2026-10-10T13:23:35Z INFO [1287/1496] cb57019b-8011-4185-83d8-800d5b09168c: does not qualify; 0.9 s; peak memory 927 MiB.
2026-10-10T13:23:45Z INFO [1288/1496] cb577e01-23eb-4328-b51a-f4c62b261995: does not qualify; 10.2 s; peak memory 927 MiB.
2026-10-10T13:23:47Z INFO [1289/1496] cb577f3d-2ebd-4b2f-83b7-b5759747c776: does not qualify; 1.3 s; peak memory 927 MiB.
2026-10-10T13:23:50Z INFO [1290/1496] cb57dbd3-a42e-45a2-9b0a-c31e12a9dffc: does not qualify; 3.8 s; peak memory 927 MiB.
2026-10-10T13:23:51Z INFO [1291/1496] cb58116b-2f4e-46af-9351-0b312ffc86d2: does not qualify; 0.8 s; peak memory 927 MiB.
2026-10-10T13:23:52Z INFO [1292/1496] cb58e908-0bcd-490a-b086-f08f1590002c: does not qualify; 1.3 s; peak memory 927 MiB.
2026-10-10T13:23:57Z INFO [1293/1496] cb590298-ae0d-4609-979c-89306546af6b: does not qualify; 5.1 s; peak memory 927 MiB.
2026-10-10T13:24:01Z INFO [1294/1496] cb595b64-d1c4-4da1-9eec-3332e4b69331: does not qualify; 3.9 s; peak memory 927 MiB.
2026-10-10T13:24:04Z INFO [1295/1496] cb59b4f1-4607-4861-ad42-a0219e4741b4: does not qualify; 2.6 s; peak memory 927 MiB.
2026-10-10T13:24:05Z INFO [1296/1496] cb59d884-6eb9-4c15-9d9c-950a20d8b189: does not qualify; 0.9 s; peak memory 927 MiB.
2026-10-10T13:24:14Z INFO [1297/1496] cb59f35e-0aec-4611-929b-64052727e446: does not qualify; 8.8 s; peak memory 927 MiB.
2026-10-10T13:24:14Z INFO [1298/1496] cb5a6d8b-ad81-436d-b03a-9d0772ae8895: does not qualify; 0.8 s; peak memory 927 MiB.
2026-10-10T13:24:15Z INFO [1299/1496] cb5a833e-1aed-4115-af4f-adaaffd3fe1e: does not qualify; 0.6 s; peak memory 927 MiB.
2026-10-10T13:24:16Z INFO [1300/1496] cb5b4fd0-bdc6-4f05-818d-118a4ea6ccdb: does not qualify; 1.0 s; peak memory 927 MiB.
2026-10-10T13:24:16Z INFO [1300/1496] cb5b4fd0-bdc6-4f05-818d-118a4ea6ccdb: checkpointed 126702 new records.
2026-10-10T13:24:17Z INFO [1301/1496] cb5b6dfd-9ae9-4a95-a2c9-5767c6853940: does not qualify; 0.9 s; peak memory 927 MiB.
2026-10-10T13:24:18Z INFO [1302/1496] cb5b7985-6ff2-4c45-84dd-6a3485bcee0b: does not qualify; 1.1 s; peak memory 927 MiB.
2026-10-10T13:24:19Z INFO [1303/1496] cb5b92a0-fa86-462c-8619-2a2b3aefe5c5: does not qualify; 0.6 s; peak memory 927 MiB.
2026-10-10T13:24:21Z INFO [1304/1496] cb5d7a0c-90b2-4518-bba4-3bbebe3bf45a: does not qualify; 2.2 s; peak memory 927 MiB.
2026-10-10T13:24:22Z INFO [1305/1496] cb5df911-f981-49ed-82bc-eeaa1d138c6e: does not qualify; 0.9 s; peak memory 927 MiB.
2026-10-10T13:24:24Z INFO [1306/1496] cb5f467e-303f-42fd-83ce-acbf4afcec2d: does not qualify; 1.7 s; peak memory 927 MiB.
2026-10-10T13:24:25Z INFO [1307/1496] cb5f881a-3d48-4dde-912a-29cc01b2e075: does not qualify; 1.0 s; peak memory 927 MiB.
2026-10-10T13:24:25Z INFO [1308/1496] cb60e1dc-4818-476e-8938-d38ab14624e7: does not qualify; 0.8 s; peak memory 927 MiB.
2026-10-10T13:24:30Z INFO [1309/1496] cb61a14f-de07-4b37-ac67-35191859166b: does not qualify; 4.7 s; peak memory 927 MiB.
2026-10-10T13:24:31Z INFO [1310/1496] cb626836-6011-4cae-bd89-6350338f69bd: does not qualify; 0.6 s; peak memory 927 MiB.
2026-10-10T13:24:31Z INFO [1311/1496] cb63f117-7b4d-4b61-ba0f-f1ee83206d8f: does not qualify; 0.7 s; peak memory 927 MiB.
2026-10-10T13:24:32Z INFO [1312/1496] cb6585e6-48a7-47c3-b951-b47ddde047ee: does not qualify; 0.8 s; peak memory 927 MiB.
2026-10-10T13:24:33Z INFO [1313/1496] cb65af4a-87a9-41a3-a714-b197660e7098: does not qualify; 0.7 s; peak memory 927 MiB.
2026-10-10T13:24:34Z INFO [1314/1496] cb65e590-d6d1-4496-a6c4-92fd45fe89e8: does not qualify; 0.6 s; peak memory 927 MiB.
2026-10-10T13:24:34Z INFO [1315/1496] cb661311-eb32-4227-8057-d126405ce5b8: does not qualify; 0.7 s; peak memory 927 MiB.
2026-10-10T13:24:35Z INFO [1316/1496] cb679f80-7110-4063-bd21-603255a61908: does not qualify; 1.2 s; peak memory 927 MiB.
2026-10-10T13:24:37Z INFO [1317/1496] cb67e507-7587-48de-b8cf-ac2139c4cbf3: does not qualify; 1.5 s; peak memory 927 MiB.
2026-10-10T13:24:38Z INFO [1318/1496] cb6916ea-e0f1-4c14-9598-85d5154338d7: does not qualify; 1.0 s; peak memory 927 MiB.
2026-10-10T13:24:42Z INFO [1319/1496] cb6ada07-48bd-45ad-93fa-abb0f1d5c355: does not qualify; 3.8 s; peak memory 927 MiB.
2026-10-10T13:24:43Z INFO [1320/1496] cb6c2fb7-b0e8-4839-aa85-fe555a130262: does not qualify; 0.7 s; peak memory 927 MiB.
2026-10-10T13:24:43Z INFO [1321/1496] cb6ca590-b805-4789-8fa2-dbb5d1b7aa95: does not qualify; 1.0 s; peak memory 927 MiB.
2026-10-10T13:24:44Z INFO [1322/1496] cb6cd45b-9a37-4436-b3d3-11c2301196d8: does not qualify; 0.7 s; peak memory 927 MiB.
2026-10-10T13:24:47Z INFO [1323/1496] cb6cf5db-2a23-4641-ab93-45f51f68149f: does not qualify; 2.5 s; peak memory 927 MiB.
2026-10-10T13:24:48Z INFO [1324/1496] cb6ed886-a729-45d0-ba2a-e8439e146160: does not qualify; 1.1 s; peak memory 927 MiB.
2026-10-10T13:24:50Z INFO [1325/1496] cb6f5ad4-3c61-4771-82af-3bbe4d707f7f: does not qualify; 2.3 s; peak memory 927 MiB.
2026-10-10T13:24:51Z INFO [1326/1496] cb6fd1bb-db99-48ff-b726-9d36bfe02cbf: does not qualify; 0.7 s; peak memory 927 MiB.
2026-10-10T13:24:52Z INFO [1327/1496] cb7040ba-faa1-4099-8f65-3396954057bb: does not qualify; 1.0 s; peak memory 927 MiB.
2026-10-10T13:24:53Z INFO [1328/1496] cb714ffb-612f-4a1b-afa5-e7da173973ef: does not qualify; 0.8 s; peak memory 927 MiB.
2026-10-10T13:24:54Z INFO [1329/1496] cb71507d-e36b-4f4d-91cb-390a6b09b8ec: does not qualify; 1.1 s; peak memory 927 MiB.
2026-10-10T13:24:55Z INFO [1330/1496] cb7174d5-35c9-467f-87fa-3ee7abd2c39d: does not qualify; 1.1 s; peak memory 927 MiB.
2026-10-10T13:24:56Z INFO [1331/1496] cb72af80-cc9f-4e61-b086-7a423272c4ea: does not qualify; 1.1 s; peak memory 927 MiB.
2026-10-10T13:24:57Z INFO [1332/1496] cb73e813-5d03-4e7f-b801-417006b3fe7e: does not qualify; 0.9 s; peak memory 927 MiB.
2026-10-10T13:24:57Z INFO [1333/1496] cb7458e4-6023-4241-a50f-8393b12c5e40: does not qualify; 0.6 s; peak memory 927 MiB.
2026-10-10T13:25:00Z INFO [1334/1496] cb7499fb-07a3-4a73-b7ee-0401c9958b94: does not qualify; 2.7 s; peak memory 927 MiB.
2026-10-10T13:25:02Z INFO [1335/1496] cb74c3e6-cea2-4298-abc9-59e21c55cf24: does not qualify; 1.7 s; peak memory 927 MiB.
2026-10-10T13:25:03Z INFO [1336/1496] cb752b5e-ca11-45e6-bcf6-33111053ea6c: does not qualify; 1.2 s; peak memory 927 MiB.
2026-10-10T13:25:04Z INFO [1337/1496] cb75b7b7-5aca-4873-a65b-cbedb5861fe0: does not qualify; 1.2 s; peak memory 927 MiB.
2026-10-10T13:25:05Z INFO [1338/1496] cb763a1b-cd80-49d2-8b58-7a0144504ca0: does not qualify; 1.1 s; peak memory 927 MiB.
2026-10-10T13:25:06Z INFO [1339/1496] cb76d012-31a3-4cf0-91a4-4f5aa398f519: does not qualify; 0.6 s; peak memory 927 MiB.
2026-10-10T13:25:07Z INFO [1340/1496] cb773387-e7d4-4ab4-b215-ce873ddc1a31: does not qualify; 0.7 s; peak memory 927 MiB.
2026-10-10T13:25:08Z INFO [1341/1496] cb7791d2-8871-4a21-bf1c-4a9dd11d1e9b: does not qualify; 1.1 s; peak memory 927 MiB.
2026-10-10T13:25:10Z INFO [1342/1496] cb77d921-4924-44b5-8c73-63c57d913322: does not qualify; 2.0 s; peak memory 927 MiB.
2026-10-10T13:25:11Z INFO [1343/1496] cb792613-24d2-40c0-be82-ba4b31e78ba5: does not qualify; 1.4 s; peak memory 927 MiB.
2026-10-10T13:25:12Z INFO [1344/1496] cb7bad85-b470-450d-92b3-b3428f112312: does not qualify; 0.9 s; peak memory 927 MiB.
2026-10-10T13:25:13Z INFO [1345/1496] cb7c53c9-bbf5-45a5-9b6b-e120cb6fff22: does not qualify; 0.7 s; peak memory 927 MiB.
2026-10-10T13:25:14Z INFO [1346/1496] cb7c7739-d0cf-4038-a3ea-87e314931b47: does not qualify; 0.7 s; peak memory 927 MiB.
2026-10-10T13:25:14Z INFO [1347/1496] cb7ee58e-b44f-46fb-ad64-531b8f072e63: does not qualify; 0.6 s; peak memory 927 MiB.
2026-10-10T13:25:16Z INFO [1348/1496] cb7f5493-f595-4177-a61b-b87191368295: does not qualify; 1.5 s; peak memory 927 MiB.
2026-10-10T13:25:16Z INFO [1349/1496] cb80e336-659a-4be2-b6d1-29f4e237bede: does not qualify; 0.7 s; peak memory 927 MiB.
2026-10-10T13:25:17Z INFO [1350/1496] cb80f607-9b77-4c1d-b865-02fd42c55078: does not qualify; 0.8 s; peak memory 927 MiB.
2026-10-10T13:25:17Z INFO [1350/1496] cb80f607-9b77-4c1d-b865-02fd42c55078: checkpointed 126752 new records.
2026-10-10T13:25:18Z INFO [1351/1496] cb82896f-7463-4391-8ae1-ceb5ed316244: does not qualify; 0.9 s; peak memory 927 MiB.
2026-10-10T13:25:25Z INFO [1352/1496] cb83dacb-cbc7-44ab-a602-f3957a15920e: does not qualify; 6.5 s; peak memory 927 MiB.
2026-10-10T13:25:35Z INFO [1353/1496] cb85d830-732f-4ffc-86b2-f04ff34936f5: does not qualify; 9.7 s; peak memory 927 MiB.
2026-10-10T13:25:36Z INFO [1354/1496] cb861cef-5d15-47a8-a1ca-20d7a44c3ceb: does not qualify; 0.9 s; peak memory 927 MiB.
2026-10-10T13:25:37Z INFO [1355/1496] cb863971-ef6a-499b-9e7a-48f37d9ef824: does not qualify; 1.0 s; peak memory 927 MiB.
2026-10-10T13:25:38Z INFO [1356/1496] cb87112b-01d6-4452-89fa-cb691b140e26: does not qualify; 1.4 s; peak memory 927 MiB.
2026-10-10T13:25:41Z INFO [1357/1496] cb873dbb-357e-4e3b-95f9-db41632bbd92: does not qualify; 2.6 s; peak memory 927 MiB.
2026-10-10T13:25:41Z INFO [1358/1496] cb874170-1dba-4746-a396-585bde56747b: does not qualify; 0.9 s; peak memory 927 MiB.
2026-10-10T13:25:42Z INFO [1359/1496] cb8786de-ab15-43ed-b9f0-90a3a38b4c3a: does not qualify; 0.9 s; peak memory 927 MiB.
2026-10-10T13:25:43Z INFO [1360/1496] cb879b47-0235-43ad-8f32-18500eb66987: does not qualify; 0.7 s; peak memory 927 MiB.
2026-10-10T13:25:44Z INFO [1361/1496] cb87a595-ecf6-4ef6-b2dd-0a30ef9a7ae7: does not qualify; 1.2 s; peak memory 927 MiB.
2026-10-10T13:25:45Z INFO [1362/1496] cb88df89-9a13-45b3-87b8-5ffc02a9f3d2: does not qualify; 0.8 s; peak memory 927 MiB.
2026-10-10T13:25:46Z INFO [1363/1496] cb891fc5-60c5-4a97-bf3d-122cb7ec6177: does not qualify; 1.3 s; peak memory 927 MiB.
2026-10-10T13:25:48Z INFO [1364/1496] cb8a9586-df8a-44ea-84db-1f906fecfe52: does not qualify; 1.4 s; peak memory 927 MiB.
2026-10-10T13:25:51Z INFO [1365/1496] cb8a9bd6-46cd-4533-8ea5-385eb3d0c395: does not qualify; 3.6 s; peak memory 927 MiB.
2026-10-10T13:25:52Z INFO [1366/1496] cb8b76c0-9ed8-448e-95f5-adcca1a344fb: does not qualify; 0.9 s; peak memory 927 MiB.
2026-10-10T13:25:53Z INFO [1367/1496] cb8bf1ea-ee01-407c-999c-3b503e092b52: does not qualify; 0.9 s; peak memory 927 MiB.
2026-10-10T13:25:54Z INFO [1368/1496] cb8c608e-9688-4a40-b463-052ad1416036: does not qualify; 0.9 s; peak memory 927 MiB.
2026-10-10T13:25:55Z INFO [1369/1496] cb8cc6f0-d2a8-416e-87ee-3840eaa226c1: does not qualify; 1.0 s; peak memory 927 MiB.
2026-10-10T13:26:04Z INFO [1370/1496] cb8cd7be-b0f6-4186-b465-45039b5bbdd2: does not qualify; 8.8 s; peak memory 927 MiB.
2026-10-10T13:26:07Z INFO [1371/1496] cb8d4764-c04d-4621-b72c-92b693b18f67: does not qualify; 2.6 s; peak memory 927 MiB.
2026-10-10T13:26:07Z INFO [1372/1496] cb8dad81-cc45-40af-9191-4bd5381d8dea: does not qualify; 0.8 s; peak memory 927 MiB.
2026-10-10T13:26:08Z INFO [1373/1496] cb8ddb97-a5cc-4ccb-9be0-e84cd210a795: does not qualify; 1.0 s; peak memory 927 MiB.
2026-10-10T13:26:11Z INFO [1374/1496] cb8de873-62e0-49e7-8c90-d9c43dd6923a: does not qualify; 2.3 s; peak memory 927 MiB.
2026-10-10T13:26:15Z INFO [1375/1496] cb8e6ca6-58fb-4e50-b5df-d87796efc158: does not qualify; 4.5 s; peak memory 927 MiB.
2026-10-10T13:26:17Z INFO [1376/1496] cb8ea4ef-c424-4736-8855-02e7b8ec52c4: does not qualify; 1.4 s; peak memory 927 MiB.
2026-10-10T13:26:17Z INFO [1377/1496] cb8ebbd1-b732-4c33-840e-c24677b841c8: does not qualify; 0.7 s; peak memory 927 MiB.
2026-10-10T13:26:18Z INFO [1378/1496] cb8eef77-8171-451f-a810-13d6aac89900: does not qualify; 0.6 s; peak memory 927 MiB.
2026-10-10T13:26:22Z INFO [1379/1496] cb8f2075-ef78-4251-812b-36acf7bc795b: does not qualify; 4.0 s; peak memory 927 MiB.
2026-10-10T13:26:23Z INFO [1380/1496] cb8ff31f-d872-44cf-9700-b200026efd19: does not qualify; 0.7 s; peak memory 927 MiB.
2026-10-10T13:26:24Z INFO [1381/1496] cb91e6cb-cf11-40e3-9623-5a08add6c27d: does not qualify; 1.5 s; peak memory 927 MiB.
2026-10-10T13:26:25Z INFO [1382/1496] cb9260f3-417f-4106-a996-16ede7ca8e23: does not qualify; 0.6 s; peak memory 927 MiB.
2026-10-10T13:26:25Z INFO [1383/1496] cb92f3fa-48d7-4ff9-8964-d3d53b9f9234: does not qualify; 0.7 s; peak memory 927 MiB.
2026-10-10T13:26:33Z INFO [1384/1496] cb93c1b5-9c78-4ae6-86b2-2be268d56c00: does not qualify; 8.0 s; peak memory 927 MiB.
2026-10-10T13:26:34Z INFO [1385/1496] cb948453-6ea9-4da1-83f1-95ca727d91bc: does not qualify; 1.0 s; peak memory 927 MiB.
2026-10-10T13:26:35Z INFO [1386/1496] cb950c92-452d-4975-87c8-1053a681f519: does not qualify; 0.9 s; peak memory 927 MiB.
2026-10-10T13:26:36Z INFO [1387/1496] cb95371e-0886-4c89-b145-aaec037f488e: does not qualify; 1.0 s; peak memory 927 MiB.
2026-10-10T13:26:38Z INFO [1388/1496] cb955d22-6535-4827-9bca-8bd3a6e3b9f9: does not qualify; 1.7 s; peak memory 927 MiB.
2026-10-10T13:26:38Z INFO [1389/1496] cb95a0b6-851d-4771-b6e5-e01d4a42553e: does not qualify; 0.6 s; peak memory 927 MiB.
2026-10-10T13:26:40Z INFO [1390/1496] cb96635a-9e12-4b45-95df-1cb9307dca10: does not qualify; 1.4 s; peak memory 927 MiB.
2026-10-10T13:26:45Z INFO [1391/1496] cb97dbfd-218c-47de-a7aa-f7a59e4944b2: does not qualify; 5.1 s; peak memory 927 MiB.
2026-10-10T13:26:54Z INFO [1392/1496] cb987dba-a46b-4a63-86af-03af92c4f1a2: does not qualify; 9.3 s; peak memory 927 MiB.
2026-10-10T13:26:55Z INFO [1393/1496] cb998f16-79b0-49b2-9417-919c11a30a3d: does not qualify; 1.2 s; peak memory 927 MiB.
2026-10-10T13:26:56Z INFO [1394/1496] cb9a4b83-914b-46e2-b0e4-71c72c9254e8: does not qualify; 0.9 s; peak memory 927 MiB.
2026-10-10T13:27:02Z INFO [1395/1496] cb9b1341-a5f7-4f71-9e6b-6facfde7348a: does not qualify; 5.9 s; peak memory 927 MiB.
2026-10-10T13:27:04Z INFO [1396/1496] cb9b8fac-5274-44d6-9678-4c57f04101e7: qualifies; 1.6 s; peak memory 927 MiB.
2026-10-10T13:27:05Z INFO [1397/1496] cb9c05f6-5d59-4fed-8298-b0d2ec715ca2: does not qualify; 0.8 s; peak memory 927 MiB.
2026-10-10T13:27:08Z INFO [1398/1496] cb9d1a15-f79a-4f0e-8868-2a5361a81d19: does not qualify; 3.8 s; peak memory 927 MiB.
2026-10-10T13:27:10Z INFO [1399/1496] cb9de215-5893-4395-a909-d2ea67c426c6: does not qualify; 1.9 s; peak memory 927 MiB.
2026-10-10T13:27:11Z INFO [1400/1496] cb9e0933-1c99-4e14-9676-2f16a3a76883: does not qualify; 0.6 s; peak memory 927 MiB.
2026-10-10T13:27:11Z INFO [1400/1496] cb9e0933-1c99-4e14-9676-2f16a3a76883: checkpointed 126802 new records.
2026-10-10T13:27:12Z INFO [1401/1496] cb9e36cc-8a77-47ea-949e-79e137602ec1: does not qualify; 0.8 s; peak memory 927 MiB.
2026-10-10T13:27:13Z INFO [1402/1496] cb9e6472-faf3-4d83-bf94-ded6416e5bfc: does not qualify; 1.5 s; peak memory 927 MiB.
2026-10-10T13:27:21Z INFO [1403/1496] cb9eee61-9a02-428c-b08f-1bdf769efd27: does not qualify; 7.9 s; peak memory 927 MiB.
2026-10-10T13:27:22Z INFO [1404/1496] cb9ef43d-0fe2-492f-9256-131025790e8d: does not qualify; 1.0 s; peak memory 927 MiB.
2026-10-10T13:27:26Z INFO [1405/1496] cb9f0767-0903-44ae-8aba-7b4fda226efb: does not qualify; 4.2 s; peak memory 927 MiB.
2026-10-10T13:27:29Z INFO [1406/1496] cb9fca9d-4659-4540-8d50-76607cda25b6: does not qualify; 2.3 s; peak memory 927 MiB.
2026-10-10T13:27:34Z INFO [1407/1496] cba04963-4ea2-428e-be4d-b881e15bf939: does not qualify; 5.6 s; peak memory 927 MiB.
2026-10-10T13:27:35Z INFO [1408/1496] cba082a7-886c-403a-8feb-fb9713a7283c: does not qualify; 0.7 s; peak memory 927 MiB.
2026-10-10T13:27:36Z INFO [1409/1496] cba0e7f6-a9ad-4466-b42b-aab6cdf3fa9a: does not qualify; 1.0 s; peak memory 927 MiB.
2026-10-10T13:27:37Z INFO [1410/1496] cba15633-341b-4f18-959a-3d89d7f73edb: does not qualify; 1.1 s; peak memory 927 MiB.
2026-10-10T13:27:38Z INFO [1411/1496] cba22cef-8940-4cbb-9ff7-510545c9c440: does not qualify; 0.8 s; peak memory 927 MiB.
2026-10-10T13:27:39Z INFO [1412/1496] cba26028-f47c-44c3-be23-69de6a68b1d8: does not qualify; 0.8 s; peak memory 927 MiB.
2026-10-10T13:27:40Z INFO [1413/1496] cba340e3-d438-4ecd-a806-755158371df5: does not qualify; 1.0 s; peak memory 927 MiB.
2026-10-10T13:27:41Z INFO [1414/1496] cba37e42-6609-42ae-b314-97f5c3d068a5: does not qualify; 1.2 s; peak memory 927 MiB.
2026-10-10T13:27:42Z INFO [1415/1496] cba3ffd6-b036-4746-bc5c-66b58158a2d9: does not qualify; 0.7 s; peak memory 927 MiB.
2026-10-10T13:27:43Z INFO [1416/1496] cba4e4e9-d682-42a2-93a0-c874bd10a9ca: does not qualify; 1.2 s; peak memory 927 MiB.
2026-10-10T13:27:44Z INFO [1417/1496] cba59e02-558b-43ba-a51f-c5d05a9f19b2: does not qualify; 1.4 s; peak memory 927 MiB.
2026-10-10T13:27:45Z INFO [1418/1496] cba6e1b8-28b6-4105-b0b6-c52496459624: does not qualify; 0.7 s; peak memory 927 MiB.
2026-10-10T13:27:49Z INFO [1419/1496] cba7dc27-f800-41a1-ba87-0c491a91f51c: does not qualify; 4.3 s; peak memory 927 MiB.
2026-10-10T13:27:50Z INFO [1420/1496] cba8315a-e2c0-44ad-85b0-d9f73c372693: does not qualify; 0.9 s; peak memory 927 MiB.
2026-10-10T13:27:52Z INFO [1421/1496] cba9bc99-0dd5-4bf8-8f74-4eeb6e76e031: does not qualify; 2.0 s; peak memory 927 MiB.
2026-10-10T13:27:53Z INFO [1422/1496] cba9dc90-9379-43df-9e75-1bb1d0619a7b: does not qualify; 0.9 s; peak memory 927 MiB.
2026-10-10T13:27:54Z INFO [1423/1496] cbaa4a4a-c7c6-47d6-9b5e-c63495737207: does not qualify; 0.7 s; peak memory 927 MiB.
2026-10-10T13:27:54Z INFO [1424/1496] cbabd6e4-485a-4cd2-af99-60f74c49ec29: does not qualify; 0.7 s; peak memory 927 MiB.
2026-10-10T13:27:56Z INFO [1425/1496] cbac31e5-934b-47c1-b5d1-a4733f9caadf: does not qualify; 1.2 s; peak memory 927 MiB.
2026-10-10T13:27:57Z INFO [1426/1496] cbac3af8-7652-408b-b5ad-73aedac709dd: does not qualify; 1.0 s; peak memory 927 MiB.
2026-10-10T13:27:58Z INFO [1427/1496] cbad4749-d108-4d29-914d-5685f570334f: does not qualify; 1.3 s; peak memory 927 MiB.
2026-10-10T13:27:59Z INFO [1428/1496] cbad6402-c82a-4fa2-8222-f2074dd4fb37: does not qualify; 1.1 s; peak memory 927 MiB.
2026-10-10T13:28:00Z INFO [1429/1496] cbad687f-c108-43f7-9f45-aa1c0f0981a4: does not qualify; 0.9 s; peak memory 927 MiB.
2026-10-10T13:28:02Z INFO [1430/1496] cbad6ff2-995e-4a04-8b47-79e56425ec50: qualifies; 1.9 s; peak memory 927 MiB.
2026-10-10T13:28:05Z INFO [1431/1496] cbad8c1e-339e-4700-aabb-f40e30547020: does not qualify; 3.4 s; peak memory 927 MiB.
2026-10-10T13:28:06Z INFO [1432/1496] cbae1add-7722-4f4d-84fb-74adaafca549: does not qualify; 1.0 s; peak memory 927 MiB.
2026-10-10T13:28:07Z INFO [1433/1496] cbaf085b-18a3-4554-bf24-59e56df553ef: does not qualify; 1.0 s; peak memory 927 MiB.
2026-10-10T13:28:08Z INFO [1434/1496] cbb01868-1c31-42cb-9c92-c0527b3501a4: does not qualify; 1.3 s; peak memory 927 MiB.
2026-10-10T13:28:10Z INFO [1435/1496] cbb02831-3a39-42d4-9845-4820fd879a44: does not qualify; 1.9 s; peak memory 927 MiB.
2026-10-10T13:28:11Z INFO [1436/1496] cbb0650b-37b3-4c0d-9bd5-ca5a3703ee35: does not qualify; 1.1 s; peak memory 927 MiB.
2026-10-10T13:28:12Z INFO [1437/1496] cbb07bb9-d30a-4464-a7df-48929dab2b20: does not qualify; 1.0 s; peak memory 927 MiB.
2026-10-10T13:28:21Z INFO [1438/1496] cbb0932f-d771-46a6-8e14-795fc422d1a1: does not qualify; 9.1 s; peak memory 927 MiB.
2026-10-10T13:28:23Z INFO [1439/1496] cbb13149-5732-436a-b801-2c75e1ebac7a: does not qualify; 1.1 s; peak memory 927 MiB.
2026-10-10T13:28:24Z INFO [1440/1496] cbb36e2a-971e-4265-b98c-db0ebba880ba: does not qualify; 1.1 s; peak memory 927 MiB.
2026-10-10T13:28:25Z INFO [1441/1496] cbb40ded-25d9-4f67-ab4f-5d4382684aa9: does not qualify; 0.9 s; peak memory 927 MiB.
2026-10-10T13:28:25Z INFO [1442/1496] cbb453e7-8da8-4349-b5f1-f848cf347f31: does not qualify; 0.8 s; peak memory 927 MiB.
2026-10-10T13:28:26Z INFO [1443/1496] cbb50ba7-3f12-46a1-b93f-231e62176d26: does not qualify; 0.9 s; peak memory 927 MiB.
2026-10-10T13:28:27Z INFO [1444/1496] cbb52bad-cd5e-4a31-8cb7-158c7a98559f: does not qualify; 0.8 s; peak memory 927 MiB.
2026-10-10T13:28:28Z INFO [1445/1496] cbb5dbe2-32ad-4439-82d8-b4328b209f21: does not qualify; 1.4 s; peak memory 927 MiB.
2026-10-10T13:28:29Z INFO [1446/1496] cbb68c2d-3fd8-4722-b81c-3da778f0f38f: does not qualify; 0.8 s; peak memory 927 MiB.
2026-10-10T13:28:31Z INFO [1447/1496] cbb6990e-8d7c-465f-b6fc-dca1cd04477d: does not qualify; 1.5 s; peak memory 927 MiB.
2026-10-10T13:28:32Z INFO [1448/1496] cbb6a1bf-9eed-4937-9d82-141fd0b643f5: does not qualify; 0.8 s; peak memory 927 MiB.
2026-10-10T13:28:32Z INFO [1449/1496] cbb6d89b-3e7f-4d99-8e19-13b8cfb92d74: does not qualify; 0.8 s; peak memory 927 MiB.
2026-10-10T13:28:33Z INFO [1450/1496] cbb7c208-624c-4013-8efb-d7e98ae5f5dc: does not qualify; 0.6 s; peak memory 927 MiB.
2026-10-10T13:28:33Z INFO [1450/1496] cbb7c208-624c-4013-8efb-d7e98ae5f5dc: checkpointed 126852 new records.
2026-10-10T13:28:34Z INFO [1451/1496] cbb95e05-7d69-4468-b2b0-271d23beb260: does not qualify; 1.0 s; peak memory 927 MiB.
2026-10-10T13:28:36Z INFO [1452/1496] cbb961dd-daab-48ab-b2d7-99ce83ebb70f: does not qualify; 1.4 s; peak memory 927 MiB.
2026-10-10T13:28:37Z INFO [1453/1496] cbb99cfe-2d76-4871-b440-f72e2b41affb: does not qualify; 1.0 s; peak memory 927 MiB.
2026-10-10T13:28:38Z INFO [1454/1496] cbbaaeaf-3199-4036-8161-5ebf0bf6e468: does not qualify; 1.1 s; peak memory 927 MiB.
2026-10-10T13:28:39Z INFO [1455/1496] cbbaf992-cd20-471e-9bfa-acf2f779d9af: does not qualify; 1.3 s; peak memory 927 MiB.
2026-10-10T13:28:40Z INFO [1456/1496] cbbc08e2-6a34-4e9e-b5c0-038230af1e1d: does not qualify; 0.7 s; peak memory 927 MiB.
2026-10-10T13:28:41Z INFO [1457/1496] cbbccb19-d571-4656-bab0-d72bd45866f6: does not qualify; 0.8 s; peak memory 927 MiB.
2026-10-10T13:28:42Z INFO [1458/1496] cbbcd87d-6619-417b-ba12-2a6d51381665: does not qualify; 1.2 s; peak memory 927 MiB.
2026-10-10T13:28:43Z INFO [1459/1496] cbbea588-6683-4d41-ad30-778e0d7e0917: does not qualify; 0.9 s; peak memory 927 MiB.
2026-10-10T13:28:44Z INFO [1460/1496] cbbec80c-73d0-4913-8682-7e74eda22521: does not qualify; 1.0 s; peak memory 927 MiB.
2026-10-10T13:28:47Z INFO [1461/1496] cbbeefef-f9b5-4252-bd9b-5032fab8d3c8: does not qualify; 3.5 s; peak memory 927 MiB.
2026-10-10T13:28:48Z INFO [1462/1496] cbbfa226-008a-4c1d-81af-a0c8c28c2875: does not qualify; 1.2 s; peak memory 927 MiB.
2026-10-10T13:29:51Z INFO [1463/1496] cbc06a0e-f447-4cfc-b2ea-2e7f613196e4: qualifies; 62.6 s; peak memory 4694 MiB.
2026-10-10T13:29:52Z INFO [1464/1496] cbc0fa38-0199-44a4-bc67-f4a2e55fda73: does not qualify; 1.3 s; peak memory 4694 MiB.
2026-10-10T13:29:53Z INFO [1465/1496] cbc1fe79-8511-49d2-8f73-7f4c14792a41: does not qualify; 0.7 s; peak memory 4694 MiB.
2026-10-10T13:29:56Z INFO [1466/1496] cbc28afc-13af-416c-9054-03cd40390af7: does not qualify; 3.4 s; peak memory 4694 MiB.
2026-10-10T13:29:57Z INFO [1467/1496] cbc29c6d-dc02-4463-b08b-d98eb351f141: does not qualify; 0.9 s; peak memory 4694 MiB.
2026-10-10T13:30:22Z INFO [1468/1496] cbc32234-0b5f-4170-a04c-9e0b21d452a6: does not qualify; 24.3 s; peak memory 4694 MiB.
2026-10-10T13:30:26Z INFO [1469/1496] cbc36e4f-f23f-4376-b03a-60472fe5bd1e: does not qualify; 4.5 s; peak memory 4694 MiB.
2026-10-10T13:30:27Z INFO [1470/1496] cbc3d0fc-148f-4709-819b-4d921e30765d: does not qualify; 1.2 s; peak memory 4694 MiB.
2026-10-10T13:30:29Z INFO [1471/1496] cbc43eee-045c-4b74-b09f-b928797841f8: does not qualify; 1.4 s; peak memory 4694 MiB.
2026-10-10T13:30:30Z INFO [1472/1496] cbc4b39c-fd28-4bd3-ba13-dba37f8de7c3: does not qualify; 1.5 s; peak memory 4694 MiB.
2026-10-10T13:30:32Z INFO [1473/1496] cbc67a5e-5743-4213-86e7-f42402647a2c: does not qualify; 1.9 s; peak memory 4694 MiB.
2026-10-10T13:30:33Z INFO [1474/1496] cbc6aa7e-e7f0-49f7-973f-990e3e7acfbb: does not qualify; 0.9 s; peak memory 4694 MiB.
2026-10-10T13:30:37Z INFO [1475/1496] cbc789bf-eabb-4b7c-aa20-48adc83515cf: does not qualify; 3.8 s; peak memory 4694 MiB.
2026-10-10T13:30:41Z INFO [1476/1496] cbc78cd8-a372-4a20-9ce3-3fc8496bb97b: does not qualify; 3.9 s; peak memory 4694 MiB.
2026-10-10T13:30:42Z INFO [1477/1496] cbc797d0-8348-4b35-b347-aa2971dd1841: does not qualify; 1.2 s; peak memory 4694 MiB.
2026-10-10T13:30:47Z INFO [1478/1496] cbc7c441-51b6-4163-a029-4531de160b57: does not qualify; 5.0 s; peak memory 4694 MiB.
2026-10-10T13:30:48Z INFO [1479/1496] cbc7f031-14ba-4037-85e4-b754f50f7448: does not qualify; 1.4 s; peak memory 4694 MiB.
2026-10-10T13:30:49Z INFO [1480/1496] cbca4bd8-9b57-4821-b1cc-54fb31ec293a: does not qualify; 1.2 s; peak memory 4694 MiB.
2026-10-10T13:30:51Z INFO [1481/1496] cbcb25e2-8ce8-4a49-bc13-90764c156f46: does not qualify; 1.4 s; peak memory 4694 MiB.
2026-10-10T13:30:52Z INFO [1482/1496] cbcb3446-ba86-4877-8d68-fc00c591807f: does not qualify; 1.6 s; peak memory 4694 MiB.
2026-10-10T13:30:54Z INFO [1483/1496] cbcbeeaf-f763-4244-a11e-148901460117: does not qualify; 1.4 s; peak memory 4694 MiB.
2026-10-10T13:30:55Z INFO [1484/1496] cbcc0b4d-dd76-4423-940d-98f39c710ef6: does not qualify; 1.6 s; peak memory 4694 MiB.
2026-10-10T13:30:56Z INFO [1485/1496] cbcc5df4-5718-4bb0-af8c-000811c94aed: does not qualify; 0.8 s; peak memory 4694 MiB.
2026-10-10T13:30:57Z INFO [1486/1496] cbcdedba-7b02-4114-a515-56a911499145: does not qualify; 0.8 s; peak memory 4694 MiB.
2026-10-10T13:30:59Z INFO [1487/1496] cbce349f-efa3-4078-bd82-6d47155db534: does not qualify; 1.9 s; peak memory 4694 MiB.
2026-10-10T13:31:00Z INFO [1488/1496] cbcf42bb-4c6b-492f-8030-564bc5d985a8: does not qualify; 0.8 s; peak memory 4694 MiB.
2026-10-10T13:31:01Z INFO [1489/1496] cbcf6892-5d1b-4443-9e64-907583971af4: does not qualify; 1.1 s; peak memory 4694 MiB.
2026-10-10T13:31:02Z INFO [1490/1496] cbcfb962-990b-4209-851f-f7d744bcd8a0: does not qualify; 0.7 s; peak memory 4694 MiB.
2026-10-10T13:31:03Z INFO [1491/1496] cbd06c92-ba75-469c-9fef-ab357c96e4c6: does not qualify; 1.1 s; peak memory 4694 MiB.
2026-10-10T13:31:03Z INFO [1492/1496] cbd07be0-ce71-4ef2-af27-9984ee85684a: does not qualify; 0.7 s; peak memory 4694 MiB.
2026-10-10T13:31:04Z INFO [1493/1496] cbd1234e-f9b8-46d3-b7fd-10711a758587: does not qualify; 1.0 s; peak memory 4694 MiB.
2026-10-10T13:31:12Z INFO [1494/1496] cbd19129-b9fa-4d9a-8752-99a419ee7c7e: does not qualify; 8.1 s; peak memory 4694 MiB.
2026-10-10T13:31:14Z INFO [1495/1496] cbd194d7-c22c-44fd-9d69-f03c36dee99a: qualifies; 1.7 s; peak memory 4694 MiB.
2026-10-10T13:31:15Z INFO [1496/1496] cbd1a50d-ad82-42e7-8744-e7113e2b2cd6: does not qualify; 0.9 s; peak memory 4694 MiB.
2026-10-10T13:31:15Z INFO Wrote 126898 records to /tmp/derivatives/qualifying_lfp_content_ids.jsonl (1496 new, 0 failed) in 51.2 min (peak memory 4694 MiB).
